-2.464443e-11,2.580499e-11,-1.565729e-11,-2.228232e-11,2.261254e-11,-9.257239e-12,-9.44144e-12,-5.76937e-12,9.88297e-12,2.221436e-12,-2.000343e-11,-4.510557e-11,-2.593283e-11,-6.533353e-12,3.927091e-11,-3.120256e-11,-8.60226e-12,-1.361527e-11,-5.642238e-11,-1.170029e-11,2.98999e-11,2.928698e-11,1.529633e-11,-2.721519e-12,-2.088992e-11,1.552792e-11,4.336859e-11,-3.928703e-13,3.346513e-11,-3.396269e-11,2.183341e-11,2.563077e-11,5.378818e-11,-3.622797e-11,-4.637228e-11,3.083944e-11,-2.131783e-11,-2.248854e-11,-1.428455e-11,8.379694e-13,1.28482e-11,-3.038289e-11,5.561857e-11,2.011316e-11,-1.740218e-11,2.343728e-11,1.613468e-11,5.599344e-11,1.484688e-11,3.016452e-11,-5.478768e-11,-1.443863e-11,2.659427e-11,-5.701302e-12,2.637611e-11,2.239761e-11,2.528254e-12,-6.388993e-12,1.815234e-11,-3.05816e-11,6.27348e-12,-2.481454e-12,-5.648604e-11,-8.389723e-12,6.560746e-12,-3.747322e-11,-2.69836e-11,1.394993e-11,-3.51348e-11,1.719178e-11,-3.45615e-11,3.68791e-13,2.499635e-11,4.876208e-11,7.115255e-13,1.860534e-11,-1.670831e-11,-4.690357e-12,3.130005e-11,-4.826917e-13,-8.240555e-11,-6.106129e-12,5.820741e-11,-4.586828e-11,1.676974e-12,2.771718e-11,-4.77233e-11,2.875543e-12,-2.334169e-11,-1.127259e-11,3.158818e-11,1.999102e-11,4.495408e-12,4.639951e-11,-1.612004e-11,2.375576e-11,1.465714e-11,-1.421019e-11,-8.817577e-12,5.631378e-12,6.022272e-12,1.965853e-11,-2.322635e-11,3.46838e-12,1.283942e-11,6.846445e-12,1.782603e-11,-1.15657e-11
1.708432e-06,9.065592e-07,6.235576e-07,-5.553779e-07,-1.375448e-06,-3.830654e-06,-3.557237e-06,1.742197e-07,-2.223549e-07,-4.850247e-06,-2.231958e-06,-9.436221e-07,-1.947316e-06,-1.275844e-06,-1.183044e-06,-5.857046e-07,-4.974818e-07,-1.395562e-07,-3.214997e-07,-5.888922e-07,-1.763469e-06,-2.661512e-06,-3.267772e-06,-3.200711e-06,-3.131815e-06,-2.756527e-06,-2.559936e-06,-2.172959e-06,-2.007758e-06,-1.679566e-06,-1.555885e-06,-1.27542e-06,-1.191744e-06,-9.55837e-07,-8.981557e-07,-6.850864e-07,-6.414679e-07,-4.513357e-07,-4.217277e-07,-2.447249e-07,-2.222772e-07,-5.862862e-08,-4.329038e-08,1.119479e-07,1.249565e-07,2.742036e-07,2.891898e-07,4.384707e-07,4.546353e-07,5.986286e-07,6.158589e-07,7.595073e-07,7.768968e-07,9.090122e-07,9.178914e-07,1.047436e-06,1.058835e-06,1.176534e-06,1.178508e-06,1.291607e-06,1.298713e-06,1.408678e-06,1.408472e-06,1.508404e-06,1.512313e-06,1.610787e-06,1.606282e-06,1.690873e-06,1.680605e-06,1.754564e-06,1.73261e-06,1.787622e-06,1.751421e-06,1.784328e-06,1.724902e-06,1.73028e-06,1.646987e-06,1.613997e-06,1.485579e-06,1.395606e-06,1.21044e-06,1.049787e-06,7.935253e-07,5.614324e-07,2.616221e-07,1.987249e-08,-2.129518e-07,-2.992344e-07,-2.817484e-07,-1.708027e-07,-1.20632e-07,-8.360379e-08,-6.519362e-08,8.784663e-09,1.007058e-07,2.386337e-07,3.730455e-07,5.694469e-07,7.111495e-07,1.210351e-06,1.074333e-06,1.899219e-07,1.298448e-06,2.058833e-06,2.915978e-06,2.310197e-06,2.404145e-06,1.743758e-06
1.451632e-06,1.991761e-06,1.179388e-06,1.862252e-06,1.605166e-06,4.435838e-06,2.009366e-06,-6.844844e-06,-7.445746e-06,6.088834e-07,-4.77063e-06,-6.995266e-06,-4.275071e-06,-4.276799e-06,-2.791541e-06,-2.129021e-06,-7.299395e-07,-6.682332e-07,-4.349515e-07,-2.544147e-06,-6.406542e-06,-1.095422e-05,-1.261567e-05,-1.314883e-05,-1.212698e-05,-1.134513e-05,-9.906339e-06,-9.044579e-06,-7.736473e-06,-7.029289e-06,-5.953579e-06,-5.429005e-06,-4.534608e-06,-4.126191e-06,-3.360607e-06,-3.041045e-06,-2.369239e-06,-2.096878e-06,-1.487515e-06,-1.259947e-06,-7.088072e-07,-5.11106e-07,-3.027081e-10,1.784604e-07,6.637716e-07,8.416819e-07,1.313791e-06,1.494452e-06,1.963287e-06,2.156363e-06,2.614114e-06,2.796731e-06,3.229928e-06,3.408921e-06,3.822498e-06,3.973125e-06,4.344621e-06,4.488333e-06,4.84752e-06,4.978589e-06,5.305506e-06,5.42729e-06,5.7489e-06,5.873251e-06,6.161798e-06,6.26268e-06,6.529192e-06,6.613715e-06,6.833482e-06,6.8738e-06,7.035471e-06,7.023451e-06,7.106496e-06,7.020908e-06,7.013299e-06,6.829704e-06,6.686987e-06,6.36522e-06,6.048057e-06,5.525071e-06,4.945985e-06,4.143497e-06,3.265204e-06,2.201502e-06,1.129531e-06,4.542305e-08,-7.988104e-07,-1.281767e-06,-1.166265e-06,-8.130204e-07,-5.845395e-07,-5.896762e-07,-5.977842e-07,-4.397633e-07,-1.934134e-07,1.261011e-07,4.630571e-07,7.69207e-07,1.153754e-06,9.124843e-07,1.835414e-06,4.213253e-06,2.629355e-06,1.652195e-06,2.809751e-07,1.575478e-06,1.234665e-06,2.118989e-06
8.15062e-06,5.168223e-06,3.423996e-06,-1.038061e-06,-4.649697e-06,-1.296754e-05,-1.349865e-05,-3.988409e-06,-6.049298e-06,-1.986884e-05,-1.262895e-05,-8.759244e-06,-1.109017e-05,-8.283603e-06,-6.872892e-06,-3.918326e-06,-2.586289e-06,-1.0495e-06,-1.768917e-06,-5.451267e-06,-1.576136e-05,-2.515227e-05,-2.98102e-05,-2.992938e-05,-2.845253e-05,-2.574457e-05,-2.325582e-05,-2.043691e-05,-1.825363e-05,-1.5893e-05,-1.41594e-05,-1.222609e-05,-1.087921e-05,-9.287478e-06,-8.203404e-06,-6.817931e-06,-5.901242e-06,-4.678774e-06,-3.89631e-06,-2.785599e-06,-2.098724e-06,-1.084758e-06,-4.741397e-07,4.792602e-07,1.052669e-06,1.976518e-06,2.54682e-06,3.47438e-06,4.048267e-06,4.963856e-06,5.532477e-06,6.436173e-06,6.98118e-06,7.824993e-06,8.308693e-06,9.111024e-06,9.563792e-06,1.030144e-05,1.069595e-05,1.13985e-05,1.178559e-05,1.246408e-05,1.281113e-05,1.34446e-05,1.377912e-05,1.438256e-05,1.46548e-05,1.517494e-05,1.53723e-05,1.579621e-05,1.587752e-05,1.615566e-05,1.608705e-05,1.618159e-05,1.590573e-05,1.576428e-05,1.523152e-05,1.47589e-05,1.382389e-05,1.28633e-05,1.137831e-05,9.781271e-06,7.635879e-06,5.413901e-06,2.84366e-06,5.319279e-07,-1.511271e-06,-2.479165e-06,-2.307559e-06,-1.386456e-06,-9.169132e-07,-7.561089e-07,-6.84085e-07,-2.670549e-07,2.874052e-07,1.083298e-06,1.878081e-06,2.909771e-06,3.768185e-06,5.690154e-06,5.756672e-06,3.692242e-06,7.243088e-06,9.749684e-06,1.239467e-05,1.075263e-05,1.091132e-05,8.75785e-06
4.898634e-06,5.501135e-06,3.335707e-06,3.956604e-06,2.656041e-06,7.280888e-06,1.760591e-06,-1.607421e-05,-1.785879e-05,-2.671777e-06,-1.320159e-05,-1.740635e-05,-1.180047e-05,-1.123362e-05,-7.63327e-06,-5.552786e-06,-2.159596e-06,-1.716295e-06,-1.75678e-06,-1.100797e-05,-3.035228e-05,-4.91703e-05,-5.581876e-05,-5.663876e-05,-5.241723e-05,-4.835544e-05,-4.269118e-05,-3.852106e-05,-3.3497e-05,-3.00795e-05,-2.599908e-05,-2.336185e-05,-2.00271e-05,-1.792362e-05,-1.511047e-05,-1.33835e-05,-1.093627e-05,-9.440644e-06,-7.249582e-06,-5.947548e-06,-3.977007e-06,-2.81572e-06,-1.002342e-06,7.121193e-08,1.792901e-06,2.848864e-06,4.533993e-06,5.602222e-06,7.283229e-06,8.382455e-06,1.003201e-05,1.109697e-05,1.266577e-05,1.3688e-05,1.516795e-05,1.608698e-05,1.743114e-05,1.829494e-05,1.957275e-05,2.038232e-05,2.156661e-05,2.233888e-05,2.348881e-05,2.42464e-05,2.529966e-05,2.597787e-05,2.693787e-05,2.752704e-05,2.831652e-05,2.87299e-05,2.929269e-05,2.947831e-05,2.973551e-05,2.961043e-05,2.949403e-05,2.895758e-05,2.831177e-05,2.719504e-05,2.5825e-05,2.386009e-05,2.143354e-05,1.831404e-05,1.465895e-05,1.043128e-05,5.947316e-06,1.529882e-06,-2.165387e-06,-4.311262e-06,-4.082455e-06,-2.474064e-06,-1.526523e-06,-1.470311e-06,-1.475746e-06,-1.038279e-06,-3.776478e-07,4.979422e-07,1.410108e-06,2.304016e-06,3.335602e-06,3.188155e-06,5.263046e-06,1.015805e-05,7.336714e-06,5.668724e-06,3.139749e-06,5.698178e-06,4.970607e-06,6.510362e-06
1.341433e-05,8.588247e-06,5.680296e-06,-1.551814e-06,-7.475959e-06,-2.083629e-05,-2.188861e-05,-7.005397e-06,-1.038131e-05,-3.237491e-05,-2.096792e-05,-1.477812e-05,-1.840384e-05,-1.38253e-05,-1.14186e-05,-6.547798e-06,-4.273842e-06,-1.788369e-06,-4.175781e-06,-2.137714e-05,-5.936929e-05,-8.725393e-05,-9.669721e-05,-9.461452e-05,-8.810491e-05,-7.96185e-05,-7.137921e-05,-6.317814e-05,-5.616611e-05,-4.943442e-05,-4.387488e-05,-3.844879e-05,-3.407063e-05,-2.963546e-05,-2.606172e-05,-2.224736e-05,-1.919956e-05,-1.584761e-05,-1.320458e-05,-1.018271e-05,-7.841149e-06,-5.091294e-06,-2.980011e-06,-3.979812e-07,1.598016e-06,4.111289e-06,6.091307e-06,8.622732e-06,1.061548e-05,1.313861e-05,1.511347e-05,1.760149e-05,1.949672e-05,2.183884e-05,2.356663e-05,2.577811e-05,2.738563e-05,2.943436e-05,3.088993e-05,3.284292e-05,3.424946e-05,3.613994e-05,3.745135e-05,3.924442e-05,4.049827e-05,4.220237e-05,4.329123e-05,4.478576e-05,4.565082e-05,4.687182e-05,4.739841e-05,4.821432e-05,4.829378e-05,4.858536e-05,4.806093e-05,4.766977e-05,4.636754e-05,4.501487e-05,4.253593e-05,3.977042e-05,3.565818e-05,3.103252e-05,2.496863e-05,1.850001e-05,1.10813e-05,4.135126e-06,-2.236087e-06,-5.950075e-06,-6.243878e-06,-3.384146e-06,-1.643334e-06,-1.277049e-06,-1.160384e-06,-4.697505e-07,4.519028e-07,1.772178e-06,3.092899e-06,4.797852e-06,6.226447e-06,9.346465e-06,9.51928e-06,6.315863e-06,1.20072e-05,1.602548e-05,2.025216e-05,1.766824e-05,1.790292e-05,1.445394e-05
5.994543e-06,7.050916e-06,4.256035e-06,5.452542e-06,3.981562e-06,1.087539e-05,3.453455e-06,-2.140224e-05,-2.371718e-05,-2.067785e-06,-1.685711e-05,-2.289067e-05,-1.511611e-05,-1.455715e-05,-9.804252e-06,-7.202947e-06,-2.718478e-06,-2.297216e-06,-5.845553e-06,-4.614253e-05,-0.0001078547,-0.0001449348,-0.0001508996,-0.0001460036,-0.0001329607,-0.0001210863,-0.0001070427,-9.617207e-05,-8.427016e-05,-7.554913e-05,-6.601469e-05,-5.924535e-05,-5.152365e-05,-4.609651e-05,-3.962686e-05,-3.512036e-05,-2.951605e-05,-2.560021e-05,-2.061062e-05,-1.716834e-05,-1.268936e-05,-9.597058e-06,-5.482096e-06,-2.603402e-06,1.309677e-06,4.141052e-06,7.989715e-06,1.08592e-05,1.47152e-05,1.765134e-05,2.145382e-05,2.432417e-05,2.795922e-05,3.07121e-05,3.413529e-05,3.665856e-05,3.979351e-05,4.216801e-05,4.513742e-05,4.738717e-05,5.017335e-05,5.234406e-05,5.504907e-05,5.717705e-05,5.96976e-05,6.166595e-05,6.397833e-05,6.573409e-05,6.767488e-05,6.903441e-05,7.046132e-05,7.128456e-05,7.201234e-05,7.210363e-05,7.19526e-05,7.107071e-05,6.969176e-05,6.743409e-05,6.434213e-05,6.007322e-05,5.45107e-05,4.752622e-05,3.906561e-05,2.941462e-05,1.884568e-05,8.341415e-06,-1.23341e-06,-7.871174e-06,-9.601694e-06,-5.768353e-06,-2.298754e-06,-1.931757e-06,-1.952794e-06,-1.386912e-06,-5.432705e-07,5.861029e-07,1.751451e-06,2.886699e-06,4.208555e-06,3.865737e-06,6.664589e-06,1.346318e-05,9.35151e-06,6.915555e-06,3.273096e-06,6.869847e-06,5.869726e-06,8.130452e-06
1.583029e-05,9.906213e-06,6.56812e-06,-2.291211e-06,-9.413398e-06,-2.613944e-05,-2.688355e-05,-6.853464e-06,-1.073719e-05,-3.915038e-05,-2.420626e-05,-1.612366e-05,-2.119138e-05,-1.564188e-05,-1.312124e-05,-7.357975e-06,-4.970225e-06,-2.183056e-06,-1.58636e-05,-9.785904e-05,-0.0001835802,-0.000217912,-0.0002190336,-0.0002060074,-0.0001879442,-0.0001689107,-0.0001508182,-0.0001339736,-0.0001191481,-0.0001056111,-9.393854e-05,-8.31318e-05,-7.390884e-05,-6.510856e-05,-5.754832e-05,-5.002354e-05,-4.356143e-05,-3.696304e-05,-3.133086e-05,-2.54023e-05,-2.039476e-05,-1.500233e-05,-1.045976e-05,-5.391468e-06,-1.078607e-06,3.875208e-06,8.160999e-06,1.316944e-05,1.74958e-05,2.252357e-05,2.682614e-05,3.1797e-05,3.594325e-05,4.065599e-05,4.448452e-05,4.893547e-05,5.250441e-05,5.665685e-05,5.994211e-05,6.391694e-05,6.709119e-05,7.095999e-05,7.397545e-05,7.769492e-05,8.05969e-05,8.415934e-05,8.67661e-05,8.996075e-05,9.21379e-05,9.481572e-05,9.63369e-05,9.824341e-05,9.888053e-05,9.976757e-05,9.921174e-05,9.875595e-05,9.663532e-05,9.428065e-05,8.982242e-05,8.467975e-05,7.695957e-05,6.813325e-05,5.651064e-05,4.398012e-05,2.9437e-05,1.545495e-05,1.784422e-06,-8.007264e-06,-1.275865e-05,-8.916398e-06,-2.74307e-06,-1.407394e-06,-1.270703e-06,-4.615074e-07,5.803609e-07,2.10762e-06,3.608143e-06,5.601935e-06,7.221074e-06,1.105142e-05,1.102609e-05,6.608429e-06,1.384691e-05,1.892504e-05,2.434362e-05,2.094395e-05,2.129159e-05,1.694452e-05
5.470728e-06,7.244645e-06,4.278633e-06,6.461863e-06,5.328835e-06,1.463264e-05,6.178373e-06,-2.372116e-05,-2.620945e-05,9.620027e-07,-1.718906e-05,-2.471985e-05,-1.551348e-05,-1.522421e-05,-1.013148e-05,-7.507341e-06,-2.674477e-06,-3.131485e-06,-4.083067e-05,-0.00018624,-0.000273693,-0.0003025411,-0.0002928801,-0.0002742826,-0.0002470236,-0.0002235777,-0.0001979794,-0.0001779092,-0.0001568502,-0.0001409581,-0.0001242235,-0.0001118618,-9.83676e-05,-8.843152e-05,-7.716484e-05,-6.887696e-05,-5.914282e-05,-5.193141e-05,-4.329155e-05,-3.69256e-05,-2.917591e-05,-2.343372e-05,-1.631342e-05,-1.094266e-05,-4.156912e-06,1.13943e-06,7.842643e-06,1.323066e-05,1.997786e-05,2.54992e-05,3.218849e-05,3.762723e-05,4.40581e-05,4.929542e-05,5.53656e-05,6.022326e-05,6.58204e-05,7.041306e-05,7.572084e-05,8.010957e-05,8.513642e-05,8.941178e-05,9.43149e-05,9.853508e-05,0.0001031735,0.0001071671,0.0001114799,0.0001151352,0.0001188526,0.0001218653,0.0001247301,0.0001268407,0.0001285267,0.0001293909,0.0001295659,0.0001287575,0.0001268249,0.0001236406,0.0001187383,0.0001120724,0.0001029014,9.154003e-05,7.731823e-05,6.124961e-05,4.310781e-05,2.496721e-05,7.237807e-06,-6.719576e-06,-1.528532e-05,-1.393454e-05,-5.063076e-06,-2.102114e-06,-2.161814e-06,-1.527491e-06,-7.054932e-07,5.085243e-07,1.656236e-06,2.834863e-06,4.148967e-06,3.49074e-06,6.629354e-06,1.48154e-05,9.445894e-06,6.320678e-06,1.64164e-06,6.087975e-06,4.860084e-06,7.871206e-06
1.692704e-05,1.043754e-05,6.835129e-06,-2.908335e-06,-1.083754e-05,-2.971794e-05,-3.010874e-05,-5.718978e-06,-9.87881e-06,-4.300394e-05,-2.546651e-05,-1.573825e-05,-2.221521e-05,-1.596318e-05,-1.371687e-05,-7.44038e-06,-5.116055e-06,-5.181782e-06,-0.0001119503,-0.0002969418,-0.0003766794,-0.0003923857,-0.0003750978,-0.0003459664,-0.0003131339,-0.0002810562,-0.0002512333,-0.0002240135,-0.0002000285,-0.0001783432,-0.0001595278,-0.0001422558,-0.0001273764,-0.0001133084,-0.000101103,-8.909368e-05,-7.866575e-05,-6.81381e-05,-5.904117e-05,-4.958985e-05,-4.149384e-05,-3.288804e-05,-2.552181e-05,-1.741724e-05,-1.039865e-05,-2.447697e-06,4.554556e-06,1.262444e-05,1.973168e-05,2.788355e-05,3.499494e-05,4.309256e-05,4.998766e-05,5.772108e-05,6.414633e-05,7.147784e-05,7.749173e-05,8.43785e-05,8.996963e-05,9.6597e-05,0.0001020204,0.0001085138,0.0001137349,0.0001200555,0.0001251343,0.0001312612,0.0001359403,0.0001415676,0.0001456256,0.0001505047,0.0001535853,0.0001573195,0.0001590522,0.0001612413,0.0001611382,0.0001612667,0.0001587257,0.0001559221,0.0001497468,0.0001426245,0.0001313494,0.0001184877,0.0001010642,8.231689e-05,5.998892e-05,3.831173e-05,1.592477e-05,-1.7583e-06,-1.492006e-05,-1.702647e-05,-8.790331e-06,-1.508381e-06,-1.314619e-06,-3.481007e-07,6.225914e-07,2.327265e-06,3.772226e-06,5.989991e-06,7.549488e-06,1.192789e-05,1.153708e-05,6.179864e-06,1.44366e-05,2.036396e-05,2.655932e-05,2.263218e-05,2.297143e-05,1.811438e-05
4.74318e-06,7.232763e-06,4.115752e-06,7.241425e-06,6.38224e-06,1.766492e-05,8.479804e-06,-2.499905e-05,-2.768404e-05,3.742455e-06,-1.688208e-05,-2.562637e-05,-1.530642e-05,-1.542029e-05,-9.912752e-06,-7.77679e-06,-2.021737e-06,-1.563426e-05,-0.0002287462,-0.0004183738,-0.0004822749,-0.0004877391,-0.0004586886,-0.0004224203,-0.0003802384,-0.0003428825,-0.0003055762,-0.0002745527,-0.0002443356,-0.0002198314,-0.0001959553,-0.0001767742,-0.0001576008,-0.000142092,-0.0001261442,-0.0001131398,-9.940369e-05,-8.806271e-05,-7.590196e-05,-6.585864e-05,-5.496006e-05,-4.587511e-05,-3.585165e-05,-2.733571e-05,-1.774401e-05,-9.345024e-06,2.00497e-07,8.752259e-06,1.844636e-05,2.721799e-05,3.691822e-05,4.560746e-05,5.501244e-05,6.341871e-05,7.234827e-05,8.021233e-05,8.850375e-05,9.596917e-05,0.0001038664,0.0001110397,0.0001185881,0.0001256212,0.0001330482,0.0001400376,0.0001471768,0.0001539066,0.0001606636,0.0001669655,0.0001729611,0.000178405,0.0001832576,0.0001874547,0.0001906841,0.0001931308,0.000194239,0.0001943123,0.0001924431,0.0001891267,0.0001830237,0.0001747178,0.0001625046,0.000147437,0.0001278993,0.0001058831,8.029764e-05,5.449017e-05,2.796509e-05,5.570305e-06,-1.223786e-05,-1.897548e-05,-1.446072e-05,-2.768386e-06,-2.372882e-06,-1.558494e-06,-9.031709e-07,4.701325e-07,1.442845e-06,2.736362e-06,3.879003e-06,3.063999e-06,6.295679e-06,1.56136e-05,9.129723e-06,5.60086e-06,-3.499866e-09,5.193567e-06,3.688552e-06,7.408396e-06
1.778758e-05,1.070709e-05,7.139483e-06,-3.464327e-06,-1.172231e-05,-3.240412e-05,-3.224123e-05,-5.080985e-06,-8.946744e-06,-4.597103e-05,-2.607176e-05,-1.570092e-05,-2.249059e-05,-1.663375e-05,-1.348012e-05,-8.147051e-06,-4.574069e-06,-5.660866e-05,-0.0003752748,-0.0005417499,-0.0005970201,-0.0005827183,-0.0005483998,-0.0004978745,-0.0004525923,-0.0004040519,-0.0003646999,-0.000324493,-0.0002932426,-0.0002612348,-0.0002368823,-0.0002112702,-0.0001921109,-0.0001711372,-0.0001554871,-0.0001375559,-0.0001242215,-0.0001084971,-9.687357e-05,-8.277725e-05,-7.242209e-05,-5.960327e-05,-5.013866e-05,-3.809839e-05,-2.899289e-05,-1.721863e-05,-8.001396e-06,3.911122e-06,1.342651e-05,2.546063e-05,3.513882e-05,4.710359e-05,5.662185e-05,6.808907e-05,7.707866e-05,8.796096e-05,9.645882e-05,0.0001066999,0.000114701,0.0001245574,0.0001324059,0.0001420744,0.0001497655,0.0001592331,0.0001668565,0.0001761045,0.0001833365,0.0001919736,0.0001985093,0.0002061894,0.0002115406,0.0002177251,0.0002213769,0.0002255132,0.0002267986,0.000228183,0.0002262778,0.0002237339,0.0002170322,0.000208683,0.000195177,0.000179052,0.0001572178,0.0001329102,0.0001039952,7.475383e-05,4.404434e-05,1.738008e-05,-5.284429e-06,-1.690072e-05,-1.715825e-05,-4.040067e-06,-1.379397e-06,-3.091777e-07,6.751304e-07,2.430879e-06,3.910629e-06,6.194668e-06,7.793738e-06,1.246342e-05,1.190254e-05,5.739428e-06,1.48675e-05,2.126282e-05,2.817047e-05,2.372347e-05,2.421931e-05,1.883495e-05
4.652817e-06,6.92992e-06,4.440092e-06,7.436392e-06,7.568472e-06,1.931363e-05,1.051003e-05,-2.64134e-05,-2.835109e-05,4.983179e-06,-1.616055e-05,-2.707469e-05,-1.459144e-05,-1.638526e-05,-9.105009e-06,-8.378835e-06,-2.98781e-06,-0.0001673406,-0.0005258807,-0.0006680583,-0.0007094043,-0.0006790708,-0.0006352041,-0.0005748047,-0.0005223674,-0.0004669922,-0.00042205,-0.0003769833,-0.0003409931,-0.0003053256,-0.0002770996,-0.0002489103,-0.0002263822,-0.0002034046,-0.0001847412,-0.0001653821,-0.0001493264,-0.0001324458,-0.0001182122,-0.000103285,-9.048422e-05,-7.703141e-05,-6.517147e-05,-5.264445e-05,-4.114298e-05,-2.890645e-05,-1.723924e-05,-4.885096e-06,7.222386e-06,1.981696e-05,3.21865e-05,4.464687e-05,5.68631e-05,6.890024e-05,8.067801e-05,9.193473e-05,0.0001030331,0.0001136697,0.000124379,0.0001345518,0.0001449586,0.0001548986,0.0001653175,0.0001751838,0.0001854417,0.0001949952,0.000204979,0.0002140094,0.0002232406,0.0002312017,0.000239181,0.0002455628,0.0002516656,0.0002558167,0.0002593943,0.0002605127,0.0002604795,0.0002572674,0.0002520175,0.000242416,0.0002295295,0.0002112052,0.0001889823,0.0001614235,0.0001309854,9.738238e-05,6.385941e-05,3.152177e-05,4.66356e-06,-1.330148e-05,-1.811336e-05,-9.345107e-06,-2.415853e-06,-1.833494e-06,-8.27161e-07,1.887606e-07,1.540464e-06,2.412234e-06,3.956391e-06,2.509726e-06,6.355049e-06,1.593184e-05,9.222573e-06,4.864102e-06,-7.958858e-07,4.315151e-06,3.257263e-06,6.819367e-06
1.899117e-05,1.053059e-05,7.938744e-06,-4.28055e-06,-1.181398e-05,-3.475054e-05,-3.327477e-05,-5.413054e-06,-7.967074e-06,-4.872668e-05,-2.628767e-05,-1.635039e-05,-2.25257e-05,-1.745805e-05,-1.366074e-05,-7.361445e-06,-1.078653e-05,-0.0003214639,-0.0006853603,-0.0007936847,-0.0008249956,-0.000772064,-0.0007233991,-0.0006479244,-0.0005936279,-0.0005268935,-0.0004811658,-0.0004268651,-0.0003909479,-0.0003477401,-0.0003199129,-0.0002852104,-0.0002633962,-0.0002348823,-0.0002170781,-0.0001927195,-0.0001775133,-0.0001562181,-0.0001428967,-0.0001239145,-0.0001119598,-9.481642e-05,-8.37664e-05,-6.780092e-05,-5.698475e-05,-4.150044e-05,-3.029678e-05,-1.472538e-05,-2.861948e-06,1.283267e-05,2.520174e-05,4.078949e-05,5.323282e-05,6.81586e-05,8.01671e-05,9.426939e-05,0.0001058262,0.0001190149,0.0001301051,0.0001427045,0.0001537634,0.0001660563,0.000177129,0.0001891542,0.0002003831,0.0002121463,0.0002231638,0.0002342077,0.0002446419,0.0002545365,0.0002637843,0.0002718653,0.0002792894,0.0002848731,0.0002896599,0.0002918852,0.0002930404,0.0002904762,0.0002860595,0.0002763975,0.0002639236,0.0002446583,0.0002220964,0.0001924087,0.0001606912,0.000123579,8.760049e-05,5.019267e-05,1.936129e-05,-5.226247e-06,-1.458861e-05,-1.135706e-05,-1.239565e-06,-7.068951e-07,1.078317e-06,2.092815e-06,4.420895e-06,5.937522e-06,8.408174e-06,1.244477e-05,1.263752e-05,5.07451e-06,1.570569e-05,2.151806e-05,2.983484e-05,2.41411e-05,2.567551e-05,1.899839e-05
5.026327e-06,6.658081e-06,5.002439e-06,7.443151e-06,8.544317e-06,2.013672e-05,1.178564e-05,-2.753059e-05,-2.91392e-05,5.548106e-06,-1.623373e-05,-2.793319e-05,-1.518726e-05,-1.600288e-05,-1.084962e-05,-5.353372e-06,-3.056091e-05,-0.0004953407,-0.0008334001,-0.0009230486,-0.0009286874,-0.000865795,-0.0008014611,-0.0007216752,-0.0006564613,-0.0005877542,-0.000533713,-0.0004787003,-0.0004357489,-0.0003923706,-0.0003586365,-0.0003243593,-0.0002972995,-0.0002693752,-0.0002468207,-0.0002233506,-0.0002038284,-0.0001834521,-0.0001660432,-0.0001481354,-0.0001323886,-0.0001163711,-0.000101693,-8.688471e-05,-7.254584e-05,-5.813276e-05,-4.343978e-05,-2.88582e-05,-1.34126e-05,1.54096e-06,1.756164e-05,3.244753e-05,4.852375e-05,6.294695e-05,7.867199e-05,9.213768e-05,0.0001071619,0.0001198131,0.0001344582,0.0001464845,0.0001608816,0.0001726005,0.0001871768,0.0001988326,0.0002134379,0.00022479,0.0002393218,0.0002501383,0.0002640433,0.0002736791,0.0002863669,0.0002942121,0.0003049485,0.0003102358,0.0003182721,0.0003200632,0.0003241532,0.0003209377,0.000319227,0.0003085682,0.0002981801,0.0002772179,0.00025596,0.0002237167,0.0001922526,0.000151377,0.0001140301,7.08429e-05,3.639737e-05,4.333031e-06,-9.644408e-06,-1.338544e-05,-2.902599e-06,-2.365767e-06,-5.292617e-07,-2.907525e-07,1.907168e-06,1.930363e-06,4.344703e-06,1.913348e-06,6.771035e-06,1.595778e-05,9.687538e-06,4.268979e-06,-8.535853e-07,3.651263e-06,3.436041e-06,6.366145e-06
1.968566e-05,1.096578e-05,8.226908e-06,-4.251884e-06,-1.235483e-05,-3.566571e-05,-3.475552e-05,-5.230404e-06,-8.594828e-06,-4.974165e-05,-2.824344e-05,-1.550178e-05,-2.500124e-05,-1.561457e-05,-1.733687e-05,-4.216719e-06,-0.0001296151,-0.0006847929,-0.0009792756,-0.0010508,-0.001028695,-0.0009545035,-0.0008756042,-0.0007898606,-0.0007164943,-0.000643955,-0.0005844482,-0.0005263855,-0.000479764,-0.0004339973,-0.0003974456,-0.0003609294,-0.0003317856,-0.0003019653,-0.0002778177,-0.0002524414,-0.0002316106,-0.0002095145,-0.0001911611,-0.000171537,-0.0001550383,-0.0001373895,-0.0001221852,-0.0001057556,-9.099663e-05,-7.493891e-05,-5.979933e-05,-4.338367e-05,-2.743186e-05,-1.055896e-05,6.095173e-06,2.315597e-05,4.000285e-05,5.653296e-05,7.291544e-05,8.863007e-05,0.0001044578,0.0001191742,0.0001344024,0.0001484869,0.0001636552,0.0001774722,0.0001926985,0.000206355,0.0002218772,0.000235425,0.0002508598,0.0002637952,0.0002787398,0.0002905686,0.000304335,0.0003142948,0.0003261759,0.0003334928,0.0003425812,0.0003462974,0.0003515238,0.0003500419,0.0003492283,0.0003399102,0.000330208,0.0003100904,0.0002889573,0.0002566671,0.0002244797,0.0001822204,0.0001427125,9.599254e-05,5.710234e-05,1.879617e-05,-7.685943e-07,-9.981649e-06,-3.540426e-06,-1.030436e-06,1.221036e-06,1.953309e-06,4.669633e-06,5.89959e-06,8.74776e-06,1.261261e-05,1.308283e-05,4.9156e-06,1.626392e-05,2.200265e-05,3.089512e-05,2.483355e-05,2.65979e-05,1.960553e-05
4.74668e-06,7.60575e-06,4.647145e-06,8.532616e-06,8.124134e-06,2.156116e-05,1.107784e-05,-2.712659e-05,-3.157991e-05,6.925117e-06,-1.859494e-05,-2.694725e-05,-1.835074e-05,-1.370545e-05,-1.400142e-05,-6.68657e-06,-0.0002891723,-0.0008851134,-0.001109525,-0.001176824,-0.001112729,-0.001040154,-0.0009362248,-0.0008558109,-0.0007650402,-0.0006986308,-0.0006259305,-0.0005740011,-0.0005162499,-0.0004759768,-0.0004300373,-0.0003987575,-0.0003612984,-0.0003360849,-0.0003044827,-0.0002834635,-0.0002559896,-0.0002377516,-0.0002132839,-0.0001972969,-0.00017533,-0.0001610225,-0.0001408087,-0.0001274623,-0.0001081042,-9.477972e-05,-7.532685e-05,-6.130707e-05,-4.115835e-05,-2.615457e-05,-5.401591e-06,1.007586e-05,3.084923e-05,4.626574e-05,6.653686e-05,8.118667e-05,0.0001004646,0.0001144187,0.0001330509,0.0001464836,0.000164638,0.0001779464,0.0001962052,0.0002097346,0.0002279934,0.0002415172,0.0002597334,0.0002730236,0.0002905934,0.0003029261,0.0003192147,0.0003299166,0.0003441216,0.0003523637,0.0003637243,0.0003685087,0.0003756819,0.0003753955,0.000376413,0.000368388,0.0003599905,0.0003409098,0.0003204644,0.0002888527,0.0002563496,0.0002137175,0.0001720047,0.0001224758,7.837084e-05,3.448119e-05,8.033818e-06,-7.022369e-06,-7.302468e-06,-2.420111e-06,-8.524004e-07,-9.875009e-08,1.637883e-06,2.206699e-06,4.107696e-06,2.212091e-06,6.581496e-06,1.673484e-05,9.542758e-06,4.823476e-06,-1.256015e-06,4.250341e-06,3.134298e-06,7.167343e-06
1.945658e-05,1.255097e-05,7.606452e-06,-2.982222e-06,-1.374281e-05,-3.503837e-05,-3.704644e-05,-4.450058e-06,-1.078253e-05,-4.956161e-05,-3.145232e-05,-1.432917e-05,-2.805808e-05,-1.478605e-05,-1.746141e-05,-1.1565e-05,-0.0004692111,-0.001079699,-0.001242562,-0.001290733,-0.001195096,-0.001113857,-0.0009938828,-0.000910689,-0.0008113642,-0.000744158,-0.0006658202,-0.0006133302,-0.0005519903,-0.0005114258,-0.000462701,-0.0004306905,-0.0003912374,-0.0003653176,-0.0003322867,-0.0003101336,-0.0002815534,-0.0002621692,-0.0002371407,-0.0002197505,-0.0001975088,-0.0001817325,-0.0001616732,-0.0001467362,-0.0001277695,-0.0001126931,-9.376692e-05,-7.76756e-05,-5.808694e-05,-4.076927e-05,-2.052271e-05,-2.293319e-06,1.806777e-05,3.630907e-05,5.597208e-05,7.375189e-05,9.251984e-05,0.0001094981,0.0001272644,0.0001438085,0.0001612164,0.0001777604,0.0001950128,0.0002117469,0.0002292191,0.0002462638,0.0002635795,0.00028041,0.0002971757,0.0003132609,0.0003287328,0.0003432557,0.000356725,0.0003688909,0.0003794076,0.0003882585,0.0003947911,0.0003987019,0.0003989143,0.000395062,0.0003858636,0.0003709851,0.0003493532,0.0003214499,0.0002870853,0.0002471358,0.0002019695,0.0001525484,0.0001019875,5.461893e-05,1.98055e-05,1.385916e-06,-4.209018e-06,-7.261667e-07,6.069808e-07,2.548073e-06,4.112145e-06,6.671202e-06,8.251808e-06,1.360126e-05,1.268646e-05,5.85054e-06,1.600719e-05,2.338884e-05,3.09123e-05,2.647039e-05,2.655545e-05,2.12754e-05
4.287552e-06,9.281563e-06,4.038088e-06,1.00252e-05,7.242045e-06,2.268358e-05,9.695324e-06,-2.681651e-05,-3.402294e-05,6.93725e-06,-2.053229e-05,-2.788586e-05,-1.921774e-05,-1.665991e-05,-8.440369e-06,-2.598126e-05,-0.0006605972,-0.001259139,-0.001366721,-0.00139124,-0.001264636,-0.001176844,-0.001040381,-0.0009577547,-0.0008476934,-0.000783346,-0.0006974596,-0.0006486514,-0.000580837,-0.0005435234,-0.0004894521,-0.0004606844,-0.0004163953,-0.0003930789,-0.0003556463,-0.0003359983,-0.0003035817,-0.0002862116,-0.0002575911,-0.000242139,-0.000216866,-0.0002028276,-0.0001800518,-0.000166701,-0.0001454129,-0.0001316965,-0.0001106423,-9.560594e-05,-7.39573e-05,-5.720308e-05,-3.489678e-05,-1.691661e-05,5.419502e-06,2.39036e-05,4.557901e-05,6.365764e-05,8.402672e-05,0.000101604,0.000120944,0.000138169,0.0001567033,0.0001740442,0.0001924728,0.0002103804,0.0002287032,0.0002470167,0.0002652445,0.0002837458,0.0003012671,0.0003192059,0.0003353679,0.000352048,0.0003660395,0.0003806577,0.0003917663,0.0004033805,0.0004102789,0.0004173195,0.0004180015,0.0004177299,0.0004087102,0.0003975385,0.0003757778,0.0003516863,0.0003164651,0.0002794956,0.0002314348,0.0001822115,0.0001250405,7.438774e-05,3.035501e-05,8.036355e-06,-4.267185e-06,-1.998199e-06,-1.706344e-06,6.509214e-07,8.285976e-07,3.144008e-06,3.341847e-06,3.289648e-06,5.912228e-06,1.81838e-05,8.974442e-06,6.330488e-06,-1.802458e-06,5.83823e-06,2.677513e-06,8.864055e-06
1.975947e-05,1.388455e-05,7.734247e-06,-2.218665e-06,-1.408411e-05,-3.516292e-05,-3.790806e-05,-5.804045e-06,-1.147958e-05,-5.204754e-05,-3.178658e-05,-1.810302e-05,-2.534546e-05,-2.313034e-05,-7.217455e-06,-0.0001124014,-0.0009061707,-0.001412802,-0.001500093,-0.001469312,-0.00133726,-0.001220951,-0.001087728,-0.0009883421,-0.0008847803,-0.0008088077,-0.0007297438,-0.0006715315,-0.0006105994,-0.0005653637,-0.0005175222,-0.0004813245,-0.00044285,-0.0004127794,-0.0003807603,-0.000354547,-0.0003270986,-0.0003036485,-0.0002798855,-0.0002586099,-0.0002379672,-0.0002185015,-0.00020036,-0.0001819109,-0.0001651318,-0.000146533,-0.0001298129,-0.0001099324,-9.232393e-05,-7.070746e-05,-5.208034e-05,-2.904347e-05,-1.001034e-05,1.346942e-05,3.194222e-05,5.510031e-05,7.253535e-05,9.493688e-05,0.0001112058,0.0001331344,0.0001488173,0.0001707901,0.0001862829,0.0002086366,0.0002243323,0.0002472195,0.0002628705,0.0002858478,0.0003010153,0.0003234984,0.0003374531,0.0003586742,0.0003707142,0.0003899226,0.0003992079,0.0004155769,0.0004211061,0.0004331171,0.0004326605,0.000437537,0.0004277616,0.0004219341,0.000399654,0.0003808603,0.0003448365,0.0003120319,0.0002615314,0.0002136451,0.0001504046,9.665974e-05,4.38816e-05,1.856073e-05,1.699777e-06,-8.529731e-07,-1.535751e-07,3.191032e-06,3.483575e-06,7.5221e-06,7.714272e-06,1.465217e-05,1.232356e-05,7.00957e-06,1.591146e-05,2.479602e-05,3.104773e-05,2.806465e-05,2.683938e-05,2.284496e-05
5.38714e-06,9.96099e-06,5.097244e-06,1.00058e-05,8.057308e-06,2.137301e-05,1.008552e-05,-2.932533e-05,-3.382594e-05,2.514485e-06,-1.880114e-05,-3.455605e-05,-1.414762e-05,-2.725842e-05,-3.34105e-06,-0.0003226025,-0.001159119,-0.001551463,-0.001617724,-0.001533391,-0.001394617,-0.001254517,-0.001122344,-0.00101108,-0.0009109013,-0.0008281572,-0.0007526787,-0.0006900013,-0.0006322252,-0.0005837083,-0.0005384317,-0.0004995446,-0.0004630079,-0.0004306279,-0.0004000366,-0.0003718088,-0.000345343,-0.000320195,-0.0002971504,-0.0002745066,-0.0002543947,-0.000233946,-0.0002163074,-0.0001972347,-0.0001808454,-0.000161803,-0.0001453868,-0.0001251671,-0.0001075425,-8.53914e-05,-6.643305e-05,-4.276983e-05,-2.314798e-05,1.199681e-06,2.052686e-05,4.446823e-05,6.266319e-05,8.58843e-05,0.0001029911,0.0001256302,0.0001419581,0.0001645565,0.0001807906,0.0002038913,0.0002202403,0.0002438365,0.0002602663,0.0002841268,0.0003001045,0.0003235431,0.0003383721,0.0003606913,0.0003736691,0.0003942206,0.0004046697,0.0004226634,0.0004295383,0.0004436274,0.0004448967,0.0004523332,0.0004446501,0.0004419661,0.0004219417,0.0004063427,0.0003724943,0.0003424939,0.0002918699,0.0002428291,0.0001746474,0.0001163126,5.579417e-05,2.483292e-05,2.798492e-06,-4.188702e-06,-2.203372e-06,9.435934e-07,5.67397e-07,3.60022e-06,3.233985e-06,3.916846e-06,6.039043e-06,1.906002e-05,9.360729e-06,7.41013e-06,-1.057932e-06,6.936427e-06,3.643463e-06,9.874766e-06
2.162959e-05,1.414746e-05,9.542595e-06,-2.749326e-06,-1.265576e-05,-3.682499e-05,-3.694614e-05,-9.721389e-06,-1.062537e-05,-5.72632e-05,-3.016785e-05,-2.51954e-05,-2.086426e-05,-3.104893e-05,-1.220137e-05,-0.0005072681,-0.001419033,-0.001677654,-0.001732463,-0.001581423,-0.001448369,-0.001273467,-0.001154625,-0.00102134,-0.0009350692,-0.0008361121,-0.0007740295,-0.0006985457,-0.0006527188,-0.0005930101,-0.000558426,-0.0005097565,-0.00048262,-0.0004411805,-0.0004187973,-0.0003824174,-0.0003633573,-0.00033061,-0.0003140604,-0.000284655,-0.0002706684,-0.0002441491,-0.0002320756,-0.0002075777,-0.0001965827,-0.0001727896,-0.000161161,-0.0001363406,-0.0001231133,-9.669804e-05,-8.14935e-05,-5.341793e-05,-3.693557e-05,-8.477426e-06,7.966489e-06,3.604e-05,5.18435e-05,7.874858e-05,9.342581e-05,0.0001194763,0.0001337278,0.0001595079,0.0001736645,0.0001995674,0.0002142289,0.0002406247,0.000255518,0.0002819042,0.0002966351,0.0003225557,0.0003364373,0.0003611318,0.0003734935,0.0003964107,0.0004066679,0.0004272079,0.0004345403,0.0004514239,0.0004538651,0.0004645248,0.0004588858,0.0004597685,0.0004427681,0.0004312855,0.0004006127,0.0003732692,0.0003234782,0.0002735406,0.0002015445,0.0001372474,6.977334e-05,3.360776e-05,9.360931e-06,6.670087e-07,-2.681567e-07,3.112972e-06,3.651428e-06,7.559028e-06,8.099452e-06,1.483816e-05,1.301607e-05,7.416836e-06,1.703309e-05,2.532023e-05,3.242007e-05,2.874635e-05,2.854336e-05,2.346441e-05
8.073654e-06,9.878062e-06,7.58475e-06,9.028782e-06,9.933994e-06,1.867421e-05,1.097223e-05,-3.308177e-05,-3.346086e-05,-3.345329e-06,-1.775444e-05,-4.110621e-05,-1.272306e-05,-2.883318e-05,-1.45964e-05,-0.0006838921,-0.001644142,-0.001798205,-0.001818636,-0.001621155,-0.001480936,-0.001287325,-0.001170167,-0.001028119,-0.0009455038,-0.0008420307,-0.0007835402,-0.0007055677,-0.0006626255,-0.0006015455,-0.0005690233,-0.0005195757,-0.0004935488,-0.0004517137,-0.0004296594,-0.0003932302,-0.0003737659,-0.0003413426,-0.0003239565,-0.0002952863,-0.0002800535,-0.0002547663,-0.000241419,-0.0002187042,-0.000206139,-0.0001843043,-0.0001711237,-0.0001486884,-0.0001333925,-0.0001089968,-9.136314e-05,-6.553651e-05,-4.637131e-05,-1.966919e-05,4.891765e-08,2.593553e-05,4.466345e-05,6.95919e-05,8.764287e-05,0.000111454,0.0001286029,0.0001518977,0.0001693594,0.000193,0.0002106108,0.000234356,0.0002525242,0.000276559,0.0002945477,0.0003179372,0.0003351691,0.0003575644,0.0003734617,0.0003942428,0.0004084118,0.0004271857,0.0004387973,0.0004544822,0.0004620923,0.0004723769,0.0004726629,0.0004739602,0.000464021,0.0004538883,0.0004303006,0.0004030553,0.0003568713,0.0003022226,0.0002276133,0.0001541457,8.121812e-05,3.618895e-05,9.364663e-06,-1.722512e-06,-2.061006e-06,5.409656e-07,1.188496e-06,3.185952e-06,4.208747e-06,3.664661e-06,7.404633e-06,1.901878e-05,1.111985e-05,7.755621e-06,1.284453e-06,7.359187e-06,6.230654e-06,1.019502e-05
2.50089e-05,1.377249e-05,1.260273e-05,-3.795788e-06,-1.045946e-05,-3.879292e-05,-3.604364e-05,-1.401564e-05,-1.132994e-05,-6.154498e-05,-3.216091e-05,-2.811258e-05,-2.658233e-05,-2.018543e-05,-3.34344e-05,-0.0009265145,-0.001848603,-0.001914186,-0.001890175,-0.001651295,-0.001504698,-0.001292902,-0.001179627,-0.001027366,-0.0009518039,-0.0008414545,-0.0007894135,-0.0007057814,-0.0006694423,-0.0006043633,-0.0005770529,-0.0005235855,-0.0005019725,-0.0004571028,-0.0004386548,-0.0003990402,-0.0003820987,-0.0003472927,-0.0003321875,-0.0003013116,-0.0002877309,-0.0002608866,-0.0002491286,-0.0002253851,-0.0002141868,-0.0001918712,-0.0001797336,-0.0001568961,-0.0001423016,-0.0001178773,-0.0001004047,-7.417492e-05,-5.44803e-05,-2.787871e-05,-7.673407e-06,1.84599e-05,3.855075e-05,6.303749e-05,8.197252e-05,0.0001051391,0.0001239389,0.0001464307,0.0001650762,0.0001871854,0.0002067544,0.0002292486,0.0002491886,0.0002713268,0.0002915044,0.0003131544,0.0003328582,0.0003531924,0.000372021,0.0003908831,0.0004084151,0.0004254688,0.0004416057,0.0004560935,0.0004690589,0.0004786525,0.0004861889,0.0004883044,0.0004870238,0.0004778782,0.0004635737,0.0004361045,0.0003951678,0.0003330034,0.0002563966,0.0001713452,9.535003e-05,3.959623e-05,1.497995e-05,9.369546e-07,6.913772e-08,2.13808e-06,4.928882e-06,6.425885e-06,9.826877e-06,1.379037e-05,1.520069e-05,6.725229e-06,1.977265e-05,2.477443e-05,3.538033e-05,2.84871e-05,3.184989e-05,2.330327e-05
1.156536e-05,1.019612e-05,1.029806e-05,8.766438e-06,1.101325e-05,1.69854e-05,9.481175e-06,-3.471243e-05,-3.757891e-05,-5.135394e-06,-2.503781e-05,-3.744612e-05,-3.007252e-05,-4.84399e-06,-0.0001353456,-0.001267544,-0.00199273,-0.002033657,-0.001920554,-0.001682576,-0.001497118,-0.001300934,-0.001167558,-0.001031427,-0.0009399169,-0.0008441648,-0.0007801823,-0.0007109144,-0.0006630081,-0.0006100585,-0.0005727717,-0.0005314209,-0.000500009,-0.0004653665,-0.0004371601,-0.0004077809,-0.0003818415,-0.0003558948,-0.0003313848,-0.0003094331,-0.0002874062,-0.0002691105,-0.0002489213,-0.0002335886,-0.0002147884,-0.000200946,-0.0001812411,-0.0001664694,-0.0001445647,-0.0001278813,-0.0001029856,-8.409024e-05,-5.699809e-05,-3.725627e-05,-9.489785e-06,9.82232e-06,3.705251e-05,5.5002e-05,8.117435e-05,9.777404e-05,0.0001232291,0.0001390907,0.0001645141,0.0001802683,0.0002060912,0.0002220551,0.0002483585,0.0002642763,0.0002905891,0.0003060597,0.0003319691,0.0003464505,0.0003714158,0.0003848534,0.000409181,0.0004214582,0.000444645,0.000455282,0.0004766945,0.0004841013,0.000501291,0.0005026925,0.0005129265,0.0005050183,0.0005019471,0.0004727542,0.0004365628,0.0003647856,0.0002847662,0.0001850702,0.0001036708,3.607137e-05,1.157204e-05,-5.180131e-06,-2.885037e-06,-6.669607e-07,2.780361e-06,1.823202e-06,6.334101e-06,2.51005e-06,1.001324e-05,1.820347e-05,1.41603e-05,7.643676e-06,4.947971e-06,7.602288e-06,9.964132e-06,1.061056e-05
2.760593e-05,1.548473e-05,1.424217e-05,-2.283707e-06,-1.072415e-05,-3.757855e-05,-3.925894e-05,-1.445539e-05,-1.870799e-05,-5.958143e-05,-4.458212e-05,-1.937882e-05,-4.994638e-05,-3.740848e-06,-0.000472725,-0.001639199,-0.002130192,-0.002135494,-0.00193718,-0.001699379,-0.001484769,-0.001300014,-0.001152307,-0.001027418,-0.0009273603,-0.0008412117,-0.0007703045,-0.000708758,-0.000656032,-0.0006103372,-0.0005686101,-0.0005329067,-0.0004976193,-0.0004681512,-0.0004364225,-0.0004109106,-0.0003813032,-0.0003588916,-0.0003313424,-0.0003122071,-0.0002870896,-0.0002714709,-0.0002490162,-0.0002364694,-0.0002154566,-0.00020407,-0.0001827452,-0.0001707156,-0.0001469574,-0.0001323519,-0.0001055432,-8.882197e-05,-5.976983e-05,-4.165644e-05,-1.157769e-05,5.878953e-06,3.505211e-05,5.129984e-05,7.967412e-05,9.442449e-05,0.0001216746,0.000135453,0.0001628652,0.0001766669,0.0002041854,0.0002177804,0.0002459412,0.0002597835,0.0002879957,0.0003011019,0.0003289488,0.0003415184,0.0003690734,0.0003806942,0.0004078527,0.0004191411,0.0004464658,0.0004571705,0.0004840601,0.0004931771,0.0005179731,0.0005232405,0.0005437144,0.0005414799,0.0005476748,0.0005189285,0.0004839063,0.0004033161,0.0003158451,0.0002007091,0.0001111316,3.459887e-05,9.948918e-06,-5.70318e-06,-4.781904e-07,1.262701e-06,6.055826e-06,5.523184e-06,1.144567e-05,1.308031e-05,1.730779e-05,6.659401e-06,2.243733e-05,2.511735e-05,3.811438e-05,2.946886e-05,3.473496e-05,2.478883e-05
1.396538e-05,1.299103e-05,1.15254e-05,1.102463e-05,9.873155e-06,1.763006e-05,4.625615e-06,-3.392978e-05,-4.629629e-05,-4.269067e-06,-3.805306e-05,-3.011704e-05,-4.966015e-05,-8.792879e-06,-0.0006926606,-0.001961892,-0.002240027,-0.002209717,-0.00192661,-0.001701219,-0.001453877,-0.001292822,-0.001125072,-0.001021451,-0.0009056804,-0.0008377088,-0.0007528821,-0.0007068149,-0.0006423398,-0.0006108903,-0.000558418,-0.000534901,-0.0004898132,-0.0004715002,-0.0004307047,-0.0004146316,-0.0003761307,-0.00036237,-0.0003266836,-0.0003151793,-0.0002822543,-0.0002739,-0.0002444622,-0.0002389448,-0.0002114894,-0.0002069792,-0.0001797234,-0.000174182,-0.0001446986,-0.0001363328,-0.0001039328,-9.284897e-05,-5.815e-05,-4.555187e-05,-1.023045e-05,2.150132e-06,3.673115e-05,4.787456e-05,8.100356e-05,9.07494e-05,0.0001228496,0.0001318247,0.0001634621,0.0001722264,0.0002040595,0.00021312,0.0002451845,0.0002542691,0.0002863669,0.0002953445,0.0003272048,0.0003357561,0.0003673984,0.0003759879,0.0004080095,0.0004171502,0.0004502488,0.0004605464,0.0004948267,0.0005057601,0.0005405995,0.0005512385,0.0005837725,0.000587237,0.0006036801,0.000575278,0.0005391814,0.000443765,0.0003436279,0.0002120014,0.0001138308,2.488027e-05,-3.069055e-06,-1.803569e-05,-8.675403e-06,-1.286929e-06,3.419874e-06,1.631078e-06,7.425916e-06,2.690074e-06,1.164787e-05,1.893547e-05,1.629645e-05,9.39432e-06,7.79e-06,9.950575e-06,1.27938e-05,1.334044e-05
2.960502e-05,1.912894e-05,1.529212e-05,8.215366e-07,-1.179347e-05,-3.547964e-05,-4.366021e-05,-1.535097e-05,-2.746211e-05,-5.940006e-05,-5.704151e-05,-1.567385e-05,-6.053156e-05,-1.719328e-05,-0.0008587457,-0.002230511,-0.002344002,-0.002250963,-0.001911018,-0.001682609,-0.001422371,-0.001272173,-0.001102134,-0.001006818,-0.0008887403,-0.0008257815,-0.0007402335,-0.0006982391,-0.0006333659,-0.0006040892,-0.0005523193,-0.0005306706,-0.00048661,-0.0004685645,-0.0004287468,-0.0004124636,-0.0003753784,-0.0003600681,-0.0003252639,-0.000312017,-0.0002807574,-0.0002704215,-0.0002424756,-0.0002348894,-0.0002099124,-0.0002039706,-0.0001787855,-0.0001711406,-0.000144213,-0.0001343722,-0.0001042465,-9.086494e-05,-5.812491e-05,-4.395439e-05,-1.109478e-05,3.522032e-06,3.64117e-05,4.912353e-05,7.980976e-05,9.113218e-05,0.0001214934,0.0001320711,0.0001612964,0.0001709928,0.0002010652,0.0002115658,0.0002415638,0.0002515301,0.0002819289,0.0002923275,0.0003230206,0.0003330268,0.0003640352,0.000374891,0.0004075219,0.0004199816,0.0004553147,0.0004706989,0.0005096273,0.000528408,0.0005713608,0.0005930685,0.0006363947,0.0006510451,0.0006742465,0.0006462134,0.0006022049,0.0004910668,0.0003735295,0.0002233981,0.0001133777,1.45021e-05,-1.290404e-05,-2.611556e-05,-6.75915e-06,4.295744e-07,6.369998e-06,5.858712e-06,1.187044e-05,1.38463e-05,1.829198e-05,8.309429e-06,2.41557e-05,2.732932e-05,4.001943e-05,3.244552e-05,3.694459e-05,2.830213e-05
1.497484e-05,1.868007e-05,1.148407e-05,1.557163e-05,7.449684e-06,1.931082e-05,-1.632793e-06,-3.391866e-05,-5.582685e-05,-7.023072e-06,-4.848124e-05,-3.377887e-05,-4.461279e-05,-2.865212e-05,-0.001065582,-0.002454216,-0.002404992,-0.002263113,-0.001861269,-0.001650975,-0.001372752,-0.001249378,-0.001068011,-0.0009935723,-0.0008643351,-0.0008170883,-0.0007219103,-0.0006928377,-0.0006195329,-0.0006006684,-0.0005423812,-0.0005297613,-0.0004801114,-0.0004688952,-0.0004241363,-0.0004133246,-0.0003718293,-0.0003602133,-0.0003213502,-0.0003108665,-0.0002761022,-0.000267863,-0.0002375631,-0.0002320538,-0.0002051428,-0.0002004242,-0.0001746076,-0.0001688154,-0.0001411929,-0.0001315908,-0.0001012262,-8.897425e-05,-5.690139e-05,-4.21163e-05,-8.994441e-06,5.070925e-06,3.602409e-05,4.952644e-05,7.97109e-05,9.179369e-05,0.0001195406,0.0001305995,0.0001585134,0.0001702717,0.0001972463,0.0002085604,0.0002363178,0.0002489876,0.0002768312,0.0002894722,0.0003176779,0.0003317611,0.0003612456,0.0003769342,0.0004088143,0.0004283356,0.000464544,0.0004896302,0.0005323516,0.0005650172,0.0006146907,0.0006534707,0.0007056175,0.0007370031,0.000759999,0.0007318108,0.0006677793,0.0005415983,0.0003970054,0.0002293488,9.856644e-05,-4.284603e-06,-3.903948e-05,-4.599909e-05,-2.258925e-05,-1.879581e-06,2.923575e-06,3.420077e-06,6.420513e-06,5.379466e-06,1.11372e-05,2.250466e-05,1.643324e-05,1.423755e-05,8.871991e-06,1.548484e-05,1.404174e-05,1.920342e-05
2.93867e-05,2.656519e-05,1.456767e-05,6.738434e-06,-1.416655e-05,-3.242497e-05,-4.871696e-05,-1.868547e-05,-3.479439e-05,-6.700464e-05,-6.049561e-05,-3.558187e-05,-2.574953e-05,-7.803073e-05,-0.001497229,-0.002610057,-0.002473285,-0.002224233,-0.001817734,-0.001590196,-0.00133786,-0.001210029,-0.001048562,-0.0009677575,-0.0008549805,-0.0007997252,-0.000716811,-0.0006778344,-0.0006178092,-0.0005907785,-0.000544339,-0.0005217497,-0.0004839182,-0.0004637193,-0.0004304135,-0.0004085542,-0.0003768511,-0.0003545753,-0.0003259504,-0.0003037994,-0.0002784122,-0.000258907,-0.0002389146,-0.0002226169,-0.0002060657,-0.0001908124,-0.0001758724,-0.0001597136,-0.0001429692,-0.0001231941,-0.0001038633,-8.117611e-05,-6.0005e-05,-3.528805e-05,-1.373251e-05,1.070203e-05,3.072499e-05,5.415349e-05,7.256025e-05,9.470256e-05,0.0001114232,0.0001328356,0.0001490019,0.0001706909,0.0001867,0.0002088193,0.0002254069,0.0002488245,0.0002661825,0.0002906399,0.0003090916,0.0003358426,0.0003569059,0.0003868832,0.0004117174,0.0004477689,0.0004799805,0.0005249684,0.000566719,0.0006231064,0.0006762947,0.0007428275,0.0007980447,0.0008503294,0.0008623638,0.0008349377,0.0007370263,0.0005933375,0.0004091557,0.0002315454,7.685466e-05,-2.262071e-05,-6.942935e-05,-6.042532e-05,-3.633722e-05,-2.836333e-07,5.076799e-06,9.08045e-06,9.033264e-06,1.837526e-05,1.585007e-05,1.412034e-05,2.263956e-05,3.392911e-05,3.895151e-05,3.983985e-05,3.651345e-05,3.606495e-05
1.636696e-05,2.557243e-05,1.279409e-05,1.975653e-05,7.445752e-06,1.770669e-05,-3.910453e-06,-4.192441e-05,-5.769299e-05,-2.603013e-05,-3.959913e-05,-7.532046e-05,5.840392e-06,-0.0004081645,-0.002067011,-0.002699727,-0.002508175,-0.002139843,-0.001765175,-0.001511584,-0.001300666,-0.001164171,-0.001034243,-0.0009428229,-0.0008499096,-0.0007828207,-0.0007164566,-0.0006676271,-0.0006208152,-0.000583877,-0.0005500612,-0.0005194239,-0.0004925986,-0.0004634651,-0.0004392295,-0.0004089366,-0.0003854114,-0.0003535063,-0.0003309856,-0.0002998863,-0.0002812903,-0.0002533279,-0.0002394061,-0.0002151066,-0.000206076,-0.0001843938,-0.0001762478,-0.0001526714,-0.0001435764,-0.000117913,-0.0001062233,-7.646772e-05,-6.263614e-05,-3.228257e-05,-1.943868e-05,1.17423e-05,2.446222e-05,5.387086e-05,6.343524e-05,9.186636e-05,0.0001011565,0.0001296041,0.0001372157,0.0001651908,0.0001739991,0.0002044231,0.0002135808,0.0002447814,0.0002556021,0.0002902657,0.0003037691,0.0003412772,0.0003580243,0.0004018231,0.0004256789,0.0004780423,0.000511619,0.0005770787,0.0006248032,0.0007063394,0.0007689911,0.0008622357,0.0009223518,0.000988545,0.0009839375,0.0009441726,0.0008030545,0.00062992,0.0004024299,0.0002154527,4.006218e-05,-5.64088e-05,-0.0001144556,-8.909036e-05,-6.877491e-05,-1.112811e-05,1.88535e-06,6.540668e-06,3.670687e-06,1.031175e-05,8.783292e-06,2.869805e-05,1.507701e-05,2.180243e-05,8.984905e-06,2.356321e-05,1.493663e-05,2.713083e-05
3.356769e-05,3.155822e-05,1.906938e-05,8.835083e-06,-1.054138e-05,-3.571218e-05,-4.698345e-05,-3.264505e-05,-3.327314e-05,-9.110177e-05,-4.832542e-05,-8.009635e-05,-9.161362e-06,-0.0009360331,-0.002596363,-0.002772778,-0.002526182,-0.002035082,-0.001714666,-0.001430099,-0.001280407,-0.001122194,-0.00103667,-0.0009215566,-0.0008609862,-0.0007703845,-0.000730558,-0.0006609818,-0.0006373602,-0.0005817256,-0.0005688655,-0.0005217213,-0.0005133117,-0.0004679605,-0.0004592414,-0.0004130827,-0.0004027186,-0.00035479,-0.0003437234,-0.0002974418,-0.0002896156,-0.0002477066,-0.0002450651,-0.000208605,-0.0002106874,-0.0001773555,-0.0001808802,-0.0001474291,-0.0001494756,-0.0001134623,-0.0001127859,-7.439365e-05,-7.203638e-05,-3.250359e-05,-2.985076e-05,9.06156e-06,1.0316e-05,4.794651e-05,4.79941e-05,8.448732e-05,8.34532e-05,0.0001195757,0.0001188669,0.0001559349,0.0001563016,0.0001950606,0.0001978188,0.0002396102,0.0002455138,0.0002910209,0.000301388,0.0003525279,0.0003694024,0.0004284875,0.0004551858,0.0005267382,0.00056803,0.0006566567,0.0007169708,0.0008256985,0.0009029152,0.001019313,0.001084389,0.001154018,0.001122466,0.001048091,0.0008540431,0.0006443002,0.0003801166,0.000176702,-1.317491e-05,-0.0001026435,-0.0001581387,-0.0001208424,-8.954442e-05,-1.985325e-05,4.343761e-06,1.05181e-05,7.940735e-06,2.1491e-05,1.535385e-05,1.872762e-05,2.359203e-05,3.939997e-05,4.091644e-05,4.59491e-05,3.974935e-05,4.212291e-05
2.279122e-05,3.01061e-05,1.910446e-05,2.124179e-05,1.192201e-05,1.235877e-05,-3.287364e-06,-5.524073e-05,-5.900893e-05,-5.062132e-05,-3.284204e-05,-0.0001086893,-1.226683e-05,-0.001158575,-0.00293837,-0.002834229,-0.002487846,-0.001938377,-0.001645445,-0.001373984,-0.001259717,-0.001109202,-0.001040996,-0.0009261713,-0.000874859,-0.0007828003,-0.0007476379,-0.0006765785,-0.0006573262,-0.0006024581,-0.00059225,-0.0005450397,-0.0005376846,-0.0004924455,-0.0004828975,-0.0004345906,-0.0004207284,-0.0003706656,-0.0003563681,-0.0003075968,-0.0002962155,-0.0002531028,-0.0002491193,-0.0002129418,-0.0002139522,-0.0001808674,-0.0001850512,-0.0001533006,-0.00015577,-0.000120363,-0.0001207867,-8.447969e-05,-8.414567e-05,-4.537344e-05,-4.388386e-05,-7.012503e-06,-8.577819e-06,2.848117e-05,2.747685e-05,6.372759e-05,6.055313e-05,9.69417e-05,9.628345e-05,0.0001359965,0.000136141,0.0001777705,0.0001827639,0.0002308193,0.0002405743,0.0002937152,0.0003100082,0.0003727004,0.0003989823,0.0004726154,0.0005118113,0.0006029028,0.0006616706,0.0007747447,0.000856142,0.0009913815,0.001087378,0.001221057,0.001283628,0.001336779,0.001260529,0.001132142,0.0008728209,0.0006176232,0.0003167343,0.0001040622,-9.343747e-05,-0.000169531,-0.0002239743,-0.0001711551,-0.0001290495,-3.993902e-05,4.612542e-07,6.989613e-06,4.153404e-06,1.215675e-05,1.011126e-05,3.208071e-05,1.788545e-05,2.683414e-05,1.367747e-05,2.923775e-05,2.064398e-05,3.272413e-05
4.211658e-05,3.550249e-05,2.740073e-05,1.030328e-05,-4.622757e-06,-3.964398e-05,-4.615911e-05,-4.743314e-05,-3.781403e-05,-0.0001130278,-5.14838e-05,-9.246619e-05,-3.788372e-05,-0.001319388,-0.003217891,-0.002866224,-0.00245665,-0.001855094,-0.001619631,-0.001347532,-0.001281047,-0.001122092,-0.001081838,-0.0009525518,-0.0009189842,-0.0008129062,-0.0007914145,-0.0007093404,-0.0007025102,-0.0006393496,-0.0006388781,-0.0005839186,-0.0005835682,-0.0005303715,-0.0005242048,-0.0004667139,-0.0004537668,-0.0003945088,-0.0003797787,-0.000323307,-0.000313004,-0.0002645878,-0.000261932,-0.0002219852,-0.0002267793,-0.0001929943,-0.0001996743,-0.0001656128,-0.0001720311,-0.0001377391,-0.0001419203,-0.0001043346,-0.0001066219,-7.002633e-05,-7.374311e-05,-3.607833e-05,-3.853857e-05,-2.572258e-06,-7.328841e-06,2.909298e-05,2.704211e-05,6.584053e-05,6.472315e-05,0.0001058087,0.0001107014,0.0001591183,0.0001695736,0.0002240036,0.0002428535,0.0003078283,0.0003372744,0.0004131973,0.0004554255,0.0005478482,0.0006088896,0.0007226912,0.0008076935,0.0009475393,0.001057141,0.00121606,0.001331199,0.00146854,0.001514621,0.001521543,0.001380298,0.001174653,0.0008448159,0.0005328453,0.0002044059,-7.360781e-06,-0.0001928154,-0.0002526642,-0.0002941847,-0.0002226791,-0.0001646642,-4.719773e-05,1.939984e-06,1.040018e-05,9.713747e-06,2.162294e-05,1.855422e-05,2.05139e-05,2.882962e-05,4.24727e-05,4.743424e-05,5.007514e-05,4.757096e-05,4.661954e-05
3.654897e-05,3.10967e-05,3.207915e-05,1.992172e-05,2.115214e-05,4.567733e-06,-2.217831e-06,-7.023371e-05,-6.772179e-05,-7.065875e-05,-5.11876e-05,-8.702465e-05,-5.702515e-05,-0.001714649,-0.003450588,-0.002895946,-0.002429293,-0.001821143,-0.001634073,-0.001381239,-0.001341188,-0.001186013,-0.001154505,-0.001022133,-0.0009876157,-0.0008793724,-0.0008575764,-0.0007787576,-0.000768777,-0.0007087367,-0.0007043136,-0.0006546965,-0.0006465851,-0.0005954077,-0.0005770891,-0.0005219114,-0.0004954617,-0.0004376528,-0.0004081997,-0.0003563313,-0.0003336533,-0.0002927845,-0.0002793688,-0.0002498487,-0.0002451623,-0.0002231887,-0.0002208131,-0.00019997,-0.000197211,-0.0001762298,-0.0001711001,-0.0001480359,-0.0001411391,-0.0001186014,-0.0001118132,-8.873908e-05,-8.062948e-05,-5.798543e-05,-4.96898e-05,-2.545395e-05,-1.318936e-05,1.510205e-05,3.18024e-05,6.539026e-05,9.075284e-05,0.0001342739,0.000169479,0.0002227731,0.0002702127,0.0003376573,0.0004002775,0.0004826073,0.0005621595,0.0006656439,0.0007700277,0.0008989836,0.001029839,0.001185413,0.001339133,0.00150366,0.001640008,0.001743846,0.00176126,0.001678147,0.001457213,0.001135261,0.0007427004,0.0003673757,4.197784e-05,-0.0001752533,-0.0003223407,-0.0003715761,-0.0003803131,-0.0002994614,-0.000215973,-8.598022e-05,-1.817017e-06,5.586714e-06,9.156613e-06,8.72196e-06,1.765742e-05,3.01391e-05,2.779925e-05,2.680818e-05,2.591164e-05,3.021066e-05,3.394217e-05,3.408058e-05
5.95629e-05,3.528424e-05,4.315159e-05,9.380143e-06,5.469804e-06,-4.385972e-05,-4.828392e-05,-5.892862e-05,-5.909119e-05,-0.0001164993,-0.0001085987,-1.074783e-05,-0.0002436533,-0.002636234,-0.003657035,-0.003027339,-0.002452304,-0.001905788,-0.00171715,-0.00151783,-0.001466686,-0.001328917,-0.00127299,-0.00114977,-0.001095693,-0.0009975313,-0.0009581913,-0.0008901003,-0.000867282,-0.000819918,-0.0008003853,-0.0007591925,-0.0007338416,-0.0006896225,-0.0006514404,-0.0005992876,-0.000550855,-0.0004984237,-0.0004505393,-0.0004060476,-0.0003664331,-0.0003370449,-0.0003114785,-0.0002970759,-0.0002797671,-0.0002725492,-0.0002597634,-0.0002571505,-0.000242371,-0.0002373973,-0.0002200766,-0.0002161614,-0.0001974623,-0.0001913665,-0.0001690326,-0.0001643176,-0.0001421076,-0.0001348006,-0.0001065379,-9.593677e-05,-6.333794e-05,-4.694073e-05,-2.884728e-06,2.481547e-05,7.980568e-05,0.0001182734,0.0001900666,0.0002455404,0.0003344082,0.0004052445,0.0005135317,0.000605827,0.0007384454,0.0008534027,0.001012744,0.001156456,0.001345046,0.001509374,0.001707337,0.001855507,0.001998657,0.002030369,0.001989219,0.001770141,0.001449832,0.0009883969,0.0005469369,0.0001171308,-0.0001711008,-0.0003954201,-0.0004776498,-0.0005192558,-0.0004658419,-0.0003924747,-0.0002516584,-0.0001388213,-3.539093e-06,8.968504e-06,1.668428e-05,1.492066e-05,2.992682e-05,1.486257e-05,4.344006e-05,3.854122e-05,6.372867e-05,4.778261e-05,6.492673e-05,4.558526e-05
5.039446e-05,3.767005e-05,4.277812e-05,2.735382e-05,2.336704e-05,9.276573e-06,-1.793163e-05,-6.663037e-05,-0.0001119808,-5.253519e-05,-0.0001453883,-1.24032e-05,-0.001243471,-0.003827589,-0.003880146,-0.003288233,-0.002533799,-0.002153119,-0.001888546,-0.001791395,-0.001652419,-0.001573543,-0.001436249,-0.0013595,-0.001238558,-0.00118408,-0.001091109,-0.001065006,-0.0009964578,-0.0009859201,-0.0009230044,-0.0009118794,-0.0008432646,-0.0008222113,-0.0007404365,-0.0007077698,-0.0006190545,-0.0005860861,-0.0005024867,-0.0004807962,-0.0004130546,-0.0004097191,-0.0003592303,-0.0003717139,-0.0003339464,-0.0003554967,-0.0003214388,-0.0003442151,-0.0003102134,-0.0003325227,-0.0002958118,-0.0003151963,-0.0002758994,-0.0002940965,-0.0002524287,-0.0002670166,-0.0002204925,-0.0002309264,-0.0001785098,-0.0001808925,-0.0001174063,-0.0001079001,-3.08317e-05,-6.203437e-06,8.943559e-05,0.000133682,0.0002497184,0.0003141471,0.0004525038,0.0005398165,0.0007022273,0.0008133913,0.001002233,0.001140749,0.001358029,0.001522292,0.001760487,0.001930767,0.002150342,0.002261504,0.002368165,0.002293697,0.002137865,0.001750416,0.001302869,0.0007214594,0.0002378621,-0.0002191728,-0.0004639715,-0.0006558867,-0.0006696805,-0.0006880717,-0.000579199,-0.0005000108,-0.0003172574,-0.0002155418,-5.204428e-05,6.018355e-06,1.269188e-05,5.075552e-06,2.656362e-05,2.795327e-05,4.003456e-05,2.732932e-05,4.045973e-05,3.283053e-05,4.875622e-05,3.865778e-05
6.972043e-05,4.828064e-05,5.044843e-05,2.350505e-05,4.238602e-06,-3.199129e-05,-6.811672e-05,-5.477751e-05,-0.0001088731,-0.0001016257,-0.0001941899,-2.309539e-05,-0.001960782,-0.004787076,-0.004329827,-0.003661488,-0.002849428,-0.002547288,-0.002257365,-0.002175472,-0.001977718,-0.001890794,-0.001705204,-0.001624021,-0.001467695,-0.001414642,-0.00130075,-0.001281266,-0.001194494,-0.001184905,-0.001104137,-0.001091052,-0.001001806,-0.0009721344,-0.0008683333,-0.000828308,-0.0007220558,-0.0006846021,-0.0005887031,-0.0005693412,-0.0004963281,-0.000499968,-0.0004472513,-0.0004689814,-0.0004308727,-0.0004623854,-0.0004265677,-0.0004580475,-0.0004223313,-0.0004535477,-0.0004133139,-0.000438914,-0.0003939936,-0.0004180048,-0.0003689667,-0.0003843257,-0.0003248009,-0.0003333629,-0.0002648605,-0.0002592832,-0.0001712889,-0.0001470289,-4.095653e-05,3.561764e-06,0.0001376028,0.0002104777,0.0003692841,0.0004651528,0.0006517614,0.0007768478,0.0009915322,0.001139993,0.001379991,0.001556227,0.001822322,0.002011509,0.002276252,0.002439897,0.0026423,0.002684473,0.002693673,0.002464508,0.00214409,0.001573881,0.0009897912,0.00031258,-0.0001866471,-0.0006293382,-0.0008105324,-0.0009453462,-0.0008830315,-0.0008670918,-0.0007033756,-0.0006090468,-0.00038714,-0.0002745196,-7.645516e-05,7.209632e-06,1.661187e-05,1.531269e-05,3.47203e-05,1.724444e-05,5.207726e-05,4.391727e-05,7.404551e-05,5.588774e-05,7.580742e-05,5.611267e-05
5.848319e-05,5.558091e-05,4.887936e-05,4.537048e-05,2.193232e-05,2.094267e-05,-3.808876e-05,-6.578015e-05,-0.0001607696,-5.703169e-05,-0.0001927359,-8.102733e-05,-0.002336671,-0.005688209,-0.004914553,-0.004271301,-0.003389283,-0.00316059,-0.002786497,-0.002711644,-0.002414821,-0.002315551,-0.002051541,-0.001970802,-0.001763178,-0.001719659,-0.001569444,-0.001560473,-0.001443629,-0.001439426,-0.001327463,-0.001312236,-0.00119092,-0.001155012,-0.001021594,-0.0009764109,-0.0008474744,-0.0008112978,-0.0007029244,-0.0006911258,-0.0006120028,-0.0006270982,-0.0005739346,-0.0006087775,-0.0005685261,-0.0006090265,-0.0005731083,-0.0006152982,-0.0005759207,-0.0006109358,-0.0005657196,-0.0005967449,-0.0005457667,-0.0005660786,-0.0005028851,-0.0005143657,-0.0004411686,-0.0004354427,-0.0003408247,-0.0003143035,-0.0001985148,-0.0001465116,9.138242e-07,8.567487e-05,0.0002624233,0.0003765226,0.0005870839,0.0007343199,0.000973972,0.001146842,0.001412887,0.001611961,0.00190078,0.00211424,0.002409678,0.002613951,0.002873034,0.002999124,0.003126271,0.003049416,0.002894053,0.002466387,0.001941679,0.001196691,0.0004892984,-0.0002387899,-0.0007199147,-0.001092437,-0.001192857,-0.001253769,-0.001125875,-0.001060821,-0.0008530873,-0.0007389073,-0.0004769159,-0.0003553524,-0.0001115371,1.578756e-08,1.153506e-05,8.470289e-06,2.796847e-05,3.536386e-05,4.506053e-05,3.871221e-05,4.820507e-05,4.671521e-05,5.704206e-05,5.457157e-05
6.925462e-05,7.797296e-05,4.949195e-05,5.246152e-05,-2.525432e-06,-1.14092e-05,-9.100984e-05,-5.844414e-05,-0.0001539037,-0.0001378369,-0.0001732881,-0.0001169756,-0.003370585,-0.006851082,-0.005803287,-0.005181743,-0.004225,-0.004013174,-0.003521266,-0.003396336,-0.002983419,-0.002837112,-0.002495441,-0.002392916,-0.002143175,-0.002090245,-0.001912859,-0.00189349,-0.001756414,-0.001736422,-0.001601855,-0.001561921,-0.001419439,-0.001358266,-0.001210512,-0.001143561,-0.001010768,-0.0009616738,-0.000861642,-0.0008435468,-0.0007807799,-0.0007915705,-0.000756744,-0.0007853514,-0.0007645205,-0.0007962309,-0.0007760786,-0.0008032587,-0.0007792364,-0.0007971921,-0.0007637024,-0.0007693917,-0.0007254577,-0.000717189,-0.0006580057,-0.0006295652,-0.0005502194,-0.0004980788,-0.000392771,-0.0003086697,-0.0001701438,-5.007841e-05,0.0001241181,0.0002832702,0.0004957761,0.0006924544,0.0009380919,0.001167204,0.001441079,0.00169496,0.001987078,0.002256504,0.002556447,0.002819822,0.003091514,0.003303204,0.003483414,0.003545621,0.003501702,0.003267852,0.002865061,0.00224055,0.001471492,0.0006049165,-0.0002032309,-0.0008820413,-0.001327855,-0.001565212,-0.00160322,-0.001543397,-0.001393455,-0.001234943,-0.001021535,-0.0008484037,-0.0005913191,-0.0004224059,-0.0001510031,4.334783e-07,1.118819e-05,2.660384e-05,2.701119e-05,3.466973e-05,4.798381e-05,6.637449e-05,7.195181e-05,8.156669e-05,7.477702e-05,8.393158e-05
5.091423e-05,9.471035e-05,4.469752e-05,7.969844e-05,1.797747e-05,3.636146e-05,-4.95049e-05,-9.305555e-05,-0.0001711967,-0.0001846765,-3.246051e-05,-0.000543994,-0.005969969,-0.008231792,-0.007170687,-0.006335232,-0.005410027,-0.005036851,-0.00448459,-0.004171025,-0.003682242,-0.003411648,-0.003050292,-0.002867713,-0.002614156,-0.002501044,-0.002337972,-0.002269092,-0.002135301,-0.002054861,-0.00192469,-0.001829533,-0.001689958,-0.001572596,-0.0014359,-0.001328864,-0.001221423,-0.001140122,-0.001073988,-0.001033293,-0.001010884,-0.0009986423,-0.001002491,-0.001004695,-0.001020432,-0.001020416,-0.00103192,-0.001021029,-0.001025345,-0.0009993142,-0.0009888277,-0.0009422159,-0.0009151398,-0.0008467698,-0.0007977698,-0.0006977156,-0.0006184528,-0.0004844882,-0.0003717415,-0.000194191,-3.755228e-05,0.0001865371,0.0003823224,0.0006494099,0.0008882387,0.001198502,0.001464454,0.001798271,0.002083031,0.002436102,0.002723269,0.003065401,0.003323728,0.00362867,0.003814486,0.004001135,0.004008035,0.003959954,0.003656619,0.003236809,0.00252055,0.001719002,0.0007162376,-0.0001796095,-0.001041422,-0.001571613,-0.001963201,-0.002018034,-0.002024658,-0.00180148,-0.001666839,-0.001388372,-0.001241084,-0.0009448542,-0.0007669631,-0.000479357,-0.0003029374,-1.383045e-05,3.121072e-06,2.795761e-05,9.53172e-06,6.625844e-05,2.944824e-05,7.556165e-05,3.597487e-05,8.580644e-05,4.673525e-05,9.414061e-05
8.054929e-05,0.0001006517,7.046944e-05,6.421318e-05,2.757544e-05,-2.912209e-05,-5.448777e-05,-0.0001494152,-9.15369e-05,-0.0003802768,-1.549665e-05,-0.003371277,-0.009831492,-0.009883742,-0.009127165,-0.007736563,-0.007028328,-0.006162304,-0.005662612,-0.004967197,-0.004547819,-0.003998498,-0.00372779,-0.003348458,-0.003200608,-0.002930227,-0.002856982,-0.002643276,-0.002586931,-0.002374286,-0.002305994,-0.002086252,-0.002006302,-0.001785412,-0.001716031,-0.001524089,-0.001490338,-0.001343186,-0.001357719,-0.001259012,-0.001311833,-0.001242523,-0.001316537,-0.001259584,-0.001333182,-0.001266571,-0.001329431,-0.001250697,-0.001294705,-0.001190681,-0.001210305,-0.001083225,-0.00107677,-0.0009147375,-0.0008700395,-0.0006718458,-0.0005901231,-0.0003447017,-0.0002110675,8.489819e-05,0.0002647485,0.0006092773,0.0008401817,0.001232666,0.001496737,0.001915058,0.00220266,0.002637755,0.002923939,0.003342704,0.003599835,0.003978611,0.004167696,0.004441092,0.004481835,0.004561929,0.004343267,0.004097185,0.003492675,0.002835046,0.001833074,0.0008723111,-0.0002569387,-0.001109906,-0.001913544,-0.002278156,-0.002545865,-0.002430615,-0.002362569,-0.002046284,-0.001899748,-0.001553174,-0.001425735,-0.001063243,-0.000930266,-0.0005560365,-0.0004701086,-0.0001066085,7.766877e-06,3.654831e-05,1.75474e-05,5.66995e-05,4.299561e-05,9.454708e-05,7.163012e-05,0.0001106961,7.918805e-05,0.0001108372
8.457422e-05,9.918964e-05,8.950967e-05,7.412297e-05,7.274401e-05,-1.887704e-08,6.039584e-06,-0.0001989675,-0.0001164474,-0.000389747,-0.0001401185,-0.005563444,-0.01330914,-0.0122736,-0.01138282,-0.009539053,-0.008736652,-0.007478585,-0.00686319,-0.00586476,-0.005391381,-0.004667349,-0.004408913,-0.003915741,-0.00378852,-0.003428832,-0.003375093,-0.003078667,-0.003025612,-0.002733967,-0.002668937,-0.002383025,-0.002311491,-0.002043513,-0.001998357,-0.001779285,-0.001779473,-0.001616584,-0.001669244,-0.001557184,-0.00164209,-0.001553148,-0.001648889,-0.001563627,-0.001648853,-0.001545893,-0.001608324,-0.0014823,-0.001516573,-0.001358406,-0.0013567,-0.001162043,-0.001121114,-0.0008842722,-0.0007963321,-0.0005081574,-0.0003664101,-2.530482e-05,0.0001708673,0.000568995,0.0008214743,0.001268815,0.001560741,0.002041287,0.002361453,0.002856669,0.003171392,0.003647087,0.003930389,0.004357376,0.004565856,0.00489063,0.004965809,0.005117524,0.004965562,0.004835999,0.004346658,0.00383015,0.002925161,0.002020363,0.000818477,-0.0002248642,-0.001357699,-0.002095962,-0.002736523,-0.002902827,-0.003014156,-0.002766658,-0.002619605,-0.002246383,-0.00208049,-0.001711359,-0.001579875,-0.001202737,-0.001093522,-0.0006839593,-0.0006486868,-0.0001847682,-8.036797e-06,2.558569e-05,1.577907e-05,7.363762e-05,4.351645e-05,8.773819e-05,5.68436e-05,9.754801e-05,7.269958e-05,0.0001027698
0.0001468605,8.048864e-05,0.0001454925,4.037905e-05,0.0001058081,-7.175506e-05,7.047074e-06,-0.0002429831,-0.0001037453,-0.0004279814,-0.0002804063,-0.008291697,-0.01728666,-0.01500329,-0.01406524,-0.01151063,-0.01061479,-0.00877589,-0.008102039,-0.0067219,-0.006271846,-0.005319752,-0.005135004,-0.004483066,-0.004417328,-0.003924908,-0.00391747,-0.003504369,-0.003475104,-0.003078711,-0.003037408,-0.002675201,-0.002633462,-0.002314715,-0.002310066,-0.002065773,-0.00211058,-0.001931001,-0.002020516,-0.001892683,-0.001999231,-0.001886063,-0.001985451,-0.001868217,-0.001939562,-0.001794692,-0.001826543,-0.001652506,-0.001640595,-0.001424363,-0.001359719,-0.001099989,-0.0009822547,-0.0006714478,-0.0004897778,-0.0001221172,0.0001212658,0.0005438979,0.0008499864,0.001325056,0.001682104,0.002190542,0.002576367,0.003095254,0.003483717,0.003979632,0.004330109,0.004761317,0.005034338,0.005358045,0.005499986,0.005649791,0.005585863,0.005482059,0.005123774,0.004667046,0.003925995,0.003069386,0.001967035,0.0008256668,-0.0004036698,-0.001479987,-0.002416978,-0.003024593,-0.003371081,-0.003405529,-0.003278354,-0.003010987,-0.002715034,-0.002399261,-0.002115098,-0.001858377,-0.001618207,-0.001367568,-0.001129616,-0.0008591642,-0.0007012754,-0.000282197,-7.898827e-06,1.77982e-05,5.024588e-05,3.365062e-05,9.049942e-05,7.637531e-05,0.000126971,9.287806e-05,0.0001391712,9.126607e-05
0.0001664469,7.445253e-05,0.0001674764,6.712105e-05,0.0001307646,9.415596e-06,-1.111465e-05,-0.0001539871,-0.0003864382,-5.153914e-05,-0.001402918,-0.01587417,-0.02094524,-0.01864525,-0.01645723,-0.01385915,-0.01212259,-0.01022708,-0.009002669,-0.007703845,-0.00692764,-0.006115485,-0.005685674,-0.005175716,-0.004901483,-0.004534401,-0.004320188,-0.004008995,-0.003791276,-0.003504905,-0.003295254,-0.003047372,-0.002865547,-0.002682007,-0.002560891,-0.002451956,-0.002384438,-0.002337721,-0.002312777,-0.002298151,-0.002273482,-0.00225563,-0.002210991,-0.002170542,-0.002080776,-0.001996174,-0.00185628,-0.001729179,-0.001530874,-0.001347412,-0.001085552,-0.0008488226,-0.0005238302,-0.0002255377,0.0001709901,0.0005275811,0.0009853651,0.001394416,0.001908354,0.002355405,0.002899619,0.003353135,0.003897763,0.00432705,0.004830665,0.005185091,0.005601133,0.005837557,0.006116596,0.006174626,0.00625245,0.006069701,0.005879935,0.005374168,0.004836655,0.003957644,0.003061779,0.001844383,0.0007085719,-0.0006172251,-0.001660622,-0.002711911,-0.003281986,-0.00376,-0.003729582,-0.003715039,-0.00331194,-0.003101253,-0.002611216,-0.002440861,-0.001998631,-0.00191744,-0.001488647,-0.001467085,-0.0009980587,-0.001029911,-0.0005347034,-0.0005829729,-2.095007e-05,-1.048626e-05,7.403131e-05,2.53236e-05,0.0001228284,4.339123e-05,0.0001422914,5.641357e-05,0.0001566407,6.638779e-05
0.0001546799,0.0001475394,0.0001311573,0.0001520606,4.096943e-05,9.920511e-05,-0.0001849901,2.567703e-05,-0.0006334326,-0.0002138951,-0.01068814,-0.02633411,-0.02464755,-0.02277346,-0.01850921,-0.01626497,-0.01317402,-0.01165809,-0.009599515,-0.008722722,-0.007360733,-0.006968427,-0.006088865,-0.005931572,-0.005248206,-0.005169865,-0.004593947,-0.004539704,-0.003996759,-0.003943996,-0.003461631,-0.003450874,-0.003038908,-0.003084846,-0.00275953,-0.002868989,-0.002608343,-0.002751089,-0.002525572,-0.002671517,-0.002437205,-0.002547381,-0.002279008,-0.00234045,-0.002022538,-0.002016165,-0.001635036,-0.001565386,-0.001126403,-0.0009854018,-0.0004756628,-0.0002632473,0.0003052518,0.000578855,0.001211628,0.001552615,0.002231573,0.00260483,0.003306498,0.003699573,0.004399145,0.004760741,0.005397433,0.005685384,0.006232204,0.006397516,0.006779784,0.00675962,0.00693915,0.006691275,0.006602746,0.00605429,0.005644713,0.004762931,0.004008773,0.002797153,0.001765267,0.0003637272,-0.0007307465,-0.002022776,-0.002813622,-0.003643116,-0.003881142,-0.00412986,-0.003830137,-0.003671386,-0.003136712,-0.002893062,-0.002363357,-0.002179547,-0.001727939,-0.001644542,-0.001232023,-0.001189177,-0.000726846,-0.0007543355,-0.0002348552,-0.0005000338,-0.0001051709,8.506217e-06,6.49275e-05,2.928322e-05,0.000124377,8.598367e-05,0.0001614077,0.0001149865,0.0001621567,0.0001292168
8.3742e-05,0.0002324709,7.371733e-05,0.0002626113,1.157619e-05,0.0002330159,-0.0002051793,4.236168e-05,-0.0005971344,-0.0006722818,-0.01910645,-0.03471628,-0.02888666,-0.02618312,-0.02040185,-0.01799901,-0.01402639,-0.01261743,-0.01007775,-0.009454048,-0.007796917,-0.007630168,-0.006487824,-0.00650503,-0.005594905,-0.005647767,-0.004852766,-0.004903343,-0.00419524,-0.004256334,-0.003638044,-0.00373565,-0.003224537,-0.003382009,-0.002966335,-0.003158646,-0.002801133,-0.003003571,-0.002667031,-0.002834024,-0.00247004,-0.002573933,-0.002162752,-0.002190253,-0.001720644,-0.001662989,-0.001122633,-0.0009809018,-0.0003834821,-0.0001653874,0.0004984576,0.0008008883,0.001515771,0.001865471,0.002613937,0.00302684,0.003800436,0.004210373,0.004947617,0.005339143,0.006029978,0.006345193,0.006894448,0.007068614,0.007468455,0.007475473,0.007635431,0.007393483,0.007289143,0.006786573,0.006373867,0.005554496,0.004812149,0.003701672,0.002677432,0.001357803,0.0002017516,-0.001106867,-0.002130256,-0.003122869,-0.003695983,-0.004115459,-0.00413581,-0.004030076,-0.0036454,-0.003239274,-0.002743504,-0.00231446,-0.00190442,-0.001541416,-0.00124633,-0.000934519,-0.0007224833,-0.0003860303,-0.0002052535,0.0001803338,0.0002644163,0.0005311811,5.592696e-05,1.876778e-05,5.022651e-06,0.00012187,6.500154e-05,0.0001525298,8.272896e-05,0.0001759037,8.498318e-05,0.0001987947
0.0001325006,0.0002376554,0.0001470755,0.0002201581,0.0001163082,7.806024e-05,6.441313e-06,-0.0003095176,-0.0001052159,-0.005166504,-0.03389096,-0.04017779,-0.03373698,-0.02784974,-0.02232274,-0.01843786,-0.01500195,-0.01273122,-0.01075218,-0.009581134,-0.008476966,-0.007823146,-0.007085666,-0.006645212,-0.006093637,-0.005734139,-0.005244306,-0.004914179,-0.004508164,-0.004248794,-0.00392373,-0.003728894,-0.003498168,-0.003379373,-0.003212839,-0.003120336,-0.00297774,-0.00288531,-0.002719201,-0.002566215,-0.00234012,-0.002121101,-0.001825316,-0.001512488,-0.001125995,-0.0007337603,-0.0002859126,0.0001896258,0.0007220645,0.001269138,0.001843666,0.002438355,0.00306222,0.003703282,0.004328435,0.004951353,0.005556107,0.0061575,0.00668963,0.007183969,0.007583787,0.007946161,0.008177998,0.008332329,0.008318128,0.008236808,0.007967946,0.007610165,0.007035402,0.00638429,0.005518293,0.004594989,0.003462872,0.002331122,0.001051617,-0.0001269945,-0.001353903,-0.002327232,-0.003226065,-0.003746334,-0.004136943,-0.004095441,-0.003968383,-0.003495794,-0.003106015,-0.002472826,-0.002043358,-0.001422597,-0.001097419,-0.0005679989,-0.0003608456,0.0001447382,0.0002864744,0.0008402073,0.0009182882,0.001583015,0.001496696,0.002201466,0.001412286,0.0003576541,-4.04797e-05,0.0001471694,5.200891e-05,0.0002068191,0.0001121349,0.0002293328,0.0001203225,0.0002302308
0.0002507623,0.0001188694,0.0003089895,0.000110705,0.0003499901,-2.358898e-05,0.0002090814,-0.0003504788,-0.001061682,-0.03004451,-0.05073513,-0.04370981,-0.03729246,-0.02811943,-0.02341578,-0.01794373,-0.01555216,-0.01235472,-0.01129491,-0.009402128,-0.009047783,-0.007745611,-0.007584765,-0.006545355,-0.006471796,-0.005581479,-0.005513399,-0.004722179,-0.004703966,-0.004043549,-0.004076415,-0.003520166,-0.003605513,-0.003135344,-0.003232758,-0.002789166,-0.0028604,-0.002403732,-0.002399334,-0.001877823,-0.001780452,-0.001192585,-0.0009935795,-0.0003169096,-1.281243e-05,0.0007243756,0.0011005,0.001901703,0.002360892,0.003197986,0.003685158,0.004526809,0.005040772,0.005873544,0.006350608,0.007096219,0.007504603,0.008155492,0.008440897,0.008904776,0.009000503,0.009256119,0.009142158,0.009129497,0.008735633,0.008435618,0.007782834,0.007195578,0.006265584,0.005402362,0.004252777,0.003192062,0.001910788,0.000767922,-0.0004825438,-0.001512256,-0.002515776,-0.003205086,-0.003747948,-0.003950556,-0.003972511,-0.003705698,-0.00329145,-0.002741154,-0.002145323,-0.001551278,-0.0009334275,-0.0004135889,0.0001391482,0.0005266289,0.001033649,0.001343569,0.001876183,0.002130525,0.00272955,0.002932208,0.003635586,0.003718633,0.004441069,0.002105281,8.611534e-05,0.0001189844,0.000148468,0.0001236311,0.0001922008,0.0001213773,0.0002119589,0.0001141173
0.0002564503,0.0002242356,0.0002770337,0.0002440185,0.0002369458,0.0001382439,8.243161e-05,-0.0003773635,-0.01610404,-0.05314301,-0.05856267,-0.04710197,-0.03710951,-0.02824216,-0.02237227,-0.01766975,-0.01480756,-0.01236611,-0.01094535,-0.009587822,-0.008851289,-0.00793055,-0.007391558,-0.006641467,-0.006213735,-0.00557083,-0.005196508,-0.004638048,-0.004349957,-0.003897956,-0.003680719,-0.003302904,-0.003136117,-0.002797942,-0.002628939,-0.002274308,-0.002062858,-0.001650485,-0.001351581,-0.0008510243,-0.0004610861,0.0001277865,0.0006166369,0.001294967,0.001860156,0.002594952,0.003218001,0.003999675,0.004652559,0.005435568,0.00607867,0.006834397,0.007434282,0.008113079,0.008613538,0.009166124,0.009522155,0.009899761,0.01005937,0.01021016,0.01012726,0.01001597,0.009667324,0.009277221,0.008647555,0.007974629,0.007088665,0.006176169,0.005078739,0.003982488,0.002759804,0.001596403,0.0003852475,-0.0006941336,-0.001722576,-0.002533188,-0.0031978,-0.003582142,-0.00376598,-0.003676592,-0.003412758,-0.002952534,-0.002388084,-0.001742197,-0.001079359,-0.0004268914,0.0002121465,0.0007902893,0.001357781,0.001838404,0.002354669,0.002764312,0.003274535,0.003625544,0.004184683,0.00449347,0.005245501,0.005676779,0.006828966,0.005681433,0.002112591,0.000109999,0.0001526977,0.0001610449,0.0002566565,0.0001977872,0.0002452403,0.000199595
0.0001362629,0.0002974734,0.0002118672,0.000371277,0.0003342755,0.0001851958,-0.0003979405,-0.01055623,-0.0488416,-0.06827695,-0.06037516,-0.04682458,-0.03471262,-0.02670083,-0.02043559,-0.01671946,-0.01369917,-0.01199735,-0.0103426,-0.009446726,-0.008387027,-0.007773672,-0.006913987,-0.006395389,-0.005667135,-0.005219492,-0.004588453,-0.004205699,-0.003680996,-0.003368323,-0.002921554,-0.00264393,-0.002235085,-0.001947728,-0.001521773,-0.001179802,-0.000698572,-0.0002660097,0.0003029918,0.0008342529,0.001484126,0.002108695,0.002835997,0.003532807,0.004299918,0.005034176,0.005819445,0.006560804,0.007314221,0.008012539,0.008697713,0.00931437,0.009877296,0.01035399,0.01075009,0.01104718,0.01122392,0.01128835,0.01121248,0.01102151,0.01066521,0.01019517,0.009559374,0.008834561,0.007942597,0.006986314,0.005890797,0.004786714,0.003575074,0.002412946,0.001196102,0.0001154291,-0.0009571366,-0.001810241,-0.002593944,-0.003077362,-0.003458368,-0.003500966,-0.003456404,-0.003086644,-0.002707695,-0.002064062,-0.001509953,-0.0007440279,-0.0001616104,0.0006013052,0.001116942,0.00182592,0.002242615,0.002889663,0.003197434,0.003795702,0.003995613,0.004581101,0.004704827,0.005419093,0.005697192,0.007071544,0.007949881,0.009734942,0.007499056,0.002592375,0.0003087735,0.0002953267,0.0001318344,0.0002357683,0.0001030053,0.0002475314
0.0004782491,0.0004681268,0.000435203,0.0003003009,0.0001109121,-0.00405572,-0.02120938,-0.04865417,-0.07330257,-0.07214656,-0.05756521,-0.04209202,-0.03113629,-0.0233478,-0.01840371,-0.01486212,-0.01270055,-0.01090728,-0.00976561,-0.008611773,-0.007853254,-0.006935505,-0.006304336,-0.005492488,-0.004949829,-0.004230554,-0.003766211,-0.003128979,-0.002735211,-0.002162641,-0.00180931,-0.001259505,-0.0009000138,-0.0003242322,8.464421e-05,0.000721198,0.001208637,0.001931441,0.002508349,0.003308834,0.003958717,0.004821474,0.005522094,0.00640973,0.007115744,0.007989035,0.008665018,0.009477583,0.01006711,0.01076906,0.01123036,0.01177491,0.01205308,0.01239052,0.01244877,0.01254473,0.01234317,0.01216602,0.01169305,0.01124161,0.01049669,0.009780521,0.008796787,0.007867632,0.006700032,0.005618582,0.004350121,0.003220169,0.001959121,0.0008898227,-0.0002443929,-0.001123169,-0.002003392,-0.002578776,-0.003107879,-0.003304197,-0.003441272,-0.003259923,-0.00304513,-0.002562886,-0.002107724,-0.001459598,-0.0008982243,-0.0002022656,0.0003629737,0.001016487,0.001517075,0.002083556,0.002491975,0.002947426,0.003240882,0.003570341,0.00375049,0.003991205,0.004155489,0.004541641,0.00511731,0.006326822,0.008074976,0.0103957,0.01183079,0.01081441,0.007016336,0.002794496,0.0009366007,0.0006856801,0.000538145,0.0005364875
0.005164168,0.003168677,0.0005042213,-0.004382446,-0.01284394,-0.02957202,-0.05100761,-0.07393675,-0.07938591,-0.06616628,-0.04955532,-0.03518641,-0.02601339,-0.01954695,-0.01575084,-0.01284755,-0.01117287,-0.00956369,-0.008586054,-0.007427963,-0.006693073,-0.005706837,-0.005060756,-0.0041731,-0.00359954,-0.002800527,-0.002289734,-0.001562075,-0.00109718,-0.0004133005,4.08333e-05,0.0007240404,0.001208355,0.001929949,0.002475086,0.003259019,0.003879398,0.004731474,0.005418814,0.00631958,0.007046713,0.007964878,0.008692639,0.009581988,0.01026148,0.01107508,0.0116577,0.01234297,0.01277616,0.01328592,0.01352534,0.01381464,0.01381787,0.01385371,0.0135966,0.01335785,0.01282427,0.01230958,0.01151405,0.01074597,0.009717521,0.008739746,0.007541272,0.006428096,0.005136688,0.003972787,0.002688832,0.001583681,0.0004140064,-0.0005296299,-0.001481975,-0.002164861,-0.002815095,-0.003174273,-0.003481442,-0.003501836,-0.003481992,-0.003210725,-0.002934915,-0.002463625,-0.002038735,-0.001479271,-0.001006297,-0.0004460924,-2.272712e-06,0.00048936,0.0008496476,0.001229438,0.001469958,0.001699965,0.00179145,0.001855093,0.00181923,0.001789914,0.001809505,0.002010752,0.002613975,0.003729961,0.005640624,0.007998209,0.01059702,0.0118831,0.01188673,0.01094259,0.009616224,0.008399552,0.007506957,0.006348066
-0.001038411,-0.005518598,-0.01220647,-0.02199739,-0.03698491,-0.0557551,-0.07077838,-0.07903679,-0.07115863,-0.05430853,-0.03876298,-0.02755954,-0.02042995,-0.0157369,-0.01276676,-0.01061927,-0.009113635,-0.007802904,-0.006757668,-0.005722638,-0.004840916,-0.003919574,-0.003118074,-0.00227231,-0.00153846,-0.0007594728,-8.035458e-05,0.0006520245,0.00130106,0.00201601,0.002667116,0.003398724,0.004083069,0.00485628,0.005589808,0.006411966,0.007192901,0.008052615,0.008858128,0.009723106,0.01051458,0.01134189,0.01207139,0.01280936,0.01342417,0.01402172,0.01447186,0.01487995,0.01511911,0.01529701,0.01528993,0.01520744,0.01493052,0.01457324,0.01402148,0.01339304,0.01257971,0.01170565,0.01066878,0.009597316,0.008394262,0.00719358,0.005903237,0.004659291,0.003371093,0.00217647,0.0009858919,-6.450781e-05,-0.001068652,-0.001895189,-0.002643865,-0.003190948,-0.003646472,-0.003897214,-0.004064685,-0.004046182,-0.003973499,-0.003750755,-0.003515065,-0.003172543,-0.002861244,-0.002483363,-0.002172645,-0.001825816,-0.001575498,-0.001314847,-0.001175081,-0.001044617,-0.001055016,-0.001088161,-0.001269011,-0.001457339,-0.001749904,-0.001959626,-0.002123926,-0.001990021,-0.00153425,-0.0005164921,0.001007791,0.002956128,0.004909963,0.006404438,0.007773317,0.008693512,0.007877953,0.006541356,0.004604065,0.002300768
-0.01754764,-0.02403373,-0.03273487,-0.04383746,-0.05702293,-0.06804065,-0.07303151,-0.06877483,-0.0549464,-0.03986561,-0.02816127,-0.02021201,-0.01511502,-0.01180656,-0.009539857,-0.007857082,-0.006502523,-0.005321602,-0.004250341,-0.003239262,-0.002279509,-0.001348309,-0.0004552677,0.0004150527,0.001250958,0.002071094,0.002865744,0.003655326,0.004430682,0.005213234,0.005993417,0.006790514,0.007591807,0.008412492,0.009235765,0.0100721,0.01090049,0.0117267,0.01252598,0.01330071,0.01402473,0.01469871,0.01529614,0.01581739,0.01623768,0.01655878,0.01675817,0.01683976,0.0167848,0.01660089,0.01627321,0.01581326,0.01521134,0.01448422,0.01362703,0.01266081,0.01158607,0.01042966,0.009196383,0.007915995,0.006596431,0.005270928,0.003949477,0.002664744,0.001424803,0.0002613527,-0.0008195059,-0.001791151,-0.002654419,-0.003389149,-0.004002883,-0.004483323,-0.004847288,-0.005090726,-0.005237406,-0.005289251,-0.00527514,-0.005199265,-0.005091321,-0.004955106,-0.004819435,-0.004684923,-0.004577328,-0.004495168,-0.004463956,-0.004480118,-0.004567297,-0.004718265,-0.00495316,-0.005255106,-0.005630015,-0.00603667,-0.006450682,-0.006790561,-0.006993148,-0.006945187,-0.006584924,-0.005852905,-0.004836489,-0.003734674,-0.002899115,-0.002523875,-0.00249121,-0.00305805,-0.004330125,-0.006283265,-0.008997933,-0.01262169
-0.03451124,-0.0409348,-0.04833942,-0.05608879,-0.06249256,-0.06471411,-0.06059284,-0.05071004,-0.03833435,-0.02725358,-0.01905514,-0.0136907,-0.0101506,-0.007714811,-0.005907257,-0.004452765,-0.003192488,-0.002042709,-0.0009608837,7.75785e-05,0.001078497,0.002051666,0.002994779,0.003915751,0.004810588,0.005688934,0.006547728,0.007398062,0.008236323,0.009072656,0.00990177,0.01073173,0.01155402,0.01237278,0.01317554,0.01396258,0.01471805,0.01543885,0.01610616,0.01671488,0.01724579,0.01769363,0.01804012,0.01828096,0.01840049,0.01839734,0.0182596,0.01798901,0.01757785,0.01703254,0.01635039,0.01554222,0.01460995,0.013569,0.01242617,0.01120105,0.009903893,0.008557269,0.00717444,0.00577978,0.004387262,0.003021004,0.001694072,0.0004286091,-0.0007653736,-0.001870237,-0.002880877,-0.003784942,-0.004583506,-0.00527105,-0.005855183,-0.006336435,-0.006727769,-0.007034584,-0.007273681,-0.007452853,-0.007589846,-0.007692629,-0.007778206,-0.007853344,-0.007933634,-0.008024515,-0.00814014,-0.008284513,-0.008470827,-0.008701873,-0.008988011,-0.009326778,-0.009720681,-0.01015576,-0.01061816,-0.01107263,-0.01148024,-0.01178394,-0.0119303,-0.0118682,-0.01158281,-0.01111574,-0.01060836,-0.01033097,-0.01062041,-0.01170468,-0.01337288,-0.01544885,-0.01808294,-0.02113974,-0.02476356,-0.02914711
-0.043401,-0.0476053,-0.05136162,-0.05382722,-0.05376522,-0.05006189,-0.04303969,-0.03380962,-0.02438135,-0.01681572,-0.01149052,-0.007744414,-0.005122466,-0.003180821,-0.00162415,-0.0002835275,0.0009327373,0.002075431,0.003168205,0.004223343,0.005247207,0.006242769,0.007211595,0.008154429,0.00907324,0.009969234,0.01084485,0.01170048,0.01253805,0.01335651,0.01415633,0.01493348,0.015686,0.01640645,0.01709016,0.01772627,0.01830781,0.0188215,0.0192592,0.01960673,0.01985661,0.01999551,0.0200183,0.01991395,0.01968108,0.01931202,0.01880975,0.0181707,0.01740279,0.01650675,0.01549511,0.01437264,0.01315634,0.0118546,0.01048754,0.00906557,0.007611259,0.006136528,0.004664373,0.003205663,0.001782433,0.0004038549,-0.0009104301,-0.002155618,-0.00331667,-0.004393108,-0.005374135,-0.006265156,-0.00706087,-0.00777155,-0.00839551,-0.008946802,-0.009426756,-0.009851659,-0.0102233,-0.01055839,-0.01085828,-0.01113898,-0.01140048,-0.01165826,-0.01191139,-0.01217448,-0.0124453,-0.0127381,-0.01304928,-0.01339063,-0.01375388,-0.01414488,-0.0145466,-0.0149536,-0.01533458,-0.01567011,-0.01591644,-0.01604958,-0.01603421,-0.01587651,-0.01560204,-0.01531525,-0.01519077,-0.01550046,-0.01651731,-0.0183962,-0.02108918,-0.02438344,-0.02786456,-0.03148723,-0.03524127,-0.03922549
-0.04181814,-0.04327688,-0.04365001,-0.04246796,-0.03932165,-0.03416726,-0.02730107,-0.02009246,-0.01379609,-0.008668905,-0.00473027,-0.001929976,0.000183102,0.001875437,0.00331214,0.004597961,0.005789588,0.006921125,0.008005721,0.009055474,0.01006834,0.01105098,0.01199849,0.01291694,0.01380002,0.01465383,0.01547157,0.01625921,0.01700868,0.0177246,0.01839724,0.01902941,0.01960916,0.02013686,0.02059844,0.02099224,0.0213028,0.02152736,0.02165012,0.02166882,0.0215692,0.02135106,0.02100316,0.02052841,0.01991962,0.01918381,0.01831838,0.01733428,0.01623314,0.01502999,0.01373048,0.01235275,0.01090511,0.00940776,0.007870902,0.006315769,0.004752486,0.003201433,0.001671931,0.0001827009,-0.001259511,-0.002639401,-0.003953733,-0.00519078,-0.006351124,-0.007427757,-0.008425533,-0.009340838,-0.01018163,-0.01094746,-0.01164868,-0.01228628,-0.01287105,-0.01340429,-0.01389674,-0.01434907,-0.014771,-0.01516249,-0.01553259,-0.01588073,-0.01621544,-0.01653593,-0.01685013,-0.01715597,-0.01745942,-0.01775566,-0.01804621,-0.0183199,-0.0185704,-0.01877823,-0.01892889,-0.01899719,-0.01896755,-0.01882425,-0.01857369,-0.01824061,-0.0178942,-0.01764928,-0.01768378,-0.01822516,-0.01950236,-0.02161259,-0.02436955,-0.02749695,-0.03083165,-0.03405145,-0.03702134,-0.03965003
-0.03374039,-0.03318195,-0.03158892,-0.02884417,-0.0249238,-0.02002681,-0.01485975,-0.009747841,-0.004985895,-0.001152281,0.001732948,0.004060336,0.005913389,0.007454966,0.008803948,0.01003214,0.01117825,0.01226535,0.01330328,0.01429672,0.01524829,0.01615751,0.01702417,0.01784602,0.01862272,0.01935163,0.02003212,0.02066065,0.02123594,0.02175353,0.02221121,0.02260283,0.02292494,0.0231697,0.02333266,0.02340474,0.02338111,0.02325243,0.02301469,0.02265988,0.02218619,0.02158809,0.02086722,0.02002157,0.01905701,0.01797516,0.01678587,0.01549439,0.01411444,0.01265397,0.01112921,0.009549997,0.00793432,0.006292757,0.004643272,0.002995487,0.001366779,-0.000234627,-0.001793646,-0.003305086,-0.004756459,-0.0061454,-0.007462437,-0.008709106,-0.009879324,-0.0109772,-0.01199882,-0.01295114,-0.01383217,-0.01465004,-0.01540301,-0.01609963,-0.01673818,-0.01732691,-0.01786307,-0.0183545,-0.01879791,-0.01920075,-0.01955931,-0.01988135,-0.02016308,-0.02041206,-0.02062363,-0.02080473,-0.02094892,-0.02106019,-0.02112782,-0.0211514,-0.0211152,-0.02101449,-0.02083065,-0.0205607,-0.02019328,-0.01974158,-0.01922133,-0.01868588,-0.01820574,-0.01789988,-0.01791426,-0.01841796,-0.01952488,-0.02126423,-0.02355327,-0.0261412,-0.02859679,-0.03074133,-0.03238762,-0.03343264
-0.02336928,-0.02184999,-0.01960928,-0.01667994,-0.01316303,-0.009244104,-0.004966178,-0.0008823274,0.002578562,0.005583657,0.008152493,0.01014967,0.01180717,0.01323013,0.01449055,0.01563663,0.01669961,0.01769537,0.01863213,0.01951438,0.02034038,0.02111145,0.02182353,0.02247765,0.02306817,0.02359629,0.02405578,0.02444822,0.02476647,0.02501194,0.02517655,0.02526142,0.02525743,0.02516508,0.02497459,0.0246864,0.02429086,0.02378913,0.02317263,0.02244451,0.02159855,0.02064082,0.01956825,0.01839026,0.01710726,0.01573214,0.01426862,0.01273217,0.01112884,0.009476153,0.00778169,0.006063719,0.00432983,0.002597882,0.0008748659,-0.0008224646,-0.002489193,-0.004110889,-0.005684605,-0.00719807,-0.008651027,-0.01003409,-0.01134956,-0.01258996,-0.01375948,-0.01485296,-0.01587633,-0.01682509,-0.01770566,-0.01851411,-0.01925719,-0.01993067,-0.02054069,-0.02108265,-0.0215626,-0.02197566,-0.02232777,-0.02261429,-0.02284156,-0.0230052,-0.02311189,-0.02315756,-0.02314876,-0.02308026,-0.02295715,-0.02277227,-0.02252821,-0.0222148,-0.02183227,-0.02136968,-0.02082915,-0.02020541,-0.01951146,-0.01876028,-0.01799005,-0.01724659,-0.01660767,-0.01616255,-0.01602327,-0.01629314,-0.01705655,-0.01827937,-0.01976602,-0.0212949,-0.022729,-0.02377944,-0.02429387,-0.02417129
-0.01340885,-0.01153252,-0.00917089,-0.006378227,-0.00322128,0.0001781004,0.003440513,0.006605906,0.009676516,0.01225387,0.01429879,0.01608246,0.01757429,0.01885017,0.01997347,0.02098471,0.02190557,0.02274968,0.02352241,0.02422525,0.02485937,0.0254221,0.02591283,0.02632756,0.02666601,0.02692395,0.02710136,0.02719382,0.02720156,0.02712016,0.02694974,0.02668552,0.02632763,0.02587103,0.025316,0.02465759,0.02389691,0.02302994,0.02205942,0.02098315,0.01980627,0.01852911,0.01715971,0.0157012,0.01416459,0.01255537,0.01088686,0.009166433,0.007409126,0.005623015,0.003823531,0.002018628,0.00022354,-0.001554747,-0.003302476,-0.005014606,-0.006678707,-0.008291462,-0.009842648,-0.01133135,-0.01274904,-0.01409634,-0.01536623,-0.01656141,-0.01767631,-0.01871423,-0.01966998,-0.02054796,-0.02134345,-0.02206085,-0.02269502,-0.02325047,-0.0237222,-0.02411488,-0.02442331,-0.02465272,-0.02479848,-0.02486654,-0.02485291,-0.02476459,-0.02459818,-0.02436101,-0.02404947,-0.02367081,-0.02322045,-0.02270431,-0.02211614,-0.02146103,-0.02073254,-0.01993729,-0.01907258,-0.01815276,-0.01718645,-0.01620399,-0.0152344,-0.01433193,-0.01355095,-0.01296674,-0.01264752,-0.01265203,-0.01297354,-0.01357534,-0.01438194,-0.01520407,-0.01574566,-0.01591118,-0.0155993,-0.01477219
-0.004489458,-0.002578528,-0.0003496702,0.002145924,0.00483552,0.007635672,0.01062849,0.0134524,0.01582806,0.01797125,0.01989507,0.02141572,0.02269743,0.02379204,0.02473866,0.02556434,0.02629062,0.02692619,0.02747755,0.02794622,0.02833131,0.02863234,0.02884682,0.02897456,0.02901221,0.02896032,0.02881547,0.0285792,0.02824802,0.02782413,0.02730386,0.02668999,0.02597869,0.02517324,0.02426991,0.02327272,0.0221786,0.02099289,0.01971382,0.01834861,0.01689736,0.01536966,0.01376774,0.01210343,0.01038085,0.008613865,0.00680814,0.004978518,0.003131194,0.001281474,-0.0005644438,-0.002391774,-0.004195429,-0.005961777,-0.007686836,-0.009358212,-0.01097389,-0.01252326,-0.01400557,-0.01541137,-0.01674149,-0.01798804,-0.01915308,-0.0202293,-0.02121947,-0.02211748,-0.02292697,-0.02364179,-0.02426582,-0.0247934,-0.02522895,-0.02556702,-0.02581225,-0.02595977,-0.02601517,-0.02597433,-0.02584377,-0.02562053,-0.02531231,-0.02491691,-0.02444286,-0.02388858,-0.02326293,-0.02256377,-0.02179945,-0.02096727,-0.02007523,-0.01912034,-0.01811157,-0.01704843,-0.0159447,-0.01480687,-0.01365855,-0.01251895,-0.01142587,-0.01041296,-0.009530768,-0.008820216,-0.008324771,-0.008063221,-0.008046886,-0.008198039,-0.008364194,-0.008425544,-0.008346146,-0.00795963,-0.007200583,-0.006038056
0.003025868,0.004915678,0.007037438,0.009353573,0.01182427,0.0143702,0.01670902,0.01895559,0.02117649,0.02303372,0.02448894,0.02577706,0.02683037,0.02769306,0.02840476,0.02899315,0.02947173,0.02985116,0.03013482,0.03032455,0.03042149,0.03042434,0.03033343,0.03014663,0.02986525,0.02948735,0.02901508,0.0284467,0.02778522,0.02702931,0.0261825,0.02524359,0.02421666,0.02310077,0.02190059,0.0206156,0.01925143,0.01780845,0.01629371,0.01470888,0.01306268,0.01135835,0.009606368,0.00781155,0.005985919,0.004135299,0.002272612,0.0004043098,-0.001456217,-0.003302838,-0.005122627,-0.00691016,-0.008653109,-0.01034715,-0.01198134,-0.0135529,-0.0150517,-0.01647607,-0.01781732,-0.01907529,-0.02024212,-0.02131842,-0.02229717,-0.0231804,-0.02396203,-0.02464448,-0.02522206,-0.02569835,-0.02606843,-0.02633643,-0.02649773,-0.02655739,-0.0265118,-0.02636706,-0.02612027,-0.02577889,-0.02534122,-0.0248159,-0.02420218,-0.0235099,-0.02273894,-0.02189949,-0.02099132,-0.02002482,-0.01899935,-0.01792488,-0.01680039,-0.01563657,-0.01443369,-0.01320519,-0.01195531,-0.01070372,-0.009461966,-0.008258391,-0.007113429,-0.0060632,-0.00513226,-0.004353635,-0.003741346,-0.003297922,-0.002972768,-0.002731532,-0.002536007,-0.002274092,-0.001766415,-0.001002902,5.045594e-05,0.001394505
0.009276902,0.01104967,0.01297215,0.01500565,0.01709286,0.01918524,0.02139023,0.02341689,0.02504537,0.02651004,0.0278289,0.02880754,0.02958371,0.03018647,0.03063973,0.03096058,0.03116632,0.03126324,0.03125821,0.03115301,0.0309489,0.03064678,0.03024689,0.02975077,0.02915826,0.02847196,0.02769202,0.02682217,0.02586266,0.02481814,0.02368903,0.02248072,0.0211936,0.01983372,0.01840172,0.01690441,0.01534284,0.0137248,0.01205217,0.010334,0.008573157,0.006780088,0.004958712,0.003120665,0.001270648,-0.0005787264,-0.002422263,-0.004247134,-0.006048386,-0.007813238,-0.00953716,-0.01120804,-0.0128225,-0.01436938,-0.01584614,-0.01724243,-0.01855724,-0.01978151,-0.02091504,-0.02194947,-0.02288588,-0.02371721,-0.02444565,-0.02506467,-0.02557729,-0.02597839,-0.02627226,-0.0264542,-0.02652926,-0.02649385,-0.0263543,-0.02610787,-0.02576176,-0.02531434,-0.02477422,-0.02414081,-0.02342379,-0.02262364,-0.02175104,-0.0208069,-0.01980239,-0.01873868,-0.01762701,-0.0164679,-0.01527228,-0.01404044,-0.01278346,-0.01150191,-0.01020819,-0.008905066,-0.007608479,-0.006325332,-0.005076769,-0.003875055,-0.002745695,-0.001702895,-0.0007705779,4.444976e-05,0.0007359289,0.001319167,0.001800169,0.002254273,0.002786082,0.003441522,0.004194278,0.005139758,0.006301699,0.007687708
0.01400298,0.01566545,0.01743229,0.01927422,0.02116101,0.02302781,0.02464096,0.02614685,0.02764117,0.02882196,0.02965634,0.03036423,0.03086328,0.03118343,0.03135245,0.03139206,0.03131206,0.03112311,0.0308289,0.03043354,0.02993968,0.02934902,0.02866402,0.02788578,0.02701788,0.02606159,0.0250215,0.02389907,0.02269981,0.0214254,0.02008197,0.01867134,0.01720017,0.01567038,0.0140891,0.01245849,0.01078636,0.009075286,0.007333904,0.005565438,0.003779479,0.001979941,0.0001773088,-0.001623801,-0.003412171,-0.005182918,-0.006924579,-0.008632165,-0.01029418,-0.01190623,-0.01345745,-0.01494416,-0.01635605,-0.01769042,-0.01893813,-0.02009777,-0.02116083,-0.02212685,-0.02298867,-0.02374728,-0.02439639,-0.02493791,-0.02536663,-0.02568611,-0.02589236,-0.02598968,-0.02597491,-0.02585394,-0.02562478,-0.02529422,-0.024861,-0.02433317,-0.02371063,-0.02300254,-0.02220945,-0.0213417,-0.02040063,-0.01939726,-0.0183333,-0.01722033,-0.01606004,-0.0148638,-0.01363274,-0.01237814,-0.01110059,-0.009810963,-0.008509573,-0.007207958,-0.005907341,-0.004621071,-0.003352527,-0.002118265,-0.0009245052,0.0002095537,0.001276334,0.002257366,0.003149845,0.003945264,0.004654265,0.005292739,0.005917094,0.006541544,0.007174085,0.00788282,0.008783338,0.009847148,0.01107835,0.01246611
0.01733825,0.01880438,0.02031765,0.02184504,0.02334153,0.02477851,0.02627477,0.02757847,0.02850891,0.02930923,0.03000024,0.03038754,0.03059621,0.03064434,0.03054825,0.03032042,0.02997654,0.02952291,0.0289679,0.02831518,0.02756861,0.02673147,0.02580677,0.02479855,0.0237094,0.02254427,0.02130594,0.02000026,0.01863008,0.01720195,0.0157187,0.01418744,0.0126109,0.01099663,0.009347364,0.007671125,0.005970731,0.004254779,0.002526385,0.0007947985,-0.0009364891,-0.002657507,-0.004364406,-0.006046691,-0.007700352,-0.009314473,-0.01088504,-0.0124013,-0.01385976,-0.01524992,-0.01656891,-0.01780692,-0.01896229,-0.02002612,-0.0209976,-0.02186865,-0.02264004,-0.02330498,-0.02386518,-0.02431478,-0.02465695,-0.02488734,-0.02501046,-0.0250227,-0.02492974,-0.02472953,-0.02442911,-0.02402705,-0.02353132,-0.02294159,-0.02226706,-0.0215081,-0.0206746,-0.01976768,-0.01879816,-0.01776757,-0.01668716,-0.0155588,-0.01439394,-0.01319413,-0.01197063,-0.01072463,-0.009467015,-0.008198034,-0.006928083,-0.005657033,-0.004395331,-0.003142834,-0.001910746,-0.0006999909,0.0004765278,0.001616462,0.002705249,0.003739772,0.004706256,0.005604973,0.00642817,0.007185868,0.007885685,0.008550723,0.009183766,0.00984911,0.01061816,0.01149637,0.01243105,0.01348231,0.0146562,0.01594907
0.01912032,0.02041107,0.0217242,0.02303645,0.02432657,0.02554075,0.02647895,0.02730378,0.02812711,0.02867088,0.02890684,0.02904721,0.02900348,0.02879873,0.02845444,0.02798975,0.02741282,0.02673535,0.02596206,0.02509965,0.02415252,0.02312521,0.022022,0.02084678,0.0196048,0.0182998,0.01693777,0.01552243,0.01406048,0.01255556,0.0110148,0.009441707,0.007843813,0.006224486,0.004591492,0.002948131,0.001302554,-0.0003418934,-0.001976673,-0.003598304,-0.005197797,-0.006771543,-0.008310202,-0.009810045,-0.01126151,-0.01266108,-0.01399937,-0.01527314,-0.01647324,-0.01759728,-0.01863693,-0.0195907,-0.02045093,-0.02121721,-0.02188317,-0.02244981,-0.02291153,-0.02327038,-0.02352226,-0.02367084,-0.02371301,-0.02365345,-0.02349019,-0.02322961,-0.02287093,-0.02242119,-0.02188033,-0.02125677,-0.02055138,-0.0197732,-0.01892346,-0.018012,-0.01704065,-0.01601975,-0.01495115,-0.01384558,-0.01270491,-0.01153982,-0.0103518,-0.009151414,-0.007939559,-0.006726142,-0.005511186,-0.00430429,-0.00310479,-0.001921835,-0.0007543306,0.0003882128,0.0015066,0.002590504,0.003640103,0.004643978,0.005602172,0.006503684,0.007350423,0.008134847,0.00886532,0.009543366,0.01018694,0.01081342,0.01147304,0.01216064,0.01286717,0.01363781,0.01455554,0.01557476,0.01668552,0.01787115
0.01964529,0.02069411,0.0217283,0.02272,0.02363286,0.02445615,0.02531535,0.02598546,0.02630834,0.0265304,0.02667616,0.02655332,0.02628034,0.02586935,0.02533275,0.02468044,0.02392771,0.02308116,0.02215067,0.0211414,0.02005943,0.01890971,0.01769734,0.01642779,0.01510552,0.01373665,0.01232546,0.01087869,0.009400385,0.007897741,0.006374628,0.004838491,0.003292897,0.001745546,0.0001998025,-0.001336434,-0.002860014,-0.004362794,-0.005841694,-0.007288333,-0.008699723,-0.01006724,-0.01138804,-0.01265346,-0.01386096,-0.01500195,-0.01607428,-0.01706989,-0.01798748,-0.0188195,-0.01956549,-0.02021881,-0.02078034,-0.02124448,-0.02161307,-0.02188142,-0.02205305,-0.02212456,-0.02210044,-0.02197817,-0.02176369,-0.02145581,-0.02106162,-0.02058048,-0.02002033,-0.01938174,-0.01867367,-0.01789682,-0.01706062,-0.01616638,-0.01522416,-0.01423535,-0.01321009,-0.01214984,-0.01106496,-0.009956617,-0.008834964,-0.007700852,-0.006564091,-0.005424744,-0.004292078,-0.003165528,-0.002053845,-0.0009554577,0.000121364,0.0011786,0.002208014,0.003211842,0.004181553,0.005119147,0.006015562,0.006872905,0.007682185,0.008446695,0.009159899,0.009829521,0.01045472,0.01105082,0.01162729,0.01220453,0.01277733,0.01339968,0.01412136,0.01492722,0.01575418,0.01664662,0.01760096,0.01860807
0.01893653,0.01979324,0.02062844,0.02142433,0.02216575,0.02280938,0.02317993,0.02345044,0.02373861,0.0237821,0.02355751,0.02327152,0.02283331,0.02226187,0.02157515,0.02079035,0.01991487,0.01896085,0.01793385,0.01684196,0.01569081,0.01448648,0.0132344,0.01193971,0.01060847,0.009245378,0.007856953,0.006447556,0.005024125,0.003590676,0.002154371,0.000718912,-0.0007083472,-0.002124078,-0.003520872,-0.004895704,-0.006241039,-0.007554123,-0.008827376,-0.01005829,-0.01123923,-0.01236801,-0.01343707,-0.01444457,-0.01538316,-0.01625164,-0.01704319,-0.01775723,-0.01838749,-0.01893447,-0.01939287,-0.01976422,-0.02004398,-0.02023483,-0.02033353,-0.02034409,-0.02026393,-0.02009806,-0.01984521,-0.01951171,-0.01909702,-0.01860815,-0.01804533,-0.01741681,-0.01672348,-0.01597376,-0.01516878,-0.01431777,-0.01342218,-0.01249129,-0.01152632,-0.01053677,-0.00952386,-0.008496953,-0.007456755,-0.006412509,-0.005364442,-0.004321319,-0.003282684,-0.002256941,-0.001242863,-0.0002481475,0.0007292726,0.001681954,0.002612578,0.003514074,0.00438956,0.005231774,0.006043911,0.006818458,0.007558758,0.008257198,0.008918085,0.009535183,0.01011524,0.01065535,0.01116749,0.01165488,0.01213462,0.01261958,0.01315184,0.01371205,0.01428109,0.01489453,0.01561723,0.01639972,0.01722472,0.01807405
0.01743012,0.01805481,0.01863638,0.01915241,0.01957558,0.01990705,0.02027602,0.02047547,0.0203622,0.02018265,0.01996347,0.01951466,0.01895053,0.01827951,0.01751142,0.01665406,0.01572215,0.014722,0.01366418,0.01255428,0.01139948,0.01020528,0.008977683,0.007722449,0.00644466,0.005150431,0.003844385,0.002532946,0.001220238,-8.706604e-05,-0.001385233,-0.002667537,-0.003930737,-0.005168039,-0.006376592,-0.00754963,-0.008684766,-0.009775274,-0.01081914,-0.01180972,-0.01274548,-0.01361993,-0.01443201,-0.0151756,-0.01585031,-0.01645041,-0.01697621,-0.01742272,-0.01779133,-0.01807768,-0.01828403,-0.01840699,-0.0184501,-0.0184109,-0.01829374,-0.01809689,-0.01782611,-0.01748066,-0.01706693,-0.01658465,-0.01604123,-0.01543724,-0.01478072,-0.01407225,-0.0133202,-0.01252578,-0.0116978,-0.01083708,-0.009952382,-0.009044589,-0.008122582,-0.007186849,-0.006245896,-0.005299845,-0.004357039,-0.003416973,-0.002487543,-0.001567701,-0.0006648708,0.0002228471,0.001088541,0.001934667,0.002754706,0.003551969,0.004320252,0.005063178,0.005774541,0.006458306,0.007108165,0.007728229,0.008312134,0.008864675,0.009380035,0.009864557,0.01031473,0.01074058,0.01114251,0.01153538,0.01192566,0.01232822,0.01273017,0.01317881,0.0137106,0.01429999,0.01488233,0.0154945,0.01613172,0.01678365
0.0152336,0.01570257,0.01613385,0.01651589,0.01684102,0.01707217,0.01705051,0.01695312,0.01690247,0.0166472,0.01616496,0.015659,0.01503692,0.01431509,0.01350854,0.01263287,0.01169403,0.01070398,0.009667957,0.008594546,0.007489283,0.006358715,0.005208139,0.004042963,0.002868833,0.001690417,0.0005135501,-0.0006576626,-0.001817182,-0.002961488,-0.004084513,-0.00518321,-0.006251482,-0.007286849,-0.008283339,-0.009238971,-0.01014786,-0.01100854,-0.01181535,-0.01256736,-0.01325912,-0.01389034,-0.01445594,-0.01495623,-0.01538658,-0.01574818,-0.01603708,-0.01625519,-0.01639916,-0.016472,-0.01647124,-0.01640078,-0.01625875,-0.01604996,-0.01577351,-0.01543526,-0.01503459,-0.01457794,-0.01406554,-0.01350467,-0.01289578,-0.01224634,-0.01155701,-0.01083595,-0.010084,-0.009309005,-0.008511512,-0.007699747,-0.006874141,-0.006042568,-0.005204889,-0.00436885,-0.003534014,-0.002707744,-0.001888899,-0.001084567,-0.0002930244,0.0004791624,0.001234378,0.001966345,0.002678099,0.003363902,0.00402745,0.004663063,0.005274875,0.005857431,0.006415233,0.006942642,0.007444356,0.007914659,0.008358628,0.008770672,0.009156988,0.009513229,0.009847541,0.01015777,0.01045556,0.01074222,0.01103151,0.01133094,0.01167573,0.01203694,0.01239222,0.01277181,0.01323309,0.01372546,0.01423261,0.01473859
0.01279089,0.01308223,0.01332485,0.01350197,0.0135937,0.01360961,0.01368008,0.01360969,0.01326475,0.01289047,0.01251453,0.01194839,0.01130296,0.01058402,0.009798954,0.008953617,0.00806137,0.007127614,0.006162367,0.005170864,0.004160051,0.003135054,0.002101558,0.001064774,2.925825e-05,-0.0009996417,-0.002018079,-0.003020614,-0.004004082,-0.004962962,-0.005894658,-0.006793754,-0.007658293,-0.008482933,-0.009266259,-0.01000312,-0.01069275,-0.01133021,-0.0119153,-0.0124434,-0.01291494,-0.01332565,-0.01367666,-0.01396418,-0.01419011,-0.01435114,-0.0144499,-0.0144838,-0.01445643,-0.01436571,-0.01421592,-0.01400568,-0.01374029,-0.01341894,-0.01304736,-0.01262512,-0.01215891,-0.01164881,-0.01110167,-0.01051761,-0.009903979,-0.009261253,-0.008596961,-0.007911117,-0.007211179,-0.006497403,-0.005777292,-0.0050504,-0.004323899,-0.003597134,-0.00287719,-0.002162819,-0.0014606,-0.0007688164,-9.382063e-05,0.0005667579,0.001206983,0.001829708,0.002429363,0.003009503,0.003564891,0.004099456,0.004608145,0.005095522,0.005556663,0.005996313,0.006409447,0.006801105,0.007166154,0.007509849,0.007827077,0.008123779,0.008395227,0.008648589,0.008880768,0.009101457,0.009309787,0.009518174,0.009729255,0.009953011,0.01017092,0.01042621,0.01074826,0.01110635,0.01143843,0.01177857,0.01212426,0.01246727
0.01016222,0.01036549,0.01053297,0.01065833,0.01073829,0.01074138,0.01052003,0.01025261,0.01006345,0.009708207,0.009164497,0.008632767,0.008019445,0.007338338,0.006601966,0.00582396,0.005008543,0.004166549,0.003302172,0.002423329,0.00153469,0.0006422158,-0.000249709,-0.001136393,-0.002013281,-0.002876605,-0.003721794,-0.004545804,-0.005344017,-0.006114128,-0.006851618,-0.007554762,-0.008219122,-0.008843655,-0.009424163,-0.009960209,-0.01044778,-0.01088708,-0.01127443,-0.01161069,-0.01189249,-0.01212137,-0.01229442,-0.01241382,-0.01247707,-0.01248719,-0.01244224,-0.01234586,-0.01219651,-0.01199866,-0.0117514,-0.01145979,-0.01112316,-0.01074713,-0.01033159,-0.009882788,-0.009400499,-0.008891118,-0.008354843,-0.007798498,-0.007222075,-0.006632202,-0.006028736,-0.005418652,-0.004801647,-0.004184122,-0.003565274,-0.002951661,-0.002342183,-0.001742923,-0.001152119,-0.0005756546,-1.14253e-05,0.0005350653,0.001066582,0.001577843,0.002072108,0.002544493,0.002998764,0.003430153,0.003842893,0.004232555,0.00460382,0.004952124,0.005282423,0.00559022,0.005880718,0.006149166,0.00640092,0.006631104,0.006845392,0.007038901,0.007218183,0.007379118,0.007529491,0.007666312,0.007799483,0.007927722,0.008061375,0.008203826,0.008385868,0.008572781,0.008740958,0.008919747,0.009162145,0.00942123,0.009681551,0.009930765
0.007693258,0.007790713,0.00784669,0.007848334,0.007780667,0.007658527,0.00761363,0.007458671,0.007064198,0.006672827,0.006313991,0.005798962,0.005235976,0.004628429,0.003981457,0.003298641,0.002591754,0.001864546,0.001125921,0.0003798089,-0.0003676926,-0.001112658,-0.001850312,-0.002576743,-0.003288405,-0.003981357,-0.004652894,-0.005299117,-0.005918118,-0.006505989,-0.007061481,-0.007580874,-0.008063623,-0.008506131,-0.008908452,-0.009267233,-0.009583221,-0.009853316,-0.01007885,-0.01025706,-0.01038993,-0.01047502,-0.01051495,-0.01050768,-0.01045653,-0.01035978,-0.01022129,-0.01003985,-0.009820024,-0.00956084,-0.009267262,-0.008938677,-0.008580696,-0.008192942,-0.007781117,-0.007344815,-0.006890334,-0.006417441,-0.005932253,-0.005434223,-0.00492967,-0.004418124,-0.003905807,-0.003391575,-0.002881389,-0.002374168,-0.001875785,-0.00138436,-0.0009053726,-0.0004366855,1.633609e-05,0.0004564127,0.0008786364,0.00128614,0.001674168,0.002046414,0.002398403,0.002734168,0.003049442,0.0033488,0.003628117,0.003892161,0.004136804,0.004367281,0.004579428,0.004778528,0.004960197,0.005129922,0.005283107,0.005425371,0.005552004,0.005669141,0.005772114,0.005867823,0.005952531,0.00603479,0.006111927,0.006193983,0.006280362,0.00637768,0.006463876,0.006580588,0.006752425,0.006947576,0.007106349,0.007263579,0.007418844,0.00756614
0.005325969,0.005406807,0.005461359,0.0054871,0.005484089,0.005424405,0.005167251,0.004890513,0.004720111,0.004416042,0.003954039,0.003532803,0.003057562,0.002539662,0.001989387,0.001418232,0.0008285198,0.0002294617,-0.0003762027,-0.0009818583,-0.001584138,-0.002178278,-0.002761159,-0.00332932,-0.003879546,-0.004409379,-0.004915657,-0.005396707,-0.00584938,-0.006272798,-0.006663946,-0.007022548,-0.007345688,-0.007633777,-0.007884138,-0.008097784,-0.008272198,-0.008409006,-0.00850599,-0.008565358,-0.008585139,-0.008568144,-0.008512705,-0.008422154,-0.008295084,-0.008135443,-0.00794217,-0.00771958,-0.007466759,-0.007188583,-0.006884451,-0.006559525,-0.006213127,-0.005850666,-0.005471747,-0.005082084,-0.004680857,-0.00427369,-0.003859917,-0.003445351,-0.003028901,-0.002616003,-0.002205272,-0.001802353,-0.00140559,-0.001019974,-0.0006433007,-0.0002806855,7.038578e-05,0.00040526,0.0007270757,0.001031326,0.001321429,0.001593175,0.00185054,0.002089424,0.002314173,0.002520947,0.002714454,0.002890822,0.003055069,0.003203498,0.00334142,0.003464871,0.003579301,0.003680677,0.003774588,0.003856648,0.003932506,0.003997527,0.004057508,0.004107594,0.004154176,0.004192706,0.004230213,0.004262522,0.004297932,0.004332997,0.004375655,0.004426442,0.004513681,0.00459934,0.004659886,0.004724665,0.004844735,0.004976135,0.00510536,0.005223271
0.003279203,0.003318883,0.003328128,0.003296714,0.003213285,0.003095484,0.003075043,0.002970519,0.002653453,0.002364181,0.002133887,0.001772509,0.001385877,0.0009755694,0.0005445093,9.422038e-05,-0.0003653824,-0.0008322797,-0.001299086,-0.001763324,-0.002220194,-0.002667136,-0.003100635,-0.003518131,-0.003917342,-0.004295705,-0.004651811,-0.004983167,-0.005289167,-0.005567308,-0.005817633,-0.006037816,-0.006228581,-0.006387684,-0.006516389,-0.006612642,-0.006678339,-0.006711599,-0.006714808,-0.006686299,-0.006629006,-0.006541443,-0.006427014,-0.006284478,-0.006117722,-0.005925611,-0.005712366,-0.005477122,-0.005224545,-0.004953746,-0.00466954,-0.004371138,-0.004063742,-0.003746547,-0.003424611,-0.003096879,-0.002768789,-0.002439264,-0.00211339,-0.001789623,-0.001473119,-0.001162295,-0.000862122,-0.0005702866,-0.0002914489,-2.332996e-05,0.0002295026,0.0004701079,0.0006942858,0.0009053162,0.001099058,0.001279304,0.001442292,0.001592145,0.00172516,0.001845915,0.001950876,0.002044849,0.00212439,0.002194723,0.002252422,0.002302786,0.002342266,0.002376513,0.002401831,0.002423827,0.002438493,0.002451537,0.002458636,0.002465524,0.002467613,0.002470936,0.002470656,0.00247322,0.00247423,0.00248118,0.002490027,0.002509108,0.002535809,0.002574712,0.002601474,0.002656908,0.002763663,0.002888934,0.002976286,0.003059586,0.003141353,0.003217641
0.001383615,0.001461882,0.001524761,0.001572345,0.00160645,0.001602077,0.001421167,0.001239805,0.001185932,0.001022517,0.0007216698,0.0004815705,0.0002061568,-9.545674e-05,-0.0004149279,-0.0007426722,-0.001078248,-0.001414049,-0.001748902,-0.002077545,-0.002398044,-0.002706866,-0.003002228,-0.003281848,-0.003543836,-0.003786912,-0.004009213,-0.004210217,-0.004388055,-0.004542977,-0.004673202,-0.00477952,-0.004860188,-0.004916623,-0.004947238,-0.004953954,-0.00493524,-0.004893528,-0.004827465,-0.004739929,-0.004629658,-0.004499981,-0.004349777,-0.004182715,-0.003997731,-0.003798912,-0.00358534,-0.003361257,-0.003125674,-0.002883175,-0.002632875,-0.002379449,-0.002121735,-0.001864466,-0.00160659,-0.001352992,-0.001102058,-0.0008584567,-0.0006206137,-0.000393299,-0.0001744452,3.160448e-05,0.0002272524,0.0004079728,0.000576444,0.000728776,0.0008681726,0.000990596,0.001099523,0.00119132,0.001270025,0.00133209,0.001381772,0.001415747,0.001438745,0.001447467,0.001446941,0.001434045,0.00141408,0.001383803,0.001348742,0.001305745,0.001260557,0.001209675,0.001158913,0.001104625,0.00105269,0.0009990352,0.0009495265,0.0008997328,0.0008555366,0.0008120912,0.0007756616,0.0007413921,0.0007158066,0.0006939232,0.0006830384,0.000678339,0.0006863981,0.0007059911,0.0007643432,0.0008211907,0.0008535938,0.0008907634,0.0009827919,0.001087754,0.001193261,0.001292742
-0.0002320611,-0.0001523679,-9.170458e-05,-5.913132e-05,-6.416899e-05,-8.882098e-05,-3.712479e-07,2.37045e-05,-0.0001466547,-0.0002735397,-0.0003229969,-0.0004875369,-0.0006632655,-0.0008499353,-0.001046603,-0.001253492,-0.001462363,-0.001672753,-0.001878735,-0.002079184,-0.002270551,-0.0024515,-0.00261969,-0.002773724,-0.002912433,-0.003034366,-0.003139185,-0.003225474,-0.003293645,-0.003342206,-0.003372155,-0.003382106,-0.003373655,-0.003345407,-0.003299399,-0.003234317,-0.003152716,-0.003053332,-0.002939077,-0.002808759,-0.002665692,-0.002508708,-0.002341432,-0.002162767,-0.001976653,-0.001781925,-0.001582679,-0.001377842,-0.00117179,-0.0009632553,-0.0007566041,-0.0005505191,-0.0003496135,-0.0001524275,3.668373e-05,0.0002195311,0.0003914658,0.0005543928,0.0007040723,0.0008429179,0.0009666511,0.001077743,0.001172103,0.001252928,0.00131642,0.001365719,0.00139709,0.001414417,0.001414286,0.001400756,0.001370428,0.001327828,0.001269879,0.001201383,0.001119274,0.001028764,0.0009268994,0.000819071,0.0007023659,0.0005825482,0.0004566769,0.0003305492,0.0002010602,7.43143e-05,-5.298169e-05,-0.0001747967,-0.0002947789,-0.0004068399,-0.0005150128,-0.0006132507,-0.0007059525,-0.0007868943,-0.0008609339,-0.0009216761,-0.0009738521,-0.001010363,-0.001036021,-0.001043268,-0.001035905,-0.001010206,-0.0009920879,-0.0009407687,-0.0008351027,-0.0007079946,-0.0006143947,-0.0005206819,-0.0004228948,-0.0003242815
-0.001795877,-0.001648532,-0.001505882,-0.001366439,-0.001227843,-0.001113512,-0.001160556,-0.001196072,-0.001088877,-0.00107462,-0.001186042,-0.001224255,-0.001286411,-0.001365542,-0.001454732,-0.001546072,-0.001640588,-0.001732122,-0.001820769,-0.001902527,-0.001976592,-0.00204054,-0.00209361,-0.002134549,-0.00216243,-0.002176935,-0.002177106,-0.002163315,-0.002134535,-0.002091842,-0.002034222,-0.001963205,-0.001877723,-0.001779836,-0.001668533,-0.001546269,-0.001411972,-0.001268477,-0.001114769,-0.0009540022,-0.0007851131,-0.0006115615,-0.0004322804,-0.0002509296,-6.636e-05,0.0001175005,0.0003017987,0.0004825806,0.0006611941,0.0008334657,0.001000754,0.0011589,0.001309626,0.001448797,0.001578099,0.0016933,0.001796691,0.001884294,0.001958383,0.002014891,0.002056588,0.002079828,0.002087707,0.00207638,0.002049187,0.002002892,0.001941336,0.001861103,0.001766269,0.001653788,0.001528268,0.001386722,0.001233946,0.001067148,0.0008915742,0.0007044426,0.0005112768,0.0003094567,0.0001047685,-0.0001055338,-0.0003154446,-0.0005276243,-0.0007358544,-0.000943139,-0.001143194,-0.001339176,-0.001524738,-0.001703468,-0.001869056,-0.002025496,-0.002166524,-0.002296634,-0.002409306,-0.002509251,-0.002589924,-0.00265644,-0.002701782,-0.002731282,-0.002738973,-0.002726995,-0.002668243,-0.002604032,-0.002557525,-0.002499388,-0.002380948,-0.00224196,-0.002095007,-0.001945589
-0.003207177,-0.003043748,-0.002887829,-0.002748606,-0.002634904,-0.00253004,-0.002300013,-0.002118993,-0.002120956,-0.0020704,-0.001929369,-0.00189384,-0.001861458,-0.00183278,-0.001808544,-0.001790316,-0.00177123,-0.001752042,-0.001728032,-0.001699125,-0.001662789,-0.001618621,-0.001565205,-0.001501996,-0.001428658,-0.001344523,-0.001250021,-0.001144458,-0.001028946,-0.0009026344,-0.0007671411,-0.0006216489,-0.0004682858,-0.0003061284,-0.0001376473,3.809975e-05,0.0002182274,0.0004037395,0.000591512,0.000782593,0.0009735677,0.001165579,0.001355027,0.0015431,0.001725993,0.001905072,0.002076486,0.002241612,0.002396408,0.002542526,0.00267601,0.002798635,0.002906253,0.003000823,0.003078485,0.003141586,0.003185995,0.003214156,0.003222341,0.003213502,0.003183868,0.003136432,0.003067585,0.002981018,0.002873396,0.002748338,0.002602541,0.002440336,0.002258722,0.002062198,0.001847763,0.001620366,0.00137732,0.001123852,0.0008572974,0.000583298,0.0002993134,1.118501e-05,-0.0002835625,-0.0005786851,-0.000876655,-0.001171158,-0.001464796,-0.001750912,-0.002032257,-0.002302202,-0.002563823,-0.002810406,-0.003045403,-0.003262131,-0.003464419,-0.003645448,-0.003809613,-0.003950038,-0.004071168,-0.00416563,-0.004238245,-0.00428144,-0.004299319,-0.00428814,-0.004274893,-0.004218578,-0.004098584,-0.003947933,-0.00382068,-0.003684218,-0.003533679,-0.003372582
-0.004691849,-0.004460962,-0.004223391,-0.003977198,-0.003720452,-0.003474283,-0.003378241,-0.003262747,-0.002992787,-0.00280285,-0.002731974,-0.002579492,-0.002443535,-0.002319124,-0.002200311,-0.002080537,-0.00196194,-0.001839522,-0.001714311,-0.001583292,-0.00144649,-0.001302344,-0.001150806,-0.0009913911,-0.0008238213,-0.0006484819,-0.0004650011,-0.0002743806,-7.611199e-05,0.0001281564,0.0003389875,0.0005543594,0.0007749684,0.000998341,0.001225197,0.001452759,0.001681902,0.00190956,0.002136641,0.002359859,0.002580272,0.002794379,0.003003333,0.003203525,0.003396281,0.003577806,0.003749498,0.003907603,0.004053788,0.004184134,0.004300367,0.004398614,0.004480996,0.004543694,0.004588803,0.004612411,0.004617216,0.004599554,0.004562103,0.004501093,0.004419672,0.004314472,0.004188949,0.004039516,0.003869851,0.00367695,0.003464975,0.003230738,0.002978627,0.002705816,0.002417226,0.002110096,0.001789555,0.001453062,0.001106219,0.000746524,0.0003799029,4.066506e-06,-0.0003747404,-0.0007588774,-0.001141815,-0.001525759,-0.001903888,-0.002278676,-0.002643159,-0.002999888,-0.003341762,-0.003671696,-0.003982549,-0.004277595,-0.004549708,-0.004802675,-0.005029122,-0.005233115,-0.005407351,-0.005556496,-0.005672968,-0.005761916,-0.005817015,-0.005840739,-0.00580513,-0.005752206,-0.005704852,-0.005634173,-0.005491857,-0.005316814,-0.005122273,-0.004912974
-0.006121314,-0.005889049,-0.005650909,-0.005417139,-0.005196631,-0.004975059,-0.004616988,-0.004293255,-0.004144012,-0.003935894,-0.00362574,-0.00341394,-0.003199497,-0.002983227,-0.002767386,-0.002554476,-0.002338785,-0.002121914,-0.001900128,-0.001674055,-0.00144199,-0.001204145,-0.0009598298,-0.0007090374,-0.0004520801,-0.0001887689,7.987806e-05,0.0003541222,0.0006323234,0.0009149562,0.001199937,0.001487762,0.0017759,0.002065018,0.002352315,0.002638548,0.002920571,0.003199273,0.00347135,0.003737813,0.003995138,0.004244501,0.004482268,0.004709728,0.004923107,0.005123928,0.005308422,0.005478174,0.005629267,0.00576359,0.005877338,0.005972545,0.006045227,0.006097604,0.00612598,0.006132961,0.00611457,0.006073491,0.006006132,0.005915666,0.005798443,0.005657653,0.005489779,0.005298689,0.005081135,0.004840897,0.004574741,0.004287153,0.00397521,0.003643573,0.003289333,0.002917617,0.002525861,0.002119512,0.001696071,0.001261451,0.0008133435,0.0003579312,-0.0001069529,-0.000574639,-0.001047195,-0.001517779,-0.001988486,-0.002452024,-0.002910523,-0.003356597,-0.003792583,-0.0042109,-0.004614151,-0.004994678,-0.00535538,-0.005688398,-0.005997163,-0.006273754,-0.006521709,-0.006732705,-0.006910819,-0.007047669,-0.00714681,-0.007203628,-0.007245646,-0.007231334,-0.007139476,-0.00700286,-0.006874837,-0.00672425,-0.006545404,-0.006342479
-0.007674791,-0.007404219,-0.007112982,-0.006799012,-0.006461292,-0.006119172,-0.005915421,-0.005685141,-0.005287948,-0.004957583,-0.00474092,-0.004434483,-0.004137174,-0.003846067,-0.003555809,-0.003261017,-0.002964589,-0.002662502,-0.002356404,-0.00204411,-0.001726178,-0.001401743,-0.001071205,-0.0007346996,-0.0003923457,-4.509393e-05,0.0003070745,0.000662645,0.001021812,0.001382456,0.001744865,0.002106595,0.002468113,0.002826577,0.003182522,0.003532854,0.003878319,0.004215594,0.00454551,0.00486458,0.005173837,0.005469638,0.005753164,0.006020706,0.006273664,0.00650819,0.006725789,0.006922679,0.007100661,0.007255816,0.00739001,0.007499373,0.007586169,0.007646583,0.007682848,0.007691036,0.00767396,0.007627932,0.00755573,0.007453532,0.007324556,0.007165363,0.006979469,0.006763203,0.006520271,0.006247575,0.00594931,0.005622198,0.00527066,0.00489179,0.004490559,0.004064166,0.003617828,0.003149002,0.002663432,0.002158683,0.001640899,0.00110794,0.0005663625,1.406091e-05,-0.0005420148,-0.001103694,-0.001663606,-0.002223704,-0.002776332,-0.003323374,-0.003856881,-0.004378937,-0.004881389,-0.005366534,-0.0058261,-0.006262769,-0.006667898,-0.007044389,-0.00738365,-0.007689208,-0.007952224,-0.008176849,-0.008355708,-0.00849085,-0.008552517,-0.008582158,-0.008602727,-0.008584971,-0.008480732,-0.008327485,-0.008139285,-0.007920438
-0.009163525,-0.008933065,-0.008680087,-0.008416089,-0.008150196,-0.007872486,-0.007444114,-0.007033069,-0.006786736,-0.006474652,-0.00604702,-0.005709353,-0.00536197,-0.005005565,-0.004643865,-0.004280036,-0.003909362,-0.003534019,-0.003151129,-0.002761788,-0.002364981,-0.001961304,-0.001550679,-0.001133438,-0.0007104382,-0.0002817858,0.0001509957,0.000587893,0.00102679,0.001467918,0.001908753,0.00234957,0.002787424,0.003222793,0.003652503,0.004077154,0.004493261,0.004901593,0.00529855,0.005685057,0.006057333,0.006416508,0.006758722,0.007085258,0.007392142,0.007680913,0.007947637,0.008193932,0.008415723,0.008614942,0.008787636,0.008935883,0.009055548,0.00914888,0.009212015,0.009247582,0.009251425,0.00922622,0.009168169,0.009080422,0.008959108,0.008807371,0.008621448,0.00840514,0.008154944,0.007874572,0.007560526,0.007217218,0.006841468,0.006437882,0.006003316,0.005542872,0.005053782,0.004541511,0.004003421,0.003445513,0.002865415,0.002269476,0.001655566,0.001030635,0.0003927771,-0.000250754,-0.0009017541,-0.001552358,-0.00220423,-0.002849229,-0.003489041,-0.004115129,-0.004729254,-0.005322598,-0.005897019,-0.006443289,-0.006963647,-0.007448667,-0.007900592,-0.008309486,-0.008678134,-0.008996548,-0.00926709,-0.00948322,-0.009672405,-0.009791717,-0.009818686,-0.009784587,-0.00974226,-0.009661063,-0.009534207,-0.009366656
-0.01070371,-0.01048737,-0.01023349,-0.009939618,-0.00960586,-0.00924879,-0.009015709,-0.008747234,-0.008296318,-0.007895795,-0.007601796,-0.007207238,-0.006811565,-0.006414089,-0.006009755,-0.005594286,-0.005171102,-0.004737074,-0.004294261,-0.003841216,-0.003378828,-0.002906858,-0.002425974,-0.001936867,-0.001439897,-0.0009365283,-0.0004269684,8.678584e-05,0.0006047147,0.001124233,0.001645416,0.00216538,0.002684393,0.003199187,0.003710111,0.004213667,0.004710436,0.005196716,0.00567319,0.006136015,0.006586103,0.007019482,0.007437225,0.00783532,0.008215082,0.008572379,0.00890864,0.00921981,0.009507625,0.009767902,0.01000244,0.0102071,0.01038406,0.01052924,0.01064479,0.01072648,0.01077701,0.0107924,0.01077528,0.01072152,0.01063416,0.01050942,0.01035065,0.01015382,0.009922428,0.009653009,0.009349558,0.009008425,0.008633827,0.008222493,0.007779209,0.007300836,0.006792428,0.006251145,0.005682623,0.005084187,0.004461934,0.00381357,0.0031457,0.002456171,0.001752093,0.001031719,0.0003027356,-0.0004365631,-0.001178036,-0.001923124,-0.002663183,-0.003399631,-0.004123387,-0.004835838,-0.005527525,-0.006199987,-0.006843153,-0.007458562,-0.008035969,-0.008577384,-0.009072178,-0.009522954,-0.009920518,-0.01026585,-0.01052634,-0.01074194,-0.01093498,-0.01107547,-0.01111413,-0.0110861,-0.01100601,-0.01087699
-0.01204593,-0.01192883,-0.01177026,-0.01158289,-0.01137573,-0.01114279,-0.01074247,-0.01033806,-0.01008606,-0.009759004,-0.009298848,-0.008916931,-0.008515083,-0.008093414,-0.007657152,-0.00720988,-0.006747878,-0.00627369,-0.005785252,-0.005283915,-0.00476933,-0.004242312,-0.003703366,-0.003152998,-0.002592595,-0.002022428,-0.001444527,-0.0008590719,-0.0002686698,0.0003267409,0.0009241503,0.001523657,0.002121836,0.002718983,0.003311454,0.003899668,0.004479679,0.005052073,0.005612804,0.006162627,0.006697327,0.007217866,0.007719972,0.008204768,0.008667883,0.009110703,0.009528904,0.009923965,0.01029143,0.01063307,0.01094457,0.01122785,0.0114784,0.01169829,0.01188327,0.01203579,0.01215129,0.01223225,0.01227443,0.01228078,0.01224697,0.01217592,0.01206338,0.0119129,0.0117205,0.0114896,0.01121623,0.01090449,0.01055071,0.0101592,0.009726344,0.009256931,0.008747738,0.008203962,0.007622537,0.007009226,0.006361291,0.005684907,0.004977653,0.004246388,0.003489022,0.002712836,0.001915987,0.001106518,0.0002828894,-0.0005463831,-0.001382644,-0.002216751,-0.003049874,-0.00387232,-0.004685062,-0.005477704,-0.00625131,-0.006994985,-0.00770951,-0.008383216,-0.009017217,-0.009599566,-0.01013073,-0.01060155,-0.01103878,-0.01139789,-0.0116531,-0.01183382,-0.01199115,-0.01209463,-0.01213515,-0.01211764
-0.01326049,-0.01322005,-0.01312455,-0.01297056,-0.0127589,-0.01250167,-0.01235181,-0.01215566,-0.01175862,-0.01139131,-0.01112062,-0.01073527,-0.0103348,-0.009920944,-0.009488633,-0.009034695,-0.008562865,-0.008070888,-0.007561025,-0.007032549,-0.006486511,-0.005923286,-0.005343648,-0.004748829,-0.00413929,-0.003517015,-0.002882316,-0.002237692,-0.001583278,-0.000922164,-0.0002544171,0.0004165709,0.001090913,0.001764828,0.002438489,0.003107878,0.003773392,0.00443081,0.005080622,0.005718466,0.006345059,0.006955917,0.007551917,0.008128541,0.008686909,0.009222399,0.009736241,0.01022389,0.01068689,0.01112059,0.01152657,0.01190021,0.0122435,0.01255186,0.01282723,0.01306487,0.01326726,0.0134299,0.01355519,0.01363846,0.01368248,0.01368292,0.01364283,0.01355763,0.0134305,0.01325737,0.01304191,0.01277987,0.0124751,0.01212372,0.01173014,0.01129062,0.01080982,0.01028431,0.00971935,0.009111677,0.008467053,0.007782632,0.007064734,0.006310709,0.005527453,0.004712821,0.003874395,0.003010205,0.002128429,0.00122754,0.0003164198,-0.0006062104,-0.001530773,-0.002458241,-0.003378357,-0.004291933,-0.00518774,-0.006066232,-0.006915642,-0.007736566,-0.008516477,-0.009256247,-0.009944495,-0.01058086,-0.01112919,-0.01162684,-0.01209488,-0.01250197,-0.01279649,-0.01301045,-0.01315785,-0.01323963
-0.01407015,-0.01418838,-0.01424736,-0.01426028,-0.01423498,-0.01417062,-0.01392063,-0.0136425,-0.0135022,-0.01327611,-0.01289622,-0.0125798,-0.01223037,-0.01184689,-0.01143614,-0.01100185,-0.01054127,-0.01005705,-0.009547937,-0.009015351,-0.008459586,-0.00788149,-0.007282125,-0.006662023,-0.006023085,-0.00536561,-0.004692116,-0.004002836,-0.003300876,-0.002586254,-0.001862481,-0.00112957,-0.0003914682,0.0003519763,0.001096585,0.001842607,0.002585547,0.003325797,0.004058754,0.004784963,0.005499644,0.006203537,0.006891805,0.007565348,0.008219225,0.008854593,0.00946657,0.01005641,0.01061909,0.01115616,0.01166274,0.01214052,0.01258445,0.01299635,0.01337139,0.0137118,0.01401245,0.01427554,0.01449627,0.01467729,0.01481369,0.01490808,0.0149556,0.01495945,0.01491505,0.01482544,0.01468598,0.01450038,0.01426432,0.01398166,0.01364809,0.01326794,0.01283729,0.01236085,0.01183483,0.01126451,0.01064642,0.009986266,0.009280902,0.008536728,0.007750994,0.006930567,0.006073006,0.005186029,0.004267617,0.003326104,0.002359829,0.001377946,0.0003791956,-0.0006264531,-0.00163977,-0.002649748,-0.003656885,-0.004649293,-0.005626798,-0.006576284,-0.007497488,-0.008376534,-0.009212103,-0.009992029,-0.01074211,-0.01141577,-0.01198355,-0.01247126,-0.01292789,-0.01332233,-0.01364196,-0.01389088
-0.01454488,-0.01479128,-0.01496916,-0.01507282,-0.01510341,-0.01506781,-0.01512247,-0.01512121,-0.01489992,-0.01468583,-0.01455765,-0.01429922,-0.0140093,-0.01369225,-0.01334254,-0.0129581,-0.01254258,-0.01209461,-0.01161636,-0.01110783,-0.01056999,-0.01000378,-0.009409876,-0.00879004,-0.00814464,-0.007476148,-0.006784805,-0.006073596,-0.005342626,-0.004595481,-0.003832235,-0.003056797,-0.002269107,-0.001473484,-0.0006698535,0.0001372074,0.000947958,0.0017576,0.002566452,0.003369555,0.00416743,0.00495499,0.005732896,0.006496018,0.007245246,0.007975352,0.008687329,0.009376023,0.01004274,0.01068222,0.01129581,0.01187829,0.01243139,0.01294995,0.01343565,0.01388315,0.01429467,0.0146651,0.01499657,0.0152838,0.01552925,0.01572798,0.01588272,0.01598823,0.01604734,0.01605531,0.01601541,0.01592272,0.01578063,0.01558455,0.0153384,0.01503768,0.01468653,0.01428071,0.01382493,0.01331509,0.01275635,0.012145,0.01148673,0.01077803,0.01002515,0.00922509,0.008384788,0.007501487,0.006582776,0.005626423,0.004640827,0.003624157,0.00258569,0.001524127,0.0004496761,-0.0006385056,-0.001728881,-0.002821539,-0.003903972,-0.004975942,-0.006023657,-0.007046636,-0.008031712,-0.008977383,-0.009843885,-0.01066522,-0.01146181,-0.01219989,-0.01282504,-0.01336458,-0.01383173,-0.01422396
-0.01443329,-0.0148749,-0.01524635,-0.01556027,-0.01582213,-0.0160359,-0.01604929,-0.01601192,-0.01609895,-0.01609168,-0.01591,-0.01577663,-0.01559703,-0.01536826,-0.01509855,-0.01479133,-0.0144447,-0.01406112,-0.01364004,-0.01318267,-0.01268986,-0.01216225,-0.01160138,-0.0110076,-0.01038322,-0.009728367,-0.009045978,-0.008336148,-0.007602412,-0.006844683,-0.006066922,-0.005269096,-0.004455633,-0.003626385,-0.002786043,-0.001934411,-0.00107653,-0.0002121124,0.0006536712,0.00152122,0.002385163,0.00324606,0.004098469,0.004943085,0.005774353,0.006593205,0.007394145,0.008178192,0.008939716,0.009680022,0.01039362,0.01108196,0.01173937,0.01236744,0.01296074,0.01352123,0.0140432,0.01452857,0.01497194,0.01537567,0.01573428,0.01605005,0.01631751,0.01653951,0.01671083,0.01683418,0.01690422,0.01692427,0.01688927,0.01680265,0.01665935,0.01646318,0.0162094,0.01590217,0.01553682,0.01511799,0.01464132,0.01411176,0.01352523,0.01288733,0.01219432,0.01145222,0.01065755,0.009817192,0.008928076,0.007997713,0.007023444,0.006013677,0.004966273,0.003890593,0.002785191,0.001660718,0.0005163004,-0.0006361905,-0.001796545,-0.002951173,-0.004099267,-0.005225892,-0.00632856,-0.007392512,-0.00844287,-0.009431922,-0.01032591,-0.01114701,-0.01194148,-0.01267702,-0.01333672,-0.01392306
-0.0138596,-0.01444724,-0.01496276,-0.01539708,-0.01575083,-0.0160227,-0.01637343,-0.01666424,-0.01672071,-0.01676387,-0.016885,-0.0168628,-0.01679405,-0.01668571,-0.01653117,-0.01632922,-0.01608305,-0.01579199,-0.01545779,-0.015081,-0.0146622,-0.0142028,-0.01370311,-0.01316527,-0.01258928,-0.01197801,-0.01133137,-0.01065272,-0.009941893,-0.009202845,-0.008435455,-0.007644037,-0.006828381,-0.005993245,-0.00513847,-0.004269123,-0.003384913,-0.002491158,-0.001587569,-0.0006796622,0.0002330092,0.001144775,0.002056179,0.002961485,0.00386144,0.004750201,0.005628592,0.006490835,0.007338052,0.008164368,0.008970941,0.009751929,0.01050885,0.01123596,0.01193471,0.01259918,0.01323135,0.01382552,0.01438361,0.01489973,0.01537609,0.01580715,0.01619538,0.01653494,0.01682834,0.01707021,0.01726348,0.01740256,0.01749047,0.0175219,0.01750033,0.01742048,0.01728599,0.01709179,0.01684199,0.01653159,0.01616505,0.01573768,0.0152544,0.01471061,0.01411169,0.01345345,0.01274189,0.01197302,0.01115337,0.01027943,0.009358543,0.008387593,0.007374814,0.006317692,0.005225506,0.004096356,0.002941071,0.001758785,0.0005616689,-0.0006504006,-0.001863438,-0.003076755,-0.004276274,-0.005460468,-0.006586799,-0.007686235,-0.008778422,-0.009828521,-0.01077898,-0.01165215,-0.01245964,-0.01319469
-0.01264653,-0.01342437,-0.01413266,-0.01478306,-0.01537687,-0.01592255,-0.01626264,-0.01653559,-0.01692538,-0.01721895,-0.01732234,-0.01746275,-0.01754786,-0.01757175,-0.01754394,-0.0174669,-0.01733947,-0.01716338,-0.01693865,-0.01666582,-0.0163462,-0.01597984,-0.01556865,-0.01511239,-0.0146137,-0.0140722,-0.01349111,-0.01287005,-0.01221286,-0.01151903,-0.01079286,-0.01003396,-0.009247109,-0.008431885,-0.00759337,-0.006731168,-0.005850746,-0.004951691,-0.004039643,-0.003114139,-0.002181057,-0.001239834,-0.0002964477,0.0006497549,0.001592657,0.002533107,0.003465032,0.004389348,0.00529984,0.006197679,0.007076787,0.007938481,0.008776512,0.009592299,0.01037984,0.01114093,0.0118693,0.01256669,0.01322714,0.01385282,0.01443768,0.01498381,0.01548517,0.01594437,0.01635562,0.01672136,0.01703568,0.01730155,0.01751331,0.01767404,0.01777798,0.01782852,0.0178202,0.01775664,0.01763238,0.01745146,0.01720859,0.01690805,0.01654471,0.01612336,0.01563909,0.01509699,0.01449232,0.01383082,0.01310807,0.01233035,0.01149355,0.01060472,0.009660226,0.008668041,0.007625226,0.006541108,0.005413437,0.004252917,0.003058632,0.001843365,0.0006072162,-0.0006351378,-0.001881324,-0.003115135,-0.004362052,-0.005574663,-0.006715364,-0.007803335,-0.00888231,-0.009919772,-0.01089369,-0.01180499
-0.01100537,-0.01190128,-0.01273421,-0.01349096,-0.01417173,-0.01476625,-0.01543697,-0.01605364,-0.01643119,-0.01678163,-0.0172092,-0.01748748,-0.01770968,-0.01788531,-0.0180059,-0.01807093,-0.01808252,-0.01804048,-0.01794562,-0.01779892,-0.01760013,-0.01735097,-0.01705095,-0.01670245,-0.01630479,-0.01586099,-0.01537032,-0.01483631,-0.01425819,-0.0136401,-0.01298139,-0.01228657,-0.01155498,-0.01079161,-0.009995918,-0.009173254,-0.008323026,-0.007450876,-0.006556293,-0.005645162,-0.004716885,-0.003777543,-0.002826508,-0.001869965,-0.0009071343,5.566756e-05,0.001019247,0.00197733,0.002930991,0.003873849,0.00480699,0.005724053,0.006626464,0.007507955,0.008369899,0.009205842,0.01001763,0.01079908,0.01155196,0.0122699,0.01295494,0.01360104,0.0142105,0.01477699,0.0153028,0.01578205,0.01621746,0.0166029,0.01694111,0.01722621,0.01746135,0.01764066,0.01776737,0.01783573,0.01784936,0.01780251,0.01769906,0.01753346,0.01730989,0.01702279,0.01667665,0.01626618,0.01579631,0.01526176,0.01466787,0.01400967,0.01329308,0.01251341,0.01167731,0.01078057,0.009830778,0.008824267,0.007770163,0.006665895,0.005522073,0.004337077,0.003123658,0.001881453,0.0006239529,-0.0006487133,-0.001892936,-0.003137141,-0.004402099,-0.005652493,-0.006829034,-0.007949199,-0.009024022,-0.01004244
-0.008846102,-0.009881894,-0.01086134,-0.01179493,-0.01267958,-0.01352889,-0.01417919,-0.01475612,-0.015451,-0.01605852,-0.01646931,-0.01691333,-0.01730095,-0.01762232,-0.01788798,-0.01809886,-0.01825422,-0.01835454,-0.0184002,-0.01839067,-0.0183275,-0.01820973,-0.01803943,-0.01781546,-0.01754057,-0.01721349,-0.01683751,-0.01641146,-0.01593924,-0.0154196,-0.01485688,-0.01425004,-0.01360394,-0.01291757,-0.01219613,-0.01143871,-0.01065095,-0.009832008,-0.008987738,-0.008117323,-0.007226913,-0.006315672,-0.005389897,-0.004448724,-0.003498632,-0.002538634,-0.00157519,-0.0006072927,0.0003584251,0.001323179,0.002280456,0.003231594,0.004169902,0.00509678,0.006005766,0.006898633,0.007768664,0.008617542,0.00943884,0.01023466,0.01099851,0.0117324,0.01242981,0.01309325,0.01371648,0.01430181,0.01484284,0.01534238,0.0157943,0.01620145,0.01655757,0.01686579,0.01712009,0.01732375,0.01747071,0.01756458,0.0175994,0.01757889,0.01749715,0.01735826,0.01715642,0.01689585,0.01657071,0.01618571,0.01573514,0.01522402,0.01464673,0.01400884,0.01330499,0.01254143,0.01171333,0.01082807,0.009881398,0.008881997,0.0078269,0.006726949,0.005580346,0.004400146,0.003187138,0.00195755,0.0006843538,-0.0005874211,-0.001818076,-0.003024566,-0.00424914,-0.005460187,-0.006631907,-0.007764385
-0.006456963,-0.007542606,-0.008586312,-0.009570726,-0.01049626,-0.01134297,-0.01227324,-0.01316711,-0.01382924,-0.01446002,-0.01517639,-0.01574769,-0.01626188,-0.01673113,-0.01714441,-0.0175017,-0.01780339,-0.01804969,-0.01823996,-0.01837546,-0.01845465,-0.0184794,-0.01844806,-0.01836312,-0.01822275,-0.01803003,-0.01778319,-0.01748573,-0.01713593,-0.01673789,-0.01629004,-0.01579688,-0.01525692,-0.01467513,-0.01405022,-0.01338756,-0.01268589,-0.01195093,-0.01118155,-0.01038379,-0.009556516,-0.008706005,-0.00783119,-0.006938488,-0.006026766,-0.00510261,-0.004164931,-0.003220316,-0.002267467,-0.001313102,-0.0003559601,0.0005972323,0.001548022,0.002489767,0.003423938,0.004343688,0.005250905,0.00613902,0.007009835,0.007856567,0.00868127,0.009477479,0.01024748,0.01098455,0.01169093,0.01236031,0.01299534,0.01358949,0.01414538,0.0146567,0.01512645,0.01554831,0.01592532,0.01625125,0.01652946,0.01675367,0.01692742,0.01704455,0.0171088,0.01711391,0.01706376,0.01695222,0.01678344,0.01655116,0.01625969,0.01590284,0.01548528,0.01500083,0.0144546,0.01384063,0.01316465,0.01242099,0.01161665,0.01074686,0.009819922,0.008831925,0.007793351,0.006701661,0.005568482,0.004391111,0.003212346,0.002005188,0.0007462943,-0.0005304029,-0.001765747,-0.002973248,-0.004164812,-0.005325852
-0.003805551,-0.004950155,-0.006061337,-0.007149306,-0.008205873,-0.009249591,-0.01011363,-0.01090894,-0.01183232,-0.01268815,-0.01335154,-0.01405316,-0.01470706,-0.01529861,-0.01583928,-0.01632784,-0.01676394,-0.01714634,-0.01747567,-0.01774991,-0.01797069,-0.01813576,-0.01824722,-0.01830267,-0.01830482,-0.0182512,-0.01814504,-0.01798401,-0.01777188,-0.01750634,-0.01719158,-0.01682553,-0.01641291,-0.01595175,-0.01544713,-0.01489726,-0.01430765,-0.0136767,-0.01301016,-0.01230654,-0.01157194,-0.01080492,-0.01001179,-0.00919116,-0.008349575,-0.007485615,-0.006605844,-0.005708889,-0.004801532,-0.003882271,-0.002957799,-0.002026547,-0.001095409,-0.0001628174,0.0007645267,0.001688523,0.00260221,0.003507348,0.004397236,0.005274013,0.006130922,0.006969968,0.007784358,0.008576549,0.009340019,0.01007703,0.01078089,0.01145431,0.01209083,0.01269323,0.01325491,0.01377886,0.01425872,0.0146976,0.0150891,0.01543657,0.0157337,0.01598387,0.01618076,0.01632804,0.01641938,0.01645845,0.01643876,0.01636431,0.01622855,0.01603552,0.01577856,0.01546198,0.01507907,0.01463449,0.0141217,0.01354617,0.01290162,0.01219442,0.01141929,0.01058452,0.009685849,0.008733713,0.007726337,0.006678613,0.00556119,0.004414482,0.003278796,0.002137779,0.0009496585,-0.0002572217,-0.001454129,-0.00264184
-0.001209803,-0.002318077,-0.003412174,-0.004471477,-0.005497298,-0.006460632,-0.00752292,-0.00857564,-0.009415343,-0.01022812,-0.01114324,-0.01192776,-0.01266297,-0.01336387,-0.01401641,-0.0146211,-0.01517626,-0.01568241,-0.01613717,-0.01654195,-0.01689371,-0.0171944,-0.01744095,-0.01763581,-0.01777584,-0.017864,-0.01789727,-0.017879,-0.01780621,-0.01768281,-0.01750607,-0.01728026,-0.01700274,-0.01667824,-0.01630442,-0.01588642,-0.01542198,-0.01491657,-0.01436819,-0.01378267,-0.01315805,-0.01250044,-0.01180805,-0.01108718,-0.01033605,-0.009561181,-0.008760916,-0.007941831,-0.007102145,-0.006248598,-0.005379519,-0.004501705,-0.003613275,-0.002720974,-0.001823048,-0.0009264878,-2.920115e-05,0.0008620826,0.001749324,0.002625555,0.003492925,0.004344757,0.005183401,0.006001919,0.006802553,0.007578764,0.008333171,0.009059005,0.009758847,0.01042612,0.01106374,0.01166515,0.01223327,0.01276162,0.01325343,0.01370217,0.01411117,0.01447404,0.01479426,0.0150653,0.01529069,0.01546396,0.01558883,0.01565855,0.01567681,0.0156368,0.01554233,0.01538632,0.01517274,0.01489441,0.01455554,0.01414886,0.01367942,0.01314045,0.01253788,0.01186548,0.011131,0.01032934,0.009469481,0.008545172,0.007596729,0.006597946,0.005521406,0.004398255,0.003285332,0.002171812,0.001043411,-8.321351e-05
0.00135949,0.0002771883,-0.0007977619,-0.001876269,-0.002945935,-0.004030962,-0.004963777,-0.005839869,-0.006859784,-0.007840101,-0.008641492,-0.009493128,-0.010314,-0.01108429,-0.0118166,-0.01250723,-0.01315637,-0.01376075,-0.01432134,-0.0148344,-0.01530176,-0.0157196,-0.01609008,-0.01640937,-0.01668013,-0.01689857,-0.01706773,-0.01718399,-0.01725091,-0.01726492,-0.01722995,-0.01714268,-0.01700752,-0.01682134,-0.01658887,-0.01630718,-0.01598147,-0.01560902,-0.0151953,-0.01473778,-0.01424227,-0.01370638,-0.01313617,-0.01252939,-0.01189236,-0.01122287,-0.01052734,-0.009803678,-0.009058545,-0.008289832,-0.007504147,-0.006699397,-0.005882426,-0.005051221,-0.004212494,-0.003363972,-0.002512647,-0.001656463,-0.0008022079,5.248622e-05,0.0009007544,0.001744776,0.002577611,0.003401809,0.004210693,0.005006584,0.005782596,0.006541449,0.007276495,0.007990458,0.008676574,0.009337742,0.009967424,0.01056864,0.01113482,0.01166918,0.01216527,0.01262634,0.0130459,0.01342747,0.01376457,0.01406066,0.01430904,0.01451339,0.01466689,0.01477312,0.01482497,0.01482605,0.01476898,0.01465737,0.0144837,0.01425198,0.01395451,0.01359572,0.01316847,0.01267861,0.01211956,0.01149893,0.01081214,0.01007207,0.009246866,0.008370927,0.007484027,0.006568819,0.005583205,0.004550719,0.003501408,0.002432145
0.00361115,0.002641955,0.001659552,0.0006868246,-0.0002801218,-0.001205064,-0.002246432,-0.003308681,-0.004183616,-0.005041634,-0.006023143,-0.006895675,-0.007732819,-0.008552766,-0.009338497,-0.01009125,-0.01080718,-0.01148724,-0.01212725,-0.01272892,-0.01328763,-0.01380544,-0.01427785,-0.01470732,-0.01508938,-0.01542687,-0.01571548,-0.01595835,-0.01615127,-0.01629786,-0.01639416,-0.01644407,-0.01644378,-0.01639762,-0.01630206,-0.0161618,-0.01597344,-0.01574202,-0.01546444,-0.01514606,-0.0147839,-0.01438363,-0.01394248,-0.01346633,-0.01295252,-0.01240717,-0.01182781,-0.01122067,-0.01058325,-0.009921954,-0.009234481,-0.008527366,-0.007798166,-0.007053408,-0.006290849,-0.005517317,-0.004730335,-0.003936506,-0.003133554,-0.002328369,-0.001518575,-0.0007108257,9.738547e-05,0.000899124,0.00169671,0.002483547,0.00326228,0.004026068,0.004777458,0.005509777,0.00622586,0.006919053,0.007592173,0.00823864,0.008861552,0.009454316,0.01002013,0.01055256,0.01105495,0.01152077,0.01195343,0.01234646,0.0127034,0.01301755,0.01329237,0.013521,0.01370689,0.0138428,0.01393211,0.01396726,0.01395156,0.013877,0.01374725,0.0135544,0.0133025,0.01298363,0.01260312,0.01215371,0.01164175,0.01105759,0.01043796,0.009757305,0.008984406,0.008145845,0.00729447,0.006421264,0.005508432,0.004573235
0.005618215,0.00473906,0.003844785,0.002922493,0.001987639,0.001010375,0.00015585,-0.000656607,-0.001629033,-0.002592631,-0.00339601,-0.00426453,-0.00512359,-0.005948392,-0.006752924,-0.007531159,-0.008283995,-0.009006279,-0.009699477,-0.01035823,-0.01098465,-0.01157348,-0.01212704,-0.01264017,-0.01311557,-0.01354814,-0.01394087,-0.0142889,-0.01459562,-0.01485623,-0.01507437,-0.01524554,-0.01537381,-0.01545483,-0.01549293,-0.015484,-0.01543276,-0.01533537,-0.01519677,-0.01501333,-0.01479032,-0.01452433,-0.01422084,-0.01387663,-0.01349747,-0.01308024,-0.01263084,-0.01214633,-0.01163288,-0.01108759,-0.01051666,-0.009917277,-0.009295882,-0.008649842,-0.007985534,-0.007300146,-0.006600367,-0.005883693,-0.005156681,-0.004416609,-0.003670152,-0.002914857,-0.002157537,-0.001395474,-0.0006352622,0.0001255238,0.0008800286,0.001630982,0.002371735,0.003104962,0.003823875,0.004531263,0.005220552,0.005894623,0.00654687,0.007180371,0.007788654,0.008374838,0.008932484,0.009464966,0.009965916,0.01043869,0.01087677,0.01128371,0.0116529,0.01198779,0.01228146,0.01253727,0.01274795,0.01291669,0.01303583,0.01310861,0.01312693,0.01309396,0.01300165,0.01285405,0.01264313,0.01237414,0.01204027,0.01165232,0.01117669,0.01064134,0.01008478,0.009488167,0.008809004,0.008064568,0.007285084,0.006463935
0.007152535,0.006433734,0.005680872,0.004917515,0.00413622,0.003378445,0.002490067,0.001552582,0.0007751025,3.6401e-06,-0.0009115323,-0.001741888,-0.002552703,-0.003365853,-0.004161584,-0.004942289,-0.005702095,-0.006442775,-0.007158454,-0.007851384,-0.008515497,-0.009153232,-0.009758784,-0.01033482,-0.01087564,-0.01138418,-0.01185494,-0.01229107,-0.01268716,-0.01304671,-0.0133646,-0.01364452,-0.01388149,-0.01407951,-0.01423389,-0.01434895,-0.01442014,-0.01445203,-0.01444035,-0.01438999,-0.01429684,-0.01416601,-0.01399366,-0.01378511,-0.01353664,-0.01325382,-0.01293318,-0.0125804,-0.01219204,-0.01177401,-0.01132309,-0.01084535,-0.01033754,-0.009805737,-0.009246974,-0.008667656,-0.008064696,-0.007444328,-0.006803744,-0.006149512,-0.005478836,-0.004798119,-0.004104527,-0.003404787,-0.002696349,-0.00198569,-0.001270026,-0.0005561187,0.0001586296,0.0008675659,0.001573489,0.002269743,0.002959046,0.003634799,0.004299953,0.004947911,0.005581708,0.006194929,0.00679079,0.007362839,0.007914367,0.008439085,0.00894047,0.009412086,0.009857359,0.01026978,0.01065277,0.01099948,0.01131319,0.01158666,0.01182294,0.01201417,0.01216343,0.01226265,0.01231482,0.01231136,0.012256,0.01214025,0.01196842,0.01172842,0.01145334,0.01111899,0.01068959,0.01018841,0.00966319,0.009106122,0.008494794,0.007846188
0.008349608,0.007750785,0.007122447,0.006449002,0.005747626,0.004983283,0.00431542,0.00367705,0.002867033,0.002037826,0.001349484,0.0005826711,-0.0001957458,-0.0009566136,-0.00171558,-0.002464661,-0.003205813,-0.00393231,-0.004646352,-0.005341246,-0.006019609,-0.006675034,-0.007310183,-0.007918828,-0.008503852,-0.009059179,-0.009587859,-0.01008405,-0.01055109,-0.01098321,-0.01138391,-0.0117477,-0.01207837,-0.01237061,-0.01262836,-0.01284654,-0.01302939,-0.01317208,-0.013279,-0.01334554,-0.01337637,-0.01336707,-0.01332251,-0.01323844,-0.01312002,-0.01296315,-0.01277305,-0.01254585,-0.01228705,-0.0119929,-0.01166891,-0.01131145,-0.01092631,-0.01051011,-0.01006861,-0.009598327,-0.009105351,-0.008586593,-0.008048086,-0.007486614,-0.006908373,-0.006310509,-0.005699423,-0.005072118,-0.004434839,-0.003784967,-0.003129084,-0.002464385,-0.001797317,-0.001125218,-0.0004547301,0.0002168272,0.000882971,0.001546412,0.002200608,0.002848414,0.003483426,0.004108527,0.004717383,0.005313137,0.005889601,0.006449965,0.006987985,0.007507111,0.00800114,0.008473483,0.00891775,0.009337322,0.009725518,0.01008551,0.01041022,0.01070275,0.01095541,0.01117094,0.01134138,0.01146988,0.01154804,0.01157963,0.01155666,0.01148837,0.0113409,0.01113624,0.01091086,0.01064531,0.01029712,0.009877409,0.009415301,0.008900414
0.009049412,0.008622697,0.008150246,0.007655523,0.007127365,0.006609993,0.005954765,0.005228993,0.004638947,0.004046917,0.003296177,0.002607996,0.001925428,0.001222816,0.0005219489,-0.0001809976,-0.0008786084,-0.001573666,-0.002259036,-0.002937688,-0.003602526,-0.004256497,-0.004892864,-0.005514652,-0.006115302,-0.006697981,-0.00725637,-0.007793698,-0.008303766,-0.008790048,-0.009246621,-0.009677035,-0.01007548,-0.01044572,-0.01078223,-0.01108897,-0.01136052,-0.01160101,-0.01180531,-0.01197775,-0.01211334,-0.01221659,-0.01228275,-0.01231651,-0.01231323,-0.01227778,-0.01220582,-0.0121023,-0.01196293,-0.01179285,-0.01158804,-0.01135381,-0.01108615,-0.01079039,-0.01046281,-0.01010912,-0.009725571,-0.009317717,-0.008882158,-0.008424826,-0.007942432,-0.007440808,-0.00691672,-0.006376373,-0.005816919,-0.005244412,-0.004655879,-0.004057715,-0.003447247,-0.00283085,-0.002205763,-0.001578426,-0.0009462552,-0.0003156952,0.0003159788,0.0009422982,0.00156601,0.002180817,0.002789626,0.003386143,0.003973368,0.004545236,0.005104999,0.00564657,0.00617324,0.006679001,0.007167234,0.007631755,0.008075885,0.008493166,0.008886713,0.009249474,0.009584466,0.009884298,0.01015166,0.01037838,0.01056742,0.0107102,0.01080992,0.01085341,0.01087045,0.01083877,0.01072024,0.01053447,0.0103239,0.01008214,0.009782995,0.009442593
0.009438938,0.009128938,0.008784065,0.008386022,0.00795316,0.007446014,0.007015438,0.006606515,0.006021641,0.005396292,0.004894981,0.004306763,0.003689705,0.003076544,0.002449659,0.0018186,0.001179973,0.0005417659,-9.929046e-05,-0.0007354773,-0.001370208,-0.001996185,-0.002616682,-0.003224677,-0.003823517,-0.004406383,-0.004976643,-0.005527741,-0.006063211,-0.006576602,-0.007071462,-0.007541609,-0.007990781,-0.008412953,-0.008811912,-0.009181812,-0.009526648,-0.009840797,-0.01012833,-0.01038377,-0.0106114,-0.01080592,-0.01097171,-0.01110368,-0.01120637,-0.01127484,-0.01131366,-0.01131813,-0.01129305,-0.01123383,-0.01114525,-0.01102289,-0.01087178,-0.01068776,-0.01047584,-0.01023181,-0.009961023,-0.00965969,-0.009333145,-0.008977559,-0.008598466,-0.008192463,-0.007765333,-0.007313651,-0.006843111,-0.00635075,-0.005842661,-0.00531583,-0.004776302,-0.004221315,-0.003657181,-0.00308124,-0.002499737,-0.001910086,-0.001318655,-0.0007228193,-0.0001288523,0.0004658312,0.001055011,0.00164149,0.002219234,0.002791107,0.003351107,0.003902404,0.00443918,0.004964676,0.005473067,0.005967686,0.006442611,0.006901078,0.007336941,0.007753386,0.008143733,0.008510747,0.00884739,0.009156569,0.009430551,0.00967244,0.009874308,0.0100445,0.01015022,0.01020826,0.01025494,0.01026932,0.01021015,0.01008279,0.009916116,0.009696263
0.009408014,0.009252491,0.009048918,0.008819836,0.0085507,0.008286518,0.007885378,0.007401242,0.007033907,0.006661293,0.006122642,0.00562894,0.005131301,0.004600442,0.004059451,0.003502874,0.002939184,0.002364406,0.001786494,0.001201595,0.000617452,3.045852e-05,-0.0005520924,-0.001133732,-0.001707402,-0.002276634,-0.002834636,-0.003384896,-0.00392076,-0.004445834,-0.004953728,-0.005448027,-0.005922446,-0.00638068,-0.006816682,-0.00723423,-0.007627383,-0.007999986,-0.008346331,-0.008670368,-0.008966511,-0.009238803,-0.009481857,-0.009699795,-0.009887342,-0.01004873,-0.01017894,-0.01028225,-0.01035367,-0.0103976,-0.01040934,-0.01039341,-0.01034512,-0.01026898,-0.01016062,-0.01002489,-0.009857437,-0.009662978,-0.009437514,-0.009186164,-0.0089051,-0.00859939,-0.008265328,-0.007908383,-0.007525317,-0.007121536,-0.006693775,-0.006247837,-0.005780865,-0.005298732,-0.004798622,-0.004286554,-0.003760003,-0.003225082,-0.002679253,-0.002128729,-0.001571057,-0.001012342,-0.0004500543,0.0001096826,0.0006694547,0.001223377,0.001774301,0.002316402,0.002852639,0.003377409,0.003893874,0.004396457,0.004888411,0.005364108,0.005826738,0.006270277,0.006697889,0.007103319,0.007489368,0.007848966,0.008184959,0.008489628,0.008765845,0.009000637,0.009221026,0.009407702,0.009521645,0.009579707,0.009619693,0.009636676,0.009601898,0.009530541
0.009168855,0.009103773,0.009006571,0.008856722,0.008672232,0.008410774,0.008213236,0.008035306,0.007684962,0.00728067,0.006987905,0.006605766,0.006183403,0.005755871,0.005303827,0.004837664,0.004352611,0.003857289,0.003347408,0.002831157,0.002304373,0.001774724,0.001238359,0.0007026048,0.0001636884,-0.0003713029,-0.0009060446,-0.001433735,-0.001958098,-0.002472443,-0.002980412,-0.003475572,-0.003961655,-0.004432359,-0.004891371,-0.005332546,-0.005759681,-0.006166812,-0.006557713,-0.006926551,-0.0072772,-0.007603975,-0.007910767,-0.008192034,-0.008451764,-0.008684548,-0.00889433,-0.009075878,-0.009233308,-0.009361493,-0.009464482,-0.009537279,-0.009584124,-0.00960028,-0.009589949,-0.009548339,-0.009479938,-0.009380409,-0.009254223,-0.009097038,-0.008913514,-0.008699773,-0.008460755,-0.008192634,-0.0079003,-0.007580445,-0.007238416,-0.006870962,-0.006483453,-0.006072983,-0.00564527,-0.005197632,-0.004735816,-0.004257327,-0.003768136,-0.003265837,-0.0027564,-0.002237566,-0.001715325,-0.001187301,-0.0006593362,-0.0001290387,0.0003977997,0.0009238671,0.001443628,0.001959915,0.002467331,0.002968934,0.003459434,0.003941969,0.004411253,0.00487055,0.005314271,0.005745376,0.00615803,0.006555315,0.006930687,0.007287275,0.007617949,0.007930795,0.008195387,0.008425054,0.008654678,0.008864182,0.009014623,0.009107083,0.009169262,0.009184826
0.008635438,0.008690546,0.008702345,0.008692273,0.008642654,0.008597938,0.008424417,0.008164093,0.008007401,0.007846577,0.007520384,0.007227019,0.006925215,0.006582498,0.006222603,0.005838385,0.005438962,0.005019072,0.004587128,0.00413831,0.003680685,0.003209886,0.002733473,0.002247313,0.001758688,0.001263592,0.0007690145,0.0002710973,-0.0002233132,-0.00071809,-0.00120666,-0.001692784,-0.002169987,-0.002642036,-0.003102682,-0.003555689,-0.003994893,-0.004424025,-0.004837119,-0.005237936,-0.005620596,-0.005988859,-0.006337003,-0.006668789,-0.006978575,-0.007270149,-0.007538069,-0.007786104,-0.008008819,-0.008210043,-0.008384576,-0.008536288,-0.008659991,-0.008759504,-0.008829915,-0.008875314,-0.008890815,-0.008880356,-0.008839405,-0.008772253,-0.008674568,-0.008550602,-0.008396181,-0.008215953,-0.008006248,-0.007771702,-0.007508702,-0.007222307,-0.006909389,-0.006575146,-0.006216601,-0.005839172,-0.005440281,-0.005025525,-0.004592451,-0.004146852,-0.003686487,-0.003217142,-0.002736625,-0.002250813,-0.001757561,-0.001262565,-0.0007634796,-0.000265926,0.0002325356,0.0007265752,0.001218894,0.001704347,0.00218585,0.002658434,0.003125131,0.003580854,0.004028775,0.004463819,0.004888936,0.005298422,0.005695262,0.006073115,0.00643494,0.006768945,0.007100032,0.007412507,0.00766705,0.00787967,0.008084047,0.008277496,0.008429312,0.008554094
0.008018127,0.008127906,0.008213008,0.008251541,0.008261157,0.008198142,0.008192384,0.008208194,0.008061742,0.007855578,0.007752279,0.007562802,0.007327549,0.007082876,0.006807948,0.006513586,0.006193634,0.005856995,0.005498334,0.005126005,0.004735059,0.004333259,0.003916131,0.003491062,0.003053794,0.002611444,0.00215996,0.001706165,0.001246062,0.0007863437,0.0003231751,-0.000136996,-0.0005980099,-0.001053545,-0.001507326,-0.001953169,-0.002394822,-0.002826255,-0.00325113,-0.003663516,-0.004067091,-0.004456039,-0.004833974,-0.005195196,-0.005543333,-0.005872776,-0.006187037,-0.006480646,-0.006757207,-0.00701132,-0.007246457,-0.007457309,-0.007647472,-0.007811849,-0.007953946,-0.008068593,-0.008159515,-0.008221962,-0.008259611,-0.008267713,-0.008250099,-0.008202473,-0.008128929,-0.008025266,-0.007895538,-0.007736079,-0.007551412,-0.007338001,-0.007100441,-0.006835603,-0.006548479,-0.006236253,-0.005904033,-0.005549295,-0.005177453,-0.004786198,-0.004381045,-0.003959963,-0.003528582,-0.003084892,-0.002634463,-0.002175375,-0.001713199,-0.001245805,-0.0007785184,-0.0003090744,0.0001574061,0.0006234694,0.001084249,0.001542509,0.001993611,0.002440626,0.002878894,0.003311381,0.003733435,0.004148274,0.004550734,0.004944096,0.005322547,0.005694144,0.006031651,0.006345557,0.006670353,0.006987066,0.007259924,0.007487006,0.007695424,0.007867668
0.007233833,0.007425331,0.007581839,0.007723426,0.007831243,0.007948007,0.007948872,0.007865361,0.007876835,0.007888988,0.007742811,0.007622443,0.007493246,0.007320657,0.00712818,0.006907383,0.006667428,0.006402066,0.006119652,0.005814645,0.005494974,0.005155727,0.004804305,0.004436165,0.004058416,0.003666747,0.00326797,0.002858004,0.002443517,0.002020492,0.001595328,0.001164185,0.0007333666,0.0002990931,-0.0001325434,-0.0005652552,-0.000993019,-0.001419454,-0.001838714,-0.00225438,-0.002660663,-0.003061081,-0.003449971,-0.003830788,-0.004197909,-0.004554744,-0.004895831,-0.005224504,-0.005535267,-0.005831435,-0.006107705,-0.006367373,-0.006605111,-0.006824095,-0.007019217,-0.007193861,-0.007342919,-0.007469574,-0.007569022,-0.007644747,-0.007692134,-0.007714605,-0.007707692,-0.007675179,-0.007613103,-0.00752526,-0.007407767,-0.007264842,-0.007093126,-0.006897016,-0.006673371,-0.006426852,-0.006154788,-0.005862094,-0.005546328,-0.005212678,-0.004859028,-0.004490674,-0.004105669,-0.003709499,-0.003300389,-0.00288375,-0.002457722,-0.002027708,-0.001591827,-0.001155214,-0.0007157505,-0.0002783304,0.0001594389,0.0005929806,0.001024944,0.001450864,0.001873712,0.002289294,0.002700588,0.003103041,0.003499825,0.003885915,0.004264623,0.004625648,0.004992133,0.00535157,0.005666863,0.005952768,0.006239685,0.006526887,0.006784055,0.007025507
0.006472586,0.006684061,0.006880064,0.007038326,0.007176048,0.007249646,0.007377518,0.007531294,0.007537343,0.00748382,0.007527303,0.007491889,0.007410016,0.007318275,0.007194871,0.007050612,0.006878208,0.006686484,0.006469247,0.006234702,0.005977258,0.005704496,0.005411444,0.005105294,0.004781405,0.00444669,0.004096809,0.00373838,0.003367194,0.002989733,0.002602015,0.002210283,0.001810608,0.001409109,0.001002024,0.0005953445,0.0001853421,-0.0002221372,-0.0006306857,-0.001034538,-0.001437244,-0.001833137,-0.002225652,-0.002609206,-0.002987183,-0.003354065,-0.003713072,-0.004058782,-0.004394436,-0.004714647,-0.005022475,-0.005312584,-0.005588078,-0.005843785,-0.006082664,-0.006299442,-0.006497212,-0.006671062,-0.006823993,-0.006951069,-0.007055392,-0.007132434,-0.007185514,-0.007210202,-0.007209764,-0.007180284,-0.007125472,-0.00704157,-0.00693238,-0.006794574,-0.006632363,-0.006442783,-0.006230208,-0.005992033,-0.005732994,-0.005450796,-0.005150354,-0.004829754,-0.004494122,-0.004141695,-0.003777645,-0.003400418,-0.003015276,-0.002620592,-0.002221455,-0.001816185,-0.001409689,-0.001000035,-0.0005918252,-0.0001828583,0.0002226299,0.0006272684,0.001027029,0.001424632,0.001816317,0.002205234,0.002587395,0.002966171,0.003337054,0.00370807,0.00405528,0.004387234,0.004737988,0.005089943,0.005411178,0.005697885,0.005976858,0.006230452
0.00564336,0.005902501,0.006135995,0.006362863,0.0065635,0.00677836,0.006892387,0.006929031,0.007054862,0.007187387,0.007173401,0.007181746,0.007183757,0.007143708,0.007084453,0.00699649,0.00688882,0.006754354,0.006601215,0.00642323,0.00622805,0.006010276,0.005777038,0.005523415,0.005256241,0.004970923,0.004674,0.004361183,0.004038864,0.003702884,0.003359371,0.003004392,0.002643977,0.002274301,0.00190119,0.001520931,0.001139281,0.0007526579,0.0003666565,-2.222418e-05,-0.0004084402,-0.0007953892,-0.001177631,-0.001558455,-0.001932445,-0.002302797,-0.002664221,-0.003019791,-0.003364159,-0.003700325,-0.004023093,-0.004335386,-0.004631952,-0.004915542,-0.005181071,-0.005431418,-0.005661464,-0.005873839,-0.006063671,-0.006233818,-0.006379555,-0.006503641,-0.006601475,-0.006676116,-0.00672343,-0.006746474,-0.006741203,-0.006711063,-0.006652523,-0.006569212,-0.006457852,-0.006322345,-0.006159913,-0.005974739,-0.005764338,-0.005533218,-0.005279296,-0.005007257,-0.004715292,-0.004408358,-0.004084931,-0.003750001,-0.003402087,-0.003046261,-0.002681141,-0.002311611,-0.001936143,-0.001559401,-0.001179624,-0.0008011069,-0.0004217902,-4.570936e-05,0.0003296227,0.0007006479,0.001070046,0.001434184,0.001796114,0.002152005,0.002505248,0.002847162,0.003199041,0.003551754,0.00387027,0.004168986,0.00447549,0.00479126,0.005086975,0.005376728
0.004907906,0.005159934,0.005405138,0.005622005,0.005826669,0.005977097,0.006180516,0.006414745,0.006517969,0.00656538,0.006705373,0.006775964,0.006802875,0.006821825,0.006810818,0.006780211,0.006722039,0.006644682,0.006541454,0.006420088,0.006274651,0.006112268,0.005927722,0.005727759,0.005507576,0.005273654,0.005021558,0.004757492,0.004477206,0.004186773,0.00388221,0.003569363,0.003244345,0.002912877,0.002571266,0.002225116,0.001870797,0.001513775,0.00115058,0.0007866038,0.0004184487,5.141689e-05,-0.0003177453,-0.0006838034,-0.001049929,-0.001410933,-0.001769792,-0.002121385,-0.002468665,-0.002806523,-0.0031377,-0.003457098,-0.003767449,-0.004063776,-0.004348628,-0.004616891,-0.00487117,-0.005106655,-0.005325815,-0.005523777,-0.005703048,-0.005859104,-0.005994617,-0.006105138,-0.006193256,-0.006254978,-0.006293299,-0.006304383,-0.006291304,-0.006250639,-0.006185855,-0.006093903,-0.005978434,-0.005836775,-0.00567295,-0.00548465,-0.005276123,-0.005045497,-0.004797293,-0.004529883,-0.004247919,-0.003950085,-0.003641211,-0.00332003,-0.00299131,-0.002653837,-0.002312274,-0.001965245,-0.001617143,-0.001266348,-0.00091686,-0.0005665926,-0.0002192097,0.0001275904,0.0004705933,0.0008126878,0.001150683,0.001487879,0.00182076,0.002157163,0.00247626,0.002785352,0.003116989,0.003455678,0.003773397,0.004065682,0.004358372,0.004634554
0.004165393,0.004439748,0.004696748,0.004954259,0.005193101,0.005451038,0.005623447,0.005727366,0.005915654,0.006116648,0.006185438,0.006275289,0.00636253,0.006411547,0.006443985,0.006449817,0.006437567,0.006399701,0.006343848,0.006263518,0.006165864,0.006045264,0.005908368,0.005750111,0.005576865,0.005383956,0.005177482,0.004953119,0.004716822,0.004464452,0.004201716,0.00392472,0.003639079,0.003341036,0.003036013,0.002720385,0.0023995,0.002069889,0.001736745,0.001396693,0.001054878,0.0007080481,0.0003612533,1.136578e-05,-0.0003365802,-0.000685594,-0.001030748,-0.001374902,-0.001713066,-0.002047994,-0.002374812,-0.002696165,-0.003007106,-0.003310077,-0.003600245,-0.003880125,-0.004144819,-0.004396557,-0.00463063,-0.004849423,-0.005048329,-0.005229603,-0.005388717,-0.005528158,-0.005643816,-0.005738144,-0.005807106,-0.005853492,-0.005873744,-0.005870816,-0.005841399,-0.005788704,-0.005709911,-0.005608512,-0.005481994,-0.005334186,-0.005163003,-0.00497249,-0.004760892,-0.004532568,-0.004286122,-0.004026024,-0.003751027,-0.003465764,-0.003169189,-0.00286585,-0.002554673,-0.002240057,-0.001920778,-0.001600905,-0.001278949,-0.0009586738,-0.0006381408,-0.0003205379,-3.619765e-06,0.0003095529,0.0006217399,0.0009299155,0.001237384,0.001536799,0.001847644,0.002163323,0.002451547,0.002726274,0.003012497,0.003313428,0.003601633,0.003891023
0.003549116,0.003798801,0.0040483,0.004277295,0.004501282,0.004680805,0.004912111,0.005177772,0.005329361,0.005431198,0.005621026,0.005751728,0.005843392,0.005930148,0.005990361,0.006033824,0.006052192,0.006053316,0.006030237,0.005990149,0.005926955,0.005847261,0.005745737,0.00562864,0.005491113,0.005339168,0.005168354,0.004984428,0.004783172,0.004570217,0.004341636,0.004102846,0.003850046,0.003588531,0.003314709,0.003033755,0.002742163,0.002444972,0.002138845,0.001828744,0.001511416,0.001191737,0.0008666051,0.0005408305,0.0002114076,-0.000116892,-0.0004468712,-0.0007738128,-0.001100472,-0.001422132,-0.001741324,-0.002053329,-0.002360631,-0.002658602,-0.00294952,-0.003228605,-0.003498138,-0.003753584,-0.003997051,-0.004223913,-0.004436267,-0.004629773,-0.004806635,-0.004962557,-0.005099634,-0.005213963,-0.005307984,-0.005377926,-0.005426284,-0.005449669,-0.005450925,-0.005427017,-0.005380956,-0.005310078,-0.005217746,-0.005101664,-0.004965424,-0.004807181,-0.004630821,-0.00443479,-0.004223149,-0.003994712,-0.003753777,-0.003499305,-0.00323561,-0.00296181,-0.002682202,-0.002395848,-0.002106851,-0.00181411,-0.001521368,-0.00122711,-0.0009347039,-0.0006423855,-0.0003529805,-6.407835e-05,0.0002217069,0.0005073181,0.0007900179,0.001077103,0.001350631,0.001616567,0.001905893,0.002204874,0.002489291,0.00275435,0.003024914,0.003285412
0.002952434,0.003208003,0.003452506,0.003702564,0.003940291,0.004200457,0.004389126,0.004518589,0.004727346,0.004953542,0.005062821,0.005192782,0.005323885,0.005421812,0.005506628,0.005568274,0.005614616,0.005638053,0.005645571,0.005630672,0.005599882,0.005547599,0.005479887,0.005391742,0.005288973,0.005167002,0.005031389,0.004877931,0.004712063,0.004529794,0.004336329,0.004127936,0.003909733,0.003678138,0.00343809,0.003186145,0.002927171,0.002657879,0.002382989,0.002099312,0.001811516,0.001516535,0.001218944,0.0009158035,0.0006116697,0.0003037265,-3.565329e-06,-0.0003128716,-0.0006196677,-0.0009265027,-0.00122895,-0.00152944,-0.001823467,-0.002113245,-0.002394356,-0.002669047,-0.002932814,-0.00318761,-0.003429064,-0.003659232,-0.003873811,-0.004074691,-0.004257616,-0.004424646,-0.004571882,-0.004701325,-0.00480912,-0.004897547,-0.004963176,-0.005008423,-0.005030079,-0.005030784,-0.005007776,-0.004963954,-0.00489685,-0.004809671,-0.004700365,-0.004572358,-0.004423937,-0.004258847,-0.004075758,-0.003878565,-0.003666147,-0.003442607,-0.003207096,-0.002963713,-0.002711675,-0.002455019,-0.00219291,-0.001929126,-0.001662642,-0.001396964,-0.001130659,-0.0008666515,-0.0006031731,-0.000342919,-8.354148e-05,0.0001724517,0.0004280877,0.0006770843,0.0009369629,0.001202974,0.001445943,0.001679014,0.001924673,0.002187233,0.002441766,0.002701773
0.002484431,0.002706256,0.002932109,0.003143558,0.00335506,0.003530557,0.003755561,0.004016602,0.00417979,0.004299814,0.004502425,0.004655713,0.004775455,0.004893372,0.004988949,0.005071162,0.005131777,0.00517793,0.005202778,0.005212822,0.005202107,0.005176595,0.005131105,0.005071283,0.004992438,0.0049,0.004789697,0.004666736,0.004527095,0.004375867,0.004209329,0.00403238,0.003841435,0.003641278,0.003428531,0.003207865,0.002975997,0.002737466,0.002489151,0.002235512,0.001973515,0.001707535,0.001434674,0.001159244,0.0008784452,0.0005965481,0.0003109437,2.585504e-05,-0.0002612717,-0.0005462135,-0.000831308,-0.001112324,-0.001391541,-0.001664801,-0.001934174,-0.002195349,-0.00245037,-0.002695124,-0.002931466,-0.003155178,-0.003368068,-0.003566145,-0.003751284,-0.003919507,-0.004072563,-0.0042068,-0.004324248,-0.004421363,-0.004500201,-0.004557548,-0.004595756,-0.004611929,-0.004608557,-0.004583084,-0.004538305,-0.004472002,-0.004387185,-0.004282058,-0.004159911,-0.004019239,-0.003863519,-0.00369162,-0.003507278,-0.003309553,-0.003102251,-0.00288465,-0.002660604,-0.002429426,-0.002194852,-0.001956125,-0.001716693,-0.001475469,-0.001235559,-0.000995649,-0.0007583097,-0.0005215908,-0.0002877694,-5.431108e-05,0.0001765094,0.0004113137,0.0006345698,0.0008512406,0.001089927,0.001338605,0.001576508,0.001798999,0.002029367,0.002253623
0.002039065,0.002257558,0.00246918,0.00268932,0.002901647,0.003137687,0.00331439,0.003440807,0.003640505,0.003860323,0.003978569,0.004117074,0.004259781,0.004374639,0.004479922,0.004565937,0.004639836,0.004694257,0.004735517,0.004757338,0.004765595,0.004754901,0.004730708,0.004688227,0.004632678,0.004559708,0.004474313,0.004372519,0.004259211,0.004130633,0.00399147,0.003838222,0.00367549,0.003499929,0.003315975,0.003120418,0.002917627,0.002704539,0.002485382,0.002257192,0.002024138,0.001783372,0.001538969,0.001288197,0.001035108,0.0007770861,0.0005180906,0.0002556478,-6.229796e-06,-0.0002699029,-0.0005314481,-0.0007931092,-0.001050892,-0.001306835,-0.001557012,-0.001803474,-0.002042207,-0.002274973,-0.00249786,-0.002712693,-0.002915598,-0.003108224,-0.00328672,-0.003452852,-0.003603071,-0.00373906,-0.003857292,-0.003959673,-0.004043038,-0.004109395,-0.004155763,-0.004184337,-0.004192524,-0.00418274,-0.004152649,-0.00410493,-0.004037626,-0.003953605,-0.003851229,-0.003733653,-0.003599609,-0.0034524,-0.003290991,-0.003118894,-0.002935369,-0.002743976,-0.002544097,-0.002339296,-0.002128975,-0.001916522,-0.001701231,-0.001486275,-0.001270625,-0.001056925,-0.0008438474,-0.0006337784,-0.0004248325,-0.0002191363,-1.409055e-05,0.0001849157,0.0003932872,0.0006076666,0.0008019184,0.0009881987,0.001186393,0.001401457,0.001611084,0.001828017
0.001706628,0.001888633,0.002076743,0.00225464,0.00243559,0.002587446,0.002785218,0.003018517,0.003168831,0.003282548,0.003472055,0.003621073,0.003742091,0.003863858,0.003967537,0.004061203,0.004137093,0.004201571,0.004248195,0.004282732,0.004299599,0.004304079,0.004291321,0.004266329,0.004224728,0.004171333,0.004102177,0.004021879,0.00392672,0.003821217,0.003701945,0.003573245,0.003431831,0.00328194,0.003120479,0.002951583,0.00277225,0.002586493,0.002391458,0.002191082,0.00198259,0.001769832,0.001550158,0.001327352,0.001098851,0.000868396,0.0006335936,0.0003981383,0.0001596884,-7.806612e-05,-0.0003172721,-0.0005542344,-0.0007910421,-0.001024065,-0.001255198,-0.001480673,-0.001702344,-0.001916607,-0.002125133,-0.002324207,-0.002515438,-0.002695293,-0.002865418,-0.003022272,-0.003167368,-0.003297431,-0.003414199,-0.003514478,-0.003600002,-0.003667858,-0.003720019,-0.003753843,-0.003771403,-0.003770353,-0.003753019,-0.00371734,-0.003665825,-0.00359678,-0.00351296,-0.003412929,-0.003299614,-0.003171921,-0.003033022,-0.002882022,-0.002722172,-0.002552821,-0.002377298,-0.002195044,-0.002009327,-0.001819588,-0.001628886,-0.001436421,-0.001244976,-0.001053577,-0.0008645317,-0.0006763026,-0.0004908974,-0.0003062182,-0.0001242122,6.092796e-05,0.0002358259,0.0004045332,0.0005927514,0.0007900348,0.000978722,0.001154501,0.001338604,0.001518721
0.001387892,0.001562287,0.001732325,0.001911832,0.002086469,0.002284228,0.002433033,0.00253963,0.002712154,0.002905596,0.003012259,0.003138307,0.003270525,0.00338004,0.003483084,0.003570755,0.003649401,0.003712233,0.003764823,0.003801392,0.003827102,0.003837005,0.003835879,0.003819344,0.003791969,0.003749783,0.003697162,0.00363049,0.003554047,0.003464427,0.003365737,0.003254805,0.003135667,0.003005296,0.002867579,0.002719617,0.002565232,0.002401659,0.002232591,0.002055352,0.001873574,0.001684684,0.001492224,0.001293721,0.001092688,0.000886752,0.0006793391,0.0004681997,0.0002568007,4.299221e-05,-0.0001698423,-0.0003837495,-0.0005952879,-0.0008063228,-0.001013471,-0.001218604,-0.001418259,-0.001614042,-0.001802573,-0.001985496,-0.002159455,-0.002325922,-0.002481546,-0.00262788,-0.002761827,-0.002884846,-0.002993839,-0.00309044,-0.003171849,-0.003239776,-0.003291562,-0.003329061,-0.003349937,-0.003356223,-0.003345798,-0.003320895,-0.003279721,-0.003224656,-0.003154183,-0.003070918,-0.002973671,-0.002865185,-0.002744481,-0.002614498,-0.002474526,-0.002327573,-0.002173071,-0.002014064,-0.001850047,-0.001683956,-0.001515241,-0.001346683,-0.0011775,-0.001010028,-0.0008432498,-0.0006792741,-0.0005165949,-0.0003570646,-0.0001985001,-4.556635e-05,0.0001150451,0.000280845,0.0004289091,0.0005700988,0.0007216606,0.0008885734,0.001051342,0.001221606
0.001159052,0.001298272,0.001444065,0.001582326,0.001724951,0.001844047,0.002004192,0.002197367,0.002321095,0.002414428,0.002575306,0.002703424,0.002808772,0.002916681,0.003010457,0.00309721,0.00316994,0.003234217,0.003284233,0.003325007,0.00335151,0.003368336,0.003371113,0.003364189,0.003343628,0.003313609,0.003270568,0.003218514,0.003154114,0.003081287,0.002996968,0.002904919,0.002802206,0.002692498,0.002573037,0.002447397,0.002312904,0.002173021,0.002025206,0.00187285,0.001713478,0.0015504,0.001381248,0.001209266,0.001032158,0.000853124,0.0006700137,0.0004859796,0.0002989136,0.000111958,-7.682844e-05,-0.0002643047,-0.0004523633,-0.0006379244,-0.0008227121,-0.00100353,-0.00118206,-0.001355249,-0.001524612,-0.001686992,-0.001843843,-0.001992153,-0.002133394,-0.002264536,-0.002386922,-0.00249774,-0.002598503,-0.002686457,-0.002763092,-0.002825883,-0.002876504,-0.002912651,-0.00293606,-0.002944671,-0.002940423,-0.002921476,-0.002889912,-0.002844189,-0.002786592,-0.002715787,-0.002634196,-0.002540774,-0.002438148,-0.002325458,-0.002205389,-0.002077316,-0.001944004,-0.001804939,-0.00166286,-0.001517297,-0.00137084,-0.001222855,-0.001075729,-0.0009287111,-0.0007838026,-0.0006397893,-0.0004984135,-0.0003579781,-0.0002201592,-8.001459e-05,5.106886e-05,0.0001763169,0.0003181817,0.000467667,0.0006099321,0.0007410658,0.000879838,0.001015642
0.0009324342,0.001062727,0.001189999,0.00132634,0.001459502,0.001613693,0.001727824,0.001807068,0.001943746,0.002100355,0.002184413,0.002286315,0.002395294,0.002486282,0.002573332,0.002648616,0.002717649,0.002774443,0.002823814,0.002860663,0.00288943,0.002905752,0.002913727,0.002909494,0.002896964,0.002872641,0.002840266,0.002796656,0.002745467,0.002683704,0.002614875,0.002536191,0.002451097,0.002356933,0.002257012,0.002148787,0.002035514,0.001914761,0.001789668,0.001657882,0.001522486,0.001381212,0.001237059,0.001087843,0.0009365297,0.0007810197,0.0006241968,0.0004640637,0.0003035317,0.0001406864,-2.163899e-05,-0.0001852742,-0.0003473432,-0.0005095236,-0.0006689935,-0.0008274376,-0.0009819696,-0.001134045,-0.001280847,-0.001423856,-0.001560276,-0.001691429,-0.001814518,-0.001930921,-0.002038048,-0.002137185,-0.002225725,-0.00230509,-0.002372909,-0.002430653,-0.002476053,-0.002510686,-0.002532539,-0.002543321,-0.00254119,-0.002527994,-0.002502161,-0.002465636,-0.002417069,-0.002358588,-0.002289107,-0.002210845,-0.002122891,-0.002027627,-0.00192436,-0.00181554,-0.001700602,-0.001582044,-0.001459379,-0.001335034,-0.001208521,-0.001082165,-0.0009553253,-0.0008299667,-0.0007052902,-0.0005830868,-0.0004621634,-0.0003441017,-0.0002271226,-0.0001152045,2.85391e-06,0.0001251558,0.0002320612,0.0003329462,0.0004423561,0.0005649063,0.0006839498,0.0008097091
0.0007732335,0.0008720304,0.0009768272,0.001075836,0.001179307,0.001263814,0.001383476,0.001532165,0.001623941,0.001691026,0.001816181,0.001915314,0.001996489,0.002081253,0.002155418,0.002225056,0.002284174,0.002337502,0.002380063,0.0024161,0.002441294,0.002459526,0.002467032,0.002467475,0.002457465,0.002440517,0.002413559,0.002379956,0.002336839,0.002287489,0.002229268,0.002165326,0.002093135,0.002015763,0.001930834,0.001841331,0.001744953,0.001644585,0.001538036,0.00142813,0.001312729,0.001194584,0.001071646,0.0009466058,0.0008174704,0.0006868871,0.000552982,0.0004183573,0.0002811697,0.000144007,5.161763e-06,-0.000132786,-0.0002715069,-0.0004084792,-0.0005452358,-0.000679162,-0.0008117587,-0.0009405326,-0.001066846,-0.001188117,-0.001305653,-0.001416991,-0.001523449,-0.001622538,-0.001715461,-0.001799904,-0.001877195,-0.001945062,-0.002004791,-0.002054294,-0.002094989,-0.002124958,-0.002145652,-0.002155336,-0.002155619,-0.00214492,-0.002124952,-0.002094363,-0.002055013,-0.002005707,-0.001948401,-0.001882125,-0.001808989,-0.001728178,-0.00164183,-0.00154933,-0.00145288,-0.001351969,-0.00124879,-0.00114289,-0.001036357,-0.0009286336,-0.000821671,-0.0007148416,-0.0006098068,-0.0005055832,-0.0004036386,-0.0003026075,-0.0002039194,-0.0001034819,-1.080092e-05,7.665272e-05,0.0001777926,0.0002850407,0.0003861522,0.0004777206,0.0005756949,0.0006711653
0.000608129,0.0006983253,0.0007861761,0.0008818352,0.0009752211,0.001086513,0.00116564,0.001216637,0.001315631,0.001432257,0.001490071,0.001563549,0.001644104,0.001710916,0.001775727,0.001831999,0.001884368,0.001927823,0.001966392,0.001995804,0.002019748,0.002034567,0.002043654,0.002043765,0.00203813,0.002023804,0.00200387,0.001975644,0.001942133,0.001900807,0.001854549,0.001801,0.001742986,0.001678257,0.001609528,0.001534642,0.001456262,0.001372329,0.001285408,0.001193503,0.001099128,0.001000358,0.0008996347,0.000795097,0.0006891552,0.0005800151,0.0004700135,0.0003574373,0.0002446393,0.0001299714,1.571544e-05,-9.971139e-05,-0.0002139987,-0.0003286088,-0.0004412821,-0.0005534915,-0.0006629298,-0.0007708833,-0.0008751058,-0.0009769042,-0.00107405,-0.001167716,-0.001255672,-0.001339129,-0.001416021,-0.001487477,-0.001551404,-0.001609033,-0.001658451,-0.001700913,-0.001734575,-0.001760763,-0.001777824,-0.001787172,-0.001787282,-0.001779652,-0.001762965,-0.001738772,-0.001705922,-0.001666092,-0.00161833,-0.00156437,-0.001503382,-0.001437227,-0.001365237,-0.001289321,-0.001208912,-0.00112596,-0.001039971,-0.0009528459,-0.000864113,-0.000775607,-0.0006867652,-0.0005991494,-0.0005121031,-0.0004270749,-0.0003431157,-0.0002615292,-0.0001809003,-0.0001045295,-2.329596e-05,6.131957e-05,0.0001330573,0.0001996713,0.0002729925,0.0003569839,0.000437893,0.0005242844
0.0004926636,0.0005563602,0.0006249365,0.0006889271,0.0007567668,0.0008096211,0.0008910575,0.0009964749,0.001056812,0.00109782,0.001186416,0.001255004,0.001310014,0.001368965,0.001420397,0.001469294,0.001510809,0.00154881,0.001579259,0.001605615,0.001624361,0.001638646,0.001645397,0.001647575,0.001642404,0.001632715,0.001615986,0.001594919,0.001567154,0.001535321,0.001497245,0.001455444,0.001407833,0.001356861,0.001300566,0.001241326,0.001177236,0.001110596,0.00103959,0.0009664653,0.000889448,0.0008107244,0.0007285905,0.0006451803,0.0005588332,0.0004716433,0.000382043,0.000292085,0.0002002223,0.0001084911,1.544917e-05,-7.687939e-05,-0.000169912,-0.0002616778,-0.0003534884,-0.0004433047,-0.0005324167,-0.000618888,-0.0007039007,-0.0007854497,-0.0008646734,-0.0009396615,-0.00101156,-0.001078434,-0.00114133,-0.001198451,-0.001250931,-0.001296998,-0.001337739,-0.001371517,-0.001399509,-0.001420199,-0.001434774,-0.001441844,-0.001442707,-0.001436074,-0.001423308,-0.001403282,-0.001377455,-0.001344807,-0.001306852,-0.001262735,-0.00121407,-0.001160116,-0.00110249,-0.001040605,-0.0009761176,-0.0009085244,-0.0008394754,-0.000768521,-0.000697243,-0.0006251226,-0.0005536583,-0.000482302,-0.0004123475,-0.0003429955,-0.0002754137,-0.0002085283,-0.000143506,-7.709634e-05,-1.694628e-05,3.885684e-05,0.0001055311,0.0001769121,0.0002432342,0.0003016454,0.0003650524,0.0004262465
0.0003689145,0.0004252145,0.0004795679,0.0005400191,0.0005987076,0.0006715712,0.0007196044,0.0007459177,0.0008101211,0.000888769,0.0009220073,0.0009681814,0.001020722,0.001063334,0.001105328,0.001141584,0.001175811,0.001204083,0.001229604,0.001249018,0.001265242,0.001275394,0.001282142,0.00128292,0.001280257,0.001271814,0.001259998,0.001242667,0.001222162,0.00119646,0.001167799,0.001134288,0.001098117,0.001057479,0.001014475,0.0009673701,0.0009182225,0.0008653746,0.0008108056,0.0007529062,0.0006936157,0.0006313786,0.0005680745,0.0005021984,0.0004356016,0.0003668288,0.0002976699,0.0002267301,0.0001558072,8.355354e-05,1.170652e-05,-6.103471e-05,-0.000132916,-0.000205149,-0.0002760248,-0.0003467687,-0.0004156405,-0.0004837235,-0.0005493304,-0.0006135624,-0.0006747493,-0.0007338871,-0.0007893039,-0.0008420222,-0.0008904946,-0.0009356753,-0.0009759858,-0.001012452,-0.001043623,-0.001070533,-0.001091771,-0.001108409,-0.001119173,-0.00112518,-0.001125243,-0.001120525,-0.001109981,-0.001094795,-0.001074033,-0.001048956,-0.001018766,-0.00098475,-0.0009461859,-0.0009044464,-0.0008589173,-0.0008109977,-0.000760143,-0.0007077772,-0.0006534139,-0.00059844,-0.000542398,-0.0004866356,-0.0004306478,-0.00037559,-0.0003209132,-0.0002677146,-0.0002152481,-0.0001645304,-0.0001144768,-6.769795e-05,-1.712702e-05,3.608115e-05,7.914452e-05,0.0001181098,0.0001621102,0.0002142794,0.0002638137,0.0003174584
0.0002827021,0.000318235,0.0003573117,0.0003928161,0.0004312079,0.0004583251,0.000507047,0.0005740803,0.0006074947,0.0006266701,0.0006822209,0.0007232733,0.0007547307,0.0007899054,0.0008201883,0.0008494197,0.0008739682,0.0008968061,0.0009148989,0.0009308901,0.0009421239,0.0009509951,0.0009551719,0.0009568931,0.0009540429,0.0009487514,0.0009390883,0.0009270782,0.0009109071,0.0008925397,0.0008702987,0.0008460606,0.0008182139,0.0007885802,0.0007556383,0.0007211562,0.0006836556,0.000644843,0.0006033069,0.0005607131,0.0005156824,0.0004698332,0.0004218383,0.0003732747,0.0003228464,0.0002720981,0.0002198008,0.0001674653,0.0001138749,6.052368e-05,6.270546e-06,-4.740396e-05,-0.0001016263,-0.0001549613,-0.0002084604,-0.0002606421,-0.0003125465,-0.0003627746,-0.0004122893,-0.0004596429,-0.0005057679,-0.0005492892,-0.0005911443,-0.0006299389,-0.0006665304,-0.0006996243,-0.000730137,-0.000756786,-0.0007804412,-0.00079991,-0.0008161173,-0.0008279486,-0.0008363207,-0.0008401974,-0.0008405644,-0.0008364431,-0.0008288505,-0.0008169111,-0.000801697,-0.0007823943,-0.0007600967,-0.0007340991,-0.0007055522,-0.0006738224,-0.0006400461,-0.0006036943,-0.0005659219,-0.0005262572,-0.0004858458,-0.0004442583,-0.000402596,-0.0003603881,-0.0003186904,-0.0002770313,-0.0002363365,-0.0001959743,-0.0001568045,-0.0001180197,-8.051039e-05,-4.185375e-05,-7.832312e-06,2.291925e-05,6.183017e-05,0.0001041868,0.0001426448,0.0001749719,0.0002108906,0.0002449215
0.0001912573,0.0002210796,0.0002493214,0.0002818093,0.0003129213,0.0003541845,0.000377707,0.0003857546,0.0004211575,0.0004672463,0.0004811146,0.000504723,0.00053344,0.0005556264,0.0005780491,0.0005970707,0.0006154142,0.0006302865,0.0006440284,0.0006542423,0.0006630458,0.0006683679,0.0006721347,0.0006724912,0.0006712536,0.0006667218,0.0006606142,0.0006513667,0.000640645,0.0006269655,0.0006119141,0.0005940999,0.0005750719,0.0005534979,0.0005308603,0.0005058785,0.0004800027,0.000452007,0.0004232849,0.000392645,0.0003614516,0.0003285514,0.0002952653,0.0002604756,0.0002254813,0.000189199,0.0001528809,0.0001154851,7.82664e-05,4.02139e-05,2.535691e-06,-3.574897e-05,-7.342378e-05,-0.0001114094,-0.0001485267,-0.00018571,-0.0002217625,-0.0002575212,-0.0002918312,-0.0003255453,-0.0003575233,-0.0003885436,-0.0004174652,-0.000445084,-0.0004703451,-0.0004939918,-0.0005149412,-0.0005339806,-0.0005501109,-0.0005641141,-0.0005750089,-0.000583592,-0.0005889671,-0.0005919494,-0.0005916905,-0.0005890229,-0.0005831852,-0.0005750086,-0.0005637942,-0.000550413,-0.0005342476,-0.0005161718,-0.000495607,-0.0004734742,-0.0004492598,-0.0004238914,-0.0003968959,-0.0003692104,-0.0003404008,-0.0003113767,-0.00028173,-0.0002523503,-0.0002228095,-0.0001938773,-0.0001651153,-0.0001372759,-0.0001098063,-8.342955e-05,-5.737601e-05,-3.354181e-05,-6.899005e-06,2.169968e-05,4.303207e-05,6.140219e-05,8.327483e-05,0.0001108806,0.0001364193,0.0001647274
0.0001297181,0.0001449354,0.0001623625,0.0001772511,0.0001939733,0.0002030863,0.0002266281,0.0002624833,0.0002760096,0.0002802004,0.0003090106,0.0003284703,0.0003419365,0.0003583814,0.0003720917,0.0003856975,0.0003968032,0.0004074404,0.0004155986,0.000423074,0.0004280974,0.0004322842,0.0004340718,0.0004349601,0.0004335229,0.0004311787,0.0004266185,0.0004211838,0.0004136382,0.0004052789,0.0003949569,0.0003839076,0.0003710239,0.0003575025,0.0003422959,0.0003265635,0.0003092857,0.0002915807,0.0002724733,0.000253054,0.0002323696,0.0002114786,0.0001894622,0.0001673506,0.0001442455,0.0001211538,9.722059e-05,7.342815e-05,4.892758e-05,2.468768e-05,-9.240272e-08,-2.44558e-05,-4.919649e-05,-7.339131e-05,-9.778753e-05,-0.0001214347,-0.0001450763,-0.0001678209,-0.0001903633,-0.0002117829,-0.0002327558,-0.0002524114,-0.0002714289,-0.0002889246,-0.0003055212,-0.0003203982,-0.0003342141,-0.0003461496,-0.0003568254,-0.0003654737,-0.0003727427,-0.000377906,-0.0003815959,-0.0003831265,-0.0003831631,-0.0003810472,-0.000377451,-0.0003717724,-0.0003647058,-0.0003556776,-0.0003453825,-0.0003333073,-0.0003201716,-0.0003054976,-0.0002899856,-0.0002732163,-0.0002558946,-0.0002376322,-0.000219124,-0.0002000097,-0.000180957,-0.0001615853,-0.0001425415,-0.0001234604,-0.0001049188,-8.646529e-05,-6.865529e-05,-5.094352e-05,-3.393183e-05,-1.601595e-05,-1.08588e-06,1.172628e-05,3.002307e-05,5.059828e-05,6.85233e-05,8.224864e-05,9.82471e-05,0.0001128142
6.952303e-05,8.099249e-05,9.13636e-05,0.0001041686,0.0001160351,0.0001339531,0.0001411725,0.0001390999,0.0001535808,0.000174646,0.000176501,0.0001844913,0.0001958737,0.0002036895,0.0002120673,0.0002188532,0.0002257256,0.0002310288,0.000236198,0.0002398041,0.0002431371,0.000244953,0.0002464179,0.0002464094,0.0002460197,0.0002442133,0.0002420174,0.0002384735,0.0002345724,0.0002294009,0.0002238981,0.0002172049,0.0002102358,0.000202166,0.0001938688,0.0001845498,0.0001750624,0.0001646449,0.0001541163,0.0001427356,0.0001313045,0.0001191051,0.0001069126,9.403046e-05,8.122017e-05,6.780493e-05,5.451696e-05,4.070307e-05,2.709548e-05,1.305788e-05,-7.076225e-07,-1.482111e-05,-2.857782e-05,-4.256414e-05,-5.610038e-05,-6.978396e-05,-8.29276e-05,-9.607288e-05,-0.0001085604,-0.0001209438,-0.0001325738,-0.0001439605,-0.0001544539,-0.0001645746,-0.0001737223,-0.0001823826,-0.0001899361,-0.0001968894,-0.0002026684,-0.0002077693,-0.000211622,-0.0002147228,-0.0002165446,-0.0002175857,-0.0002173372,-0.0002162998,-0.0002140056,-0.0002109451,-0.0002066765,-0.0002017041,-0.0001956249,-0.0001889348,-0.0001812442,-0.0001730668,-0.0001640459,-0.0001546893,-0.0001446587,-0.0001344616,-0.0001237799,-0.0001131038,-0.0001021326,-9.134976e-05,-8.04497e-05,-6.9856e-05,-5.926999e-05,-4.912093e-05,-3.905907e-05,-2.951507e-05,-2.002769e-05,-1.175422e-05,-1.689375e-06,9.627748e-06,1.660835e-05,2.181358e-05,2.908644e-05,3.974188e-05,4.904527e-05,5.989301e-05
3.385573e-05,3.713728e-05,4.14224e-05,4.434544e-05,4.810981e-05,4.801809e-05,5.510405e-05,6.834794e-05,7.049733e-05,6.807057e-05,7.807047e-05,8.356827e-05,8.628562e-05,9.073899e-05,9.410475e-05,9.772972e-05,0.0001004388,0.0001032706,0.0001052341,0.0001072414,0.0001084154,0.000109569,0.0001099226,0.0001102251,0.0001097599,0.0001092305,0.0001079746,0.0001066539,0.0001046391,0.0001025673,9.985058e-05,9.709375e-05,9.372838e-05,9.033912e-05,8.638654e-05,8.243622e-05,7.796256e-05,7.351005e-05,6.857547e-05,6.368949e-05,5.835994e-05,5.310163e-05,4.743967e-05,4.187467e-05,3.594154e-05,3.012884e-05,2.399248e-05,1.800771e-05,1.173261e-05,5.634387e-06,-7.060422e-07,-6.828806e-06,-1.315105e-05,-1.923131e-05,-2.54653e-05,-3.139976e-05,-3.743043e-05,-4.313558e-05,-4.888841e-05,-5.42544e-05,-5.959811e-05,-6.451108e-05,-6.935917e-05,-7.372725e-05,-7.79516e-05,-8.16465e-05,-8.516441e-05,-8.811643e-05,-9.083279e-05,-9.294525e-05,-9.479316e-05,-9.602319e-05,-9.696101e-05,-9.726734e-05,-9.727676e-05,-9.665897e-05,-9.57436e-05,-9.422241e-05,-9.242829e-05,-9.006057e-05,-8.744501e-05,-8.430433e-05,-8.097041e-05,-7.717578e-05,-7.323892e-05,-6.891478e-05,-6.451982e-05,-5.982044e-05,-5.51258e-05,-5.021558e-05,-4.538614e-05,-4.041097e-05,-3.558025e-05,-3.068392e-05,-2.598571e-05,-2.124356e-05,-1.672285e-05,-1.21474e-05,-7.820016e-06,-2.948141e-06,5.119469e-07,2.971697e-06,8.202858e-06,1.457539e-05,1.961024e-05,2.25044e-05,2.646723e-05,2.962693e-05
7.282198e-06,8.939892e-06,1.016609e-05,1.217235e-05,1.38132e-05,1.748891e-05,1.749752e-05,1.433669e-05,1.685032e-05,2.165597e-05,1.996882e-05,2.04673e-05,2.223295e-05,2.291098e-05,2.392881e-05,2.456721e-05,2.541234e-05,2.591065e-05,2.656052e-05,2.688101e-05,2.731729e-05,2.74468e-05,2.766922e-05,2.760019e-05,2.761127e-05,2.734524e-05,2.71492e-05,2.669035e-05,2.630149e-05,2.566423e-05,2.509225e-05,2.428487e-05,2.354679e-05,2.258841e-05,2.170003e-05,2.060226e-05,1.957842e-05,1.836015e-05,1.721917e-05,1.589415e-05,1.465096e-05,1.323629e-05,1.190701e-05,1.041711e-05,9.018591e-06,7.47196e-06,6.018894e-06,4.427494e-06,2.938946e-06,1.326474e-06,-1.795894e-07,-1.801228e-06,-3.307993e-06,-4.911124e-06,-6.38978e-06,-7.959883e-06,-9.399027e-06,-1.09052e-05,-1.226639e-05,-1.368564e-05,-1.495481e-05,-1.626266e-05,-1.740066e-05,-1.856107e-05,-1.95516e-05,-2.055139e-05,-2.136085e-05,-2.216401e-05,-2.277524e-05,-2.337217e-05,-2.376806e-05,-2.413756e-05,-2.430551e-05,-2.444407e-05,-2.438004e-05,-2.428415e-05,-2.399259e-05,-2.366948e-05,-2.315575e-05,-2.261668e-05,-2.19026e-05,-2.117228e-05,-2.027752e-05,-1.937875e-05,-1.833716e-05,-1.730739e-05,-1.615483e-05,-1.503171e-05,-1.38091e-05,-1.263289e-05,-1.138042e-05,-1.019744e-05,-8.961678e-06,-7.803161e-06,-6.606458e-06,-5.509403e-06,-4.385773e-06,-3.380697e-06,-2.337249e-06,-1.655865e-06,-3.183643e-07,1.480482e-06,1.819725e-06,1.560419e-06,1.99834e-06,3.569037e-06,4.642049e-06,6.197e-06
-1.827356e-11,-8.596757e-11,-4.300233e-11,6.292046e-12,2.149141e-11,-1.330283e-11,3.961445e-11,-3.120965e-11,3.156736e-11,7.307585e-12,-1.784401e-11,-1.348334e-11,-1.00381e-11,-2.088257e-11,6.249667e-11,-5.374466e-12,-2.855607e-11,-6.91253e-12,6.776192e-11,3.230554e-11,7.117854e-12,-3.104481e-11,-6.366643e-11,3.148361e-11,1.346583e-11,1.612964e-11,-1.321711e-11,-7.144473e-12,5.313669e-11,-1.066349e-11,1.684588e-11,-2.066547e-11,1.480887e-11,-1.862769e-11,2.748706e-11,7.119011e-12,9.701306e-12,2.169775e-11,-7.968607e-12,7.70774e-12,7.403839e-12,-7.93059e-11,1.425707e-11,1.60083e-11,2.863638e-11,-7.440114e-12,-2.122655e-11,-9.662576e-12,-1.157175e-11,-1.097403e-11,2.984629e-11,-3.151646e-11,2.079187e-11,1.299615e-12,3.470651e-12,-1.895641e-11,-9.555991e-12,2.292635e-11,-2.99871e-11,7.126896e-11,3.807267e-11,9.686434e-12,-6.421332e-11,-9.778586e-12,-1.967176e-11,-1.419754e-11,2.376322e-11,1.785215e-11,2.943443e-11,3.683315e-11,-6.669171e-12,-2.117752e-11,2.374777e-12,1.38529e-11,2.093917e-11,7.410906e-12,5.12329e-12,1.79963e-11,-1.60728e-11,-4.018874e-11,5.221659e-11,2.461392e-11,1.06342e-11,-5.43634e-11,3.685079e-11,-1.921009e-12,-8.209673e-12,2.301712e-11,-4.523996e-11,3.909719e-11,-2.232533e-11,6.905777e-12,3.018322e-12,-1.530028e-12,3.375201e-11,1.000975e-11,-3.751581e-11,5.437571e-11,-1.451018e-11,-4.475502e-11,1.819359e-11,-3.036473e-12,2.404167e-12,3.860844e-12,4.274393e-11,-2.23398e-11,1.59558e-11,9.486284e-12
