-4.645101e-11,-1.663343e-11,7.074534e-11,-6.823839e-11,-1.462491e-11,-2.263603e-11,-2.49103e-11,-1.163483e-10,-5.714846e-11,-8.974745e-11,-6.40617e-11,7.401972e-11,1.185104e-11,5.714759e-11,9.707753e-11,-3.124718e-11,1.694169e-11,-1.358072e-10,-8.472166e-11,-1.759688e-12,7.686545e-11,5.313855e-11,6.30767e-11,5.46388e-11,3.251763e-11,1.556513e-11,-2.525481e-11,1.246508e-10,8.020735e-11,-5.557959e-11,2.949884e-11,4.842681e-12,2.109803e-11,1.048326e-10,-6.797868e-11,-1.152989e-11,-8.350382e-12,1.580749e-11,-4.435985e-11,3.568987e-11,-7.630348e-11,2.915214e-11,-1.81706e-11,6.203645e-11,4.765376e-12,3.999182e-11,-4.235013e-11,-6.65742e-11,1.108829e-11,8.68756e-11,1.689302e-11,9.17077e-11,-4.866516e-12,1.072489e-11,-5.236793e-11,-6.51432e-11,-6.776492e-11,-9.319678e-12,-4.935172e-11,-5.270766e-11,-2.558276e-11,-1.377881e-11,-6.364098e-12,-5.410245e-11,6.319952e-12,-4.228904e-11,3.160842e-12,-5.764996e-11,-1.390117e-11,-2.036276e-11,-5.453163e-11,-3.921673e-11,-1.009401e-11,1.652156e-11,-6.274967e-12,-1.241608e-10,-2.188647e-11,-1.66198e-11,3.451213e-12,-6.663362e-11,1.536718e-11,4.769859e-11,3.707962e-11,-2.413803e-11,-7.007697e-12,4.239899e-11,1.288781e-10,2.739997e-11,-4.174173e-12,1.825936e-11,-7.524456e-11,9.670487e-12,-3.697905e-12,-8.129908e-11,2.346547e-11,4.93591e-11,-2.017386e-11,1.583582e-11,-1.432539e-11,2.330476e-11,-5.529284e-11,-4.915727e-11,-5.375509e-11,-2.405088e-11,-5.69649e-11,4.348661e-11,2.221616e-11,4.837177e-11,-4.277212e-11,7.192765e-11,-5.385341e-11,-5.279277e-11,-4.433023e-11,4.363766e-11,1.065606e-11,4.89666e-12,-4.653818e-11,1.487854e-11,-1.059052e-11,-3.820828e-11
1.849013e-05,2.021389e-05,1.483623e-05,1.583424e-05,1.109014e-05,1.094357e-05,8.478018e-06,5.099514e-06,4.829979e-06,2.474408e-06,-3.407382e-07,5.717444e-07,-1.376911e-06,-1.869278e-06,-3.168974e-06,-2.673941e-06,-3.255231e-06,-2.503882e-06,-2.657732e-06,-1.690529e-06,-1.603643e-06,-1.143075e-06,-1.420792e-06,-7.3392e-07,-2.622781e-06,-7.627008e-06,-1.803727e-05,-3.137184e-05,-4.740694e-05,-6.262455e-05,-7.644181e-05,-8.626383e-05,-9.336512e-05,-9.664989e-05,-9.771847e-05,-9.517057e-05,-9.023956e-05,-8.278628e-05,-7.515149e-05,-6.719791e-05,-6.041201e-05,-5.37614e-05,-4.885522e-05,-4.449538e-05,-4.126583e-05,-3.771881e-05,-3.456454e-05,-3.112485e-05,-2.821818e-05,-2.484692e-05,-2.180965e-05,-1.83975e-05,-1.538258e-05,-1.201625e-05,-9.125341e-06,-6.119427e-06,-3.955788e-06,-1.620958e-06,2.876597e-07,2.473558e-06,4.060139e-06,5.406513e-06,6.32178e-06,7.435538e-06,8.139108e-06,8.763635e-06,8.954693e-06,9.181345e-06,8.897795e-06,8.401162e-06,7.565129e-06,6.834589e-06,5.769429e-06,4.572743e-06,3.201848e-06,1.810993e-06,4.392802e-07,-9.453476e-07,-2.318775e-06,-3.947507e-06,-5.579215e-06,-7.235137e-06,-8.268627e-06,-9.099565e-06,-9.302261e-06,-9.769141e-06,-9.934507e-06,-1.084649e-05,-1.140705e-05,-1.270082e-05,-1.352305e-05,-1.58161e-05,-1.807076e-05,-2.183163e-05,-2.433085e-05,-2.62764e-05,-2.300108e-05,-1.59589e-05,-6.623347e-06,-3.635804e-06,-1.576211e-06,-3.005054e-06,-2.346358e-06,-5.372926e-06,-4.918356e-06,-8.604617e-06,-6.911909e-06,-1.006914e-05,1.340091e-06,-8.13418e-06,-3.547907e-05,-7.561186e-05,-2.550673e-05,1.86732e-05,-1.735945e-05,1.598331e-05,2.49693e-05,2.680643e-05,2.173932e-05,2.402691e-05
4.70919e-05,4.062049e-05,4.556527e-05,3.664771e-05,3.758743e-05,2.903639e-05,2.455965e-05,2.183153e-05,1.32207e-05,9.010333e-06,6.207531e-06,-2.949752e-06,-5.481642e-06,-9.363467e-06,-9.99658e-06,-1.239924e-05,-1.110569e-05,-1.110823e-05,-8.517788e-06,-8.330577e-06,-6.538091e-06,-6.77482e-06,-3.71982e-06,-3.683405e-06,-9.750025e-06,-3.371621e-05,-7.202452e-05,-0.0001273416,-0.0001891171,-0.0002524504,-0.0003051379,-0.0003471005,-0.0003737351,-0.0003892228,-0.0003904388,-0.0003814085,-0.0003612147,-0.0003346416,-0.0003022264,-0.0002709609,-0.0002410972,-0.0002177355,-0.0001972615,-0.00018132,-0.0001658559,-0.0001528476,-0.0001394834,-0.0001275503,-0.0001143608,-0.0001023294,-8.914012e-05,-7.665399e-05,-6.290363e-05,-5.074037e-05,-3.865474e-05,-2.851437e-05,-1.778693e-05,-8.872251e-06,-1.080183e-07,6.553263e-06,1.324997e-05,1.890608e-05,2.421788e-05,2.765396e-05,3.078735e-05,3.278892e-05,3.445493e-05,3.44826e-05,3.391806e-05,3.214269e-05,2.966785e-05,2.58443e-05,2.169946e-05,1.693267e-05,1.171426e-05,6.232292e-06,7.208358e-07,-4.591865e-06,-1.039869e-05,-1.646237e-05,-2.325402e-05,-2.926217e-05,-3.43067e-05,-3.666181e-05,-3.837264e-05,-3.901071e-05,-4.117156e-05,-4.308402e-05,-4.703056e-05,-5.038297e-05,-5.642539e-05,-6.285748e-05,-7.414616e-05,-8.606688e-05,-0.0001001169,-0.0001049508,-9.515505e-05,-6.09994e-05,-2.829754e-05,-1.144435e-05,-1.116564e-05,-8.015145e-06,-1.241509e-05,-1.39744e-05,-2.448342e-05,-2.548653e-05,-3.396918e-05,-2.921023e-05,-4.851236e-05,-2.321355e-05,4.034728e-05,0.0001318668,5.158594e-05,-1.629983e-05,7.001685e-05,2.116455e-05,1.657848e-05,2.270453e-05,3.858038e-05,3.692409e-05
0.0001105674,0.000113308,9.41542e-05,9.213894e-05,7.285945e-05,6.628002e-05,5.281534e-05,3.669264e-05,2.957501e-05,1.673538e-05,2.945377e-06,4.038202e-07,-9.550021e-06,-1.433354e-05,-2.024068e-05,-1.98408e-05,-2.138955e-05,-1.824441e-05,-1.70921e-05,-1.290165e-05,-1.128511e-05,-9.462743e-06,-7.900151e-06,-4.556696e-06,-2.098298e-05,-7.19562e-05,-0.0001645231,-0.0002887697,-0.0004326225,-0.000573688,-0.0006967284,-0.0007889436,-0.0008519626,-0.0008846219,-0.0008916264,-0.0008701963,-0.0008254997,-0.0007616776,-0.0006907571,-0.0006191822,-0.0005546603,-0.0004974095,-0.0004517156,-0.0004134326,-0.0003813215,-0.0003502831,-0.0003208967,-0.0002916165,-0.000263703,-0.0002347102,-0.0002061703,-0.0001765053,-0.0001474725,-0.0001182816,-9.142125e-05,-6.59161e-05,-4.386253e-05,-2.27707e-05,-3.862369e-06,1.429012e-05,2.957915e-05,4.263366e-05,5.322763e-05,6.284298e-05,7.011957e-05,7.580021e-05,7.898175e-05,8.059029e-05,7.904759e-05,7.513414e-05,6.878969e-05,6.149516e-05,5.220096e-05,4.155785e-05,2.958243e-05,1.718359e-05,4.860181e-06,-7.356222e-06,-2.000792e-05,-3.423761e-05,-4.923584e-05,-6.360595e-05,-7.389273e-05,-8.044061e-05,-8.320121e-05,-8.623059e-05,-8.937149e-05,-9.605023e-05,-0.0001031419,-0.000113373,-0.0001241188,-0.0001426587,-0.0001661004,-0.0001978446,-0.0002257506,-0.0002415392,-0.0002156132,-0.0001432116,-5.885292e-05,-2.467316e-05,-1.445046e-05,-1.82163e-05,-1.851992e-05,-3.233796e-05,-3.775776e-05,-5.396343e-05,-5.276552e-05,-6.272621e-05,-2.816768e-05,-5.042374e-05,-0.0001213403,-0.0002264012,-7.163376e-05,6.723664e-05,-2.430351e-05,8.183714e-05,0.0001165361,0.0001285191,0.0001182888,0.0001267518
0.0001290308,0.0001150942,0.0001222033,0.0001017657,9.983707e-05,7.926963e-05,6.636218e-05,5.689189e-05,3.602526e-05,2.387722e-05,1.468524e-05,-6.436313e-06,-1.422949e-05,-2.395342e-05,-2.663157e-05,-3.19574e-05,-2.939543e-05,-2.875184e-05,-2.270582e-05,-2.140808e-05,-1.705017e-05,-1.700104e-05,-7.716261e-06,-5.283877e-06,-3.533812e-05,-0.0001382696,-0.0003056866,-0.0005378611,-0.0007982053,-0.001060062,-0.001281113,-0.001453899,-0.001566783,-0.001630551,-0.001639299,-0.001602548,-0.001520861,-0.001409744,-0.001277577,-0.001147486,-0.001025048,-0.000924837,-0.0008394551,-0.0007712524,-0.0007083118,-0.000653188,-0.0005982764,-0.0005475508,-0.0004941977,-0.0004435145,-0.000389851,-0.0003375002,-0.0002819072,-0.0002305107,-0.0001804394,-0.0001363951,-9.244992e-05,-5.398405e-05,-1.701431e-05,1.372493e-05,4.304776e-05,6.820736e-05,9.102313e-05,0.0001079229,0.0001225981,0.0001330452,0.0001410542,0.0001433637,0.0001421039,0.000135846,0.000126108,0.0001117877,9.535507e-05,7.620894e-05,5.50036e-05,3.264769e-05,1.030011e-05,-1.153396e-05,-3.494419e-05,-6.016648e-05,-8.787583e-05,-0.0001131993,-0.0001333492,-0.0001438641,-0.0001502671,-0.000154042,-0.0001622298,-0.0001721417,-0.0001881435,-0.0002047577,-0.0002294561,-0.0002603784,-0.0003083065,-0.0003641687,-0.0004254101,-0.000455991,-0.0004196995,-0.0002760951,-0.0001143622,-3.578599e-05,-2.826353e-05,-2.184176e-05,-3.179655e-05,-3.822531e-05,-6.300442e-05,-6.868085e-05,-8.750955e-05,-7.892424e-05,-0.0001151427,-6.287818e-05,6.550243e-05,0.0002493143,0.0001012857,-2.287991e-05,0.0001522602,6.477298e-05,6.157634e-05,7.791093e-05,0.0001114604,0.0001095545
0.0001858053,0.000189782,0.0001587184,0.0001546683,0.0001230678,0.0001115241,8.905836e-05,6.227432e-05,4.988728e-05,2.841777e-05,5.499462e-06,5.644604e-07,-1.601162e-05,-2.422336e-05,-3.39972e-05,-3.355742e-05,-3.601383e-05,-3.087116e-05,-2.877319e-05,-2.188444e-05,-1.90651e-05,-1.55498e-05,-6.167484e-06,4.311153e-06,-5.415409e-05,-0.0002237118,-0.0005090507,-0.0008858417,-0.001313678,-0.001733029,-0.002095557,-0.002370323,-0.00255727,-0.002657274,-0.002678853,-0.002618981,-0.002489677,-0.002305403,-0.002096065,-0.001884382,-0.001690591,-0.001520995,-0.00138298,-0.001268461,-0.001170527,-0.001078617,-0.0009910322,-0.0009055159,-0.0008223154,-0.0007378111,-0.0006532199,-0.0005665955,-0.0004800477,-0.00039438,-0.0003139262,-0.0002383287,-0.000169992,-0.0001055278,-4.611648e-05,9.498159e-06,5.845378e-05,0.0001009279,0.0001370951,0.0001686762,0.0001941228,0.0002141277,0.0002274846,0.00023477,0.000233442,0.0002244266,0.0002083903,0.0001879848,0.0001621603,0.0001318959,9.780273e-05,6.198764e-05,2.642765e-05,-8.904086e-06,-4.568644e-05,-8.705429e-05,-0.0001311011,-0.0001731915,-0.0002039488,-0.0002228286,-0.0002314494,-0.0002401715,-0.0002510102,-0.0002712574,-0.0002950972,-0.0003272602,-0.0003642855,-0.0004227333,-0.0005003654,-0.0006037797,-0.0007069366,-0.0007814837,-0.0007409921,-0.0005245362,-0.0002104664,-5.613574e-05,-2.513352e-05,-3.061072e-05,-3.148955e-05,-5.436942e-05,-6.419481e-05,-9.095399e-05,-8.971884e-05,-0.0001057075,-5.03856e-05,-8.500343e-05,-0.000196946,-0.0003623251,-0.000114393,0.0001094401,-3.439581e-05,0.0001360663,0.0001930434,0.0002132417,0.0001977706,0.0002115512
0.0001675869,0.0001484723,0.0001595491,0.0001319224,0.0001306878,0.0001032324,8.657703e-05,7.495641e-05,4.701117e-05,3.143306e-05,1.991643e-05,-8.660365e-06,-1.858132e-05,-3.144933e-05,-3.469771e-05,-4.197958e-05,-3.841234e-05,-3.776388e-05,-2.963869e-05,-2.81733e-05,-2.237099e-05,-2.076717e-05,1.056232e-05,2.431175e-05,-7.371165e-05,-0.0003494817,-0.0007756492,-0.001342959,-0.001972674,-0.002597718,-0.003127776,-0.003539864,-0.003813845,-0.00396862,-0.003996545,-0.003913263,-0.003724201,-0.003461244,-0.003149245,-0.002837224,-0.002543631,-0.002297834,-0.00208974,-0.001921562,-0.001769838,-0.001635632,-0.001504225,-0.001381646,-0.001255451,-0.001133952,-0.001007017,-0.000881844,-0.0007505495,-0.0006266709,-0.0005060478,-0.0003973063,-0.0002902004,-0.0001938224,-0.0001011164,-2.067818e-05,5.552991e-05,0.0001221563,0.0001826159,0.0002304065,0.0002720435,0.0003036496,0.0003284155,0.0003399983,0.0003418746,0.0003311683,0.0003113378,0.0002807174,0.0002442284,0.0002005801,0.0001518069,9.972382e-05,4.792692e-05,-3.238788e-06,-5.752386e-05,-0.0001173126,-0.000182529,-0.0002433647,-0.0002905304,-0.0003163964,-0.0003309493,-0.0003416643,-0.0003615371,-0.0003892138,-0.0004298959,-0.0004764008,-0.000540531,-0.0006261523,-0.0007526844,-0.0009105391,-0.001091838,-0.001233221,-0.001240034,-0.0009572002,-0.0004351088,-8.848131e-05,-3.861676e-05,-2.841267e-05,-4.190296e-05,-4.971711e-05,-8.310413e-05,-8.969403e-05,-0.0001154358,-0.0001030554,-0.0001550693,-8.211849e-05,9.872398e-05,0.0003569855,0.0001440402,-3.672798e-05,0.0002091427,8.239575e-05,7.512335e-05,9.659275e-05,0.0001430162,0.00013988
0.0002138722,0.000220187,0.000181432,0.0001786141,0.0001401684,0.0001281691,0.0001021141,7.024834e-05,5.734117e-05,3.234692e-05,5.246087e-06,1.457584e-06,-1.800327e-05,-2.705061e-05,-3.873608e-05,-3.763579e-05,-4.09267e-05,-3.471124e-05,-3.278055e-05,-2.450544e-05,-2.148576e-05,-1.166392e-05,4.846639e-05,7.451865e-05,-8.806944e-05,-0.000478485,-0.001086684,-0.001868078,-0.00274128,-0.003592385,-0.004326106,-0.00488561,-0.005269156,-0.005479651,-0.005531253,-0.005420091,-0.005168749,-0.004805703,-0.004386691,-0.003958308,-0.003561527,-0.003213421,-0.002926856,-0.00268919,-0.002485448,-0.002297258,-0.002118722,-0.001946168,-0.001777776,-0.001608388,-0.001438031,-0.00126456,-0.001089863,-0.0009171042,-0.000752513,-0.0005971919,-0.0004532416,-0.0003169217,-0.0001887735,-6.865942e-05,4.010537e-05,0.0001362399,0.0002207184,0.0002945543,0.0003566009,0.0004066491,0.0004436489,0.0004666002,0.0004723315,0.0004610294,0.000435193,0.0003983284,0.0003506423,0.0002928015,0.0002272388,0.0001570795,8.770415e-05,1.823992e-05,-5.388707e-05,-0.000136018,-0.0002237395,-0.0003082851,-0.0003699848,-0.0004077625,-0.0004251733,-0.0004437256,-0.0004682773,-0.0005131455,-0.0005676638,-0.0006408529,-0.0007274398,-0.0008596438,-0.001037094,-0.001276749,-0.001540027,-0.001789579,-0.001879527,-0.001632591,-0.0008960891,-0.0001888723,-3.15194e-05,-3.515648e-05,-3.50599e-05,-6.25152e-05,-7.193471e-05,-0.000104172,-0.0001006638,-0.0001211638,-4.940611e-05,-9.753175e-05,-0.0002492272,-0.0004714141,-0.0001522276,0.0001369852,-5.845345e-05,0.0001592818,0.0002299112,0.0002528371,0.0002303982,0.000247425
0.0001732645,0.0001509089,0.000166862,0.0001355617,0.0001373993,0.000107119,9.020953e-05,7.977011e-05,4.886563e-05,3.321855e-05,2.235942e-05,-9.977422e-06,-1.971192e-05,-3.360008e-05,-3.636107e-05,-4.474935e-05,-4.043142e-05,-4.017218e-05,-3.106041e-05,-3.007533e-05,-2.37281e-05,-8.503841e-07,0.0001371487,0.0001513178,-8.472364e-05,-0.0006239634,-0.001418976,-0.0024454,-0.00357434,-0.004683732,-0.005628231,-0.006362487,-0.006860103,-0.007145818,-0.007213321,-0.007081979,-0.006766049,-0.006314043,-0.005773433,-0.005222528,-0.004700827,-0.00425566,-0.003878188,-0.003570247,-0.003296647,-0.003054574,-0.002821128,-0.002602989,-0.002381745,-0.002167791,-0.001946075,-0.001726483,-0.001497456,-0.001278378,-0.001063691,-0.0008664126,-0.0006717039,-0.000492744,-0.0003189696,-0.0001636292,-1.533812e-05,0.0001168539,0.0002383296,0.0003385388,0.0004273814,0.0004979704,0.0005555582,0.0005892641,0.0006045291,0.0005957075,0.0005695971,0.0005231581,0.0004654689,0.0003934115,0.0003121453,0.0002235002,0.0001360136,4.845671e-05,-4.343962e-05,-0.0001471201,-0.0002596298,-0.000366638,-0.0004476534,-0.0004935894,-0.0005179425,-0.0005397428,-0.0005770863,-0.0006341711,-0.0007135802,-0.0008101716,-0.0009372667,-0.001111302,-0.00135862,-0.001677099,-0.002053259,-0.002414775,-0.002631536,-0.002468802,-0.001692541,-0.0004687394,-5.458017e-05,-2.955907e-05,-4.458666e-05,-5.157322e-05,-8.878399e-05,-9.385841e-05,-0.0001233892,-0.0001077197,-0.0001733697,-8.579688e-05,0.0001352488,0.0004496064,0.0001791655,-5.460433e-05,0.000244186,8.099278e-05,6.610869e-05,8.876618e-05,0.0001437312,0.0001387358
0.0002217444,0.0002303073,0.0001864994,0.0001857444,0.0001434003,0.0001324535,0.0001052806,7.089417e-05,5.922849e-05,3.294002e-05,3.988545e-06,2.362121e-06,-1.824758e-05,-2.715603e-05,-3.977066e-05,-3.789966e-05,-4.183927e-05,-3.503479e-05,-3.353499e-05,-2.467288e-05,-2.176854e-05,6.25687e-05,0.0002704739,0.0002727911,-5.620869e-05,-0.0007370675,-0.001753383,-0.003031055,-0.004444384,-0.005812818,-0.00699465,-0.007900925,-0.008533129,-0.008891245,-0.008999689,-0.008849156,-0.008477222,-0.007922539,-0.007271003,-0.006591714,-0.005954478,-0.00538858,-0.004917927,-0.004525535,-0.00419058,-0.003884673,-0.003597521,-0.003322048,-0.00305464,-0.00278731,-0.002518715,-0.002246123,-0.00197085,-0.00169743,-0.001433349,-0.001181538,-0.0009434678,-0.0007156573,-0.0004972942,-0.0002904171,-9.833626e-05,7.453619e-05,0.000230828,0.0003690413,0.0004895219,0.0005891355,0.0006684235,0.0007225011,0.0007491297,0.0007453157,0.0007177576,0.0006687799,0.0006027486,0.0005176017,0.0004206506,0.0003136052,0.000209165,0.0001026958,-6.303133e-06,-0.0001339066,-0.0002693464,-0.000402494,-0.0004973933,-0.0005567573,-0.0005828181,-0.0006157022,-0.0006593703,-0.0007417132,-0.0008410165,-0.0009772498,-0.001136993,-0.001376763,-0.001690947,-0.002115988,-0.002593081,-0.003092898,-0.003428201,-0.003406413,-0.002693159,-0.001154748,-8.193363e-05,-3.609203e-05,-3.485281e-05,-6.458302e-05,-7.210574e-05,-0.0001073746,-0.000101076,-0.0001250082,-4.048985e-05,-0.0001007368,-0.0002863725,-0.000555953,-0.0001835252,0.0001558926,-8.364817e-05,0.0001682447,0.0002479713,0.000271196,0.000242333,0.0002612809
0.0001709806,0.0001467282,0.0001664571,0.0001332089,0.0001376892,0.0001062669,8.953059e-05,8.10453e-05,4.831338e-05,3.352871e-05,2.35942e-05,-1.083461e-05,-2.016301e-05,-3.424965e-05,-3.656153e-05,-4.553135e-05,-4.073729e-05,-4.08105e-05,-3.099637e-05,-3.084157e-05,-2.296277e-05,0.0001747216,0.0004610746,0.0004312005,9.677207e-06,-0.0008419949,-0.002070733,-0.003618516,-0.00531211,-0.006960051,-0.008373178,-0.009474075,-0.01024094,-0.01069357,-0.01083609,-0.01068171,-0.01026104,-0.009628957,-0.008861067,-0.008056893,-0.007287239,-0.006615231,-0.00604244,-0.005569133,-0.005154523,-0.00478836,-0.004441622,-0.004117886,-0.003794715,-0.003481979,-0.003160655,-0.002841981,-0.002511073,-0.002191002,-0.001874126,-0.001577729,-0.001282221,-0.001005517,-0.0007326104,-0.0004827604,-0.0002402672,-2.03588e-05,0.0001860474,0.0003613729,0.000521126,0.0006517866,0.0007636714,0.0008372263,0.0008833806,0.0008890214,0.0008689152,0.0008140038,0.0007431549,0.0006460765,0.0005372292,0.0004125988,0.0002931374,0.0001693565,4.360655e-05,-0.0001053769,-0.0002633335,-0.0004193642,-0.000531215,-0.0005988124,-0.000630142,-0.0006693123,-0.0007287068,-0.0008315647,-0.0009638793,-0.001137528,-0.001351695,-0.001652545,-0.002053886,-0.002579472,-0.003186201,-0.003816813,-0.004290349,-0.004385487,-0.003792302,-0.002235967,-0.0002672928,-2.867198e-05,-4.619974e-05,-5.005833e-05,-9.119682e-05,-9.327706e-05,-0.0001263425,-0.0001072165,-0.0001844144,-8.539172e-05,0.0001658848,0.0005226185,0.0002068342,-7.020244e-05,0.0002679809,7.660187e-05,5.402801e-05,7.729547e-05,0.0001378575,0.0001316062
0.0002246928,0.0002362456,0.0001875829,0.000189699,0.0001435465,0.0001346717,0.0001059238,7.088664e-05,5.942904e-05,3.338414e-05,2.367666e-06,3.402739e-06,-1.868534e-05,-2.663703e-05,-4.05227e-05,-3.741703e-05,-4.232591e-05,-3.472845e-05,-3.372181e-05,-2.479656e-05,-4.26692e-06,0.0003715588,0.0006950247,0.0006516788,0.0001210844,-0.0008771947,-0.002347025,-0.004151795,-0.006143679,-0.008052747,-0.009717738,-0.01099872,-0.01192199,-0.01246316,-0.01267495,-0.01252277,-0.01207416,-0.01135706,-0.01049873,-0.009572287,-0.008692688,-0.007891893,-0.007221149,-0.006652842,-0.006173755,-0.005737267,-0.00533632,-0.004951825,-0.004585,-0.004218236,-0.003853737,-0.003483169,-0.003111038,-0.002737505,-0.002373074,-0.002019439,-0.001679742,-0.001349198,-0.001026603,-0.0007157388,-0.0004203618,-0.0001494243,0.0001021915,0.0003281159,0.0005319123,0.00070382,0.0008490236,0.0009541722,0.001022137,0.001041001,0.001027457,0.0009764521,0.0009039199,0.0007976228,0.0006783293,0.0005377568,0.0004064017,0.0002658601,0.0001285844,-4.295718e-05,-0.0002187296,-0.0004001863,-0.0005199007,-0.0006013309,-0.0006305748,-0.000686475,-0.0007536799,-0.0008947476,-0.00105427,-0.001287506,-0.001546712,-0.001940095,-0.002423334,-0.003082899,-0.003797868,-0.004585791,-0.005171247,-0.005423286,-0.004909119,-0.003486042,-0.0008395986,-4.012986e-05,-3.570263e-05,-6.326351e-05,-7.316966e-05,-0.0001070266,-0.000101763,-0.0001252736,-3.39049e-05,-0.0001009784,-0.0003153546,-0.0006182241,-0.0002091844,0.0001710414,-0.0001041326,0.0001739144,0.0002589354,0.0002835942,0.0002483712,0.0002700099
0.0001676809,0.0001442633,0.0001645508,0.0001320148,0.0001363929,0.0001062008,8.769047e-05,8.256049e-05,4.68146e-05,3.438033e-05,2.356327e-05,-1.078732e-05,-2.128098e-05,-3.407668e-05,-3.73421e-05,-4.551251e-05,-4.144385e-05,-4.073048e-05,-3.131668e-05,-3.177972e-05,5.924469e-05,0.0006117696,0.0009949107,0.0009249298,0.000294468,-0.0008699508,-0.002553639,-0.004617752,-0.006885011,-0.009062627,-0.01096035,-0.01243955,-0.01351574,-0.01417105,-0.01444773,-0.01432175,-0.01386345,-0.01310121,-0.01215789,-0.01112339,-0.01012408,-0.009219298,-0.00844712,-0.007791779,-0.007230674,-0.006730086,-0.006271579,-0.005838784,-0.005420208,-0.005010488,-0.0045995,-0.004187024,-0.003766351,-0.003350744,-0.002939248,-0.002542664,-0.002146163,-0.001763646,-0.00138369,-0.001024036,-0.0006718873,-0.0003432999,-3.127153e-05,0.0002437065,0.0004980003,0.0007138893,0.0009034783,0.001039988,0.001137967,0.001177007,0.001179693,0.001130505,0.001059728,0.0009481584,0.0008224468,0.0006698815,0.0005286127,0.0003765641,0.0002277923,4.045224e-05,-0.0001527433,-0.0003513048,-0.0004829824,-0.0005682755,-0.0006021046,-0.0006667332,-0.00075731,-0.0009291463,-0.001136998,-0.001425363,-0.001762188,-0.00223955,-0.002834667,-0.003613857,-0.004474055,-0.005396317,-0.006115949,-0.006473871,-0.006070768,-0.004751001,-0.002017644,-5.612557e-05,-4.502624e-05,-4.827536e-05,-9.378534e-05,-9.142618e-05,-0.0001297756,-0.0001053124,-0.0001939455,-8.367026e-05,0.0001874486,0.0005773142,0.0002267069,-8.101247e-05,0.0002835307,7.499317e-05,4.378678e-05,6.993327e-05,0.0001320007,0.0001271497
0.0002264781,0.0002408305,0.0001879539,0.0001928185,0.000143196,0.0001365033,0.0001059174,7.116402e-05,5.907289e-05,3.398983e-05,7.610261e-07,4.351996e-06,-1.946548e-05,-2.612689e-05,-4.152864e-05,-3.689023e-05,-4.314826e-05,-3.404577e-05,-3.48894e-05,-3.34839e-05,0.0001972056,0.0009390193,0.001346874,0.001277757,0.0005436265,-0.0007447363,-0.002654221,-0.004945069,-0.007487532,-0.009899104,-0.01203954,-0.01369484,-0.01494375,-0.01570854,-0.01609299,-0.01600835,-0.01557174,-0.01476663,-0.01377864,-0.01265116,-0.01156811,-0.01054171,-0.009679479,-0.00892594,-0.008304539,-0.007730972,-0.00722385,-0.00672991,-0.00627626,-0.005814812,-0.005371156,-0.004911312,-0.004462266,-0.003998178,-0.003549578,-0.003096798,-0.002663609,-0.002225178,-0.001798292,-0.001369966,-0.0009627163,-0.0005729804,-0.0002109724,0.0001288206,0.0004353577,0.0007079979,0.0009391356,0.001122847,0.001250191,0.001316095,0.001330866,0.001298413,0.001230291,0.001120537,0.0009873075,0.0008294188,0.0006791297,0.0005216285,0.0003644223,0.0001660289,-4.227885e-05,-0.0002536372,-0.000390321,-0.0004790749,-0.0005154337,-0.0005953823,-0.0007092946,-0.0009270724,-0.001187829,-0.001550864,-0.001967589,-0.002556997,-0.00327181,-0.004194777,-0.005187376,-0.006249747,-0.007084854,-0.007558294,-0.00723721,-0.006018273,-0.0033477,-0.0001933543,-2.729427e-05,-6.726565e-05,-7.079525e-05,-0.0001090852,-0.0001012646,-0.0001266386,-2.901951e-05,-0.0001017253,-0.0003367543,-0.0006625669,-0.0002288104,0.0001826237,-0.0001184233,0.0001777423,0.0002664398,0.0002927188,0.000252421,0.0002766085
0.0001672592,0.0001415341,0.0001647614,0.0001301091,0.0001367591,0.0001050725,8.749632e-05,8.249344e-05,4.678307e-05,3.386172e-05,2.437253e-05,-1.182027e-05,-2.140036e-05,-3.498261e-05,-3.740838e-05,-4.62825e-05,-4.181745e-05,-4.057472e-05,-3.289321e-05,-7.000433e-05,0.0003956848,0.00130265,0.001778391,0.001695261,0.0008917046,-0.0005340879,-0.002608849,-0.005116594,-0.00788145,-0.01052836,-0.01287164,-0.01472446,-0.01613196,-0.01704264,-0.01752736,-0.01752392,-0.01713247,-0.01634477,-0.01532443,-0.01413599,-0.01296476,-0.01185818,-0.01090626,-0.0100727,-0.009372377,-0.008738743,-0.008179217,-0.007642509,-0.007144112,-0.006646918,-0.006166708,-0.005673541,-0.00518769,-0.004691036,-0.004207388,-0.00371827,-0.003235748,-0.002746633,-0.002266891,-0.001787657,-0.001324489,-0.0008686088,-0.0004422551,-4.16161e-05,0.0003213265,0.0006527178,0.000935368,0.001165621,0.001329058,0.001430641,0.001466361,0.001449777,0.001386003,0.001285205,0.001146881,0.0009917519,0.0008325942,0.0006801637,0.0005119219,0.0003154369,8.972629e-05,-0.0001183064,-0.0002682772,-0.0003428685,-0.0003961459,-0.0004775792,-0.0006426777,-0.0008933281,-0.001243484,-0.001670684,-0.002219069,-0.002902406,-0.00378546,-0.004820783,-0.006000509,-0.007151574,-0.008138861,-0.008632114,-0.008449953,-0.007230518,-0.004764092,-0.0007757599,-3.576227e-05,-5.653445e-05,-8.756086e-05,-9.736357e-05,-0.0001269506,-0.000109421,-0.0001969729,-8.676139e-05,0.0002057512,0.0006115873,0.0002441532,-9.151383e-05,0.0002961971,7.289671e-05,3.92596e-05,6.383447e-05,0.0001301654,0.0001230902
0.0002315183,0.0002408567,0.0001916729,0.0001919256,0.0001460919,0.0001348037,0.0001087599,6.859311e-05,6.1371e-05,3.17909e-05,1.985561e-06,2.469988e-06,-1.807207e-05,-2.809602e-05,-4.075684e-05,-3.823275e-05,-4.303687e-05,-3.379837e-05,-3.684473e-05,-7.217872e-05,0.0006741929,0.001745866,0.002271497,0.00220515,0.001355689,-0.0001504429,-0.002373365,-0.005049564,-0.008009694,-0.01084708,-0.01338593,-0.01541333,-0.0169921,-0.01805145,-0.01868029,-0.0187866,-0.01847741,-0.01772548,-0.01672298,-0.01550672,-0.01429364,-0.01310213,-0.01207792,-0.01116266,-0.01040875,-0.009712064,-0.009109392,-0.008520787,-0.007994474,-0.007455327,-0.006951609,-0.006422678,-0.005920824,-0.005387858,-0.004878713,-0.004342222,-0.003833167,-0.003294107,-0.00277398,-0.00222641,-0.001710245,-0.001190127,-0.000712934,-0.0002385628,0.0001819204,0.0005821674,0.0009123905,0.001203462,0.001402017,0.001543637,0.001595868,0.00161008,0.001552651,0.001467176,0.001323846,0.001178185,0.001013099,0.0008721565,0.000698393,0.0005089545,0.0002708579,7.137041e-05,-8.162611e-05,-0.0001429198,-0.000211237,-0.0003058993,-0.0005246166,-0.0008312273,-0.001279272,-0.00179938,-0.002484604,-0.003299371,-0.004358619,-0.005535336,-0.006879338,-0.008122083,-0.009225079,-0.009743913,-0.00964765,-0.008421214,-0.006126783,-0.002007026,-3.384355e-05,-7.378537e-05,-6.238338e-05,-0.0001184348,-9.456046e-05,-0.0001348924,-2.030591e-05,-0.0001086105,-0.0003468658,-0.000697307,-0.0002385899,0.0001865906,-0.0001227889,0.0001758238,0.0002757325,0.0002952844,0.0002592904,0.0002778449
0.0001712059,0.0001369201,0.0001686598,0.0001259086,0.0001403453,0.0001013687,9.038606e-05,7.948833e-05,4.953874e-05,3.069486e-05,2.72425e-05,-1.50818e-05,-1.965986e-05,-3.780297e-05,-3.631319e-05,-4.816192e-05,-4.200035e-05,-4.032899e-05,-3.52809e-05,-4.175529e-05,0.001010677,0.002206319,0.002852038,0.002789626,0.001956524,0.0003670429,-0.001908804,-0.004727831,-0.007801038,-0.01082257,-0.01349898,-0.01572437,-0.01744977,-0.01870316,-0.01946572,-0.01973706,-0.01953628,-0.01889884,-0.01793258,-0.01674093,-0.01548863,-0.01427259,-0.01318065,-0.01221602,-0.01138975,-0.01065313,-0.01000087,-0.009386314,-0.008818026,-0.008259965,-0.007724653,-0.007179205,-0.006646599,-0.006099315,-0.005563189,-0.005007366,-0.004453887,-0.003876972,-0.003307659,-0.002720007,-0.002148949,-0.001567028,-0.00102123,-0.0004862265,-2.03868e-06,0.0004609885,0.000852438,0.00119538,0.00143967,0.001623713,0.001706716,0.001743429,0.001699415,0.001630387,0.001490923,0.001357117,0.001193837,0.001069543,0.0008954828,0.0007202302,0.0004765923,0.0002959696,0.000140374,0.0001010994,9.418713e-06,-9.846014e-05,-0.0003949988,-0.0007615595,-0.001339993,-0.00196254,-0.002830641,-0.003778455,-0.005047441,-0.006351393,-0.007888322,-0.009187647,-0.01040037,-0.01086959,-0.01085851,-0.009570944,-0.0074835,-0.003304839,-6.904659e-05,-5.10382e-05,-8.570679e-05,-0.0001035989,-0.0001227192,-0.0001168969,-0.0001957109,-9.40202e-05,0.0002217708,0.0006283799,0.000260778,-0.0001031154,0.0003081363,6.899786e-05,4.126291e-05,5.725861e-05,0.0001336196,0.0001177626
0.0002367948,0.0002397867,0.0001959105,0.0001900701,0.0001495519,0.0001323184,0.0001119237,6.567804e-05,6.384216e-05,2.926891e-05,3.437278e-06,3.124346e-07,-1.717965e-05,-2.988744e-05,-4.109217e-05,-3.8625e-05,-4.471717e-05,-3.274925e-05,-6.460396e-05,6.039842e-05,0.001414705,0.002732164,0.003488919,0.00347821,0.002702521,0.001113551,-0.001180219,-0.004067249,-0.007210584,-0.01035106,-0.01315156,-0.01554189,-0.0174283,-0.01887538,-0.01982179,-0.02028963,-0.02024336,-0.01974692,-0.01888041,-0.01775951,-0.01652892,-0.01529459,-0.01416336,-0.01315685,-0.01229071,-0.01151625,-0.01082592,-0.01017939,-0.009586307,-0.009004395,-0.00844831,-0.007886043,-0.007341858,-0.006777981,-0.006220535,-0.005636173,-0.005060614,-0.004452402,-0.003845351,-0.003204922,-0.002580281,-0.001947579,-0.001347152,-0.00074615,-0.0001948539,0.0003328709,0.0007837819,0.001185147,0.001477863,0.00169956,0.00181342,0.001880411,0.001858726,0.001803883,0.001676366,0.00155265,0.001404316,0.001293913,0.001136782,0.0009703368,0.0007394765,0.0005709433,0.0004374747,0.0004018233,0.0003004591,0.0001433011,-0.0002214414,-0.0007007513,-0.001403626,-0.002191019,-0.003225384,-0.004379748,-0.005833137,-0.00732868,-0.008982832,-0.01037897,-0.0115962,-0.01207693,-0.01200475,-0.01073911,-0.008665068,-0.004655147,-0.0002054755,-5.076882e-05,-7.356705e-05,-0.000115637,-9.726601e-05,-0.0001375625,-1.817531e-05,-0.0001127086,-0.0003550834,-0.0007187506,-0.0002459092,0.0001892418,-0.0001233575,0.000173273,0.0002832237,0.0002960328,0.0002657192,0.0002777402
0.0001724027,0.0001371123,0.000169627,0.0001257299,0.0001409102,0.0001011234,9.036023e-05,7.939982e-05,4.931121e-05,3.048771e-05,2.666746e-05,-1.521211e-05,-2.146537e-05,-3.743318e-05,-3.907788e-05,-4.679298e-05,-4.523725e-05,-4.080869e-05,-0.0001910093,0.0001727451,0.001841165,0.003254215,0.004196832,0.0042472,0.003599587,0.002032973,-0.0001685861,-0.003068411,-0.006189301,-0.009421331,-0.01228443,-0.01485102,-0.01688055,-0.01856002,-0.01968147,-0.02039295,-0.02054081,-0.02027376,-0.01953703,-0.01854387,-0.01734738,-0.01617116,-0.01502026,-0.01401295,-0.01309229,-0.01230675,-0.01157726,-0.01092914,-0.01029683,-0.009714833,-0.009128009,-0.0085693,-0.007995213,-0.007436984,-0.006853733,-0.006271407,-0.005652585,-0.005027824,-0.004372869,-0.003714767,-0.003035769,-0.002359856,-0.001686062,-0.001039724,-0.0004160129,0.0001631204,0.000688194,0.001131258,0.001484421,0.001740109,0.001902631,0.001984319,0.001995563,0.001950055,0.001848678,0.001731959,0.001613074,0.001516058,0.001388373,0.001231454,0.001028946,0.0008751816,0.0007711593,0.0007348661,0.0006189125,0.0003939568,-6.12528e-05,-0.0006786975,-0.001534463,-0.002519221,-0.003756522,-0.005138248,-0.006786663,-0.008473737,-0.01023916,-0.01171293,-0.01288301,-0.01332305,-0.01313504,-0.01188632,-0.009774228,-0.006019666,-0.0009908843,-2.451805e-05,-0.0001098806,-8.9343e-05,-0.0001360539,-0.0001111598,-0.0002057442,-9.198387e-05,0.0002241936,0.0006421899,0.0002669197,-0.0001064356,0.000311071,7.197911e-05,4.095138e-05,5.781056e-05,0.000134529,0.0001182884
0.0002361418,0.000244215,0.0001946642,0.0001934365,0.0001477638,0.0001348405,0.0001098811,6.780303e-05,6.125466e-05,3.146303e-05,1.915354e-07,2.4307e-06,-2.10402e-05,-2.790583e-05,-4.546087e-05,-3.668885e-05,-4.695268e-05,-3.70101e-05,-0.0003414538,0.0003433856,0.002279605,0.003823196,0.004929137,0.005121052,0.004635538,0.003211736,0.001134172,-0.001670885,-0.004727742,-0.007955983,-0.01088323,-0.01356995,-0.01576039,-0.01764971,-0.01901823,-0.02000475,-0.02039248,-0.02035677,-0.01982969,-0.0190228,-0.0179533,-0.01683044,-0.01569607,-0.01469748,-0.01377879,-0.01298927,-0.0122347,-0.01156887,-0.010923,-0.0103345,-0.009735977,-0.009169602,-0.0085867,-0.008023921,-0.007425521,-0.006828992,-0.006193049,-0.005552713,-0.004867685,-0.004174879,-0.003449242,-0.002740149,-0.002016281,-0.001317689,-0.0006256344,7.829648e-06,0.0005969235,0.001089955,0.001499071,0.001784715,0.001988779,0.002096438,0.002144783,0.002108972,0.002036851,0.001928935,0.001849679,0.001767725,0.001683531,0.001534509,0.0013751,0.001232259,0.001176103,0.001117755,0.0009884699,0.000652723,0.0001029506,-0.0007127565,-0.001728276,-0.002976876,-0.004407499,-0.006084639,-0.007899484,-0.00982587,-0.01161845,-0.01318788,-0.01420079,-0.01464523,-0.01420554,-0.01302672,-0.0107007,-0.007384871,-0.002148808,-4.789545e-05,-9.638593e-05,-9.780587e-05,-0.0001161167,-0.0001270183,-3.070945e-05,-0.0001059247,-0.000370966,-0.000721889,-0.0002596535,0.0001988262,-0.000128471,0.0001777474,0.0002825244,0.0003025603,0.0002654271,0.0002833623
0.0001691451,0.0001437557,0.0001658954,0.0001312781,0.0001366996,0.0001059863,8.576232e-05,8.372982e-05,4.475482e-05,3.428041e-05,2.19333e-05,-1.200754e-05,-2.655847e-05,-3.519565e-05,-4.324923e-05,-4.683789e-05,-4.406288e-05,-4.790636e-05,-0.0004265436,0.0005047963,0.002675606,0.004353805,0.005680481,0.006051618,0.005795687,0.00455807,0.002711742,8.092537e-05,-0.00282266,-0.006000171,-0.008928058,-0.01173361,-0.0140877,-0.01621245,-0.01780632,-0.01907277,-0.01976262,-0.02006019,-0.01978127,-0.01919154,-0.01825283,-0.01728139,-0.01621603,-0.01526821,-0.0143338,-0.01355368,-0.01279557,-0.0121502,-0.01148209,-0.01089661,-0.01027504,-0.009721729,-0.009119976,-0.008565249,-0.007946136,-0.007355859,-0.006688508,-0.006041264,-0.005321047,-0.004623092,-0.003858495,-0.003119449,-0.002334817,-0.001601635,-0.0008465505,-0.0001689334,0.000489119,0.001018567,0.00148524,0.001802761,0.002057649,0.002180557,0.002266274,0.002242366,0.002205074,0.002112482,0.002078236,0.002020549,0.001982084,0.00185291,0.001740915,0.001621366,0.001601643,0.001521912,0.00134873,0.000887482,0.0001920146,-0.0008391833,-0.002071596,-0.003598858,-0.005282398,-0.007242356,-0.00925373,-0.01136782,-0.01319799,-0.01478086,-0.01563183,-0.01596317,-0.01528432,-0.01408415,-0.01162663,-0.008612569,-0.003244143,-4.986078e-05,-0.0001188957,-7.706935e-05,-0.0001539061,-0.0001007654,-0.0002222002,-8.432644e-05,0.0002161218,0.0006544177,0.0002639319,-0.0001019102,0.0003054684,8.256165e-05,3.688097e-05,6.649164e-05,0.0001313113,0.0001260985
0.000232536,0.0002519404,0.0001904011,0.0001999159,0.0001429887,0.0001402361,0.0001049472,7.25341e-05,5.620054e-05,3.548984e-05,-4.579055e-06,5.020713e-06,-2.519239e-05,-2.780601e-05,-4.69224e-05,-4.149856e-05,-3.940636e-05,-4.719913e-05,-0.0005397522,0.0006923159,0.003000851,0.004886537,0.006389726,0.007044777,0.00703666,0.006126865,0.004532847,0.002200746,-0.0005185494,-0.003536458,-0.006481867,-0.009330986,-0.01186512,-0.01417945,-0.01608106,-0.01764796,-0.01867373,-0.01926856,-0.01932032,-0.01900605,-0.01831734,-0.01747189,-0.01651279,-0.01562119,-0.01475458,-0.01399584,-0.01325186,-0.01259443,-0.01194172,-0.01135115,-0.01074066,-0.01017141,-0.009575266,-0.009006175,-0.008386847,-0.007774093,-0.007107278,-0.006441694,-0.005713423,-0.004982177,-0.004195856,-0.003428962,-0.002619985,-0.001837375,-0.001035654,-0.0003036549,0.0003993986,0.0009818153,0.001488129,0.001840984,0.002125429,0.002285579,0.002400683,0.002399129,0.002386754,0.002323292,0.002332518,0.002314375,0.002322043,0.002224255,0.00215789,0.002069393,0.002080726,0.001962875,0.00171529,0.001090918,0.0002133728,-0.001081535,-0.002567156,-0.00441482,-0.006364759,-0.008628901,-0.01082021,-0.01310648,-0.01491901,-0.01647188,-0.01709597,-0.01728559,-0.01632449,-0.01506318,-0.01242686,-0.009682309,-0.004279519,-8.707141e-05,-8.102979e-05,-0.0001003715,-0.000126002,-0.0001225838,-4.281013e-05,-0.0001006247,-0.000385736,-0.000717721,-0.0002735785,0.0002097289,-0.0001335444,0.0001850068,0.0002783503,0.0003118559,0.0002620724,0.0002922323
0.0001674329,0.0001510405,0.0001630514,0.0001371188,0.0001330242,0.0001106164,8.185719e-05,8.709395e-05,4.141972e-05,3.61963e-05,1.929479e-05,-1.23391e-05,-2.748436e-05,-3.976899e-05,-3.907347e-05,-5.9424e-05,-2.999925e-05,-0.0001477289,-0.0007238457,0.0008101485,0.003181466,0.005304465,0.007040343,0.008022631,0.008314024,0.007775997,0.006536022,0.004574955,0.002123669,-0.0006871015,-0.003591501,-0.006484464,-0.00918498,-0.0116983,-0.01388146,-0.01575454,-0.01714675,-0.01809894,-0.01850611,-0.01849946,-0.0180754,-0.01743386,-0.01662524,-0.01583138,-0.01503307,-0.01431802,-0.01360766,-0.01296725,-0.01232881,-0.01174571,-0.01114458,-0.01056843,-0.009965637,-0.009387196,-0.008769176,-0.008150556,-0.007466891,-0.006779518,-0.006041828,-0.005303583,-0.004510677,-0.003710301,-0.00287166,-0.002053166,-0.001219806,-0.0004387384,0.00030477,0.0009307236,0.001468027,0.001865359,0.0021792,0.002371917,0.002505915,0.002537533,0.002545469,0.002528483,0.002576397,0.002618834,0.002661778,0.002619279,0.002586721,0.002549737,0.002553154,0.002399718,0.002013642,0.001216573,7.278767e-05,-0.001486957,-0.003309399,-0.005459212,-0.007753449,-0.01025048,-0.01265959,-0.01499521,-0.01682997,-0.01820153,-0.01865222,-0.01851792,-0.01739563,-0.01587453,-0.01328208,-0.01047639,-0.0055151,-0.0003103898,-7.121619e-05,-0.000106401,-0.0001454366,-0.0001108001,-0.0002251448,-8.854154e-05,0.0002131643,0.0006541776,0.0002640267,-0.0001002318,0.0003014427,9.221049e-05,3.660795e-05,7.591412e-05,0.000130683,0.0001347623
0.0002345783,0.0002551197,0.0001911429,0.0002019189,0.0001428756,0.0001410274,0.0001046354,7.235183e-05,5.622095e-05,3.370081e-05,-3.170529e-06,8.925915e-08,-2.152516e-05,-3.804025e-05,-3.757572e-05,-5.859583e-05,-3.025004e-05,-0.0005622901,-0.001014142,0.000853605,0.003223642,0.00562004,0.007529546,0.008935105,0.009567743,0.00952522,0.008645978,0.007158265,0.005002334,0.00248141,-0.0003831246,-0.003253082,-0.006140039,-0.008813483,-0.01130652,-0.01344078,-0.0152362,-0.01654271,-0.01736071,-0.01765283,-0.01754104,-0.01711665,-0.01653482,-0.01584491,-0.01515889,-0.01446911,-0.01384509,-0.01322534,-0.0126373,-0.01203038,-0.01144933,-0.01086197,-0.01029206,-0.009679697,-0.009061657,-0.008396326,-0.007735913,-0.00702261,-0.006295928,-0.005514184,-0.004724882,-0.003899585,-0.003068334,-0.002199992,-0.001349168,-0.0005121113,0.0002473523,0.0009307562,0.001480384,0.001921807,0.002244172,0.002489838,0.002633418,0.002706202,0.002726743,0.00277166,0.002857137,0.002972712,0.003051313,0.003073615,0.003069718,0.003080643,0.003056991,0.002832212,0.002260042,0.001236156,-0.0002177806,-0.002095823,-0.00428659,-0.006763829,-0.009380179,-0.01211064,-0.01470075,-0.01704377,-0.01879317,-0.01991157,-0.02015679,-0.01969935,-0.01837644,-0.01657098,-0.01402345,-0.01111376,-0.006748452,-0.001473131,-3.534267e-05,-0.0001476485,-0.0001023531,-0.0001466152,-3.500224e-05,-0.0001143961,-0.0003848297,-0.0007225384,-0.0002754554,0.0002103655,-0.0001279031,0.0001848762,0.0002812107,0.000315054,0.0002650855,0.0002961046
0.0001724894,0.0001539065,0.0001661117,0.0001382351,0.0001347655,0.0001102687,8.322969e-05,8.5049e-05,4.345046e-05,3.235318e-05,2.217919e-05,-1.904515e-05,-2.25916e-05,-5.122233e-05,-3.039349e-05,-7.213794e-05,-3.698796e-05,-0.0009463043,-0.001393238,0.000674489,0.003015512,0.005673248,0.007848236,0.009677859,0.01070785,0.01116292,0.01076394,0.009773297,0.007992892,0.005765038,0.003011468,0.0001466357,-0.002867993,-0.005712776,-0.008470559,-0.01090152,-0.01305761,-0.01471728,-0.0159156,-0.01655966,-0.0167828,-0.01661066,-0.01623303,-0.01569613,-0.01514477,-0.01454992,-0.0139911,-0.01340519,-0.01285753,-0.01228098,-0.01172995,-0.01112806,-0.01054613,-0.009919114,-0.009303154,-0.008625309,-0.007942903,-0.007203785,-0.006472492,-0.005688467,-0.004904674,-0.004055138,-0.003210536,-0.002318662,-0.001453853,-0.0005790649,0.0002041619,0.0009208593,0.001486517,0.001966892,0.002309177,0.002588851,0.002746516,0.002857224,0.002898983,0.003007394,0.003144158,0.003340143,0.003457524,0.003545718,0.003567649,0.003617687,0.003528183,0.003193471,0.002373365,0.001079333,-0.0007526163,-0.002970351,-0.005571304,-0.008365131,-0.01132822,-0.01420545,-0.01691638,-0.0191486,-0.02081789,-0.02161625,-0.02161456,-0.02071431,-0.01926113,-0.01713433,-0.01472061,-0.01157966,-0.007929627,-0.002416623,-6.467407e-05,-0.0001478567,-0.0001208292,-0.0001386709,-0.0002145866,-0.0001071037,0.0002190942,0.0006392082,0.0002720745,-0.0001063261,0.0003044999,9.607093e-05,4.505998e-05,8.089648e-05,0.0001377453,0.0001391758
0.0002412131,0.0002549709,0.0001961826,0.0002004185,0.0001466128,0.0001381386,0.000107802,6.8723e-05,5.938063e-05,2.869522e-05,7.966905e-07,-7.483729e-06,-1.706227e-05,-4.858171e-05,-3.358835e-05,-6.09437e-05,-4.632185e-05,-0.001246358,-0.001927772,0.0002633309,0.002523463,0.005452873,0.007871539,0.01018332,0.01163888,0.01267861,0.01276624,0.01232264,0.01092922,0.0090474,0.00641163,0.003599148,0.0004666841,-0.00250419,-0.005531696,-0.008225293,-0.01071976,-0.01267382,-0.01425428,-0.0152306,-0.01581432,-0.01587227,-0.01573345,-0.01535408,-0.0149837,-0.01448796,-0.01402669,-0.01347729,-0.01300276,-0.01244271,-0.01193203,-0.01131376,-0.01074458,-0.0100843,-0.009465533,-0.008746773,-0.008065772,-0.007294974,-0.006569024,-0.005753987,-0.004976776,-0.004114402,-0.003282698,-0.002359349,-0.001485215,-0.0005730348,0.0002170392,0.0009710421,0.001542199,0.002052522,0.002403707,0.00272748,0.002897496,0.003044685,0.003113184,0.003293947,0.003490655,0.00376523,0.00393019,0.00407832,0.004124609,0.004176648,0.003991059,0.003473382,0.002356935,0.0007128793,-0.001523936,-0.004141652,-0.007138061,-0.01026364,-0.01348807,-0.01648711,-0.01920134,-0.02128685,-0.02272408,-0.02318142,-0.02285216,-0.02161506,-0.01995296,-0.01758552,-0.01516542,-0.01198679,-0.008859459,-0.003091455,-5.10612e-05,-0.0001711158,-8.649128e-05,-0.0001717839,-2.745463e-05,-0.0001324249,-0.0003807877,-0.0007288912,-0.0002732022,0.0002069324,-0.0001165671,0.0001813573,0.0002886406,0.0003151079,0.0002730251,0.0002968529
0.0001838948,0.0001526775,0.0001749421,0.0001348004,0.0001416806,0.0001053033,8.915286e-05,7.870291e-05,4.914047e-05,2.522119e-05,2.698349e-05,-2.70047e-05,-1.952995e-05,-5.839254e-05,-3.521086e-05,-5.781418e-05,-5.858973e-05,-0.001744843,-0.00263161,-0.0005371716,0.001666379,0.004776009,0.007516679,0.01028041,0.01226507,0.01384877,0.01450472,0.01458662,0.01365894,0.01207449,0.009622632,0.006843187,0.003675369,0.000551974,-0.00264625,-0.005573217,-0.008350397,-0.01064254,-0.01252351,-0.01378133,-0.0146095,-0.01498328,-0.01510903,-0.0149359,-0.01468235,-0.01429669,-0.01396208,-0.01353575,-0.01311396,-0.01258709,-0.01207558,-0.01149073,-0.01091544,-0.0102463,-0.009588185,-0.008853152,-0.008138062,-0.007353802,-0.006602719,-0.005794923,-0.00501259,-0.004147275,-0.003296206,-0.00237205,-0.001481924,-0.0005586179,0.0002555893,0.001014143,0.00160198,0.002130615,0.002513852,0.002852676,0.003044229,0.003217963,0.003335868,0.003588696,0.003864708,0.004211734,0.004430743,0.004625747,0.004687095,0.004699767,0.004361285,0.003591701,0.002107973,5.656212e-05,-0.002633604,-0.005662147,-0.009055544,-0.01244846,-0.01586259,-0.01888846,-0.02154917,-0.02336484,-0.0244723,-0.02447913,-0.02387941,-0.02229965,-0.02046588,-0.01785863,-0.01552902,-0.01229211,-0.009586569,-0.003673532,-8.37728e-05,-0.0001452919,-0.0001181408,-0.000158651,-0.0002100182,-0.0001260635,0.0002232705,0.0006191708,0.0002819376,-0.0001153303,0.0003112912,9.724745e-05,6.001033e-05,8.311666e-05,0.0001514746,0.0001401705
0.0002556526,0.0002488657,0.0002084149,0.0001926438,0.000156836,0.0001293989,0.0001163324,6.030699e-05,6.612018e-05,2.108944e-05,5.150693e-06,-1.341806e-05,-1.9498e-05,-4.660799e-05,-5.721175e-05,-1.615447e-05,-0.000105626,-0.002608993,-0.003582236,-0.001774405,0.000391249,0.003608921,0.006670039,0.00988789,0.01244723,0.01461632,0.0158519,0.0164427,0.01597195,0.0147004,0.01246413,0.00975511,0.006584674,0.003356038,-2.365486e-07,-0.003143067,-0.00611563,-0.008620789,-0.01073522,-0.01226337,-0.01336616,-0.01396264,-0.01429034,-0.01432224,-0.01426179,-0.01404434,-0.01381383,-0.01347782,-0.0131332,-0.01267647,-0.01219909,-0.01161935,-0.01103101,-0.01034824,-0.009655117,-0.008883424,-0.008139219,-0.007342628,-0.006570132,-0.005743518,-0.004940978,-0.004089238,-0.003238812,-0.002309283,-0.001395512,-0.0004662249,0.0003620087,0.00112472,0.001727939,0.002255841,0.002661464,0.003024273,0.003251238,0.003445391,0.003623405,0.003945269,0.004323839,0.004736888,0.005019341,0.005225646,0.005282311,0.005190001,0.004652033,0.003523117,0.001621305,-0.0009221891,-0.004061916,-0.007535438,-0.01124569,-0.01488527,-0.01835529,-0.02133443,-0.02373109,-0.02523615,-0.02590821,-0.02556197,-0.02452983,-0.02270607,-0.02061821,-0.01802337,-0.01561138,-0.01258099,-0.009970716,-0.004622274,-0.0001184266,-0.0001210409,-0.0001129886,-0.000176733,-3.446583e-05,-0.0001456298,-0.0003808342,-0.000734307,-0.0002695098,0.0002005915,-9.960683e-05,0.0001739866,0.0003027248,0.0003103997,0.0002885562,0.0002922434
0.0001986872,0.0001503398,0.0001866431,0.0001300199,0.0001503165,9.946271e-05,9.519906e-05,7.318026e-05,5.238567e-05,2.220822e-05,2.448718e-05,-2.449952e-05,-3.395506e-05,-4.021111e-05,-8.25738e-05,4.700319e-06,-0.0005975843,-0.003944325,-0.004844326,-0.003600091,-0.001455588,0.001756866,0.005273446,0.008874204,0.01204761,0.01470631,0.01662776,0.01767208,0.01769612,0.016682,0.01475166,0.01208905,0.008987648,0.005647655,0.00225344,-0.001069658,-0.004150247,-0.00684715,-0.00906165,-0.01079748,-0.01205607,-0.01289981,-0.01338487,-0.01365009,-0.01373815,-0.01373675,-0.01360197,-0.01340676,-0.01311763,-0.01277523,-0.01231732,-0.0117724,-0.0111248,-0.01045207,-0.00970918,-0.008948913,-0.008119976,-0.007310831,-0.00648503,-0.005690809,-0.004860974,-0.004020695,-0.003126574,-0.002221687,-0.001275451,-0.0003651942,0.000496749,0.001226731,0.001859714,0.00237961,0.00283815,0.003189966,0.003463178,0.003670096,0.003943032,0.00433621,0.004834905,0.005293498,0.005637515,0.005826697,0.005853611,0.005570947,0.004742731,0.003163517,0.000782961,-0.002297253,-0.005898606,-0.009774639,-0.01372986,-0.01752202,-0.02095907,-0.02371174,-0.02569592,-0.02677197,-0.02700675,-0.02628792,-0.02481675,-0.02274988,-0.02050031,-0.01796332,-0.01550939,-0.01274798,-0.01017387,-0.005751198,-0.0007543286,-6.472685e-05,-0.0001764705,-0.0001431747,-0.0002324993,-0.0001301962,0.0002136151,0.0006047678,0.0002859017,-0.0001207011,0.0003166842,0.0001006959,7.738103e-05,8.649302e-05,0.0001687589,0.0001409837
0.0002664978,0.0002484584,0.0002164905,0.0001903379,0.0001618437,0.0001265358,0.0001182146,5.929077e-05,6.402774e-05,2.359313e-05,-3.154223e-06,-4.440437e-06,-4.226758e-05,-2.045932e-05,-0.0001103125,1.213148e-05,-0.001742904,-0.005533429,-0.006566578,-0.005973492,-0.003935907,-0.0007490079,0.003124922,0.007146799,0.01093748,0.01415616,0.01665757,0.01816937,0.01864567,0.01793634,0.01625565,0.01374498,0.01075377,0.007394516,0.003948246,0.0005327422,-0.002580773,-0.005332154,-0.007587545,-0.009405628,-0.01075272,-0.0117598,-0.01242675,-0.01288908,-0.01313265,-0.01329128,-0.01331502,-0.01328367,-0.01309171,-0.01281222,-0.01236853,-0.01186855,-0.01122086,-0.01052836,-0.009723132,-0.008921691,-0.008055689,-0.007227273,-0.006363924,-0.005551253,-0.004694107,-0.003866368,-0.002957858,-0.002051875,-0.001079227,-0.0001780037,0.0006939117,0.001407252,0.002053849,0.002568251,0.003064453,0.003425253,0.003736531,0.003971562,0.004352733,0.004842518,0.005451854,0.005942837,0.006327806,0.006469122,0.006401731,0.005832342,0.004623017,0.002496708,-0.0004223755,-0.004075509,-0.008099646,-0.01234617,-0.01643015,-0.0202296,-0.0233904,-0.02585996,-0.02736254,-0.02796691,-0.02754451,-0.02638723,-0.02459091,-0.0225019,-0.02006605,-0.0176295,-0.01508109,-0.0128068,-0.01017793,-0.006916692,-0.002034639,-7.469706e-05,-0.0001803099,-0.0001520899,-6.859441e-05,-0.0001416953,-0.0003983015,-0.000727358,-0.0002772614,0.000203831,-8.909399e-05,0.0001748951,0.0003122332,0.0003131508,0.0003006351,0.000294112
0.0002092548,0.0001551309,0.0001930471,0.000131755,0.0001529605,0.0001001692,9.456384e-05,7.441222e-05,4.822775e-05,2.668708e-05,1.357687e-05,-1.375385e-05,-5.826377e-05,-1.557961e-05,-0.0001242727,-1.034417e-05,-0.002544596,-0.007431378,-0.008813688,-0.008994515,-0.007160466,-0.004055546,0.0001711883,0.004573321,0.008987144,0.01271985,0.01579754,0.01772887,0.01866255,0.01825592,0.01689021,0.01454522,0.011725,0.008380929,0.004986456,0.001554545,-0.001498926,-0.004238504,-0.006401835,-0.008205034,-0.009531722,-0.01067222,-0.01145949,-0.0121135,-0.01248929,-0.01283479,-0.01300627,-0.01315468,-0.01304919,-0.01287302,-0.01244856,-0.01198996,-0.01131271,-0.01061859,-0.009749361,-0.008924329,-0.007986738,-0.007145136,-0.006229432,-0.005425659,-0.004533926,-0.003706116,-0.002755452,-0.001861368,-0.00086274,1.781727e-05,0.0009070027,0.001587709,0.002253938,0.002765496,0.003306229,0.003666934,0.004031748,0.004311621,0.004814071,0.005401387,0.006129897,0.006651807,0.007038274,0.00706557,0.006805463,0.005868063,0.004162207,0.001414663,-0.002102974,-0.00629999,-0.01071839,-0.01520693,-0.01930228,-0.02290119,-0.02566736,-0.02766758,-0.02859856,-0.02858811,-0.02757581,-0.02597861,-0.02393395,-0.02171553,-0.01927158,-0.01696994,-0.01463048,-0.01261123,-0.01015654,-0.007700146,-0.002726747,-6.543064e-05,-0.0002271157,-0.0001257433,-0.0002643146,-0.0001298854,0.0001946902,0.00059541,0.0002828237,-0.0001193428,0.000316612,0.0001125023,9.104209e-05,9.820372e-05,0.0001822258,0.0001496566
0.0002753102,0.0002528328,0.0002215882,0.0001922166,0.0001632918,0.0001273381,0.0001164485,6.149512e-05,5.872015e-05,2.853521e-05,-1.356298e-05,4.793031e-06,-6.431522e-05,-4.06939e-06,-0.0001306006,-1.61943e-05,-0.003258354,-0.009675623,-0.01165912,-0.01260066,-0.01105759,-0.008098546,-0.00365056,0.001141387,0.006092612,0.01035648,0.01394476,0.01631891,0.01763937,0.0175949,0.01656256,0.01448797,0.01183251,0.008609759,0.005296106,0.001961017,-0.0009504542,-0.003500297,-0.005497023,-0.00719225,-0.008500098,-0.009626493,-0.01047197,-0.01125268,-0.01183017,-0.01237456,-0.01268828,-0.01294373,-0.01296357,-0.01288697,-0.01253487,-0.01207129,-0.01138147,-0.01065259,-0.009748098,-0.008862214,-0.007889858,-0.007013858,-0.006073693,-0.005225215,-0.004301049,-0.003463965,-0.00250971,-0.001592305,-0.0005759883,0.0003054056,0.001177208,0.001852297,0.002520368,0.003040319,0.003596629,0.003995154,0.004412586,0.004772617,0.005398158,0.006104964,0.006926733,0.007459837,0.007785497,0.007634699,0.007070653,0.005647879,0.003326441,-0.0001091154,-0.004238869,-0.008945563,-0.01364748,-0.01821183,-0.02212628,-0.02541517,-0.02767384,-0.02899801,-0.02913885,-0.02849955,-0.02699039,-0.02510201,-0.02269396,-0.02040053,-0.01800171,-0.01601595,-0.01387176,-0.01221137,-0.009993285,-0.00822177,-0.002801408,-7.879626e-05,-0.0002084549,-0.0001480792,-9.602139e-05,-0.000145947,-0.0004156721,-0.0007231278,-0.0002861086,0.0002087405,-7.866463e-05,0.0001797364,0.0003213514,0.0003211503,0.0003117195,0.0003012715
0.0002124423,0.0001701865,0.0001912864,0.0001430703,0.0001468586,0.0001094687,8.548405e-05,8.326374e-05,3.700782e-05,3.675663e-05,-1.480054e-06,-2.476024e-06,-7.880189e-05,-1.191628e-05,-0.0001055823,-6.403833e-05,-0.004409489,-0.01231541,-0.01498631,-0.01683239,-0.01562001,-0.01294029,-0.00827008,-0.003203521,0.002225592,0.006890126,0.01101257,0.01379388,0.01554088,0.01585216,0.0152331,0.01344374,0.01103523,0.007974491,0.004883395,0.00174542,-0.0009275761,-0.00324798,-0.004956173,-0.0064343,-0.007572639,-0.00869727,-0.009589173,-0.01048816,-0.0111821,-0.011894,-0.01237262,-0.01278832,-0.01291141,-0.01292045,-0.01261417,-0.01217812,-0.01145525,-0.01069549,-0.00975383,-0.008851435,-0.007813413,-0.006883574,-0.005902249,-0.005052031,-0.004112233,-0.003233898,-0.002231834,-0.001300598,-0.0002779951,0.0005964804,0.00145689,0.002106558,0.002780602,0.003336219,0.00393898,0.004351561,0.004817205,0.005289779,0.006081299,0.006929872,0.007791777,0.008271011,0.008458881,0.008066275,0.007081083,0.00503273,0.001977359,-0.002165087,-0.006895892,-0.01200142,-0.01685201,-0.021283,-0.02485288,-0.02760616,-0.02919788,-0.02970177,-0.0290768,-0.02774798,-0.02574042,-0.02347533,-0.02091494,-0.01862282,-0.01641132,-0.01462762,-0.01281337,-0.01152182,-0.009776142,-0.008380196,-0.003086749,-7.888432e-05,-0.0002233236,-0.0001361634,-0.0002879479,-0.0001379394,0.0001745929,0.000586201,0.0002759874,-0.0001127457,0.0003117659,0.0001336566,9.981557e-05,0.0001208699,0.0001898985,0.0001692174
0.0002657678,0.000278665,0.000207489,0.0002141734,0.000145723,0.0001465594,9.709242e-05,7.954544e-05,3.919558e-05,4.448473e-05,-3.083696e-05,1.303383e-05,-7.293771e-05,-3.581701e-05,-3.439474e-05,-0.0001136495,-0.006534343,-0.01511304,-0.01871092,-0.02142747,-0.0207643,-0.01833007,-0.01364533,-0.008362475,-0.002600294,0.002513187,0.00700122,0.01020105,0.0123407,0.01313488,0.01289262,0.01150452,0.009385601,0.006637046,0.003765462,0.000942354,-0.001401221,-0.003308665,-0.004699934,-0.005870179,-0.006844763,-0.007841608,-0.008777427,-0.00973138,-0.01058184,-0.0113949,-0.01206394,-0.01260176,-0.01286811,-0.01290496,-0.01265375,-0.01221062,-0.01152303,-0.01069756,-0.00972885,-0.008737414,-0.007704573,-0.00671608,-0.005731895,-0.004804295,-0.003851723,-0.00291826,-0.001917276,-0.0009255983,8.192928e-05,0.0009739632,0.001784635,0.002456986,0.003115086,0.003725525,0.004334972,0.004821279,0.005340718,0.005982837,0.006923193,0.007916397,0.008752289,0.009141939,0.009078673,0.008325616,0.006738234,0.003977154,0.0001207553,-0.004718748,-0.009985296,-0.01531059,-0.02014243,-0.02427852,-0.02730126,-0.029237,-0.02991043,-0.02965539,-0.028335,-0.02633134,-0.02368426,-0.02105683,-0.01850897,-0.01639733,-0.01435328,-0.01283418,-0.01135416,-0.01059442,-0.009316757,-0.008372786,-0.003746584,-0.0001076972,-0.0001636174,-0.0001774537,-0.0001182567,-0.0001518154,-0.0004443682,-0.0007098339,-0.0003106114,0.0002306227,-8.377533e-05,0.0002052393,0.0003143157,0.000351566,0.0003055408,0.0003308397
0.0002004644,0.0002035103,0.0001740772,0.0001700112,0.0001269056,0.0001310519,6.623503e-05,9.8758e-05,2.296289e-05,4.34033e-05,-4.57229e-06,-1.750962e-05,-4.957524e-05,-0.0001111922,8.150072e-05,-0.0007197589,-0.009842009,-0.01799149,-0.02275587,-0.02608797,-0.02624834,-0.02406583,-0.01959043,-0.0141981,-0.008303218,-0.002827513,0.001954909,0.00560208,0.008138914,0.009449364,0.009616935,0.008698792,0.006931889,0.004577731,0.002033197,-0.0003474154,-0.002286285,-0.003712997,-0.004720903,-0.005512464,-0.006281198,-0.007140392,-0.008093261,-0.009077248,-0.0100692,-0.01098819,-0.01182175,-0.01245047,-0.01284091,-0.01292189,-0.01272889,-0.01225425,-0.01158106,-0.01070151,-0.009718689,-0.008650084,-0.007606132,-0.006567382,-0.005578206,-0.004587636,-0.003617225,-0.002603122,-0.001584339,-0.0005361451,0.000442176,0.001344829,0.002110944,0.002814224,0.003466357,0.004142174,0.004752238,0.005339202,0.005958593,0.006814552,0.007873177,0.00895721,0.009722089,0.009969044,0.009509701,0.008235065,0.005884936,0.002348553,-0.002364805,-0.00781398,-0.01348442,-0.01880365,-0.02342949,-0.02696207,-0.02925364,-0.03021168,-0.03001435,-0.02880717,-0.02673564,-0.02401648,-0.02103645,-0.01814343,-0.01561312,-0.0134668,-0.01180105,-0.01059831,-0.009806815,-0.009255594,-0.008712905,-0.00792337,-0.005127874,-0.0004978,-0.0001348692,-0.0002003289,-0.0002932532,-0.0001578195,0.0001508369,0.0005818192,0.0002592196,-9.335872e-05,0.000294462,0.0001736504,9.53506e-05,0.0001638403,0.000183053,0.0002087586
0.0002659741,0.0002974854,0.0002036191,0.0002260407,0.0001404288,0.0001511934,9.466187e-05,7.655092e-05,4.515558e-05,2.815146e-05,-6.710187e-06,-3.417595e-05,-4.724305e-06,-0.0001813658,0.0001054841,-0.003520438,-0.01345968,-0.02090533,-0.02678683,-0.03040981,-0.03139071,-0.02968755,-0.02585679,-0.02047902,-0.01462233,-0.00883417,-0.003911472,0.0002099371,0.003112632,0.005001472,0.005584522,0.005239015,0.003839098,0.001995168,-0.0001684186,-0.001984102,-0.003439142,-0.004255631,-0.004873125,-0.00526585,-0.005884508,-0.006531275,-0.007492187,-0.008464559,-0.009638184,-0.010649,-0.01163327,-0.01227952,-0.01279997,-0.01289167,-0.01278356,-0.01224746,-0.01159353,-0.01062806,-0.009656993,-0.008500397,-0.007484837,-0.006376519,-0.005400125,-0.004298063,-0.003306658,-0.002206594,-0.00120209,-7.264256e-05,0.000871829,0.001804171,0.002500673,0.003261203,0.003905122,0.004667198,0.005278354,0.006008401,0.006740949,0.007845029,0.00901565,0.01016232,0.01071545,0.01066836,0.009660272,0.00775247,0.004521829,0.0001223558,-0.005418643,-0.01133159,-0.01722334,-0.02233345,-0.0264193,-0.02904344,-0.03041817,-0.03041976,-0.02934577,-0.02706367,-0.02418434,-0.02088382,-0.01771131,-0.01466342,-0.01210116,-0.01002724,-0.008734209,-0.007919009,-0.007706664,-0.007577191,-0.007798365,-0.007363446,-0.006299997,-0.002414719,-0.0001024132,-0.0002685969,-0.0001024244,-0.000192732,-0.0004542327,-0.00071848,-0.0003220994,0.0002415719,-7.623791e-05,0.0002244306,0.0003191189,0.0003779561,0.0003101499,0.0003555824
0.0002106421,0.0002177632,0.0001787145,0.000175982,0.0001290192,0.0001294517,7.050655e-05,8.893305e-05,3.532895e-05,2.166355e-05,2.283027e-05,-6.559079e-05,1.369319e-05,-0.0002282994,7.655704e-05,-0.005099891,-0.01641313,-0.02368375,-0.03005626,-0.03414263,-0.03585223,-0.03494444,-0.03180569,-0.02682124,-0.02118472,-0.0154154,-0.01029584,-0.0058169,-0.002472349,-6.180003e-05,0.001077953,0.001217924,0.0002708837,-0.001060695,-0.002629659,-0.003804463,-0.004689166,-0.004969217,-0.005120415,-0.005129719,-0.005507739,-0.006063781,-0.007038482,-0.008054937,-0.009301305,-0.01039336,-0.01149884,-0.01222521,-0.01279991,-0.01291017,-0.01283179,-0.01227385,-0.01157007,-0.0105551,-0.009586853,-0.008438883,-0.007382507,-0.006198923,-0.005185906,-0.004053442,-0.003036588,-0.001833142,-0.0007658969,0.0003950504,0.001313188,0.002244698,0.002915852,0.003690214,0.004369515,0.005236117,0.005935427,0.006765225,0.007647184,0.008987056,0.01029643,0.01140284,0.01159202,0.01104406,0.009358795,0.006661855,0.002470625,-0.002813983,-0.009034937,-0.01522473,-0.02105217,-0.02563577,-0.02890823,-0.03048506,-0.03080042,-0.02967632,-0.02759981,-0.02442009,-0.02094258,-0.01713251,-0.01371537,-0.01049699,-0.0080934,-0.006184157,-0.00526628,-0.004735639,-0.00508094,-0.005517025,-0.006560211,-0.006670325,-0.006728801,-0.002795517,-0.0001306404,-0.0002734382,-0.0002846972,-0.000203943,0.0001454082,0.0005548369,0.0002632616,-9.40169e-05,0.0002998572,0.0001974623,0.0001146629,0.0001911136,0.00019966,0.0002311721
0.0002752753,0.0003112757,0.0002070168,0.0002319945,0.00014079,0.0001506362,9.586461e-05,7.060339e-05,5.153452e-05,1.407859e-05,1.104743e-05,-6.829158e-05,3.700715e-05,-0.0002503255,5.451472e-05,-0.005655845,-0.01869014,-0.02563494,-0.03207051,-0.03662988,-0.03925104,-0.03919792,-0.0368874,-0.03263367,-0.02757134,-0.02201278,-0.01678953,-0.01201719,-0.008283293,-0.005368811,-0.003735459,-0.003059243,-0.003473264,-0.00420105,-0.005175231,-0.005677433,-0.005904195,-0.005566065,-0.005280918,-0.004976484,-0.005206379,-0.005656507,-0.006651458,-0.007717979,-0.009073652,-0.01022196,-0.01141189,-0.01218924,-0.01281775,-0.01290723,-0.01280994,-0.01221406,-0.01152212,-0.01046232,-0.009468686,-0.008260376,-0.007221057,-0.006005701,-0.004962881,-0.003724297,-0.00263808,-0.001360879,-0.0002704335,0.0009347061,0.00182651,0.002751595,0.003407604,0.004251312,0.004981479,0.005929464,0.006698309,0.00772098,0.008824558,0.01038078,0.01168346,0.01255487,0.01227218,0.01109517,0.008557352,0.004878099,-0.0003288775,-0.006388067,-0.01307438,-0.01927484,-0.02463596,-0.02833811,-0.03062662,-0.03109933,-0.0302084,-0.02782995,-0.02470721,-0.02091037,-0.01696057,-0.01278266,-0.009082825,-0.005839582,-0.003588564,-0.00194852,-0.001273961,-0.001161787,-0.001943256,-0.003097952,-0.004743785,-0.005772484,-0.006338669,-0.002376432,-0.0001050748,-0.0003043822,-0.0001198831,-0.0002229585,-0.0004790974,-0.0007275021,-0.0003369444,0.0002531082,-6.302409e-05,0.0002434292,0.0003335541,0.0004029688,0.0003247079,0.0003770456
0.0002281762,0.0002288627,0.0001885551,0.0001780962,0.0001342909,0.0001253186,7.515291e-05,7.975324e-05,4.377008e-05,7.520528e-06,3.737619e-05,-9.153569e-05,3.524415e-05,-0.0002316007,1.799695e-06,-0.006443164,-0.02032392,-0.02637815,-0.03252538,-0.0372862,-0.04083477,-0.04185639,-0.04070259,-0.03753772,-0.03322491,-0.02808166,-0.02292665,-0.01803649,-0.01393972,-0.01064034,-0.008549594,-0.007382645,-0.007171906,-0.007301389,-0.007588357,-0.007409863,-0.006931242,-0.006049968,-0.005329045,-0.004792901,-0.004881993,-0.005365827,-0.006393767,-0.007563283,-0.008971947,-0.01021207,-0.01142873,-0.01226382,-0.01287731,-0.0129707,-0.01279516,-0.01218743,-0.01146444,-0.01040746,-0.009356506,-0.008130321,-0.007058896,-0.005849728,-0.004724924,-0.003418927,-0.002222999,-0.000888135,0.0002737181,0.001470984,0.002348337,0.003229087,0.003940544,0.004850134,0.005684324,0.006688238,0.0075777,0.008823777,0.01022454,0.01190072,0.01303004,0.01342726,0.01255809,0.01054876,0.007003979,0.002234579,-0.003887053,-0.01057559,-0.01742027,-0.02326735,-0.02780275,-0.03041369,-0.03143524,-0.03056962,-0.02843846,-0.02502371,-0.02110766,-0.0166267,-0.01222195,-0.007818029,-0.004125468,-0.0009454685,0.001191627,0.00271257,0.003080775,0.002815733,0.001438354,-0.0001526648,-0.00248816,-0.004256197,-0.005809327,-0.002166008,-0.0001329842,-0.0002772275,-0.0003197078,-0.0002344591,0.0001218255,0.0005343411,0.0002631428,-9.227142e-05,0.0003089203,0.0002245135,0.0001418522,0.0002193606,0.0002246005,0.0002523068
0.0003146707,0.0002990092,0.0002386844,0.0002113863,0.000167081,0.000124257,0.0001202801,4.250652e-05,7.636143e-05,-1.369643e-05,3.530189e-05,-9.377951e-05,3.357072e-05,-0.0001575267,-8.227511e-05,-0.007923034,-0.02114686,-0.02546849,-0.03117355,-0.03553263,-0.03994107,-0.04222089,-0.04287218,-0.04094214,-0.03755484,-0.03287707,-0.02820819,-0.02333103,-0.01906405,-0.01539814,-0.01297225,-0.01132573,-0.01058392,-0.01005367,-0.00967045,-0.008773306,-0.007620828,-0.006179688,-0.005141548,-0.004478164,-0.004590641,-0.005115687,-0.006218896,-0.007484683,-0.008998633,-0.01033099,-0.01155344,-0.0123557,-0.01293796,-0.01301206,-0.01280654,-0.01214801,-0.01135462,-0.01027144,-0.009203586,-0.007981181,-0.006878744,-0.00562118,-0.004406285,-0.002998911,-0.001688416,-0.0003094529,0.0008829447,0.002071153,0.00295738,0.003837246,0.004598564,0.005583198,0.006537506,0.00765532,0.00873862,0.01020815,0.01181809,0.01348332,0.01432641,0.01409368,0.01231901,0.009221575,0.004582271,-0.001226604,-0.008111017,-0.01513631,-0.02170059,-0.02681201,-0.03028252,-0.03161094,-0.03104762,-0.0287548,-0.02546822,-0.02127156,-0.01666501,-0.01163122,-0.006923691,-0.002513798,0.00112912,0.0041979,0.006209654,0.007496881,0.007670947,0.007129892,0.00542174,0.00323916,0.0001862778,-0.002428202,-0.004946181,-0.002499878,-0.0001248361,-0.0002909617,-0.0001564975,-0.0002653087,-0.000497421,-0.0007610818,-0.0003329741,0.0002433322,-2.100315e-05,0.0002409994,0.0003804975,0.0004062932,0.0003716839,0.0003743616
0.000290483,0.000199807,0.0002399269,0.0001409769,0.0001767099,8.539062e-05,0.0001107143,4.320061e-05,7.189317e-05,-1.554562e-05,4.427551e-05,-7.648224e-05,-5.99179e-05,5.608514e-05,-0.0003435717,-0.011165,-0.02031545,-0.02285723,-0.0273155,-0.03145741,-0.03660929,-0.04029354,-0.04251615,-0.04212136,-0.04002665,-0.03639712,-0.03213903,-0.02743605,-0.02313302,-0.01941473,-0.01664662,-0.01469929,-0.01345573,-0.01239216,-0.01119245,-0.009597225,-0.00781997,-0.006069636,-0.004759246,-0.004109204,-0.00423204,-0.005001611,-0.006219303,-0.007670773,-0.009176106,-0.01059531,-0.01177977,-0.01262658,-0.0130854,-0.01316461,-0.0128661,-0.01218784,-0.01122744,-0.01017205,-0.009076548,-0.007964508,-0.006706047,-0.005374103,-0.003990729,-0.002588886,-0.0011539,0.0002605582,0.001559926,0.002661515,0.003601778,0.004465625,0.005357587,0.006358626,0.007510557,0.008780639,0.01019156,0.0117699,0.01351241,0.01493575,0.01533339,0.01415512,0.01128745,0.006931731,0.001224157,-0.005587905,-0.01291653,-0.0198885,-0.02571484,-0.0297636,-0.031732,-0.03150596,-0.02940328,-0.02592402,-0.02154928,-0.01658762,-0.01137835,-0.006177438,-0.001380889,0.002906161,0.006420829,0.009256288,0.01118644,0.01232517,0.01236537,0.01156534,0.009630013,0.007012566,0.00334747,-0.0002033154,-0.003652931,-0.003369221,-0.0002315944,-0.0002285723,-0.0003759636,-0.0002871403,0.0001193905,0.0004788535,0.00030005,-0.0001287769,0.0003634011,0.000215832,0.0002177899,0.0002107468,0.0002975461,0.0002344081
0.0003681227,0.0002791531,0.0002780526,0.0001862548,0.0001935653,0.0001014132,0.0001332925,3.302963e-05,6.944373e-05,7.856907e-06,-1.535913e-05,3.50683e-06,-0.0001841583,0.000214108,-0.002980573,-0.01473074,-0.0176022,-0.01814598,-0.02079904,-0.02505611,-0.03077889,-0.0358529,-0.03941582,-0.04079341,-0.04021702,-0.03788309,-0.03413945,-0.02991582,-0.02581342,-0.02228667,-0.01936121,-0.01718395,-0.01544833,-0.0138986,-0.01201398,-0.009864801,-0.007506119,-0.005519995,-0.00410109,-0.003669817,-0.003976425,-0.005012044,-0.006352798,-0.008001263,-0.009536274,-0.01100787,-0.01211545,-0.01299807,-0.01334319,-0.0133514,-0.01285065,-0.01216109,-0.01115736,-0.01013424,-0.008927613,-0.007774259,-0.006428668,-0.005078762,-0.003522668,-0.002020797,-0.0004296809,0.0009572089,0.002305153,0.003347096,0.004349649,0.005209895,0.006284592,0.007410801,0.00878409,0.01015558,0.01182133,0.01358943,0.01538683,0.01628299,0.01578145,0.01334216,0.009329973,0.003705889,-0.003020628,-0.01058431,-0.01792576,-0.02443715,-0.02912812,-0.03172084,-0.03180915,-0.02995651,-0.02649088,-0.02201143,-0.0166665,-0.01114652,-0.005577542,-0.0004909828,0.004275009,0.008245585,0.01159587,0.0140391,0.01596452,0.01685698,0.01699105,0.01589023,0.01404487,0.01096295,0.007210295,0.002440901,-0.001665653,-0.004565234,-0.001669948,-0.0002361877,-0.0002556112,-0.0002882847,-0.0005388829,-0.0007992449,-0.000329381,0.0002300781,3.548266e-05,0.0002339878,0.0004469555,0.0004035138,0.0004364245,0.0003640379
0.0003166425,0.0002126517,0.0002497468,0.0001476681,0.0001716292,9.480701e-05,9.069784e-05,6.585463e-05,3.265408e-05,3.802722e-05,-3.571399e-05,4.46803e-05,-0.0002692326,0.0001614206,-0.006276117,-0.01566603,-0.01310375,-0.01127353,-0.01219395,-0.01649384,-0.02258182,-0.0289319,-0.03391213,-0.0371152,-0.03785032,-0.03671608,-0.03391637,-0.03063333,-0.02693324,-0.02372722,-0.020811,-0.01862773,-0.01648208,-0.01452789,-0.0120369,-0.009468423,-0.006709996,-0.004706379,-0.003365695,-0.003281945,-0.003857084,-0.005277811,-0.006784928,-0.008616962,-0.01014836,-0.01167504,-0.01269031,-0.01355459,-0.01373958,-0.01365176,-0.01293459,-0.01222606,-0.01115893,-0.01015902,-0.008828484,-0.007617414,-0.006129157,-0.004722509,-0.002971618,-0.001400549,0.000308227,0.001680573,0.003094032,0.004076814,0.005141777,0.006035234,0.007358523,0.008649003,0.01027115,0.01176374,0.01366973,0.015521,0.01710678,0.01711432,0.01539221,0.01153427,0.006257095,-0.0006261053,-0.008148104,-0.01600938,-0.02288821,-0.02843282,-0.03150369,-0.03232404,-0.0305921,-0.02728343,-0.02243208,-0.01700445,-0.01101964,-0.005330598,0.0002788799,0.005146137,0.009640875,0.01319878,0.0163381,0.01847487,0.02012588,0.02078683,0.0210184,0.02005343,0.01834303,0.01509813,0.01123917,0.005832857,0.0006377906,-0.004556017,-0.003209553,-0.0002347433,-0.0004931088,-0.0002957016,5.897213e-05,0.0004671574,0.0002939402,-0.0001220654,0.0003841726,0.000254107,0.0002635875,0.0002470179,0.0003383631,0.0002592001
0.0003827229,0.0003020706,0.0002770378,0.0002016189,0.0001792032,0.0001159125,0.0001082232,5.662985e-05,3.280034e-05,5.156964e-05,-7.190415e-05,8.339262e-05,-0.0002925759,0.0001038399,-0.00601549,-0.0128338,-0.006575767,-0.002648366,-0.002221883,-0.006214662,-0.01248792,-0.01982016,-0.02620232,-0.03091117,-0.03290967,-0.03298827,-0.03147466,-0.02919758,-0.02619429,-0.02346609,-0.02086115,-0.01876711,-0.01644267,-0.0141265,-0.01124062,-0.00838627,-0.005486795,-0.003585381,-0.002613809,-0.003033433,-0.004094616,-0.005827622,-0.007520916,-0.00945275,-0.01105519,-0.01261434,-0.0135247,-0.01418231,-0.0141956,-0.01398792,-0.01320585,-0.01234968,-0.01114292,-0.01007122,-0.008713686,-0.007424084,-0.005754884,-0.004149009,-0.002261892,-0.0005799889,0.001192698,0.002550281,0.003918468,0.004927186,0.006116481,0.007203929,0.008689333,0.01016458,0.01201507,0.01379705,0.01588769,0.0175012,0.01833115,0.01716403,0.01406155,0.008746937,0.00205311,-0.005838312,-0.01380359,-0.02144503,-0.02740038,-0.03131132,-0.03243824,-0.03135941,-0.02801348,-0.02329913,-0.01730108,-0.01122316,-0.005005802,0.0006400491,0.006045469,0.01049206,0.01446957,0.01752319,0.02030123,0.02212887,0.02349807,0.0240222,0.02432748,0.0235897,0.02220001,0.019146,0.01531115,0.009671198,0.003624538,-0.002748252,-0.002151661,-0.0002680012,-0.0003309903,-0.0003166096,-0.0006121222,-0.0008195346,-0.0003623129,0.0002563634,6.154565e-05,0.0002736496,0.0004829551,0.0004495913,0.0004673024,0.0003995085
0.0003333625,0.0002384289,0.0002495378,0.0001621094,0.00015971,0.0001047471,7.228618e-05,7.720076e-05,1.325684e-05,5.693994e-05,-5.48984e-05,7.001853e-05,-0.0002632361,3.890866e-05,-0.004516257,-0.007772398,0.001660272,0.007203596,0.008605955,0.004924132,-0.00144305,-0.009283072,-0.01645234,-0.02224102,-0.02570197,-0.02731326,-0.02689704,-0.0255217,-0.02348964,-0.02159016,-0.01949394,-0.01759985,-0.01532681,-0.01284616,-0.009682915,-0.006661458,-0.003969832,-0.002530706,-0.002164025,-0.003168143,-0.004713443,-0.006822561,-0.008767354,-0.01077946,-0.01233714,-0.01377559,-0.01459623,-0.01509685,-0.0148922,-0.01448366,-0.01357307,-0.01256109,-0.0112085,-0.01003777,-0.008613936,-0.007208993,-0.00528056,-0.003431798,-0.001411054,0.0003000374,0.002071938,0.00344474,0.004818263,0.005884568,0.007239383,0.008569458,0.01026244,0.01194381,0.01404229,0.01607784,0.01813508,0.01913578,0.01884193,0.01617788,0.01143511,0.004575847,-0.003249171,-0.01171928,-0.01962636,-0.0264417,-0.03082731,-0.03280474,-0.03195988,-0.02898489,-0.02398301,-0.01804761,-0.01147146,-0.005158777,0.0009976282,0.006331472,0.01118875,0.01515045,0.01857688,0.02102853,0.02302319,0.02439378,0.02576266,0.02646849,0.02674544,0.0260655,0.024907,0.0227487,0.01936205,0.01397596,0.007158768,-0.0002368415,-0.001154074,-0.000239413,-0.0005246922,-0.0003690945,1.678006e-05,0.000437381,0.0002939958,-0.0001117674,0.0004081761,0.0003111238,0.0003093052,0.0003037444,0.0003738813,0.0003013097
0.0003871867,0.0003394038,0.0002643938,0.0002251697,0.0001571525,0.0001314821,8.409221e-05,6.918585e-05,1.489512e-05,6.203107e-05,-6.932124e-05,6.857536e-05,-0.0001728995,-5.294719e-05,-0.003355222,-0.00177898,0.01107807,0.01762092,0.01968,0.0161403,0.01008326,0.002119096,-0.005431315,-0.0119882,-0.01651071,-0.01926155,-0.02007786,-0.01994354,-0.01908857,-0.01808181,-0.01668951,-0.01514765,-0.01306929,-0.01055997,-0.007494781,-0.004655987,-0.002428513,-0.001612914,-0.002108906,-0.003848389,-0.006002446,-0.008343629,-0.01046538,-0.01247369,-0.01401412,-0.01521386,-0.01590325,-0.01621085,-0.01581102,-0.01501778,-0.01381746,-0.01270182,-0.01141352,-0.01006208,-0.00837145,-0.006578447,-0.004557069,-0.002552202,-0.0004500247,0.001392224,0.003117152,0.004499799,0.005871512,0.00712134,0.008610833,0.01020116,0.01219681,0.01427717,0.01651615,0.01845527,0.01998618,0.02023512,0.01847224,0.01400661,0.007408858,-0.0007312106,-0.009335068,-0.01784886,-0.02507175,-0.03028829,-0.03273329,-0.03262716,-0.0298068,-0.02500926,-0.01872339,-0.01204898,-0.005297632,0.000955022,0.006690463,0.01146095,0.01557254,0.0188154,0.02145067,0.02325583,0.0246882,0.02567981,0.02673184,0.02730733,0.02775849,0.02752678,0.02700844,0.02538899,0.02286674,0.01803769,0.01148692,0.002293836,-0.0007769966,-0.000286618,-0.000341054,-0.0003954784,-0.0006909817,-0.0008564456,-0.0004029544,0.0002969745,8.651347e-05,0.0003374389,0.0005170801,0.0005199062,0.0004906686,0.0004550277
0.0003158476,0.0003008589,0.000215165,0.0002071469,0.0001172126,0.0001375886,3.202253e-05,9.930301e-05,-8.637171e-06,6.18556e-05,-2.891007e-05,1.640467e-07,-2.08638e-06,-0.000185842,-0.002721455,0.006132311,0.02088452,0.02782073,0.03007971,0.02675251,0.02124159,0.01368056,0.006269417,-0.0006836396,-0.005821851,-0.009425695,-0.01151224,-0.01277566,-0.0131574,-0.01312674,-0.01258894,-0.01167348,-0.009972886,-0.007658569,-0.004925304,-0.002561535,-0.001173875,-0.001334862,-0.002852272,-0.005307635,-0.007983894,-0.01055097,-0.01276148,-0.01466379,-0.01612539,-0.01713442,-0.01757974,-0.01747713,-0.01677857,-0.01567366,-0.0143073,-0.0129869,-0.01156059,-0.009946303,-0.008017791,-0.005903291,-0.003675379,-0.001465998,0.0006776997,0.002535396,0.00416533,0.005628494,0.00708911,0.008573912,0.01026462,0.01220185,0.01449688,0.01684834,0.01907783,0.02074167,0.02144544,0.02029986,0.01656796,0.01020264,0.002060077,-0.006936689,-0.01581578,-0.02368386,-0.02952796,-0.03275711,-0.03307445,-0.03065157,-0.02590391,-0.01970331,-0.01274447,-0.005796385,0.000782543,0.006569711,0.01157319,0.01567376,0.01891694,0.02113034,0.02277781,0.02398547,0.02507299,0.02575028,0.02618504,0.02654662,0.02716114,0.02764688,0.02782616,0.02687974,0.02529749,0.02175345,0.01600085,0.006087573,-0.0009619589,-0.0002698301,-0.0005453217,-0.0004661904,-5.545262e-05,0.0004301133,0.0002626387,-6.101696e-05,0.0004060037,0.000420861,0.0003288813,0.000410457,0.0003790364,0.0003866722
0.0003807568,0.0003892967,0.0002418825,0.0002544921,0.000129751,0.0001426465,6.60014e-05,6.211307e-05,2.675674e-05,2.271537e-05,1.894615e-05,-8.560988e-05,0.0001656244,-0.001071821,-0.001069174,0.01588232,0.0301685,0.03719196,0.03903533,0.03645334,0.03169758,0.02510927,0.01810021,0.0113541,0.005785357,0.001461001,-0.00176747,-0.004133456,-0.005863895,-0.006977456,-0.00756108,-0.007341073,-0.00629164,-0.004382201,-0.002347973,-0.0007930605,-0.0005742144,-0.001829783,-0.004495556,-0.007646426,-0.01081984,-0.01339254,-0.01559785,-0.01727448,-0.01865069,-0.01940344,-0.01947137,-0.0187218,-0.01768909,-0.01634451,-0.01498462,-0.01324817,-0.01149568,-0.009497009,-0.007415253,-0.004974686,-0.002535297,-0.0001114534,0.001958625,0.003893282,0.005473336,0.007006801,0.008491391,0.01035054,0.01242149,0.014852,0.01719074,0.01960922,0.02156967,0.0227801,0.02211246,0.0189628,0.01298947,0.004963567,-0.004367507,-0.01363699,-0.02203866,-0.02847073,-0.03246358,-0.03335525,-0.03138617,-0.0267859,-0.0206504,-0.0135286,-0.00639011,0.0004587914,0.006369168,0.01143537,0.01539331,0.01852666,0.02062566,0.02206903,0.02286582,0.02342786,0.02369788,0.02399125,0.02423092,0.02471357,0.0252358,0.02593106,0.0265422,0.02702068,0.02673866,0.02502115,0.02017724,0.0109993,-0.00044677,-0.001382672,-0.0003601666,-0.000533758,-0.0007707836,-0.0009177452,-0.0004508249,0.0003528419,0.0001149184,0.0004276107,0.0005528384,0.0006174204,0.0005093202,0.0005301521
0.0003612303,0.0003035631,0.0002410187,0.000186796,0.0001377408,9.94861e-05,6.10301e-05,4.208257e-05,5.040728e-05,-2.068614e-05,9.299006e-05,-0.0001478178,0.0001140323,-0.002942055,0.00396411,0.02580536,0.03828269,0.0449544,0.04626912,0.04493791,0.04111072,0.03584763,0.02963569,0.02354168,0.01781569,0.01293614,0.008736529,0.005305467,0.002209432,-0.0001905315,-0.001964477,-0.002660209,-0.002458327,-0.001305267,-0.0001989988,0.0002320725,-0.0009961729,-0.003616138,-0.007347153,-0.01100918,-0.01429447,-0.01690141,-0.01913202,-0.02057969,-0.02149943,-0.02162492,-0.02134156,-0.02027103,-0.01883981,-0.01704134,-0.01532938,-0.01337654,-0.01137283,-0.008963103,-0.00648128,-0.003726913,-0.001129764,0.001369612,0.003399144,0.005271336,0.006827026,0.00855305,0.01033422,0.01256342,0.0149523,0.01765923,0.02016974,0.02249691,0.02381668,0.02371756,0.02107329,0.01579456,0.007845263,-0.001560679,-0.01145121,-0.02026899,-0.02741938,-0.03190666,-0.03351621,-0.03181937,-0.02765026,-0.02153027,-0.01451185,-0.007037765,-0.000169044,0.006008802,0.01100959,0.01509213,0.01783579,0.01973119,0.02070389,0.02146177,0.02149636,0.02138256,0.02082559,0.02076089,0.02085557,0.02144628,0.02183237,0.02276783,0.02366866,0.02546572,0.02638318,0.0269009,0.02387517,0.01661473,0.002296113,-0.00322676,-0.0006353278,-0.0006617826,-6.442566e-05,0.0003365227,0.0003085487,-7.217719e-05,0.0004859379,0.0004865963,0.0004267625,0.0004697797,0.0004527637,0.000418407
0.0004498101,0.0003678495,0.0002884988,0.0002122549,0.0001662948,8.749277e-05,0.0001026058,2.441825e-06,7.238212e-05,-2.737392e-05,7.655368e-05,-9.02506e-05,2.438277e-05,-0.0005311163,0.01250952,0.03470602,0.04504207,0.05074722,0.05190905,0.05190285,0.04928603,0.04572632,0.04066709,0.03541154,0.02977517,0.02466458,0.01957307,0.01497701,0.01048545,0.006734215,0.00360459,0.00188001,0.001141069,0.001270014,0.001011002,-9.402357e-05,-0.002808692,-0.006663147,-0.0112562,-0.01532075,-0.01868653,-0.02106762,-0.02296488,-0.02402987,-0.02450962,-0.02406185,-0.02321808,-0.02168328,-0.01984087,-0.01756183,-0.01539404,-0.01322105,-0.01094365,-0.008064575,-0.005077805,-0.002015592,0.0005773895,0.003027128,0.005003382,0.006864091,0.008500422,0.01051442,0.0127043,0.01532701,0.0179361,0.02077382,0.02334784,0.02520565,0.02526119,0.02314788,0.01824828,0.01084639,0.001210769,-0.008927496,-0.01843485,-0.02601016,-0.0312724,-0.03327891,-0.03224266,-0.02824884,-0.02244686,-0.01525433,-0.007847619,-0.0006608639,0.005460607,0.01061503,0.01434034,0.01706287,0.01861495,0.01956499,0.01964417,0.01929011,0.01846209,0.01780839,0.01708462,0.01671883,0.01630888,0.01651265,0.01705525,0.01843737,0.02004822,0.02205571,0.02408416,0.02628144,0.0269374,0.02238996,0.007755879,-0.0005286212,-0.0004484123,-0.0006565757,-0.0008684561,-0.001046849,-0.0004489683,0.0003597841,0.0002292922,0.0004690663,0.000679263,0.0006578249,0.0006104956,0.000539021
0.0004238137,0.000290983,0.0002768902,0.0001567702,0.0001554759,6.552043e-05,6.547894e-05,1.956081e-05,4.292321e-05,1.373377e-06,5.152787e-05,-5.262068e-06,-4.671748e-05,0.003661894,0.0227481,0.0416432,0.04983697,0.05450916,0.05611134,0.05725081,0.05634005,0.05459869,0.05086301,0.04646303,0.04108426,0.03573372,0.02997034,0.02415742,0.0182638,0.01305326,0.008682738,0.005639326,0.003671128,0.002442496,0.0007926623,-0.001930862,-0.006220271,-0.01131389,-0.01636636,-0.0205091,-0.02368192,-0.02575608,-0.02701498,-0.02756357,-0.02756417,-0.02679358,-0.02505219,-0.02270305,-0.02034725,-0.01800375,-0.0156336,-0.01284555,-0.009816381,-0.006563161,-0.003347285,-0.0002618208,0.002461571,0.004809415,0.006778442,0.008640319,0.01058174,0.01287073,0.01548071,0.0184188,0.02145693,0.02430251,0.02622341,0.02670331,0.0250529,0.02079793,0.01363293,0.004091278,-0.006468745,-0.01648001,-0.02477134,-0.03043356,-0.03298844,-0.03234943,-0.02885296,-0.02314145,-0.01609803,-0.008571547,-0.001422211,0.004864957,0.009949338,0.01368405,0.01605827,0.01740523,0.01789207,0.01771986,0.01690792,0.01573146,0.01445388,0.01327665,0.01223733,0.01142533,0.01091368,0.01093144,0.01147577,0.01273527,0.01459876,0.01728658,0.02055738,0.02441383,0.02732318,0.02673169,0.0139859,0.001485719,-0.0007102296,-0.0007369281,-0.000187841,0.0002858597,0.0003319922,-6.033e-05,0.0005879772,0.000570576,0.0005570643,0.0005317404,0.0005541617,0.000438663
0.0005088226,0.000360554,0.0003139014,0.000190277,0.0001685738,6.746695e-05,8.385164e-05,5.252791e-06,2.59788e-05,4.057391e-05,-1.410892e-05,0.000100642,-7.258681e-05,0.0086153,0.03327041,0.04680608,0.05263583,0.0559376,0.05891275,0.06129144,0.06258651,0.06206848,0.05973459,0.05609873,0.05140987,0.0457534,0.03914048,0.03200649,0.0248189,0.01807524,0.01235739,0.007908075,0.00473709,0.001980279,-0.001299683,-0.005822332,-0.01135109,-0.01726654,-0.02240449,-0.0262844,-0.02880445,-0.03046268,-0.0312446,-0.0312322,-0.03033487,-0.02871438,-0.02632523,-0.0235824,-0.02072213,-0.0179594,-0.01502563,-0.01178718,-0.008229303,-0.004639522,-0.001154019,0.001951831,0.004592089,0.006766378,0.008788476,0.01086104,0.01322886,0.01584466,0.01887563,0.02208282,0.02520853,0.02747777,0.02828831,0.02700947,0.02311004,0.01625561,0.006887552,-0.003848701,-0.01435519,-0.02328252,-0.0294962,-0.03252808,-0.03233224,-0.02924267,-0.02372581,-0.01675936,-0.009254591,-0.002082499,0.004246194,0.009235967,0.01277423,0.01496241,0.01615258,0.01632498,0.01568886,0.01442879,0.01291021,0.01130251,0.009653315,0.008068716,0.006704569,0.00570691,0.005089874,0.004938351,0.005293882,0.006407352,0.008301073,0.01141774,0.01538008,0.02066276,0.02570621,0.02988967,0.0215943,0.003969869,-0.000437055,-0.0007120374,-0.001110171,-0.001149308,-0.0004948718,0.0004170264,0.0003499271,0.0005536606,0.0008187842,0.0007273704,0.0007129826,0.000564695
0.0004318124,0.00033332,0.0002512255,0.0001813098,0.0001080193,8.968441e-05,3.540441e-07,5.708299e-05,-3.210766e-05,7.3683e-05,1.097716e-05,1.991282e-05,0.0001558767,0.01664868,0.04146307,0.04938501,0.05326217,0.05577729,0.06032725,0.06380866,0.06690952,0.06776209,0.06723796,0.06420445,0.05969748,0.0532782,0.04609801,0.03779128,0.02925516,0.02081943,0.01372625,0.008031011,0.00365312,-0.0007400137,-0.005614078,-0.01163604,-0.01813387,-0.02442096,-0.02913656,-0.03229238,-0.03395544,-0.03513548,-0.03532318,-0.03458569,-0.03260385,-0.02998632,-0.02711658,-0.0241629,-0.02076958,-0.01730455,-0.01362982,-0.01008222,-0.006125344,-0.00228268,0.001327809,0.004249295,0.006863234,0.009043549,0.01123062,0.01340935,0.01616191,0.01942914,0.02298306,0.02609806,0.02853344,0.02963651,0.02898159,0.02537038,0.01881106,0.009515388,-0.001237326,-0.01227434,-0.02172307,-0.02855519,-0.03197236,-0.03227703,-0.02945638,-0.02423834,-0.01733369,-0.009969451,-0.002771589,0.003437165,0.008423144,0.01183032,0.0139475,0.01475078,0.01457072,0.01352215,0.01206622,0.01022121,0.00827209,0.006199536,0.00430541,0.002538232,0.001038076,-0.0001428512,-0.0008427889,-0.001102051,-0.0009227368,-4.735254e-05,0.001653149,0.004717369,0.00887136,0.01488313,0.02222733,0.03104152,0.02972853,0.008149676,-0.0009847421,-0.0009176446,-0.0004236801,0.0003054707,0.0002905571,4.189145e-05,0.0006575643,0.0007520955,0.0006552891,0.000670132,0.0006095457,0.0005205209
0.0004539285,0.0004590143,0.000233039,0.0002600307,7.853519e-05,0.0001173708,1.169306e-07,3.691981e-05,-2.20042e-05,3.067689e-05,0.0001155168,-9.115396e-05,0.00453066,0.02778618,0.0461682,0.04884579,0.05143112,0.05454494,0.05993422,0.06494276,0.06982286,0.07191735,0.07189559,0.06935807,0.0650294,0.05852745,0.05008853,0.04018624,0.03014925,0.02073646,0.01257092,0.005719557,-0.0001071764,-0.005821937,-0.01228778,-0.01948067,-0.02632156,-0.0318035,-0.03571812,-0.03821107,-0.03960395,-0.03945062,-0.03834225,-0.03660011,-0.03435399,-0.03133121,-0.02745529,-0.02347299,-0.01971515,-0.01595368,-0.01196134,-0.007584922,-0.003297735,0.0006640354,0.004092659,0.00700122,0.009368566,0.01160015,0.01398694,0.01688418,0.02021388,0.02368487,0.02700472,0.02981395,0.03141997,0.03096313,0.02756001,0.02120525,0.01214295,0.001301736,-0.009995271,-0.01998566,-0.02739316,-0.03142038,-0.03205254,-0.02952711,-0.02453696,-0.01787963,-0.01056414,-0.003438263,0.002723793,0.007548718,0.0108578,0.01275157,0.01333553,0.0128417,0.01152604,0.009737219,0.007646028,0.005423069,0.00314574,0.0009417286,-0.00106363,-0.00282668,-0.004258859,-0.005464955,-0.006360717,-0.006940974,-0.006844804,-0.00619418,-0.004571423,-0.002233412,0.002075147,0.00801,0.01659538,0.02664074,0.03590001,0.01721431,-0.002332691,-0.001009735,-0.001452463,-0.001195125,-0.0006749435,0.0006374773,0.0003782693,0.0008044257,0.0008634332,0.0009447009,0.0007082557,0.0007126619
0.0003737028,0.0004317414,0.0001668547,0.0002437139,2.343586e-05,0.0001226836,-6.263005e-05,4.510121e-05,-2.179933e-05,-3.051801e-05,0.0002502251,-0.0001225395,0.009422049,0.03712792,0.04785229,0.04681131,0.047657,0.05179615,0.05801411,0.06443739,0.06988384,0.07287159,0.07357495,0.07140739,0.06669547,0.0591401,0.04947635,0.03855257,0.02742112,0.01709411,0.008025073,0.0002809983,-0.006734998,-0.01362076,-0.02099618,-0.02825479,-0.03500941,-0.03986432,-0.0426841,-0.04354137,-0.04345066,-0.04268226,-0.04121869,-0.03848161,-0.03498382,-0.03079968,-0.02678331,-0.02248946,-0.01822378,-0.0136541,-0.009119138,-0.004367279,-4.414544e-05,0.003900371,0.00702408,0.009803778,0.01217741,0.01478656,0.01754125,0.02091929,0.0244728,0.02822489,0.03118325,0.03302407,0.03267878,0.02974346,0.02357935,0.01474238,0.003739741,-0.007696557,-0.01826897,-0.02615517,-0.03080836,-0.03170546,-0.02955078,-0.02470568,-0.01836032,-0.01110675,-0.004204014,0.001904006,0.006525622,0.009836188,0.01146753,0.0118519,0.01098282,0.009515446,0.007464325,0.005222004,0.002729616,0.0003678868,-0.001979605,-0.004064254,-0.006019624,-0.007646709,-0.009069225,-0.0102029,-0.01114686,-0.01174592,-0.01197192,-0.01172408,-0.01070505,-0.008657223,-0.00493246,0.0008093519,0.009652724,0.02082062,0.03752375,0.02901448,0.00339959,-0.00131304,-0.0005328683,0.0002533522,0.0002697432,0.0002105274,0.0007241921,0.001041834,0.0007215377,0.000900091,0.0006062243,0.0006741048
0.0004814353,0.0004702406,0.0002301278,0.0002357142,7.666674e-05,5.715511e-05,2.638833e-05,-7.473109e-05,7.737855e-05,-0.0001608498,0.0003409961,-7.05565e-05,0.0153693,0.04554011,0.04495724,0.04249727,0.04230571,0.04790695,0.05384443,0.06158165,0.06684637,0.07080584,0.07109884,0.06908111,0.06322823,0.05486213,0.04385445,0.03224957,0.02029083,0.009603856,-0.0002218577,-0.008215648,-0.01586284,-0.02326177,-0.03134132,-0.03844717,-0.04400398,-0.04687349,-0.04829318,-0.04803212,-0.04720561,-0.04502837,-0.04241956,-0.03866387,-0.03458858,-0.02972818,-0.02522813,-0.02030502,-0.01558993,-0.01032285,-0.005450986,-0.0004911034,0.003613348,0.007443256,0.01027561,0.01311435,0.01557778,0.01868184,0.02182859,0.0256984,0.02931063,0.03283145,0.03463532,0.03472977,0.03172841,0.02608853,0.01714858,0.006365515,-0.005552249,-0.01620572,-0.02488607,-0.02983505,-0.03140862,-0.02923172,-0.0248565,-0.01849619,-0.01175633,-0.00475937,0.0009745375,0.005736341,0.008578272,0.01020814,0.01011059,0.00934685,0.007474915,0.005472546,0.002802838,0.0004455681,-0.002208389,-0.004374867,-0.006690322,-0.008371064,-0.01018191,-0.01150425,-0.01301318,-0.01398351,-0.01491267,-0.01544081,-0.01598004,-0.01609424,-0.0156465,-0.01432982,-0.01142053,-0.006910429,0.002326958,0.01308223,0.03373406,0.04155005,0.01145858,-0.001067896,-0.001577437,-0.001628657,-0.0006166074,0.000718144,0.0006217595,0.0009735987,0.001065576,0.00108607,0.0008090012,0.000777467
0.0005412072,0.0002972638,0.0002946438,8.449114e-05,0.0001391324,-4.976167e-05,5.035415e-05,-0.0001356372,8.492545e-05,-0.0001212961,7.241632e-05,0.0003350763,0.02570551,0.0488033,0.03944326,0.03577828,0.03562221,0.04193498,0.04760911,0.05573072,0.0605128,0.06433954,0.06359871,0.06117967,0.05426886,0.04516405,0.0327043,0.02053022,0.008467403,-0.0016485,-0.01123494,-0.01943553,-0.02750657,-0.03491122,-0.04244584,-0.04825527,-0.05210556,-0.05316193,-0.05293729,-0.05140253,-0.04938232,-0.04603916,-0.04229341,-0.03769833,-0.0330267,-0.02776789,-0.02253376,-0.01697755,-0.0117551,-0.006284807,-0.001228844,0.00373764,0.007677938,0.01118766,0.01397924,0.01690408,0.01968698,0.02317733,0.0268534,0.0309783,0.03430647,0.03647432,0.03638941,0.03398373,0.02831203,0.0197441,0.008592203,-0.003182175,-0.01446784,-0.02332149,-0.02900876,-0.03064626,-0.02909487,-0.02470041,-0.01884818,-0.01203293,-0.005547557,0.0002640011,0.004524856,0.007396897,0.008557201,0.008591139,0.007401448,0.00561496,0.003206687,0.000738531,-0.001893788,-0.004297889,-0.006622732,-0.008569206,-0.01038538,-0.01197387,-0.01341821,-0.0145739,-0.01553379,-0.01643374,-0.01739869,-0.01827786,-0.01882494,-0.01916339,-0.01905181,-0.01872683,-0.01692241,-0.01369287,-0.006195692,0.00505038,0.02313636,0.05047204,0.02325464,-0.001627587,-0.0006717565,-7.395082e-05,0.0005967889,0.0001332002,0.001151264,0.001114506,0.001096713,0.000900933,0.0008585321,0.0005892718
0.0007739576,0.000215304,0.0004634957,-2.186413e-05,0.0002665286,-0.000171368,0.0001498632,-0.0002153813,2.933447e-05,5.108807e-05,-0.0002667751,0.006899196,0.04016284,0.04512807,0.03216432,0.02714544,0.02827545,0.03332978,0.03954859,0.04578329,0.0500645,0.05237092,0.05165539,0.04758591,0.03958208,0.0284582,0.01623522,0.004357762,-0.006512669,-0.01644671,-0.02524968,-0.03311034,-0.04024715,-0.04727095,-0.05316475,-0.05727155,-0.05865745,-0.05819445,-0.05603835,-0.05323353,-0.04945427,-0.04557918,-0.04083817,-0.0357309,-0.0298379,-0.02416821,-0.01843745,-0.01289116,-0.006966249,-0.001430754,0.003909039,0.008305497,0.01223567,0.0153067,0.01831377,0.0212026,0.02482638,0.0286025,0.03264915,0.03592461,0.03827815,0.0385493,0.0362431,0.03054229,0.02196766,0.01090042,-0.0009775696,-0.01252568,-0.02170241,-0.02773021,-0.02983824,-0.02869014,-0.024555,-0.01885841,-0.01227871,-0.006087264,-0.0005762853,0.003442634,0.006072151,0.007038604,0.00687329,0.005531343,0.003611654,0.00116392,-0.001318057,-0.003880514,-0.006195676,-0.008365635,-0.01021922,-0.01188639,-0.01327275,-0.01438409,-0.01535982,-0.0162113,-0.01714656,-0.01790055,-0.01870639,-0.01930855,-0.02027014,-0.02086917,-0.02171008,-0.02138416,-0.02114392,-0.01843729,-0.01490721,-0.00204015,0.01056323,0.0474225,0.04477728,-0.000192553,-0.002476,-0.002072377,-0.0004598851,0.0006938748,0.001188338,0.0009451113,0.001602563,0.0009748884,0.001202206,0.0005661065
0.0006111502,0.0002390399,0.0003141409,2.806536e-05,0.0001070851,-5.147571e-05,-8.107251e-05,-1.157049e-05,-0.0002579748,0.0003116541,-0.0001361339,0.01867515,0.0506046,0.03710178,0.02277005,0.01683276,0.0192591,0.02240808,0.02825307,0.03209694,0.03576168,0.03560065,0.03379472,0.02768771,0.01923401,0.00728185,-0.004501936,-0.01583382,-0.0248825,-0.03355939,-0.04081345,-0.04786736,-0.05352874,-0.05916601,-0.06285742,-0.06489829,-0.0635003,-0.0609898,-0.05709353,-0.05348637,-0.04865751,-0.04360428,-0.03754135,-0.03194552,-0.02565965,-0.01989584,-0.01332575,-0.007474484,-0.001223411,0.004022836,0.009313054,0.01319618,0.01706279,0.01993698,0.0234863,0.02661877,0.03064726,0.03422268,0.03810827,0.04026245,0.04094644,0.03806672,0.03276245,0.02389715,0.01330138,0.0009048838,-0.01039623,-0.02024817,-0.02628343,-0.02924335,-0.02797663,-0.02442859,-0.01857273,-0.01269663,-0.006445063,-0.001635979,0.002496152,0.004490972,0.005595359,0.004847712,0.003740464,0.001395207,-0.0007124946,-0.003492043,-0.005589868,-0.008070315,-0.009760088,-0.01172472,-0.012826,-0.01415663,-0.01476306,-0.01579913,-0.01624102,-0.01701859,-0.01727862,-0.01800428,-0.01864102,-0.01963434,-0.02048417,-0.02125401,-0.02225505,-0.02275481,-0.02389634,-0.02199407,-0.0213977,-0.01115607,0.0005089445,0.03343505,0.06711317,0.02277419,-0.001103476,0.0004208675,0.0004257981,0.0005710091,0.001382469,0.001482697,0.001362979,0.00105258,0.00100905,0.0005895846
0.0004675125,0.00052481,0.0001246326,0.0002625781,-9.22183e-05,0.00012303,-0.0002480291,0.0001005829,-0.0003879316,0.0001336059,0.0002207023,0.02902601,0.05012858,0.02481062,0.01152373,0.006130071,0.007911672,0.009645126,0.01366757,0.01508623,0.01628202,0.01432352,0.01113592,0.003606313,-0.005968136,-0.01799089,-0.02848484,-0.0376607,-0.04481718,-0.05151781,-0.05713131,-0.06238371,-0.06635543,-0.0695296,-0.07035666,-0.06931874,-0.06613851,-0.06199112,-0.05679114,-0.05142242,-0.04550077,-0.03972879,-0.0333306,-0.0269336,-0.02017015,-0.01375219,-0.007165924,-0.001063061,0.004985712,0.01011889,0.0149394,0.01884882,0.02255883,0.02569659,0.0291918,0.0326993,0.03683624,0.04024018,0.0427199,0.04274294,0.04039426,0.03469878,0.02627307,0.01511013,0.003125192,-0.008743119,-0.01839061,-0.02521916,-0.02795156,-0.02735371,-0.02367756,-0.01866616,-0.01264322,-0.007108204,-0.002165262,0.001172783,0.003291942,0.003723859,0.003208108,0.001557976,-0.0004007113,-0.002888046,-0.00519663,-0.007559421,-0.009455564,-0.01122013,-0.01252244,-0.01369113,-0.01447149,-0.01512623,-0.0155089,-0.01579696,-0.01606717,-0.01634067,-0.01678454,-0.01711596,-0.01772301,-0.01825579,-0.01947555,-0.02046367,-0.02206885,-0.02282628,-0.02418365,-0.02468224,-0.02378171,-0.021831,-0.006034838,0.01062749,0.07174044,0.04632001,-0.003666801,-0.002319791,-0.001111699,0.00166846,0.001059538,0.001753858,0.001518489,0.001560857,0.0009702909,0.0009608424
0.0001673442,0.0006418362,-0.000143103,0.0003866969,-0.0003221356,0.000264204,-0.0004489723,0.0001528652,-0.000340217,-0.0001500779,0.005039606,0.04340572,0.0399664,0.0117191,-0.001842523,-0.00525747,-0.006048433,-0.00476801,-0.004597484,-0.004623415,-0.006999721,-0.009885597,-0.01601648,-0.02371882,-0.03434502,-0.04407738,-0.05343561,-0.05964655,-0.06539048,-0.06900823,-0.07288399,-0.07513008,-0.07734211,-0.07705729,-0.07548358,-0.07119486,-0.06660337,-0.06035411,-0.05445708,-0.04750529,-0.04130217,-0.03428195,-0.02769273,-0.02029599,-0.01368274,-0.006639126,-0.0003877844,0.006208377,0.01161912,0.01691674,0.02095609,0.02515619,0.02851469,0.03230849,0.0355806,0.03945716,0.04258836,0.04508919,0.04500308,0.04257872,0.03662673,0.0281651,0.01693035,0.004917286,-0.007079417,-0.01676059,-0.02377068,-0.02679445,-0.02657773,-0.02322349,-0.01842999,-0.01270222,-0.007522294,-0.003007131,-2.823735e-05,0.001769674,0.002015427,0.001295257,-0.0004320174,-0.002491476,-0.004845594,-0.007075101,-0.009181391,-0.01095071,-0.01234934,-0.01341971,-0.01411811,-0.01472821,-0.01490701,-0.01516411,-0.01490687,-0.01510579,-0.01478024,-0.01521259,-0.01482726,-0.01565063,-0.01538871,-0.01702924,-0.01681026,-0.01941318,-0.01900301,-0.02311806,-0.02189334,-0.02755686,-0.02299916,-0.02901546,-0.01447673,-0.005081384,0.05309942,0.08716214,0.008726232,0.0006533664,0.0005657425,0.001407417,0.001394255,0.002370724,0.00123345,0.001696798,0.0006513869,0.001067536
0.0009203322,9.018893e-05,0.0004954647,-0.0001855874,0.0002859802,-0.0003664777,0.0001867273,-0.0005374418,0.0001812491,-0.0002419964,0.02363543,0.05039163,0.02394294,-0.0043933,-0.0144054,-0.01906634,-0.02027915,-0.02250965,-0.02376794,-0.02791503,-0.03147734,-0.037509,-0.04352598,-0.05306895,-0.06184084,-0.07096194,-0.07608067,-0.08086518,-0.08312063,-0.08577494,-0.0858602,-0.08595772,-0.08405394,-0.08193773,-0.07688756,-0.07123212,-0.06368728,-0.05704573,-0.04938704,-0.0426202,-0.03482071,-0.02789656,-0.02005084,-0.01309984,-0.005521567,0.0009323774,0.007782599,0.01351682,0.01934278,0.02381878,0.02823469,0.03170605,0.03569565,0.03908065,0.04281359,0.04546164,0.04750851,0.04723172,0.04467784,0.03859928,0.02991279,0.01863799,0.006612882,-0.005431726,-0.01527435,-0.02233805,-0.02548919,-0.02555008,-0.02255673,-0.01813312,-0.01271388,-0.007899801,-0.003760733,-0.001235898,0.0002533456,0.0002169288,-0.000542409,-0.002417881,-0.004416921,-0.006830464,-0.008765176,-0.01077946,-0.01211695,-0.01340976,-0.01395034,-0.01455599,-0.01455428,-0.01470906,-0.01425376,-0.0140988,-0.01351686,-0.01345186,-0.01292699,-0.01293984,-0.01258049,-0.01299781,-0.01316685,-0.0140302,-0.01465258,-0.01593723,-0.01745982,-0.01934629,-0.02203553,-0.02341449,-0.02744564,-0.02548723,-0.02987852,-0.009664424,0.01267308,0.1113599,0.07720073,-0.005491073,0.0003539008,0.001186925,0.002467646,0.001445843,0.002668147,0.00119892,0.001633993,0.0005357235
0.0009525216,-0.0002415125,0.0005923235,-0.0004787587,0.0003993278,-0.0005390345,0.0001974387,-0.0005475843,6.683648e-06,0.001692615,0.04039987,0.04198821,0.003850836,-0.02022701,-0.02823555,-0.03314978,-0.03649342,-0.04104218,-0.04517467,-0.05146296,-0.05695937,-0.06447405,-0.07137937,-0.08061276,-0.08754696,-0.09403077,-0.0962064,-0.09876145,-0.09834401,-0.09867115,-0.09546859,-0.09281229,-0.08747562,-0.08300344,-0.07528406,-0.06819079,-0.05875862,-0.05142622,-0.0427382,-0.03588361,-0.02719869,-0.02001221,-0.01140292,-0.004735021,0.003240392,0.009275983,0.01649813,0.02147303,0.02746203,0.03122964,0.03608509,0.03891499,0.04323847,0.04574869,0.04927063,0.04983363,0.0499399,0.04593335,0.04067197,0.03099061,0.02060586,0.007555481,-0.00351534,-0.01423606,-0.02050098,-0.02470519,-0.02408456,-0.02220484,-0.01728562,-0.01313576,-0.007946269,-0.00501751,-0.002081532,-0.001706138,-0.001236732,-0.00288762,-0.004062273,-0.006730713,-0.008330996,-0.0107807,-0.01189795,-0.01359601,-0.01395291,-0.01476672,-0.01447406,-0.01466,-0.01398801,-0.01367806,-0.01281928,-0.01228451,-0.01159677,-0.01102066,-0.01061538,-0.01002766,-0.01015881,-0.009733907,-0.01065767,-0.0103377,-0.01222134,-0.01197942,-0.01526398,-0.01511139,-0.02023167,-0.01976844,-0.02708072,-0.0254434,-0.03304036,-0.02290849,-0.007919904,0.07339877,0.1401809,0.01598177,0.001935547,0.001732421,0.002737602,0.00205816,0.002521598,0.0009183122,0.001573944,0.0001850548
0.0002189647,0.0007751567,-0.0001600458,0.0003792814,-0.000340296,0.0002261785,-0.0005811473,8.177713e-05,-7.737515e-05,0.02763659,0.04516289,0.02371494,-0.01958388,-0.03416674,-0.04378038,-0.0465211,-0.05471501,-0.05872344,-0.06790947,-0.07282127,-0.08240629,-0.08790777,-0.09801135,-0.1029007,-0.1100863,-0.1105183,-0.113384,-0.1110707,-0.1108052,-0.1051016,-0.1014227,-0.09391572,-0.08879671,-0.07929027,-0.07148596,-0.06058487,-0.05289198,-0.04307283,-0.03575432,-0.02617199,-0.01891823,-0.009845778,-0.003000426,0.005505736,0.01178466,0.01943141,0.02475555,0.03108957,0.03508126,0.04010779,0.04316146,0.04739482,0.04961373,0.05244819,0.05255041,0.05213263,0.04787627,0.04200339,0.0322235,0.0215651,0.008873101,-0.002321491,-0.01267458,-0.01914804,-0.02317231,-0.02310113,-0.02124404,-0.01694151,-0.01287899,-0.00845743,-0.005696503,-0.003474685,-0.003122399,-0.003214567,-0.004704737,-0.006193297,-0.008456588,-0.01020315,-0.01215082,-0.01332626,-0.01445743,-0.0147709,-0.01497919,-0.01460939,-0.01424368,-0.01350315,-0.01268962,-0.01171538,-0.01075179,-0.009925012,-0.00900434,-0.008373976,-0.007510399,-0.007322178,-0.006726071,-0.00713303,-0.006694611,-0.007799328,-0.00765643,-0.009915133,-0.01002597,-0.01365979,-0.01378009,-0.01979061,-0.01988277,-0.02928831,-0.02706394,-0.03742724,-0.01823,0.01275152,0.1597423,0.2040778,0.001213013,0.004774877,0.0002965834,0.004014781,0.002123174,0.002599651,0.0009240591,0.001452317
0.0009915007,-0.0008154885,0.0007036754,-0.0009439905,0.0004699425,-0.000661659,0.0001480326,5.620617e-05,0.02053201,0.04096216,0.03839767,-0.006788059,-0.03678469,-0.05209188,-0.05504129,-0.0646269,-0.06871582,-0.07971624,-0.08497026,-0.0960488,-0.1010784,-0.1114385,-0.1155703,-0.1231989,-0.1231093,-0.1255938,-0.1216116,-0.1210449,-0.114051,-0.1098031,-0.1000504,-0.09381776,-0.08281395,-0.07464415,-0.06232772,-0.05396968,-0.04262448,-0.03525681,-0.02460149,-0.01763992,-0.007561871,-0.001040857,0.008461567,0.01437945,0.022955,0.0279465,0.03532337,0.03897741,0.04483583,0.04720893,0.05194058,0.05312952,0.0560387,0.05478772,0.05436062,0.04896456,0.04338317,0.03266774,0.02256876,0.009351818,-0.0009335768,-0.01175931,-0.01745102,-0.02214501,-0.02152498,-0.02070606,-0.01613717,-0.01319535,-0.008497548,-0.006913771,-0.004403152,-0.00514134,-0.004714871,-0.007092147,-0.007775926,-0.01072746,-0.01148882,-0.0140213,-0.01407354,-0.01573618,-0.01490146,-0.01569653,-0.01408571,-0.0143255,-0.01232856,-0.01228889,-0.01004218,-0.009892186,-0.007689375,-0.007703636,-0.005659987,-0.005868344,-0.004053894,-0.004644835,-0.003193803,-0.004206034,-0.00311075,-0.004623474,-0.004065852,-0.006269067,-0.006405083,-0.009416089,-0.01055976,-0.01477178,-0.01768156,-0.02348118,-0.02869791,-0.03450811,-0.03617823,-0.01694826,0.06712969,0.2166987,0.2116064,0.01649222,0.003857253,0.003539664,0.002301714,0.0003498612,0.001501624,-0.0004736168
0.003142069,0.0008373527,0.001851307,3.046154e-05,0.001167266,0.0003360802,0.01209447,0.01823001,0.03935644,0.0366755,0.0136624,-0.03604203,-0.05468603,-0.06648515,-0.06886427,-0.07932518,-0.08424654,-0.09613834,-0.101751,-0.1131524,-0.1175525,-0.1271774,-0.1289565,-0.1347197,-0.1316178,-0.132436,-0.1254774,-0.1231792,-0.1132076,-0.107738,-0.09522589,-0.08800206,-0.0742918,-0.065895,-0.05195462,-0.04411681,-0.03163018,-0.02485778,-0.01325226,-0.006981397,0.003901346,0.009553573,0.01966864,0.02461653,0.03374591,0.03757945,0.04527251,0.04754947,0.05363197,0.05435966,0.05873751,0.05734736,0.05896611,0.0541607,0.05164739,0.04214473,0.03478409,0.0212219,0.01158697,-0.001835263,-0.008945405,-0.01776157,-0.01907506,-0.02187536,-0.01806272,-0.01718298,-0.01152761,-0.01050183,-0.006189846,-0.007232636,-0.00517911,-0.008110351,-0.007483508,-0.01123458,-0.01097138,-0.01456956,-0.01381072,-0.01658632,-0.01493595,-0.01676724,-0.01430122,-0.01536506,-0.01236287,-0.01301534,-0.009818682,-0.01029264,-0.007074109,-0.007524191,-0.004490706,-0.00507699,-0.002345445,-0.003101908,-0.0007470611,-0.001750058,0.0001155872,-0.001138716,0.0002072414,-0.001299532,-0.000674849,-0.002568028,-0.002890243,-0.005198442,-0.006847276,-0.009988111,-0.01387965,-0.0184657,-0.02569008,-0.03226777,-0.04236669,-0.03908576,-0.007066809,0.126307,0.2993236,0.2979038,0.1554144,0.02614251,0.01043729,0.005284808,0.005361998,0.002358622
0.08451054,0.06580599,0.04796128,0.03791463,0.02825554,0.02888198,0.03127771,0.03842924,0.03596825,0.01808675,-0.02381474,-0.05873282,-0.0732791,-0.07741609,-0.08416752,-0.0905773,-0.0997346,-0.1076126,-0.1167759,-0.1234863,-0.1304695,-0.1344462,-0.1377926,-0.1373021,-0.135623,-0.1306187,-0.1252797,-0.117362,-0.1091011,-0.09858515,-0.08810885,-0.07625847,-0.06476907,-0.05270527,-0.04162864,-0.03081429,-0.02105884,-0.01145079,-0.00260935,0.006131897,0.01425651,0.0222539,0.02965032,0.03663732,0.04288802,0.048465,0.05314345,0.05686188,0.05953276,0.06103849,0.06121628,0.05971352,0.05636798,0.05079182,0.04314801,0.03334769,0.02228251,0.01057044,-0.0001048406,-0.009194859,-0.01531023,-0.01890047,-0.0194018,-0.01825126,-0.01538936,-0.01266842,-0.009785736,-0.008331389,-0.007361625,-0.008006913,-0.008764788,-0.01060881,-0.01193918,-0.01388171,-0.01487369,-0.01620162,-0.01632616,-0.01672668,-0.01587661,-0.0154635,-0.01391254,-0.01300226,-0.01107599,-0.009982854,-0.007963069,-0.006902928,-0.004915448,-0.004007703,-0.002186647,-0.001561147,3.500441e-05,0.0003526951,0.001683588,0.001624778,0.002652062,0.002198396,0.002932043,0.0020173,0.002374827,0.0008524815,0.0007248345,-0.001643969,-0.002512672,-0.006266663,-0.008481584,-0.0146769,-0.01940089,-0.02989874,-0.03859474,-0.05245212,-0.05011201,-0.004142998,0.1496128,0.3152036,0.3240889,0.2949897,0.234222,0.1847576,0.1427111,0.1122451
0.1367009,0.1063052,0.08379413,0.06492972,0.05417041,0.04763037,0.04018624,0.03423975,0.01400065,-0.01846677,-0.05809639,-0.07979448,-0.08685677,-0.08972593,-0.09546235,-0.1018948,-0.1099846,-0.1173852,-0.1249073,-0.130495,-0.1352296,-0.1372572,-0.1378261,-0.1352491,-0.1312468,-0.1246475,-0.1173786,-0.1080452,-0.09830693,-0.08679532,-0.07541759,-0.06294702,-0.05123545,-0.03905289,-0.02820372,-0.0173838,-0.007954966,0.001543579,0.01000998,0.01865234,0.02632158,0.03403664,0.04072231,0.04727972,0.05259728,0.05745075,0.06074132,0.06324549,0.06392664,0.06352261,0.06095767,0.05694936,0.05048724,0.04251961,0.03244689,0.02175103,0.0103883,0.0003334854,-0.008364553,-0.01406493,-0.01752673,-0.01803705,-0.01717543,-0.01475742,-0.01255026,-0.01025476,-0.009236803,-0.008721263,-0.009558736,-0.01057975,-0.01237376,-0.01376081,-0.01540457,-0.01628658,-0.01717493,-0.01715941,-0.01707464,-0.01612327,-0.01521998,-0.01363078,-0.01225809,-0.01036962,-0.008836453,-0.006924151,-0.005449121,-0.00366094,-0.002340355,-0.0007578073,0.0003335584,0.001642956,0.00246803,0.003480887,0.004026608,0.004716323,0.004957932,0.005318818,0.005270331,0.005276678,0.004857586,0.004381521,0.003471905,0.002364756,0.0007078946,-0.001524061,-0.004617614,-0.008927225,-0.01479003,-0.02346433,-0.0354175,-0.05160921,-0.06632689,-0.06724513,-0.00743906,0.1176218,0.2605268,0.3232966,0.3000588,0.2557189,0.2123944,0.170626
0.1251338,0.1012632,0.08175615,0.06442395,0.05255634,0.03904551,0.02421362,0.004876006,-0.02512402,-0.05896029,-0.08639174,-0.09617049,-0.09821693,-0.1000508,-0.1046644,-0.1101876,-0.1167283,-0.1226458,-0.128106,-0.1317741,-0.1340203,-0.1338377,-0.131833,-0.127308,-0.1212721,-0.1133648,-0.1045476,-0.09432327,-0.08349182,-0.07165646,-0.05975234,-0.04745724,-0.03568435,-0.02408285,-0.01346122,-0.003260151,0.005996672,0.01496119,0.02314222,0.03111055,0.03833413,0.04527478,0.05130373,0.05675247,0.0609791,0.06425939,0.06595396,0.06631582,0.0647785,0.06168265,0.05654342,0.04977557,0.0410949,0.03128343,0.02054537,0.01007111,0.0003304536,-0.007451509,-0.01308051,-0.01599772,-0.01689273,-0.01596557,-0.01434696,-0.01233072,-0.01091991,-0.01005343,-0.01026372,-0.01101127,-0.0124951,-0.01397227,-0.01561027,-0.01674239,-0.01769733,-0.01795783,-0.01796017,-0.01725915,-0.01636397,-0.01487945,-0.01337316,-0.01146205,-0.009720841,-0.007716634,-0.005995348,-0.004092325,-0.002542061,-0.0008393563,0.0004865969,0.001951659,0.00300978,0.004204121,0.004987195,0.005919678,0.006425405,0.007076886,0.007299494,0.007685651,0.007634911,0.007732588,0.007357174,0.007093997,0.006290094,0.005496229,0.004004745,0.002292912,-0.0004752701,-0.004012437,-0.009446915,-0.01699205,-0.02853176,-0.04567627,-0.07046586,-0.0949443,-0.09939172,-0.04926973,0.04696894,0.1366025,0.1804714,0.1853687,0.1717029,0.1486608
0.06694818,0.05694474,0.04526116,0.03284847,0.02015697,0.003270759,-0.01693843,-0.04141616,-0.06997982,-0.0943792,-0.1069374,-0.1080284,-0.1070734,-0.107788,-0.1108341,-0.1147982,-0.119296,-0.1231183,-0.1261222,-0.1274855,-0.1272467,-0.1248281,-0.1205542,-0.1142767,-0.1066545,-0.09765917,-0.08783418,-0.07703515,-0.06573537,-0.05387441,-0.04202434,-0.0302069,-0.01891731,-0.008043085,0.002045326,0.01156844,0.02027321,0.0285126,0.0360976,0.04327542,0.04972216,0.05555339,0.06040705,0.06435236,0.06693772,0.06817286,0.06764016,0.06546643,0.06140214,0.05570194,0.04825226,0.03949229,0.02959825,0.0193841,0.009360881,0.0004876257,-0.006786936,-0.01180839,-0.01468515,-0.01549538,-0.01501005,-0.01368826,-0.01237013,-0.01134681,-0.01111158,-0.01152222,-0.01265032,-0.01406622,-0.01568569,-0.01704391,-0.01814304,-0.01867739,-0.01880978,-0.01835137,-0.01753679,-0.0162205,-0.0146739,-0.01279452,-0.01087765,-0.008811075,-0.006856189,-0.004858557,-0.003054676,-0.001264185,0.0003018856,0.001839474,0.003143393,0.00441586,0.005455291,0.006466568,0.007248552,0.008008431,0.008545547,0.009060956,0.009356868,0.009638757,0.009710223,0.009757319,0.009566633,0.009308066,0.008772087,0.008096281,0.007012043,0.005550473,0.003369114,0.0003256736,-0.004183608,-0.01095361,-0.02141265,-0.03711472,-0.05938371,-0.0900949,-0.1198784,-0.1352127,-0.1057011,-0.04602271,0.01153815,0.05071385,0.06867876,0.07241527
-0.0218252,-0.01814409,-0.02017248,-0.02635489,-0.03700678,-0.05233287,-0.07039697,-0.09049767,-0.1087574,-0.1187689,-0.1196634,-0.1156355,-0.1128138,-0.1120801,-0.1134033,-0.1153101,-0.1175016,-0.1188549,-0.1193423,-0.118206,-0.1156595,-0.1111591,-0.1051095,-0.09733954,-0.08856855,-0.07873227,-0.06840052,-0.05733766,-0.04608269,-0.03450783,-0.02319912,-0.01204103,-0.001551637,0.008472661,0.01766243,0.02631919,0.03419427,0.04159003,0.04820493,0.05428387,0.05945799,0.0638762,0.06705534,0.06905872,0.06941126,0.06822476,0.06514519,0.06045215,0.05401048,0.04629106,0.03732984,0.02778505,0.01794019,0.008706783,0.0004661479,-0.006018167,-0.01070007,-0.01328979,-0.01430871,-0.01402184,-0.01328203,-0.01240216,-0.01202208,-0.01211549,-0.01295132,-0.01415781,-0.01573803,-0.01718935,-0.0185063,-0.01928704,-0.01967376,-0.01941831,-0.01878089,-0.01759369,-0.01614664,-0.01429989,-0.01236115,-0.01019837,-0.008109187,-0.005949933,-0.003982906,-0.002025964,-0.0002995768,0.001391512,0.002840146,0.004249592,0.005427981,0.00657131,0.007491949,0.008384124,0.009075028,0.009748667,0.01022884,0.01068718,0.01096615,0.01122946,0.01132583,0.01139172,0.01128807,0.01112268,0.01075705,0.01024085,0.009432718,0.00829016,0.006603309,0.004123208,0.0004371405,-0.005156048,-0.01376494,-0.02778189,-0.05005192,-0.07998922,-0.1160056,-0.1459377,-0.1640769,-0.1550507,-0.1228225,-0.08541568,-0.05387523,-0.03294376
-0.1106972,-0.09989175,-0.09460244,-0.09492689,-0.09995499,-0.108792,-0.1191565,-0.1285158,-0.1332686,-0.1317467,-0.1253816,-0.1188655,-0.1144821,-0.1123593,-0.1115568,-0.1114049,-0.1110762,-0.1101144,-0.1080325,-0.1047292,-0.1000173,-0.09391469,-0.08635084,-0.07763385,-0.06798118,-0.05779148,-0.04717488,-0.03634398,-0.02535758,-0.01448222,-0.003843024,0.006283889,0.01584791,0.02471485,0.03293358,0.04042542,0.04724455,0.05334653,0.05875061,0.06330726,0.06691854,0.06935146,0.07047747,0.07007371,0.06803557,0.06425983,0.05883755,0.0519434,0.04391074,0.03505328,0.02580862,0.016622,0.008066001,0.0006339062,-0.005260676,-0.009459748,-0.01196576,-0.01306538,-0.01319183,-0.01288957,-0.01260709,-0.01267277,-0.01322791,-0.01428096,-0.01568294,-0.01721427,-0.01862399,-0.01971069,-0.0203247,-0.02039556,-0.01992506,-0.01896352,-0.01759142,-0.01588238,-0.01392616,-0.01179453,-0.009579306,-0.007347193,-0.005180068,-0.003109439,-0.00117831,0.0006204418,0.002258171,0.00375932,0.005104464,0.006325113,0.00739848,0.008364952,0.009200227,0.00994837,0.01057632,0.01113223,0.01157797,0.01196278,0.01223891,0.01246543,0.01258811,0.01266919,0.01263013,0.01253526,0.01228811,0.01195131,0.01136175,0.01053704,0.009216467,0.007325826,0.004345174,-0.0002131527,-0.007572642,-0.01862727,-0.03501652,-0.0602223,-0.0927342,-0.1321886,-0.1625122,-0.180788,-0.1828897,-0.1690766,-0.1479632,-0.12721
-0.1710192,-0.1611284,-0.1537495,-0.1495167,-0.148341,-0.148947,-0.1493435,-0.1477479,-0.1425619,-0.1339632,-0.1247712,-0.1170384,-0.1115625,-0.1078053,-0.1052198,-0.1029065,-0.1004385,-0.09722849,-0.09312522,-0.08783226,-0.08152246,-0.07406318,-0.06562722,-0.05621503,-0.04625117,-0.03588119,-0.02547164,-0.01500063,-0.004722067,0.005347341,0.01491659,0.02398733,0.03232067,0.03997425,0.04682019,0.05298029,0.05835699,0.06300402,0.06670909,0.0694485,0.07097587,0.07124655,0.0699892,0.06718389,0.06271288,0.05678051,0.04952221,0.04137377,0.03264774,0.02385281,0.01531322,0.007535037,0.0008152777,-0.004469838,-0.008309104,-0.01070587,-0.01200763,-0.01251085,-0.01272709,-0.01294955,-0.01350343,-0.01441205,-0.01570679,-0.01717105,-0.01867499,-0.01993623,-0.02084348,-0.02120322,-0.02103169,-0.02028727,-0.0191006,-0.0174953,-0.01562247,-0.01350729,-0.01128686,-0.0089832,-0.00672194,-0.004504539,-0.002426809,-0.000468686,0.001306387,0.002944895,0.004409823,0.005749752,0.006929608,0.007998023,0.008929709,0.009766141,0.01048377,0.01112077,0.01166428,0.0121428,0.01253869,0.01286903,0.01312843,0.013328,0.01346978,0.0135474,0.01357405,0.01352267,0.01340631,0.01315679,0.01278888,0.01216813,0.01125827,0.009767134,0.007522802,0.003936049,-0.001600017,-0.01095065,-0.02592321,-0.04613044,-0.07315082,-0.1016566,-0.1355196,-0.1646176,-0.1839489,-0.192141,-0.1899805,-0.1815365
-0.1848956,-0.1817637,-0.1772067,-0.1724447,-0.1677324,-0.1626723,-0.1565852,-0.1485282,-0.138494,-0.127909,-0.1179174,-0.1097662,-0.1033508,-0.0983665,-0.094081,-0.09008521,-0.08576783,-0.08090159,-0.07514805,-0.0685407,-0.06102012,-0.05278343,-0.04377272,-0.03421829,-0.0242212,-0.01414521,-0.004120572,0.005609293,0.01505407,0.02401391,0.03244581,0.04014695,0.04712798,0.05326892,0.05863975,0.06315824,0.06685901,0.06962451,0.07141506,0.07202502,0.07137427,0.06928089,0.06575461,0.06074953,0.05444377,0.04702698,0.03889591,0.03043,0.02210098,0.01422744,0.007167676,0.001133172,-0.003647778,-0.007184806,-0.009562107,-0.01107391,-0.01199159,-0.01269235,-0.01342534,-0.01440411,-0.01563956,-0.01709227,-0.01859345,-0.02000095,-0.02110512,-0.02178127,-0.02190511,-0.021476,-0.02050302,-0.01908619,-0.01729872,-0.01526259,-0.01304703,-0.01074639,-0.008413509,-0.006123087,-0.003910742,-0.001830949,9.879968e-05,0.001857269,0.003456172,0.004897218,0.006192293,0.007348853,0.008379241,0.009293088,0.01009647,0.01080599,0.01142451,0.01197131,0.01243899,0.01285031,0.01319282,0.01349152,0.01372113,0.01391537,0.01404283,0.01414928,0.01418313,0.01419703,0.01411972,0.01401234,0.01374928,0.01337333,0.01267519,0.01164903,0.009882985,0.007126232,0.002510601,-0.004164144,-0.01395437,-0.02951906,-0.04973634,-0.07719052,-0.1022323,-0.1274623,-0.1510639,-0.168984,-0.1802537,-0.185044
-0.1615223,-0.1648272,-0.1651251,-0.162854,-0.1586227,-0.1524518,-0.1444562,-0.1349954,-0.1247045,-0.1142572,-0.1049314,-0.09684668,-0.09003583,-0.08409263,-0.07877181,-0.07348211,-0.06799589,-0.06192575,-0.05525606,-0.04779244,-0.03973442,-0.03108506,-0.02206898,-0.01264517,-0.00310699,0.006449262,0.01568241,0.02455196,0.03284531,0.04059247,0.0475808,0.05384934,0.05921388,0.06374181,0.06731333,0.0700375,0.07180137,0.07261322,0.07226057,0.07073196,0.06786615,0.06374815,0.05832405,0.05181577,0.0443901,0.03647622,0.02838456,0.02058255,0.01331714,0.006917608,0.001461022,-0.002895686,-0.006249938,-0.008655046,-0.01041626,-0.01171982,-0.01289979,-0.01408125,-0.01544388,-0.01691991,-0.01849486,-0.01997194,-0.02126461,-0.02215947,-0.02260504,-0.02247479,-0.02182132,-0.02062204,-0.01901921,-0.01706347,-0.01491583,-0.0126108,-0.01027454,-0.007917535,-0.00564343,-0.003449659,-0.001417891,0.000479378,0.002187961,0.003751018,0.005133706,0.006389437,0.007495671,0.008498774,0.009372653,0.01016091,0.01084496,0.01146015,0.01198803,0.0124596,0.01286602,0.01322985,0.01353793,0.01380134,0.01401748,0.01419112,0.01432976,0.01442391,0.01449559,0.01451804,0.01451891,0.01443832,0.01431549,0.01403647,0.01361613,0.01281465,0.01158224,0.009488675,0.006285677,0.0005945556,-0.008357657,-0.01973233,-0.03525683,-0.05068707,-0.07200255,-0.09290534,-0.1118599,-0.129161,-0.1436424,-0.154528
-0.1194053,-0.1260229,-0.1299683,-0.1311872,-0.129673,-0.1256122,-0.1195671,-0.1118731,-0.103258,-0.09466043,-0.08635084,-0.07884491,-0.0720652,-0.06587406,-0.05992926,-0.05406744,-0.04792115,-0.04138609,-0.0342815,-0.02667432,-0.01852745,-0.01005895,-0.001322687,0.007491696,0.01633557,0.02494269,0.0331991,0.04086352,0.04790967,0.05418633,0.05968238,0.06424705,0.06790898,0.07059161,0.07234824,0.07312444,0.07293919,0.07169189,0.06937189,0.06588092,0.06127462,0.05557773,0.04899987,0.04174625,0.03417129,0.02657061,0.01931705,0.01265559,0.006812255,0.001839215,-0.002220216,-0.005462336,-0.007975976,-0.009988546,-0.0116799,-0.01327009,-0.01485043,-0.01650206,-0.01817056,-0.01979399,-0.02122233,-0.02234484,-0.0230312,-0.02322438,-0.0228667,-0.02198179,-0.0206018,-0.01883126,-0.01676345,-0.01451604,-0.01216666,-0.009801706,-0.00746874,-0.005221398,-0.003090233,-0.00110623,0.0007201809,0.002376514,0.003864315,0.005194476,0.006382857,0.007448898,0.008397788,0.009247627,0.01000012,0.01067491,0.01126631,0.01179948,0.01226402,0.0126873,0.01304851,0.0133793,0.01365418,0.01390918,0.01410432,0.01428379,0.01440132,0.01451822,0.01457199,0.01463488,0.01462526,0.01463054,0.01452521,0.01439748,0.01405185,0.01356188,0.01257451,0.01103618,0.008317468,0.004733719,-0.000462174,-0.009010252,-0.01940408,-0.03477425,-0.04715757,-0.06037886,-0.07439148,-0.08744994,-0.09961546,-0.1104655
-0.07645658,-0.08276176,-0.0878016,-0.09101895,-0.09214152,-0.09096546,-0.08767831,-0.08279055,-0.07680184,-0.07010047,-0.06346248,-0.05698727,-0.05084097,-0.0448549,-0.03903288,-0.03309169,-0.02697304,-0.02044855,-0.01356997,-0.006227953,0.00142068,0.009361126,0.01732817,0.0253032,0.033054,0.04052579,0.04745821,0.05380001,0.05933583,0.06407471,0.06785896,0.07072838,0.07256084,0.07343638,0.07328719,0.07222437,0.07018276,0.06721177,0.06321102,0.05828606,0.0524707,0.04600512,0.03902794,0.0318875,0.02481402,0.01814803,0.01204631,0.006702343,0.002091376,-0.001749614,-0.004962633,-0.007606841,-0.009895476,-0.01192228,-0.01387059,-0.01574934,-0.01762802,-0.01940048,-0.02102654,-0.02234024,-0.02328648,-0.02374128,-0.02370561,-0.02311431,-0.02203801,-0.02049241,-0.01861153,-0.01645038,-0.01415541,-0.01177806,-0.009433069,-0.007131851,-0.004949607,-0.002879926,-0.0009793511,0.000771669,0.002336644,0.003753471,0.005004626,0.006133794,0.007129463,0.008032694,0.008835367,0.00956717,0.01021479,0.01080466,0.01133041,0.01180962,0.01223496,0.01261868,0.01296351,0.01327395,0.01355004,0.01378529,0.01398988,0.0141511,0.01429087,0.01438305,0.0144669,0.01450183,0.01453928,0.01451017,0.01448534,0.01434949,0.01417216,0.01373579,0.01309911,0.01192138,0.01020582,0.006854637,0.00185692,-0.00383159,-0.01177363,-0.0178597,-0.02836066,-0.03806291,-0.04624636,-0.05415361,-0.06181784,-0.06931642
-0.03952413,-0.04379245,-0.04783241,-0.05128998,-0.05357733,-0.05433023,-0.05358496,-0.05125143,-0.04759893,-0.04326383,-0.03827468,-0.03315743,-0.02796392,-0.0227837,-0.01744339,-0.01202642,-0.006333536,-0.0003993261,0.005912241,0.01246647,0.01932249,0.0262678,0.03325051,0.04000961,0.0465217,0.05254566,0.05804896,0.0628019,0.0667962,0.06984808,0.07198889,0.07307909,0.07320902,0.07231602,0.07053863,0.06784147,0.064337,0.0599894,0.05492447,0.04916101,0.04292477,0.03632711,0.02967606,0.02315746,0.01705854,0.01146821,0.006534252,0.002210754,-0.001490576,-0.004716774,-0.007511823,-0.01004483,-0.01235627,-0.01457793,-0.01668053,-0.01869761,-0.02050526,-0.02206631,-0.02323632,-0.02398679,-0.02421816,-0.02395375,-0.0231576,-0.02191537,-0.02024929,-0.0182857,-0.01607882,-0.01377043,-0.01141186,-0.009106354,-0.006866299,-0.004761149,-0.00278295,-0.0009787778,0.0006723428,0.002143825,0.003471259,0.004638699,0.005685605,0.006609258,0.00745168,0.008208417,0.008904948,0.009533258,0.01011429,0.01064156,0.01112868,0.01157399,0.01198549,0.01236358,0.01270626,0.01301832,0.01329477,0.01354603,0.01375258,0.01393251,0.01405962,0.0141721,0.01423036,0.0142867,0.01428389,0.01429384,0.01422341,0.01415928,0.01394948,0.01369196,0.01310825,0.01224457,0.01066104,0.008942123,0.006432805,0.002056838,-0.002445113,-0.0104209,-0.01453634,-0.0188341,-0.02358199,-0.02763211,-0.03146457,-0.0353998
-0.01228192,-0.01374261,-0.01565944,-0.01776006,-0.01969006,-0.02097696,-0.02131323,-0.02066052,-0.01900335,-0.01634479,-0.01318355,-0.009526351,-0.005584226,-0.001375827,0.002999672,0.00763903,0.01246548,0.01757818,0.02289995,0.02848336,0.03418286,0.03997719,0.04563377,0.05107691,0.05608719,0.06062905,0.06451348,0.06770832,0.07004248,0.07150713,0.07199056,0.0715498,0.07012844,0.06782749,0.06467285,0.06081143,0.05628336,0.05120764,0.04561862,0.03969428,0.03355715,0.02744292,0.02148513,0.01589424,0.0107504,0.006151155,0.002051958,-0.001566908,-0.004825712,-0.007763331,-0.01048497,-0.01301173,-0.01541492,-0.01765302,-0.01971528,-0.02149262,-0.0229381,-0.0239452,-0.02448607,-0.02450234,-0.02402195,-0.02305579,-0.02167764,-0.01993099,-0.01791896,-0.015715,-0.013431,-0.01112894,-0.008888836,-0.006742422,-0.004735842,-0.002872791,-0.001174524,0.0003635327,0.001734517,0.002953531,0.004027339,0.004980549,0.005830602,0.006599606,0.007302586,0.007950756,0.008557951,0.009123947,0.009657439,0.01015434,0.01063004,0.01107181,0.01149359,0.01187724,0.01224661,0.01257669,0.01288992,0.01315054,0.01339163,0.01357139,0.01373539,0.01382886,0.01391585,0.01393023,0.01395314,0.01389431,0.01385841,0.0137156,0.01358625,0.01325773,0.01287691,0.01214903,0.01122893,0.009176661,0.006496079,0.003984215,0.0002200644,-0.0007153603,-0.00509106,-0.008179227,-0.009432098,-0.01017916,-0.01066934,-0.01127778
0.007102347,0.007893336,0.008141507,0.007789254,0.007122811,0.006403313,0.005843954,0.005807635,0.006438467,0.007578648,0.009460074,0.01177656,0.01453393,0.01757218,0.02096621,0.02455783,0.02842462,0.0324445,0.03670942,0.04106933,0.04556365,0.04998123,0.05429192,0.05823498,0.06178552,0.06473777,0.06709859,0.06869515,0.0695473,0.06950743,0.06863705,0.06684872,0.06427409,0.06089505,0.0569016,0.05232708,0.04734931,0.04199749,0.03646789,0.03080904,0.02523034,0.01978399,0.01466819,0.009899455,0.005584161,0.00163857,-0.001921711,-0.005222034,-0.008252221,-0.01111559,-0.01376812,-0.016273,-0.01853814,-0.02057358,-0.02224952,-0.02355559,-0.02436963,-0.02471107,-0.02451807,-0.0238665,-0.02275127,-0.0212812,-0.01947728,-0.01747068,-0.01529789,-0.01308669,-0.01086265,-0.008734015,-0.006699933,-0.004825904,-0.003082068,-0.001516987,-9.538254e-05,0.001148603,0.002260306,0.003222381,0.004088267,0.004843722,0.005538851,0.006165063,0.006768831,0.007334187,0.007888859,0.00841378,0.008932597,0.009426863,0.009912654,0.01037615,0.01082821,0.01125707,0.0116636,0.01204074,0.01238719,0.01270231,0.01297092,0.01319895,0.01336461,0.01349562,0.01355909,0.01359887,0.01356602,0.0135271,0.01340374,0.01328698,0.01304909,0.01281109,0.01234037,0.01175291,0.01073147,0.009982798,0.008801134,0.006616665,0.0052037,0.001078044,0.001219314,0.00155442,0.001742375,0.002782885,0.004279668,0.005803112
0.0187018,0.02133096,0.02337076,0.02478098,0.02556623,0.02591092,0.0260777,0.02613651,0.02632498,0.02693064,0.02778414,0.02907474,0.030751,0.03280862,0.03512357,0.03773841,0.04053156,0.04352095,0.04660812,0.04981533,0.05300285,0.05613228,0.05901152,0.06157259,0.06363816,0.06518548,0.06608731,0.06634669,0.06585234,0.06463562,0.06263636,0.05994745,0.05656426,0.05261628,0.04816283,0.04338445,0.0383544,0.03321431,0.02801977,0.02291387,0.01794599,0.01324146,0.008810958,0.004709844,0.0008939423,-0.002630346,-0.005932597,-0.009018051,-0.01193498,-0.01464279,-0.01714384,-0.01936888,-0.02129547,-0.02283273,-0.02394816,-0.02457052,-0.02470914,-0.02434984,-0.02354713,-0.02233172,-0.02078989,-0.01898249,-0.01700314,-0.01490925,-0.01278829,-0.01069307,-0.008691871,-0.006808187,-0.005071893,-0.003484977,-0.002059718,-0.0007863509,0.0003362952,0.001320444,0.002178358,0.002929147,0.003593185,0.004192534,0.004751349,0.005283858,0.005807809,0.006323273,0.006845237,0.00736366,0.007889224,0.008406594,0.008931964,0.009441954,0.009952004,0.01043322,0.01091048,0.01134904,0.01177231,0.01213523,0.01247189,0.01273135,0.01296043,0.01309531,0.01320205,0.01320792,0.01319993,0.01308489,0.01297578,0.01274502,0.01253403,0.01214819,0.01178235,0.01118209,0.01056583,0.009116277,0.00765343,0.006696637,0.004926149,0.006402775,0.004897133,0.00486457,0.006792357,0.009415946,0.01249233,0.01569569
0.02565442,0.02921636,0.03236766,0.0349069,0.03685766,0.03822498,0.03905611,0.03960276,0.0400032,0.04024618,0.04074553,0.04139538,0.04233069,0.04350729,0.04500172,0.0466662,0.04854776,0.05050627,0.05258998,0.05464934,0.05670889,0.05857448,0.06023383,0.06147987,0.06232265,0.0625981,0.06235282,0.06145893,0.05999397,0.05786594,0.05517683,0.05187769,0.04812539,0.04392827,0.03946813,0.03478075,0.03003297,0.02524387,0.02057075,0.01600711,0.01166316,0.007494995,0.003591523,-0.0001133983,-0.003570385,-0.006858838,-0.009928223,-0.0128329,-0.01548921,-0.01792041,-0.02002312,-0.02180389,-0.0231485,-0.02407004,-0.02448745,-0.02445646,-0.02394105,-0.02303482,-0.02174512,-0.02019207,-0.0184045,-0.01649859,-0.01449665,-0.01251137,-0.01055746,-0.00872172,-0.006993026,-0.005432473,-0.00400812,-0.002754674,-0.001627294,-0.0006554381,0.0002030386,0.0009286013,0.001570493,0.002121402,0.002634177,0.00309963,0.003562246,0.004013937,0.004492806,0.004982274,0.005502008,0.006033193,0.006592094,0.007158721,0.007740488,0.008322072,0.008907022,0.00948167,0.01003947,0.01057154,0.01106948,0.01153096,0.01193393,0.01228148,0.01254454,0.012749,0.01285679,0.01291107,0.01285922,0.01276923,0.01256486,0.01234528,0.01199266,0.01164944,0.01110798,0.01053781,0.009701043,0.009333265,0.008629468,0.007427389,0.007415,0.005012579,0.006947859,0.009173757,0.01131033,0.01431953,0.01794014,0.02179318
0.02797974,0.03218716,0.03599494,0.03930908,0.04201066,0.04411295,0.04572412,0.04678238,0.04743389,0.04794411,0.04821445,0.04854475,0.04897497,0.04960772,0.05037363,0.05134006,0.05239145,0.05355439,0.05470483,0.0558658,0.05689366,0.05777741,0.05834554,0.05859002,0.05837625,0.05773854,0.05657436,0.05492917,0.05274123,0.0500951,0.04696322,0.04345844,0.03958457,0.03548058,0.03117354,0.02680521,0.02241102,0.01810116,0.01387383,0.009813784,0.005890477,0.002166046,-0.001403621,-0.004778164,-0.007995199,-0.01099897,-0.01380291,-0.01634204,-0.01861754,-0.02054785,-0.0221236,-0.02326699,-0.02398267,-0.02422274,-0.02402838,-0.02339646,-0.02240927,-0.02110085,-0.01956459,-0.0178426,-0.01602658,-0.01415983,-0.01232237,-0.01054124,-0.008875192,-0.007334218,-0.005953564,-0.004717067,-0.003633814,-0.002682416,-0.001867818,-0.001164719,-0.0005689893,-5.549808e-05,0.0003869598,0.0007858395,0.001156623,0.001525667,0.001908171,0.002320234,0.002769104,0.003257253,0.003789905,0.004360591,0.004970363,0.005605551,0.006270471,0.006944084,0.007630935,0.008304314,0.00897727,0.009618,0.01023787,0.01079447,0.01130946,0.01173451,0.01210307,0.01235395,0.01253992,0.01259335,0.01259083,0.01244765,0.01226779,0.01193645,0.01159513,0.01107542,0.01059168,0.009926025,0.009309825,0.008043559,0.007127595,0.006774941,0.005746544,0.008083311,0.007596797,0.008570383,0.01146048,0.01507539,0.01919416,0.0235958
0.02848139,0.03268817,0.03664616,0.04015861,0.04318772,0.04565286,0.04751122,0.04892148,0.04991023,0.05043038,0.05083433,0.05105393,0.05126354,0.0514819,0.0518316,0.05221603,0.05269589,0.05316143,0.05365061,0.05403174,0.05432269,0.05437177,0.05418729,0.05362616,0.05272934,0.05139636,0.04968373,0.04751244,0.04497334,0.04202923,0.03878992,0.03522766,0.0314779,0.02754868,0.0235687,0.01952907,0.01554051,0.01159368,0.007786756,0.004082712,0.0005452157,-0.002880577,-0.006123616,-0.009215195,-0.01207762,-0.01472859,-0.01708525,-0.01915689,-0.02085866,-0.0222063,-0.02312976,-0.02365455,-0.02372738,-0.02340744,-0.02268999,-0.02167165,-0.02037086,-0.01889089,-0.01725849,-0.01557428,-0.01386215,-0.01220096,-0.01059943,-0.009126753,-0.007777178,-0.006592153,-0.005542021,-0.004650151,-0.003879996,-0.003242549,-0.002697044,-0.00225343,-0.001875857,-0.001566063,-0.001284823,-0.001026971,-0.0007533602,-0.0004636701,-0.0001293978,0.0002491537,0.000693541,0.001196768,0.001764248,0.002387028,0.003066669,0.003790938,0.004550551,0.005337568,0.006140178,0.00695172,0.00774951,0.008531365,0.009273333,0.009979107,0.01061109,0.01117646,0.01162959,0.01200036,0.01223586,0.01238399,0.01237874,0.01229439,0.01204703,0.01174649,0.0112738,0.01079064,0.01009986,0.009415752,0.008551056,0.008215936,0.007511443,0.006614103,0.007073753,0.005241159,0.007649718,0.01030011,0.01277726,0.01603903,0.019929,0.02413513
0.02652198,0.03072231,0.03464874,0.03821973,0.04130473,0.04386923,0.04597538,0.04750811,0.04856304,0.04934024,0.04968505,0.04987174,0.04993575,0.04998434,0.0499865,0.05003224,0.05004526,0.05006598,0.04999933,0.04987203,0.04956461,0.04909022,0.04832512,0.04729465,0.04590341,0.04421183,0.04214985,0.03977935,0.03705249,0.03406961,0.03081606,0.02740295,0.02381936,0.0201786,0.01647204,0.01278791,0.009119999,0.005550805,0.002055945,-0.001296807,-0.004538144,-0.00759896,-0.01050116,-0.01317155,-0.01561309,-0.0177461,-0.01957176,-0.02102725,-0.02213092,-0.02283483,-0.02316855,-0.02310121,-0.02268734,-0.02192905,-0.02091029,-0.01965531,-0.01825941,-0.0167545,-0.01522318,-0.01368775,-0.01221328,-0.01081386,-0.00954285,-0.008396389,-0.007405452,-0.006552739,-0.005852662,-0.005272335,-0.004811628,-0.004440858,-0.004160705,-0.003940276,-0.003771347,-0.003623927,-0.003486752,-0.003332592,-0.003149927,-0.002914954,-0.002618084,-0.002246003,-0.001796532,-0.001266962,-0.0006548846,3.397901e-05,0.0007965766,0.00161803,0.00249593,0.003407854,0.004352192,0.005300904,0.006259155,0.007194097,0.008109207,0.008960536,0.009760781,0.01045952,0.01107926,0.01155539,0.01192933,0.01213234,0.0122319,0.01214556,0.01196912,0.01159398,0.01115978,0.01051554,0.009887921,0.009079034,0.008320988,0.007023005,0.006286959,0.006025739,0.005082258,0.007476166,0.007067161,0.008011976,0.01076361,0.01418087,0.01805769,0.02225903
0.02448149,0.02824036,0.03184493,0.03512254,0.0380237,0.04045889,0.04235371,0.04384983,0.04493733,0.04554511,0.04597656,0.04613427,0.04614421,0.04602303,0.0458835,0.04565278,0.04540327,0.04505714,0.04466863,0.04413162,0.04348054,0.04259975,0.0415344,0.04018105,0.03859217,0.03668226,0.03452544,0.03206031,0.02937271,0.02642536,0.02332729,0.02005455,0.01672134,0.01331514,0.009933969,0.006542631,0.003218877,-5.590037e-05,-0.003192354,-0.00621696,-0.009052788,-0.01172952,-0.01416007,-0.01635198,-0.01822288,-0.01979048,-0.02099366,-0.02186322,-0.02235401,-0.02251817,-0.02233178,-0.02185913,-0.02108869,-0.02010661,-0.01893034,-0.01765688,-0.0163012,-0.01494428,-0.01359661,-0.01232924,-0.01114274,-0.01008528,-0.009143298,-0.00835551,-0.00769823,-0.007189949,-0.006792616,-0.006516399,-0.006324094,-0.006217653,-0.006157316,-0.006144869,-0.006144726,-0.006151655,-0.006130051,-0.006073274,-0.005949801,-0.00575939,-0.005481338,-0.005116738,-0.004650062,-0.004085209,-0.003419618,-0.002659306,-0.001807154,-0.0008746713,0.000122395,0.001175476,0.002266878,0.003388941,0.004511813,0.005631213,0.006716982,0.007769958,0.008745535,0.009645835,0.01041591,0.0110788,0.0115732,0.01194033,0.01210715,0.01214281,0.01196179,0.01167254,0.01115931,0.01058762,0.009772846,0.008956471,0.007991637,0.007524628,0.006598685,0.005667012,0.00614026,0.004306156,0.006553319,0.008933427,0.0110046,0.01373225,0.01704063,0.02066565
0.02118376,0.02467058,0.02795959,0.03098241,0.03361874,0.03582868,0.0376594,0.03897902,0.03988153,0.04053374,0.04077308,0.04084363,0.04074562,0.04055978,0.04024112,0.03987756,0.03940012,0.03886803,0.03820467,0.03745791,0.03653422,0.03547474,0.03419171,0.03273572,0.03102274,0.02910793,0.02693112,0.02455989,0.021943,0.01916362,0.01620713,0.01318036,0.0100681,0.006963389,0.003846641,0.0007923574,-0.002216423,-0.005101319,-0.007877938,-0.01046772,-0.01288314,-0.01504292,-0.01695849,-0.01856173,-0.01987001,-0.02083277,-0.02148155,-0.02178932,-0.02181035,-0.02153397,-0.02102142,-0.02027099,-0.01935614,-0.01829255,-0.01716005,-0.01597398,-0.01480672,-0.01366874,-0.01261648,-0.01164902,-0.01080451,-0.0100762,-0.009493303,-0.009034096,-0.008711125,-0.008497333,-0.008399423,-0.008383269,-0.008445007,-0.008553471,-0.008705675,-0.008868883,-0.009029639,-0.009157347,-0.009239783,-0.009253923,-0.009191432,-0.009033194,-0.008772431,-0.00840088,-0.007916702,-0.00731767,-0.006598864,-0.005765931,-0.004821379,-0.003782087,-0.00265226,-0.001457302,-0.0002013803,0.001084416,0.002400849,0.003711275,0.005014909,0.006263715,0.007464338,0.008561297,0.009567401,0.01041026,0.01112,0.0116215,0.01197275,0.0120883,0.01205521,0.01176604,0.01135611,0.01068485,0.009984123,0.009064477,0.008155664,0.006770045,0.006057165,0.005659855,0.004501677,0.006592612,0.005840772,0.00630291,0.008449611,0.0111728,0.01427706,0.01768894
0.01877467,0.02166083,0.02445133,0.02699641,0.02924507,0.03112431,0.03254289,0.03364185,0.0343926,0.03472201,0.03492057,0.03486978,0.03467667,0.0343391,0.03394448,0.03342149,0.0328337,0.03211707,0.031331,0.03039915,0.02936749,0.02815648,0.02682545,0.02530035,0.02363168,0.02173958,0.01968296,0.01741034,0.01499043,0.01238255,0.009679853,0.006868256,0.004053205,0.001220986,-0.001543177,-0.00426334,-0.006868634,-0.009370877,-0.01168319,-0.01381755,-0.01569775,-0.01734506,-0.01869017,-0.01975556,-0.02049617,-0.02095684,-0.02111647,-0.02103151,-0.02069323,-0.02017058,-0.01946475,-0.01864384,-0.01771007,-0.0167373,-0.01573575,-0.01477551,-0.01385444,-0.0130227,-0.01227376,-0.01164918,-0.01113612,-0.01075881,-0.01049274,-0.01035608,-0.01032083,-0.0103937,-0.01054123,-0.01076775,-0.01104197,-0.01135875,-0.01168258,-0.01200557,-0.01229476,-0.01253737,-0.01270525,-0.01278919,-0.01276864,-0.01263985,-0.01239139,-0.01202173,-0.0115218,-0.01088851,-0.01012229,-0.009221682,-0.008193872,-0.007045231,-0.005797212,-0.004455185,-0.003043631,-0.001567869,-6.563609e-05,0.001459085,0.002968979,0.004464747,0.005893358,0.007253663,0.00847859,0.009584649,0.01049773,0.01125131,0.0117607,0.01208851,0.01214286,0.01202905,0.01162913,0.01110774,0.01028606,0.009426023,0.008404231,0.007791213,0.006601647,0.005522755,0.005836551,0.003773187,0.005609967,0.007455665,0.008840448,0.01075032,0.01316996,0.01587316
0.01571744,0.01826276,0.02066112,0.02285473,0.02474238,0.02628831,0.02753948,0.02835423,0.02882347,0.02910026,0.02901631,0.02879673,0.0284406,0.02800602,0.02744538,0.02683208,0.02610247,0.02530482,0.02437853,0.02337958,0.02224083,0.02101615,0.01963839,0.01816326,0.01652294,0.01476888,0.01283651,0.01077796,0.008541925,0.00619954,0.00373251,0.001243206,-0.001275892,-0.003738789,-0.006161766,-0.008468226,-0.01066722,-0.01268521,-0.01453599,-0.01614949,-0.01754213,-0.01864889,-0.01949921,-0.0200585,-0.02037254,-0.02042504,-0.02027028,-0.0199075,-0.01940447,-0.01876531,-0.01805075,-0.01726154,-0.0164626,-0.01565879,-0.01490671,-0.01420197,-0.01359066,-0.01306569,-0.01266031,-0.01235785,-0.01217748,-0.01210279,-0.01214838,-0.01228704,-0.01252206,-0.0128276,-0.01320776,-0.01363422,-0.01410091,-0.01458051,-0.01506519,-0.01552213,-0.01593125,-0.01626409,-0.01650785,-0.01664639,-0.01667372,-0.01657526,-0.01634452,-0.01597694,-0.01546873,-0.01481779,-0.01401443,-0.01306263,-0.01196095,-0.01072624,-0.009360065,-0.007889424,-0.006318338,-0.004680523,-0.002976474,-0.001246687,0.0005061326,0.002230212,0.00392815,0.005538427,0.007064911,0.008424954,0.00963652,0.01061411,0.01140446,0.01191424,0.01221979,0.01220995,0.0120131,0.01149231,0.01087779,0.009979032,0.009024082,0.007620431,0.006929628,0.006360993,0.004913691,0.006605721,0.00538914,0.005236701,0.006651686,0.008545504,0.01073347,0.01318728
0.01406871,0.01599243,0.01785812,0.01953882,0.02098911,0.0221551,0.02293973,0.0234881,0.02375256,0.02366359,0.02349166,0.02311078,0.02261144,0.02199463,0.02133946,0.02057864,0.01977005,0.01885068,0.01787672,0.01678793,0.01564177,0.01437545,0.01305124,0.01160694,0.01009804,0.008455594,0.006727629,0.004854477,0.002896229,0.0008126376,-0.001314983,-0.00349886,-0.005639496,-0.00774751,-0.009742663,-0.01164059,-0.01337303,-0.01495425,-0.01631342,-0.01747185,-0.01837365,-0.01905569,-0.01947974,-0.01969255,-0.01967793,-0.01949653,-0.01914733,-0.01869502,-0.01814033,-0.01754689,-0.01691319,-0.01629527,-0.01568741,-0.01514173,-0.01465132,-0.01426058,-0.01395247,-0.01375613,-0.01365362,-0.0136675,-0.01377814,-0.01399741,-0.01429781,-0.01468859,-0.01514327,-0.01566522,-0.01622576,-0.01682878,-0.01744889,-0.01807996,-0.01868823,-0.01925949,-0.0197614,-0.02017795,-0.02048684,-0.02068111,-0.02074745,-0.02068163,-0.02047629,-0.020127,-0.01962691,-0.01896796,-0.01814998,-0.01716471,-0.01601816,-0.01471045,-0.01326219,-0.0116752,-0.009975681,-0.008167672,-0.00629119,-0.004350695,-0.002386217,-0.0003979064,0.001556849,0.003471755,0.00527049,0.006959447,0.008452964,0.009771777,0.01081917,0.01164498,0.01214967,0.01242875,0.01236043,0.01210028,0.01147195,0.01074693,0.009813087,0.009159507,0.007799659,0.006616598,0.006785288,0.004473168,0.005877831,0.007166713,0.007840267,0.008910406,0.01041115,0.01214779
0.01203406,0.01364599,0.01514363,0.01648109,0.01758048,0.01840895,0.01902368,0.01927458,0.01925283,0.01909648,0.01862784,0.01806127,0.01738598,0.01665499,0.01582568,0.01497335,0.01404063,0.01307268,0.01201041,0.01091242,0.009728612,0.008516826,0.007216629,0.005883915,0.004462776,0.003006464,0.001453488,-0.0001547897,-0.001868964,-0.003625228,-0.005445965,-0.007242339,-0.00902508,-0.01071531,-0.01232755,-0.0137914,-0.01511753,-0.01624656,-0.01720536,-0.01794557,-0.01849992,-0.01882931,-0.0189818,-0.01894648,-0.01878043,-0.01848056,-0.01810443,-0.01765633,-0.01719633,-0.0167225,-0.01628126,-0.01586528,-0.01552125,-0.01524002,-0.01505604,-0.01495003,-0.01494946,-0.01503822,-0.01523518,-0.0155172,-0.01589307,-0.01634368,-0.01687799,-0.01746944,-0.01811844,-0.01880269,-0.01952488,-0.02026258,-0.02101096,-0.02174842,-0.02246357,-0.02312446,-0.02370746,-0.02418772,-0.02455289,-0.02479474,-0.02490853,-0.02488566,-0.02471704,-0.02439891,-0.02392351,-0.02328852,-0.02247865,-0.02149518,-0.02032954,-0.01899408,-0.01748368,-0.01582327,-0.01401384,-0.01208945,-0.01004829,-0.007931613,-0.005741696,-0.003531557,-0.001300699,0.0008851644,0.00302189,0.005016284,0.00687366,0.00849667,0.009917785,0.01103218,0.011901,0.01240527,0.01266165,0.01253153,0.01223472,0.0115725,0.0107696,0.009518921,0.008968299,0.008331195,0.006671763,0.008037592,0.006414968,0.005704145,0.006450139,0.007574071,0.0089019,0.01044112
0.01165514,0.01269589,0.01369796,0.01456194,0.01524759,0.01572148,0.01588373,0.01588766,0.01567081,0.01516271,0.01461679,0.01390074,0.01308886,0.01218699,0.01126942,0.01028364,0.009285995,0.008226428,0.007152694,0.006014131,0.004867814,0.003664883,0.002461724,0.001206461,-5.004497e-05,-0.001366553,-0.002700175,-0.00410068,-0.005517925,-0.006988705,-0.008448765,-0.009917637,-0.01131731,-0.01265884,-0.01387396,-0.01497801,-0.01591946,-0.01672112,-0.01733654,-0.01779785,-0.01807289,-0.01821035,-0.01819463,-0.01807667,-0.01785216,-0.0175762,-0.01725334,-0.01693609,-0.01662134,-0.01635258,-0.01612287,-0.01596993,-0.0158802,-0.01588354,-0.01596431,-0.01614656,-0.01640922,-0.01676601,-0.01719769,-0.01771544,-0.01830218,-0.0189605,-0.01966812,-0.02042725,-0.02121898,-0.02204137,-0.02287369,-0.02371564,-0.02455343,-0.02537785,-0.0261619,-0.02688514,-0.02752356,-0.02805759,-0.02847392,-0.02876423,-0.02892445,-0.0289489,-0.02883455,-0.02856945,-0.02814913,-0.02755764,-0.02679571,-0.02584575,-0.02471143,-0.02337973,-0.02186863,-0.02017006,-0.01831091,-0.01628804,-0.01414221,-0.01187171,-0.009518704,-0.007078637,-0.004613159,-0.002128058,0.0002907519,0.002642633,0.004828357,0.006857975,0.008617895,0.01014416,0.01132228,0.01223588,0.01275167,0.01301307,0.0128373,0.01249787,0.01187737,0.01138627,0.01005161,0.008923169,0.009088588,0.006646774,0.007739658,0.008597584,0.008682922,0.009039517,0.009739643,0.0106203
0.01093301,0.0117421,0.01245363,0.01303546,0.01343286,0.01361538,0.01365342,0.01339146,0.0129233,0.01237337,0.01155634,0.01067502,0.009716542,0.008725278,0.007665296,0.0066124,0.005520721,0.004439463,0.003315763,0.00220372,0.001059481,-5.870147e-05,-0.001205511,-0.002328576,-0.003480339,-0.004611053,-0.005775251,-0.006929903,-0.008121605,-0.009294876,-0.01047993,-0.01160938,-0.01270716,-0.01370857,-0.01463318,-0.01542475,-0.01610381,-0.01662865,-0.01703695,-0.01729773,-0.01745416,-0.01748266,-0.01743532,-0.01730669,-0.01714996,-0.01696157,-0.0167899,-0.01663104,-0.01652908,-0.01647153,-0.01649093,-0.01657172,-0.01674492,-0.01699158,-0.01733199,-0.0177405,-0.01823455,-0.01879507,-0.01943393,-0.02012947,-0.02088592,-0.02168531,-0.02253381,-0.02340841,-0.02430824,-0.02521431,-0.02612882,-0.02703375,-0.02792696,-0.02879174,-0.02961779,-0.03037859,-0.03105409,-0.03162545,-0.0320818,-0.03241892,-0.03263385,-0.03272353,-0.03267659,-0.03248813,-0.03214547,-0.03164434,-0.0309637,-0.03010143,-0.02903927,-0.02778038,-0.02630947,-0.0246447,-0.02278058,-0.0207459,-0.018533,-0.01617832,-0.01368081,-0.01109005,-0.008404914,-0.005690242,-0.002954878,-0.0002999543,0.002268126,0.004641497,0.006836302,0.008733588,0.01037418,0.01162683,0.01259086,0.01312034,0.01341598,0.01326374,0.01288042,0.0120308,0.01183031,0.01132936,0.009642757,0.0108703,0.009019757,0.007925563,0.008181111,0.008709781,0.009347485,0.0101312
0.01193329,0.01226023,0.01255184,0.01273693,0.01278046,0.01266899,0.0123006,0.01183961,0.01121269,0.01034902,0.009488735,0.008494467,0.007430416,0.006306734,0.005192927,0.004045276,0.002919972,0.001779899,0.0006723789,-0.0004481096,-0.001532131,-0.002621972,-0.00366443,-0.004706689,-0.005706265,-0.006717248,-0.007699665,-0.008693734,-0.00965382,-0.01061651,-0.01153365,-0.01243584,-0.01326718,-0.01404655,-0.0147224,-0.01531623,-0.01579432,-0.01618673,-0.01646245,-0.01665759,-0.01675295,-0.01679699,-0.01678103,-0.01674827,-0.01669494,-0.01666436,-0.01665619,-0.01670569,-0.01680195,-0.01697205,-0.01720442,-0.01752213,-0.01790635,-0.01837219,-0.01890091,-0.01950685,-0.02017011,-0.02089617,-0.02166891,-0.02249507,-0.02336246,-0.02426864,-0.02519572,-0.02614307,-0.02709781,-0.02805466,-0.02899917,-0.02992873,-0.03083703,-0.03171382,-0.03254272,-0.03330662,-0.03399464,-0.03458921,-0.03508467,-0.03546866,-0.03574368,-0.03590268,-0.03594708,-0.03585891,-0.03563427,-0.03524935,-0.03470372,-0.03397136,-0.0330501,-0.03191209,-0.03056728,-0.02899495,-0.02721629,-0.0252164,-0.02303079,-0.02064825,-0.01810754,-0.01539587,-0.01257306,-0.009640442,-0.006685837,-0.003714202,-0.0008344023,0.001953321,0.004519782,0.006883659,0.008912744,0.01067223,0.01201338,0.01306046,0.01361881,0.0139518,0.01392409,0.01386629,0.01282849,0.01199636,0.01239348,0.01003727,0.01103787,0.01168808,0.01140533,0.01126649,0.01137593,0.01159965
0.01248591,0.01269087,0.01279954,0.01278989,0.01263305,0.01229742,0.01187128,0.01119254,0.01036293,0.009495018,0.00840097,0.007272841,0.006101189,0.004921389,0.003704081,0.002520704,0.001335406,0.0001959475,-0.0009393072,-0.002021869,-0.003092363,-0.00410057,-0.005094923,-0.006031224,-0.006958541,-0.007833827,-0.008704034,-0.009531447,-0.01035712,-0.01113637,-0.01190256,-0.01260769,-0.01328291,-0.01388275,-0.01443288,-0.01489501,-0.01529448,-0.01560274,-0.01585753,-0.01603854,-0.01618661,-0.01628383,-0.01637326,-0.01644986,-0.01655501,-0.01668263,-0.01686465,-0.01709076,-0.01738871,-0.01774344,-0.01817402,-0.01866244,-0.01922606,-0.01984501,-0.02052905,-0.02125653,-0.0220376,-0.02285805,-0.02372402,-0.02462095,-0.02554802,-0.02649268,-0.02745615,-0.02842361,-0.02939049,-0.03034427,-0.03128315,-0.03219651,-0.0330782,-0.03392134,-0.03471998,-0.03546524,-0.03614355,-0.03674921,-0.03726999,-0.03770491,-0.03804692,-0.03829838,-0.03844569,-0.03848706,-0.03840333,-0.03818987,-0.03781692,-0.03728052,-0.03654978,-0.03561953,-0.03445781,-0.03307433,-0.03144856,-0.02960075,-0.02750961,-0.02520541,-0.02267628,-0.01996573,-0.01706283,-0.01402823,-0.01086394,-0.007675047,-0.004472889,-0.00137616,0.001619539,0.004377319,0.006917924,0.00908978,0.0109729,0.01240504,0.01356339,0.0142083,0.01454464,0.01438821,0.01481052,0.01472108,0.01327046,0.01462922,0.01281466,0.01159424,0.01161947,0.01180529,0.01199902,0.01225777
0.01470109,0.01453959,0.01432745,0.01401906,0.01358596,0.01303305,0.01225866,0.01143803,0.01049291,0.00935243,0.008250551,0.007046612,0.005798179,0.004518392,0.00327265,0.002021645,0.0008203653,-0.0003626499,-0.001479585,-0.002571693,-0.003595491,-0.00459394,-0.005518451,-0.006415683,-0.007248858,-0.008069825,-0.008840702,-0.009599588,-0.01030654,-0.01099977,-0.01164087,-0.01226627,-0.01283331,-0.01336968,-0.01383768,-0.0142655,-0.01462897,-0.01495996,-0.01523341,-0.01548371,-0.01569333,-0.01590415,-0.01610589,-0.0163329,-0.01657702,-0.01686934,-0.01720207,-0.01759811,-0.01804175,-0.01855137,-0.01911231,-0.0197389,-0.02040987,-0.02113335,-0.02189111,-0.02269473,-0.02352788,-0.02439394,-0.02527995,-0.02619131,-0.02711953,-0.02806093,-0.02900063,-0.02993874,-0.03086701,-0.03177981,-0.03266465,-0.03351779,-0.03433609,-0.03511481,-0.0358513,-0.03654278,-0.0371936,-0.03779455,-0.03834448,-0.03882827,-0.03924735,-0.03959262,-0.03986954,-0.04005998,-0.04016002,-0.04014098,-0.03999872,-0.03970045,-0.03923685,-0.0385679,-0.03768948,-0.03656626,-0.03520484,-0.03357626,-0.03170276,-0.02956273,-0.02718364,-0.02454185,-0.02168471,-0.01860468,-0.01537827,-0.0120075,-0.008602479,-0.005172872,-0.001857206,0.001344504,0.004283895,0.007000979,0.00932941,0.01136675,0.01290302,0.01417873,0.01503055,0.01570402,0.01527436,0.01503172,0.01595804,0.01397031,0.01516887,0.0159056,0.01554641,0.01519919,0.01499519,0.01482368
0.01625848,0.01610999,0.01584496,0.01544837,0.01491821,0.01422047,0.01346442,0.0124813,0.01138432,0.0102784,0.00897785,0.007666446,0.00634032,0.00502496,0.003697413,0.002421583,0.00117023,-1.50629e-05,-0.001167261,-0.002244214,-0.003280932,-0.004237582,-0.005159327,-0.00601218,-0.00684014,-0.007607242,-0.008353231,-0.009049048,-0.009731847,-0.01036811,-0.01098916,-0.01155972,-0.01211085,-0.01261232,-0.01309127,-0.01352347,-0.01393144,-0.01429489,-0.01464505,-0.01496703,-0.01529205,-0.01560417,-0.01593383,-0.01627632,-0.01665887,-0.01707341,-0.01753668,-0.0180376,-0.01859244,-0.01918915,-0.01983674,-0.0205199,-0.02124664,-0.02200168,-0.02278857,-0.02359256,-0.02441936,-0.02526247,-0.02612275,-0.02699263,-0.0278669,-0.02874134,-0.02961271,-0.03047522,-0.03132129,-0.03214624,-0.03294074,-0.03370003,-0.03441511,-0.03509508,-0.03574216,-0.03637058,-0.03697553,-0.03756748,-0.03813167,-0.03867191,-0.03917118,-0.03963543,-0.04004825,-0.04041582,-0.04071413,-0.04094147,-0.0410594,-0.04106303,-0.04091028,-0.04059059,-0.04005222,-0.03929279,-0.03827043,-0.03699424,-0.03542334,-0.03357889,-0.03143207,-0.02901643,-0.0263015,-0.0233365,-0.02010412,-0.01670181,-0.01313645,-0.009533548,-0.005893984,-0.00236968,0.001042448,0.004167019,0.007061959,0.009542683,0.01175874,0.01343831,0.01476749,0.01559195,0.01692702,0.01755809,0.0166506,0.01846293,0.01700571,0.01597729,0.01609351,0.0162517,0.01630803,0.01633151
0.01931602,0.01894436,0.01848069,0.01790556,0.01719408,0.01637256,0.01533778,0.0142796,0.01311647,0.01178209,0.01050763,0.009154039,0.007771255,0.006376469,0.005029216,0.003694424,0.002422097,0.001185744,2.916665e-05,-0.001084269,-0.002116381,-0.003108336,-0.004019371,-0.004894968,-0.005704076,-0.006494249,-0.007232125,-0.007952611,-0.008622222,-0.009278491,-0.009890495,-0.0104939,-0.01105447,-0.01160092,-0.01210494,-0.01259394,-0.01304951,-0.01350007,-0.0139236,-0.01434748,-0.01475369,-0.01517491,-0.01559965,-0.01605223,-0.01652114,-0.01702593,-0.01755554,-0.01812484,-0.01871919,-0.01935164,-0.02000974,-0.02070278,-0.02141232,-0.02214283,-0.0228814,-0.02363703,-0.02439977,-0.02517084,-0.02594169,-0.02671375,-0.02748557,-0.02825397,-0.02900976,-0.02975127,-0.03047716,-0.03118022,-0.03184932,-0.0324769,-0.03306931,-0.03363112,-0.03417751,-0.03471812,-0.03527414,-0.03584401,-0.03643289,-0.03702316,-0.03761424,-0.03819223,-0.03876602,-0.03931893,-0.03985087,-0.04033154,-0.04075691,-0.04108771,-0.04131147,-0.04137837,-0.0412718,-0.0409371,-0.04036427,-0.03950662,-0.03837086,-0.0369187,-0.03516304,-0.03306349,-0.03064815,-0.02788973,-0.02484373,-0.02149336,-0.01794009,-0.01419371,-0.01039645,-0.006558422,-0.00284184,0.0007701848,0.004089365,0.007184991,0.009826235,0.01222559,0.01418057,0.01584976,0.01632308,0.01696912,0.01874278,0.01744108,0.01916761,0.02033303,0.02023975,0.02002718,0.01984288,0.01959575
0.02141465,0.02121818,0.02085771,0.02032523,0.01964209,0.01877481,0.01785239,0.01670325,0.01545111,0.01420106,0.0127698,0.01133821,0.009906478,0.008492656,0.00707742,0.00571949,0.004395507,0.003142424,0.001931293,0.0007996641,-0.0002832326,-0.001282653,-0.002242832,-0.003136814,-0.004004932,-0.004814204,-0.005600726,-0.006340316,-0.00706695,-0.007752844,-0.008427961,-0.009062961,-0.009686626,-0.01027459,-0.01085216,-0.01140045,-0.01193865,-0.01244925,-0.01295741,-0.01344872,-0.01394636,-0.01443437,-0.01493346,-0.01543707,-0.01596181,-0.01649806,-0.0170531,-0.01761789,-0.01820391,-0.01880398,-0.0194233,-0.02005079,-0.02069045,-0.02133343,-0.02198184,-0.02262687,-0.02327215,-0.02391748,-0.02455996,-0.02519589,-0.0258203,-0.02643748,-0.02704373,-0.02763802,-0.02821175,-0.02876458,-0.02928346,-0.02976866,-0.03021717,-0.03065325,-0.03108983,-0.03155576,-0.03205526,-0.03261091,-0.03321015,-0.0338602,-0.03453944,-0.03525385,-0.03598414,-0.03674157,-0.03750271,-0.03827182,-0.03900954,-0.03971023,-0.04032649,-0.04084397,-0.0411981,-0.04137072,-0.04130122,-0.0409833,-0.040358,-0.03942876,-0.03814881,-0.03653439,-0.03453214,-0.03216692,-0.02939511,-0.02628891,-0.02283923,-0.0191639,-0.01526275,-0.01129003,-0.0072561,-0.003353331,0.0004507128,0.00394987,0.007260989,0.01008136,0.01256952,0.01458662,0.01707599,0.01871291,0.01864901,0.02124733,0.02048853,0.02000153,0.02056633,0.02105649,0.02132976,0.02146235
0.02475243,0.02450344,0.02409419,0.02353179,0.02279008,0.02192036,0.02081434,0.01968106,0.01843563,0.01702085,0.0156665,0.01424039,0.01278318,0.01131887,0.009899047,0.008495567,0.007150169,0.005842972,0.004610518,0.003422828,0.002311395,0.001241658,0.0002463567,-0.0007147072,-0.001616621,-0.002499088,-0.00333536,-0.004153834,-0.004927225,-0.005686578,-0.006409031,-0.007124437,-0.00780541,-0.008473848,-0.009108002,-0.009727549,-0.01031977,-0.01090536,-0.01146686,-0.01202144,-0.01255393,-0.01308735,-0.01361244,-0.01414111,-0.01466246,-0.01518503,-0.01570101,-0.01621932,-0.01673349,-0.01725223,-0.01777074,-0.01829262,-0.01880706,-0.01931641,-0.01981697,-0.02031414,-0.02080622,-0.02129076,-0.02176538,-0.02222611,-0.02268138,-0.02312699,-0.02356324,-0.02398371,-0.02439344,-0.02478005,-0.02514117,-0.02546984,-0.0257884,-0.02610508,-0.02644989,-0.02683424,-0.02729354,-0.02782869,-0.02845627,-0.02915641,-0.02993425,-0.03076881,-0.03167191,-0.03262321,-0.03363105,-0.03466731,-0.03573708,-0.03679701,-0.03783703,-0.03880056,-0.03966847,-0.04036846,-0.04087889,-0.04113333,-0.04112572,-0.04079423,-0.04013608,-0.03908773,-0.03765659,-0.03578426,-0.03349928,-0.03075034,-0.02761591,-0.02408777,-0.02030202,-0.01626433,-0.01214273,-0.007933076,-0.00384563,0.0001637756,0.003840353,0.007369096,0.01050258,0.01331499,0.01489564,0.01666653,0.01956493,0.01924652,0.02182409,0.02376546,0.02429745,0.02459002,0.0247952,0.02483847
0.02674589,0.02685506,0.02673128,0.02636944,0.02581211,0.02502563,0.02415856,0.02303777,0.02179767,0.02054747,0.01910755,0.01765843,0.01620549,0.01476108,0.0133092,0.01190434,0.01052681,0.009209429,0.007926376,0.00671174,0.005539097,0.004440671,0.00337525,0.002366922,0.001380419,0.000447284,-0.0004645599,-0.001333739,-0.002189792,-0.003006797,-0.003811749,-0.004578664,-0.00533207,-0.006049274,-0.006750682,-0.007418931,-0.008068242,-0.00868195,-0.009279684,-0.009847316,-0.0104031,-0.01093294,-0.01145012,-0.01194483,-0.01242535,-0.01288245,-0.01332038,-0.01373527,-0.01413935,-0.01453083,-0.01491364,-0.01527966,-0.01563306,-0.01597344,-0.01630378,-0.01662086,-0.01692747,-0.01722815,-0.01751924,-0.0178015,-0.0180694,-0.01833241,-0.01858915,-0.01884292,-0.01908156,-0.01930709,-0.01951268,-0.0197127,-0.01991064,-0.02013602,-0.02040269,-0.0207446,-0.02116948,-0.02170719,-0.02235126,-0.02311565,-0.02398022,-0.02495056,-0.02600393,-0.02715195,-0.02837473,-0.02968606,-0.03105374,-0.03247636,-0.03390672,-0.03533208,-0.03668644,-0.0379447,-0.03903415,-0.03993471,-0.04057199,-0.04092946,-0.04094063,-0.04060072,-0.03983307,-0.03863125,-0.03691972,-0.0347335,-0.03203085,-0.02890197,-0.02533048,-0.02145794,-0.01729487,-0.01303809,-0.008674733,-0.004428965,-0.0002150437,0.003637168,0.007257888,0.01051514,0.01427165,0.01709654,0.01809808,0.02175531,0.02199734,0.02237693,0.02373759,0.02492126,0.02578312,0.02639958
0.02963058,0.02987144,0.02986879,0.02965053,0.02918701,0.02855241,0.02763228,0.02665435,0.02553302,0.02421895,0.02294419,0.02158426,0.02017299,0.01874169,0.01733565,0.01593261,0.01456819,0.01322862,0.01194461,0.01069282,0.009500116,0.00833832,0.007236169,0.006161962,0.005138275,0.004132411,0.003166786,0.002220299,0.001316455,0.0004318129,-0.0004147467,-0.001247014,-0.002041954,-0.002814471,-0.003545749,-0.004247279,-0.00490872,-0.005543333,-0.006136924,-0.006699644,-0.007221021,-0.007718122,-0.008183759,-0.00861817,-0.009011446,-0.009365723,-0.009681975,-0.009968341,-0.0102274,-0.01046415,-0.01067989,-0.01087357,-0.0110448,-0.01119694,-0.01133536,-0.01146356,-0.01158685,-0.01169881,-0.01180642,-0.0119029,-0.01200104,-0.01209262,-0.01218762,-0.01227773,-0.01237053,-0.01245093,-0.01253477,-0.0126257,-0.01275431,-0.01292154,-0.0131571,-0.01346801,-0.01389467,-0.01443818,-0.015127,-0.0159451,-0.01690461,-0.0179802,-0.01918513,-0.02049503,-0.02192641,-0.02345648,-0.02510341,-0.0268282,-0.02862855,-0.03045031,-0.03228242,-0.03405108,-0.0357309,-0.03724198,-0.03856711,-0.03962546,-0.0403964,-0.04079422,-0.04080541,-0.04034011,-0.03939444,-0.03787578,-0.03582177,-0.03318655,-0.03007936,-0.0264858,-0.02256147,-0.01830055,-0.01392276,-0.009403558,-0.005015694,-0.0005992181,0.003560343,0.007457927,0.01017503,0.01315917,0.0173378,0.01819959,0.02187208,0.02487353,0.02634684,0.02748658,0.028442,0.02914812
0.03073166,0.03151054,0.03198311,0.03213738,0.03203619,0.03164027,0.0311183,0.03029253,0.02930924,0.02828111,0.02703451,0.02574837,0.02443722,0.02310744,0.02174858,0.02040906,0.01907577,0.01777673,0.01649205,0.01525199,0.01403714,0.01287586,0.01173451,0.01063676,0.009556821,0.008523115,0.007510427,0.00653757,0.005582093,0.004667498,0.003774275,0.002925114,0.002101606,0.001322609,0.000575586,-0.0001247099,-0.0007842872,-0.001388843,-0.001950913,-0.002461217,-0.002934393,-0.003360807,-0.003744592,-0.004075769,-0.004355145,-0.004580053,-0.004756662,-0.004891059,-0.004992399,-0.005064027,-0.005105214,-0.005115025,-0.005099663,-0.005069215,-0.005026656,-0.004977219,-0.004919358,-0.004863368,-0.004806447,-0.004756555,-0.004700246,-0.004650368,-0.004606303,-0.004579234,-0.004551535,-0.004534686,-0.004534691,-0.004583166,-0.004677876,-0.004842868,-0.005079282,-0.005420547,-0.005867747,-0.00645615,-0.007183478,-0.008074369,-0.009109046,-0.01029685,-0.01161095,-0.01306659,-0.01464571,-0.01637213,-0.01822116,-0.02020504,-0.02228417,-0.02445857,-0.02667143,-0.02890972,-0.03110005,-0.03321757,-0.03517574,-0.03694716,-0.03844691,-0.03965402,-0.04047061,-0.04086408,-0.0407243,-0.0400461,-0.03873949,-0.03684862,-0.03431748,-0.03125687,-0.02765592,-0.02369869,-0.01937405,-0.01491519,-0.01025687,-0.005748948,-0.001280766,0.003021799,0.007944123,0.01194898,0.01407204,0.01891471,0.02033879,0.02180737,0.02422739,0.02640056,0.02817894,0.02962819
0.03233789,0.03341343,0.03416735,0.03464031,0.03479458,0.03472332,0.03430235,0.03377545,0.0330573,0.03210316,0.03114918,0.03007807,0.02891878,0.02771002,0.02649202,0.02524772,0.02400826,0.02276629,0.0215495,0.02034166,0.01916666,0.01800204,0.01687605,0.01576775,0.01470041,0.01364766,0.01262964,0.01163278,0.01067867,0.009750627,0.008866726,0.008010599,0.0072015,0.00642916,0.005710302,0.005040884,0.004430252,0.003870829,0.003373774,0.00293203,0.002550155,0.002217465,0.00194056,0.00172608,0.00157925,0.001498273,0.001469804,0.001485446,0.001539288,0.001631476,0.001756719,0.001914463,0.002093761,0.002291188,0.002492251,0.002693124,0.002885043,0.003077394,0.003255645,0.003427817,0.00358206,0.003730635,0.00385617,0.003966969,0.00405069,0.004115,0.004125841,0.004076281,0.003939941,0.003730651,0.003427059,0.003033109,0.002512742,0.001867977,0.001063333,0.0001113938,-0.001005752,-0.002263022,-0.003675882,-0.00522079,-0.006920038,-0.008754301,-0.01075252,-0.01288867,-0.01517726,-0.01757829,-0.02009939,-0.02268357,-0.02531634,-0.02791603,-0.0304609,-0.03286294,-0.03509078,-0.03704506,-0.03869697,-0.03993513,-0.04072522,-0.04093388,-0.04054702,-0.0394656,-0.03774897,-0.03534177,-0.03236376,-0.02878701,-0.02481885,-0.02043963,-0.01592632,-0.01113503,-0.006374893,-0.001718185,0.001910811,0.005966257,0.01137265,0.01342427,0.01826714,0.02246706,0.02507304,0.02729692,0.02927871,0.03095575
0.03174139,0.03348996,0.03487692,0.03587438,0.03655985,0.03688265,0.03702739,0.03680867,0.03638188,0.0358626,0.03508183,0.03421566,0.03328869,0.03230143,0.0312491,0.03017443,0.02907148,0.02796455,0.02684212,0.02573182,0.02462127,0.02353593,0.02245177,0.02139396,0.02034668,0.01933603,0.01834485,0.01738972,0.01645578,0.0155636,0.01470247,0.01389418,0.01312633,0.01241257,0.0117469,0.01114135,0.01059705,0.0101245,0.009716553,0.009375494,0.009089936,0.008867726,0.008713527,0.008631613,0.00862233,0.00867696,0.008787353,0.00894114,0.009135974,0.009365404,0.009633512,0.009928836,0.01024338,0.01056057,0.01087599,0.01117647,0.01146834,0.0117372,0.01198891,0.01221009,0.01242069,0.01260402,0.01276149,0.01287602,0.01296276,0.01299318,0.01295581,0.01281878,0.01259785,0.01227757,0.0118709,0.01135305,0.01073566,0.009985331,0.009107029,0.008070923,0.006895222,0.005564563,0.004106212,0.002499195,0.0007607308,-0.001138607,-0.003180247,-0.005394515,-0.007759541,-0.01029732,-0.01297202,-0.01579615,-0.0187128,-0.02170608,-0.02468979,-0.02763758,-0.03046047,-0.03313212,-0.03554483,-0.03765268,-0.03931993,-0.04050459,-0.04106558,-0.04098907,-0.04016107,-0.03863831,-0.03636517,-0.03348863,-0.02997538,-0.02604622,-0.02163945,-0.01710927,-0.01235317,-0.007480401,-0.001770627,0.00314375,0.006199182,0.01212705,0.01470707,0.01730004,0.02087583,0.02418829,0.02708308,0.02960607
0.03131775,0.03346255,0.03523633,0.03668665,0.03775907,0.03856044,0.03894906,0.03918188,0.0391712,0.0388737,0.03852773,0.03802245,0.03738035,0.03664733,0.03585811,0.03500189,0.03410546,0.03316921,0.03221954,0.03124859,0.03027668,0.02928878,0.02831361,0.02734157,0.02639537,0.0254565,0.02454342,0.02365007,0.0227957,0.02197021,0.021191,0.0204509,0.01976533,0.01912894,0.01855377,0.01804271,0.01760109,0.01722605,0.01692319,0.01668797,0.01652066,0.0164192,0.01638708,0.01643112,0.01654557,0.01672624,0.01695225,0.01722036,0.01752183,0.01786241,0.01822951,0.01861849,0.0190101,0.01940428,0.01977765,0.02012856,0.02044341,0.02073661,0.02099141,0.02122049,0.02140616,0.02156281,0.0216689,0.02173574,0.02173691,0.0216707,0.02149978,0.02123225,0.02084916,0.02037655,0.01980032,0.01914119,0.0183719,0.01750632,0.01651172,0.01540386,0.01415856,0.0127995,0.01130555,0.009699824,0.007955465,0.006091845,0.004070353,0.001902921,-0.0004482665,-0.002964711,-0.005682193,-0.008570051,-0.01163967,-0.01482545,-0.01811767,-0.02143521,-0.02475365,-0.02797458,-0.03106917,-0.03392145,-0.03648121,-0.03858374,-0.040168,-0.04107732,-0.0413082,-0.04074361,-0.03944366,-0.03733283,-0.03457894,-0.03114137,-0.02728048,-0.02285141,-0.01816946,-0.01335542,-0.009327639,-0.004627168,0.001683111,0.00467864,0.010525,0.01583913,0.01956454,0.02292264,0.02603563,0.02883884
0.02839996,0.0312613,0.03374711,0.03580628,0.03752488,0.03883066,0.03991839,0.04059006,0.04100526,0.04128017,0.0412476,0.04107736,0.04080312,0.04041785,0.03992287,0.03935543,0.03871794,0.03803111,0.03729332,0.03652916,0.03573399,0.03493134,0.03410777,0.03328785,0.03246427,0.03166131,0.03087094,0.03010629,0.02935999,0.02864923,0.02797248,0.0273495,0.02677455,0.02625732,0.0257967,0.02539949,0.02507069,0.02481581,0.02463171,0.02451411,0.0244587,0.024471,0.02456018,0.02471785,0.02494211,0.02521362,0.02552999,0.02587604,0.02625427,0.02665313,0.02707676,0.02750278,0.02792671,0.02832638,0.0286998,0.02902986,0.02932617,0.02956986,0.02977456,0.02992358,0.03003574,0.03008797,0.03008845,0.03001541,0.02987579,0.02962976,0.0292785,0.02880222,0.02822946,0.02754792,0.02678311,0.0259206,0.02498797,0.02396152,0.02285914,0.02165218,0.02035946,0.01895962,0.01747902,0.0158933,0.01422073,0.01242782,0.01052835,0.008476006,0.006274138,0.003874471,0.001286795,-0.001531904,-0.004552716,-0.007788777,-0.01117406,-0.01469987,-0.01829148,-0.02193457,-0.02552991,-0.02903836,-0.03231826,-0.03530742,-0.03782715,-0.03981049,-0.04108028,-0.04162428,-0.04132043,-0.04025312,-0.03833807,-0.03575484,-0.03242091,-0.02867343,-0.02440295,-0.01968597,-0.01384394,-0.008578205,-0.00506436,0.001572302,0.005018269,0.008519369,0.01311069,0.01749052,0.02149289,0.02513543
0.02548721,0.0287381,0.03161779,0.03417626,0.03633566,0.03820676,0.03962381,0.04084935,0.04179034,0.04239897,0.04291295,0.04322479,0.04334838,0.04333471,0.04321414,0.04298219,0.04266251,0.04226248,0.04180743,0.04129619,0.04074743,0.04015397,0.03954536,0.03891923,0.03829627,0.03766529,0.03704392,0.03643183,0.03584616,0.03528331,0.03476007,0.03427479,0.03383966,0.03345578,0.03313041,0.03286933,0.03267177,0.03253812,0.03246887,0.03246335,0.03252175,0.03264722,0.03283463,0.03308563,0.03338417,0.03372788,0.03409558,0.03448891,0.03489405,0.03531792,0.03573934,0.03615401,0.0365409,0.03690179,0.03721232,0.03747679,0.03767645,0.03782701,0.03791175,0.03794593,0.03790328,0.03779854,0.03761396,0.03736121,0.03700246,0.03653769,0.03594292,0.0352429,0.03442426,0.03351867,0.03251907,0.03145929,0.03032391,0.029142,0.02789309,0.02660041,0.02524037,0.02383532,0.02236166,0.0208434,0.0192535,0.0176102,0.01586956,0.01403294,0.0120456,0.009903412,0.007544799,0.004972286,0.002142071,-0.0009165877,-0.004225407,-0.007730382,-0.01142996,-0.01524675,-0.01916994,-0.0231021,-0.02699973,-0.03069262,-0.03409376,-0.03700568,-0.03936486,-0.04098818,-0.04185842,-0.04183061,-0.04100303,-0.0392859,-0.03689544,-0.03366505,-0.02989218,-0.02572599,-0.02205723,-0.01741095,-0.01080126,-0.007387044,-0.0009785362,0.005097995,0.009669912,0.01396258,0.0180726,0.02192835
0.02002301,0.02391086,0.02746617,0.0306094,0.03343065,0.03582524,0.03799352,0.03971637,0.04115131,0.04241051,0.04332451,0.04405203,0.04463462,0.04505609,0.04532574,0.04547513,0.0455157,0.04546301,0.04532367,0.04511696,0.04484796,0.04453872,0.04418582,0.04380829,0.04340575,0.0429992,0.04258962,0.04218533,0.04178674,0.0414081,0.04105572,0.04074284,0.04047089,0.04024563,0.0400722,0.03994816,0.03988254,0.0398744,0.03992627,0.04002956,0.04018932,0.04040364,0.04068046,0.04099756,0.0413545,0.04172724,0.04212283,0.0425212,0.04292785,0.04332121,0.04370579,0.04405473,0.04437219,0.04463036,0.04483796,0.04497654,0.04505844,0.04505689,0.04499052,0.04483572,0.04461205,0.04429278,0.04389722,0.04339644,0.04279809,0.04206609,0.04122239,0.04025383,0.03919773,0.03804111,0.03682045,0.03552646,0.03420222,0.03283436,0.03145816,0.03005082,0.02863926,0.0271995,0.02576135,0.02429925,0.02283663,0.02133674,0.01981413,0.01821409,0.01653085,0.01469595,0.01270058,0.01047449,0.008014762,0.005265152,0.002253267,-0.001049395,-0.004597992,-0.008408695,-0.01240943,-0.01658925,-0.02082705,-0.02507181,-0.02913794,-0.03293166,-0.03622782,-0.03895032,-0.04090332,-0.04209081,-0.04235255,-0.04179896,-0.04029965,-0.03814954,-0.03521166,-0.03151014,-0.02637989,-0.02155157,-0.01830937,-0.01160871,-0.007856752,-0.00393434,0.001262887,0.006373542,0.01121643,0.01577293
0.01465124,0.01879613,0.02262818,0.02619849,0.02939867,0.03233807,0.03482081,0.03710698,0.03909193,0.0407165,0.04221182,0.04347163,0.04449865,0.04534976,0.04605226,0.04660868,0.04703816,0.04735347,0.0475746,0.04770577,0.04776433,0.047752,0.04769676,0.04759979,0.04747749,0.04732465,0.04715578,0.04697649,0.04680133,0.04663406,0.04648711,0.04636157,0.04626663,0.04620818,0.04618943,0.04621748,0.04628735,0.04640251,0.04655977,0.04676499,0.04701699,0.04731907,0.04765349,0.04802068,0.04839901,0.04879279,0.04918056,0.04956707,0.04993225,0.0502803,0.05058331,0.05084359,0.05104119,0.05118336,0.05125015,0.05125123,0.05116222,0.05099848,0.05073791,0.05039569,0.04994256,0.04939916,0.0487504,0.04800856,0.04713721,0.04615145,0.04503939,0.04383345,0.04252103,0.04113785,0.0396807,0.03819112,0.03666196,0.03513517,0.03360197,0.03209695,0.03060356,0.02914883,0.02771141,0.02631888,0.02494804,0.02362006,0.0222932,0.02096899,0.01958778,0.01813525,0.01653617,0.01477152,0.01276598,0.0105068,0.007928104,0.005040041,0.00180695,-0.001731433,-0.005598832,-0.009735189,-0.01413065,-0.01864483,-0.02320233,-0.02760068,-0.031743,-0.03539741,-0.03847404,-0.0407501,-0.04223635,-0.04277103,-0.04249993,-0.04121028,-0.03915368,-0.03648351,-0.03404097,-0.03031694,-0.02422298,-0.02114896,-0.01486914,-0.008639414,-0.00375829,0.001003387,0.005711213,0.01028551
0.006971357,0.01154379,0.01588732,0.01989091,0.02364392,0.02700472,0.03017604,0.03291119,0.0353559,0.03761235,0.03950254,0.04117044,0.04266468,0.04396238,0.04508239,0.04605052,0.04688519,0.047594,0.04818684,0.04867649,0.04907704,0.0494089,0.04967568,0.04988863,0.05005255,0.05018277,0.05028649,0.05036776,0.05043448,0.05049685,0.05056494,0.05064426,0.05074417,0.05086325,0.05101242,0.05118159,0.05138647,0.05162077,0.05189365,0.05219378,0.05253154,0.0528937,0.0532866,0.05368135,0.0540832,0.05446591,0.05484376,0.05519119,0.05551546,0.05578395,0.0560047,0.05615142,0.05623688,0.05623497,0.05616483,0.05600367,0.0557656,0.05541702,0.05497647,0.05441468,0.05375774,0.05298104,0.05210885,0.05111011,0.05000487,0.0487687,0.0474351,0.04598974,0.04447307,0.0428717,0.04122744,0.03953273,0.03783937,0.03614048,0.03448294,0.03285273,0.03128775,0.02976943,0.02833429,0.02696029,0.02567886,0.02445847,0.02332248,0.02222189,0.02115518,0.02005167,0.01889723,0.01760545,0.0161474,0.01442903,0.01243375,0.01008655,0.00738904,0.004282162,0.0007962274,-0.003099744,-0.007331028,-0.01189141,-0.01663139,-0.02147152,-0.02617785,-0.03063827,-0.03460341,-0.03799958,-0.04058594,-0.04238626,-0.04320104,-0.04325563,-0.04236522,-0.04047738,-0.03691518,-0.03339216,-0.03129101,-0.02535422,-0.02206564,-0.01843623,-0.01328447,-0.008031082,-0.002871435,0.002136798
-0.0002368566,0.004341146,0.008721131,0.01295527,0.01689906,0.02066081,0.02401164,0.02720303,0.03011148,0.03265853,0.03506134,0.03721382,0.03910656,0.04080619,0.04233754,0.04371034,0.04493604,0.04602947,0.04700039,0.04785768,0.04861557,0.04928261,0.04988147,0.05041695,0.05089967,0.05132765,0.05170963,0.05205762,0.05238293,0.05269311,0.05299318,0.05328759,0.0535822,0.05388542,0.05419463,0.05452269,0.05486216,0.0552217,0.05559485,0.05599371,0.05641059,0.05684745,0.05727736,0.05770639,0.05811091,0.0585019,0.05885543,0.05917876,0.05944449,0.05965623,0.0597844,0.05984037,0.05980455,0.05969551,0.05949341,0.05920864,0.05881132,0.05831771,0.05769988,0.05697651,0.05612065,0.05516003,0.05407681,0.0528902,0.05157346,0.05015527,0.04862486,0.04701573,0.04531253,0.04355343,0.04173435,0.03990076,0.03804743,0.03622199,0.03442062,0.03268765,0.03101489,0.02943914,0.0279455,0.02656942,0.02529609,0.02415817,0.02312663,0.02221681,0.02138106,0.02061282,0.01983826,0.01903006,0.01809548,0.01699256,0.01561694,0.01393254,0.01185904,0.009388869,0.006454939,0.003068856,-0.0008121901,-0.005108773,-0.009797595,-0.01471713,-0.01978284,-0.02475546,-0.0295045,-0.03374983,-0.03742169,-0.04028149,-0.04238679,-0.04345873,-0.043677,-0.04317481,-0.04272267,-0.04076574,-0.03605187,-0.0341819,-0.0288722,-0.02327845,-0.01882841,-0.0142836,-0.00961018,-0.00489099
-0.009208548,-0.004521789,9.286182e-05,0.004490045,0.008758058,0.01271774,0.0165743,0.02004936,0.02326894,0.02631849,0.02900637,0.03145831,0.03373192,0.03579994,0.03769144,0.03942539,0.04102486,0.04248472,0.04381593,0.04502315,0.04612739,0.04714233,0.04807609,0.04893287,0.04972189,0.05044931,0.05112813,0.05175697,0.05235032,0.05290835,0.05344432,0.05395742,0.05446278,0.05495124,0.05543887,0.05591296,0.05639654,0.05687944,0.05737785,0.05787579,0.05838479,0.05888097,0.0593749,0.0598352,0.06027579,0.06066723,0.06102908,0.06132907,0.06157576,0.06173113,0.06181211,0.06179365,0.06169669,0.06149732,0.06121856,0.06082963,0.06034711,0.05973193,0.0590063,0.05814026,0.05716868,0.05606627,0.05485996,0.05352199,0.0520858,0.05053077,0.04889198,0.04714993,0.04534567,0.04346273,0.04154441,0.03958122,0.03762728,0.03567433,0.03377349,0.03191463,0.03014502,0.02845336,0.0268863,0.02543009,0.02412913,0.02296518,0.02198027,0.02114488,0.02047853,0.01992564,0.01948128,0.01906001,0.01862637,0.01806875,0.01734132,0.0163304,0.01499317,0.01322505,0.01100979,0.008268633,0.005016927,0.001193827,-0.003123049,-0.007911724,-0.01298089,-0.01823133,-0.02340567,-0.02838749,-0.03287954,-0.03682429,-0.03994666,-0.04238621,-0.04389725,-0.04432997,-0.0429727,-0.04147848,-0.04132431,-0.03699238,-0.03500514,-0.03249749,-0.02818943,-0.02355524,-0.01879648,-0.01400757
-0.01707219,-0.01271617,-0.008401156,-0.004071248,9.226546e-05,0.004200397,0.007989947,0.01170158,0.01518856,0.01834779,0.02137621,0.02416886,0.02670431,0.02906032,0.03125706,0.03331186,0.03522481,0.03701003,0.03866594,0.04020553,0.04163512,0.04296534,0.04421067,0.04538153,0.04648007,0.04750672,0.04846419,0.04936992,0.05022791,0.05104539,0.05181947,0.05256105,0.05326741,0.05395188,0.05460672,0.05525526,0.05588649,0.05651547,0.05713198,0.05775265,0.05835979,0.05895701,0.05951387,0.06004413,0.06052377,0.06097001,0.06135355,0.06168294,0.06192465,0.0620898,0.06215117,0.06212877,0.06200322,0.06179858,0.06148828,0.06108223,0.0605459,0.05989836,0.05911164,0.05821207,0.05717402,0.0560275,0.05475286,0.05337768,0.05187965,0.05029052,0.04859415,0.04682225,0.0449552,0.04303021,0.04103995,0.03902923,0.03698939,0.03496641,0.03295488,0.03100137,0.02910216,0.02730174,0.0255941,0.02402632,0.02259724,0.02135647,0.02029604,0.01945635,0.01881669,0.01839269,0.01812771,0.01800498,0.01793764,0.01787862,0.0177088,0.01736221,0.01672238,0.01573894,0.01430318,0.01237648,0.009858911,0.006755658,0.003013567,-0.001284793,-0.006116018,-0.01128871,-0.01668464,-0.02201714,-0.02717215,-0.03185596,-0.03604179,-0.03938333,-0.04197373,-0.04391027,-0.04587365,-0.04626499,-0.04361421,-0.04370829,-0.04018236,-0.03604372,-0.03284128,-0.02931005,-0.02544346,-0.02131598
-0.02592682,-0.02184303,-0.0176417,-0.01350121,-0.009329609,-0.005341236,-0.001328223,0.002401541,0.005950075,0.009384009,0.01249593,0.01539268,0.0181412,0.02070797,0.02312922,0.02541633,0.02759396,0.02964363,0.03157867,0.03339442,0.03511267,0.03673654,0.03827679,0.03973075,0.04110886,0.04240981,0.04365226,0.04482802,0.04595168,0.04701233,0.04802631,0.04898842,0.04991449,0.05079074,0.05164141,0.0524536,0.05325606,0.05403541,0.05481373,0.05556884,0.05631107,0.05701029,0.05768539,0.05830394,0.05888817,0.05940587,0.05987672,0.06026248,0.06057598,0.06078307,0.06091037,0.06093393,0.06088045,0.0607198,0.06047184,0.06010014,0.05962317,0.05900098,0.05826278,0.05738151,0.0563956,0.05527665,0.05405381,0.05270164,0.05125684,0.04969506,0.0480478,0.04628972,0.04445923,0.04253589,0.04056048,0.03851885,0.03646119,0.03437464,0.03230675,0.03024557,0.02823937,0.02628175,0.02442742,0.02267524,0.02108378,0.01965336,0.01844719,0.01746451,0.01675375,0.01628904,0.01608876,0.01609039,0.01627296,0.01653591,0.01683009,0.01702991,0.01706372,0.01679715,0.01617284,0.01507086,0.01344776,0.0111765,0.008248405,0.004603413,0.000344996,-0.004491012,-0.009700145,-0.01517955,-0.02062786,-0.0259372,-0.03078115,-0.03521842,-0.03894902,-0.04171574,-0.0427608,-0.04363718,-0.04592838,-0.04382119,-0.04382998,-0.04320315,-0.04052655,-0.03730772,-0.03373913,-0.02994313
-0.03288754,-0.02949589,-0.02597268,-0.0222499,-0.01854259,-0.01472986,-0.01110954,-0.007447313,-0.003913191,-0.0006326548,0.002568148,0.005589369,0.008393223,0.01106584,0.01361639,0.01606969,0.01841043,0.02065669,0.02279618,0.02484594,0.02679659,0.02866075,0.03044113,0.03215266,0.03378512,0.03534721,0.03683278,0.03826418,0.03962959,0.04093935,0.04218186,0.04337436,0.04450215,0.04558746,0.04662042,0.04763522,0.04861507,0.04958292,0.05052228,0.05145283,0.05234547,0.05321129,0.0540181,0.05478946,0.05549841,0.05616812,0.05675764,0.0572804,0.05770171,0.05804775,0.05829187,0.05846204,0.05853362,0.05852814,0.05840686,0.05818276,0.05781623,0.0573347,0.0567107,0.05597904,0.05510921,0.0541328,0.05302581,0.05182092,0.05049061,0.04906566,0.04752085,0.04588567,0.04413272,0.04229816,0.04036713,0.038382,0.0363258,0.03424176,0.0321165,0.02999396,0.02786565,0.02577982,0.0237349,0.02179064,0.01995793,0.0183054,0.01684472,0.01564405,0.01471212,0.01409885,0.01377897,0.01376634,0.01399965,0.01445406,0.01502368,0.0156439,0.01618719,0.01658261,0.01669321,0.0164421,0.01568219,0.01435474,0.01233084,0.009600902,0.006096183,0.001914979,-0.002893975,-0.008099598,-0.01360023,-0.01909417,-0.02450612,-0.02944683,-0.03393009,-0.03801868,-0.04229735,-0.04513938,-0.0448183,-0.04728881,-0.04610043,-0.04405482,-0.04280641,-0.04102979,-0.03873264,-0.03596139
-0.03998173,-0.03723431,-0.03417874,-0.03102102,-0.02765612,-0.02432794,-0.02082239,-0.0174696,-0.01418855,-0.01092684,-0.007903176,-0.005030548,-0.002237002,0.0004313649,0.00301243,0.005506173,0.007938488,0.01028363,0.01255965,0.01475056,0.01687473,0.01892452,0.02091035,0.02281786,0.02465906,0.02642991,0.0281521,0.02980771,0.03140653,0.03293029,0.03439941,0.03579968,0.03714878,0.03843108,0.03968152,0.04088466,0.04207358,0.04323271,0.04438731,0.04550614,0.04659973,0.04763767,0.04864719,0.0495971,0.05051389,0.05135937,0.05214926,0.05284496,0.05347,0.05399804,0.05446192,0.05483669,0.05514673,0.05535011,0.05546071,0.05543937,0.05530704,0.05502788,0.05463604,0.05410563,0.05347286,0.05270623,0.05183282,0.05082613,0.04971945,0.04848417,0.04714493,0.04567081,0.04409348,0.04238876,0.04059054,0.03867996,0.03669964,0.03463284,0.03251866,0.03034038,0.02813849,0.0259072,0.02370205,0.02153214,0.0194645,0.01751703,0.01576761,0.01424119,0.01301169,0.01209232,0.0115359,0.01132042,0.01145557,0.01187693,0.01255749,0.01339393,0.01431569,0.01518714,0.01592857,0.01639859,0.01651175,0.01609664,0.01506982,0.01329188,0.01076073,0.00741897,0.003366459,-0.001362836,-0.006526174,-0.01201791,-0.01751326,-0.02302096,-0.02821733,-0.03274865,-0.03582137,-0.03886047,-0.04358272,-0.04387148,-0.04619214,-0.04790937,-0.04743195,-0.04626876,-0.04457537,-0.04248729
-0.04441785,-0.04266791,-0.04063551,-0.03822932,-0.03568959,-0.03287528,-0.03011279,-0.02716739,-0.02422294,-0.02141829,-0.01859866,-0.01585796,-0.01325762,-0.01071002,-0.00822401,-0.005771474,-0.003381277,-0.001023555,0.001279779,0.003548547,0.005757001,0.007919463,0.01002243,0.01208087,0.01407596,0.01602704,0.01791615,0.01976633,0.02154967,0.02328322,0.024947,0.02655922,0.02809649,0.02959253,0.03103507,0.0324655,0.0338605,0.03525118,0.03661152,0.03796118,0.03926403,0.04054379,0.0417658,0.04296425,0.04410452,0.04520866,0.04622575,0.04717955,0.04804163,0.04885204,0.04958165,0.05026115,0.05085277,0.05137151,0.05176757,0.05205717,0.05219934,0.05223106,0.05212396,0.0519158,0.05156858,0.05111269,0.05051774,0.04981685,0.04897683,0.04802678,0.04693264,0.04571992,0.04435202,0.04286119,0.04122401,0.03947882,0.03760086,0.03562929,0.03354251,0.03137816,0.02911899,0.02680966,0.02444687,0.0220942,0.01976809,0.01754805,0.01545783,0.01358269,0.0119562,0.01066317,0.009719423,0.00917956,0.009023965,0.009267095,0.009841454,0.01071306,0.01177807,0.01297263,0.01415899,0.01524425,0.01606204,0.01651572,0.01642662,0.01570513,0.01419389,0.01188007,0.008710422,0.004810044,0.0002144635,-0.004830119,-0.0102536,-0.01567428,-0.02105374,-0.0264477,-0.03235765,-0.03716928,-0.03887855,-0.0436023,-0.04483043,-0.04511238,-0.04619211,-0.04664809,-0.04647662,-0.04567125
-0.04824157,-0.04740975,-0.04612014,-0.04459842,-0.04271177,-0.04072452,-0.03840662,-0.03610096,-0.03373436,-0.03125931,-0.02889499,-0.0265791,-0.02423956,-0.02194443,-0.01965876,-0.01740003,-0.0151346,-0.01289106,-0.0106445,-0.008423938,-0.006209889,-0.004024352,-0.001860027,0.0002543244,0.002339499,0.004385476,0.006415837,0.00839745,0.01034082,0.01222208,0.01406475,0.01584185,0.0175772,0.01925454,0.02091667,0.02254117,0.02416595,0.02577133,0.02738214,0.02895681,0.03051313,0.03202319,0.03352207,0.03497763,0.03641486,0.037782,0.03909777,0.04032826,0.04151334,0.04263027,0.0437149,0.04473412,0.04570298,0.04656609,0.04733404,0.04796454,0.0484857,0.04886526,0.04914053,0.04928081,0.04931809,0.04921411,0.04899285,0.04862358,0.04813844,0.04750523,0.04674396,0.04581702,0.04474893,0.04350833,0.04212218,0.04056557,0.03887488,0.03702814,0.03505746,0.03293965,0.03070594,0.0283443,0.02590372,0.02339208,0.02087522,0.01837642,0.0159778,0.01371741,0.01168636,0.009930749,0.008540685,0.00754042,0.006981893,0.006849331,0.007157142,0.007849325,0.008887355,0.01016335,0.01160437,0.01307563,0.0144814,0.01563947,0.0164239,0.0166421,0.01620319,0.0149591,0.01288871,0.009925466,0.006204098,0.00177085,-0.003111642,-0.008450915,-0.01394757,-0.01918609,-0.02337209,-0.02779582,-0.03434682,-0.03663078,-0.0410329,-0.04506259,-0.04691652,-0.04807926,-0.04863414,-0.04871306
-0.04887465,-0.04919649,-0.04915144,-0.04861042,-0.04782689,-0.04662671,-0.04535294,-0.04376056,-0.04203022,-0.04030101,-0.03843034,-0.03650713,-0.03462192,-0.03269308,-0.03075241,-0.02877059,-0.026784,-0.024749,-0.02269666,-0.02060278,-0.01850494,-0.01639005,-0.01428986,-0.01218569,-0.01010048,-0.008009344,-0.00594394,-0.00388277,-0.001862651,0.0001418808,0.002098275,0.00402646,0.005897661,0.007756682,0.009583549,0.01142294,0.01324584,0.01508741,0.01690867,0.0187316,0.02052118,0.02231316,0.02407078,0.02583235,0.02754931,0.02923818,0.03084857,0.03241863,0.03392894,0.03542715,0.03687883,0.03830872,0.03966143,0.04094481,0.04210192,0.04315191,0.04405814,0.0448652,0.04554279,0.0461251,0.04656544,0.04688845,0.04705768,0.04710403,0.04699264,0.04675185,0.04634405,0.04579021,0.04504688,0.04413822,0.04303363,0.04176449,0.04030035,0.03867351,0.03685757,0.03488278,0.03272516,0.03041903,0.02795281,0.02537985,0.02271184,0.02002262,0.01733816,0.01474634,0.0122957,0.01009162,0.008187895,0.006678842,0.00559469,0.00499486,0.004865279,0.005218261,0.006000145,0.007179156,0.008648267,0.01032692,0.01206565,0.01376386,0.01523342,0.0163378,0.01686427,0.01670511,0.01571272,0.01388837,0.01117037,0.007695079,0.003478054,-0.001165146,-0.006183084,-0.01167081,-0.01807792,-0.02386649,-0.02675848,-0.03303625,-0.03618678,-0.03847864,-0.04174265,-0.0444427,-0.04654198,-0.04795725
-0.04847502,-0.04979852,-0.05060044,-0.05111409,-0.05116439,-0.05102419,-0.05043488,-0.04973717,-0.04884888,-0.04771622,-0.04654812,-0.04530934,-0.04392954,-0.04250475,-0.04100439,-0.03946286,-0.03783391,-0.03615178,-0.03438379,-0.03256869,-0.03068255,-0.02876297,-0.02680323,-0.02483877,-0.02283979,-0.0208279,-0.01877932,-0.01674062,-0.01469296,-0.01266596,-0.0106371,-0.008642782,-0.006650171,-0.004679598,-0.002686473,-0.0007028423,0.001313937,0.00333443,0.005381041,0.007408367,0.00944811,0.01147208,0.01352208,0.01555619,0.01759083,0.01956401,0.02150684,0.02339499,0.02528197,0.0271433,0.02901321,0.03084346,0.03263617,0.03432478,0.03591929,0.03737752,0.03873839,0.03997335,0.04111977,0.0421378,0.04305165,0.0438144,0.04444542,0.04490961,0.04523927,0.04540237,0.0454192,0.04524957,0.04491311,0.04437068,0.04364113,0.04269192,0.0415516,0.04019201,0.038639,0.03686538,0.03489457,0.03270582,0.03033328,0.02777226,0.02507389,0.02225259,0.01938263,0.01650345,0.01370852,0.01106048,0.00867384,0.006614998,0.004977745,0.003798344,0.003137984,0.002997935,0.003387242,0.004249664,0.00554543,0.007177286,0.00907087,0.0110705,0.01304709,0.01479867,0.0161843,0.01700052,0.01712652,0.0164015,0.01483186,0.01237139,0.00917348,0.005188497,0.0006375982,-0.004047164,-0.008123412,-0.01275622,-0.02006075,-0.02342129,-0.0291194,-0.03485644,-0.03860817,-0.04183016,-0.04451434,-0.04677772
-0.04478214,-0.0471845,-0.04924123,-0.05077048,-0.05202777,-0.05279373,-0.05341337,-0.05361745,-0.05356692,-0.05338792,-0.05294472,-0.05231714,-0.05162491,-0.0507932,-0.04987624,-0.04883884,-0.04772492,-0.04648196,-0.04515037,-0.04369658,-0.04216947,-0.04055327,-0.03889066,-0.03715061,-0.03536447,-0.03350561,-0.03161995,-0.02968188,-0.02773053,-0.0257351,-0.02374135,-0.02172386,-0.01971433,-0.01766351,-0.01560398,-0.01348965,-0.01135658,-0.009172109,-0.006986033,-0.004765887,-0.002541604,-0.0002704076,0.00200618,0.004319771,0.006604137,0.008879507,0.01110444,0.01333432,0.0155532,0.01780985,0.02006013,0.02231645,0.02450588,0.02663201,0.02863532,0.03054262,0.03232538,0.03403485,0.0356359,0.03715394,0.03853073,0.03978366,0.0408696,0.04181585,0.04258657,0.04321227,0.04365863,0.04394818,0.0440356,0.04393766,0.04361556,0.04309051,0.04232389,0.04133867,0.0401039,0.03864433,0.0369323,0.03499068,0.03279418,0.03037562,0.0277304,0.02491396,0.02194402,0.01889865,0.01582627,0.0128333,0.009994397,0.00743209,0.005221124,0.003462473,0.00219537,0.001478826,0.001318305,0.00173003,0.002661797,0.00407105,0.005855043,0.007940779,0.01017238,0.01241077,0.01443614,0.01608798,0.01716333,0.01755856,0.01711856,0.01584964,0.01368651,0.01083504,0.007322668,0.002966922,-0.002666515,-0.008190275,-0.01108117,-0.01779007,-0.02187992,-0.02532499,-0.03006067,-0.03444779,-0.03841985,-0.04180568
-0.04012834,-0.04336347,-0.04612905,-0.0486557,-0.05071506,-0.05257855,-0.05394661,-0.05514121,-0.05605849,-0.05662953,-0.05704366,-0.05728795,-0.05728918,-0.05716761,-0.05689181,-0.05650877,-0.05596323,-0.05530138,-0.05448268,-0.05355252,-0.05248097,-0.05131348,-0.05003115,-0.04867204,-0.04720175,-0.04565605,-0.04400793,-0.04230988,-0.04053015,-0.03870896,-0.0368213,-0.03490916,-0.03293033,-0.03091666,-0.02882573,-0.02669921,-0.02449376,-0.02225298,-0.01995119,-0.01762881,-0.01524185,-0.01282299,-0.01033059,-0.007824979,-0.005297107,-0.002805282,-0.000300874,0.00220208,0.004761694,0.007345698,0.009980818,0.01260073,0.0151973,0.0176986,0.02011941,0.02242516,0.02466648,0.02681719,0.02890962,0.03089083,0.03277402,0.03450469,0.03609607,0.03750771,0.03877,0.03985418,0.04078691,0.04153461,0.04211701,0.04249106,0.04266523,0.04259704,0.0423025,0.04174507,0.04094177,0.0398634,0.03852706,0.03690544,0.0350145,0.03283142,0.03038319,0.02766765,0.02474023,0.02163059,0.01841849,0.01516507,0.01198777,0.008979226,0.00626218,0.003917183,0.002043999,0.0006967852,-6.801277e-05,-0.000244667,0.0001763612,0.001157352,0.002666622,0.004603666,0.006872191,0.00930768,0.01176647,0.01404067,0.01595386,0.01728841,0.01793989,0.01777498,0.01682105,0.01496498,0.01230825,0.009260264,0.006460861,0.002856125,-0.003945826,-0.007186797,-0.01302067,-0.0193976,-0.02409442,-0.02856059,-0.03270585,-0.03663726
-0.03261901,-0.03659808,-0.04037305,-0.04370086,-0.04683174,-0.04949469,-0.05202293,-0.05411328,-0.05589725,-0.05747887,-0.05872313,-0.05969138,-0.06052371,-0.06114331,-0.06161882,-0.06190685,-0.06206472,-0.06203683,-0.06187269,-0.0615295,-0.06106159,-0.06044029,-0.05970494,-0.05881394,-0.05780847,-0.05666082,-0.05542383,-0.05406043,-0.0526105,-0.05104158,-0.04940608,-0.04766983,-0.04586909,-0.04395761,-0.04198152,-0.03989396,-0.03774203,-0.03549738,-0.03321064,-0.0308342,-0.02839769,-0.02585685,-0.02326541,-0.02060481,-0.01794819,-0.01525994,-0.01256847,-0.009807195,-0.006997184,-0.004096978,-0.001164112,0.001800176,0.00471433,0.007583742,0.0103557,0.01306978,0.01570551,0.0183144,0.02085247,0.02333137,0.02568245,0.02791605,0.0299835,0.03190468,0.03364154,0.03522639,0.03663588,0.03790076,0.03898151,0.0398903,0.04058116,0.04106104,0.04128087,0.04124931,0.04092909,0.04033699,0.03944385,0.03826242,0.03675689,0.03493672,0.03277892,0.03031385,0.02754352,0.02452289,0.02128816,0.01792809,0.0145186,0.01118755,0.00803823,0.005196914,0.00274543,0.0007779531,-0.0006447313,-0.00145866,-0.001649711,-0.001210499,-0.0001797375,0.001415602,0.003485143,0.005926209,0.00856179,0.01122606,0.01371298,0.01585654,0.01744753,0.0183796,0.01851406,0.01792934,0.01661105,0.01425636,0.01042362,0.006283537,0.004565611,-0.001339171,-0.005156241,-0.008567787,-0.01364564,-0.01868862,-0.02362882,-0.02821617
-0.02474858,-0.02915134,-0.0332492,-0.03726689,-0.04091991,-0.04447361,-0.04758094,-0.05053692,-0.05321194,-0.05551785,-0.0576142,-0.05950086,-0.06108933,-0.0625111,-0.06372477,-0.06479052,-0.06565022,-0.06636599,-0.06688971,-0.06727441,-0.06747407,-0.06753102,-0.06740452,-0.06713881,-0.0666937,-0.06611524,-0.06536477,-0.06449316,-0.06345864,-0.06231017,-0.06101406,-0.05961408,-0.0580637,-0.05641011,-0.05461284,-0.05272302,-0.05070063,-0.04859927,-0.04638074,-0.04408004,-0.04164884,-0.03912925,-0.03648784,-0.03380196,-0.03105394,-0.02828916,-0.02544304,-0.02252962,-0.01949653,-0.01639057,-0.01319577,-0.009991845,-0.006785547,-0.003644534,-0.0005405914,0.002502786,0.005542082,0.008545191,0.01153406,0.01444168,0.01727331,0.01996914,0.02253682,0.02492802,0.02716822,0.02923127,0.03115473,0.03291703,0.03454383,0.03599235,0.03726267,0.03830076,0.03910807,0.03963608,0.03988956,0.0398331,0.03947646,0.03878847,0.03777342,0.03639434,0.03465617,0.03253729,0.03006757,0.0272558,0.02415694,0.02081593,0.01733344,0.01380431,0.01035848,0.007101132,0.004154849,0.001613469,-0.0004295693,-0.001912205,-0.00277404,-0.002987387,-0.002533164,-0.00144352,0.0002406306,0.00242621,0.005008247,0.007821835,0.01068382,0.01337237,0.01571806,0.01753785,0.01874927,0.01918127,0.01880081,0.01797633,0.01721288,0.01556288,0.01033131,0.008334016,0.003575504,-0.002202735,-0.006623593,-0.01116982,-0.01569724,-0.02032383
-0.01494418,-0.01955695,-0.02420156,-0.0285766,-0.03292779,-0.03693467,-0.04091237,-0.04452719,-0.04788043,-0.05104983,-0.05389477,-0.05644697,-0.05885093,-0.06101418,-0.06301133,-0.06479412,-0.06643674,-0.06788353,-0.06919299,-0.07031216,-0.07128819,-0.07207112,-0.0726946,-0.07310872,-0.07336041,-0.07341308,-0.07331751,-0.07302079,-0.07256617,-0.07191445,-0.07111726,-0.07013112,-0.06900094,-0.06768551,-0.06624029,-0.06461985,-0.06288122,-0.06099359,-0.05900001,-0.05684529,-0.05456437,-0.05211876,-0.04957697,-0.04692543,-0.04422495,-0.04142268,-0.03853987,-0.03551493,-0.03238235,-0.02911418,-0.0257798,-0.02238536,-0.01900539,-0.01562341,-0.01227727,-0.008918065,-0.00556722,-0.002184676,0.001174484,0.004509915,0.007750209,0.01090015,0.01390773,0.0167828,0.01948379,0.02204157,0.02444581,0.02673597,0.02888351,0.03089895,0.03273433,0.03438195,0.03578342,0.0369301,0.03777627,0.03832358,0.03853896,0.03842608,0.03794942,0.03710319,0.03585327,0.03420358,0.03213721,0.02967642,0.0268372,0.02367803,0.02025953,0.0166899,0.01307767,0.009550766,0.006216906,0.003188842,0.0005696116,-0.001541881,-0.003070269,-0.003961312,-0.004186607,-0.003723299,-0.002581679,-0.0008060766,0.001504608,0.004218142,0.007174164,0.01019484,0.01307236,0.01563026,0.01769034,0.01921444,0.0201539,0.02008003,0.01854202,0.01645469,0.01672022,0.01261022,0.01015261,0.007942974,0.003741102,-0.0007418405,-0.005473543,-0.01014846
-0.005754136,-0.01024795,-0.01466803,-0.01924,-0.02363189,-0.02810537,-0.03227221,-0.03640499,-0.04035341,-0.04401033,-0.04749978,-0.05082285,-0.05386132,-0.05674399,-0.05941499,-0.06194982,-0.06429,-0.06651338,-0.06856482,-0.07049713,-0.07223967,-0.07382652,-0.07520106,-0.07641081,-0.07740533,-0.07822896,-0.07882546,-0.07924137,-0.07942605,-0.07942861,-0.0792012,-0.07878982,-0.07814794,-0.07733475,-0.07630754,-0.0751268,-0.07375187,-0.07223576,-0.07052664,-0.06866355,-0.06659997,-0.06439109,-0.06201078,-0.05953546,-0.05692676,-0.05421916,-0.05134662,-0.04833829,-0.04515649,-0.04186257,-0.03844753,-0.03498876,-0.03147818,-0.02796857,-0.02441755,-0.02084502,-0.01720312,-0.01353857,-0.009841165,-0.006183342,-0.002560332,0.000966871,0.004400617,0.007686282,0.0108421,0.01384254,0.0167311,0.01949679,0.02217175,0.0247182,0.02713241,0.02935346,0.03136959,0.03312213,0.03460052,0.03575785,0.03659031,0.03706466,0.03718306,0.03690783,0.03622932,0.0351104,0.03355301,0.03154125,0.02909712,0.02624156,0.02304247,0.01957641,0.01595481,0.01228569,0.008694397,0.005298337,0.002209942,-0.000467126,-0.002635797,-0.004210184,-0.00512609,-0.005347845,-0.004859248,-0.003668106,-0.001819215,0.0005998951,0.003439375,0.006525059,0.009673558,0.01270391,0.01545993,0.01774326,0.01939897,0.02076229,0.02219367,0.02286449,0.01978873,0.01976317,0.01698769,0.01284682,0.009819115,0.006357206,0.002627662,-0.001526123
0.004207691,9.100482e-05,-0.004322581,-0.00868877,-0.01325764,-0.01767179,-0.02223468,-0.02659693,-0.03083657,-0.03500643,-0.03896042,-0.04269059,-0.04633175,-0.04976743,-0.05307565,-0.0562054,-0.05924647,-0.06214241,-0.0649568,-0.06761598,-0.07015605,-0.07250856,-0.0747081,-0.07669295,-0.07850793,-0.08009806,-0.08150605,-0.08266474,-0.08361562,-0.08430612,-0.08478159,-0.08499315,-0.08499414,-0.08474322,-0.08429851,-0.08361503,-0.08275038,-0.0816633,-0.08039302,-0.07888734,-0.07719016,-0.07526978,-0.07320058,-0.07095478,-0.06857643,-0.06600504,-0.0632716,-0.06033341,-0.05724267,-0.05398159,-0.0506217,-0.04715772,-0.04364503,-0.04005049,-0.03640162,-0.03265379,-0.02884292,-0.02494668,-0.02102763,-0.01708702,-0.01319033,-0.009334654,-0.005573685,-0.001904824,0.001626691,0.005047196,0.008350514,0.0115791,0.0147138,0.01776727,0.02069526,0.02348252,0.02606542,0.02842246,0.03049856,0.03227649,0.03371304,0.03480262,0.03551757,0.03585048,0.0357648,0.03524515,0.0342569,0.03278966,0.03083327,0.02840988,0.0255525,0.02233271,0.01884126,0.01518727,0.01148435,0.007846227,0.004398996,0.001258472,-0.001457182,-0.003659781,-0.00526405,-0.00620505,-0.006419653,-0.005892003,-0.004631114,-0.002711465,-0.0002136012,0.002716207,0.005920549,0.009201284,0.01238498,0.01535073,0.01804288,0.01992738,0.02056116,0.02059898,0.023092,0.02125884,0.02080731,0.02059636,0.01820374,0.01531029,0.01188292,0.008253518
0.01251327,0.009024726,0.005386697,0.001358335,-0.002698543,-0.00705232,-0.01129338,-0.0156829,-0.02006154,-0.02430939,-0.02851814,-0.03268111,-0.03664471,-0.04052907,-0.04426669,-0.04794573,-0.05150692,-0.05503792,-0.05847005,-0.06184421,-0.06507073,-0.06818207,-0.07111236,-0.07390652,-0.0764976,-0.0789199,-0.08109801,-0.08307333,-0.08478096,-0.0862621,-0.08745541,-0.08841027,-0.08907895,-0.08952209,-0.08969076,-0.08964647,-0.08934035,-0.08881781,-0.08802463,-0.08700787,-0.08572794,-0.08424613,-0.08253206,-0.0806441,-0.0785308,-0.07622761,-0.07368509,-0.07095355,-0.0680114,-0.06492519,-0.06168216,-0.0583413,-0.05487448,-0.05131791,-0.04762701,-0.04383124,-0.0399035,-0.03590449,-0.03183035,-0.02774504,-0.02363871,-0.01956796,-0.0155347,-0.01159408,-0.007735489,-0.003985655,-0.0003079244,0.003290127,0.006841906,0.01031888,0.01371785,0.01698154,0.02009001,0.02298226,0.02563276,0.02798371,0.03001193,0.03168138,0.03299404,0.03392364,0.0344542,0.03454379,0.03417019,0.03329725,0.03190969,0.03000103,0.02759703,0.02474449,0.021517,0.01800877,0.01432764,0.01059723,0.00692842,0.003448011,0.0002679544,-0.002483524,-0.004712942,-0.006328654,-0.007272399,-0.007473285,-0.006915867,-0.005594609,-0.003602334,-0.001029427,0.001966027,0.005251555,0.008639531,0.01194752,0.0149308,0.0179159,0.02113141,0.02389243,0.02297013,0.02507301,0.02464049,0.0226784,0.0217245,0.02016125,0.0181535,0.01548138
0.02053312,0.01788938,0.01473247,0.01142724,0.00770662,0.003943102,-0.0001688509,-0.00428224,-0.008463276,-0.01274879,-0.01699341,-0.02114799,-0.02533514,-0.02941728,-0.03347789,-0.03746127,-0.04146777,-0.04543334,-0.04941367,-0.05331226,-0.05716347,-0.06089179,-0.06453376,-0.0680135,-0.07136682,-0.07451815,-0.0775004,-0.08023215,-0.08274561,-0.08497117,-0.0869505,-0.08863072,-0.09006641,-0.09120655,-0.09210536,-0.09270784,-0.09306457,-0.09312394,-0.09293101,-0.0924382,-0.09169856,-0.09067842,-0.08944257,-0.08794468,-0.08622385,-0.08422756,-0.08200614,-0.07953639,-0.07688198,-0.07402616,-0.07102989,-0.06786849,-0.06457718,-0.06111263,-0.05750436,-0.05372427,-0.04982689,-0.04580372,-0.04171574,-0.03755482,-0.0333755,-0.02917288,-0.02499861,-0.02085263,-0.01678179,-0.01276749,-0.008822978,-0.00491272,-0.00105184,0.002776043,0.006535417,0.01021341,0.01374933,0.01711652,0.02025469,0.02313052,0.02568914,0.0279128,0.02977953,0.03128689,0.03240511,0.03311034,0.03335776,0.03311043,0.03233185,0.03100558,0.02913256,0.02674029,0.02388899,0.02065474,0.01713913,0.01343915,0.00968466,0.00598905,0.002491771,-0.0007043356,-0.003475238,-0.005730555,-0.007352952,-0.008281438,-0.008442827,-0.007849086,-0.006486387,-0.004445426,-0.001801937,0.001262665,0.004622007,0.008113943,0.01171127,0.01480906,0.01700268,0.01871028,0.02311021,0.02344887,0.02506215,0.0270673,0.02687768,0.0261247,0.02469495,0.02292178
0.0261258,0.02443039,0.02243967,0.01988333,0.01713189,0.01389565,0.01058332,0.006934614,0.003103338,-0.0007902496,-0.004813199,-0.008953268,-0.01303035,-0.01716042,-0.02126977,-0.02545312,-0.0296459,-0.03393241,-0.03822112,-0.04254596,-0.04681361,-0.05106242,-0.05521876,-0.05932177,-0.06328711,-0.06713727,-0.07078085,-0.0742504,-0.0774638,-0.08045235,-0.08314884,-0.08560173,-0.08775461,-0.08965785,-0.09125075,-0.09258196,-0.09359256,-0.09432309,-0.09472447,-0.09484873,-0.09466044,-0.09421573,-0.09347,-0.09246903,-0.09116339,-0.08960041,-0.08774881,-0.08567178,-0.0833547,-0.08085945,-0.07816187,-0.0753011,-0.07223557,-0.06899431,-0.06554231,-0.06192367,-0.05812976,-0.0542268,-0.05020928,-0.0461258,-0.04195956,-0.03775891,-0.03352604,-0.02931176,-0.02511085,-0.02095384,-0.01681992,-0.01272252,-0.008633017,-0.004570866,-0.0005348193,0.003430557,0.007306418,0.0110374,0.01458923,0.01789846,0.02092517,0.02362758,0.0260015,0.02803314,0.02970852,0.03099073,0.03184287,0.0322159,0.03206127,0.03134533,0.0300515,0.02819366,0.02580086,0.02294224,0.01969309,0.01616632,0.01245401,0.008687275,0.004972919,0.001460213,-0.001747479,-0.004522001,-0.006784047,-0.008404738,-0.009322617,-0.00944484,-0.008802304,-0.007389197,-0.005316293,-0.002637615,0.0004657556,0.003866313,0.00726846,0.01101873,0.01524343,0.01942409,0.02015693,0.02399854,0.02567998,0.02584083,0.02705333,0.02764962,0.02778012,0.02715069
0.03077446,0.03014751,0.02889657,0.02738541,0.02531934,0.02306287,0.02029874,0.01735604,0.01416781,0.01070048,0.007091082,0.003417113,-0.0004415401,-0.004338726,-0.008363936,-0.012454,-0.01670903,-0.0210459,-0.02550713,-0.02998964,-0.03453829,-0.0390774,-0.04364383,-0.04814956,-0.05262108,-0.05696588,-0.06120957,-0.065256,-0.06912588,-0.07273889,-0.07613729,-0.07925959,-0.08215004,-0.08474042,-0.08707103,-0.08906914,-0.0907772,-0.09214093,-0.09320976,-0.09393897,-0.09438087,-0.09449393,-0.09432896,-0.09383596,-0.09305917,-0.09195977,-0.09059749,-0.08895674,-0.08709994,-0.08500611,-0.08272238,-0.0802121,-0.07749999,-0.07454441,-0.07138238,-0.06800145,-0.06446444,-0.06076787,-0.05696378,-0.05303428,-0.04902213,-0.04491879,-0.04076875,-0.03657156,-0.03237217,-0.02816263,-0.02396747,-0.01976631,-0.01557512,-0.01137666,-0.00719456,-0.003033172,0.00105968,0.005059148,0.008907595,0.01256193,0.01596236,0.01907723,0.02188296,0.02437805,0.02654538,0.02835995,0.02977653,0.03073999,0.03119557,0.0310919,0.0304014,0.02910844,0.02724066,0.02483309,0.02196344,0.0186975,0.01515375,0.01142627,0.007657102,0.003942876,0.000426462,-0.002796099,-0.005575243,-0.007827757,-0.009418367,-0.01030998,-0.0104003,-0.009721568,-0.008256306,-0.006146103,-0.003440263,-0.0003069892,0.003285703,0.006700594,0.009604028,0.01221363,0.01780406,0.01973619,0.02294917,0.0268231,0.02865155,0.03001297,0.03071553,0.03108135
0.03271152,0.03308633,0.03313327,0.03254412,0.03167965,0.03022086,0.02855948,0.02642949,0.02396572,0.02127746,0.01831205,0.01507363,0.01175039,0.008221027,0.004563373,0.0006827885,-0.003342235,-0.00758019,-0.01192565,-0.01642206,-0.02098466,-0.02565816,-0.03036371,-0.03513584,-0.03987788,-0.04460449,-0.04921547,-0.0537332,-0.05806376,-0.06223675,-0.06618266,-0.06993989,-0.07343487,-0.07669973,-0.07965446,-0.08233125,-0.08466439,-0.0866938,-0.08837131,-0.0897487,-0.09078538,-0.09152898,-0.09192741,-0.09202691,-0.09178624,-0.09125929,-0.09041866,-0.08932425,-0.0879586,-0.08637574,-0.08454451,-0.08249471,-0.08018416,-0.07764314,-0.0748471,-0.07184619,-0.06863729,-0.06528185,-0.06176924,-0.05813591,-0.05436033,-0.05048133,-0.04649792,-0.04245373,-0.03834647,-0.03421145,-0.03004469,-0.02587002,-0.02166826,-0.01745361,-0.01321957,-0.00899424,-0.004787309,-0.0006422307,0.003405781,0.007295066,0.01097798,0.01440795,0.0175682,0.02044992,0.02304283,0.02531929,0.02723645,0.0287415,0.02976421,0.03025096,0.03014987,0.02944577,0.02812501,0.02622635,0.023785,0.02089103,0.01760598,0.01404991,0.01030881,0.006532789,0.002817062,-0.0006937824,-0.003918935,-0.006696432,-0.008941147,-0.01049491,-0.01133913,-0.01137949,-0.01067411,-0.009186544,-0.007066668,-0.004362438,-0.00138549,0.002255323,0.006616711,0.01135515,0.01296533,0.01779781,0.02093009,0.02267603,0.0256273,0.02809896,0.03022688,0.03164774
0.03356715,0.03496238,0.03574305,0.0362564,0.0361761,0.03584626,0.03493505,0.0337432,0.03219445,0.03024972,0.02802779,0.02561427,0.02287789,0.01996134,0.01677293,0.0133863,0.009712766,0.005855897,0.001771349,-0.002449427,-0.006865836,-0.01140386,-0.01610165,-0.02086469,-0.02571443,-0.03055213,-0.03540123,-0.04015579,-0.04483329,-0.04935469,-0.05375946,-0.05797068,-0.06201388,-0.06580044,-0.06935026,-0.07257809,-0.07551999,-0.07812132,-0.08042774,-0.08239228,-0.08405791,-0.08537821,-0.08640046,-0.0870804,-0.08746497,-0.08751765,-0.08729053,-0.08676154,-0.08598412,-0.08493405,-0.08365187,-0.08210122,-0.08030709,-0.07823475,-0.07592402,-0.07336649,-0.0706189,-0.06767385,-0.06457318,-0.06129564,-0.05787579,-0.05430158,-0.05060817,-0.04679288,-0.04289696,-0.0389225,-0.03490335,-0.03083532,-0.02673896,-0.02260043,-0.01843293,-0.01423119,-0.01002527,-0.005833017,-0.001702591,0.002321803,0.006184645,0.00984465,0.01327227,0.01645851,0.01939525,0.02205817,0.02440794,0.02638165,0.02791919,0.02894566,0.02941357,0.0292714,0.02851745,0.02714483,0.02520224,0.02271698,0.01978591,0.01647242,0.01290643,0.00916267,0.005385159,0.001659158,-0.001853052,-0.005067979,-0.007814829,-0.0100311,-0.01154772,-0.01234987,-0.01233243,-0.0115893,-0.01008125,-0.007959751,-0.005114511,-0.002180578,0.0006001794,0.003281829,0.009195304,0.01190377,0.01594787,0.02097408,0.0242114,0.02718871,0.02965129,0.03190819
0.03193211,0.03413957,0.03609237,0.03744486,0.03853738,0.03902667,0.03927725,0.03901622,0.03835318,0.03738043,0.03604689,0.03433479,0.03242344,0.03018343,0.0276976,0.024878,0.02182001,0.01846521,0.01491085,0.01109417,0.00708912,0.002845634,-0.001557005,-0.006152494,-0.01084148,-0.0156418,-0.02045254,-0.0252926,-0.03007129,-0.03482316,-0.039472,-0.0440391,-0.04843161,-0.05266123,-0.05663082,-0.06036297,-0.06378836,-0.06694234,-0.06977187,-0.0723204,-0.07454025,-0.0764744,-0.078075,-0.07938908,-0.08037663,-0.08108216,-0.08146894,-0.08158217,-0.08139843,-0.08096514,-0.0802528,-0.07929058,-0.07804391,-0.07654444,-0.07477161,-0.07276894,-0.07052706,-0.06809463,-0.06545705,-0.06264492,-0.05963702,-0.05646345,-0.0531196,-0.04964084,-0.04602694,-0.04231604,-0.03851715,-0.03466263,-0.03074511,-0.02677778,-0.02275194,-0.01868088,-0.01456371,-0.01042896,-0.006306457,-0.00224745,0.001701639,0.005495346,0.009103625,0.01251393,0.01571294,0.01868085,0.02137416,0.02374575,0.02571812,0.02723048,0.02820682,0.0286107,0.02839207,0.02756047,0.02611058,0.02410444,0.02156701,0.01859729,0.0152503,0.01166319,0.00790967,0.004134799,0.0004062643,-0.003103274,-0.006309166,-0.009016698,-0.01117984,-0.01263557,-0.013397,-0.01334209,-0.01258092,-0.01107347,-0.009121797,-0.006276704,-0.002526945,0.001951992,0.003627706,0.008602305,0.01234582,0.01489863,0.01885541,0.02255161,0.0261156,0.02913078
0.02952738,0.03250135,0.03496543,0.03724315,0.03898227,0.04050513,0.04146677,0.04213648,0.04242833,0.04229271,0.04182111,0.0410924,0.03995843,0.03855598,0.03679604,0.03476369,0.03238148,0.02975491,0.02682188,0.02365567,0.02018634,0.01648346,0.01250545,0.008345329,0.003976973,-0.0005089868,-0.005139316,-0.009812105,-0.01455469,-0.01929327,-0.02405691,-0.02875274,-0.03338793,-0.03785802,-0.04216952,-0.04623416,-0.05008142,-0.05365182,-0.05698089,-0.06001388,-0.0627851,-0.06524882,-0.06745341,-0.06935576,-0.07099389,-0.07232081,-0.07337154,-0.07411256,-0.07458635,-0.07476729,-0.0746939,-0.07433534,-0.07371943,-0.07281634,-0.07166126,-0.0702403,-0.06859525,-0.06670961,-0.06461621,-0.06229594,-0.05977964,-0.05705356,-0.05414396,-0.05104608,-0.0477971,-0.0444066,-0.04091308,-0.03732486,-0.03366797,-0.02993544,-0.02613433,-0.02225348,-0.01830754,-0.01430616,-0.01028301,-0.006274919,-0.00232599,0.001520068,0.005229268,0.008778743,0.01216037,0.01534806,0.01831126,0.02098874,0.0233277,0.02524423,0.02668181,0.02756303,0.02786363,0.02754013,0.02661323,0.02507137,0.0229848,0.02038091,0.01736864,0.01399285,0.01038602,0.006611948,0.002830995,-0.0008898979,-0.004370317,-0.007547024,-0.01021166,-0.01232094,-0.0137001,-0.01440104,-0.01430163,-0.01352597,-0.0118803,-0.009974157,-0.007953078,-0.005890816,-0.0004426159,0.002237944,0.006302724,0.01165459,0.01551187,0.01935903,0.02289904,0.0264321
0.02521115,0.02866207,0.03199918,0.03484807,0.03752705,0.03968053,0.04164049,0.04313282,0.04424331,0.04504354,0.04547607,0.04549735,0.04527362,0.04467295,0.04378329,0.04252462,0.04099824,0.03913685,0.03701738,0.0345603,0.03183068,0.02877243,0.02546007,0.02185387,0.0180417,0.01399308,0.009800763,0.005435247,0.0009721784,-0.003624897,-0.008270106,-0.01297031,-0.01762088,-0.02222089,-0.02666972,-0.03098647,-0.03509822,-0.03902998,-0.04272011,-0.04619948,-0.049417,-0.05241293,-0.05514223,-0.05764355,-0.05986775,-0.06184151,-0.06351585,-0.06492034,-0.06602515,-0.06687021,-0.06742797,-0.06772693,-0.06773838,-0.06749164,-0.0669644,-0.06618786,-0.06514175,-0.06385944,-0.06232311,-0.06056088,-0.05855483,-0.05632878,-0.05387526,-0.05122264,-0.04837247,-0.04536351,-0.04221276,-0.03895729,-0.03560038,-0.03215738,-0.02862144,-0.02499716,-0.0212773,-0.01747705,-0.01361639,-0.009730037,-0.005856623,-0.002034793,0.001696534,0.005316328,0.008800999,0.01213422,0.0152746,0.01818722,0.02079932,0.02305518,0.02486713,0.02618658,0.0269371,0.02710486,0.0266493,0.02560471,0.02395934,0.0217865,0.0191071,0.0160381,0.01262464,0.009001651,0.005214857,0.001430554,-0.002286335,-0.005731178,-0.008852807,-0.0114449,-0.01349176,-0.0148036,-0.01545457,-0.01532213,-0.01468486,-0.01303662,-0.01039637,-0.006786804,-0.005695555,-0.001303683,0.00227664,0.00486345,0.009034463,0.01317951,0.01742745,0.02132932
0.0206909,0.02456193,0.028078,0.0315389,0.03457835,0.03749963,0.03994996,0.04217114,0.04407101,0.04558692,0.04678289,0.0477285,0.04826652,0.04853037,0.04843563,0.04807228,0.04736185,0.04639257,0.04508346,0.04349314,0.04154518,0.0393011,0.03671258,0.03386045,0.03070307,0.02731466,0.02365765,0.01981432,0.01574393,0.0115179,0.007117584,0.002641824,-0.001908306,-0.006426843,-0.01091977,-0.01530152,-0.01959291,-0.02372719,-0.02772606,-0.03152695,-0.03515728,-0.03857131,-0.04181042,-0.04482402,-0.04763325,-0.05017919,-0.05248095,-0.05449639,-0.05625565,-0.0577288,-0.05894766,-0.05988301,-0.06055993,-0.06094984,-0.06107947,-0.06092805,-0.06052149,-0.05983441,-0.05889085,-0.0576746,-0.05621393,-0.05449557,-0.05253813,-0.05033628,-0.04792323,-0.04531379,-0.04254723,-0.03964041,-0.03662303,-0.03349664,-0.03026671,-0.02692262,-0.02346983,-0.01991224,-0.01626722,-0.01255956,-0.008817748,-0.005082683,-0.001388561,0.002227269,0.005750741,0.009150964,0.0124066,0.01546364,0.01828455,0.02078797,0.02291884,0.02458513,0.02574947,0.02634104,0.02635771,0.02575373,0.02457298,0.02280739,0.02054208,0.01779021,0.01466602,0.01120697,0.007561778,0.003770714,4.703425e-06,-0.00369064,-0.007093041,-0.01015146,-0.0126466,-0.01460257,-0.01583134,-0.01642964,-0.01612871,-0.0155014,-0.01460201,-0.01359721,-0.009169817,-0.007127307,-0.003695261,0.001260313,0.004996406,0.008954092,0.01281491,0.01687646
0.01497698,0.01895996,0.02299157,0.02668214,0.03032991,0.03357986,0.03673094,0.03951655,0.04200132,0.04423654,0.04616098,0.04771353,0.04905365,0.05005288,0.05080058,0.05121806,0.05139684,0.05125223,0.05084332,0.05008149,0.04902319,0.047605,0.04589013,0.04382475,0.0414758,0.03879713,0.03586365,0.03262625,0.02914564,0.02538669,0.02143733,0.01729269,0.01305411,0.008719944,0.004381805,2.138184e-05,-0.004284785,-0.008550078,-0.01270379,-0.01676501,-0.02068001,-0.02448108,-0.02811674,-0.0316098,-0.03489937,-0.03799719,-0.04084683,-0.04346565,-0.04581582,-0.04792464,-0.0497592,-0.05134026,-0.05263794,-0.05367542,-0.05442701,-0.05491313,-0.05510497,-0.05502298,-0.05464591,-0.05399814,-0.05306417,-0.05186339,-0.05038654,-0.04865683,-0.04667719,-0.04448553,-0.04210341,-0.03956985,-0.03689613,-0.03410107,-0.03118312,-0.02814518,-0.02497951,-0.02169217,-0.01829284,-0.01479851,-0.01123658,-0.007636153,-0.004039796,-0.0004758543,0.003020112,0.006432006,0.009721282,0.01286698,0.01580737,0.01849928,0.02085456,0.02282227,0.02431134,0.02529286,0.02569954,0.0255423,0.02477752,0.02345351,0.02155903,0.01918866,0.016358,0.01318607,0.009692797,0.006027683,0.002225851,-0.001516926,-0.00516188,-0.008485462,-0.01146261,-0.01385993,-0.01572706,-0.01687525,-0.01755678,-0.01722,-0.01590203,-0.01349179,-0.0133706,-0.01003486,-0.007177126,-0.005153714,-0.001426528,0.002473904,0.006684077,0.01074396
0.009661055,0.01373211,0.0176104,0.02157508,0.02525777,0.02894685,0.0322891,0.03550326,0.03849373,0.04118799,0.04363233,0.04589363,0.04781736,0.04953399,0.05096149,0.05218392,0.05311344,0.05381865,0.05420851,0.05433173,0.05410693,0.05358412,0.05270376,0.05152647,0.04999271,0.04815718,0.04596575,0.04347676,0.04064072,0.03752453,0.03410901,0.03048298,0.02664066,0.02267347,0.01856787,0.01440352,0.01016739,0.005931693,0.001687597,-0.002496913,-0.006640351,-0.01069076,-0.01467367,-0.01852725,-0.02225695,-0.02579805,-0.02915929,-0.03229317,-0.03521553,-0.03788656,-0.0403232,-0.04248973,-0.04440112,-0.04602622,-0.04738314,-0.04844721,-0.04923312,-0.04971029,-0.04989401,-0.04976818,-0.04935659,-0.04864699,-0.04765196,-0.04636659,-0.04482006,-0.04303048,-0.04103597,-0.03885932,-0.03653229,-0.03406478,-0.03146426,-0.02872592,-0.02585218,-0.02284496,-0.019708,-0.01645423,-0.0130961,-0.009669061,-0.006204043,-0.002748278,0.0006781474,0.004039004,0.007320649,0.01047744,0.01348873,0.01628243,0.01881299,0.02098526,0.02275824,0.02404451,0.02482621,0.02503174,0.02468291,0.02374152,0.02226976,0.02025181,0.0177819,0.01487086,0.01165024,0.008130755,0.004464232,0.0006693818,-0.003037715,-0.006616686,-0.009829868,-0.0126904,-0.01496749,-0.0167383,-0.01767688,-0.01831508,-0.01862515,-0.01883537,-0.01569823,-0.01463516,-0.01223691,-0.008172731,-0.005105235,-0.00164097,0.00189929,0.005815353
0.003810691,0.007688216,0.01176209,0.01564095,0.01960491,0.02331211,0.02702943,0.03050296,0.03377919,0.03689536,0.03979572,0.04241313,0.0449052,0.04714899,0.04922964,0.05106385,0.05272918,0.05413086,0.05531774,0.0561979,0.05681812,0.05710663,0.05711001,0.05675802,0.05609681,0.0550647,0.05371476,0.05198163,0.04991404,0.04747343,0.04473493,0.04168141,0.03839513,0.03486,0.03115218,0.02725174,0.02323488,0.01909694,0.01491383,0.01067642,0.006443416,0.002196788,-0.002000094,-0.006153342,-0.01019461,-0.01412713,-0.01789221,-0.02149725,-0.02489497,-0.02809534,-0.03105301,-0.03377363,-0.03621913,-0.03840301,-0.0402961,-0.04191167,-0.04321773,-0.04422646,-0.04491331,-0.04529621,-0.04535901,-0.04511699,-0.04456006,-0.04370732,-0.04256223,-0.04116052,-0.03952641,-0.03769959,-0.03569762,-0.03354301,-0.03124149,-0.02879897,-0.02621144,-0.02348056,-0.02060908,-0.01759948,-0.01446824,-0.01123437,-0.007940127,-0.00461659,-0.001307935,0.001969417,0.005179117,0.008312133,0.01131851,0.01417056,0.01678785,0.01912588,0.02108945,0.02264314,0.02370268,0.02426287,0.02425626,0.02371056,0.02258734,0.02096015,0.0188181,0.01626226,0.01328701,0.01002146,0.006470243,0.002809979,-0.0009444063,-0.004574082,-0.00806214,-0.01115656,-0.01389694,-0.01605051,-0.01784644,-0.01870335,-0.01866705,-0.01751562,-0.01847885,-0.01639677,-0.01455671,-0.0134447,-0.01058756,-0.007419336,-0.003790783,-0.000155271
-0.001165171,0.002550536,0.006213751,0.01008618,0.01380782,0.01765621,0.02128346,0.0248864,0.02837003,0.03165915,0.0347936,0.03784207,0.04065863,0.04336829,0.04588953,0.04829642,0.05049689,0.05254881,0.05436036,0.05597296,0.05730138,0.05838247,0.05914434,0.05962742,0.05975869,0.05957347,0.05900253,0.05808584,0.05676742,0.0551011,0.05305411,0.05069218,0.04799068,0.04501745,0.04174774,0.03825128,0.03451777,0.03061965,0.02655621,0.02239824,0.01813871,0.01383931,0.009492814,0.005170193,0.0008767451,-0.00332255,-0.007429872,-0.0113939,-0.01521565,-0.01884282,-0.02227273,-0.02545759,-0.02839649,-0.0310521,-0.03343363,-0.03551538,-0.03730625,-0.03877489,-0.03992895,-0.04074982,-0.04125421,-0.04143013,-0.04128543,-0.04081571,-0.04004569,-0.03899476,-0.037699,-0.03618564,-0.03448807,-0.03262382,-0.03060429,-0.02843284,-0.02611286,-0.02364759,-0.02103248,-0.01827225,-0.01536619,-0.01234342,-0.009229418,-0.006075258,-0.002903795,0.000245145,0.00336334,0.006411922,0.009384672,0.01222163,0.01489145,0.01730496,0.0194248,0.02115698,0.0224757,0.02329375,0.02361741,0.02338639,0.02264318,0.02134833,0.01957724,0.01731683,0.01467984,0.01165086,0.008360855,0.004799935,0.001164307,-0.002528805,-0.006045691,-0.009404204,-0.01235458,-0.01496475,-0.01687247,-0.01856799,-0.01995533,-0.02130016,-0.01946677,-0.01946864,-0.01824581,-0.01531034,-0.01321109,-0.01061013,-0.007815318,-0.00452343
-0.006194377,-0.002873655,0.0007560225,0.004313414,0.008062582,0.011684,0.01541287,0.01901015,0.02250975,0.02594155,0.02926111,0.03239989,0.03551212,0.03848037,0.0413836,0.04413767,0.04681348,0.04931819,0.05169642,0.05385705,0.05583752,0.05755951,0.05905335,0.06023707,0.06114003,0.06168826,0.06191611,0.06174955,0.06122443,0.06029126,0.05900154,0.05731743,0.05529328,0.05289379,0.05017634,0.0471152,0.04377947,0.0401672,0.03635338,0.03233607,0.02817983,0.02388178,0.0195163,0.0150905,0.01067563,0.006273314,0.001942136,-0.002316656,-0.006447031,-0.01044161,-0.01424054,-0.01783145,-0.02116366,-0.02423786,-0.02702013,-0.02951876,-0.03170282,-0.03358064,-0.03512554,-0.03634787,-0.03722829,-0.03777755,-0.03798512,-0.03786644,-0.03742435,-0.0366912,-0.03569231,-0.03446753,-0.0330398,-0.03143537,-0.02966756,-0.02774715,-0.02567582,-0.02345439,-0.02108328,-0.01855582,-0.01588055,-0.01306716,-0.01015486,-0.007173135,-0.004169961,-0.001161204,0.001818216,0.004767715,0.007647305,0.01044469,0.01309172,0.01555563,0.01774483,0.01962449,0.02110319,0.02216766,0.02273618,0.02282182,0.02236586,0.02142379,0.01996333,0.01806806,0.01571056,0.01300118,0.009919234,0.006618316,0.00308477,-0.0004822898,-0.004086438,-0.007478914,-0.01070204,-0.01350051,-0.0160857,-0.01786486,-0.01888812,-0.01884944,-0.02079627,-0.01993254,-0.01916408,-0.01906713,-0.01725915,-0.01506841,-0.01233083,-0.009480474
-0.0100735,-0.007058329,-0.003990619,-0.0006232706,0.002700893,0.006249143,0.00968374,0.01318097,0.01665201,0.02002345,0.02333225,0.02664554,0.02982548,0.03298942,0.03605938,0.03910542,0.0420422,0.04492592,0.04767042,0.05031262,0.05276682,0.05505918,0.05711023,0.05894511,0.06048265,0.06174213,0.06264501,0.06321801,0.06339809,0.06321985,0.06263178,0.06167157,0.06029204,0.05853461,0.05636121,0.05382645,0.05091609,0.04769563,0.04416642,0.04039823,0.03639461,0.03222491,0.02789732,0.02348782,0.01900918,0.0145248,0.01003771,0.005601722,0.001228564,-0.003019149,-0.007120075,-0.01101357,-0.01468061,-0.01807476,-0.02119485,-0.02401474,-0.02654097,-0.02874478,-0.03062823,-0.03216964,-0.03337756,-0.03423923,-0.03475859,-0.0349314,-0.03477758,-0.03431603,-0.03358007,-0.03260005,-0.03141093,-0.03003698,-0.02849407,-0.02679363,-0.02494185,-0.02294511,-0.02079573,-0.01849464,-0.01603266,-0.01343269,-0.01071384,-0.007926307,-0.005092588,-0.002253819,0.0005852996,0.003390795,0.006167231,0.00886722,0.0114747,0.01391152,0.01614828,0.01809248,0.01971748,0.02093058,0.02172972,0.02204129,0.02189272,0.02122711,0.02010354,0.01848979,0.01648126,0.01404327,0.01128826,0.008181099,0.004891388,0.001407783,-0.002055944,-0.005533441,-0.008775529,-0.0118491,-0.01437662,-0.01681012,-0.01900394,-0.02124403,-0.02054453,-0.02150081,-0.02138333,-0.01958881,-0.01852566,-0.01692305,-0.01506479,-0.01264637
-0.01373739,-0.01120899,-0.008299995,-0.005371383,-0.002174355,0.0009976194,0.00435074,0.007663902,0.01096423,0.01427625,0.01756351,0.02075358,0.02399169,0.02716681,0.03035521,0.03348175,0.03661916,0.03968504,0.04272394,0.04565024,0.04849592,0.05118162,0.05372707,0.05604514,0.05815224,0.059967,0.06150978,0.06270199,0.06356589,0.06403942,0.06414974,0.06383825,0.06313098,0.06197311,0.06040097,0.0583784,0.05596088,0.05314214,0.04999011,0.04650564,0.04275622,0.0387501,0.03456838,0.0302274,0.02579936,0.02129018,0.01675779,0.01221023,0.007709311,0.00327554,-0.00101963,-0.005147505,-0.009044189,-0.01269577,-0.01606168,-0.01914515,-0.02191808,-0.02438796,-0.02652783,-0.02834131,-0.02980534,-0.03092581,-0.03169189,-0.03211551,-0.03219828,-0.03196821,-0.03145055,-0.03068439,-0.02969724,-0.02851866,-0.02716886,-0.02566334,-0.02400965,-0.02220966,-0.02026482,-0.01816433,-0.01591257,-0.01351152,-0.01099593,-0.0083911,-0.005745246,-0.00307283,-0.0004075956,0.00225546,0.004884213,0.007479819,0.009987528,0.01238777,0.01459717,0.01658654,0.01826556,0.01962021,0.02056362,0.02110046,0.0211591,0.02078064,0.0199171,0.01863689,0.01689659,0.01479145,0.01228271,0.009501494,0.00640706,0.003171004,-0.0002365705,-0.003585414,-0.006928181,-0.01000485,-0.01301541,-0.01537576,-0.01714051,-0.01794729,-0.02063984,-0.02079847,-0.02097628,-0.02180573,-0.02101851,-0.0198355,-0.01807771,-0.01615144
-0.01617678,-0.01399898,-0.01170014,-0.00904524,-0.006354918,-0.003375062,-0.0004256252,0.002652175,0.005779648,0.008884747,0.01199725,0.01517538,0.01828611,0.02143851,0.02456434,0.02773724,0.03088665,0.03407192,0.03721744,0.04035958,0.0434185,0.04641543,0.04927099,0.05200034,0.0545186,0.05683265,0.05885927,0.06061393,0.06202788,0.0631182,0.06381898,0.06414296,0.06402367,0.06347686,0.06244975,0.06097769,0.05903713,0.05668029,0.05390495,0.05077501,0.04730028,0.04355256,0.03955048,0.03537169,0.03103511,0.026603,0.0220831,0.01752982,0.01296348,0.008452134,0.004030888,-0.0002296927,-0.004294185,-0.008105893,-0.01165226,-0.0149055,-0.01787101,-0.02052416,-0.02286408,-0.02486694,-0.02653413,-0.0278514,-0.02881963,-0.02943421,-0.02971072,-0.02966616,-0.02933088,-0.02873645,-0.02791911,-0.02690829,-0.02572416,-0.02438461,-0.02289904,-0.02127707,-0.01951136,-0.01760222,-0.01553659,-0.01333205,-0.01100157,-0.008591724,-0.006123036,-0.00363618,-0.001133634,0.001354554,0.003840406,0.006288056,0.008694954,0.01099559,0.01317,0.01513289,0.01686199,0.01826752,0.01934538,0.02001673,0.02029875,0.02012356,0.01953696,0.01849339,0.01707377,0.01523134,0.01306342,0.0105162,0.007731799,0.004671136,0.001519381,-0.001777113,-0.004982902,-0.00816948,-0.01096387,-0.0137855,-0.01645896,-0.01927829,-0.0194397,-0.02111892,-0.02189608,-0.02109396,-0.0209586,-0.02030132,-0.0193737,-0.01787371
-0.01831854,-0.01662778,-0.0145227,-0.01233583,-0.009835777,-0.007289747,-0.004513294,-0.001706902,0.001153452,0.004085358,0.007052925,0.009975888,0.01298432,0.01597488,0.01902503,0.02207559,0.02520506,0.02834571,0.03154508,0.03472829,0.03792762,0.04106986,0.04417091,0.0471442,0.04999662,0.05264315,0.0550929,0.05726467,0.05916952,0.06073815,0.06198036,0.06282327,0.06326972,0.06324775,0.06277191,0.06179296,0.06034868,0.05842358,0.05607367,0.05329786,0.05016146,0.04667838,0.04293121,0.03894265,0.03478496,0.03046896,0.02605155,0.02154528,0.01701337,0.01248402,0.008034601,0.003705875,-0.0004281785,-0.004339475,-0.007980238,-0.01134754,-0.01441632,-0.01719429,-0.0196565,-0.02180157,-0.02360396,-0.02506489,-0.0261736,-0.02693858,-0.02736044,-0.02746237,-0.02726891,-0.02681707,-0.02613761,-0.02526223,-0.02421683,-0.02302033,-0.02168533,-0.02021496,-0.01861336,-0.01686878,-0.01498451,-0.01295695,-0.01081613,-0.008582238,-0.006301681,-0.003987209,-0.001671297,0.0006548269,0.002965182,0.005271461,0.007531111,0.00973662,0.0118149,0.01374513,0.01544399,0.01690186,0.01803416,0.01884241,0.01924902,0.01928471,0.01889157,0.01812576,0.01693401,0.01539968,0.01347305,0.01126601,0.008716664,0.005967353,0.002962671,-9.32668e-05,-0.00326593,-0.006305047,-0.009405012,-0.01200886,-0.01417735,-0.015518,-0.01865635,-0.01955662,-0.02044931,-0.02199392,-0.02205662,-0.02175538,-0.02089728,-0.01985496
-0.01931864,-0.0179489,-0.01642189,-0.01451264,-0.01251861,-0.01020278,-0.007856851,-0.005338097,-0.002713296,-5.450509e-05,0.002656008,0.005462122,0.008232497,0.01106688,0.01390983,0.01684114,0.01980776,0.02287381,0.02597748,0.0291584,0.03234879,0.03557095,0.03875251,0.04190329,0.04493858,0.0478556,0.05056895,0.05308415,0.05533062,0.05731463,0.05896484,0.0602772,0.06117282,0.06164537,0.061628,0.06113568,0.06013315,0.05865618,0.05669532,0.05430455,0.05149455,0.04833458,0.04484834,0.04111288,0.03715209,0.03302777,0.02875153,0.02437642,0.01992659,0.01547059,0.01105073,0.00674311,0.002594642,-0.001329044,-0.005004989,-0.008402298,-0.01152548,-0.01435405,-0.01688683,-0.01909925,-0.0209878,-0.02253667,-0.02374476,-0.02460671,-0.02513482,-0.02534335,-0.02525991,-0.02491534,-0.02434625,-0.02358508,-0.0226555,-0.02157962,-0.02036961,-0.01903725,-0.01757708,-0.01599027,-0.0142632,-0.01240937,-0.01043675,-0.008386865,-0.006277837,-0.004148691,-0.002000631,0.0001399012,0.002289623,0.004422321,0.006545772,0.008606648,0.01059407,0.0124332,0.01410899,0.01554024,0.01672512,0.01758612,0.01813461,0.01829791,0.01811178,0.01752293,0.01660057,0.01529176,0.0136818,0.01170595,0.009481912,0.006948345,0.00426002,0.001345016,-0.001582868,-0.004603282,-0.007363855,-0.01025601,-0.01309231,-0.01616635,-0.01688286,-0.01900314,-0.02039578,-0.02034733,-0.02092419,-0.0210356,-0.02089564,-0.02020869
-0.02007006,-0.01912463,-0.01776358,-0.01628413,-0.01447629,-0.01258245,-0.01043028,-0.008200717,-0.00587018,-0.00342841,-0.00091507,0.001581117,0.004170635,0.006756935,0.009417976,0.01211106,0.0149202,0.0177935,0.02078305,0.02382806,0.0269655,0.03013375,0.03335026,0.0365339,0.03968551,0.04271948,0.04563544,0.04835145,0.05087123,0.05312558,0.05511598,0.05676457,0.05805866,0.05891436,0.05932628,0.05923282,0.05865343,0.05756212,0.05600069,0.05396303,0.05150742,0.04864901,0.04546696,0.04198798,0.03828309,0.03436806,0.03029801,0.02608789,0.02179801,0.01745948,0.01314941,0.008915641,0.004836755,0.0009520939,-0.002685064,-0.006065091,-0.009165646,-0.01199466,-0.01453107,-0.01677039,-0.01868672,-0.02027729,-0.02153206,-0.02245635,-0.02305043,-0.02333267,-0.02332668,-0.02306613,-0.02258337,-0.02191054,-0.02107744,-0.02010477,-0.01900875,-0.01779308,-0.01646468,-0.01501228,-0.01343992,-0.01174047,-0.009939699,-0.008052641,-0.006122799,-0.004161177,-0.00219879,-0.0002243957,0.001740762,0.003715675,0.005667817,0.007599406,0.009448091,0.01120206,0.01278824,0.01420399,0.01537192,0.01629417,0.01689331,0.01719332,0.01713188,0.0167556,0.0160065,0.01495827,0.01355622,0.01189707,0.00990581,0.007698315,0.005199486,0.002585245,-0.0002219515,-0.002992163,-0.005917017,-0.00848068,-0.01075087,-0.01232861,-0.015612,-0.01695303,-0.01829043,-0.02028345,-0.02095117,-0.02131518,-0.02117105,-0.02085372
-0.01986076,-0.01916162,-0.01829658,-0.01704825,-0.01569117,-0.01401066,-0.01225944,-0.01031327,-0.008225652,-0.006067194,-0.003832346,-0.001492263,0.0008222771,0.003198426,0.005591253,0.008083645,0.01063909,0.01332578,0.01609683,0.01899638,0.02197181,0.02505006,0.02817034,0.03134124,0.03448226,0.03758383,0.04056066,0.04341023,0.04606386,0.04852339,0.05072052,0.05264363,0.05420969,0.05539664,0.05612689,0.0563975,0.0561624,0.05544167,0.05421757,0.05253256,0.05039399,0.04786512,0.04497011,0.04178331,0.03833156,0.03467601,0.03083081,0.02684618,0.02274581,0.01859494,0.01443689,0.01034867,0.00638236,0.002608926,-0.0009413193,-0.004234199,-0.007273359,-0.01004185,-0.01254008,-0.01474416,-0.01664829,-0.01823557,-0.01950406,-0.02044761,-0.02107637,-0.02140163,-0.02144856,-0.02124573,-0.02082885,-0.02023104,-0.01947807,-0.01859392,-0.01759255,-0.01648639,-0.0152721,-0.01395182,-0.01251326,-0.01096698,-0.009317309,-0.007600177,-0.005831222,-0.004046904,-0.002247899,-0.000457236,0.001344139,0.003137575,0.004937709,0.006702091,0.008427522,0.01005077,0.01156459,0.01289927,0.01405731,0.01496724,0.0156382,0.01599807,0.01607557,0.01581442,0.01527421,0.01440032,0.01326823,0.01180954,0.01012215,0.008130818,0.00596248,0.003532009,0.001027173,-0.001640218,-0.004149099,-0.006864317,-0.009600626,-0.01264462,-0.01363117,-0.01591566,-0.01763612,-0.01807472,-0.01910518,-0.01974851,-0.02017932,-0.02011242
-0.01952315,-0.01915245,-0.01839231,-0.01749849,-0.01628409,-0.01497174,-0.01339211,-0.01171059,-0.009902183,-0.007960615,-0.005928807,-0.003899683,-0.001784178,0.0003253115,0.002502233,0.004716402,0.007054253,0.009478759,0.01204588,0.01470921,0.01751103,0.02040371,0.02340895,0.02645527,0.0295411,0.03258395,0.03557626,0.03843785,0.04116787,0.04370259,0.04604193,0.04811184,0.04989214,0.0512944,0.05229795,0.0528328,0.0529025,0.05247286,0.05157176,0.05018776,0.04836902,0.04612932,0.04354043,0.04063074,0.03746784,0.03407144,0.03049362,0.0267502,0.02289517,0.01895912,0.01501357,0.01110858,0.007321374,0.003697798,0.0002931929,-0.002877106,-0.00579325,-0.008463046,-0.01087035,-0.01300937,-0.01485582,-0.01640411,-0.01764554,-0.01858283,-0.01921646,-0.01956046,-0.01963723,-0.01947637,-0.01910993,-0.01856875,-0.01788438,-0.01707756,-0.01616637,-0.01515426,-0.01405002,-0.01284337,-0.01153958,-0.01012971,-0.008635813,-0.007068267,-0.005466807,-0.003840672,-0.002219116,-0.0005896107,0.001030181,0.002663426,0.004285404,0.005905387,0.00747128,0.008979345,0.01036782,0.01164124,0.01273204,0.01364517,0.01430806,0.01474089,0.01488157,0.01476935,0.01434565,0.01367584,0.01270475,0.01151732,0.01003364,0.008348076,0.006373938,0.004259867,0.001919202,-0.0004443804,-0.003018778,-0.005338113,-0.007476542,-0.009048076,-0.01221758,-0.01372585,-0.01524933,-0.01742411,-0.01843601,-0.01921681,-0.01955643,-0.01974836
-0.01844687,-0.01823039,-0.0178623,-0.0171313,-0.01628505,-0.01514015,-0.0139027,-0.01246902,-0.0108806,-0.00920087,-0.007433655,-0.005560589,-0.003710937,-0.001813076,9.30298e-05,0.002088065,0.00414825,0.006343895,0.00864133,0.01108808,0.01364555,0.01634606,0.01914176,0.02204357,0.02497865,0.02793477,0.03082945,0.03365498,0.03634648,0.03890549,0.04127152,0.04343316,0.04531055,0.04687411,0.04804093,0.04879561,0.04908463,0.04891616,0.04826542,0.04716443,0.04561495,0.04367277,0.04135898,0.03874306,0.03585212,0.03274533,0.02943772,0.02597558,0.02237914,0.01870775,0.01500092,0.01133221,0.007752918,0.004334387,0.001110075,-0.001883984,-0.004650804,-0.007176303,-0.009463379,-0.01149016,-0.01325062,-0.01472765,-0.01591948,-0.01681936,-0.01743618,-0.0177784,-0.01786884,-0.01773282,-0.01740382,-0.0169134,-0.01628772,-0.01555047,-0.01471611,-0.01379639,-0.01278954,-0.01169834,-0.01051244,-0.009240307,-0.007883749,-0.006473045,-0.005021259,-0.003561484,-0.002094238,-0.0006394535,0.0008223802,0.002278105,0.003746183,0.005193352,0.006622265,0.007980962,0.009269058,0.01042891,0.01146769,0.01232278,0.01300355,0.01344241,0.01366347,0.01361135,0.01333756,0.01278904,0.01203276,0.01100211,0.009779915,0.008285522,0.00662253,0.004698771,0.002674764,0.0004564452,-0.001671776,-0.004046921,-0.006496168,-0.009293137,-0.01031896,-0.01253408,-0.01432677,-0.01500622,-0.01623955,-0.01717021,-0.01793768,-0.01826891
-0.01738151,-0.01739038,-0.01705724,-0.01659418,-0.01583266,-0.01498386,-0.01387734,-0.01266352,-0.01131846,-0.009833002,-0.008251353,-0.006662661,-0.004998597,-0.003348313,-0.001649007,7.691349e-05,0.001913061,0.003835283,0.005900171,0.008074097,0.01040166,0.01284895,0.0154415,0.01812061,0.02088496,0.02365981,0.02643313,0.02912983,0.03174577,0.03422551,0.03657043,0.03871657,0.04064263,0.04226391,0.04355055,0.04443043,0.04489554,0.04490793,0.04448387,0.0436084,0.04231863,0.04062598,0.0385922,0.036245,0.03364597,0.03081675,0.02780481,0.02462566,0.02132489,0.01793024,0.01450395,0.01109398,0.007771023,0.004582045,0.00158037,-0.001215321,-0.003787732,-0.006144273,-0.008273805,-0.01017069,-0.01181368,-0.01319575,-0.01430992,-0.01515706,-0.01573809,-0.01606342,-0.01615372,-0.01603422,-0.01573491,-0.01528377,-0.01471176,-0.0140382,-0.0132812,-0.01244333,-0.01153404,-0.01054414,-0.009479797,-0.008331512,-0.007117936,-0.005845586,-0.004549586,-0.003237379,-0.001935863,-0.0006323558,0.0006582679,0.001960504,0.003255602,0.004557144,0.005822439,0.007053904,0.008200836,0.009273489,0.01021518,0.01103408,0.0116659,0.01212868,0.01236435,0.01240643,0.01219901,0.01179976,0.01115626,0.01034356,0.00928385,0.008054727,0.006566249,0.004941958,0.003091039,0.001188673,-0.0009452107,-0.002899762,-0.004753136,-0.006147343,-0.009008858,-0.01046804,-0.01196241,-0.01409103,-0.01521416,-0.01617695,-0.01677538,-0.01725709
-0.01579522,-0.01587115,-0.01582545,-0.01545618,-0.0149756,-0.01423965,-0.01340808,-0.01239415,-0.01123323,-0.009974216,-0.008627484,-0.007178301,-0.005751267,-0.004290134,-0.00283479,-0.001311404,0.000263633,0.00196004,0.003753593,0.005692865,0.007749429,0.009959502,0.01228672,0.01474635,0.01727527,0.01986295,0.02243274,0.0249752,0.02743028,0.029801,0.03203621,0.03412931,0.03600888,0.03764553,0.03895749,0.03992354,0.04048757,0.04065074,0.0403841,0.03971171,0.03862976,0.03718605,0.03539671,0.03332413,0.03099307,0.02845852,0.02573458,0.02286271,0.01985806,0.01677241,0.01363843,0.01052246,0.007470388,0.004548849,0.001790232,-0.0007701135,-0.003134946,-0.005292645,-0.007248504,-0.008983647,-0.01049313,-0.01176078,-0.01278548,-0.01356045,-0.0140936,-0.01439102,-0.01447288,-0.01436081,-0.01408465,-0.01367273,-0.0131496,-0.01253704,-0.0118486,-0.01109453,-0.01027384,-0.00938952,-0.00843312,-0.007411529,-0.006324775,-0.005197791,-0.004040838,-0.002883003,-0.001724552,-0.0005827055,0.0005611966,0.001697591,0.002846352,0.003981552,0.005109899,0.006189475,0.007225144,0.008170405,0.009036487,0.009770542,0.01038355,0.01081493,0.01108606,0.01114537,0.01103749,0.01071315,0.0102314,0.009530866,0.008682803,0.007608095,0.006391773,0.004940732,0.00338966,0.001642974,-5.297328e-05,-0.002004732,-0.004057973,-0.006467729,-0.007371491,-0.009347121,-0.01101312,-0.01173644,-0.01296586,-0.01397012,-0.0148642,-0.01538838
-0.01434057,-0.01455041,-0.01447794,-0.01429565,-0.01384638,-0.01333334,-0.01259007,-0.01174672,-0.01078623,-0.009690713,-0.008503805,-0.007303195,-0.006038078,-0.004792173,-0.003516928,-0.002230533,-0.0008577636,0.0005871442,0.002157228,0.003829077,0.005645276,0.007583348,0.009670309,0.01186115,0.01415621,0.01649218,0.01885572,0.02118022,0.02345936,0.02564704,0.02774654,0.02970679,0.03150965,0.03308063,0.03438734,0.03536194,0.03599021,0.03623508,0.03610469,0.03558307,0.03469727,0.03345603,0.03191011,0.03008414,0.02803158,0.02577337,0.02335087,0.0207781,0.01809155,0.0153145,0.01249805,0.009684408,0.006934196,0.004290492,0.001800973,-0.0005153318,-0.002643846,-0.004591519,-0.006351445,-0.007919178,-0.009277176,-0.01041839,-0.01133755,-0.01203454,-0.01251057,-0.0127732,-0.01284067,-0.0127338,-0.0124789,-0.0121,-0.01162517,-0.01107127,-0.01045477,-0.009777176,-0.009047396,-0.008257439,-0.007413636,-0.006506857,-0.005552429,-0.004553927,-0.003541098,-0.002519588,-0.001513093,-0.0005097461,0.0004779603,0.001473428,0.002462475,0.003460399,0.004433002,0.005386581,0.006280676,0.00712896,0.007885648,0.008561364,0.009102005,0.009524128,0.009776565,0.009888062,0.009808069,0.009586554,0.009176205,0.008642511,0.007914859,0.007057393,0.005984298,0.00479664,0.003405495,0.001957504,0.0002860005,-0.00125574,-0.002745766,-0.003865078,-0.006295808,-0.007558911,-0.008870105,-0.01078245,-0.01183942,-0.01279447,-0.01346453,-0.0140497
-0.01255096,-0.01275989,-0.01288356,-0.01273761,-0.01249241,-0.01204273,-0.01151101,-0.01082008,-0.01000562,-0.009098164,-0.00811201,-0.007031086,-0.005970228,-0.004885666,-0.003818589,-0.002705059,-0.001558791,-0.0003142192,0.001010037,0.00246062,0.004015278,0.005711126,0.007520581,0.009462869,0.0114855,0.01358233,0.01568575,0.01778762,0.01983423,0.02183042,0.02373428,0.0255452,0.02720334,0.02868469,0.02991497,0.03087309,0.03150567,0.03181118,0.03176012,0.03137105,0.03063613,0.02959512,0.02825874,0.02668021,0.02487999,0.02290636,0.020771,0.01850949,0.01613167,0.01368052,0.01118071,0.008688373,0.006241068,0.003896438,0.001682498,-0.000368892,-0.002260539,-0.003983109,-0.005543408,-0.006926145,-0.008128002,-0.009134836,-0.009946238,-0.01055602,-0.01097106,-0.01119558,-0.01124662,-0.01114184,-0.01090627,-0.01056384,-0.01013571,-0.009640566,-0.009089906,-0.008492084,-0.007846238,-0.007155339,-0.00641241,-0.005623199,-0.00478638,-0.003922024,-0.00303738,-0.002157071,-0.001280753,-0.0004232232,0.0004324905,0.001278875,0.002135359,0.002981611,0.00382678,0.004637504,0.005422151,0.006143814,0.006816513,0.007396949,0.007897958,0.008267378,0.008525015,0.008625065,0.008606253,0.0084244,0.008130954,0.007671387,0.007107484,0.006366455,0.005518819,0.004476064,0.003349753,0.002047571,0.0007784514,-0.0007303351,-0.002345776,-0.004299188,-0.004989521,-0.006623127,-0.008031224,-0.008662001,-0.009743158,-0.01066208,-0.01152059,-0.01207688
-0.01097717,-0.01125054,-0.01130422,-0.01127863,-0.01102613,-0.01073585,-0.01025661,-0.009692298,-0.009036325,-0.008261655,-0.00740891,-0.006540292,-0.005617645,-0.004715447,-0.00379899,-0.002884309,-0.001908484,-0.0008795694,0.0002485,0.001459478,0.002790534,0.004227228,0.005795266,0.007461946,0.009229663,0.01104821,0.01290591,0.0147472,0.01656547,0.01832383,0.0200271,0.02163694,0.02314043,0.02447711,0.02561782,0.0265041,0.02712073,0.02743507,0.02745083,0.02715301,0.02656078,0.02568004,0.0245507,0.02319246,0.02164915,0.01993853,0.01809471,0.01612902,0.01406927,0.01193323,0.009760487,0.007584962,0.005455221,0.003406755,0.001479015,-0.000311344,-0.001952573,-0.003451128,-0.004803108,-0.006005747,-0.007045307,-0.00791582,-0.008613518,-0.009138,-0.009490428,-0.00967623,-0.009710446,-0.009609543,-0.009394916,-0.009085912,-0.008705979,-0.008268769,-0.007787907,-0.007263924,-0.006704405,-0.006102645,-0.005464435,-0.004781692,-0.00406646,-0.003320226,-0.002566867,-0.001810247,-0.00107008,-0.0003359632,0.0003817872,0.001103692,0.001819019,0.002542663,0.003247989,0.003943123,0.004596788,0.005223769,0.005788453,0.006302578,0.006722846,0.007064479,0.007284906,0.007408621,0.007392306,0.007278054,0.007025124,0.006689058,0.006209396,0.005638897,0.004901389,0.004078195,0.003087893,0.002049783,0.0008159031,-0.0003186383,-0.00142724,-0.002237161,-0.004180166,-0.005167707,-0.006207394,-0.007795906,-0.008674437,-0.009493308,-0.01010158,-0.01065554
-0.009214285,-0.009443733,-0.009622714,-0.009593041,-0.009484198,-0.009220621,-0.008898967,-0.008447167,-0.007902728,-0.007280271,-0.006594702,-0.005827477,-0.005077984,-0.004311396,-0.003567962,-0.002795245,-0.002006826,-0.00114527,-0.0002261841,0.0007919762,0.001890649,0.003104231,0.00441148,0.005833255,0.007327848,0.008894011,0.01047596,0.01206876,0.01362711,0.01515729,0.01662616,0.01803789,0.01934549,0.02053265,0.02153759,0.02234341,0.02290419,0.02321853,0.02325981,0.02304269,0.02255759,0.02183612,0.02088415,0.01974422,0.0184314,0.01698506,0.0154136,0.01374566,0.01198649,0.01016963,0.008311873,0.006457306,0.004633848,0.002887361,0.001239444,-0.0002837422,-0.001685177,-0.002957638,-0.004108262,-0.005125444,-0.006007511,-0.006743084,-0.007332342,-0.007770116,-0.008062073,-0.008211033,-0.008230391,-0.008133727,-0.007940483,-0.007669454,-0.007337188,-0.006958529,-0.00654222,-0.006094701,-0.005614881,-0.005105543,-0.004560886,-0.003985759,-0.003377891,-0.002752941,-0.002115186,-0.001484463,-0.0008595487,-0.000252909,0.0003501557,0.0009431898,0.001543712,0.002135671,0.002729208,0.00329825,0.003852958,0.004364522,0.004848099,0.00526928,0.005642067,0.005923503,0.006132104,0.006229126,0.006247794,0.006149963,0.005979337,0.005689078,0.005332089,0.00484513,0.004286807,0.003577965,0.002809545,0.00189717,0.001013375,-7.691691e-05,-0.001263149,-0.002748009,-0.003194488,-0.004444115,-0.005529591,-0.00599202,-0.006844504,-0.007582561,-0.008300255,-0.00878249
-0.00771396,-0.007962643,-0.008050589,-0.008092103,-0.007954526,-0.007801226,-0.007506309,-0.007146548,-0.006723757,-0.006206825,-0.005630299,-0.005040714,-0.004407838,-0.003793477,-0.00317357,-0.002562845,-0.001912231,-0.001227274,-0.0004708224,0.0003451494,0.00125067,0.002235931,0.003323206,0.004489381,0.005738718,0.007033816,0.008366882,0.009694685,0.01101237,0.01229171,0.01353852,0.01472539,0.01584514,0.01685235,0.01772507,0.01841725,0.01891668,0.01919723,0.01926108,0.01909544,0.01871379,0.01811919,0.01734149,0.01639437,0.01531136,0.0141053,0.01280247,0.0114107,0.009950045,0.00843248,0.00688671,0.005337126,0.003819691,0.002360341,0.0009889855,-0.0002818653,-0.001443246,-0.002500953,-0.003452836,-0.004297775,-0.0050256,-0.005632044,-0.006114525,-0.006472799,-0.006707711,-0.006823042,-0.006830139,-0.006741161,-0.006571961,-0.006336852,-0.006053619,-0.005732339,-0.005383207,-0.005006031,-0.004606691,-0.004179843,-0.003730316,-0.003251458,-0.002752249,-0.002232729,-0.001710857,-0.001188741,-0.0006817042,-0.0001810995,0.0003047313,0.0007923997,0.001273692,0.001761675,0.002236299,0.002706022,0.003147529,0.003574904,0.003961478,0.004318852,0.004614092,0.004861011,0.005026189,0.005130159,0.005137753,0.005083158,0.004932851,0.00473206,0.004431646,0.004074303,0.003596812,0.003063347,0.002404063,0.001712888,0.0008644862,9.67481e-05,-0.0006553144,-0.001168992,-0.002621011,-0.003310794,-0.00405027,-0.005266012,-0.005914382,-0.006531378,-0.007001278,-0.007444427
-0.006135466,-0.006321177,-0.006484874,-0.006499784,-0.006461483,-0.006312952,-0.006132274,-0.005854366,-0.00551458,-0.005118009,-0.004676936,-0.004172031,-0.003682728,-0.003180621,-0.002701151,-0.002203927,-0.001702745,-0.001151649,-0.0005643487,9.296073e-05,0.0008045128,0.001598906,0.002459648,0.003406285,0.00440756,0.005466115,0.006539627,0.007626953,0.008693027,0.009744862,0.01075756,0.01173793,0.01265172,0.01349025,0.01420705,0.01479147,0.01520806,0.01545693,0.01551666,0.01539885,0.01509418,0.01462621,0.01399687,0.01323748,0.01235742,0.01138601,0.01032803,0.009204738,0.00801783,0.00679152,0.005535661,0.004281816,0.003048298,0.001868163,0.0007558746,-0.0002692394,-0.001210236,-0.002061726,-0.002830089,-0.003507109,-0.004092473,-0.004577858,-0.004963804,-0.005246372,-0.005429894,-0.00551609,-0.005514497,-0.005434628,-0.005290139,-0.005094413,-0.004858927,-0.004594353,-0.004306534,-0.004000128,-0.0036738,-0.003330017,-0.002964058,-0.002579952,-0.002174981,-0.001760739,-0.001338922,-0.0009244293,-0.0005152099,-0.0001213063,0.000269232,0.0006506171,0.001037332,0.001416851,0.001798988,0.00216409,0.002522483,0.002852345,0.003168185,0.003443835,0.003693146,0.003882757,0.004029391,0.004102191,0.004128698,0.004077607,0.003984385,0.003810573,0.003599723,0.003300315,0.00296008,0.002513035,0.002031034,0.001441879,0.0008823283,0.0001589607,-0.0006406733,-0.001685816,-0.001905433,-0.002777674,-0.003532058,-0.003804332,-0.004402841,-0.004923272,-0.005449833,-0.005804474
-0.004837278,-0.005018176,-0.005090087,-0.005143667,-0.005069866,-0.00499622,-0.004826545,-0.004614875,-0.004365828,-0.004051123,-0.003696688,-0.003335326,-0.002941706,-0.002562972,-0.002182065,-0.00181236,-0.001418346,-0.001005575,-0.0005464178,-5.05907e-05,0.0005043914,0.00111093,0.001786628,0.00251528,0.003302402,0.004122036,0.004971081,0.005818737,0.006663134,0.007484015,0.008287557,0.00905511,0.009784471,0.01044449,0.01102196,0.01148431,0.01182429,0.01202302,0.01208282,0.01199364,0.01176493,0.01139722,0.01091129,0.01031475,0.009630973,0.008867345,0.008042312,0.007160089,0.006234142,0.00527109,0.004289997,0.003305929,0.002342881,0.001417057,0.0005487613,-0.0002542177,-0.0009854875,-0.001649882,-0.002246044,-0.002774085,-0.003227008,-0.003602356,-0.003898444,-0.004115336,-0.004253426,-0.004315182,-0.004308163,-0.004240416,-0.004122302,-0.003963162,-0.00377496,-0.003564192,-0.003337638,-0.003094657,-0.002839434,-0.002567971,-0.002284012,-0.001982474,-0.001669665,-0.001344653,-0.001019877,-0.0006958244,-0.0003834731,-7.59937e-05,0.0002200357,0.0005169726,0.0008084209,0.00110486,0.001391866,0.001677238,0.001944382,0.002205448,0.002441314,0.002662484,0.002845302,0.003001953,0.003107843,0.003179658,0.003190517,0.003166861,0.003082464,0.002972217,0.002798318,0.002594271,0.002311191,0.001998222,0.00159947,0.001185709,0.0006566933,0.0001949078,-0.0002535703,-0.0005171187,-0.001514453,-0.001928643,-0.002386408,-0.003230099,-0.00364572,-0.004048431,-0.004354317,-0.004655797
-0.003547104,-0.003664978,-0.00378074,-0.003800723,-0.003794171,-0.003715515,-0.003625962,-0.003472805,-0.003283699,-0.003060535,-0.002810927,-0.00251744,-0.002237316,-0.001947637,-0.001675715,-0.001392981,-0.001112411,-0.0008013187,-0.0004714801,-9.83425e-05,0.0003052606,0.0007602932,0.001254282,0.001803043,0.002385072,0.003005177,0.003634667,0.004275619,0.0049039,0.005526374,0.006125805,0.006709438,0.007254651,0.007758914,0.008191508,0.008547971,0.008804356,0.008962419,0.009006986,0.008946817,0.00877423,0.008505148,0.008138728,0.007695527,0.00717977,0.006610835,0.005990237,0.005332054,0.004635702,0.003916817,0.003179806,0.002444556,0.001720967,0.001029906,0.0003792327,-0.000218571,-0.0007663446,-0.00126022,-0.001705069,-0.002095549,-0.00243226,-0.002709809,-0.002928856,-0.003086708,-0.003186334,-0.003228604,-0.003219376,-0.003164389,-0.003071933,-0.002950256,-0.002806063,-0.002646014,-0.002473362,-0.0022912,-0.002098147,-0.001896236,-0.001681879,-0.001458247,-0.00122271,-0.0009831309,-0.0007393233,-0.0005013721,-0.0002667771,-4.302178e-05,0.0001787615,0.0003935383,0.0006120493,0.0008249756,0.001040691,0.001245366,0.001448065,0.001633214,0.001813057,0.001969095,0.002113498,0.002222492,0.002310045,0.002353578,0.002374407,0.002348726,0.002303209,0.002208452,0.002097768,0.001932682,0.001749945,0.001499371,0.001234372,0.0008983709,0.0005926708,0.0001691156,-0.0003079319,-0.0009698609,-0.001013274,-0.001550804,-0.0020078,-0.002111843,-0.002473551,-0.002785748,-0.003116833,-0.003333722
-0.002535667,-0.002640164,-0.002678705,-0.002718059,-0.002679588,-0.002650347,-0.002563942,-0.002457057,-0.002332326,-0.002169417,-0.00198464,-0.001799436,-0.001592689,-0.00139651,-0.001198451,-0.001009854,-0.0008074928,-0.000597638,-0.0003618442,-0.000108301,0.0001782616,0.0004914291,0.0008436431,0.001223795,0.001637681,0.002069017,0.002518724,0.002967429,0.003416189,0.003851824,0.004280116,0.004689247,0.005080471,0.005434971,0.005747509,0.00599817,0.00618463,0.00629496,0.006331944,0.006288434,0.006170839,0.005977822,0.005722286,0.005406823,0.005045567,0.004641162,0.004204926,0.003738022,0.003248595,0.002739014,0.002220371,0.001699868,0.00119121,0.0007022425,0.0002447177,-0.0001777905,-0.0005611248,-0.0009088587,-0.001219891,-0.001495009,-0.001729893,-0.001923605,-0.002075114,-0.002184736,-0.002252451,-0.002279666,-0.002270534,-0.002229487,-0.002162095,-0.002073334,-0.001969955,-0.001855317,-0.001733237,-0.001602913,-0.001467036,-0.001322889,-0.001173149,-0.001014299,-0.0008504154,-0.0006800483,-0.0005108464,-0.0003420715,-0.0001807572,-2.189158e-05,0.0001295953,0.0002819411,0.0004302301,0.0005820435,0.0007277476,0.0008737748,0.001009157,0.001143296,0.00126339,0.001378047,0.001471623,0.00155419,0.001609185,0.001649323,0.001655727,0.001647298,0.001605015,0.001553642,0.001466319,0.001367719,0.001223447,0.001068891,0.0008632999,0.0006561816,0.0003739967,0.0001457055,-6.959062e-05,-0.0001508159,-0.0007567358,-0.0009496193,-0.001177626,-0.001688312,-0.00190478,-0.002119769,-0.002276001,-0.002442577
-0.001602243,-0.001656552,-0.001719237,-0.001729294,-0.00173393,-0.001697768,-0.001663805,-0.001596265,-0.001511885,-0.001412867,-0.001301991,-0.001166159,-0.001040642,-0.0009085323,-0.0007873852,-0.0006596529,-0.0005358236,-0.0003963692,-0.0002503448,-8.264044e-05,9.746689e-05,0.0003028818,0.0005250361,0.0007746291,0.001038856,0.001322781,0.001610066,0.00190445,0.00219206,0.00247858,0.002753629,0.003023142,0.003274374,0.003508562,0.003709006,0.003875783,0.003995576,0.004070963,0.004092928,0.004067364,0.003988956,0.003866858,0.003698824,0.003496084,0.003259157,0.002998635,0.002713864,0.002412617,0.002093317,0.001764387,0.00142666,0.00109032,0.0007590062,0.0004433831,0.0001462702,-0.0001257704,-0.0003749647,-0.0005987533,-0.0008001708,-0.0009761918,-0.001127787,-0.001252056,-0.001349566,-0.001418752,-0.00146132,-0.001477548,-0.001470226,-0.001442005,-0.001396815,-0.001338642,-0.001270374,-0.001195313,-0.001114752,-0.001030483,-0.0009413459,-0.0008488238,-0.0007505341,-0.0006487053,-0.0005412555,-0.0004327694,-0.0003220769,-0.0002149489,-0.0001090209,-9.167342e-06,9.029421e-05,0.00018546,0.0002831162,0.000377069,0.0004734089,0.0005635844,0.0006543025,0.0007356856,0.0008165084,0.0008853085,0.0009511828,0.0009994431,0.001040245,0.001059201,0.001070833,0.001059244,0.001041996,0.0009992823,0.0009534566,0.0008795189,0.0008026125,0.0006896168,0.0005757575,0.0004224064,0.0002959014,9.609398e-05,-0.0001354498,-0.0004886713,-0.0004287901,-0.0006995549,-0.0009214202,-0.0009113921,-0.001083341,-0.001228272,-0.001393462,-0.001493785
-0.0009331454,-0.00097521,-0.0009849742,-0.001003872,-0.0009861907,-0.0009796434,-0.0009459371,-0.0009074116,-0.0008634586,-0.0008033685,-0.0007347594,-0.0006696416,-0.0005926727,-0.0005218381,-0.0004487569,-0.0003815402,-0.0003075699,-0.0002326976,-0.0001467455,-5.584565e-05,4.868091e-05,0.0001619091,0.0002911246,0.0004295386,0.0005819104,0.0007397991,0.0009061286,0.001071102,0.001237293,0.001397586,0.001556374,0.001707249,0.001852845,0.00198409,0.00210102,0.002194121,0.002264277,0.00230542,0.002320223,0.002304385,0.002261717,0.002190179,0.00209624,0.001979402,0.001846326,0.001696653,0.001535868,0.001363327,0.001183072,0.0009949045,0.0008038945,0.0006118736,0.0004247524,0.0002445996,7.655468e-05,-7.86933e-05,-0.0002188583,-0.0003460847,-0.0004594466,-0.0005598293,-0.0006450517,-0.0007151238,-0.0007694922,-0.00080855,-0.0008320363,-0.0008405711,-0.0008357198,-0.0008191941,-0.0007930376,-0.0007590124,-0.0007198863,-0.0006767527,-0.0006312105,-0.0005825784,-0.0005322984,-0.0004788435,-0.000423844,-0.0003652755,-0.0003053678,-0.0002427138,-0.0001811072,-0.0001193108,-6.102063e-05,-3.103395e-06,5.124163e-05,0.0001065425,0.0001594596,0.0002145753,0.0002664161,0.0003193942,0.0003673295,0.0004162745,0.0004588756,0.0005010323,0.0005339836,0.0005647909,0.000584059,0.0006000553,0.0006015773,0.0006000702,0.0005837917,0.0005675868,0.000535255,0.0005023553,0.000448603,0.0003958573,0.0003191841,0.0002480207,0.0001369549,6.286921e-05,-3.047101e-07,1.916574e-05,-0.0002759311,-0.0003235769,-0.0003952699,-0.0006388855,-0.0007139612,-0.0007928366,-0.0008414765,-0.0009053412
-0.0004005617,-0.0004127409,-0.000434006,-0.0004347528,-0.0004400969,-0.000428781,-0.0004233677,-0.0004065763,-0.0003848594,-0.0003606986,-0.0003338316,-0.0002972272,-0.0002665326,-0.0002323541,-0.0002026859,-0.0001696764,-0.0001394623,-0.0001038364,-6.795069e-05,-2.5166e-05,1.955255e-05,7.183125e-05,0.0001272388,0.000190954,0.0002574665,0.0003301939,0.0004026611,0.0004780228,0.0005507492,0.0006242212,0.0006938798,0.0007631031,0.000826808,0.0008871362,0.0009380052,0.0009811828,0.001011654,0.001031473,0.001036863,0.001030759,0.001010511,0.0009798197,0.0009366768,0.0008852493,0.0008245078,0.0007583668,0.0006855796,0.0006090871,0.0005275448,0.0004440376,0.0003579058,0.0002725015,0.0001880387,0.0001080015,3.245921e-05,-3.633216e-05,-9.961613e-05,-0.0001560863,-0.0002070404,-0.0002512316,-0.0002894236,-0.0003205634,-0.0003449707,-0.0003620028,-0.0003723344,-0.0003759464,-0.0003735755,-0.00036587,-0.0003538831,-0.0003387381,-0.0003209781,-0.0003015978,-0.0002807695,-0.0002592565,-0.00023637,-0.0002129224,-0.0001877498,-0.0001620258,-0.0001345781,-0.0001073211,-7.912879e-05,-5.231938e-05,-2.535485e-05,-5.753367e-07,2.467178e-05,4.814562e-05,7.293294e-05,9.595708e-05,0.0001204445,0.000142499,0.0001657092,0.0001854066,0.0002061503,0.0002227171,0.0002400396,0.000251502,0.0002625256,0.0002663806,0.0002703892,0.0002666932,0.0002638169,0.0002518638,0.0002419153,0.0002220433,0.0002050667,0.0001749418,0.0001489743,0.000107728,8.350765e-05,2.597922e-05,-4.500876e-05,-0.0001752086,-9.881394e-05,-0.0001871846,-0.0002536033,-0.0002051977,-0.0002532346,-0.0002908689,-0.0003416891,-0.0003663191
-0.0001078421,-0.000114026,-0.0001117457,-0.000115582,-0.0001109387,-0.0001120212,-0.0001063481,-0.0001019936,-9.756592e-05,-9.030841e-05,-8.186051e-05,-7.610951e-05,-6.671761e-05,-5.930458e-05,-5.053282e-05,-4.367303e-05,-3.488325e-05,-2.703256e-05,-1.697789e-05,-7.329102e-06,4.709428e-06,1.698435e-05,3.190038e-05,4.701502e-05,6.443351e-05,8.173005e-05,0.0001008262,0.0001190652,0.0001381015,0.0001557848,0.0001739524,0.0001906073,0.0002073344,0.0002218382,0.0002353666,0.0002456025,0.0002537491,0.0002581411,0.0002600972,0.0002581353,0.000253576,0.0002452447,0.0002348796,0.000221527,0.0002067665,0.0001897248,0.0001717835,0.0001522087,0.0001321004,0.0001107843,8.943149e-05,6.773058e-05,4.684814e-05,2.649509e-05,7.711144e-06,-9.823777e-06,-2.538866e-05,-3.969506e-05,-5.229224e-05,-6.362035e-05,-7.307698e-05,-8.088027e-05,-8.685315e-05,-9.120782e-05,-9.375365e-05,-9.46217e-05,-9.398428e-05,-9.206152e-05,-8.905756e-05,-8.510567e-05,-8.066305e-05,-7.575136e-05,-7.066207e-05,-6.509771e-05,-5.949365e-05,-5.336985e-05,-4.729796e-05,-4.062201e-05,-3.403695e-05,-2.686226e-05,-2.010498e-05,-1.303788e-05,-6.73269e-06,-6.829164e-08,5.758268e-06,1.213489e-05,1.774853e-05,2.416996e-05,2.961953e-05,3.580142e-05,4.071873e-05,4.657203e-05,5.092641e-05,5.60629e-05,5.918093e-05,6.30825e-05,6.473468e-05,6.721033e-05,6.671433e-05,6.720293e-05,6.452424e-05,6.374955e-05,5.928974e-05,5.677496e-05,4.941721e-05,4.497821e-05,3.479315e-05,2.887473e-05,1.128129e-05,8.093062e-06,9.880946e-06,4.075181e-05,-3.526602e-05,-2.682018e-05,-2.776467e-05,-8.75941e-05,-9.307569e-05,-0.0001014905,-0.0001010613,-0.0001091311
7.693467e-11,-3.741817e-12,2.961685e-12,-5.577861e-12,-4.750191e-11,9.946473e-14,7.69224e-11,4.590094e-11,1.424005e-11,-1.25671e-10,-3.936049e-11,-4.908593e-12,9.933079e-11,2.721894e-11,-4.646269e-11,-1.390416e-11,-2.107884e-11,-2.259303e-11,7.402472e-11,-6.038432e-13,-2.993219e-11,-1.346625e-11,3.058736e-12,-5.618343e-11,1.492039e-11,9.488671e-11,1.614083e-11,3.013634e-11,-1.743281e-12,-4.728087e-11,-1.434995e-11,-1.209789e-10,-1.494796e-10,-2.235689e-11,-8.569077e-12,4.827127e-12,5.404656e-11,4.545947e-11,-5.785163e-11,5.401199e-11,-1.771168e-11,4.074263e-11,-1.926292e-11,-3.572996e-11,-9.877939e-11,2.978171e-11,1.317927e-11,5.756499e-11,5.865105e-11,-3.594875e-12,1.274968e-10,-1.409199e-11,6.116417e-13,2.762631e-11,6.942491e-11,-4.832482e-11,9.984781e-12,3.793608e-12,3.16515e-11,-1.42419e-11,-3.710462e-11,-2.853741e-11,1.299184e-11,-1.612963e-11,-1.665961e-11,-1.024668e-10,-8.341799e-11,-4.695045e-11,-1.309586e-11,6.091244e-11,3.974744e-12,8.94995e-11,5.735167e-11,-4.407989e-11,-4.514894e-11,7.427637e-12,1.0249e-10,-7.625897e-11,1.535512e-11,2.230637e-11,-4.270228e-11,3.048998e-11,-2.188659e-11,-4.625272e-11,3.858756e-11,2.111633e-11,-3.836893e-11,-7.70158e-11,-4.830834e-11,3.668318e-11,-4.360094e-11,-1.59539e-11,1.95022e-11,-3.540155e-11,3.84889e-11,6.654156e-11,4.922868e-11,-8.854335e-12,4.316876e-11,6.417156e-11,-3.146991e-11,-1.109497e-11,-4.903151e-11,8.435921e-11,-2.168299e-11,2.30207e-11,3.120382e-11,-8.85676e-12,-3.963407e-11,-5.02732e-11,7.847846e-11,5.243086e-11,-1.79343e-11,-9.17152e-12,4.431142e-11,-2.331518e-11,8.277114e-11,-1.017785e-10,-3.532391e-11,5.932874e-11
