8.276221e-11,2.963594e-11,-1.260477e-10,1.21581e-10,2.605735e-11,4.033083e-11,4.438293e-11,2.072988e-10,1.01822e-10,1.599039e-10,1.141394e-10,-1.318816e-10,-2.111512e-11,-1.018204e-10,-1.72964e-10,5.56734e-11,-3.018518e-11,2.419691e-10,1.509494e-10,3.135253e-12,-1.369519e-10,-9.467747e-11,-1.123844e-10,-9.735047e-11,-5.793697e-11,-2.773254e-11,4.499674e-11,-2.220916e-10,-1.429062e-10,9.902669e-11,-5.255837e-11,-8.628252e-12,-3.759057e-11,-1.867812e-10,1.211183e-10,2.054292e-11,1.487796e-11,-2.816435e-11,7.903637e-11,-6.3589e-11,1.359506e-10,-5.194065e-11,3.237472e-11,-1.105309e-10,-8.490516e-12,-7.125382e-11,7.545563e-11,1.186159e-10,-1.975611e-11,-1.547871e-10,-3.009845e-11,-1.633965e-10,8.67072e-12,-1.910864e-11,9.330445e-11,1.160663e-10,1.207374e-10,1.660496e-11,8.793044e-11,9.390975e-11,4.558105e-11,2.454984e-11,1.133897e-11,9.639486e-11,-1.126032e-11,7.53468e-11,-5.631703e-12,1.027155e-10,2.476784e-11,3.628053e-11,9.715953e-11,6.987282e-11,1.798459e-11,-2.943662e-11,1.118017e-11,2.212186e-10,3.899533e-11,2.961165e-11,-6.149059e-12,1.187218e-10,-2.737986e-11,-8.498504e-11,-6.606511e-11,4.300695e-11,1.248568e-11,-7.554268e-11,-2.296234e-10,-4.881879e-11,7.437165e-12,-3.253287e-11,1.34064e-10,-1.723e-11,6.588593e-12,1.448514e-10,-4.180865e-11,-8.794358e-11,3.594396e-11,-2.821482e-11,2.552369e-11,-4.152232e-11,9.851578e-11,8.758397e-11,9.577596e-11,4.285168e-11,1.014949e-10,-7.748052e-11,-3.958275e-11,-8.618445e-11,7.62075e-11,-1.281542e-10,9.595114e-11,9.406138e-11,7.89836e-11,-7.774963e-11,-1.898601e-11,-8.724427e-12,8.291751e-11,-2.650923e-11,1.886922e-11,6.807607e-11
1.070992e-05,1.217691e-05,8.848536e-06,9.830324e-06,6.843674e-06,6.989011e-06,5.400173e-06,2.687949e-06,3.13329e-06,1.926868e-06,4.781528e-08,1.044617e-06,-4.362543e-07,-5.491549e-07,-1.348903e-06,-1.127066e-06,-1.593309e-06,-1.216999e-06,-1.418745e-06,-9.381411e-07,-1.067264e-06,-8.237578e-07,-1.39633e-06,-1.750543e-06,-2.907236e-06,-3.615504e-06,-4.940392e-06,-5.684038e-06,-6.707448e-06,-7.00367e-06,-7.527931e-06,-7.446063e-06,-7.78374e-06,-7.838898e-06,-8.626927e-06,-9.25244e-06,-1.025686e-05,-1.073232e-05,-1.124959e-05,-1.101939e-05,-1.073085e-05,-9.825791e-06,-9.339319e-06,-8.850663e-06,-9.014117e-06,-9.116885e-06,-9.524727e-06,-9.714991e-06,-1.013991e-05,-1.020288e-05,-1.029411e-05,-9.902877e-06,-9.47348e-06,-8.551863e-06,-7.640354e-06,-6.485523e-06,-5.676513e-06,-4.794094e-06,-4.167068e-06,-3.373501e-06,-2.712079e-06,-1.862545e-06,-8.908002e-07,5.266401e-07,2.0859e-06,3.872746e-06,5.565751e-06,7.14778e-06,8.257945e-06,8.854197e-06,8.84822e-06,8.370192e-06,7.645896e-06,6.940865e-06,6.475354e-06,6.09142e-06,5.782628e-06,5.380464e-06,5.021076e-06,4.388078e-06,3.743435e-06,2.849371e-06,2.169e-06,1.228445e-06,5.733465e-07,-3.248688e-07,-7.550308e-07,-1.486862e-06,-1.648431e-06,-2.132896e-06,-1.976189e-06,-2.52927e-06,-2.641166e-06,-3.627416e-06,-3.887717e-06,-4.824727e-06,-4.240976e-06,-3.519168e-06,-1.17633e-06,-9.230658e-07,8.666211e-08,-1.082112e-06,-9.092025e-07,-3.467055e-06,-3.826893e-06,-7.088482e-06,-6.272323e-06,-8.539307e-06,-8.436522e-07,-7.864446e-06,-2.655571e-05,-5.286676e-05,-2.212606e-05,9.394084e-06,-1.452045e-05,7.033258e-06,1.399466e-05,1.523466e-05,1.229824e-05,1.408392e-05
2.369836e-05,2.083746e-05,2.565376e-05,2.102708e-05,2.310584e-05,1.859054e-05,1.69798e-05,1.73778e-05,1.157569e-05,9.054786e-06,7.961106e-06,1.687872e-06,6.538824e-07,-2.262822e-06,-2.999169e-06,-4.696119e-06,-4.183993e-06,-4.520702e-06,-3.44683e-06,-3.648165e-06,-2.7711e-06,-3.399987e-06,-3.540791e-06,-6.735072e-06,-1.005135e-05,-1.505747e-05,-1.840733e-05,-2.264962e-05,-2.520488e-05,-2.812248e-05,-2.88899e-05,-2.998438e-05,-2.994154e-05,-3.159171e-05,-3.325912e-05,-3.683797e-05,-3.997611e-05,-4.334845e-05,-4.426759e-05,-4.408484e-05,-4.159648e-05,-3.954264e-05,-3.691318e-05,-3.591785e-05,-3.526165e-05,-3.640268e-05,-3.757e-05,-3.941666e-05,-4.026762e-05,-4.124688e-05,-4.093891e-05,-4.022551e-05,-3.773777e-05,-3.478528e-05,-3.072234e-05,-2.703446e-05,-2.29382e-05,-1.978976e-05,-1.670388e-05,-1.443921e-05,-1.159633e-05,-8.272047e-06,-3.695729e-06,1.505421e-06,7.925587e-06,1.476899e-05,2.18726e-05,2.7966e-05,3.263618e-05,3.497667e-05,3.498302e-05,3.304442e-05,3.024521e-05,2.74895e-05,2.524451e-05,2.376343e-05,2.253905e-05,2.12789e-05,1.935554e-05,1.716026e-05,1.419935e-05,1.11697e-05,7.567566e-06,4.539055e-06,1.149141e-06,-1.47297e-06,-4.476823e-06,-6.2032e-06,-8.167215e-06,-8.720292e-06,-1.007027e-05,-1.040078e-05,-1.25666e-05,-1.43195e-05,-1.820777e-05,-1.986172e-05,-2.001587e-05,-1.333853e-05,-7.510443e-06,-3.114309e-06,-4.319039e-06,-3.18509e-06,-7.701157e-06,-1.07402e-05,-1.970818e-05,-2.210793e-05,-3.016494e-05,-2.938105e-05,-4.471058e-05,-2.839532e-05,1.341365e-05,7.255106e-05,2.363473e-05,-2.566863e-05,3.208665e-05,1.665143e-06,-2.022312e-06,3.589236e-06,1.512377e-05,1.548251e-05
6.154554e-05,6.572017e-05,5.50863e-05,5.599039e-05,4.488774e-05,4.234835e-05,3.455936e-05,2.341983e-05,2.125925e-05,1.443113e-05,5.76699e-06,5.591109e-06,-1.354088e-06,-3.865235e-06,-7.739649e-06,-7.993775e-06,-9.599108e-06,-8.257599e-06,-8.359492e-06,-6.482516e-06,-6.416581e-06,-5.933963e-06,-9.067166e-06,-1.438232e-05,-2.365476e-05,-3.235433e-05,-4.229245e-05,-5.029059e-05,-5.792398e-05,-6.237699e-05,-6.575796e-05,-6.65269e-05,-6.820904e-05,-7.025771e-05,-7.592707e-05,-8.27672e-05,-9.102996e-05,-9.69508e-05,-0.0001005698,-9.938551e-05,-9.553164e-05,-8.907324e-05,-8.405887e-05,-8.071369e-05,-8.094755e-05,-8.278075e-05,-8.619741e-05,-8.928736e-05,-9.252944e-05,-9.41347e-05,-9.455126e-05,-9.217224e-05,-8.7759e-05,-8.041157e-05,-7.191289e-05,-6.254134e-05,-5.438339e-05,-4.678788e-05,-4.046513e-05,-3.413413e-05,-2.78276e-05,-2.007612e-05,-1.039943e-05,2.154817e-06,1.671704e-05,3.288307e-05,4.889843e-05,6.333769e-05,7.396797e-05,7.960148e-05,7.977424e-05,7.551227e-05,6.906852e-05,6.272187e-05,5.809126e-05,5.468513e-05,5.195215e-05,4.873541e-05,4.503851e-05,3.968903e-05,3.346286e-05,2.590376e-05,1.877915e-05,1.094873e-05,4.143869e-06,-3.06422e-06,-8.357986e-06,-1.380739e-05,-1.668918e-05,-1.969887e-05,-2.038343e-05,-2.351191e-05,-2.638742e-05,-3.316985e-05,-3.865182e-05,-4.517879e-05,-4.25494e-05,-3.15395e-05,-1.289364e-05,-6.42157e-06,-2.659136e-06,-6.767575e-06,-9.189259e-06,-2.206063e-05,-2.982321e-05,-4.521005e-05,-4.739417e-05,-5.637608e-05,-3.467202e-05,-5.28569e-05,-0.0001024663,-0.0001719452,-7.676621e-05,2.168347e-05,-3.87435e-05,3.06668e-05,5.74396e-05,6.655401e-05,6.224898e-05,7.000341e-05
6.615405e-05,6.061713e-05,6.921864e-05,5.902506e-05,6.137048e-05,5.071014e-05,4.544155e-05,4.403056e-05,3.052544e-05,2.34297e-05,1.915797e-05,5.014742e-06,1.227755e-06,-5.851543e-06,-8.329313e-06,-1.219926e-05,-1.139512e-05,-1.187448e-05,-9.491268e-06,-9.550616e-06,-7.583948e-06,-9.238778e-06,-1.23384e-05,-2.55198e-05,-4.068972e-05,-5.961213e-05,-7.43983e-05,-9.058807e-05,-0.0001019145,-0.0001125183,-0.0001165793,-0.0001201545,-0.0001211573,-0.0001271659,-0.0001353383,-0.0001495602,-0.0001634211,-0.0001766313,-0.0001816768,-0.0001808558,-0.00017199,-0.0001627759,-0.0001527202,-0.0001482102,-0.00014679,-0.0001514798,-0.0001573235,-0.0001650107,-0.0001700558,-0.0001745459,-0.0001747268,-0.0001721373,-0.0001633276,-0.0001514157,-0.0001355532,-0.0001200657,-0.0001039404,-9.066064e-05,-7.815743e-05,-6.786462e-05,-5.587368e-05,-4.162759e-05,-2.264308e-05,-1.236324e-07,2.714865e-05,5.667496e-05,8.697494e-05,0.0001135464,0.0001338579,0.000144523,0.000145201,0.0001375215,0.0001259274,0.0001143823,0.000105308,9.918466e-05,9.429659e-05,8.905129e-05,8.165214e-05,7.244609e-05,6.05053e-05,4.748772e-05,3.304616e-05,1.975109e-05,6.031027e-06,-5.772771e-06,-1.751647e-05,-2.57382e-05,-3.310812e-05,-3.658712e-05,-4.097664e-05,-4.396669e-05,-5.207135e-05,-6.151179e-05,-7.658427e-05,-8.652408e-05,-8.685373e-05,-6.075678e-05,-2.880127e-05,-9.630498e-06,-1.030086e-05,-8.578651e-06,-1.923562e-05,-2.877558e-05,-5.056661e-05,-5.919393e-05,-7.776547e-05,-7.790168e-05,-0.0001078616,-7.495454e-05,8.867984e-06,0.0001273038,3.730112e-05,-5.334727e-05,6.399678e-05,1.021624e-05,7.423287e-06,2.197427e-05,4.699983e-05,4.945347e-05
0.0001032067,0.0001098341,9.275702e-05,9.38594e-05,7.57877e-05,7.122401e-05,5.831387e-05,3.999435e-05,3.598033e-05,2.454403e-05,1.019779e-05,9.395999e-06,-2.109658e-06,-6.493433e-06,-1.292486e-05,-1.349454e-05,-1.609738e-05,-1.393346e-05,-1.401559e-05,-1.095587e-05,-1.080633e-05,-1.111459e-05,-2.217628e-05,-4.257429e-05,-6.933458e-05,-9.465164e-05,-0.0001208422,-0.0001436064,-0.0001640363,-0.0001774348,-0.0001862589,-0.0001893517,-0.0001937339,-0.0002009604,-0.0002171704,-0.0002383364,-0.0002626673,-0.0002816237,-0.0002924447,-0.0002903032,-0.0002790592,-0.0002617054,-0.0002471236,-0.0002383702,-0.0002389517,-0.0002457367,-0.0002568579,-0.0002682245,-0.0002790813,-0.0002861361,-0.0002888835,-0.0002842873,-0.000272648,-0.0002530403,-0.0002289949,-0.000202757,-0.0001785875,-0.0001564493,-0.0001371698,-0.000118508,-9.907451e-05,-7.540254e-05,-4.538873e-05,-7.320263e-06,3.741435e-05,8.691222e-05,0.0001366481,0.0001814991,0.0002153052,0.0002338012,0.0002356654,0.0002237077,0.000204845,0.0001859458,0.0001719158,0.0001619725,0.0001542642,0.0001454,0.0001346046,0.0001192424,0.0001006967,7.852651e-05,5.663705e-05,3.348983e-05,1.246022e-05,-8.750082e-06,-2.560123e-05,-4.140754e-05,-5.108184e-05,-5.956541e-05,-6.325477e-05,-7.203597e-05,-8.254051e-05,-0.0001030277,-0.0001241528,-0.0001479545,-0.000149299,-0.0001160027,-4.858255e-05,-1.465889e-05,-4.862305e-06,-1.138346e-05,-1.574421e-05,-3.717161e-05,-5.069771e-05,-7.620946e-05,-8.048084e-05,-9.517801e-05,-6.06868e-05,-8.932124e-05,-0.0001678264,-0.0002773094,-0.0001248239,3.371031e-05,-6.117053e-05,5.040564e-05,9.431984e-05,0.0001097561,0.0001036483,0.0001164245
8.554563e-05,7.773449e-05,9.022243e-05,7.630669e-05,8.030224e-05,6.601688e-05,5.936954e-05,5.832938e-05,4.006849e-05,3.091339e-05,2.573288e-05,6.479092e-06,1.813119e-06,-7.630233e-06,-1.074265e-05,-1.599008e-05,-1.479527e-05,-1.554198e-05,-1.230242e-05,-1.251846e-05,-9.964629e-06,-1.517708e-05,-3.295398e-05,-6.917721e-05,-0.0001029921,-0.0001415811,-0.0001733803,-0.0002078539,-0.0002334517,-0.0002561478,-0.0002659246,-0.0002734585,-0.0002770995,-0.0002910708,-0.0003120813,-0.0003458961,-0.0003803323,-0.000412028,-0.0004262871,-0.0004255459,-0.000406907,-0.0003853564,-0.0003628965,-0.000352493,-0.0003510762,-0.0003634657,-0.0003800361,-0.0004005879,-0.0004163956,-0.0004300943,-0.0004344554,-0.0004312866,-0.0004141527,-0.0003883307,-0.0003531454,-0.0003172632,-0.0002801426,-0.0002483794,-0.0002184612,-0.0001924684,-0.000162767,-0.0001272798,-8.057446e-05,-2.426451e-05,4.364776e-05,0.0001178345,0.0001940632,0.0002619479,0.000314492,0.0003434586,0.0003475326,0.0003303983,0.000302857,0.0002748762,0.0002532031,0.0002386808,0.0002276521,0.0002156828,0.0001990715,0.0001773022,0.0001491629,0.0001174256,8.291548e-05,4.98863e-05,1.676529e-05,-1.292277e-05,-4.096584e-05,-6.21158e-05,-7.956835e-05,-8.951686e-05,-9.968896e-05,-0.000109287,-0.0001295105,-0.0001569399,-0.0001978954,-0.0002359531,-0.0002562335,-0.0002119432,-0.000106494,-2.356826e-05,-1.415591e-05,-1.116971e-05,-2.548346e-05,-3.756938e-05,-6.669736e-05,-7.73369e-05,-0.0001024728,-0.0001020281,-0.0001445302,-9.82792e-05,2.003977e-05,0.0001865703,5.704417e-05,-7.462645e-05,9.001184e-05,1.181146e-05,5.783607e-06,2.498756e-05,5.937028e-05,6.218561e-05
0.0001193872,0.0001280671,0.00010626,0.0001086715,8.631797e-05,8.182389e-05,6.66329e-05,4.429411e-05,4.083809e-05,2.759684e-05,1.047187e-05,1.100265e-05,-2.67632e-06,-7.311791e-06,-1.491354e-05,-1.52113e-05,-1.847833e-05,-1.578972e-05,-1.613118e-05,-1.240275e-05,-1.273786e-05,-2.145889e-05,-6.121939e-05,-0.0001037207,-0.0001456353,-0.0001876446,-0.0002325936,-0.0002743265,-0.0003117364,-0.0003374864,-0.0003538429,-0.000360611,-0.0003694844,-0.0003854043,-0.0004183164,-0.000462226,-0.0005121603,-0.0005526907,-0.0005764214,-0.0005750759,-0.0005545139,-0.0005223606,-0.0004943494,-0.0004785049,-0.0004808425,-0.0004973192,-0.0005231252,-0.0005509625,-0.0005775685,-0.0005975152,-0.000608345,-0.0006050802,-0.0005867577,-0.0005524592,-0.0005077108,-0.0004579182,-0.0004102451,-0.0003661469,-0.0003264604,-0.0002879725,-0.0002469291,-0.0001970881,-0.000133525,-5.346571e-05,4.139281e-05,0.0001466341,0.0002535947,0.0003508305,0.0004258276,0.0004686936,0.0004764258,0.000454177,0.0004164544,0.0003777193,0.0003488248,0.0003289669,0.0003144147,0.0002978774,0.0002770642,0.0002468598,0.0002094712,0.0001644641,0.0001190282,7.134218e-05,2.728422e-05,-1.649653e-05,-5.225478e-05,-8.481881e-05,-0.0001059092,-0.0001236431,-0.0001333246,-0.000152242,-0.0001770411,-0.0002225819,-0.0002760067,-0.0003428462,-0.0003835497,-0.0003627101,-0.0002127557,-4.952811e-05,-5.947348e-06,-1.2987e-05,-1.716196e-05,-4.243075e-05,-5.671931e-05,-8.706229e-05,-9.033834e-05,-0.0001082953,-6.276886e-05,-0.0001014441,-0.0002071332,-0.0003538626,-0.0001577144,4.733218e-05,-8.176973e-05,6.035424e-05,0.0001147657,0.0001320782,0.0001219758,0.0001373282
8.756286e-05,7.792668e-05,9.403803e-05,7.795884e-05,8.44026e-05,6.851797e-05,6.214169e-05,6.294884e-05,4.233261e-05,3.300248e-05,2.854818e-05,6.483693e-06,2.294603e-06,-8.085859e-06,-1.101754e-05,-1.698244e-05,-1.534347e-05,-1.641317e-05,-1.267218e-05,-1.325342e-05,-1.152352e-05,-4.108369e-05,-9.243811e-05,-0.0001378545,-0.0001781647,-0.0002326938,-0.000282161,-0.0003372689,-0.0003800365,-0.0004170376,-0.0004343208,-0.0004469921,-0.0004552103,-0.0004800303,-0.0005189619,-0.0005788434,-0.0006416812,-0.0006990999,-0.0007284383,-0.0007307702,-0.0007027839,-0.0006673118,-0.0006306672,-0.0006138498,-0.0006145009,-0.0006394733,-0.0006741009,-0.0007162743,-0.0007521223,-0.0007840074,-0.0008005226,-0.0008031539,-0.0007818768,-0.0007437526,-0.0006882602,-0.0006290465,-0.0005666389,-0.000511421,-0.0004585027,-0.0004106954,-0.0003561252,-0.0002907013,-0.0002049912,-0.0001006486,2.546599e-05,0.0001643961,0.0003081449,0.0004380989,0.0005406564,0.0006001469,0.0006133761,0.0005861073,0.0005380496,0.0004877736,0.0004491844,0.000423826,0.0004059275,0.0003864612,0.0003592808,0.0003217404,0.0002727427,0.000215822,0.0001542733,9.382924e-05,3.409003e-05,-2.073429e-05,-7.110696e-05,-0.0001106902,-0.0001420927,-0.0001621028,-0.0001809202,-0.0002016761,-0.0002401027,-0.0002957929,-0.0003770676,-0.0004669719,-0.0005459678,-0.0005494572,-0.0004103523,-0.0001237008,-1.938412e-05,-1.160607e-05,-2.748319e-05,-3.929829e-05,-7.138965e-05,-8.10528e-05,-0.0001094663,-0.0001075066,-0.0001601037,-0.0001038051,4.131353e-05,0.0002443561,7.969474e-05,-8.990925e-05,0.000109939,8.662216e-06,-3.27355e-06,1.726916e-05,5.739978e-05,5.935147e-05
0.0001245214,0.0001347781,0.000109527,0.0001134019,8.832528e-05,8.456687e-05,6.843667e-05,4.370954e-05,4.15656e-05,2.774527e-05,9.23701e-06,1.157513e-05,-3.135966e-06,-7.444628e-06,-1.556026e-05,-1.5422e-05,-1.913114e-05,-1.60789e-05,-1.67284e-05,-1.262529e-05,-1.778953e-05,-7.880447e-05,-0.0001308238,-0.0001620557,-0.0002064399,-0.0002619709,-0.0003262245,-0.0003881351,-0.0004443693,-0.00048361,-0.0005089827,-0.0005204013,-0.0005356881,-0.0005623397,-0.0006156035,-0.0006864225,-0.0007677011,-0.0008354853,-0.0008780014,-0.0008817408,-0.0008547771,-0.0008087939,-0.0007677851,-0.000745574,-0.0007522895,-0.0007833613,-0.000831308,-0.0008847985,-0.0009374341,-0.0009808127,-0.001009985,-0.001017514,-0.00100063,-0.0009577918,-0.0008960412,-0.0008241286,-0.0007523745,-0.0006843419,-0.000620947,-0.0005583633,-0.000490233,-0.0004075329,-0.0003014765,-0.0001679545,-8.264216e-06,0.0001699343,0.0003533906,0.0005221404,0.0006556761,0.0007357061,0.0007567315,0.0007255293,0.0006664883,0.0006036221,0.0005568846,0.0005256805,0.0005048363,0.0004811626,0.0004507107,0.0004041871,0.0003454003,0.0002730382,0.0001992075,0.0001210637,4.86674e-05,-2.341234e-05,-8.248827e-05,-0.0001362695,-0.0001716899,-0.00020209,-0.000220463,-0.0002542254,-0.0002986481,-0.0003779458,-0.0004740177,-0.0006002793,-0.0007068084,-0.0007605891,-0.0006456089,-0.0003037634,-1.987412e-05,-1.318835e-05,-1.654034e-05,-4.345708e-05,-5.679645e-05,-8.946072e-05,-9.085519e-05,-0.00011074,-5.632508e-05,-0.0001034912,-0.0002321594,-0.0004097295,-0.0001811128,5.978999e-05,-9.867726e-05,6.535989e-05,0.0001266746,0.0001440285,0.0001297964,0.0001464707
8.558807e-05,7.473851e-05,9.3536e-05,7.619179e-05,8.459073e-05,6.801188e-05,6.198076e-05,6.478575e-05,4.257859e-05,3.364042e-05,2.995604e-05,6.232617e-06,2.530708e-06,-8.14485e-06,-1.094441e-05,-1.717065e-05,-1.534037e-05,-1.646269e-05,-1.257403e-05,-1.3413e-05,-3.054525e-05,-0.000130252,-0.000146267,-0.000171133,-0.000211739,-0.0002803495,-0.0003480377,-0.0004234984,-0.0004843084,-0.0005353902,-0.0005614085,-0.0005795977,-0.0005942753,-0.0006308156,-0.0006900908,-0.0007778945,-0.0008731936,-0.0009604924,-0.001011004,-0.00102174,-0.0009896768,-0.0009433678,-0.0008950252,-0.0008735002,-0.0008794413,-0.0009218612,-0.0009822631,-0.001055683,-0.001123014,-0.001185229,-0.001226555,-0.001247475,-0.001234051,-0.001194124,-0.001126568,-0.001049667,-0.0009650348,-0.000887331,-0.0008103806,-0.0007383142,-0.0006549713,-0.0005547215,-0.0004229878,-0.0002613815,-6.444186e-05,0.0001543775,0.0003835211,0.0005937571,0.0007638656,0.0008674276,0.0008989316,0.0008645044,0.000795318,0.0007195808,0.0006623305,0.0006254292,0.000602505,0.0005770794,0.0005413856,0.0004878528,0.0004173702,0.0003321019,0.0002406281,0.0001480287,5.820029e-05,-2.652266e-05,-0.0001019743,-0.0001639422,-0.0002111102,-0.0002450178,-0.0002749052,-0.0003126326,-0.0003740563,-0.0004667517,-0.0005952716,-0.0007482044,-0.0008970171,-0.000981975,-0.0009194366,-0.0005896285,-8.093213e-05,-1.127376e-05,-2.837026e-05,-3.888988e-05,-7.310566e-05,-8.099111e-05,-0.0001117636,-0.0001080944,-0.0001687571,-0.0001046319,6.09126e-05,0.0002914615,9.921007e-05,-0.000101318,0.0001247873,5.525294e-06,-1.218706e-05,8.989165e-06,5.282449e-05,5.401763e-05
0.0001269119,0.0001388352,0.0001105408,0.000116058,8.855706e-05,8.591507e-05,6.876635e-05,4.284761e-05,4.132411e-05,2.771442e-05,7.803125e-06,1.209147e-05,-3.764198e-06,-7.280509e-06,-1.618966e-05,-1.520476e-05,-1.969332e-05,-1.589682e-05,-1.715755e-05,-1.31621e-05,-8.184437e-05,-0.0001674451,-0.0001545888,-0.000160427,-0.0002056786,-0.0002718487,-0.0003553773,-0.00043469,-0.0005097956,-0.0005603354,-0.0005959264,-0.0006111613,-0.0006348315,-0.0006713531,-0.000746437,-0.0008433752,-0.0009587777,-0.001056094,-0.001123898,-0.001138516,-0.001112778,-0.001057582,-0.001008214,-0.0009819542,-0.0009971246,-0.001047346,-0.001125625,-0.001214507,-0.001305941,-0.001386181,-0.001448892,-0.001482356,-0.001482815,-0.001445882,-0.001380021,-0.001295612,-0.001206764,-0.001118647,-0.001033152,-0.0009458049,-0.0008485036,-0.0007295954,-0.0005759343,-0.0003814413,-0.0001461134,0.0001187918,0.0003955148,0.0006535769,0.0008633489,0.0009949108,0.001039611,0.001003878,0.0009243041,0.0008352334,0.0007699117,0.0007274694,0.0007032398,0.0006749676,0.0006382788,0.0005763558,0.0004970508,0.0003953773,0.0002918614,0.0001796242,7.694537e-05,-2.726211e-05,-0.0001110017,-0.000189449,-0.0002402055,-0.0002876399,-0.0003173302,-0.0003732767,-0.0004424643,-0.000565321,-0.0007093306,-0.0009041717,-0.001078669,-0.001219496,-0.001184169,-0.0009190724,-0.0002368582,-1.430498e-05,-1.603724e-05,-4.302493e-05,-5.67017e-05,-8.983693e-05,-9.070566e-05,-0.0001109631,-5.071986e-05,-0.0001035159,-0.0002508022,-0.0004506549,-0.0001992404,7.004798e-05,-0.0001115794,6.871532e-05,0.0001346301,0.0001523534,0.0001343584,0.000152429
8.349953e-05,7.261997e-05,9.2477e-05,7.506264e-05,8.404081e-05,6.782071e-05,6.121875e-05,6.630336e-05,4.22319e-05,3.432149e-05,3.051865e-05,6.313439e-06,2.294706e-06,-7.922199e-06,-1.123208e-05,-1.707347e-05,-1.55629e-05,-1.635072e-05,-1.239991e-05,-1.656695e-05,-0.0001591953,-0.000185595,-0.000130277,-0.000126303,-0.0001678982,-0.0002439702,-0.000329872,-0.0004190937,-0.0004979644,-0.0005580596,-0.0005946738,-0.0006154605,-0.0006391124,-0.0006839119,-0.0007644768,-0.0008760004,-0.001005648,-0.001122363,-0.001201136,-0.001225539,-0.001199531,-0.001147724,-0.001094896,-0.001071066,-0.001087756,-0.001151286,-0.001246453,-0.001360202,-0.00147331,-0.001579764,-0.001663835,-0.001720012,-0.001734431,-0.001710352,-0.001648712,-0.001567322,-0.001472134,-0.001378478,-0.001282633,-0.001187242,-0.001075649,-0.0009383436,-0.0007579303,-0.0005326833,-0.0002564186,5.523493e-05,0.0003847917,0.0006930223,0.0009475288,0.001110404,0.001170655,0.001135134,0.001046168,0.0009446468,0.0008684078,0.0008216372,0.0007969239,0.0007697252,0.0007293354,0.0006624908,0.0005718996,0.0004582935,0.0003362028,0.00020988,8.852226e-05,-2.786523e-05,-0.0001295134,-0.0002155866,-0.0002801913,-0.0003316432,-0.0003773991,-0.0004396965,-0.0005321777,-0.0006712583,-0.0008539796,-0.001075674,-0.001294487,-0.001461836,-0.001479461,-0.001255233,-0.0005901308,-1.958031e-05,-2.795918e-05,-3.82479e-05,-7.447913e-05,-8.04408e-05,-0.0001137182,-0.00010794,-0.000175456,-0.0001046635,7.527761e-05,0.0003264536,0.0001138094,-0.0001095078,0.0001349685,4.077761e-06,-1.910135e-05,3.42115e-06,4.893387e-05,5.043864e-05
0.0001286211,0.0001418417,0.0001112259,0.0001180231,8.8653e-05,8.689582e-05,6.892953e-05,4.227547e-05,4.105035e-05,2.770524e-05,6.726392e-06,1.23861e-05,-4.241949e-06,-7.343514e-06,-1.660282e-05,-1.533992e-05,-1.985938e-05,-1.622642e-05,-1.69042e-05,-3.187398e-05,-0.0002387449,-0.0001738699,-9.683243e-05,-6.535824e-05,-0.000114223,-0.0001796152,-0.0002827256,-0.0003687882,-0.0004628956,-0.0005169042,-0.0005651999,-0.0005793499,-0.0006141759,-0.0006545366,-0.0007515349,-0.0008669636,-0.001017098,-0.001140435,-0.001240535,-0.001270134,-0.001257626,-0.001198865,-0.001150752,-0.001122865,-0.001153418,-0.001225415,-0.001343711,-0.001475926,-0.001621695,-0.001752543,-0.001869163,-0.001946624,-0.001988193,-0.001977304,-0.001930411,-0.001849934,-0.001760854,-0.001661836,-0.001563668,-0.001454046,-0.00133139,-0.001174812,-0.0009738355,-0.0007125313,-0.0003958639,-3.156049e-05,0.0003508512,0.0007160384,0.00101663,0.001215709,0.001293036,0.001260692,0.001161365,0.001048476,0.0009638559,0.0009145713,0.0008894032,0.0008634002,0.0008232715,0.0007514908,0.0006519168,0.0005242762,0.0003893038,0.0002451963,0.0001094323,-2.458554e-05,-0.0001360738,-0.0002368935,-0.0003081091,-0.0003730041,-0.00042457,-0.0005076621,-0.0006170718,-0.0007886662,-0.0009946896,-0.001255034,-0.001503245,-0.001716103,-0.001762919,-0.001591531,-0.0009647845,-6.234886e-05,-1.273659e-05,-4.412275e-05,-5.570749e-05,-9.098216e-05,-9.044277e-05,-0.0001116908,-4.680248e-05,-0.0001038971,-0.0002646326,-0.0004798634,-0.0002129918,7.774948e-05,-0.0001204593,7.084093e-05,0.0001402386,0.0001583577,0.0001376289,0.0001568083
8.304645e-05,7.078923e-05,9.259197e-05,7.381522e-05,8.439184e-05,6.71525e-05,6.134952e-05,6.669357e-05,4.267192e-05,3.406454e-05,3.155427e-05,5.569897e-06,2.777662e-06,-8.697329e-06,-1.073224e-05,-1.804861e-05,-1.489985e-05,-1.721245e-05,-1.210899e-05,-0.0001027008,-0.0002870301,-0.000138591,-2.509892e-05,2.326775e-05,-2.160623e-05,-9.107502e-05,-0.0001937283,-0.0002843116,-0.0003796307,-0.0004405082,-0.0004890539,-0.0005076932,-0.0005414678,-0.0005877827,-0.0006870704,-0.000812846,-0.0009742872,-0.00111483,-0.00122662,-0.001268047,-0.00125987,-0.001208988,-0.001162221,-0.001139451,-0.001174323,-0.001261421,-0.001400616,-0.00156193,-0.001736303,-0.001900785,-0.002049078,-0.002159622,-0.002227973,-0.002242272,-0.00221362,-0.002147734,-0.002063486,-0.001966388,-0.001865192,-0.001751282,-0.001618359,-0.001443693,-0.001217348,-0.0009232761,-0.0005643315,-0.0001476232,0.0002921725,0.000715564,0.001066058,0.001303755,0.001399182,0.001371503,0.001262652,0.001140499,0.001044294,0.0009949938,0.0009700065,0.000950621,0.0009068159,0.0008350412,0.0007228499,0.0005877824,0.0004316266,0.0002780447,0.0001203386,-2.068766e-05,-0.000154492,-0.0002577106,-0.0003496663,-0.0004152379,-0.0004950288,-0.00058345,-0.0007320605,-0.0009172021,-0.00117778,-0.001454032,-0.001757155,-0.001972233,-0.002083692,-0.001918412,-0.001395893,-0.0002484682,-2.476295e-05,-4.06278e-05,-7.292438e-05,-8.264511e-05,-0.0001135228,-0.0001099716,-0.000179098,-0.000106485,8.641717e-05,0.000349069,0.0001255354,-0.000116547,0.0001426482,2.930671e-06,-2.26472e-05,-6.665267e-07,4.73731e-05,4.768805e-05
0.0001315952,0.000142595,0.000113388,0.0001180349,9.029795e-05,8.61849e-05,7.053112e-05,4.055725e-05,4.224026e-05,2.633585e-05,7.339531e-06,1.114425e-05,-3.336161e-06,-8.864499e-06,-1.579883e-05,-1.673445e-05,-1.922567e-05,-1.671335e-05,-1.882942e-05,-0.0002290967,-0.0003178888,-7.538799e-05,5.81219e-05,0.0001385211,9.118796e-05,3.721468e-05,-7.722042e-05,-0.0001611781,-0.000266854,-0.0003205321,-0.0003781475,-0.0003909445,-0.0004330639,-0.0004735804,-0.0005839802,-0.0007097342,-0.0008855821,-0.001029586,-0.001160821,-0.001209337,-0.001217947,-0.001164239,-0.001126062,-0.001102687,-0.001154353,-0.001252261,-0.001417304,-0.001600905,-0.001814095,-0.002010483,-0.002201063,-0.002343647,-0.002452131,-0.002492954,-0.002493562,-0.002441699,-0.002376704,-0.00228431,-0.002189666,-0.002066666,-0.001927186,-0.001735325,-0.001490444,-0.001159024,-0.0007581534,-0.0002841456,0.0002125591,0.0006992431,0.001099825,0.001378619,0.001492849,0.001471323,0.001352441,0.001222031,0.001118784,0.001071408,0.001047587,0.001034148,0.0009918946,0.0009192268,0.0007978098,0.000652267,0.0004826871,0.0003149858,0.0001415444,-1.329129e-05,-0.0001589165,-0.0002737881,-0.0003775934,-0.0004567704,-0.0005529888,-0.0006662063,-0.000846485,-0.001066595,-0.001362098,-0.001669511,-0.002006112,-0.002246272,-0.002388023,-0.00224339,-0.001787334,-0.0006412331,-1.406854e-05,-4.593229e-05,-5.294629e-05,-9.473275e-05,-8.841004e-05,-0.0001151381,-4.256954e-05,-0.0001068332,-0.0002727855,-0.0005014656,-0.0002213876,8.149361e-05,-0.0001241715,7.029045e-05,0.0001457805,0.0001609402,0.0001417082,0.0001584662
8.480961e-05,6.857028e-05,9.450025e-05,7.183559e-05,8.624211e-05,6.547406e-05,6.28815e-05,6.559545e-05,4.431123e-05,3.257025e-05,3.336038e-05,3.850462e-06,3.940681e-06,-1.026729e-05,-1.001316e-05,-1.915339e-05,-1.508106e-05,-1.621616e-05,-1.735325e-05,-0.00034841,-0.000306158,2.145583e-06,0.0001857868,0.0002775526,0.0002490786,0.0001871985,8.743255e-05,-4.336989e-06,-9.954602e-05,-0.0001663837,-0.0002161382,-0.0002408546,-0.0002734699,-0.0003241185,-0.0004251937,-0.0005611036,-0.0007359791,-0.0008969342,-0.001031213,-0.001094977,-0.001105087,-0.001066627,-0.001029823,-0.001018358,-0.00107333,-0.001191444,-0.001376759,-0.00159583,-0.00183989,-0.002079687,-0.002308409,-0.002497246,-0.002642139,-0.002724348,-0.002755973,-0.002736158,-0.00268757,-0.002611204,-0.00252158,-0.002404195,-0.002258175,-0.002052997,-0.001782392,-0.001419705,-0.0009732391,-0.0004450457,0.0001144441,0.0006617203,0.001116285,0.001433985,0.001567884,0.001550465,0.001424516,0.00128645,0.001175662,0.001131099,0.001112032,0.001107969,0.001065239,0.0009940157,0.0008620877,0.0007103978,0.000521444,0.000345769,0.0001521114,-8.297557e-06,-0.0001757341,-0.0002933357,-0.0004209166,-0.0005060544,-0.0006398495,-0.0007686192,-0.0009997388,-0.001242452,-0.00159898,-0.001921903,-0.002306505,-0.002535554,-0.0027264,-0.002570719,-0.002212706,-0.001062549,-3.457515e-05,-3.853794e-05,-7.26956e-05,-8.531858e-05,-0.000112799,-0.0001135272,-0.0001806034,-0.0001101119,9.510206e-05,0.0003611369,0.0001354194,-0.0001232977,0.0001489925,1.443791e-06,-2.262907e-05,-4.135653e-06,4.859847e-05,4.501265e-05
0.0001345858,0.0001427731,0.0001157356,0.0001176497,9.213907e-05,8.527638e-05,7.215762e-05,3.913749e-05,4.333454e-05,2.523835e-05,7.804318e-06,1.028593e-05,-3.211549e-06,-9.497037e-06,-1.656735e-05,-1.622375e-05,-2.159685e-05,-1.350429e-05,-4.878197e-05,-0.000451884,-0.0002717149,9.623053e-05,0.0003239877,0.0004366479,0.0004273059,0.0003740213,0.0002796475,0.0001875969,9.557721e-05,2.664463e-05,-2.32468e-05,-5.267745e-05,-8.433503e-05,-0.0001352696,-0.0002341791,-0.000370657,-0.0005439068,-0.0007065718,-0.0008473941,-0.0009202745,-0.0009409296,-0.0009053995,-0.0008745199,-0.0008695663,-0.0009394076,-0.001074141,-0.00128247,-0.001530026,-0.001813348,-0.002094975,-0.002370436,-0.002604763,-0.002797884,-0.002923483,-0.002995658,-0.003008766,-0.002991454,-0.002937087,-0.002862378,-0.002748042,-0.002598401,-0.002383468,-0.002093061,-0.001695957,-0.001202297,-0.000617136,5.472071e-06,0.0006147231,0.00112292,0.001476687,0.001630655,0.001614708,0.001483262,0.001336504,0.00122706,0.001185185,0.001175186,0.001176218,0.001141925,0.001066998,0.0009318219,0.0007662702,0.0005711287,0.0003776146,0.0001757411,-3.534586e-06,-0.0001754902,-0.000313587,-0.0004493775,-0.0005646059,-0.0007161197,-0.0008936711,-0.001157905,-0.001459781,-0.001841258,-0.002211038,-0.002600018,-0.002862974,-0.00303597,-0.002916274,-0.002559915,-0.001509756,-7.566067e-05,-3.791689e-05,-5.702772e-05,-9.455609e-05,-9.001727e-05,-0.000117044,-4.157824e-05,-0.0001092139,-0.0002790845,-0.000515099,-0.0002275776,8.384503e-05,-0.0001253273,6.915411e-05,0.0001500469,0.0001622348,0.0001453772,0.0001592754
8.561282e-05,6.896177e-05,9.515151e-05,7.209249e-05,8.659541e-05,6.577649e-05,6.278557e-05,6.612665e-05,4.406533e-05,3.299597e-05,3.277435e-05,4.42608e-06,2.356013e-06,-9.135932e-06,-1.275546e-05,-1.67884e-05,-1.926566e-05,-1.358815e-05,-0.0001766141,-0.0005498833,-0.0001998082,0.0001943206,0.0005024628,0.0006135352,0.0006474275,0.0005766781,0.000515934,0.0004073209,0.000339096,0.0002445349,0.0002100094,0.0001553271,0.000141485,7.237405e-05,-2.987476e-06,-0.0001500044,-0.0003037255,-0.0004804902,-0.0006065157,-0.000693111,-0.0007032648,-0.0006878968,-0.0006529812,-0.0006668565,-0.0007350715,-0.0008956759,-0.001119918,-0.001409856,-0.001722002,-0.002056704,-0.00237224,-0.002666683,-0.002901937,-0.003086045,-0.003198884,-0.003264588,-0.003275041,-0.003256171,-0.003194793,-0.003101116,-0.002947984,-0.002728434,-0.0024093,-0.001984938,-0.001439243,-0.0008018698,-0.0001099342,0.0005551547,0.001119181,0.001502042,0.001675131,0.001655192,0.001522315,0.001366791,0.001260465,0.001221323,0.001226156,0.00123392,0.001207085,0.001128337,0.0009902745,0.0008128744,0.0006071934,0.0003996932,0.0001874298,-5.361523e-06,-0.0001903984,-0.0003445261,-0.0004994601,-0.0006433903,-0.0008331508,-0.00105678,-0.001369687,-0.001724199,-0.002150417,-0.002557628,-0.00295415,-0.003221435,-0.003380048,-0.003279353,-0.002928298,-0.001980101,-0.0003795403,-2.893743e-05,-8.169419e-05,-8.09668e-05,-0.0001186242,-0.0001125356,-0.0001860765,-0.0001105261,9.724431e-05,0.0003690611,0.0001399622,-0.000126226,0.0001508929,3.121575e-06,-2.287217e-05,-3.891765e-06,4.918928e-05,4.545666e-05
0.0001348523,0.0001455137,0.0001155179,0.0001198415,9.143226e-05,8.698828e-05,7.112559e-05,4.064041e-05,4.171086e-05,2.69576e-05,5.568473e-06,1.21796e-05,-6.115238e-06,-7.370144e-06,-2.036776e-05,-1.349983e-05,-2.48588e-05,-1.583617e-05,-0.000377042,-0.0006293402,-0.0001280824,0.0003035486,0.0006741605,0.000805702,0.0008739562,0.0008122714,0.0007658845,0.0006548307,0.0005927219,0.0004896254,0.0004517969,0.0003838107,0.0003690477,0.0002969326,0.0002301792,8.831373e-05,-4.856332e-05,-0.0002149613,-0.0003300453,-0.0004156946,-0.0004248276,-0.0004080569,-0.0003734377,-0.0003948443,-0.0004758689,-0.000654938,-0.0008988595,-0.001218831,-0.001570161,-0.001953115,-0.002319841,-0.002668186,-0.00295811,-0.003198661,-0.003364474,-0.003480904,-0.003536244,-0.003556425,-0.003521952,-0.003444806,-0.003293963,-0.003070937,-0.002731299,-0.0022736,-0.001675994,-0.0009813742,-0.0002230877,0.0004991909,0.001113385,0.001520607,0.001707738,0.001681281,0.001546555,0.001383974,0.001289204,0.001255145,0.001277468,0.001289203,0.001276686,0.001189774,0.001053615,0.0008579331,0.0006535029,0.0004231937,0.000210363,-8.959508e-06,-0.0001923445,-0.0003812284,-0.0005438531,-0.0007425099,-0.0009544903,-0.001258194,-0.001604501,-0.002046176,-0.002481016,-0.002951791,-0.003312456,-0.003624467,-0.00370453,-0.003659695,-0.003221679,-0.002465466,-0.0007852287,-3.525097e-05,-6.601565e-05,-8.889019e-05,-9.827104e-05,-0.0001142273,-4.717867e-05,-0.0001076771,-0.0002879112,-0.0005193434,-0.000235699,8.851007e-05,-0.000127749,7.086433e-05,0.0001503895,0.0001657933,0.0001459356,0.0001625706
8.458658e-05,7.276001e-05,9.371631e-05,7.536539e-05,8.469614e-05,6.875653e-05,6.042828e-05,6.886834e-05,4.15658e-05,3.55342e-05,2.991431e-05,6.837322e-06,-1.077285e-06,-6.994049e-06,-1.622414e-05,-1.572272e-05,-1.923742e-05,-2.10239e-05,-0.000528214,-0.0006923049,-5.009615e-05,0.0004106291,0.0008643602,0.001009248,0.001125302,0.001056255,0.001041711,0.0009195901,0.0008730014,0.0007426913,0.0007045862,0.0006073321,0.0005978644,0.000509234,0.0004638152,0.000323197,0.0002167984,5.646398e-05,-2.611352e-05,-0.0001046211,-8.889213e-05,-8.029868e-05,-3.622149e-05,-7.10809e-05,-0.0001483333,-0.0003493149,-0.0006083875,-0.0009694425,-0.001351221,-0.001787958,-0.002198864,-0.002613223,-0.002954703,-0.003262396,-0.003481142,-0.003663191,-0.003763994,-0.003834941,-0.003828457,-0.00378217,-0.003636539,-0.003412753,-0.003045721,-0.002558064,-0.001905887,-0.001156133,-0.0003293967,0.0004445528,0.001104334,0.001528205,0.001722104,0.001685112,0.00154897,0.001383846,0.001299741,0.001275449,0.001317193,0.001337994,0.001333376,0.001242014,0.001102838,0.0008951601,0.0006811117,0.000436934,0.0002142403,-2.107442e-05,-0.0002211821,-0.0004355206,-0.0006287047,-0.000874565,-0.001142318,-0.001513293,-0.001921288,-0.00242734,-0.002903633,-0.003406517,-0.003754292,-0.004054101,-0.004086772,-0.004044432,-0.003574998,-0.002925016,-0.001210696,-3.521596e-05,-8.588677e-05,-7.739095e-05,-0.000126726,-0.0001098704,-0.00019433,-0.000108839,9.386891e-05,0.0003743958,0.0001396162,-0.0001253734,0.0001484496,8.49153e-06,-2.433776e-05,6.098246e-07,4.82451e-05,4.974677e-05
0.0001337465,0.000149934,0.0001139354,0.0001236161,8.939366e-05,9.014727e-05,6.882442e-05,4.351008e-05,3.908246e-05,2.949418e-05,2.915172e-06,1.400542e-05,-8.633162e-06,-6.913105e-06,-2.155012e-05,-1.63334e-05,-1.898139e-05,-2.668307e-05,-0.0007108827,-0.0007309124,-1.087157e-05,0.0005200924,0.001017666,0.001218445,0.001357316,0.001323314,0.001306316,0.00119792,0.001133054,0.001001594,0.0009293985,0.0008221134,0.0007837117,0.0007007075,0.0006489689,0.0005339358,0.0004475724,0.0003296102,0.0002729548,0.0002296856,0.0002601921,0.0002949274,0.0003426432,0.0003156409,0.0002244602,1.666381e-05,-0.0002651251,-0.0006474179,-0.00107412,-0.001554023,-0.002025188,-0.002491217,-0.002899154,-0.003265467,-0.003554401,-0.003794576,-0.00396085,-0.004080102,-0.004119791,-0.004095435,-0.00396472,-0.003735733,-0.003353207,-0.00282388,-0.002120954,-0.001306433,-0.0004198653,0.0004092185,0.001100647,0.001536737,0.001724437,0.001678085,0.001536178,0.001376174,0.001307667,0.001300781,0.001359416,0.001391162,0.001395234,0.001299272,0.00115502,0.0009341034,0.0007156971,0.0004538505,0.0002226869,-3.70924e-05,-0.0002492521,-0.000503329,-0.0007278073,-0.001040811,-0.001360263,-0.001820881,-0.002285502,-0.002872484,-0.003367056,-0.003906464,-0.004215968,-0.004516093,-0.004469634,-0.004428552,-0.003883906,-0.00334457,-0.001592164,-4.668152e-05,-6.135209e-05,-9.127733e-05,-0.000103688,-0.0001141008,-5.362825e-05,-0.0001069564,-0.0002963567,-0.000519065,-0.0002437559,9.354612e-05,-0.0001299288,7.391648e-05,0.0001487979,0.000170639,0.0001449661,0.0001674844
8.452984e-05,7.718724e-05,9.296196e-05,7.890639e-05,8.334843e-05,7.152794e-05,5.879153e-05,7.072542e-05,4.020194e-05,3.651416e-05,2.888333e-05,6.459898e-06,-1.097346e-06,-1.013144e-05,-1.29726e-05,-2.499096e-05,-6.915369e-06,-9.306208e-05,-0.000921506,-0.0007578291,-4.374868e-06,0.0006116231,0.001159234,0.00142385,0.001587581,0.00158171,0.00157114,0.00147303,0.001389293,0.001240592,0.00112857,0.0009959126,0.0009253296,0.0008347699,0.0007823816,0.0006921341,0.0006345995,0.0005612753,0.0005535021,0.0005617951,0.0006340624,0.0006945333,0.0007578232,0.0007401538,0.0006519422,0.0004388543,0.0001376384,-0.0002721832,-0.0007365368,-0.001262033,-0.001788899,-0.002313178,-0.00278401,-0.003215621,-0.003577769,-0.003889001,-0.004119939,-0.004293165,-0.004381482,-0.004391962,-0.004282025,-0.004044531,-0.003639542,-0.003068235,-0.002314517,-0.001434311,-0.0004901192,0.0003883044,0.001099602,0.001540058,0.001708258,0.00165143,0.001501936,0.001356935,0.001299649,0.001318996,0.001392152,0.001443867,0.00144379,0.001350623,0.001189951,0.0009667485,0.0007251706,0.0004594357,0.0002012695,-6.764708e-05,-0.0003226203,-0.0006018511,-0.0008939441,-0.001258003,-0.001675955,-0.002197196,-0.002756972,-0.003379391,-0.003940335,-0.004458569,-0.004775682,-0.004989024,-0.004935145,-0.004795949,-0.00428986,-0.003690351,-0.002120697,-0.0001498238,-6.852258e-05,-9.06654e-05,-0.0001247264,-0.0001158092,-0.0001975031,-0.0001122663,9.147872e-05,0.0003731618,0.000139594,-0.0001253311,0.000146058,1.39197e-05,-2.386068e-05,6.087641e-06,4.873636e-05,5.494125e-05
0.0001355837,0.0001521691,0.0001151284,0.0001250731,9.010635e-05,9.072707e-05,6.94285e-05,4.346595e-05,3.983594e-05,2.827455e-05,4.584264e-06,1.068795e-05,-5.415779e-06,-1.392624e-05,-1.434708e-05,-2.930222e-05,-9.667819e-06,-0.0003965376,-0.001189255,-0.0007978203,-6.517882e-05,0.0006728547,0.00123133,0.001602474,0.001773981,0.001837802,0.001798831,0.00173142,0.001596478,0.001449468,0.001262227,0.001117722,0.0009833552,0.0009001659,0.0008164637,0.0007677911,0.0007322952,0.0007423177,0.0007823198,0.0008731022,0.000982568,0.001109691,0.001190519,0.001206825,0.001106341,0.0009038977,0.0005790481,0.0001612159,-0.0003541381,-0.0009117699,-0.001503843,-0.002075293,-0.002626944,-0.003115218,-0.003559064,-0.003927512,-0.004246254,-0.00447479,-0.004626116,-0.004656113,-0.004570803,-0.004323577,-0.003907259,-0.003280349,-0.002476204,-0.001521932,-0.0005299159,0.0003976724,0.001111125,0.001546856,0.001682737,0.00161644,0.00145642,0.00133499,0.001296417,0.001350112,0.001434299,0.001505055,0.001501011,0.001409038,0.001229415,0.001000056,0.0007399132,0.0004632977,0.0001770918,-0.0001142878,-0.0004100808,-0.0007340468,-0.001096373,-0.001532539,-0.002039085,-0.002642241,-0.003287356,-0.003957077,-0.004546011,-0.005039768,-0.005343757,-0.00549005,-0.005395637,-0.005159236,-0.004663271,-0.003999457,-0.002650158,-0.0006730786,-4.370478e-05,-0.0001128274,-9.548801e-05,-0.0001265909,-5.235617e-05,-0.0001149,-0.000298206,-0.0005220122,-0.0002464874,9.378353e-05,-0.0001270953,7.366033e-05,0.0001503097,0.0001726979,0.0001470875,0.0001701054
8.816859e-05,7.964571e-05,9.548807e-05,8.015981e-05,8.506307e-05,7.170971e-05,6.020071e-05,6.95217e-05,4.202066e-05,3.410169e-05,3.127043e-05,2.146983e-06,2.691498e-06,-1.780784e-05,-6.440852e-06,-3.481462e-05,-1.093255e-05,-0.0006659293,-0.001452817,-0.0008893281,-0.000175226,0.0006659842,0.001270544,0.001735046,0.001935006,0.002044242,0.002005836,0.001948193,0.00177411,0.001595149,0.001342763,0.001153871,0.0009622163,0.0008561724,0.0007571822,0.0007370734,0.0007400782,0.0008245299,0.0009465442,0.001134395,0.001324276,0.001512002,0.001630066,0.001678174,0.001595773,0.001403222,0.001063123,0.0006240224,7.369097e-05,-0.0005246668,-0.001172634,-0.001800283,-0.002416923,-0.002974133,-0.003499708,-0.003946383,-0.004337525,-0.004627331,-0.004835686,-0.004904839,-0.004841928,-0.004582129,-0.004138268,-0.003460372,-0.002599205,-0.001575778,-0.0005341718,0.0004265257,0.001132501,0.001545581,0.001640057,0.001560022,0.001398337,0.001305665,0.001286939,0.001375362,0.001475654,0.001567227,0.00155131,0.001457377,0.001253149,0.001019656,0.0007276061,0.0004420899,0.0001145455,-0.000197354,-0.0005596862,-0.0009270564,-0.001385791,-0.001889183,-0.002516296,-0.003176703,-0.003915905,-0.004594375,-0.005240577,-0.005679956,-0.005979309,-0.005996098,-0.005905136,-0.00553158,-0.005104149,-0.004285647,-0.003238329,-0.001100062,-6.324814e-05,-0.0001109739,-0.0001154931,-0.0001305342,-0.0001947932,-0.0001228292,9.248086e-05,0.0003640335,0.0001427449,-0.0001289071,0.0001467581,1.677844e-05,-1.886285e-05,9.798344e-06,5.333715e-05,5.838558e-05
0.0001399083,0.0001529541,0.0001186653,0.000124956,9.290538e-05,8.958534e-05,7.189826e-05,4.183995e-05,4.225764e-05,2.553453e-05,7.577277e-06,6.16747e-06,-1.929139e-06,-2.073725e-05,-1.07971e-05,-3.221329e-05,-2.138227e-05,-0.0008762531,-0.001761535,-0.001052022,-0.0003785406,0.0005773305,0.001209144,0.001794704,0.002019926,0.002206715,0.002147459,0.002106826,0.001871225,0.00166956,0.001330384,0.001098888,0.0008248754,0.0006998589,0.0005630318,0.000580012,0.0006183409,0.0008080374,0.001017829,0.001330489,0.00160278,0.001890892,0.002056522,0.002159077,0.002085009,0.001914214,0.001560371,0.001117284,0.0005240591,-0.0001057872,-0.0008151603,-0.001489676,-0.00218225,-0.002802124,-0.003413981,-0.003929873,-0.004406521,-0.00475509,-0.005026951,-0.005123691,-0.005082721,-0.004806091,-0.004336159,-0.003595708,-0.002674385,-0.001578355,-0.000495159,0.0004883564,0.001168626,0.001544654,0.00159215,0.0014969,0.001337707,0.001279274,0.001294323,0.001420575,0.001536342,0.001639216,0.001615371,0.001510705,0.001284111,0.001032918,0.0007173004,0.0004047929,3.819961e-05,-0.0003205487,-0.000742048,-0.001183586,-0.001729701,-0.002328759,-0.003046749,-0.003787384,-0.004582252,-0.005288595,-0.005927852,-0.006329154,-0.006575045,-0.006523934,-0.006373885,-0.005913674,-0.005458655,-0.004588303,-0.003714493,-0.001401772,-4.546823e-05,-0.0001256591,-9.085603e-05,-0.0001405398,-5.172429e-05,-0.0001255456,-0.0002987959,-0.0005256355,-0.0002473271,9.177183e-05,-0.0001213542,7.176799e-05,0.0001540815,0.0001733272,0.0001518102,0.0001713815
9.533701e-05,8.035733e-05,0.0001011717,7.937853e-05,8.953478e-05,6.978105e-05,6.394048e-05,6.632003e-05,4.55912e-05,3.030015e-05,3.434225e-05,-2.319896e-06,4.908914e-06,-2.23326e-05,-8.657164e-06,-2.707995e-05,-2.677079e-05,-0.001147384,-0.002062042,-0.001322588,-0.0006597454,0.0003675869,0.001076041,0.001753441,0.002048846,0.002275401,0.002235283,0.00218029,0.001912535,0.001640885,0.001233997,0.0009211544,0.0005892559,0.0004049654,0.0002529165,0.0002792653,0.0003795365,0.0006593633,0.0009982946,0.001438046,0.00183606,0.002216526,0.002463846,0.002613611,0.002578142,0.002416247,0.0020689,0.001606533,0.0009913357,0.0003175145,-0.0004329049,-0.001171219,-0.001924964,-0.002623635,-0.003305578,-0.003904784,-0.004452822,-0.004874645,-0.005193772,-0.005329526,-0.005295493,-0.005005647,-0.004488074,-0.003690073,-0.002695324,-0.001538675,-0.0004119688,0.0005691049,0.00121302,0.001529052,0.001529608,0.001415015,0.00127357,0.001251826,0.001306514,0.001467101,0.001604454,0.001712055,0.001673623,0.001549754,0.001297314,0.001022575,0.0006698738,0.0003239299,-9.597775e-05,-0.0005077067,-0.001012975,-0.001532598,-0.002184746,-0.002866727,-0.00368378,-0.004477906,-0.005331122,-0.006023312,-0.006651259,-0.006971247,-0.007190345,-0.007044002,-0.006862484,-0.006295854,-0.0058647,-0.004905339,-0.004179984,-0.001697603,-6.455699e-05,-0.0001121927,-0.0001170942,-0.0001420858,-0.0001954522,-0.0001342232,9.203485e-05,0.0003515627,0.00014641,-0.0001340705,0.0001491951,1.841517e-05,-1.029482e-05,1.244212e-05,6.165107e-05,6.046142e-05
0.0001486217,0.0001508662,0.0001261725,0.0001218257,9.917722e-05,8.570595e-05,7.709254e-05,3.814554e-05,4.625691e-05,2.203467e-05,1.018795e-05,3.458311e-06,-3.214116e-06,-1.925498e-05,-2.458073e-05,-5.331206e-06,-5.796853e-05,-0.001599758,-0.002411004,-0.001727532,-0.00104962,1.681996e-05,0.0008111295,0.001580193,0.001964388,0.002244861,0.002225108,0.002148302,0.001842077,0.001500879,0.001022247,0.0006246318,0.0002238713,-2.200063e-05,-0.0002018972,-0.0001665615,2.586039e-06,0.0003924232,0.0008690302,0.001453395,0.00198868,0.002487252,0.002822641,0.003033576,0.003039436,0.002898733,0.002557954,0.002083048,0.001444977,0.000734265,-5.918925e-05,-0.0008537556,-0.001669987,-0.002443316,-0.003198443,-0.003873901,-0.004493565,-0.004985382,-0.005351684,-0.005512926,-0.005471643,-0.005163892,-0.004597638,-0.003732543,-0.002654767,-0.001438212,-0.0002796457,0.0006795987,0.001269596,0.001505977,0.001459456,0.001330408,0.001221695,0.001239306,0.001348063,0.001537542,0.001699493,0.001798149,0.001749669,0.001588098,0.001311353,0.0009941793,0.0006132436,0.0002058443,-0.0002657935,-0.000765157,-0.001342278,-0.001971702,-0.002706006,-0.003494657,-0.004364207,-0.005222305,-0.006063058,-0.006755268,-0.007308412,-0.007595051,-0.007706448,-0.007527148,-0.007242734,-0.006686189,-0.006163177,-0.00525961,-0.004485938,-0.00219369,-7.480823e-05,-0.0001055066,-0.0001069085,-0.0001456356,-5.85376e-05,-0.0001348667,-0.0003015712,-0.000529393,-0.0002473371,8.774982e-05,-0.0001124254,6.767405e-05,0.0001615715,0.0001715088,0.0001608302,0.0001700357
0.0001046117,8.086723e-05,0.0001085435,7.830987e-05,9.489297e-05,6.785988e-05,6.749993e-05,6.412192e-05,4.736751e-05,2.947785e-05,3.267739e-05,-3.278749e-08,-3.579197e-06,-1.141944e-05,-3.652605e-05,1.043619e-05,-0.0003238028,-0.002224235,-0.002783628,-0.002279043,-0.001531641,-0.0004985241,0.0004457724,0.001261038,0.001778743,0.002067368,0.002121138,0.001988519,0.001676977,0.001228032,0.0007109505,0.0001924319,-0.0002542911,-0.0005956844,-0.0007700071,-0.0007442538,-0.0004819704,-6.363866e-06,0.0006449189,0.001370813,0.002086296,0.00268182,0.00313001,0.003388355,0.00346976,0.003340354,0.003020245,0.002511422,0.001874056,0.001115206,0.0002993525,-0.0005678041,-0.001425294,-0.002285462,-0.003099437,-0.00387204,-0.00453673,-0.005096955,-0.005486886,-0.005691126,-0.005631397,-0.005295368,-0.004645806,-0.003719133,-0.002549419,-0.001290219,-0.0001035991,0.0007976279,0.001321409,0.001461149,0.001378504,0.001234987,0.001178656,0.001236839,0.001406176,0.001617179,0.001807179,0.001883018,0.00181561,0.001604278,0.001300079,0.000926292,0.0004986437,1.592814e-05,-0.0005222699,-0.001119849,-0.001788236,-0.002524071,-0.003341832,-0.004217386,-0.005137163,-0.006007116,-0.006804892,-0.007448369,-0.007937486,-0.008168227,-0.008175144,-0.007937821,-0.007594295,-0.007047881,-0.006462455,-0.005620391,-0.004780707,-0.002853754,-0.0004470424,-7.701849e-05,-0.0001492213,-0.0001367961,-0.0002101042,-0.0001391175,8.428573e-05,0.0003409807,0.000146947,-0.0001378279,0.0001510287,2.11752e-05,-4.787755e-08,1.588915e-05,7.224916e-05,6.276931e-05
0.0001555911,0.0001522803,0.0001315707,0.0001220546,0.0001026718,8.53729e-05,7.863481e-05,3.883609e-05,4.532774e-05,2.438268e-05,5.730619e-06,9.197138e-06,-1.567818e-05,-4.480512e-06,-5.445336e-05,1.049483e-05,-0.0009464494,-0.002890741,-0.003263155,-0.002947645,-0.002166299,-0.001154739,-0.0001023697,0.0007837822,0.001424708,0.001764598,0.00185936,0.001693821,0.001354069,0.0008308982,0.0002529952,-0.0003582056,-0.0008752204,-0.001285708,-0.001475775,-0.001433452,-0.0010868,-0.000490755,0.0003252482,0.001207766,0.002076553,0.00280607,0.003372558,0.003699687,0.003824185,0.003706415,0.00341049,0.002899199,0.002248557,0.001451846,0.0006023394,-0.0003174548,-0.001230412,-0.002161117,-0.003033363,-0.003874732,-0.004600106,-0.00521726,-0.005630903,-0.005843397,-0.005754896,-0.005376374,-0.00464389,-0.003634505,-0.002376407,-0.001077909,0.0001102938,0.000935534,0.001365529,0.001407492,0.001295961,0.00115487,0.001156405,0.001264881,0.001503439,0.00173924,0.001942,0.001979582,0.001886691,0.001616179,0.001274371,0.0008255903,0.0003467659,-0.0002351014,-0.0008501444,-0.001569406,-0.00231859,-0.003174985,-0.004047534,-0.004994027,-0.00588834,-0.006769209,-0.007485209,-0.008078094,-0.008403805,-0.00856122,-0.008471016,-0.008270294,-0.007828427,-0.00732545,-0.006620835,-0.005963382,-0.004972401,-0.003580165,-0.00115353,-8.287878e-05,-0.0001462761,-0.0001349875,-8.098222e-05,-0.0001354098,-0.00031446,-0.0005268055,-0.0002540065,8.87288e-05,-0.0001070772,6.816426e-05,0.0001666475,0.0001740218,0.0001681704,0.0001725968
0.0001119929,8.554206e-05,0.0001134268,8.094448e-05,9.737198e-05,6.952715e-05,6.781243e-05,6.541482e-05,4.558585e-05,3.232653e-05,2.717106e-05,5.902287e-06,-1.604883e-05,1.12989e-06,-5.872452e-05,-2.952132e-07,-0.001308951,-0.003554694,-0.00381132,-0.00370742,-0.002917056,-0.001947634,-0.0007804576,0.0001526511,0.0009225785,0.001289095,0.001450375,0.001250301,0.0009025404,0.0002894565,-0.0003359853,-0.001041865,-0.001601841,-0.002089274,-0.002273809,-0.002218587,-0.001764656,-0.001055629,-5.852771e-05,0.0009752905,0.002019314,0.002856669,0.003538185,0.003921821,0.004112829,0.004005797,0.00373111,0.003199995,0.002549939,0.001715332,0.0008442267,-0.0001339763,-0.001085742,-0.002088855,-0.003009395,-0.003920783,-0.004684338,-0.005356135,-0.005775352,-0.005988324,-0.005843926,-0.005410579,-0.00457983,-0.00348587,-0.002135352,-0.0008149362,0.0003498001,0.001069143,0.001390045,0.001330601,0.001199861,0.001081917,0.001158702,0.001325276,0.001622326,0.00187367,0.002082703,0.002077392,0.001935783,0.001593681,0.001193376,0.0006644644,0.0001015172,-0.0005862261,-0.001303564,-0.002135223,-0.002987729,-0.003932565,-0.004854894,-0.005807803,-0.006667052,-0.00748163,-0.008099522,-0.008561989,-0.008760329,-0.008807403,-0.008660018,-0.008413054,-0.007969307,-0.007489867,-0.006833813,-0.006220078,-0.005232704,-0.004167506,-0.001568294,-7.345148e-05,-0.0001807425,-0.0001294009,-0.0002316052,-0.0001415889,7.03077e-05,0.0003328991,0.0001430307,-0.0001379644,0.0001496376,2.866814e-05,8.34344e-06,2.422276e-05,8.112019e-05,6.971275e-05
0.0001621368,0.0001563191,0.0001360421,0.000124443,0.0001049342,8.672114e-05,7.896342e-05,4.073275e-05,4.358871e-05,2.715556e-05,1.462067e-06,1.356902e-05,-2.555606e-05,2.493816e-06,-6.393097e-05,-7.75083e-06,-0.001567767,-0.004230704,-0.004466827,-0.004512399,-0.003750935,-0.002834113,-0.001624069,-0.0006308955,0.0002295755,0.0006599763,0.0008538483,0.000649152,0.0002689825,-0.000386785,-0.001073139,-0.00183636,-0.002456101,-0.00297704,-0.003171069,-0.003069978,-0.002508428,-0.00164591,-0.0004916522,0.0007006928,0.001887385,0.002851667,0.003617758,0.004068472,0.004300561,0.004226073,0.003950731,0.003413646,0.002746689,0.001897524,0.0009939468,-2.053702e-05,-0.00102294,-0.002072343,-0.003047627,-0.004002656,-0.004809793,-0.005504938,-0.005928576,-0.00610509,-0.005895198,-0.005378612,-0.004453382,-0.003253621,-0.00182465,-0.0004889407,0.0006058765,0.001201391,0.001391076,0.001248286,0.001110804,0.001045866,0.001200101,0.001436976,0.00178768,0.002053005,0.002242836,0.002181666,0.001973417,0.00155009,0.00107067,0.0004444024,-0.0002184559,-0.001029236,-0.001859779,-0.002812801,-0.003744221,-0.004750439,-0.005672408,-0.006609719,-0.00738327,-0.008073853,-0.008503687,-0.008823425,-0.008883899,-0.008865483,-0.008593501,-0.008329684,-0.007879336,-0.007511488,-0.006881297,-0.006379683,-0.005410182,-0.004628159,-0.00162418,-7.791828e-05,-0.0001658852,-0.0001360858,-0.0001006894,-0.0001411786,-0.0003279971,-0.0005264418,-0.0002616049,9.018881e-05,-0.0001016238,7.062132e-05,0.0001719451,0.0001794398,0.0001755936,0.0001781302
0.0001162182,9.573173e-05,0.0001147403,8.855102e-05,9.597853e-05,7.538478e-05,6.449233e-05,7.008971e-05,4.113408e-05,3.707069e-05,2.0949e-05,1.04535e-05,-2.433155e-05,6.353668e-07,-4.843302e-05,-2.946087e-05,-0.001927069,-0.004870845,-0.005096455,-0.005306486,-0.004572896,-0.003768002,-0.002529961,-0.001534613,-0.0005949731,-0.0001403577,0.0001051236,-0.0001164549,-0.0005033942,-0.001203356,-0.001911558,-0.002742733,-0.003403442,-0.00395597,-0.004106607,-0.003934882,-0.00325028,-0.002255988,-0.0009327465,0.0004044825,0.001731988,0.002785664,0.003634583,0.004131023,0.004401838,0.004337658,0.004067757,0.003517294,0.002843191,0.001971646,0.001047282,-4.405691e-06,-0.001039428,-0.002131086,-0.003146086,-0.004149983,-0.004975713,-0.005668254,-0.006065368,-0.006205715,-0.005927638,-0.005295043,-0.004236226,-0.002932698,-0.001448099,-0.0001319642,0.0008601666,0.001298175,0.0013532,0.001152255,0.00103638,0.001041218,0.001279317,0.001589989,0.001984376,0.002255219,0.00239902,0.002260933,0.001959506,0.001447876,0.0008671791,0.0001272044,-0.0006693702,-0.001605432,-0.002563415,-0.003612494,-0.004614379,-0.005626079,-0.006517133,-0.007359248,-0.008008126,-0.008499119,-0.00873868,-0.008855983,-0.008775072,-0.008624837,-0.008306596,-0.008028256,-0.007647181,-0.007323795,-0.006804526,-0.006409778,-0.005613617,-0.00494419,-0.001866351,-7.322728e-05,-0.0001816507,-0.0001393154,-0.0002488098,-0.0001500301,5.550195e-05,0.0003238569,0.0001370177,-0.0001359658,0.000145928,4.106553e-05,1.471562e-05,3.850722e-05,8.764103e-05,8.261217e-05
0.0001597952,0.0001718002,0.0001311385,0.0001373634,9.789675e-05,9.75221e-05,7.076747e-05,5.050401e-05,3.516771e-05,3.505611e-05,-5.49969e-06,1.670349e-05,-2.782265e-05,-1.447415e-05,-1.787154e-05,-5.508686e-05,-0.002646829,-0.005370331,-0.005669182,-0.00596575,-0.005359436,-0.004640028,-0.003485911,-0.002498169,-0.001564082,-0.001053855,-0.0008175849,-0.001016206,-0.001440593,-0.002132258,-0.002890093,-0.003729513,-0.00444414,-0.004967534,-0.005087588,-0.004786771,-0.003985845,-0.002814891,-0.001359642,0.0001249255,0.001529351,0.002687432,0.003583336,0.004135429,0.004390538,0.004335024,0.004052751,0.003523328,0.002816566,0.001941066,0.0009755408,-7.929956e-05,-0.001161132,-0.002265068,-0.003322064,-0.004324431,-0.005182447,-0.005849348,-0.006219598,-0.006260205,-0.005889684,-0.005118477,-0.003945705,-0.002519427,-0.001013081,0.0002590128,0.001094063,0.001375123,0.001288461,0.001069224,0.0009923173,0.001100787,0.001414665,0.00180875,0.002229607,0.002497191,0.002553808,0.0023252,0.001905942,0.001293071,0.0005778639,-0.0002871934,-0.001228938,-0.002294594,-0.003373027,-0.004488363,-0.005518206,-0.006500112,-0.007292721,-0.007957216,-0.008373862,-0.008669529,-0.008701425,-0.008609782,-0.008289079,-0.008000583,-0.0076647,-0.007460098,-0.00711281,-0.006884962,-0.006460436,-0.006290298,-0.005648817,-0.005168437,-0.002339766,-8.779383e-05,-0.0001427696,-0.0001593376,-0.0001166387,-0.0001499982,-0.0003476815,-0.0005227645,-0.0002776334,9.996837e-05,-0.0001040582,8.381314e-05,0.0001693342,0.0001968467,0.0001746786,0.0001957093
0.0001136091,0.0001154922,0.0001088032,0.000104356,8.789357e-05,8.777837e-05,5.607257e-05,7.850591e-05,3.496825e-05,4.078867e-05,1.990602e-05,3.418544e-06,-1.047113e-05,-4.514043e-05,3.451641e-05,-0.0003172134,-0.003713912,-0.005640728,-0.006068588,-0.00632146,-0.00594407,-0.005322731,-0.004349391,-0.003422957,-0.002579044,-0.002060744,-0.001847991,-0.002009247,-0.002464054,-0.003157185,-0.003968891,-0.004791816,-0.005513358,-0.005982048,-0.006046182,-0.005602074,-0.004656572,-0.003302029,-0.00172387,-0.0001124889,0.001355317,0.002571464,0.003469706,0.004048631,0.004295241,0.004251172,0.003930674,0.003397334,0.002662764,0.001791102,0.0007949165,-0.0002616189,-0.001373646,-0.002481674,-0.003569091,-0.004557411,-0.005419157,-0.006045779,-0.006364525,-0.006277411,-0.005775346,-0.004851026,-0.003566761,-0.002030518,-0.0005325777,0.0006487932,0.001286236,0.001405725,0.001197827,0.0009972719,0.0009807649,0.001216254,0.001611566,0.002087612,0.00249331,0.002725232,0.002672068,0.002344029,0.001768032,0.001036092,0.0001570281,-0.0008367398,-0.001954756,-0.003125149,-0.004311001,-0.005430175,-0.006461124,-0.007310515,-0.00795876,-0.008361269,-0.008557864,-0.008546027,-0.008341223,-0.007967878,-0.007524283,-0.007093238,-0.006748863,-0.00647566,-0.006287394,-0.006162317,-0.006060451,-0.005922749,-0.005644124,-0.005160175,-0.003346572,-0.0003622171,-0.0001304145,-0.0001861951,-0.0002523077,-0.0001694285,4.049081e-05,0.0003144502,0.0001271236,-0.000129044,0.000136886,6.250032e-05,1.548033e-05,6.314325e-05,8.785145e-05,0.0001059122
0.0001641743,0.0001833124,0.0001326781,0.0001450089,9.77463e-05,0.0001010768,7.114499e-05,5.033291e-05,3.87387e-05,2.837189e-05,6.001759e-06,-4.089262e-06,2.18425e-06,-7.736144e-05,3.862389e-05,-0.001484395,-0.004718614,-0.005681893,-0.006164523,-0.006250039,-0.006130028,-0.005678021,-0.005048674,-0.004240871,-0.003570342,-0.003051955,-0.00293609,-0.003070398,-0.003582053,-0.004235501,-0.005098754,-0.00588324,-0.006614959,-0.006972988,-0.00696321,-0.006334512,-0.005236005,-0.003670478,-0.00200205,-0.0002841309,0.001187963,0.00245575,0.00331729,0.003907393,0.004100656,0.004065129,0.003691109,0.003160382,0.002380515,0.001525449,0.0004958126,-0.0005413628,-0.00168646,-0.002772089,-0.003886341,-0.004840105,-0.005695407,-0.00622977,-0.006473831,-0.006226,-0.005589377,-0.004481613,-0.003089062,-0.001456452,-1.973545e-05,0.001032809,0.001429798,0.001398427,0.001100403,0.0009705279,0.001040337,0.001417724,0.001879922,0.002427639,0.002796006,0.002968781,0.002755355,0.002296245,0.001541409,0.0006788066,-0.0003863206,-0.00151883,-0.002800244,-0.004048918,-0.005309445,-0.00638803,-0.007316777,-0.007938089,-0.008364017,-0.008488283,-0.008422962,-0.00803793,-0.007536594,-0.006902165,-0.006346493,-0.005800921,-0.005407546,-0.005115769,-0.005072379,-0.005094166,-0.005264292,-0.005295604,-0.005409293,-0.005048422,-0.004257177,-0.00169601,-0.0001068028,-0.0002260861,-0.0001059548,-0.0001843879,-0.0003539086,-0.0005356335,-0.0002843039,0.000100868,-9.736359e-05,9.174265e-05,0.0001753,0.0002110593,0.0001814947,0.0002101559
0.0001239934,0.0001252227,0.0001152497,0.0001093343,9.175159e-05,8.847677e-05,5.968037e-05,7.46802e-05,4.143811e-05,3.169449e-05,3.204711e-05,-1.653395e-05,1.466074e-05,-9.138269e-05,2.363559e-05,-0.001996233,-0.005164325,-0.005393552,-0.005646061,-0.005648185,-0.005741798,-0.00560375,-0.005339614,-0.004816583,-0.004368072,-0.003983693,-0.003953296,-0.004138312,-0.004680679,-0.005340707,-0.006193756,-0.006978531,-0.007678577,-0.007936688,-0.007756383,-0.006919563,-0.005641812,-0.003929322,-0.002157101,-0.0003778454,0.00109976,0.002337543,0.003155272,0.003702002,0.003847365,0.00377221,0.003358137,0.002798041,0.001996227,0.001134999,0.0001019907,-0.000931956,-0.002072051,-0.003144528,-0.004253695,-0.005192864,-0.005984467,-0.00639614,-0.006505268,-0.006115499,-0.005334198,-0.004026914,-0.002488757,-0.0008225931,0.0005019035,0.001356422,0.001514439,0.001332484,0.001013782,0.0009889312,0.001188062,0.001686957,0.002215686,0.00279415,0.003107711,0.003166919,0.002763477,0.002125897,0.001182458,0.0001559725,-0.001094536,-0.002371911,-0.003785787,-0.005080217,-0.006337811,-0.007288237,-0.008031086,-0.00836855,-0.008501147,-0.00826315,-0.00786541,-0.007128786,-0.006371573,-0.005472106,-0.004761041,-0.004067191,-0.003702877,-0.00343915,-0.003545758,-0.003658123,-0.004089871,-0.004412812,-0.00497924,-0.004894994,-0.00472895,-0.00197138,-0.0001256021,-0.0002415342,-0.0002463943,-0.0002070219,3.675108e-05,0.0002900418,0.0001296126,-0.0001349217,0.0001414091,7.439354e-05,3.054856e-05,7.901904e-05,0.0001020745,0.0001200265
0.0001739383,0.0001928985,0.0001384596,0.0001501027,0.0001007574,0.0001024415,7.328831e-05,4.929263e-05,4.184655e-05,2.412642e-05,1.254124e-05,-1.522805e-05,1.439148e-05,-9.790815e-05,7.366183e-06,-0.001968449,-0.005067705,-0.004551986,-0.004437131,-0.004359276,-0.004720222,-0.004952229,-0.005142762,-0.005009639,-0.004904823,-0.004729089,-0.004847628,-0.005107081,-0.005722706,-0.006409771,-0.007287211,-0.008026844,-0.008665684,-0.008778732,-0.008422393,-0.007348645,-0.005882263,-0.004010995,-0.002170992,-0.0003715129,0.001050862,0.002240064,0.002981654,0.003464466,0.003520672,0.00338167,0.002918222,0.002341994,0.001508564,0.0006436681,-0.0003951236,-0.001406631,-0.002545255,-0.003592661,-0.004672938,-0.005535398,-0.006257378,-0.006548989,-0.006503653,-0.005900403,-0.004920081,-0.003440498,-0.001810045,-0.0001535528,0.0009982445,0.00160658,0.001533914,0.001258808,0.0009777403,0.001094769,0.001436322,0.002052677,0.002631661,0.003202285,0.003411973,0.003297639,0.002676312,0.001834652,0.0006904199,-0.0005250094,-0.001955243,-0.003364548,-0.004852354,-0.006134827,-0.007268126,-0.007993198,-0.008464078,-0.008486153,-0.008233102,-0.007573794,-0.00676803,-0.005759859,-0.004742976,-0.003631247,-0.002703548,-0.001930076,-0.001552165,-0.00138415,-0.001548668,-0.00186989,-0.002493136,-0.003234483,-0.004102126,-0.004577344,-0.004650022,-0.001727149,-0.0001023127,-0.0002572761,-0.000117935,-0.0002119819,-0.0003715624,-0.0005486131,-0.0002947832,0.0001026734,-8.828297e-05,0.0001003419,0.0001865808,0.0002255465,0.0001941271,0.0002237822
0.0001385631,0.0001343616,0.0001245652,0.0001131724,9.714719e-05,8.873316e-05,6.298497e-05,7.223993e-05,4.480391e-05,2.819233e-05,3.550737e-05,-2.194629e-05,1.498916e-05,-8.223757e-05,-1.535274e-05,-0.001893832,-0.004396242,-0.003005401,-0.002440434,-0.002277267,-0.002927798,-0.003621219,-0.004332838,-0.004714253,-0.005019407,-0.005179071,-0.005490731,-0.005902277,-0.006600212,-0.007385219,-0.008291016,-0.008998764,-0.009495731,-0.009454233,-0.008875816,-0.007595525,-0.005909695,-0.003918513,-0.002018868,-0.0002619057,0.001099675,0.002163933,0.002802017,0.003165696,0.003153393,0.002928843,0.002411271,0.001775508,0.0009341611,5.218698e-05,-0.0009633371,-0.001970025,-0.00307383,-0.004105207,-0.0051182,-0.005897565,-0.006494284,-0.006662196,-0.006412011,-0.0055838,-0.004361549,-0.002748708,-0.001055626,0.0005032714,0.001433883,0.001747909,0.001497386,0.001180431,0.001018044,0.001289311,0.001781204,0.002489445,0.003116049,0.003610591,0.003645201,0.00328189,0.002441729,0.00136239,6.463476e-06,-0.001410798,-0.002981646,-0.004496111,-0.005981922,-0.007156469,-0.008054241,-0.008474279,-0.008565879,-0.008166722,-0.007484675,-0.006435615,-0.00528471,-0.003944177,-0.002654659,-0.001355528,-0.000344687,0.0004757663,0.0008928096,0.001078303,0.0007989723,0.0002708904,-0.0006873081,-0.001664726,-0.002932876,-0.003861004,-0.00452738,-0.001663671,-0.0001190601,-0.0002495415,-0.0002713086,-0.0002340124,1.900968e-05,0.0002702864,0.0001275836,-0.0001385278,0.0001467774,8.936693e-05,4.964876e-05,9.687946e-05,0.0001209814,0.0001347662
0.0001988218,0.000191088,0.0001580426,0.0001435286,0.0001158701,9.257379e-05,8.561381e-05,3.920723e-05,5.211426e-05,1.559311e-05,1.965479e-05,-1.920659e-05,4.233751e-06,-5.339007e-05,-4.948396e-05,-0.001943959,-0.003156496,-0.0006931809,0.0002887606,0.0005874664,-0.0004172603,-0.001578591,-0.002941383,-0.003873177,-0.004672103,-0.005186919,-0.005834084,-0.006474216,-0.00733542,-0.008191925,-0.009130104,-0.009806279,-0.01018004,-0.009926504,-0.009108287,-0.007603223,-0.005723283,-0.003622899,-0.001721118,-4.939349e-05,0.001185739,0.002113681,0.002615541,0.002843595,0.002719996,0.002403894,0.001825361,0.00113664,0.0002745986,-0.0006150779,-0.001613509,-0.002597843,-0.0036541,-0.00463838,-0.005581894,-0.006276089,-0.006706965,-0.006663344,-0.00617711,-0.005128379,-0.003697848,-0.001957845,-0.0002622734,0.001120093,0.00177829,0.001814688,0.001434201,0.001156998,0.001169911,0.001617672,0.002253413,0.003017857,0.003626083,0.003978799,0.003796235,0.003149976,0.00203475,0.0006927507,-0.0008687962,-0.002470994,-0.004148,-0.005677974,-0.007031734,-0.007987311,-0.008569078,-0.008603633,-0.008177261,-0.007291138,-0.006167167,-0.004781037,-0.003288639,-0.001648911,-0.0001316719,0.001274293,0.002372145,0.003233257,0.003666275,0.003798838,0.003455917,0.002806658,0.00164635,0.0003171797,-0.001430362,-0.002865338,-0.004185406,-0.001998734,-0.0001080152,-0.00025012,-0.0001489427,-0.0002435748,-0.0003904173,-0.0005739068,-0.0002984757,9.459608e-05,-6.545288e-05,9.962428e-05,0.0002143612,0.0002309656,0.0002233566,0.0002270918
0.0001734355,0.00012716,0.0001524265,0.0001007073,0.0001188138,7.390403e-05,7.962338e-05,5.821868e-05,5.67613e-05,2.063561e-05,3.679681e-05,-1.241697e-05,-2.514424e-05,2.141519e-05,-0.0001385646,-0.002364283,-0.001071678,0.00227533,0.003813452,0.004036904,0.002735235,0.0010337,-0.0008784771,-0.002457188,-0.00377628,-0.004810112,-0.005787709,-0.006761522,-0.007796417,-0.008819926,-0.009736953,-0.01041485,-0.01062134,-0.01018793,-0.009042507,-0.007320649,-0.005260677,-0.0031722,-0.001280712,0.0002379508,0.001355145,0.002057152,0.002422029,0.002464284,0.002258017,0.001811948,0.001187861,0.0004061881,-0.0004430696,-0.001360791,-0.002305486,-0.003289593,-0.004253157,-0.005200951,-0.006031141,-0.006652096,-0.006834772,-0.006547455,-0.005769263,-0.00455174,-0.002931952,-0.001115499,0.0005451532,0.001637931,0.002012852,0.001788527,0.001386552,0.001201956,0.001457651,0.002068,0.002850942,0.003585375,0.004120042,0.00423363,0.003793309,0.002793481,0.001404098,-0.0002179755,-0.001952372,-0.003726565,-0.005406794,-0.006856399,-0.007953091,-0.008584167,-0.008683755,-0.008214395,-0.007255921,-0.00592484,-0.004352275,-0.002604419,-0.0007953764,0.001017379,0.002669564,0.004137194,0.005274381,0.006142898,0.006577977,0.006694731,0.006296122,0.005578528,0.004264897,0.002639729,0.0004023782,-0.001615968,-0.003565051,-0.002745713,-0.0001909876,-0.0002079936,-0.0003256748,-0.0002641398,2.882317e-06,0.0002375719,0.0001383763,-0.0001574827,0.0001712422,9.103483e-05,9.072885e-05,0.0001007866,0.0001618811,0.0001341639
0.0002270312,0.0001906119,0.0001784876,0.0001382255,0.0001292558,8.610815e-05,9.232208e-05,3.71075e-05,5.015355e-05,2.503474e-05,1.238071e-06,1.716351e-05,-7.064277e-05,6.065313e-05,-0.001002785,-0.002500136,0.001782698,0.005806855,0.007836322,0.007843454,0.006320823,0.004058613,0.00164065,-0.000575142,-0.002424666,-0.004018626,-0.005384993,-0.006730917,-0.007996187,-0.00922493,-0.01016826,-0.01077789,-0.01077628,-0.01012652,-0.008694857,-0.006780624,-0.004584612,-0.002533155,-0.000727235,0.0005778463,0.001502502,0.001981516,0.002197159,0.002055933,0.001727514,0.00113941,0.0004684366,-0.0003765711,-0.001223601,-0.002154726,-0.00303711,-0.003998932,-0.004901144,-0.005793738,-0.006452451,-0.006872957,-0.006824026,-0.006330189,-0.005263028,-0.003809239,-0.002005006,-0.0002199833,0.001283917,0.00203937,0.002126002,0.001721535,0.001402483,0.001401684,0.00191444,0.002658703,0.003524225,0.004187852,0.004574327,0.004361267,0.003576995,0.002192676,0.0005333358,-0.001349245,-0.003212059,-0.005061683,-0.006624077,-0.007888381,-0.008593878,-0.008762175,-0.008230518,-0.007206057,-0.005717539,-0.003979571,-0.001968094,6.206711e-05,0.002123265,0.00398849,0.005740547,0.00715337,0.00831046,0.009066357,0.009592638,0.009639204,0.0093337,0.008429203,0.007141972,0.00520203,0.002876675,4.846868e-06,-0.002421757,-0.00382909,-0.001342386,-0.0002009533,-0.0002404942,-0.0002478625,-0.000439354,-0.0005909925,-0.000314722,9.428348e-05,-4.358833e-05,0.0001050975,0.0002461487,0.0002411123,0.0002569669,0.0002331223
0.000188186,0.0001443117,0.0001584382,0.0001116557,0.0001171059,8.299026e-05,7.109074e-05,6.973643e-05,4.158512e-05,4.177454e-05,9.169831e-06,2.776368e-05,-8.636487e-05,3.162234e-05,-0.001781379,-0.001353436,0.005279467,0.009815549,0.01203566,0.01173789,0.009987781,0.00726032,0.004432745,0.001649173,-0.0006999772,-0.002854749,-0.004649411,-0.00640787,-0.007921729,-0.009357415,-0.01032901,-0.01085998,-0.01059443,-0.009703852,-0.008011197,-0.00597567,-0.003708336,-0.001761404,-0.0001131071,0.0009338385,0.001641816,0.001866511,0.001901681,0.001569794,0.001130798,0.0004158407,-0.0003153924,-0.001224687,-0.002056803,-0.002986291,-0.003801582,-0.004734033,-0.005548699,-0.006353495,-0.006809911,-0.006998904,-0.006673018,-0.005945019,-0.004587837,-0.002931557,-0.001013378,0.0006529948,0.001914214,0.002295412,0.002135129,0.001660016,0.00153469,0.001776113,0.002537753,0.003357592,0.004224525,0.004752019,0.004900008,0.004264487,0.003067287,0.001299054,-0.0006060795,-0.002703748,-0.004620017,-0.006419706,-0.007733338,-0.008649233,-0.008804013,-0.008383617,-0.007206393,-0.005640048,-0.003596831,-0.001452303,0.0008868639,0.003066323,0.005242301,0.007098224,0.008823613,0.01012606,0.01125445,0.01191749,0.01239793,0.01239706,0.01218061,0.01131135,0.01005779,0.007991371,0.00555786,0.002170908,-0.001057012,-0.004091094,-0.002583758,-0.0002063243,-0.0004270493,-0.0002610097,-5.667087e-05,0.0002354667,0.0001178499,-0.0001472704,0.0001722067,0.000123666,0.0001124565,0.000133684,0.0001837666,0.0001600026
0.0002380015,0.0002113517,0.0001808926,0.0001521989,0.0001245614,9.621733e-05,8.301745e-05,4.816817e-05,3.77069e-05,4.019151e-05,-1.319712e-05,3.574371e-05,-8.507854e-05,-1.498875e-06,-0.001200119,0.001217259,0.009276437,0.01399539,0.01605006,0.01532386,0.01331224,0.01033137,0.007207731,0.004000465,0.001192274,-0.001424713,-0.003690353,-0.005855592,-0.007652713,-0.009198551,-0.01016117,-0.01058225,-0.01010287,-0.008930868,-0.007031113,-0.004908103,-0.002688764,-0.0008969289,0.0004859396,0.001247954,0.001674581,0.0016775,0.001503149,0.001008992,0.0004230562,-0.0003877975,-0.001188024,-0.002107946,-0.002937187,-0.00383714,-0.004635788,-0.005477408,-0.006160708,-0.006795779,-0.007085386,-0.007047067,-0.006391497,-0.00531276,-0.003719875,-0.001924466,-1.725487e-05,0.001463985,0.002362844,0.002416837,0.002098087,0.001718157,0.001839329,0.002368102,0.003303928,0.004181042,0.004955218,0.005232793,0.004970575,0.003879792,0.002254677,0.0001586511,-0.001984251,-0.00416872,-0.006046348,-0.007641544,-0.008584886,-0.008912778,-0.00840002,-0.007302319,-0.005527955,-0.003403016,-0.0008857163,0.001581445,0.004086469,0.006336768,0.008495566,0.01023224,0.01178011,0.01291569,0.01394649,0.01452977,0.01489718,0.01486319,0.0147232,0.01403555,0.01295123,0.0109167,0.00836104,0.004747451,0.0008434824,-0.002972487,-0.001831815,-0.000221567,-0.0003053861,-0.0002654021,-0.0005023896,-0.0006051457,-0.0003489853,0.0001117949,-3.496822e-05,0.0001340926,0.0002653446,0.0002765667,0.0002761958,0.0002625978
0.0002019795,0.0001667111,0.0001622447,0.0001252152,0.0001141082,9.101693e-05,6.503904e-05,7.420336e-05,3.783928e-05,4.41337e-05,1.350523e-05,1.885913e-05,-5.288125e-05,-3.205587e-05,-2.226141e-05,0.004823377,0.0135128,0.01791059,0.01949554,0.01829949,0.01610823,0.0130078,0.009741671,0.006264706,0.003110379,7.424021e-05,-0.002582795,-0.005086022,-0.007119168,-0.008766722,-0.009663141,-0.009918582,-0.009229533,-0.007828483,-0.005752862,-0.003597464,-0.001552333,-4.803951e-05,0.0010042,0.001455784,0.001602054,0.001355335,0.0009678275,0.0003172781,-0.000381807,-0.001259463,-0.002125482,-0.003065269,-0.003869818,-0.004709406,-0.005447443,-0.006189769,-0.006731157,-0.007164977,-0.007221443,-0.006900026,-0.005897428,-0.004490948,-0.002700276,-0.0008588721,0.0009233706,0.002126948,0.002643592,0.002437189,0.002099935,0.001945355,0.002362823,0.003141462,0.004181883,0.005038682,0.005604816,0.005492181,0.004726745,0.003144677,0.00109369,-0.001280092,-0.003547494,-0.00568929,-0.007378929,-0.008568848,-0.008927387,-0.008567044,-0.007364021,-0.005555034,-0.003150751,-0.000519577,0.002266674,0.004906192,0.007431028,0.009605244,0.0115483,0.01313303,0.01445191,0.01535415,0.01601828,0.01643992,0.01682726,0.01694997,0.01680455,0.01622047,0.01524915,0.01370689,0.0112625,0.007718862,0.003177339,-0.001350984,-0.001171235,-0.0002018686,-0.0004565796,-0.0003131079,-9.625057e-05,0.0002117112,0.0001077817,-0.0001426339,0.0001813202,0.0001624758,0.0001401627,0.0001751379,0.0002079617,0.0001932606
0.0002471791,0.0002387319,0.0001799208,0.000169237,0.0001180804,0.0001055762,7.603219e-05,5.199477e-05,3.631324e-05,3.709527e-05,3.231404e-06,9.174916e-06,-1.642138e-05,-6.478858e-05,0.001309423,0.009047173,0.01759789,0.02106868,0.02191071,0.02043204,0.0182324,0.01508557,0.0117739,0.008217252,0.004859185,0.001554496,-0.001434183,-0.004162995,-0.006374678,-0.008042265,-0.008878102,-0.008876674,-0.007963186,-0.006350748,-0.004265137,-0.002205445,-0.0004427576,0.0007458308,0.001379092,0.001479243,0.001280033,0.0008516614,0.0002785955,-0.0004882032,-0.001332352,-0.002252517,-0.003159497,-0.004064126,-0.004852341,-0.005572982,-0.006195442,-0.006817479,-0.007283132,-0.007461775,-0.007166564,-0.006399409,-0.005164639,-0.00353608,-0.001628742,0.0002347612,0.001769011,0.002626289,0.002771353,0.002457385,0.002227531,0.002408847,0.003122663,0.004133699,0.005150219,0.005832155,0.006010943,0.005464034,0.004119588,0.002053291,-0.0003755559,-0.00287768,-0.005178418,-0.007102584,-0.008404644,-0.008935612,-0.008596795,-0.007463216,-0.005539025,-0.003026369,-0.000131536,0.002838641,0.005737945,0.008399163,0.01075828,0.0127122,0.01433344,0.01561154,0.01655645,0.01716224,0.01754482,0.01780151,0.01808009,0.0182004,0.01818544,0.01784439,0.01723068,0.01603256,0.01411077,0.0107625,0.006181181,0.0001219089,-0.001066037,-0.0002291469,-0.0003128677,-0.0003267942,-0.0005643499,-0.0006381134,-0.0003838582,0.0001324518,-2.242351e-05,0.0001737079,0.0002884534,0.0003240605,0.0002958245,0.0003019437
0.0002063569,0.0002023155,0.0001560368,0.0001485116,0.0001023289,0.0001048272,5.376107e-05,7.909633e-05,3.662716e-05,3.798942e-05,3.675621e-05,-1.738207e-05,2.669162e-05,-8.778855e-05,0.002870484,0.01351263,0.02101731,0.02345921,0.0232889,0.02164371,0.01940859,0.01649151,0.01330727,0.009849624,0.006345023,0.002905166,-0.0002846246,-0.003103061,-0.005400161,-0.006972055,-0.007699365,-0.00744803,-0.006338879,-0.004586517,-0.002619286,-0.000784346,0.0005664764,0.001333419,0.001490529,0.001259917,0.0007603006,0.0001482556,-0.0006201876,-0.001474005,-0.002417517,-0.003353182,-0.004276451,-0.005087077,-0.005811251,-0.006417886,-0.006959873,-0.007399626,-0.007655323,-0.00751488,-0.006895404,-0.005755763,-0.004244854,-0.00241,-0.0004830574,0.001244024,0.002423725,0.002932224,0.002826155,0.002561683,0.00257172,0.003122161,0.004101977,0.005223243,0.006082665,0.006442422,0.006119033,0.005015534,0.003066869,0.0005702346,-0.002107359,-0.004599667,-0.006709393,-0.008190301,-0.008888138,-0.00865634,-0.007527252,-0.005541539,-0.002904974,0.0001554894,0.00335121,0.006460856,0.009273211,0.01171581,0.01375697,0.0154142,0.01662849,0.01736333,0.01780653,0.01809674,0.01834003,0.01843597,0.01841941,0.0184318,0.0185877,0.01867625,0.01854758,0.01768983,0.01636702,0.01364272,0.009506369,0.002603579,-0.001447959,-0.0002233276,-0.0004535696,-0.0004024733,-0.0001415264,0.0001866649,8.924822e-05,-0.0001257686,0.000185641,0.0002232535,0.0001637873,0.0002376993,0.0002255055,0.0002437284
0.0002663228,0.0002605739,0.0001870675,0.0001788701,0.0001189798,0.0001050308,7.764375e-05,4.39899e-05,4.647618e-05,2.090814e-05,3.461388e-05,-2.075471e-05,1.947597e-05,-0.0001705647,0.005503939,0.01773577,0.02341449,0.0248649,0.02370117,0.02195545,0.0197342,0.01726722,0.01427352,0.01103959,0.007539256,0.004166038,0.0008722188,-0.001937314,-0.004216726,-0.005559749,-0.006093687,-0.005628061,-0.004464721,-0.002691629,-0.00096763,0.0005271441,0.001339489,0.001616374,0.001270742,0.0007304316,-4.478557e-05,-0.0007976303,-0.001738669,-0.002638224,-0.003658545,-0.004570574,-0.005458446,-0.006096756,-0.006728871,-0.007225838,-0.007728058,-0.007873355,-0.007798962,-0.007274119,-0.006399298,-0.004946522,-0.0031687,-0.001171958,0.0006262503,0.00212817,0.002915979,0.003112164,0.002872847,0.002852607,0.003215053,0.004150605,0.005237091,0.006296157,0.006837394,0.006799207,0.005846936,0.004091422,0.001564382,-0.00120157,-0.003962615,-0.006220102,-0.007899132,-0.008695141,-0.008633449,-0.007506702,-0.005535839,-0.002744145,0.0004309882,0.003856882,0.007117956,0.01013948,0.01264756,0.01474389,0.01627939,0.01741297,0.01803063,0.01833322,0.01833499,0.01824814,0.01807863,0.01795805,0.01787847,0.01796341,0.01815027,0.01840696,0.01862965,0.01861438,0.01809312,0.01643837,0.01277941,0.006183942,-0.001410337,-0.001186862,-0.0002900744,-0.0004663831,-0.0005984238,-0.0007155381,-0.0004015391,0.0001393214,1.315097e-05,0.0002106969,0.0003326249,0.0003717782,0.0003311209,0.0003385021
0.0002551104,0.0001997964,0.0001883644,0.0001342725,0.0001252636,8.388851e-05,7.263738e-05,5.424571e-05,5.80786e-05,1.695294e-05,6.02711e-05,-9.605248e-06,-2.484792e-05,0.0005133701,0.009670642,0.0218062,0.02482466,0.02489114,0.02312463,0.02161511,0.01962406,0.01753679,0.01485635,0.0118916,0.008587015,0.005304717,0.002108296,-0.0005807485,-0.002662739,-0.003823392,-0.004128268,-0.003541756,-0.002367791,-0.0008004965,0.0005821878,0.00154426,0.001777836,0.001476391,0.0007015498,-0.0001614711,-0.001106206,-0.002029642,-0.003071065,-0.004030861,-0.004989141,-0.005801401,-0.006603683,-0.007182399,-0.007662148,-0.007961517,-0.008197209,-0.008141277,-0.007779494,-0.006887946,-0.005603896,-0.003858822,-0.001933753,2.955772e-05,0.001638322,0.002782818,0.003214082,0.003217734,0.003097154,0.003409729,0.004172574,0.00534686,0.00643663,0.007237686,0.007328502,0.006666123,0.005014317,0.002628363,-0.0002934704,-0.003165669,-0.005717637,-0.007505612,-0.008522667,-0.008497046,-0.007491451,-0.005400887,-0.002607075,0.000755767,0.004264579,0.007781517,0.01085653,0.01351736,0.01557616,0.01714826,0.01802269,0.01845584,0.01843574,0.01834626,0.01790453,0.01742426,0.0167549,0.01644335,0.01632013,0.01654109,0.01667712,0.01714594,0.01757389,0.01850003,0.01872957,0.01853284,0.01583247,0.01030772,0.0002997145,-0.002969956,-0.0004986234,-0.000581357,-0.0001280562,8.58618e-05,0.0001341893,-0.0001630348,0.0002539147,0.0002460134,0.0002472871,0.0002639354,0.0002943553,0.0002567809
0.0003219309,0.0002520813,0.0002246837,0.0001595493,0.0001445964,8.108748e-05,9.488816e-05,2.418826e-05,5.491516e-05,2.21354e-05,2.152718e-05,5.237753e-05,-7.528339e-05,0.002304153,0.0144647,0.02468944,0.02507082,0.02382698,0.02182265,0.02083929,0.01920234,0.01758507,0.01521395,0.01261674,0.009501876,0.006439137,0.003453006,0.001049681,-0.000790939,-0.001749729,-0.001957862,-0.001311538,-0.0002449451,0.0009708333,0.001786129,0.002078893,0.001715376,0.0008970398,-0.0002698934,-0.001427812,-0.002547687,-0.003538165,-0.004568974,-0.005517708,-0.006423308,-0.007144127,-0.007765837,-0.008186666,-0.00848838,-0.008565036,-0.00848554,-0.008182181,-0.007507435,-0.006241901,-0.004552702,-0.00258182,-0.0006580799,0.001135317,0.002463997,0.003231121,0.003409977,0.003420438,0.003611261,0.004317097,0.00537436,0.006598434,0.007559636,0.007933914,0.007386363,0.005939473,0.003615105,0.0007329006,-0.002365555,-0.005073127,-0.007101399,-0.008195589,-0.008333464,-0.007312262,-0.005282142,-0.002354041,0.001065456,0.004786905,0.008379181,0.01166338,0.01434927,0.01645838,0.0178028,0.01856931,0.01877008,0.01864525,0.01810888,0.01730878,0.01634035,0.01551486,0.01478142,0.0142954,0.01389841,0.01390083,0.01422256,0.01504575,0.01604002,0.01714455,0.0182067,0.01909237,0.01877114,0.01464555,0.004204868,-0.0008366135,-0.000348949,-0.0005737616,-0.0006637627,-0.0008262384,-0.0004017493,0.000125288,9.223151e-05,0.0002282442,0.000424642,0.00039634,0.0004087558,0.0003469384
0.0003042814,0.0002000576,0.0002180645,0.0001239375,0.0001394975,7.225983e-05,7.25732e-05,5.242054e-05,4.155699e-05,4.973168e-05,6.025263e-06,0.0001071138,-0.0001010425,0.004752678,0.01928797,0.02533995,0.02409878,0.02219522,0.02048964,0.01982754,0.01869694,0.01761387,0.01560356,0.01333561,0.01048345,0.007729721,0.005063473,0.002940434,0.001364634,0.000574267,0.0004419957,0.0009139729,0.001649383,0.002307123,0.002523382,0.002136282,0.001128757,-0.0002724916,-0.00171895,-0.003037092,-0.004185505,-0.005262278,-0.006224419,-0.007109967,-0.007881712,-0.008539656,-0.008876995,-0.009020441,-0.009061231,-0.009036268,-0.008736282,-0.008005241,-0.006794238,-0.005227549,-0.003338977,-0.001356816,0.0005584291,0.002075236,0.003096972,0.003521928,0.003656905,0.003839765,0.004471559,0.005498312,0.006777437,0.007852081,0.008403706,0.008061916,0.006808595,0.004593689,0.001728588,-0.001467394,-0.004372944,-0.00664623,-0.007910088,-0.008114473,-0.007102119,-0.005073538,-0.0020888,0.001449783,0.005303231,0.009003634,0.0123823,0.0151253,0.01722988,0.01848058,0.01904208,0.01898295,0.0185388,0.01768361,0.01657384,0.01522979,0.01397889,0.01279609,0.01187708,0.01111002,0.01070509,0.01062714,0.01104185,0.01184718,0.01314356,0.01478891,0.01680727,0.01884356,0.02008465,0.01848564,0.008776006,0.0005462796,-0.0005488981,-0.0006389542,-0.0002247022,3.726852e-05,0.0001387027,-0.0001665071,0.000317409,0.0002990423,0.0003370879,0.0003084608,0.0003687688,0.0002772494
0.0003654334,0.0002605444,0.0002448154,0.0001580649,0.0001471802,8.017266e-05,8.046475e-05,3.738789e-05,1.800479e-05,7.495667e-05,-4.487289e-05,0.0001448084,-9.58586e-05,0.007735146,0.02391011,0.02492434,0.0224152,0.01983603,0.01924948,0.01878578,0.0185341,0.01761881,0.01615123,0.01405084,0.01171766,0.009234832,0.006962621,0.005005745,0.003712925,0.00293483,0.002774784,0.002836812,0.003118404,0.003064441,0.002601363,0.001427497,-0.0001062527,-0.00194885,-0.00354066,-0.00496686,-0.006041219,-0.007134846,-0.007995844,-0.008794523,-0.009303451,-0.009723592,-0.009805925,-0.009794726,-0.009551963,-0.009249345,-0.008539532,-0.007469821,-0.00587315,-0.0040661,-0.002008955,-8.548511e-05,0.001638109,0.002794871,0.003538987,0.003822479,0.004136477,0.004622654,0.005658898,0.006897814,0.0081785,0.008845996,0.008752095,0.00759576,0.005578041,0.002690571,-0.0005031428,-0.003661982,-0.006076229,-0.007572865,-0.007773797,-0.006862238,-0.00476015,-0.001803681,0.001923918,0.005822804,0.009699632,0.0131187,0.01600035,0.01794772,0.01908713,0.01938192,0.01923299,0.01843204,0.01724776,0.01564673,0.01403951,0.01240123,0.01089266,0.009428112,0.008269087,0.007389837,0.006977701,0.006880583,0.007245305,0.008051811,0.009453679,0.01160302,0.0142355,0.01746169,0.02011462,0.02174896,0.01449445,0.00223736,-0.0003314548,-0.000605262,-0.0008528694,-0.0009034342,-0.0004528846,0.0001571786,0.0001619143,0.0002864988,0.0005158033,0.0004519625,0.0004801481,0.0003764943
0.0003065407,0.0002497037,0.0001982514,0.0001593597,0.0001052495,0.0001035886,2.747282e-05,8.48631e-05,-4.74667e-06,8.567048e-05,1.172015e-05,2.33317e-06,0.0001573204,0.01330273,0.02651275,0.02340208,0.02006682,0.01748946,0.01806073,0.01799659,0.01859341,0.0178179,0.01699067,0.01504082,0.01314345,0.01078691,0.009013624,0.007270376,0.006131984,0.005083333,0.004618702,0.004200482,0.003948775,0.003090031,0.001881736,-1.986917e-05,-0.001974823,-0.00407738,-0.005686857,-0.007094211,-0.008053582,-0.009082376,-0.009780917,-0.01040955,-0.01060102,-0.01070179,-0.01055599,-0.01040954,-0.009856199,-0.009128539,-0.00793282,-0.006612424,-0.004752717,-0.002782616,-0.0006701736,0.001052941,0.002521717,0.003385629,0.003965333,0.004239435,0.004852542,0.005796618,0.007184445,0.008388252,0.00927043,0.009277097,0.008454081,0.006446755,0.003702936,0.0003714432,-0.002805365,-0.005538241,-0.007101967,-0.007506041,-0.006507622,-0.004485186,-0.001367306,0.002333153,0.00645228,0.01035565,0.01394407,0.01668713,0.0186501,0.01962158,0.01989463,0.01935006,0.01822715,0.01657932,0.01479729,0.01282088,0.01086761,0.008854959,0.007091051,0.005520859,0.004282315,0.003352415,0.002832947,0.002719789,0.003028108,0.003925639,0.005365277,0.007626738,0.01047879,0.01448301,0.01898734,0.0239217,0.0210495,0.004901952,-0.0008033155,-0.0007373273,-0.0004322705,5.7629e-05,7.523508e-05,-9.184766e-05,0.0003401815,0.0004344076,0.0003909658,0.0004210985,0.000400406,0.0003540618
0.0003220046,0.0003524104,0.0001868905,0.0002252063,8.657201e-05,0.0001254154,3.03807e-05,5.605422e-05,5.838974e-06,3.240911e-05,0.0001101095,-0.0001242132,0.004007642,0.02046801,0.02641136,0.02037506,0.01697057,0.01572447,0.01687224,0.01762806,0.01869953,0.01840402,0.01771333,0.01613073,0.01453471,0.01268728,0.01099949,0.009316766,0.007956504,0.006782148,0.005840934,0.004867076,0.003731855,0.00221278,0.0002352295,-0.002102988,-0.004465152,-0.006489284,-0.008080632,-0.009306876,-0.01031866,-0.0109794,-0.01140593,-0.01167146,-0.0118238,-0.01170645,-0.01119461,-0.0105056,-0.009725257,-0.008711267,-0.007317502,-0.005464074,-0.003414,-0.001354119,0.0005278081,0.002088526,0.003192856,0.003911373,0.004421653,0.005055606,0.006033543,0.007336188,0.008668814,0.009659045,0.009917188,0.009183398,0.007351286,0.004622082,0.00132722,-0.002016821,-0.004844471,-0.006609128,-0.007073442,-0.006168067,-0.004047395,-0.0009238663,0.002886473,0.007043723,0.01110356,0.01468627,0.01746667,0.01932491,0.0202323,0.02023616,0.01943807,0.01797436,0.01607393,0.01391062,0.01161763,0.009286753,0.007019009,0.004889807,0.003024893,0.001424749,0.0002000244,-0.0007521567,-0.001316848,-0.001556418,-0.001198567,-0.0004221063,0.001121625,0.003171514,0.006534269,0.01071443,0.01633832,0.02220365,0.02671628,0.01144323,-0.002545393,-0.0007861319,-0.001149849,-0.0009119397,-0.0006288163,0.0003223077,0.0001450022,0.0004789941,0.0005254832,0.0006268153,0.0004657622,0.0005048701
0.0002694458,0.000334934,0.0001456542,0.0002151301,5.522596e-05,0.0001320756,-3.360332e-06,7.037791e-05,2.380206e-05,-1.633211e-05,0.0002190083,-0.0001340356,0.007372675,0.02494777,0.02455739,0.01711663,0.01391643,0.01420351,0.01590389,0.017504,0.01872008,0.01888471,0.01846121,0.01725041,0.01586115,0.01419786,0.01253092,0.0108198,0.009159124,0.007583328,0.00601516,0.004420077,0.002539665,0.0003741189,-0.002198054,-0.004775544,-0.007318113,-0.009247147,-0.01067924,-0.01149713,-0.01218685,-0.01265477,-0.01303148,-0.01294869,-0.01268908,-0.01204795,-0.01144737,-0.01051417,-0.009438568,-0.007901991,-0.00618498,-0.004090589,-0.002059463,-1.685081e-05,0.001590374,0.002949476,0.003792027,0.004550487,0.005198782,0.006263703,0.007514775,0.008998945,0.0100247,0.01049283,0.009852083,0.008234674,0.005486057,0.002264312,-0.001199605,-0.004057029,-0.006061043,-0.006580834,-0.005786442,-0.003544553,-0.0004175335,0.003530542,0.00766982,0.01185195,0.01538729,0.01820038,0.01991913,0.02078466,0.02052592,0.01950017,0.01766135,0.01550671,0.01299149,0.01042942,0.007744155,0.005246887,0.002836311,0.000752142,-0.001145816,-0.002663654,-0.003926105,-0.004790447,-0.005367164,-0.005529586,-0.005325384,-0.004636257,-0.003348222,-0.001263699,0.001901891,0.006369495,0.0126195,0.01987714,0.02955289,0.02062071,0.001960974,-0.001011766,-0.0005415204,1.990354e-05,2.33436e-05,2.43502e-05,0.0003598455,0.0006434044,0.000425758,0.0005971848,0.000396667,0.0004794114
0.0003513066,0.000374249,0.0001953512,0.0002199469,9.556313e-05,9.109924e-05,5.869784e-05,-1.942078e-05,8.403596e-05,-0.000108461,0.0002689124,-0.0001016398,0.01063594,0.02820271,0.02027301,0.01364407,0.01097696,0.01306185,0.0147303,0.01741012,0.01845661,0.01931772,0.01869371,0.01802543,0.01651381,0.01512553,0.01315634,0.01135594,0.009140711,0.00719447,0.004890598,0.002829455,0.0002611473,-0.002312421,-0.005417004,-0.008101348,-0.01050793,-0.01190128,-0.01307101,-0.01359271,-0.01418337,-0.01416441,-0.01420892,-0.01372585,-0.01328996,-0.01229959,-0.01143492,-0.01007826,-0.008737322,-0.006776345,-0.004884371,-0.002621938,-0.0007294387,0.001219108,0.002515074,0.0037547,0.004485636,0.00548877,0.006385807,0.0078471,0.009162745,0.01055352,0.01094834,0.01062519,0.008885745,0.006454859,0.00307034,-0.0002155636,-0.003378658,-0.005282423,-0.006126272,-0.005164784,-0.003093311,0.0003405371,0.004147781,0.008524337,0.01248696,0.01622109,0.01881065,0.02067519,0.02117018,0.02085832,0.0193548,0.0174844,0.01487692,0.01225672,0.009170939,0.006407864,0.003506436,0.00108478,-0.001378468,-0.003275815,-0.00514077,-0.006456103,-0.00773631,-0.008454285,-0.009032306,-0.009118212,-0.00902502,-0.008419114,-0.007312951,-0.005555997,-0.002639352,0.001339486,0.008395487,0.01586055,0.02899385,0.03098444,0.00792555,-0.0008203315,-0.001232582,-0.001238484,-0.0006107209,0.0003579613,0.0002993378,0.0005938413,0.0006652371,0.0007346087,0.0005431164,0.0005640992
0.0003972382,0.0002567521,0.0002443652,0.0001184995,0.0001434325,2.431437e-05,8.008778e-05,-4.583178e-05,9.916547e-05,-7.688461e-05,8.09802e-05,0.0001783382,0.01671692,0.02810671,0.01516622,0.009817979,0.008535752,0.01179999,0.0136602,0.01688139,0.01779777,0.019063,0.01825636,0.01793982,0.01628316,0.01498558,0.01248361,0.01036443,0.007643005,0.005438609,0.002646449,5.80756e-05,-0.003085668,-0.005934671,-0.009090731,-0.01152768,-0.01360966,-0.01458677,-0.01532503,-0.01547054,-0.01568941,-0.01534433,-0.01503113,-0.01422801,-0.01348143,-0.01223644,-0.01099695,-0.009279346,-0.007614484,-0.0054847,-0.003465347,-0.001184188,0.0006025874,0.002316164,0.003467128,0.004639877,0.00549349,0.006741802,0.00799954,0.009650857,0.01083846,0.01155947,0.0110793,0.009754952,0.007185115,0.004073682,0.000502111,-0.002453748,-0.004685365,-0.005360561,-0.004684699,-0.002328757,0.0009367787,0.005077306,0.009236739,0.01339928,0.01683418,0.01961239,0.02111228,0.02162105,0.02085798,0.0194009,0.01706527,0.01437523,0.01122018,0.008125494,0.004955105,0.0020691,-0.0007287586,-0.003116159,-0.005325739,-0.007162235,-0.008787792,-0.01000381,-0.01095489,-0.01161798,-0.01213989,-0.01237047,-0.01222396,-0.01173486,-0.01076056,-0.009385593,-0.006882545,-0.003377332,0.002902638,0.01129014,0.02358971,0.03952442,0.01641968,-0.001256725,-0.000616525,-0.0002585217,0.0002372458,-5.938807e-05,0.0006463969,0.0006871775,0.0006904133,0.0006064686,0.0005824509,0.0004350226
0.0005789484,0.000203828,0.0003791273,4.673042e-05,0.0002461458,-6.404823e-05,0.0001596405,-0.0001159671,6.203079e-05,3.350144e-05,-0.0001691827,0.004346519,0.02523114,0.02367083,0.01007025,0.005850614,0.006794829,0.009879612,0.01265632,0.0152605,0.01665134,0.01744297,0.01715229,0.01641454,0.01484126,0.01277941,0.01027395,0.007654146,0.004910044,0.002039151,-0.000947629,-0.003995829,-0.007030153,-0.01015073,-0.01292912,-0.01518371,-0.01643592,-0.01709257,-0.01715019,-0.01709204,-0.01666714,-0.01622853,-0.0154167,-0.01449345,-0.01312757,-0.01172542,-0.01007657,-0.008342835,-0.006207917,-0.004049684,-0.001783328,0.0001531847,0.001955539,0.003332422,0.004600933,0.005672736,0.006996137,0.008387686,0.009968732,0.01121362,0.01198723,0.01174734,0.01045934,0.007988582,0.004841968,0.001352619,-0.001681693,-0.003888885,-0.004636143,-0.003911084,-0.001613255,0.00177202,0.005946396,0.01020312,0.01425808,0.01764427,0.0202419,0.02164051,0.02190062,0.02098833,0.01923348,0.01668534,0.01367429,0.01036085,0.007023524,0.00373632,0.0006310212,-0.00222847,-0.004784049,-0.007018097,-0.00896215,-0.01052265,-0.01185407,-0.01284824,-0.01373324,-0.01425298,-0.01467946,-0.01470467,-0.01478221,-0.01430132,-0.01383105,-0.01235421,-0.01078042,-0.007246516,-0.003067651,0.007294849,0.01652006,0.0403842,0.03292641,-0.0008986586,-0.001845933,-0.001608729,-0.0005050443,0.0002905618,0.000696802,0.0005538678,0.001057377,0.0006560495,0.0008411844,0.0004228692
0.0004808611,0.0002134764,0.0002900317,7.47739e-05,0.0001504341,1.669206e-05,1.440377e-05,3.191978e-05,-0.0001165384,0.0002140792,-9.528622e-05,0.01199839,0.03100897,0.0170667,0.005066579,0.002209204,0.005093297,0.007601925,0.01099731,0.01276647,0.01459663,0.01461781,0.01456658,0.01315921,0.01169808,0.008989814,0.006355674,0.003176299,0.000540414,-0.002592115,-0.005433626,-0.00878593,-0.01160573,-0.01461716,-0.01674117,-0.01851549,-0.01891526,-0.01908356,-0.01852612,-0.01826594,-0.01739641,-0.01663892,-0.01527111,-0.0141593,-0.01247496,-0.01099674,-0.008837354,-0.006931282,-0.004510101,-0.002497214,-0.0001676869,0.001511161,0.003331525,0.004517136,0.006050066,0.007194554,0.008858997,0.01018698,0.01177128,0.01240068,0.01247677,0.01094365,0.008785429,0.005475371,0.002285878,-0.001004883,-0.002965164,-0.003951236,-0.002969173,-0.0008936857,0.002778241,0.006764138,0.01130306,0.01511032,0.0186169,0.02076383,0.0221651,0.02200125,0.02109958,0.01886842,0.01628545,0.01283759,0.00953069,0.005812777,0.00258698,-0.000797455,-0.003564391,-0.006363747,-0.008454559,-0.01050932,-0.01193155,-0.01343655,-0.01438376,-0.01531732,-0.01572424,-0.01619819,-0.01645625,-0.01669639,-0.01667729,-0.01630647,-0.01590657,-0.01478066,-0.0139227,-0.01063199,-0.008207059,0.001062676,0.01057988,0.03364668,0.05149492,0.01594275,-0.0009153705,2.89287e-05,0.0001056248,0.0001916706,0.0008124667,0.0009186912,0.0009038733,0.0007043201,0.0007224702,0.0004327286
0.0003959565,0.0004261151,0.0001713984,0.000248416,2.178486e-05,0.0001420143,-9.805283e-05,0.0001062854,-0.0002205877,0.0001184551,0.0001112405,0.01829803,0.02951545,0.008840694,9.103621e-05,-0.0008286674,0.002746405,0.005095895,0.008227879,0.009452295,0.01082193,0.01051897,0.01027215,0.008469575,0.006474727,0.003331273,0.0005830887,-0.002438667,-0.005061415,-0.008107944,-0.0109411,-0.0139631,-0.0164651,-0.01884033,-0.02027196,-0.0211291,-0.02099433,-0.02055506,-0.01962798,-0.0187421,-0.01755091,-0.01645107,-0.01493634,-0.0133928,-0.01144622,-0.009567929,-0.007352407,-0.005219076,-0.002813788,-0.0007210948,0.001427067,0.003125756,0.004829459,0.006162968,0.007694493,0.00910112,0.01083541,0.01211477,0.01303564,0.01276766,0.01165903,0.009296715,0.006374672,0.00289526,-5.314107e-05,-0.002301895,-0.002938975,-0.002222387,0.0002258191,0.003617586,0.007924264,0.01220351,0.01630754,0.01935846,0.02151726,0.02236413,0.02231959,0.02092534,0.01869052,0.01553788,0.0121643,0.008456239,0.004857822,0.001240197,-0.0019726,-0.004967462,-0.007516184,-0.0098336,-0.01171083,-0.01329917,-0.01451178,-0.01549874,-0.01629865,-0.01687677,-0.01735043,-0.01750915,-0.01771315,-0.01764879,-0.01784866,-0.01758492,-0.01751066,-0.016557,-0.01579144,-0.01392803,-0.0108744,-0.006494188,0.006637869,0.01985333,0.0590832,0.0336989,-0.002696578,-0.001787121,-0.001023847,0.0009407871,0.0005876676,0.001112988,0.001014899,0.001072482,0.0007081826,0.0007075141
0.0001768437,0.0005253306,-2.600073e-05,0.0003525806,-0.0001498188,0.0002653213,-0.0002528394,0.0001840401,-0.0002035824,-4.551745e-05,0.003089212,0.0272082,0.02196205,0.001375225,-0.004888354,-0.003069959,-0.0005291763,0.002347862,0.003989367,0.00546642,0.005457967,0.005431614,0.003897591,0.002345116,-0.0006631218,-0.003219844,-0.006534007,-0.008856918,-0.01181514,-0.01398646,-0.01684049,-0.01887486,-0.02128404,-0.02243417,-0.02339187,-0.02292211,-0.02254463,-0.0212179,-0.02026745,-0.01860844,-0.01743053,-0.01564188,-0.01416819,-0.01199122,-0.01014853,-0.007743247,-0.00569392,-0.003114307,-0.001020454,0.001352147,0.003083055,0.005052183,0.00649194,0.008266538,0.009636723,0.01136137,0.01253193,0.0135175,0.01325301,0.01222426,0.009842149,0.007007471,0.003587589,0.0007532106,-0.001447537,-0.002013586,-0.001258145,0.00126342,0.004730097,0.009067241,0.01326639,0.0172589,0.02020649,0.02220131,0.02279705,0.02235713,0.02068703,0.01822353,0.01492684,0.01132016,0.007452388,0.003683564,4.947869e-05,-0.003259133,-0.006200524,-0.00876616,-0.01091862,-0.01283043,-0.01427253,-0.01557129,-0.01631178,-0.01714496,-0.01744869,-0.01809015,-0.01800076,-0.01851669,-0.0180649,-0.01870327,-0.01789171,-0.01879483,-0.01740188,-0.01870212,-0.01600934,-0.01762699,-0.01188165,-0.01296269,0.0007974997,0.01012739,0.05106141,0.06533436,0.004799534,0.0001486047,0.0001214611,0.0007680145,0.0007678431,0.001566586,0.0008038725,0.001191351,0.0004766909,0.0008019815
0.0007014269,0.0001805929,0.0004148263,-9.866149e-06,0.0002658784,-0.0001461422,0.0001732833,-0.000283985,0.0001452928,-0.0001309476,0.01506539,0.03148072,0.01140449,-0.006470624,-0.008418142,-0.006511664,-0.003524888,-0.00208528,-0.0003335468,-0.0004699581,-0.0003314778,-0.001852801,-0.002980769,-0.005794652,-0.008115896,-0.01146821,-0.01359212,-0.01635242,-0.01810443,-0.02060493,-0.02208323,-0.02398475,-0.02482859,-0.02575328,-0.02522554,-0.02457748,-0.02288288,-0.02169396,-0.0198214,-0.01844717,-0.01637009,-0.01475531,-0.01248491,-0.01058651,-0.008070201,-0.005948681,-0.003339863,-0.001155509,0.001346802,0.003284428,0.005362612,0.00694248,0.008816584,0.01031916,0.01201157,0.0130888,0.01390596,0.0136747,0.01265614,0.01038881,0.0075508,0.004257737,0.001509751,-0.0005266724,-0.001026638,-0.0001600332,0.002371741,0.005907033,0.01026244,0.01447054,0.0182973,0.02102576,0.02278078,0.02311301,0.02240681,0.02041038,0.01771029,0.01417597,0.0104391,0.006380315,0.002588559,-0.001184389,-0.004404018,-0.007429575,-0.009799545,-0.01202117,-0.01366037,-0.01519976,-0.01612623,-0.01704711,-0.01747615,-0.01808,-0.01816994,-0.01845456,-0.01827422,-0.0185098,-0.0183604,-0.01855051,-0.01825478,-0.01830242,-0.01813391,-0.01813946,-0.01802932,-0.01693932,-0.01661983,-0.0122762,-0.01064369,0.006952131,0.02604275,0.08878713,0.05430983,-0.003981723,-8.271025e-05,0.0005777852,0.001519256,0.0009384495,0.001799411,0.000880519,0.001162446,0.0004727915
0.0007586523,-8.25641e-05,0.0005094869,-0.000242565,0.0003697378,-0.0002822539,0.0002054306,-0.0002888076,6.150547e-05,0.001202191,0.02665246,0.02585032,-0.0001919689,-0.01280721,-0.01195174,-0.009889264,-0.007494508,-0.006821999,-0.005904487,-0.006883179,-0.007367435,-0.009602096,-0.01100989,-0.01423555,-0.01627074,-0.01951682,-0.02091147,-0.02342931,-0.02432779,-0.02648364,-0.02681379,-0.02813934,-0.02759901,-0.02794307,-0.02622344,-0.02528038,-0.02267844,-0.02138067,-0.01886754,-0.01758041,-0.01491618,-0.01328068,-0.01039228,-0.008655896,-0.00568194,-0.003798507,-0.0007012026,0.001116046,0.003955933,0.005445697,0.007934862,0.009116291,0.01135371,0.01228545,0.01404152,0.01405432,0.01437642,0.01262341,0.01107974,0.00771958,0.005207329,0.001951983,0.0006976171,-0.0002763754,0.001315721,0.003326557,0.007464079,0.01120891,0.01591353,0.01907377,0.02215651,0.02306396,0.02357967,0.02201669,0.02027764,0.01685734,0.013618,0.009217124,0.005501402,0.001175453,-0.002152322,-0.005791781,-0.008348168,-0.01106209,-0.0127931,-0.01466892,-0.01573048,-0.01685779,-0.0173667,-0.01792126,-0.01815677,-0.01833828,-0.01841443,-0.01822236,-0.01831204,-0.01793155,-0.01830493,-0.01770378,-0.01835867,-0.01738653,-0.01854175,-0.01712856,-0.01893845,-0.01644914,-0.01875874,-0.01402785,-0.01514214,-0.002625556,0.01209975,0.07018695,0.1034598,0.009547691,0.001150637,0.0008280132,0.00174997,0.001311565,0.00176221,0.000645067,0.001167603,0.0001933632
0.0002984442,0.0006429032,3.370412e-05,0.000363394,-9.834825e-05,0.000242249,-0.0003146933,0.0001021827,5.302139e-05,0.01954817,0.03043974,0.01456464,-0.01266058,-0.01678097,-0.01654725,-0.01263434,-0.01304964,-0.01116709,-0.0131362,-0.01277355,-0.01593423,-0.01654661,-0.02035647,-0.02148235,-0.02522921,-0.02586454,-0.02872376,-0.02877289,-0.03088047,-0.0302457,-0.03140764,-0.03013375,-0.03043321,-0.02816796,-0.02713433,-0.02404599,-0.02267045,-0.01972116,-0.01824615,-0.01523503,-0.01356456,-0.01054962,-0.008730885,-0.005615041,-0.00361962,-0.0004883518,0.001475682,0.004368791,0.006051972,0.008561405,0.009928971,0.01206819,0.0130231,0.0144794,0.01449566,0.01459808,0.01299146,0.01126797,0.008189928,0.005641034,0.002816678,0.001545624,0.0009791462,0.002475683,0.004810652,0.008725734,0.01266874,0.01698635,0.0201996,0.02279588,0.02372201,0.02365576,0.02195734,0.01962708,0.0162258,0.01261455,0.008338936,0.004263858,0.0001239283,-0.003441022,-0.006806392,-0.009518405,-0.01192237,-0.01373472,-0.01529379,-0.01640163,-0.01721089,-0.01770119,-0.0180019,-0.01822173,-0.01820621,-0.01816406,-0.01783728,-0.01780804,-0.01745279,-0.01756204,-0.01703016,-0.01730178,-0.01675414,-0.01749179,-0.01676106,-0.01786246,-0.01659202,-0.01847114,-0.01622423,-0.01890842,-0.01351718,-0.01469915,0.004390009,0.03205387,0.1279949,0.141925,0.0003847276,0.002908352,8.951822e-05,0.002677654,0.001519887,0.00183623,0.0007640811,0.001099557
0.000731046,-0.0004383135,0.0005403695,-0.0005418811,0.0003864805,-0.0003276409,0.0001963437,0.0003453171,0.01615277,0.03034803,0.02668646,-0.003248051,-0.01965008,-0.02280945,-0.0183155,-0.01856369,-0.01624633,-0.01850475,-0.01789409,-0.02134694,-0.0217695,-0.02574056,-0.02656612,-0.03039831,-0.03076125,-0.03359767,-0.03307879,-0.03507055,-0.03385169,-0.03482284,-0.03277754,-0.03281202,-0.03003769,-0.02900956,-0.02541767,-0.02392149,-0.02032634,-0.01891796,-0.01536866,-0.01389679,-0.01035674,-0.008788662,-0.00518056,-0.003488373,9.710235e-05,0.001757968,0.00515557,0.006561553,0.009535844,0.01051593,0.01301794,0.01347,0.01516265,0.01458986,0.01495633,0.01291501,0.01166161,0.008297028,0.006342622,0.003352993,0.002761487,0.002009143,0.004090074,0.006075194,0.01041341,0.01383304,0.01844214,0.02097643,0.02372946,0.02385999,0.02397027,0.02147452,0.01928754,0.01509962,0.01182055,0.006979831,0.003389753,-0.001315607,-0.004335407,-0.008189254,-0.01025831,-0.01313487,-0.0142243,-0.01622859,-0.01655679,-0.0178993,-0.01758511,-0.0184073,-0.01772361,-0.0183171,-0.01740905,-0.01780748,-0.01674248,-0.01716844,-0.01614532,-0.01667787,-0.01567126,-0.01633757,-0.01546429,-0.01638459,-0.01564435,-0.01673253,-0.01607328,-0.01731843,-0.01680398,-0.01793103,-0.01707001,-0.01603528,-0.009482399,0.01103715,0.07440126,0.1650021,0.1432488,0.01087233,0.002345978,0.002481502,0.001540018,0.0003508191,0.001056319,-0.0001945932
0.002550052,0.0009462925,0.001636926,0.0003675462,0.001170591,0.001026187,0.0120592,0.01767578,0.03191235,0.02873336,0.01222186,-0.01917111,-0.02590287,-0.02684585,-0.02188471,-0.02318202,-0.0211489,-0.02440865,-0.02392018,-0.02816669,-0.02831769,-0.03281487,-0.03284169,-0.03682216,-0.03596349,-0.03880325,-0.03693393,-0.0388499,-0.03615048,-0.03707013,-0.03343253,-0.03344398,-0.02906485,-0.02827146,-0.02347568,-0.02245527,-0.01788519,-0.01694859,-0.01252069,-0.01152797,-0.007156791,-0.006098941,-0.001743249,-0.0006280085,0.00363363,0.004608624,0.008548959,0.009114597,0.01252931,0.01252126,0.01523764,0.01436185,0.01597377,0.01383144,0.01405353,0.01056471,0.00968786,0.005715824,0.005265041,0.002734416,0.004471109,0.004549056,0.008797864,0.01093787,0.01636458,0.01863008,0.02300678,0.02334783,0.02519913,0.0228763,0.02213604,0.01761013,0.01520363,0.009690401,0.006788022,0.001204568,-0.001467234,-0.006439023,-0.008249962,-0.01218236,-0.01297501,-0.01589268,-0.01579408,-0.01789013,-0.01713591,-0.01862444,-0.0173988,-0.01845139,-0.01697943,-0.01780493,-0.01624598,-0.01691347,-0.01536308,-0.01600699,-0.01463481,-0.01531415,-0.01414413,-0.01484761,-0.01401444,-0.01480892,-0.01437716,-0.01512694,-0.01514135,-0.0158274,-0.01648027,-0.01692068,-0.0181958,-0.01762591,-0.01755409,-0.006141942,0.02510613,0.11809,0.2226288,0.2059043,0.106894,0.01815593,0.007480407,0.003944656,0.004066624,0.002001422
0.06960122,0.05621487,0.04364895,0.03598272,0.02887425,0.02909331,0.0309543,0.03522056,0.03217273,0.01820249,-0.009408684,-0.02923712,-0.03238864,-0.02876846,-0.02717714,-0.0262544,-0.02739705,-0.0284719,-0.03083902,-0.03263874,-0.03524565,-0.0369833,-0.03908974,-0.04000124,-0.04094005,-0.04068475,-0.04052944,-0.03938248,-0.03825874,-0.03619157,-0.03407913,-0.03127185,-0.02842549,-0.02520857,-0.02211486,-0.01900336,-0.0160796,-0.01316388,-0.01034467,-0.007529679,-0.00472361,-0.00193615,0.000872194,0.003534356,0.006162001,0.008497594,0.01070893,0.01245033,0.01395856,0.01487062,0.01543973,0.0152384,0.01459232,0.01310946,0.01134907,0.009053375,0.007071549,0.005302754,0.004784839,0.005133894,0.007107306,0.009755068,0.01351329,0.01706384,0.02073716,0.02310308,0.02476986,0.02456493,0.02353722,0.02078412,0.01766396,0.01337006,0.009348384,0.004698209,0.0007765448,-0.00347077,-0.00670677,-0.01007733,-0.01225191,-0.01455607,-0.01569068,-0.01707481,-0.01738049,-0.01808523,-0.0178129,-0.0180641,-0.01738065,-0.01734447,-0.01644575,-0.0163187,-0.01533211,-0.01519065,-0.01420003,-0.0141676,-0.01328375,-0.01342973,-0.01266688,-0.01303164,-0.01244379,-0.01310681,-0.01270359,-0.01368812,-0.01344432,-0.01484055,-0.01480236,-0.01678506,-0.01695888,-0.01959116,-0.01926288,-0.01971032,-0.007224603,0.03433678,0.1388015,0.2398419,0.2352717,0.2120299,0.1707016,0.1373479,0.1094562,0.08853219
0.1142201,0.09256323,0.07602255,0.06199273,0.05348164,0.04806511,0.04077902,0.03512005,0.01970629,-0.003111433,-0.02777113,-0.03745669,-0.03606465,-0.03227758,-0.03095364,-0.03061378,-0.03187006,-0.03327352,-0.03549626,-0.03730252,-0.03948334,-0.04085444,-0.04227739,-0.04259962,-0.04282992,-0.04196834,-0.04114319,-0.03933624,-0.03759735,-0.0348857,-0.03231849,-0.02893847,-0.02589289,-0.02227374,-0.01918928,-0.01576149,-0.01290422,-0.009727594,-0.006994009,-0.003921,-0.001246695,0.001707349,0.004247465,0.006975292,0.009196364,0.011439,0.0130192,0.0144632,0.01514075,0.01557995,0.0151654,0.01445936,0.01293582,0.01131534,0.009259926,0.007662982,0.006312751,0.006165226,0.006846277,0.008981841,0.01174329,0.01535628,0.0187368,0.02199219,0.02406088,0.0252159,0.02472298,0.02319372,0.02023755,0.01670502,0.01236141,0.008054432,0.003502607,-0.0005731472,-0.004565175,-0.007863505,-0.01091103,-0.01316118,-0.0151146,-0.01631664,-0.01731647,-0.01770095,-0.01800658,-0.01782756,-0.0176745,-0.01713638,-0.0166948,-0.01595544,-0.01538182,-0.01459311,-0.01400395,-0.01325225,-0.01272173,-0.01209958,-0.01171886,-0.01128312,-0.01106656,-0.01084577,-0.01085556,-0.01092305,-0.01118272,-0.01153394,-0.0120589,-0.01279406,-0.01370354,-0.01498433,-0.01650657,-0.01884587,-0.02155975,-0.0247384,-0.02406875,-0.01247215,0.03769521,0.1230515,0.2123943,0.248933,0.229345,0.1979015,0.1674171,0.1383394
0.1127284,0.09479361,0.07978061,0.06638629,0.05673712,0.0457679,0.033218,0.0183549,-0.003294888,-0.02570543,-0.0410648,-0.04269679,-0.03893436,-0.03556516,-0.03448339,-0.03447225,-0.03566545,-0.03708318,-0.03896679,-0.0405223,-0.04207683,-0.04297449,-0.04360046,-0.04338289,-0.04282749,-0.04150544,-0.03995414,-0.03774126,-0.03533824,-0.03233782,-0.02925717,-0.02575484,-0.0223755,-0.01878968,-0.01551818,-0.01216817,-0.009148595,-0.006033952,-0.00319532,-0.0002460439,0.002440739,0.005199785,0.007628552,0.009996036,0.01189932,0.01358333,0.01466322,0.01539115,0.01543726,0.01510807,0.01413718,0.01289574,0.01124043,0.009703472,0.00829753,0.00761908,0.007660531,0.00887263,0.01095713,0.01396981,0.01722739,0.02054957,0.02318215,0.02502701,0.0255036,0.02480462,0.02267775,0.01962012,0.01561021,0.01129619,0.006669744,0.002299987,-0.001953552,-0.005643975,-0.009018069,-0.01170433,-0.01401118,-0.01560977,-0.01686752,-0.01750419,-0.01793795,-0.01788605,-0.01776239,-0.01726798,-0.01680749,-0.01605097,-0.01539573,-0.01450856,-0.01379903,-0.01290956,-0.01224086,-0.01141746,-0.01085756,-0.01018053,-0.009798295,-0.009309059,-0.009130637,-0.008862277,-0.008931709,-0.008930219,-0.009283,-0.009583191,-0.01026274,-0.01094132,-0.01208054,-0.0133563,-0.01528191,-0.01769544,-0.02130879,-0.02659013,-0.03412021,-0.0388974,-0.02961907,0.01257063,0.07916519,0.1359372,0.1610264,0.1605618,0.1484717,0.1306662
0.07878536,0.0695727,0.05948583,0.04900433,0.03848445,0.02482125,0.008775235,-0.009291145,-0.02901536,-0.04409061,-0.04922646,-0.04591958,-0.04148386,-0.03859175,-0.03760765,-0.03767003,-0.03860504,-0.03977067,-0.04113144,-0.04222193,-0.04308826,-0.04338178,-0.04323948,-0.04243972,-0.04121874,-0.03943117,-0.03732043,-0.03473583,-0.03189392,-0.02866891,-0.02531397,-0.02176008,-0.01826811,-0.01475095,-0.01142913,-0.008168873,-0.00513707,-0.002148008,0.0006591869,0.003432656,0.005988139,0.008423685,0.01054127,0.01242059,0.01384177,0.01487465,0.01533016,0.0153481,0.01483047,0.01398045,0.01276558,0.01147448,0.01019764,0.009336935,0.009020032,0.00957695,0.01097742,0.01329827,0.01617309,0.01934056,0.02221872,0.02450975,0.02575148,0.02584673,0.02459271,0.02219256,0.01872422,0.01459779,0.01001769,0.005419675,0.0009289414,-0.003155711,-0.0068472,-0.009961895,-0.01259672,-0.01462141,-0.01617232,-0.01715949,-0.01776114,-0.01792175,-0.01784013,-0.01745532,-0.0169501,-0.01624181,-0.01549592,-0.01461533,-0.01375889,-0.01282181,-0.0119588,-0.01105926,-0.01027141,-0.009476364,-0.008821003,-0.008188906,-0.007721915,-0.007290729,-0.007031962,-0.006827742,-0.006824543,-0.006900303,-0.007186933,-0.007566213,-0.008195233,-0.008986893,-0.01011033,-0.01153114,-0.01352563,-0.01630632,-0.020433,-0.02626433,-0.03420009,-0.04501626,-0.05335005,-0.052541,-0.02536937,0.01684646,0.05385604,0.07691749,0.08567172,0.08511321
0.02281788,0.02278048,0.01897772,0.01259584,0.003233108,-0.009274206,-0.02329166,-0.03779341,-0.04998043,-0.05509558,-0.05315677,-0.04779652,-0.04355618,-0.04097114,-0.0400439,-0.03989149,-0.04047446,-0.04112122,-0.04191498,-0.04233237,-0.04254054,-0.04214064,-0.0413742,-0.03995926,-0.03822887,-0.03596845,-0.03349807,-0.0305826,-0.02752637,-0.02413312,-0.02072958,-0.0171559,-0.01373377,-0.0102949,-0.007108222,-0.00396724,-0.001079502,0.001767831,0.004356712,0.006873726,0.009080125,0.01113031,0.01275444,0.01408345,0.0148699,0.01528116,0.01513741,0.01468182,0.01382556,0.01288605,0.01183796,0.01105798,0.01058226,0.01080193,0.01167231,0.01340443,0.01572192,0.01856185,0.02138093,0.02393316,0.02565651,0.02643532,0.0259384,0.024302,0.02145545,0.01778038,0.0133939,0.008770905,0.004049748,-0.0003579321,-0.004438144,-0.007933049,-0.01095839,-0.01334836,-0.01526503,-0.01657732,-0.01747631,-0.01786259,-0.01794852,-0.01765823,-0.0172082,-0.01651051,-0.01575571,-0.014841,-0.01393795,-0.01293099,-0.01197764,-0.01096771,-0.01005332,-0.009119601,-0.008303281,-0.007492014,-0.006820916,-0.006185017,-0.005703371,-0.005272684,-0.005003008,-0.00480731,-0.004784661,-0.004862619,-0.005126841,-0.005531836,-0.006147625,-0.006977651,-0.008101759,-0.009612679,-0.01163112,-0.01444927,-0.01845597,-0.02482331,-0.03472073,-0.04746119,-0.06209105,-0.07165586,-0.07422962,-0.06173874,-0.03743961,-0.01272677,0.00641666,0.01798755
-0.03529176,-0.02994656,-0.02844692,-0.03071995,-0.03608872,-0.04385867,-0.05225406,-0.05917567,-0.06208436,-0.06003948,-0.05448487,-0.04894206,-0.04501014,-0.04270107,-0.04152154,-0.04112621,-0.04111261,-0.04125732,-0.04129141,-0.04111636,-0.04056726,-0.03962078,-0.03819045,-0.03635254,-0.0341085,-0.03157647,-0.0287536,-0.02572444,-0.02248322,-0.01913106,-0.01569444,-0.01229309,-0.008955008,-0.005763831,-0.002713045,0.0001488308,0.002846197,0.005350369,0.007676027,0.009761647,0.01158402,0.01306242,0.0141765,0.01487178,0.01515638,0.0150348,0.01458989,0.01392583,0.01320363,0.01256348,0.01218204,0.01221172,0.01281894,0.01407219,0.0159541,0.01831533,0.02092363,0.02343339,0.02547451,0.02670064,0.0268738,0.0258864,0.02375622,0.02060187,0.01663742,0.01214253,0.007409757,0.00272497,-0.001678168,-0.005621867,-0.009021477,-0.01183629,-0.01408177,-0.0157724,-0.01695236,-0.01765171,-0.01793392,-0.01784579,-0.01746859,-0.01685471,-0.01608253,-0.01518463,-0.01421759,-0.01319066,-0.01214748,-0.01108806,-0.01005442,-0.009036381,-0.008072063,-0.007146295,-0.006298818,-0.005508065,-0.004814105,-0.004193889,-0.003690265,-0.003269748,-0.002977096,-0.002779695,-0.00273617,-0.002805606,-0.003051148,-0.003428152,-0.00403598,-0.004840264,-0.005980806,-0.007452543,-0.009529243,-0.01238004,-0.01658339,-0.02233906,-0.03036681,-0.04237454,-0.0572378,-0.07516501,-0.08642946,-0.09040514,-0.08565595,-0.07317057,-0.05815182,-0.04490042
-0.07829934,-0.07201348,-0.06803551,-0.06646393,-0.06706285,-0.06877469,-0.07001794,-0.06949124,-0.06620432,-0.06037966,-0.05422261,-0.04912632,-0.04558916,-0.04326609,-0.04190277,-0.04104011,-0.04052325,-0.04000641,-0.03943637,-0.03856655,-0.03744565,-0.0359137,-0.03405849,-0.03178483,-0.02926023,-0.02644274,-0.02349616,-0.02035083,-0.01714603,-0.01383352,-0.0105708,-0.007323823,-0.004245784,-0.001290306,0.001431582,0.003998634,0.006330188,0.008490837,0.01036967,0.01200857,0.01329533,0.01427849,0.01485861,0.01511383,0.01501522,0.01471845,0.01427171,0.01388105,0.01361897,0.01368893,0.01414052,0.01513096,0.0166255,0.01862354,0.02089021,0.02324257,0.02531337,0.02683724,0.02746951,0.02708106,0.02555273,0.02299751,0.0195066,0.01534972,0.01073632,0.005998755,0.001344984,-0.002957769,-0.006797177,-0.01003435,-0.01268864,-0.01473047,-0.01624729,-0.0172389,-0.01779504,-0.01792411,-0.01772761,-0.01722579,-0.01652097,-0.01563605,-0.01466178,-0.01360082,-0.01251775,-0.01140172,-0.01030426,-0.009207761,-0.008153724,-0.007127764,-0.006166548,-0.005252994,-0.004413752,-0.003635002,-0.002944182,-0.002334205,-0.00182306,-0.001406674,-0.001096739,-0.0009004123,-0.0008216552,-0.0008803614,-0.001075583,-0.00145068,-0.001997347,-0.002800993,-0.0038707,-0.005369863,-0.007346612,-0.01011771,-0.01393085,-0.01980988,-0.02848521,-0.03942043,-0.05328331,-0.06654428,-0.08209044,-0.09389359,-0.09945536,-0.09903254,-0.09368333,-0.08596822
-0.09540581,-0.09157001,-0.08774807,-0.08451616,-0.08174568,-0.07900752,-0.07566357,-0.07097114,-0.06493454,-0.0586644,-0.05289059,-0.04839374,-0.04506135,-0.04271854,-0.04100532,-0.03976007,-0.03866899,-0.03763687,-0.03643777,-0.03506634,-0.03339025,-0.03146823,-0.0292078,-0.02670951,-0.02393895,-0.02103608,-0.01798633,-0.01490488,-0.0117538,-0.008642803,-0.005557881,-0.002619721,0.0001866559,0.002767389,0.005162669,0.007310952,0.009256906,0.01094169,0.01239344,0.01353513,0.01439284,0.01491485,0.01517485,0.01518644,0.01507965,0.01492429,0.01488277,0.01503858,0.01552601,0.01637181,0.01764392,0.01929293,0.02127256,0.02336692,0.02536252,0.02695014,0.0278939,0.02793445,0.02696614,0.02493713,0.02196483,0.01819388,0.0138715,0.009215556,0.004504265,-5.061889e-05,-0.004230394,-0.007912104,-0.01098796,-0.01345429,-0.01531457,-0.0166371,-0.0174598,-0.01785468,-0.01785827,-0.01754256,-0.01694967,-0.01615184,-0.01519301,-0.01413798,-0.01301744,-0.01187306,-0.01071658,-0.009571631,-0.008443108,-0.007349995,-0.006297912,-0.00529605,-0.004347128,-0.003456996,-0.00263241,-0.001874819,-0.001193117,-0.0005875335,-7.455986e-05,0.0003525325,0.0006733509,0.0008991089,0.0009962335,0.0009830846,0.0008144269,0.000512516,-4.600334e-06,-0.0007199502,-0.001762163,-0.003135416,-0.005091006,-0.007750778,-0.01158937,-0.01656959,-0.02322542,-0.03287226,-0.04450783,-0.05964705,-0.07187942,-0.0830434,-0.09234614,-0.09786226,-0.09969289,-0.09850862
-0.09256158,-0.09120971,-0.08886144,-0.08572032,-0.08205681,-0.07773556,-0.07262608,-0.06692292,-0.06101767,-0.05523396,-0.05035339,-0.04634504,-0.04321349,-0.04074209,-0.03881881,-0.03715626,-0.03567208,-0.03413596,-0.03253399,-0.03070029,-0.02869462,-0.02642644,-0.02398397,-0.02129624,-0.01848563,-0.01552768,-0.01256119,-0.009555028,-0.006619993,-0.003714719,-0.0009560197,0.001686582,0.004101006,0.006324661,0.00827891,0.01003143,0.01152619,0.0128146,0.0138219,0.01460204,0.01511051,0.01544447,0.01560489,0.01573211,0.01587882,0.01620612,0.01675551,0.01763108,0.01879377,0.02027256,0.0219615,0.02381284,0.02561072,0.02717631,0.0282196,0.02856927,0.02800726,0.02648931,0.02398673,0.02065561,0.01664343,0.01221224,0.007552452,0.0029282,-0.00149076,-0.005494878,-0.008994746,-0.01188029,-0.01416241,-0.01583303,-0.01697621,-0.01762494,-0.01787443,-0.01775139,-0.01733764,-0.01665877,-0.01579742,-0.0147785,-0.01367532,-0.01250597,-0.01132671,-0.01013627,-0.008970335,-0.007820151,-0.006714389,-0.005641424,-0.004622009,-0.003647649,-0.002735961,-0.001877769,-0.001082378,-0.0003445069,0.0003243684,0.0009210617,0.001439559,0.001871166,0.002215916,0.002456019,0.002599928,0.002616613,0.002517212,0.00224739,0.001824262,0.001151786,0.0002328093,-0.001101533,-0.00286962,-0.005356263,-0.008690919,-0.0137258,-0.0207267,-0.02902766,-0.03940437,-0.04882029,-0.06100865,-0.07175376,-0.08001449,-0.08632129,-0.09042947,-0.09241243
-0.07952417,-0.07970753,-0.07870899,-0.07669804,-0.073702,-0.06985804,-0.06543799,-0.06053769,-0.05548511,-0.05084991,-0.0466125,-0.04303988,-0.04004301,-0.03755953,-0.03540319,-0.03351117,-0.03167713,-0.02986232,-0.02791489,-0.02585657,-0.02359118,-0.02119076,-0.01860388,-0.01592023,-0.01310323,-0.01026979,-0.007406785,-0.004627897,-0.001903413,0.0006755855,0.003133998,0.005377081,0.007434073,0.00923376,0.01082498,0.01216589,0.01331281,0.01423082,0.01497971,0.01553421,0.01597638,0.01632221,0.01669829,0.01715617,0.01782025,0.01870955,0.01988198,0.02127578,0.02286186,0.02450473,0.02612127,0.02753107,0.02858663,0.0290514,0.0287878,0.02764606,0.02561225,0.02270045,0.01906987,0.01488213,0.01038605,0.005776252,0.00128018,-0.002951695,-0.006749043,-0.01003043,-0.01271191,-0.01479489,-0.01628089,-0.01724422,-0.01773473,-0.01784047,-0.01760394,-0.01709651,-0.01635263,-0.01543845,-0.0143854,-0.01325049,-0.01206026,-0.01085898,-0.009658398,-0.008483002,-0.007332478,-0.006220618,-0.005145757,-0.004119009,-0.003140552,-0.002213012,-0.001336146,-0.0005106162,0.0002589287,0.0009757471,0.00163188,0.002231176,0.002754594,0.003209773,0.003572421,0.00385816,0.004031631,0.00411535,0.004058485,0.003887843,0.003517936,0.002974278,0.002123421,0.0009780983,-0.0007030444,-0.002977614,-0.006234844,-0.01024167,-0.01546753,-0.02281252,-0.03112642,-0.04220548,-0.05055597,-0.05845444,-0.06576541,-0.07135307,-0.07543404,-0.07814918
-0.06506082,-0.06560063,-0.06537046,-0.06428207,-0.06240546,-0.05973477,-0.05637615,-0.05267214,-0.04886404,-0.04500763,-0.04152939,-0.0383688,-0.03559996,-0.03313052,-0.03094807,-0.02888639,-0.0269219,-0.02490221,-0.02284264,-0.02062937,-0.01831996,-0.0158482,-0.01331178,-0.01066257,-0.008004498,-0.005310612,-0.002695498,-0.0001363019,0.002267689,0.004552384,0.00663193,0.008544647,0.01021493,0.01169157,0.01292711,0.0139968,0.0148771,0.01564095,0.01626819,0.0168494,0.01739512,0.01802469,0.01875989,0.01970214,0.02083779,0.02220246,0.02370118,0.02527561,0.02676306,0.02807082,0.02902661,0.02952973,0.02939137,0.02852342,0.02682545,0.02433255,0.02107333,0.01721775,0.01292019,0.008424424,0.003908754,-0.0004153308,-0.00443102,-0.007989859,-0.01103406,-0.013488,-0.01536737,-0.01666814,-0.01746624,-0.01780681,-0.01778446,-0.0174416,-0.01685745,-0.01605997,-0.01511365,-0.01404184,-0.01290291,-0.01171368,-0.01051939,-0.009327008,-0.008166073,-0.007030142,-0.005935589,-0.0048753,-0.003863311,-0.002891351,-0.001966154,-0.001083485,-0.000249551,0.0005384026,0.001281992,0.001980309,0.002632551,0.003228265,0.003769472,0.004237817,0.004641042,0.004952408,0.005189686,0.005313677,0.005345177,0.005221947,0.004972129,0.004493144,0.003805192,0.002738463,0.001310287,-0.0007347681,-0.003428357,-0.007505381,-0.01287945,-0.0189363,-0.02647369,-0.03261306,-0.04120646,-0.04861702,-0.05410836,-0.05840373,-0.06153904,-0.06370526
-0.05112717,-0.05170627,-0.05177125,-0.05136318,-0.05035007,-0.04873017,-0.04665583,-0.04409995,-0.04119043,-0.03832583,-0.03539305,-0.03267826,-0.03015599,-0.02786513,-0.02569213,-0.02366384,-0.0216356,-0.01962577,-0.01750984,-0.01534557,-0.01304,-0.01067754,-0.00820939,-0.005745366,-0.003241674,-0.000810291,0.001580703,0.003825638,0.005964842,0.007908187,0.009704086,0.01127508,0.01268459,0.01388031,0.01494075,0.01583641,0.01665485,0.01738302,0.01812047,0.01886234,0.01970917,0.02065727,0.0217944,0.02307705,0.02451375,0.02598104,0.02740938,0.02862642,0.02954704,0.03000737,0.02994286,0.02921291,0.02778095,0.02557725,0.02268022,0.01913856,0.01513144,0.01079815,0.0063692,0.001996126,-0.002123454,-0.00589554,-0.009192396,-0.01198259,-0.014199,-0.01586963,-0.01698872,-0.01763198,-0.01783582,-0.01769928,-0.01726491,-0.01661691,-0.01577809,-0.01481477,-0.01374207,-0.01261855,-0.0114514,-0.01028677,-0.009124874,-0.00799865,-0.00689691,-0.005839754,-0.004811473,-0.003827922,-0.002875732,-0.001968968,-0.001096123,-0.0002644349,0.0005352596,0.001295936,0.002021733,0.002709472,0.003360262,0.003971652,0.004531703,0.00503873,0.005474171,0.00584625,0.006127293,0.006333468,0.006420783,0.006410552,0.006227889,0.005898,0.005300195,0.004456101,0.003151329,0.001373219,-0.001180096,-0.004161676,-0.008054133,-0.01344687,-0.01916281,-0.02720745,-0.03257322,-0.0376391,-0.04240294,-0.04591851,-0.04839398,-0.05008046
-0.03927789,-0.03953044,-0.03956436,-0.03933031,-0.03881576,-0.03789623,-0.0365224,-0.03482391,-0.03286942,-0.03060545,-0.02837251,-0.02611768,-0.02395397,-0.02187021,-0.01989783,-0.01794841,-0.01604295,-0.01408386,-0.01209911,-0.01000891,-0.007867649,-0.005625714,-0.003368553,-0.001072448,0.001170889,0.003385171,0.005482234,0.007486992,0.009324626,0.01103065,0.01254786,0.01392702,0.01513023,0.01622119,0.01718234,0.01809035,0.01894656,0.01982673,0.02072997,0.02172981,0.02281681,0.02404226,0.02535299,0.02672571,0.02803447,0.02919408,0.03004624,0.03050111,0.03042951,0.02979136,0.02850536,0.02656657,0.02394003,0.02071074,0.01696123,0.01286487,0.008563198,0.004253035,7.244125e-05,-0.003813302,-0.007315422,-0.01034023,-0.01286487,-0.0148473,-0.01630777,-0.01725422,-0.01774968,-0.01783884,-0.01760501,-0.01710156,-0.01640125,-0.01553978,-0.01457169,-0.0135201,-0.01242588,-0.01130474,-0.01018823,-0.009085,-0.008013365,-0.006972785,-0.005970169,-0.00499939,-0.004061785,-0.003155034,-0.00228087,-0.001437205,-0.0006188682,0.0001714293,0.0009369258,0.001671457,0.002385653,0.003070161,0.003733724,0.004357729,0.004952488,0.005489357,0.005983221,0.006397264,0.00675694,0.007015114,0.00720227,0.007249882,0.00719769,0.006941065,0.00651938,0.00576866,0.004741692,0.003212714,0.001217486,-0.001885148,-0.005754287,-0.009936729,-0.01525531,-0.01895587,-0.02495125,-0.02997132,-0.03340005,-0.03594223,-0.03764559,-0.03868131
-0.0283547,-0.02842055,-0.02831426,-0.0281431,-0.02780924,-0.0272774,-0.02656671,-0.0255197,-0.0241402,-0.02265088,-0.02090285,-0.01912533,-0.01731868,-0.01555431,-0.01378172,-0.01205486,-0.01029114,-0.008529598,-0.006679793,-0.00479776,-0.002812365,-0.0007997569,0.001281296,0.003327699,0.005372782,0.007322311,0.009212964,0.01096169,0.01261565,0.01410702,0.01549314,0.01672398,0.01787629,0.01892228,0.01994233,0.0209127,0.0219124,0.0229215,0.02401103,0.02514022,0.02634685,0.02755011,0.02873566,0.02976498,0.0305657,0.03097237,0.03092047,0.03029713,0.02910509,0.02729462,0.02491259,0.02194355,0.01848597,0.0146123,0.01050208,0.006278088,0.002135459,-0.001818592,-0.005435642,-0.008659316,-0.01140153,-0.01366394,-0.01540682,-0.01666871,-0.0174476,-0.01781587,-0.01780273,-0.01749767,-0.01693917,-0.01621044,-0.01533779,-0.01438548,-0.01336272,-0.01231858,-0.01125494,-0.01021083,-0.009178904,-0.008186687,-0.007221134,-0.00629897,-0.005400144,-0.004535923,-0.003688724,-0.002869007,-0.00206299,-0.001280814,-0.0005112144,0.0002411484,0.0009835212,0.001709883,0.002422174,0.00311821,0.003797592,0.004459872,0.005091329,0.005689337,0.00623185,0.006726909,0.007144531,0.007501861,0.007753886,0.007924613,0.007942782,0.007842274,0.007511229,0.00698957,0.006085532,0.004831384,0.002995995,0.000987357,-0.001729119,-0.005475994,-0.009130187,-0.01485954,-0.01800269,-0.02101013,-0.02397689,-0.02604857,-0.02734122,-0.02806667
-0.01923164,-0.01893124,-0.01858612,-0.01821949,-0.01787316,-0.01746816,-0.01690135,-0.01623966,-0.01543441,-0.01432979,-0.01315595,-0.01182531,-0.01042172,-0.008956882,-0.00749374,-0.005979811,-0.004463275,-0.002881698,-0.00127422,0.0004279828,0.002169299,0.003995583,0.00582944,0.007692663,0.009497877,0.01127377,0.01294888,0.01455728,0.01603791,0.0174376,0.01871386,0.01992764,0.02105078,0.0221495,0.02320198,0.02426773,0.02532418,0.02641348,0.02748732,0.02855828,0.02955135,0.03043973,0.03109774,0.03145242,0.03136961,0.03079377,0.0296448,0.02793672,0.02566068,0.02289023,0.01965505,0.01605156,0.01214664,0.008095197,0.004014501,7.352677e-05,-0.003626762,-0.00696635,-0.009900971,-0.01236581,-0.01436295,-0.01587734,-0.01694658,-0.01757883,-0.01783248,-0.01774132,-0.01738047,-0.01679507,-0.01605592,-0.01519775,-0.01427242,-0.01329891,-0.01231505,-0.01133012,-0.01036867,-0.009430619,-0.008531293,-0.007665636,-0.006838656,-0.006039079,-0.005264661,-0.004505056,-0.00375859,-0.003020331,-0.002289644,-0.001563843,-0.0008372684,-0.0001125781,0.0006130835,0.001332147,0.002053962,0.002768351,0.003483087,0.004179756,0.004867848,0.005517251,0.006140105,0.006697426,0.007211748,0.007635519,0.007999233,0.008236545,0.008389729,0.008361804,0.008203331,0.007767161,0.007132546,0.006106926,0.004763145,0.002551253,-1.275127e-05,-0.002668451,-0.006238027,-0.008057198,-0.01207606,-0.015291,-0.01718309,-0.01844546,-0.01912542,-0.01932577
-0.01073331,-0.01025865,-0.009707553,-0.009213493,-0.008746747,-0.008329605,-0.007979504,-0.007531217,-0.006940317,-0.006329221,-0.005470541,-0.004528803,-0.003467311,-0.00234497,-0.001131776,0.0001002742,0.001410056,0.002738173,0.004157659,0.005611551,0.007166433,0.008751081,0.01041175,0.01205392,0.0137092,0.01529133,0.01684694,0.01830508,0.01971605,0.02101943,0.02227562,0.02343836,0.02457523,0.02564659,0.02671241,0.02772429,0.0287209,0.02963965,0.03049323,0.03118693,0.03170393,0.03192114,0.0317949,0.03120282,0.03012386,0.02848614,0.02633459,0.02367106,0.02060144,0.01716642,0.01348748,0.009616097,0.005696387,0.00181297,-0.001879512,-0.005311057,-0.008363066,-0.01101319,-0.01320111,-0.01495111,-0.01624578,-0.01713954,-0.01763259,-0.01779225,-0.01763768,-0.0172483,-0.01665321,-0.01592948,-0.01509921,-0.01422336,-0.01331013,-0.01240565,-0.01150551,-0.01064315,-0.009807094,-0.009020407,-0.008263563,-0.007550746,-0.006860148,-0.006198993,-0.00554218,-0.004896355,-0.004243199,-0.003589734,-0.002921178,-0.002246302,-0.001555311,-0.000852733,-0.0001325709,0.0005982322,0.00133938,0.002087735,0.002841296,0.003599518,0.004348078,0.005082204,0.005776928,0.006437463,0.007031293,0.007573043,0.008017098,0.008387115,0.008616544,0.008744773,0.008671359,0.008451197,0.007916647,0.007136143,0.005939939,0.004749447,0.002981419,0.0005491907,-0.00149903,-0.005441534,-0.006864051,-0.00826086,-0.009816177,-0.0107473,-0.01110904,-0.01107786
-0.003967354,-0.00312761,-0.002300033,-0.001519486,-0.0008614786,-0.0002993982,0.0002366856,0.0006579237,0.001035306,0.001551968,0.0020595,0.002706063,0.003448584,0.00430525,0.005223125,0.006237938,0.007294751,0.008437052,0.009616365,0.01089196,0.01221402,0.0136272,0.01506637,0.01655754,0.01801891,0.01947807,0.02087445,0.02224465,0.02353145,0.02477289,0.02592597,0.02703635,0.02806043,0.02903414,0.02991247,0.03072192,0.03140429,0.03195732,0.03229391,0.03239039,0.03215002,0.03154184,0.03046945,0.02892305,0.02686205,0.02434297,0.02139415,0.01811752,0.01457295,0.0108792,0.007100558,0.003354645,-0.0002891257,-0.003709397,-0.006845222,-0.009606407,-0.01197252,-0.01390373,-0.01542114,-0.01652017,-0.01724729,-0.01762113,-0.01769856,-0.01750519,-0.01710239,-0.01652327,-0.01582951,-0.01505163,-0.01423838,-0.01340699,-0.01258984,-0.01179224,-0.01103594,-0.01031863,-0.009649909,-0.00901919,-0.008428991,-0.007866757,-0.007328569,-0.00679893,-0.00627007,-0.005730562,-0.005175676,-0.004599516,-0.003998056,-0.003369764,-0.002709127,-0.002020628,-0.001300863,-0.000559795,0.0002104809,0.0009978083,0.001808888,0.002623814,0.003451912,0.004261362,0.00506134,0.005809132,0.006522897,0.007152435,0.007726122,0.008178169,0.008551174,0.008754751,0.008847744,0.00869945,0.008410266,0.007814467,0.007005037,0.005520697,0.003993095,0.002492242,0.0002266266,-0.0001920215,-0.002718485,-0.004536883,-0.005198766,-0.005402049,-0.005210371,-0.004680082
0.002181689,0.003192342,0.004236415,0.005192539,0.006061633,0.006793037,0.007339411,0.007837324,0.008301541,0.008634618,0.009080623,0.009538581,0.01008134,0.01069153,0.01141668,0.01219652,0.01307675,0.01400055,0.01502052,0.01608202,0.01724335,0.0184429,0.01972308,0.02100652,0.02232117,0.02358891,0.02484808,0.02603768,0.02719602,0.02826032,0.02926933,0.03016281,0.03097663,0.03164729,0.03220138,0.03257237,0.03276914,0.03270797,0.03238196,0.03169869,0.03064769,0.02914678,0.02721218,0.02481461,0.02202782,0.01888484,0.01550008,0.01193072,0.008300791,0.004663715,0.001130573,-0.002254253,-0.005382964,-0.00821907,-0.01068379,-0.01277754,-0.01446076,-0.01576627,-0.01668515,-0.01727248,-0.01754233,-0.01755807,-0.01733466,-0.01693726,-0.01638607,-0.0157451,-0.01503171,-0.01429956,-0.01355633,-0.01284119,-0.01215164,-0.01151513,-0.01091882,-0.01037902,-0.009877461,-0.009423314,-0.008993255,-0.00859067,-0.008193225,-0.007800386,-0.007389172,-0.006959718,-0.006496068,-0.005998902,-0.005455339,-0.004869655,-0.004237322,-0.003559974,-0.002835595,-0.002068409,-0.001264752,-0.0004256499,0.0004419023,0.001339446,0.002248937,0.00316727,0.004063125,0.004940662,0.005760128,0.006534221,0.007211497,0.007815868,0.008280051,0.008648775,0.008827622,0.008884709,0.008669413,0.00828163,0.007596552,0.007020006,0.005932494,0.004458517,0.003567985,0.0009177409,0.0007493735,0.0005620912,9.972044e-05,9.477933e-05,0.0005272758,0.001240876
0.006505162,0.007861875,0.009181667,0.01043637,0.0115468,0.01251315,0.01338718,0.01404641,0.01454348,0.01504125,0.01539243,0.01577484,0.01618424,0.01666543,0.01719985,0.01783607,0.01852716,0.01931109,0.02013839,0.0210555,0.0220141,0.02305346,0.02411014,0.02521114,0.02628643,0.02736155,0.02837368,0.02935144,0.03023476,0.03105086,0.03173919,0.03232088,0.03272962,0.03297874,0.03300508,0.03282068,0.03236184,0.03162437,0.03053646,0.02909835,0.0272542,0.02502825,0.02240364,0.01945221,0.0162166,0.01281223,0.009302984,0.005799849,0.002354505,-0.0009382303,-0.004041892,-0.006875901,-0.009415329,-0.01159865,-0.01342952,-0.01488115,-0.01598769,-0.01675131,-0.01722006,-0.01740935,-0.01737475,-0.01713822,-0.01675683,-0.01625093,-0.0156723,-0.01503915,-0.01439529,-0.01375325,-0.01314485,-0.0125731,-0.01205723,-0.01159039,-0.01118226,-0.01081962,-0.01050262,-0.01021415,-0.009951113,-0.009697558,-0.009446691,-0.009181599,-0.008893429,-0.00856884,-0.00820078,-0.007780736,-0.007302533,-0.006763445,-0.006159194,-0.005494317,-0.004765811,-0.003983362,-0.003142094,-0.002254512,-0.001316194,-0.0003475141,0.0006590328,0.001672569,0.002697501,0.003688106,0.004654977,0.005544478,0.006378676,0.007091368,0.0077206,0.008180856,0.008533244,0.008660613,0.008675404,0.008430441,0.008027431,0.007090257,0.006318605,0.005608268,0.004214574,0.004727468,0.003215117,0.002366308,0.002594167,0.003193225,0.004081037,0.00523218
0.01024566,0.01170666,0.01318992,0.01459003,0.0158956,0.01704512,0.01797793,0.01881608,0.01954025,0.0200439,0.02054367,0.02094669,0.02134066,0.0217369,0.02220053,0.02269836,0.02328157,0.02390217,0.02460719,0.02533936,0.02614568,0.02696347,0.02782589,0.02865981,0.02949673,0.0302662,0.03099762,0.03162417,0.03217676,0.03258901,0.03288202,0.03298242,0.03290696,0.03258877,0.03204584,0.03121515,0.03011081,0.02867516,0.02693054,0.02483241,0.02241894,0.01967178,0.01666913,0.01344527,0.0101167,0.006738431,0.003419978,0.0002024893,-0.002822162,-0.005635823,-0.008170217,-0.01042323,-0.01233747,-0.01392629,-0.01516534,-0.01609716,-0.01672089,-0.0170901,-0.0172127,-0.01714776,-0.01691104,-0.01655918,-0.01610335,-0.01559568,-0.01504664,-0.01450075,-0.0139622,-0.01346544,-0.01300776,-0.01261326,-0.01227176,-0.01199698,-0.01176912,-0.01159197,-0.01144325,-0.01132504,-0.01121427,-0.01111012,-0.01099183,-0.01085658,-0.01068335,-0.0104681,-0.01019414,-0.009857331,-0.009444263,-0.008955349,-0.008387736,-0.007741201,-0.007014947,-0.006210933,-0.005338619,-0.00439877,-0.00340033,-0.002341751,-0.001242576,-0.0001053194,0.001034737,0.002178062,0.003278428,0.004342211,0.005311889,0.006206687,0.006957262,0.007607181,0.008065639,0.008405315,0.008487779,0.008433621,0.008149606,0.008003612,0.007358464,0.006518737,0.006382988,0.004564852,0.005189626,0.005777863,0.006024586,0.006636691,0.007621441,0.008836383
0.01223778,0.01393912,0.0156097,0.01722654,0.01871299,0.02005491,0.02129549,0.02229621,0.02310191,0.02384731,0.02437277,0.02484224,0.02525034,0.02565327,0.02604528,0.02648762,0.02694777,0.02746979,0.0280069,0.02859916,0.02919154,0.02981382,0.0304007,0.0309758,0.03147577,0.03192745,0.0322691,0.03252072,0.03262172,0.03259151,0.03236929,0.03196818,0.03132461,0.0304557,0.02931089,0.02791093,0.02621365,0.02424783,0.02198503,0.01947189,0.01670251,0.01374728,0.01063332,0.007461031,0.004282086,0.001196558,-0.001756899,-0.004501297,-0.007021303,-0.009264625,-0.01123562,-0.01289764,-0.01426496,-0.01531896,-0.01609692,-0.01660216,-0.01688545,-0.01696098,-0.01687914,-0.01665562,-0.01633727,-0.015939,-0.0155053,-0.0150464,-0.0145979,-0.01416471,-0.01377508,-0.01342996,-0.01314932,-0.01292789,-0.0127751,-0.01267657,-0.01263268,-0.012624,-0.01264527,-0.01267804,-0.01271838,-0.01275114,-0.0127691,-0.01275725,-0.01270584,-0.01260058,-0.01243032,-0.01218409,-0.01185199,-0.01142925,-0.01090929,-0.01029593,-0.009584692,-0.008783979,-0.007889169,-0.00691347,-0.005852527,-0.004727138,-0.003530258,-0.002291948,-0.001010931,0.000263299,0.001533758,0.002740854,0.003898758,0.00493727,0.005887038,0.006662257,0.007321437,0.007754319,0.008076569,0.008148645,0.008074447,0.007554673,0.007320684,0.00711249,0.006235325,0.007277526,0.006343602,0.006035542,0.006761478,0.007813653,0.009098665,0.01061558
0.01392692,0.01558669,0.01728102,0.01891739,0.02047487,0.02189369,0.02309928,0.02421221,0.02519418,0.02593077,0.02662413,0.02716483,0.02762801,0.02802605,0.02841977,0.0287857,0.02917685,0.02955822,0.02997231,0.03036713,0.03077391,0.0311315,0.03146553,0.03171248,0.03189861,0.03196253,0.03192858,0.0317384,0.03141296,0.03089173,0.03019527,0.02926606,0.02812999,0.02674158,0.02513194,0.02326294,0.02116954,0.01883327,0.0163101,0.01359912,0.01076876,0.007833711,0.00488445,0.001960587,-0.0008465145,-0.003509912,-0.005961988,-0.00819294,-0.01015407,-0.01185875,-0.01328113,-0.01444695,-0.01533519,-0.01598178,-0.01638833,-0.01660652,-0.01664673,-0.01655832,-0.01635119,-0.01607322,-0.01573499,-0.01537729,-0.01500347,-0.01464867,-0.01431394,-0.01402705,-0.01378484,-0.01360799,-0.01349,-0.0134438,-0.01345668,-0.01353186,-0.01364767,-0.01379898,-0.01396561,-0.01414511,-0.01432073,-0.01448815,-0.01463214,-0.01474695,-0.01481593,-0.0148291,-0.01477055,-0.01462861,-0.01439018,-0.01404804,-0.01359943,-0.01303821,-0.01236498,-0.0115758,-0.01068213,-0.009681619,-0.008585352,-0.007388151,-0.00611177,-0.004755803,-0.00335983,-0.001924819,-0.0005051119,0.00089995,0.002223349,0.003478362,0.004588629,0.00559327,0.006398222,0.007075185,0.007488885,0.00777212,0.00784628,0.008030089,0.007680891,0.007255,0.00758502,0.006248472,0.007288173,0.008264323,0.008836683,0.009709583,0.01091561,0.01232774
0.01418476,0.01593191,0.01766616,0.01936627,0.02096221,0.0224343,0.02381932,0.024969,0.02592672,0.02681344,0.02746461,0.02802842,0.02849319,0.0288967,0.02923222,0.02955115,0.02982658,0.03009829,0.030328,0.03054993,0.03070947,0.03083014,0.03085479,0.03080858,0.03063666,0.03036502,0.02993942,0.02937978,0.02862857,0.02770644,0.02656629,0.0252391,0.02368893,0.02195063,0.01999587,0.01786513,0.01554531,0.01308975,0.01050119,0.00784557,0.00513706,0.002452654,-0.0001810167,-0.002686901,-0.005045064,-0.0071981,-0.009141575,-0.01083469,-0.01229253,-0.01349524,-0.01447232,-0.01521185,-0.01574644,-0.01607531,-0.01624303,-0.01625871,-0.01616958,-0.01598627,-0.01575052,-0.01547079,-0.01518117,-0.01488647,-0.01461722,-0.01437394,-0.01417844,-0.01402775,-0.01393908,-0.01390858,-0.01394842,-0.01405089,-0.01421899,-0.01443651,-0.01469811,-0.01498451,-0.01528839,-0.01559455,-0.01590032,-0.01619386,-0.01646823,-0.0167104,-0.01690976,-0.01705143,-0.01712035,-0.01710246,-0.01698297,-0.01675283,-0.01639942,-0.01592318,-0.01531573,-0.01458257,-0.01371551,-0.01272676,-0.01160999,-0.01038404,-0.009040432,-0.007607723,-0.006085673,-0.004526653,-0.002933699,-0.00137282,0.0001614767,0.001591908,0.002938992,0.004111651,0.00516091,0.005976272,0.00666829,0.007094226,0.00735524,0.007217004,0.007415148,0.007551235,0.006974798,0.008285977,0.007625706,0.007529948,0.008422498,0.009596283,0.01095601,0.01252168
0.01459701,0.01615336,0.01775414,0.01931836,0.02082148,0.02221221,0.02340577,0.02452491,0.0255164,0.02626961,0.02697347,0.02751388,0.02795067,0.02828902,0.02857551,0.02878258,0.02895498,0.02905719,0.02912933,0.0291242,0.02907075,0.02891345,0.02868147,0.02832311,0.02786981,0.02727045,0.02655133,0.02565793,0.02461197,0.02336351,0.021943,0.02032023,0.01854335,0.01659019,0.01450532,0.01227395,0.009949761,0.007534863,0.005096206,0.00264232,0.0002405827,-0.002095435,-0.00429572,-0.006348985,-0.008204049,-0.009867974,-0.01130683,-0.01253702,-0.01353839,-0.01434365,-0.01494642,-0.01538242,-0.01564486,-0.01577327,-0.01577265,-0.01568916,-0.01552985,-0.01533276,-0.01510194,-0.01487197,-0.01464607,-0.01445086,-0.01428186,-0.01416152,-0.01408438,-0.01406802,-0.01410509,-0.01420902,-0.01437201,-0.0146025,-0.01488794,-0.01522821,-0.01560314,-0.01600652,-0.01642139,-0.01684624,-0.01726907,-0.01768654,-0.01808682,-0.01846251,-0.01879885,-0.01908253,-0.01929686,-0.01942466,-0.01945002,-0.01935749,-0.01913903,-0.01878136,-0.01828166,-0.01763022,-0.01683457,-0.01588837,-0.01480053,-0.0135614,-0.01219061,-0.01068496,-0.009083963,-0.007390156,-0.005661722,-0.003904515,-0.002193409,-0.0005249556,0.001016177,0.002458865,0.00370251,0.004809734,0.005643144,0.006336053,0.0068111,0.007328884,0.007251543,0.007157978,0.007823174,0.006782941,0.008021359,0.009141956,0.009775977,0.01063748,0.01178395,0.01310449
0.01397572,0.01550525,0.01702537,0.01851852,0.01992634,0.02122843,0.02246261,0.02347352,0.02430594,0.0250744,0.02560938,0.02605445,0.02638672,0.02663457,0.02678223,0.02687446,0.02687959,0.02683084,0.02668933,0.02649069,0.02618854,0.02581075,0.0253095,0.02471756,0.02399362,0.02317163,0.02220543,0.02111376,0.01984763,0.01843387,0.01684038,0.01511444,0.01324092,0.01126859,0.009184365,0.00704125,0.004841662,0.002645333,0.0004573207,-0.00166258,-0.003707045,-0.005613891,-0.007378195,-0.008956634,-0.01036061,-0.01156323,-0.01258254,-0.0134019,-0.01405313,-0.01453229,-0.01487533,-0.01507694,-0.01517231,-0.01516215,-0.01508464,-0.01494418,-0.01477762,-0.01458828,-0.01440682,-0.01423354,-0.01409188,-0.0139781,-0.01391287,-0.01389028,-0.01392448,-0.01400783,-0.01415184,-0.0143503,-0.0146123,-0.01493094,-0.01530863,-0.01573208,-0.01619769,-0.01669096,-0.01720597,-0.0177315,-0.01826616,-0.01880294,-0.01933519,-0.01985091,-0.02033806,-0.02078158,-0.02116304,-0.02146597,-0.02166994,-0.02175891,-0.02171167,-0.02152161,-0.02117377,-0.02066803,-0.01998923,-0.0191444,-0.0181228,-0.01693808,-0.01557776,-0.01406546,-0.01239908,-0.01063081,-0.008766759,-0.006876382,-0.004962632,-0.00311042,-0.001312557,0.0003318311,0.001861273,0.00316002,0.004325072,0.005202833,0.005885113,0.006190155,0.006835463,0.007301433,0.006970113,0.008465243,0.007955017,0.007918665,0.008804694,0.009907283,0.01113217,0.01251853
0.01394767,0.01520789,0.01649976,0.01775895,0.01896055,0.0200675,0.02099011,0.02185787,0.02260742,0.02313182,0.02361172,0.02393143,0.02413629,0.02423063,0.02424807,0.024165,0.02401566,0.02376916,0.02345577,0.02303813,0.02254725,0.02194388,0.02125779,0.02045404,0.01956798,0.01856409,0.01746806,0.01623923,0.01489988,0.01341489,0.01181779,0.01009306,0.008290325,0.006402948,0.004479105,0.002519061,0.0005761014,-0.001343068,-0.003186429,-0.004949901,-0.00658459,-0.008088411,-0.009421344,-0.01059354,-0.0115841,-0.01241367,-0.01307173,-0.01358536,-0.01395204,-0.0142058,-0.01434796,-0.01440829,-0.01438524,-0.01430816,-0.01418043,-0.01403426,-0.01387339,-0.01372181,-0.01358006,-0.01346912,-0.01338979,-0.01335566,-0.01336108,-0.01341761,-0.01352135,-0.01368002,-0.01388904,-0.01415371,-0.01447118,-0.01484522,-0.01527197,-0.01575103,-0.01627433,-0.0168361,-0.01742818,-0.0180458,-0.01868389,-0.0193376,-0.0200016,-0.02066411,-0.02131444,-0.02193356,-0.02250699,-0.02301062,-0.02342788,-0.02373074,-0.02390646,-0.02392873,-0.02379119,-0.02347229,-0.0229753,-0.02228264,-0.02140088,-0.02030996,-0.01902694,-0.01753873,-0.01588302,-0.01405725,-0.01212215,-0.01008327,-0.008024281,-0.00594836,-0.003953232,-0.002020091,-0.0002624991,0.001371375,0.002733407,0.003951365,0.004932895,0.005878342,0.006155974,0.006444524,0.007466526,0.006709178,0.008110636,0.009319532,0.009933499,0.01068424,0.01164784,0.01273225
0.0131793,0.01438673,0.01556405,0.01670051,0.01775327,0.01870409,0.01959911,0.02028004,0.02079687,0.021259,0.02149582,0.02164505,0.02168055,0.02162134,0.02145175,0.02121186,0.02087275,0.02046694,0.01995744,0.01937937,0.01869722,0.01794684,0.01709102,0.01616862,0.0151482,0.01406677,0.01288673,0.01163642,0.01027825,0.008844985,0.007311227,0.00572092,0.004058884,0.002374237,0.0006614709,-0.001024815,-0.002682147,-0.004260479,-0.005765402,-0.007151829,-0.008424482,-0.009540898,-0.01051504,-0.01132484,-0.01199555,-0.01251356,-0.01290756,-0.01317253,-0.0133451,-0.0134244,-0.01344347,-0.0133956,-0.01331091,-0.01318518,-0.01304716,-0.01289404,-0.01275308,-0.01262157,-0.01252135,-0.01244765,-0.01241647,-0.01241985,-0.01247241,-0.01256654,-0.01271313,-0.01290301,-0.01314478,-0.01343158,-0.01377148,-0.01416024,-0.01460559,-0.01510354,-0.01565969,-0.01626765,-0.01692546,-0.01762288,-0.01835877,-0.01912891,-0.01992876,-0.02074774,-0.0215733,-0.0223897,-0.02317617,-0.02391438,-0.02457908,-0.02514646,-0.02558569,-0.02588013,-0.0260059,-0.025953,-0.02569714,-0.02523559,-0.02455068,-0.02364689,-0.02250451,-0.02113688,-0.01953429,-0.01774288,-0.01576742,-0.01367538,-0.01147513,-0.009257071,-0.007027853,-0.004896324,-0.002839193,-0.0009808649,0.0007563023,0.002202089,0.003433188,0.004305714,0.005502407,0.006396481,0.006389238,0.00813792,0.007825225,0.007876243,0.008768,0.009791238,0.01085256,0.01200643
0.01327586,0.01422976,0.01517949,0.01607827,0.01690548,0.01763925,0.01819098,0.0187003,0.01909983,0.01928567,0.01943469,0.01942907,0.01930803,0.01907623,0.01876289,0.01834713,0.01786225,0.01728483,0.01664511,0.01591116,0.01511624,0.01423278,0.01329653,0.01228188,0.01122481,0.0100954,0.008922521,0.007679895,0.006397871,0.005051448,0.003672358,0.00224198,0.0007990219,-0.0006636057,-0.002100261,-0.003509483,-0.00484792,-0.006117425,-0.007280746,-0.008343508,-0.009272615,-0.01007875,-0.01074054,-0.01127755,-0.01167974,-0.01197109,-0.0121507,-0.01224803,-0.01226511,-0.01223134,-0.0121474,-0.012037,-0.01189636,-0.01174567,-0.01158318,-0.0114307,-0.01128765,-0.01116968,-0.01107411,-0.01101422,-0.01098934,-0.01100722,-0.01106161,-0.01116053,-0.01130214,-0.0114908,-0.01172248,-0.01199935,-0.0123208,-0.01269163,-0.01311852,-0.01361044,-0.0141735,-0.01480849,-0.01551435,-0.016284,-0.01711341,-0.01799628,-0.01893254,-0.01991081,-0.0209231,-0.02194795,-0.02297099,-0.02396478,-0.02491065,-0.02577223,-0.02652844,-0.02714105,-0.02759444,-0.02785477,-0.02791584,-0.02774876,-0.02735196,-0.02669432,-0.0257831,-0.02459321,-0.02315013,-0.02144155,-0.01952237,-0.01739501,-0.01514397,-0.01277836,-0.01040426,-0.008016503,-0.0057403,-0.003539445,-0.001573401,0.0002706204,0.00187779,0.003381519,0.004158442,0.004961045,0.006470285,0.006110172,0.007786763,0.00918843,0.00987518,0.01059344,0.01143492,0.01232181
0.01272409,0.01368934,0.014584,0.01540221,0.01612143,0.01672391,0.01727157,0.01760416,0.01778268,0.01791232,0.01782575,0.01765495,0.01737839,0.01700804,0.01653394,0.01599194,0.01536145,0.01467426,0.01390417,0.01308481,0.01218883,0.01125238,0.01025058,0.009221024,0.008138578,0.007036766,0.005888718,0.004725359,0.003523783,0.002317421,0.001086173,-0.0001373331,-0.00137157,-0.002579124,-0.003765365,-0.004887852,-0.00594953,-0.006916446,-0.007798776,-0.008566861,-0.009231837,-0.009768222,-0.01019525,-0.01050193,-0.01071221,-0.01081999,-0.01085182,-0.010808,-0.0107189,-0.01058496,-0.01043073,-0.01025158,-0.01006778,-0.009874529,-0.009689311,-0.009507613,-0.009346186,-0.009203108,-0.009091113,-0.009006379,-0.008958033,-0.008941642,-0.008965683,-0.009027332,-0.009134011,-0.009281616,-0.009472042,-0.009702098,-0.009975974,-0.01029931,-0.01068506,-0.01114671,-0.01169816,-0.01234677,-0.01309129,-0.01392565,-0.01484173,-0.01583827,-0.0169102,-0.01805453,-0.01925712,-0.0205064,-0.02177711,-0.02305317,-0.02430369,-0.02550352,-0.02660894,-0.02759574,-0.02842505,-0.02907857,-0.02951738,-0.02973082,-0.02968805,-0.02938509,-0.02878649,-0.02789415,-0.02667888,-0.02517506,-0.02337586,-0.0213443,-0.01908381,-0.01668842,-0.01417061,-0.01165161,-0.009119885,-0.006713277,-0.004371938,-0.002288933,-0.0004030211,0.001161435,0.003042737,0.004514514,0.004985742,0.007152844,0.007202408,0.00750046,0.008558198,0.009651957,0.0106897,0.01173203
0.01309437,0.01390165,0.01465149,0.0153136,0.01587335,0.01632388,0.01658075,0.01679553,0.01690223,0.01680053,0.01666847,0.0163884,0.0159982,0.01550587,0.01493951,0.01428214,0.0135687,0.01278131,0.01195459,0.01106278,0.01013997,0.009162438,0.008168461,0.007135691,0.006097973,0.005028343,0.003958948,0.002869725,0.001794657,0.0007138065,-0.0003420315,-0.001393451,-0.002408799,-0.003401254,-0.004335073,-0.005218069,-0.006019386,-0.006749176,-0.007379185,-0.007921763,-0.00835319,-0.008690502,-0.00891947,-0.009061052,-0.009107438,-0.009081805,-0.008983463,-0.008838424,-0.008646654,-0.008432594,-0.008194966,-0.007954446,-0.007704646,-0.007460542,-0.00721702,-0.006989469,-0.006774446,-0.006583718,-0.00641244,-0.006269935,-0.006156175,-0.006079526,-0.006034383,-0.006028337,-0.006062443,-0.006141982,-0.006261256,-0.006420366,-0.006621637,-0.00687693,-0.007203279,-0.007621618,-0.008150265,-0.008798998,-0.009571598,-0.01046185,-0.01146229,-0.01256413,-0.0137699,-0.01507314,-0.01646943,-0.01793939,-0.01946926,-0.02103119,-0.02260603,-0.02415519,-0.02564921,-0.02703952,-0.02829785,-0.02937979,-0.03026656,-0.03091895,-0.03132316,-0.03143717,-0.03125187,-0.03072741,-0.02986746,-0.02864131,-0.02708803,-0.02520209,-0.02305901,-0.02066779,-0.01813453,-0.01546594,-0.01279576,-0.01010465,-0.007561408,-0.005072738,-0.00277962,-0.0006194252,0.0007900701,0.002252098,0.004415876,0.004626238,0.006768072,0.008563922,0.009529714,0.01042235,0.01134379,0.01222431
0.01270486,0.01365144,0.01447293,0.01516714,0.01573089,0.01614704,0.01649506,0.01661438,0.01657868,0.01649337,0.01619664,0.01581872,0.01534518,0.01478423,0.01413236,0.01342249,0.01264228,0.01182191,0.01094487,0.01004458,0.009101436,0.008147567,0.007163652,0.006181748,0.00518024,0.004189292,0.003190572,0.002213005,0.00123972,0.0003004679,-0.0006195562,-0.001493114,-0.002336377,-0.003122576,-0.003861642,-0.004527341,-0.005128385,-0.005642931,-0.006082646,-0.006428487,-0.0066921,-0.006856589,-0.006938668,-0.006932563,-0.006857361,-0.006710699,-0.006511227,-0.006259942,-0.005978844,-0.005670186,-0.005352084,-0.005023265,-0.004696974,-0.004370424,-0.004054327,-0.003744761,-0.003451579,-0.003175354,-0.002922052,-0.002690013,-0.002485463,-0.00231185,-0.002174521,-0.002074808,-0.00201817,-0.002006832,-0.002036894,-0.002107807,-0.00222418,-0.002404432,-0.002666857,-0.003037965,-0.003537144,-0.004183947,-0.004977972,-0.005918744,-0.006992102,-0.008197843,-0.009528214,-0.01098873,-0.01256644,-0.01425752,-0.01603633,-0.01789083,-0.01978833,-0.02170716,-0.02359517,-0.02542121,-0.02713217,-0.02870254,-0.03007932,-0.03124284,-0.032148,-0.03278149,-0.03308912,-0.03305662,-0.03262969,-0.03182019,-0.03060026,-0.02902028,-0.02707031,-0.02483764,-0.02233211,-0.01968059,-0.01688023,-0.01408027,-0.01123688,-0.008563617,-0.006015462,-0.003707944,-0.001057997,0.001117182,0.002217591,0.004987127,0.005600953,0.006363238,0.007820129,0.009226069,0.01048547,0.01165854
0.01310877,0.01403887,0.01484786,0.01552161,0.01604746,0.01643523,0.0166019,0.01671373,0.01670664,0.01648756,0.01623735,0.01584369,0.01534308,0.01475002,0.01409052,0.01335304,0.01257144,0.01173424,0.01087619,0.00997867,0.009075489,0.008146856,0.007226822,0.006293691,0.005376972,0.004453889,0.00355586,0.002667432,0.0018197,0.0009948493,0.0002204438,-0.0005206976,-0.001200248,-0.001832109,-0.002390918,-0.002890627,-0.003311718,-0.003667642,-0.003938124,-0.00413664,-0.00424506,-0.004279288,-0.004227909,-0.004108388,-0.003914401,-0.003664308,-0.003355565,-0.003007994,-0.002621272,-0.002215977,-0.00179265,-0.001368406,-0.0009381455,-0.0005134002,-9.100451e-05,0.0003184114,0.0007167418,0.001095729,0.001459609,0.00180294,0.002120789,0.002402314,0.002648483,0.002854788,0.003016565,0.003128831,0.00319472,0.003216065,0.003182327,0.00307584,0.002870531,0.002542982,0.002067304,0.001428967,0.0006175413,-0.0003617734,-0.001504045,-0.002796767,-0.004243231,-0.005839014,-0.007586589,-0.009471825,-0.01148833,-0.01360978,-0.01582113,-0.01808549,-0.02037327,-0.02262742,-0.0248114,-0.02687115,-0.02877924,-0.03048381,-0.03195995,-0.03315343,-0.03403949,-0.03455834,-0.03468996,-0.03437493,-0.03362739,-0.03242245,-0.03081887,-0.02881227,-0.02649975,-0.02388857,-0.02111707,-0.01817685,-0.01524398,-0.0122404,-0.009334331,-0.006528772,-0.004443694,-0.002242652,0.0006975857,0.001629126,0.004420349,0.0068259,0.008307501,0.009631329,0.01090045,0.01204936
0.01249282,0.01371502,0.01475331,0.01560659,0.01628676,0.01677706,0.01717243,0.01731302,0.01728347,0.01719397,0.01688836,0.01649917,0.01601898,0.01545373,0.01480535,0.01410499,0.01334527,0.01255544,0.01172441,0.01088528,0.01002417,0.00917171,0.008309599,0.007463912,0.006615204,0.005792199,0.004980343,0.00420592,0.003455334,0.002754466,0.002089988,0.001486251,0.0009302624,0.0004444108,1.710006e-05,-0.0003338422,-0.0006200351,-0.0008271766,-0.0009679393,-0.001028307,-0.001019098,-0.000927872,-0.0007671579,-0.0005316496,-0.0002351692,0.0001245869,0.0005357264,0.0009969185,0.001490014,0.00200989,0.002541203,0.003083771,0.00362761,0.004171852,0.004707939,0.005237622,0.005753779,0.006253301,0.006733735,0.007194229,0.007628753,0.008027154,0.008383483,0.008694401,0.008957342,0.00916645,0.009324606,0.009426002,0.00946216,0.00940803,0.00924477,0.008944143,0.008487432,0.007848781,0.007025321,0.006011398,0.00481892,0.003446889,0.001906758,0.0001901537,-0.001693908,-0.003752063,-0.005966241,-0.008331262,-0.01081725,-0.01340938,-0.01605782,-0.01872967,-0.02136467,-0.02393172,-0.02636985,-0.02864875,-0.03071133,-0.03253394,-0.03404743,-0.03521799,-0.03596711,-0.036277,-0.0360898,-0.03543006,-0.03426574,-0.03266359,-0.03061989,-0.02825312,-0.02556236,-0.02270034,-0.0196351,-0.01659208,-0.01353947,-0.01058511,-0.007207355,-0.004306972,-0.002512077,0.0009780863,0.002310204,0.003724211,0.005799949,0.007764487,0.009513008,0.01110048
0.01242571,0.01377742,0.01494692,0.01593218,0.01671778,0.01732887,0.01767998,0.01795184,0.01808189,0.01798464,0.01784508,0.01755859,0.01715985,0.01667017,0.01611289,0.01548203,0.01480856,0.01408638,0.01334802,0.01258033,0.01181542,0.01103867,0.01027923,0.009517102,0.00877813,0.008044623,0.007344344,0.006664969,0.006034583,0.005438919,0.004900249,0.004403927,0.003974797,0.003602032,0.003305405,0.003072388,0.002916384,0.002824286,0.002810201,0.002863228,0.00299607,0.003194172,0.003466566,0.003803407,0.004211098,0.0046778,0.005204726,0.00577591,0.006387268,0.007021296,0.007674166,0.008334062,0.009001796,0.009666873,0.010328,0.01097713,0.0116121,0.01222779,0.01282388,0.01339714,0.01393846,0.01443809,0.01489057,0.01529397,0.0156426,0.0159341,0.01616167,0.01632141,0.01639577,0.01637087,0.01622163,0.01593142,0.01547433,0.01483669,0.01400042,0.01296644,0.01173111,0.01030831,0.008694523,0.006897226,0.004906414,0.002728423,0.0003559842,-0.002190917,-0.004905123,-0.007755709,-0.01072378,-0.01375395,-0.01680958,-0.01983106,-0.02278808,-0.02561832,-0.02828768,-0.03073069,-0.03291205,-0.03475294,-0.03621193,-0.03719905,-0.03769518,-0.0376431,-0.03707389,-0.03595721,-0.03436799,-0.03229887,-0.02988202,-0.02711033,-0.02416026,-0.02096107,-0.01770077,-0.01443639,-0.01179174,-0.008913572,-0.005199045,-0.003502548,3.220892e-05,0.003188078,0.005365112,0.007336525,0.009199639,0.01088863
0.01101554,0.01279358,0.01434051,0.01564895,0.0167424,0.01759982,0.01832983,0.01877023,0.01901505,0.01917894,0.01911183,0.01894812,0.01868816,0.01833463,0.01789495,0.01739725,0.0168391,0.01624681,0.01561392,0.01497094,0.01430907,0.01365647,0.01299806,0.01235631,0.01171637,0.01110468,0.01050994,0.009954373,0.00942794,0.008954007,0.00852175,0.008150585,0.007830361,0.007579668,0.007389999,0.007275362,0.007227527,0.007256436,0.007351694,0.007523075,0.007760692,0.008070985,0.008446074,0.00889304,0.00940547,0.009984307,0.01062033,0.01130749,0.01202943,0.01277802,0.01354205,0.01431982,0.01510231,0.01588201,0.01665232,0.01741003,0.01815086,0.01886814,0.01955858,0.02021626,0.0208395,0.02141619,0.02194037,0.02240397,0.02280993,0.0231493,0.02341755,0.02359477,0.02367473,0.02363697,0.02347501,0.0231654,0.0226976,0.02204433,0.02119997,0.02014812,0.01889627,0.0174387,0.01579004,0.01394117,0.01189828,0.00964319,0.007183236,0.004510729,0.001648611,-0.00140043,-0.004598591,-0.007924953,-0.0113216,-0.01475823,-0.01817082,-0.02152506,-0.02475418,-0.02782764,-0.03066727,-0.03322539,-0.03540317,-0.03715625,-0.03839085,-0.03909479,-0.0392013,-0.0387455,-0.03769534,-0.03614575,-0.03408282,-0.0316522,-0.02882325,-0.02582287,-0.02262134,-0.01931308,-0.01543101,-0.0119546,-0.009557243,-0.005374251,-0.003298586,-0.001160423,0.001653951,0.004338412,0.006777585,0.009014742
0.009887988,0.0119025,0.01369378,0.01526431,0.01659145,0.01771063,0.01852999,0.01924074,0.01978127,0.02006972,0.02029586,0.02036105,0.02029828,0.02013454,0.01989053,0.0195639,0.01918336,0.01874647,0.01828356,0.01778506,0.01728116,0.01676022,0.01624958,0.01573395,0.01523892,0.01474973,0.01429131,0.01385388,0.0134628,0.0131074,0.01280781,0.01255082,0.01235745,0.01221836,0.0121513,0.0121468,0.01221728,0.01235264,0.01256449,0.01284303,0.01319592,0.01360946,0.01409162,0.01463935,0.01525984,0.01594417,0.01668782,0.01747437,0.0182975,0.01914335,0.02000783,0.02088144,0.02175931,0.02262965,0.02348797,0.02432595,0.02514008,0.0259261,0.02667663,0.0273877,0.02805219,0.02866523,0.02921786,0.02970722,0.0301281,0.03047786,0.03073673,0.03089228,0.03092949,0.03084817,0.03063565,0.03028642,0.02978156,0.02911204,0.02825435,0.02720218,0.02594448,0.02449214,0.0228403,0.02099702,0.01894741,0.01669057,0.0142068,0.01150309,0.008573912,0.005437432,0.002094657,-0.001415865,-0.005068035,-0.008805185,-0.01259838,-0.01638515,-0.02012633,-0.02375149,-0.02722118,-0.03044767,-0.03337399,-0.03588692,-0.03793199,-0.03941257,-0.04031959,-0.04058658,-0.04025155,-0.03927768,-0.03777333,-0.03572001,-0.03328175,-0.03038502,-0.02722207,-0.02388797,-0.02100134,-0.01770208,-0.01340026,-0.01107125,-0.006863593,-0.002969618,-5.562762e-05,0.002655021,0.005250372,0.007658869
0.007135636,0.009648906,0.0119132,0.01390686,0.01565983,0.01714079,0.01846807,0.01947262,0.020254,0.02092915,0.02135188,0.0216559,0.02184891,0.02192944,0.0219095,0.021813,0.02164228,0.02142031,0.02114505,0.02084393,0.02051236,0.02017472,0.01982106,0.01947368,0.01912436,0.01879604,0.0184809,0.01819787,0.01794028,0.01772853,0.01755684,0.01744112,0.01737309,0.01736607,0.01741567,0.01753306,0.01771541,0.01797039,0.01829173,0.01868378,0.01913754,0.01965628,0.02023767,0.0208873,0.0216032,0.02238142,0.02321113,0.0240808,0.02498001,0.02589963,0.02683394,0.02777545,0.02871473,0.02963905,0.03054366,0.03141998,0.03226841,0.03307753,0.03384315,0.0345531,0.03521407,0.03581499,0.03635266,0.03681357,0.03720399,0.03750734,0.03771282,0.0377933,0.03775318,0.03758372,0.0372955,0.03687447,0.03632301,0.03561707,0.03475122,0.03370083,0.03246987,0.03104476,0.02944016,0.02764204,0.02565545,0.02345422,0.02103812,0.01838223,0.01549571,0.012363,0.0090038,0.00541492,0.00163917,-0.002302841,-0.00635016,-0.01047488,-0.0146093,-0.01872358,-0.02273898,-0.02660608,-0.03021539,-0.03350526,-0.03634989,-0.0386973,-0.04043744,-0.04156337,-0.04200222,-0.04181034,-0.04094318,-0.03952365,-0.0375082,-0.03511148,-0.03229173,-0.02911696,-0.02515819,-0.0214603,-0.0187549,-0.01410608,-0.01145266,-0.008698986,-0.0051976,-0.001791402,0.00139317,0.004382055
0.004485164,0.007262744,0.00981234,0.01213632,0.01419682,0.01603548,0.01754619,0.01892722,0.02011359,0.02102366,0.0218481,0.02249286,0.02298605,0.02336056,0.02363205,0.02380233,0.02389602,0.02391546,0.02388784,0.02380828,0.02370294,0.02356382,0.02341663,0.02325383,0.02310003,0.02294431,0.02280785,0.02268496,0.02259729,0.02253784,0.02252502,0.02255044,0.02262998,0.02275584,0.02294203,0.02318369,0.02349105,0.02385842,0.02429407,0.02478989,0.02534836,0.02596184,0.02663643,0.02737144,0.02816863,0.02901959,0.02991226,0.03083366,0.03177801,0.03273778,0.03370656,0.03467379,0.03562813,0.0365619,0.03746554,0.03833311,0.03915831,0.03993985,0.04066475,0.04133062,0.04193093,0.0424681,0.04293101,0.0433194,0.04362232,0.0438337,0.04392716,0.0438969,0.04373488,0.04345672,0.04305997,0.04255483,0.04193174,0.04119223,0.04031222,0.03928537,0.03809257,0.03674053,0.03521796,0.0335306,0.03165852,0.02959919,0.02732334,0.0248243,0.0220763,0.0190806,0.01581507,0.01229428,0.008520616,0.004538412,0.0003662454,-0.003942138,-0.00835574,-0.01280769,-0.01726519,-0.02164426,-0.02588617,-0.02986513,-0.03350158,-0.03666122,-0.03929236,-0.04128299,-0.04262476,-0.0432369,-0.04318779,-0.04242904,-0.0410981,-0.03910412,-0.03662821,-0.03378267,-0.03116661,-0.02790656,-0.02341247,-0.02079123,-0.01619035,-0.01177165,-0.008273707,-0.004918167,-0.001631626,0.001507261
7.724723e-05,0.003328808,0.006357149,0.009122402,0.01165357,0.01390352,0.01599304,0.01774264,0.01925035,0.02063389,0.0217451,0.02271473,0.02355435,0.02425802,0.02483983,0.02532064,0.02570542,0.0260151,0.02625092,0.02643862,0.02657535,0.02668368,0.02675797,0.02682178,0.02687068,0.02692601,0.02698243,0.02705678,0.02714428,0.02726293,0.02741068,0.02760323,0.02783354,0.02811106,0.02843249,0.02880749,0.02923555,0.02972282,0.03026467,0.03086204,0.03150785,0.03220652,0.03295866,0.03376371,0.03461757,0.03551027,0.03643211,0.03737238,0.03832615,0.03928481,0.04024355,0.04118852,0.04211092,0.04299915,0.04384905,0.0446508,0.04540588,0.04610227,0.04673691,0.04729686,0.04779008,0.04820837,0.04855189,0.04880799,0.04897834,0.04904045,0.04898778,0.04880362,0.04850226,0.04808396,0.04756979,0.04695848,0.04626507,0.04547608,0.04459267,0.04359147,0.04247137,0.04121218,0.03982228,0.0382833,0.03659705,0.03473545,0.03269152,0.0304266,0.02793013,0.02516712,0.0221348,0.01880433,0.015192,0.01129894,0.007170754,0.002821964,-0.001694533,-0.006358616,-0.01110389,-0.01589143,-0.02061831,-0.02521765,-0.02954804,-0.03352472,-0.0369991,-0.03991616,-0.04215632,-0.04372445,-0.04453166,-0.04465838,-0.04403406,-0.04284415,-0.04102394,-0.03859768,-0.0351539,-0.03177573,-0.02925587,-0.02457358,-0.02171811,-0.01866714,-0.01473862,-0.01081257,-0.007029897,-0.003383809
-0.004226819,-0.0007885702,0.002464635,0.005533127,0.008357639,0.01098009,0.01327245,0.01543506,0.01739511,0.01906635,0.02063582,0.02201102,0.0232115,0.02427456,0.02520962,0.02602299,0.02673433,0.02735065,0.02789543,0.02836826,0.0287904,0.02915879,0.02949704,0.02980381,0.03009991,0.03037917,0.03065895,0.03093736,0.03123163,0.03153849,0.03187334,0.03223325,0.03262966,0.0330583,0.03352719,0.03403552,0.03458839,0.03518429,0.03582655,0.03651058,0.03723683,0.03800419,0.03881356,0.03966211,0.04054267,0.04144777,0.04236451,0.0432879,0.04421018,0.0451286,0.04603049,0.0469063,0.04774243,0.04853846,0.04928243,0.04997376,0.05060161,0.05116853,0.05165997,0.05207867,0.05241189,0.05266823,0.05283806,0.05292735,0.05291633,0.05280136,0.05256324,0.05221365,0.05174864,0.05119229,0.05054654,0.04983609,0.04906032,0.04823653,0.04734853,0.04639712,0.04535714,0.04423195,0.04300073,0.04166809,0.04020859,0.0386204,0.03686618,0.03492991,0.03276591,0.03035823,0.02766146,0.02466725,0.02134856,0.01772563,0.01379421,0.009590898,0.00512552,0.0004500622,-0.004420868,-0.00942057,-0.01450555,-0.0195538,-0.02447987,-0.02912672,-0.03340971,-0.03717324,-0.04035908,-0.04283442,-0.04461502,-0.04560584,-0.04590289,-0.045384,-0.04420471,-0.04247653,-0.04076046,-0.0381525,-0.03403404,-0.03164724,-0.0271306,-0.02260483,-0.01888458,-0.01518985,-0.01146656,-0.007800351
-0.01019077,-0.006414824,-0.002785636,0.0006355641,0.003875226,0.006861604,0.009714298,0.01223637,0.0145195,0.01667717,0.01855582,0.02027757,0.02185657,0.023279,0.02456223,0.02572258,0.02676869,0.02771721,0.02857275,0.02935662,0.03006935,0.03073112,0.0313412,0.0319197,0.03246463,0.03299439,0.03350731,0.03401602,0.03451858,0.03502942,0.03555012,0.03609313,0.03665449,0.03724112,0.03785095,0.03848904,0.0391562,0.03985543,0.04058471,0.0413424,0.04212771,0.04294254,0.04378732,0.04465182,0.04553082,0.04641107,0.047291,0.0481613,0.04901985,0.04985434,0.05065962,0.05141947,0.05213178,0.05278584,0.05338431,0.05391782,0.05438948,0.05478347,0.05510202,0.0553303,0.05547615,0.05553085,0.05550454,0.05538445,0.05517282,0.05484993,0.05442622,0.05389552,0.05327876,0.05257636,0.05181647,0.05100454,0.05016822,0.0493056,0.04843271,0.04753148,0.04660237,0.04561885,0.04458471,0.04347719,0.04229715,0.04101294,0.03961441,0.03805314,0.03630583,0.03431912,0.03207259,0.02951471,0.02663516,0.02340389,0.01983999,0.0159341,0.01171574,0.007183002,0.00238078,-0.002676307,-0.007907372,-0.01326084,-0.01860062,-0.02383155,-0.02878089,-0.03335636,-0.03739235,-0.04083976,-0.04355513,-0.04556435,-0.04675521,-0.04727164,-0.04701398,-0.04595111,-0.04366509,-0.04124656,-0.03953605,-0.03540646,-0.03289328,-0.03004894,-0.02614905,-0.02211021,-0.01808754,-0.01409662
-0.01581173,-0.01203118,-0.008344579,-0.004754528,-0.00134225,0.001928277,0.004904275,0.007780028,0.01047269,0.01288387,0.01519423,0.01730805,0.019235,0.02101386,0.02264991,0.02415214,0.02553634,0.02681099,0.02799521,0.02908932,0.03011207,0.03106405,0.03196707,0.03282028,0.03364025,0.03442281,0.03518253,0.03591881,0.03664603,0.03736329,0.03808272,0.03880229,0.0395307,0.04026714,0.04101571,0.04177572,0.04254849,0.04333436,0.04413453,0.04494827,0.04577717,0.04662093,0.04747292,0.04832723,0.0491723,0.0500057,0.05081804,0.05160947,0.05236899,0.05309328,0.05376549,0.05438124,0.05493084,0.05541951,0.05584029,0.05619787,0.05647849,0.05668429,0.05680058,0.05683089,0.05676103,0.05660304,0.05635449,0.0560244,0.05559628,0.05507823,0.05446538,0.0537779,0.05301341,0.05219654,0.05133232,0.0504507,0.04955985,0.04868908,0.04783585,0.04700981,0.04618959,0.04537596,0.04454427,0.04369618,0.04280531,0.04186719,0.04084254,0.03970984,0.03841485,0.03692817,0.03519042,0.03317465,0.03082871,0.02813995,0.02507334,0.02163655,0.01781371,0.01363034,0.009076845,0.004190051,-0.001014917,-0.006443255,-0.01202541,-0.01760981,-0.02309774,-0.02830919,-0.03314279,-0.037418,-0.04109163,-0.04401603,-0.04623302,-0.04758069,-0.04817325,-0.04811075,-0.04789855,-0.0465854,-0.04348212,-0.04195988,-0.03813204,-0.0340677,-0.03065573,-0.02711254,-0.02340199,-0.019617
-0.02274186,-0.0188551,-0.01499506,-0.01124455,-0.007578902,-0.004098319,-0.0006846028,0.002441898,0.005361303,0.008177714,0.0107285,0.01312264,0.0153764,0.01746681,0.01941646,0.02123578,0.02293691,0.02452919,0.02601825,0.02741803,0.02873345,0.02998142,0.03116498,0.03229656,0.03337596,0.03441584,0.03541762,0.03638848,0.03733012,0.03825253,0.039159,0.04005539,0.04094188,0.04182101,0.04269426,0.04355979,0.0444225,0.04528072,0.0461376,0.04698956,0.04784201,0.04868932,0.04953052,0.05034879,0.05114323,0.05190102,0.0526293,0.05331682,0.05396379,0.05455066,0.05507565,0.055524,0.05590405,0.05620639,0.05644479,0.05660862,0.05670333,0.05670794,0.05662742,0.05644271,0.05616781,0.05579455,0.05534259,0.05479942,0.05418041,0.05347761,0.05271595,0.05188896,0.05102038,0.05010695,0.04918105,0.04824755,0.04734302,0.04647215,0.04566533,0.04491234,0.04422302,0.04356932,0.04295557,0.0423545,0.0417691,0.0411646,0.04053323,0.03982396,0.03901133,0.03803308,0.03686123,0.0354289,0.0337047,0.03162633,0.02918088,0.02632661,0.02306552,0.01936642,0.01524756,0.01069178,0.00574548,0.0004236609,-0.005167258,-0.01095079,-0.01675559,-0.02247544,-0.02791526,-0.03298142,-0.03747838,-0.0413754,-0.04451137,-0.04697979,-0.04863722,-0.04938877,-0.04879398,-0.04792156,-0.04764381,-0.04469446,-0.04314113,-0.04110942,-0.03782132,-0.03422527,-0.03048549,-0.02664001
-0.02886673,-0.0252313,-0.02156458,-0.01786881,-0.0142482,-0.01067033,-0.007312949,-0.003991242,-0.0008022104,0.00213846,0.004999985,0.007682357,0.01018349,0.01254543,0.01476981,0.01686816,0.01885016,0.0207238,0.02249972,0.02417786,0.02577321,0.02728944,0.02874367,0.03013424,0.03147222,0.03275356,0.03398744,0.03517515,0.03632741,0.03744505,0.03853339,0.03959062,0.04062295,0.04163046,0.0426139,0.04357385,0.04451019,0.04542567,0.04632016,0.04719765,0.04805744,0.04889747,0.04970419,0.05047488,0.05119779,0.05187753,0.05250615,0.0530868,0.05360492,0.05405649,0.05442486,0.05471379,0.05491789,0.05505098,0.05511003,0.05510172,0.05500928,0.05483594,0.05456389,0.05419922,0.05373123,0.05317794,0.0525385,0.0518296,0.05104751,0.05021636,0.04933603,0.04842681,0.04748347,0.04653009,0.04557023,0.04463513,0.04373512,0.04290578,0.0421526,0.04149641,0.0409241,0.04044153,0.04002406,0.03967251,0.03936117,0.0390876,0.03881591,0.03852865,0.03817302,0.03771894,0.03710318,0.03628915,0.03520729,0.03381863,0.03205669,0.02989636,0.02729252,0.02424066,0.02070373,0.01668591,0.01216425,0.007188848,0.001789288,-0.003916917,-0.009846616,-0.01582269,-0.02172544,-0.02734337,-0.03258546,-0.0372556,-0.04133909,-0.04462854,-0.04718765,-0.04909603,-0.05079699,-0.05128256,-0.04975297,-0.04969125,-0.04716523,-0.04417214,-0.04167229,-0.03887019,-0.03574308,-0.03238484
-0.03574947,-0.03229171,-0.02871588,-0.02512363,-0.02149109,-0.01794303,-0.01435998,-0.0109854,-0.007756378,-0.004580895,-0.001635038,0.001175418,0.003868519,0.006414846,0.008841946,0.01115422,0.01336467,0.01547343,0.01748343,0.01940091,0.02123285,0.02299098,0.02467884,0.02630213,0.02786155,0.0293623,0.0308062,0.03219588,0.03353522,0.03482763,0.03607523,0.03727832,0.03844079,0.03955877,0.0406364,0.04166874,0.04266576,0.0436231,0.04454839,0.04543637,0.04629382,0.04710776,0.04787858,0.04858953,0.04924626,0.04983687,0.05037407,0.05084379,0.05124789,0.05156364,0.05179694,0.05193678,0.05199914,0.0519793,0.05189545,0.05173279,0.05149823,0.05116887,0.05075208,0.05023043,0.04962549,0.048931,0.04816896,0.04733407,0.04645811,0.04554228,0.04461376,0.04366221,0.0427099,0.04174995,0.04081343,0.03990384,0.03905845,0.03828246,0.0376118,0.03704498,0.03660211,0.03626183,0.03603164,0.03588444,0.03582598,0.03582609,0.03588443,0.03595844,0.03603031,0.03604253,0.03596794,0.03573517,0.03530173,0.03458643,0.03354918,0.03211825,0.03026558,0.02793097,0.02510424,0.02173818,0.01783856,0.01337278,0.008395725,0.002940112,-0.0028564,-0.00890272,-0.01500629,-0.02105247,-0.02681478,-0.03221533,-0.03704813,-0.04135207,-0.04494014,-0.04764775,-0.04900614,-0.05004093,-0.05165199,-0.05039793,-0.05035617,-0.04971579,-0.04763086,-0.04507181,-0.04220347,-0.03907991
-0.04123012,-0.03830076,-0.03520313,-0.03193435,-0.02861995,-0.02522391,-0.02194587,-0.01860889,-0.01532537,-0.01223068,-0.009170912,-0.006249676,-0.003481393,-0.0008181757,0.001736433,0.004196625,0.006563495,0.008842854,0.01103463,0.01313875,0.01516324,0.01711157,0.01899304,0.02080787,0.02256072,0.02424654,0.02586745,0.02742705,0.02893022,0.03037615,0.03176225,0.03308892,0.03435777,0.03556985,0.0367215,0.03781932,0.03886099,0.03985371,0.04079477,0.04169223,0.04253893,0.04333346,0.0440595,0.04472183,0.04530953,0.04583371,0.04628508,0.04666879,0.04696688,0.04718151,0.04730065,0.04733687,0.04728599,0.04716912,0.04697843,0.04672062,0.04637603,0.0459514,0.04543024,0.04482752,0.04413493,0.04337392,0.04254161,0.04166669,0.04075478,0.03983642,0.03890724,0.03798708,0.03706586,0.03616568,0.03528533,0.03445621,0.03368412,0.03300333,0.03241931,0.03196095,0.03162301,0.03142092,0.0313339,0.03136676,0.03149706,0.03173094,0.03204238,0.03242768,0.03284672,0.03327933,0.03366645,0.03397267,0.034125,0.03407409,0.03373425,0.03305446,0.03196227,0.03042528,0.02838083,0.02580353,0.02263246,0.01886749,0.01448359,0.009542556,0.004082417,-0.001754528,-0.007864237,-0.01403635,-0.0201589,-0.02600557,-0.03151331,-0.03643321,-0.04077764,-0.04460306,-0.04829016,-0.05078021,-0.05113477,-0.0529337,-0.05217894,-0.05076664,-0.0497206,-0.04822038,-0.04624932,-0.04389092
-0.0468375,-0.0443624,-0.04162426,-0.03874054,-0.03568215,-0.0325926,-0.02934619,-0.02620504,-0.02312364,-0.02002178,-0.01708945,-0.01424801,-0.01147624,-0.008810281,-0.006219543,-0.003706166,-0.001257464,0.001115956,0.003414929,0.005637985,0.007790898,0.009875809,0.01189526,0.01385052,0.01574242,0.01756812,0.01933034,0.0210262,0.02265906,0.02422228,0.02571795,0.02714229,0.0284997,0.02978152,0.03099536,0.03213656,0.03321857,0.03423505,0.03519726,0.03609686,0.0369398,0.03770903,0.03841066,0.03902931,0.03957756,0.04004367,0.04044301,0.04075764,0.04099313,0.04113174,0.04119022,0.04116076,0.04106458,0.04089418,0.04066403,0.04035519,0.03997712,0.03950717,0.03896172,0.0383298,0.03763701,0.03687417,0.03606564,0.03521267,0.03435303,0.03348561,0.0326356,0.03179025,0.03096963,0.03016173,0.02939481,0.02866882,0.02801623,0.02743613,0.02696299,0.02659843,0.02637032,0.02626509,0.02629702,0.02644467,0.02672026,0.02710323,0.02760635,0.02820439,0.02889698,0.02963953,0.03041265,0.03115238,0.03182012,0.03233364,0.03264225,0.03265677,0.03232509,0.03156433,0.03033942,0.02857864,0.02625128,0.0232794,0.01965895,0.01536464,0.01047442,0.005034168,-0.0008016079,-0.006933025,-0.01313626,-0.01930933,-0.02521776,-0.0308542,-0.03599783,-0.04041672,-0.04361349,-0.04655923,-0.05019492,-0.05088184,-0.05268196,-0.05383786,-0.05341343,-0.05238743,-0.05091307,-0.04905156
-0.05045437,-0.04874254,-0.04674022,-0.0444329,-0.04196147,-0.03927838,-0.03660133,-0.03375579,-0.03086509,-0.02808155,-0.02526636,-0.02252408,-0.01988207,-0.01728854,-0.0147559,-0.01226719,-0.009831226,-0.007443469,-0.005112729,-0.002838578,-0.0006242694,0.001530754,0.003627226,0.005668606,0.007651291,0.009571183,0.01142414,0.01321496,0.01493857,0.01659177,0.0181656,0.01966372,0.02107935,0.02241742,0.02367203,0.02485716,0.02596633,0.02701111,0.02798538,0.02889996,0.02974039,0.0305096,0.03119186,0.03179901,0.03232069,0.03277355,0.03314306,0.03343657,0.0336371,0.0337604,0.03379978,0.03377518,0.03368104,0.03353466,0.03331778,0.03303872,0.03267685,0.03224554,0.03173497,0.03117037,0.03054147,0.02986816,0.02914658,0.02841058,0.02766166,0.02692752,0.02619991,0.02549941,0.02481168,0.02415613,0.02352634,0.02294997,0.02242463,0.0219786,0.02161207,0.02135492,0.02120564,0.02118722,0.02128573,0.02151485,0.02185996,0.02233847,0.02293847,0.02367633,0.02453174,0.02550004,0.02653423,0.02761127,0.02866938,0.02966604,0.03051582,0.03115796,0.03150432,0.03150427,0.03107619,0.03017175,0.02870071,0.02662053,0.02385386,0.02039954,0.01623276,0.01143356,0.006058089,0.0002772677,-0.005810795,-0.0119799,-0.0181404,-0.02402006,-0.02958861,-0.03488674,-0.04023642,-0.04454694,-0.04672685,-0.05045108,-0.05164838,-0.05208307,-0.05283078,-0.05302693,-0.05265099,-0.05176302
-0.05364384,-0.05259266,-0.0511598,-0.04947344,-0.04749038,-0.04536685,-0.04296616,-0.04056058,-0.03811682,-0.03556081,-0.03309179,-0.03064553,-0.0281982,-0.02579723,-0.02341272,-0.0210545,-0.01871048,-0.01639905,-0.01411803,-0.01187678,-0.009674257,-0.007518702,-0.005408036,-0.003346909,-0.001335594,0.0006186013,0.00252001,0.00435857,0.006133481,0.007829899,0.009451836,0.01099047,0.01244904,0.01381655,0.015107,0.01631464,0.01745515,0.01851962,0.01952229,0.02045005,0.02130849,0.02208033,0.02277918,0.02339041,0.02393232,0.02439144,0.02478119,0.0250825,0.0253105,0.02545731,0.02554809,0.02557631,0.0255635,0.02548986,0.02536353,0.02516402,0.02490521,0.02456985,0.02418412,0.02374157,0.02326705,0.02274627,0.02220338,0.02163625,0.02107592,0.0205152,0.01997842,0.01945183,0.01895368,0.01846858,0.01802013,0.01760145,0.01723717,0.01691922,0.01667569,0.01650564,0.016438,0.01646461,0.01660684,0.01685355,0.01722602,0.01771563,0.01834889,0.01912152,0.02005243,0.02111593,0.02230783,0.02358259,0.02491643,0.02624299,0.02751895,0.02865785,0.02959853,0.03024981,0.03055986,0.03044207,0.02983967,0.02864382,0.02680051,0.02422908,0.02093754,0.01690795,0.01222733,0.006947241,0.00125166,-0.004764489,-0.01086938,-0.01702996,-0.02301256,-0.02852966,-0.03306442,-0.03752629,-0.04292478,-0.04542296,-0.04905113,-0.052106,-0.05353671,-0.05431194,-0.05455729,-0.05433145
-0.05441933,-0.05426563,-0.0537394,-0.0528059,-0.05161463,-0.05009829,-0.0484881,-0.04660378,-0.04457055,-0.04254907,-0.04041101,-0.03825784,-0.03613348,-0.0339867,-0.03184349,-0.02968558,-0.02753182,-0.02537325,-0.0232248,-0.02108534,-0.01897149,-0.01688367,-0.01482992,-0.01280644,-0.01082526,-0.008884761,-0.006996162,-0.00515476,-0.003377706,-0.001666319,-3.449956e-05,0.00152223,0.002989513,0.004378389,0.005682048,0.006918955,0.0080775,0.009173597,0.01019654,0.0111579,0.01203784,0.01284761,0.0135721,0.01423013,0.01480958,0.01532867,0.01576475,0.01613216,0.01642103,0.016661,0.01684638,0.01700103,0.01711109,0.01718508,0.01719572,0.01715473,0.01704323,0.01688571,0.01667604,0.01644371,0.01617311,0.01588218,0.01556055,0.01523642,0.01489996,0.01457568,0.01425226,0.0139513,0.0136556,0.01338375,0.01312233,0.01289248,0.01268272,0.01251563,0.01238322,0.01231123,0.01229561,0.01236333,0.01250665,0.01274966,0.01308694,0.01354749,0.01413245,0.01487594,0.01577626,0.01684923,0.018068,0.01942977,0.02089285,0.0224346,0.02398676,0.02549872,0.02688608,0.02809517,0.02903749,0.02965206,0.02983394,0.02951476,0.02858177,0.02697969,0.02462243,0.02151664,0.01765056,0.01312605,0.007995493,0.00244945,-0.003428153,-0.009371236,-0.01532459,-0.02133098,-0.02766614,-0.03323549,-0.03678941,-0.04210778,-0.04506303,-0.04726525,-0.04983483,-0.05184184,-0.05324866,-0.05407758
-0.05443691,-0.05502981,-0.05517135,-0.05499502,-0.05443427,-0.05365191,-0.05249405,-0.05123363,-0.04983979,-0.04823538,-0.04661947,-0.044942,-0.04317898,-0.0413945,-0.03956247,-0.03770389,-0.03580492,-0.03388672,-0.03194304,-0.02999193,-0.02803483,-0.02608865,-0.0241517,-0.02223862,-0.02034737,-0.01848765,-0.0166539,-0.01486551,-0.01312526,-0.01145229,-0.009839255,-0.008303314,-0.00683903,-0.005458487,-0.004142119,-0.002900567,-0.001716239,-0.0006006931,0.0004617345,0.001451212,0.002377033,0.003224777,0.004014495,0.004732003,0.005397995,0.005991539,0.006525333,0.006984451,0.007397758,0.007763003,0.008108407,0.008423636,0.008723225,0.008975833,0.00918781,0.009338128,0.009447997,0.009507285,0.009546075,0.009554359,0.009553874,0.009525681,0.009487711,0.009426408,0.009364407,0.009289643,0.009224923,0.00915531,0.009098732,0.009037794,0.008990017,0.008940779,0.008907434,0.008875873,0.008866441,0.008871971,0.008917261,0.008996051,0.009134601,0.009330781,0.009613819,0.00998605,0.010484,0.01111752,0.01192078,0.01289102,0.01404546,0.01536246,0.0168391,0.01843451,0.020126,0.02184895,0.02355314,0.02515538,0.02660055,0.02780014,0.0286874,0.02914261,0.02908173,0.02838535,0.02700109,0.02484816,0.02193426,0.01824376,0.01389202,0.008935264,0.003566573,-0.002183322,-0.008096555,-0.01385087,-0.01893082,-0.02418269,-0.03071751,-0.03451782,-0.03957693,-0.04426569,-0.04740068,-0.04992636,-0.05192174,-0.0534342
-0.05190551,-0.05339037,-0.05448012,-0.05511162,-0.05543674,-0.05536022,-0.05512024,-0.05452333,-0.05368452,-0.05276176,-0.05163025,-0.05038592,-0.04909262,-0.04770324,-0.04626021,-0.04474638,-0.04318785,-0.04156726,-0.03990478,-0.03819804,-0.03647235,-0.03472727,-0.03298054,-0.03122923,-0.0294893,-0.02775379,-0.02604172,-0.02434932,-0.022701,-0.02109224,-0.01954269,-0.0180476,-0.01662573,-0.01525908,-0.013959,-0.0127057,-0.01151597,-0.01036999,-0.009285247,-0.008249477,-0.007282638,-0.006363792,-0.005508877,-0.004693799,-0.003936559,-0.003222642,-0.002576984,-0.001974538,-0.001417624,-0.0008703436,-0.000342563,0.0001869815,0.0006914837,0.001175518,0.00160922,0.002008029,0.002357414,0.002689955,0.002996637,0.003302705,0.003586174,0.003862675,0.004112701,0.004354658,0.004570051,0.004780241,0.004970325,0.005161478,0.00533558,0.005509765,0.005664394,0.005813988,0.005940687,0.00606157,0.006161572,0.006259273,0.006345735,0.006447495,0.006560756,0.006714997,0.006911874,0.007187695,0.007551867,0.008045681,0.008681829,0.009496216,0.01048679,0.01167266,0.01303747,0.01458283,0.01626867,0.01806918,0.01992333,0.02178854,0.0235854,0.0252534,0.02669197,0.02782645,0.02853239,0.02872011,0.02826163,0.02709916,0.02515494,0.02245065,0.01897467,0.01485078,0.01012758,0.005031591,-0.0003787698,-0.006174151,-0.01260407,-0.01860856,-0.02278163,-0.02902116,-0.03318077,-0.03670629,-0.04076678,-0.04435699,-0.04741009,-0.04989801
-0.04860256,-0.05077339,-0.05248746,-0.05387827,-0.05484856,-0.0555616,-0.05583968,-0.0559473,-0.05584531,-0.05544462,-0.05493472,-0.05427998,-0.0534566,-0.05254782,-0.0515319,-0.05044249,-0.04926042,-0.04800943,-0.04667863,-0.04529355,-0.04385196,-0.04237839,-0.04087138,-0.03935314,-0.03781549,-0.03627335,-0.0347202,-0.03318358,-0.03166211,-0.03017609,-0.02871725,-0.02730852,-0.02593976,-0.02462488,-0.02334356,-0.02211352,-0.02091491,-0.01976339,-0.018644,-0.01758044,-0.01655465,-0.01557922,-0.01462934,-0.01372205,-0.01283921,-0.01201013,-0.01121557,-0.01046447,-0.009719261,-0.008984652,-0.008234611,-0.007488826,-0.006740968,-0.006026168,-0.005334635,-0.004686473,-0.004053606,-0.003444697,-0.002833106,-0.00223772,-0.0016414,-0.001067184,-0.0005033967,2.6536e-05,0.000539534,0.001019002,0.001484926,0.001920678,0.002343719,0.002734378,0.003105078,0.003435693,0.003738388,0.003994397,0.004217333,0.00439369,0.004542336,0.004656024,0.004761545,0.004860399,0.004984614,0.005142089,0.00537158,0.005688001,0.006134063,0.006726664,0.007503826,0.00846888,0.009641366,0.01100869,0.01257444,0.01430744,0.01618228,0.01813823,0.02013071,0.02208515,0.02394187,0.02559187,0.02694316,0.02786274,0.02826015,0.02801215,0.02705751,0.02531618,0.02282203,0.01957238,0.01569321,0.01118799,0.006228211,0.00114641,-0.00357285,-0.008716795,-0.01553404,-0.01985675,-0.02563826,-0.03135864,-0.03569827,-0.03957751,-0.04301755,-0.04604968
-0.04295799,-0.04586415,-0.04842207,-0.0505325,-0.05234602,-0.05373291,-0.05493154,-0.05572851,-0.05621873,-0.05654835,-0.05659186,-0.05643585,-0.05616357,-0.05573111,-0.05519684,-0.05454265,-0.0538008,-0.05294748,-0.05200919,-0.05097877,-0.0498865,-0.04872797,-0.04752957,-0.04628254,-0.04500699,-0.04369266,-0.04236712,-0.04102294,-0.03968699,-0.03834666,-0.03702986,-0.03572693,-0.03445954,-0.03320534,-0.03198471,-0.03077739,-0.02960513,-0.02844648,-0.02732643,-0.02622699,-0.02516486,-0.02411284,-0.02308953,-0.02207027,-0.02108308,-0.02011266,-0.01918045,-0.01825162,-0.01732975,-0.0163803,-0.01542146,-0.01443805,-0.01346677,-0.01249938,-0.0115647,-0.010642,-0.009744612,-0.008839228,-0.007943523,-0.007038819,-0.006153948,-0.005274839,-0.004427695,-0.003599433,-0.002814781,-0.002055312,-0.001339961,-0.0006483926,-6.232438e-07,0.0006186262,0.001185192,0.001709712,0.00216997,0.002578955,0.002916175,0.00319432,0.00339925,0.003554545,0.003655643,0.003731301,0.003784054,0.003850034,0.00393883,0.004091289,0.004326875,0.004694101,0.005211348,0.005918297,0.006823672,0.007953272,0.009297841,0.01086176,0.01261656,0.01454228,0.01658188,0.01868989,0.02078672,0.02281031,0.02464727,0.02619871,0.02732203,0.02791988,0.02787042,0.02712536,0.02560889,0.02336366,0.02038617,0.0168381,0.01276114,0.008031217,0.002402761,-0.003142561,-0.007053304,-0.0133533,-0.01792587,-0.02204833,-0.02695469,-0.03157264,-0.03580847,-0.03957786
-0.03685847,-0.04024716,-0.04324168,-0.04597173,-0.04830508,-0.05040195,-0.05205544,-0.05351344,-0.05472212,-0.05557594,-0.0562488,-0.05671674,-0.05695191,-0.05705331,-0.05700003,-0.05683495,-0.05653448,-0.05612918,-0.0556046,-0.05499004,-0.05427769,-0.05349499,-0.0526365,-0.05172531,-0.05074978,-0.04973121,-0.04866135,-0.04757015,-0.04644811,-0.04531727,-0.04416776,-0.04302455,-0.04187167,-0.04072927,-0.03957898,-0.03844519,-0.03730627,-0.03618421,-0.03506314,-0.03396504,-0.0328631,-0.0317721,-0.03066571,-0.02956783,-0.02846501,-0.02738618,-0.02630395,-0.02522429,-0.0241117,-0.02297874,-0.02180501,-0.0206192,-0.01941779,-0.01823321,-0.0170511,-0.01588892,-0.01471775,-0.01355087,-0.01236925,-0.0111993,-0.01002856,-0.008882257,-0.007752674,-0.00666714,-0.005613375,-0.004610815,-0.003642829,-0.002726773,-0.0018478,-0.00102686,-0.0002559068,0.0004429752,0.001077261,0.001625898,0.002096518,0.002472449,0.002766259,0.002968926,0.003102053,0.003165964,0.00318753,0.003173313,0.003155846,0.00315027,0.003198295,0.003327517,0.003587707,0.004004564,0.00461641,0.00543821,0.006497646,0.007798142,0.009341576,0.01109967,0.01304822,0.01514065,0.01733666,0.01955575,0.02171749,0.02370231,0.02540795,0.02669942,0.02747229,0.02760332,0.02705128,0.02575475,0.02376037,0.02103198,0.0176701,0.01399666,0.01043651,0.006256854,3.687261e-05,-0.003944634,-0.009591561,-0.01553206,-0.02032176,-0.02487332,-0.02915657,-0.03319161
-0.02893696,-0.0327738,-0.0363748,-0.03960104,-0.04260008,-0.04520626,-0.04765193,-0.04970047,-0.05142257,-0.05294866,-0.05415085,-0.05509992,-0.05589256,-0.05648137,-0.05693521,-0.05723119,-0.05741081,-0.05744815,-0.05737727,-0.05718335,-0.05690037,-0.0565138,-0.0560519,-0.05549677,-0.05487518,-0.05417388,-0.05342542,-0.052614,-0.05176574,-0.05086315,-0.04993782,-0.04897355,-0.04799447,-0.04697883,-0.04595618,-0.04490501,-0.04385264,-0.04277773,-0.04170825,-0.04061709,-0.03952066,-0.03838973,-0.03724902,-0.03607645,-0.0349073,-0.03371804,-0.03252748,-0.03129752,-0.03004119,-0.02872983,-0.02739053,-0.02601205,-0.02463311,-0.0232391,-0.02185665,-0.02046075,-0.01906856,-0.01765173,-0.01623663,-0.01480933,-0.01340305,-0.0120048,-0.01064401,-0.009309634,-0.008030221,-0.006789573,-0.00560886,-0.004468691,-0.003390845,-0.00236202,-0.001408802,-0.0005232622,0.0002695158,0.0009787902,0.00158079,0.002084039,0.002471112,0.002760892,0.002944757,0.003044961,0.003058968,0.003014994,0.002917659,0.002801638,0.002685437,0.002618254,0.00262942,0.002771952,0.003075667,0.003585922,0.00432091,0.005309749,0.006556551,0.008068063,0.009819046,0.01178792,0.01392708,0.01619849,0.01851953,0.02080487,0.02292602,0.02477428,0.02621543,0.02715453,0.02747128,0.02713344,0.02608741,0.02441836,0.02214138,0.01906004,0.01491912,0.01058105,0.007727543,0.002210174,-0.001934011,-0.005811488,-0.01074357,-0.01561612,-0.02032771,-0.02474413
-0.02113762,-0.02514781,-0.02888354,-0.0324713,-0.0357425,-0.03885534,-0.04157082,-0.04411729,-0.04642596,-0.0483759,-0.05012051,-0.05164261,-0.0529015,-0.05400331,-0.05492061,-0.05570377,-0.05632788,-0.05683403,-0.0572045,-0.05747197,-0.05761942,-0.05767204,-0.05761244,-0.05746629,-0.05721793,-0.05689495,-0.05648116,-0.05600615,-0.05545064,-0.05484144,-0.05416121,-0.05343632,-0.05264642,-0.05182087,-0.05094203,-0.05003946,-0.04909072,-0.04812363,-0.04711648,-0.04608867,-0.04501042,-0.04390156,-0.04273785,-0.0415506,-0.04032463,-0.03908456,-0.03779836,-0.03647685,-0.03509173,-0.03366564,-0.03218265,-0.03067617,-0.02913831,-0.02759805,-0.02603626,-0.02447012,-0.02287395,-0.02126886,-0.01964136,-0.01802261,-0.01640183,-0.01480615,-0.01322905,-0.01170009,-0.01020939,-0.008778377,-0.007391492,-0.006066434,-0.00478972,-0.00358332,-0.002441597,-0.001388404,-0.0004199264,0.0004401859,0.001195362,0.001826934,0.002343335,0.002732662,0.003009419,0.00316813,0.003225932,0.003182246,0.003059787,0.002868526,0.002642242,0.00240772,0.002215873,0.002105187,0.002126348,0.002315345,0.002717526,0.003362773,0.004276422,0.005463243,0.006925052,0.008649139,0.01062071,0.01279602,0.01512153,0.01751208,0.01987875,0.02210268,0.02406579,0.02563062,0.02670524,0.0271881,0.02705342,0.02622667,0.02472681,0.02285291,0.02095226,0.01834696,0.01342231,0.0105229,0.005814537,0.0004838095,-0.003921751,-0.008333806,-0.01268953,-0.01701318
-0.01224041,-0.01633552,-0.02035377,-0.02411864,-0.02777581,-0.03112712,-0.03439579,-0.03732596,-0.03996618,-0.04243148,-0.04458969,-0.04648946,-0.04823088,-0.0497538,-0.05113008,-0.05233242,-0.05341339,-0.05434721,-0.05517488,-0.05587502,-0.05647878,-0.05695872,-0.05733924,-0.05759748,-0.05776341,-0.05781933,-0.057796,-0.05766818,-0.05746155,-0.05715414,-0.05677642,-0.0563058,-0.05577114,-0.05515228,-0.05448489,-0.05374556,-0.05296651,-0.05212467,-0.05124651,-0.05029917,-0.04930367,-0.04823212,-0.04711589,-0.04593486,-0.04472229,-0.04344847,-0.04213315,-0.04074396,-0.03930381,-0.03779129,-0.03623827,-0.03463364,-0.03301128,-0.03135206,-0.02967951,-0.02796885,-0.02624214,-0.0244784,-0.02270803,-0.0209203,-0.01914836,-0.01738148,-0.01564893,-0.01394256,-0.01229154,-0.01068261,-0.009135514,-0.007632473,-0.006193558,-0.004808188,-0.003502151,-0.002271945,-0.001143473,-0.0001133338,0.0007939417,0.001581694,0.002232357,0.002758192,0.003147647,0.003412216,0.003543309,0.003556215,0.003449574,0.003245509,0.002957309,0.002623431,0.002275114,0.001965928,0.00173976,0.001651181,0.001738951,0.00204584,0.002603745,0.003441309,0.004568697,0.005988593,0.007689529,0.009659717,0.01186037,0.0142343,0.01669102,0.01913226,0.02144102,0.02350297,0.02518588,0.02640397,0.0270721,0.02720083,0.02678262,0.02554206,0.02321447,0.02051401,0.01924003,0.01513696,0.0121151,0.009238088,0.005076612,0.0007541989,-0.003645045,-0.007951791
-0.004163868,-0.008086529,-0.01188572,-0.0156894,-0.01929665,-0.02286719,-0.0261331,-0.02930732,-0.03231114,-0.03501192,-0.03753863,-0.03987607,-0.04196096,-0.04389746,-0.04564594,-0.04726537,-0.04872971,-0.05009085,-0.05132683,-0.05247343,-0.05349758,-0.05442168,-0.05521603,-0.05591107,-0.05648335,-0.05696221,-0.05731963,-0.05758376,-0.05772799,-0.0577803,-0.05771407,-0.05755723,-0.05728789,-0.05694259,-0.05650124,-0.05599757,-0.05540676,-0.05475867,-0.05402461,-0.05322663,-0.05233573,-0.05137896,-0.05033283,-0.04923239,-0.04805412,-0.04682271,-0.04550675,-0.04412808,-0.04266455,-0.04114709,-0.0395602,-0.03793707,-0.03626185,-0.03456105,-0.03281181,-0.0310343,-0.02920692,-0.02735826,-0.02547663,-0.02359517,-0.02170189,-0.01982553,-0.01795932,-0.01613501,-0.01434376,-0.01260875,-0.01091366,-0.009275928,-0.007681067,-0.00615121,-0.004681211,-0.003297084,-0.001997993,-0.0008110636,0.0002636131,0.00120472,0.002017522,0.002686992,0.003221957,0.003610401,0.003859818,0.003960751,0.003924721,0.003752282,0.003465081,0.003081238,0.00264328,0.002190448,0.001775654,0.001445182,0.001252521,0.001244031,0.001460482,0.001933455,0.002688817,0.003746164,0.005115286,0.00678975,0.008749081,0.01095407,0.0133456,0.01584072,0.01833109,0.02069458,0.02281916,0.02459216,0.0259346,0.02674759,0.02697223,0.02688602,0.02675269,0.02595997,0.02269827,0.021335,0.01813367,0.01406396,0.01075015,0.007218388,0.003544855,-0.0003169406
0.004246151,0.0005969534,-0.003147694,-0.006781023,-0.01045229,-0.01393785,-0.01745459,-0.02073802,-0.02382044,-0.02680335,-0.02955064,-0.03208391,-0.03449761,-0.03671274,-0.03880034,-0.04072991,-0.04256275,-0.04427262,-0.0459053,-0.04742987,-0.04887015,-0.05018802,-0.05140792,-0.05250126,-0.05349751,-0.05436893,-0.05514288,-0.05578502,-0.05632142,-0.05672184,-0.05701435,-0.05717234,-0.05722964,-0.05716507,-0.05701584,-0.05675671,-0.05642047,-0.05597994,-0.05546052,-0.0548309,-0.05411692,-0.05329403,-0.05239587,-0.05139998,-0.05033447,-0.04916976,-0.04793112,-0.0465958,-0.04519344,-0.04370691,-0.04216803,-0.04056192,-0.03891552,-0.03720667,-0.0354569,-0.03364508,-0.03179759,-0.02989993,-0.02798262,-0.02603576,-0.02408957,-0.02213522,-0.0202006,-0.01828047,-0.01640342,-0.01455946,-0.01276588,-0.01100645,-0.009297561,-0.007630334,-0.006027802,-0.004490698,-0.003044861,-0.001693144,-0.0004605402,0.0006498544,0.001620211,0.002456086,0.003145496,0.003690721,0.00407909,0.004312919,0.004384395,0.004300181,0.004065444,0.003702337,0.003235976,0.002708903,0.002168038,0.001665381,0.001250503,0.0009698555,0.0008742237,0.00100547,0.001403788,0.002091178,0.003089302,0.004409535,0.006058535,0.008012341,0.01023012,0.01263798,0.01515687,0.01767838,0.0200896,0.02227854,0.02415342,0.02566467,0.02679634,0.02720269,0.02661958,0.02560242,0.02605972,0.02366626,0.02216155,0.02077706,0.01796358,0.01482834,0.01141814,0.00792178
0.01119259,0.008013192,0.00481207,0.001451764,-0.001843634,-0.005240923,-0.008453839,-0.01168774,-0.01486136,-0.01783489,-0.02071363,-0.02348054,-0.02604477,-0.0285041,-0.03080654,-0.03301829,-0.03510973,-0.03714063,-0.03908216,-0.0409666,-0.04274625,-0.04444417,-0.04602486,-0.04751943,-0.04889448,-0.0501755,-0.05132374,-0.0523662,-0.05326832,-0.05405565,-0.05469297,-0.05521174,-0.05558792,-0.05586047,-0.05600366,-0.05605327,-0.05597848,-0.05580887,-0.05551276,-0.05511917,-0.0546002,-0.05398804,-0.05325659,-0.05243865,-0.05150573,-0.05048666,-0.04935601,-0.04814546,-0.04683692,-0.04546385,-0.04400835,-0.04249885,-0.04091271,-0.03927388,-0.03755903,-0.03579239,-0.03395715,-0.03208603,-0.03016743,-0.02823239,-0.02626692,-0.02429903,-0.02232231,-0.02036857,-0.0184307,-0.01653245,-0.01465863,-0.01282537,-0.01101771,-0.009255282,-0.007533073,-0.005876609,-0.004288279,-0.002796693,-0.001406719,-0.0001421562,0.0009966089,0.001992752,0.002850754,0.003556738,0.004110212,0.004495753,0.004712797,0.004752674,0.004621702,0.004327249,0.003895689,0.003358417,0.002758091,0.002141285,0.001558521,0.001064432,0.0007043069,0.0005281252,0.0005759306,0.0008939152,0.001509722,0.002450399,0.003723542,0.005337295,0.007265946,0.009473944,0.01187706,0.01439234,0.01691215,0.01934158,0.02157047,0.02349849,0.02500298,0.02635257,0.02773065,0.02861008,0.02700706,0.02727259,0.02579937,0.0233206,0.02151326,0.01935373,0.01691869,0.01412447
0.01784575,0.01521023,0.01233282,0.009439025,0.006368473,0.003359704,0.0001944121,-0.002866123,-0.005844952,-0.008833194,-0.01169566,-0.01442499,-0.01710727,-0.01964509,-0.02210917,-0.02446394,-0.02677541,-0.02901363,-0.03122349,-0.03335932,-0.03544276,-0.03743118,-0.03935274,-0.04117021,-0.04290966,-0.0445317,-0.04606079,-0.04745509,-0.04873772,-0.04986939,-0.05087668,-0.05173135,-0.05246885,-0.05306291,-0.05354858,-0.05389605,-0.05413505,-0.0542346,-0.05422316,-0.05407277,-0.05381333,-0.05341976,-0.05292413,-0.05229869,-0.05157195,-0.05071824,-0.0497706,-0.04871264,-0.04757731,-0.04634685,-0.04505002,-0.04366606,-0.04221651,-0.04067727,-0.03907056,-0.03737989,-0.03563543,-0.03382608,-0.03198052,-0.03008641,-0.02817016,-0.02622287,-0.02427091,-0.02231004,-0.02036836,-0.01843851,-0.01653776,-0.01465165,-0.01279385,-0.01095522,-0.009155247,-0.007395867,-0.005702081,-0.004080533,-0.002557197,-0.001141331,0.0001466381,0.001306203,0.002326108,0.003204327,0.003926675,0.004486317,0.004869587,0.005069223,0.005080491,0.004908299,0.004566194,0.004078883,0.003485453,0.002826135,0.002151143,0.001502393,0.0009390436,0.0005066586,0.0002642363,0.0002452776,0.0004968949,0.00104705,0.001939552,0.003179347,0.00477435,0.006681261,0.008870049,0.01125568,0.01376542,0.01628454,0.01873802,0.02103774,0.02317857,0.0247626,0.02554245,0.02592114,0.02790879,0.02716045,0.02720721,0.02744838,0.02621956,0.0245994,0.02258734,0.02037855
0.02260986,0.02062148,0.01850729,0.01611191,0.01367101,0.01100385,0.008400797,0.005657972,0.00285175,0.0001231145,-0.002614821,-0.00534272,-0.007945979,-0.01051719,-0.01299532,-0.01544912,-0.01784295,-0.02023809,-0.02259316,-0.02493421,-0.02720845,-0.02944461,-0.03160345,-0.03371393,-0.03573229,-0.03768001,-0.03950973,-0.04124669,-0.04284679,-0.04433227,-0.04566344,-0.04687433,-0.04793596,-0.04888407,-0.04968591,-0.05037341,-0.05090988,-0.05132465,-0.0515882,-0.05173342,-0.05173394,-0.05162054,-0.0513632,-0.05099177,-0.05048015,-0.04986221,-0.04911872,-0.04828493,-0.04734389,-0.04632662,-0.04521188,-0.04402222,-0.04273174,-0.04136243,-0.03989381,-0.0383531,-0.03672791,-0.03505087,-0.03330971,-0.03152991,-0.02969603,-0.02783258,-0.0259338,-0.02402875,-0.02211255,-0.02020836,-0.01830542,-0.016419,-0.0145358,-0.01267098,-0.0108194,-0.009002185,-0.00722393,-0.005511275,-0.003874003,-0.002336985,-0.0009083987,0.000393712,0.001569266,0.002607075,0.003501225,0.004235171,0.004797809,0.005174305,0.005354814,0.00533635,0.005125504,0.004741631,0.004208356,0.00356534,0.002850676,0.002119643,0.001411798,0.0007861702,0.000284968,-2.762992e-05,-0.0001153192,7.459243e-05,0.0005664571,0.001407905,0.002600902,0.004159785,0.006030418,0.008181517,0.01052406,0.01300086,0.01549089,0.0179161,0.02010954,0.02234675,0.02474252,0.02687442,0.02662072,0.02827605,0.02839638,0.02747637,0.02722986,0.02659339,0.02563837,0.02423542
0.02672477,0.02540734,0.0237572,0.02200686,0.01997821,0.01791226,0.01558242,0.01323795,0.01085873,0.008358633,0.005865825,0.003412138,0.000915006,-0.001515683,-0.003951606,-0.006349121,-0.008774518,-0.0111881,-0.0136272,-0.01603607,-0.01844272,-0.02080495,-0.02315315,-0.02544185,-0.02769384,-0.02986097,-0.03196559,-0.03395866,-0.03585878,-0.03761977,-0.03927029,-0.04077888,-0.04217802,-0.04343282,-0.04457339,-0.04556094,-0.04642301,-0.04712707,-0.04770587,-0.0481317,-0.04843611,-0.0485895,-0.04862115,-0.04850241,-0.04826608,-0.04789089,-0.04741295,-0.04681652,-0.04613324,-0.0453428,-0.04446995,-0.04349048,-0.04242323,-0.0412446,-0.03997843,-0.03861178,-0.03717588,-0.03566003,-0.0340895,-0.03244859,-0.03075966,-0.0290125,-0.02723073,-0.0254095,-0.02357547,-0.02172393,-0.01987395,-0.01801472,-0.01615864,-0.01429595,-0.01244159,-0.01059583,-0.008780279,-0.007002624,-0.005288173,-0.003650993,-0.00211424,-0.0006849536,0.000625731,0.001813806,0.002866885,0.003773222,0.004516469,0.005078613,0.005446163,0.005607449,0.005563533,0.005318839,0.004899324,0.004327535,0.003646734,0.002886787,0.002106382,0.001345281,0.0006702479,0.0001165972,-0.0002524113,-0.0004017304,-0.0002626108,0.0001877028,0.0009976425,0.002152379,0.003672867,0.00550342,0.007620979,0.00992244,0.01236822,0.01485226,0.01739849,0.01957719,0.02117686,0.02246391,0.02553632,0.02608266,0.02739945,0.02905784,0.02930076,0.02917695,0.02863746,0.02787623
0.02883244,0.02818712,0.0273727,0.02621065,0.02493742,0.02335294,0.02174069,0.01989584,0.01788361,0.01583909,0.0136884,0.01144724,0.009243578,0.006985403,0.004740022,0.002440647,0.0001319034,-0.002240746,-0.004622189,-0.007039913,-0.009444859,-0.01187205,-0.01427832,-0.01669088,-0.01905914,-0.02140221,-0.02366728,-0.02587648,-0.02797823,-0.02999387,-0.03188376,-0.03367989,-0.03534545,-0.03690907,-0.03832933,-0.03963047,-0.04077344,-0.04178827,-0.04264693,-0.04338203,-0.04396579,-0.04442514,-0.04472816,-0.04490655,-0.04493859,-0.04486016,-0.04465209,-0.04434637,-0.04392403,-0.0434125,-0.04278885,-0.04207284,-0.04123922,-0.04030946,-0.03926617,-0.03813642,-0.03690904,-0.03561329,-0.03423573,-0.03279642,-0.03127907,-0.02970367,-0.02806391,-0.02638458,-0.02466201,-0.02291856,-0.021149,-0.01936932,-0.01756939,-0.0157603,-0.01393605,-0.01211118,-0.0102896,-0.008493355,-0.006734693,-0.00503764,-0.003416843,-0.001891926,-0.0004688091,0.0008444669,0.002039613,0.003102509,0.004015308,0.004760324,0.005314294,0.005665346,0.005801465,0.005729422,0.005451646,0.004996556,0.004384155,0.003663422,0.002860876,0.002035623,0.001222481,0.0004934343,-0.0001157449,-0.0005370525,-0.0007413244,-0.0006543066,-0.0002562654,0.000510602,0.001620337,0.003093569,0.00486486,0.006924252,0.009155746,0.0115207,0.013827,0.01637053,0.0192139,0.02205083,0.02266306,0.02524895,0.02656293,0.02687718,0.02793271,0.02864682,0.02908509,0.0290731
0.03024759,0.03024779,0.02989039,0.02940539,0.02859409,0.02769027,0.02645775,0.02512849,0.02368051,0.0220276,0.02028603,0.01850126,0.01658643,0.01465586,0.01263794,0.0105856,0.008437881,0.006248774,0.003985949,0.001703768,-0.0006361567,-0.002992261,-0.005396,-0.007797199,-0.01021784,-0.01260488,-0.01498061,-0.01729013,-0.01954976,-0.02171242,-0.02380935,-0.02580269,-0.02771801,-0.02951082,-0.03120315,-0.0327484,-0.03417365,-0.03544661,-0.0365997,-0.03760347,-0.0384861,-0.0392154,-0.03982049,-0.04027683,-0.04061909,-0.04082617,-0.04092911,-0.04090793,-0.04078972,-0.04055303,-0.04022069,-0.03976966,-0.03921888,-0.03854686,-0.03777691,-0.03689637,-0.03593283,-0.03487397,-0.03374097,-0.03251703,-0.03122084,-0.02984105,-0.02839682,-0.02688214,-0.0253206,-0.02371022,-0.02207138,-0.02039833,-0.01870308,-0.01697666,-0.01522887,-0.01345735,-0.0116774,-0.009895632,-0.008133669,-0.006408209,-0.004742441,-0.003149757,-0.001642516,-0.0002277202,0.001086127,0.002284944,0.003353316,0.004265954,0.005004541,0.005543502,0.00587407,0.005981835,0.005879651,0.005570004,0.005085097,0.004437427,0.003678972,0.002836273,0.001975241,0.001123717,0.0003518036,-0.0003080316,-0.0007739391,-0.00101783,-0.0009625723,-0.0006032947,0.0001252281,0.001193298,0.002627462,0.004343037,0.006346515,0.008528803,0.01095508,0.01318339,0.0150533,0.0167131,0.02032417,0.0216625,0.02377721,0.02641607,0.02776209,0.0288362,0.02954755,0.0300872
0.02983383,0.03039474,0.03080297,0.03085591,0.03078335,0.03036676,0.02987668,0.02910774,0.02811025,0.0270088,0.02573701,0.02429836,0.02282313,0.0212162,0.01955047,0.01776413,0.01591324,0.01395301,0.01194237,0.009844325,0.007701623,0.005475649,0.003211493,0.0008815374,-0.001461238,-0.003836571,-0.006190458,-0.008542901,-0.01084077,-0.01310915,-0.01530812,-0.01746332,-0.01952918,-0.02152574,-0.02340277,-0.0251796,-0.02681712,-0.02834478,-0.02973228,-0.03100884,-0.03214288,-0.03315985,-0.0340309,-0.03479018,-0.03541676,-0.03594147,-0.03633919,-0.03663416,-0.03680468,-0.03687585,-0.03682669,-0.03667739,-0.03640617,-0.03603373,-0.03554333,-0.03495753,-0.03426256,-0.033482,-0.0326018,-0.03163902,-0.03057792,-0.02943405,-0.02819985,-0.02689506,-0.02551622,-0.02408426,-0.02259835,-0.02107541,-0.01950932,-0.01790852,-0.01626648,-0.01459098,-0.01288329,-0.01115902,-0.009430021,-0.007716902,-0.006037415,-0.004411584,-0.00285198,-0.001365399,3.821608e-05,0.001348508,0.00254403,0.00360757,0.004507421,0.005226464,0.005738161,0.00603927,0.006113089,0.005975747,0.005627309,0.005106229,0.004421731,0.003626499,0.002741386,0.001837268,0.0009414442,0.0001276083,-0.0005799268,-0.001093021,-0.001385648,-0.001368834,-0.0010489,-0.0003613381,0.00065034,0.002024723,0.003659558,0.005563722,0.007535265,0.009899262,0.01268095,0.01568923,0.01665143,0.01963392,0.02162211,0.02269354,0.02460619,0.02628049,0.02777989,0.02889227
0.02894117,0.03000613,0.03074434,0.03137749,0.03168826,0.03190028,0.03177016,0.03151017,0.03109495,0.03043604,0.02963308,0.0287347,0.02764443,0.02647631,0.0251613,0.02376149,0.02222385,0.02061215,0.01888898,0.0171005,0.01520046,0.0132301,0.0111561,0.009029209,0.00682561,0.004597244,0.00231956,4.891858e-05,-0.00223446,-0.004487399,-0.006739971,-0.008946582,-0.0111251,-0.01322289,-0.01525479,-0.01717231,-0.01900184,-0.02070976,-0.02232395,-0.02381147,-0.0251959,-0.02644649,-0.02759499,-0.02861924,-0.02954982,-0.03035968,-0.0310702,-0.03165546,-0.03213793,-0.03249701,-0.03275598,-0.03289552,-0.03293552,-0.03285586,-0.03267612,-0.03238048,-0.03198952,-0.03148786,-0.03089312,-0.03019011,-0.02939529,-0.0284968,-0.02750897,-0.02642438,-0.02526276,-0.02402398,-0.02272794,-0.0213732,-0.01997183,-0.01851706,-0.01701462,-0.01546019,-0.01386206,-0.01222435,-0.01056276,-0.008893558,-0.007236706,-0.005609536,-0.004025829,-0.002497323,-0.001029766,0.0003611078,0.001662715,0.002846204,0.003893256,0.004769514,0.005460646,0.005937573,0.006202555,0.006239269,0.00606794,0.005682035,0.005123173,0.004400617,0.003573304,0.002655273,0.001715511,0.0007766998,-7.568394e-05,-0.0008183473,-0.001358534,-0.001683457,-0.001696261,-0.001408768,-0.0007513203,0.0002107229,0.001531233,0.003106582,0.005048373,0.006918442,0.00861363,0.01018158,0.01381655,0.01543426,0.01783476,0.02094058,0.02290855,0.02473276,0.02629131,0.02777354
0.02660101,0.02803197,0.02936812,0.03038653,0.03130735,0.03190073,0.03242071,0.03266414,0.03266675,0.03254076,0.03222198,0.03169722,0.03109271,0.03031152,0.02943167,0.0283977,0.02727409,0.02601855,0.02468305,0.02322032,0.02166902,0.01998824,0.01822213,0.01634053,0.01439387,0.01235719,0.01028193,0.008145909,0.005996317,0.003803755,0.001611099,-0.0006002516,-0.00277846,-0.004936739,-0.007021232,-0.009050727,-0.01098611,-0.01285282,-0.01461653,-0.0163007,-0.01787196,-0.01935643,-0.02072949,-0.02202269,-0.02321064,-0.02431396,-0.02530054,-0.02618668,-0.02694925,-0.02761163,-0.02815627,-0.02860387,-0.028936,-0.02917067,-0.02928954,-0.02930801,-0.02920797,-0.02900622,-0.02868882,-0.02827164,-0.02774106,-0.02710896,-0.02636664,-0.02552889,-0.02459204,-0.02357451,-0.02247788,-0.02131858,-0.02009437,-0.01881239,-0.01746699,-0.01606081,-0.01459282,-0.01307179,-0.01150718,-0.009913484,-0.008308169,-0.00670907,-0.005134099,-0.003590716,-0.002092134,-0.000645661,0.0007254109,0.002007142,0.003164722,0.004180704,0.005019367,0.005671338,0.006104913,0.006325679,0.006315317,0.006100667,0.005672506,0.005073451,0.004307053,0.003437195,0.00247739,0.001499776,0.0005176361,-0.0003773996,-0.00116369,-0.00173536,-0.002090323,-0.002132023,-0.001887522,-0.001275247,-0.0003818932,0.0008489956,0.002216721,0.004077547,0.006428757,0.009184089,0.01005961,0.01296008,0.01512587,0.01647009,0.01875317,0.02091908,0.02303331,0.02485644
0.02413632,0.02587548,0.02735193,0.02877697,0.02992116,0.03099889,0.03176324,0.03240769,0.03290518,0.03316423,0.03326561,0.0332564,0.03303198,0.03270586,0.03221322,0.03162247,0.03088458,0.03006104,0.02910479,0.02805438,0.02686013,0.02556153,0.02412254,0.02259048,0.02093601,0.01920455,0.01736748,0.01547558,0.01350144,0.01148469,0.009399526,0.007296143,0.005161487,0.003051177,0.0009518118,-0.001090606,-0.003099948,-0.005039503,-0.006930856,-0.00873745,-0.01048018,-0.01213118,-0.01372197,-0.01522776,-0.01667015,-0.01801462,-0.01927376,-0.02041796,-0.02146569,-0.02239732,-0.02323542,-0.02396323,-0.02459951,-0.02512397,-0.02555069,-0.02586002,-0.0260648,-0.02614654,-0.02611945,-0.02597098,-0.02571623,-0.02534384,-0.02486364,-0.02426728,-0.02357047,-0.02277385,-0.021895,-0.02093506,-0.01990559,-0.01880294,-0.01763055,-0.01638413,-0.01506658,-0.01367978,-0.01223229,-0.01073744,-0.009209311,-0.007666145,-0.006121406,-0.004592341,-0.003084292,-0.001615366,-0.0001946866,0.001148231,0.002399209,0.003520572,0.004497,0.005289647,0.005893996,0.006278675,0.006453689,0.006394899,0.00613261,0.005657845,0.00501948,0.004215015,0.003307013,0.002304241,0.001289371,0.000274025,-0.0006451524,-0.001458626,-0.002051782,-0.002427924,-0.002484617,-0.002271921,-0.001694463,-0.0008469965,0.0004272522,0.001703836,0.002934382,0.004083992,0.007348958,0.008831603,0.01108632,0.01419729,0.01632575,0.01843819,0.0203922,0.0223774
0.02068096,0.02257228,0.02444376,0.02605924,0.02762941,0.02892131,0.03017084,0.03118194,0.03197833,0.03265887,0.03316034,0.03345521,0.03366634,0.03369875,0.03363348,0.03341901,0.03311976,0.0326871,0.03216409,0.03149784,0.03072469,0.02980138,0.02876866,0.02759136,0.02631226,0.0248992,0.02339768,0.02177799,0.0200787,0.01826913,0.01639458,0.01443951,0.01245631,0.01043289,0.008419518,0.006396249,0.004402993,0.002419844,0.0004849987,-0.001419561,-0.003261054,-0.00506494,-0.006806463,-0.008509629,-0.01014236,-0.01171602,-0.01319475,-0.01458967,-0.0158768,-0.01707631,-0.01817145,-0.01918064,-0.02008595,-0.02090126,-0.02160596,-0.02220899,-0.02268855,-0.0230553,-0.02329519,-0.02342285,-0.02342687,-0.02331647,-0.02308216,-0.02273467,-0.02226988,-0.02170309,-0.02103643,-0.02028455,-0.0194478,-0.018533,-0.01753664,-0.01645904,-0.01529862,-0.01405885,-0.01274576,-0.01136652,-0.009935663,-0.008466744,-0.006980185,-0.005484677,-0.003997908,-0.002525726,-0.001092259,0.0002932273,0.001596936,0.002804973,0.003877679,0.004803419,0.00554077,0.006088146,0.006412733,0.006530982,0.006416877,0.006101944,0.005572405,0.004882334,0.00402938,0.00307955,0.002032191,0.0009749242,-8.271176e-05,-0.001030531,-0.001867945,-0.002479058,-0.002881995,-0.002962638,-0.002794777,-0.002280082,-0.00161188,-0.0004078681,0.00130707,0.003538213,0.004032657,0.006508767,0.008471644,0.009698546,0.01193495,0.01416487,0.0164583,0.01855978
0.01747186,0.01948076,0.02130104,0.02313383,0.02474518,0.02634113,0.02767602,0.02892718,0.03006769,0.03100347,0.03179961,0.0325032,0.03300821,0.03342767,0.03370021,0.03389427,0.03395824,0.03394452,0.03379989,0.03355877,0.03317042,0.03267081,0.03202028,0.0312589,0.03034962,0.02932964,0.02816455,0.02689447,0.02548594,0.02397639,0.02234234,0.02063191,0.01883127,0.01699129,0.01509506,0.01318451,0.01123938,0.009298681,0.007346886,0.005422147,0.003505701,0.001624774,-0.0002463017,-0.002077432,-0.003880824,-0.005618185,-0.007297042,-0.008887324,-0.01040314,-0.01182382,-0.01316732,-0.01441611,-0.01558441,-0.01665081,-0.01762391,-0.018482,-0.01923173,-0.01985281,-0.0203556,-0.02072916,-0.02098669,-0.02111792,-0.02112879,-0.02101077,-0.02077556,-0.02042392,-0.01996998,-0.01941611,-0.0187724,-0.01803848,-0.01721706,-0.01630621,-0.01530588,-0.01421724,-0.01304218,-0.01179013,-0.01046796,-0.009092633,-0.007675165,-0.006237233,-0.00478489,-0.003339145,-0.001905809,-0.0005134651,0.0008298932,0.002087176,0.003245719,0.004261827,0.00512843,0.005804124,0.006291828,0.006553321,0.006608847,0.006432969,0.006064042,0.00548337,0.004744577,0.003841332,0.00284957,0.001765781,0.0006820311,-0.0004030528,-0.001368984,-0.002219246,-0.002830896,-0.003245267,-0.003335511,-0.003187781,-0.002607585,-0.00200109,-0.00136809,-0.000806288,0.001853688,0.002936393,0.004755243,0.007534308,0.009466745,0.0114878,0.01344413,0.01552723
0.01369205,0.01567064,0.0177016,0.01954336,0.02139734,0.02303437,0.02467224,0.02612611,0.02740945,0.02860923,0.0296668,0.03054728,0.03137328,0.03205372,0.03266853,0.03316549,0.0336025,0.03392452,0.03416939,0.03428321,0.03429981,0.03417351,0.03393921,0.03355539,0.03305566,0.03240161,0.03163026,0.03070354,0.02965332,0.02844861,0.02713186,0.02568446,0.02415239,0.02251838,0.02082497,0.01905089,0.01723596,0.01536466,0.01347711,0.01155907,0.009642679,0.007706717,0.005780121,0.003847748,0.001946202,6.910001e-05,-0.001747998,-0.003513362,-0.005201777,-0.006827726,-0.008371465,-0.009845616,-0.01122965,-0.01253246,-0.01373172,-0.01483197,-0.0158099,-0.01667172,-0.01740275,-0.01801491,-0.01849773,-0.01885826,-0.01908666,-0.0191904,-0.01916469,-0.01902146,-0.01876239,-0.0183997,-0.0179352,-0.01737563,-0.01672051,-0.01597022,-0.01512457,-0.01418399,-0.01315187,-0.0120286,-0.01082466,-0.009548322,-0.00822005,-0.006848658,-0.005455728,-0.004046472,-0.002645375,-0.001256988,8.77096e-05,0.001380267,0.0025811,0.003679901,0.004630786,0.005428858,0.006031581,0.006447773,0.006638219,0.006624598,0.00637806,0.005942527,0.005300459,0.004509613,0.003554881,0.00251549,0.001385285,0.0002701167,-0.0008378426,-0.001815175,-0.002678965,-0.003294719,-0.003728197,-0.003848982,-0.003841685,-0.003307066,-0.002286417,-0.000696551,-0.0007224844,0.001145522,0.002673793,0.003531626,0.005431458,0.007408817,0.009539885,0.01156359
0.01045419,0.01240341,0.01423228,0.01613217,0.0178707,0.01964617,0.02121851,0.02275021,0.02421509,0.02551977,0.02672026,0.02786729,0.02885888,0.02980562,0.03064733,0.03144686,0.03214904,0.03279937,0.03334419,0.03381573,0.03416305,0.03441728,0.03453458,0.03454658,0.03441042,0.03415539,0.03374115,0.0331981,0.0324898,0.03164949,0.0306507,0.02953289,0.02827588,0.02692022,0.02544367,0.02388321,0.02222066,0.02049484,0.01869401,0.01685584,0.01496474,0.01305008,0.01109462,0.00913306,0.007159456,0.005211508,0.003283589,0.001404639,-0.0004346362,-0.002210506,-0.003933319,-0.005581771,-0.007163086,-0.008653805,-0.0100578,-0.01135301,-0.01254243,-0.01360552,-0.01454865,-0.01536069,-0.01605168,-0.01661228,-0.01704533,-0.01734238,-0.0175113,-0.01755225,-0.01747575,-0.0172846,-0.01698714,-0.01658583,-0.01608371,-0.01548249,-0.01478144,-0.01398264,-0.01308343,-0.01209003,-0.01100252,-0.009835384,-0.008595969,-0.007308024,-0.005977807,-0.004628585,-0.003263459,-0.001909586,-0.0005690383,0.0007237365,0.001960856,0.003098215,0.004129726,0.005009029,0.005735333,0.006261109,0.006599125,0.006711238,0.006626427,0.006312303,0.00581323,0.005108888,0.004266441,0.003267042,0.002193748,0.001031022,-0.0001037567,-0.001221061,-0.002189448,-0.00304818,-0.003650727,-0.004077669,-0.004108095,-0.004127546,-0.004093973,-0.004148987,-0.002177979,-0.001611752,-0.0003707785,0.001883433,0.003399729,0.005076611,0.006758484,0.008639021
0.006961069,0.008754079,0.0106578,0.01243199,0.01426815,0.01594674,0.01766692,0.0192562,0.02071958,0.02213582,0.02345559,0.02464229,0.02581829,0.02689619,0.02795118,0.02892885,0.02988159,0.03075399,0.03158218,0.0323137,0.03297922,0.03353114,0.03399767,0.03433266,0.03456261,0.03464469,0.0346077,0.03440898,0.03407487,0.03357172,0.03293322,0.03213334,0.03120655,0.03012758,0.02892983,0.02758999,0.02614479,0.02458051,0.02293595,0.02119911,0.01940215,0.01752999,0.01561608,0.01365241,0.01167652,0.009683757,0.007707121,0.005740457,0.003810364,0.001909129,6.125347e-05,-0.001738118,-0.003464093,-0.005119747,-0.006681367,-0.008150482,-0.009504313,-0.0107463,-0.01186097,-0.01285628,-0.01372117,-0.01446046,-0.01506439,-0.01553762,-0.01587446,-0.01608318,-0.01616465,-0.01612855,-0.01597773,-0.01571883,-0.01535459,-0.01488671,-0.01431764,-0.01364681,-0.01287686,-0.0120034,-0.01103328,-0.009969553,-0.008831197,-0.00762554,-0.006376212,-0.005087581,-0.003784181,-0.002466726,-0.001163334,0.000123216,0.001355968,0.002528571,0.003594881,0.004550052,0.005346571,0.005989078,0.006429726,0.006682938,0.006708303,0.006540813,0.006150255,0.005585779,0.004819131,0.003919686,0.002865971,0.001754818,0.0005661563,-0.0005786367,-0.001702043,-0.002660861,-0.003518262,-0.004123547,-0.004653498,-0.004701762,-0.004320242,-0.00336261,-0.003918189,-0.002704093,-0.001704363,-0.001330262,7.94674e-05,0.001619778,0.003373929,0.005083785
0.004188378,0.005861756,0.007470033,0.009194678,0.01080975,0.0125059,0.01405092,0.01559179,0.01710434,0.01849978,0.01983008,0.02114967,0.02236183,0.02357197,0.02472048,0.0258646,0.02695066,0.02802236,0.02902934,0.0300023,0.03089089,0.03172157,0.03244786,0.03309494,0.03361752,0.03403829,0.03431338,0.03446677,0.03445984,0.0343184,0.03400929,0.03356013,0.03294184,0.03218298,0.03125575,0.03019038,0.02896781,0.02762326,0.02614571,0.02457051,0.02288565,0.02112266,0.01927174,0.01736957,0.01541353,0.01343861,0.01143993,0.009445054,0.007449238,0.005479272,0.003532779,0.001635663,-0.0002114058,-0.001982082,-0.003675542,-0.005269991,-0.006766398,-0.008145214,-0.009409143,-0.01054581,-0.01156118,-0.01244629,-0.01320165,-0.01381886,-0.01430213,-0.01465047,-0.01487087,-0.01496622,-0.01494334,-0.01480702,-0.01456108,-0.01421098,-0.01375669,-0.01320236,-0.01254336,-0.0117844,-0.01092049,-0.009963385,-0.008916459,-0.007803334,-0.006629312,-0.00541858,-0.004172099,-0.002915678,-0.001646852,-0.0003966651,0.0008324969,0.001999221,0.003100602,0.004089525,0.004964583,0.005673926,0.006225975,0.006574462,0.006741032,0.006683167,0.006436981,0.005970664,0.00534227,0.004519983,0.003576808,0.002483217,0.001347532,0.000148231,-0.0009846552,-0.002093798,-0.003024478,-0.003855385,-0.004350987,-0.004874648,-0.005350492,-0.00594872,-0.004635883,-0.00458578,-0.003941802,-0.002277821,-0.001269514,-6.10201e-05,0.001196811,0.002698693
0.00135244,0.00280268,0.004404852,0.005925609,0.007546035,0.009059828,0.01064627,0.01214494,0.01355513,0.01494994,0.01629023,0.01753835,0.01881321,0.0200308,0.02126102,0.02245136,0.02365335,0.02481677,0.02597766,0.02708665,0.02817163,0.02918513,0.03015041,0.03102027,0.03181628,0.03249371,0.03307524,0.03351694,0.03383916,0.03400388,0.034034,0.03389541,0.03360999,0.03314459,0.03252299,0.03171818,0.03076042,0.02963458,0.02837488,0.02696987,0.02545102,0.0238082,0.02207718,0.02025438,0.01837617,0.01643864,0.01447203,0.01247215,0.01046642,0.00845282,0.006459912,0.00449011,0.002572982,0.0007116827,-0.001068129,-0.002765276,-0.004358228,-0.005848812,-0.007220945,-0.008478488,-0.009608937,-0.01061476,-0.01148647,-0.01222638,-0.01282771,-0.01329513,-0.01362832,-0.01383471,-0.01391792,-0.0138846,-0.01374031,-0.01348838,-0.0131342,-0.01267765,-0.01212231,-0.01146149,-0.01069986,-0.009836081,-0.008886938,-0.007857292,-0.006770938,-0.005630919,-0.004461348,-0.003260183,-0.002053133,-0.0008380152,0.0003520834,0.001515834,0.002609567,0.003630779,0.004531163,0.005314435,0.005928825,0.006384452,0.006633423,0.006703627,0.006555567,0.006230527,0.005689892,0.004993825,0.00410849,0.003119874,0.001994772,0.0008459606,-0.0003584119,-0.001476303,-0.002572621,-0.003487321,-0.00439043,-0.004878413,-0.005009907,-0.004591782,-0.005597918,-0.004984432,-0.004501584,-0.004615755,-0.00373381,-0.002696428,-0.001413446,-0.0001336542
-0.0007008276,0.000591208,0.001859327,0.003275168,0.004623373,0.006085287,0.007438176,0.008813405,0.01019037,0.01148609,0.01274843,0.01403135,0.01524212,0.01647926,0.01768635,0.01891914,0.02013098,0.02136684,0.02258172,0.0238056,0.02499084,0.02616116,0.02727086,0.0283413,0.02932731,0.03024669,0.0310547,0.03177045,0.03235344,0.03282134,0.03313513,0.0333113,0.03331294,0.03315717,0.03281057,0.03229468,0.03158678,0.0307152,0.02966697,0.02847305,0.02712357,0.02565001,0.02404727,0.02235158,0.0205623,0.01871166,0.01679585,0.01484098,0.01284591,0.01083885,0.008823699,0.006829729,0.004864861,0.002958645,0.001117021,-0.0006380831,-0.002306011,-0.003868683,-0.005325798,-0.006663743,-0.007884358,-0.008978694,-0.009945403,-0.01077629,-0.01147227,-0.012031,-0.01245617,-0.01275047,-0.01291952,-0.01296993,-0.01290631,-0.0127373,-0.01246412,-0.01209335,-0.01162039,-0.01105008,-0.01037474,-0.009603735,-0.008736896,-0.007796373,-0.006785762,-0.005728942,-0.004625101,-0.003498696,-0.002344107,-0.00118888,-3.031841e-05,0.001094334,0.002186158,0.003200282,0.004137023,0.004944563,0.005629961,0.0061433,0.006501255,0.006654922,0.006633751,0.006397707,0.005996661,0.005389606,0.004640303,0.003707589,0.002687728,0.001546943,0.0004067821,-0.0007822276,-0.001866423,-0.002924959,-0.003718462,-0.004587848,-0.005433344,-0.006442344,-0.005685578,-0.006074041,-0.005960314,-0.004857395,-0.004349031,-0.003628386,-0.002836391,-0.001779428
-0.00273271,-0.001682366,-0.0004547019,0.0007289195,0.002038522,0.003282213,0.004619473,0.005902525,0.007127254,0.008360432,0.009569227,0.01071261,0.01190187,0.01305709,0.0142451,0.01542068,0.01663767,0.01785374,0.0191057,0.02034919,0.0216113,0.02284783,0.02408008,0.0252627,0.0264137,0.02748852,0.02850508,0.02941943,0.03024629,0.0309448,0.03152937,0.03196035,0.03224903,0.0323558,0.0322946,0.03203334,0.03159346,0.03095577,0.03014755,0.02915585,0.02800949,0.02670054,0.02526426,0.0236994,0.02204049,0.0202848,0.01846042,0.01656494,0.01462562,0.012644,0.0106507,0.008653408,0.006685262,0.004755314,0.002891695,0.001098679,-0.0006031735,-0.002214524,-0.003719123,-0.005117382,-0.006395391,-0.007553409,-0.008582346,-0.009482684,-0.01024677,-0.0108761,-0.0113691,-0.01173104,-0.01196613,-0.01208095,-0.01208328,-0.01197784,-0.01177262,-0.01146854,-0.01107102,-0.01057306,-0.009978809,-0.009283818,-0.008502671,-0.007637572,-0.006711304,-0.005725406,-0.004703024,-0.003640102,-0.002560206,-0.001457249,-0.0003602262,0.0007342678,0.001786435,0.002797266,0.003720808,0.004562291,0.00527015,0.005852849,0.006258965,0.00651123,0.006564393,0.006453273,0.006132424,0.005654372,0.004976825,0.004175028,0.003204216,0.002164954,0.001014656,-0.0001127511,-0.001285907,-0.002344111,-0.003451558,-0.004217507,-0.004705639,-0.00469254,-0.00602241,-0.005897078,-0.005851226,-0.006383548,-0.00598391,-0.005426797,-0.004616053,-0.003786376
-0.004010001,-0.003117738,-0.002220432,-0.001155758,-0.0001258032,0.001039077,0.002128596,0.003259648,0.004415547,0.005517623,0.006606165,0.007729631,0.008797573,0.009901122,0.01099041,0.012123,0.01326189,0.01445408,0.0156614,0.0169145,0.01817137,0.01945561,0.0207257,0.022001,0.02323796,0.02445058,0.02559444,0.02668405,0.02767852,0.02858984,0.02937704,0.03004866,0.03056314,0.03092764,0.03110347,0.03110248,0.03089684,0.03050599,0.02991325,0.02914331,0.02818628,0.02707082,0.02579383,0.02438939,0.02285848,0.02123129,0.01950556,0.01770592,0.0158336,0.01391636,0.0119619,0.01000093,0.008046672,0.00613139,0.004266004,0.002473302,0.0007557423,-0.000869928,-0.002401271,-0.003823893,-0.005136292,-0.006329363,-0.007400517,-0.008341861,-0.009151951,-0.009827173,-0.01036852,-0.0107781,-0.01106055,-0.01122364,-0.01127267,-0.01121849,-0.01106361,-0.01081665,-0.01047415,-0.01004201,-0.009511921,-0.008891679,-0.008178472,-0.007392359,-0.006535172,-0.005629722,-0.004673752,-0.003690065,-0.002670925,-0.001640521,-0.0005921986,0.000441321,0.001464873,0.002437638,0.003362937,0.004192219,0.004933401,0.005536722,0.006016018,0.006319596,0.0064719,0.006428159,0.006231523,0.005835738,0.00529676,0.004565408,0.003725269,0.002731485,0.001693023,0.0005529148,-0.0005424912,-0.001673711,-0.002606932,-0.003661295,-0.004723539,-0.005989651,-0.005653428,-0.006362244,-0.006662875,-0.006032927,-0.005950616,-0.005665109,-0.005303717,-0.004676417
-0.005257205,-0.004591289,-0.003735947,-0.002896096,-0.001914043,-0.0009669407,8.748604e-05,0.0011147,0.002108247,0.003126468,0.004137903,0.005096122,0.006101311,0.007078442,0.00809285,0.009109085,0.01018373,0.0112831,0.01244541,0.01363331,0.01487519,0.01613304,0.01742859,0.01872019,0.0200232,0.02129424,0.02254685,0.02373754,0.02487703,0.02592506,0.02689161,0.02773553,0.02846088,0.02902362,0.02942851,0.02963823,0.02966472,0.02948363,0.02911421,0.02854052,0.02778667,0.02684455,0.02574648,0.02449214,0.02311402,0.02161109,0.02000994,0.01830961,0.01653623,0.01469307,0.01281064,0.01089972,0.008994952,0.00711011,0.005275441,0.003498621,0.001799696,0.0001791774,-0.001347121,-0.002777006,-0.004095868,-0.005302049,-0.00638715,-0.007350345,-0.008183792,-0.008886436,-0.009455859,-0.009895255,-0.01020912,-0.01040372,-0.0104884,-0.01046873,-0.01035472,-0.01014812,-0.009856347,-0.009473164,-0.009003418,-0.008441,-0.007798669,-0.007076297,-0.006295127,-0.005455381,-0.004578845,-0.003659898,-0.002719996,-0.001750224,-0.0007758171,0.000210401,0.001173,0.002116633,0.002999623,0.003830039,0.004559539,0.005196863,0.005690482,0.006059797,0.006257116,0.006312313,0.006176604,0.005896423,0.005424923,0.004827845,0.004052083,0.003184813,0.002173821,0.001141087,1.437452e-05,-0.001051661,-0.002215852,-0.003109101,-0.003799252,-0.004047879,-0.005559331,-0.005784458,-0.006061261,-0.006900619,-0.006888074,-0.006732567,-0.006333332,-0.005907451
-0.005835325,-0.005302603,-0.004746302,-0.004012762,-0.003289391,-0.002420073,-0.001598173,-0.0007205425,0.0001995343,0.001086179,0.001969546,0.002889364,0.003756411,0.004653581,0.005538569,0.006470715,0.007422714,0.008443253,0.009501958,0.01063114,0.01179659,0.01302359,0.01427702,0.01557539,0.01687804,0.01819561,0.01948451,0.02075496,0.02196763,0.02313198,0.02420922,0.02520391,0.02607349,0.02681751,0.02739326,0.02780347,0.02801533,0.02803933,0.02785457,0.02747862,0.02689986,0.02614234,0.02520282,0.02411227,0.02287282,0.02151314,0.02003278,0.01845484,0.01678176,0.01503966,0.01323778,0.01140653,0.009561965,0.007737761,0.005948699,0.004218724,0.002552126,0.0009646882,-0.0005399655,-0.001947188,-0.003253326,-0.004449129,-0.005531485,-0.006492967,-0.007330912,-0.008040803,-0.008621864,-0.009075385,-0.00940513,-0.009619307,-0.009723675,-0.009730257,-0.009642608,-0.009470543,-0.00921203,-0.008874154,-0.008449463,-0.007944933,-0.007356196,-0.006701046,-0.00597987,-0.005214015,-0.004400234,-0.003559311,-0.002682185,-0.001789875,-0.000873083,3.984304e-05,0.0009567268,0.001841617,0.002701078,0.003491735,0.004223526,0.004849659,0.005382818,0.005771684,0.006037223,0.006133071,0.006097048,0.005881059,0.005534691,0.005004752,0.004363102,0.003556698,0.002680545,0.001671662,0.000665194,-0.0004206724,-0.001365072,-0.002465675,-0.003604835,-0.00498049,-0.004924618,-0.005824064,-0.00640465,-0.006131661,-0.006366985,-0.006422469,-0.006409534,-0.006144345
-0.006418538,-0.006076472,-0.005544485,-0.005007319,-0.004320974,-0.00364755,-0.002857965,-0.002074214,-0.001304222,-0.0004989169,0.000309117,0.001068238,0.001865286,0.002629731,0.003424218,0.004222152,0.00508155,0.005977179,0.006948775,0.007966782,0.009061924,0.01020379,0.0114157,0.01266108,0.0139536,0.01525186,0.01656535,0.01785169,0.01911913,0.0203307,0.02149543,0.02257446,0.02356812,0.02443075,0.02515965,0.02571358,0.02609592,0.02627788,0.02627093,0.02605587,0.02565106,0.02504694,0.02427131,0.02332388,0.02223467,0.02100446,0.01965853,0.01819721,0.01664463,0.01500476,0.0133062,0.01156116,0.009803516,0.008049981,0.006331646,0.004659228,0.003052351,0.001512741,5.513696e-05,-0.001316505,-0.00258778,-0.003755557,-0.004812488,-0.00575696,-0.006581723,-0.007284016,-0.007861153,-0.008314527,-0.008648678,-0.008869207,-0.008986393,-0.009006057,-0.008939384,-0.008788551,-0.008562456,-0.008255981,-0.007875179,-0.0074135,-0.006882364,-0.006279845,-0.005625418,-0.004918329,-0.004178832,-0.00340015,-0.002601616,-0.001772451,-0.0009345755,-7.815219e-05,0.0007657824,0.001605011,0.00240296,0.003170738,0.003864998,0.004495851,0.005014367,0.005438101,0.005719766,0.005885548,0.005886305,0.005763549,0.005469256,0.005061259,0.004482081,0.003806147,0.00297454,0.002095717,0.001095168,0.0001166159,-0.0009928137,-0.001892198,-0.002652373,-0.003033198,-0.004592181,-0.005030199,-0.005507547,-0.006529069,-0.00678713,-0.006926727,-0.0068444,-0.006737294
-0.006446371,-0.006199848,-0.005920903,-0.00546383,-0.005000201,-0.004388988,-0.003801972,-0.003150151,-0.002443652,-0.001755068,-0.001064102,-0.0003402056,0.0003286722,0.001015333,0.001683256,0.002391015,0.003119614,0.003918459,0.004764973,0.005692972,0.006676425,0.007742647,0.008863731,0.0100583,0.01128981,0.01256633,0.01384587,0.01513501,0.01639714,0.017641,0.01883264,0.01997592,0.02103055,0.02199152,0.02281429,0.02349444,0.02399573,0.02432114,0.02444637,0.02438244,0.02411534,0.02366409,0.02302401,0.02222243,0.02126189,0.0201696,0.0189467,0.01761479,0.01617662,0.01465609,0.01306231,0.0114242,0.009758289,0.008097984,0.006460106,0.004869269,0.003331195,0.001860898,0.0004622999,-0.0008502566,-0.00207214,-0.003194141,-0.00421327,-0.005122768,-0.005919783,-0.006599428,-0.007160103,-0.007602299,-0.007929086,-0.008148417,-0.008266256,-0.008294802,-0.008238239,-0.008106635,-0.007899172,-0.007623742,-0.007274403,-0.006857824,-0.006369044,-0.005823607,-0.005220861,-0.004580424,-0.003898576,-0.003193877,-0.002456627,-0.00170486,-0.0009278101,-0.0001497258,0.0006392558,0.00140818,0.002166298,0.002876161,0.00354988,0.004145449,0.004675504,0.005091604,0.005412418,0.005592572,0.005665587,0.005584251,0.005392849,0.005037878,0.004581141,0.003965298,0.003271819,0.002434354,0.00157445,0.0006100913,-0.0002558282,-0.001298633,-0.002403382,-0.003764472,-0.00386393,-0.004833332,-0.005563589,-0.00552754,-0.005962566,-0.006248652,-0.006480522,-0.006483267
-0.006532251,-0.006431459,-0.006151027,-0.005852565,-0.005406058,-0.004959236,-0.004392213,-0.003815936,-0.00323868,-0.002619259,-0.001991085,-0.001408395,-0.0007984749,-0.0002285017,0.0003584697,0.0009419574,0.001579184,0.00225243,0.003002154,0.003806125,0.004696635,0.005650743,0.006693364,0.00779394,0.008965464,0.01016977,0.01141313,0.01265519,0.01390229,0.01512193,0.01632374,0.01747383,0.01857165,0.0195731,0.02047055,0.02122126,0.02182212,0.02224186,0.02248554,0.02253177,0.0223932,0.02205885,0.02155134,0.02086987,0.02004138,0.0190681,0.0179738,0.01675991,0.01544792,0.014042,0.01256766,0.01103736,0.009482323,0.007920244,0.006381332,0.004878266,0.003429873,0.002038888,0.0007184134,-0.0005266627,-0.001682955,-0.002746406,-0.003710972,-0.004574749,-0.005331655,-0.005978085,-0.006511637,-0.00693239,-0.007244745,-0.007453443,-0.007568992,-0.007596952,-0.007548844,-0.007426755,-0.007240283,-0.006985352,-0.0066691,-0.006285321,-0.005844434,-0.005343292,-0.004799449,-0.004211479,-0.003598009,-0.002951605,-0.002289486,-0.001599871,-0.0009017105,-0.0001835602,0.0005277732,0.001242263,0.001928523,0.002600054,0.003219263,0.003797915,0.004291608,0.00471696,0.005029344,0.005252162,0.005338264,0.005324979,0.005165747,0.004911864,0.004505419,0.004009693,0.003362802,0.002659375,0.001824584,0.0009881923,5.063119e-06,-0.0008162038,-0.001547627,-0.001958144,-0.003453528,-0.003984008,-0.004550256,-0.005635547,-0.006048001,-0.006370417,-0.006499586,-0.006610998
-0.006182203,-0.006136078,-0.006057692,-0.005809162,-0.005543947,-0.005138637,-0.00473992,-0.004272956,-0.003745238,-0.003223451,-0.002695104,-0.002136826,-0.001634137,-0.001125798,-0.0006454012,-0.0001383497,0.0003823426,0.0009654023,0.001594926,0.002305123,0.003076826,0.003938566,0.004869174,0.005887965,0.006963424,0.008102439,0.009265706,0.01045718,0.01164317,0.01283226,0.01399594,0.01513939,0.01622686,0.01725196,0.01817087,0.01897495,0.01962672,0.02012417,0.02044118,0.02058385,0.02053624,0.02031295,0.0199075,0.01934341,0.01862286,0.01777119,0.01679062,0.01570118,0.01450521,0.01322423,0.01186611,0.01045747,0.009013543,0.007565754,0.006131013,0.004733481,0.003379547,0.002083317,0.0008482967,-0.000312065,-0.001393105,-0.002385986,-0.003288262,-0.004094034,-0.004800957,-0.005404301,-0.005902391,-0.006295182,-0.0065852,-0.006779703,-0.006884508,-0.0069112,-0.006864095,-0.006752704,-0.006576972,-0.006345008,-0.006052429,-0.005705748,-0.005300065,-0.004848786,-0.004350537,-0.003822975,-0.003262312,-0.002684853,-0.002080851,-0.001465579,-0.00082772,-0.0001877649,0.0004652751,0.001105159,0.001742884,0.00234685,0.002930841,0.003458507,0.003942952,0.004340293,0.004667704,0.004882781,0.005015438,0.00502136,0.004940169,0.004720964,0.004417215,0.003971228,0.003452261,0.002793556,0.002101926,0.001297097,0.0005611249,-0.0003572615,-0.00135076,-0.002605275,-0.00276154,-0.003702207,-0.004470116,-0.004564025,-0.005089425,-0.005498448,-0.005870477,-0.00604153
-0.005941745,-0.00599587,-0.005889761,-0.005760848,-0.005491478,-0.005216938,-0.004824301,-0.004413533,-0.003993147,-0.003526845,-0.003047527,-0.002607868,-0.002148676,-0.001733955,-0.001315359,-0.0009099849,-0.0004642175,1.032067e-05,0.0005530849,0.001147942,0.001826791,0.002573065,0.00341216,0.004319916,0.005309177,0.006346499,0.007436036,0.008540668,0.009664861,0.01078066,0.01189824,0.01298994,0.01405605,0.01505686,0.01598247,0.0167916,0.01747714,0.01800789,0.01838444,0.01858505,0.01861759,0.01847052,0.0181614,0.01768881,0.01707606,0.01632615,0.01546084,0.01448234,0.01340913,0.01224524,0.01101243,0.009722493,0.008402795,0.007070212,0.005752409,0.00446255,0.003217986,0.002021977,0.0008856028,-0.0001861158,-0.0011814,-0.00209587,-0.002924847,-0.003666533,-0.00431627,-0.004870347,-0.005326986,-0.005685536,-0.005950122,-0.006124576,-0.006218974,-0.006238244,-0.006193415,-0.006086133,-0.005925857,-0.005709303,-0.005444168,-0.005124972,-0.004761211,-0.004349077,-0.003904029,-0.0034242,-0.002926415,-0.002403106,-0.001869374,-0.001313257,-0.0007509419,-0.000170372,0.0004056704,0.000988264,0.001550943,0.002108491,0.002629186,0.003126046,0.003560359,0.003948112,0.004249011,0.0044842,0.004610325,0.004660854,0.004592646,0.004451239,0.004181668,0.00383774,0.003358398,0.002824774,0.002164216,0.001490935,0.0006701187,-2.448077e-05,-0.0006635692,-0.001033352,-0.002383831,-0.002913197,-0.003477849,-0.004528125,-0.00499418,-0.005397424,-0.005639493,-0.005872573
-0.005375096,-0.005446981,-0.005493545,-0.005386577,-0.00525811,-0.005004774,-0.004747581,-0.004423726,-0.004039801,-0.003653175,-0.003256982,-0.002831999,-0.002459118,-0.002088476,-0.00175274,-0.001403751,-0.001051249,-0.000648915,-0.0002078968,0.0003049381,0.0008751674,0.001531098,0.002256879,0.003072449,0.003951563,0.004901207,0.00588592,0.006908277,0.007937589,0.008982097,0.01001827,0.01105316,0.01205664,0.0130234,0.01391288,0.01471509,0.01539382,0.01594474,0.01634185,0.01658837,0.01666756,0.01659069,0.01634994,0.01596501,0.01543731,0.01478962,0.01402452,0.01316023,0.01219826,0.01115755,0.01004418,0.008881764,0.007683187,0.006476428,0.005276836,0.004106753,0.002972348,0.001886412,0.0008515787,-0.0001201684,-0.001024778,-0.001854185,-0.002606659,-0.003277299,-0.00386456,-0.004364293,-0.004775189,-0.005096997,-0.005331812,-0.005485962,-0.005564743,-0.005578558,-0.005531365,-0.00543157,-0.005279384,-0.005082564,-0.004837965,-0.004551846,-0.004219675,-0.003852882,-0.003449579,-0.003025253,-0.002576239,-0.002116641,-0.00163711,-0.001150462,-0.0006455147,-0.0001394062,0.000379188,0.000888277,0.001399622,0.001886963,0.002364938,0.00280297,0.003214623,0.003561506,0.003859745,0.004071286,0.004222874,0.004274444,0.004261275,0.004136999,0.003948115,0.00363986,0.003270854,0.002776822,0.002249771,0.001613467,0.001027782,0.000267428,-0.0005709305,-0.00166016,-0.001805264,-0.002646468,-0.003366128,-0.003505661,-0.004032815,-0.004473183,-0.004894158,-0.005144297
-0.004956097,-0.005088427,-0.005085808,-0.005063042,-0.004912821,-0.004758757,-0.004496012,-0.004211421,-0.00391472,-0.003571753,-0.003213556,-0.002887305,-0.002545541,-0.002247713,-0.001955348,-0.001683899,-0.001386038,-0.001069072,-0.0006966535,-0.0002802978,0.0002093378,0.0007604991,0.001397395,0.002101826,0.002886379,0.00372332,0.004615771,0.005531075,0.006472065,0.007415103,0.008370207,0.009315873,0.01025385,0.01115069,0.01199654,0.01275423,0.01341517,0.01395067,0.0143589,0.01461962,0.01473736,0.01470104,0.01452396,0.0142041,0.01376092,0.01319742,0.01253273,0.01176936,0.01092258,0.00999594,0.00900727,0.007966889,0.00689768,0.005814283,0.004740569,0.003688694,0.002673829,0.001699136,0.0007735221,-9.854411e-05,-0.0009072192,-0.001648382,-0.002318597,-0.002916446,-0.003438637,-0.003881887,-0.004245128,-0.004527495,-0.004732697,-0.004863726,-0.004929626,-0.00493447,-0.004888099,-0.004791553,-0.004653431,-0.004471008,-0.004251838,-0.003991296,-0.003697813,-0.003367413,-0.003013282,-0.00263329,-0.002242165,-0.001832674,-0.001417757,-0.0009860267,-0.0005510493,-0.0001010647,0.0003449618,0.0007981851,0.001236716,0.001675401,0.002088153,0.002488398,0.002843635,0.003169074,0.003429873,0.003645093,0.003776501,0.003853696,0.003838333,0.003770378,0.003600332,0.003373766,0.003033816,0.002648793,0.002150962,0.001638282,0.0009890454,0.0004406312,-7.351353e-05,-0.000362712,-0.001517409,-0.001982126,-0.002481067,-0.003423219,-0.003866572,-0.004269564,-0.004544017,-0.004818069
-0.004302805,-0.004424633,-0.004531386,-0.004508144,-0.004463442,-0.004313827,-0.004157408,-0.003939974,-0.003669068,-0.003390623,-0.003101458,-0.002784189,-0.002512177,-0.002245334,-0.002015533,-0.001782334,-0.001554395,-0.001289774,-0.0009968398,-0.000645116,-0.000246174,0.0002263929,0.000760409,0.001375562,0.002050556,0.002793022,0.003572354,0.00439087,0.005221342,0.006071469,0.006921906,0.007781102,0.008624756,0.009449869,0.01022117,0.01092967,0.01154281,0.01205604,0.01244553,0.01271326,0.01284316,0.01284418,0.012708,0.01245077,0.01207286,0.01159389,0.0110161,0.01035542,0.00961241,0.008803135,0.007931754,0.007018234,0.006072642,0.005118428,0.004168272,0.003241444,0.002343155,0.001484375,0.0006667124,-9.977753e-05,-0.0008119957,-0.001463035,-0.002051851,-0.00257459,-0.003030488,-0.003416238,-0.003731033,-0.003974682,-0.004148882,-0.004258933,-0.004309268,-0.00430874,-0.004260555,-0.004171723,-0.004042337,-0.003879347,-0.003680408,-0.003451305,-0.003187962,-0.002899975,-0.002585081,-0.002256442,-0.001910531,-0.001559313,-0.001194155,-0.0008257335,-0.0004435398,-6.17697e-05,0.0003305695,0.0007152755,0.001104017,0.001475246,0.001843537,0.002183753,0.002509524,0.002788353,0.00303542,0.00321787,0.003359485,0.003425287,0.003446284,0.003381762,0.003272042,0.003067687,0.0028181,0.002464097,0.002083429,0.001606149,0.001169433,0.000575825,-9.03074e-05,-0.0009847386,-0.001079925,-0.001779093,-0.002393574,-0.002520444,-0.002987246,-0.003391335,-0.003791659,-0.004051608
-0.00381705,-0.003968752,-0.004012932,-0.004044632,-0.003966915,-0.003889655,-0.003719761,-0.003528516,-0.00332726,-0.003083228,-0.00282419,-0.002589449,-0.002340909,-0.002131266,-0.001931269,-0.001755376,-0.001564307,-0.001362979,-0.001119972,-0.0008437098,-0.0005089998,-0.0001244125,0.0003315271,0.0008454336,0.001429138,0.002060754,0.00274323,0.003449312,0.004180894,0.004918466,0.00567123,0.006423013,0.0071769,0.007906359,0.008603345,0.009236666,0.009798426,0.0102642,0.01063161,0.01088324,0.01102183,0.0110375,0.01094033,0.0107278,0.0104156,0.01000602,0.009515057,0.00894491,0.008307711,0.007606152,0.006854216,0.006060116,0.005242046,0.004411507,0.003587823,0.002780982,0.002003446,0.001257729,0.0005506346,-0.0001143864,-0.0007295334,-0.001291398,-0.001797571,-0.002247137,-0.002637917,-0.002967359,-0.003234991,-0.003440067,-0.003585737,-0.003674243,-0.003713138,-0.003705524,-0.003659561,-0.003575685,-0.003461138,-0.003313582,-0.003139795,-0.002935982,-0.002709313,-0.002456004,-0.002186846,-0.001899577,-0.00160653,-0.001301153,-0.0009941857,-0.000675441,-0.0003560068,-2.5165e-05,0.000301704,0.0006350096,0.0009570885,0.001281788,0.001588218,0.001889269,0.002158665,0.002410467,0.002615859,0.002791762,0.002905893,0.002983817,0.002992841,0.002967214,0.002864468,0.002722738,0.002491934,0.0022284,0.001871804,0.001503752,0.001018044,0.0006149181,0.0002345521,4.069198e-05,-0.0008941748,-0.001258973,-0.00165507,-0.002442648,-0.002814282,-0.003161993,-0.003411783,-0.003668648
-0.003169983,-0.003293563,-0.003412364,-0.003428399,-0.003427443,-0.003343208,-0.003254863,-0.003114593,-0.002931136,-0.002739185,-0.002537399,-0.002309438,-0.002118243,-0.001931548,-0.001778967,-0.001628071,-0.001487533,-0.001321695,-0.001137609,-0.0009089769,-0.0006456667,-0.0003247401,4.402504e-05,0.0004786968,0.0009623948,0.001503127,0.002075873,0.002683374,0.003302698,0.003940846,0.004582179,0.005235505,0.005882017,0.00652119,0.007124411,0.007685134,0.008176275,0.008594517,0.008919721,0.009153727,0.009282484,0.009313252,0.009238177,0.00906999,0.008808183,0.008468657,0.00805284,0.007573884,0.007031417,0.006438395,0.005797181,0.005123651,0.004424925,0.00371936,0.003016391,0.002331382,0.001668115,0.001035371,0.000433807,-0.0001287014,-0.0006501077,-0.001124929,-0.00155267,-0.001930479,-0.002258181,-0.002533383,-0.002755719,-0.002925169,-0.003043022,-0.003113499,-0.003139942,-0.003129432,-0.003084206,-0.003009782,-0.002905925,-0.002778483,-0.002625538,-0.002452154,-0.002254727,-0.0020411,-0.001808779,-0.001568489,-0.001316825,-0.00106364,-0.000801271,-0.0005385053,-0.0002659649,4.775177e-06,0.0002837933,0.0005563323,0.0008332417,0.001097155,0.001361669,0.001606638,0.001845093,0.002050535,0.002236971,0.00237721,0.002492013,0.002551999,0.002583757,0.002552859,0.002493661,0.002363707,0.002204135,0.001963078,0.00170467,0.001367321,0.001065267,0.0006306581,0.0001345549,-0.0005581888,-0.000589338,-0.001128485,-0.001608422,-0.001689769,-0.002060691,-0.002387338,-0.002721881,-0.002945845
-0.002693645,-0.00282669,-0.002878909,-0.002927873,-0.002889569,-0.00285644,-0.002750705,-0.002627567,-0.002498705,-0.002334075,-0.002156766,-0.001997531,-0.00182551,-0.001684633,-0.001553096,-0.001444219,-0.001327384,-0.001206762,-0.001057022,-0.0008848344,-0.0006699637,-0.0004191397,-0.0001146653,0.000233527,0.0006359339,0.001076015,0.001557041,0.002057624,0.002579542,0.003107322,0.00364899,0.004192628,0.004742178,0.005277789,0.005794195,0.006267162,0.006690983,0.007046471,0.007332002,0.007533738,0.007653734,0.007683823,0.00763166,0.007494472,0.007284319,0.007002383,0.006661193,0.006262177,0.005814488,0.00531973,0.004788295,0.00422594,0.003646233,0.003057187,0.002473301,0.001901772,0.001352095,0.0008258342,0.000327903,-0.0001394499,-0.0005704173,-0.0009625501,-0.001314236,-0.001625038,-0.001893594,-0.002118147,-0.00229862,-0.002434511,-0.002528299,-0.002581535,-0.002600025,-0.002585855,-0.002545274,-0.002478207,-0.002390305,-0.002279518,-0.002151422,-0.00200296,-0.001839904,-0.001658876,-0.001468266,-0.001265775,-0.001061162,-0.0008487673,-0.000637165,-0.000417785,-0.0001994238,2.708263e-05,0.0002496629,0.0004774212,0.0006965561,0.0009191435,0.001128955,0.001337544,0.001524513,0.001702371,0.001848406,0.00197723,0.002062859,0.002126645,0.002141946,0.002137081,0.002077359,0.001993974,0.001845257,0.001676468,0.001436538,0.001191054,0.0008510678,0.0005795409,0.0003252956,0.0002230283,-0.0004892386,-0.0007425582,-0.001022729,-0.001633858,-0.001910041,-0.002173503,-0.002365775,-0.002570865
-0.002113745,-0.002211353,-0.002312395,-0.002338115,-0.002354278,-0.002308479,-0.002263672,-0.002178722,-0.002062076,-0.001939008,-0.001808487,-0.001655607,-0.001530748,-0.001408009,-0.001312714,-0.001220154,-0.001139048,-0.001041427,-0.0009337774,-0.0007951496,-0.0006341254,-0.0004323738,-0.0001979817,8.41825e-05,0.0004011552,0.000760613,0.001143452,0.001553019,0.001971425,0.002404871,0.002841198,0.00328852,0.003732974,0.004175975,0.004596163,0.004989952,0.005336816,0.00563525,0.005869772,0.006042514,0.006142339,0.006175125,0.006134162,0.006029024,0.005858493,0.005634524,0.005357538,0.005037546,0.004673484,0.004275059,0.003843139,0.003389357,0.002918054,0.002442424,0.001968588,0.001507691,0.001061955,0.000637846,0.000235293,-0.0001400162,-0.0004870165,-0.0008017365,-0.001084063,-0.001332018,-0.001545777,-0.00172378,-0.00186595,-0.001972414,-0.002044032,-0.002083927,-0.00209428,-0.002080313,-0.002043279,-0.001987235,-0.001911608,-0.00182097,-0.001713635,-0.001593734,-0.001458174,-0.001313067,-0.001155883,-0.0009948516,-0.0008267567,-0.0006593376,-0.0004861406,-0.0003142008,-0.0001356628,4.033032e-05,0.0002224327,0.0003991242,0.0005798173,0.0007509702,0.0009243742,0.001084482,0.001242944,0.00137921,0.001505629,0.00160087,0.001682383,0.00172669,0.001755649,0.001741516,0.001712465,0.001634117,0.001539739,0.001386542,0.001225467,0.001005104,0.0008165466,0.0005232336,0.000182189,-0.0003181199,-0.0002900689,-0.0006707626,-0.001010063,-0.001035537,-0.001298146,-0.001530581,-0.00177756,-0.001942258
-0.001695684,-0.001791448,-0.001830665,-0.001874386,-0.001855001,-0.001844403,-0.001782007,-0.001708375,-0.00163336,-0.001531838,-0.001421184,-0.001323969,-0.001215295,-0.001129078,-0.001049148,-0.0009871396,-0.0009208266,-0.0008545733,-0.0007695984,-0.0006716471,-0.0005456352,-0.00039724,-0.0002130312,-5.523843e-07,0.000248867,0.0005233102,0.0008264323,0.001142707,0.001474316,0.00180974,0.002155634,0.00250342,0.002857271,0.003203329,0.003539271,0.003847968,0.004126494,0.004361159,0.00455165,0.004687897,0.004771892,0.004797354,0.004770035,0.004687164,0.004557393,0.004380753,0.00416624,0.003914299,0.003631383,0.003317989,0.002981286,0.002624587,0.002257147,0.001883653,0.00151395,0.001152383,0.0008055245,0.0004739824,0.000161069,-0.000132092,-0.0004015224,-0.0006457596,-0.0008637843,-0.001055522,-0.001220155,-0.001356634,-0.001465067,-0.001545168,-0.001598697,-0.001626565,-0.001632791,-0.001618496,-0.001588029,-0.001540955,-0.001481324,-0.00140735,-0.001323215,-0.001226511,-0.00112158,-0.001005563,-0.0008845652,-0.0007563471,-0.0006280973,-0.0004951769,-0.0003640884,-0.0002281071,-9.393501e-05,4.574397e-05,0.0001818756,0.0003219151,0.0004555598,0.0005926213,0.0007210053,0.0008503396,0.0009655829,0.001077302,0.001168625,0.001251615,0.001306562,0.001350453,0.001362754,0.001365718,0.001332595,0.001287925,0.001199263,0.001101534,0.0009540948,0.0008071073,0.0005900071,0.0004287853,0.0002821646,0.000254897,-0.0002476675,-0.0003964076,-0.0005667867,-0.001000426,-0.001178339,-0.00135093,-0.001474478,-0.001614225
-0.001221673,-0.001283157,-0.001353084,-0.001372794,-0.001390844,-0.001366737,-0.001348132,-0.001302382,-0.001235786,-0.001166268,-0.00109225,-0.001001194,-0.0009298823,-0.0008581583,-0.0008054122,-0.000754111,-0.0007123743,-0.0006604997,-0.0006044579,-0.0005292317,-0.0004420098,-0.0003296058,-0.0001985971,-3.765713e-05,0.0001438041,0.0003523617,0.0005747341,0.0008146068,0.001059441,0.001314467,0.001570881,0.001835288,0.002098169,0.002362032,0.002612597,0.002848977,0.00305737,0.003237975,0.003380202,0.00348642,0.003548754,0.00357176,0.003550264,0.003490935,0.003392134,0.003261971,0.003099952,0.002912896,0.002699384,0.002465967,0.002212445,0.001946406,0.001669852,0.001391212,0.001113667,0.000844345,0.0005840986,0.0003372006,0.0001031572,-0.0001143451,-0.0003150165,-0.0004963115,-0.0006583323,-0.0007998145,-0.0009210669,-0.001021197,-0.001100256,-0.001158418,-0.001196143,-0.001215483,-0.001217561,-0.001205812,-0.001180658,-0.001144827,-0.001097526,-0.001042019,-0.0009768187,-0.0009049932,-0.0008240408,-0.0007383667,-0.0006456458,-0.0005516557,-0.0004535423,-0.0003569472,-0.0002568433,-0.0001585529,-5.604104e-05,4.389515e-05,0.0001480727,0.0002480787,0.0003513895,0.0004480683,0.0005474379,0.0006382443,0.0007300084,0.0008079467,0.0008821482,0.0009371199,0.0009865718,0.001013077,0.001033388,0.001026693,0.001014582,0.0009713754,0.0009224369,0.0008352548,0.0007477819,0.0006202615,0.0005205313,0.0003447983,0.000135584,-0.0001926825,-0.0001239774,-0.0003624955,-0.0005729195,-0.0005505771,-0.0007107321,-0.0008517882,-0.001009101,-0.001110101
-0.0008931287,-0.0009484368,-0.0009681945,-0.0009968352,-0.0009857771,-0.0009850019,-0.0009515599,-0.0009133466,-0.0008767823,-0.0008234766,-0.0007647797,-0.0007158573,-0.0006575537,-0.0006133907,-0.0005717073,-0.0005417585,-0.000508958,-0.0004778916,-0.0004361529,-0.0003887324,-0.0003254803,-0.0002511842,-0.0001567129,-4.773835e-05,8.222875e-05,0.0002252368,0.0003849649,0.0005513491,0.0007269439,0.0009040021,0.001087626,0.001271962,0.001460769,0.001645318,0.001825662,0.001991212,0.002141518,0.002268018,0.002371574,0.002445671,0.00249231,0.002507102,0.002494132,0.002450929,0.002383053,0.00228967,0.002176466,0.002043044,0.001893505,0.00172748,0.001549377,0.001360465,0.001166245,0.0009686927,0.0007735676,0.0005827991,0.0004003565,0.0002261253,6.213247e-05,-9.135602e-05,-0.0002319329,-0.0003589673,-0.0004718653,-0.0005707588,-0.0006551759,-0.0007246038,-0.0007791746,-0.000818738,-0.0008443653,-0.0008564239,-0.0008573061,-0.0008473488,-0.0008291975,-0.0008022529,-0.0007690995,-0.0007282784,-0.000682572,-0.0006301837,-0.0005740784,-0.0005120131,-0.0004480064,-0.0003800516,-0.0003129197,-0.0002431058,-0.0001751578,-0.0001042855,-3.524613e-05,3.727805e-05,0.000106997,0.0001794906,0.0002476385,0.0003186859,0.000384245,0.0004516036,0.000510531,0.0005692412,0.0006162577,0.0006607863,0.0006891436,0.0007137902,0.0007201878,0.000724429,0.0007075895,0.0006876141,0.0006415003,0.0005942904,0.0005164437,0.000443305,0.0003234941,0.0002465151,0.00018187,0.0002041834,-0.0001126287,-0.0001773766,-0.0002582226,-0.000529688,-0.0006224413,-0.0007144652,-0.0007753458,-0.0008527719
-0.0005500677,-0.000578305,-0.0006162431,-0.0006252933,-0.0006382976,-0.0006265198,-0.0006221905,-0.0006029198,-0.0005719625,-0.000541228,-0.0005086112,-0.0004649444,-0.0004334991,-0.0004000254,-0.0003771865,-0.0003540049,-0.0003370188,-0.0003144465,-0.0002912329,-0.0002581959,-0.0002207137,-0.0001706772,-0.0001129468,-4.029655e-05,4.118168e-05,0.0001363156,0.0002371599,0.0003471066,0.0004587069,0.000575907,0.0006931039,0.0008148802,0.0009354751,0.001057538,0.001173035,0.001282858,0.001379269,0.001463507,0.001529478,0.001579383,0.001608499,0.001619973,0.001610339,0.001583655,0.001538266,0.001478843,0.001404374,0.00131877,0.001220652,0.00111376,0.0009973559,0.0008755418,0.0007486892,0.0006212455,0.0004942158,0.000371338,0.000252543,0.0001402236,3.378066e-05,-6.477207e-05,-0.0001556151,-0.0002374043,-0.0003103091,-0.0003736232,-0.0004276254,-0.0004719045,-0.0005065167,-0.0005316037,-0.0005473014,-0.0005547212,-0.0005541869,-0.0005475813,-0.0005347873,-0.0005173865,-0.0004945876,-0.0004684065,-0.0004376578,-0.0004043105,-0.0003665719,-0.0003272093,-0.0002843775,-0.0002415812,-0.0001965891,-0.000153016,-0.0001074259,-6.341255e-05,-1.693466e-05,2.751751e-05,7.463218e-05,0.0001189794,0.0001657369,0.0002084224,0.0002534394,0.000293567,0.0003355711,0.0003701132,0.0004044204,0.0004286153,0.0004522143,0.0004638199,0.000474763,0.0004712639,0.0004679424,0.0004479907,0.0004286183,0.0003882001,0.0003518207,0.0002924366,0.0002547363,0.0001688616,6.272835e-05,-0.0001215951,-4.032015e-05,-0.0001636055,-0.0002695921,-0.0002214099,-0.0002983665,-0.0003649146,-0.0004452918,-0.0004921882
-0.0003314778,-0.0003538522,-0.0003579206,-0.0003709192,-0.0003642427,-0.0003664125,-0.0003519216,-0.0003373162,-0.0003254036,-0.0003053466,-0.0002829809,-0.0002668903,-0.0002443987,-0.0002289866,-0.0002132462,-0.0002033267,-0.0001912927,-0.0001811034,-0.0001660636,-0.0001499343,-0.0001270492,-0.0001009147,-6.641114e-05,-2.730915e-05,2.044881e-05,7.236443e-05,0.0001314225,0.0001922998,0.0002573376,0.0003222267,0.000390275,0.000458027,0.0005282065,0.0005962827,0.0006635272,0.0007247531,0.0007809288,0.0008277828,0.00086666,0.0008941226,0.0009118419,0.0009172444,0.0009128082,0.0008967186,0.0008718857,0.0008371876,0.0007954997,0.0007460354,0.0006909466,0.00062948,0.0005638317,0.0004939716,0.000422452,0.0003495097,0.0002777242,0.0002074262,0.0001405068,7.652622e-05,1.651878e-05,-3.971406e-05,-9.100756e-05,-0.0001372738,-0.0001782172,-0.0002140227,-0.0002444403,-0.0002693029,-0.0002886845,-0.0003025057,-0.0003112628,-0.000314965,-0.0003147034,-0.000310348,-0.0003031716,-0.0002926326,-0.0002800783,-0.0002644995,-0.0002474097,-0.0002276546,-0.0002069228,-0.0001837193,-0.0001602371,-0.000134978,-0.0001105576,-8.474149e-05,-6.021955e-05,-3.414317e-05,-9.390768e-06,1.72765e-05,4.215296e-05,6.87489e-05,9.289161e-05,0.0001190577,0.0001422916,0.0001672084,0.0001879227,0.0002098117,0.0002263147,0.0002433626,0.000252974,0.0002628623,0.0002643524,0.0002672554,0.0002602963,0.0002546168,0.0002365649,0.0002213897,0.0001910765,0.0001666374,0.0001165967,9.445271e-05,8.126075e-05,0.000121665,-4.095852e-05,-5.196555e-05,-7.317411e-05,-0.0002096265,-0.0002414734,-0.0002747259,-0.0002912735,-0.0003210171
-0.0001356322,-0.000141891,-0.0001550579,-0.0001562092,-0.0001623358,-0.0001579097,-0.000159242,-0.000155128,-0.0001463352,-0.0001390549,-0.0001315088,-0.0001187813,-0.0001116383,-0.0001024755,-9.727651e-05,-9.094997e-05,-8.732746e-05,-8.139542e-05,-7.616598e-05,-6.760825e-05,-5.871075e-05,-4.58808e-05,-3.181267e-05,-1.31784e-05,7.07738e-06,3.154217e-05,5.678872e-05,8.502072e-05,0.0001130978,0.0001432379,0.0001728066,0.0002041142,0.0002345863,0.0002660279,0.0002952923,0.0003236524,0.0003481198,0.0003699267,0.000386614,0.000399613,0.0004068998,0.0004100907,0.000407473,0.000400848,0.0003890845,0.0003740817,0.0003549492,0.0003332531,0.000308092,0.0002809622,0.0002511858,0.0002202579,0.0001878403,0.0001554982,0.000123119,9.199532e-05,6.17501e-05,3.332738e-05,6.310006e-06,-1.853885e-05,-4.150316e-05,-6.211171e-05,-8.048666e-05,-9.634106e-05,-0.0001098301,-0.0001208383,-0.0001293818,-0.0001355298,-0.0001392455,-0.0001409305,-0.0001405052,-0.0001386741,-0.0001351621,-0.0001306353,-0.00012456,-0.0001178487,-0.0001097982,-0.0001013337,-9.149792e-05,-8.156649e-05,-7.04686e-05,-5.974711e-05,-4.811573e-05,-3.728966e-05,-2.553025e-05,-1.465562e-05,-2.671494e-06,8.207834e-06,2.036297e-05,3.118981e-05,4.333367e-05,5.363605e-05,6.533328e-05,7.497481e-05,8.609968e-05,9.434892e-05,0.0001035489,0.0001090429,0.0001157407,0.0001181081,0.0001218381,0.0001201494,0.000120401,0.0001144625,0.0001110558,9.954683e-05,9.229997e-05,7.566418e-05,7.155832e-05,4.492922e-05,9.367923e-06,-6.429523e-05,-4.967658e-06,-4.723886e-05,-8.148638e-05,-3.910126e-05,-6.100126e-05,-7.889973e-05,-0.0001049613,-0.0001165305
-3.971995e-05,-4.305898e-05,-4.123387e-05,-4.371729e-05,-4.113024e-05,-4.252736e-05,-3.932857e-05,-3.720966e-05,-3.660742e-05,-3.401398e-05,-3.099882e-05,-3.032587e-05,-2.719352e-05,-2.593105e-05,-2.379999e-05,-2.31078e-05,-2.144225e-05,-2.063878e-05,-1.870433e-05,-1.723364e-05,-1.445145e-05,-1.181119e-05,-7.708504e-06,-3.595771e-06,1.964784e-06,7.521856e-06,1.439011e-05,2.102458e-05,2.854668e-05,3.561694e-05,4.345466e-05,5.088008e-05,5.898251e-05,6.646437e-05,7.423064e-05,8.095519e-05,8.744731e-05,9.257743e-05,9.712456e-05,0.0001000901,0.000102231,0.0001026881,0.000102321,0.0001003879,9.771855e-05,9.369379e-05,8.908741e-05,8.341796e-05,7.731078e-05,7.030508e-05,6.298958e-05,5.50523e-05,4.708607e-05,3.881802e-05,3.08009e-05,2.283724e-05,1.539178e-05,8.17988e-06,1.497645e-06,-4.853044e-06,-1.057522e-05,-1.5748e-05,-2.02863e-05,-2.428806e-05,-2.767129e-05,-3.042645e-05,-3.256683e-05,-3.406322e-05,-3.50256e-05,-3.537437e-05,-3.534987e-05,-3.478157e-05,-3.398665e-05,-3.2717e-05,-3.135772e-05,-2.951501e-05,-2.764354e-05,-2.531767e-05,-2.307986e-05,-2.036233e-05,-1.783407e-05,-1.487176e-05,-1.227577e-05,-9.235798e-06,-6.659378e-06,-3.588769e-06,-1.022121e-06,2.15939e-06,4.708895e-06,7.880818e-06,1.027851e-05,1.346892e-05,1.577459e-05,1.885085e-05,2.076772e-05,2.35223e-05,2.498638e-05,2.733159e-05,2.79155e-05,2.945494e-05,2.900444e-05,2.996662e-05,2.852115e-05,2.861843e-05,2.566873e-05,2.497708e-05,2.03105e-05,1.877635e-05,9.421044e-06,1.040434e-05,1.504554e-05,3.84936e-05,-6.970934e-06,-5.391238e-07,2.178092e-06,-3.448275e-05,-3.651034e-05,-3.96569e-05,-3.772155e-05,-4.146896e-05
-1.370752e-10,6.666832e-12,-5.276862e-12,9.938129e-12,8.46346e-11,-1.772173e-13,-1.370534e-10,-8.178214e-11,-2.537163e-11,2.239092e-10,7.012895e-11,8.745687e-12,-1.769786e-10,-4.849624e-11,8.278302e-11,2.477317e-11,3.755638e-11,4.025423e-11,-1.318906e-10,1.075873e-12,5.333046e-11,2.399295e-11,-5.449779e-12,1.001026e-10,-2.65838e-11,-1.690606e-10,-2.875827e-11,-5.369422e-11,3.106021e-12,8.424079e-11,2.556745e-11,2.155493e-10,2.663292e-10,3.983348e-11,1.526761e-11,-8.600539e-12,-9.629528e-11,-8.099558e-11,1.030748e-10,-9.623369e-11,3.155707e-11,-7.259154e-11,3.432093e-11,6.366041e-11,1.759962e-10,-5.306235e-11,-2.348163e-11,-1.025641e-10,-1.044991e-10,6.405023e-12,-2.271623e-10,2.510783e-11,-1.089768e-12,-4.922206e-11,-1.23695e-10,8.610079e-11,-1.778998e-11,-6.759108e-12,-5.639379e-11,2.537493e-11,6.610966e-11,5.084538e-11,-2.314769e-11,2.873831e-11,2.968258e-11,1.82566e-10,1.486266e-10,8.365207e-11,2.333301e-11,-1.085283e-10,-7.081839e-12,-1.594621e-10,-1.02184e-10,7.853757e-11,8.044231e-11,-1.323389e-11,-1.826074e-10,1.358713e-10,-2.735836e-11,-3.974348e-11,7.608306e-11,-5.432428e-11,3.899555e-11,8.240891e-11,-6.875183e-11,-3.762317e-11,6.836229e-11,1.372198e-10,8.607143e-11,-6.535878e-11,7.768422e-11,2.842522e-11,-3.474726e-11,6.307527e-11,-6.857603e-11,-1.185577e-10,-8.771121e-11,1.577585e-11,-7.691419e-11,-1.143351e-10,5.607024e-11,1.976802e-11,8.735991e-11,-1.503036e-10,3.863278e-11,-4.10162e-11,-5.559616e-11,1.578017e-11,7.061642e-11,8.957225e-11,-1.398258e-10,-9.341656e-11,3.195372e-11,1.634099e-11,-7.895008e-11,4.154089e-11,-1.474741e-10,1.813398e-10,6.293695e-11,-1.057066e-10
