NaN,NaN,NaN,NaN,NaN,NaN,NaN,NaN,NaN,NaN,NaN,NaN,NaN,NaN,NaN,0,0,0,0,0,0,0,0,0,0,0,0,0,0,0,0,0,0,0,0,0,0,0,0,0,0,0,0,0,0,0,0,0,0,0,0,0,0,0,0,0,0,0,0,0,0,0,0,0,0,0,0,0,0,0,0,0,0,0,0,0,0,0,0,0,0,0,NaN,NaN,NaN,NaN,NaN,NaN,NaN,NaN,NaN,NaN,NaN,NaN,NaN,NaN
NaN,NaN,NaN,NaN,NaN,NaN,NaN,NaN,NaN,NaN,NaN,NaN,NaN,NaN,NaN,-2.84004e-10,1.105393e-10,-5.176574e-11,-1.649068e-10,-5.995006e-10,-7.916646e-10,-1.169913e-09,-1.316707e-09,-1.647941e-09,-1.763216e-09,-2.065413e-09,-2.149875e-09,-2.420766e-09,-2.464869e-09,-2.69366e-09,-2.684297e-09,-2.858074e-09,-2.782595e-09,-2.889712e-09,-2.738521e-09,-2.771462e-09,-2.539946e-09,-2.496215e-09,-2.184602e-09,-2.065967e-09,-1.678772e-09,-1.492077e-09,-1.039089e-09,-7.958678e-10,-2.91244e-10,-7.034385e-12,5.314146e-10,8.373261e-10,1.389102e-09,1.696778e-09,2.241763e-09,2.531807e-09,3.050248e-09,3.303168e-09,3.775761e-09,3.973831e-09,4.383421e-09,4.511061e-09,4.843085e-09,4.888543e-09,5.133832e-09,5.092065e-09,5.248237e-09,5.121871e-09,5.197244e-09,5.006152e-09,5.032932e-09,4.826052e-09,4.864022e-09,4.707734e-09,4.810081e-09,4.72498e-09,4.82805e-09,4.610205e-09,4.269241e-09,3.148594e-09,1.142187e-09,-2.325577e-09,-6.796754e-09,-1.020793e-08,-9.378413e-09,-4.051895e-10,NaN,NaN,NaN,NaN,NaN,NaN,NaN,NaN,NaN,NaN,NaN,NaN,NaN,NaN
NaN,NaN,NaN,NaN,NaN,NaN,NaN,NaN,NaN,NaN,NaN,NaN,NaN,NaN,NaN,-3.371765e-09,7.459331e-10,6.148965e-11,-3.555661e-09,-8.401936e-09,-1.306644e-08,-1.717882e-08,-2.102615e-08,-2.451311e-08,-2.77785e-08,-3.090661e-08,-3.361466e-08,-3.634725e-08,-3.836003e-08,-4.052096e-08,-4.163593e-08,-4.3024e-08,-4.306129e-08,-4.350367e-08,-4.231695e-08,-4.168344e-08,-3.919756e-08,-3.745608e-08,-3.369492e-08,-3.087961e-08,-2.590396e-08,-2.20986e-08,-1.605386e-08,-1.144892e-08,-4.574868e-09,5.873861e-10,8.033836e-09,1.34801e-08,2.118739e-08,2.659513e-08,3.42366e-08,3.930881e-08,4.660003e-08,5.105387e-08,5.769904e-08,6.124816e-08,6.697655e-08,6.938522e-08,7.398824e-08,7.508093e-08,7.841771e-08,7.810849e-08,8.014655e-08,7.847711e-08,7.935142e-08,7.66191e-08,7.682343e-08,7.37706e-08,7.42245e-08,7.185463e-08,7.336042e-08,7.196223e-08,7.351959e-08,6.994012e-08,6.467643e-08,4.71083e-08,1.627074e-08,-3.698386e-08,-1.059253e-07,-1.578346e-07,-1.426513e-07,-7.490899e-09,NaN,NaN,NaN,NaN,NaN,NaN,NaN,NaN,NaN,NaN,NaN,NaN,NaN,NaN
NaN,NaN,NaN,NaN,NaN,NaN,NaN,NaN,NaN,NaN,NaN,NaN,NaN,NaN,NaN,-2.152034e-08,9.026793e-09,-5.908845e-09,-1.181391e-08,-4.633158e-08,-5.754019e-08,-8.73591e-08,-9.513351e-08,-1.213694e-07,-1.269341e-07,-1.509772e-07,-1.544028e-07,-1.76078e-07,-1.766635e-07,-1.951898e-07,-1.919869e-07,-2.064298e-07,-1.985216e-07,-2.080533e-07,-1.947716e-07,-1.988784e-07,-1.798971e-07,-1.783942e-07,-1.537278e-07,-1.467713e-07,-1.167875e-07,-1.049031e-07,-7.030204e-08,-5.430126e-08,-1.609782e-08,2.865937e-09,4.334393e-08,6.386003e-08,1.051575e-07,1.258205e-07,1.664944e-07,1.858785e-07,2.244754e-07,2.411769e-07,2.763377e-07,2.891109e-07,3.196036e-07,3.273132e-07,3.520822e-07,3.539027e-07,3.723175e-07,3.679096e-07,3.798032e-07,3.693649e-07,3.753503e-07,3.603339e-07,3.627308e-07,3.466333e-07,3.49687e-07,3.371875e-07,3.445659e-07,3.368451e-07,3.435129e-07,3.251146e-07,2.980266e-07,2.119088e-07,6.208793e-08,-1.950923e-07,-5.13577e-07,-7.485572e-07,-6.756869e-07,-2.907046e-08,NaN,NaN,NaN,NaN,NaN,NaN,NaN,NaN,NaN,NaN,NaN,NaN,NaN,NaN
NaN,NaN,NaN,NaN,NaN,NaN,NaN,NaN,NaN,NaN,NaN,NaN,NaN,NaN,NaN,-5.440371e-08,1.855191e-08,-1.293409e-08,-4.53719e-08,-1.325757e-07,-1.778524e-07,-2.513968e-07,-2.85175e-07,-3.487768e-07,-3.753693e-07,-4.332028e-07,-4.529949e-07,-5.045077e-07,-5.15506e-07,-5.58339e-07,-5.577951e-07,-5.892327e-07,-5.746024e-07,-5.922981e-07,-5.616753e-07,-5.64085e-07,-5.165556e-07,-5.032386e-07,-4.390104e-07,-4.10479e-07,-3.305831e-07,-2.882684e-07,-1.947649e-07,-1.411526e-07,-3.713951e-08,2.441721e-08,1.352017e-07,2.007362e-07,3.140539e-07,3.793691e-07,4.909435e-07,5.519544e-07,6.577209e-07,7.10465e-07,8.064793e-07,8.472718e-07,9.299613e-07,9.555897e-07,1.022029e-06,1.030157e-06,1.078542e-06,1.068178e-06,1.098106e-06,1.069885e-06,1.083205e-06,1.041298e-06,1.044699e-06,9.991168e-07,1.004734e-06,9.686455e-07,9.865009e-07,9.624229e-07,9.765757e-07,9.178986e-07,8.296604e-07,5.681643e-07,1.172901e-07,-6.379927e-07,-1.565205e-06,-2.210849e-06,-1.945771e-06,-9.595355e-08,NaN,NaN,NaN,NaN,NaN,NaN,NaN,NaN,NaN,NaN,NaN,NaN,NaN,NaN
NaN,NaN,NaN,NaN,NaN,NaN,NaN,NaN,NaN,NaN,NaN,NaN,NaN,NaN,NaN,-1.269928e-07,4.794382e-08,-4.737831e-08,-1.056581e-07,-3.224348e-07,-4.042326e-07,-5.844718e-07,-6.386761e-07,-7.949985e-07,-8.337224e-07,-9.764215e-07,-1.000765e-06,-1.128487e-06,-1.13388e-06,-1.241366e-06,-1.221731e-06,-1.302987e-06,-1.252643e-06,-1.302539e-06,-1.217445e-06,-1.232875e-06,-1.1112e-06,-1.091259e-06,-9.334382e-07,-8.794137e-07,-6.880479e-07,-6.034879e-07,-3.832785e-07,-2.736271e-07,-3.132662e-08,9.586175e-08,3.516679e-07,4.873326e-07,7.472684e-07,8.823221e-07,1.137089e-06,1.262432e-06,1.502841e-06,1.609627e-06,1.827096e-06,1.907445e-06,2.094229e-06,2.141071e-06,2.290678e-06,2.298989e-06,2.407646e-06,2.375509e-06,2.442456e-06,2.371433e-06,2.400864e-06,2.300354e-06,2.307016e-06,2.198904e-06,2.2089e-06,2.121165e-06,2.154678e-06,2.089679e-06,2.106342e-06,1.952961e-06,1.722984e-06,1.093135e-06,2.928659e-08,-1.708065e-06,-3.743582e-06,-5.040717e-06,-4.306303e-06,-2.109393e-07,NaN,NaN,NaN,NaN,NaN,NaN,NaN,NaN,NaN,NaN,NaN,NaN,NaN,NaN
NaN,NaN,NaN,NaN,NaN,NaN,NaN,NaN,NaN,NaN,NaN,NaN,NaN,NaN,NaN,-2.134944e-07,6.57091e-08,-1.003327e-07,-2.643083e-07,-6.525727e-07,-8.40593e-07,-1.1487e-06,-1.273077e-06,-1.534675e-06,-1.626535e-06,-1.863686e-06,-1.926408e-06,-2.136097e-06,-2.160903e-06,-2.332606e-06,-2.307958e-06,-2.430288e-06,-2.345854e-06,-2.409399e-06,-2.257916e-06,-2.257026e-06,-2.035526e-06,-1.969089e-06,-1.679155e-06,-1.550118e-06,-1.197017e-06,-1.01232e-06,-6.054397e-07,-3.760219e-07,7.123538e-08,3.308112e-07,8.021793e-07,1.074788e-06,1.552278e-06,1.82035e-06,2.286134e-06,2.532577e-06,2.969609e-06,3.177966e-06,3.570088e-06,3.725463e-06,4.058244e-06,4.147705e-06,4.409419e-06,4.4239e-06,4.607822e-06,4.544122e-06,4.649427e-06,4.511101e-06,4.546238e-06,4.351254e-06,4.343955e-06,4.132903e-06,4.130673e-06,3.952943e-06,3.987785e-06,3.838278e-06,3.818384e-06,3.464107e-06,2.919291e-06,1.582647e-06,-6.349385e-07,-4.090041e-06,-7.967727e-06,-1.003994e-05,-8.136393e-06,-4.452163e-07,NaN,NaN,NaN,NaN,NaN,NaN,NaN,NaN,NaN,NaN,NaN,NaN,NaN,NaN
NaN,NaN,NaN,NaN,NaN,NaN,NaN,NaN,NaN,NaN,NaN,NaN,NaN,NaN,NaN,-3.525176e-07,9.922485e-08,-2.58033e-07,-5.830798e-07,-1.311106e-06,-1.62576e-06,-2.172781e-06,-2.350235e-06,-2.807892e-06,-2.924906e-06,-3.339404e-06,-3.404687e-06,-3.769471e-06,-3.766936e-06,-4.062548e-06,-3.972017e-06,-4.178543e-06,-3.98253e-06,-4.084282e-06,-3.771415e-06,-3.759968e-06,-3.326501e-06,-3.20109e-06,-2.650968e-06,-2.41816e-06,-1.762297e-06,-1.435853e-06,-6.918302e-07,-2.916085e-07,5.165019e-07,9.641151e-07,1.806774e-06,2.271018e-06,3.116564e-06,3.566934e-06,4.384425e-06,4.79102e-06,5.550583e-06,5.884954e-06,6.559143e-06,6.796312e-06,7.360836e-06,7.479042e-06,7.914301e-06,7.899011e-06,8.194765e-06,8.042024e-06,8.198271e-06,7.915765e-06,7.948452e-06,7.568393e-06,7.52541e-06,7.116245e-06,7.074804e-06,6.71285e-06,6.711944e-06,6.361717e-06,6.198965e-06,5.389906e-06,4.149214e-06,1.399289e-06,-3.023677e-06,-9.573328e-06,-1.632517e-05,-1.886439e-05,-1.417741e-05,-8.322157e-07,NaN,NaN,NaN,NaN,NaN,NaN,NaN,NaN,NaN,NaN,NaN,NaN,NaN,NaN
NaN,NaN,NaN,NaN,NaN,NaN,NaN,NaN,NaN,NaN,NaN,NaN,NaN,NaN,-1.211663e-06,-4.845396e-07,6.062989e-08,-5.91443e-07,-1.399655e-06,-2.633158e-06,-3.271965e-06,-4.099573e-06,-4.429544e-06,-5.091211e-06,-5.302495e-06,-5.894901e-06,-6.009635e-06,-6.517565e-06,-6.506494e-06,-6.893045e-06,-6.721461e-06,-6.952324e-06,-6.592491e-06,-6.642766e-06,-6.078265e-06,-5.936251e-06,-5.164412e-06,-4.832543e-06,-3.864357e-06,-3.357492e-06,-2.215129e-06,-1.559886e-06,-2.76932e-07,4.893055e-07,1.868521e-06,2.698427e-06,4.121738e-06,4.961433e-06,6.37319e-06,7.169219e-06,8.515861e-06,9.217461e-06,1.044886e-05,1.100856e-05,1.207884e-05,1.245523e-05,1.33248e-05,1.34833e-05,1.412168e-05,1.404064e-05,1.443363e-05,1.410998e-05,1.426169e-05,1.371275e-05,1.365386e-05,1.293666e-05,1.274795e-05,1.197396e-05,1.177368e-05,1.104864e-05,1.086018e-05,1.005637e-05,9.425697e-06,7.578164e-06,4.691882e-06,-1.048892e-06,-1.007501e-05,-2.259548e-05,-3.439081e-05,-3.605156e-05,-2.430549e-05,-1.641673e-06,7.004883e-06,NaN,NaN,NaN,NaN,NaN,NaN,NaN,NaN,NaN,NaN,NaN,NaN,NaN
NaN,NaN,NaN,NaN,NaN,NaN,NaN,NaN,NaN,NaN,NaN,NaN,NaN,NaN,-1.674115e-06,-6.623195e-07,-8.58205e-08,-1.531584e-06,-3.452125e-06,-5.772371e-06,-6.974918e-06,-8.324051e-06,-8.823987e-06,-9.853306e-06,-1.011799e-05,-1.103036e-05,-1.110912e-05,-1.186516e-05,-1.170045e-05,-1.222636e-05,-1.175614e-05,-1.199047e-05,-1.11699e-05,-1.107306e-05,-9.880801e-06,-9.43973e-06,-7.88006e-06,-7.107371e-06,-5.208993e-06,-4.140338e-06,-1.952647e-06,-6.444623e-07,1.764569e-06,3.238864e-06,5.783832e-06,7.333689e-06,9.91568e-06,1.144061e-05,1.395765e-05,1.536099e-05,1.771691e-05,1.890795e-05,2.101397e-05,2.191026e-05,2.368822e-05,2.422044e-05,2.560463e-05,2.571666e-05,2.665916e-05,2.632021e-05,2.680453e-05,2.60187e-05,2.606177e-05,2.486975e-05,2.45347e-05,2.304357e-05,2.247251e-05,2.086792e-05,2.023957e-05,1.865269e-05,1.791079e-05,1.59616e-05,1.405748e-05,9.670672e-06,2.834364e-06,-9.789821e-06,-2.921771e-05,-5.499049e-05,-7.715059e-05,-7.431051e-05,-4.40196e-05,-3.447273e-06,9.369719e-06,NaN,NaN,NaN,NaN,NaN,NaN,NaN,NaN,NaN,NaN,NaN,NaN,NaN
NaN,NaN,NaN,NaN,NaN,NaN,NaN,NaN,NaN,NaN,NaN,NaN,NaN,NaN,-2.330322e-06,-7.691598e-07,-7.512976e-07,-4.146237e-06,-9.113273e-06,-1.343228e-05,-1.59334e-05,-1.80012e-05,-1.89535e-05,-2.04328e-05,-2.089822e-05,-2.217254e-05,-2.223911e-05,-2.319957e-05,-2.274624e-05,-2.323681e-05,-2.214689e-05,-2.205169e-05,-2.025159e-05,-1.950644e-05,-1.697224e-05,-1.556814e-05,-1.232788e-05,-1.030832e-05,-6.438182e-06,-3.891075e-06,4.946231e-07,3.44314e-06,8.195853e-06,1.138813e-05,1.63288e-05,1.957873e-05,2.450725e-05,2.761381e-05,3.232735e-05,3.509963e-05,3.941134e-05,4.167614e-05,4.541918e-05,4.702348e-05,5.005446e-05,5.087306e-05,5.307656e-05,5.301458e-05,5.43139e-05,5.332865e-05,5.371062e-05,5.182953e-05,5.134856e-05,4.867114e-05,4.746781e-05,4.421107e-05,4.255684e-05,3.905287e-05,3.723224e-05,3.362602e-05,3.135575e-05,2.66564e-05,2.153716e-05,1.122362e-05,-4.777858e-06,-3.294946e-05,-7.610542e-05,-0.0001328515,-0.0001818948,-0.0001699752,-9.03707e-05,-8.264903e-06,1.211328e-05,NaN,NaN,NaN,NaN,NaN,NaN,NaN,NaN,NaN,NaN,NaN,NaN,NaN
NaN,NaN,NaN,NaN,NaN,NaN,NaN,NaN,NaN,NaN,NaN,NaN,NaN,NaN,-3.245836e-06,-7.771888e-07,-3.01533e-06,-1.188753e-05,-2.344684e-05,-3.121969e-05,-3.591072e-05,-3.922878e-05,-4.095823e-05,-4.330376e-05,-4.404131e-05,-4.59728e-05,-4.581383e-05,-4.705491e-05,-4.574911e-05,-4.598258e-05,-4.331287e-05,-4.232254e-05,-3.816835e-05,-3.585234e-05,-3.019873e-05,-2.657144e-05,-1.950951e-05,-1.469188e-05,-6.408998e-06,-6.123058e-07,8.627493e-06,1.511768e-05,2.498779e-05,3.182914e-05,4.194815e-05,4.87458e-05,5.869485e-05,6.503121e-05,7.439598e-05,7.988253e-05,8.828865e-05,9.257877e-05,9.969898e-05,0.0001024949,0.0001080586,0.0001091248,0.0001129229,0.0001120893,0.0001139975,0.0001112055,0.0001112349,0.0001065709,0.0001048732,9.856878e-05,9.546666e-05,8.797237e-05,8.402167e-05,7.59613e-05,7.166911e-05,6.318765e-05,5.781928e-05,4.668014e-05,3.523226e-05,1.219969e-05,-2.139321e-05,-8.100579e-05,-0.0001707214,-0.0002949696,-0.0004140159,-0.0004102009,-0.0002159765,-2.275874e-05,1.361053e-05,NaN,NaN,NaN,NaN,NaN,NaN,NaN,NaN,NaN,NaN,NaN,NaN,NaN
NaN,NaN,NaN,NaN,NaN,NaN,NaN,NaN,NaN,NaN,NaN,NaN,NaN,NaN,-4.899481e-06,-4.299759e-07,-1.073747e-05,-3.164064e-05,-5.355257e-05,-6.56846e-05,-7.378407e-05,-7.90325e-05,-8.235008e-05,-8.608588e-05,-8.746222e-05,-9.026972e-05,-8.971418e-05,-9.102871e-05,-8.807711e-05,-8.73305e-05,-8.160895e-05,-7.843554e-05,-6.975938e-05,-6.401512e-05,-5.240358e-05,-4.416881e-05,-2.98468e-05,-1.940867e-05,-2.786119e-06,9.396272e-06,2.776599e-05,4.109553e-05,6.054439e-05,7.432008e-05,9.408422e-05,0.0001075151,0.0001267703,0.0001390315,0.0001569724,0.0001673029,0.000183214,0.0001909469,0.0002042179,0.00020879,0.0002189295,0.0002199025,0.0002265496,0.0002236198,0.0002265891,0.0002196722,0.0002190511,0.0002083445,0.0002045046,0.0001904824,0.0001841302,0.0001676581,0.0001599257,0.0001421277,0.0001340052,0.0001149911,0.0001051211,8.052825e-05,5.99461e-05,1.30158e-05,-4.622716e-05,-0.0001594084,-0.0003185265,-0.0005611637,-0.0008155837,-0.0009216878,-0.0005574653,-7.60129e-05,1.443532e-05,NaN,NaN,NaN,NaN,NaN,NaN,NaN,NaN,NaN,NaN,NaN,NaN,NaN
NaN,NaN,NaN,NaN,NaN,NaN,NaN,NaN,NaN,NaN,NaN,NaN,NaN,NaN,-6.416989e-06,-1.941807e-06,-3.088616e-05,-7.157243e-05,-0.0001033103,-0.0001223457,-0.000133848,-0.000143395,-0.0001482311,-0.0001550729,-0.0001566102,-0.0001612498,-0.0001592705,-0.0001607836,-0.0001545097,-0.0001520183,-0.000140855,-0.0001338164,-0.0001174988,-0.0001057474,-8.436989e-05,-6.812774e-05,-4.214693e-05,-2.199479e-05,7.806877e-06,3.098805e-05,6.357642e-05,8.867232e-05,0.0001228226,0.0001485495,0.0001828793,0.0002078066,0.0002408372,0.0002634915,0.0002937945,0.0003128302,0.0003391485,0.0003534,0.0003746753,0.0003831772,0.0003985766,0.0004005952,0.0004095234,0.0004045718,0.0004067543,0.0003947458,0.0003904001,0.000371752,0.0003616044,0.0003372254,0.0003225907,0.0002940544,0.00027696,0.0002462261,0.0002283995,0.0001956108,0.0001748105,0.000132665,9.450292e-05,1.622823e-05,-8.23727e-05,-0.0002647713,-0.0005177655,-0.000914286,-0.001362278,-0.001723618,-0.001320562,-0.0002906896,3.139359e-05,NaN,NaN,NaN,NaN,NaN,NaN,NaN,NaN,NaN,NaN,NaN,NaN,NaN
NaN,NaN,NaN,NaN,NaN,NaN,NaN,NaN,NaN,NaN,NaN,NaN,NaN,-3.012376e-06,-4.536584e-06,-1.315197e-05,-7.060463e-05,-0.0001355695,-0.0001748158,-0.0002049742,-0.0002192115,-0.0002362389,-0.0002421173,-0.0002539253,-0.0002550486,-0.0002620082,-0.0002577915,-0.0002585788,-0.0002478255,-0.0002412183,-0.0002230486,-0.0002083256,-0.0001823869,-0.0001594071,-0.000125926,-9.515699e-05,-5.4948e-05,-1.742509e-05,2.817054e-05,7.094187e-05,0.0001201795,0.0001663345,0.0002171686,0.0002645897,0.0003147342,0.0003610952,0.0004081218,0.0004510518,0.0004926218,0.0005299794,0.0005640428,0.0005940103,0.0006188489,0.0006399601,0.0006542202,0.0006654079,0.0006681179,0.0006687469,0.0006594445,0.0006495591,0.0006285579,0.0006090571,0.0005774629,0.0005500869,0.0005098898,0.0004774826,0.0004316814,0.000397729,0.000348641,0.0003138578,0.0002574071,0.0002114529,0.0001252644,3.034014e-05,-0.0001485089,-0.00038522,-0.0007897739,-0.001321609,-0.00205016,-0.002671677,-0.002598042,-0.0009232187,8.060279e-05,-3.224597e-05,NaN,NaN,NaN,NaN,NaN,NaN,NaN,NaN,NaN,NaN,NaN,NaN
NaN,NaN,NaN,NaN,NaN,NaN,NaN,NaN,NaN,NaN,NaN,NaN,NaN,-8.834322e-06,1.632943e-07,-4.277726e-05,-0.0001356931,-0.0002235502,-0.0002731022,-0.0003146842,-0.0003347808,-0.0003586352,-0.000368576,-0.0003834083,-0.0003868255,-0.0003927957,-0.0003886079,-0.0003839532,-0.0003704457,-0.0003535832,-0.0003295363,-0.0002995877,-0.0002645642,-0.0002214892,-0.0001759235,-0.0001205758,-6.578489e-05,1.508457e-07,6.206316e-05,0.0001362122,0.0002025369,0.0002820096,0.000349605,0.0004311661,0.0004965491,0.0005766806,0.0006361688,0.000711321,0.0007613872,0.0008283866,0.000865949,0.0009221402,0.0009446289,0.0009879252,0.0009933283,0.00102227,0.001009142,0.001022951,0.0009906031,0.0009895612,0.0009384489,0.0009241613,0.0008558942,0.0008312797,0.0007487125,0.0007183623,0.0006256749,0.0005951384,0.0004952332,0.0004660763,0.0003522477,0.0003105837,0.0001501589,4.570631e-05,-0.0002480294,-0.0005335582,-0.001136851,-0.001793889,-0.002868445,-0.003712728,-0.004219892,-0.002194759,8.619982e-06,-6.530397e-05,NaN,NaN,NaN,NaN,NaN,NaN,NaN,NaN,NaN,NaN,NaN,NaN
NaN,NaN,NaN,NaN,NaN,NaN,NaN,NaN,NaN,NaN,NaN,NaN,NaN,-1.173494e-05,-1.095651e-06,-9.589887e-05,-0.0002307279,-0.0003355465,-0.0004040302,-0.0004512374,-0.0004859593,-0.0005101446,-0.0005322298,-0.0005428393,-0.0005555675,-0.0005525664,-0.0005541661,-0.0005353712,-0.0005234863,-0.0004869734,-0.000459981,-0.0004047774,-0.0003621716,-0.0002884613,-0.0002309656,-0.0001401682,-6.974954e-05,3.555182e-05,0.0001158161,0.0002320791,0.0003182741,0.0004412563,0.0005288822,0.0006538805,0.000737993,0.0008599451,0.0009353566,0.001049182,0.001110955,0.001212129,0.001255997,0.00134076,0.001363226,0.001428645,0.001427034,0.001471072,0.001443546,0.001465129,0.001410954,0.0014105,0.001330602,0.001310381,0.001207362,0.001171445,0.001049684,0.001004366,0.0008700729,0.0008227287,0.000680243,0.0006323673,0.0004728487,0.0004046674,0.0001850663,2.943593e-05,-0.000360316,-0.0007528662,-0.00152638,-0.002388482,-0.003750157,-0.004934443,-0.005914935,-0.004157769,-0.000491883,1.705249e-05,NaN,NaN,NaN,NaN,NaN,NaN,NaN,NaN,NaN,NaN,NaN,NaN
NaN,NaN,NaN,NaN,NaN,NaN,NaN,NaN,NaN,NaN,NaN,NaN,NaN,-8.89422e-06,-1.716934e-05,-0.0001790326,-0.0003561553,-0.0004758702,-0.0005687177,-0.0006182459,-0.0006731809,-0.0006939071,-0.0007326313,-0.0007348385,-0.0007598149,-0.0007433202,-0.0007518784,-0.0007141015,-0.0007031372,-0.0006418517,-0.0006093118,-0.0005235321,-0.0004688831,-0.0003591581,-0.0002835284,-0.000152054,-5.823697e-05,9.123909e-05,0.0001989669,0.0003614116,0.0004776639,0.0006471288,0.0007657837,0.0009357383,0.00105013,0.001213593,0.001316782,0.001466782,0.001552229,0.001682562,0.00174469,0.001850206,0.001884549,0.001961239,0.00196452,0.002009567,0.001979694,0.001991547,0.001927999,0.001907074,0.001811668,0.001760799,0.001637727,0.001562031,0.001417995,0.001325276,0.001169494,0.001068477,0.0009077646,0.0007986122,0.0006227734,0.0004769747,0.0002330724,-3.831718e-05,-0.0004817504,-0.001065553,-0.001950051,-0.003127609,-0.004672384,-0.006361347,-0.007587214,-0.006693623,-0.001651375,0.0002065933,NaN,NaN,NaN,NaN,NaN,NaN,NaN,NaN,NaN,NaN,NaN,NaN
NaN,NaN,NaN,NaN,NaN,NaN,NaN,NaN,NaN,NaN,NaN,NaN,NaN,-3.820959e-06,-5.556357e-05,-0.0002977805,-0.000510783,-0.0006510589,-0.000764499,-0.0008219983,-0.0008927223,-0.0009156017,-0.0009650952,-0.0009642661,-0.0009939581,-0.0009689642,-0.0009752108,-0.0009229927,-0.000901936,-0.000819965,-0.0007691946,-0.0006565321,-0.0005755931,-0.0004332637,-0.0003238681,-0.0001550521,-2.107065e-05,0.0001690683,0.000321893,0.0005265488,0.000691046,0.0009022292,0.001070325,0.001279359,0.001442373,0.001640056,0.00178901,0.001966182,0.002092677,0.002241207,0.002338177,0.002451355,0.002513264,0.002585887,0.002608819,0.002637232,0.002618881,0.002601062,0.002541235,0.00247766,0.002379277,0.002273496,0.002142691,0.00200111,0.00184733,0.001679473,0.001515352,0.001331371,0.001166457,0.0009647827,0.000787147,0.000529066,0.0002746562,-0.0001528644,-0.0006375115,-0.001459271,-0.002439153,-0.00397989,-0.005675834,-0.00791533,-0.009329657,-0.009467812,-0.003593524,0.0002643464,NaN,NaN,NaN,NaN,NaN,NaN,NaN,NaN,NaN,NaN,NaN,NaN
NaN,NaN,NaN,NaN,NaN,NaN,NaN,NaN,NaN,NaN,NaN,NaN,-6.210851e-06,-2.263501e-06,-0.0001255728,-0.0004536139,-0.0006949817,-0.0008654826,-0.0009893409,-0.001066842,-0.001141059,-0.00117893,-0.001224985,-0.001233933,-0.001252364,-0.001231237,-0.001217611,-0.001162694,-0.00111256,-0.001020891,-0.0009316066,-0.0008022981,-0.0006737506,-0.0005084458,-0.0003431924,-0.00014617,5.058368e-05,0.0002725306,0.0004931945,0.000731196,0.0009664483,0.001210237,0.001449709,0.001688203,0.001920825,0.002142361,0.002356781,0.002549826,0.00273549,0.002889848,0.003037941,0.003145279,0.003249005,0.003302976,0.003357661,0.003353898,0.003356912,0.003293103,0.003244504,0.003121518,0.003025345,0.002847924,0.002712232,0.002488618,0.002325555,0.002067751,0.00189323,0.001613557,0.001439096,0.001134697,0.000944965,0.0005672392,0.00028422,-0.0003031534,-0.0008584494,-0.001913112,-0.00303033,-0.004902865,-0.006807471,-0.009506646,-0.01123509,-0.01216709,-0.006361377,-9.720369e-05,-0.0002231649,NaN,NaN,NaN,NaN,NaN,NaN,NaN,NaN,NaN,NaN,NaN
NaN,NaN,NaN,NaN,NaN,NaN,NaN,NaN,NaN,NaN,NaN,NaN,-7.338554e-06,-8.412549e-06,-0.0002385784,-0.000644432,-0.0009125935,-0.001118219,-0.001245123,-0.00135131,-0.001418783,-0.00148149,-0.001511747,-0.001540393,-0.001533498,-0.001525691,-0.001476681,-0.001427742,-0.001331797,-0.001238236,-0.001092769,-0.0009537589,-0.0007592445,-0.0005771007,-0.0003372485,-0.0001175261,0.0001607572,0.000409444,0.0007163818,0.0009828948,0.001306622,0.001578157,0.001905609,0.002168471,0.002485848,0.002725746,0.003018987,0.003221872,0.003477954,0.003631493,0.003839595,0.003933847,0.004085723,0.004113307,0.004203375,0.004159422,0.004184615,0.004066811,0.004027328,0.003837317,0.00373821,0.003482478,0.003333666,0.003023019,0.002839171,0.002488857,0.002288687,0.00191404,0.001710121,0.001307813,0.001079488,0.000591704,0.0002438287,-0.0004871274,-0.001162357,-0.002419591,-0.003737723,-0.005877694,-0.008073191,-0.01109816,-0.01329854,-0.01471717,-0.009873372,-0.001044629,-6.733054e-05,NaN,NaN,NaN,NaN,NaN,NaN,NaN,NaN,NaN,NaN,NaN
NaN,NaN,NaN,NaN,NaN,NaN,NaN,NaN,NaN,NaN,NaN,NaN,-4.599878e-06,-3.11741e-05,-0.0004008446,-0.0008690245,-0.001167083,-0.001406073,-0.001534863,-0.001670508,-0.001728273,-0.001816778,-0.001827101,-0.001875671,-0.001838487,-0.001843058,-0.001753042,-0.001707717,-0.001559878,-0.001460648,-0.001252746,-0.001098907,-0.0008322254,-0.0006268467,-0.000306556,-5.669611e-05,0.0003082319,0.0005919489,0.0009892518,0.00129322,0.001708104,0.002016716,0.00243305,0.002729821,0.003130776,0.003398649,0.003767154,0.003989454,0.004309752,0.004471965,0.004731013,0.004821632,0.005009574,0.005020333,0.005130576,0.005056323,0.005085283,0.004924042,0.004871983,0.00462654,0.004499397,0.004178495,0.003988019,0.003605779,0.003368992,0.002944547,0.002682366,0.002234763,0.001959972,0.001486257,0.001171188,0.000605004,0.0001346837,-0.0007008183,-0.001564898,-0.002970409,-0.004568864,-0.00688854,-0.009466169,-0.01266892,-0.01547687,-0.01713688,-0.01386481,-0.002775322,0.000213691,NaN,NaN,NaN,NaN,NaN,NaN,NaN,NaN,NaN,NaN,NaN
NaN,NaN,NaN,NaN,NaN,NaN,NaN,NaN,NaN,NaN,NaN,NaN,-1.862417e-06,-8.185337e-05,-0.000612735,-0.001124941,-0.001462738,-0.001722683,-0.001863126,-0.002015735,-0.002073685,-0.002174361,-0.002174721,-0.002227999,-0.00217037,-0.002170349,-0.002049157,-0.001988868,-0.001799057,-0.001673932,-0.001413617,-0.001223247,-0.0008948803,-0.0006434453,-0.0002538989,4.994085e-05,0.0004894813,0.0008328277,0.001307231,0.001673679,0.002164955,0.002535903,0.003024612,0.003380538,0.003846567,0.004167487,0.004590597,0.004857091,0.005218631,0.005413908,0.00569851,0.005809496,0.00600567,0.006023291,0.006123493,0.006042477,0.006042665,0.005861485,0.005762054,0.005484931,0.00529294,0.004931185,0.004660235,0.00423143,0.003900978,0.003428614,0.003061967,0.002568911,0.002178442,0.00166171,0.001212129,0.0005971004,-4.644927e-05,-0.0009547932,-0.002060565,-0.003576252,-0.005503599,-0.007947488,-0.01094006,-0.01424091,-0.01767039,-0.01951449,-0.01783821,-0.005479705,0.0003569821,NaN,NaN,NaN,NaN,NaN,NaN,NaN,NaN,NaN,NaN,NaN
NaN,NaN,NaN,NaN,NaN,NaN,NaN,NaN,NaN,NaN,NaN,NaN,-3.484189e-06,-0.0001742264,-0.0008685695,-0.001412764,-0.001798965,-0.002064442,-0.002229645,-0.002381189,-0.002454316,-0.002546823,-0.002553197,-0.002588743,-0.002527192,-0.002498221,-0.002362684,-0.002261326,-0.002046642,-0.001868044,-0.001572795,-0.001317114,-0.0009450471,-0.0006178399,-0.000177728,0.0002104324,0.0007049844,0.001138671,0.001669477,0.002129198,0.002674839,0.003138716,0.00367628,0.004121542,0.004627491,0.00503101,0.00548186,0.005821364,0.006195586,0.006451898,0.00673179,0.006890148,0.007062677,0.007113228,0.007170138,0.007107553,0.007044582,0.006867812,0.006685752,0.006400462,0.006107808,0.005727907,0.005340538,0.004887077,0.004427276,0.003927854,0.00342159,0.00290242,0.002361988,0.001819323,0.001202275,0.0005523692,-0.000294548,-0.001264895,-0.00263518,-0.004251256,-0.006512407,-0.009068322,-0.01244432,-0.01583604,-0.01978761,-0.02189874,-0.02146965,-0.00917311,9.355032e-05,NaN,NaN,NaN,NaN,NaN,NaN,NaN,NaN,NaN,NaN,NaN
NaN,NaN,NaN,NaN,NaN,NaN,NaN,NaN,NaN,NaN,NaN,2.699032e-06,-7.978431e-06,-0.0003244478,-0.001160821,-0.001735817,-0.00216959,-0.002431548,-0.002628054,-0.002765147,-0.002863422,-0.002930929,-0.002955245,-0.002953521,-0.002901383,-0.002821667,-0.002686007,-0.002519695,-0.002295078,-0.002037572,-0.001723263,-0.001375658,-0.0009766034,-0.0005459899,-7.300045e-05,0.0004276329,0.0009582401,0.001510667,0.00207768,0.002659171,0.003237585,0.003822586,0.0043858,0.004948077,0.005469171,0.005982373,0.006434635,0.006873457,0.007232479,0.007575258,0.007821143,0.00805142,0.008169763,0.008276829,0.008258826,0.008237338,0.008078946,0.007928508,0.007631245,0.007358763,0.006932674,0.006554593,0.006018487,0.00555951,0.0049389,0.00443007,0.003753516,0.003223782,0.002504267,0.001948841,0.001137575,0.0004625901,-0.0006104156,-0.001635864,-0.003283463,-0.004993196,-0.007580412,-0.01024078,-0.01395565,-0.01743671,-0.02180069,-0.02423365,-0.02479283,-0.01372891,-0.0006330392,-0.0004534011,NaN,NaN,NaN,NaN,NaN,NaN,NaN,NaN,NaN,NaN
NaN,NaN,NaN,NaN,NaN,NaN,NaN,NaN,NaN,NaN,NaN,9.529852e-07,-2.05198e-05,-0.0005408052,-0.001486003,-0.002093801,-0.002568902,-0.002822434,-0.003051235,-0.003165115,-0.003292482,-0.00332379,-0.003371514,-0.00331941,-0.003282704,-0.003137628,-0.003008262,-0.002761535,-0.002533701,-0.002181128,-0.001854505,-0.001398477,-0.000979525,-0.0004292758,6.906124e-05,0.0006980106,0.001256812,0.001943146,0.002537962,0.003255317,0.003857508,0.004576495,0.005155794,0.00584648,0.006372567,0.007005211,0.007448269,0.007994478,0.008327388,0.008762915,0.008963718,0.009270282,0.009323419,0.009489501,0.009386036,0.009406311,0.009142683,0.009017267,0.00859611,0.008333257,0.007766778,0.007385263,0.006695325,0.00622293,0.005438779,0.004909878,0.004063449,0.003508832,0.002613888,0.002026415,0.001029301,0.0003051118,-0.0009771467,-0.002086153,-0.003979871,-0.005815427,-0.008672416,-0.01147375,-0.01542989,-0.01904879,-0.02365616,-0.02650406,-0.02780813,-0.01889398,-0.002030487,-0.0002993932,NaN,NaN,NaN,NaN,NaN,NaN,NaN,NaN,NaN,NaN
NaN,NaN,NaN,NaN,NaN,NaN,NaN,NaN,NaN,NaN,NaN,4.769369e-06,-5.734953e-05,-0.0008206797,-0.001841194,-0.002484596,-0.002989956,-0.003235213,-0.003489778,-0.00357956,-0.003730234,-0.003724307,-0.003789193,-0.003685913,-0.00365727,-0.003446596,-0.003314914,-0.002988531,-0.002747602,-0.002301944,-0.00195181,-0.001390881,-0.0009396984,-0.0002752811,0.0002617573,0.001011396,0.001612771,0.002422996,0.003060942,0.003901507,0.004543731,0.005381234,0.005993834,0.006794463,0.007343764,0.00807428,0.008527541,0.00915645,0.009484081,0.0099845,0.01016267,0.0105144,0.01052665,0.01071735,0.01055502,0.01057941,0.01023985,0.01009846,0.00958586,0.009288215,0.008617465,0.008184362,0.007380725,0.006842405,0.005939391,0.005333045,0.004366764,0.003723958,0.00270953,0.002019381,0.0009003108,4.892584e-05,-0.001365898,-0.002643296,-0.004686562,-0.006740336,-0.009740273,-0.01278649,-0.0168109,-0.02069241,-0.02529197,-0.02872189,-0.03043578,-0.02419082,-0.004528153,5.596958e-05,NaN,NaN,NaN,NaN,NaN,NaN,NaN,NaN,NaN,NaN
NaN,NaN,NaN,NaN,NaN,NaN,NaN,NaN,NaN,NaN,NaN,8.455639e-06,-0.0001339796,-0.001155147,-0.002219151,-0.002908991,-0.003420106,-0.003671639,-0.003928708,-0.004010929,-0.004160402,-0.004135156,-0.004190901,-0.004055944,-0.004007466,-0.00375239,-0.003588625,-0.00320528,-0.00291975,-0.002405721,-0.001999303,-0.001360396,-0.0008428102,-9.330828e-05,0.0005177954,0.001356446,0.002036663,0.00293644,0.003654808,0.004581606,0.005302093,0.006218328,0.006903321,0.007771289,0.008383816,0.009166823,0.009671323,0.01033489,0.01069947,0.01121422,0.01141335,0.0117573,0.01177374,0.01193372,0.01175917,0.01173016,0.0113634,0.01114683,0.01059382,0.01020015,0.009478203,0.008930252,0.008068651,0.007399502,0.006436003,0.005684679,0.00465891,0.003857444,0.002786886,0.001921331,0.0007477478,-0.0003055024,-0.001778881,-0.003298128,-0.005404304,-0.007744601,-0.01078414,-0.01413933,-0.01811103,-0.02231143,-0.02674842,-0.03078247,-0.03273084,-0.02890035,-0.008389768,0.0002483392,NaN,NaN,NaN,NaN,NaN,NaN,NaN,NaN,NaN,NaN
NaN,NaN,NaN,NaN,NaN,NaN,NaN,NaN,NaN,NaN,NaN,2.054563e-06,-0.0002627034,-0.001531862,-0.002615345,-0.003361866,-0.003850841,-0.00412739,-0.004357942,-0.004454833,-0.004572254,-0.004552018,-0.004566135,-0.004425409,-0.004323081,-0.004050919,-0.003819878,-0.00340845,-0.003042219,-0.002490263,-0.001990675,-0.001305903,-0.0006845242,0.0001160876,0.0008389645,0.001730714,0.00252766,0.003479102,0.004315928,0.0052892,0.006126106,0.007079415,0.007874909,0.008766718,0.009480601,0.01027105,0.01086501,0.01151683,0.0119567,0.01243834,0.01269699,0.012985,0.01304437,0.01312501,0.0129772,0.01284616,0.0124914,0.01215136,0.01159739,0.01106025,0.01032674,0.009617574,0.008737292,0.007892082,0.006906583,0.005966569,0.004918511,0.003916445,0.002824969,0.001744783,0.0005502964,-0.000738339,-0.002236332,-0.004019894,-0.006152266,-0.008784193,-0.01182568,-0.01547347,-0.01936341,-0.02383105,-0.02808813,-0.03257483,-0.03476042,-0.03273747,-0.01342696,-6.418304e-05,NaN,NaN,NaN,NaN,NaN,NaN,NaN,NaN,NaN,NaN
NaN,NaN,NaN,NaN,NaN,NaN,NaN,NaN,NaN,NaN,NaN,-6.406828e-06,-0.0004614004,-0.001937146,-0.003032272,-0.003827723,-0.004282232,-0.004587791,-0.004776237,-0.004897169,-0.004963712,-0.004961581,-0.004912641,-0.004781908,-0.004601861,-0.004330669,-0.004006831,-0.003587938,-0.003114276,-0.002547228,-0.001926503,-0.001220863,-0.0004670422,0.0003571971,0.001220889,0.002136005,0.003079202,0.004050444,0.005035457,0.006021146,0.007004351,0.007958805,0.008894933,0.009772952,0.01061839,0.01137704,0.01209081,0.01269055,0.01323646,0.01364395,0.0139932,0.01418366,0.01431738,0.01427707,0.01418795,0.01391356,0.01360304,0.01309872,0.01257645,0.01185636,0.01114457,0.01023607,0.009370064,0.008311663,0.007336471,0.006172474,0.005133833,0.003897768,0.002815243,0.0014892,0.0003026652,-0.001246478,-0.002737963,-0.004799651,-0.006923233,-0.009845135,-0.01285234,-0.01677289,-0.02055274,-0.02524058,-0.0292952,-0.03410599,-0.03645684,-0.03598911,-0.01925736,-0.0008122756,NaN,NaN,NaN,NaN,NaN,NaN,NaN,NaN,NaN,NaN
NaN,NaN,NaN,NaN,NaN,NaN,NaN,NaN,NaN,NaN,1.314958e-05,-1.544068e-05,-0.00073919,-0.002363565,-0.003465896,-0.004294993,-0.004708837,-0.005041347,-0.005178145,-0.005326947,-0.005329858,-0.00535286,-0.00522569,-0.005114507,-0.004840178,-0.004581645,-0.004147413,-0.00373439,-0.00313518,-0.00256816,-0.001808301,-0.001098555,-0.0001945106,0.0006352313,0.001656989,0.00257592,0.003681745,0.004651999,0.005800706,0.006777133,0.007921243,0.008854487,0.009944841,0.01078627,0.01177585,0.01247983,0.01332506,0.01385009,0.01451278,0.01482419,0.01527418,0.01534651,0.01556414,0.01538361,0.01536176,0.01492645,0.01466827,0.01398472,0.01350181,0.01258628,0.01190272,0.01078517,0.009938962,0.008661062,0.007700013,0.006308675,0.005280439,0.003810537,0.002735206,0.00116872,-1.406851e-05,-0.001810168,-0.003300034,-0.005612057,-0.007730157,-0.01089426,-0.01387357,-0.01799819,-0.02169107,-0.02650192,-0.03039649,-0.03534121,-0.0378634,-0.03871288,-0.02546569,-0.002171212,-0.0008191809,NaN,NaN,NaN,NaN,NaN,NaN,NaN,NaN,NaN
NaN,NaN,NaN,NaN,NaN,NaN,NaN,NaN,NaN,NaN,1.291118e-05,-3.975852e-05,-0.001092193,-0.002804219,-0.003907632,-0.004753903,-0.005122496,-0.005477477,-0.005557233,-0.005732687,-0.00566602,-0.0057135,-0.005502594,-0.005410146,-0.005037457,-0.004790238,-0.004243447,-0.003834102,-0.003109614,-0.002539613,-0.001643819,-0.0009259866,0.0001220155,0.0009624358,0.002132639,0.003061743,0.004316965,0.00529401,0.006589614,0.007566315,0.008850954,0.009774549,0.01099522,0.01181398,0.01292026,0.0135861,0.01453182,0.01500173,0.01574699,0.01598558,0.01649903,0.01648046,0.01674158,0.01645239,0.01645432,0.01589446,0.01564202,0.01482083,0.01432743,0.0132638,0.01255513,0.01128207,0.01039839,0.008961112,0.007951981,0.006400126,0.00531382,0.003684683,0.002541398,0.000819349,-0.0004419994,-0.002386326,-0.003963926,-0.006406297,-0.008614369,-0.011871,-0.01493167,-0.01907858,-0.02282912,-0.02753834,-0.03146579,-0.03619805,-0.03910518,-0.04068497,-0.03147189,-0.004773524,-0.0004902145,NaN,NaN,NaN,NaN,NaN,NaN,NaN,NaN,NaN
NaN,NaN,NaN,NaN,NaN,NaN,NaN,NaN,NaN,NaN,1.986387e-05,-0.0001066756,-0.001501252,-0.003246424,-0.004352428,-0.005187043,-0.005522495,-0.005876725,-0.005915891,-0.006093054,-0.005977,-0.006021143,-0.005750746,-0.005645846,-0.005203142,-0.004932806,-0.004306556,-0.003863668,-0.003051981,-0.002438841,-0.001450079,-0.0006811377,0.0004627447,0.001359566,0.002624989,0.003612718,0.004959011,0.005994078,0.007373319,0.008404504,0.009761729,0.01073302,0.01201159,0.01286834,0.01401473,0.01470657,0.01567224,0.01615488,0.01689866,0.01713633,0.01762602,0.01759276,0.01780731,0.01749035,0.01742347,0.01682469,0.0164826,0.01561411,0.01501234,0.0138965,0.01306287,0.01173581,0.01071175,0.009221669,0.008057971,0.006458158,0.005203714,0.003534327,0.002208085,0.0004567565,-0.001002706,-0.002957357,-0.004744603,-0.007162207,-0.009583915,-0.01275633,-0.01602839,-0.0199994,-0.02395813,-0.02834551,-0.03248762,-0.03671011,-0.04016332,-0.0418579,-0.03632003,-0.009151711,-7.256402e-05,NaN,NaN,NaN,NaN,NaN,NaN,NaN,NaN,NaN
NaN,NaN,NaN,NaN,NaN,NaN,NaN,NaN,NaN,NaN,1.535084e-05,-0.0002302441,-0.001949093,-0.003669746,-0.004800064,-0.00557071,-0.005912363,-0.006215026,-0.006259441,-0.006384747,-0.006268869,-0.006253288,-0.005976201,-0.005800216,-0.005343587,-0.004989798,-0.004343542,-0.003805535,-0.002969514,-0.002250659,-0.001235049,-0.0003515873,0.0008188065,0.001835927,0.003124063,0.004234804,0.005596947,0.006754842,0.008139915,0.009290594,0.01064051,0.011725,0.01298022,0.01394094,0.01504518,0.01582933,0.01673226,0.01729429,0.01795402,0.0182578,0.01864213,0.0186619,0.01875009,0.01847347,0.01825989,0.0176902,0.01718325,0.01633564,0.01555376,0.01445365,0.0134269,0.012113,0.01088456,0.00940774,0.008030017,0.006446245,0.004968911,0.003320453,0.001762155,3.969242e-05,-0.001659062,-0.003567885,-0.005593447,-0.007930645,-0.01057681,-0.0136117,-0.01708455,-0.02083858,-0.02497387,-0.02903114,-0.03332281,-0.03705793,-0.04083699,-0.04249299,-0.03937992,-0.01495603,-0.0002527798,NaN,NaN,NaN,NaN,NaN,NaN,NaN,NaN,NaN
NaN,NaN,NaN,NaN,NaN,NaN,NaN,NaN,NaN,NaN,6.973833e-06,-0.0004326888,-0.002410932,-0.004072185,-0.005228349,-0.005902096,-0.006273841,-0.006489664,-0.006571734,-0.006605391,-0.006526668,-0.006407832,-0.006164588,-0.00587172,-0.005445208,-0.004960915,-0.004341767,-0.003660777,-0.002850346,-0.001977857,-0.0009881452,5.740886e-05,0.0011993,0.002383891,0.003637802,0.004917817,0.006237079,0.007562978,0.00889404,0.0102084,0.0114906,0.01273134,0.01390283,0.01500965,0.01601216,0.01692975,0.01771151,0.01839286,0.01891198,0.0193209,0.0195461,0.01965706,0.01956839,0.01936929,0.0189624,0.01845796,0.01774397,0.01695206,0.01595264,0.01490137,0.01364947,0.01238005,0.01092142,0.009486799,0.007875436,0.006332883,0.004619482,0.00301284,0.001217621,-0.0004593635,-0.002391859,-0.00424328,-0.006487655,-0.008737287,-0.01156729,-0.01446289,-0.01806986,-0.02162244,-0.02584174,-0.0296246,-0.03393763,-0.03728699,-0.04111577,-0.04267165,-0.04112089,-0.02131676,-0.001074119,NaN,NaN,NaN,NaN,NaN,NaN,NaN,NaN,NaN
NaN,NaN,NaN,NaN,NaN,NaN,NaN,NaN,NaN,2.754602e-05,3.925013e-06,-0.0007268034,-0.002871602,-0.004448868,-0.00561501,-0.006178742,-0.006587281,-0.006700169,-0.006833868,-0.006755413,-0.006731492,-0.006486358,-0.006297268,-0.005863268,-0.005489347,-0.004850289,-0.004282738,-0.003435418,-0.002676781,-0.001628716,-0.0006924048,0.0005353966,0.001620285,0.002990335,0.004180831,0.005645751,0.006892726,0.008399854,0.009647647,0.01113636,0.01232216,0.01372758,0.01478811,0.01604755,0.01692295,0.01797846,0.01861581,0.01941929,0.01977748,0.02029299,0.02034188,0.02054409,0.0202651,0.02014287,0.01953377,0.01909323,0.01816745,0.01742853,0.01621133,0.01520547,0.01373356,0.01250438,0.01082583,0.009427532,0.007598104,0.00608908,0.004161096,0.00258623,0.0005820266,-0.001062314,-0.003192355,-0.005001632,-0.007417084,-0.009596215,-0.01254608,-0.01532201,-0.0189791,-0.02235951,-0.02655968,-0.03012473,-0.03433566,-0.03739491,-0.04104773,-0.04247422,-0.04204715,-0.0274309,-0.00246208,-0.001205312,NaN,NaN,NaN,NaN,NaN,NaN,NaN,NaN
NaN,NaN,NaN,NaN,NaN,NaN,NaN,NaN,NaN,2.430174e-05,-8.908854e-06,-0.001106394,-0.003317022,-0.004787181,-0.005943949,-0.00639301,-0.006837017,-0.006843146,-0.007028583,-0.006834561,-0.006864052,-0.006491418,-0.006353003,-0.00578022,-0.005453141,-0.004666236,-0.004142394,-0.003140936,-0.002423942,-0.001217975,-0.0003224648,0.001064167,0.002107131,0.003633453,0.004778374,0.006393331,0.007588653,0.009236441,0.01042468,0.01204203,0.01315869,0.01467813,0.01565843,0.01701533,0.0177987,0.01893361,0.01946638,0.02032978,0.02057093,0.02112736,0.02104896,0.02127484,0.02086036,0.02074524,0.01999384,0.01954519,0.01847338,0.01771405,0.01635095,0.01531519,0.01370097,0.01243466,0.01062033,0.009178965,0.007222505,0.00566496,0.003620723,0.00199202,-0.0001148276,-0.001816571,-0.004027631,-0.005889171,-0.008345257,-0.01055359,-0.01347517,-0.01623886,-0.01977447,-0.02310348,-0.02708497,-0.03058546,-0.03446559,-0.03744864,-0.04059806,-0.04210521,-0.04208808,-0.03250523,-0.005026753,-0.0009246152,NaN,NaN,NaN,NaN,NaN,NaN,NaN,NaN
NaN,NaN,NaN,NaN,NaN,NaN,NaN,NaN,NaN,3.722974e-05,-7.53905e-05,-0.001542715,-0.003724264,-0.005080295,-0.006190949,-0.00654775,-0.006996297,-0.006927045,-0.007126329,-0.006855054,-0.006892235,-0.006437848,-0.006297556,-0.005639817,-0.005301237,-0.004428513,-0.003884802,-0.00279933,-0.002055798,-0.0007700133,0.0001571562,0.001617053,0.002694466,0.004284184,0.005463371,0.007128945,0.008356225,0.01003953,0.01125501,0.01289004,0.01402713,0.01554523,0.01653878,0.01787467,0.01866279,0.0197553,0.02028321,0.02108287,0.02131074,0.02178355,0.02168481,0.02180842,0.02136849,0.02113481,0.02035557,0.01977405,0.01867416,0.01776977,0.01638193,0.0151924,0.01356099,0.01213469,0.01031366,0.008707144,0.006756712,0.005028903,0.003005528,0.001201288,-0.0008659792,-0.002746501,-0.004890225,-0.00692587,-0.009267187,-0.01162687,-0.01435462,-0.01722749,-0.02046325,-0.02386361,-0.02743546,-0.03100534,-0.03435478,-0.03742833,-0.03983505,-0.04158382,-0.04131274,-0.03552111,-0.009181869,-0.0005052548,NaN,NaN,NaN,NaN,NaN,NaN,NaN,NaN
NaN,NaN,NaN,NaN,NaN,NaN,NaN,NaN,NaN,4.030014e-05,-0.0002167017,-0.002010121,-0.004052393,-0.005334942,-0.006320033,-0.006656688,-0.007031165,-0.006966003,-0.007094561,-0.006829248,-0.00678546,-0.006335983,-0.006102979,-0.005450334,-0.005008758,-0.004143542,-0.003488727,-0.002415299,-0.001554853,-0.0002878071,0.0007596188,0.002192035,0.003390547,0.004941832,0.006239909,0.007853465,0.009194405,0.01081026,0.01213211,0.01368305,0.01491724,0.0163335,0.0174136,0.01863015,0.01949412,0.02045006,0.02104215,0.02168781,0.02196818,0.02227149,0.02221589,0.02215753,0.02175343,0.02132753,0.02057876,0.01979749,0.01872543,0.01761683,0.01625719,0.01486223,0.01326288,0.0116332,0.009851036,0.008045004,0.006141846,0.00421899,0.002252733,0.0002587494,-0.001738655,-0.003800413,-0.005853639,-0.008051785,-0.01026382,-0.0127463,-0.01527739,-0.01820906,-0.02115747,-0.02454878,-0.02774616,-0.03126759,-0.03416735,-0.03717102,-0.03899618,-0.04069723,-0.04010855,-0.03612769,-0.0140733,-0.0007570642,NaN,NaN,NaN,NaN,NaN,NaN,NaN,NaN
NaN,NaN,NaN,NaN,NaN,NaN,NaN,NaN,NaN,3.8831e-05,-0.0004623934,-0.002465981,-0.00429394,-0.005524605,-0.00633197,-0.006698589,-0.006944191,-0.006938114,-0.006936966,-0.006733423,-0.006548715,-0.006160408,-0.005776367,-0.005185195,-0.004585167,-0.003783459,-0.002966095,-0.001960404,-0.0009364427,0.0002571409,0.001466658,0.002818378,0.004174301,0.005635187,0.007082734,0.008594778,0.01007515,0.01157718,0.01302564,0.01444868,0.01579473,0.01706936,0.01824671,0.01930892,0.02025496,0.02104384,0.02170235,0.02216945,0.0225017,0.02261708,0.02260035,0.02234724,0.02197157,0.02134772,0.02061984,0.01964034,0.01858375,0.0172794,0.01593284,0.01434855,0.01276332,0.010954,0.009189389,0.007215719,0.005335171,0.003258213,0.00132037,-0.0008128663,-0.002774129,-0.004955688,-0.006958004,-0.009244449,-0.01137483,-0.01389126,-0.01628458,-0.01916762,-0.02190179,-0.02515002,-0.02806511,-0.03136899,-0.03394742,-0.03667461,-0.03812197,-0.03947359,-0.03862464,-0.03523067,-0.0183508,-0.0016838,NaN,NaN,NaN,NaN,NaN,NaN,NaN,NaN
NaN,NaN,NaN,NaN,NaN,NaN,NaN,NaN,4.43261e-05,1.202046e-05,-0.0008052668,-0.002881774,-0.004441502,-0.005623991,-0.006232923,-0.00664803,-0.006745258,-0.006813988,-0.006665607,-0.006535146,-0.006196444,-0.005876376,-0.00533425,-0.004808027,-0.004049591,-0.003311625,-0.002338896,-0.00139771,-0.0002245166,0.0009018563,0.002251678,0.003531695,0.005016313,0.006399054,0.007961016,0.009386847,0.01096539,0.01237196,0.01390054,0.01521761,0.01662431,0.01778249,0.01900158,0.01993829,0.02090799,0.02156296,0.02222717,0.02255292,0.02287449,0.02284353,0.02280211,0.02240023,0.0219884,0.02121671,0.02044483,0.01932209,0.0182165,0.01677611,0.01537802,0.01366827,0.01203252,0.01011212,0.008300673,0.006232718,0.004310272,0.002157495,0.0001834073,-0.002005154,-0.003995216,-0.006206404,-0.008223725,-0.01050163,-0.01261858,-0.01506511,-0.01739303,-0.02011525,-0.02271256,-0.02569308,-0.02840787,-0.03135145,-0.03370271,-0.0359946,-0.03719998,-0.03800811,-0.03694486,-0.03362057,-0.02108451,-0.003093462,-0.001028549,NaN,NaN,NaN,NaN,NaN,NaN,NaN
NaN,NaN,NaN,NaN,NaN,NaN,NaN,NaN,6.229677e-05,-7.138446e-05,-0.00123211,-0.00320695,-0.004505285,-0.005600344,-0.006039578,-0.006474289,-0.006449806,-0.0065617,-0.006294469,-0.006202001,-0.005741798,-0.00545212,-0.004789987,-0.004288646,-0.003415614,-0.002699268,-0.001620904,-0.0007007865,0.0005660206,0.001670004,0.003099467,0.004353771,0.005901202,0.00725213,0.008858136,0.01024532,0.01184877,0.0132086,0.01474082,0.01600092,0.01738958,0.01848175,0.01966324,0.02052613,0.0214392,0.02201283,0.02260292,0.02284217,0.0230749,0.02295423,0.02281095,0.0223182,0.02179499,0.02093552,0.02004696,0.01884292,0.01761801,0.01610542,0.01458835,0.01281905,0.01106788,0.009103803,0.007183022,0.005090102,0.003066171,0.000909098,-0.001158099,-0.003328305,-0.005401257,-0.007565814,-0.009649454,-0.01184015,-0.01399299,-0.01628953,-0.01860077,-0.02108164,-0.02359023,-0.02621984,-0.02877849,-0.03127176,-0.03343628,-0.03520092,-0.03622023,-0.03639726,-0.03516066,-0.03161627,-0.02186059,-0.00473369,-0.0007511639,NaN,NaN,NaN,NaN,NaN,NaN,NaN
NaN,NaN,NaN,NaN,NaN,NaN,NaN,6.663895e-05,6.848201e-05,-0.0002506341,-0.001671288,-0.003418364,-0.004473123,-0.005449336,-0.005745272,-0.006173676,-0.006047918,-0.006176896,-0.005810223,-0.005730729,-0.00516975,-0.004886855,-0.004127192,-0.003628851,-0.002666118,-0.001951979,-0.0007950887,0.0001214372,0.001453226,0.00254983,0.004028078,0.005268567,0.006846623,0.008175605,0.009793114,0.01114914,0.01274432,0.01406253,0.01556574,0.01677259,0.01811169,0.01913996,0.02025356,0.02104355,0.02187175,0.02236424,0.0228545,0.0230073,0.02312891,0.02291898,0.02265485,0.0220714,0.02142075,0.02047401,0.01945684,0.01817297,0.01682053,0.01523741,0.01359655,0.01177003,0.009902698,0.007897978,0.005870518,0.003755831,0.001636592,-0.0005208274,-0.002671005,-0.004818164,-0.006959897,-0.009072127,-0.01120358,-0.01330096,-0.01546826,-0.01761043,-0.01988151,-0.02211857,-0.02451201,-0.02679023,-0.0291626,-0.03120442,-0.03314536,-0.03437738,-0.03518081,-0.03473069,-0.03332613,-0.02938293,-0.02132896,-0.005512507,-0.0004407025,-0.0002957539,NaN,NaN,NaN,NaN,NaN,NaN
NaN,NaN,NaN,NaN,NaN,NaN,NaN,7.638847e-05,1.971531e-05,-0.0005706513,-0.002028829,-0.003516819,-0.004324832,-0.00517669,-0.005341927,-0.005743595,-0.005532474,-0.005651603,-0.00520669,-0.005111749,-0.004475579,-0.004171001,-0.003342371,-0.002820026,-0.001799379,-0.001063404,0.0001382945,0.001073558,0.002436219,0.003544628,0.005035138,0.006276411,0.007848253,0.009168661,0.01076256,0.01209765,0.01364778,0.01493025,0.01636937,0.01752953,0.01878768,0.01975629,0.02076962,0.02148757,0.02220167,0.02261619,0.02298214,0.02305058,0.02303678,0.02273825,0.02233331,0.021663,0.02086942,0.01983866,0.01867807,0.0173175,0.01582698,0.01417934,0.01240765,0.01053003,0.008540967,0.006502732,0.004366266,0.002238608,2.373773e-05,-0.002124374,-0.0043554,-0.00646749,-0.008673182,-0.01071953,-0.01289252,-0.01488119,-0.01705494,-0.01902607,-0.02125033,-0.0232282,-0.02550295,-0.02741355,-0.02959764,-0.03116593,-0.03288193,-0.03355023,-0.03415011,-0.03304129,-0.03154967,-0.02698796,-0.02035373,-0.004800583,0.0007494688,-0.0006155997,NaN,NaN,NaN,NaN,NaN,NaN
NaN,NaN,NaN,NaN,NaN,0.0001087459,0.0001408396,7.698479e-05,-0.0001023822,-0.001016574,-0.002280258,-0.003458686,-0.004095348,-0.00473571,-0.004875319,-0.005129303,-0.004948586,-0.004928789,-0.004527938,-0.004289455,-0.003701945,-0.003252428,-0.00247802,-0.001815293,-0.0008570654,9.969084e-06,0.001139649,0.002194237,0.003474387,0.004687144,0.006081699,0.007408903,0.008870568,0.01025886,0.01172948,0.01311358,0.01452541,0.01583624,0.01712278,0.01829333,0.01938739,0.02034924,0.02118629,0.02188064,0.02240957,0.02278925,0.0229661,0.02299085,0.02278438,0.02243462,0.02183727,0.02111381,0.02013269,0.01904947,0.01770773,0.01629839,0.01463799,0.01295059,0.01102376,0.009116969,0.006988655,0.004934391,0.002678174,0.0005508823,-0.00176243,-0.003892705,-0.006199196,-0.008273187,-0.01052779,-0.01251165,-0.01470089,-0.01659307,-0.01873613,-0.02055945,-0.022687,-0.02444681,-0.02654025,-0.02814718,-0.03005731,-0.03124105,-0.032612,-0.03284697,-0.03307553,-0.03152117,-0.02969919,-0.02484563,-0.01882276,-0.004349028,0.003569682,0.0003066847,0.0008778828,0.0003440638,NaN,NaN,NaN,NaN
0.0001978559,0.000317642,0.0001419356,0.0002460034,0.000128716,0.0001771824,0.0001003526,8.19724e-05,-0.0005614719,-0.001300934,-0.002522529,-0.00313194,-0.003862366,-0.004056078,-0.004395039,-0.004282907,-0.004324712,-0.00397794,-0.00378716,-0.003248089,-0.002851386,-0.0021286,-0.001528997,-0.0006234304,0.0001720311,0.001249625,0.002225153,0.003456793,0.004588304,0.005943612,0.007191958,0.008626256,0.009941812,0.01140231,0.01272645,0.01414923,0.01541337,0.01672979,0.01786689,0.01901212,0.01995677,0.02086526,0.02155384,0.02216852,0.0225517,0.02282975,0.02286798,0.02277354,0.02243793,0.02195353,0.02123898,0.02036951,0.0192876,0.01805075,0.01662756,0.01505949,0.01334075,0.01149346,0.009535774,0.007470021,0.005340678,0.003129342,0.0009053322,-0.001375444,-0.003619623,-0.005899563,-0.00809654,-0.01031603,-0.01241493,-0.01453831,-0.0165161,-0.01853654,-0.02039529,-0.02232499,-0.02407135,-0.02590551,-0.02749545,-0.02914281,-0.03040605,-0.03161725,-0.03219098,-0.03250321,-0.03178368,-0.03047631,-0.02753609,-0.02343459,-0.01642438,-0.005589969,0.007454457,0.004657201,0.0003525604,0.001149701,0.0004793276,0.0007559996,0.0003374509,0.0004713805
0.0002232804,0.0003212484,0.0001591422,0.000255667,0.0001729724,0.0002015098,-2.189736e-05,-0.0003005362,-0.001043515,-0.001519055,-0.002482164,-0.002770616,-0.003369551,-0.003371377,-0.003659259,-0.003423207,-0.003439346,-0.003000321,-0.002785087,-0.002171544,-0.001747286,-0.0009668124,-0.0003402575,0.0006042673,0.00142252,0.002519239,0.003510247,0.0047396,0.005876187,0.007206886,0.008448103,0.009835152,0.01112964,0.01251995,0.01380859,0.01513977,0.01635495,0.01755977,0.01863447,0.01964912,0.02051944,0.0212817,0.02188695,0.02234244,0.02263492,0.02274348,0.02268741,0.02241831,0.02198913,0.02132809,0.02052267,0.01947711,0.01831063,0.01690273,0.01540522,0.01367418,0.01189399,0.00989482,0.00789212,0.00568889,0.003533472,0.00120055,-0.001028889,-0.003413399,-0.00563971,-0.008003534,-0.01015719,-0.0124389,-0.0144654,-0.01662491,-0.01849411,-0.02051662,-0.0222187,-0.02410327,-0.02562772,-0.02735435,-0.02864081,-0.03010939,-0.03097987,-0.03194803,-0.0320501,-0.03209003,-0.03085292,-0.02932161,-0.02588391,-0.02183409,-0.01471432,-0.005939934,0.007975513,0.01143648,0.003895283,0.001196694,0.0005516018,0.0008111924,0.0004117638,0.0004814652
0.0003843755,0.0001874986,0.0002265611,9.173869e-05,3.700998e-05,-0.0001378787,-0.0003598681,-0.0008182925,-0.001220569,-0.001628811,-0.00210138,-0.002354922,-0.002607527,-0.002648552,-0.002680206,-0.002509777,-0.002321622,-0.00195106,-0.001563532,-0.001012307,-0.0004413371,0.0002818268,0.001029049,0.001917533,0.002829569,0.003868607,0.004925699,0.006092623,0.007266469,0.008527646,0.009777261,0.01108647,0.0123607,0.01366381,0.01490427,0.01613933,0.01728054,0.01838148,0.01935815,0.02026199,0.02101248,0.02165942,0.02212659,0.02246499,0.02260398,0.02259615,0.02237486,0.02199429,0.0213928,0.02062886,0.01964693,0.01850955,0.0171654,0.01568052,0.0140079,0.01221813,0.01026797,0.008231253,0.006066469,0.003850214,0.001542686,-0.000776496,-0.003147152,-0.005488832,-0.007844105,-0.01013295,-0.01240218,-0.01457337,-0.01670025,-0.01870755,-0.02065717,-0.02247543,-0.0242301,-0.02584328,-0.02738167,-0.02875121,-0.03000469,-0.03101569,-0.03181045,-0.03221665,-0.03222625,-0.03161231,-0.03032868,-0.02808901,-0.02479549,-0.0200915,-0.01379355,-0.005320362,0.005577358,0.01448526,0.01120804,0.004087868,0.002680791,0.001115922,0.0007945736,0.0003643678
0.0007554084,0.0005007528,0.0003580671,0.0001747408,-0.0001474492,-0.0004126831,-0.0005655583,-0.0008681029,-0.001144682,-0.001325849,-0.001555201,-0.001647891,-0.001740138,-0.001685509,-0.001607208,-0.001374541,-0.001107206,-0.0006920914,-0.000243968,0.0003418484,0.0009590528,0.001707029,0.002485148,0.003386332,0.004312557,0.00535034,0.006403626,0.007553207,0.00870377,0.009930056,0.01113665,0.01239311,0.0136047,0.01483692,0.01599562,0.01714269,0.01818512,0.01918286,0.02004555,0.0208324,0.02145584,0.02197482,0.02230544,0.02250812,0.02250392,0.02235516,0.02198738,0.02146483,0.02071819,0.01981512,0.01869241,0.01742118,0.01594352,0.01433346,0.01253824,0.01063506,0.008575838,0.006439863,0.004182259,0.001883648,-0.0004979889,-0.002880937,-0.005305614,-0.007691061,-0.01007837,-0.01238895,-0.01466607,-0.01683472,-0.01894217,-0.02091824,-0.02281489,-0.0245655,-0.02622414,-0.02772234,-0.02910928,-0.0303042,-0.03133984,-0.03210965,-0.03261865,-0.03272359,-0.03239584,-0.03144839,-0.02981946,-0.02727908,-0.02373578,-0.01893579,-0.0128022,-0.005149694,0.00397477,0.01265055,0.01441395,0.0100302,0.006664618,0.003303792,0.001803926,0.001054832
0.001960829,0.001448519,0.00107716,0.0007478581,0.0003280658,-2.347871e-05,-0.0002643371,-0.0004695886,-0.0006099525,-0.0006604543,-0.0007137884,-0.0006958643,-0.0006590862,-0.0005277839,-0.0003526197,-6.726792e-05,0.0002731438,0.0007238808,0.001228478,0.001837531,0.002497431,0.003256277,0.004062367,0.004960211,0.005898226,0.006916902,0.007964499,0.009077637,0.01020373,0.01137519,0.01253819,0.01372144,0.01487066,0.01601172,0.01709005,0.01812921,0.01907506,0.01995024,0.02070238,0.0213542,0.02185549,0.02222968,0.02242967,0.02248108,0.02234097,0.02203758,0.02153192,0.02085499,0.01997242,0.01891905,0.01766576,0.01625128,0.01465118,0.01290775,0.01100118,0.008977379,0.006820557,0.004579152,0.002240071,-0.0001464827,-0.002591393,-0.005043101,-0.007511449,-0.009945136,-0.01235495,-0.01469143,-0.01696781,-0.01913765,-0.02121808,-0.02316646,-0.02500414,-0.02669093,-0.02824991,-0.02963838,-0.03087449,-0.03190349,-0.03272853,-0.03327121,-0.03351044,-0.03333511,-0.0326956,-0.03144405,-0.02950582,-0.02670388,-0.0229571,-0.01809254,-0.01212683,-0.005074834,0.002633284,0.01012859,0.01405927,0.01281898,0.01006278,0.006548994,0.004107721,0.002730212
0.003757515,0.002950316,0.002319901,0.001811603,0.001286511,0.0008659438,0.0005941228,0.0004401101,0.0003635598,0.0003957647,0.0004344352,0.0005344439,0.0006536231,0.0008512789,0.001093645,0.001428288,0.001819869,0.002304413,0.002846592,0.003476311,0.004161188,0.004927255,0.005744421,0.006634424,0.007568037,0.008562446,0.009588822,0.01065996,0.01174686,0.01285788,0.01396352,0.01506815,0.01614232,0.01718722,0.01817376,0.01910069,0.01994001,0.02068914,0.02132223,0.02183646,0.02220869,0.02243668,0.0225009,0.02240075,0.02212117,0.02166381,0.02101822,0.02018855,0.01916942,0.01796811,0.01658477,0.01502994,0.01330904,0.01143567,0.009420384,0.007279556,0.005028328,0.002684912,0.000267941,-0.002203485,-0.004707839,-0.007225814,-0.009733906,-0.01221408,-0.01464248,-0.01700405,-0.01927589,-0.02144721,-0.02349695,-0.02541935,-0.02719488,-0.02882179,-0.0302793,-0.03156547,-0.03265163,-0.03352784,-0.03414782,-0.03448469,-0.03446571,-0.03404155,-0.0331092,-0.03159694,-0.02937575,-0.02636786,-0.02244161,-0.01757477,-0.01173916,-0.005199356,0.00166304,0.007842231,0.01206813,0.01319652,0.01190091,0.009270633,0.006719005,0.004953728
0.005779934,0.004761502,0.003962571,0.00329129,0.002705433,0.0022351,0.001925437,0.001770722,0.001743176,0.001793182,0.001892888,0.002029882,0.002211604,0.002446192,0.002742162,0.003105012,0.003537103,0.004038985,0.00460871,0.005244975,0.005944412,0.006705142,0.007522537,0.008393552,0.00931155,0.01027182,0.01126555,0.01228622,0.01332261,0.01436618,0.01540334,0.01642383,0.01741225,0.01835721,0.019242,0.02005471,0.02077815,0.02140093,0.02190648,0.02228478,0.02252053,0.02260581,0.02252756,0.022281,0.02185617,0.02125188,0.02046143,0.01948752,0.01832721,0.01698765,0.01547,0.01378583,0.01194016,0.00994881,0.007820609,0.005575433,0.003225296,0.0007931715,-0.001706846,-0.004249567,-0.006819515,-0.009389965,-0.01194504,-0.01445775,-0.01691335,-0.01928602,-0.02156352,-0.0237223,-0.02575347,-0.02763601,-0.02936412,-0.03091794,-0.03229238,-0.03346464,-0.03442474,-0.03513957,-0.03558629,-0.0357133,-0.03547849,-0.03480693,-0.03363627,-0.03187002,-0.02943416,-0.02622944,-0.0222047,-0.01731878,-0.01167161,-0.005484148,0.0006848201,0.006176158,0.01009312,0.01196284,0.01207012,0.01069353,0.0088027,0.007098787
0.007532065,0.006550825,0.005706993,0.004990042,0.004368113,0.003888678,0.003581959,0.00343535,0.003406301,0.003477424,0.003595449,0.003766114,0.003976199,0.004244249,0.004565131,0.004953209,0.005401228,0.005917545,0.00649296,0.007132402,0.007826469,0.008577994,0.009377417,0.01022527,0.01111115,0.01203301,0.01297929,0.0139453,0.01491812,0.01589042,0.01684793,0.01778097,0.01867435,0.01951665,0.0202923,0.02098884,0.02159107,0.02208644,0.02246102,0.02270307,0.02280073,0.02274386,0.02252349,0.02213193,0.02156385,0.02081458,0.01988276,0.0187671,0.01747054,0.0159955,0.0143495,0.01253869,0.01057507,0.008468392,0.006234939,0.003887712,0.001446754,-0.001072511,-0.003647258,-0.0062606,-0.008887733,-0.01151112,-0.01410485,-0.01665189,-0.01912649,-0.0215136,-0.02378885,-0.02594021,-0.02794531,-0.02979534,-0.03146934,-0.03296051,-0.03424685,-0.03532006,-0.0361519,-0.03672648,-0.03700211,-0.03694888,-0.03650595,-0.03562693,-0.03423207,-0.03226298,-0.02963153,-0.02629022,-0.02217902,-0.01733328,-0.01183274,-0.005983363,-0.0002160549,0.004718165,0.008363955,0.01057409,0.01134665,0.01097388,0.009905647,0.008681801
0.008799706,0.008033329,0.007324796,0.006677086,0.006121715,0.005683546,0.005395072,0.005257509,0.005251905,0.005328186,0.005472488,0.0056606,0.005899511,0.006185071,0.006528094,0.00692598,0.007385475,0.007901594,0.008477136,0.009105848,0.009788236,0.01051753,0.01129237,0.01210516,0.01295235,0.01382517,0.01471776,0.01561997,0.01652363,0.01741713,0.01829011,0.0191298,0.01992415,0.02065971,0.02132327,0.02190132,0.02238034,0.02274762,0.02299027,0.02309721,0.02305689,0.02286059,0.02249898,0.02196655,0.02125693,0.0203683,0.01929753,0.01804682,0.01661671,0.01501373,0.01324228,0.01131322,0.009234585,0.007021425,0.004685306,0.002245168,-0.0002844611,-0.002881563,-0.005529632,-0.008204467,-0.01088842,-0.01355591,-0.01618906,-0.01876195,-0.02125774,-0.02365134,-0.02592813,-0.02806478,-0.03004952,-0.03186073,-0.0334889,-0.03491271,-0.03612281,-0.03709486,-0.0378154,-0.03825151,-0.03837989,-0.03815339,-0.03753503,-0.03646158,-0.03488474,-0.03273125,-0.02995494,-0.02649658,-0.02235302,-0.01754274,-0.01221839,-0.006621785,-0.001232738,0.003477781,0.006979273,0.009173366,0.01034269,0.01059406,0.01023898,0.009562656
0.009556046,0.009112552,0.008633182,0.008168356,0.007742477,0.007409082,0.007198693,0.007114617,0.007133604,0.007245319,0.007412383,0.00763298,0.007894063,0.008204837,0.008561401,0.008972458,0.009433698,0.009949967,0.01051527,0.01113149,0.01179171,0.01249571,0.01323587,0.01400992,0.01480917,0.01562917,0.01645997,0.01729488,0.01812264,0.01893441,0.01971773,0.02046195,0.02115377,0.02178127,0.02233088,0.02279009,0.02314576,0.02338563,0.02349783,0.02347116,0.02329582,0.02296246,0.0224641,0.02179397,0.02094855,0.01992421,0.01872129,0.01733967,0.01578379,0.01405724,0.01216876,0.01012566,0.007940877,0.005625271,0.003195727,0.0006662889,-0.001942722,-0.004614799,-0.007327041,-0.01006142,-0.01279332,-0.0155041,-0.01816828,-0.02076756,-0.02327668,-0.02567884,-0.02795005,-0.03007591,-0.03203411,-0.03381266,-0.03539021,-0.03675592,-0.03788723,-0.03877168,-0.03938165,-0.03969864,-0.03968498,-0.03931197,-0.03852865,-0.03729606,-0.03555324,-0.03325881,-0.03035638,-0.02682812,-0.02266103,-0.01792688,-0.01274486,-0.007398969,-0.002235736,0.002218609,0.005677351,0.008053114,0.009400498,0.01002159,0.01012189,0.009927151
0.009983918,0.00983911,0.009632801,0.009390055,0.009160633,0.008976841,0.008874153,0.008867673,0.008957273,0.009112637,0.009328637,0.009584463,0.009883402,0.01021912,0.0105994,0.01102123,0.01149041,0.01200274,0.01256089,0.0131593,0.01379816,0.01447096,0.01517585,0.01590526,0.01665525,0.01741703,0.01818452,0.01894764,0.01969825,0.02042498,0.02111789,0.02176463,0.02235388,0.02287282,0.0233093,0.02365061,0.02388455,0.02399934,0.02398357,0.02382713,0.02352011,0.02305481,0.02242364,0.02162204,0.02064538,0.0194927,0.01816269,0.0166583,0.01498185,0.01314048,0.01114022,0.008992369,0.00670654,0.004297968,0.001779637,-0.0008295866,-0.003513887,-0.006251492,-0.009024622,-0.01180945,-0.01458712,-0.01733258,-0.0200268,-0.02264447,-0.02516736,-0.02757087,-0.02983861,-0.03194742,-0.0338832,-0.03562414,-0.0371578,-0.03846233,-0.03952515,-0.04032176,-0.0408363,-0.04103779,-0.04090339,-0.04039218,-0.03947261,-0.03809422,-0.03622136,-0.0338029,-0.03081511,-0.02723176,-0.02308027,-0.01841371,-0.0133939,-0.008239933,-0.00332133,0.001047251,0.004499129,0.006930037,0.008528922,0.009428873,0.009869891,0.0100103
0.01022076,0.01034088,0.01037379,0.01036115,0.01032689,0.01031625,0.01035795,0.01046578,0.01063405,0.01086547,0.01113689,0.01144847,0.01178891,0.01216406,0.01257006,0.01301351,0.01349127,0.01400749,0.01455778,0.0151436,0.01575931,0.01640415,0.01707138,0.0177581,0.01845636,0.01916118,0.01986327,0.02055562,0.02122768,0.02187056,0.02247266,0.02302357,0.023511,0.02392356,0.02424884,0.02447514,0.0245906,0.02458397,0.02444469,0.02416273,0.02372961,0.0231373,0.02238006,0.0214525,0.02035224,0.01907706,0.01762834,0.01600732,0.0142194,0.01226944,0.0101669,0.007920306,0.005543123,0.003047307,0.0004500128,-0.002233767,-0.004983685,-0.00778236,-0.01060701,-0.01343875,-0.01625324,-0.01903099,-0.02174696,-0.02438193,-0.02691106,-0.02931635,-0.03157403,-0.03366806,-0.03557603,-0.03728386,-0.03876986,-0.04002072,-0.04101365,-0.04173395,-0.04215495,-0.0422577,-0.04200858,-0.04138217,-0.04033672,-0.03884212,-0.03685357,-0.03434598,-0.03128761,-0.0276839,-0.02355152,-0.01897928,-0.01409265,-0.009133445,-0.004362623,-0.0001505709,0.003316324,0.005944637,0.007721328,0.008873208,0.009569587,0.009989074
0.01038327,0.01071308,0.01096068,0.01114586,0.01130629,0.01146378,0.01164602,0.01186992,0.01214442,0.01245371,0.0128004,0.01317025,0.01356653,0.01398337,0.01442677,0.014894,0.01539012,0.01591201,0.01646233,0.01703672,0.01763542,0.01825287,0.01888718,0.01953148,0.02018179,0.02082992,0.02146985,0.02209208,0.02268871,0.02324903,0.02376354,0.02422072,0.0246099,0.0249192,0.0251374,0.02525283,0.02525441,0.02513149,0.02487389,0.02447265,0.02391923,0.02320706,0.02232995,0.02128439,0.02006715,0.01867825,0.01711774,0.01538944,0.01349696,0.01144813,0.00925019,0.006914916,0.004453035,0.001880062,-0.0007900612,-0.003538434,-0.006348425,-0.00919841,-0.01206985,-0.01493919,-0.01778684,-0.02058817,-0.02332339,-0.02596767,-0.02850194,-0.03090193,-0.0331501,-0.03522337,-0.03710608,-0.03877629,-0.04021971,-0.04141434,-0.04234578,-0.04298998,-0.04333022,-0.043338,-0.04299225,-0.04225838,-0.04111105,-0.03951165,-0.03743643,-0.03485275,-0.03175477,-0.0281398,-0.02405347,-0.01956421,-0.0148243,-0.01001724,-0.005423435,-0.001255737,0.002222275,0.004915255,0.006925193,0.008318589,0.009273178,0.009920369
0.01048817,0.01101516,0.01144046,0.01180441,0.01212607,0.01243848,0.01276159,0.01310788,0.01347726,0.01387811,0.01429636,0.01473509,0.01518581,0.01565333,0.01613412,0.01663355,0.01714911,0.01768453,0.0182365,0.01880648,0.01938993,0.01998615,0.0205893,0.02119658,0.02180082,0.02239717,0.02297709,0.02353383,0.02405761,0.02453998,0.02497018,0.02533844,0.02563343,0.02584458,0.02596055,0.02597066,0.02586418,0.02563102,0.02526179,0.02474772,0.02408149,0.02325636,0.02226772,0.02111148,0.01978626,0.01829112,0.01662834,0.01480038,0.01281337,0.01067331,0.008390227,0.005973639,0.003437381,0.0007942863,-0.001938345,-0.004744797,-0.007604793,-0.01050034,-0.01340888,-0.01631096,-0.01918259,-0.02200371,-0.02474973,-0.02740082,-0.02993259,-0.03232626,-0.0345583,-0.03661158,-0.03846373,-0.04009927,-0.04149649,-0.04264064,-0.04350926,-0.04408673,-0.04434792,-0.04427462,-0.04383751,-0.04301521,-0.04177461,-0.04009428,-0.03794336,-0.03531045,-0.03218253,-0.02858093,-0.02453941,-0.0201508,-0.01553242,-0.0108831,-0.006397696,-0.002346057,0.001146556,0.003996492,0.00615735,0.007772077,0.008948868,0.009826192
0.01056021,0.01126103,0.01185706,0.01237456,0.01284879,0.01329687,0.01373991,0.01419163,0.01466206,0.01514184,0.01563682,0.01613727,0.01664693,0.01716084,0.01768387,0.01821345,0.01875384,0.01930248,0.0198618,0.02042824,0.02100215,0.02157875,0.02215632,0.02272875,0.02329232,0.02383956,0.02436479,0.02485928,0.02531561,0.0257239,0.02607531,0.02635923,0.02656583,0.02668422,0.02670419,0.02661515,0.02640719,0.02607074,0.02559688,0.02497778,0.02420618,0.0232766,0.02218414,0.02092632,0.01950112,0.01790948,0.01615262,0.01423514,0.01216174,0.00994083,0.007580639,0.005093334,0.002490487,-0.0002121875,-0.003000058,-0.005854242,-0.008757561,-0.0116886,-0.01462834,-0.01755358,-0.02044429,-0.02327626,-0.0260293,-0.02867904,-0.03120588,-0.03358599,-0.03580106,-0.03782828,-0.03965095,-0.04124724,-0.04260175,-0.04369277,-0.04450508,-0.0450157,-0.04520815,-0.04505676,-0.04454304,-0.04363846,-0.04232393,-0.04057126,-0.03836718,-0.03569378,-0.03255852,-0.0289743,-0.0249958,-0.02069526,-0.01620846,-0.01168469,-0.007338706,-0.003319034,0.0001758727,0.00306592,0.005407706,0.007219897,0.008619129,0.00969793
0.01058641,0.01146113,0.01220918,0.01287398,0.01347729,0.014049,0.01460586,0.01515927,0.01571112,0.01627126,0.01683051,0.01739334,0.0179533,0.01851459,0.01907394,0.01963566,0.02019739,0.02076226,0.02132742,0.02189414,0.02245849,0.02301983,0.02357296,0.02411527,0.02464027,0.02514342,0.02561693,0.02605447,0.02644708,0.02678692,0.02706411,0.02726969,0.02739329,0.02742529,0.02735542,0.02717406,0.02687161,0.02643916,0.02586844,0.02515193,0.0242834,0.02325737,0.02207026,0.02071919,0.01920372,0.01752402,0.0156832,0.01368475,0.01153546,0.009242253,0.006815614,0.004265868,0.001607098,-0.001147209,-0.003979707,-0.006874177,-0.009810498,-0.0127703,-0.01573134,-0.01867384,-0.02157426,-0.02441222,-0.02716363,-0.02980836,-0.03232248,-0.03468679,-0.03687814,-0.03887876,-0.04066652,-0.04222511,-0.04353314,-0.04457517,-0.04532955,-0.04578066,-0.04590537,-0.04568704,-0.04510063,-0.04412904,-0.04274691,-0.04094061,-0.03869081,-0.03599698,-0.03285956,-0.02930978,-0.02538988,-0.02118948,-0.01681264,-0.01242144,-0.008162986,-0.004241021,-0.000743035,0.002257961,0.004704807,0.00668782,0.008269153,0.009546834
0.01058618,0.01161452,0.01251264,0.01330954,0.01404057,0.01472333,0.01537767,0.01601677,0.01665145,0.01727645,0.01789917,0.01851291,0.01912178,0.01972163,0.02031652,0.02090393,0.0214873,0.02206418,0.02263659,0.0232013,0.0237585,0.02430389,0.02483581,0.02534868,0.02583901,0.02629993,0.02672619,0.02710972,0.02744368,0.02771899,0.02792756,0.02805965,0.02810635,0.02805776,0.0279047,0.02763766,0.02724784,0.02672681,0.02606682,0.02526113,0.02430372,0.02319014,0.0219167,0.02048183,0.01888467,0.01712695,0.01521094,0.0131419,0.01092546,0.00857053,0.006086108,0.003484663,0.0007784024,-0.002016865,-0.00488603,-0.007810321,-0.01077223,-0.01375062,-0.01672627,-0.01967638,-0.02258073,-0.02541565,-0.02816075,-0.0307922,-0.0332902,-0.0356314,-0.03779713,-0.03976499,-0.04151775,-0.04303396,-0.04429769,-0.04528788,-0.04598923,-0.04638022,-0.04644536,-0.04616205,-0.04551471,-0.0444805,-0.04304601,-0.04119195,-0.03891362,-0.0362044,-0.03308105,-0.02956606,-0.02571713,-0.02160431,-0.01734565,-0.01306196,-0.00892073,-0.005029162,-0.001542733,0.001472438,0.004047504,0.00617482,0.007930008,0.00937376
0.01055464,0.01173153,0.01276153,0.01368598,0.01452731,0.01531414,0.0160628,0.01678546,0.01748628,0.01817631,0.01885003,0.01951303,0.0201607,0.02079709,0.0214193,0.02203092,0.02262965,0.02321803,0.02379333,0.02435653,0.02490398,0.02543493,0.02594459,0.02643044,0.02688648,0.02730845,0.02768912,0.02802267,0.02830081,0.02851635,0.02866023,0.02872428,0.02869907,0.02857595,0.02834563,0.02799959,0.02752927,0.02692692,0.02618534,0.02529819,0.02426028,0.0230673,0.02171662,0.02020648,0.01853728,0.01671021,0.01472907,0.01259827,0.01032511,0.007917308,0.005385677,0.002741168,-1.997506e-06,-0.002829873,-0.005725177,-0.008671386,-0.01164864,-0.01463838,-0.0176188,-0.02057002,-0.02346901,-0.02629537,-0.02902556,-0.03163939,-0.0341135,-0.03642857,-0.03856198,-0.04049567,-0.04220802,-0.04368239,-0.04489798,-0.04583927,-0.04648571,-0.04682232,-0.04682825,-0.04648886,-0.04578328,-0.04469854,-0.04321602,-0.0413287,-0.03902641,-0.03631671,-0.03320935,-0.029741,-0.02595706,-0.02194055,-0.01778175,-0.01361327,-0.009548344,-0.005745859,-0.002269053,0.0008177545,0.003456297,0.005704498,0.007595002,0.009195997
0.01051234,0.0118149,0.01297087,0.01400723,0.01495695,0.01583735,0.01666775,0.01746151,0.01823039,0.01897252,0.0196966,0.02039856,0.02108318,0.02174737,0.02239488,0.02302346,0.023636,0.02423018,0.0248076,0.02536522,0.02590304,0.02641703,0.02690551,0.02736327,0.027787,0.0281703,0.02850827,0.02879343,0.02901948,0.02917806,0.02926177,0.02926173,0.02916988,0.02897727,0.0286757,0.02825668,0.02771249,0.02703572,0.02621979,0.02525894,0.02414832,0.02288442,0.02146466,0.01988832,0.01815556,0.01626881,0.01423127,0.01204873,0.009727607,0.007277178,0.004707067,0.002029919,-0.0007416018,-0.00359171,-0.006505007,-0.009462946,-0.01244788,-0.01543907,-0.01841727,-0.02136019,-0.02424769,-0.02705668,-0.02976684,-0.03235499,-0.03480133,-0.03708317,-0.03918177,-0.04107533,-0.04274651,-0.04417449,-0.04534327,-0.04623279,-0.0468281,-0.04710945,-0.04706274,-0.0466685,-0.04591412,-0.04478187,-0.04326335,-0.04134655,-0.03903344,-0.03632573,-0.03324618,-0.02982274,-0.02611254,-0.02218076,-0.0181291,-0.01405592,-0.01009465,-0.00632529,-0.002873729,0.0002057186,0.002928764,0.005273999,0.00729051,0.009016582
0.01045616,0.01187591,0.01313803,0.0142791,0.01531988,0.01628677,0.0171953,0.01805807,0.01888094,0.01967567,0.02043963,0.02117949,0.02189238,0.02258261,0.02324795,0.02389173,0.02451185,0.0251105,0.02568514,0.02623651,0.02676117,0.02725831,0.02772342,0.02815408,0.02854465,0.02889115,0.02918685,0.02942636,0.029602,0.0297072,0.02973364,0.02967393,0.02951948,0.02926256,0.02889481,0.02840874,0.02779677,0.02705222,0.02616888,0.02514153,0.02396592,0.0226388,0.02115843,0.01952404,0.01773677,0.01579872,0.01371426,0.01148857,0.009129362,0.006644969,0.004046433,0.001345154,-0.001444628,-0.004308688,-0.007229928,-0.01019171,-0.01317453,-0.01615988,-0.01912644,-0.02205448,-0.02492159,-0.02770753,-0.03038946,-0.03294734,-0.03535854,-0.03760383,-0.0396613,-0.04151295,-0.04313787,-0.04451948,-0.04563788,-0.04647783,-0.0470202,-0.04725097,-0.0471517,-0.0467099,-0.04590861,-0.04473862,-0.04318704,-0.04125218,-0.03893093,-0.03623654,-0.03318486,-0.02981493,-0.02617224,-0.0223321,-0.01837233,-0.01440251,-0.0105118,-0.006827631,-0.003397153,-0.000277985,0.002474892,0.004898937,0.007008151,0.008849693
0.01040222,0.01191659,0.01327675,0.01450595,0.01563357,0.0166756,0.01765023,0.01857043,0.0194482,0.02028404,0.02108739,0.02185628,0.02259612,0.02330494,0.02398657,0.02463917,0.02526547,0.02586335,0.02643422,0.02697525,0.02748637,0.02796378,0.02840585,0.02880773,0.02916626,0.0294755,0.02973089,0.02992549,0.03005352,0.03010729,0.03008007,0.02996376,0.02975114,0.02943409,0.0290054,0.02845746,0.02778363,0.0269774,0.02603326,0.0249464,0.02371299,0.0223304,0.02079704,0.01911295,0.01727919,0.01529878,0.0131757,0.0109162,0.008527294,0.006018523,0.003399971,0.0006843358,-0.002115432,-0.004983696,-0.007904946,-0.01086098,-0.0138342,-0.01680438,-0.01975244,-0.02265674,-0.02549739,-0.02825203,-0.0309006,-0.03342071,-0.03579281,-0.03799499,-0.04000873,-0.04181302,-0.04339071,-0.04472185,-0.0457908,-0.04657865,-0.04707122,-0.04725062,-0.04710434,-0.04661591,-0.04577558,-0.04457009,-0.04299524,-0.04104484,-0.03872583,-0.03604579,-0.03303103,-0.0297121,-0.02614368,-0.02238519,-0.01852423,-0.01464187,-0.01084659,-0.007200147,-0.003807209,-0.0007122837,0.002090301,0.004572605,0.006766474,0.008694803
0.01034545,0.0119455,0.01338436,0.01469333,0.01589063,0.01699994,0.01803552,0.01900971,0.01992922,0.02080584,0.02163893,0.02243576,0.02319488,0.02392092,0.02461236,0.02527248,0.02589954,0.0264956,0.02705834,0.02758845,0.02808272,0.02854038,0.02895722,0.02933097,0.02965638,0.02992977,0.03014488,0.03029676,0.03037833,0.03038364,0.03030505,0.03013594,0.02986849,0.02949588,0.02901058,0.0284061,0.02767574,0.02681385,0.02581513,0.02467535,0.02339113,0.02196021,0.02038159,0.01865541,0.01678345,0.01476857,0.01261562,0.01033041,0.007920944,0.005396018,0.002766771,4.489696e-05,-0.002755479,-0.005620018,-0.008531936,-0.01147465,-0.01442916,-0.01737715,-0.02029796,-0.02317217,-0.02597812,-0.02869594,-0.03130363,-0.03378149,-0.03610779,-0.03826361,-0.04022793,-0.04198308,-0.04350906,-0.04478968,-0.04580612,-0.04654379,-0.0469851,-0.04711723,-0.0469241,-0.04639537,-0.04551759,-0.04428484,-0.04268896,-0.04073241,-0.03841732,-0.03576073,-0.03278219,-0.02952112,-0.0260214,-0.02235069,-0.01857619,-0.01478958,-0.01106275,-0.007500282,-0.004138398,-0.001029608,0.00177633,0.004303519,0.006554272,0.008561018
0.01029683,0.01196199,0.01347131,0.01484403,0.01610574,0.01727066,0.01835553,0.0193725,0.0203332,0.02123959,0.02210127,0.02291772,0.02369473,0.02443123,0.02513117,0.02579318,0.02641993,0.02700958,0.02756349,0.02807909,0.02855631,0.02899166,0.02938365,0.02972775,0.03002107,0.03025811,0.03043469,0.03054442,0.03058204,0.03054052,0.03041381,0.03019453,0.02987628,0.02945176,0.02891465,0.02825823,0.02747679,0.02656473,0.02551751,0.02433115,0.02300281,0.0215306,0.01991385,0.01815323,0.01625058,0.01420944,0.01203443,0.009732105,0.007309994,0.004777753,0.002145774,-0.0005733183,-0.003366451,-0.006218264,-0.009113303,-0.01203384,-0.01496251,-0.01787972,-0.02076673,-0.02360272,-0.02636818,-0.02904166,-0.03160357,-0.03403242,-0.03630914,-0.03841276,-0.04032524,-0.0420265,-0.04349989,-0.04472653,-0.04569137,-0.04637688,-0.04676982,-0.04685425,-0.04661928,-0.04605125,-0.04514293,-0.0438849,-0.04227636,-0.04031562,-0.03801315,-0.03538052,-0.03244574,-0.02924015,-0.02581501,-0.02222402,-0.01854293,-0.01483951,-0.01120366,-0.00768462,-0.004371246,-0.001299904,0.001528075,0.004082403,0.006383602,0.008444125
0.01024938,0.01197153,0.01353365,0.014962,0.01627211,0.0174849,0.01861309,0.01966844,0.02065792,0.02159284,0.02247383,0.02330836,0.02409598,0.02484149,0.02554396,0.02620668,0.02682824,0.02741065,0.02795188,0.02845261,0.02890991,0.02932313,0.02968836,0.03000358,0.03026391,0.03046603,0.03060417,0.03067387,0.03066863,0.03058311,0.03041036,0.03014451,0.02977851,0.02930637,0.0287214,0.02801802,0.02719039,0.02623379,0.02514377,0.02391703,0.02255096,0.02104419,0.01939639,0.01760848,0.01568278,0.01362282,0.0114338,0.009122029,0.006695691,0.004163909,0.001537794,-0.001170827,-0.003948065,-0.006779633,-0.009649187,-0.01254037,-0.01543481,-0.01831457,-0.02115978,-0.02395151,-0.02666899,-0.02929292,-0.03180224,-0.03417788,-0.03639907,-0.03844751,-0.04030318,-0.04194898,-0.04336603,-0.04453875,-0.0454496,-0.04608484,-0.04642851,-0.04646909,-0.04619279,-0.04559122,-0.04465403,-0.04337805,-0.0417589,-0.03980216,-0.03751373,-0.03491289,-0.03202122,-0.0288772,-0.02552228,-0.02201697,-0.01841965,-0.01480795,-0.01124119,-0.007806794,-0.004533403,-0.001469606,0.00134082,0.00391288,0.006241663,0.008349241
0.01021011,0.0119712,0.01357865,0.01504802,0.01640124,0.01765066,0.01881148,0.01989482,0.02091155,0.02186454,0.02276316,0.02360778,0.02440435,0.02515246,0.02585608,0.02651426,0.02712963,0.02770063,0.02822862,0.02871127,0.02914862,0.02953746,0.02987648,0.03016153,0.03039002,0.03055689,0.0306584,0.03068868,0.03064308,0.03051514,0.03029954,0.02998961,0.02957974,0.02906341,0.02843517,0.02768912,0.02682048,0.02582445,0.02469741,0.02343616,0.02203871,0.02050389,0.01883181,0.0170237,0.01508208,0.01301089,0.01081526,0.008501993,0.006078952,0.003555812,0.0009431238,-0.001746683,-0.004500566,-0.007303571,-0.01014046,-0.01299412,-0.01584755,-0.01868197,-0.02147915,-0.02421919,-0.02688321,-0.02945076,-0.03190293,-0.03421929,-0.03638148,-0.0383696,-0.04016629,-0.04175263,-0.04311265,-0.04422873,-0.04508661,-0.04567025,-0.0459675,-0.04596433,-0.04565142,-0.04501764,-0.04405795,-0.0427661,-0.04114389,-0.03919308,-0.03692642,-0.03435801,-0.03151628,-0.02843217,-0.0251531,-0.02172747,-0.01822105,-0.0146914,-0.01121416,-0.007829824,-0.004615038,-0.001599357,0.001210662,0.00378482,0.006136066,0.008269832
0.01017111,0.0119642,0.01360142,0.01510452,0.01648648,0.01776554,0.01895288,0.02005943,0.02109212,0.02206146,0.0229689,0.0238218,0.02462039,0.02536949,0.02606862,0.02672105,0.02732567,0.02788448,0.02839568,0.02885999,0.02927478,0.02963953,0.02995067,0.03020643,0.03040235,0.03053547,0.03060054,0.03059359,0.03050872,0.0303412,0.03008478,0.0297343,0.02928346,0.02872711,0.02805935,0.02727545,0.02637039,0.02534034,0.02418161,0.02289178,0.02146894,0.01991251,0.01822274,0.01640127,0.01445083,0.01237552,0.01018079,0.007873354,0.005461439,0.002954368,0.0003631031,-0.002300534,-0.005023021,-0.007790267,-0.01058651,-0.01339576,-0.01620044,-0.01898313,-0.02172492,-0.02440752,-0.02701124,-0.02951748,-0.03190634,-0.03415951,-0.03625741,-0.03818249,-0.03991597,-0.04144151,-0.04274148,-0.04380115,-0.04460437,-0.0451384,-0.04538894,-0.04534579,-0.04499727,-0.04433675,-0.04335655,-0.04205563,-0.04043262,-0.03849523,-0.03625197,-0.03372319,-0.03093128,-0.02791295,-0.02470684,-0.02136693,-0.01794432,-0.01450541,-0.01110019,-0.007802728,-0.004636356,-0.001646548,0.001129055,0.00369895,0.006053878,0.008208561
0.01013679,0.01194631,0.01360684,0.01513073,0.01653655,0.01783488,0.01903933,0.02015987,0.02120648,0.02218255,0.02309692,0.02395059,0.02474941,0.02549346,0.02618667,0.02682841,0.02742128,0.02796398,0.02845786,0.02890086,0.02929313,0.02963173,0.0299156,0.03014093,0.03030549,0.03040464,0.03043512,0.03039159,0.03026996,0.03006442,0.02977033,0.02938171,0.02889372,0.02830062,0.02759779,0.0267801,0.02584365,0.02478439,0.02359957,0.02228668,0.02084455,0.01927261,0.01757168,0.01574348,0.0137911,0.01171878,0.009532077,0.007237909,0.00484437,0.002361038,-0.0002015122,-0.002831168,-0.005515062,-0.008238768,-0.01098742,-0.01374465,-0.01649402,-0.01921767,-0.02189807,-0.02451638,-0.02705453,-0.02949324,-0.03181446,-0.03399901,-0.03602939,-0.03788698,-0.0395553,-0.04101673,-0.0422562,-0.04325744,-0.04400719,-0.04449094,-0.04469769,-0.04461524,-0.04423572,-0.04355027,-0.04255561,-0.04124806,-0.03963131,-0.03770959,-0.03549697,-0.03300894,-0.03027342,-0.0273202,-0.02419274,-0.02093457,-0.01760307,-0.01424775,-0.01093302,-0.007693172,-0.00459501,-0.001662383,0.001094026,0.00364554,0.005999916,0.008157909
0.01009923,0.01191936,0.0135897,0.01512807,0.01654516,0.01785669,0.01907235,0.02020212,0.02125267,0.02223356,0.02314675,0.02399932,0.02479191,0.02552927,0.02621127,0.02684112,0.02741797,0.02794379,0.02841704,0.02883849,0.02920581,0.02951859,0.02977366,0.02996948,0.03010203,0.03016874,0.03016485,0.03008691,0.02992961,0.02968886,0.02935905,0.02893575,0.02841339,0.02778761,0.02705328,0.02620649,0.02524298,0.02415978,0.02295388,0.02162369,0.02016792,0.01858671,0.01688085,0.01505254,0.01310491,0.01104247,0.008870885,0.006597104,0.004229338,0.001776962,-0.00074932,-0.003337832,-0.005975535,-0.008648687,-0.01134223,-0.01404074,-0.01672753,-0.01938592,-0.02199806,-0.0245465,-0.02701278,-0.02937922,-0.03162723,-0.03373946,-0.03569766,-0.03748528,-0.03908487,-0.0404811,-0.04165772,-0.042601,-0.04329628,-0.04373189,-0.04389519,-0.04377725,-0.04336831,-0.04266326,-0.04165659,-0.04034892,-0.03874111,-0.03684217,-0.03466228,-0.03222194,-0.02954346,-0.02666129,-0.02361105,-0.02044082,-0.01719557,-0.01393257,-0.01069468,-0.007545248,-0.004503819,-0.001613279,0.001094721,0.00362376,0.005962122,0.008119233
0.01006114,0.01187856,0.01355324,0.0150948,0.0165188,0.01783416,0.01905295,0.02018396,0.02123618,0.02221327,0.02312339,0.02396793,0.02475254,0.02547762,0.02614701,0.02676036,0.02732022,0.02782551,0.02827764,0.02867478,0.02901719,0.02930226,0.02952913,0.0296944,0.02979615,0.02983023,0.02979381,0.02968212,0.02949162,0.02921715,0.02885471,0.02839903,0.02784603,0.02719068,0.02642918,0.02555715,0.02457149,0.02346888,0.02224737,0.0209051,0.01944163,0.01785695,0.0161525,0.0143304,0.01239422,0.01034845,0.008198941,0.005952646,0.003617761,0.001203661,-0.001279189,-0.003819108,-0.006403544,-0.009018734,-0.01165035,-0.0142829,-0.01690068,-0.01948691,-0.02202493,-0.02449714,-0.02688645,-0.02917493,-0.03134559,-0.03338065,-0.03526368,-0.03697751,-0.03850671,-0.03983511,-0.0409487,-0.04183271,-0.04247493,-0.04286242,-0.04298535,-0.04283323,-0.0423995,-0.04167721,-0.04066447,-0.03935959,-0.03776751,-0.03589411,-0.03375394,-0.03136306,-0.02874815,-0.02593736,-0.02297017,-0.01988569,-0.01673409,-0.01355841,-0.01041393,-0.007330446,-0.004366537,-0.001541258,0.001131325,0.003624901,0.005943531,0.008084905
0.01001514,0.01182497,0.01349235,0.0150317,0.0164517,0.01776576,0.01898211,0.02010977,0.02115501,0.02212636,0.02302609,0.02386081,0.02463151,0.02534274,0.02599465,0.02659035,0.02712926,0.02761333,0.02804124,0.02841386,0.02872912,0.02898681,0.02918408,0.02931971,0.02939008,0.02939304,0.02932432,0.02918101,0.02895837,0.02865293,0.02825972,0.02777505,0.02719405,0.02651311,0.02572783,0.02483514,0.02383145,0.02271459,0.02148224,0.02013353,0.01866776,0.01708572,0.01538865,0.01357927,0.01166099,0.009638681,0.007518082,0.005306313,0.003011436,0.0006427599,-0.001789384,-0.004273601,-0.006797464,-0.009347738,-0.01191022,-0.0144702,-0.01701207,-0.01952004,-0.0219775,-0.02436805,-0.02667458,-0.02888057,-0.03096888,-0.03292332,-0.03472717,-0.03636502,-0.03782096,-0.03908077,-0.04012974,-0.04095524,-0.04154415,-0.04188592,-0.04196952,-0.04178718,-0.04133086,-0.04059667,-0.03958086,-0.03828515,-0.03671199,-0.03487103,-0.03277325,-0.03043862,-0.02788873,-0.02515537,-0.02227114,-0.01927867,-0.01621775,-0.01313795,-0.01007658,-0.007088039,-0.00418921,-0.001420677,0.0011916,0.00364727,0.005933431,0.008055599
0.009962792,0.01175367,0.0134091,0.01493645,0.01634858,0.01765293,0.01886003,0.01997756,0.02101343,0.02197141,0.02285891,0.02367758,0.02443271,0.02512498,0.02575809,0.02633194,0.026849,0.02730846,0.02771173,0.02805728,0.02834547,0.02857403,0.02874233,0.02884737,0.02888757,0.02885926,0.02876007,0.02858578,0.02833342,0.02799844,0.02757752,0.02706606,0.02646071,0.02575716,0.02495237,0.0240427,0.02302581,0.02189908,0.02066128,0.01931116,0.01784898,0.0162752,0.01459182,0.01280129,0.01090758,0.008915329,0.006830601,0.004660266,0.002412507,9.637659e-05,-0.002277899,-0.004699195,-0.007155428,-0.009633649,-0.01212023,-0.01460074,-0.01706037,-0.01948358,-0.02185479,-0.02415779,-0.02637669,-0.02849508,-0.0304972,-0.03236688,-0.0340889,-0.03564772,-0.03702912,-0.03821853,-0.03920309,-0.0399696,-0.04050697,-0.04080382,-0.04085143,-0.0406409,-0.04016675,-0.03942363,-0.03841065,-0.03712757,-0.03557998,-0.03377473,-0.03172618,-0.02945024,-0.02697184,-0.02431718,-0.02152175,-0.01862064,-0.01565763,-0.0126705,-0.009706837,-0.006793129,-0.003980802,-0.001284933,0.001277595,0.003683321,0.005933549,0.00802401
0.009897432,0.01166519,0.0132987,0.01480943,0.01620432,0.01749465,0.01868729,0.01979028,0.0208094,0.02175211,0.02262088,0.02342177,0.02415598,0.02482784,0.02543774,0.02598866,0.02648027,0.02691451,0.02729032,0.02760864,0.02786773,0.02806754,0.0282056,0.02828098,0.02829052,0.02823246,0.02810306,0.02789992,0.02761889,0.02725711,0.02681029,0.0262754,0.02564827,0.02492606,0.02410508,0.02318299,0.02215692,0.02102544,0.01978687,0.01844101,0.01698771,0.01542834,0.01376451,0.0119994,0.01013661,0.00818128,0.006139141,0.004017341,0.00182369,-0.0004327046,-0.002742008,-0.00509326,-0.007474789,-0.00987405,-0.01227785,-0.0146724,-0.0170433,-0.01937586,-0.0216549,-0.02386524,-0.02599133,-0.02801798,-0.02992968,-0.03171158,-0.03334862,-0.03482673,-0.03613164,-0.03725038,-0.03816986,-0.03887862,-0.03936508,-0.0396198,-0.03963327,-0.03939875,-0.03890967,-0.03816304,-0.03715647,-0.03589231,-0.034374,-0.03261118,-0.03061505,-0.02840442,-0.02599967,-0.02342971,-0.02072408,-0.01792037,-0.01505388,-0.01216751,-0.00929413,-0.006480446,-0.003741516,-0.00111572,0.001376262,0.003730793,0.005934646,0.007990366
0.009819726,0.01155474,0.01316233,0.014648,0.01602218,0.01729098,0.01846348,0.01954624,0.02054612,0.02146692,0.02231519,0.02309274,0.02380451,0.02445136,0.02503683,0.02556104,0.02602641,0.02643238,0.02678039,0.0270692,0.02729933,0.02746884,0.02757736,0.02762229,0.02760242,0.02751455,0.02735681,0.02712552,0.02681827,0.02643116,0.02596151,0.0254054,0.02476019,0.02402229,0.02318941,0.02225859,0.02122825,0.0200964,0.01886252,0.01752595,0.01608753,0.01454818,0.01291035,0.01117678,0.009351723,0.00743988,0.005447406,0.003380982,0.001248629,-0.000941037,-0.003178186,-0.005452395,-0.007752232,-0.01006573,-0.01238015,-0.01468229,-0.01695842,-0.01919444,-0.02137602,-0.02348855,-0.0255175,-0.02744815,-0.02926619,-0.03095713,-0.03250721,-0.03390259,-0.03513039,-0.03617771,-0.03703294,-0.03768445,-0.03812231,-0.03833662,-0.03831967,-0.03806396,-0.0375649,-0.03681836,-0.03582408,-0.0345828,-0.03310021,-0.03138355,-0.02944642,-0.02730404,-0.02497921,-0.02249588,-0.01988567,-0.01717989,-0.01441664,-0.01162921,-0.0088586,-0.006128788,-0.003484798,-0.0009384668,0.001490999,0.003783229,0.005937346,0.007947889
0.009723888,0.01142252,0.01299571,0.01445231,0.01579779,0.01704144,0.01818892,0.01924725,0.02022173,0.0211187,0.02194077,0.02269339,0.02337795,0.02399847,0.02455558,0.02505213,0.02548805,0.02586525,0.02618297,0.02644224,0.02664164,0.02678134,0.02685926,0.02687475,0.02682515,0.0267091,0.02652342,0.02626619,0.0259339,0.02552428,0.02503371,0.02445985,0.02379924,0.02304974,0.02220837,0.02127353,0.02024303,0.01911613,0.01789174,0.01657032,0.01515219,0.01363922,0.01203335,0.01033807,0.008557135,0.006695812,0.004759707,0.002755853,0.000691677,-0.001424068,-0.00358219,-0.005772344,-0.007983792,-0.01020487,-0.01242357,-0.01462721,-0.0168028,-0.01893693,-0.021016,-0.02302628,-0.02495393,-0.02678524,-0.02850649,-0.03010433,-0.03156547,-0.03287728,-0.03402721,-0.03500365,-0.0357951,-0.03639132,-0.03678222,-0.03695942,-0.03691476,-0.03664238,-0.03613689,-0.03539592,-0.03441801,-0.03320571,-0.03176294,-0.03009881,-0.02822421,-0.02615632,-0.02391397,-0.021523,-0.01900989,-0.01640756,-0.01374727,-0.01106608,-0.0083932,-0.005768553,-0.003206011,-0.0007417168,0.001608429,0.003837955,0.005933898,0.007896475
0.009609916,0.0112641,0.01279936,0.01421969,0.01553331,0.01674516,0.01786293,0.01889214,0.01983861,0.0207061,0.02150027,0.02222309,0.02287903,0.02346919,0.02399687,0.02446244,0.02486826,0.02521405,0.02550129,0.02572907,0.02589804,0.02600667,0.02605482,0.02604036,0.02596243,0.02581838,0.02560677,0.02532453,0.02496982,0.02453938,0.02403118,0.02344199,0.02276989,0.02201199,0.0211667,0.02023176,0.01920629,0.01808893,0.01687981,0.01557879,0.01418723,0.01270643,0.0111392,0.009488469,0.007758666,0.005954435,0.004081861,0.002147299,0.0001584536,-0.001876649,-0.003948756,-0.006048322,-0.008164768,-0.01028728,-0.01240423,-0.01450378,-0.01657351,-0.0186009,-0.02057307,-0.02247714,-0.02430015,-0.02602919,-0.02765148,-0.02915439,-0.03052569,-0.03175328,-0.03282574,-0.03373181,-0.03446119,-0.03500377,-0.03535069,-0.03549346,-0.03542522,-0.03513968,-0.03463285,-0.03390153,-0.03294573,-0.03176668,-0.03036977,-0.02876211,-0.02695609,-0.02496584,-0.02281171,-0.02051529,-0.01810434,-0.01560667,-0.01305522,-0.0104794,-0.00791442,-0.005382327,-0.002922271,-0.000543542,0.001732804,0.003889553,0.005924009,0.007830053
0.009473076,0.01107956,0.01256979,0.01395032,0.01522536,0.01640236,0.01748588,0.01848199,0.01939544,0.02023152,0.02099291,0.02168445,0.02230766,0.02286628,0.02336114,0.02379497,0.02416795,0.02448201,0.0247367,0.02493314,0.0250703,0.02514855,0.02516624,0.02512307,0.02501684,0.02484664,0.02460985,0.02430508,0.02392947,0.02348134,0.02295777,0.02235707,0.02167652,0.02091466,0.02006923,0.0191393,0.01812332,0.01702122,0.01583247,0.01455806,0.01319875,0.01175677,0.01023431,0.008635066,0.006962804,0.005222755,0.003420264,0.001562073,-0.0003449209,-0.002292506,-0.004272308,-0.006274804,-0.00829037,-0.01030842,-0.01231831,-0.01430864,-0.01626799,-0.0181844,-0.02004604,-0.02184073,-0.02355648,-0.02518119,-0.02670299,-0.02811013,-0.02939115,-0.03053491,-0.03153057,-0.0323679,-0.03303695,-0.03352864,-0.0338343,-0.03394645,-0.03385814,-0.03356415,-0.03306004,-0.03234373,-0.03141433,-0.03027421,-0.02892732,-0.02738186,-0.02564793,-0.02374081,-0.02167748,-0.01948063,-0.01717375,-0.01478536,-0.01234309,-0.009878783,-0.007418533,-0.004996224,-0.002625035,-0.0003387412,0.001850961,0.003935134,0.005901486,0.007748342
0.009313024,0.0108652,0.01230725,0.01364192,0.01487545,0.01601179,0.01705728,0.01801648,0.01889426,0.01969424,0.02042125,0.02107738,0.02166663,0.02219029,0.02265145,0.02305076,0.0233905,0.02367069,0.02389289,0.02405653,0.02416245,0.02420952,0.0241979,0.02412593,0.02399314,0.02379744,0.02353786,0.02321198,0.0228185,0.02235486,0.02181965,0.02121038,0.02052579,0.01976367,0.01892314,0.0180026,0.01700178,0.01591994,0.01475776,0.01351553,0.01219504,0.01079786,0.009327029,0.007785527,0.006177797,0.004508274,0.00278279,0.00100722,-0.0008112407,-0.002665325,-0.004546564,-0.006446472,-0.008355526,-0.01026424,-0.01216223,-0.01403924,-0.01588427,-0.01768654,-0.01943475,-0.02111787,-0.02272457,-0.02424382,-0.02566449,-0.02697579,-0.02816704,-0.02922794,-0.03014844,-0.03091895,-0.03153034,-0.03197397,-0.03224196,-0.03232702,-0.03222303,-0.03192463,-0.0314282,-0.03073117,-0.02983347,-0.02873648,-0.02744491,-0.02596536,-0.02430867,-0.02248759,-0.02051985,-0.01842458,-0.01622584,-0.01394812,-0.01161965,-0.009266476,-0.006918595,-0.004596581,-0.002334096,-0.0001385493,0.001967659,0.003970398,0.005865395,0.007646254
0.009126348,0.01062129,0.01200934,0.01329506,0.01448159,0.0155747,0.016578,0.01749661,0.01833477,0.01909679,0.01978539,0.02040478,0.02095666,0.02144442,0.02186915,0.02223344,0.02253779,0.0227841,0.02297231,0.02310366,0.02317753,0.0231945,0.02315345,0.02305437,0.02289565,0.02267679,0.0223958,0.02205181,0.02164262,0.02116718,0.02062325,0.0200098,0.01932481,0.01856748,0.0177362,0.01683068,0.01584998,0.01479455,0.01366438,0.01246086,0.01118503,0.009839405,0.00842625,0.006949307,0.005412184,0.003819889,0.002177339,0.0004907952,-0.001233546,-0.002988216,-0.004765837,-0.006557912,-0.008356083,-0.01015102,-0.01193358,-0.01369377,-0.01542187,-0.01710753,-0.0187407,-0.02031087,-0.02180792,-0.02322142,-0.02454136,-0.02575759,-0.02686044,-0.02784024,-0.02868782,-0.02939419,-0.02995092,-0.03034996,-0.03058389,-0.03064601,-0.03053035,-0.03023215,-0.02974762,-0.02907474,-0.02821287,-0.02716387,-0.0259314,-0.02452244,-0.02294603,-0.0212153,-0.01934527,-0.01735548,-0.0152665,-0.01310274,-0.01088858,-0.008651122,-0.006413822,-0.004205095,-0.002037823,5.67731e-05,0.002070568,0.003992517,0.005811267,0.007523589
0.008912749,0.01034524,0.01167652,0.01290834,0.01404518,0.01509012,0.01604829,0.01692336,0.01771931,0.01843966,0.01908841,0.01966776,0.02018128,0.02063045,0.02101818,0.02134538,0.02161428,0.02182528,0.02197998,0.02207826,0.02212112,0.02210793,0.02203913,0.02191361,0.0217313,0.02149069,0.02119133,0.02083142,0.02041026,0.01992596,0.01937773,0.01876378,0.01808346,0.01733525,0.01651885,0.01563326,0.01467876,0.01365511,0.01256338,0.01140423,0.01017966,0.008891385,0.0075425,0.00613588,0.004675769,0.003166224,0.001612627,2.020553e-05,-0.001604549,-0.003255296,-0.004924551,-0.006605036,-0.008288448,-0.009966727,-0.01163092,-0.01327235,-0.01488163,-0.01644972,-0.01796699,-0.01942425,-0.02081183,-0.02212055,-0.02334092,-0.02446393,-0.02548042,-0.02638173,-0.0271592,-0.0278047,-0.02831023,-0.02866842,-0.02887225,-0.02891546,-0.02879246,-0.0284986,-0.02803043,-0.02738573,-0.0265641,-0.02556678,-0.02439754,-0.0230622,-0.02156988,-0.01993171,-0.01816281,-0.01627983,-0.01430329,-0.01225462,-0.01015773,-0.008035713,-0.005913892,-0.003811664,-0.001757545,0.000242329,0.002164751,0.003998482,0.005737885,0.007376562
0.00867042,0.01003787,0.01130784,0.01248311,0.01356597,0.01456066,0.01547,0.01629824,0.01704914,0.01772609,0.01833191,0.01887017,0.01934276,0.01975277,0.02010154,0.02039158,0.0206237,0.02079986,0.02092039,0.02098669,0.02099859,0.02095697,0.02086119,0.02071163,0.02050726,0.02024801,0.01993256,0.01956055,0.01913044,0.01864176,0.01809297,0.0174836,0.0168123,0.01607882,0.01528216,0.01442253,0.01349949,0.0125139,0.01146608,0.01035767,0.009189883,0.007965262,0.006686022,0.005355732,0.003977671,0.002556423,0.001096314,-0.0003970655,-0.001918373,-0.003461071,-0.005018914,-0.006584585,-0.00815109,-0.009710465,-0.01125511,-0.01277657,-0.01426682,-0.01571713,-0.01711926,-0.01846435,-0.01974409,-0.02094968,-0.02207289,-0.02310509,-0.02403827,-0.02486417,-0.0255751,-0.02616326,-0.02662151,-0.02694273,-0.02712057,-0.02714894,-0.02702267,-0.02673725,-0.02628935,-0.02567676,-0.02489888,-0.02395685,-0.02285379,-0.02159528,-0.02018915,-0.01864631,-0.01697976,-0.01520597,-0.01334279,-0.01141082,-0.009431487,-0.007427648,-0.005420441,-0.003433361,-0.001479277,0.0004133515,0.002239303,0.003985828,0.005642672,0.007205336
0.008399444,0.009698048,0.01090432,0.01201924,0.01304573,0.0139862,0.01484464,0.01562399,0.01632743,0.01695838,0.0175201,0.01801492,0.018446,0.01881507,0.01912484,0.01937656,0.01957244,0.01971328,0.01980079,0.01983531,0.01981807,0.01974895,0.01962871,0.01945681,0.01923359,0.01895816,0.01863052,0.01824956,0.01781506,0.01732582,0.01678158,0.01618118,0.01552448,0.01481055,0.01403956,0.01321099,0.01232552,0.01138322,0.01038542,0.009332935,0.008227831,0.00707178,0.005867722,0.004618254,0.003327227,0.001998158,0.0006357986,-0.0007554085,-0.002169846,-0.003602225,-0.00504618,-0.006495718,-0.007943846,-0.009383976,-0.01080861,-0.0122107,-0.01358244,-0.0149165,-0.0162049,-0.01744018,-0.01861429,-0.01971977,-0.02074867,-0.02169363,-0.02254688,-0.02330129,-0.02394938,-0.02448436,-0.02489921,-0.02518765,-0.0253434,-0.02536099,-0.02523524,-0.02496203,-0.02453789,-0.02396074,-0.0232297,-0.02234569,-0.02131138,-0.02013168,-0.01881386,-0.01736747,-0.015805,-0.01414075,-0.01239193,-0.01057715,-0.008716452,-0.00683026,-0.004939751,-0.003063332,-0.001224714,0.0005707048,0.002299488,0.003953001,0.00552447,0.007007693
0.008099775,0.009327364,0.01046672,0.01151914,0.01248624,0.01337094,0.0141754,0.01490313,0.01555746,0.016141,0.01665664,0.01710744,0.01749548,0.01782361,0.01809346,0.01830747,0.01846686,0.01857363,0.01862858,0.01863327,0.01858808,0.01849412,0.01835133,0.01816044,0.01792101,0.01763341,0.01729691,0.01691162,0.01647665,0.015992,0.01545671,0.0148708,0.01423346,0.01354487,0.01280448,0.01201284,0.01116987,0.01027662,0.009333606,0.008342495,0.007304488,0.006221989,0.005096979,0.003932658,0.002731829,0.001498479,0.000236219,-0.001050177,-0.002356324,-0.003676734,-0.005006357,-0.006339119,-0.007669401,-0.00899063,-0.01029673,-0.01158075,-0.01283631,-0.01405625,-0.015234,-0.01636228,-0.01743444,-0.01844319,-0.01938189,-0.02024334,-0.021021,-0.02170785,-0.02229752,-0.02278326,-0.02315903,-0.02341851,-0.02355621,-0.02356656,-0.02344497,-0.02318709,-0.02278983,-0.02225073,-0.02156901,-0.02074504,-0.01978124,-0.01868178,-0.01745318,-0.0161042,-0.01464587,-0.0130918,-0.01145729,-0.009759497,-0.008017172,-0.0062494,-0.00447527,-0.002713876,-0.0009782277,0.0007061423,0.00233626,0.003898126,0.005382658,0.006784367
0.007772085,0.008926281,0.009996846,0.0109842,0.01188997,0.01271602,0.0134654,0.01414043,0.01474366,0.01527843,0.01574735,0.01615296,0.01649804,0.01678462,0.01701528,0.01719164,0.01731592,0.01738939,0.01741387,0.01739021,0.01731987,0.01720326,0.01704143,0.01683443,0.01658293,0.01628665,0.01594598,0.01556038,0.01513008,0.01465441,0.01413353,0.01356677,0.01295437,0.01229582,0.01159159,0.01084149,0.01004635,0.009206467,0.008323164,0.007397262,0.006430692,0.005424933,0.004382582,0.003305822,0.002197944,0.001061825,-9.854296e-05,-0.00127958,-0.002476642,-0.003685527,-0.004901038,-0.006118452,-0.007332085,-0.00853676,-0.009726404,-0.01089551,-0.01203775,-0.01314739,-0.01421796,-0.01524358,-0.01621767,-0.01713433,-0.01798697,-0.01876969,-0.01947596,-0.02009996,-0.02063527,-0.02107624,-0.02141671,-0.0216513,-0.02177431,-0.02178097,-0.02166636,-0.02142673,-0.02105855,-0.02055972,-0.01992884,-0.01916637,-0.0182739,-0.01725535,-0.01611624,-0.01486453,-0.01351025,-0.01206554,-0.01054459,-0.008963415,-0.007338641,-0.005688308,-0.004029921,-0.002380996,-0.0007608095,0.0008255559,0.002355004,0.003821161,0.005216382,0.006534806
0.007418077,0.008497271,0.009497208,0.01041798,0.01126074,0.01202731,0.01271936,0.01333979,0.01389158,0.01437675,0.0147983,0.01515885,0.01546075,0.01570665,0.01589853,0.01603879,0.01612908,0.01617152,0.01616735,0.01611833,0.01602532,0.01588971,0.01571196,0.01549309,0.01523319,0.01493297,0.01459223,0.01421143,0.01379018,0.0133288,0.01282682,0.01228454,0.01170154,0.01107822,0.01041436,0.009710643,0.008967152,0.008184955,0.007364576,0.006507542,0.005614895,0.004688723,0.003730651,0.002743369,0.00172911,0.0006911611,-0.0003676341,-0.001443393,-0.002532706,-0.003631161,-0.004734864,-0.005838959,-0.006939123,-0.00803011,-0.009107249,-0.010165,-0.01119847,-0.01220191,-0.01317026,-0.01409764,-0.01497886,-0.01580798,-0.01657976,-0.01728822,-0.01792812,-0.01849349,-0.01897911,-0.0193791,-0.0196884,-0.01990134,-0.02001317,-0.02001871,-0.01991385,-0.01969433,-0.0193572,-0.01889972,-0.01832085,-0.01762019,-0.01679944,-0.01586141,-0.01481137,-0.01365606,-0.01240469,-0.01106825,-0.009659727,-0.008193223,-0.006685073,-0.005151037,-0.003608354,-0.002072237,-0.000555875,0.0009182396,0.002348764,0.003720948,0.005026892,0.006260404
0.007039097,0.008042375,0.008970479,0.009823458,0.01060193,0.0113074,0.01194214,0.01250803,0.01300717,0.01344283,0.01381717,0.01413294,0.01439268,0.01459871,0.01475356,0.01485922,0.014918,0.01493156,0.0149019,0.01483031,0.01471846,0.01456721,0.01437788,0.01415097,0.01388742,0.01358742,0.01325162,0.01287994,0.01247284,0.01203008,0.01155203,0.01103837,0.01048951,0.00990521,0.009286026,0.008631944,0.007943786,0.007221854,0.006467334,0.005680917,0.004864243,0.004018487,0.003145788,0.002247833,0.001327277,0.00038632,-0.0005718488,-0.001544511,-0.002527998,-0.003519144,-0.004513871,-0.005508624,-0.00649894,-0.00748092,-0.008449798,-0.009401418,-0.0103308,-0.0112336,-0.01210466,-0.01293948,-0.01373279,-0.01447998,-0.01517568,-0.01581521,-0.01639314,-0.01690473,-0.01734451,-0.01770777,-0.01798909,-0.01818386,-0.01828691,-0.018294,-0.01820046,-0.01800284,-0.01769748,-0.01728227,-0.01675528,-0.01611652,-0.01536657,-0.01450839,-0.01354593,-0.01248564,-0.01133536,-0.01010525,-0.008806781,-0.007453702,-0.006059592,-0.004640358,-0.003210296,-0.001786037,-0.000382843,0.0009942331,0.002322976,0.003598893,0.004813779,0.00596222
0.006638458,0.007564943,0.008420832,0.009205344,0.009919317,0.01056376,0.01114005,0.01165062,0.01209821,0.01248445,0.01281248,0.01308461,0.01330347,0.01347159,0.01359132,0.01366505,0.01369484,0.01368288,0.01363084,0.01354062,0.0134135,0.01325102,0.01305407,0.01282384,0.01256082,0.01226591,0.01193929,0.01158158,0.01119274,0.01077324,0.0103229,0.00984213,0.009330731,0.008789168,0.008217351,0.007615929,0.006985019,0.006325541,0.00563791,0.004923385,0.004182756,0.003417699,0.002629422,0.001820047,0.0009912231,0.0001455146,-0.0007149777,-0.001587248,-0.00246879,-0.003356206,-0.004246637,-0.005136344,-0.00602214,-0.006899977,-0.007766404,-0.008617131,-0.00944851,-0.01025606,-0.01103597,-0.01178358,-0.01249495,-0.01316528,-0.01379051,-0.01436572,-0.01488672,-0.01534851,-0.01574679,-0.01607651,-0.01633335,-0.01651228,-0.01660916,-0.01661918,-0.01653863,-0.01636334,-0.01609048,-0.01571706,-0.0152418,-0.01466361,-0.01398354,-0.01320317,-0.01232662,-0.01135885,-0.0103074,-0.009180985,-0.007990483,-0.006747333,-0.005465693,-0.004158427,-0.002841056,-0.001525427,-0.0002248189,0.001041338,0.002272806,0.003454607,0.004579975,0.00564233
0.006218216,0.007068492,0.007851833,0.008568108,0.009217224,0.0098005,0.01031964,0.01077627,0.0111722,0.0115107,0.01179364,0.01202398,0.01220411,0.01233667,0.01242412,0.01246884,0.01247314,0.01243906,0.01236867,0.01226362,0.01212566,0.01195601,0.01175608,0.01152669,0.01126889,0.01098316,0.01067025,0.01033035,0.009963996,0.009571174,0.0091523,0.008707248,0.008236423,0.007739707,0.007217599,0.00667011,0.00609792,0.005501244,0.00488102,0.004237733,0.003572659,0.00288663,0.002181283,0.001457816,0.0007182445,-3.586293e-05,-0.0008020884,-0.001578492,-0.002362306,-0.003151268,-0.003942299,-0.004732849,-0.005519531,-0.006299529,-0.007069213,-0.00782556,-0.008564743,-0.009283563,-0.009978005,-0.01064471,-0.01127948,-0.01187882,-0.01243839,-0.01295452,-0.01342271,-0.01383916,-0.01419921,-0.01449895,-0.01473363,-0.01489931,-0.01499131,-0.01500586,-0.01493856,-0.01478621,-0.01454514,-0.01421317,-0.013788,-0.01326923,-0.01265657,-0.01195214,-0.01115851,-0.0102808,-0.009324943,-0.008299305,-0.007213042,-0.00607781,-0.004904581,-0.0037073,-0.00249749,-0.001290828,-9.90154e-05,0.001072789,0.002203719,0.003290806,0.004325615,0.005303266
0.005783108,0.006557209,0.007269128,0.007917541,0.008503152,0.009026426,0.009488611,0.009891861,0.01023878,0.01053077,0.01077111,0.01096194,0.01110615,0.01120617,0.01126465,0.01128396,0.01126646,0.01121435,0.01112959,0.0110141,0.01086942,0.01069711,0.0104983,0.0102742,0.01002552,0.009753167,0.009457518,0.009139203,0.008798348,0.00843541,0.008050337,0.007643505,0.007214805,0.006764621,0.006292891,0.005800115,0.005286349,0.004752282,0.00419817,0.003624946,0.003033132,0.002423965,0.001798256,0.001157572,0.0005030342,-0.0001634609,-0.0008404675,-0.001525765,-0.002217623,-0.002913523,-0.003611478,-0.004308702,-0.005002957,-0.005691212,-0.006371017,-0.007039134,-0.007692938,-0.008329001,-0.008944531,-0.009535913,-0.01010019,-0.01063356,-0.0111329,-0.01159421,-0.0120142,-0.01238868,-0.01271416,-0.01298628,-0.01320145,-0.01335518,-0.01344389,-0.01346317,-0.01340968,-0.01327942,-0.01306969,-0.01277734,-0.01240095,-0.01193887,-0.0113916,-0.01075972,-0.01004632,-0.009254871,-0.008391441,-0.007462745,-0.006477818,-0.005445791,-0.004378839,-0.003287326,-0.00218513,-0.001081228,1.122081e-05,0.001075779,0.002112907,0.003107903,0.004055083,0.004947786
0.005335913,0.006035915,0.00667713,0.007259421,0.007782281,0.008246987,0.008654897,0.00900753,0.009306557,0.009555277,0.00975538,0.009910027,0.01002147,0.01009259,0.01012579,0.01012365,0.01008844,0.01002243,0.009927611,0.009805823,0.009658756,0.009487794,0.009294265,0.009079142,0.008843402,0.008587641,0.008312557,0.008018427,0.007705731,0.007374534,0.007025172,0.006657583,0.006272065,0.005868521,0.005447304,0.005008382,0.004552227,0.004078931,0.003589148,0.003083155,0.002561859,0.002025773,0.001476065,0.0009135057,0.0003395381,-0.0002448059,-0.0008377819,-0.001438098,-0.002043751,-0.002653217,-0.003264256,-0.003875125,-0.00448334,-0.005086953,-0.005683275,-0.006270188,-0.006844817,-0.007404875,-0.007947297,-0.008469625,-0.008968598,-0.00944159,-0.009885128,-0.01029639,-0.01067169,-0.011008,-0.01130138,-0.01154865,-0.01174567,-0.01188912,-0.01197478,-0.01199939,-0.01195884,-0.01185022,-0.01166993,-0.01141583,-0.01108537,-0.01067783,-0.01019229,-0.009630157,-0.008992861,-0.008284383,-0.007509037,-0.006673617,-0.005785278,-0.004853806,-0.003887929,-0.002899765,-0.001898449,-0.0008985691,9.125936e-05,0.001065781,0.00200587,0.002909761,0.003769141,0.00457973
0.004882548,0.005509539,0.006082673,0.006600385,0.007063398,0.007471887,0.007827105,0.008131053,0.00838626,0.008594041,0.008757768,0.008879443,0.008962108,0.009008083,0.009020165,0.009000632,0.00895195,0.008876211,0.008775463,0.008651488,0.008505906,0.00834013,0.008155336,0.0079526,0.007732683,0.007496347,0.007244022,0.006976211,0.006693081,0.006394969,0.006081854,0.005753987,0.005411268,0.005053939,0.004681907,0.004295485,0.00389464,0.003479823,0.003051128,0.002609181,0.002154264,0.001687221,0.00120853,0.0007192775,0.000220156,-0.0002875057,-0.0008027871,-0.001324123,-0.001850392,-0.002379803,-0.002911046,-0.003442118,-0.003971521,-0.004497054,-0.00501705,-0.005529121,-0.006031445,-0.006521451,-0.006997156,-0.007455792,-0.007895199,-0.008312403,-0.008705053,-0.009069938,-0.009404504,-0.009705282,-0.009969492,-0.01019343,-0.01037412,-0.01050766,-0.01059099,-0.01062015,-0.01059219,-0.01050335,-0.01035116,-0.01013246,-0.009845731,-0.009489019,-0.009062367,-0.008565607,-0.00800099,-0.007370734,-0.006679649,-0.005932769,-0.005137489,-0.004300961,-0.003433534,-0.002543421,-0.00164288,-0.0007384661,0.0001570648,0.001030139,0.001881635,0.002697595,0.003473366,0.004202516
0.004426431,0.004983902,0.005490799,0.005947117,0.006352199,0.006707378,0.007013835,0.007273066,0.007486697,0.007658003,0.007788559,0.007881601,0.007939234,0.007964406,0.007959358,0.007926716,0.007868572,0.007787183,0.007684356,0.007561901,0.0074213,0.007263905,0.00709084,0.006903044,0.006701311,0.006486211,0.006258275,0.006017771,0.005765032,0.005500116,0.005223223,0.004934285,0.004633459,0.004320624,0.003995974,0.00365941,0.003311204,0.002951337,0.00258021,0.002197924,0.001805067,0.001401903,0.0009892051,0.0005674129,0.0001375004,-0.0002999147,-0.000743634,-0.001192861,-0.001646206,-0.002102706,-0.002560788,-0.003019327,-0.003476555,-0.003931189,-0.00438129,-0.004825433,-0.005261503,-0.005687924,-0.006102395,-0.006503175,-0.006887757,-0.007254224,-0.007599841,-0.00792248,-0.008219157,-0.008487515,-0.008724296,-0.008926925,-0.009091889,-0.009216431,-0.009296875,-0.009330411,-0.009313354,-0.009243109,-0.00911629,-0.008930873,-0.008684245,-0.008375498,-0.008003294,-0.007568475,-0.007071615,-0.006515722,-0.005903789,-0.005241242,-0.004533536,-0.00378877,-0.003013741,-0.002218835,-0.001411134,-0.0006039569,0.0001967035,0.0009856279,0.001745726,0.002476191,0.003169165,0.003821034
0.00397426,0.004464381,0.004909015,0.005306611,0.005658004,0.005963266,0.006223721,0.006441279,0.006618388,0.006756309,0.006858389,0.00692646,0.006963561,0.006971798,0.00695393,0.006911993,0.006848373,0.006764898,0.006663511,0.006545719,0.006413031,0.006266597,0.006107493,0.005936551,0.005754453,0.005561754,0.005358826,0.005145997,0.004923404,0.004691224,0.004449423,0.004198111,0.003937169,0.003666692,0.003386554,0.003096896,0.002797616,0.002488959,0.002170902,0.001843817,0.001507809,0.001163405,0.0008108396,0.0004508211,8.372412e-05,-0.000289567,-0.0006685203,-0.00105208,-0.001439576,-0.001829777,-0.002221878,-0.002614484,-0.003006649,-0.003396818,-0.003783911,-0.00416621,-0.004542498,-0.004910889,-0.00527002,-0.005617813,-0.005952735,-0.006272501,-0.006575383,-0.006858848,-0.007120963,-0.007358919,-0.007570543,-0.007752764,-0.007903184,-0.008018482,-0.00809613,-0.008132662,-0.008125556,-0.008071437,-0.007968077,-0.0078125,-0.007603219,-0.007338136,-0.007017009,-0.006639159,-0.006206155,-0.005719262,-0.005182205,-0.00459863,-0.003974479,-0.003315219,-0.002629498,-0.00192367,-0.001208361,-0.0004881134,0.0002250679,0.0009202911,0.001598689,0.00224746,0.002862939,0.003439208
0.003529782,0.003957252,0.004342504,0.004685746,0.004986344,0.005245725,0.005464976,0.005645581,0.005789115,0.005898726,0.005975841,0.006023599,0.006043869,0.006039472,0.006012362,0.005965004,0.00589917,0.005816933,0.005719772,0.005609311,0.005486718,0.005353175,0.005209524,0.005056567,0.004894855,0.004724862,0.004546915,0.004361223,0.004167955,0.003967135,0.003758823,0.003542938,0.003319502,0.003088377,0.002849621,0.002603092,0.002348904,0.002086966,0.001817481,0.001540436,0.001256176,0.0009647874,0.0006667514,0.000362273,5.197289e-05,-0.0002638241,-0.0005843329,-0.0009091088,-0.001237225,-0.001568121,-0.00190073,-0.002234372,-0.002567828,-0.0029003,-0.003230425,-0.00355729,-0.003879376,-0.004195641,-0.004504394,-0.004804441,-0.005093899,-0.005371411,-0.005634866,-0.005882704,-0.006112572,-0.00632268,-0.006510396,-0.006673715,-0.006809726,-0.006916218,-0.006990081,-0.007028994,-0.007029754,-0.006990153,-0.00690714,-0.006778903,-0.006602936,-0.006378279,-0.006103387,-0.005778703,-0.005404192,-0.004982072,-0.004514292,-0.00400509,-0.0034585,-0.002881084,-0.00227799,-0.001657931,-0.00102622,-0.0003947212,0.000232767,0.0008512701,0.001445942,0.002016746,0.002556575,0.003062538
0.003099837,0.003467781,0.003798651,0.004091083,0.004346039,0.004563595,0.004745121,0.004892414,0.005007773,0.005092359,0.005149319,0.005180241,0.00518796,0.00517426,0.005141657,0.005091831,0.005026907,0.00494834,0.00485782,0.004756498,0.004645651,0.004526112,0.004398769,0.004264183,0.0041229,0.003975254,0.003821529,0.00366188,0.003496394,0.003325112,0.00314798,0.002964992,0.00277602,0.002581049,0.002379936,0.0021727,0.001959204,0.001739547,0.001513637,0.001281667,0.001043629,0.000799823,0.0005503243,0.0002955665,3.571346e-05,-0.0002286767,-0.0004973359,-0.0007695827,-0.001045055,-0.00132294,-0.001602782,-0.001883641,-0.00216496,-0.002445673,-0.00272512,-0.003002095,-0.003275828,-0.003544964,-0.00380861,-0.004065237,-0.004313802,-0.004552586,-0.004780366,-0.004995193,-0.005195655,-0.005379539,-0.005545208,-0.005690193,-0.005812632,-0.005909798,-0.005979681,-0.006019366,-0.006026792,-0.005999048,-0.005934242,-0.005829703,-0.005684084,-0.005495336,-0.005263072,-0.004986324,-0.004666149,-0.004303115,-0.003900038,-0.003459441,-0.002985988,-0.002483712,-0.001959673,-0.001418614,-0.0008695172,-0.0003152565,0.0002332545,0.000767593,0.001289067,0.001786358,0.002256752,0.002695065
0.002687934,0.003001894,0.003282025,0.003528748,0.00374155,0.003921898,0.004070794,0.004189643,0.004279901,0.004344437,0.004384458,0.004402817,0.004401046,0.004381654,0.004346206,0.004296838,0.004234922,0.004162208,0.004079792,0.003989012,0.00389069,0.003785773,0.003674814,0.003558439,0.003436965,0.003310752,0.003179948,0.003044696,0.002905031,0.002760948,0.002612408,0.002459322,0.002301625,0.00213918,0.001971953,0.001799796,0.001622715,0.001440594,0.001253502,0.001061368,0.0008643695,0.0006624928,0.0004560116,0.000244988,2.979375e-05,-0.0001894341,-0.0004122049,-0.000638305,-0.0008671404,-0.001098419,-0.001331442,-0.001565836,-0.001800782,-0.002035823,-0.002270026,-0.002502842,-0.002733206,-0.002960467,-0.003183413,-0.003401264,-0.00361264,-0.003816622,-0.004011626,-0.004196556,-0.004369611,-0.004529489,-0.004674133,-0.004802048,-0.004910909,-0.004999025,-0.005063868,-0.00510361,-0.005115591,-0.005098029,-0.005048306,-0.004964906,-0.004845575,-0.004689416,-0.004494869,-0.004262127,-0.003990773,-0.003682405,-0.003338174,-0.00296131,-0.002554667,-0.00212342,-0.001671307,-0.001205433,-0.0007295861,-0.0002540098,0.0002192881,0.0006858162,0.001133076,0.001561653,0.001965423,0.002342235
0.002300225,0.002563986,0.002798931,0.003003951,0.003180088,0.003327437,0.003447334,0.003541384,0.003611622,0.00365903,0.003686386,0.003694949,0.003687178,0.003664452,0.003628901,0.00358178,0.003524843,0.003459135,0.003386014,0.003306267,0.003220894,0.003130424,0.003035538,0.002936551,0.002833871,0.00272765,0.002618087,0.002505207,0.002389062,0.002269598,0.002146758,0.002020464,0.001890598,0.001757081,0.001619782,0.001478646,0.001333538,0.001184467,0.00103132,0.0008741732,0.0007129649,0.0005478475,0.0003788078,0.0002060933,2.974356e-05,-0.0001499069,-0.0003327536,-0.0005183751,-0.0007066068,-0.0008969295,-0.001089116,-0.001282555,-0.001476949,-0.001671588,-0.001866101,-0.002059666,-0.002251825,-0.002441633,-0.002628539,-0.002811449,-0.002989691,-0.00316201,-0.003327584,-0.003484961,-0.003633161,-0.003770499,-0.003895806,-0.004007172,-0.004103224,-0.004181818,-0.00424144,-0.004279746,-0.00429515,-0.004285259,-0.00424857,-0.004182817,-0.004086879,-0.003958904,-0.003798483,-0.003604549,-0.003377799,-0.003118331,-0.002828218,-0.0025091,-0.002164524,-0.001797326,-0.001413089,-0.001015172,-0.0006109145,-0.0002018442,0.0002025197,0.0005959737,0.0009799527,0.001344845,0.001688826,0.002007593
0.001939273,0.002158754,0.002352511,0.002521124,0.002664204,0.002783164,0.002878872,0.002952559,0.003005466,0.003040046,0.003057213,0.003059382,0.003047688,0.003024203,0.002990058,0.002946972,0.0028959,0.002838213,0.002774636,0.002706197,0.0026334,0.002556958,0.002477177,0.002394515,0.00230911,0.00222122,0.002130864,0.002038139,0.001942996,0.001845419,0.001745313,0.001642601,0.001537176,0.001428922,0.00131776,0.001203561,0.001086277,0.0009657944,0.0008421111,0.0007151368,0.0005849471,0.0004514833,0.0003148881,0.0001751471,3.246947e-05,-0.0001131152,-0.0002613135,-0.0004120505,-0.0005649592,-0.0007199154,-0.0008764754,-0.001034462,-0.001193344,-0.001352886,-0.001512466,-0.001671786,-0.00183012,-0.001987091,-0.002141857,-0.002293941,-0.002442363,-0.002586541,-0.002725323,-0.002857987,-0.002983205,-0.003100083,-0.003207081,-0.003303148,-0.003386509,-0.003455947,-0.003509504,-0.003545828,-0.003562822,-0.003559138,-0.003532658,-0.003482202,-0.003405873,-0.003302926,-0.003171934,-0.003012961,-0.002825405,-0.002610391,-0.002368498,-0.002102108,-0.001813124,-0.001505486,-0.001181744,-0.0008474806,-0.000505187,-0.0001633913,0.0001773146,0.0005131267,0.0008338779,0.001140644,0.001428416,0.001695748
0.001609728,0.001788982,0.001947142,0.002083354,0.002198643,0.002293096,0.002367905,0.002424397,0.002464249,0.002488192,0.002498511,0.002496094,0.002482922,0.002459948,0.002428846,0.002390457,0.002346123,0.002296513,0.002242646,0.002184993,0.002124289,0.002060818,0.001995072,0.001927187,0.001857452,0.001785896,0.001712658,0.001637683,0.001561008,0.001482531,0.001402208,0.001319931,0.001235609,0.001149141,0.001060422,0.0009693691,0.0008758719,0.0007798951,0.0006813339,0.0005802024,0.0004764243,0.0003700644,0.0002610729,0.0001495808,3.556586e-05,-8.078141e-05,-0.0001994461,-0.0003201783,-0.0004429272,-0.0005673731,-0.0006934272,-0.000820703,-0.0009490684,-0.001078063,-0.001207504,-0.001336847,-0.001465847,-0.001593867,-0.001720594,-0.001845272,-0.001967501,-0.002086399,-0.002201448,-0.002311614,-0.002416261,-0.002514162,-0.002604537,-0.002685979,-0.002757542,-0.002817623,-0.002865159,-0.002898366,-0.002916108,-0.00291653,-0.002898524,-0.002860288,-0.002800969,-0.00271902,-0.002614091,-0.00248517,-0.002332715,-0.002156548,-0.001958148,-0.001738491,-0.00150017,-0.001245044,-0.000977353,-0.0006992914,-0.0004166117,-0.0001298041,0.0001532185,0.0004281776,0.0006965735,0.0009506062,0.001189241,0.001409096
0.00131261,0.001457444,0.001583941,0.001692747,0.001783559,0.001857633,0.001915648,0.001958578,0.001987378,0.002004002,0.002009043,0.002004402,0.001990814,0.001969869,0.001942291,0.001909368,0.001871682,0.001830242,0.001785463,0.001738086,0.001688371,0.001636827,0.001583581,0.001528957,0.001472976,0.001415819,0.001357435,0.001297893,0.001237104,0.001175058,0.001111645,0.001046811,0.0009804404,0.0009124529,0.0008427586,0.0007712591,0.0006978916,0.0006225626,0.0005452401,0.000465842,0.0003843895,0.0003008145,0.0002151843,0.0001274535,3.773299e-05,-5.399943e-05,-0.000147575,-0.0002429921,-0.0003400311,-0.0004386625,-0.0005386132,-0.0006398226,-0.0007419542,-0.0008449103,-0.0009482902,-0.001051955,-0.001155426,-0.001258511,-0.001360643,-0.00146156,-0.001560594,-0.001657406,-0.001751196,-0.001841527,-0.001927462,-0.002008439,-0.002083357,-0.002151537,-0.002211692,-0.002263017,-0.002304076,-0.002333948,-0.002351072,-0.002354518,-0.002342669,-0.002314696,-0.002269105,-0.00220535,-0.002122237,-0.002019791,-0.001897369,-0.001755757,-0.001595149,-0.001417235,-0.001223181,-0.001015857,-0.0007968444,-0.000570332,-0.0003377494,-0.0001059066,0.0001256563,0.0003539446,0.0005709821,0.000778201,0.0009717251,0.001150726
0.001050517,0.001164867,0.001264878,0.001349908,0.001420871,0.001477807,0.001521679,0.001553486,0.001574494,0.001585166,0.001587244,0.001581265,0.001568705,0.001550138,0.001526788,0.00149914,0.001468158,0.001434209,0.001398011,0.001359798,0.001320083,0.001278979,0.00123683,0.001193656,0.001149661,0.001104804,0.001059185,0.00101272,0.0009654389,0.0009172308,0.0008680734,0.0008178598,0.0007665313,0.0007139912,0.0006601694,0.0006049834,0.0005483552,0.0004902368,0.0004305481,0.0003692753,0.0003063514,0.0002417955,0.0001755531,0.0001076877,3.815595e-05,-3.293889e-05,-0.0001056218,-0.0001797502,-0.0002553302,-0.0003321714,-0.0004102593,-0.0004893577,-0.0005694277,-0.000650181,-0.0007315482,-0.000813181,-0.0008949699,-0.0009764997,-0.001057617,-0.001137821,-0.0012169,-0.001294261,-0.001369613,-0.001442251,-0.0015118,-0.001577418,-0.001638628,-0.001694451,-0.001744291,-0.001787022,-0.001821962,-0.001847837,-0.001863904,-0.001868818,-0.001861839,-0.00184163,-0.001807613,-0.001758589,-0.00169432,-0.001613944,-0.001517773,-0.001405503,-0.001278156,-0.001136234,-0.0009815412,-0.0008151807,-0.0006402081,-0.0004578928,-0.0002725132,-8.383777e-05,0.0001019191,0.0002820567,0.0004580468,0.0006238909,0.0007791836,0.0009214202
0.0008226664,0.0009118141,0.0009888785,0.001054479,0.001108356,0.001151534,0.001184474,0.001207864,0.00122235,0.001229382,0.00122925,0.001223351,0.001212073,0.001196554,0.001177182,0.00115486,0.001129883,0.00110295,0.001074248,0.001044287,0.001013161,0.0009812197,0.0009484811,0.0009151685,0.00088124,0.000846828,0.0008118497,0.0007763641,0.0007402748,0.0007035852,0.0006661928,0.0006280717,0.0005891206,0.0005492926,0.0005085082,0.0004667045,0.0004238226,0.0003797982,0.0003345934,0.0002881463,0.0002404553,0.0001914615,0.0001411941,8.960313e-05,3.674547e-05,-1.74189e-05,-7.27947e-05,-0.000129412,-0.0001871414,-0.0002460003,-0.0003058237,-0.0003666126,-0.0004281589,-0.0004904433,-0.0005532136,-0.0006164274,-0.0006797777,-0.0007431902,-0.0008062972,-0.0008689798,-0.0009307996,-0.0009915901,-0.00105082,-0.001108259,-0.001163281,-0.001215572,-0.00126439,-0.001309343,-0.001349556,-0.001384552,-0.001413341,-0.001435367,-0.00144954,-0.001455289,-0.001451463,-0.00143755,-0.001412456,-0.001375845,-0.001326794,-0.001265344,-0.00119091,-0.001104043,-0.001004703,-0.000894042,-0.0007726821,-0.0006426054,-0.0005046493,-0.0003617915,-0.0002146442,-6.840463e-05,7.808422e-05,0.000222647,0.0003592584,0.0004895608,0.0006107202,0.0007223892
0.000629489,0.0006969515,0.0007555205,0.0008047225,0.0008452861,0.0008771927,0.0009011413,0.0009178034,0.0009280469,0.0009321009,0.0009311882,0.0009255625,0.000916241,0.0009035058,0.0008881852,0.0008705071,0.0008511159,0.0008301692,0.0008081441,0.0007851219,0.0007614432,0.0007371203,0.0007123859,0.000687201,0.0006617099,0.0006358454,0.000609683,0.0005831364,0.0005562377,0.0005288892,0.0005010888,0.000472747,0.0004438357,0.0004142764,0.000384031,0.0003530316,0.0003212325,0.0002885897,0.0002550513,0.0002205965,0.0001851771,0.000148793,0.0001113999,7.302619e-05,3.362982e-05,-6.735414e-06,-4.810466e-05,-9.039936e-05,-0.0001336464,-0.0001777365,-0.0002226872,-0.0002683595,-0.0003147596,-0.0003617139,-0.0004092129,-0.0004570432,-0.0005051722,-0.0005533429,-0.0006014974,-0.0006493215,-0.0006967235,-0.0007433276,-0.0007889924,-0.0008332691,-0.000875966,-0.0009165387,-0.0009547343,-0.0009899165,-0.001021754,-0.001049511,-0.001072799,-0.001090774,-0.00110301,-0.001108604,-0.001107119,-0.001097643,-0.001079838,-0.001052851,-0.00101656,-0.0009703037,-0.0009143066,-0.0008482484,-0.0007728062,-0.000688176,-0.0005955371,-0.0004954504,-0.0003899781,-0.0002797166,-0.0001676476,-5.313246e-05,5.927234e-05,0.0001680562,0.0002745504,0.0003744363,0.0004677334,0.0005527051
0.0004685519,0.0005188072,0.0005618318,0.0005981554,0.0006275367,0.0006507419,0.0006680297,0.0006798228,0.0006864922,0.0006890375,0.0006875159,0.000682882,0.0006752695,0.0006654371,0.0006535351,0.0006401559,0.0006254016,0.0006097293,0.0005931832,0.0005760993,0.0005584743,0.0005405426,0.0005222652,0.0005037966,0.000485071,0.0004661866,0.0004470599,0.0004277433,0.0004081524,0.0003883035,0.0003681142,0.0003475808,0.0003266257,0.0003052294,0.0002833315,0.0002608988,0.0002378866,0.000214257,0.0001899788,0.0001650123,0.0001393501,0.0001129497,8.582377e-05,5.793069e-05,2.930043e-05,-1.064996e-07,-3.023554e-05,-6.112421e-05,-9.269628e-05,-0.0001249858,-0.0001578937,-0.0001914478,-0.0002255213,-0.0002601329,-0.0002951275,-0.0003305137,-0.000366101,-0.0004018819,-0.0004376267,-0.0004733036,-0.0005086382,-0.0005435731,-0.0005777735,-0.000611148,-0.0006432999,-0.0006740881,-0.0007030439,-0.000729982,-0.0007543426,-0.0007758936,-0.0007939991,-0.0008083751,-0.0008183172,-0.0008235321,-0.000823261,-0.0008172471,-0.000804749,-0.000785612,-0.0007591783,-0.0007255262,-0.0006841817,-0.0006355319,-0.0005794245,-0.0005166093,-0.0004473391,-0.0003729051,-0.0002936171,-0.0002114702,-0.000126509,-4.25138e-05,4.202997e-05,0.0001256696,0.000204039,0.0002788279,0.0003480737,0.0004117586
0.0003384374,0.0003743974,0.0004054487,0.000431253,0.0004523286,0.0004686102,0.0004805489,0.0004885396,0.0004931142,0.0004943373,0.0004929904,0.0004891404,0.0004834269,0.0004759435,0.0004672043,0.0004572786,0.0004465643,0.0004350976,0.000423174,0.0004107933,0.0003981689,0.0003852684,0.0003722419,0.0003590338,0.0003457424,0.0003323024,0.0003187712,0.000305078,0.0002912543,0.0002772265,0.0002630053,0.0002485255,0.0002337805,0.0002187144,0.0002033127,0.0001875271,0.0001713364,0.0001547081,0.000137614,0.0001200364,0.0001019465,8.33388e-05,6.418402e-05,4.449403e-05,2.423763e-05,3.442106e-06,-1.792281e-05,-3.981518e-05,-6.226308e-05,-8.520589e-05,-0.0001086692,-0.0001325744,-0.0001569433,-0.0001816766,-0.0002067892,-0.0002321579,-0.0002577868,-0.0002835263,-0.0003093687,-0.0003351298,-0.0003607849,-0.0003861131,-0.0004110632,-0.0004353707,-0.0004589582,-0.0004815031,-0.0005028957,-0.0005227578,-0.0005409354,-0.0005569897,-0.0005707358,-0.000581665,-0.0005895719,-0.0005939057,-0.0005944538,-0.0005906493,-0.0005823345,-0.0005689635,-0.0005505014,-0.000526496,-0.0004971127,-0.0004620825,-0.0004218297,-0.0003763809,-0.0003264481,-0.0002722466,-0.0002150552,-0.0001550469,-9.413272e-05,-3.155279e-05,2.962633e-05,8.869352e-05,0.0001467425,0.0002009126,0.0002514358,0.0002972017
0.0002355639,0.0002607612,0.0002821287,0.0003000781,0.0003143838,0.0003255729,0.000333749,0.0003391293,0.0003418802,0.0003426418,0.0003413268,0.0003385441,0.0003342704,0.0003289796,0.0003226768,0.0003157287,0.0003081259,0.0003001527,0.000291778,0.0002832143,0.000274414,0.0002655303,0.0002565042,0.0002474423,0.0002382783,0.0002290859,0.0002197947,0.0002104511,0.0002009899,0.0001914348,0.0001817262,0.0001718744,0.0001618255,0.0001515784,0.0001410918,0.0001303542,0.0001193354,0.0001080179,9.638085e-05,8.440265e-05,7.207754e-05,5.937918e-05,4.63145e-05,3.28541e-05,1.901549e-05,4.767663e-06,-9.856722e-06,-2.489065e-05,-4.028821e-05,-5.608382e-05,-7.221787e-05,-8.872405e-05,-0.0001055257,-0.0001226546,-0.0001400173,-0.0001576432,-0.0001754176,-0.0001933644,-0.0002113456,-0.0002293747,-0.0002472878,-0.0002650881,-0.0002825763,-0.0002997409,-0.0003163464,-0.0003323578,-0.000347498,-0.0003617117,-0.000374668,-0.0003862904,-0.0003962021,-0.0004043007,-0.0004101665,-0.0004136951,-0.000414427,-0.0004122809,-0.0004067954,-0.0003979455,-0.0003853002,-0.0003689667,-0.0003485956,-0.0003244632,-0.0002963849,-0.0002648259,-0.000229821,-0.0001921575,-0.0001518239,-0.0001100737,-6.662625e-05,-2.40877e-05,1.909976e-05,6.204571e-05,0.0001017449,0.0001397594,0.0001747987,0.0002070298
0.0001572756,0.0001739385,0.0001882852,0.0002000916,0.0002096798,0.000216969,0.0002222117,0.000225605,0.0002274324,0.000227673,0.0002267701,0.0002246988,0.0002218175,0.0002181246,0.000213906,0.0002091546,0.000204092,0.0001987012,0.0001931485,0.0001874042,0.0001815911,0.0001756682,0.0001697253,0.000163714,0.0001576966,0.000151624,0.0001455365,0.0001393855,0.0001331971,0.0001269238,0.00012058,0.0001141246,0.0001075616,0.0001008567,9.400814e-05,8.698668e-05,7.978568e-05,7.238514e-05,6.477312e-05,5.693812e-05,4.886594e-05,4.055197e-05,3.198014e-05,2.315551e-05,1.405916e-05,4.704681e-06,-4.928234e-06,-1.481799e-05,-2.498541e-05,-3.539863e-05,-4.60789e-05,-5.698465e-05,-6.813699e-05,-7.948315e-05,-9.104249e-05,-0.0001027493,-0.000114619,-0.0001265721,-0.0001386201,-0.0001506648,-0.0001627113,-0.0001746419,-0.0001864503,-0.0001979963,-0.0002092623,-0.0002200774,-0.0002304107,-0.0002400614,-0.0002489782,-0.0002569285,-0.0002638474,-0.0002694636,-0.0002737041,-0.0002762727,-0.000277093,-0.0002758555,-0.0002725122,-0.0002667557,-0.0002586014,-0.0002477781,-0.0002344027,-0.0002182873,-0.0001996768,-0.0001785288,-0.0001552295,-0.0001298127,-0.0001029872,-7.471728e-05,-4.609861e-05,-1.646444e-05,1.233627e-05,4.005127e-05,6.748166e-05,9.292612e-05,0.0001166555,0.0001380329
9.951559e-05,0.0001102063,0.0001191721,0.0001267042,0.0001326088,0.0001372173,0.0001405401,0.0001426635,0.0001436302,0.0001438176,0.000143083,0.0001417863,0.0001398364,0.0001375085,0.0001347427,0.0001317519,0.00012848,0.0001250944,0.000121538,0.0001179391,0.0001142402,0.0001105383,0.0001067768,0.0001030274,9.923561e-05,9.545482e-05,9.163298e-05,8.780817e-05,8.393464e-05,8.003713e-05,7.607613e-05,7.20673e-05,6.797644e-05,6.381153e-05,5.954698e-05,5.518324e-05,5.07023e-05,4.609918e-05,4.136198e-05,3.648148e-05,3.145494e-05,2.626855e-05,2.09272e-05,1.541303e-05,9.737345e-06,3.879366e-06,-2.140671e-06,-8.346673e-06,-1.471076e-05,-2.126006e-05,-2.795882e-05,-3.483594e-05,-4.184597e-05,-4.901912e-05,-5.630068e-05,-6.372239e-05,-7.121801e-05,-7.881908e-05,-8.644671e-05,-9.413028e-05,-0.0001017773,-0.0001094152,-0.0001169331,-0.0001243549,-0.0001315507,-0.0001385366,-0.0001451618,-0.0001514363,-0.0001571811,-0.0001624009,-0.000166892,-0.0001706506,-0.0001734491,-0.0001752867,-0.0001759112,-0.000175337,-0.000173303,-0.0001698535,-0.0001647308,-0.0001580471,-0.0001495689,-0.0001394895,-0.0001276438,-0.0001143054,-9.94092e-05,-8.340102e-05,-6.612499e-05,-4.831347e-05,-2.957541e-05,-1.158648e-05,6.990119e-06,2.565528e-05,4.248728e-05,5.875686e-05,7.366428e-05,8.743691e-05
5.910531e-05,6.537066e-05,7.076736e-05,7.516601e-05,7.873522e-05,8.140786e-05,8.330132e-05,8.449456e-05,8.511337e-05,8.511309e-05,8.47086e-05,8.385201e-05,8.271527e-05,8.126783e-05,7.964583e-05,7.782174e-05,7.59019e-05,7.385887e-05,7.177385e-05,6.961774e-05,6.74523e-05,6.524665e-05,6.304769e-05,6.082394e-05,5.861001e-05,5.637618e-05,5.41469e-05,5.189457e-05,4.963671e-05,4.734764e-05,4.503903e-05,4.268926e-05,4.030459e-05,3.786733e-05,3.538031e-05,3.282882e-05,3.02127e-05,2.752192e-05,2.47531e-05,2.190052e-05,1.895873e-05,1.592547e-05,1.279358e-05,9.565495e-06,6.231888e-06,2.799344e-06,-7.43126e-07,-4.385095e-06,-8.138662e-06,-1.198851e-05,-1.594787e-05,-1.999687e-05,-2.414978e-05,-2.83815e-05,-3.270656e-05,-3.709389e-05,-4.155748e-05,-4.606001e-05,-5.061498e-05,-5.51768e-05,-5.975755e-05,-6.430301e-05,-6.882176e-05,-7.324976e-05,-7.759251e-05,-8.177244e-05,-8.579111e-05,-8.955805e-05,-9.306784e-05,-9.621594e-05,-9.899313e-05,-0.0001012773,-0.0001030577,-0.0001042,-0.0001046934,-0.0001043954,-0.0001033082,-0.0001012859,-9.835853e-05,-9.438927e-05,-8.945112e-05,-8.343619e-05,-7.646907e-05,-6.849963e-05,-5.970789e-05,-5.006228e-05,-3.98985e-05,-2.912499e-05,-1.827943e-05,-6.901189e-06,4.047371e-06,1.452275e-05,2.503181e-05,3.469897e-05,4.373124e-05,5.181527e-05
3.217303e-05,3.567059e-05,3.855191e-05,4.099683e-05,4.286543e-05,4.434208e-05,4.540098e-05,4.606363e-05,4.631913e-05,4.636631e-05,4.607702e-05,4.564246e-05,4.497066e-05,4.420601e-05,4.328131e-05,4.230897e-05,4.123162e-05,4.013919e-05,3.898027e-05,3.782615e-05,3.66306e-05,3.544985e-05,3.424222e-05,3.305188e-05,3.184154e-05,3.064596e-05,2.943193e-05,2.822615e-05,2.70005e-05,2.577459e-05,2.452505e-05,2.326596e-05,2.197798e-05,2.067039e-05,1.932905e-05,1.795864e-05,1.654958e-05,1.510258e-05,1.361186e-05,1.207487e-05,1.049085e-05,8.853953e-06,7.167652e-06,5.422753e-06,3.626381e-06,1.76675e-06,-1.441867e-07,-2.12089e-06,-4.147362e-06,-6.241029e-06,-8.381752e-06,-1.05891e-05,-1.283789e-05,-1.514978e-05,-1.749496e-05,-1.989751e-05,-2.232206e-05,-2.479429e-05,-2.727272e-05,-2.978417e-05,-3.228083e-05,-3.479097e-05,-3.725845e-05,-3.971241e-05,-4.208826e-05,-4.441476e-05,-4.661785e-05,-4.872684e-05,-5.065538e-05,-5.24337e-05,-5.396415e-05,-5.527707e-05,-5.626318e-05,-5.695734e-05,-5.72374e-05,-5.714767e-05,-5.655769e-05,-5.552682e-05,-5.391829e-05,-5.182246e-05,-4.91026e-05,-4.588122e-05,-4.204151e-05,-3.77306e-05,-3.286699e-05,-2.767813e-05,-2.199692e-05,-1.620902e-05,-9.977182e-06,-4.262552e-06,1.872535e-06,8.178184e-06,1.356575e-05,1.890174e-05,2.373696e-05,2.82665e-05
1.567215e-05,1.733364e-05,1.877404e-05,1.993342e-05,2.088135e-05,2.157818e-05,2.206582e-05,2.236715e-05,2.252464e-05,2.250479e-05,2.239026e-05,2.214634e-05,2.183847e-05,2.144179e-05,2.100773e-05,2.051536e-05,2.000538e-05,1.945915e-05,1.89085e-05,1.833617e-05,1.776714e-05,1.71851e-05,1.660979e-05,1.602593e-05,1.544886e-05,1.486489e-05,1.428563e-05,1.369892e-05,1.311368e-05,1.251907e-05,1.192163e-05,1.131246e-05,1.069589e-05,1.00648e-05,9.421888e-06,8.761448e-06,8.084737e-06,7.387984e-06,6.670954e-06,5.931615e-06,5.168545e-06,4.381139e-06,3.566972e-06,2.7273e-06,1.858568e-06,9.63641e-07,3.792526e-08,-9.142128e-07,-1.89816e-06,-2.907667e-06,-3.948945e-06,-5.014042e-06,-6.110022e-06,-7.227028e-06,-8.372692e-06,-9.534974e-06,-1.07219e-05,-1.191921e-05,-1.313541e-05,-1.435342e-05,-1.55819e-05,-1.680083e-05,-1.801853e-05,-1.921168e-05,-2.038845e-05,-2.152106e-05,-2.261736e-05,-2.364525e-05,-2.461144e-05,-2.547912e-05,-2.625482e-05,-2.689579e-05,-2.74092e-05,-2.774773e-05,-2.791952e-05,-2.787357e-05,-2.762298e-05,-2.711383e-05,-2.636883e-05,-2.53338e-05,-2.404538e-05,-2.245551e-05,-2.061585e-05,-1.849463e-05,-1.615854e-05,-1.357421e-05,-1.086758e-05,-7.970069e-06,-5.09114e-06,-1.988131e-06,9.348454e-07,3.694814e-06,6.549982e-06,9.136067e-06,1.156601e-05,1.371754e-05
6.43762e-06,7.157088e-06,7.723443e-06,8.223637e-06,8.582574e-06,8.882326e-06,9.099214e-06,9.233483e-06,9.267164e-06,9.28508e-06,9.211986e-06,9.130444e-06,8.984191e-06,8.835113e-06,8.640814e-06,8.449966e-06,8.227382e-06,8.012677e-06,7.775823e-06,7.549093e-06,7.306694e-06,7.07502e-06,6.831757e-06,6.598496e-06,6.35605e-06,6.122035e-06,5.880021e-06,5.644141e-06,5.400791e-06,5.161027e-06,4.913812e-06,4.667518e-06,4.413337e-06,4.157268e-06,3.892983e-06,3.624286e-06,3.347026e-06,3.062886e-06,2.769599e-06,2.467052e-06,2.155245e-06,1.832341e-06,1.500233e-06,1.155211e-06,8.008874e-07,4.32043e-07,5.442153e-08,-3.387077e-07,-7.398409e-07,-1.157451e-06,-1.582234e-06,-2.024038e-06,-2.471401e-06,-2.935598e-06,-3.403274e-06,-3.887335e-06,-4.372234e-06,-4.87223e-06,-5.369353e-06,-5.879233e-06,-6.381496e-06,-6.893315e-06,-7.391333e-06,-7.894161e-06,-8.375357e-06,-8.85487e-06,-9.302863e-06,-9.740932e-06,-1.013502e-05,-1.050865e-05,-1.082362e-05,-1.110541e-05,-1.131125e-05,-1.146982e-05,-1.153313e-05,-1.153453e-05,-1.142124e-05,-1.123304e-05,-1.091151e-05,-1.050796e-05,-9.959191e-06,-9.326379e-06,-8.548596e-06,-7.69072e-06,-6.699983e-06,-5.671504e-06,-4.5011e-06,-3.35439e-06,-2.036034e-06,-9.854947e-07,2.846717e-07,1.672284e-06,2.687833e-06,3.775104e-06,4.730099e-06,5.66587e-06
2.056041e-06,2.271883e-06,2.463859e-06,2.613964e-06,2.740853e-06,2.830447e-06,2.892173e-06,2.929762e-06,2.952064e-06,2.945926e-06,2.932118e-06,2.897317e-06,2.857764e-06,2.803586e-06,2.747422e-06,2.681232e-06,2.615178e-06,2.54242e-06,2.471148e-06,2.395411e-06,2.321857e-06,2.245229e-06,2.170973e-06,2.094442e-06,2.020055e-06,1.943795e-06,1.869202e-06,1.79284e-06,1.717533e-06,1.640349e-06,1.563481e-06,1.484568e-06,1.405223e-06,1.323605e-06,1.240827e-06,1.155483e-06,1.068245e-06,9.782276e-07,8.856726e-07,7.90155e-07,6.915081e-07,5.897039e-07,4.84232e-07,3.755486e-07,2.627906e-07,1.468251e-07,2.641834e-08,-9.717174e-08,-2.25475e-07,-3.567572e-07,-4.928544e-07,-6.316183e-07,-7.752252e-07,-9.210733e-07,-1.071609e-06,-1.223712e-06,-1.380095e-06,-1.537138e-06,-1.697852e-06,-1.858009e-06,-2.020871e-06,-2.181566e-06,-2.343563e-06,-2.5013e-06,-2.658497e-06,-2.808703e-06,-2.955891e-06,-3.092726e-06,-3.22335e-06,-3.339449e-06,-3.445508e-06,-3.532003e-06,-3.603931e-06,-3.650692e-06,-3.677899e-06,-3.673889e-06,-3.64554e-06,-3.580085e-06,-3.486541e-06,-3.351048e-06,-3.18542e-06,-2.975938e-06,-2.736798e-06,-2.456692e-06,-2.151708e-06,-1.807615e-06,-1.455141e-06,-1.067748e-06,-6.98662e-07,-2.675739e-07,1.131573e-07,4.571457e-07,8.494254e-07,1.189542e-06,1.51507e-06,1.794986e-06
4.020536e-07,4.527313e-07,4.840513e-07,5.190935e-07,5.367531e-07,5.577168e-07,5.739709e-07,5.841345e-07,5.815027e-07,5.868849e-07,5.783421e-07,5.763386e-07,5.641863e-07,5.571805e-07,5.4259e-07,5.325477e-07,5.166083e-07,5.047618e-07,4.882753e-07,4.754334e-07,4.588809e-07,4.455441e-07,4.291765e-07,4.155775e-07,3.994764e-07,3.856929e-07,3.698058e-07,3.557662e-07,3.399534e-07,3.255522e-07,3.096621e-07,2.947508e-07,2.785534e-07,2.628981e-07,2.461731e-07,2.296297e-07,2.12231e-07,1.946342e-07,1.763162e-07,1.574246e-07,1.380134e-07,1.177566e-07,9.719225e-08,7.54599e-08,5.355118e-08,3.016742e-08,6.838823e-09,-1.816523e-08,-4.287393e-08,-6.952486e-08,-9.56954e-08,-1.240378e-07,-1.515983e-07,-1.81468e-07,-2.102376e-07,-2.41501e-07,-2.713392e-07,-3.037885e-07,-3.343648e-07,-3.675928e-07,-3.984449e-07,-4.319789e-07,-4.62532e-07,-4.956946e-07,-5.251324e-07,-5.570232e-07,-5.843048e-07,-6.137989e-07,-6.375896e-07,-6.632312e-07,-6.819026e-07,-7.019813e-07,-7.136006e-07,-7.261394e-07,-7.285171e-07,-7.313885e-07,-7.222905e-07,-7.134927e-07,-6.906596e-07,-6.686236e-07,-6.310852e-07,-5.946596e-07,-5.425615e-07,-4.911713e-07,-4.245125e-07,-3.65716e-07,-2.836409e-07,-2.192571e-07,-1.158481e-07,-8.604659e-08,4.063012e-09,1.300986e-07,1.68378e-07,2.399561e-07,2.925163e-07,3.58942e-07
2.541478e-08,2.824941e-08,3.050977e-08,3.247377e-08,3.390727e-08,3.50751e-08,3.591848e-08,3.643548e-08,3.657147e-08,3.661606e-08,3.633116e-08,3.598599e-08,3.541134e-08,3.480408e-08,3.404073e-08,3.327314e-08,3.240005e-08,3.154275e-08,3.061555e-08,2.971494e-08,2.876802e-08,2.785156e-08,2.690322e-08,2.598372e-08,2.504027e-08,2.41206e-08,2.318025e-08,2.225565e-08,2.131122e-08,2.037334e-08,1.941451e-08,1.84526e-08,1.746695e-08,1.646798e-08,1.544291e-08,1.439518e-08,1.331896e-08,1.221105e-08,1.107142e-08,9.891377e-09,8.678137e-09,7.417667e-09,6.123212e-09,4.774939e-09,3.391401e-09,1.948193e-09,4.707334e-10,-1.06998e-09,-2.642925e-09,-4.28246e-09,-5.951867e-09,-7.689592e-09,-9.451925e-09,-1.12815e-08,-1.312851e-08,-1.504047e-08,-1.69604e-08,-1.893971e-08,-2.091341e-08,-2.293669e-08,-2.493663e-08,-2.697276e-08,-2.896209e-08,-3.096802e-08,-3.289722e-08,-3.481623e-08,-3.662032e-08,-3.838034e-08,-3.997698e-08,-4.148621e-08,-4.277477e-08,-4.392334e-08,-4.478356e-08,-4.544535e-08,-4.574292e-08,-4.578072e-08,-4.537814e-08,-4.466005e-08,-4.34293e-08,-4.184936e-08,-3.971145e-08,-3.721179e-08,-3.415614e-08,-3.075364e-08,-2.684414e-08,-2.274365e-08,-1.812429e-08,-1.353396e-08,-8.362242e-09,-4.04062e-09,9.324651e-10,6.37674e-09,1.050462e-08,1.4811e-08,1.863461e-08,2.232885e-08
0,0,0,0,0,0,0,0,0,0,0,0,0,0,0,0,0,0,0,0,0,0,0,0,0,0,0,0,0,0,0,0,0,0,0,0,0,0,0,0,0,0,0,0,0,0,0,0,0,0,0,0,0,0,0,0,0,0,0,0,0,0,0,0,0,0,0,0,0,0,0,0,0,0,0,0,0,0,0,0,0,0,0,0,0,0,0,0,0,0,0,0,0,0,0,0
