NaN,NaN,NaN,NaN,NaN,NaN,NaN,NaN,NaN,NaN,NaN,NaN,NaN,NaN,NaN,0,0,0,0,0,0,0,0,0,0,0,0,0,0,0,0,0,0,0,0,0,0,0,0,0,0,0,0,0,0,0,0,0,0,0,0,0,0,0,0,0,0,0,0,0,0,0,0,0,0,0,0,0,0,0,0,0,0,0,0,0,0,0,0,0,0,0,NaN,NaN,NaN,NaN,NaN,NaN,NaN,NaN,NaN,NaN,NaN,NaN,NaN,NaN
NaN,NaN,NaN,NaN,NaN,NaN,NaN,NaN,NaN,NaN,NaN,NaN,NaN,NaN,NaN,-6.438122e-10,-7.235498e-10,-6.774797e-10,-7.056993e-10,-7.399495e-10,-7.982778e-10,-8.425525e-10,-8.876822e-10,-9.175404e-10,-9.40874e-10,-9.500697e-10,-9.486844e-10,-9.339125e-10,-9.055033e-10,-8.64171e-10,-8.070491e-10,-7.375724e-10,-6.506783e-10,-5.5173e-10,-4.340047e-10,-3.048749e-10,-1.567104e-10,1.301507e-12,1.777702e-10,3.621428e-10,5.636443e-10,7.702647e-10,9.916282e-10,1.214722e-09,1.4499e-09,1.683268e-09,1.925258e-09,2.160927e-09,2.400967e-09,2.630208e-09,2.86011e-09,3.075167e-09,3.286677e-09,3.478504e-09,3.662058e-09,3.821417e-09,3.968563e-09,4.087772e-09,4.191013e-09,4.262857e-09,4.315726e-09,4.335103e-09,4.333796e-09,4.297942e-09,4.239965e-09,4.146427e-09,4.028912e-09,3.873997e-09,3.691562e-09,3.469331e-09,3.217856e-09,2.93326e-09,2.636485e-09,2.347438e-09,2.110103e-09,1.980349e-09,2.004868e-09,2.195981e-09,2.382208e-09,2.263506e-09,1.362238e-09,-1.266868e-10,NaN,NaN,NaN,NaN,NaN,NaN,NaN,NaN,NaN,NaN,NaN,NaN,NaN,NaN
NaN,NaN,NaN,NaN,NaN,NaN,NaN,NaN,NaN,NaN,NaN,NaN,NaN,NaN,NaN,-9.162555e-09,-1.155843e-08,-9.805997e-09,-1.124783e-08,-1.089284e-08,-1.262461e-08,-1.252625e-08,-1.39495e-08,-1.373016e-08,-1.472751e-08,-1.426333e-08,-1.479834e-08,-1.403891e-08,-1.41002e-08,-1.299825e-08,-1.255478e-08,-1.10715e-08,-1.012175e-08,-8.247864e-09,-6.782149e-09,-4.483874e-09,-2.49387e-09,2.057824e-10,2.654854e-09,5.700716e-09,8.571206e-09,1.194099e-08,1.517009e-08,1.875322e-08,2.220095e-08,2.588789e-08,2.947732e-08,3.319623e-08,3.6804e-08,4.038447e-08,4.383566e-08,4.715335e-08,5.036188e-08,5.332252e-08,5.614156e-08,5.856304e-08,6.082803e-08,6.259956e-08,6.423355e-08,6.526773e-08,6.61601e-08,6.63472e-08,6.643032e-08,6.574353e-08,6.500304e-08,6.340063e-08,6.177686e-08,5.91881e-08,5.661525e-08,5.296393e-08,4.93863e-08,4.472426e-08,4.049924e-08,3.571337e-08,3.247469e-08,3.006294e-08,3.089808e-08,3.32709e-08,3.667078e-08,3.418322e-08,2.102026e-08,-2.250187e-09,NaN,NaN,NaN,NaN,NaN,NaN,NaN,NaN,NaN,NaN,NaN,NaN,NaN,NaN
NaN,NaN,NaN,NaN,NaN,NaN,NaN,NaN,NaN,NaN,NaN,NaN,NaN,NaN,NaN,-4.656915e-08,-5.049835e-08,-4.903286e-08,-4.982544e-08,-5.39528e-08,-5.712833e-08,-6.166649e-08,-6.386419e-08,-6.708851e-08,-6.776344e-08,-6.934091e-08,-6.831412e-08,-6.802885e-08,-6.512052e-08,-6.281153e-08,-5.791249e-08,-5.34815e-08,-4.649713e-08,-3.984839e-08,-3.0711e-08,-2.182254e-08,-1.055701e-08,5.002662e-10,1.37693e-08,2.67934e-08,4.17828e-08,5.643756e-08,7.280002e-08,8.872564e-08,1.060591e-07,1.22764e-07,1.404878e-07,1.573582e-07,1.748883e-07,1.913702e-07,2.081428e-07,2.236151e-07,2.389528e-07,2.527395e-07,2.660112e-07,2.775169e-07,2.881222e-07,2.967328e-07,3.040696e-07,3.092657e-07,3.129179e-07,3.143763e-07,3.14059e-07,3.115431e-07,3.070514e-07,3.004062e-07,2.915569e-07,2.805293e-07,2.669158e-07,2.510854e-07,2.324293e-07,2.122019e-07,1.902236e-07,1.697958e-07,1.5204e-07,1.432532e-07,1.442223e-07,1.584819e-07,1.702555e-07,1.618227e-07,9.627115e-08,-8.548907e-09,NaN,NaN,NaN,NaN,NaN,NaN,NaN,NaN,NaN,NaN,NaN,NaN,NaN,NaN
NaN,NaN,NaN,NaN,NaN,NaN,NaN,NaN,NaN,NaN,NaN,NaN,NaN,NaN,NaN,-1.277639e-07,-1.470352e-07,-1.363199e-07,-1.462052e-07,-1.529303e-07,-1.683746e-07,-1.765771e-07,-1.881176e-07,-1.928696e-07,-1.991809e-07,-1.994988e-07,-2.002416e-07,-1.955883e-07,-1.904415e-07,-1.803218e-07,-1.689494e-07,-1.530027e-07,-1.352361e-07,-1.132504e-07,-8.892456e-08,-6.069714e-08,-2.982604e-08,4.384067e-09,4.123088e-08,8.076802e-08,1.228779e-07,1.670077e-07,2.134151e-07,2.609054e-07,3.101567e-07,3.595523e-07,4.101973e-07,4.60008e-07,5.103425e-07,5.586801e-07,6.067813e-07,6.518828e-07,6.960808e-07,7.36231e-07,7.74621e-07,8.078032e-07,8.384561e-07,8.62996e-07,8.844311e-07,8.9894e-07,9.098369e-07,9.131699e-07,9.126734e-07,9.042716e-07,8.91944e-07,8.713191e-07,8.465344e-07,8.128833e-07,7.745987e-07,7.268093e-07,6.742962e-07,6.134419e-07,5.517339e-07,4.900199e-07,4.411727e-07,4.127023e-07,4.183431e-07,4.549056e-07,4.910875e-07,4.59948e-07,2.754554e-07,-2.64257e-08,NaN,NaN,NaN,NaN,NaN,NaN,NaN,NaN,NaN,NaN,NaN,NaN,NaN,NaN
NaN,NaN,NaN,NaN,NaN,NaN,NaN,NaN,NaN,NaN,NaN,NaN,NaN,NaN,NaN,-2.810973e-07,-3.094085e-07,-3.010021e-07,-3.141911e-07,-3.430947e-07,-3.699899e-07,-3.991303e-07,-4.16773e-07,-4.356479e-07,-4.418406e-07,-4.494186e-07,-4.438433e-07,-4.392546e-07,-4.211221e-07,-4.034883e-07,-3.721817e-07,-3.408976e-07,-2.959004e-07,-2.504286e-07,-1.913661e-07,-1.315409e-07,-5.857505e-08,1.50885e-08,1.01009e-07,1.87112e-07,2.841561e-07,3.806101e-07,4.865433e-07,5.909159e-07,7.029602e-07,8.119998e-07,9.264714e-07,1.036341e-06,1.149473e-06,1.256455e-06,1.364432e-06,1.464478e-06,1.563035e-06,1.651906e-06,1.736962e-06,1.810687e-06,1.878264e-06,1.932913e-06,1.979261e-06,2.011572e-06,2.033993e-06,2.041806e-06,2.03846e-06,2.020324e-06,1.989999e-06,1.944938e-06,1.886462e-06,1.812884e-06,1.723829e-06,1.619264e-06,1.498145e-06,1.365467e-06,1.223724e-06,1.090226e-06,9.766055e-07,9.17857e-07,9.235683e-07,1.007222e-06,1.072554e-06,1.001855e-06,5.896815e-07,-5.320717e-08,NaN,NaN,NaN,NaN,NaN,NaN,NaN,NaN,NaN,NaN,NaN,NaN,NaN,NaN
NaN,NaN,NaN,NaN,NaN,NaN,NaN,NaN,NaN,NaN,NaN,NaN,NaN,NaN,NaN,-4.958376e-07,-5.648076e-07,-5.422542e-07,-5.905237e-07,-6.429986e-07,-7.128244e-07,-7.62074e-07,-8.08041e-07,-8.351493e-07,-8.555273e-07,-8.603394e-07,-8.561419e-07,-8.379911e-07,-8.08568e-07,-7.659958e-07,-7.102876e-07,-6.421089e-07,-5.594163e-07,-4.647921e-07,-3.545044e-07,-2.329166e-07,-9.532954e-08,5.202711e-08,2.146302e-07,3.849247e-07,5.692332e-07,7.588611e-07,9.605512e-07,1.164378e-06,1.377539e-06,1.589317e-06,1.807372e-06,2.020254e-06,2.235845e-06,2.442075e-06,2.647339e-06,2.839308e-06,3.026692e-06,3.196711e-06,3.358167e-06,3.498038e-06,3.625643e-06,3.72815e-06,3.815307e-06,3.874432e-06,3.915744e-06,3.926976e-06,3.918945e-06,3.879831e-06,3.820497e-06,3.729134e-06,3.616161e-06,3.469511e-06,3.298755e-06,3.092591e-06,2.861789e-06,2.601897e-06,2.333569e-06,2.072502e-06,1.860114e-06,1.740591e-06,1.754162e-06,1.894319e-06,2.004842e-06,1.834639e-06,1.071266e-06,-1.001252e-07,NaN,NaN,NaN,NaN,NaN,NaN,NaN,NaN,NaN,NaN,NaN,NaN,NaN,NaN
NaN,NaN,NaN,NaN,NaN,NaN,NaN,NaN,NaN,NaN,NaN,NaN,NaN,NaN,NaN,-7.998383e-07,-8.949294e-07,-8.983365e-07,-9.902631e-07,-1.12753e-06,-1.254767e-06,-1.369623e-06,-1.442495e-06,-1.505125e-06,-1.527399e-06,-1.544515e-06,-1.522099e-06,-1.495197e-06,-1.428057e-06,-1.355689e-06,-1.242596e-06,-1.123274e-06,-9.629597e-07,-7.95305e-07,-5.868835e-07,-3.706315e-07,-1.149759e-07,1.477103e-07,4.468728e-07,7.5081e-07,1.086976e-06,1.424887e-06,1.790188e-06,2.153384e-06,2.537894e-06,2.915014e-06,3.306134e-06,3.684132e-06,4.068892e-06,4.434775e-06,4.799825e-06,5.139675e-06,5.470611e-06,5.770138e-06,6.053061e-06,6.298631e-06,6.519978e-06,6.698408e-06,6.845793e-06,6.946295e-06,7.010727e-06,7.02605e-06,7.001508e-06,6.927042e-06,6.809816e-06,6.642572e-06,6.429145e-06,6.164396e-06,5.847837e-06,5.478963e-06,5.056683e-06,4.596045e-06,4.109661e-06,3.651347e-06,3.26566e-06,3.058699e-06,3.063153e-06,3.288855e-06,3.408571e-06,3.046156e-06,1.727507e-06,-1.547491e-07,NaN,NaN,NaN,NaN,NaN,NaN,NaN,NaN,NaN,NaN,NaN,NaN,NaN,NaN
NaN,NaN,NaN,NaN,NaN,NaN,NaN,NaN,NaN,NaN,NaN,NaN,NaN,NaN,-8.593596e-07,-1.15642e-06,-1.340804e-06,-1.381099e-06,-1.632673e-06,-1.921251e-06,-2.212872e-06,-2.426422e-06,-2.585511e-06,-2.682159e-06,-2.733196e-06,-2.740014e-06,-2.704118e-06,-2.630536e-06,-2.511951e-06,-2.357577e-06,-2.155346e-06,-1.918278e-06,-1.631137e-06,-1.309702e-06,-9.366412e-07,-5.305323e-07,-7.359365e-08,4.124919e-07,9.455812e-07,1.501955e-06,2.099757e-06,2.713785e-06,3.361817e-06,4.016928e-06,4.69649e-06,5.37254e-06,6.062088e-06,6.736585e-06,7.412598e-06,8.061282e-06,8.699257e-06,9.297907e-06,9.873478e-06,1.039746e-05,1.088557e-05,1.130988e-05,1.168639e-05,1.198866e-05,1.223301e-05,1.239477e-05,1.249091e-05,1.249905e-05,1.243683e-05,1.228412e-05,1.205797e-05,1.173948e-05,1.134371e-05,1.085206e-05,1.027681e-05,9.603182e-06,8.847752e-06,8.017587e-06,7.159636e-06,6.340598e-06,5.66923e-06,5.287252e-06,5.281373e-06,5.582438e-06,5.650994e-06,4.810569e-06,2.61896e-06,-2.347668e-07,-2.321333e-06,NaN,NaN,NaN,NaN,NaN,NaN,NaN,NaN,NaN,NaN,NaN,NaN,NaN
NaN,NaN,NaN,NaN,NaN,NaN,NaN,NaN,NaN,NaN,NaN,NaN,NaN,NaN,-1.159064e-06,-1.613687e-06,-1.897967e-06,-2.150661e-06,-2.749233e-06,-3.471903e-06,-4.096447e-06,-4.579277e-06,-4.878821e-06,-5.080402e-06,-5.145523e-06,-5.153977e-06,-5.046604e-06,-4.893789e-06,-4.629147e-06,-4.319728e-06,-3.899062e-06,-3.431973e-06,-2.853908e-06,-2.227324e-06,-1.491316e-06,-7.067731e-07,1.819216e-07,1.114666e-06,2.141216e-06,3.202801e-06,4.343987e-06,5.50873e-06,6.736722e-06,7.973852e-06,9.254032e-06,1.052484e-05,1.181512e-05,1.307609e-05,1.433276e-05,1.553977e-05,1.67178e-05,1.782465e-05,1.887699e-05,1.983702e-05,2.07181e-05,2.148663e-05,2.215266e-05,2.268785e-05,2.310016e-05,2.336832e-05,2.349894e-05,2.347762e-05,2.330867e-05,2.298472e-05,2.250645e-05,2.187236e-05,2.107672e-05,2.012193e-05,1.899492e-05,1.770937e-05,1.625887e-05,1.470051e-05,1.308064e-05,1.156484e-05,1.030687e-05,9.596268e-06,9.521963e-06,9.923472e-06,9.697811e-06,7.713646e-06,3.863333e-06,-3.204958e-07,-3.191935e-06,NaN,NaN,NaN,NaN,NaN,NaN,NaN,NaN,NaN,NaN,NaN,NaN,NaN
NaN,NaN,NaN,NaN,NaN,NaN,NaN,NaN,NaN,NaN,NaN,NaN,NaN,NaN,-1.536439e-06,-2.137255e-06,-2.729223e-06,-3.552566e-06,-5.160323e-06,-6.895146e-06,-8.351045e-06,-9.372988e-06,-1.002126e-05,-1.038188e-05,-1.050405e-05,-1.044348e-05,-1.019798e-05,-9.800943e-06,-9.22971e-06,-8.512515e-06,-7.621751e-06,-6.5854e-06,-5.375255e-06,-4.019056e-06,-2.490872e-06,-8.201755e-07,1.012744e-06,2.974807e-06,5.079116e-06,7.291171e-06,9.618876e-06,1.202796e-05,1.452046e-05,1.706113e-05,1.964587e-05,2.223943e-05,2.483237e-05,2.739132e-05,2.990263e-05,3.233533e-05,3.467261e-05,3.688669e-05,3.895716e-05,4.085972e-05,4.257104e-05,4.407118e-05,4.533607e-05,4.635244e-05,4.70967e-05,4.756376e-05,4.77322e-05,4.760564e-05,4.716481e-05,4.642121e-05,4.535491e-05,4.398158e-05,4.227756e-05,4.025911e-05,3.79003e-05,3.523063e-05,3.225272e-05,2.906826e-05,2.580169e-05,2.274147e-05,2.023954e-05,1.877034e-05,1.856878e-05,1.909902e-05,1.824222e-05,1.342532e-05,5.936187e-06,-4.448679e-07,-4.179772e-06,NaN,NaN,NaN,NaN,NaN,NaN,NaN,NaN,NaN,NaN,NaN,NaN,NaN
NaN,NaN,NaN,NaN,NaN,NaN,NaN,NaN,NaN,NaN,NaN,NaN,NaN,NaN,-1.911793e-06,-2.868079e-06,-4.158875e-06,-6.820072e-06,-1.086321e-05,-1.491013e-05,-1.79517e-05,-2.005467e-05,-2.127279e-05,-2.194229e-05,-2.206972e-05,-2.185288e-05,-2.122124e-05,-2.029387e-05,-1.898599e-05,-1.738322e-05,-1.541247e-05,-1.313949e-05,-1.050767e-05,-7.566668e-06,-4.280465e-06,-6.884114e-07,3.219931e-06,7.410815e-06,1.186902e-05,1.656823e-05,2.147147e-05,2.656356e-05,3.178703e-05,3.713454e-05,4.252637e-05,4.796256e-05,5.334415e-05,5.868401e-05,6.386848e-05,6.892285e-05,7.371869e-05,7.829352e-05,8.250542e-05,8.640712e-05,8.984602e-05,9.289e-05,9.537783e-05,9.739639e-05,9.878053e-05,9.964097e-05,9.981212e-05,9.942775e-05,9.832032e-05,9.664518e-05,9.422918e-05,9.124287e-05,8.750152e-05,8.318387e-05,7.809934e-05,7.24627e-05,6.614361e-05,5.950826e-05,5.267117e-05,4.636223e-05,4.114371e-05,3.8073e-05,3.750768e-05,3.849977e-05,3.684489e-05,2.643374e-05,1.030928e-05,-6.26653e-07,-5.258002e-06,NaN,NaN,NaN,NaN,NaN,NaN,NaN,NaN,NaN,NaN,NaN,NaN,NaN
NaN,NaN,NaN,NaN,NaN,NaN,NaN,NaN,NaN,NaN,NaN,NaN,NaN,NaN,-2.322028e-06,-3.99947e-06,-7.49191e-06,-1.490612e-05,-2.392469e-05,-3.176356e-05,-3.727709e-05,-4.088191e-05,-4.295057e-05,-4.392819e-05,-4.400871e-05,-4.332725e-05,-4.196382e-05,-3.990158e-05,-3.721588e-05,-3.382119e-05,-2.982829e-05,-2.51084e-05,-1.981263e-05,-1.377565e-05,-7.194562e-06,1.205478e-07,7.916775e-06,1.639927e-05,2.526089e-05,3.472693e-05,4.444335e-05,5.466093e-05,6.497974e-05,7.567088e-05,8.628728e-05,9.712152e-05,0.0001076834,0.0001182949,0.0001284295,0.0001384407,0.0001477677,0.0001567974,0.0001649344,0.0001726026,0.0001791759,0.0001851189,0.0001897801,0.0001936742,0.0001961292,0.0001977185,0.0001977547,0.0001968731,0.0001943666,0.0001909317,0.0001858298,0.0001798104,0.0001720894,0.000163465,0.0001531155,0.0001419511,0.0001292325,0.0001162135,0.0001025668,9.028902e-05,7.979295e-05,7.374298e-05,7.210163e-05,7.424955e-05,7.226061e-05,5.472184e-05,2.132168e-05,-9.193303e-07,-6.25222e-06,NaN,NaN,NaN,NaN,NaN,NaN,NaN,NaN,NaN,NaN,NaN,NaN,NaN
NaN,NaN,NaN,NaN,NaN,NaN,NaN,NaN,NaN,NaN,NaN,NaN,NaN,NaN,-2.653735e-06,-6.391938e-06,-1.620562e-05,-3.281411e-05,-4.905078e-05,-6.16013e-05,-7.011044e-05,-7.544249e-05,-7.849205e-05,-7.968101e-05,-7.953119e-05,-7.795113e-05,-7.532755e-05,-7.132327e-05,-6.635885e-05,-5.997181e-05,-5.267248e-05,-4.390657e-05,-3.427823e-05,-2.315083e-05,-1.123161e-05,2.179144e-06,1.625545e-05,3.174404e-05,4.770163e-05,6.492985e-05,8.238207e-05,0.0001009265,0.000119416,0.0001387754,0.0001577516,0.0001773278,0.0001961536,0.000215288,0.0002332954,0.0002513129,0.0002678188,0.0002840329,0.0002983491,0.0003120812,0.0003235429,0.0003341489,0.000342136,0.0003490398,0.0003530289,0.0003557815,0.0003554,0.0003537145,0.0003487456,0.0003424836,0.0003328391,0.0003219606,0.000307611,0.0002921083,0.0002730663,0.0002531142,0.0002298971,0.0002067961,0.0001819946,0.0001603543,0.0001410101,0.00013025,0.000125985,0.000130081,0.0001275816,0.0001044966,4.627524e-05,1.482537e-07,-7.548211e-06,NaN,NaN,NaN,NaN,NaN,NaN,NaN,NaN,NaN,NaN,NaN,NaN,NaN
NaN,NaN,NaN,NaN,NaN,NaN,NaN,NaN,NaN,NaN,NaN,NaN,NaN,-2.414505e-06,-3.277786e-06,-1.227339e-05,-3.639131e-05,-6.504893e-05,-8.970119e-05,-0.0001070633,-0.0001190338,-0.0001259921,-0.0001302345,-0.0001312847,-0.0001307776,-0.0001276022,-0.0001231843,-0.0001161388,-0.0001079175,-9.700848e-05,-8.496597e-05,-7.018771e-05,-5.433325e-05,-3.571763e-05,-1.612106e-05,6.195026e-06,2.930289e-05,5.497112e-05,8.112862e-05,0.0001095885,0.0001381572,0.0001687084,0.0001989306,0.0002307444,0.0002617152,0.000293813,0.0003244922,0.0003557951,0.0003850854,0.0004144846,0.0004412702,0.0004676483,0.0004908107,0.0005130607,0.0005315156,0.0005485879,0.0005613322,0.0005722971,0.0005784893,0.0005826213,0.0005816626,0.0005785008,0.0005700518,0.0005593815,0.0005433145,0.0005250829,0.0005013753,0.0004755993,0.0004443255,0.0004113483,0.0003734332,0.0003354374,0.0002951334,0.0002595218,0.0002279853,0.0002094569,0.0002015572,0.0002066287,0.0002039792,0.0001742516,9.051184e-05,6.783906e-06,-1.108606e-05,-1.482837e-05,NaN,NaN,NaN,NaN,NaN,NaN,NaN,NaN,NaN,NaN,NaN,NaN
NaN,NaN,NaN,NaN,NaN,NaN,NaN,NaN,NaN,NaN,NaN,NaN,NaN,-2.705157e-06,-4.979101e-06,-2.794228e-05,-7.290535e-05,-0.0001146534,-0.0001479342,-0.0001703205,-0.0001858815,-0.0001945208,-0.0001998918,-0.0002005676,-0.0001992934,-0.0001938932,-0.000186834,-0.0001756645,-0.0001628547,-0.0001458633,-0.0001272452,-0.0001044134,-8.000003e-05,-5.138473e-05,-2.129372e-05,1.288249e-05,4.82885e-05,8.74836e-05,0.0001274912,0.0001708383,0.0002144654,0.0002608901,0.0003069817,0.0003552204,0.0004023981,0.000450956,0.0004976367,0.0005448734,0.0005893969,0.0006336306,0.0006743049,0.0007138345,0.0007489664,0.0007821171,0.0008100779,0.0008352666,0.0008545488,0.0008703697,0.0008797144,0.0008850778,0.0008836022,0.0008778187,0.0008650319,0.000847781,0.0008235199,0.0007947332,0.0007590124,0.000718742,0.0006717599,0.0006205804,0.000563862,0.0005051082,0.0004451394,0.0003897757,0.0003430669,0.0003123466,0.000300461,0.0003036939,0.0003024799,0.0002607697,0.0001535053,2.027693e-05,-1.765457e-05,-1.546393e-05,NaN,NaN,NaN,NaN,NaN,NaN,NaN,NaN,NaN,NaN,NaN,NaN
NaN,NaN,NaN,NaN,NaN,NaN,NaN,NaN,NaN,NaN,NaN,NaN,NaN,-2.415307e-06,-9.941605e-06,-6.170446e-05,-0.000128267,-0.0001840006,-0.0002255176,-0.0002534342,-0.0002723155,-0.000282938,-0.0002890098,-0.0002892653,-0.0002864425,-0.0002783186,-0.0002673766,-0.0002510784,-0.0002319263,-0.0002073201,-0.0001798412,-0.0001468983,-0.0001111121,-6.992788e-05,-2.601478e-05,2.307021e-05,7.457037e-05,0.0001307553,0.0001888041,0.0002508314,0.0003140104,0.000380323,0.0004469613,0.0005157332,0.0005838518,0.0006529401,0.0007202732,0.0007873204,0.0008514825,0.0009140714,0.0009726441,0.001028345,0.001078916,0.001125333,0.001165578,0.001200451,0.001228235,0.001249569,0.001263117,0.001269363,0.001267435,0.00125762,0.001239548,0.00121323,0.001178821,0.00113592,0.001085258,0.001025894,0.0009593709,0.0008844378,0.0008043727,0.0007186605,0.0006343357,0.0005531716,0.0004876332,0.0004401212,0.0004229469,0.000421596,0.0004220796,0.0003639151,0.0002310265,3.689591e-05,-2.525232e-05,-1.649704e-05,NaN,NaN,NaN,NaN,NaN,NaN,NaN,NaN,NaN,NaN,NaN,NaN
NaN,NaN,NaN,NaN,NaN,NaN,NaN,NaN,NaN,NaN,NaN,NaN,NaN,-1.594139e-06,-2.315522e-05,-0.0001182227,-0.0002045248,-0.0002753551,-0.0003241609,-0.0003585232,-0.0003799287,-0.0003932064,-0.0003990304,-0.0003991348,-0.0003934534,-0.0003823664,-0.0003657555,-0.0003435249,-0.000315713,-0.0002821061,-0.0002428993,-0.0001978818,-0.0001473109,-9.103837e-05,-2.937103e-05,3.766091e-05,0.0001096646,0.0001863322,0.0002672251,0.000351774,0.0004395886,0.0005298652,0.0006223029,0.0007157953,0.0008101335,0.0009038892,0.000997015,0.001087802,0.001176452,0.00126096,0.00134182,0.001416714,0.001486484,0.001548498,0.001604022,0.001650082,0.001688456,0.001715845,0.001734663,0.00174129,0.001738892,0.001723454,0.001698959,0.001660879,0.00161407,0.001553286,0.001484348,0.001401103,0.001310692,0.001206325,0.00109774,0.0009788295,0.0008646548,0.0007516986,0.0006625731,0.0005938481,0.0005685038,0.0005604185,0.0005607902,0.0004840081,0.0003187397,5.622513e-05,-3.64093e-05,-2.055762e-05,NaN,NaN,NaN,NaN,NaN,NaN,NaN,NaN,NaN,NaN,NaN,NaN
NaN,NaN,NaN,NaN,NaN,NaN,NaN,NaN,NaN,NaN,NaN,NaN,NaN,-1.811599e-06,-5.595817e-05,-0.000198687,-0.0003043029,-0.0003905504,-0.0004460915,-0.0004873649,-0.0005107265,-0.0005269939,-0.0005317417,-0.0005316581,-0.0005218385,-0.0005072416,-0.000483137,-0.0004538549,-0.0004149698,-0.0003706432,-0.0003166969,-0.0002572925,-0.0001883424,-0.0001140946,-3.052134e-05,5.787883e-05,0.0001550329,0.0002560594,0.0003648475,0.0004761521,0.0005939464,0.0007126513,0.0008363808,0.0009591415,0.001085196,0.00120811,0.001332369,0.00145115,0.001569281,0.001679543,0.001787164,0.001884517,0.001977282,0.002057419,0.002131164,0.00219005,0.002240969,0.002275055,0.002300001,0.002306558,0.002303365,0.002280718,0.00224827,0.002195719,0.002133776,0.002051316,0.001960204,0.001848285,0.001729004,0.00158956,0.001446553,0.001288288,0.001137894,0.0009872477,0.0008686013,0.0007742748,0.0007362713,0.0007195532,0.0007163092,0.0006204062,0.0004142408,7.966965e-05,-6.736116e-05,-3.123773e-05,NaN,NaN,NaN,NaN,NaN,NaN,NaN,NaN,NaN,NaN,NaN,NaN
NaN,NaN,NaN,NaN,NaN,NaN,NaN,NaN,NaN,NaN,NaN,NaN,-3.634737e-06,-5.985163e-06,-0.0001201634,-0.0003043754,-0.0004306514,-0.0005312753,-0.0005939514,-0.0006416813,-0.0006670956,-0.0006859236,-0.0006892478,-0.0006882453,-0.0006733706,-0.0006540556,-0.0006209012,-0.0005827883,-0.0005306115,-0.0004731838,-0.0004016276,-0.0003248501,-0.0002340219,-0.0001382276,-2.86666e-05,8.521461e-05,0.0002121212,0.0003420903,0.0004837908,0.0006267846,0.0007798509,0.0009321385,0.001092596,0.001249866,0.001413051,0.001570269,0.001730865,0.001882521,0.002034952,0.002175412,0.002314035,0.002437657,0.002556891,0.002658179,0.002752706,0.002826521,0.002891477,0.002933305,0.002964677,0.002971073,0.002966126,0.002935012,0.002892357,0.002822921,0.002742313,0.002634672,0.002516626,0.002371543,0.002217485,0.002037667,0.001853355,0.001649943,0.001455811,0.001261846,0.001106277,0.0009820382,0.0009250418,0.0008979237,0.0008860535,0.0007718182,0.0005162254,0.0001062082,-0.0001343193,-5.039727e-05,-3.457131e-05,NaN,NaN,NaN,NaN,NaN,NaN,NaN,NaN,NaN,NaN,NaN
NaN,NaN,NaN,NaN,NaN,NaN,NaN,NaN,NaN,NaN,NaN,NaN,-1.995244e-06,-1.830432e-05,-0.0002197214,-0.0004375215,-0.0005866964,-0.000699546,-0.0007706785,-0.0008234141,-0.0008517416,-0.0008717814,-0.0008739822,-0.0008704197,-0.0008501218,-0.000823954,-0.0007806784,-0.0007310146,-0.0006637631,-0.0005898835,-0.0004982393,-0.0004001098,-0.0002842715,-0.0001623437,-2.305533e-05,0.0001214579,0.0002823808,0.0004469183,0.0006262067,0.0008068808,0.001000169,0.001192248,0.001394488,0.001592532,0.001797843,0.001995536,0.002197223,0.00238763,0.002578656,0.002754697,0.002927967,0.003082582,0.003231101,0.003357428,0.003474542,0.003566192,0.003645836,0.003697215,0.003734392,0.003741253,0.003732576,0.003692413,0.003636201,0.003548119,0.003444143,0.003308462,0.003157496,0.002975429,0.002779426,0.002554623,0.002320789,0.002067116,0.001820253,0.001577871,0.001376136,0.001217853,0.00113328,0.001094166,0.001066979,0.0009367189,0.0006239499,0.0001349595,-0.0002329027,-8.187856e-05,-3.3581e-05,NaN,NaN,NaN,NaN,NaN,NaN,NaN,NaN,NaN,NaN,NaN
NaN,NaN,NaN,NaN,NaN,NaN,NaN,NaN,NaN,NaN,NaN,NaN,1.632471e-06,-4.749245e-05,-0.0003548006,-0.0006010109,-0.0007757234,-0.0008979585,-0.0009794562,-0.001035057,-0.001067666,-0.001086833,-0.001088643,-0.001080095,-0.001054386,-0.001018401,-0.0009642683,-0.0008994577,-0.0008156499,-0.0007210466,-0.0006071067,-0.000482678,-0.0003389521,-0.00018531,-1.281331e-05,0.0001685068,0.0003674649,0.000573259,0.000794553,0.001019954,0.001258114,0.001497252,0.001746012,0.001992166,0.002244235,0.002489596,0.002736692,0.002972722,0.003206159,0.003424132,0.003635139,0.003826363,0.004006329,0.004162419,0.004303208,0.00441638,0.004510566,0.004574009,0.004615488,0.004624075,0.004608746,0.00455952,0.004485398,0.004377423,0.004244338,0.00407823,0.003887302,0.003664871,0.00341871,0.003144744,0.002852137,0.002543421,0.002233677,0.001937813,0.001679196,0.001482253,0.001359745,0.001306322,0.001256255,0.001112893,0.0007374116,0.0001667938,-0.0003485736,-0.0001408719,-3.407328e-05,NaN,NaN,NaN,NaN,NaN,NaN,NaN,NaN,NaN,NaN,NaN
NaN,NaN,NaN,NaN,NaN,NaN,NaN,NaN,NaN,NaN,NaN,NaN,4.196209e-06,-0.0001138045,-0.0005250562,-0.0007993082,-0.001000559,-0.001130479,-0.001223351,-0.001280222,-0.001317872,-0.001334299,-0.001335969,-0.001320009,-0.001288485,-0.001239564,-0.001173454,-0.001089614,-0.0009873912,-0.0008674134,-0.0007286196,-0.0005725079,-0.0003976689,-0.0002062137,3.335383e-06,0.0002281896,0.0004695231,0.0007238131,0.0009918464,0.001269622,0.001557629,0.001851675,0.002151946,0.002454066,0.002757745,0.003058499,0.003355528,0.003644517,0.003924292,0.004190915,0.004442804,0.004676572,0.004890163,0.005080951,0.005246423,0.005384898,0.005493353,0.005571385,0.005615501,0.00562697,0.00560185,0.005543325,0.005446712,0.00531727,0.005149126,0.004949767,0.004711684,0.004444973,0.004140396,0.003812427,0.003451867,0.003082433,0.002699747,0.002343935,0.00201765,0.001775201,0.001604286,0.001531367,0.001452039,0.001296523,0.0008584717,0.0002028446,-0.0004704495,-0.0002760874,-4.484478e-05,NaN,NaN,NaN,NaN,NaN,NaN,NaN,NaN,NaN,NaN,NaN
NaN,NaN,NaN,NaN,NaN,NaN,NaN,NaN,NaN,NaN,NaN,NaN,6.932645e-07,-0.0002372003,-0.0007332062,-0.001037758,-0.001264436,-0.001402083,-0.001505815,-0.001563528,-0.001605719,-0.001618346,-0.001618979,-0.001593758,-0.001554917,-0.001490354,-0.001410069,-0.001303625,-0.001180065,-0.001030278,-0.0008629824,-0.0006699308,-0.0004596617,-0.0002244064,2.710101e-05,0.0003021406,0.000591295,0.0009013025,0.001221902,0.001559628,0.001903488,0.002260209,0.002618043,0.002983914,0.00334507,0.003708737,0.004061142,0.004410171,0.004741154,0.005062844,0.005359627,0.005641387,0.005891543,0.006121375,0.006313309,0.006480183,0.006603344,0.006697617,0.006743358,0.006757861,0.006720495,0.006651294,0.00652829,0.00637449,0.006166058,0.005929181,0.005637582,0.005321095,0.004950808,0.004562254,0.004125674,0.003687845,0.003223335,0.002798552,0.002394825,0.002096553,0.001867642,0.001765858,0.001652999,0.00148323,0.0009892159,0.000245922,-0.000595745,-0.0005265453,-7.466872e-05,NaN,NaN,NaN,NaN,NaN,NaN,NaN,NaN,NaN,NaN,NaN
NaN,NaN,NaN,NaN,NaN,NaN,NaN,NaN,NaN,NaN,NaN,-4.75606e-06,-1.203097e-05,-0.0004233429,-0.0009848209,-0.001322212,-0.001571645,-0.001718508,-0.001831235,-0.001890351,-0.001935368,-0.001943862,-0.001941399,-0.001905582,-0.001856745,-0.001774202,-0.001676372,-0.001544034,-0.001395023,-0.001211186,-0.00101051,-0.0007754121,-0.000524148,-0.0002392287,6.043183e-05,0.0003921961,0.0007359084,0.001108702,0.001489009,0.001894118,0.002301203,0.002728155,0.003150911,0.003587971,0.004013775,0.004447506,0.004862077,0.005277711,0.005666004,0.006048472,0.006395393,0.006729822,0.007020725,0.007292966,0.007514259,0.007711435,0.007850875,0.007961756,0.008009266,0.008025459,0.007974488,0.007891547,0.007739401,0.007556538,0.007303804,0.00702315,0.006672977,0.006299094,0.00585727,0.005399251,0.004880202,0.004363742,0.00381025,0.0033044,0.002815029,0.002446544,0.002151416,0.002006469,0.001858193,0.001668154,0.001131896,0.0002986992,-0.0007169933,-0.0008650461,-0.0001258577,-7.277115e-05,NaN,NaN,NaN,NaN,NaN,NaN,NaN,NaN,NaN,NaN
NaN,NaN,NaN,NaN,NaN,NaN,NaN,NaN,NaN,NaN,NaN,-7.793714e-07,-4.255948e-05,-0.0006714886,-0.001285576,-0.001659564,-0.00192767,-0.002086338,-0.002205104,-0.002266977,-0.00231198,-0.002316562,-0.002307705,-0.002260431,-0.002197617,-0.002095211,-0.001975037,-0.001813913,-0.001633771,-0.001412068,-0.001171488,-0.0008897022,-0.0005901164,-0.0002501569,0.0001057099,0.0005001712,0.0009071098,0.001349119,0.001798287,0.002277469,0.002757208,0.003261095,0.003758257,0.004272973,0.004772724,0.005282484,0.005768112,0.006255596,0.006709481,0.007156969,0.007561397,0.007951423,0.008289321,0.008605424,0.008861103,0.009088388,0.009247755,0.009373242,0.009424743,0.009438765,0.009374975,0.009272507,0.009090624,0.008871055,0.008572268,0.008238486,0.007827071,0.007384869,0.006868249,0.00632845,0.005723322,0.005114269,0.004467556,0.003864208,0.003283894,0.002825603,0.002458843,0.002250074,0.002067822,0.001845396,0.00128881,0.0003624892,-0.000815405,-0.001235015,-0.0002090083,-6.927726e-05,NaN,NaN,NaN,NaN,NaN,NaN,NaN,NaN,NaN,NaN
NaN,NaN,NaN,NaN,NaN,NaN,NaN,NaN,NaN,NaN,NaN,8.644364e-06,-0.0001110447,-0.000981605,-0.001640492,-0.002058567,-0.002338581,-0.002513967,-0.002633468,-0.002701283,-0.002741134,-0.002743599,-0.002722748,-0.002664532,-0.0025814,-0.002458487,-0.002308775,-0.002117149,-0.001897758,-0.001635481,-0.001345975,-0.001013937,-0.0006561605,-0.0002568596,0.0001658457,0.0006278734,0.001109293,0.00162579,0.002155589,0.002714357,0.003278823,0.003865076,0.004448702,0.005046133,0.005631679,0.006221953,0.006790047,0.007352985,0.007883136,0.008398092,0.008869744,0.009316413,0.009709816,0.01006916,0.01036635,0.01062135,0.01080633,0.01094215,0.0110018,0.0110074,0.01093342,0.0108032,0.01059275,0.01032635,0.009981418,0.009582669,0.009108984,0.008585157,0.007992078,0.007355831,0.006662511,0.005944669,0.005201926,0.004482422,0.0038068,0.003236482,0.00279267,0.002496406,0.002280653,0.002011766,0.001458085,0.0004419398,-0.000873051,-0.001583946,-0.0003571037,-6.572696e-05,NaN,NaN,NaN,NaN,NaN,NaN,NaN,NaN,NaN,NaN
NaN,NaN,NaN,NaN,NaN,NaN,NaN,NaN,NaN,NaN,NaN,1.641748e-05,-0.000260144,-0.001352944,-0.00206003,-0.00252614,-0.002814326,-0.003008903,-0.003125444,-0.003200648,-0.003230991,-0.003231717,-0.00319355,-0.003123673,-0.003013786,-0.002868589,-0.002681811,-0.002456973,-0.002189741,-0.001883236,-0.001535087,-0.001148272,-0.0007216583,-0.0002579048,0.0002430218,0.0007782527,0.001346288,0.001943344,0.002566402,0.003210894,0.003872901,0.004547532,0.005230471,0.005916259,0.006600106,0.007275754,0.007938163,0.008580459,0.009197941,0.009783108,0.01033193,0.01083644,0.01129385,0.0116959,0.01204155,0.01232193,0.01253784,0.01267978,0.01275118,0.01274219,0.01265986,0.01249384,0.01225503,0.011932,0.01153963,0.0110646,0.01052613,0.00990816,0.009235231,0.008489077,0.00770342,0.006862291,0.006018216,0.005166155,0.004387516,0.003685585,0.003154174,0.002749678,0.002493203,0.002168543,0.001632281,0.0005453435,-0.0008798906,-0.00188811,-0.0006859697,-8.500389e-05,NaN,NaN,NaN,NaN,NaN,NaN,NaN,NaN,NaN,NaN
NaN,NaN,NaN,NaN,NaN,NaN,NaN,NaN,NaN,NaN,NaN,1.191065e-05,-0.0005283653,-0.001795371,-0.002556698,-0.003070269,-0.003366727,-0.003579544,-0.003691955,-0.003773072,-0.00379138,-0.003788011,-0.00372861,-0.003643686,-0.003501779,-0.003329925,-0.003099581,-0.002836194,-0.002513393,-0.002156371,-0.001740739,-0.001292073,-0.0007868276,-0.0002508554,0.0003389198,0.000955605,0.001621431,0.002307558,0.003035485,0.003774426,0.004545828,0.005317386,0.006111212,0.006893323,0.007686529,0.008454837,0.009221897,0.009949821,0.01066381,0.01132415,0.01195798,0.01252388,0.01305152,0.01349811,0.01389652,0.01420226,0.0144515,0.01459784,0.01468143,0.01465438,0.01456211,0.0143551,0.01408436,0.01369802,0.01325289,0.0126937,0.01208363,0.01136283,0.01060199,0.00973678,0.008849638,0.007875691,0.006919594,0.005924265,0.0050288,0.00418195,0.003544772,0.003017558,0.00270244,0.002318682,0.001802158,0.0006778947,-0.0008288104,-0.002152706,-0.001268697,-0.0001370513,NaN,NaN,NaN,NaN,NaN,NaN,NaN,NaN,NaN,NaN
NaN,NaN,NaN,NaN,NaN,NaN,NaN,NaN,NaN,NaN,NaN,-6.602651e-06,-0.0009251054,-0.002328317,-0.003143308,-0.003701779,-0.004008165,-0.00423635,-0.004344619,-0.004428257,-0.004432742,-0.004420883,-0.004336796,-0.004231398,-0.004052585,-0.003847644,-0.003567496,-0.003258085,-0.002872221,-0.002456259,-0.00196457,-0.001444774,-0.00085139,-0.0002332198,0.0004555865,0.001164184,0.001938435,0.002724425,0.003568095,0.004412397,0.005304025,0.006183309,0.007098494,0.007987252,0.00889942,0.009769821,0.01064998,0.01147204,0.01228974,0.0130326,0.0137569,0.01438997,0.01499134,0.01548668,0.01593931,0.01627298,0.01655467,0.01670622,0.01679894,0.0167532,0.0166458,0.0163957,0.01608559,0.01563253,0.0151252,0.01447763,0.01378481,0.01295649,0.01209512,0.01110619,0.0101037,0.008992507,0.007908696,0.006765227,0.005733792,0.004735379,0.003967774,0.003309678,0.00290801,0.002466268,0.001958287,0.0008412689,-0.0007207245,-0.002357976,-0.001981914,-0.0002177672,NaN,NaN,NaN,NaN,NaN,NaN,NaN,NaN,NaN,NaN
NaN,NaN,NaN,NaN,NaN,NaN,NaN,NaN,NaN,NaN,-1.961611e-06,-5.228807e-05,-0.001449812,-0.002966811,-0.003834482,-0.004433632,-0.004751756,-0.004991915,-0.005095526,-0.005177534,-0.005165721,-0.005140036,-0.005027181,-0.004894639,-0.004673406,-0.004427367,-0.004090754,-0.003726135,-0.003269596,-0.002784304,-0.002208026,-0.00160557,-0.0009148765,-0.0002021401,0.0005951659,0.001408654,0.002300874,0.00320018,0.004169049,0.005132477,0.006153375,0.007154057,0.008198761,0.009207419,0.01024559,0.01123073,0.01222951,0.01315725,0.01408225,0.01491804,0.01573461,0.01644417,0.01711882,0.01767055,0.01817429,0.01854192,0.01885067,0.01901224,0.01910628,0.01904524,0.01891237,0.01862147,0.01825945,0.01774113,0.01715682,0.01642173,0.01562943,0.01469455,0.01371432,0.01260315,0.0114654,0.0102194,0.008986169,0.007697732,0.006504903,0.005357061,0.004426816,0.003638361,0.003111355,0.002619239,0.002091383,0.001035359,-0.0005661148,-0.002447119,-0.002634424,-0.0003241547,-0.0001265791,NaN,NaN,NaN,NaN,NaN,NaN,NaN,NaN,NaN
NaN,NaN,NaN,NaN,NaN,NaN,NaN,NaN,NaN,NaN,1.478863e-05,-0.000164238,-0.002107284,-0.003716055,-0.004651257,-0.0052761,-0.005615536,-0.005856513,-0.005960803,-0.006030224,-0.006004415,-0.005953152,-0.005811584,-0.005639069,-0.00537372,-0.005072626,-0.00467655,-0.004241731,-0.00371049,-0.003139776,-0.002473944,-0.001771686,-0.0009781644,-0.00015306,0.0007583976,0.0016951,0.00271096,0.003742286,0.004841627,0.005942831,0.007097551,0.008238186,0.009416163,0.01056287,0.0117293,0.01284618,0.01396392,0.01501328,0.01604419,0.01698779,0.01789308,0.01869244,0.01943444,0.02005437,0.02060098,0.02101289,0.02133798,0.02151829,0.0216006,0.02153178,0.02135841,0.0210332,0.02060217,0.02002417,0.01934391,0.01852633,0.01761406,0.0165776,0.01545685,0.01422898,0.01293337,0.01155908,0.01015273,0.00872671,0.00734621,0.006055311,0.00493001,0.004014113,0.003321416,0.002783248,0.002200699,0.001249639,-0.0003702578,-0.002380852,-0.003071703,-0.0004580871,-0.0001248911,NaN,NaN,NaN,NaN,NaN,NaN,NaN,NaN,NaN
NaN,NaN,NaN,NaN,NaN,NaN,NaN,NaN,NaN,NaN,4.370176e-05,-0.0004262967,-0.002893396,-0.004588834,-0.005610156,-0.006244431,-0.006615447,-0.006843798,-0.00695504,-0.006997973,-0.006961455,-0.006869558,-0.006700322,-0.006471529,-0.006161466,-0.005787904,-0.005330506,-0.004806962,-0.004198099,-0.003522491,-0.002763518,-0.001941287,-0.001040835,-8.250993e-05,0.0009474787,0.002028418,0.003171907,0.004355995,0.005589325,0.006848906,0.008140482,0.009441137,0.0107543,0.01205799,0.01335315,0.01461946,0.01585509,0.01704219,0.01817603,0.01924171,0.02023087,0.02113263,0.02193538,0.02263433,0.02321522,0.02368014,0.02401091,0.02421685,0.02427527,0.0242042,0.02397691,0.02362153,0.02310682,0.02247194,0.02168017,0.02078209,0.01973382,0.01859719,0.01731969,0.01597633,0.01450707,0.01300606,0.01141158,0.009849529,0.008266122,0.006831496,0.005492691,0.004441847,0.00355807,0.002957907,0.002298637,0.001460952,-0.0001289749,-0.002163764,-0.003241373,-0.0007348077,-0.0001619389,NaN,NaN,NaN,NaN,NaN,NaN,NaN,NaN,NaN
NaN,NaN,NaN,NaN,NaN,NaN,NaN,NaN,NaN,NaN,5.237899e-05,-0.0009372433,-0.003814419,-0.005610133,-0.006721652,-0.007359849,-0.007763033,-0.007971874,-0.008088806,-0.008096156,-0.008045435,-0.007901759,-0.007699538,-0.0074018,-0.007040312,-0.006580346,-0.006053728,-0.005426548,-0.004731358,-0.003935308,-0.00307384,-0.002115517,-0.001098263,9.564128e-06,0.001167945,0.002409032,0.003689708,0.005041878,0.006418296,0.007850655,0.009287446,0.01076128,0.0122171,0.01368946,0.01511974,0.01654525,0.01790364,0.0192359,0.02047592,0.02166879,0.0227438,0.02375102,0.02461535,0.02539401,0.02600858,0.02652469,0.02685952,0.02708725,0.02711956,0.02704049,0.02675665,0.02636366,0.02576266,0.02506209,0.0241565,0.0231677,0.02198166,0.02073354,0.01929872,0.01782791,0.01618624,0.01454611,0.01276705,0.01105588,0.009275305,0.007680968,0.006133688,0.004922738,0.003846627,0.003144051,0.002404625,0.001649079,0.0001517074,-0.001823258,-0.003234576,-0.001382079,-0.0002405735,NaN,NaN,NaN,NaN,NaN,NaN,NaN,NaN,NaN
NaN,NaN,NaN,NaN,NaN,NaN,NaN,NaN,NaN,NaN,2.899688e-05,-0.001739888,-0.004911745,-0.006803385,-0.00799824,-0.008642155,-0.009069888,-0.00925809,-0.009371673,-0.00933922,-0.009263351,-0.00906148,-0.008813657,-0.008438887,-0.008011819,-0.00745624,-0.006845217,-0.006104733,-0.005307275,-0.004380838,-0.003400176,-0.002295813,-0.001144657,0.0001220578,0.001425942,0.002835601,0.004270362,0.005797707,0.007333563,0.008943996,0.01054155,0.01219193,0.01380528,0.01544771,0.01702709,0.01861062,0.02010431,0.02157761,0.02293513,0.02424859,0.02541998,0.02652349,0.02745899,0.02830562,0.02896295,0.02951641,0.02986415,0.03009756,0.03011235,0.03000719,0.02967605,0.02922624,0.02854942,0.02776261,0.02675457,0.02565302,0.02434213,0.02295967,0.0213827,0.01976072,0.01796434,0.01616065,0.0142183,0.01233304,0.01038016,0.008598013,0.006867659,0.005459079,0.004210234,0.003349197,0.002539611,0.001803264,0.0004586945,-0.001407139,-0.003109667,-0.002239655,-0.0003282669,NaN,NaN,NaN,NaN,NaN,NaN,NaN,NaN,NaN
NaN,NaN,NaN,NaN,NaN,NaN,NaN,NaN,NaN,9.083265e-06,-4.839464e-05,-0.002831385,-0.006227096,-0.0081853,-0.009457926,-0.01010344,-0.01055106,-0.01071272,-0.01081556,-0.01073545,-0.01062386,-0.01035457,-0.01004775,-0.009586204,-0.009078071,-0.008417263,-0.007704562,-0.006841581,-0.005923164,-0.004858111,-0.003738592,-0.002481236,-0.001175734,0.0002552399,0.001725468,0.00330707,0.004916799,0.006620236,0.008335871,0.01012228,0.01190028,0.01372247,0.01551285,0.0173179,0.01906496,0.02079552,0.022442,0.02404243,0.02553453,0.02695171,0.02823559,0.02941534,0.03043791,0.03133063,0.03204732,0.03261416,0.03299134,0.03320409,0.03321869,0.03306009,0.03270075,0.03216576,0.03143385,0.03053149,0.02944402,0.02819978,0.02678945,0.02524171,0.02355074,0.02174609,0.01982686,0.01782758,0.0157578,0.01366543,0.01158062,0.009575245,0.00770443,0.006053636,0.004668987,0.00358316,0.002725898,0.001919839,0.0007841362,-0.0009784626,-0.002808446,-0.002832026,-0.0003775653,-0.0001408042,NaN,NaN,NaN,NaN,NaN,NaN,NaN,NaN
NaN,NaN,NaN,NaN,NaN,NaN,NaN,NaN,NaN,4.747029e-05,-0.00027536,-0.004226437,-0.007749494,-0.009787987,-0.01109917,-0.01176551,-0.01220618,-0.01235294,-0.01241904,-0.0122977,-0.01212359,-0.01179018,-0.01139665,-0.01084983,-0.01023223,-0.009466882,-0.008623662,-0.007638689,-0.006570309,-0.005367745,-0.004080856,-0.002672795,-0.001184781,0.000407236,0.002071533,0.003819818,0.005630391,0.00750185,0.009421872,0.01137441,0.0133564,0.01533751,0.01732584,0.01927743,0.02121215,0.02307238,0.02489093,0.02659802,0.02824116,0.0297384,0.03115065,0.03238257,0.03350849,0.03442175,0.03521302,0.03576633,0.03618877,0.03635444,0.03638588,0.03614745,0.03577762,0.0351316,0.03436407,0.03332179,0.0321764,0.03076645,0.02927998,0.02754515,0.02576514,0.0237572,0.02174219,0.0195286,0.01736114,0.01504461,0.01285947,0.01061433,0.008634483,0.006720891,0.005222503,0.003874077,0.002966736,0.002027153,0.001097266,-0.0005553066,-0.002334216,-0.002856007,-0.000262195,-0.0001700472,NaN,NaN,NaN,NaN,NaN,NaN,NaN,NaN
NaN,NaN,NaN,NaN,NaN,NaN,NaN,NaN,NaN,0.0001308312,-0.000854778,-0.005894765,-0.009463839,-0.01162819,-0.01291937,-0.01363986,-0.01403155,-0.01418634,-0.01417719,-0.01403,-0.01375618,-0.01336891,-0.0128526,-0.01222757,-0.01146572,-0.01060076,-0.009593736,-0.008490627,-0.007241119,-0.005904519,-0.004421057,-0.002865512,-0.00116837,0.000580402,0.002462003,0.004371943,0.00640425,0.008438164,0.01057962,0.01268997,0.01488827,0.0170188,0.01921533,0.02130398,0.02343304,0.02541111,0.02740409,0.02920571,0.03100096,0.032567,0.03410583,0.03537734,0.03660201,0.03752486,0.03838679,0.03891855,0.03938166,0.03949326,0.03953599,0.03921348,0.03882897,0.03807163,0.03726555,0.03608655,0.03488119,0.03331222,0.03174844,0.02983694,0.02796785,0.02577123,0.02366095,0.02125117,0.018986,0.01646765,0.01418168,0.01172384,0.009630442,0.00748208,0.00585224,0.004260859,0.003252786,0.002173765,0.001360343,-0.0001324935,-0.001764894,-0.0023526,-1.909488e-05,-0.0002965464,NaN,NaN,NaN,NaN,NaN,NaN,NaN,NaN
NaN,NaN,NaN,NaN,NaN,NaN,NaN,NaN,NaN,0.0001637806,-0.001990185,-0.007780096,-0.01138627,-0.01368233,-0.01492768,-0.01570844,-0.01603124,-0.01619508,-0.01609075,-0.0159129,-0.01552018,-0.01506995,-0.01441311,-0.01369742,-0.01277574,-0.01179664,-0.01061306,-0.009375747,-0.007935357,-0.006447945,-0.004762272,-0.003042811,-0.001134981,0.0007872648,0.002884008,0.004971624,0.007218108,0.00942877,0.01177946,0.01406173,0.01646009,0.01875267,0.02113529,0.02337199,0.02566988,0.02777814,0.02991771,0.03182594,0.03374087,0.0353873,0.03701833,0.03834386,0.03963239,0.04058119,0.0414772,0.04200631,0.04247421,0.04255542,0.04257475,0.04219568,0.04176211,0.04092539,0.04004819,0.03877011,0.03747424,0.03578923,0.03411886,0.0320785,0.03009158,0.02775866,0.02552459,0.022976,0.02058444,0.017926,0.01550849,0.01290338,0.01066229,0.008346701,0.006541165,0.004764969,0.003583523,0.002389786,0.001576708,0.0002689557,-0.001161133,-0.001743898,-2.402836e-05,-0.0003792562,NaN,NaN,NaN,NaN,NaN,NaN,NaN,NaN
NaN,NaN,NaN,NaN,NaN,NaN,NaN,NaN,NaN,5.790667e-05,-0.003765242,-0.00990141,-0.01351828,-0.01591442,-0.01711719,-0.01793833,-0.01819491,-0.01834679,-0.01814782,-0.01791447,-0.01740283,-0.01686128,-0.0160651,-0.0152283,-0.0141506,-0.01302535,-0.01167201,-0.01026757,-0.008647116,-0.00697604,-0.005103464,-0.003187471,-0.001089145,0.00103809,0.003324272,0.005620134,0.008050358,0.01046764,0.01299152,0.01547344,0.01802979,0.0205112,0.02303385,0.02544545,0.02786165,0.03012616,0.03235804,0.03440038,0.03637928,0.03813558,0.03980053,0.04121054,0.04250337,0.04351263,0.04438481,0.04495061,0.04536612,0.04546032,0.04540066,0.04501434,0.04447907,0.04361803,0.04261919,0.04130286,0.03986906,0.03813543,0.03631365,0.03421701,0.03206863,0.02967683,0.02727655,0.02467093,0.02211,0.01939619,0.01680279,0.01413815,0.01170292,0.009308237,0.007273262,0.005391405,0.003961451,0.00269689,0.001760007,0.0006411071,-0.0006061452,-0.001222595,-0.0001071895,-0.0002511217,NaN,NaN,NaN,NaN,NaN,NaN,NaN,NaN
NaN,NaN,NaN,NaN,NaN,NaN,NaN,NaN,0.0001375254,-0.0003739256,-0.00618325,-0.01223355,-0.01585126,-0.01826198,-0.01946377,-0.0202735,-0.02049512,-0.02058998,-0.02031909,-0.01998665,-0.01937422,-0.01869916,-0.01777988,-0.01678115,-0.01556337,-0.01425308,-0.01274717,-0.01113912,-0.009357846,-0.007469318,-0.005432045,-0.003289103,-0.00102618,0.001333063,0.003779076,0.006306878,0.008887252,0.01153149,0.01419108,0.01688994,0.01956291,0.02224733,0.02486493,0.02746365,0.02995105,0.03238354,0.03465918,0.03684709,0.03884063,0.0407195,0.04237002,0.04387942,0.04512909,0.04621596,0.04701907,0.04764368,0.04796636,0.04810129,0.04792584,0.04756434,0.04689449,0.04604742,0.04489982,0.04358988,0.04199544,0.04026276,0.03827093,0.03617293,0.03384852,0.03145669,0.02887746,0.02627562,0.02353363,0.02082661,0.01804601,0.01538357,0.01274218,0.01032801,0.008049408,0.006112482,0.004405777,0.003086112,0.001949438,0.0009709952,-0.0001475476,-0.0007775665,0.0002810804,0.0003556793,-0.0001522457,NaN,NaN,NaN,NaN,NaN,NaN,NaN
NaN,NaN,NaN,NaN,NaN,NaN,NaN,NaN,0.0002981253,-0.001560729,-0.009065444,-0.01464388,-0.01836328,-0.02062136,-0.02192974,-0.02262164,-0.02288825,-0.02284253,-0.0225589,-0.02205808,-0.0213887,-0.02052156,-0.01951247,-0.01830376,-0.01697246,-0.01543868,-0.01380152,-0.01196024,-0.01003629,-0.007909895,-0.00572436,-0.003342836,-0.0009309176,0.001663123,0.00425334,0.007007872,0.009723304,0.01258208,0.01536191,0.01825756,0.02103129,0.0238928,0.02659079,0.02934574,0.03189027,0.03445518,0.03676294,0.03905977,0.041061,0.04302486,0.04465717,0.04622741,0.04743545,0.04856386,0.04930665,0.04995642,0.05020143,0.05034672,0.05007925,0.04971731,0.04894484,0.0480897,0.04683233,0.04551097,0.04380395,0.04205911,0.03995253,0.03784177,0.0354024,0.03300085,0.03030983,0.02770164,0.0248488,0.02213479,0.0192402,0.01656254,0.0137919,0.01133434,0.008890856,0.006863157,0.004953871,0.003511734,0.002211472,0.00122636,0.0002412999,-0.0004342783,0.0008931254,0.001527825,-0.0003311236,NaN,NaN,NaN,NaN,NaN,NaN,NaN
NaN,NaN,NaN,NaN,NaN,NaN,NaN,6.392228e-05,0.0002433578,-0.003811161,-0.01196902,-0.01711483,-0.02086985,-0.02295752,-0.02436045,-0.02493457,-0.02523883,-0.02505476,-0.02474508,-0.02408009,-0.02333621,-0.02228596,-0.02116647,-0.01976117,-0.01829321,-0.01655494,-0.01476316,-0.01271437,-0.01062459,-0.008292393,-0.005936328,-0.00335542,-0.0007741652,0.002008405,0.004761523,0.007690032,0.01055761,0.01357206,0.01648795,0.01951618,0.02240564,0.02537529,0.02816841,0.03100729,0.0336247,0.0362475,0.03860503,0.04093578,0.04296652,0.04494229,0.04658321,0.04814267,0.04934024,0.05044129,0.05116223,0.05177417,0.0519882,0.05208563,0.05177946,0.05136418,0.05055139,0.0496427,0.04834614,0.04697242,0.04522888,0.04343572,0.04129818,0.03914485,0.03667988,0.03424051,0.03152804,0.02888619,0.02601484,0.02326842,0.02035141,0.01763153,0.01481876,0.01229122,0.009766106,0.007623298,0.005579441,0.003981748,0.002531161,0.0014684,0.000509156,-0.0001102025,0.001078274,0.002602292,-0.000115741,0.0001299764,NaN,NaN,NaN,NaN,NaN,NaN
NaN,NaN,NaN,NaN,NaN,NaN,NaN,0.0002980581,-0.0006646347,-0.00720856,-0.01459766,-0.01961723,-0.02313293,-0.02522406,-0.02655615,-0.02714702,-0.02737224,-0.02715697,-0.02672655,-0.02598409,-0.02508601,-0.0239284,-0.02263184,-0.02109756,-0.01943531,-0.01755484,-0.01556078,-0.01336514,-0.01107065,-0.008592025,-0.006035037,-0.003315552,-0.0005428451,0.002367424,0.005300196,0.00834052,0.01136845,0.0144726,0.0175281,0.02062575,0.02363387,0.02664737,0.02953116,0.03238638,0.03507229,0.03769258,0.04009993,0.04240555,0.04446223,0.04639174,0.04804387,0.049546,0.05074352,0.05177397,0.05248298,0.05301838,0.053221,0.05324532,0.05292898,0.05244035,0.05161831,0.05064329,0.04934771,0.04791947,0.04618488,0.04434589,0.04222577,0.04004,0.03760267,0.03514097,0.0324589,0.02980097,0.02696153,0.02420495,0.02131226,0.01857396,0.01575772,0.0131887,0.01061307,0.008391558,0.006226124,0.004513061,0.0028759,0.001754634,0.0006477902,0.0002067064,0.0007222184,0.003441072,0.001163584,-0.0001204774,NaN,NaN,NaN,NaN,NaN,NaN
NaN,NaN,NaN,NaN,NaN,0.0001875569,6.009785e-05,0.0003258923,-0.002905588,-0.01084942,-0.01696092,-0.02192076,-0.02503353,-0.02723989,-0.0283907,-0.02909167,-0.0291613,-0.02899318,-0.02838817,-0.02763294,-0.02653963,-0.02532693,-0.02382372,-0.02220673,-0.02033239,-0.01835139,-0.01614614,-0.01384222,-0.01134388,-0.008756858,-0.006008401,-0.003187365,-0.0002406435,0.002759166,0.005845785,0.008959809,0.01211746,0.01527445,0.01843304,0.0215621,0.02464768,0.02767008,0.03060328,0.03344311,0.03615324,0.03874032,0.04115346,0.04341074,0.04545441,0.04732093,0.04894662,0.05037992,0.0515453,0.05250422,0.05317626,0.05364103,0.05381076,0.05377601,0.05343723,0.05290098,0.05206432,0.05105416,0.04975804,0.04831456,0.04659611,0.04475884,0.04266663,0.04049782,0.03810101,0.03567185,0.03303834,0.03042098,0.02762961,0.02491587,0.0220635,0.01936031,0.0165591,0.01399879,0.01139075,0.009134851,0.006869335,0.005072077,0.003262353,0.002054082,0.0007673787,0.000377851,0.0003068748,0.003431895,0.003023915,-4.321817e-05,0.0002836813,-3.590168e-05,NaN,NaN,NaN,NaN
3.077579e-05,3.687717e-05,4.606586e-05,5.380019e-05,0.0001108516,6.849765e-05,0.0003166687,-0.0008939243,-0.00669403,-0.01351423,-0.01924806,-0.02356727,-0.02665443,-0.02864499,-0.02988151,-0.03046266,-0.03059023,-0.03029854,-0.02969794,-0.02879807,-0.02766196,-0.02628881,-0.02471074,-0.0229279,-0.02095904,-0.01881384,-0.01650343,-0.01404402,-0.01143896,-0.008711777,-0.005862129,-0.002921253,0.0001153806,0.003210609,0.006371764,0.009554393,0.01276824,0.0159647,0.01915868,0.02229762,0.02539829,0.02840254,0.03133117,0.0341257,0.03681356,0.03933323,0.04171321,0.04388769,0.04589162,0.04766286,0.04924588,0.05057772,0.05170536,0.05256363,0.05320752,0.05357608,0.05373257,0.05361349,0.05328405,0.05267957,0.05187533,0.05081172,0.04957211,0.04809305,0.04645921,0.04460441,0.04262201,0.04044789,0.03818235,0.03575638,0.03327322,0.0306607,0.02803125,0.02531226,0.0226247,0.01989284,0.01724798,0.01461476,0.01213808,0.009739007,0.007568031,0.005534322,0.003789427,0.002242861,0.00106031,0.0002397128,0.0002092865,0.002108847,0.004269466,0.001483897,3.718664e-05,0.0001871347,5.355281e-05,9.763818e-05,4.170112e-05,5.365746e-05
2.221715e-05,4.323469e-05,3.976026e-05,6.705504e-05,0.0001629372,0.0001026865,-0.000471568,-0.003985784,-0.01011678,-0.01567419,-0.02091147,-0.02469644,-0.02765592,-0.02948337,-0.03074443,-0.03125393,-0.03140881,-0.03104302,-0.03043583,-0.0294405,-0.02826317,-0.02677632,-0.02513357,-0.0232296,-0.0211847,-0.01891929,-0.01652982,-0.01395819,-0.01127954,-0.008455207,-0.005544053,-0.00252581,0.0005553068,0.003703944,0.006888664,0.0100989,0.0133144,0.01651224,0.01968462,0.02279792,0.0258544,0.0288092,0.03167503,0.03439973,0.03700847,0.03944138,0.0417321,0.04381177,0.04572488,0.04739924,0.04889329,0.05013004,0.05117714,0.05195084,0.05253055,0.05283017,0.05294209,0.05277381,0.05242567,0.05179798,0.0510042,0.04994255,0.04874036,0.04728769,0.04572,0.04391731,0.0420282,0.03992617,0.03777421,0.03543397,0.03308018,0.03056106,0.02806891,0.02543948,0.02288574,0.02022647,0.01769939,0.01510435,0.01271193,0.01029416,0.008157799,0.006028193,0.004262511,0.002529426,0.001292812,0.0001816566,-1.480001e-06,0.0007960598,0.003689653,0.003502978,0.0007974982,0.0002165976,2.970982e-05,0.0001288679,3.771362e-05,6.81319e-05
3.799873e-05,2.00338e-05,-3.265638e-05,-5.563145e-05,-0.0003835089,-0.0008390151,-0.002878164,-0.007194655,-0.01224624,-0.0173902,-0.02177917,-0.02531555,-0.0279095,-0.02973305,-0.03085023,-0.03141716,-0.03148771,-0.03116498,-0.03047889,-0.02949579,-0.02823241,-0.02673046,-0.02499804,-0.02306299,-0.02093297,-0.01863072,-0.01616694,-0.0135607,-0.01082469,-0.007975546,-0.005029175,-0.002001179,0.00108974,0.004229307,0.007396197,0.01057663,0.01374673,0.01689426,0.01999468,0.02303788,0.02599796,0.02886607,0.03161584,0.03424194,0.03671966,0.03904675,0.04119793,0.04317265,0.0449466,0.04652448,0.0478856,0.0490392,0.04996539,0.05067644,0.05115467,0.05141804,0.05145191,0.05127732,0.05087889,0.05027983,0.04946682,0.04846904,0.04727611,0.04592003,0.0443888,0.04271555,0.04088838,0.0389442,0.03687182,0.03471014,0.03244618,0.03012059,0.02772034,0.0252899,0.02281689,0.02034979,0.01787743,0.01545431,0.01307172,0.01078872,0.008595405,0.006549762,0.004640784,0.002934565,0.001446719,0.0002989956,-0.000359597,-8.614178e-05,0.001692274,0.003526573,0.002356391,0.0006676343,0.0004835613,0.0001985113,0.0001282214,5.884657e-05
-0.0002388332,-0.0003547307,-0.0005241886,-0.0008125735,-0.001668118,-0.003014021,-0.005269137,-0.009320207,-0.01393531,-0.0183126,-0.0221477,-0.02523573,-0.02759756,-0.0292535,-0.03031341,-0.03082659,-0.03089421,-0.03054765,-0.02986459,-0.02885846,-0.02759024,-0.02606018,-0.02431692,-0.02235398,-0.02021466,-0.01789151,-0.01542631,-0.01281175,-0.0100881,-0.007248653,-0.004333221,-0.001336464,0.00170204,0.004786565,0.007877924,0.01097922,0.01405163,0.01709777,0.02008021,0.02300183,0.02582662,0.02855758,0.03116056,0.03363996,0.03596472,0.03814086,0.04013945,0.04196739,0.04359842,0.04504202,0.04627618,0.04731312,0.04813388,0.04875261,0.04915379,0.04935461,0.04934334,0.04913872,0.04873041,0.04813768,0.04735278,0.04639773,0.04526836,0.04398802,0.04255322,0.04098686,0.03928642,0.03747557,0.03555333,0.03354349,0.03144533,0.02928254,0.02705564,0.02478938,0.0224862,0.0201724,0.0178531,0.01555788,0.01329547,0.0110977,0.008973924,0.006953713,0.005046613,0.003289161,0.001712375,0.0003998781,-0.0005253241,-0.0008230053,-4.288728e-05,0.001586273,0.002055445,0.001277196,0.0008644601,0.0003017062,2.116761e-05,-0.0001359956
-0.00108481,-0.001342586,-0.001702786,-0.002242149,-0.003335367,-0.004998771,-0.007500566,-0.01107999,-0.01498108,-0.01873174,-0.02198165,-0.02465887,-0.0267191,-0.02820001,-0.02913962,-0.02959907,-0.02962788,-0.0292763,-0.02858519,-0.02759087,-0.02632535,-0.02481345,-0.02307981,-0.02114245,-0.019023,-0.01673707,-0.01430597,-0.01174416,-0.009072582,-0.006305101,-0.003462848,-0.0005596447,0.002383149,0.005351841,0.008324987,0.01128896,0.01422242,0.01711241,0.0199386,0.02268916,0.02534478,0.02789483,0.03032157,0.03261662,0.03476476,0.03675982,0.03858836,0.04024604,0.04172166,0.04301381,0.04411445,0.04502495,0.04573953,0.04626204,0.04658947,0.04672882,0.04667979,0.04645114,0.04604332,0.04546607,0.04472126,0.04382095,0.04276907,0.04157921,0.0402556,0.03881214,0.03725308,0.03559288,0.03383589,0.03199688,0.03007992,0.02810044,0.02606272,0.02398337,0.02186722,0.01973271,0.0175861,0.01544939,0.01333066,0.0112547,0.009228998,0.007277643,0.005406221,0.003645801,0.002015491,0.0005851185,-0.0005683522,-0.001287667,-0.001362499,-0.0005807133,0.0002636227,0.000349568,0.0002315896,-0.0001890958,-0.0005743729,-0.0008445862
-0.002419244,-0.002811542,-0.003327024,-0.004079194,-0.005288727,-0.007061056,-0.009387287,-0.01240001,-0.01568533,-0.01874437,-0.02145593,-0.02368577,-0.02543512,-0.02668427,-0.02748049,-0.02784204,-0.02782216,-0.0274444,-0.02675382,-0.02577131,-0.02453292,-0.02305559,-0.02136767,-0.01948393,-0.01742825,-0.01521549,-0.01286736,-0.01039941,-0.007831551,-0.005180012,-0.002463317,0.0003014976,0.003097042,0.005905698,0.008711324,0.01149598,0.01424489,0.01694025,0.01956913,0.02211441,0.02456523,0.02690549,0.02912672,0.03121439,0.03316292,0.03495954,0.03660135,0.03807717,0.03938681,0.04052108,0.04148287,0.04226493,0.04287292,0.04330143,0.04355895,0.0436421,0.04356207,0.04331656,0.04291813,0.04236471,0.04167022,0.04083341,0.0398702,0.03877988,0.03757938,0.03626757,0.03486182,0.03336038,0.0317811,0.03012135,0.0283994,0.02661207,0.02477878,0.02289617,0.02098518,0.01904242,0.0170911,0.01512907,0.01318257,0.01124983,0.009358687,0.007503762,0.0057134,0.00398344,0.002354671,0.0008452476,-0.000457174,-0.001495244,-0.002117525,-0.002243864,-0.001905105,-0.001531211,-0.001357864,-0.001490184,-0.001784081,-0.002089513
-0.004139256,-0.004590509,-0.005194345,-0.006028649,-0.007229349,-0.00885231,-0.01095224,-0.01343113,-0.01600786,-0.01848849,-0.02065615,-0.02246647,-0.02386722,-0.02487283,-0.02548037,-0.02572665,-0.02562512,-0.02521436,-0.02450977,-0.0235465,-0.02233839,-0.02091605,-0.01929118,-0.0174911,-0.01552663,-0.01342351,-0.01119273,-0.008858998,-0.006433334,-0.003939548,-0.001388685,0.001196299,0.003804479,0.006413845,0.009013788,0.01158333,0.01411248,0.01658175,0.01898228,0.02129637,0.02351646,0.02562679,0.02762153,0.0294874,0.03122078,0.03281077,0.03425559,0.0355466,0.03668398,0.03766168,0.03848202,0.03914112,0.03964299,0.03998583,0.04017556,0.04021272,0.04010493,0.03985412,0.0394684,0.03895039,0.03830858,0.03754658,0.03667353,0.03569385,0.03461681,0.03344716,0.03219378,0.03086132,0.02945795,0.02798802,0.02645907,0.0248758,0.02324569,0.0215741,0.01986859,0.01813545,0.01638287,0.01461909,0.01285313,0.01109476,0.009352508,0.007634623,0.005946984,0.00429955,0.002702896,0.00118425,-0.0002203262,-0.001452297,-0.002466856,-0.003166557,-0.003509416,-0.003546143,-0.003414021,-0.003398665,-0.003541835,-0.003796085
-0.005991215,-0.006437844,-0.007037238,-0.007855651,-0.008955533,-0.01038529,-0.0120858,-0.01404001,-0.01608913,-0.01799297,-0.01968293,-0.0210726,-0.02214581,-0.02288342,-0.023299,-0.0234003,-0.0232101,-0.02274419,-0.02202547,-0.02107176,-0.01990381,-0.01853935,-0.01699677,-0.0152936,-0.01344671,-0.01147401,-0.009391542,-0.00721765,-0.004967494,-0.002659551,-0.0003080072,0.002068775,0.004457649,0.006840613,0.00920579,0.01153583,0.01382032,0.0160429,0.01819493,0.02026137,0.02223562,0.02410427,0.02586292,0.02750001,0.02901356,0.0303939,0.03164141,0.03274826,0.033717,0.03454154,0.03522658,0.03576757,0.03617113,0.03643416,0.03656505,0.03656213,0.03643544,0.03618415,0.03581919,0.03533984,0.03475745,0.0340714,0.0332937,0.0324238,0.03147415,0.03044393,0.02934559,0.02817763,0.02695222,0.02566685,0.02433347,0.02294904,0.02152595,0.02006109,0.01856762,0.01704231,0.01549933,0.01393594,0.01236758,0.01079152,0.009223612,0.007657999,0.006108802,0.004568388,0.003053812,0.001565271,0.0001396338,-0.001207289,-0.002423083,-0.003510582,-0.00436647,-0.0049031,-0.005166301,-0.005300941,-0.005449565,-0.005671244
-0.00764658,-0.008076841,-0.008633272,-0.009355957,-0.01028757,-0.01143588,-0.01281423,-0.01432749,-0.01584173,-0.01729288,-0.01854584,-0.01957217,-0.02032923,-0.02082179,-0.02103899,-0.02100082,-0.02070995,-0.0201899,-0.01944784,-0.01850739,-0.01737722,-0.01607987,-0.01462459,-0.01303294,-0.01131477,-0.009491146,-0.007572532,-0.005579492,-0.00352277,-0.001422215,0.0007115166,0.002859548,0.005011647,0.007150133,0.009265467,0.01134131,0.01336911,0.01533423,0.01722947,0.01904204,0.02076626,0.02239131,0.02391321,0.02532345,0.02661995,0.02779633,0.02885219,0.0297831,0.03059031,0.03127139,0.03182912,0.03226264,0.03257586,0.03276934,0.03284812,0.03281429,0.03267386,0.03242981,0.03208843,0.03165308,0.03112997,0.03052273,0.02983746,0.02907798,0.0282502,0.02735806,0.02640703,0.0254008,0.02434393,0.0232396,0.02209153,0.02090286,0.01967697,0.01841741,0.01712752,0.01581135,0.01447227,0.01311526,0.01174348,0.01036242,0.008974124,0.007582217,0.006185091,0.004784741,0.003377946,0.001971829,0.0005714831,-0.0007997266,-0.002134042,-0.003386706,-0.004537149,-0.005503868,-0.006187999,-0.006655333,-0.006994044,-0.007303013
-0.008754275,-0.009214662,-0.009735941,-0.01036681,-0.01113206,-0.01205173,-0.01307582,-0.01419361,-0.01533679,-0.01637238,-0.01727013,-0.01797228,-0.0184657,-0.01873328,-0.01878079,-0.01860968,-0.01823297,-0.01765911,-0.01690271,-0.01597507,-0.01489063,-0.01366198,-0.01230312,-0.01082747,-0.009248681,-0.007580975,-0.005837772,-0.004033804,-0.002182022,-0.0002972415,0.001608401,0.003520406,0.005427679,0.00731636,0.009176685,0.01099573,0.01276525,0.01447351,0.01611395,0.01767625,0.01915577,0.02054378,0.02183759,0.0230301,0.02412061,0.02510363,0.02598041,0.02674697,0.0274062,0.02795543,0.02839902,0.02873539,0.02897018,0.0291027,0.02913964,0.02908107,0.02893465,0.02870088,0.02838796,0.02799636,0.02753435,0.02700214,0.02640802,0.02575191,0.02504215,0.02427828,0.02346852,0.02261178,0.0217159,0.02077887,0.01980805,0.01880076,0.0177644,0.01669613,0.01560385,0.01448447,0.01334635,0.0121863,0.01101288,0.009822189,0.008622261,0.007406047,0.006178827,0.004929673,0.003661874,0.002364256,0.001047311,-0.0002923576,-0.001628601,-0.002969849,-0.00425409,-0.005418011,-0.006416184,-0.007205443,-0.007816328,-0.008309594
-0.009141237,-0.009674899,-0.01020486,-0.01076946,-0.01139974,-0.01210255,-0.01289438,-0.01371708,-0.01450317,-0.01523893,-0.01584009,-0.01629118,-0.01656163,-0.01665361,-0.01655736,-0.01628525,-0.01583773,-0.01523041,-0.01446788,-0.01356646,-0.01253254,-0.01138227,-0.01012309,-0.008770912,-0.007333968,-0.005828049,-0.00426201,-0.002651327,-0.001005103,0.0006617659,0.002340349,0.00401666,0.005682314,0.007324501,0.008935655,0.0105043,0.01202392,0.01348464,0.01488124,0.01620551,0.01745361,0.01861904,0.01969943,0.02069012,0.02159026,0.02239686,0.02311039,0.02372934,0.02425534,0.02468832,0.02503094,0.02528415,0.0254513,0.02553419,0.02553677,0.02546171,0.02531341,0.025095,0.02481097,0.0244646,0.02406016,0.02360091,0.02309075,0.02253277,0.02193049,0.02128693,0.02060513,0.01988788,0.01913747,0.0183562,0.01754557,0.01670761,0.01584331,0.01495488,0.01404314,0.01311059,0.01215789,0.01118783,0.0102003,0.009197741,0.008178386,0.007142434,0.006084135,0.005000315,0.003880854,0.002721723,0.001513674,0.0002625282,-0.001034252,-0.00234177,-0.003649538,-0.004912466,-0.006049928,-0.007041567,-0.007869199,-0.008556459
-0.00882661,-0.009440933,-0.01000093,-0.01054462,-0.01109403,-0.01167098,-0.01224865,-0.0128359,-0.0134091,-0.01389109,-0.01427599,-0.01452682,-0.01463646,-0.01459167,-0.01439667,-0.01405106,-0.01356434,-0.01294187,-0.01219476,-0.01133091,-0.01036158,-0.00929587,-0.008144869,-0.006918463,-0.005627503,-0.004282463,-0.002893955,-0.00147277,-2.905951e-05,0.001426438,0.00288434,0.004334314,0.005767968,0.007175666,0.008550247,0.009883019,0.0111682,0.01239818,0.01356864,0.01467319,0.01570911,0.01667131,0.01755861,0.01836719,0.01909733,0.01974644,0.02031621,0.02080514,0.02121608,0.02154833,0.02180571,0.02198817,0.02210034,0.02214266,0.02212033,0.0220341,0.02188963,0.02168781,0.02143459,0.02113075,0.02078215,0.02038922,0.01995769,0.01948754,0.01898435,0.01844767,0.01788286,0.01728896,0.01667106,0.01602743,0.01536275,0.01467464,0.0139676,0.01323895,0.01249346,0.01172818,0.01094807,0.0101498,0.009338019,0.008508226,0.007663893,0.006797354,0.005908941,0.004986376,0.004026136,0.003012398,0.001943368,0.0008074454,-0.0003816911,-0.001630796,-0.002890814,-0.004121369,-0.00529748,-0.006367737,-0.007312498,-0.008127057
-0.007995129,-0.008656776,-0.009243874,-0.009776114,-0.01027482,-0.01074878,-0.0112212,-0.01166166,-0.01203938,-0.01236581,-0.01259016,-0.0127085,-0.01270113,-0.01257102,-0.01231109,-0.01193044,-0.01142938,-0.01081957,-0.01010478,-0.009297374,-0.008402681,-0.007432958,-0.00639431,-0.005298709,-0.004152758,-0.002968131,-0.001751724,-0.0005147626,0.0007358529,0.001989534,0.003239686,0.004476602,0.005694279,0.00688409,0.008040815,0.00915701,0.0102284,0.01124887,0.01221523,0.01312272,0.01396922,0.01475128,0.01546789,0.01611696,0.01669857,0.01721182,0.01765766,0.0180362,0.01834917,0.0185976,0.01878381,0.01890948,0.01897727,0.01898932,0.01894856,0.01885758,0.01871946,0.01853697,0.0183131,0.01805068,0.01775244,0.01742112,0.01705906,0.01666875,0.0162521,0.01581144,0.01534822,0.01486456,0.01436136,0.01384037,0.01330189,0.0127474,0.01217669,0.0115912,0.01099046,0.01037606,0.009747249,0.009105656,0.008449601,0.007779941,0.007093065,0.006387463,0.005655608,0.004892151,0.004084595,0.003224619,0.00229779,0.001302082,0.0002299645,-0.0008918431,-0.002056254,-0.00322997,-0.004355134,-0.005414387,-0.006378943,-0.007239971
-0.00685901,-0.00752418,-0.008109356,-0.008629995,-0.00909551,-0.00952108,-0.009890389,-0.01022123,-0.0105112,-0.01071466,-0.01084052,-0.01086726,-0.01079417,-0.01061269,-0.01032747,-0.009938067,-0.009452363,-0.00887425,-0.008212865,-0.007474149,-0.006667383,-0.005799452,-0.004879378,-0.003914509,-0.002913464,-0.001883815,-0.0008337242,0.0002292225,0.001297459,0.002363651,0.00342103,0.004462742,0.00548295,0.006475467,0.007435536,0.008357798,0.009238641,0.01007359,0.01086018,0.01159488,0.01227644,0.01290227,0.01347223,0.01398462,0.0144403,0.01483836,0.01518066,0.01546696,0.01569984,0.01587956,0.01600924,0.01608946,0.01612386,0.01611323,0.01606148,0.01596945,0.01584125,0.01567772,0.01548308,0.01525799,0.01500656,0.01472913,0.01442966,0.01410809,0.0137682,0.0134095,0.01303557,0.01264549,0.01224262,0.01182553,0.0113973,0.01095597,0.01050441,0.01004034,0.009566719,0.009080928,0.008586004,0.00807884,0.007562028,0.007031193,0.006487526,0.005923678,0.005337771,0.004717983,0.004058381,0.003342911,0.002565308,0.00171163,0.000788334,-0.0002127558,-0.001253775,-0.002304856,-0.003348371,-0.004342324,-0.005267113,-0.006107628
-0.005613758,-0.006244173,-0.006801428,-0.007289252,-0.007715899,-0.008083622,-0.00841205,-0.008681929,-0.008878694,-0.009023077,-0.009083944,-0.009064975,-0.008954757,-0.008758086,-0.00847066,-0.008100116,-0.007647021,-0.007120572,-0.006523941,-0.005866802,-0.005153546,-0.00439369,-0.00359215,-0.002758042,-0.001896485,-0.001016116,-0.0001220501,0.0007776759,0.001678154,0.002572059,0.003454888,0.004320165,0.005163975,0.005980794,0.00676739,0.007519224,0.008233822,0.008907694,0.009539191,0.01012583,0.01066673,0.01116035,0.01160654,0.01200471,0.01235542,0.01265886,0.01291613,0.01312804,0.01329613,0.01342181,0.01350692,0.0135532,0.01356264,0.01353723,0.013479,0.01339018,0.01327282,0.01312915,0.01296108,0.01277085,0.0125601,0.01233101,0.01208489,0.01182369,0.01154839,0.01126076,0.01096139,0.01065189,0.01033243,0.0100044,0.009667532,0.009323056,0.008970272,0.008610336,0.008242246,0.007867174,0.007483826,0.007093271,0.006693325,0.006284247,0.005861991,0.005424633,0.004964614,0.004476434,0.003947988,0.003370556,0.002729422,0.00201984,0.001232093,0.000385176,-0.0005193555,-0.001456736,-0.002382009,-0.003280524,-0.004126342,-0.00490736
-0.004388834,-0.004962378,-0.005469556,-0.005915159,-0.00630039,-0.006632843,-0.006898186,-0.00711334,-0.007282001,-0.007373794,-0.00740306,-0.007357119,-0.007239167,-0.007044106,-0.006777159,-0.006438178,-0.006033949,-0.005567305,-0.005045734,-0.004473604,-0.003858429,-0.003205276,-0.002521345,-0.001811956,-0.001083814,-0.0003422452,0.0004066135,0.001157605,0.00190525,0.002644743,0.003371381,0.004080838,0.004769246,0.005432863,0.006068717,0.006673735,0.007245844,0.00778263,0.008282881,0.008744843,0.00916817,0.00955176,0.009896028,0.0102004,0.01046597,0.01069263,0.0108821,0.0110347,0.01115257,0.01123624,0.01128817,0.01130906,0.01130162,0.01126662,0.0112069,0.01112315,0.01101832,0.01089299,0.01075014,0.01059019,0.01041602,0.01022779,0.01002826,0.009817266,0.009597445,0.009368305,0.009132293,0.0088886,0.008639546,0.008383942,0.008123958,0.007858017,0.007588169,0.007312553,0.00703323,0.00674801,0.006458931,0.006163318,0.005862778,0.00555349,0.005235767,0.004903243,0.004553574,0.004176533,0.003766242,0.003308654,0.002797,0.002218012,0.001574257,0.0008557886,9.012767e-05,-0.0007027604,-0.001510969,-0.002299747,-0.003051609,-0.003750654
-0.00327356,-0.003779054,-0.004228151,-0.004619508,-0.004955912,-0.005236086,-0.005475015,-0.005657412,-0.005774749,-0.005848131,-0.00585623,-0.005805535,-0.005689166,-0.005512593,-0.005273179,-0.004977413,-0.004625818,-0.004225621,-0.003779176,-0.00329392,-0.002773118,-0.002223996,-0.00165018,-0.00105847,-0.0004525592,0.0001612712,0.0007794536,0.001396327,0.002008599,0.002611289,0.003201504,0.003775014,0.004329435,0.004861324,0.00536884,0.005849313,0.006301465,0.006723411,0.007114457,0.007473441,0.007800166,0.008094113,0.008355556,0.008584599,0.008781948,0.008948198,0.009084339,0.009191352,0.009270456,0.009322978,0.009350287,0.009353887,0.009335155,0.009295709,0.009236909,0.009160493,0.00906775,0.008960405,0.008839592,0.008707005,0.008563582,0.008410963,0.008249837,0.008081702,0.007906971,0.007727037,0.007542021,0.007353213,0.00716042,0.006964803,0.006765889,0.006564764,0.006360635,0.006154551,0.00594544,0.005734333,0.005519861,0.005302911,0.005081348,0.00485535,0.004621203,0.004377306,0.00411705,0.003835892,0.003523495,0.003172558,0.002770287,0.002311826,0.001787216,0.001209648,0.0005755889,-9.813646e-05,-0.0007782381,-0.001453994,-0.002103108,-0.002713316
-0.002309012,-0.002744818,-0.00313181,-0.003471133,-0.003761522,-0.004007236,-0.004195767,-0.004341695,-0.004449548,-0.00449679,-0.00449819,-0.004445233,-0.00434242,-0.004186339,-0.003981994,-0.003729135,-0.003433363,-0.00309646,-0.002724299,-0.002319774,-0.001888673,-0.00143441,-0.0009624545,-0.000476382,1.881197e-05,0.0005196083,0.001021553,0.001521325,0.002015071,0.002499795,0.00297231,0.003430022,0.003870423,0.00429137,0.004691056,0.005067828,0.005420551,0.005748026,0.006049729,0.006324896,0.006573604,0.006795506,0.006991178,0.007160579,0.007304703,0.007423781,0.007519203,0.007591416,0.007642064,0.007671674,0.007682062,0.0076738,0.007648865,0.007607822,0.00755269,0.007483938,0.007403611,0.007312076,0.007211401,0.007101801,0.006985267,0.006861813,0.006733363,0.006599707,0.006462696,0.00632187,0.006178972,0.00603331,0.005886569,0.005737792,0.005588599,0.005437767,0.005286867,0.005134465,0.004982148,0.004828194,0.004674139,0.004517822,0.004360423,0.004198833,0.004033193,0.003858377,0.003672451,0.003467238,0.003238041,0.002973618,0.002668388,0.002311088,0.001902576,0.001432155,0.0009194454,0.0003759116,-0.000192316,-0.0007583777,-0.001308576,-0.001828305
-0.001516818,-0.001885066,-0.002213733,-0.002499827,-0.002744104,-0.002944357,-0.003112607,-0.003236108,-0.003309475,-0.003351563,-0.00334634,-0.003300769,-0.003210139,-0.00307963,-0.00290727,-0.002698341,-0.002452974,-0.002176668,-0.00187083,-0.001540973,-0.001189174,-0.0008207063,-0.0004379206,-4.570334e-05,0.0003535571,0.0007554348,0.001157665,0.001556354,0.001949472,0.002333692,0.002707292,0.003067543,0.003413106,0.003741854,0.004052829,0.004344476,0.004616219,0.004867065,0.005096823,0.005304995,0.005491693,0.005656845,0.00580084,0.005924014,0.006027004,0.006110447,0.006175113,0.006221867,0.006251587,0.006265349,0.006264089,0.006248977,0.006220898,0.00618108,0.006130361,0.006070035,0.006000861,0.005924111,0.005840406,0.005750999,0.005656364,0.00555773,0.005455388,0.005350487,0.005243121,0.005134394,0.005024195,0.004913579,0.004802218,0.00469111,0.00457974,0.0044691,0.004358452,0.004248789,0.004139156,0.004030538,0.003921717,0.003813552,0.0037042,0.003593967,0.003479769,0.003360588,0.003231121,0.003088152,0.002923539,0.002731964,0.002503246,0.002233527,0.001913788,0.001553449,0.001145664,0.0007012243,0.0002434328,-0.0002217999,-0.0006771313,-0.001112265
-0.0008920451,-0.001198458,-0.001472148,-0.001712597,-0.00191766,-0.002089899,-0.002218648,-0.002316468,-0.002387343,-0.002413793,-0.002409449,-0.002367914,-0.002293847,-0.002184591,-0.002044556,-0.001873188,-0.00167493,-0.001450615,-0.001204672,-0.0009387301,-0.0006570518,-0.0003616565,-5.651233e-05,0.000256232,0.0005730106,0.0008917149,0.001209227,0.001523585,0.001832151,0.0021332,0.002424612,0.002704941,0.002972577,0.00322638,0.003465249,0.003688372,0.003895124,0.004084975,0.00425772,0.004413094,0.004551296,0.004672311,0.004776661,0.004864491,0.004936581,0.004993217,0.005035431,0.005063616,0.00507895,0.005081834,0.005073545,0.005054479,0.005026016,0.004988518,0.004943377,0.00489086,0.00483237,0.004768084,0.004699429,0.004626463,0.004550567,0.004471651,0.00439107,0.004308579,0.004225507,0.004141434,0.004057643,0.003973552,0.003890438,0.003807541,0.003726129,0.003645261,0.003566208,0.003487883,0.003411593,0.00333602,0.003262439,0.003189166,0.003117215,0.003044162,0.002970259,0.002891572,0.002806862,0.002709939,0.002597577,0.002461299,0.002297183,0.002096324,0.001859103,0.001575154,0.001258785,0.0009152478,0.0005462191,0.0001712757,-0.0002004774,-0.0005573605
-0.000424122,-0.0006750192,-0.000900781,-0.001097963,-0.001266309,-0.001403311,-0.001518652,-0.001601331,-0.001647968,-0.001674562,-0.001668392,-0.0016361,-0.001574096,-0.001486985,-0.001373056,-0.001236544,-0.001077154,-0.0008990158,-0.0007027161,-0.0004922529,-0.0002687026,-3.580944e-05,0.0002051348,0.0004507166,0.0006995988,0.0009487405,0.001196879,0.001441392,0.001681169,0.001914016,0.002139023,0.002354437,0.002559596,0.00275318,0.002934766,0.003103431,0.003258986,0.003400897,0.003529207,0.003643712,0.003744623,0.00383201,0.003906235,0.003967636,0.004016707,0.00405397,0.004079967,0.004095356,0.00410072,0.004096854,0.004084354,0.004064064,0.004036515,0.004002586,0.003962756,0.003917952,0.003868582,0.003815559,0.003759178,0.003700351,0.003639268,0.003576843,0.003513136,0.003449024,0.003384435,0.00332024,0.003256228,0.003193268,0.003130996,0.003070277,0.003010625,0.002952938,0.002896576,0.002842468,0.002789814,0.002739559,0.00269069,0.002644069,0.002598199,0.002553548,0.002507692,0.002460186,0.002406988,0.002346133,0.002271541,0.002179767,0.00206315,0.001919112,0.001740094,0.001533252,0.001290172,0.001017828,0.0007319121,0.0004342446,0.000137289,-0.0001516405
-8.955606e-05,-0.0002924066,-0.0004753915,-0.0006373966,-0.0007760482,-0.0008928131,-0.0009785272,-0.001043891,-0.001091728,-0.001108175,-0.001105199,-0.001077558,-0.001029621,-0.000959109,-0.0008697962,-0.0007608673,-0.0006358235,-0.0004948023,-0.0003411165,-0.0001754635,-9.356787e-07,0.0001814743,0.0003689454,0.0005603702,0.0007532563,0.0009465022,0.001137964,0.00132662,0.001510686,0.001689283,0.001861005,0.002025139,0.002180641,0.002326978,0.002463462,0.002589757,0.002705497,0.002810505,0.002904693,0.00298803,0.003060697,0.003122803,0.003174736,0.003216671,0.003249159,0.003272442,0.003287232,0.003293817,0.003292999,0.003285039,0.003270798,0.003250516,0.003225127,0.003194833,0.003160572,0.003122461,0.003081452,0.003037594,0.002991867,0.002944227,0.002895637,0.002845947,0.00279612,0.002745905,0.002696269,0.002646838,0.002598575,0.002550996,0.002505092,0.00246026,0.002417512,0.002376123,0.002337143,0.002299743,0.002265026,0.002231988,0.002201724,0.002172947,0.002146586,0.002120795,0.00209599,0.002069238,0.002039956,0.00200362,0.001958313,0.001897892,0.001819961,0.001717804,0.00159189,0.00143287,0.001251733,0.001049672,0.0008257077,0.0005936942,0.000358706,0.0001291886
0.0001328399,-2.890447e-05,-0.0001762239,-0.0003059642,-0.0004174915,-0.0005083383,-0.0005862364,-0.0006414399,-0.0006719388,-0.0006907583,-0.0006874026,-0.0006678593,-0.0006291128,-0.0005751291,-0.0005042984,-0.0004200263,-0.0003217006,-0.0002124512,-9.22871e-05,3.587784e-05,0.0001716764,0.000312449,0.0004576556,0.0006049171,0.0007536352,0.0009017242,0.001048612,0.001192529,0.001332981,0.001468509,0.001598728,0.001722491,0.001839556,0.001949075,0.002050934,0.002144557,0.002229956,0.002306817,0.00237528,0.002435248,0.002486941,0.002530434,0.002566025,0.002593964,0.002614612,0.002628335,0.002635496,0.002636545,0.002631851,0.002621963,0.002607239,0.002588258,0.002565315,0.002539013,0.002509606,0.002477737,0.002443601,0.00240784,0.002370559,0.002332412,0.002293434,0.002254295,0.002214939,0.00217603,0.002137418,0.002099792,0.002062905,0.002027468,0.001993131,0.00196063,0.001929533,0.001900629,0.00187338,0.001848622,0.001825698,0.001805482,0.001787152,0.001771544,0.001757472,0.001745519,0.001733832,0.001722403,0.001708244,0.001690361,0.001664359,0.001628272,0.001576534,0.001507707,0.001415774,0.001306539,0.001171249,0.001014843,0.0008476318,0.0006687071,0.000486655,0.0003059762
0.0002689061,0.0001413256,2.470991e-05,-7.986209e-05,-0.0001702271,-0.0002472248,-0.0003030473,-0.000346784,-0.0003799246,-0.0003914113,-0.0003914107,-0.0003753174,-0.0003470115,-0.000304392,-0.0002506333,-0.000184731,-0.0001094622,-2.451043e-05,6.76152e-05,0.0001668242,0.0002708474,0.0003793651,0.000490352,0.0006033828,0.0007166981,0.00082985,0.0009413455,0.001050762,0.001156872,0.001259322,0.001357154,0.001450099,0.001537446,0.00161902,0.001694354,0.001763377,0.001825841,0.001881747,0.001931029,0.001973763,0.00201006,0.002040065,0.002064023,0.002082097,0.002094634,0.00210182,0.002104114,0.002101715,0.002095138,0.002084543,0.002070486,0.002053102,0.002033004,0.002010289,0.001985579,0.0019589,0.001930891,0.001901531,0.001871487,0.001840669,0.001809747,0.001778553,0.001747775,0.001717175,0.001687464,0.001658319,0.001630467,0.001603511,0.001578222,0.001554121,0.001532019,0.001511348,0.001492975,0.001476257,0.001462121,0.001449793,0.001440216,0.001432399,0.001427198,0.001423217,0.00142099,0.001418359,0.00141523,0.001408359,0.001396809,0.00137623,0.001345393,0.001299383,0.001238904,0.001155933,0.001059411,0.0009480678,0.0008198105,0.0006844093,0.0005440292,0.0004044148
0.0003385365,0.0002390893,0.0001471508,6.524126e-05,-6.018742e-06,-6.44645e-05,-0.0001162772,-0.0001527946,-0.0001731084,-0.0001874347,-0.000186951,-0.0001768863,-0.0001545243,-0.0001231994,-8.133717e-05,-3.168112e-05,2.659101e-05,9.106749e-05,0.000162106,0.0002375375,0.0003174449,0.000399896,0.0004848283,0.000570544,0.0006569118,0.0007424635,0.0008270589,0.0009094652,0.000989568,0.001066358,0.001139767,0.001209005,0.001274071,0.001334382,0.001389995,0.00144051,0.001486042,0.001526368,0.001561664,0.001591851,0.001617132,0.001637541,0.001653312,0.001664597,0.001671655,0.001674713,0.00167401,0.001669829,0.001662402,0.001652083,0.001639085,0.001623783,0.001606336,0.001587143,0.001566325,0.001544322,0.001521209,0.001497429,0.001472991,0.001448359,0.00142349,0.001398877,0.001374409,0.00135059,0.001327244,0.001304909,0.001283345,0.001263122,0.001243926,0.001226367,0.001210074,0.001195716,0.001182847,0.001172188,0.001163202,0.001156663,0.001151905,0.001149701,0.001149117,0.00115078,0.001153287,0.001156909,0.001159464,0.001160623,0.001157256,0.00114843,0.001130181,0.001101912,0.001058997,0.001006345,0.000935587,0.0008507871,0.0007585618,0.0006565572,0.0005506548,0.0004432328
0.0003621743,0.0002853669,0.0002140844,0.0001491246,9.223042e-05,4.287572e-05,7.552724e-06,-2.150333e-05,-4.45507e-05,-5.292553e-05,-5.506707e-05,-4.680137e-05,-3.147334e-05,-7.089146e-06,2.371575e-05,6.206329e-05,0.0001057346,0.000155322,0.0002088875,0.0002667082,0.0003270757,0.0003900777,0.0004542169,0.0005194803,0.0005845833,0.0006494705,0.0007130599,0.0007752856,0.0008352606,0.000892941,0.0009476306,0.0009993158,0.001047473,0.001092126,0.00113292,0.001169924,0.001202931,0.001232034,0.001257149,0.001278396,0.001295813,0.001309549,0.00131973,0.001326496,0.00133004,0.001330506,0.001328168,0.001323164,0.001315805,0.001306192,0.001294666,0.001281305,0.001266496,0.001250284,0.001233069,0.001214838,0.001196012,0.001176542,0.00115688,0.001136927,0.001117144,0.001097375,0.00107811,0.001059142,0.001040992,0.00102339,0.001006886,0.0009911559,0.0009767982,0.0009634317,0.0009516984,0.000941152,0.0009324946,0.0009252215,0.000920099,0.0009165205,0.0009152822,0.0009156177,0.0009182903,0.0009222428,0.0009280543,0.0009341428,0.0009407205,0.0009454728,0.0009481116,0.0009455858,0.0009374444,0.0009201612,0.0008946137,0.0008541474,0.0008063709,0.0007485843,0.0006786268,0.0006034783,0.0005234758,0.0004424298
0.0003538186,0.000295058,0.0002398446,0.0001900156,0.000146023,0.0001095982,7.580072e-05,5.224155e-05,3.88423e-05,2.790497e-05,2.681816e-05,3.107732e-05,4.319163e-05,6.039028e-05,8.421214e-05,0.0001124395,0.000146012,0.0001830381,0.000224088,0.0002675032,0.0003136299,0.0003610176,0.0004098828,0.0004589668,0.0005084103,0.0005571335,0.0006052456,0.0006518427,0.0006970267,0.0007400556,0.0007810371,0.0008193855,0.0008552316,0.0008881335,0.0009182385,0.0009452283,0.0009692695,0.0009901661,0.001008108,0.001022996,0.001035017,0.001044151,0.001050591,0.001054398,0.001055771,0.001054823,0.001051721,0.001046622,0.001039681,0.001031108,0.001021036,0.001009694,0.0009971693,0.0009837126,0.0009693851,0.0009544737,0.000939001,0.0009232634,0.0009072328,0.0008912308,0.000875193,0.0008594704,0.0008439485,0.0008289975,0.0008144547,0.0008007286,0.0007876094,0.0007755417,0.0007642605,0.000754255,0.0007452158,0.0007376926,0.0007313157,0.0007266885,0.0007233701,0.0007220211,0.0007221028,0.0007242939,0.0007278604,0.000733411,0.0007398845,0.0007476932,0.0007552473,0.0007626174,0.0007675819,0.0007698552,0.0007666425,0.0007578746,0.0007400913,0.000717485,0.0006824266,0.0006387511,0.0005905052,0.0005348292,0.000475855,0.0004145723
0.0003266565,0.0002820644,0.0002400082,0.0002009926,0.0001663092,0.0001355904,0.0001140647,9.507404e-05,7.939837e-05,7.354044e-05,7.063489e-05,7.446411e-05,8.217477e-05,9.564419e-05,0.0001126931,0.0001344861,0.0001592327,0.0001876715,0.0002182732,0.0002515186,0.0002860818,0.0003222803,0.0003589648,0.0003963558,0.0004334722,0.0004704804,0.0005065532,0.0005418255,0.000575615,0.000608049,0.0006385831,0.0006673433,0.0006939071,0.0007184053,0.000740534,0.0007604373,0.0007779129,0.000793103,0.000805889,0.0008164169,0.0008246554,0.0008307554,0.0008347463,0.0008367585,0.0008368707,0.000835206,0.0008319024,0.0008270714,0.0008208794,0.0008134001,0.000804827,0.0007952144,0.0007847949,0.0007735947,0.000761859,0.0007495695,0.0007369941,0.0007240868,0.0007111459,0.0006980859,0.0006852201,0.0006724201,0.0006600296,0.0006478837,0.0006363566,0.0006252363,0.0006149285,0.0006051816,0.0005964491,0.0005884331,0.0005816314,0.0005756954,0.0005711808,0.0005676917,0.0005658445,0.000565163,0.0005663018,0.0005686651,0.0005729098,0.0005782315,0.0005851949,0.0005926352,0.0006009207,0.000608395,0.0006151489,0.0006190425,0.000620081,0.0006157676,0.0006070244,0.0005884832,0.0005667685,0.0005383652,0.0005016479,0.0004616755,0.0004177745,0.0003724903
0.0002886382,0.0002550157,0.000222908,0.0001935656,0.000167263,0.0001452798,0.0001237188,0.0001091491,0.0001006012,9.259814e-05,9.119367e-05,9.253327e-05,9.89185e-05,0.0001080536,0.0001214031,0.0001371623,0.0001563066,0.0001773255,0.0002008908,0.0002256992,0.0002522337,0.0002793661,0.0003074621,0.0003355475,0.0003639103,0.0003917153,0.0004192064,0.0004456809,0.0004713567,0.0004956498,0.0005187621,0.0005402226,0.0005602311,0.0005784189,0.0005949789,0.00060963,0.0006225627,0.0006335831,0.0006428836,0.0006503382,0.0006561237,0.0006601699,0.0006626477,0.0006635488,0.0006630363,0.0006611389,0.0006579906,0.0006536531,0.0006482471,0.0006418765,0.0006346408,0.0006266602,0.0006179962,0.0006087926,0.0005990904,0.0005890644,0.0005787239,0.000568256,0.0005576317,0.0005470644,0.0005364975,0.0005261726,0.0005159943,0.0005062256,0.0004967348,0.0004878225,0.0004793206,0.0004715642,0.0004643421,0.0004580329,0.0004523897,0.0004478456,0.0004441047,0.0004416502,0.00044013,0.0004400828,0.0004410794,0.0004436895,0.0004473396,0.0004525775,0.0004586017,0.0004658647,0.0004732052,0.0004808983,0.000487361,0.0004926691,0.0004948619,0.0004941447,0.0004879943,0.0004799363,0.000463227,0.0004417589,0.000417713,0.0003883172,0.0003566018,0.0003227439
0.0002468582,0.0002217131,0.0001976115,0.0001748481,0.000154321,0.0001357716,0.0001232483,0.0001110753,0.0001008707,9.715305e-05,9.448689e-05,9.62361e-05,9.997565e-05,0.0001074255,0.0001167829,0.0001291841,0.0001431693,0.0001595268,0.0001770256,0.0001962393,0.000216109,0.000237066,0.0002581959,0.0002798389,0.0003012128,0.0003225993,0.0003433334,0.0003636554,0.0003830086,0.0004016105,0.0004190056,0.0004353932,0.0004504063,0.0004642322,0.0004765896,0.000487661,0.0004972373,0.000505486,0.000512259,0.0005177158,0.0005217722,0.0005245808,0.0005261007,0.0005264611,0.0005256591,0.0005238128,0.0005209654,0.0005172197,0.0005126405,0.0005072986,0.0005012835,0.0004946501,0.0004875207,0.0004799258,0.0004720004,0.0004637404,0.0004553035,0.0004466648,0.000438009,0.00042928,0.0004206787,0.0004121161,0.000403823,0.0003956818,0.0003879516,0.0003804781,0.0003735515,0.0003669863,0.0003611151,0.0003557153,0.0003511595,0.0003471846,0.0003442156,0.0003419497,0.000340866,0.0003405969,0.0003416632,0.0003436066,0.0003469695,0.0003511429,0.0003566334,0.0003625836,0.0003694085,0.0003759184,0.0003823887,0.0003873146,0.0003909218,0.0003914694,0.0003897974,0.0003816996,0.0003729555,0.0003595986,0.0003408232,0.0003202961,0.0002968753,0.0002723162
0.0002048946,0.0001861255,0.000167943,0.0001511447,0.0001358805,0.0001230193,0.0001095913,0.0001011385,9.592494e-05,9.043185e-05,8.942898e-05,8.965255e-05,9.316555e-05,9.807019e-05,0.0001057099,0.0001146074,0.0001257078,0.0001377865,0.0001515378,0.0001659137,0.0001814493,0.0001972401,0.0002137166,0.0002300964,0.0002467356,0.0002629595,0.0002790766,0.0002945122,0.0003095402,0.0003236742,0.000337162,0.0003496008,0.0003612233,0.0003717008,0.0003812483,0.0003896012,0.0003969619,0.0004031298,0.0004082984,0.0004123157,0.0004153555,0.0004173081,0.0004183363,0.0004183775,0.0004175815,0.0004159134,0.0004134972,0.0004103258,0.0004065102,0.0004020771,0.0003971173,0.0003916725,0.000385804,0.0003795758,0.000373033,0.0003662656,0.0003592925,0.0003522169,0.0003450288,0.0003378566,0.0003306688,0.0003236183,0.0003166426,0.0003099163,0.0003033492,0.0002971491,0.0002911968,0.000285731,0.000280598,0.0002760757,0.000271981,0.0002686382,0.0002658236,0.0002639065,0.0002626174,0.0002623768,0.0002628536,0.0002645036,0.0002668884,0.0002704698,0.0002746492,0.0002798523,0.0002852336,0.0002911401,0.0002964409,0.0003013775,0.0003045863,0.0003063635,0.0003049365,0.0003031597,0.0002952194,0.0002851405,0.0002736739,0.0002584707,0.0002418479,0.0002235591
0.0001657787,0.00015192,0.0001384269,0.0001254791,0.0001136635,0.0001028303,9.594988e-05,8.827337e-05,8.206827e-05,8.00441e-05,7.808337e-05,7.908881e-05,8.101451e-05,8.538109e-05,9.070207e-05,9.802709e-05,0.0001061596,0.0001158685,0.0001261495,0.0001375935,0.0001493375,0.0001618512,0.0001743871,0.0001873335,0.000200046,0.0002128559,0.000225208,0.0002373902,0.0002489291,0.0002600838,0.0002704559,0.0002802794,0.0002892213,0.0002974967,0.0003048358,0.0003114402,0.0003170926,0.0003219751,0.0003259162,0.0003290857,0.0003313598,0.0003328957,0.000333602,0.0003336133,0.0003328693,0.0003314935,0.0003294608,0.0003268781,0.000323738,0.0003201218,0.0003160445,0.000311575,0.0003067551,0.0003016319,0.0002962592,0.0002906582,0.0002849044,0.0002790028,0.0002730519,0.0002670311,0.0002610547,0.0002550774,0.0002492399,0.0002434745,0.0002379465,0.0002325592,0.0002275059,0.0002226651,0.000218266,0.0002141563,0.0002106001,0.0002074124,0.0002049027,0.0002028523,0.0002016166,0.000200925,0.000201173,0.0002020209,0.0002038946,0.0002063439,0.0002097905,0.0002136116,0.0002181981,0.0002226982,0.0002274447,0.0002313811,0.0002347974,0.0002365143,0.0002371934,0.0002336672,0.0002309058,0.0002247226,0.0002152137,0.0002049597,0.0001926842,0.0001796488
0.0001305919,0.0001203003,0.0001102325,0.0001008533,9.225054e-05,8.494373e-05,7.681716e-05,7.240399e-05,6.93598e-05,6.589091e-05,6.552604e-05,6.556184e-05,6.778893e-05,7.065435e-05,7.533987e-05,8.063954e-05,8.741752e-05,9.467544e-05,0.0001030748,0.0001117616,0.0001212665,0.0001308502,0.0001409536,0.0001509321,0.0001611605,0.0001710774,0.0001810116,0.0001904772,0.0001997675,0.0002084625,0.0002168269,0.0002245032,0.0002317359,0.0002382222,0.0002441852,0.00024937,0.0002539841,0.0002578201,0.0002610718,0.0002635679,0.0002654825,0.0002666775,0.0002673153,0.0002672937,0.0002667601,0.0002656339,0.000264041,0.0002619249,0.0002594003,0.000256437,0.0002531316,0.0002494669,0.0002455174,0.0002412867,0.0002368364,0.0002321908,0.0002273898,0.0002224706,0.000217452,0.0002123935,0.0002072969,0.0002022418,0.0001972055,0.0001922875,0.0001874441,0.0001828028,0.0001782961,0.0001740777,0.0001700532,0.0001664095,0.000163028,0.0001601338,0.0001575743,0.0001556135,0.0001540624,0.0001532293,0.0001528757,0.0001533444,0.0001543167,0.0001561554,0.000158428,0.0001614934,0.0001647467,0.0001685238,0.0001720232,0.0001755272,0.0001781096,0.0001800377,0.0001801474,0.0001806087,0.0001765447,0.0001720697,0.000166793,0.0001589566,0.0001503746,0.0001406183
0.0001000808,9.257952e-05,8.516711e-05,7.798296e-05,7.137753e-05,6.532294e-05,6.181552e-05,5.701912e-05,5.366759e-05,5.285143e-05,5.168448e-05,5.256839e-05,5.380933e-05,5.669592e-05,6.001948e-05,6.470065e-05,6.97642e-05,7.591124e-05,8.232122e-05,8.955236e-05,9.68956e-05,0.0001048098,0.0001126761,0.0001208847,0.0001288954,0.0001370477,0.0001448685,0.0001526575,0.0001600032,0.0001671764,0.0001738211,0.0001801825,0.0001859533,0.0001913587,0.0001961386,0.0002005014,0.0002042256,0.0002075004,0.0002101398,0.0002123201,0.0002138911,0.0002150145,0.0002155645,0.0002156838,0.0002152725,0.0002144635,0.0002131836,0.0002115492,0.0002095015,0.0002071379,0.0002044202,0.0002014358,0.000198167,0.0001946826,0.0001909754,0.0001870957,0.0001830565,0.0001788954,0.000174643,0.0001703165,0.0001659606,0.0001615746,0.0001572258,0.0001528956,0.0001486712,0.0001445116,0.000140528,0.0001366597,0.0001330468,0.0001296038,0.0001264997,0.0001236234,0.0001211817,0.0001190351,0.0001174279,0.0001161789,0.0001155691,0.0001153652,0.0001158794,0.0001167965,0.0001184402,0.0001203749,0.0001229245,0.0001254933,0.0001283917,0.0001308915,0.00013325,0.0001347171,0.0001357149,0.0001340074,0.0001337471,0.0001306977,0.0001258207,0.0001207888,0.0001143881,0.0001075566
7.422503e-05,6.864834e-05,6.319224e-05,5.808045e-05,5.338948e-05,4.934887e-05,4.46395e-05,4.280367e-05,4.107006e-05,3.914797e-05,3.937798e-05,3.960907e-05,4.133139e-05,4.330538e-05,4.652152e-05,5.00117e-05,5.452394e-05,5.925095e-05,6.478353e-05,7.04273e-05,7.667013e-05,8.290546e-05,8.954854e-05,9.606412e-05,0.0001028125,0.000109321,0.0001159105,0.0001221644,0.0001283711,0.0001341629,0.0001398024,0.000144968,0.0001499022,0.0001543231,0.0001584532,0.0001620467,0.0001653109,0.0001680358,0.0001704136,0.000172261,0.000173753,0.0001747336,0.0001753672,0.0001755241,0.0001753543,0.0001747447,0.0001738287,0.0001725146,0.0001709265,0.0001689924,0.0001668205,0.0001643497,0.0001616727,0.0001587469,0.0001556551,0.0001523702,0.0001489573,0.0001454008,0.0001417511,0.0001380116,0.0001342194,0.0001303932,0.0001265513,0.0001227295,0.0001189308,0.0001152132,0.0001115608,0.0001080526,0.0001046521,0.000101466,9.84382e-05,9.570482e-05,9.318288e-05,9.104058e-05,8.916684e-05,8.776658e-05,8.668917e-05,8.616998e-05,8.599891e-05,8.643628e-05,8.719094e-05,8.853294e-05,9.005049e-05,9.201885e-05,9.388726e-05,9.590485e-05,9.747685e-05,9.877047e-05,9.91253e-05,0.0001000246,9.752231e-05,9.572037e-05,9.330648e-05,8.917619e-05,8.474544e-05,7.954613e-05
5.26825e-05,4.868404e-05,4.467765e-05,4.081038e-05,3.725365e-05,3.411106e-05,3.250549e-05,2.95144e-05,2.81549e-05,2.810869e-05,2.764153e-05,2.86238e-05,2.970369e-05,3.191589e-05,3.430816e-05,3.764291e-05,4.114304e-05,4.540918e-05,4.978087e-05,5.474999e-05,5.973913e-05,6.516374e-05,7.051339e-05,7.61499e-05,8.162064e-05,8.72458e-05,9.262178e-05,9.803589e-05,0.0001031299,0.000108166,0.0001128262,0.0001173503,0.0001214562,0.0001253661,0.0001288325,0.0001320615,0.0001348336,0.0001373386,0.0001393847,0.0001411506,0.0001424705,0.0001435089,0.0001441183,0.0001444487,0.0001443746,0.000144038,0.0001433323,0.0001423847,0.0001411001,0.0001395927,0.0001377862,0.0001357868,0.0001335323,0.0001311133,0.0001284771,0.0001257022,0.0001227531,0.0001196988,0.0001165161,0.000113258,0.0001099135,0.0001065235,0.0001030952,9.965558e-05,9.622676e-05,9.281917e-05,8.947452e-05,8.618861e-05,8.302504e-05,7.995998e-05,7.708035e-05,7.434351e-05,7.186608e-05,6.95827e-05,6.763872e-05,6.593698e-05,6.465402e-05,6.365404e-05,6.314168e-05,6.292053e-05,6.321168e-05,6.373573e-05,6.472706e-05,6.579256e-05,6.717566e-05,6.839838e-05,6.96318e-05,7.046362e-05,7.104791e-05,6.998755e-05,7.059825e-05,6.873986e-05,6.613286e-05,6.366018e-05,6.028316e-05,5.670651e-05
3.515008e-05,3.21461e-05,2.926357e-05,2.655122e-05,2.410724e-05,2.19232e-05,1.941817e-05,1.916255e-05,1.81511e-05,1.737e-05,1.80431e-05,1.857275e-05,2.012802e-05,2.176578e-05,2.426565e-05,2.687942e-05,3.021507e-05,3.363788e-05,3.764239e-05,4.167554e-05,4.615693e-05,5.059622e-05,5.535861e-05,6.000408e-05,6.485624e-05,6.952009e-05,7.428864e-05,7.880652e-05,8.334075e-05,8.757089e-05,9.174343e-05,9.557119e-05,9.92833e-05,0.0001026208,0.0001057963,0.000108578,0.0001111664,0.0001133551,0.000115331,0.0001169069,0.0001182567,0.0001192152,0.000119948,0.0001203088,0.0001204494,0.0001202363,0.0001198104,0.0001190561,0.0001181076,0.0001168629,0.0001154422,0.0001137524,0.0001119044,0.000109821,0.0001076056,0.0001051912,0.0001026673,9.997654e-05,9.719952e-05,9.429409e-05,9.133065e-05,8.827777e-05,8.519219e-05,8.205633e-05,7.89166e-05,7.577193e-05,7.265433e-05,6.957852e-05,6.656245e-05,6.364229e-05,6.082098e-05,5.81562e-05,5.563059e-05,5.332725e-05,5.12087e-05,4.938644e-05,4.779251e-05,4.656282e-05,4.558662e-05,4.502388e-05,4.470695e-05,4.48085e-05,4.507711e-05,4.570204e-05,4.6332e-05,4.714257e-05,4.779927e-05,4.833387e-05,4.850893e-05,4.913735e-05,4.719171e-05,4.663578e-05,4.542931e-05,4.311831e-05,4.077063e-05,3.796038e-05
2.086793e-05,1.876668e-05,1.663405e-05,1.464976e-05,1.284808e-05,1.14641e-05,1.084554e-05,8.980594e-06,8.986994e-06,9.369394e-06,9.45494e-06,1.056753e-05,1.169517e-05,1.360653e-05,1.559411e-05,1.824382e-05,2.096462e-05,2.423517e-05,2.754324e-05,3.129207e-05,3.502515e-05,3.909248e-05,4.30832e-05,4.730976e-05,5.14004e-05,5.563706e-05,5.96813e-05,6.379123e-05,6.765991e-05,7.152664e-05,7.511181e-05,7.863757e-05,8.185004e-05,8.495829e-05,8.773254e-05,9.036844e-05,9.26557e-05,9.4778e-05,9.654646e-05,9.813648e-05,9.937711e-05,0.0001004311,0.0001011407,0.0001016595,0.0001018478,0.0001018532,0.0001015485,0.0001010683,0.0001002945,9.935437e-05,9.814576e-05,9.679015e-05,9.519382e-05,9.346552e-05,9.151926e-05,8.945778e-05,8.720909e-05,8.486871e-05,8.237205e-05,7.980281e-05,7.710631e-05,7.43596e-05,7.152119e-05,6.865791e-05,6.57385e-05,6.281886e-05,5.988265e-05,5.697588e-05,5.409733e-05,5.127887e-05,4.853683e-05,4.589085e-05,4.337926e-05,4.100456e-05,3.882547e-05,3.682179e-05,3.507712e-05,3.35443e-05,3.232891e-05,3.134002e-05,3.069858e-05,3.025845e-05,3.015593e-05,3.016446e-05,3.043839e-05,3.069813e-05,3.100401e-05,3.121607e-05,3.121747e-05,3.036435e-05,3.112586e-05,2.95907e-05,2.809059e-05,2.681758e-05,2.496762e-05,2.305876e-05
9.63372e-06,8.01233e-06,6.545842e-06,5.155087e-06,3.977512e-06,2.811509e-06,1.746359e-06,2.408226e-06,1.749409e-06,1.79363e-06,2.746056e-06,3.558041e-06,5.066618e-06,6.613764e-06,8.758351e-06,1.096154e-05,1.367694e-05,1.643254e-05,1.961028e-05,2.278937e-05,2.630414e-05,2.977287e-05,3.349417e-05,3.711753e-05,4.091434e-05,4.456337e-05,4.831572e-05,5.18755e-05,5.547582e-05,5.884393e-05,6.219921e-05,6.529116e-05,6.832646e-05,7.107307e-05,7.372627e-05,7.607369e-05,7.830247e-05,8.021722e-05,8.199384e-05,8.345004e-05,8.475362e-05,8.573966e-05,8.65704e-05,8.709278e-05,8.745748e-05,8.752043e-05,8.742662e-05,8.704729e-05,8.652284e-05,8.573204e-05,8.480378e-05,8.362374e-05,8.23168e-05,8.078179e-05,7.913838e-05,7.72906e-05,7.534767e-05,7.322107e-05,7.101638e-05,6.865635e-05,6.623941e-05,6.369437e-05,6.111086e-05,5.842807e-05,5.573001e-05,5.296675e-05,5.021236e-05,4.742779e-05,4.467903e-05,4.194241e-05,3.927373e-05,3.666321e-05,3.415296e-05,3.175214e-05,2.949035e-05,2.739675e-05,2.547892e-05,2.378336e-05,2.228889e-05,2.106174e-05,2.004261e-05,1.930712e-05,1.873989e-05,1.843468e-05,1.820385e-05,1.813194e-05,1.809352e-05,1.797489e-05,1.789401e-05,1.803171e-05,1.62559e-05,1.626463e-05,1.547731e-05,1.40413e-05,1.270508e-05,1.11294e-05
5.886008e-07,-5.016266e-07,-1.620112e-06,-2.545845e-06,-3.350527e-06,-3.677672e-06,-3.855386e-06,-5.003724e-06,-4.079488e-06,-3.506321e-06,-3.008649e-06,-1.804295e-06,-5.68986e-07,1.197771e-06,3.023978e-06,5.310447e-06,7.644519e-06,1.037067e-05,1.311829e-05,1.618829e-05,1.923991e-05,2.254352e-05,2.578419e-05,2.921109e-05,3.253141e-05,3.597582e-05,3.927091e-05,4.263348e-05,4.580954e-05,4.900432e-05,5.198021e-05,5.493178e-05,5.763828e-05,6.028668e-05,6.267141e-05,6.496986e-05,6.698867e-05,6.889836e-05,7.052137e-05,7.202334e-05,7.32375e-05,7.431938e-05,7.511093e-05,7.576347e-05,7.613358e-05,7.636879e-05,7.633216e-05,7.616071e-05,7.572397e-05,7.515697e-05,7.434209e-05,7.341046e-05,7.224779e-05,7.097548e-05,6.948522e-05,6.789746e-05,6.611439e-05,6.425154e-05,6.221388e-05,6.010927e-05,5.785005e-05,5.554208e-05,5.310623e-05,5.064165e-05,4.807488e-05,4.549946e-05,4.28523e-05,4.022157e-05,3.755299e-05,3.492592e-05,3.22981e-05,2.974305e-05,2.72331e-05,2.483027e-05,2.25194e-05,2.034845e-05,1.832033e-05,1.646635e-05,1.480392e-05,1.333453e-05,1.208638e-05,1.102741e-05,1.019703e-05,9.507945e-06,9.018894e-06,8.61104e-06,8.229268e-06,7.954226e-06,7.416061e-06,6.637526e-06,7.252063e-06,5.695279e-06,4.740907e-06,3.990463e-06,2.897659e-06,1.819552e-06
-6.247898e-06,-7.137292e-06,-7.835584e-06,-8.514881e-06,-8.992964e-06,-9.624383e-06,-9.731015e-06,-8.585203e-06,-9.101255e-06,-8.469188e-06,-7.374409e-06,-6.337633e-06,-4.852216e-06,-3.304028e-06,-1.35505e-06,6.556966e-07,3.021934e-06,5.427124e-06,8.132235e-06,1.084306e-05,1.379887e-05,1.672254e-05,1.983589e-05,2.287567e-05,2.605091e-05,2.911341e-05,3.226267e-05,3.526325e-05,3.830526e-05,4.11661e-05,4.402961e-05,4.668578e-05,4.931121e-05,5.170602e-05,5.404111e-05,5.612965e-05,5.813889e-05,5.989154e-05,6.154682e-05,6.293511e-05,6.421255e-05,6.522262e-05,6.611878e-05,6.675017e-05,6.726111e-05,6.750649e-05,6.762995e-05,6.749862e-05,6.725358e-05,6.676417e-05,6.616248e-05,6.53227e-05,6.437785e-05,6.321223e-05,6.195567e-05,6.049301e-05,5.894703e-05,5.720789e-05,5.539926e-05,5.341873e-05,5.138561e-05,4.919925e-05,4.697469e-05,4.461824e-05,4.224359e-05,3.976268e-05,3.728359e-05,3.472449e-05,3.219098e-05,2.961085e-05,2.708415e-05,2.454565e-05,2.208817e-05,1.965913e-05,1.734601e-05,1.510812e-05,1.301882e-05,1.10474e-05,9.250608e-06,7.611294e-06,6.163195e-06,4.892073e-06,3.797417e-06,2.879107e-06,2.084901e-06,1.406177e-06,8.856032e-07,2.719295e-07,-2.406038e-08,-3.929334e-07,-2.11387e-06,-1.866874e-06,-2.587827e-06,-3.61025e-06,-4.47856e-06,-5.424973e-06
-1.171144e-05,-1.22736e-05,-1.285318e-05,-1.318985e-05,-1.343646e-05,-1.31338e-05,-1.318093e-05,-1.385259e-05,-1.233466e-05,-1.17214e-05,-1.093006e-05,-9.690254e-06,-8.354416e-06,-6.681033e-06,-4.919276e-06,-2.852196e-06,-7.227412e-07,1.675815e-06,4.108269e-06,6.767301e-06,9.423714e-06,1.226099e-05,1.505773e-05,1.799183e-05,2.084886e-05,2.380013e-05,2.663828e-05,2.953075e-05,3.227889e-05,3.504618e-05,3.764077e-05,4.022229e-05,4.2608e-05,4.495563e-05,4.708985e-05,4.91631e-05,5.100595e-05,5.276916e-05,5.429393e-05,5.572973e-05,5.692223e-05,5.801369e-05,5.885454e-05,5.958757e-05,6.007426e-05,6.045595e-05,6.059524e-05,6.062556e-05,6.041359e-05,6.00953e-05,5.954715e-05,5.890302e-05,5.803812e-05,5.707965e-05,5.590692e-05,5.465048e-05,5.319672e-05,5.167342e-05,4.996565e-05,4.819741e-05,4.625856e-05,4.427518e-05,4.214126e-05,3.997951e-05,3.768547e-05,3.53811e-05,3.296797e-05,3.056687e-05,2.808244e-05,2.563175e-05,2.312632e-05,2.068325e-05,1.822183e-05,1.585311e-05,1.350165e-05,1.127247e-05,9.101347e-06,7.085801e-06,5.168223e-06,3.42817e-06,1.812638e-06,3.849919e-07,-9.037526e-07,-2.025615e-06,-3.013016e-06,-3.854945e-06,-4.713104e-06,-5.331804e-06,-6.299711e-06,-7.022011e-06,-6.660473e-06,-8.338554e-06,-9.015522e-06,-9.570014e-06,-1.029502e-05,-1.097578e-05
-1.557001e-05,-1.607825e-05,-1.636759e-05,-1.667566e-05,-1.677849e-05,-1.714573e-05,-1.660517e-05,-1.525686e-05,-1.57351e-05,-1.469717e-05,-1.356332e-05,-1.237046e-05,-1.092524e-05,-9.361274e-06,-7.550921e-06,-5.646692e-06,-3.511281e-06,-1.314821e-06,1.08215e-06,3.5056e-06,6.096805e-06,8.679081e-06,1.139326e-05,1.406113e-05,1.682429e-05,1.950705e-05,2.225178e-05,2.488451e-05,2.754676e-05,3.006834e-05,3.259177e-05,3.49511e-05,3.728715e-05,3.943687e-05,4.154108e-05,4.344383e-05,4.528676e-05,4.69169e-05,4.847129e-05,4.979994e-05,5.104158e-05,5.205521e-05,5.297967e-05,5.367416e-05,5.427104e-05,5.463236e-05,5.489425e-05,5.492786e-05,5.486859e-05,5.458514e-05,5.420659e-05,5.360453e-05,5.291318e-05,5.201122e-05,5.103142e-05,4.984898e-05,4.859286e-05,4.71415e-05,4.562867e-05,4.393655e-05,4.21971e-05,4.029054e-05,3.834863e-05,3.625528e-05,3.414472e-05,3.190179e-05,2.965911e-05,2.73035e-05,2.497016e-05,2.255018e-05,2.017762e-05,1.774441e-05,1.538333e-05,1.299317e-05,1.070787e-05,8.43056e-06,6.288315e-06,4.187151e-06,2.247996e-06,3.836136e-07,-1.295669e-06,-2.881837e-06,-4.281192e-06,-5.578227e-06,-6.71515e-06,-7.785548e-06,-8.614882e-06,-9.571654e-06,-1.001421e-05,-1.082361e-05,-1.249376e-05,-1.216648e-05,-1.295709e-05,-1.378406e-05,-1.44514e-05,-1.508089e-05
-1.860643e-05,-1.889998e-05,-1.919972e-05,-1.921413e-05,-1.915592e-05,-1.848785e-05,-1.856859e-05,-1.890562e-05,-1.703547e-05,-1.64701e-05,-1.548491e-05,-1.426541e-05,-1.286756e-05,-1.128737e-05,-9.570889e-06,-7.673701e-06,-5.682183e-06,-3.522269e-06,-1.30285e-06,1.06212e-06,3.448871e-06,5.953249e-06,8.443507e-06,1.102402e-05,1.355684e-05,1.615076e-05,1.866424e-05,2.121147e-05,2.365037e-05,2.609828e-05,2.841172e-05,3.071067e-05,3.285395e-05,3.496509e-05,3.690352e-05,3.879178e-05,4.04897e-05,4.212297e-05,4.35574e-05,4.492074e-05,4.607778e-05,4.715206e-05,4.800962e-05,4.877877e-05,4.933316e-05,4.980177e-05,5.005481e-05,5.021594e-05,5.015723e-05,5.000877e-05,4.964937e-05,4.920874e-05,4.856054e-05,4.783068e-05,4.689512e-05,4.588669e-05,4.46852e-05,4.342269e-05,4.19742e-05,4.047147e-05,3.87919e-05,3.707273e-05,3.519157e-05,3.328533e-05,3.122961e-05,2.916481e-05,2.69686e-05,2.478392e-05,2.24865e-05,2.022018e-05,1.786296e-05,1.55639e-05,1.320259e-05,1.092715e-05,8.616025e-06,6.418405e-06,4.217583e-06,2.163092e-06,1.373316e-07,-1.71805e-06,-3.522626e-06,-5.136942e-06,-6.684709e-06,-8.045839e-06,-9.332055e-06,-1.043058e-05,-1.1592e-05,-1.242856e-05,-1.370223e-05,-1.435034e-05,-1.425738e-05,-1.604466e-05,-1.657025e-05,-1.707466e-05,-1.762286e-05,-1.812347e-05
-2.043535e-05,-2.074787e-05,-2.082563e-05,-2.094919e-05,-2.086143e-05,-2.11108e-05,-2.013705e-05,-1.876771e-05,-1.925153e-05,-1.795504e-05,-1.685759e-05,-1.558013e-05,-1.420898e-05,-1.265511e-05,-1.09798e-05,-9.168861e-06,-7.228768e-06,-5.196841e-06,-3.047797e-06,-8.452618e-07,1.457994e-06,3.778924e-06,6.179114e-06,8.56098e-06,1.099875e-05,1.338672e-05,1.5809e-05,1.815228e-05,2.050752e-05,2.275749e-05,2.500065e-05,2.711683e-05,2.9208e-05,3.115069e-05,3.305207e-05,3.479058e-05,3.647814e-05,3.799058e-05,3.943864e-05,4.069703e-05,4.188236e-05,4.287461e-05,4.379296e-05,4.451296e-05,4.515e-05,4.557993e-05,4.592563e-05,4.606901e-05,4.613389e-05,4.599582e-05,4.577491e-05,4.53479e-05,4.484341e-05,4.414235e-05,4.337351e-05,4.241099e-05,4.138271e-05,4.016416e-05,3.889118e-05,3.743974e-05,3.594613e-05,3.428122e-05,3.258464e-05,3.072805e-05,2.885672e-05,2.683918e-05,2.482267e-05,2.2674e-05,2.054721e-05,1.830876e-05,1.611542e-05,1.382927e-05,1.161106e-05,9.324501e-06,7.137096e-06,4.910294e-06,2.81109e-06,6.974461e-07,-1.261007e-06,-3.206191e-06,-4.968957e-06,-6.703453e-06,-8.242976e-06,-9.741537e-06,-1.105591e-05,-1.234979e-05,-1.335076e-05,-1.451667e-05,-1.503738e-05,-1.618716e-05,-1.777032e-05,-1.743666e-05,-1.83239e-05,-1.905048e-05,-1.963793e-05,-2.010641e-05
-2.179123e-05,-2.195197e-05,-2.211031e-05,-2.195484e-05,-2.173882e-05,-2.087496e-05,-2.106529e-05,-2.115927e-05,-1.912312e-05,-1.865358e-05,-1.756298e-05,-1.641463e-05,-1.500929e-05,-1.35473e-05,-1.189939e-05,-1.017278e-05,-8.316341e-06,-6.375391e-06,-4.346132e-06,-2.240398e-06,-8.639515e-08,2.129638e-06,4.358523e-06,6.634372e-06,8.890955e-06,1.117618e-05,1.341147e-05,1.5658e-05,1.78289e-05,1.999468e-05,2.206029e-05,2.410449e-05,2.602882e-05,2.792027e-05,2.967526e-05,3.138366e-05,3.293772e-05,3.443463e-05,3.576852e-05,3.704152e-05,3.814218e-05,3.917127e-05,4.001562e-05,4.078429e-05,4.136853e-05,4.187996e-05,4.220261e-05,4.244531e-05,4.249199e-05,4.246101e-05,4.224026e-05,4.194919e-05,4.146746e-05,4.091333e-05,4.016711e-05,3.935678e-05,3.836363e-05,3.73166e-05,3.608947e-05,3.481384e-05,3.336368e-05,3.187879e-05,3.023007e-05,2.85596e-05,2.673333e-05,2.49003e-05,2.292511e-05,2.096243e-05,1.887076e-05,1.680965e-05,1.463588e-05,1.251846e-05,1.031059e-05,8.184688e-06,5.987469e-06,3.898406e-06,1.763368e-06,-2.313018e-07,-2.24723e-06,-4.097635e-06,-5.952199e-06,-7.61531e-06,-9.26853e-06,-1.072277e-05,-1.215257e-05,-1.337007e-05,-1.469209e-05,-1.563999e-05,-1.709728e-05,-1.764533e-05,-1.778929e-05,-1.96254e-05,-2.005444e-05,-2.055987e-05,-2.101786e-05,-2.143899e-05
-2.220196e-05,-2.241333e-05,-2.238659e-05,-2.242615e-05,-2.225343e-05,-2.246127e-05,-2.121358e-05,-1.993876e-05,-2.044078e-05,-1.901101e-05,-1.800561e-05,-1.67153e-05,-1.545827e-05,-1.396155e-05,-1.244449e-05,-1.075252e-05,-9.015291e-06,-7.156008e-06,-5.249276e-06,-3.262303e-06,-1.231806e-06,8.423553e-07,2.949692e-06,5.065541e-06,7.201621e-06,9.316597e-06,1.143949e-05,1.35139e-05,1.558199e-05,1.757723e-05,1.955464e-05,2.143888e-05,2.329283e-05,2.503291e-05,2.673147e-05,2.830246e-05,2.982627e-05,3.120968e-05,3.253489e-05,3.370427e-05,3.480935e-05,3.575436e-05,3.663551e-05,3.734897e-05,3.798958e-05,3.84517e-05,3.884058e-05,3.905383e-05,3.91991e-05,3.916464e-05,3.905679e-05,3.876347e-05,3.840207e-05,3.786209e-05,3.726247e-05,3.648339e-05,3.564544e-05,3.462855e-05,3.356359e-05,3.232818e-05,3.105559e-05,2.961589e-05,2.814851e-05,2.652188e-05,2.488351e-05,2.309546e-05,2.131009e-05,1.938477e-05,1.748199e-05,1.545488e-05,1.347188e-05,1.137755e-05,9.348569e-06,7.226792e-06,5.200088e-06,3.102584e-06,1.12693e-06,-9.015529e-07,-2.780572e-06,-4.690524e-06,-6.421644e-06,-8.17297e-06,-9.726101e-06,-1.12868e-05,-1.265044e-05,-1.403247e-05,-1.509464e-05,-1.635295e-05,-1.688983e-05,-1.826619e-05,-1.971605e-05,-1.940389e-05,-2.036064e-05,-2.101904e-05,-2.157034e-05,-2.194993e-05
-2.236368e-05,-2.245956e-05,-2.254849e-05,-2.231153e-05,-2.202483e-05,-2.107954e-05,-2.140348e-05,-2.132326e-05,-1.92678e-05,-1.891837e-05,-1.780307e-05,-1.677042e-05,-1.541863e-05,-1.410991e-05,-1.257443e-05,-1.104243e-05,-9.349893e-06,-7.641441e-06,-5.818858e-06,-3.977087e-06,-2.062705e-06,-1.331113e-07,1.834304e-06,3.811447e-06,5.795647e-06,7.779844e-06,9.74232e-06,1.16953e-05,1.360277e-05,1.549115e-05,1.731093e-05,1.910126e-05,2.080467e-05,2.247214e-05,2.403664e-05,2.555521e-05,2.695305e-05,2.829782e-05,2.951312e-05,3.067391e-05,3.169467e-05,3.265146e-05,3.345468e-05,3.419142e-05,3.477366e-05,3.529258e-05,3.565014e-05,3.593694e-05,3.605326e-05,3.61015e-05,3.598346e-05,3.580387e-05,3.545402e-05,3.503969e-05,3.445143e-05,3.380672e-05,3.299471e-05,3.213525e-05,3.1108e-05,3.003781e-05,2.880272e-05,2.753775e-05,2.611525e-05,2.467462e-05,2.308101e-05,2.148339e-05,1.974276e-05,1.80161e-05,1.615516e-05,1.432485e-05,1.237202e-05,1.047424e-05,8.470648e-06,6.545724e-06,4.527953e-06,2.613521e-06,6.253977e-07,-1.228343e-06,-3.13753e-06,-4.88712e-06,-6.680022e-06,-8.28412e-06,-9.920666e-06,-1.135411e-05,-1.280323e-05,-1.403019e-05,-1.539376e-05,-1.63628e-05,-1.788959e-05,-1.831411e-05,-1.863759e-05,-2.044593e-05,-2.079682e-05,-2.130535e-05,-2.170508e-05,-2.208517e-05
-2.177262e-05,-2.192858e-05,-2.185486e-05,-2.186346e-05,-2.166717e-05,-2.187158e-05,-2.047743e-05,-1.936753e-05,-1.988774e-05,-1.843276e-05,-1.756006e-05,-1.632505e-05,-1.52207e-05,-1.383513e-05,-1.250832e-05,-1.097673e-05,-9.466619e-06,-7.810205e-06,-6.162358e-06,-4.411751e-06,-2.664127e-06,-8.501848e-07,9.590572e-07,2.800785e-06,4.633044e-06,6.4701e-06,8.292633e-06,1.009441e-05,1.187391e-05,1.361013e-05,1.531827e-05,1.696419e-05,1.857423e-05,2.01023e-05,2.158744e-05,2.297763e-05,2.432241e-05,2.555916e-05,2.674174e-05,2.780059e-05,2.880139e-05,2.967371e-05,3.048954e-05,3.116764e-05,3.178082e-05,3.224433e-05,3.264345e-05,3.289431e-05,3.308572e-05,3.31224e-05,3.309386e-05,3.290325e-05,3.265285e-05,3.224521e-05,3.178526e-05,3.116451e-05,3.049156e-05,2.965634e-05,2.877927e-05,2.774584e-05,2.668028e-05,2.545885e-05,2.421404e-05,2.281849e-05,2.141451e-05,1.986595e-05,1.832213e-05,1.663998e-05,1.498126e-05,1.319573e-05,1.145347e-05,9.592582e-06,7.794579e-06,5.89144e-06,4.079075e-06,2.1776e-06,3.917504e-07,-1.471215e-06,-3.191744e-06,-4.972942e-06,-6.581931e-06,-8.2453e-06,-9.713384e-06,-1.122514e-05,-1.253729e-05,-1.38978e-05,-1.493182e-05,-1.618268e-05,-1.668238e-05,-1.817011e-05,-1.944464e-05,-1.915618e-05,-2.013197e-05,-2.072367e-05,-2.124331e-05,-2.156235e-05
-2.109057e-05,-2.115372e-05,-2.120977e-05,-2.094434e-05,-2.064051e-05,-1.969454e-05,-2.014636e-05,-1.995059e-05,-1.799009e-05,-1.777064e-05,-1.67018e-05,-1.582025e-05,-1.458005e-05,-1.345794e-05,-1.208224e-05,-1.077305e-05,-9.281735e-06,-7.827844e-06,-6.240396e-06,-4.678646e-06,-3.024701e-06,-1.39244e-06,2.986695e-07,1.96992e-06,3.671037e-06,5.34923e-06,7.030608e-06,8.68571e-06,1.032213e-05,1.19279e-05,1.349351e-05,1.502281e-05,1.649501e-05,1.792829e-05,1.928911e-05,2.06041e-05,2.182939e-05,2.300455e-05,2.408144e-05,2.510854e-05,2.602611e-05,2.688582e-05,2.762209e-05,2.829941e-05,2.885149e-05,2.934807e-05,2.971092e-05,3.001108e-05,3.016744e-05,3.026426e-05,3.021993e-05,3.012198e-05,2.987687e-05,2.957493e-05,2.912077e-05,2.86176e-05,2.79668e-05,2.727502e-05,2.643285e-05,2.555363e-05,2.452497e-05,2.347156e-05,2.227344e-05,2.106116e-05,1.970605e-05,1.834994e-05,1.685797e-05,1.538154e-05,1.377436e-05,1.219793e-05,1.049871e-05,8.852932e-06,7.096377e-06,5.414712e-06,3.630143e-06,1.943288e-06,1.673225e-07,-1.481763e-06,-3.207404e-06,-4.781901e-06,-6.425437e-06,-7.887625e-06,-9.411709e-06,-1.07366e-05,-1.210675e-05,-1.325714e-05,-1.456512e-05,-1.548117e-05,-1.697695e-05,-1.726183e-05,-1.769689e-05,-1.940304e-05,-1.9677e-05,-2.016865e-05,-2.051559e-05,-2.086218e-05
-1.982019e-05,-1.994176e-05,-1.985223e-05,-1.985734e-05,-1.967386e-05,-1.98922e-05,-1.845709e-05,-1.754918e-05,-1.808293e-05,-1.669241e-05,-1.597875e-05,-1.485712e-05,-1.393498e-05,-1.270888e-05,-1.159924e-05,-1.02674e-05,-9.006731e-06,-7.584114e-06,-6.212097e-06,-4.721282e-06,-3.268564e-06,-1.732097e-06,-2.29006e-07,1.326077e-06,2.849168e-06,4.398796e-06,5.916817e-06,7.437862e-06,8.924487e-06,1.039355e-05,1.182674e-05,1.322488e-05,1.458296e-05,1.588747e-05,1.714817e-05,1.834317e-05,1.949431e-05,2.056685e-05,2.158876e-05,2.251669e-05,2.339202e-05,2.41684e-05,2.489459e-05,2.551177e-05,2.607119e-05,2.650932e-05,2.689109e-05,2.715195e-05,2.736119e-05,2.744166e-05,2.746491e-05,2.735127e-05,2.718595e-05,2.688701e-05,2.654311e-05,2.606033e-05,2.553243e-05,2.48629e-05,2.415805e-05,2.331545e-05,2.244624e-05,2.143774e-05,2.041063e-05,1.924724e-05,1.807902e-05,1.677796e-05,1.548394e-05,1.406052e-05,1.266139e-05,1.114091e-05,9.662601e-06,8.067253e-06,6.531823e-06,4.888573e-06,3.330827e-06,1.676213e-06,1.296368e-07,-1.50683e-06,-3.010093e-06,-4.59172e-06,-6.011437e-06,-7.507342e-06,-8.816981e-06,-1.019488e-05,-1.13796e-05,-1.263343e-05,-1.357045e-05,-1.473338e-05,-1.515421e-05,-1.664737e-05,-1.771697e-05,-1.744257e-05,-1.838276e-05,-1.889741e-05,-1.937352e-05,-1.963994e-05
-1.858404e-05,-1.86291e-05,-1.867065e-05,-1.840988e-05,-1.812296e-05,-1.723417e-05,-1.779018e-05,-1.753065e-05,-1.574881e-05,-1.565791e-05,-1.46922e-05,-1.398365e-05,-1.29008e-05,-1.19872e-05,-1.080873e-05,-9.741e-06,-8.480381e-06,-7.295246e-06,-5.96519e-06,-4.69307e-06,-3.31555e-06,-1.986247e-06,-5.825622e-07,7.799346e-07,2.190139e-06,3.560966e-06,4.955217e-06,6.311221e-06,7.670836e-06,8.991701e-06,1.029651e-05,1.156047e-05,1.279293e-05,1.398479e-05,1.513077e-05,1.623171e-05,1.727051e-05,1.826227e-05,1.91837e-05,2.005979e-05,2.085424e-05,2.159667e-05,2.224389e-05,2.283926e-05,2.333713e-05,2.37868e-05,2.412972e-05,2.441792e-05,2.458914e-05,2.470924e-05,2.471391e-05,2.467287e-05,2.450926e-05,2.429685e-05,2.395615e-05,2.357424e-05,2.306705e-05,2.252578e-05,2.185504e-05,2.115374e-05,2.032252e-05,1.94721e-05,1.849444e-05,1.750702e-05,1.639224e-05,1.527968e-05,1.404425e-05,1.282593e-05,1.148699e-05,1.017873e-05,8.754682e-06,7.381881e-06,5.901342e-06,4.491063e-06,2.976822e-06,1.553411e-06,3.526738e-08,-1.365453e-06,-2.853199e-06,-4.201087e-06,-5.632515e-06,-6.894725e-06,-8.236982e-06,-9.391048e-06,-1.061007e-05,-1.162139e-05,-1.280033e-05,-1.360766e-05,-1.499135e-05,-1.513196e-05,-1.561248e-05,-1.715545e-05,-1.734897e-05,-1.779858e-05,-1.808865e-05,-1.83971e-05
-1.691369e-05,-1.701061e-05,-1.692258e-05,-1.693773e-05,-1.678804e-05,-1.702554e-05,-1.563492e-05,-1.493922e-05,-1.547896e-05,-1.42204e-05,-1.367645e-05,-1.270948e-05,-1.198381e-05,-1.095009e-05,-1.007e-05,-8.96324e-06,-7.960761e-06,-6.790175e-06,-5.698525e-06,-4.479617e-06,-3.322651e-06,-2.070948e-06,-8.720899e-07,3.925114e-07,1.609916e-06,2.870159e-06,4.087361e-06,5.326186e-06,6.522707e-06,7.722375e-06,8.881362e-06,1.002766e-05,1.113181e-05,1.22063e-05,1.32374e-05,1.422777e-05,1.517647e-05,1.607221e-05,1.692129e-05,1.770289e-05,1.843742e-05,1.909962e-05,1.971784e-05,2.025359e-05,2.073887e-05,2.112977e-05,2.147231e-05,2.172024e-05,2.192446e-05,2.202565e-05,2.207805e-05,2.201919e-05,2.191709e-05,2.170591e-05,2.145756e-05,2.109398e-05,2.069299e-05,2.017327e-05,1.962529e-05,1.896091e-05,1.827598e-05,1.747175e-05,1.665414e-05,1.57186e-05,1.478207e-05,1.372896e-05,1.26853e-05,1.152627e-05,1.039218e-05,9.147912e-06,7.94428e-06,6.631724e-06,5.375424e-06,4.015883e-06,2.735425e-06,1.35848e-06,8.046081e-08,-1.291129e-06,-2.541007e-06,-3.877181e-06,-5.065163e-06,-6.340756e-06,-7.4444e-06,-8.630699e-06,-9.637485e-06,-1.072557e-05,-1.151891e-05,-1.253628e-05,-1.285154e-05,-1.426259e-05,-1.511466e-05,-1.484296e-05,-1.570079e-05,-1.612785e-05,-1.654601e-05,-1.676099e-05
-1.538128e-05,-1.541514e-05,-1.545138e-05,-1.521602e-05,-1.496704e-05,-1.417478e-05,-1.479975e-05,-1.451928e-05,-1.296989e-05,-1.299538e-05,-1.217015e-05,-1.163959e-05,-1.074104e-05,-1.004058e-05,-9.078784e-06,-8.254165e-06,-7.236717e-06,-6.318315e-06,-5.252177e-06,-4.264175e-06,-3.164761e-06,-2.130207e-06,-1.012225e-06,5.118648e-08,1.174104e-06,2.24751e-06,3.35882e-06,4.424753e-06,5.511005e-06,6.554041e-06,7.599808e-06,8.602812e-06,9.594801e-06,1.054627e-05,1.14736e-05,1.235798e-05,1.320342e-05,1.400567e-05,1.476148e-05,1.547675e-05,1.61348e-05,1.674709e-05,1.728955e-05,1.778745e-05,1.821309e-05,1.859794e-05,1.890127e-05,1.915827e-05,1.932402e-05,1.944737e-05,1.948027e-05,1.947572e-05,1.937322e-05,1.923058e-05,1.898419e-05,1.870483e-05,1.832356e-05,1.791559e-05,1.740074e-05,1.686233e-05,1.621569e-05,1.555572e-05,1.478862e-05,1.401638e-05,1.313546e-05,1.226003e-05,1.127842e-05,1.03153e-05,9.24606e-06,8.207071e-06,7.064305e-06,5.969867e-06,4.776445e-06,3.647725e-06,2.420638e-06,1.276228e-06,3.891312e-08,-1.092268e-06,-2.312597e-06,-3.406858e-06,-4.590069e-06,-5.620107e-06,-6.7388e-06,-7.685986e-06,-8.709048e-06,-9.543609e-06,-1.054593e-05,-1.120972e-05,-1.242411e-05,-1.242967e-05,-1.290095e-05,-1.423896e-05,-1.43514e-05,-1.473876e-05,-1.496819e-05,-1.523217e-05
-1.355865e-05,-1.363601e-05,-1.35589e-05,-1.358918e-05,-1.34831e-05,-1.373676e-05,-1.24548e-05,-1.195893e-05,-1.249409e-05,-1.14104e-05,-1.103025e-05,-1.023857e-05,-9.705714e-06,-8.877165e-06,-8.220647e-06,-7.344905e-06,-6.59132e-06,-5.672709e-06,-4.848804e-06,-3.896995e-06,-3.020634e-06,-2.045533e-06,-1.134271e-06,-1.499959e-07,7.786636e-07,1.760235e-06,2.692668e-06,3.659333e-06,4.579942e-06,5.518599e-06,6.414846e-06,7.315181e-06,8.173589e-06,9.020985e-06,9.827022e-06,1.061229e-05,1.135918e-05,1.207417e-05,1.274736e-05,1.337548e-05,1.39626e-05,1.450026e-05,1.500051e-05,1.544173e-05,1.584024e-05,1.61687e-05,1.645712e-05,1.667505e-05,1.685747e-05,1.696114e-05,1.702494e-05,1.700214e-05,1.694489e-05,1.680249e-05,1.663114e-05,1.636823e-05,1.607612e-05,1.568864e-05,1.528026e-05,1.477773e-05,1.426099e-05,1.364636e-05,1.302379e-05,1.230346e-05,1.1586e-05,1.077058e-05,9.96691e-06,9.064848e-06,8.187994e-06,7.215631e-06,6.281845e-06,5.251529e-06,4.273071e-06,3.200952e-06,2.200434e-06,1.10968e-06,1.074215e-07,-9.852753e-07,-1.969608e-06,-3.040586e-06,-3.97978e-06,-5.009622e-06,-5.885895e-06,-6.850606e-06,-7.654791e-06,-8.544981e-06,-9.171169e-06,-1.001006e-05,-1.020992e-05,-1.147557e-05,-1.211599e-05,-1.183981e-05,-1.258257e-05,-1.291784e-05,-1.326839e-05,-1.343326e-05
-1.195462e-05,-1.198073e-05,-1.201562e-05,-1.181723e-05,-1.161709e-05,-1.094414e-05,-1.159541e-05,-1.132522e-05,-1.003467e-05,-1.015441e-05,-9.485673e-06,-9.121235e-06,-8.413309e-06,-7.912668e-06,-7.166857e-06,-6.568874e-06,-5.78788e-06,-5.116605e-06,-4.302922e-06,-3.576906e-06,-2.740663e-06,-1.977171e-06,-1.127928e-06,-3.395735e-07,5.136797e-07,1.312959e-06,2.158437e-06,2.95583e-06,3.784229e-06,4.56836e-06,5.368231e-06,6.12601e-06,6.887656e-06,7.610697e-06,8.326088e-06,9.001998e-06,9.6573e-06,1.027421e-05,1.086393e-05,1.141852e-05,1.193616e-05,1.241488e-05,1.28455e-05,1.32392e-05,1.358249e-05,1.389261e-05,1.414369e-05,1.435719e-05,1.450294e-05,1.461516e-05,1.465995e-05,1.46757e-05,1.461677e-05,1.452663e-05,1.435638e-05,1.41615e-05,1.388745e-05,1.359418e-05,1.321655e-05,1.282247e-05,1.234213e-05,1.185424e-05,1.128005e-05,1.070521e-05,1.004159e-05,9.386421e-06,8.643429e-06,7.919863e-06,7.107003e-06,6.323418e-06,5.450976e-06,4.623155e-06,3.708723e-06,2.852546e-06,1.908116e-06,1.037111e-06,8.035697e-08,-7.830199e-07,-1.731416e-06,-2.569423e-06,-3.494711e-06,-4.285744e-06,-5.166279e-06,-5.89606e-06,-6.705217e-06,-7.349749e-06,-8.153818e-06,-8.660711e-06,-9.673754e-06,-9.5674e-06,-9.991266e-06,-1.110263e-05,-1.114004e-05,-1.145466e-05,-1.16243e-05,-1.184033e-05
-1.018631e-05,-1.02472e-05,-1.018506e-05,-1.022975e-05,-1.016819e-05,-1.042909e-05,-9.297414e-06,-8.972207e-06,-9.49007e-06,-8.599482e-06,-8.362598e-06,-7.746823e-06,-7.387001e-06,-6.756885e-06,-6.301204e-06,-5.643632e-06,-5.113051e-06,-4.428633e-06,-3.843947e-06,-3.137914e-06,-2.511993e-06,-1.790009e-06,-1.135597e-06,-4.072726e-07,2.62874e-07,9.897946e-07,1.666144e-06,2.3833e-06,3.054323e-06,3.752392e-06,4.409133e-06,5.08103e-06,5.713374e-06,6.347895e-06,6.944668e-06,7.535373e-06,8.092094e-06,8.633085e-06,9.13798e-06,9.61569e-06,1.005898e-05,1.04714e-05,1.085333e-05,1.119585e-05,1.150373e-05,1.176248e-05,1.198963e-05,1.216725e-05,1.231766e-05,1.241095e-05,1.247342e-05,1.247167e-05,1.244425e-05,1.23536e-05,1.224219e-05,1.206138e-05,1.185958e-05,1.158456e-05,1.129586e-05,1.093439e-05,1.056489e-05,1.011853e-05,9.669378e-06,9.142634e-06,8.622247e-06,8.022985e-06,7.43737e-06,6.771295e-06,6.130158e-06,5.409708e-06,4.725184e-06,3.958766e-06,3.239147e-06,2.438389e-06,1.700942e-06,8.832989e-07,1.428197e-07,-6.80265e-07,-1.409532e-06,-2.220278e-06,-2.917331e-06,-3.701684e-06,-4.353419e-06,-5.092496e-06,-5.693328e-06,-6.378748e-06,-6.836088e-06,-7.487371e-06,-7.577873e-06,-8.660983e-06,-9.111658e-06,-8.829742e-06,-9.441086e-06,-9.688825e-06,-9.969047e-06,-1.008761e-05
-8.688959e-06,-8.708998e-06,-8.743105e-06,-8.585828e-06,-8.437014e-06,-7.891696e-06,-8.523323e-06,-8.283043e-06,-7.255373e-06,-7.43888e-06,-6.923796e-06,-6.700267e-06,-6.171597e-06,-5.842967e-06,-5.295281e-06,-4.892831e-06,-4.325262e-06,-3.867285e-06,-3.279276e-06,-2.779521e-06,-2.1772e-06,-1.648169e-06,-1.037269e-06,-4.876066e-07,1.26339e-07,6.866791e-07,1.295643e-06,1.857619e-06,2.455522e-06,3.011091e-06,3.589818e-06,4.129392e-06,4.682245e-06,5.200057e-06,5.721451e-06,6.20809e-06,6.687476e-06,7.134065e-06,7.567904e-06,7.972468e-06,8.355915e-06,8.707616e-06,9.028855e-06,9.320815e-06,9.580278e-06,9.814072e-06,1.000782e-05,1.017265e-05,1.029004e-05,1.038249e-05,1.042752e-05,1.045153e-05,1.04216e-05,1.03691e-05,1.025785e-05,1.012982e-05,9.943371e-06,9.744645e-06,9.482525e-06,9.210511e-06,8.872979e-06,8.532999e-06,8.12668e-06,7.723528e-06,7.251087e-06,6.789314e-06,6.258094e-06,5.746446e-06,5.162942e-06,4.606949e-06,3.978223e-06,3.389527e-06,2.728482e-06,2.118398e-06,1.432919e-06,8.107127e-07,1.134484e-07,-5.042389e-07,-1.198363e-06,-1.798996e-06,-2.479921e-06,-3.047317e-06,-3.698934e-06,-4.223051e-06,-4.823948e-06,-5.286606e-06,-5.893807e-06,-6.249732e-06,-7.052391e-06,-6.868443e-06,-7.223373e-06,-8.104071e-06,-8.080445e-06,-8.321885e-06,-8.437562e-06,-8.605847e-06
-7.127304e-06,-7.173857e-06,-7.126796e-06,-7.18133e-06,-7.158249e-06,-7.414053e-06,-6.452819e-06,-6.260454e-06,-6.747701e-06,-6.046499e-06,-5.922809e-06,-5.467832e-06,-5.250245e-06,-4.796668e-06,-4.507448e-06,-4.04083e-06,-3.695778e-06,-3.214289e-06,-2.829081e-06,-2.33485e-06,-1.918379e-06,-1.414067e-06,-9.752621e-07,-4.670812e-07,-1.49272e-08,4.924597e-07,9.516375e-07,1.452847e-06,1.910852e-06,2.399598e-06,2.850408e-06,3.322207e-06,3.758596e-06,4.205235e-06,4.618999e-06,5.036374e-06,5.425009e-06,5.80925e-06,6.163671e-06,6.50414e-06,6.817024e-06,7.113119e-06,7.385661e-06,7.634178e-06,7.856053e-06,8.0457e-06,8.211885e-06,8.345663e-06,8.460132e-06,8.53557e-06,8.588822e-06,8.596901e-06,8.587512e-06,8.533732e-06,8.46677e-06,8.349783e-06,8.219385e-06,8.035388e-06,7.844231e-06,7.599443e-06,7.352117e-06,7.047051e-06,6.74366e-06,6.381278e-06,6.028032e-06,5.613882e-06,5.214602e-06,4.752142e-06,4.313693e-06,3.811992e-06,3.343e-06,2.807264e-06,2.312777e-06,1.75085e-06,1.2435e-06,6.679505e-07,1.578838e-07,-4.241546e-07,-9.273133e-07,-1.503181e-06,-1.98399e-06,-2.5443e-06,-2.993907e-06,-3.524683e-06,-3.940752e-06,-4.435371e-06,-4.739787e-06,-5.214327e-06,-5.213799e-06,-6.10145e-06,-6.394647e-06,-6.11115e-06,-6.590637e-06,-6.762127e-06,-6.975301e-06,-7.053645e-06
-5.85773e-06,-5.872424e-06,-5.904198e-06,-5.786583e-06,-5.68492e-06,-5.26427e-06,-5.832686e-06,-5.632942e-06,-4.855348e-06,-5.067016e-06,-4.689886e-06,-4.574352e-06,-4.201474e-06,-4.008304e-06,-3.629376e-06,-3.382526e-06,-2.994563e-06,-2.70741e-06,-2.30813e-06,-1.990494e-06,-1.583188e-06,-1.243768e-06,-8.314827e-07,-4.759224e-07,-6.173538e-08,3.031724e-07,7.141221e-07,1.082317e-06,1.486378e-06,1.85249e-06,2.244257e-06,2.601648e-06,2.976832e-06,3.321835e-06,3.676863e-06,4.002761e-06,4.330074e-06,4.630646e-06,4.928269e-06,5.202609e-06,5.467235e-06,5.707217e-06,5.93007e-06,6.130893e-06,6.312919e-06,6.476203e-06,6.61449e-06,6.731872e-06,6.818345e-06,6.887519e-06,6.92564e-06,6.949804e-06,6.937413e-06,6.910073e-06,6.842172e-06,6.764171e-06,6.645532e-06,6.520407e-06,6.350229e-06,6.175545e-06,5.953706e-06,5.733305e-06,5.464507e-06,5.201516e-06,4.887128e-06,4.584443e-06,4.229508e-06,3.893185e-06,3.501807e-06,3.135161e-06,2.711824e-06,2.322968e-06,1.876605e-06,1.473108e-06,1.008429e-06,5.961625e-07,1.216567e-07,-2.87725e-07,-7.619494e-07,-1.160198e-06,-1.627891e-06,-2.00363e-06,-2.453588e-06,-2.800439e-06,-3.216539e-06,-3.521577e-06,-3.950894e-06,-4.176614e-06,-4.778223e-06,-4.556903e-06,-4.834745e-06,-5.495456e-06,-5.431513e-06,-5.606574e-06,-5.677517e-06,-5.801315e-06
-4.5938e-06,-4.627751e-06,-4.593471e-06,-4.651351e-06,-4.656268e-06,-4.893932e-06,-4.106133e-06,-4.008633e-06,-4.451811e-06,-3.919963e-06,-3.876706e-06,-3.557512e-06,-3.446564e-06,-3.138411e-06,-2.976035e-06,-2.664719e-06,-2.462413e-06,-2.144802e-06,-1.914051e-06,-1.590304e-06,-1.336974e-06,-1.007786e-06,-7.378852e-07,-4.070059e-07,-1.266095e-07,2.034975e-07,4.904848e-07,8.166534e-07,1.104685e-06,1.422974e-06,1.708319e-06,2.016244e-06,2.294046e-06,2.585891e-06,2.850457e-06,3.12398e-06,3.374357e-06,3.627357e-06,3.856877e-06,4.081384e-06,4.284901e-06,4.48141e-06,4.660815e-06,4.827376e-06,4.974645e-06,5.102444e-06,5.214071e-06,5.306311e-06,5.386158e-06,5.44111e-06,5.481454e-06,5.491832e-06,5.491776e-06,5.462424e-06,5.426269e-06,5.355931e-06,5.278563e-06,5.163859e-06,5.047295e-06,4.893098e-06,4.74069e-06,4.54681e-06,4.357967e-06,4.126162e-06,3.905276e-06,3.639245e-06,3.388455e-06,3.089956e-06,2.81383e-06,2.489165e-06,2.193492e-06,1.845438e-06,1.532805e-06,1.166224e-06,8.454372e-07,4.689211e-07,1.464266e-07,-2.361975e-07,-5.544612e-07,-9.347342e-07,-1.238011e-06,-1.610306e-06,-1.89326e-06,-2.247876e-06,-2.51072e-06,-2.842989e-06,-3.022136e-06,-3.345065e-06,-3.279184e-06,-3.977556e-06,-4.149143e-06,-3.873218e-06,-4.233183e-06,-4.343139e-06,-4.496738e-06,-4.542407e-06
-3.613276e-06,-3.623052e-06,-3.650194e-06,-3.567321e-06,-3.504173e-06,-3.197502e-06,-3.668175e-06,-3.51385e-06,-2.960446e-06,-3.165176e-06,-2.904297e-06,-2.861827e-06,-2.615327e-06,-2.518428e-06,-2.27362e-06,-2.139773e-06,-1.89289e-06,-1.731435e-06,-1.479573e-06,-1.297206e-06,-1.041802e-06,-8.442751e-07,-5.866472e-07,-3.774202e-07,-1.190123e-07,9.754942e-08,3.537117e-07,5.738124e-07,8.257895e-07,1.046105e-06,1.290585e-06,1.506835e-06,1.741334e-06,1.951425e-06,2.17391e-06,2.373397e-06,2.578842e-06,2.763693e-06,2.951239e-06,3.121288e-06,3.28892e-06,3.438515e-06,3.580167e-06,3.706227e-06,3.823072e-06,3.927128e-06,4.017231e-06,4.09327e-06,4.150912e-06,4.197533e-06,4.225543e-06,4.245221e-06,4.241987e-06,4.229886e-06,4.191745e-06,4.14855e-06,4.079016e-06,4.007189e-06,3.905411e-06,3.802899e-06,3.668562e-06,3.537968e-06,3.374202e-06,3.2174e-06,3.024718e-06,2.843379e-06,2.624996e-06,2.423024e-06,2.181283e-06,1.960416e-06,1.69788e-06,1.463388e-06,1.185825e-06,9.423886e-07,6.522462e-07,4.032212e-07,1.057499e-07,-1.412516e-07,-4.397246e-07,-6.79743e-07,-9.758006e-07,-1.201425e-06,-1.487875e-06,-1.695548e-06,-1.961133e-06,-2.142283e-06,-2.423756e-06,-2.548999e-06,-2.971845e-06,-2.752291e-06,-2.95409e-06,-3.418101e-06,-3.337397e-06,-3.456335e-06,-3.49349e-06,-3.578342e-06
-2.678916e-06,-2.702042e-06,-2.677421e-06,-2.73211e-06,-2.75284e-06,-2.960863e-06,-2.33888e-06,-2.303758e-06,-2.688814e-06,-2.298271e-06,-2.305507e-06,-2.092869e-06,-2.053693e-06,-1.856623e-06,-1.782045e-06,-1.587876e-06,-1.486038e-06,-1.291224e-06,-1.170306e-06,-9.739183e-07,-8.376007e-07,-6.391936e-07,-4.913437e-07,-2.929724e-07,-1.375054e-07,5.982473e-08,2.207204e-07,4.15389e-07,5.781702e-07,7.679409e-07,9.305445e-07,1.114332e-06,1.273723e-06,1.447787e-06,1.600263e-06,1.763698e-06,1.909357e-06,2.061185e-06,2.195394e-06,2.32994e-06,2.449334e-06,2.567784e-06,2.674592e-06,2.775961e-06,2.86424e-06,2.941979e-06,3.009493e-06,3.066742e-06,3.117037e-06,3.152704e-06,3.179792e-06,3.188268e-06,3.191706e-06,3.177109e-06,3.160434e-06,3.121695e-06,3.08068e-06,3.014976e-06,2.951119e-06,2.862161e-06,2.777821e-06,2.665018e-06,2.559249e-06,2.423516e-06,2.299283e-06,2.142924e-06,2.001194e-06,1.824814e-06,1.66842e-06,1.476167e-06,1.308743e-06,1.101722e-06,9.241715e-07,7.050741e-07,5.232144e-07,2.975632e-07,1.151001e-07,-1.155795e-07,-2.954157e-07,-5.258849e-07,-6.960431e-07,-9.234388e-07,-1.081197e-06,-1.299228e-06,-1.446457e-06,-1.652237e-06,-1.739225e-06,-1.943294e-06,-1.840346e-06,-2.36758e-06,-2.451942e-06,-2.197338e-06,-2.457199e-06,-2.520591e-06,-2.624684e-06,-2.645949e-06
-1.994797e-06,-2.00031e-06,-2.021023e-06,-1.966422e-06,-1.931113e-06,-1.722912e-06,-2.076647e-06,-1.968186e-06,-1.60301e-06,-1.773311e-06,-1.6056e-06,-1.604263e-06,-1.453752e-06,-1.416783e-06,-1.271381e-06,-1.210801e-06,-1.066985e-06,-9.88918e-07,-8.43959e-07,-7.526797e-07,-6.069619e-07,-5.060226e-07,-3.598844e-07,-2.512346e-07,-1.05154e-07,8.61607e-09,1.530477e-07,2.697616e-07,4.116987e-07,5.294953e-07,6.671152e-07,7.834679e-07,9.155204e-07,1.029412e-06,1.154925e-06,1.263674e-06,1.37959e-06,1.480818e-06,1.586963e-06,1.680922e-06,1.776243e-06,1.859334e-06,1.939977e-06,2.01041e-06,2.077516e-06,2.136607e-06,2.189046e-06,2.232826e-06,2.266865e-06,2.294583e-06,2.312358e-06,2.325828e-06,2.326272e-06,2.322184e-06,2.302817e-06,2.281686e-06,2.244923e-06,2.208364e-06,2.153482e-06,2.099938e-06,2.026573e-06,1.957674e-06,1.867755e-06,1.784515e-06,1.678078e-06,1.581335e-06,1.460251e-06,1.352314e-06,1.217743e-06,1.09934e-06,9.525517e-07,8.268202e-07,6.71221e-07,5.407804e-07,3.773809e-07,2.438821e-07,7.560187e-08,-5.640043e-08,-2.259787e-07,-3.538387e-07,-5.231831e-07,-6.425103e-07,-8.074367e-07,-9.165834e-07,-1.069911e-06,-1.163654e-06,-1.332029e-06,-1.389172e-06,-1.663605e-06,-1.476639e-06,-1.609969e-06,-1.91063e-06,-1.833921e-06,-1.908003e-06,-1.922619e-06,-1.975695e-06
-1.372211e-06,-1.386588e-06,-1.36894e-06,-1.415231e-06,-1.440514e-06,-1.610226e-06,-1.142232e-06,-1.143736e-06,-1.456858e-06,-1.179948e-06,-1.212992e-06,-1.078495e-06,-1.080707e-06,-9.623475e-07,-9.412477e-07,-8.287089e-07,-7.899244e-07,-6.798687e-07,-6.290333e-07,-5.200973e-07,-4.594076e-07,-3.506383e-07,-2.824661e-07,-1.748348e-07,-1.015696e-07,4.768334e-09,8.204928e-08,1.864463e-07,2.656249e-07,3.66979e-07,4.470849e-07,5.45161e-07,6.244514e-07,7.169772e-07,7.932205e-07,8.801058e-07,9.539489e-07,1.034977e-06,1.103393e-06,1.174767e-06,1.235739e-06,1.2989e-06,1.354598e-06,1.409198e-06,1.455471e-06,1.496929e-06,1.5325e-06,1.563603e-06,1.591472e-06,1.611598e-06,1.627393e-06,1.632488e-06,1.636089e-06,1.629453e-06,1.623614e-06,1.604409e-06,1.585866e-06,1.551908e-06,1.52175e-06,1.47574e-06,1.435549e-06,1.376765e-06,1.32553e-06,1.254359e-06,1.193986e-06,1.111755e-06,1.042497e-06,9.491503e-07,8.726257e-07,7.707278e-07,6.890475e-07,5.787111e-07,4.918086e-07,3.742985e-07,2.857807e-07,1.643942e-07,7.611919e-08,-4.899673e-08,-1.355805e-07,-2.61471e-07,-3.420524e-07,-4.676482e-07,-5.412034e-07,-6.627168e-07,-7.318387e-07,-8.477914e-07,-8.755971e-07,-9.946638e-07,-8.817361e-07,-1.260759e-06,-1.288572e-06,-1.071434e-06,-1.251485e-06,-1.282141e-06,-1.347918e-06,-1.353148e-06
-9.500719e-07,-9.524171e-07,-9.661691e-07,-9.331514e-07,-9.153769e-07,-7.870534e-07,-1.02344e-06,-9.564046e-07,-7.374621e-07,-8.58996e-07,-7.617489e-07,-7.766339e-07,-6.939199e-07,-6.876322e-07,-6.103192e-07,-5.904261e-07,-5.158431e-07,-4.860033e-07,-4.120644e-07,-3.747564e-07,-3.013754e-07,-2.585951e-07,-1.856757e-07,-1.383981e-07,-6.595084e-08,-1.555645e-08,5.570163e-08,1.081044e-07,1.779269e-07,2.31428e-07,2.989445e-07,3.522149e-07,4.169171e-07,4.69581e-07,5.311262e-07,5.817461e-07,6.384685e-07,6.857977e-07,7.378465e-07,7.822835e-07,8.292254e-07,8.687152e-07,9.08339e-07,9.419633e-07,9.751943e-07,1.003964e-06,1.030251e-06,1.051805e-06,1.068939e-06,1.082937e-06,1.092381e-06,1.100054e-06,1.101195e-06,1.100499e-06,1.091812e-06,1.083095e-06,1.0661e-06,1.050349e-06,1.024532e-06,1.000693e-06,9.657385e-07,9.34736e-07,8.917266e-07,8.540422e-07,8.028194e-07,7.587929e-07,7.003241e-07,6.511783e-07,5.859287e-07,5.318423e-07,4.603094e-07,4.029505e-07,3.269353e-07,2.675874e-07,1.873215e-07,1.266177e-07,4.350768e-08,-1.611936e-08,-1.002961e-07,-1.576582e-07,-2.424421e-07,-2.952401e-07,-3.784849e-07,-4.261698e-07,-5.037824e-07,-5.435221e-07,-6.329929e-07,-6.512674e-07,-8.116849e-07,-6.745599e-07,-7.521561e-07,-9.284457e-07,-8.690319e-07,-9.097281e-07,-9.119309e-07,-9.413211e-07
-5.862468e-07,-5.94206e-07,-5.818446e-07,-6.165656e-07,-6.382302e-07,-7.64253e-07,-4.37576e-07,-4.555994e-07,-6.864269e-07,-5.008685e-07,-5.405062e-07,-4.603199e-07,-4.799795e-07,-4.136483e-07,-4.187945e-07,-3.587033e-07,-3.530735e-07,-2.965095e-07,-2.837826e-07,-2.294139e-07,-2.108334e-07,-1.576564e-07,-1.345957e-07,-8.296364e-08,-5.678756e-08,-6.47331e-09,2.237503e-08,7.124194e-08,1.015927e-07,1.485759e-07,1.800767e-07,2.253419e-07,2.57089e-07,2.993769e-07,3.30143e-07,3.697321e-07,4.00287e-07,4.373259e-07,4.658425e-07,4.979896e-07,5.233807e-07,5.51955e-07,5.760025e-07,6.009919e-07,6.21019e-07,6.394769e-07,6.548538e-07,6.689592e-07,6.819498e-07,6.913934e-07,6.990643e-07,7.011604e-07,7.03575e-07,7.007296e-07,6.998451e-07,6.914657e-07,6.849926e-07,6.695557e-07,6.582421e-07,6.3757e-07,6.224055e-07,5.95848e-07,5.759769e-07,5.436434e-07,5.202096e-07,4.827925e-07,4.557109e-07,4.128898e-07,3.829992e-07,3.362373e-07,3.046511e-07,2.536236e-07,2.198822e-07,1.650388e-07,1.312075e-07,7.434184e-08,4.118209e-08,-1.817413e-08,-5.021452e-08,-1.105822e-07,-1.390822e-07,-2.003506e-07,-2.251891e-07,-2.852664e-07,-3.089347e-07,-3.67301e-07,-3.644714e-07,-4.281529e-07,-3.280985e-07,-5.817761e-07,-5.792013e-07,-4.136301e-07,-5.310917e-07,-5.4142e-07,-5.796433e-07,-5.76562e-07
-3.655279e-07,-3.660452e-07,-3.736856e-07,-3.560253e-07,-3.478002e-07,-2.788842e-07,-4.147847e-07,-3.800093e-07,-2.6457e-07,-3.372788e-07,-2.887692e-07,-3.042669e-07,-2.65102e-07,-2.696868e-07,-2.34495e-07,-2.323171e-07,-1.994589e-07,-1.924215e-07,-1.605905e-07,-1.49941e-07,-1.189451e-07,-1.056618e-07,-7.53062e-08,-5.979724e-08,-2.994853e-08,-1.284731e-08,1.623591e-08,3.445147e-08,6.277514e-08,8.173902e-08,1.089615e-07,1.28075e-07,1.540584e-07,1.732572e-07,1.979558e-07,2.165801e-07,2.392055e-07,2.566973e-07,2.774713e-07,2.941898e-07,3.130041e-07,3.279284e-07,3.436697e-07,3.564019e-07,3.696993e-07,3.809117e-07,3.915592e-07,4.000246e-07,4.068687e-07,4.124686e-07,4.163931e-07,4.198722e-07,4.205834e-07,4.208363e-07,4.175058e-07,4.147388e-07,4.08218e-07,4.029747e-07,3.929581e-07,3.846197e-07,3.70888e-07,3.599146e-07,3.430047e-07,3.295883e-07,3.093238e-07,2.935549e-07,2.70364e-07,2.528023e-07,2.268081e-07,2.07407e-07,1.787293e-07,1.582507e-07,1.277106e-07,1.066761e-07,7.419224e-08,5.273485e-08,1.885867e-08,-1.907203e-09,-3.644135e-08,-5.611325e-08,-9.131649e-08,-1.088771e-07,-1.438207e-07,-1.592173e-07,-1.918812e-07,-2.038308e-07,-2.442175e-07,-2.455064e-07,-3.266791e-07,-2.418216e-07,-2.797393e-07,-3.704588e-07,-3.327229e-07,-3.512675e-07,-3.48745e-07,-3.625045e-07
-1.888196e-07,-1.926164e-07,-1.847301e-07,-2.069127e-07,-2.210461e-07,-3.019606e-07,-1.01753e-07,-1.21326e-07,-2.675018e-07,-1.562992e-07,-1.888765e-07,-1.45365e-07,-1.658767e-07,-1.321402e-07,-1.444575e-07,-1.156158e-07,-1.219979e-07,-9.620037e-08,-9.880929e-08,-7.505752e-08,-7.454379e-08,-5.207042e-08,-4.915923e-08,-2.802958e-08,-2.342603e-08,-3.349437e-09,2.806825e-09,2.189778e-08,2.902814e-08,4.701923e-08,5.505063e-08,7.219186e-08,8.071386e-08,9.639204e-08,1.048084e-07,1.193491e-07,1.282682e-07,1.418982e-07,1.503423e-07,1.617881e-07,1.692468e-07,1.794542e-07,1.871287e-07,1.961963e-07,2.025672e-07,2.088312e-07,2.136426e-07,2.185352e-07,2.232372e-07,2.266291e-07,2.29502e-07,2.298397e-07,2.309971e-07,2.297907e-07,2.304367e-07,2.273252e-07,2.26072e-07,2.201398e-07,2.174441e-07,2.097719e-07,2.061837e-07,1.963128e-07,1.912506e-07,1.791799e-07,1.7326e-07,1.593062e-07,1.523613e-07,1.362053e-07,1.286177e-07,1.110015e-07,1.032881e-07,8.38327e-08,7.553133e-08,5.431574e-08,4.6479e-08,2.436002e-08,1.720938e-08,-6.358237e-09,-1.280406e-08,-3.719034e-08,-4.172446e-08,-6.715728e-08,-6.997644e-08,-9.542988e-08,-9.836049e-08,-1.238198e-07,-1.115734e-07,-1.421358e-07,-7.059012e-08,-2.207816e-07,-2.082312e-07,-1.011168e-07,-1.696419e-07,-1.701396e-07,-1.898943e-07,-1.846679e-07
-9.942718e-08,-9.928162e-08,-1.0259e-07,-9.48331e-08,-9.131979e-08,-6.136248e-08,-1.242756e-07,-1.102098e-07,-6.012829e-08,-9.446816e-08,-7.523841e-08,-8.477181e-08,-6.998697e-08,-7.500404e-08,-6.234342e-08,-6.467378e-08,-5.336425e-08,-5.380577e-08,-4.321128e-08,-4.226845e-08,-3.225474e-08,-3.031628e-08,-2.074521e-08,-1.793954e-08,-8.698583e-09,-5.257853e-09,3.587986e-09,7.503606e-09,1.601279e-08,2.029509e-08,2.83678e-08,3.280195e-08,4.043374e-08,4.505297e-08,5.228364e-08,5.684577e-08,6.337029e-08,6.767697e-08,7.36558e-08,7.793351e-08,8.337553e-08,8.721011e-08,9.165305e-08,9.490986e-08,9.869213e-08,1.017315e-07,1.048057e-07,1.071036e-07,1.089722e-07,1.105043e-07,1.116044e-07,1.127435e-07,1.129656e-07,1.132204e-07,1.121927e-07,1.116633e-07,1.097816e-07,1.0872e-07,1.058409e-07,1.039508e-07,9.995537e-08,9.742599e-08,9.253596e-08,8.942601e-08,8.35266e-08,7.983681e-08,7.307929e-08,6.901681e-08,6.140328e-08,5.688589e-08,4.840692e-08,4.37138e-08,3.467164e-08,2.996161e-08,2.023262e-08,1.547301e-08,5.213209e-09,8.121588e-10,-9.747755e-09,-1.37167e-08,-2.469198e-08,-2.787757e-08,-3.89547e-08,-4.143543e-08,-5.180123e-08,-5.314497e-08,-6.743688e-08,-6.46852e-08,-9.779372e-08,-5.607585e-08,-7.045858e-08,-1.089165e-07,-9.017059e-08,-9.649973e-08,-9.380956e-08,-9.884801e-08
-3.595088e-08,-3.739557e-08,-3.342441e-08,-4.428686e-08,-5.094825e-08,-9.09607e-08,4.78797e-09,-7.571763e-09,-7.864991e-08,-2.593788e-08,-4.446347e-08,-2.5198e-08,-3.781713e-08,-2.368593e-08,-3.256621e-08,-2.114863e-08,-2.738117e-08,-1.772495e-08,-2.232256e-08,-1.388749e-08,-1.713314e-08,-9.503101e-09,-1.171078e-08,-4.866981e-09,-6.334443e-09,-8.963841e-11,-8.448912e-10,4.88017e-09,4.603455e-09,9.803498e-09,1.00137e-08,1.485483e-08,1.540127e-08,1.964383e-08,2.029225e-08,2.414041e-08,2.522157e-08,2.882644e-08,2.992153e-08,3.273196e-08,3.364909e-08,3.615847e-08,3.750157e-08,3.979092e-08,4.087848e-08,4.220598e-08,4.295974e-08,4.403691e-08,4.516476e-08,4.594981e-08,4.666198e-08,4.645004e-08,4.682649e-08,4.634646e-08,4.69603e-08,4.604213e-08,4.62413e-08,4.445859e-08,4.446166e-08,4.23166e-08,4.236733e-08,3.962377e-08,3.942968e-08,3.606706e-08,3.589559e-08,3.20305e-08,3.176692e-08,2.720968e-08,2.69951e-08,2.204919e-08,2.207778e-08,1.650632e-08,1.650278e-08,1.028114e-08,1.067871e-08,4.136041e-09,4.962831e-09,-2.24276e-09,-1.058228e-09,-8.716833e-09,-6.687699e-09,-1.500385e-08,-1.230963e-08,-2.087556e-08,-1.847762e-08,-2.741026e-08,-1.80782e-08,-3.019622e-08,7.474543e-09,-6.259629e-08,-5.279064e-08,-8.892406e-11,-3.183827e-08,-2.99528e-08,-3.820664e-08,-3.456721e-08
-1.361891e-08,-1.347552e-08,-1.439198e-08,-1.212837e-08,-1.100426e-08,-2.423813e-09,-2.151782e-08,-1.784597e-08,-3.307727e-09,-1.378935e-08,-8.826807e-09,-1.219267e-08,-8.542075e-09,-1.068185e-08,-7.728866e-09,-9.169383e-09,-6.682878e-09,-7.643991e-09,-5.426167e-09,-6.042035e-09,-4.043901e-09,-4.417017e-09,-2.586682e-09,-2.740959e-09,-1.032998e-09,-1.024381e-09,5.533486e-10,6.908294e-10,2.168951e-09,2.417195e-09,3.77848e-09,4.086789e-09,5.343932e-09,5.738389e-09,6.918318e-09,7.340096e-09,8.36314e-09,8.765983e-09,9.69569e-09,1.016486e-08,1.101878e-08,1.144141e-08,1.208991e-08,1.243683e-08,1.299602e-08,1.339124e-08,1.385901e-08,1.415232e-08,1.438425e-08,1.457582e-08,1.471382e-08,1.492645e-08,1.49442e-08,1.503186e-08,1.481778e-08,1.481258e-08,1.44895e-08,1.446994e-08,1.399408e-08,1.386683e-08,1.319745e-08,1.301506e-08,1.221443e-08,1.198813e-08,1.101342e-08,1.073346e-08,9.620108e-09,9.337723e-09,8.073429e-09,7.748564e-09,6.314948e-09,6.015452e-09,4.486897e-09,4.241497e-09,2.55933e-09,2.334549e-09,5.226938e-10,4.172727e-10,-1.47974e-09,-1.471319e-09,-3.515301e-09,-3.315255e-09,-5.438259e-09,-5.095259e-09,-7.076754e-09,-6.506919e-09,-9.758064e-09,-8.197851e-09,-1.712269e-08,-3.861161e-09,-7.357424e-09,-1.831998e-08,-1.234774e-08,-1.36434e-08,-1.245924e-08,-1.364801e-08
-1.465023e-09,-1.788327e-09,-7.024658e-10,-3.591903e-09,-5.275706e-09,-1.600328e-08,9.147231e-09,5.423175e-09,-1.337563e-08,4.439332e-10,-4.89997e-09,-3.025962e-11,-3.776844e-09,-3.312097e-10,-3.115788e-09,-4.423788e-10,-2.556e-09,-3.935752e-10,-2.100315e-09,-2.970223e-10,-1.668098e-09,-1.072181e-10,-1.220845e-09,1.102258e-10,-8.187001e-10,3.388809e-10,-4.074383e-10,6.044394e-10,-1.447219e-11,8.576571e-10,3.744024e-10,1.157167e-09,7.766561e-10,1.415367e-09,1.083663e-09,1.638927e-09,1.448256e-09,1.965943e-09,1.813876e-09,2.158536e-09,2.002593e-09,2.30945e-09,2.311889e-09,2.607179e-09,2.596423e-09,2.694298e-09,2.656557e-09,2.747198e-09,2.869746e-09,2.945247e-09,3.02643e-09,2.90828e-09,2.973057e-09,2.853074e-09,3.050999e-09,2.885124e-09,3.047516e-09,2.72614e-09,2.910475e-09,2.56294e-09,2.830227e-09,2.392337e-09,2.664141e-09,2.127726e-09,2.470253e-09,1.860746e-09,2.238994e-09,1.501378e-09,1.946318e-09,1.152494e-09,1.707313e-09,7.870951e-10,1.371935e-09,3.097157e-10,1.027791e-09,-1.022429e-10,7.450973e-10,-5.543143e-10,3.918809e-10,-1.035616e-09,1.238283e-10,-1.499656e-09,-1.864857e-10,-1.911237e-09,-7.084646e-10,-2.587317e-09,3.923069e-10,-2.454544e-09,7.975557e-09,-1.016407e-08,-6.991399e-09,7.023097e-09,-1.175336e-09,-3.340059e-10,-2.325952e-09,-1.193679e-09
-1.450705e-10,-1.508706e-10,-1.371985e-10,-1.736657e-10,-1.963801e-10,-3.322553e-10,-1.663827e-11,-3.905314e-11,-2.89274e-10,-1.135943e-10,-1.699334e-10,-1.074628e-10,-1.459567e-10,-1.000219e-10,-1.263363e-10,-8.906918e-11,-1.066394e-10,-7.490143e-11,-8.710359e-11,-5.91904e-11,-6.693594e-11,-4.148127e-11,-4.579161e-11,-2.278112e-11,-2.467912e-11,-3.530438e-12,-3.10217e-12,1.643563e-11,1.839505e-11,3.626083e-11,3.976557e-11,5.650639e-11,6.104817e-11,7.581235e-11,8.055208e-11,9.398892e-11,1.000613e-10,1.127045e-10,1.186862e-10,1.285911e-10,1.337504e-10,1.425559e-10,1.489918e-10,1.570253e-10,1.624139e-10,1.670538e-10,1.710313e-10,1.746757e-10,1.797235e-10,1.822975e-10,1.857131e-10,1.847144e-10,1.866828e-10,1.845945e-10,1.871461e-10,1.834487e-10,1.84341e-10,1.775051e-10,1.774331e-10,1.691954e-10,1.690495e-10,1.586389e-10,1.574006e-10,1.447207e-10,1.433023e-10,1.287926e-10,1.268274e-10,1.098478e-10,1.078056e-10,8.942332e-11,8.800742e-11,6.746238e-11,6.572605e-11,4.293789e-11,4.236965e-11,1.85406e-11,1.928494e-11,-6.70318e-12,-4.907215e-12,-3.229596e-11,-2.7743e-11,-5.713677e-11,-5.045736e-11,-8.041202e-11,-7.482018e-11,-1.060219e-10,-7.63003e-11,-1.18222e-10,7.250561e-12,-2.221444e-10,-2.085275e-10,-2.033267e-11,-1.261233e-10,-1.238704e-10,-1.51645e-10,-1.410458e-10
0,0,0,0,0,0,0,0,0,0,0,0,0,0,0,0,0,0,0,0,0,0,0,0,0,0,0,0,0,0,0,0,0,0,0,0,0,0,0,0,0,0,0,0,0,0,0,0,0,0,0,0,0,0,0,0,0,0,0,0,0,0,0,0,0,0,0,0,0,0,0,0,0,0,0,0,0,0,0,0,0,0,0,0,0,0,0,0,0,0,0,0,0,0,0,0
