NaN,NaN,NaN,NaN,NaN,NaN,NaN,NaN,NaN,NaN,NaN,NaN,NaN,NaN,NaN,NaN,NaN,NaN,NaN,NaN,NaN,NaN,1.299353e-12,-2.311804e-13,-1.774502e-12,1.319025e-12,3.683961e-12,-3.337252e-14,2.842708e-12,-2.884973e-12,1.854648e-12,2.177215e-12,4.569057e-12,-3.077398e-12,-3.939111e-12,2.619668e-12,-1.810851e-12,-1.910298e-12,-1.213407e-12,7.118163e-14,1.091395e-12,-2.580886e-12,4.724541e-12,1.70852e-12,-1.478234e-12,1.990889e-12,1.370566e-12,4.756384e-12,1.261174e-12,2.562336e-12,-4.653961e-12,-1.226495e-12,2.25906e-12,-4.842992e-13,2.240529e-12,1.902573e-12,2.147635e-13,-5.427154e-13,1.541957e-12,-2.597766e-12,5.329031e-13,-2.10788e-13,-4.798228e-12,-7.126683e-13,5.573051e-13,-3.183177e-12,-2.292132e-12,1.184982e-12,-2.984539e-12,1.460362e-12,-2.93584e-12,3.132709e-14,2.123325e-12,4.142114e-12,6.04408e-14,1.580438e-12,-1.419294e-12,-3.984241e-13,2.658794e-12,-4.100243e-14,-6.999971e-12,-5.186875e-13,4.94445e-12,-3.896299e-12,1.424512e-13,2.354446e-12,-4.053874e-12,NaN,NaN,NaN,NaN,NaN,NaN,NaN,NaN,NaN,NaN,NaN,NaN,NaN,NaN,NaN,NaN,NaN,NaN,NaN,NaN,NaN
NaN,NaN,NaN,NaN,NaN,NaN,NaN,NaN,NaN,NaN,NaN,NaN,NaN,NaN,NaN,NaN,NaN,NaN,NaN,NaN,NaN,NaN,6.131812e-06,8.865425e-06,6.1494e-06,8.686196e-06,5.669588e-06,8.243538e-06,5.419925e-06,7.71582e-06,5.379129e-06,7.424208e-06,5.155675e-06,7.263598e-06,4.665339e-06,6.702793e-06,4.042654e-06,5.656894e-06,3.213431e-06,4.583268e-06,2.145667e-06,3.714277e-06,1.182736e-06,2.869209e-06,5.580631e-07,2.026549e-06,3.502021e-08,1.374665e-06,-5.79411e-07,9.05012e-07,-1.002946e-06,5.91343e-07,-9.793191e-07,6.847421e-07,-6.180213e-07,1.136169e-06,-1.047418e-07,1.521419e-06,3.22816e-07,1.682968e-06,3.515268e-07,1.568354e-06,-5.453411e-08,1.039262e-06,-6.291834e-07,2.031417e-07,-1.282984e-06,-5.798997e-07,-2.006734e-06,-1.188263e-06,-2.633474e-06,-1.784348e-06,-3.10965e-06,-2.402111e-06,-3.56821e-06,-2.986537e-06,-4.053006e-06,-3.52347e-06,-4.470588e-06,-3.953373e-06,-4.710615e-06,-4.198409e-06,-4.744823e-06,-4.287778e-06,-4.645625e-06,-4.303423e-06,-4.488967e-06,NaN,NaN,NaN,NaN,NaN,NaN,NaN,NaN,NaN,NaN,NaN,NaN,NaN,NaN,NaN,NaN,NaN,NaN,NaN,NaN,NaN
NaN,NaN,NaN,NaN,NaN,NaN,NaN,NaN,NaN,NaN,NaN,NaN,NaN,NaN,NaN,NaN,NaN,NaN,NaN,NaN,NaN,2.254628e-05,2.918778e-05,2.455744e-05,2.934705e-05,2.34148e-05,2.797226e-05,2.183708e-05,2.631555e-05,2.120308e-05,2.519315e-05,2.079826e-05,2.456223e-05,1.959169e-05,2.324967e-05,1.752699e-05,2.041608e-05,1.476563e-05,1.67198e-05,1.128721e-05,1.325047e-05,7.676127e-06,1.019821e-05,4.823582e-06,7.312229e-06,2.675841e-06,4.796293e-06,6.066621e-07,2.868324e-06,-1.27392e-06,1.447168e-06,-2.071524e-06,1.08293e-06,-1.3848e-06,2.293206e-06,2.930005e-07,4.009114e-06,2.008247e-06,5.12028e-06,2.887733e-06,5.313975e-06,2.287709e-06,4.204602e-06,4.845632e-07,1.80119e-06,-1.832345e-06,-1.020993e-06,-4.33199e-06,-3.407314e-06,-6.65141e-06,-5.425059e-06,-8.528874e-06,-7.418059e-06,-1.02017e-05,-9.389977e-06,-1.192564e-05,-1.126176e-05,-1.356596e-05,-1.288008e-05,-1.47679e-05,-1.394171e-05,-1.526082e-05,-1.432096e-05,-1.511754e-05,-1.426132e-05,-1.465307e-05,-1.396959e-05,-1.390498e-05,NaN,NaN,NaN,NaN,NaN,NaN,NaN,NaN,NaN,NaN,NaN,NaN,NaN,NaN,NaN,NaN,NaN,NaN,NaN,NaN
NaN,NaN,NaN,NaN,NaN,NaN,NaN,NaN,NaN,NaN,NaN,NaN,NaN,NaN,NaN,NaN,NaN,NaN,NaN,NaN,NaN,5.095287e-05,4.582282e-05,5.406629e-05,4.601652e-05,5.25326e-05,4.306254e-05,4.959305e-05,4.087609e-05,4.694972e-05,3.993396e-05,4.545383e-05,3.856799e-05,4.395332e-05,3.561446e-05,4.018526e-05,3.105608e-05,3.390502e-05,2.503656e-05,2.701223e-05,1.817384e-05,2.088244e-05,1.203604e-05,1.537489e-05,7.427297e-06,1.036315e-05,3.498964e-06,6.203401e-06,-4.06369e-07,2.936212e-06,-3.16381e-06,1.068234e-06,-3.320885e-06,1.927885e-06,-9.778981e-07,4.972042e-06,2.352553e-06,7.768459e-06,4.910227e-06,9.054412e-06,5.167542e-06,8.164989e-06,2.706536e-06,4.710197e-06,-1.353704e-06,-3.858665e-07,-6.036335e-06,-5.38736e-06,-1.071357e-05,-9.535067e-06,-1.473119e-05,-1.332823e-05,-1.81013e-05,-1.707091e-05,-2.138345e-05,-2.070843e-05,-2.470619e-05,-2.408952e-05,-2.757241e-05,-2.672081e-05,-2.931194e-05,-2.808961e-05,-2.971979e-05,-2.836795e-05,-2.926577e-05,-2.811443e-05,-2.840794e-05,-2.728067e-05,NaN,NaN,NaN,NaN,NaN,NaN,NaN,NaN,NaN,NaN,NaN,NaN,NaN,NaN,NaN,NaN,NaN,NaN,NaN,NaN
NaN,NaN,NaN,NaN,NaN,NaN,NaN,NaN,NaN,NaN,NaN,NaN,NaN,NaN,NaN,NaN,NaN,NaN,NaN,NaN,6.545521e-05,6.080008e-05,7.460324e-05,6.599437e-05,7.505451e-05,6.316353e-05,7.139739e-05,5.904732e-05,6.725607e-05,5.709663e-05,6.456488e-05,5.589681e-05,6.288694e-05,5.290562e-05,5.935955e-05,4.752903e-05,5.210099e-05,4.007625e-05,4.261061e-05,3.089115e-05,3.344944e-05,2.156171e-05,2.536458e-05,1.405122e-05,1.79627e-05,8.215438e-06,1.152582e-05,2.729637e-06,6.406489e-06,-2.153422e-06,2.65329e-06,-4.331499e-06,1.793057e-06,-2.633197e-06,4.967141e-06,1.732651e-06,9.481845e-06,6.139588e-06,1.249441e-05,8.376178e-06,1.299018e-05,6.863499e-06,1.001746e-05,2.135033e-06,3.821026e-06,-4.082514e-06,-3.443824e-06,-1.069555e-05,-9.73735e-06,-1.673478e-05,-1.507583e-05,-2.171364e-05,-2.022823e-05,-2.62251e-05,-2.53143e-05,-3.082977e-05,-3.018406e-05,-3.519435e-05,-3.439471e-05,-3.842578e-05,-3.713138e-05,-3.981504e-05,-3.806971e-05,-3.955696e-05,-3.784549e-05,-3.846231e-05,-3.700494e-05,-3.660077e-05,-3.489074e-05,NaN,NaN,NaN,NaN,NaN,NaN,NaN,NaN,NaN,NaN,NaN,NaN,NaN,NaN,NaN,NaN,NaN,NaN,NaN
NaN,NaN,NaN,NaN,NaN,NaN,NaN,NaN,NaN,NaN,NaN,NaN,NaN,NaN,NaN,NaN,NaN,NaN,NaN,NaN,6.388841e-05,8.504459e-05,7.732725e-05,9.050682e-05,7.779133e-05,8.798268e-05,7.288862e-05,8.30689e-05,6.919551e-05,7.871498e-05,6.759215e-05,7.627084e-05,6.53492e-05,7.376333e-05,6.04559e-05,6.747338e-05,5.280513e-05,5.700484e-05,4.267993e-05,4.545986e-05,3.117666e-05,3.513568e-05,2.087805e-05,2.587849e-05,1.308515e-05,1.748337e-05,6.431873e-06,1.048463e-05,-1.406979e-07,4.955605e-06,-4.803202e-06,1.793314e-06,-5.132595e-06,3.211182e-06,-1.239232e-06,8.299148e-06,4.33136e-06,1.301031e-05,8.615255e-06,1.520665e-05,9.08103e-06,1.373773e-05,4.999248e-06,7.970924e-06,-1.812002e-06,-5.374559e-07,-9.692869e-06,-8.921066e-06,-1.754662e-05,-1.59047e-05,-2.429757e-05,-2.227965e-05,-2.99867e-05,-2.855497e-05,-3.553003e-05,-3.465875e-05,-4.113081e-05,-4.033653e-05,-4.596476e-05,-4.475634e-05,-4.891504e-05,-4.705755e-05,-4.963465e-05,-4.75222e-05,-4.890073e-05,-4.7072e-05,-4.745455e-05,-4.559823e-05,-4.428294e-05,NaN,NaN,NaN,NaN,NaN,NaN,NaN,NaN,NaN,NaN,NaN,NaN,NaN,NaN,NaN,NaN,NaN,NaN,NaN
NaN,NaN,NaN,NaN,NaN,NaN,NaN,NaN,NaN,NaN,NaN,NaN,NaN,NaN,NaN,NaN,NaN,NaN,NaN,5.826853e-05,8.594074e-05,7.897651e-05,9.837473e-05,8.644918e-05,9.945389e-05,8.299562e-05,9.482901e-05,7.767061e-05,8.939442e-05,7.524587e-05,8.587012e-05,7.380533e-05,8.378537e-05,6.995117e-05,7.929223e-05,6.298486e-05,6.980056e-05,5.331899e-05,5.732418e-05,4.12899e-05,4.530223e-05,2.897143e-05,3.465855e-05,1.905652e-05,2.482486e-05,1.137374e-05,1.625093e-05,4.105947e-06,9.457538e-06,-2.415638e-06,4.428345e-06,-5.368131e-06,3.151623e-06,-3.222613e-06,7.224566e-06,2.451323e-06,1.311488e-05,8.260046e-06,1.707545e-05,1.127334e-05,1.780755e-05,9.355236e-06,1.400424e-05,3.216203e-06,5.887955e-06,-4.882174e-06,-3.685276e-06,-1.357049e-05,-1.197145e-05,-2.156006e-05,-1.902045e-05,-2.813434e-05,-2.586264e-05,-3.407434e-05,-3.261405e-05,-4.014585e-05,-3.906426e-05,-4.590521e-05,-4.465103e-05,-5.017619e-05,-4.831346e-05,-5.203025e-05,-4.961614e-05,-5.170251e-05,-4.93598e-05,-5.020201e-05,-4.817917e-05,-4.756518e-05,-4.526318e-05,-4.284588e-05,NaN,NaN,NaN,NaN,NaN,NaN,NaN,NaN,NaN,NaN,NaN,NaN,NaN,NaN,NaN,NaN,NaN,NaN
NaN,NaN,NaN,NaN,NaN,NaN,NaN,NaN,NaN,NaN,NaN,NaN,NaN,NaN,NaN,NaN,NaN,NaN,NaN,7.82271e-05,7.182485e-05,9.942589e-05,8.995759e-05,0.0001077411,9.187328e-05,0.0001056438,8.650487e-05,0.0001000885,8.239512e-05,9.501478e-05,8.084111e-05,9.237437e-05,7.854377e-05,8.987582e-05,7.313205e-05,8.284549e-05,6.450719e-05,7.068206e-05,5.284798e-05,5.716225e-05,3.930071e-05,4.501473e-05,2.703269e-05,3.394769e-05,1.774244e-05,2.37766e-05,9.764155e-06,1.528454e-05,1.755782e-06,8.52073e-06,-4.054034e-06,4.41617e-06,-4.763567e-06,5.684577e-06,-4.933144e-07,1.142023e-05,5.924539e-06,1.688988e-05,1.107256e-05,1.960171e-05,1.183634e-05,1.815581e-05,7.263223e-06,1.15954e-05,-5.330592e-07,1.626585e-06,-9.717017e-06,-8.292292e-06,-1.906192e-05,-1.660866e-05,-2.716515e-05,-2.428386e-05,-3.396926e-05,-3.186196e-05,-4.058515e-05,-3.919965e-05,-4.727528e-05,-4.602247e-05,-5.306879e-05,-5.139317e-05,-5.666979e-05,-5.430836e-05,-5.76618e-05,-5.505678e-05,-5.686207e-05,-5.455296e-05,-5.491068e-05,-5.239921e-05,-5.049039e-05,-4.797077e-05,NaN,NaN,NaN,NaN,NaN,NaN,NaN,NaN,NaN,NaN,NaN,NaN,NaN,NaN,NaN,NaN,NaN,NaN
NaN,NaN,NaN,NaN,NaN,NaN,NaN,NaN,NaN,NaN,NaN,NaN,NaN,NaN,NaN,NaN,NaN,NaN,7.269489e-05,6.064974e-05,9.526769e-05,8.94343e-05,0.000116905,0.0001055921,0.0001236144,0.0001047538,0.0001198324,9.927469e-05,0.0001138923,9.700772e-05,0.0001104383,9.631377e-05,0.0001091475,9.298405e-05,0.0001050737,8.583125e-05,9.47025e-05,7.505558e-05,8.025377e-05,6.088729e-05,6.581773e-05,4.582236e-05,5.257079e-05,3.329093e-05,4.001892e-05,2.329833e-05,2.888837e-05,1.37217e-05,1.982192e-05,4.883643e-06,1.267108e-05,1.294766e-07,9.851944e-06,1.47371e-06,1.364862e-05,7.455283e-06,2.02292e-05,1.431618e-05,2.521412e-05,1.848062e-05,2.685699e-05,1.704652e-05,2.317059e-05,1.043805e-05,1.398011e-05,1.053114e-06,2.545551e-06,-9.533964e-06,-7.735922e-06,-1.960024e-05,-1.673215e-05,-2.804551e-05,-2.551334e-05,-3.569192e-05,-3.41247e-05,-4.343929e-05,-4.231179e-05,-5.077969e-05,-4.947128e-05,-5.638368e-05,-5.441309e-05,-5.918205e-05,-5.656807e-05,-5.927387e-05,-5.651855e-05,-5.722039e-05,-5.411155e-05,-5.222765e-05,-4.851814e-05,-4.490688e-05,-4.71542e-05,NaN,NaN,NaN,NaN,NaN,NaN,NaN,NaN,NaN,NaN,NaN,NaN,NaN,NaN,NaN,NaN,NaN
NaN,NaN,NaN,NaN,NaN,NaN,NaN,NaN,NaN,NaN,NaN,NaN,NaN,NaN,NaN,NaN,NaN,NaN,4.996275e-05,8.39736e-05,8.621173e-05,0.0001362065,0.0001434345,0.0001777185,0.0001671509,0.000186581,0.0001653415,0.0001810933,0.0001606734,0.0001759338,0.000160834,0.0001760074,0.0001620043,0.0001769047,0.000158787,0.0001704998,0.0001489039,0.0001548049,0.0001321717,0.0001344947,0.0001107032,0.0001138284,8.940934e-05,9.370876e-05,7.133909e-05,7.471464e-05,5.500649e-05,5.784547e-05,3.870322e-05,4.297179e-05,2.506977e-05,3.175312e-05,1.86741e-05,2.898167e-05,2.104552e-05,3.477389e-05,2.920631e-05,4.313167e-05,3.812653e-05,4.970462e-05,4.237348e-05,5.075887e-05,3.86987e-05,4.335883e-05,2.835389e-05,2.905722e-05,1.376123e-05,1.273893e-05,-2.430273e-06,-2.486267e-06,-1.742802e-05,-1.689183e-05,-3.066102e-05,-3.08743e-05,-4.337164e-05,-4.427401e-05,-5.586387e-05,-5.674394e-05,-6.693049e-05,-6.708258e-05,-7.491487e-05,-7.390309e-05,-7.900941e-05,-7.697566e-05,-7.90568e-05,-7.526846e-05,-7.24891e-05,-6.464322e-05,-5.67184e-05,-5.014975e-05,-4.998998e-05,NaN,NaN,NaN,NaN,NaN,NaN,NaN,NaN,NaN,NaN,NaN,NaN,NaN,NaN,NaN,NaN,NaN
NaN,NaN,NaN,NaN,NaN,NaN,NaN,NaN,NaN,NaN,NaN,NaN,NaN,NaN,NaN,NaN,NaN,NaN,7.429365e-05,7.660482e-05,0.0001646856,0.0002435942,0.0003616024,0.000413392,0.0004677432,0.0004613057,0.0004797407,0.000455809,0.0004705357,0.0004543346,0.0004742004,0.0004668145,0.000489204,0.0004789557,0.0004962924,0.0004756039,0.0004808725,0.0004509368,0.000444074,0.0004075507,0.0003951699,0.0003544199,0.0003421597,0.0003016527,0.0002897533,0.0002528468,0.000240529,0.0002058478,0.0001943585,0.0001602929,0.000151927,0.0001235032,0.0001225779,0.0001062272,0.0001168223,0.0001115765,0.0001303755,0.0001311979,0.000151717,0.0001529875,0.0001693698,0.0001631226,0.0001707132,0.0001536241,0.0001505511,0.0001261033,0.0001150132,8.746711e-05,7.44899e-05,4.638336e-05,3.478799e-05,7.983443e-06,-3.147359e-06,-2.790683e-05,-3.937115e-05,-6.24801e-05,-7.361683e-05,-9.481956e-05,-0.0001045069,-0.0001224497,-0.0001295103,-0.0001428451,-0.0001464692,-0.0001538634,-0.0001515854,-0.0001470677,-0.0001292528,-0.0001031245,-7.256057e-05,-5.103405e-05,-4.663895e-05,NaN,NaN,NaN,NaN,NaN,NaN,NaN,NaN,NaN,NaN,NaN,NaN,NaN,NaN,NaN,NaN,NaN
NaN,NaN,NaN,NaN,NaN,NaN,NaN,NaN,NaN,NaN,NaN,NaN,NaN,NaN,NaN,NaN,NaN,8.312448e-05,5.540891e-05,0.0001717788,0.0004479303,0.0008978004,0.001241371,0.001495208,0.001579203,0.001634103,0.001597558,0.001604698,0.001567796,0.001595725,0.001595136,0.001648115,0.001663183,0.001714639,0.001708577,0.001728761,0.001684973,0.001662875,0.00158577,0.001531366,0.001431594,0.001363613,0.001254834,0.001185529,0.001080401,0.001012454,0.0009138362,0.000846858,0.0007497877,0.0006857447,0.0005947485,0.000544905,0.000480323,0.0004638248,0.0004402321,0.0004625669,0.0004724986,0.000518878,0.0005457073,0.0005955294,0.0006151265,0.0006455563,0.0006348419,0.0006307969,0.0005854835,0.0005477589,0.0004789276,0.0004223911,0.0003442595,0.0002853178,0.0002078549,0.0001521679,7.954922e-05,2.596836e-05,-4.193306e-05,-9.359873e-05,-0.0001570323,-0.0002049737,-0.0002619318,-0.0003035988,-0.0003510861,-0.0003842562,-0.000420057,-0.0004417255,-0.000457156,-0.00044708,-0.0004041245,-0.0003111839,-0.0001841866,-8.34375e-05,-5.215573e-05,-6.821225e-05,NaN,NaN,NaN,NaN,NaN,NaN,NaN,NaN,NaN,NaN,NaN,NaN,NaN,NaN,NaN,NaN
NaN,NaN,NaN,NaN,NaN,NaN,NaN,NaN,NaN,NaN,NaN,NaN,NaN,NaN,NaN,NaN,NaN,5.413312e-05,0.0001187624,0.0005956067,0.001743649,0.002836153,0.00359915,0.003944418,0.004096673,0.004051225,0.004008099,0.003904362,0.003894322,0.00387676,0.00395627,0.004020139,0.004142389,0.004203035,0.004284383,0.004267509,0.004253669,0.004142225,0.00403353,0.00384631,0.003677555,0.003446745,0.003256788,0.003017068,0.002827503,0.002598311,0.002413214,0.002190623,0.002007527,0.001786713,0.001616929,0.001428085,0.001313474,0.00120784,0.00118946,0.001181838,0.001249708,0.001311106,0.00142344,0.001505433,0.001605635,0.001643811,0.001676898,0.001630361,0.001574905,0.001449769,0.001325488,0.001154873,0.001003252,0.0008209571,0.0006711306,0.0004958856,0.0003539979,0.0001896628,5.437116e-05,-0.0001002035,-0.0002273355,-0.0003705365,-0.0004858955,-0.0006137342,-0.0007140905,-0.0008240444,-0.0009091611,-0.0009999655,-0.001060899,-0.001100721,-0.001064459,-0.0009202228,-0.0006127678,-0.0002477642,-6.413315e-05,-5.769299e-05,NaN,NaN,NaN,NaN,NaN,NaN,NaN,NaN,NaN,NaN,NaN,NaN,NaN,NaN,NaN,NaN
NaN,NaN,NaN,NaN,NaN,NaN,NaN,NaN,NaN,NaN,NaN,NaN,NaN,NaN,NaN,NaN,NaN,8.583115e-05,0.0003863278,0.002256143,0.004235927,0.005699368,0.006480197,0.006890471,0.006908458,0.006843061,0.006637137,0.006536839,0.006425751,0.006477167,0.006542122,0.006729235,0.006876491,0.007069637,0.007147938,0.007218226,0.007142688,0.007045108,0.006819095,0.006584594,0.006253287,0.005945055,0.005567116,0.005239494,0.004862464,0.004539546,0.004175979,0.003855906,0.003492964,0.003175121,0.002828205,0.002556512,0.002300472,0.002157686,0.002062604,0.002084408,0.002140453,0.00228353,0.002428203,0.002610945,0.002745419,0.002863923,0.002888181,0.00286886,0.002747541,0.002587653,0.002354081,0.002108273,0.001824336,0.001556872,0.001270834,0.001013107,0.0007436574,0.0004992855,0.0002472119,1.576491e-05,-0.0002190903,-0.0004346849,-0.000649205,-0.0008459961,-0.00103759,-0.001215888,-0.001387565,-0.001551848,-0.00169843,-0.001817343,-0.001855215,-0.001768478,-0.001451666,-0.0008572411,-0.0001890886,-6.701238e-05,NaN,NaN,NaN,NaN,NaN,NaN,NaN,NaN,NaN,NaN,NaN,NaN,NaN,NaN,NaN,NaN
NaN,NaN,NaN,NaN,NaN,NaN,NaN,NaN,NaN,NaN,NaN,NaN,NaN,NaN,NaN,NaN,0.0001174478,9.728154e-05,0.001708428,0.004689253,0.006958496,0.008426878,0.009276321,0.009591409,0.009597219,0.009379531,0.009154527,0.008926211,0.0088512,0.008857707,0.009024292,0.009237102,0.009524102,0.009749621,0.00995544,0.0100134,0.01000644,0.009840664,0.009612717,0.009258554,0.008877796,0.00840857,0.007960117,0.007454504,0.006995754,0.006499317,0.006045626,0.005553932,0.005096656,0.004600198,0.004160577,0.003721711,0.003395797,0.003133798,0.003025365,0.002994783,0.003102656,0.003253933,0.003493531,0.003716063,0.00395159,0.004092619,0.004184379,0.004135769,0.004022438,0.003780756,0.003499832,0.003136324,0.002778718,0.002377442,0.00201534,0.00162596,0.001283425,0.0009181103,0.0005962949,0.0002539374,-4.599145e-05,-0.0003650771,-0.0006419838,-0.0009378206,-0.001193205,-0.001469255,-0.001710197,-0.001974251,-0.002198864,-0.002418537,-0.002536358,-0.002542317,-0.002289846,-0.001733505,-0.0007073951,-7.592438e-05,-0.0001016512,NaN,NaN,NaN,NaN,NaN,NaN,NaN,NaN,NaN,NaN,NaN,NaN,NaN,NaN,NaN
NaN,NaN,NaN,NaN,NaN,NaN,NaN,NaN,NaN,NaN,NaN,NaN,NaN,NaN,NaN,NaN,7.668958e-05,0.0004793465,0.00386149,0.007115383,0.009362862,0.01091782,0.01171199,0.01204296,0.01193121,0.01169703,0.01133637,0.01112283,0.01096613,0.01104756,0.0112163,0.01155851,0.01189185,0.01226968,0.01250282,0.01268448,0.0126564,0.01254736,0.01224868,0.01188884,0.01138785,0.01087997,0.01027433,0.009712975,0.009088541,0.008520468,0.007904509,0.00732986,0.006701535,0.006118146,0.005500057,0.00497987,0.004500403,0.004191128,0.003986049,0.003971457,0.004049175,0.004277016,0.004539502,0.004869121,0.005140173,0.005378259,0.005471624,0.005474275,0.005309371,0.005058451,0.004680746,0.004264269,0.00378178,0.003313605,0.002818872,0.002363734,0.001896967,0.001469224,0.001035161,0.00063501,0.0002311195,-0.0001430203,-0.0005211214,-0.0008755659,-0.001234566,-0.00157747,-0.001926917,-0.002268267,-0.002604215,-0.002907454,-0.003130255,-0.003211727,-0.003049627,-0.002567655,-0.001582942,-0.0002516909,-9.505578e-05,NaN,NaN,NaN,NaN,NaN,NaN,NaN,NaN,NaN,NaN,NaN,NaN,NaN,NaN,NaN
NaN,NaN,NaN,NaN,NaN,NaN,NaN,NaN,NaN,NaN,NaN,NaN,NaN,NaN,NaN,NaN,0.0001179999,0.001832166,0.006111689,0.009132423,0.01154463,0.01293697,0.01384063,0.01401655,0.01396851,0.01356122,0.01325848,0.01289608,0.01283353,0.01284591,0.01315612,0.01350491,0.01401779,0.01442119,0.01483906,0.0150194,0.01513051,0.0149827,0.01475238,0.0143107,0.01382713,0.01318912,0.01257519,0.01185634,0.0111994,0.01047421,0.009801799,0.009067627,0.008370245,0.007611261,0.006919052,0.006225827,0.005682293,0.005241923,0.005017546,0.004936363,0.005059086,0.00528493,0.005641434,0.006008506,0.0063849,0.006652965,0.006823197,0.006812667,0.006669421,0.006356902,0.005945645,0.005432015,0.004885945,0.004303481,0.003739194,0.003172894,0.002638033,0.002113159,0.001613777,0.001129259,0.0006614754,0.0002086157,-0.0002404828,-0.0006764848,-0.00112207,-0.001552736,-0.002006056,-0.002436928,-0.002889782,-0.003272166,-0.003613361,-0.003752457,-0.003707306,-0.003260455,-0.0024402,-0.000872408,-9.736254e-05,NaN,NaN,NaN,NaN,NaN,NaN,NaN,NaN,NaN,NaN,NaN,NaN,NaN,NaN,NaN
NaN,NaN,NaN,NaN,NaN,NaN,NaN,NaN,NaN,NaN,NaN,NaN,NaN,NaN,NaN,NaN,0.0001783543,0.00369273,0.007960135,0.01090017,0.01319231,0.014581,0.01540463,0.01559907,0.01546572,0.01507988,0.0146787,0.01435996,0.01423487,0.01433288,0.01465016,0.01513384,0.01570011,0.01627573,0.01674619,0.01709332,0.01722933,0.01719701,0.01695269,0.01656915,0.0160211,0.0154061,0.01468196,0.01396027,0.01317402,0.01241734,0.01160899,0.01082138,0.009969169,0.009145916,0.008282804,0.007524006,0.006828068,0.006348809,0.006022989,0.005961809,0.006046717,0.006353562,0.006726304,0.007205979,0.007612023,0.00798516,0.008153784,0.008208205,0.00801535,0.007712357,0.007210075,0.006664686,0.005999938,0.005372493,0.004681252,0.004072376,0.003419951,0.002857986,0.002254283,0.001737643,0.001170899,0.0006825378,0.000126881,-0.0003604745,-0.0009280997,-0.001428946,-0.002016318,-0.002528001,-0.003113822,-0.003570266,-0.004027965,-0.004221147,-0.004280863,-0.003881212,-0.003202111,-0.001681678,-0.000143779,NaN,NaN,NaN,NaN,NaN,NaN,NaN,NaN,NaN,NaN,NaN,NaN,NaN,NaN,NaN
NaN,NaN,NaN,NaN,NaN,NaN,NaN,NaN,NaN,NaN,NaN,NaN,NaN,NaN,NaN,0.0001232496,0.0008054103,0.005395357,0.009481182,0.0121948,0.014387,0.01564118,0.01646847,0.01658958,0.01650377,0.0160431,0.01569559,0.01530653,0.0152561,0.01532586,0.01576175,0.01627049,0.01700253,0.01763682,0.01829545,0.01870476,0.01901095,0.01901215,0.01889533,0.01849763,0.01803057,0.01735692,0.01667211,0.01586027,0.01508104,0.01421088,0.01338479,0.01246145,0.01156809,0.01058982,0.009668552,0.008755574,0.008013748,0.007413488,0.007091903,0.006965925,0.007114745,0.007420049,0.007896244,0.008408375,0.008925163,0.009310929,0.009566195,0.009588166,0.009430511,0.009056623,0.008537988,0.007892619,0.007188398,0.006443791,0.005713237,0.004990705,0.004304323,0.00364437,0.003011686,0.002407453,0.001810179,0.001227777,0.0006239456,2.142563e-05,-0.0006202759,-0.0012557,-0.001933629,-0.002583185,-0.003253989,-0.003828373,-0.004344661,-0.004624579,-0.004733115,-0.004414859,-0.003812972,-0.002437345,-0.0004706597,-0.0001501722,NaN,NaN,NaN,NaN,NaN,NaN,NaN,NaN,NaN,NaN,NaN,NaN,NaN,NaN
NaN,NaN,NaN,NaN,NaN,NaN,NaN,NaN,NaN,NaN,NaN,NaN,NaN,NaN,NaN,0.0001628318,0.002190164,0.007055482,0.01040728,0.01314034,0.01487692,0.01622859,0.01681133,0.01710636,0.01686646,0.01657822,0.01609902,0.01585868,0.0157024,0.01593037,0.01630545,0.01700913,0.0177338,0.01859561,0.01929308,0.01993461,0.02028839,0.02050225,0.02039624,0.02017253,0.01967515,0.01911655,0.01837646,0.01762624,0.01676113,0.01592374,0.01497535,0.01405608,0.013019,0.01200678,0.0109404,0.009982295,0.009117233,0.008512218,0.008114564,0.008042851,0.00818015,0.008578128,0.00909447,0.00970596,0.010257,0.01072542,0.0109685,0.01103196,0.01082424,0.01043445,0.009843102,0.00914559,0.008349851,0.007549065,0.006723701,0.005950737,0.005187308,0.004479819,0.003789818,0.003134906,0.002481805,0.001827571,0.001147466,0.00043514,-0.0003054581,-0.001082664,-0.001862447,-0.002661127,-0.003404673,-0.004105509,-0.004637785,-0.005026005,-0.005103627,-0.004936098,-0.004295691,-0.003214863,-0.001234008,-0.0001640625,NaN,NaN,NaN,NaN,NaN,NaN,NaN,NaN,NaN,NaN,NaN,NaN,NaN,NaN
NaN,NaN,NaN,NaN,NaN,NaN,NaN,NaN,NaN,NaN,NaN,NaN,NaN,NaN,NaN,0.0001556103,0.003514205,0.008226637,0.01100659,0.01341831,0.01488491,0.01608527,0.01663295,0.01691092,0.01674596,0.01645994,0.01606655,0.01580859,0.01573344,0.01595043,0.01642821,0.01715502,0.01803117,0.01896074,0.01985838,0.02060118,0.02117093,0.0214799,0.02157034,0.02140188,0.02106081,0.02051407,0.01988189,0.01910451,0.01830562,0.01739829,0.01648143,0.01545193,0.01441028,0.01326347,0.01217341,0.01108988,0.01022955,0.009544305,0.009213286,0.009115655,0.009369509,0.009786994,0.01043459,0.01106902,0.01172914,0.01217428,0.01248684,0.01247476,0.01228909,0.01179401,0.01118659,0.01036813,0.009547647,0.008618339,0.007779615,0.006887843,0.006122312,0.00531456,0.004627235,0.003875347,0.003212243,0.002434208,0.001707748,0.0008315445,9.442047e-06,-0.0009526351,-0.001819313,-0.00278866,-0.003582396,-0.004402815,-0.004923319,-0.005387235,-0.005420231,-0.005357241,-0.004689929,-0.003859313,-0.001867287,-0.0001528565,NaN,NaN,NaN,NaN,NaN,NaN,NaN,NaN,NaN,NaN,NaN,NaN,NaN,NaN
NaN,NaN,NaN,NaN,NaN,NaN,NaN,NaN,NaN,NaN,NaN,NaN,NaN,NaN,NaN,0.0003775546,0.004600537,0.00897391,0.01108531,0.01316998,0.01423538,0.01537133,0.01577995,0.01617041,0.01597858,0.01586115,0.01542334,0.01532298,0.01518571,0.01552999,0.01597913,0.01684173,0.0177369,0.0188693,0.01982539,0.02083229,0.02149567,0.02205641,0.02225513,0.02229158,0.0220194,0.02165375,0.02102167,0.02039111,0.01955526,0.01872273,0.01774871,0.01673345,0.0155891,0.01444294,0.01322527,0.01216343,0.01123023,0.01061292,0.01028751,0.01030911,0.01060717,0.01117322,0.01185996,0.01261494,0.01327206,0.01377022,0.01402559,0.01401186,0.01372495,0.01319726,0.01247027,0.01160518,0.01066791,0.009696679,0.008755315,0.007836299,0.006989147,0.006164277,0.005406932,0.004627921,0.003875358,0.003027506,0.002166397,0.001170093,0.0001829069,-0.0009185881,-0.001937871,-0.003019523,-0.003903995,-0.004769718,-0.005298239,-0.005751621,-0.005768988,-0.005711786,-0.005074607,-0.004391086,-0.002461073,-0.0002853562,NaN,NaN,NaN,NaN,NaN,NaN,NaN,NaN,NaN,NaN,NaN,NaN,NaN,NaN
NaN,NaN,NaN,NaN,NaN,NaN,NaN,NaN,NaN,NaN,NaN,NaN,NaN,NaN,0.000231475,0.001399672,0.005837491,0.009024413,0.01088967,0.01218658,0.01319197,0.01393913,0.01449314,0.01475767,0.01480171,0.01461065,0.01441615,0.01421033,0.01427253,0.01452533,0.01512979,0.01595174,0.0170311,0.01816668,0.0193974,0.0204534,0.02143083,0.02209808,0.02256631,0.02272093,0.02268445,0.02236636,0.02196145,0.02131013,0.02063474,0.01977089,0.01885728,0.01778421,0.01666208,0.01540322,0.01423121,0.01308456,0.01224449,0.01165076,0.01146972,0.01157882,0.01205272,0.01269521,0.01353217,0.01430293,0.01502204,0.01546589,0.01570182,0.01558095,0.01523529,0.01457716,0.01377994,0.01279002,0.01178909,0.01071326,0.009726168,0.008729288,0.007851177,0.006968862,0.006176039,0.00532939,0.004497332,0.003535789,0.002528296,0.001377663,0.0002087993,-0.001039901,-0.00222444,-0.00338572,-0.004369121,-0.005204298,-0.005753793,-0.006099147,-0.006129195,-0.005969006,-0.005448115,-0.004699948,-0.003166178,-0.000962994,-0.000249997,NaN,NaN,NaN,NaN,NaN,NaN,NaN,NaN,NaN,NaN,NaN,NaN,NaN
NaN,NaN,NaN,NaN,NaN,NaN,NaN,NaN,NaN,NaN,NaN,NaN,NaN,NaN,0.000200694,0.0025478,0.006657971,0.008771924,0.0101029,0.01085172,0.01154522,0.01213379,0.01264011,0.01296602,0.01306344,0.01301319,0.01284685,0.01277248,0.01281964,0.0131675,0.01375736,0.01467886,0.0157811,0.01709123,0.01839978,0.01971471,0.02082488,0.02177526,0.02239898,0.02281819,0.02290813,0.0228307,0.02249426,0.02204217,0.02138405,0.02064772,0.01970303,0.01869087,0.01748667,0.01627532,0.01503003,0.01399352,0.01317751,0.01279005,0.01271262,0.01307049,0.01365153,0.01450285,0.01538174,0.01625576,0.01690068,0.0173545,0.01742221,0.01725595,0.01671803,0.01598647,0.01501303,0.01396171,0.01280083,0.01170193,0.0105773,0.009585299,0.008598275,0.007723629,0.006820221,0.00594844,0.004949526,0.003896657,0.002657496,0.001373331,-3.990446e-05,-0.001399192,-0.002778656,-0.003967605,-0.005041319,-0.005785604,-0.00633178,-0.006512466,-0.006529554,-0.006232429,-0.005800433,-0.004966703,-0.003835027,-0.001691722,-0.0002378623,NaN,NaN,NaN,NaN,NaN,NaN,NaN,NaN,NaN,NaN,NaN,NaN,NaN
NaN,NaN,NaN,NaN,NaN,NaN,NaN,NaN,NaN,NaN,NaN,NaN,NaN,NaN,0.0002356243,0.003025596,0.007170672,0.008069548,0.009037838,0.009054222,0.009668631,0.009912417,0.01056328,0.01075002,0.01108603,0.01096564,0.01102352,0.01087833,0.01109921,0.01135828,0.01210105,0.01295007,0.01423664,0.01554541,0.01709951,0.01850312,0.01991329,0.02099218,0.02194566,0.02248358,0.02288079,0.02291388,0.02281535,0.02244658,0.0219684,0.0212339,0.020421,0.0193389,0.01820795,0.01694366,0.01578827,0.01480945,0.01421282,0.01398606,0.01421872,0.0147488,0.01559252,0.01656106,0.01755366,0.01841482,0.01904061,0.01933763,0.01931842,0.01893636,0.01827135,0.0173503,0.01624587,0.01504327,0.01379427,0.01257108,0.01140474,0.01032177,0.009303043,0.008355009,0.007383869,0.00639517,0.005252164,0.004005677,0.002559561,0.001064015,-0.0005510304,-0.002062167,-0.003568602,-0.004788895,-0.005872782,-0.006504215,-0.006978662,-0.006965759,-0.006936714,-0.006450354,-0.006099994,-0.005157919,-0.004362708,-0.002031698,-0.0002291967,NaN,NaN,NaN,NaN,NaN,NaN,NaN,NaN,NaN,NaN,NaN,NaN,NaN
NaN,NaN,NaN,NaN,NaN,NaN,NaN,NaN,NaN,NaN,NaN,NaN,NaN,NaN,0.0002345638,0.003617653,0.007048153,0.007313743,0.007531722,0.007251223,0.007493258,0.007725556,0.008210762,0.008527071,0.00878159,0.008835602,0.008835694,0.008849498,0.009003319,0.00939299,0.01006623,0.01105745,0.01231113,0.01382037,0.01541822,0.01708669,0.01861115,0.02000099,0.02109171,0.02195613,0.02248191,0.02280996,0.02282094,0.02268499,0.02226165,0.021699,0.02085828,0.0198903,0.01870158,0.01755324,0.01643481,0.01569893,0.01529995,0.01544285,0.01592289,0.01680642,0.01781624,0.01899182,0.01998329,0.02085601,0.0213173,0.02149612,0.02122557,0.02068699,0.01975834,0.01869627,0.01736801,0.01605968,0.01464303,0.01336059,0.01206914,0.0109616,0.009833054,0.008845309,0.007726145,0.006615909,0.005240144,0.003789937,0.002071913,0.0003753784,-0.001452222,-0.003084074,-0.004679857,-0.005885259,-0.006907976,-0.007401077,-0.007714781,-0.007528445,-0.007355857,-0.006737259,-0.006347279,-0.005402125,-0.004738324,-0.002422026,-0.0002316201,NaN,NaN,NaN,NaN,NaN,NaN,NaN,NaN,NaN,NaN,NaN,NaN,NaN
NaN,NaN,NaN,NaN,NaN,NaN,NaN,NaN,NaN,NaN,NaN,NaN,NaN,NaN,0.0007698519,0.004350955,0.006696593,0.006376947,0.00605497,0.005447839,0.005523347,0.005599027,0.006061342,0.006281654,0.006583354,0.00656371,0.006668401,0.006609948,0.006874396,0.007209137,0.007979061,0.008949817,0.01033979,0.01186642,0.01368437,0.01541943,0.01721895,0.01874216,0.02011661,0.02114843,0.02196668,0.02242473,0.0227283,0.02266526,0.02246323,0.02193404,0.02121097,0.02023413,0.01915958,0.01802878,0.01717913,0.01663955,0.01667447,0.01715199,0.01805684,0.0192036,0.02050222,0.02171255,0.02278093,0.02346634,0.02380418,0.02369816,0.02321836,0.02237055,0.02125938,0.01990791,0.01845205,0.01691902,0.01542205,0.01398134,0.0126509,0.0114121,0.01024969,0.009092653,0.00786812,0.006493932,0.004906527,0.003135598,0.001197954,-0.0007660445,-0.00271178,-0.00447858,-0.006047247,-0.007224844,-0.008062629,-0.008416563,-0.008468815,-0.008142055,-0.007724215,-0.007056938,-0.006502397,-0.005624968,-0.004957828,-0.002962682,-0.0006155226,NaN,NaN,NaN,NaN,NaN,NaN,NaN,NaN,NaN,NaN,NaN,NaN,NaN
NaN,NaN,NaN,NaN,NaN,NaN,NaN,NaN,NaN,NaN,NaN,NaN,NaN,0.000319444,0.002088801,0.005346495,0.006055606,0.005692238,0.00462952,0.004169855,0.003819532,0.004034908,0.004161349,0.004455208,0.004476867,0.004572567,0.004450098,0.00455809,0.004650192,0.005148298,0.005813106,0.006950084,0.008292008,0.01003997,0.01184135,0.01385566,0.01568938,0.01750356,0.0189849,0.02030702,0.0212507,0.02201979,0.02240177,0.02262708,0.02246013,0.02211246,0.02139677,0.02053579,0.01948431,0.01859538,0.01794491,0.01788225,0.01831808,0.01932293,0.02059019,0.02209357,0.02352376,0.0248188,0.02574816,0.02627712,0.02630494,0.025947,0.0251056,0.02400684,0.02258559,0.02101244,0.01933163,0.01764256,0.01597838,0.01445437,0.01299232,0.0116794,0.01037828,0.009065474,0.007610312,0.005955305,0.004054751,0.001967382,-0.0002212931,-0.002393279,-0.004431414,-0.006245526,-0.007713136,-0.008783787,-0.00935931,-0.00952934,-0.009273483,-0.008812369,-0.008099135,-0.007434885,-0.00661727,-0.005932314,-0.005021041,-0.003763691,-0.001660158,-0.0003495485,NaN,NaN,NaN,NaN,NaN,NaN,NaN,NaN,NaN,NaN,NaN,NaN
NaN,NaN,NaN,NaN,NaN,NaN,NaN,NaN,NaN,NaN,NaN,NaN,NaN,0.0002780814,0.002763259,0.005923733,0.005797735,0.005127868,0.003972915,0.003372069,0.003053668,0.003035825,0.003058078,0.003042382,0.002960773,0.002787443,0.002664152,0.002591747,0.002764048,0.003164121,0.003953595,0.00505288,0.006562559,0.00830084,0.01030624,0.01232956,0.01439078,0.01625357,0.01798909,0.01940114,0.02062327,0.02149439,0.02214738,0.02244271,0.02249313,0.02215259,0.02159602,0.02073732,0.01990826,0.01920937,0.01903086,0.01942429,0.02049606,0.02193659,0.02370369,0.02537599,0.02696715,0.02814331,0.02889447,0.02909155,0.02883544,0.02802806,0.02693629,0.02541954,0.02376407,0.02189885,0.02002737,0.01812716,0.01637284,0.01465963,0.01315757,0.01165071,0.01022944,0.008645281,0.006920024,0.004876025,0.002659579,0.0002159471,-0.002162539,-0.004501878,-0.006531348,-0.008314759,-0.009571065,-0.01044268,-0.01070219,-0.0106177,-0.01006801,-0.0094108,-0.008486372,-0.00770774,-0.006756531,-0.006128469,-0.005092419,-0.004336915,-0.002127721,-0.0003109195,NaN,NaN,NaN,NaN,NaN,NaN,NaN,NaN,NaN,NaN,NaN,NaN
NaN,NaN,NaN,NaN,NaN,NaN,NaN,NaN,NaN,NaN,NaN,NaN,NaN,0.0002931689,0.002842791,0.006533445,0.005835985,0.005339002,0.00408165,0.003730265,0.003208042,0.003150103,0.00272062,0.002516223,0.00196567,0.001672955,0.001218597,0.001161504,0.001150575,0.001661367,0.002374319,0.003642889,0.005120591,0.007048576,0.009024017,0.01122548,0.01326825,0.0153212,0.01707505,0.01871971,0.01999859,0.02112571,0.02184456,0.02236323,0.02243986,0.02226589,0.02170856,0.02105278,0.02037156,0.02013336,0.02042566,0.02152731,0.02315567,0.02517894,0.02721576,0.02911205,0.03059354,0.03162118,0.03198341,0.03184063,0.03110738,0.02994186,0.0284117,0.02660341,0.02458934,0.02252189,0.02038615,0.01835988,0.01641633,0.01461891,0.01293162,0.01129398,0.009593538,0.007725571,0.005587254,0.003165738,0.0005467448,-0.002141623,-0.004708974,-0.007058812,-0.00902616,-0.01059987,-0.01160573,-0.01213574,-0.01206249,-0.01167659,-0.01083838,-0.009981946,-0.008872742,-0.007985082,-0.006922983,-0.006313701,-0.005228919,-0.004740057,-0.00219175,-0.0003024252,NaN,NaN,NaN,NaN,NaN,NaN,NaN,NaN,NaN,NaN,NaN,NaN
NaN,NaN,NaN,NaN,NaN,NaN,NaN,NaN,NaN,NaN,NaN,NaN,NaN,0.000263796,0.003530003,0.00716611,0.006807978,0.006380937,0.005594881,0.005277492,0.004809663,0.004329075,0.003600248,0.002793182,0.00192813,0.001141114,0.000555283,0.0001960694,0.0002323525,0.000617764,0.001475894,0.002713994,0.004368638,0.00625,0.008384359,0.01049684,0.01266956,0.01465968,0.01655473,0.01819568,0.01967437,0.02081769,0.0217667,0.02228514,0.02253771,0.0223625,0.02196635,0.02142984,0.02116385,0.02136084,0.02243868,0.02416608,0.02649565,0.02890898,0.03118327,0.03303608,0.03436726,0.03493522,0.03496334,0.03423604,0.0330825,0.03145044,0.02952638,0.02734753,0.02509374,0.02270244,0.02045123,0.01819357,0.01615473,0.01418084,0.01234569,0.01043549,0.008456697,0.006135168,0.003595125,0.0007095748,-0.002209593,-0.005121972,-0.00769761,-0.009982342,-0.01170946,-0.01298135,-0.01360843,-0.01374068,-0.01329587,-0.01258283,-0.01149819,-0.01044021,-0.009184472,-0.008206803,-0.007076119,-0.006398387,-0.00541231,-0.004905877,-0.002389485,-0.0002643572,NaN,NaN,NaN,NaN,NaN,NaN,NaN,NaN,NaN,NaN,NaN,NaN
NaN,NaN,NaN,NaN,NaN,NaN,NaN,NaN,NaN,NaN,NaN,NaN,NaN,0.000735546,0.005099379,0.008504906,0.008726303,0.008887392,0.008509411,0.008485238,0.007725973,0.006933738,0.005530881,0.004205314,0.002692747,0.001574477,0.0005399698,0.0001112169,-6.615983e-05,0.0004182497,0.001230932,0.002625384,0.004255891,0.006274513,0.008291704,0.01049017,0.01250692,0.01455254,0.01635132,0.01808935,0.01953312,0.02083921,0.02176519,0.02244492,0.02266691,0.02264069,0.02230586,0.02211321,0.02224679,0.02320318,0.02498658,0.02753598,0.03034041,0.03309551,0.03532814,0.03701759,0.03787143,0.03799689,0.03740112,0.03618617,0.03446873,0.03244137,0.03005851,0.02761107,0.0250159,0.02245714,0.01997394,0.01761151,0.01537947,0.01328188,0.01116848,0.008990414,0.006547823,0.00380218,0.0007369609,-0.002492077,-0.005678731,-0.008609424,-0.0111103,-0.01310589,-0.01450743,-0.01533358,-0.01550514,-0.01518283,-0.0143874,-0.01332423,-0.01207269,-0.01080625,-0.009486131,-0.008390216,-0.007265038,-0.006503123,-0.005607197,-0.005048345,-0.002983745,-0.0006025354,NaN,NaN,NaN,NaN,NaN,NaN,NaN,NaN,NaN,NaN,NaN,NaN
NaN,NaN,NaN,NaN,NaN,NaN,NaN,NaN,NaN,NaN,NaN,NaN,NaN,0.002717315,0.007882723,0.01064955,0.01225249,0.01280951,0.01335962,0.0130487,0.01231566,0.01065269,0.008764915,0.006511876,0.004579007,0.002749236,0.001574229,0.0007374504,0.0006615047,0.0009831117,0.002009298,0.003326356,0.005141715,0.007003379,0.009103636,0.01105189,0.01308517,0.01488371,0.01672558,0.01829095,0.01984229,0.02105101,0.02210214,0.02270512,0.02306722,0.02300635,0.02299342,0.02307724,0.02394039,0.02563236,0.02829865,0.0314595,0.03469545,0.03738053,0.03952469,0.04061319,0.04096272,0.0404309,0.03917524,0.03740506,0.03522302,0.03264884,0.03003671,0.02716149,0.02438206,0.02161397,0.01896241,0.01645582,0.01409806,0.01172998,0.009385043,0.00675037,0.003854813,0.0005836663,-0.002896289,-0.006410405,-0.009644289,-0.01244546,-0.01465725,-0.01622802,-0.01715507,-0.01743818,-0.01711722,-0.0163272,-0.01520486,-0.01385196,-0.01247051,-0.01101295,-0.00974325,-0.008435783,-0.007488998,-0.006500762,-0.005875413,-0.005000126,-0.003997158,-0.001936227,NaN,NaN,NaN,NaN,NaN,NaN,NaN,NaN,NaN,NaN,NaN,NaN
NaN,NaN,NaN,NaN,NaN,NaN,NaN,NaN,NaN,NaN,NaN,NaN,0.0003727727,0.00406599,0.01091325,0.01448555,0.01718405,0.01876048,0.01965162,0.01933812,0.01798716,0.0156792,0.01281463,0.009941925,0.007191821,0.005000405,0.003359885,0.002466182,0.002214298,0.00268236,0.003657646,0.005144402,0.006841906,0.008744636,0.01059744,0.01246232,0.01419056,0.01590223,0.01748723,0.01903787,0.02042151,0.02168083,0.02260212,0.023288,0.02357719,0.02372098,0.02392782,0.0246277,0.02620003,0.0288439,0.03221212,0.03588253,0.03911376,0.04161272,0.04312959,0.04363987,0.04319933,0.04199083,0.04006946,0.03775264,0.03502417,0.03211844,0.02907416,0.0260114,0.0229701,0.02006698,0.01726776,0.01464174,0.01205173,0.00947902,0.006683805,0.003632044,0.0001812485,-0.003526876,-0.007322228,-0.01087795,-0.01397865,-0.01641297,-0.01814886,-0.01915952,-0.01950998,-0.01917182,-0.01839573,-0.01716313,-0.01575171,-0.01422516,-0.01269396,-0.01120069,-0.009887354,-0.008585096,-0.007639293,-0.006641774,-0.006095662,-0.0051499,-0.004727114,-0.002487964,-0.0004092171,NaN,NaN,NaN,NaN,NaN,NaN,NaN,NaN,NaN,NaN,NaN
NaN,NaN,NaN,NaN,NaN,NaN,NaN,NaN,NaN,NaN,NaN,NaN,0.0003868968,0.005010507,0.01505208,0.01977005,0.02416948,0.02626253,0.02756419,0.02674256,0.02474946,0.02137785,0.01781082,0.01395768,0.0107628,0.00795851,0.006203997,0.005037076,0.004922593,0.005315086,0.006478073,0.007864629,0.009620105,0.01124543,0.0130049,0.01446572,0.01603884,0.01738998,0.01884075,0.02014773,0.02149468,0.02252988,0.02352412,0.02401006,0.02445653,0.02471545,0.0253865,0.02675938,0.0292792,0.03264848,0.03673754,0.04034281,0.04338488,0.04522881,0.04592682,0.04563244,0.04442768,0.04236412,0.04000027,0.0369707,0.03389667,0.03058431,0.0272531,0.02394921,0.02079812,0.0176816,0.01485822,0.01198938,0.0092433,0.006273449,0.003098789,-0.0005161435,-0.004367285,-0.008437985,-0.01225299,-0.01565251,-0.01829319,-0.02020819,-0.02125691,-0.02165789,-0.02130349,-0.02046573,-0.0191612,-0.01763963,-0.01598869,-0.0143356,-0.01275802,-0.01127569,-0.009922148,-0.008735549,-0.007729376,-0.006806056,-0.006274329,-0.005376432,-0.005108657,-0.002315155,-0.0003872905,NaN,NaN,NaN,NaN,NaN,NaN,NaN,NaN,NaN,NaN,NaN
NaN,NaN,NaN,NaN,NaN,NaN,NaN,NaN,NaN,NaN,NaN,NaN,0.0003741153,0.007501919,0.02061385,0.02710462,0.03271269,0.03536789,0.03641121,0.03496706,0.03190184,0.02763961,0.02315009,0.0186132,0.01484242,0.0118054,0.009758566,0.008704359,0.008517557,0.009091256,0.01022211,0.01163455,0.01316861,0.01465978,0.01597025,0.01723042,0.01833781,0.01946832,0.0205899,0.02174454,0.02282947,0.02383029,0.02458096,0.025146,0.02557358,0.02621137,0.02741301,0.02965892,0.03297747,0.03710123,0.0412094,0.0446429,0.04687443,0.04783266,0.04758584,0.04633428,0.0442464,0.04160077,0.03849009,0.03512433,0.03158126,0.02798999,0.02441786,0.0209556,0.01762034,0.0144852,0.01143973,0.008470402,0.005389294,0.002072049,-0.001592329,-0.005601306,-0.009805462,-0.01387192,-0.01748534,-0.0203613,-0.02237385,-0.02349497,-0.02387516,-0.02349662,-0.0225619,-0.02120979,-0.01951974,-0.01777441,-0.016003,-0.01428957,-0.01274254,-0.01128044,-0.009993436,-0.008849659,-0.007885754,-0.007047977,-0.006454253,-0.005748942,-0.005303089,-0.002408926,-0.0003336386,NaN,NaN,NaN,NaN,NaN,NaN,NaN,NaN,NaN,NaN,NaN
NaN,NaN,NaN,NaN,NaN,NaN,NaN,NaN,NaN,NaN,NaN,NaN,0.0009217477,0.01317406,0.02811937,0.03634337,0.04275947,0.04531062,0.04593386,0.04303452,0.03929621,0.03381133,0.02871456,0.02351231,0.01951298,0.01614168,0.01425656,0.01309195,0.01319556,0.01371684,0.01497083,0.01616334,0.01756105,0.01859123,0.01963357,0.02036582,0.02120453,0.02188653,0.02283702,0.02362492,0.02460986,0.02535181,0.02602253,0.02654276,0.02719457,0.02818929,0.03024056,0.03320229,0.03733307,0.04166845,0.04542605,0.04809834,0.04924323,0.04898566,0.04781222,0.04545406,0.04269007,0.03938567,0.03572514,0.03199733,0.02812772,0.0242433,0.02056189,0.01689688,0.01352097,0.01026126,0.007096636,0.003900108,0.0005225151,-0.003195817,-0.007229701,-0.01150567,-0.01571523,-0.01948897,-0.02252012,-0.02462975,-0.02577804,-0.02609097,-0.02565288,-0.02460111,-0.02314518,-0.02131858,-0.01947168,-0.01753935,-0.01576495,-0.01408708,-0.01258654,-0.01117742,-0.01004114,-0.008862878,-0.008084522,-0.00721197,-0.006715343,-0.006026437,-0.00552797,-0.003115589,-0.0005549997,NaN,NaN,NaN,NaN,NaN,NaN,NaN,NaN,NaN,NaN,NaN
NaN,NaN,NaN,NaN,NaN,NaN,NaN,NaN,NaN,NaN,NaN,NaN,0.005425968,0.02268359,0.03723601,0.04751451,0.0534951,0.05586746,0.05478277,0.05112771,0.04584555,0.03993139,0.03388898,0.02872887,0.02426516,0.02121769,0.01920585,0.01847052,0.01848643,0.01932588,0.02025801,0.02148358,0.02230212,0.02310486,0.02352839,0.02397235,0.02425194,0.02479782,0.02522392,0.02599808,0.02655144,0.02726107,0.02772036,0.02839063,0.02921469,0.03097536,0.0335764,0.03752245,0.04179532,0.04595559,0.04883512,0.0502085,0.04994144,0.04860447,0.0460317,0.0431376,0.03949513,0.03572981,0.0316688,0.02757696,0.02338333,0.01945038,0.01543716,0.01187431,0.008299065,0.005021971,0.001661536,-0.00171049,-0.005469589,-0.009381818,-0.01370621,-0.01785275,-0.02176479,-0.02480076,-0.0270301,-0.02807499,-0.02836432,-0.02775161,-0.02661499,-0.02496114,-0.02309664,-0.02099189,-0.01905043,-0.01706311,-0.01536123,-0.01373764,-0.01234789,-0.01106668,-0.009973977,-0.009000411,-0.008174735,-0.007504839,-0.006917371,-0.006469888,-0.005674683,-0.004723235,-0.002279389,NaN,NaN,NaN,NaN,NaN,NaN,NaN,NaN,NaN,NaN,NaN
NaN,NaN,NaN,NaN,NaN,NaN,NaN,NaN,NaN,NaN,NaN,0.000393391,0.01039335,0.03342083,0.0487859,0.05947905,0.06471937,0.06566829,0.0629166,0.05814937,0.05172843,0.04522229,0.0390147,0.03362824,0.02943918,0.02653472,0.02487566,0.02433984,0.02457593,0.02533638,0.02619458,0.02697981,0.0274575,0.02769969,0.02771602,0.02766394,0.0276481,0.02780482,0.02801833,0.02849879,0.0288822,0.02936018,0.02988051,0.03060817,0.03196738,0.03434734,0.03766397,0.04201663,0.04607238,0.04927323,0.05081106,0.05052946,0.04886819,0.04623185,0.04273827,0.03906098,0.0348671,0.03065631,0.02624228,0.02188462,0.01752605,0.01341034,0.009394178,0.005719382,0.002118913,-0.001237001,-0.00477875,-0.008321574,-0.01226931,-0.01629964,-0.02045448,-0.02418256,-0.02730973,-0.02937376,-0.03046824,-0.03048315,-0.02982838,-0.02837339,-0.02670585,-0.02454867,-0.02243663,-0.02024473,-0.01822664,-0.01631642,-0.01473429,-0.01314412,-0.01198224,-0.01073864,-0.009820919,-0.008923024,-0.008225779,-0.007581004,-0.007140714,-0.00667272,-0.006098911,-0.005688062,-0.003008016,-0.0004902955,NaN,NaN,NaN,NaN,NaN,NaN,NaN,NaN,NaN,NaN
NaN,NaN,NaN,NaN,NaN,NaN,NaN,NaN,NaN,NaN,NaN,0.0006159854,0.01473972,0.04600289,0.06146749,0.07238773,0.07473592,0.07450557,0.06952524,0.06383211,0.05647108,0.04998906,0.04352506,0.03864209,0.03456041,0.03235555,0.03077942,0.03082075,0.03089565,0.03175868,0.03217886,0.0326388,0.03248719,0.0324214,0.03172958,0.03158452,0.0310095,0.03103881,0.03096837,0.0312253,0.03136947,0.03191359,0.03222745,0.03357618,0.0352392,0.03835795,0.0421347,0.04620519,0.04936804,0.05118164,0.0505886,0.04900962,0.04567274,0.04204194,0.03779071,0.03342086,0.02875404,0.02430033,0.01944369,0.01508204,0.01046308,0.006391385,0.002253497,-0.001333575,-0.005064758,-0.008391494,-0.0120945,-0.01565074,-0.01964287,-0.02334714,-0.02708241,-0.02982117,-0.03197552,-0.03269934,-0.03273855,-0.03164429,-0.03020232,-0.02808519,-0.02598335,-0.02348709,-0.02134724,-0.01899064,-0.01718627,-0.01526882,-0.01386812,-0.01240648,-0.0113611,-0.01021231,-0.009502789,-0.008565485,-0.008129583,-0.007463126,-0.007181445,-0.006781846,-0.006469882,-0.005968579,-0.002712312,-0.0005170972,NaN,NaN,NaN,NaN,NaN,NaN,NaN,NaN,NaN,NaN
NaN,NaN,NaN,NaN,NaN,NaN,NaN,NaN,NaN,NaN,NaN,0.0006790987,0.02338496,0.06113165,0.07506464,0.08424302,0.0836833,0.08133081,0.07456212,0.06799836,0.06027206,0.05404013,0.04768169,0.04359221,0.03988926,0.038243,0.03715238,0.03726632,0.03745294,0.0380872,0.03802533,0.03812291,0.03738086,0.03677742,0.03587148,0.03518449,0.03454193,0.03431309,0.03401911,0.03417692,0.03419846,0.03463465,0.03534131,0.03686056,0.03922661,0.04265165,0.0462567,0.04954335,0.05110339,0.05080766,0.04858844,0.0450587,0.04070052,0.03610741,0.03116773,0.02640037,0.02143094,0.01660273,0.01174481,0.007115209,0.002568333,-0.001577343,-0.005604749,-0.00924095,-0.01283751,-0.01624631,-0.01981595,-0.0232855,-0.02686363,-0.03001836,-0.03269199,-0.03436312,-0.03508595,-0.03464003,-0.03352119,-0.0315798,-0.02942974,-0.02691305,-0.02443022,-0.02190621,-0.01963698,-0.01742694,-0.01564534,-0.01389873,-0.01256558,-0.01127081,-0.01028546,-0.00932555,-0.008631648,-0.0079153,-0.007470537,-0.0069942,-0.006772584,-0.006571152,-0.006414742,-0.006117104,-0.002891622,-0.0004121789,NaN,NaN,NaN,NaN,NaN,NaN,NaN,NaN,NaN,NaN
NaN,NaN,NaN,NaN,NaN,NaN,NaN,NaN,NaN,NaN,NaN,0.003476283,0.04279617,0.07721068,0.08912536,0.09406088,0.09079115,0.08600986,0.07772812,0.0711481,0.06307171,0.05751291,0.05169977,0.0483601,0.04528031,0.04432873,0.0434131,0.04383888,0.04370586,0.04407961,0.04349592,0.04307796,0.04183625,0.04093037,0.03962393,0.03884109,0.0379611,0.03764778,0.03718714,0.03728935,0.03722949,0.03781801,0.03880244,0.0407052,0.0434109,0.046698,0.04944433,0.05114444,0.0505564,0.04812995,0.04411407,0.03916802,0.03393357,0.02860499,0.02329575,0.01814255,0.01297922,0.007966416,0.003069435,-0.001621814,-0.006041207,-0.01017395,-0.0139952,-0.01758589,-0.02096012,-0.02427606,-0.02746705,-0.03056703,-0.0333322,-0.03553687,-0.03689102,-0.03726087,-0.03654281,-0.03510214,-0.03286592,-0.03042351,-0.02766534,-0.02494683,-0.02226077,-0.01980012,-0.01742483,-0.01551085,-0.01356696,-0.01215915,-0.01070247,-0.00967986,-0.008610951,-0.007950358,-0.007082318,-0.006780125,-0.00606923,-0.006077599,-0.005623508,-0.00599954,-0.005758821,-0.006362558,-0.004277259,-0.001161456,NaN,NaN,NaN,NaN,NaN,NaN,NaN,NaN,NaN,NaN
NaN,NaN,NaN,NaN,NaN,NaN,NaN,NaN,NaN,NaN,0.0004010369,0.02125043,0.07018407,0.09247784,0.1027716,0.1009155,0.09607383,0.08779225,0.08035941,0.07227992,0.06604058,0.06005447,0.05615465,0.05261951,0.05117769,0.04988258,0.04990356,0.04964753,0.04981583,0.04911139,0.04868285,0.04710928,0.04613754,0.04442625,0.04338175,0.04215178,0.04155543,0.04073555,0.04075322,0.04023616,0.04078443,0.04115212,0.04268244,0.04462837,0.0473889,0.04951152,0.0511472,0.05004375,0.04764526,0.04284313,0.03753169,0.03145751,0.02577818,0.01976177,0.01452516,0.008804793,0.003868971,-0.001478502,-0.006052509,-0.0109007,-0.01486695,-0.01906471,-0.02237911,-0.02593935,-0.02876284,-0.03188187,-0.03424866,-0.03679845,-0.0382065,-0.03941219,-0.03908281,-0.03832499,-0.03623823,-0.03398858,-0.03094719,-0.02820719,-0.02495428,-0.02235702,-0.01935624,-0.01712829,-0.01465582,-0.01288935,-0.01096083,-0.009695134,-0.008183059,-0.00736344,-0.006192776,-0.005678369,-0.004838778,-0.004541708,-0.004010591,-0.004018418,-0.003829018,-0.004331251,-0.004693908,-0.005581841,-0.006229539,-0.004098662,-0.0006559829,NaN,NaN,NaN,NaN,NaN,NaN,NaN,NaN,NaN
NaN,NaN,NaN,NaN,NaN,NaN,NaN,NaN,NaN,NaN,0.001021458,0.03478185,0.0942743,0.1082163,0.1130124,0.1051762,0.09861694,0.08824856,0.08146086,0.07312083,0.06834935,0.06285161,0.060133,0.05732233,0.05656794,0.05537857,0.05575883,0.05485013,0.0549745,0.05361615,0.05274263,0.05092931,0.04963554,0.04771039,0.04683946,0.0452734,0.04493655,0.04401894,0.04397202,0.04367566,0.04422476,0.04473078,0.04654825,0.0479705,0.05011138,0.05057492,0.04981532,0.04652082,0.04179705,0.03538261,0.02919714,0.02230317,0.01640133,0.01014766,0.004761872,-0.0009541165,-0.005852454,-0.01112112,-0.01545672,-0.02006788,-0.02370069,-0.02754213,-0.03040206,-0.03356433,-0.0357324,-0.03823681,-0.03965072,-0.04111517,-0.0412343,-0.04104016,-0.03935001,-0.03747594,-0.03435108,-0.0315696,-0.02795975,-0.02503759,-0.02160617,-0.01897124,-0.01595227,-0.01382971,-0.01129095,-0.009711654,-0.007662008,-0.006547559,-0.004933005,-0.004220576,-0.002950385,-0.002581094,-0.001582696,-0.001525094,-0.0008050421,-0.00113338,-0.0008515686,-0.001835574,-0.002336166,-0.004295496,-0.00549194,-0.003551329,-0.0006785598,NaN,NaN,NaN,NaN,NaN,NaN,NaN,NaN,NaN
NaN,NaN,NaN,NaN,NaN,NaN,NaN,NaN,NaN,NaN,0.001803072,0.05472906,0.1180978,0.1206254,0.1200208,0.1062816,0.09928403,0.08732882,0.08194401,0.07374361,0.07067051,0.06534391,0.06449234,0.06132535,0.06194715,0.06013919,0.06088307,0.05928739,0.05927164,0.05701771,0.05637408,0.05367106,0.05288907,0.05053687,0.0499637,0.04831342,0.04818128,0.04701591,0.04740172,0.04670682,0.04771099,0.04792824,0.04951691,0.05005249,0.05065674,0.04872932,0.04575714,0.03986452,0.03366699,0.02608087,0.01935208,0.01223661,0.006287111,-3.258196e-05,-0.005251905,-0.01092204,-0.01556337,-0.02056819,-0.0244987,-0.02871349,-0.03178608,-0.03511106,-0.03733159,-0.03976843,-0.0411557,-0.04265193,-0.04295738,-0.04315783,-0.04191351,-0.04045679,-0.03763044,-0.03483234,-0.03113957,-0.02786378,-0.0240913,-0.02100174,-0.01755998,-0.01489616,-0.01195905,-0.009778116,-0.007377366,-0.005688454,-0.003763686,-0.002506042,-0.001019094,-0.0001017533,0.0009973811,0.001626135,0.002404158,0.00275493,0.00315803,0.003158782,0.002923606,0.002270406,0.000827263,-0.000921814,-0.004230388,-0.002632853,-0.0007344771,NaN,NaN,NaN,NaN,NaN,NaN,NaN,NaN,NaN
NaN,NaN,NaN,NaN,NaN,NaN,NaN,NaN,NaN,NaN,0.0132066,0.09823207,0.1354746,0.1320334,0.1204215,0.1070694,0.09652875,0.08715721,0.0809871,0.07524935,0.07197551,0.06891666,0.06746931,0.066115,0.06571438,0.06481088,0.06442058,0.06311222,0.06196637,0.06019439,0.05845737,0.05661093,0.05499719,0.05344299,0.05235888,0.05131432,0.05067571,0.05015353,0.04985227,0.04982398,0.05000477,0.05034236,0.05051275,0.04991097,0.04785818,0.04399263,0.03811848,0.03109494,0.02328075,0.01574389,0.008431531,0.001865902,-0.004414667,-0.009998909,-0.0154927,-0.02029784,-0.0250461,-0.02905123,-0.03291142,-0.03597363,-0.03885851,-0.04089182,-0.04278991,-0.04379848,-0.04464116,-0.04452173,-0.04407947,-0.04252505,-0.04059476,-0.03757164,-0.0344375,-0.03056829,-0.02699131,-0.0230481,-0.01967782,-0.01607087,-0.01316217,-0.0100292,-0.007626615,-0.004989007,-0.003108998,-0.0009088141,0.0004868205,0.002293699,0.003297377,0.004759882,0.005410397,0.006636539,0.006908347,0.007916369,0.007768982,0.008389795,0.007567852,0.007508544,0.005221171,0.003905693,-0.001047694,-0.003142813,-0.002984869,NaN,NaN,NaN,NaN,NaN,NaN,NaN,NaN,NaN
NaN,NaN,NaN,NaN,NaN,NaN,NaN,NaN,NaN,0.0005710349,0.06166263,0.1495885,0.1464367,0.1391279,0.1165087,0.1063798,0.09237999,0.08739801,0.07921295,0.07762256,0.07254614,0.07274645,0.06966208,0.07041868,0.06826812,0.06877421,0.06636373,0.06630941,0.06329793,0.0626852,0.05970616,0.05891447,0.05642767,0.05598837,0.05393835,0.05400616,0.05233105,0.05263043,0.05139343,0.05174389,0.05068245,0.05071808,0.04858223,0.04662516,0.04150957,0.0360023,0.02789179,0.02038385,0.01170698,0.004735957,-0.002802418,-0.008534116,-0.01487045,-0.01958172,-0.02503865,-0.02885075,-0.03339731,-0.03629519,-0.03974951,-0.04160712,-0.04396367,-0.04465623,-0.04593044,-0.04548049,-0.04554569,-0.04391782,-0.04263468,-0.0396694,-0.03713014,-0.03304499,-0.0297376,-0.02524783,-0.02184042,-0.01756691,-0.01451121,-0.0106849,-0.008127965,-0.004786864,-0.002739873,0.0001117963,0.001685455,0.004076557,0.005250592,0.007258883,0.00807385,0.009797104,0.010292,0.01175423,0.01200604,0.01313743,0.01310062,0.01381811,0.01315647,0.01315042,0.01129942,0.009396756,0.005355281,-0.001521163,-0.00372043,-0.0006489086,NaN,NaN,NaN,NaN,NaN,NaN,NaN,NaN
NaN,NaN,NaN,NaN,NaN,NaN,NaN,NaN,NaN,0.005479131,0.1160389,0.1805332,0.15438,0.1373527,0.1122671,0.1026526,0.08936288,0.08621985,0.07876026,0.07851738,0.07401259,0.07503712,0.07185674,0.07315233,0.07016041,0.07091322,0.06764758,0.06760025,0.06420003,0.06373764,0.06051825,0.06017494,0.05737445,0.05733,0.05502243,0.05517019,0.05319674,0.05338217,0.05146591,0.05139221,0.04897576,0.04768591,0.04341661,0.03935089,0.0320389,0.02509218,0.01597865,0.008375133,-0.0001166944,-0.006568036,-0.01355651,-0.018643,-0.02438343,-0.02843171,-0.03312966,-0.03627367,-0.03988758,-0.04195941,-0.04442551,-0.04528869,-0.04654823,-0.0462663,-0.04627844,-0.04489487,-0.04370679,-0.04113405,-0.03880291,-0.03512043,-0.03182068,-0.02750625,-0.02376129,-0.01941012,-0.01583626,-0.01183882,-0.008714414,-0.005244259,-0.002575528,0.0003449176,0.002568404,0.004969939,0.006786735,0.008707246,0.0102063,0.0117298,0.01298493,0.0141906,0.01529936,0.01616842,0.01721031,0.01769104,0.01860164,0.01860577,0.01923522,0.01832797,0.01842839,0.01540413,0.01368842,0.005379567,0.0006360502,-0.001656039,NaN,NaN,NaN,NaN,NaN,NaN,NaN,NaN
NaN,NaN,NaN,NaN,NaN,NaN,NaN,NaN,0.0008277853,0.06532031,0.1891107,0.1853574,0.1604207,0.1255743,0.1106656,0.09463235,0.08971725,0.08189282,0.08104487,0.07636555,0.07734252,0.07405529,0.07515396,0.07243363,0.07269128,0.06975313,0.06941472,0.06601579,0.06555769,0.06225202,0.06171988,0.0589744,0.05848408,0.05612198,0.05586709,0.05353367,0.05328818,0.05083926,0.04999634,0.04699572,0.04477752,0.03998383,0.03539766,0.02784801,0.02076385,0.01164637,0.003933469,-0.004545974,-0.01099847,-0.01790953,-0.02281481,-0.02828306,-0.03199071,-0.03632665,-0.03897688,-0.04225635,-0.04379276,-0.04585331,-0.04620555,-0.0469904,-0.04613733,-0.04573557,-0.04375052,-0.04223537,-0.03922953,-0.03669841,-0.0327898,-0.02948627,-0.02501634,-0.02136308,-0.0168676,-0.01335212,-0.009212904,-0.006151969,-0.002515667,3.310125e-05,0.003134477,0.005206892,0.007807381,0.009429319,0.01159255,0.01284772,0.01463626,0.01563906,0.01716321,0.01798536,0.01934535,0.02004667,0.02120919,0.02184629,0.02272649,0.02324406,0.02379591,0.02399349,0.02390378,0.02334469,0.02090201,0.01728954,0.005633941,-0.002748005,-0.001216521,NaN,NaN,NaN,NaN,NaN,NaN,NaN
NaN,NaN,NaN,NaN,NaN,NaN,NaN,0.0009171311,0.009502037,0.1642988,0.2256012,0.1866165,0.1496995,0.1175441,0.1029887,0.09090778,0.08618809,0.08087738,0.07952813,0.076634,0.07664814,0.07447234,0.07454512,0.07228574,0.07164283,0.06903588,0.06785644,0.06501571,0.06380418,0.06108423,0.05997768,0.05761171,0.05653958,0.05437014,0.05324225,0.05087664,0.04941887,0.0464552,0.0440667,0.03991811,0.03576183,0.0295786,0.02313287,0.01489352,0.007056321,-0.001545746,-0.008811926,-0.01607064,-0.02172228,-0.02727077,-0.03143073,-0.03555598,-0.03853907,-0.04150839,-0.04339749,-0.04525039,-0.04598188,-0.04660279,-0.04614366,-0.04552784,-0.04392594,-0.04222336,-0.03961338,-0.03698742,-0.03357192,-0.03019245,-0.02620249,-0.02237982,-0.0181486,-0.01430561,-0.01025197,-0.006727695,-0.003152143,-0.0001138306,0.002897819,0.005416604,0.007894722,0.009928176,0.01191712,0.01354054,0.01510069,0.01642543,0.01765807,0.01879131,0.01982781,0.02086028,0.02178277,0.02279704,0.02359478,0.02464411,0.02530636,0.026388,0.02695553,0.02808048,0.02847354,0.02955151,0.02898493,0.02786936,0.02093047,0.00752671,-0.001568876,-0.001144009,NaN,NaN,NaN,NaN,NaN,NaN
NaN,NaN,NaN,NaN,-0.0001394723,7.174548e-05,0.0008165332,0.007561557,0.1534696,0.2493836,0.226432,0.1764781,0.1324628,0.1094196,0.09451729,0.08774231,0.08188588,0.07974468,0.07670242,0.07616225,0.07408793,0.07374195,0.0717467,0.07083329,0.06846831,0.06704484,0.06434079,0.06276689,0.06006112,0.05850412,0.05602738,0.05446486,0.05206372,0.05034823,0.04763205,0.04543767,0.04200549,0.03881111,0.0341985,0.02942884,0.02312144,0.01653404,0.008650589,0.001033735,-0.007031509,-0.01401562,-0.02072825,-0.02605013,-0.03101216,-0.03471726,-0.0382031,-0.04064342,-0.04291986,-0.0442661,-0.04544004,-0.04566073,-0.04571211,-0.04478519,-0.04368645,-0.04170645,-0.03957019,-0.03670238,-0.03377026,-0.03022377,-0.02674032,-0.02277208,-0.0189801,-0.01489957,-0.01112506,-0.007256736,-0.003819115,-0.0004167698,0.0025137,0.005337028,0.007728875,0.009991584,0.01187897,0.01364266,0.01509804,0.01643889,0.01757612,0.0186078,0.01955623,0.02040304,0.02127842,0.02204276,0.02293136,0.02367189,0.02463817,0.02537397,0.02650395,0.02727944,0.02871257,0.02969689,0.0316829,0.03310538,0.03583384,0.0367623,0.03671761,0.02519775,0.006349869,-0.00171581,-0.00135811,-0.001437459,-0.001150028,NaN,NaN,NaN
-0.0005468004,-5.85194e-05,0.0003531167,0.001285643,0.002379843,0.003854394,0.0207072,0.1599192,0.2669151,0.2684987,0.2089174,0.153069,0.117227,0.09881735,0.08821213,0.08257383,0.07839999,0.07618394,0.07387122,0.07283415,0.07096222,0.07005435,0.06798027,0.06661808,0.06416001,0.06240202,0.0596402,0.05779991,0.05492107,0.05309693,0.05023076,0.04827478,0.04524189,0.04289291,0.03927097,0.03619389,0.03156372,0.027343,0.02141322,0.01576777,0.008527262,0.00178813,-0.006079962,-0.01274257,-0.01987367,-0.02521282,-0.03065727,-0.0342515,-0.03802328,-0.04009699,-0.04254013,-0.04342211,-0.04475588,-0.04460169,-0.04490329,-0.04371233,-0.04300419,-0.04079411,-0.03912836,-0.03603456,-0.03357029,-0.02981872,-0.02681689,-0.02265634,-0.01939035,-0.0150647,-0.01178419,-0.007567941,-0.004528,-0.0006864318,0.001887837,0.00519696,0.007187637,0.00992793,0.01134644,0.01355612,0.01447834,0.01623441,0.01674896,0.0181667,0.01839205,0.01960544,0.01967582,0.02080622,0.0208315,0.02198389,0.02203914,0.02329017,0.0234367,0.02485216,0.02517931,0.02689373,0.02758872,0.02993775,0.03143022,0.0350992,0.03817293,0.04391054,0.04783308,0.04958129,0.03417776,0.01094899,-0.0007933076,-0.001072337,-0.001205297,-0.0008690569,-0.0009274451,-0.0005373441
0.01265852,0.01896012,0.03167266,0.05290136,0.08464208,0.1203582,0.2006314,0.2800716,0.2904037,0.2441063,0.1738209,0.1290185,0.1016663,0.08964808,0.08092503,0.07737485,0.0731358,0.07172471,0.06885516,0.06804597,0.06549066,0.06460553,0.06184514,0.06056011,0.05748601,0.05581544,0.05253541,0.05064687,0.04724294,0.04520764,0.04163954,0.03930241,0.0353556,0.03240629,0.02774793,0.02388559,0.01822412,0.01328438,0.006570029,0.000698976,-0.006636963,-0.01274365,-0.01973294,-0.02497322,-0.030608,-0.03421782,-0.03811653,-0.04006554,-0.04242897,-0.04304335,-0.04420736,-0.04377863,-0.04395648,-0.04262716,-0.04190238,-0.03971363,-0.03814112,-0.0351563,-0.03284401,-0.02922387,-0.02637174,-0.02235693,-0.01922792,-0.01507466,-0.01191221,-0.007849663,-0.004869591,-0.001111273,0.001471418,0.004744453,0.006777588,0.009462148,0.01091121,0.01301008,0.01392672,0.01552199,0.0159913,0.01718571,0.01732022,0.01823222,0.01817051,0.01893069,0.01879896,0.01951913,0.0194181,0.02018402,0.02019203,0.02107388,0.02126181,0.02233969,0.02282512,0.02425579,0.02529467,0.02746644,0.02964797,0.03345265,0.03808428,0.04519528,0.05392336,0.06346663,0.06696826,0.05522291,0.03353037,0.01940361,0.0122118,0.01007869,0.009207804,0.01026677
0.08770873,0.1051094,0.1264489,0.155975,0.1891915,0.2430156,0.3011146,0.2990695,0.2600475,0.1942565,0.1388948,0.1062318,0.08877835,0.07958423,0.07381935,0.07005964,0.06703489,0.06472491,0.06248089,0.06056309,0.05840463,0.05639999,0.05401254,0.05171322,0.04901085,0.04641914,0.04342768,0.04060713,0.03735585,0.03427825,0.03070096,0.02720614,0.02310009,0.01896317,0.01409694,0.009163873,0.003480114,-0.002172556,-0.008401659,-0.01431876,-0.02042949,-0.02577679,-0.03089406,-0.03485572,-0.03838302,-0.04066594,-0.04256775,-0.04335961,-0.04394219,-0.04357379,-0.04316379,-0.04191184,-0.04071421,-0.03872966,-0.03684141,-0.03419849,-0.03169917,-0.02850016,-0.02552772,-0.02194907,-0.01871033,-0.01498255,-0.01171552,-0.008064026,-0.00497921,-0.001586907,0.001142133,0.004107758,0.006337249,0.008746727,0.0103906,0.01221174,0.01327281,0.01456499,0.01512944,0.01598994,0.01617371,0.01671376,0.01663526,0.01698658,0.01677009,0.01705542,0.01681024,0.01712148,0.01692902,0.01733954,0.01726362,0.01784102,0.01795321,0.01878725,0.01920716,0.02047651,0.02146592,0.02357938,0.02576042,0.02967602,0.03452081,0.04243284,0.05296591,0.06778598,0.08270439,0.09233719,0.08865819,0.07784696,0.06951888,0.06753107,0.06946094,0.07695625
0.1670598,0.1854578,0.2066191,0.2292166,0.2552314,0.2853598,0.2905887,0.2542873,0.1976785,0.1448984,0.1079526,0.08749716,0.07615524,0.0695344,0.06490065,0.06152381,0.05856936,0.05607272,0.05358465,0.05125748,0.04877737,0.0463213,0.04364065,0.0409386,0.0379899,0.03499322,0.03176529,0.02845969,0.02492763,0.02128298,0.01735479,0.01326551,0.008823747,0.004170597,-0.0008328887,-0.006018208,-0.01142593,-0.01682434,-0.02218712,-0.02720506,-0.03183741,-0.03578008,-0.03903801,-0.04144197,-0.04309212,-0.04393963,-0.0441692,-0.04374751,-0.04288895,-0.04154446,-0.0399045,-0.0378989,-0.03568514,-0.03316833,-0.03049201,-0.02755715,-0.0245168,-0.02128356,-0.01802652,-0.01466758,-0.01138382,-0.008097881,-0.004983558,-0.001952037,0.0008366118,0.003472203,0.005811433,0.007941464,0.009732152,0.0112945,0.01250775,0.01351195,0.01421015,0.0147411,0.01503345,0.01521355,0.01521195,0.0151602,0.01498331,0.01481374,0.01457778,0.0143898,0.01417905,0.01404397,0.01391716,0.01388806,0.01389875,0.01403368,0.01425016,0.0146365,0.01517914,0.01598252,0.01710287,0.01869968,0.02097198,0.02425659,0.02906209,0.03615492,0.0465702,0.06145929,0.0811683,0.102102,0.1182492,0.1267568,0.1305189,0.134337,0.1412486,0.1519899
0.2039023,0.2182487,0.2315661,0.2437874,0.2527741,0.2523987,0.228245,0.1836755,0.1410694,0.1058392,0.08420787,0.07117034,0.06353506,0.05820741,0.05435298,0.05097008,0.04810778,0.04526603,0.04261941,0.03984716,0.03711919,0.03421773,0.03130779,0.02819918,0.02505707,0.02170379,0.0182725,0.01464082,0.01088855,0.006932622,0.002834918,-0.001483635,-0.005939058,-0.01057597,-0.0152924,-0.02004168,-0.02470349,-0.02915634,-0.03325298,-0.03687115,-0.03986865,-0.04216909,-0.04372456,-0.04451841,-0.04462749,-0.04408716,-0.04301578,-0.04147702,-0.03957801,-0.03736147,-0.03493003,-0.03228054,-0.02950843,-0.02657558,-0.02357611,-0.02045924,-0.01733582,-0.01415646,-0.01104771,-0.007959233,-0.005021887,-0.002179078,0.0004423939,0.002914579,0.005111238,0.0071252,0.00882115,0.01031208,0.01147057,0.01242019,0.01306063,0.01352817,0.01373101,0.01382949,0.01371461,0.01355904,0.01324502,0.01294132,0.01253075,0.01218125,0.01175942,0.01144016,0.01106716,0.01082387,0.01053912,0.01040933,0.01025161,0.01028384,0.01031432,0.01058759,0.01091148,0.01157657,0.01240713,0.01378423,0.01560384,0.01843046,0.02238982,0.02845845,0.03729091,0.05032126,0.06776086,0.0898899,0.1131051,0.1339106,0.1505631,0.1644604,0.1769944,0.1901957
0.1887439,0.1974066,0.2029165,0.2033448,0.1974934,0.1812468,0.1544926,0.1246194,0.09612038,0.07686309,0.06375001,0.05561274,0.04984896,0.04557059,0.04189048,0.03872111,0.03564701,0.03275514,0.02978976,0.02685721,0.02380278,0.02072668,0.017519,0.01428365,0.01090647,0.007476934,0.003907443,0.0002467799,-0.003537888,-0.007420083,-0.01141233,-0.01546089,-0.0195638,-0.02363389,-0.02761523,-0.03141565,-0.03491842,-0.03803584,-0.04065279,-0.04269021,-0.04408531,-0.04480969,-0.04485001,-0.04427599,-0.04310594,-0.0414693,-0.03941064,-0.03705098,-0.03443468,-0.03166391,-0.02874765,-0.02577919,-0.02273473,-0.01969898,-0.01663413,-0.01362759,-0.01064093,-0.007771204,-0.004980961,-0.002367965,0.000109686,0.00236047,0.004436438,0.006252169,0.007873849,0.009211303,0.01034825,0.0111932,0.01184331,0.01222546,0.01244298,0.01243885,0.01233108,0.01205079,0.0117322,0.01128827,0.0108535,0.01033815,0.009870972,0.009354987,0.008921206,0.008453019,0.008088734,0.007696398,0.007423318,0.007128831,0.006975678,0.006816258,0.006833182,0.006875604,0.007153562,0.007518003,0.008232925,0.00917037,0.01069563,0.01277369,0.01597007,0.02049932,0.02728013,0.03698311,0.0508331,0.06822595,0.08856208,0.1098251,0.1300679,0.1479854,0.1637707,0.1771945
0.1394969,0.1441439,0.144472,0.1405333,0.1312367,0.1173389,0.09950401,0.08010692,0.06580819,0.05382916,0.04585663,0.03979848,0.03530716,0.03146081,0.02815868,0.02496227,0.02197952,0.01893374,0.01595507,0.01286138,0.009769746,0.006568674,0.003370523,7.37532e-05,-0.003208871,-0.006579998,-0.009956055,-0.01339733,-0.01685584,-0.02034404,-0.02380425,-0.02723325,-0.03053519,-0.03368075,-0.03656801,-0.039124,-0.04127541,-0.04293988,-0.04406988,-0.04462707,-0.04459078,-0.04397184,-0.0428129,-0.04114514,-0.03907803,-0.03665168,-0.03398377,-0.03112324,-0.02816193,-0.02512462,-0.022091,-0.01904996,-0.01607697,-0.01314187,-0.0103203,-0.007575299,-0.00498971,-0.002522872,-0.0002602608,0.001845007,0.003714031,0.005402697,0.006839739,0.008092401,0.009087023,0.009904655,0.0104644,0.01086224,0.01102465,0.01105272,0.01089036,0.01064251,0.01025137,0.009834591,0.009314181,0.008814123,0.008246855,0.007729926,0.007173602,0.006692037,0.006182297,0.005764853,0.005320686,0.004978833,0.004610942,0.004357645,0.004083654,0.0039467,0.0038059,0.00383822,0.003900124,0.004199664,0.00459483,0.005350279,0.006350874,0.007961839,0.01017405,0.01355188,0.0183334,0.02524084,0.03441544,0.0466513,0.06100476,0.07664348,0.0924093,0.1074892,0.1206525,0.131644
0.08803303,0.09004322,0.08929516,0.08515372,0.07851964,0.06930777,0.05909078,0.04997482,0.04015098,0.03356211,0.02793769,0.02374325,0.02004234,0.0168293,0.01371131,0.01080265,0.00784279,0.00496999,0.002003394,-0.0009372939,-0.003960507,-0.006964444,-0.0100206,-0.01302524,-0.01605598,-0.01901911,-0.02197496,-0.02486964,-0.02771415,-0.03047136,-0.03312322,-0.03560257,-0.03788158,-0.03987363,-0.04152779,-0.04278864,-0.04358996,-0.04391991,-0.04373962,-0.04305919,-0.04188776,-0.04026749,-0.03823001,-0.03587436,-0.03322663,-0.03041041,-0.02745208,-0.0244528,-0.02143074,-0.01846559,-0.01554287,-0.01273788,-0.01001256,-0.007443541,-0.004985406,-0.002719126,-0.0005927289,0.001310594,0.003050784,0.004549867,0.005875991,0.006959839,0.007879104,0.00856583,0.009107095,0.009425587,0.009620907,0.009612707,0.009508424,0.009239488,0.008912386,0.00846462,0.008008094,0.007464088,0.006954601,0.006384003,0.005873199,0.005323309,0.004848847,0.004344713,0.003928646,0.003481177,0.003129214,0.002742256,0.002456684,0.002135291,0.001927921,0.001690753,0.001589813,0.001476432,0.00153633,0.001615779,0.001934862,0.002339274,0.003105305,0.004107632,0.00571066,0.0078726,0.01107089,0.01544963,0.02159056,0.02902751,0.03799004,0.04782739,0.05795002,0.06749571,0.07621476,0.08312175
0.04824384,0.04917519,0.04823755,0.04603656,0.04223916,0.03767065,0.03197999,0.02512611,0.02059729,0.01548956,0.0117123,0.008233117,0.005310879,0.002488655,-0.0001340379,-0.002823297,-0.005416708,-0.008099678,-0.01072528,-0.0134177,-0.01606077,-0.01872647,-0.02131097,-0.02387905,-0.02632476,-0.02871469,-0.03096895,-0.03312115,-0.03512903,-0.03698559,-0.03864301,-0.04008456,-0.04123722,-0.04208025,-0.04255646,-0.04263108,-0.04229679,-0.04152582,-0.0403424,-0.03875756,-0.03681028,-0.03454195,-0.03202701,-0.02930014,-0.02646987,-0.02355397,-0.02064908,-0.01776852,-0.01498098,-0.01228035,-0.009727518,-0.007288854,-0.005027987,-0.002900939,-0.0009755277,0.0007977496,0.002348488,0.003736207,0.00489378,0.005889322,0.006663735,0.007292352,0.007720514,0.00803007,0.008158502,0.008195751,0.008069358,0.007878263,0.007553281,0.007192792,0.006736821,0.006281622,0.005759724,0.005275295,0.00474185,0.004269091,0.003762637,0.003326854,0.002865603,0.002481467,0.002068873,0.001738712,0.001373901,0.001094796,0.0007770561,0.0005512384,0.0002863134,0.0001263411,-6.606168e-05,-0.0001323059,-0.0002155681,-0.0001357681,-4.483384e-05,0.0002719589,0.000660231,0.00138363,0.002315306,0.003791664,0.005756856,0.008518329,0.01193592,0.01647931,0.02155157,0.02701038,0.03244661,0.03773889,0.04225098,0.04598508
0.02265842,0.0225371,0.02174447,0.01979181,0.01729627,0.01379804,0.01012681,0.007140642,0.002582744,-0.0002819561,-0.003225963,-0.005571901,-0.007910009,-0.01007699,-0.01232783,-0.01448695,-0.01674136,-0.01892257,-0.02116359,-0.02332729,-0.02549422,-0.02755895,-0.02957684,-0.03144656,-0.03323104,-0.03483675,-0.03631292,-0.03760391,-0.03871905,-0.03962653,-0.0403161,-0.04073961,-0.04089166,-0.04072135,-0.04021947,-0.03937602,-0.03817464,-0.03664754,-0.03479842,-0.03267312,-0.03030931,-0.02776705,-0.02508643,-0.02235737,-0.01959334,-0.01688894,-0.0142424,-0.01171966,-0.009311719,-0.007070516,-0.004964527,-0.003048152,-0.001273616,0.0002993693,0.001723433,0.002935523,0.003997599,0.004847596,0.005557545,0.006070408,0.006463714,0.006685531,0.006817865,0.006804428,0.006732095,0.006531646,0.006297877,0.005955984,0.005603536,0.00517232,0.004754937,0.00428398,0.003854512,0.003383338,0.00297493,0.002532469,0.002160694,0.001761011,0.00143369,0.001076151,0.0007937563,0.000473468,0.0002309556,-5.544901e-05,-0.0002610432,-0.0005139702,-0.0006786081,-0.0008906253,-0.001001699,-0.001154089,-0.001184812,-0.001245613,-0.0011499,-0.001062187,-0.0007632313,-0.0004221555,0.000214349,0.0009857462,0.002162813,0.003656465,0.0057278,0.007938659,0.0105898,0.01332945,0.01603796,0.01832742,0.02039513,0.02177155
0.006206297,0.005508276,0.004197037,0.002770717,0.0007511256,-0.001322144,-0.004040184,-0.007672324,-0.009522952,-0.0123391,-0.01438183,-0.01644693,-0.01818787,-0.01995272,-0.02160119,-0.02334708,-0.02500854,-0.02673246,-0.02835947,-0.02998765,-0.03149614,-0.03294449,-0.03423516,-0.03542669,-0.03642305,-0.03728693,-0.03794594,-0.03843353,-0.03871557,-0.03879295,-0.0386366,-0.03824905,-0.03758979,-0.03667044,-0.03547376,-0.03400272,-0.03228492,-0.0303217,-0.02816153,-0.02583164,-0.02338333,-0.02085886,-0.01832502,-0.01579987,-0.01336665,-0.01101584,-0.00881269,-0.006740206,-0.004840626,-0.003086592,-0.001521364,-9.857227e-05,0.001131696,0.002223978,0.003124753,0.003894993,0.00447961,0.004949641,0.005251595,0.0054619,0.005531001,0.005537156,0.005429547,0.00528865,0.005052354,0.004806736,0.004478565,0.004159303,0.003776307,0.003417512,0.003015459,0.002654876,0.002260298,0.001924501,0.001556374,0.001255413,0.0009250275,0.0006614899,0.000367844,0.0001405313,-0.0001242864,-0.0003208228,-0.0005620911,-0.0007327544,-0.0009524493,-0.001097058,-0.001293477,-0.001406818,-0.001571578,-0.001641457,-0.001759052,-0.001761858,-0.001806295,-0.001705989,-0.001633309,-0.001375599,-0.001111529,-0.00060561,-2.954612e-05,0.0007856169,0.001636197,0.002828624,0.003892312,0.0049068,0.005687282,0.006374401,0.006616555,0.006687104
-0.0027888,-0.004208468,-0.005699127,-0.007721046,-0.009757904,-0.01227784,-0.01455018,-0.01606798,-0.01903669,-0.02058472,-0.0223394,-0.02364702,-0.02500013,-0.02619966,-0.02746943,-0.02863011,-0.02985119,-0.03096032,-0.03207687,-0.0330614,-0.03398963,-0.03476,-0.03543049,-0.03590992,-0.03626604,-0.03641625,-0.03641722,-0.03622082,-0.0358476,-0.03527638,-0.03451483,-0.033536,-0.03236072,-0.03096593,-0.02937378,-0.02759883,-0.02565065,-0.02357434,-0.02138573,-0.0191319,-0.01684867,-0.01458338,-0.01236074,-0.01024295,-0.008220796,-0.006357312,-0.00462784,-0.003071267,-0.001660582,-0.0004276089,0.0006687344,0.001588609,0.002385901,0.003015808,0.003537763,0.003904342,0.004183083,0.004324585,0.004402649,0.00436841,0.004296131,0.004137014,0.003965259,0.003724245,0.003491936,0.003198746,0.002929388,0.002608263,0.002320569,0.00199498,0.001711257,0.001397863,0.001138078,0.0008472579,0.0006191618,0.0003585902,0.0001610954,-6.894294e-05,-0.0002385478,-0.0004458811,-0.0005919582,-0.0007835279,-0.0009112862,-0.001089637,-0.001200854,-0.00136598,-0.001458106,-0.001606532,-0.001674003,-0.001797707,-0.001828736,-0.001916114,-0.001892491,-0.001924899,-0.001823229,-0.00177267,-0.001568316,-0.001411097,-0.00110355,-0.0008141919,-0.000394317,-0.0002015917,6.599505e-05,0.0001442784,8.005153e-05,-0.0003679999,-0.0008946211,-0.001808983
-0.007906785,-0.009484398,-0.01135477,-0.01303237,-0.01497771,-0.01668922,-0.01878231,-0.02150623,-0.02251855,-0.0244616,-0.02573058,-0.02702901,-0.02799466,-0.02893817,-0.0297131,-0.03052794,-0.03120973,-0.03190399,-0.03245731,-0.03296929,-0.03332585,-0.03359308,-0.03368409,-0.03366539,-0.03345321,-0.0331189,-0.03260026,-0.03194152,-0.03111705,-0.03014197,-0.02900089,-0.02771484,-0.02626276,-0.02467738,-0.02295881,-0.02112877,-0.01922344,-0.01725287,-0.0152625,-0.01327401,-0.01132395,-0.009437199,-0.007655056,-0.005973134,-0.004445615,-0.003042967,-0.0018077,-0.0007083609,0.0002291398,0.001041832,0.001698643,0.002250994,0.002659641,0.002984043,0.003181987,0.003318211,0.003346171,0.003336613,0.003239836,0.003127614,0.002950046,0.002776842,0.002553705,0.002351613,0.002105117,0.00189185,0.001636482,0.001421133,0.001170484,0.000962595,0.0007262655,0.0005377833,0.0003193584,0.0001567727,-4.052364e-05,-0.000179074,-0.0003533148,-0.0004715495,-0.0006278019,-0.0007290736,-0.0008751803,-0.0009637901,-0.001103021,-0.001181373,-0.001313412,-0.00137974,-0.001502438,-0.001552917,-0.001661567,-0.001690246,-0.001778774,-0.001775543,-0.001836365,-0.001790363,-0.001814427,-0.001719291,-0.001700227,-0.001561501,-0.001510361,-0.001408682,-0.001453283,-0.001424334,-0.001720408,-0.00218328,-0.002945379,-0.003796872,-0.005020037,-0.006291351
-0.009262952,-0.01109784,-0.01286205,-0.0149786,-0.01694054,-0.01917728,-0.02097535,-0.02198313,-0.02431631,-0.02529146,-0.02645863,-0.02719487,-0.02794465,-0.02849255,-0.0290474,-0.0294367,-0.02983426,-0.03008143,-0.03030415,-0.0303741,-0.03037563,-0.03021777,-0.02996764,-0.02954573,-0.0290275,-0.02834047,-0.02754955,-0.02661409,-0.02556571,-0.0243921,-0.02311444,-0.02171833,-0.02023889,-0.01866446,-0.01702844,-0.01534913,-0.01364104,-0.01194443,-0.01026974,-0.0086491,-0.007101233,-0.005650087,-0.004299115,-0.003084899,-0.001980351,-0.001027811,-0.0001917308,0.0005012297,0.001084428,0.001535481,0.001899163,0.002143484,0.002324527,0.002404991,0.002445213,0.00240326,0.002344162,0.002219904,0.002098086,0.00192797,0.00177479,0.001585686,0.001424878,0.001231696,0.001075879,0.0008857875,0.0007386495,0.0005577459,0.000420262,0.0002532227,0.0001294127,-2.404079e-05,-0.000129192,-0.0002698402,-0.0003569235,-0.0004829376,-0.0005562812,-0.0006692866,-0.000731819,-0.0008382284,-0.0008922255,-0.0009960782,-0.001043681,-0.001144635,-0.001184907,-0.001280723,-0.001309753,-0.001396623,-0.001409924,-0.001482792,-0.001473752,-0.001528847,-0.00149058,-0.001524892,-0.001455182,-0.001470032,-0.001382501,-0.001401761,-0.001351304,-0.001425907,-0.001514322,-0.001898674,-0.002296072,-0.002953224,-0.003769067,-0.004952193,-0.006184101,-0.007734667
-0.00952117,-0.01113604,-0.01295389,-0.014496,-0.0162031,-0.01759055,-0.01928023,-0.02148041,-0.02201314,-0.02345251,-0.02426453,-0.0250988,-0.02558951,-0.02602453,-0.02625286,-0.02647925,-0.02654161,-0.02659288,-0.0264933,-0.02635238,-0.02606711,-0.02571247,-0.02521065,-0.0246349,-0.02390982,-0.02311183,-0.02218442,-0.02117873,-0.02007428,-0.01889614,-0.0176364,-0.01632574,-0.01495051,-0.01354994,-0.01212491,-0.0106977,-0.009297148,-0.007928004,-0.006622448,-0.005388216,-0.004241946,-0.003189475,-0.002250515,-0.001405281,-0.0006900899,-6.636505e-05,0.0004335598,0.0008446124,0.001146384,0.001377512,0.001511797,0.001600903,0.001609631,0.001596095,0.001520389,0.001443295,0.001317743,0.001207809,0.001060864,0.0009403538,0.0007922054,0.0006771888,0.0005369586,0.0004351948,0.0003041475,0.0002159772,9.469108e-05,1.69378e-05,-9.300918e-05,-0.0001621973,-0.0002624334,-0.0003210028,-0.0004153203,-0.0004623861,-0.0005507516,-0.0005895663,-0.0006705508,-0.0007038717,-0.0007806745,-0.0008093172,-0.0008864124,-0.0009113979,-0.0009889129,-0.001009716,-0.001084823,-0.001097543,-0.001166296,-0.001165917,-0.001223256,-0.0012045,-0.001246445,-0.001203129,-0.001228148,-0.001158157,-0.001169532,-0.001082632,-0.001095918,-0.001027142,-0.001089878,-0.00114101,-0.001357523,-0.001572561,-0.002135217,-0.002856284,-0.003868627,-0.004950983,-0.00637116,-0.007803611
-0.008104445,-0.009722112,-0.01123366,-0.01304601,-0.01465855,-0.01647874,-0.01780638,-0.01836663,-0.02021924,-0.02076505,-0.02151082,-0.02185789,-0.02222333,-0.02238308,-0.02253501,-0.02250871,-0.02247982,-0.02230014,-0.02210345,-0.0217729,-0.0214016,-0.02090658,-0.02036012,-0.01968856,-0.01896998,-0.01813567,-0.01725298,-0.01628359,-0.01526454,-0.01418697,-0.01307842,-0.01192833,-0.0107752,-0.00960708,-0.008455709,-0.007331431,-0.0062421,-0.005215412,-0.004251244,-0.003366078,-0.002563877,-0.001851588,-0.001219765,-0.000690989,-0.0002312022,0.0001259807,0.0004180406,0.0006218493,0.0007703758,0.0008432177,0.0008836368,0.0008611297,0.0008288065,0.0007493122,0.0006779699,0.0005710079,0.0004866883,0.0003738045,0.0002924732,0.0001883834,0.0001192317,2.899276e-05,-2.437962e-05,-0.0001033255,-0.0001423499,-0.0002132778,-0.0002425618,-0.000306203,-0.0003308093,-0.0003887161,-0.0004099498,-0.0004666664,-0.0004828119,-0.0005404319,-0.0005524231,-0.0006086226,-0.0006192194,-0.0006737712,-0.0006833578,-0.0007395068,-0.0007472641,-0.0008058662,-0.0008111018,-0.0008694449,-0.0008691251,-0.0009231183,-0.0009117522,-0.0009561675,-0.0009281746,-0.0009575145,-0.0009066248,-0.0009184837,-0.0008405954,-0.0008364138,-0.0007355274,-0.0007252396,-0.0006241801,-0.0006389516,-0.0005961779,-0.0006993645,-0.0008470966,-0.001258767,-0.001670833,-0.002327979,-0.00310751,-0.004215732,-0.005342416,-0.006750403
-0.007117689,-0.008385826,-0.009825038,-0.01096856,-0.01225036,-0.01320452,-0.01445609,-0.01619053,-0.0163047,-0.01734321,-0.01781026,-0.01832125,-0.01851277,-0.01865917,-0.01860809,-0.01856005,-0.01835877,-0.01815973,-0.01783241,-0.0174923,-0.01704472,-0.01656951,-0.01599386,-0.01539196,-0.01469129,-0.01396723,-0.01316403,-0.01233345,-0.01145545,-0.01055758,-0.00963313,-0.008713589,-0.007784416,-0.006881529,-0.005999546,-0.005153615,-0.004361526,-0.0036186,-0.002944857,-0.002337138,-0.001800437,-0.001330547,-0.0009376465,-0.0005964632,-0.0003372958,-0.0001204125,2.398624e-05,0.0001300388,0.0001772129,0.0002020969,0.0001775472,0.0001518934,8.788479e-05,3.868299e-05,-3.880529e-05,-8.973034e-05,-0.0001648059,-0.0002058858,-0.0002690627,-0.0002963223,-0.000344467,-0.0003571079,-0.0003941539,-0.0003945326,-0.000426439,-0.0004193916,-0.000448935,-0.0004402475,-0.0004682978,-0.0004616231,-0.0004915528,-0.0004859491,-0.0005215486,-0.0005158267,-0.0005558997,-0.0005516479,-0.0005930634,-0.0005907139,-0.0006341396,-0.0006318928,-0.0006789438,-0.000675352,-0.0007240117,-0.0007167324,-0.0007627495,-0.0007466766,-0.0007849154,-0.0007538983,-0.000778274,-0.0007261901,-0.0007322895,-0.0006530943,-0.0006402177,-0.0005335165,-0.0005078528,-0.0003870126,-0.000369075,-0.0002751806,-0.0003165716,-0.0003355729,-0.0004913534,-0.0006521279,-0.001128084,-0.001712347,-0.002547463,-0.003412612,-0.004575717,-0.005720819
-0.005420676,-0.006656833,-0.007777335,-0.009184387,-0.01038704,-0.01178248,-0.01268657,-0.01285991,-0.0143427,-0.0145683,-0.0150201,-0.01511876,-0.0152637,-0.01522817,-0.01520223,-0.01501698,-0.01484725,-0.01455068,-0.01426342,-0.01387506,-0.01348216,-0.01300691,-0.01252292,-0.01195931,-0.0113924,-0.01075396,-0.01010901,-0.009418104,-0.008717323,-0.007996333,-0.007281432,-0.006560181,-0.005867132,-0.00518538,-0.004539923,-0.00393266,-0.003363419,-0.002850056,-0.002384237,-0.001974269,-0.001617321,-0.001314794,-0.001053473,-0.0008526901,-0.0006780523,-0.0005621681,-0.0004687729,-0.0004218241,-0.0003903202,-0.0003967117,-0.0004009771,-0.000436604,-0.0004549616,-0.0004971874,-0.0005130072,-0.0005498214,-0.0005540246,-0.0005798144,-0.0005709532,-0.0005838769,-0.0005637937,-0.0005677229,-0.000539251,-0.0005410005,-0.0005080583,-0.0005118938,-0.0004796136,-0.0004863149,-0.0004594113,-0.000470415,-0.0004495705,-0.0004685507,-0.0004511792,-0.0004786841,-0.0004642065,-0.000496287,-0.0004854397,-0.0005199898,-0.0005110679,-0.00054912,-0.0005394073,-0.0005800116,-0.0005673976,-0.0006068311,-0.0005875113,-0.0006210819,-0.0005890469,-0.0006108987,-0.0005598822,-0.0005639696,-0.0004872792,-0.0004710011,-0.0003647145,-0.0003301059,-0.0001990263,-0.0001571343,-2.347353e-05,-6.78702e-07,8.681377e-05,3.095463e-05,-6.68877e-05,-0.0003770325,-0.000651878,-0.001136484,-0.001694089,-0.002534276,-0.003356735,-0.004426826
-0.004721947,-0.005632194,-0.006698703,-0.007467355,-0.008371891,-0.008965548,-0.009872776,-0.01127704,-0.01109849,-0.01187914,-0.01214295,-0.01248077,-0.01253257,-0.01256292,-0.01241933,-0.01229851,-0.01204729,-0.011821,-0.01149371,-0.01118187,-0.01079468,-0.01041302,-0.009967129,-0.00953021,-0.009031078,-0.008542411,-0.008007634,-0.007475788,-0.006924209,-0.006377516,-0.005825831,-0.005296454,-0.004770804,-0.004278731,-0.003808764,-0.003369521,-0.002971636,-0.002604271,-0.002281392,-0.001995233,-0.001747848,-0.00153293,-0.001359844,-0.001203604,-0.001094647,-0.0009947667,-0.0009351944,-0.0008835603,-0.0008626315,-0.0008384849,-0.0008413595,-0.0008266233,-0.0008351588,-0.0008179237,-0.0008213446,-0.0007941341,-0.0007894587,-0.0007517915,-0.0007388457,-0.0006943857,-0.0006758288,-0.0006275093,-0.0006092325,-0.0005597562,-0.0005470616,-0.0005003687,-0.0004946819,-0.0004552301,-0.0004561814,-0.0004259579,-0.0004355095,-0.0004121029,-0.0004323133,-0.000413183,-0.0004412783,-0.0004264158,-0.0004578793,-0.0004460694,-0.0004800462,-0.0004681357,-0.0005049024,-0.0004905243,-0.0005274287,-0.0005078777,-0.0005406197,-0.0005109027,-0.0005344467,-0.0004884785,-0.0004967622,-0.0004284026,-0.0004170846,-0.0003204158,-0.0002889502,-0.0001637191,-0.000118471,2.225705e-05,6.106159e-05,0.0001768901,0.0001621596,0.0001894322,0.0001123016,3.663911e-05,-0.0003171162,-0.00072964,-0.001352646,-0.00196585,-0.002839529,-0.003667412
-0.003529925,-0.00446275,-0.005277211,-0.006374989,-0.007275263,-0.008369618,-0.008991607,-0.008910593,-0.01017738,-0.0102264,-0.01052925,-0.01052113,-0.01058782,-0.01050103,-0.01044417,-0.01024841,-0.01008661,-0.009819194,-0.009581866,-0.009266912,-0.00897049,-0.008617178,-0.00827981,-0.007889418,-0.007520163,-0.007104476,-0.006704411,-0.00627909,-0.005860931,-0.005436428,-0.005027201,-0.004617424,-0.004236125,-0.003862514,-0.003515939,-0.00319392,-0.002891499,-0.002622714,-0.002375769,-0.002157598,-0.001964011,-0.001797435,-0.001644979,-0.001527588,-0.001411987,-0.001332376,-0.001253601,-0.001201941,-0.001147973,-0.001117389,-0.00107248,-0.001050355,-0.00100491,-0.000980632,-0.0009293153,-0.0009008078,-0.000842731,-0.0008108799,-0.0007495075,-0.0007158678,-0.0006549797,-0.0006239802,-0.0005655568,-0.0005424147,-0.0004884906,-0.0004753333,-0.0004292364,-0.0004250014,-0.000389445,-0.0003938947,-0.0003676564,-0.0003827401,-0.0003618916,-0.0003866214,-0.0003693868,-0.0003986824,-0.0003845229,-0.0004152931,-0.0004015205,-0.0004339344,-0.0004173504,-0.0004501234,-0.000428631,-0.0004583746,-0.0004287084,-0.000451434,-0.0004083719,-0.0004189424,-0.000356894,-0.0003500472,-0.0002631188,-0.0002370666,-0.0001220922,-7.939794e-05,5.891226e-05,0.0001080491,0.0002507767,0.000287361,0.0003967039,0.0003665575,0.0003010048,6.732916e-05,-0.0001002538,-0.0004481161,-0.0008279606,-0.00145277,-0.002029125,-0.002826208
-0.003384819,-0.004052064,-0.004867142,-0.005386161,-0.006043897,-0.006410677,-0.007105731,-0.008328723,-0.00798753,-0.008641735,-0.00882323,-0.009104043,-0.009127098,-0.009148318,-0.009014676,-0.008918871,-0.008708743,-0.008537807,-0.008282308,-0.008057233,-0.007773599,-0.007510816,-0.0072009,-0.006915188,-0.006583844,-0.0062771,-0.005938496,-0.005613897,-0.005278776,-0.004953557,-0.004625565,-0.004317302,-0.004007587,-0.003721626,-0.003445531,-0.003184189,-0.002946241,-0.002718369,-0.002514009,-0.002324475,-0.002153435,-0.001994925,-0.001860713,-0.001726554,-0.001624823,-0.001517984,-0.001439259,-0.0013571,-0.001297113,-0.001226722,-0.001179371,-0.001111889,-0.001068024,-0.0009998174,-0.0009557936,-0.0008850615,-0.0008421637,-0.0007713121,-0.0007309974,-0.0006642762,-0.0006288209,-0.0005678221,-0.0005412592,-0.0004863909,-0.0004716409,-0.0004248065,-0.0004211459,-0.0003848562,-0.0003901265,-0.0003643091,-0.0003788317,-0.0003595752,-0.0003839318,-0.0003677336,-0.000398115,-0.0003840643,-0.0004153008,-0.0004014168,-0.0004321375,-0.0004149869,-0.0004453316,-0.0004228376,-0.0004507135,-0.0004209962,-0.0004432255,-0.0004025879,-0.0004155006,-0.000359276,-0.0003582815,-0.0002818579,-0.0002642897,-0.0001633989,-0.0001301948,-5.636854e-06,3.64099e-05,0.0001722811,0.0002044268,0.000313618,0.0002950511,0.0003346035,0.0002941987,0.0002594274,-2.583437e-05,-0.0003325015,-0.0008206791,-0.001268677,-0.001949238,-0.002562717
-0.00265305,-0.003400159,-0.004027597,-0.004937536,-0.005657945,-0.006575854,-0.007043123,-0.006816123,-0.007981961,-0.007953971,-0.008200034,-0.008166834,-0.008229126,-0.008157797,-0.008129952,-0.007975942,-0.007865797,-0.00766094,-0.007495263,-0.007262443,-0.007056841,-0.006804419,-0.00657615,-0.006304437,-0.006061291,-0.005780146,-0.005520432,-0.005241127,-0.004971193,-0.004695842,-0.004432584,-0.004164208,-0.00391571,-0.003665494,-0.003429617,-0.003205364,-0.002985492,-0.002784584,-0.002589727,-0.00240977,-0.002240358,-0.002086821,-0.001936273,-0.001812264,-0.0016813,-0.001579758,-0.001472307,-0.001387883,-0.001297202,-0.001229123,-0.001146174,-0.001088437,-0.001009606,-0.0009564942,-0.0008801591,-0.0008320998,-0.0007587525,-0.000717096,-0.000649857,-0.00061506,-0.0005560712,-0.0005306595,-0.0004796502,-0.0004666671,-0.0004236351,-0.0004230658,-0.0003895432,-0.0003984701,-0.0003752224,-0.0003918319,-0.0003759343,-0.0004007852,-0.000387336,-0.0004183849,-0.000404954,-0.0004365523,-0.0004219871,-0.0004507167,-0.0004320373,-0.0004579829,-0.0004323011,-0.0004547214,-0.000420868,-0.0004376421,-0.0003938887,-0.0004028063,-0.0003458834,-0.0003438319,-0.0002702542,-0.000254329,-0.0001606923,-0.0001316681,-1.724904e-05,2.03454e-05,0.0001498866,0.0001862686,0.0003152789,0.0003386898,0.0004392203,0.0004001819,0.0003288749,0.000121948,2.574875e-06,-0.0002776925,-0.0005607203,-0.001062471,-0.001493432,-0.002126201
-0.002859634,-0.003386909,-0.00405609,-0.004430816,-0.004945782,-0.005185729,-0.005759317,-0.006899048,-0.006471513,-0.00707059,-0.007228074,-0.007501132,-0.00753583,-0.007580617,-0.007481943,-0.00742873,-0.007268747,-0.007153096,-0.006959106,-0.006799748,-0.006587427,-0.006399484,-0.006169364,-0.005966351,-0.005721903,-0.005504012,-0.005257115,-0.005024298,-0.004781179,-0.004544972,-0.004302758,-0.004073817,-0.003837021,-0.003614872,-0.003394189,-0.003177872,-0.002975773,-0.002773365,-0.00258592,-0.002404208,-0.002234463,-0.002070319,-0.00192624,-0.001777261,-0.001658016,-0.001530185,-0.001429274,-0.0013232,-0.001240281,-0.001147485,-0.001081008,-0.0009969177,-0.0009411947,-0.0008646895,-0.0008175414,-0.0007472922,-0.0007097155,-0.0006471843,-0.0006191269,-0.0005667211,-0.0005484476,-0.0005056011,-0.0004992094,-0.0004644374,-0.0004710208,-0.0004446681,-0.0004617106,-0.0004446239,-0.0004684211,-0.0004587377,-0.0004882267,-0.0004807731,-0.0005153678,-0.0005059953,-0.0005412193,-0.0005285519,-0.0005589678,-0.0005406313,-0.0005646825,-0.0005372522,-0.0005553302,-0.0005174859,-0.0005286233,-0.0004799908,-0.0004829116,-0.0004219993,-0.0004154865,-0.0003402857,-0.0003226061,-0.0002315613,-0.0002034122,-9.568962e-05,-6.132472e-05,5.944172e-05,9.125249e-05,0.0002121466,0.0002233962,0.0003085671,0.0002645626,0.0002890892,0.0002498224,0.000215904,-5.064211e-05,-0.0003123327,-0.0007367554,-0.001099638,-0.001675918,-0.002169772
-0.002340144,-0.002982795,-0.003504041,-0.004306511,-0.004926347,-0.005744635,-0.006133813,-0.005816633,-0.006939964,-0.006878797,-0.00710304,-0.007069289,-0.007143023,-0.007095722,-0.007098804,-0.006981834,-0.006911858,-0.00675089,-0.006630549,-0.00644591,-0.006289165,-0.006087915,-0.005911,-0.005692372,-0.005501955,-0.005274666,-0.005067476,-0.004840699,-0.004620377,-0.004392839,-0.004172701,-0.003943871,-0.003728778,-0.003507455,-0.003293757,-0.003087189,-0.002878628,-0.002685092,-0.002492195,-0.002311408,-0.002137037,-0.001977323,-0.001817753,-0.001684741,-0.001543048,-0.001431691,-0.001313809,-0.00122113,-0.001122907,-0.001050976,-0.000966192,-0.0009114185,-0.0008383021,-0.0007959387,-0.0007330505,-0.0007030071,-0.0006496735,-0.0006316792,-0.0005891467,-0.0005815914,-0.0005499343,-0.0005535005,-0.0005306145,-0.000546812,-0.0005313163,-0.0005585419,-0.0005506126,-0.0005844475,-0.0005832401,-0.0006205309,-0.0006215291,-0.0006614872,-0.0006588178,-0.000698449,-0.0006892096,-0.0007224713,-0.0007050535,-0.0007282059,-0.0006992021,-0.0007120881,-0.0006687904,-0.0006712429,-0.0006136008,-0.0006050981,-0.0005334198,-0.0005142477,-0.0004281664,-0.0003984234,-0.0002979184,-0.0002585353,-0.0001442959,-0.000100363,2.405891e-05,6.413859e-05,0.0001901676,0.0002152109,0.0003286118,0.0003322529,0.0004129715,0.0003495761,0.0002525565,4.202806e-05,-6.714127e-05,-0.0003261276,-0.0005672881,-0.00101008,-0.00136617,-0.001910911
-0.002657482,-0.003106101,-0.003691848,-0.003984008,-0.004415149,-0.004582813,-0.005079059,-0.006185918,-0.00570375,-0.006274165,-0.006424085,-0.006697988,-0.006745903,-0.006809536,-0.006735722,-0.00670995,-0.006580079,-0.006494681,-0.006332287,-0.006203625,-0.006022944,-0.005865328,-0.005666075,-0.005492432,-0.005277589,-0.0050874,-0.004868197,-0.004660417,-0.004441663,-0.004226428,-0.004003689,-0.003790396,-0.003567417,-0.003355187,-0.003143066,-0.002931908,-0.002734343,-0.002533897,-0.002348392,-0.002166795,-0.001997872,-0.001833263,-0.001690213,-0.001541519,-0.001424645,-0.001299209,-0.001203416,-0.001103291,-0.001029931,-0.0009482408,-0.0008972338,-0.0008306273,-0.0007969515,-0.0007445099,-0.0007255877,-0.0006849984,-0.0006804006,-0.000651383,-0.0006591467,-0.0006422556,-0.0006609136,-0.0006538405,-0.0006840233,-0.0006838458,-0.0007252399,-0.0007311372,-0.0007798105,-0.0007913432,-0.0008423708,-0.0008560806,-0.0009069731,-0.0009161686,-0.0009649381,-0.0009646799,-0.001006139,-0.0009945773,-0.001022864,-0.0009968888,-0.001009711,-0.0009652155,-0.0009625932,-0.0008985208,-0.0008803125,-0.0007977014,-0.0007646318,-0.00066457,-0.0006186106,-0.0005028138,-0.0004464034,-0.00031781,-0.0002565589,-0.0001194335,-6.271515e-05,7.445573e-05,0.0001136845,0.000234999,0.0002370867,0.0003066059,0.0002408528,0.000248036,0.0002004183,0.0001534286,-0.0001166737,-0.0003643687,-0.000763623,-0.001086659,-0.001610318,-0.002040365
-0.002151641,-0.002732575,-0.003190244,-0.003927013,-0.004487396,-0.005244615,-0.005595915,-0.005210456,-0.00631636,-0.006236945,-0.006447631,-0.006414614,-0.006494825,-0.006462025,-0.006482416,-0.006385557,-0.006335553,-0.006195455,-0.006094397,-0.005929405,-0.005790207,-0.005606712,-0.005445459,-0.005242513,-0.005065726,-0.004852253,-0.004656555,-0.004441588,-0.004230442,-0.004012193,-0.003798833,-0.00357688,-0.003366479,-0.003150567,-0.00294057,-0.002739384,-0.002535194,-0.002348228,-0.002161471,-0.001989203,-0.001823059,-0.001674252,-0.001525255,-0.001405803,-0.001277687,-0.001183162,-0.001082706,-0.001011124,-0.0009349608,-0.0008892335,-0.0008318088,-0.0008087119,-0.0007684373,-0.0007629278,-0.0007376586,-0.000748569,-0.0007361512,-0.0007615709,-0.0007617297,-0.000798572,-0.0008099742,-0.0008576505,-0.0008767034,-0.0009353328,-0.0009593543,-0.001025894,-0.001053972,-0.001122819,-0.001152796,-0.001219572,-0.001245174,-0.001307379,-0.001321339,-0.001374743,-0.001373497,-0.001411417,-0.001392511,-0.001410206,-0.001368843,-0.001364809,-0.001297296,-0.001270876,-0.001177389,-0.001128955,-0.001011369,-0.0009435682,-0.0008047394,-0.0007217153,-0.0005662832,-0.0004741692,-0.0003083572,-0.0002180892,-5.140868e-05,2.277855e-05,0.0001764358,0.0002191285,0.0003435269,0.0003499971,0.0004292425,0.0003553996,0.000241262,2.643541e-05,-8.015023e-05,-0.0003326153,-0.0005540462,-0.0009672052,-0.001282956,-0.001778634
-0.002424608,-0.002823559,-0.003356426,-0.003597267,-0.003973658,-0.004096164,-0.004532766,-0.005632848,-0.005108189,-0.00565865,-0.005804054,-0.006076824,-0.006132313,-0.006205421,-0.006144696,-0.006132307,-0.006016988,-0.005944581,-0.005795478,-0.005677782,-0.005508328,-0.005359574,-0.00516936,-0.005002729,-0.004795291,-0.004610577,-0.004397793,-0.004194358,-0.003981192,-0.003769758,-0.003552183,-0.003342889,-0.003125743,-0.002918651,-0.002714484,-0.002511084,-0.002324766,-0.002135914,-0.001965495,-0.001799505,-0.001649623,-0.00150428,-0.001384051,-0.001258225,-0.001167812,-0.00106922,-0.00100393,-0.0009349929,-0.0008967186,-0.0008508171,-0.0008396497,-0.0008134865,-0.0008241112,-0.0008163186,-0.0008453411,-0.0008524228,-0.000898036,-0.0009183396,-0.0009773554,-0.001010468,-0.001080575,-0.00112312,-0.001203788,-0.001251337,-0.001340625,-0.001391105,-0.001483786,-0.001535709,-0.001625831,-0.001674194,-0.001757693,-0.001793945,-0.00186707,-0.001885142,-0.001941672,-0.001938856,-0.001971882,-0.001943427,-0.001948731,-0.001888396,-0.001864012,-0.0017693,-0.001714273,-0.001586168,-0.001501975,-0.001343248,-0.001234706,-0.0010511,-0.0009256751,-0.0007257637,-0.0005952177,-0.0003896649,-0.0002699582,-7.393367e-05,1.543686e-05,0.0001799596,0.000214049,0.0003068449,0.0002542737,0.0002731617,0.0002396919,0.0001972548,-6.69354e-05,-0.0002994377,-0.0006796947,-0.0009753921,-0.001464858,-0.001853859
-0.001829869,-0.00236374,-0.002774311,-0.003462102,-0.003981262,-0.00469416,-0.00502945,-0.004582518,-0.005682363,-0.005590892,-0.00579005,-0.00575653,-0.005838274,-0.005813298,-0.005842466,-0.005756489,-0.005716239,-0.005586659,-0.005493899,-0.00533779,-0.005204969,-0.005028483,-0.004872113,-0.004674779,-0.004501909,-0.004293726,-0.004101615,-0.00389227,-0.003685169,-0.003473276,-0.003265401,-0.003051521,-0.002848903,-0.002644147,-0.002445325,-0.002259544,-0.002071153,-0.001904338,-0.001738444,-0.001591152,-0.001450535,-0.001331392,-0.001212143,-0.001126589,-0.001032416,-0.0009758151,-0.0009136191,-0.0008842825,-0.0008507005,-0.0008516725,-0.0008410905,-0.0008688336,-0.0008793462,-0.0009281603,-0.0009567154,-0.001024369,-0.001067585,-0.001151011,-0.001207777,-0.001303216,-0.00137163,-0.001477962,-0.001553344,-0.001669267,-0.001747377,-0.00186821,-0.001947054,-0.002066124,-0.002142314,-0.00225402,-0.002319483,-0.002419551,-0.002465437,-0.002548104,-0.002569793,-0.002627194,-0.002620686,-0.002646142,-0.002604028,-0.002593129,-0.002508742,-0.002458033,-0.002329338,-0.002237693,-0.002065938,-0.001936514,-0.001726474,-0.001566913,-0.001328041,-0.001150267,-0.0008950721,-0.0007167046,-0.0004616978,-0.0003042414,-7.079339e-05,4.303314e-05,0.0002324009,0.0002942647,0.0004221161,0.0003847389,0.0002950989,0.0001090009,3.102161e-05,-0.0001963065,-0.000387284,-0.0007676275,-0.001046063,-0.001500921
-0.002001099,-0.002352598,-0.002838043,-0.0030364,-0.003366522,-0.003453815,-0.00383273,-0.004938734,-0.004375222,-0.004907395,-0.00504821,-0.005317066,-0.005376631,-0.005454011,-0.005401002,-0.005395957,-0.005289576,-0.005224333,-0.00508344,-0.004971587,-0.004809136,-0.004665157,-0.00448088,-0.004318582,-0.004117076,-0.003936889,-0.003731027,-0.003533008,-0.003328179,-0.003124133,-0.002917044,-0.002718018,-0.002514655,-0.002321405,-0.002135477,-0.001950547,-0.001787518,-0.001622531,-0.001480539,-0.001343698,-0.001227425,-0.001116028,-0.001034329,-0.0009469955,-0.0008994837,-0.0008439446,-0.0008258988,-0.0008045247,-0.0008180438,-0.0008240194,-0.0008689038,-0.0008985669,-0.0009688337,-0.001020169,-0.001111637,-0.00118024,-0.001290233,-0.001373647,-0.001498198,-0.001595433,-0.00173184,-0.001839004,-0.001986129,-0.002097622,-0.002251948,-0.00236436,-0.002519293,-0.002630089,-0.002778667,-0.00288139,-0.003018243,-0.003102781,-0.003222475,-0.003281335,-0.003376069,-0.003405063,-0.003466226,-0.003458274,-0.003478819,-0.003424098,-0.003397939,-0.003289734,-0.003211913,-0.003047852,-0.002917397,-0.002698992,-0.002521076,-0.002256259,-0.002042286,-0.001744756,-0.001512456,-0.001199312,-0.0009715564,-0.0006654861,-0.0004698769,-0.0002015822,-7.212962e-05,0.0001087752,0.0001335189,0.0002247215,0.00026169,0.0002759819,6.240747e-05,-0.0001183983,-0.0004509776,-0.0006981606,-0.001139316,-0.001479407
-0.001317073,-0.001789529,-0.002143402,-0.002774725,-0.00324954,-0.003914861,-0.004239781,-0.003725303,-0.004818418,-0.004713583,-0.004897661,-0.004859896,-0.00493761,-0.004915307,-0.004947615,-0.004867719,-0.004832427,-0.004709651,-0.004621648,-0.004472073,-0.004343492,-0.004173039,-0.004020943,-0.0038298,-0.003661846,-0.003461194,-0.003275157,-0.003075198,-0.002876172,-0.002675903,-0.002479106,-0.002279951,-0.002091951,-0.001906146,-0.001726228,-0.001564423,-0.001400179,-0.001262511,-0.00112628,-0.001013404,-0.0009076689,-0.000828347,-0.0007488986,-0.0007081619,-0.0006587583,-0.0006516888,-0.0006393374,-0.0006645052,-0.0006856049,-0.0007458788,-0.0007943361,-0.0008854189,-0.0009586993,-0.001074138,-0.001168576,-0.001305763,-0.001417611,-0.001573,-0.001700557,-0.001869586,-0.002010145,-0.002191197,-0.002339488,-0.002530639,-0.002681564,-0.002876777,-0.003027247,-0.00321874,-0.003364261,-0.003545662,-0.003677121,-0.003843137,-0.003950357,-0.004093294,-0.004169821,-0.004279871,-0.004319714,-0.004388083,-0.004380884,-0.004399248,-0.004333374,-0.004292531,-0.004160089,-0.004053415,-0.003850956,-0.003678141,-0.003408569,-0.003177331,-0.002852042,-0.002577828,-0.002213871,-0.001919699,-0.001539806,-0.001254293,-0.0008880464,-0.0006430649,-0.0003227474,-0.0001352867,0.0001138297,0.0001870278,0.0001939273,0.0001031039,0.0001150543,-3.208751e-05,-0.0001452281,-0.0004531714,-0.0006623265,-0.001051081
-0.001442615,-0.001716005,-0.002128351,-0.002264876,-0.002531061,-0.002570637,-0.002872932,-0.003978483,-0.003365444,-0.003867526,-0.003993519,-0.004247291,-0.004301419,-0.004373276,-0.004319546,-0.004313542,-0.004209224,-0.00414455,-0.004006734,-0.003895838,-0.003736868,-0.003594421,-0.00341411,-0.003254509,-0.00305849,-0.002882468,-0.002684243,-0.002492246,-0.002297358,-0.002102214,-0.001907903,-0.001721245,-0.001534408,-0.001357388,-0.001192723,-0.001028813,-0.0008921474,-0.0007536233,-0.0006431091,-0.0005381529,-0.0004588771,-0.0003846052,-0.0003454835,-0.0003006149,-0.0003010084,-0.0002937338,-0.0003292257,-0.0003619251,-0.0004346639,-0.0004998898,-0.0006088954,-0.0007022402,-0.0008406193,-0.0009595743,-0.001123044,-0.001263341,-0.00144945,-0.001608561,-0.001812658,-0.001988535,-0.002206728,-0.002394341,-0.002625063,-0.002818675,-0.003058084,-0.003253751,-0.003494098,-0.003688349,-0.003922198,-0.004108228,-0.004330344,-0.004497644,-0.004701291,-0.004840417,-0.005015144,-0.005119519,-0.005254745,-0.005315289,-0.005401496,-0.005404464,-0.005430026,-0.005361903,-0.005314281,-0.005165119,-0.005036337,-0.00480161,-0.00459218,-0.004276805,-0.003996994,-0.0036152,-0.003284782,-0.002856952,-0.002503351,-0.002058177,-0.001716436,-0.001293789,-0.001008683,-0.0006711109,-0.0004942332,-0.000253169,-6.642372e-05,8.446547e-05,-1.985313e-06,-5.988024e-05,-0.0002793651,-0.0004195418,-0.0007607815,-0.001007793
-0.0007982565,-0.00115813,-0.001410897,-0.001944754,-0.002341201,-0.002925672,-0.003219289,-0.002607879,-0.00367047,-0.003531883,-0.003679755,-0.003619065,-0.003673708,-0.003637136,-0.003656046,-0.003567545,-0.003522973,-0.003394481,-0.003299078,-0.003145446,-0.00301078,-0.002837431,-0.002681021,-0.002488735,-0.002318495,-0.002119194,-0.001932842,-0.001736784,-0.001540087,-0.001346398,-0.001155303,-0.0009659817,-0.0007872749,-0.0006156171,-0.0004492947,-0.0003066374,-0.0001611367,-4.752572e-05,6.459608e-05,0.0001481724,0.0002244075,0.0002685785,0.0003129771,0.0003125963,0.0003205509,0.0002800745,0.000243966,0.000164496,8.860455e-05,-3.200317e-05,-0.0001406442,-0.0002970916,-0.0004355096,-0.0006212689,-0.0007862977,-0.0009996485,-0.00118819,-0.001425612,-0.001635336,-0.001890914,-0.002117375,-0.002388179,-0.002625353,-0.002909549,-0.00315275,-0.003444015,-0.003689656,-0.003979694,-0.004223396,-0.004507022,-0.004740706,-0.005013125,-0.005225861,-0.005476993,-0.005659379,-0.005876429,-0.006020156,-0.006192693,-0.006285239,-0.006401479,-0.006425858,-0.006469319,-0.006409046,-0.006363878,-0.006206338,-0.006063615,-0.005803868,-0.005564573,-0.005208693,-0.004884668,-0.004447761,-0.004061923,-0.003568526,-0.003153203,-0.002638721,-0.002233488,-0.001740003,-0.001372325,-0.0009367216,-0.0006777231,-0.0004933501,-0.0004059536,-0.0002201748,-0.0002042102,-0.0001601334,-0.0003209235,-0.0003920552,-0.0006515114
-0.001077834,-0.001205217,-0.001480839,-0.001499355,-0.001647814,-0.00159383,-0.001768214,-0.002835515,-0.002135148,-0.002568573,-0.002645594,-0.002850536,-0.002869071,-0.002905996,-0.002824667,-0.002791462,-0.002665118,-0.0025774,-0.002420911,-0.002289502,-0.00211417,-0.00195373,-0.001759338,-0.001584622,-0.001377478,-0.001188832,-0.000982457,-0.0007803788,-0.0005801903,-0.0003783482,-0.000181785,7.976968e-06,0.000193192,0.0003693594,0.0005275403,0.0006858167,0.000811177,0.000938946,0.001033383,0.001122274,0.001179797,0.001232417,0.00124345,0.001260039,0.00122443,0.001195349,0.001116778,0.001039975,0.0009169029,0.0008011134,0.0006356164,0.0004857173,0.0002847284,0.0001023013,-0.0001313753,-0.0003434063,-0.000608155,-0.0008472922,-0.001137519,-0.001400197,-0.001710375,-0.001990097,-0.002318093,-0.002609123,-0.002951266,-0.003249942,-0.003598279,-0.003901495,-0.004250152,-0.004553292,-0.004899579,-0.005193524,-0.005530395,-0.005803921,-0.006117668,-0.006360839,-0.006638188,-0.006839852,-0.007069497,-0.00721313,-0.007378916,-0.007444397,-0.007525131,-0.00749251,-0.007469511,-0.007323217,-0.0071859,-0.006919984,-0.006668586,-0.006288535,-0.005935971,-0.005457471,-0.005028835,-0.004480852,-0.004013807,-0.003441384,-0.002988315,-0.002465501,-0.002092412,-0.001645366,-0.001240988,-0.0008759391,-0.000752111,-0.0006016126,-0.0006214333,-0.0005697032,-0.0007283732,-0.0008041436
-0.0007498774,-0.0009136885,-0.0009866162,-0.001345672,-0.001593493,-0.002026828,-0.002232735,-0.001461754,-0.002436097,-0.002212706,-0.002273438,-0.002143313,-0.002128936,-0.002035433,-0.001999186,-0.001862971,-0.001770696,-0.00160026,-0.001461626,-0.001269958,-0.001095564,-0.0008873786,-0.000695108,-0.0004715625,-0.0002689566,-4.207337e-05,0.0001737185,0.0003939199,0.0006165458,0.0008311481,0.001044344,0.001250986,0.001447842,0.00163207,0.001811952,0.0019622,0.002116391,0.002233196,0.002348975,0.002430632,0.00250507,0.002541051,0.002577199,0.002561102,0.002552157,0.002487141,0.002424931,0.002312493,0.002202917,0.002042154,0.001893018,0.00168931,0.001502289,0.001260136,0.001036159,0.0007554886,0.000496909,0.0001815611,-0.0001082782,-0.0004509385,-0.0007662575,-0.001132707,-0.001467076,-0.001855241,-0.00220391,-0.002607284,-0.002967259,-0.003378992,-0.003748424,-0.004166986,-0.004540988,-0.004963954,-0.005332579,-0.005748898,-0.00610045,-0.006493881,-0.00681646,-0.007173797,-0.007452703,-0.007760186,-0.007975485,-0.008211626,-0.008339449,-0.008478746,-0.008495021,-0.008515706,-0.008401491,-0.008289881,-0.00803655,-0.007790587,-0.007400794,-0.007033179,-0.006523924,-0.006062238,-0.005467172,-0.004951717,-0.004316725,-0.00378084,-0.003151834,-0.002680206,-0.002275539,-0.001954029,-0.001527211,-0.001271813,-0.0009889787,-0.0009170672,-0.00076384,-0.0008069531
-0.001514536,-0.001409158,-0.001459725,-0.001275872,-0.001220954,-0.0009956448,-0.0009568778,-0.001913442,-0.001055745,-0.001349194,-0.001312026,-0.001403527,-0.001326433,-0.001269306,-0.001104433,-0.0009888258,-0.0007878657,-0.0006249688,-0.0003998234,-0.0001981968,4.123782e-05,0.0002669862,0.0005210328,0.000756227,0.001018456,0.001263758,0.001520939,0.001775818,0.002022905,0.002273222,0.002512952,0.00274686,0.002970541,0.003186173,0.003377501,0.003570431,0.003724528,0.003882196,0.00400087,0.004114411,0.004190329,0.004261529,0.004283479,0.004310101,0.004276009,0.004246661,0.004160158,0.004074334,0.003935285,0.003803049,0.003613812,0.003438745,0.003203945,0.002984456,0.002704,0.002441354,0.002116437,0.001813632,0.001450961,0.001112457,0.000717659,0.0003497048,-7.542541e-05,-0.0004667638,-0.0009177432,-0.001328812,-0.001798633,-0.002228748,-0.002715077,-0.003163174,-0.003667067,-0.004127148,-0.00464379,-0.005105897,-0.005620721,-0.006072082,-0.006567681,-0.006992966,-0.007455349,-0.007836636,-0.008248466,-0.008563184,-0.008898189,-0.009118243,-0.009346657,-0.009442719,-0.009538004,-0.009486551,-0.009430556,-0.009218591,-0.009006624,-0.008633857,-0.008277321,-0.007761924,-0.007290397,-0.006672367,-0.006135914,-0.005491937,-0.004964423,-0.004333071,-0.003711197,-0.003111645,-0.002739944,-0.002329779,-0.002086701,-0.00177121,-0.001667767,-0.001489152
-0.001869708,-0.001756193,-0.001565422,-0.001659734,-0.001671301,-0.001860349,-0.001897344,-0.0008783584,-0.001677907,-0.001291037,-0.00118476,-0.0009101643,-0.000751548,-0.0005292704,-0.0003664016,-0.0001138665,9.442488e-05,0.0003727215,0.0006203728,0.0009136944,0.00119113,0.001495462,0.001784634,0.002098843,0.002393217,0.002705479,0.003008458,0.00330905,0.003613891,0.003904578,0.004195053,0.004473011,0.004742017,0.004991801,0.005238699,0.005449548,0.005666047,0.005839222,0.006012187,0.006144911,0.006270786,0.006350797,0.006430454,0.006448884,0.006472699,0.006431975,0.006392671,0.006295873,0.006201297,0.006048044,0.005905078,0.005698507,0.005505098,0.00524597,0.005000342,0.004687274,0.004391801,0.004029403,0.003687959,0.003283295,0.002900432,0.002455274,0.00203665,0.001553354,0.001104208,0.0005892374,0.0001105912,-0.0004323116,-0.000941715,-0.001514181,-0.002052312,-0.002655374,-0.003216277,-0.003842215,-0.004415911,-0.005046973,-0.00561728,-0.006235425,-0.006784107,-0.007374548,-0.007882258,-0.008423694,-0.008864487,-0.009325727,-0.009665907,-0.01001193,-0.01021616,-0.01041449,-0.01045363,-0.01048079,-0.01033576,-0.01018327,-0.009851313,-0.00952896,-0.009028723,-0.008564317,-0.007932723,-0.007353357,-0.006634292,-0.006028108,-0.005457921,-0.004934533,-0.004277151,-0.003771964,-0.003223361,-0.002875661,-0.002443267,-0.002203691
-0.003468963,-0.003075265,-0.002833333,-0.002375485,-0.002035391,-0.00155927,-0.001213981,-0.001974224,-0.000875289,-0.0009394178,-0.0007038736,-0.0005958707,-0.0003405373,-0.000105993,0.0002232652,0.000502501,0.0008570339,0.001174334,0.001545218,0.001894147,0.002272677,0.002638587,0.003025427,0.003394291,0.003783164,0.004156635,0.004534425,0.004911877,0.005274314,0.005641532,0.005991554,0.006336541,0.006664359,0.006985325,0.00727495,0.007568177,0.00781602,0.008068735,0.00827609,0.008478889,0.008636946,0.008790186,0.008885107,0.008983298,0.009011516,0.00904308,0.009009845,0.008976603,0.008882564,0.00879424,0.008639759,0.008496184,0.008281834,0.008077826,0.007801394,0.007537828,0.007201037,0.006881421,0.006490675,0.006117558,0.005675378,0.005252464,0.004759219,0.004292336,0.003752488,0.003243662,0.002661329,0.00210791,0.001482857,0.0008847213,0.0002141603,-0.0004258064,-0.001141809,-0.001819336,-0.002570091,-0.003272949,-0.004038155,-0.004746329,-0.005508517,-0.006203303,-0.006946902,-0.007608272,-0.008307789,-0.008904913,-0.009523647,-0.01001605,-0.01051257,-0.01085875,-0.01119451,-0.01135902,-0.01150538,-0.01146301,-0.01140622,-0.01115088,-0.01089764,-0.01044907,-0.01003152,-0.009453392,-0.008938302,-0.008269331,-0.007551901,-0.006813831,-0.006264524,-0.00564168,-0.005159269,-0.004583786,-0.004202004,-0.003738146
-0.004798871,-0.004390144,-0.003905375,-0.003687478,-0.003408922,-0.003284057,-0.003088271,-0.001744978,-0.002287108,-0.001659212,-0.001301842,-0.0008007321,-0.0004120335,2.352044e-05,0.0003996475,0.0008536058,0.001264436,0.001735374,0.002177617,0.002656208,0.003120702,0.003603558,0.004072486,0.004558755,0.005026636,0.005504316,0.00597473,0.006434529,0.006900606,0.007345079,0.007790413,0.00821584,0.008633225,0.009023752,0.009413277,0.009759408,0.01011284,0.01041593,0.01071953,0.01097579,0.0112254,0.01142034,0.01161399,0.01173662,0.01186343,0.01191755,0.01197251,0.01196243,0.01195366,0.01187718,0.01180819,0.0116645,0.01152919,0.01131649,0.0111124,0.01082976,0.01056003,0.01021217,0.009878902,0.009469233,0.009072891,0.008599811,0.008144369,0.007609261,0.007098067,0.006504301,0.005934051,0.005281894,0.004650146,0.003937979,0.003246852,0.002471518,0.001721967,0.0008849443,8.11694e-05,-0.0008027452,-0.001644112,-0.002554431,-0.003412617,-0.004334297,-0.005192458,-0.006108022,-0.00694331,-0.007821967,-0.008597354,-0.009396761,-0.01006561,-0.01073839,-0.01125344,-0.01175503,-0.01207313,-0.01236838,-0.01245827,-0.01252732,-0.01237851,-0.01222111,-0.01184537,-0.01146546,-0.01088688,-0.01035699,-0.009811495,-0.0092532,-0.008507202,-0.007866766,-0.007142149,-0.006582119,-0.005911995,-0.005408233
-0.007397281,-0.00675572,-0.006239225,-0.005512175,-0.004870803,-0.00412208,-0.003424973,-0.003940879,-0.002550175,-0.002319538,-0.001820274,-0.001439204,-0.0009314546,-0.0004401906,0.0001330667,0.0006590871,0.001249885,0.001806523,0.002406899,0.00298827,0.00358991,0.004181272,0.004785361,0.005373426,0.005973329,0.006560126,0.007142565,0.007727333,0.008288875,0.008856958,0.009399985,0.009938866,0.01045254,0.01096092,0.01142987,0.01190423,0.01232522,0.01275191,0.01312567,0.01349514,0.01381139,0.01412226,0.01436486,0.01460988,0.01477622,0.0149456,0.01504262,0.01513884,0.01516543,0.01519538,0.01514823,0.01510772,0.01498485,0.01486788,0.01466773,0.01447648,0.01420149,0.0139385,0.01359198,0.0132551,0.01283486,0.01242473,0.01192899,0.01144915,0.01087898,0.01032619,0.00968066,0.009049078,0.008327072,0.007617775,0.006817281,0.006032017,0.005149381,0.004286506,0.003326379,0.00239298,0.001372425,0.0003876068,-0.0006760085,-0.001694356,-0.002788124,-0.003824288,-0.004927269,-0.005953812,-0.007030338,-0.008004598,-0.009007357,-0.009877974,-0.01075459,-0.01146829,-0.01216831,-0.01267402,-0.01315407,-0.01341352,-0.01364628,-0.01364544,-0.01362952,-0.01340152,-0.01317734,-0.01274164,-0.01218421,-0.01154343,-0.01102867,-0.01038137,-0.009820261,-0.009120125,-0.008567106,-0.007902214
-0.009701238,-0.0091018,-0.008408075,-0.007936697,-0.007412536,-0.006992299,-0.006579208,-0.004908761,-0.005170583,-0.004277702,-0.003629548,-0.002858047,-0.002185064,-0.001478653,-0.0008247169,-0.0001029615,0.0005815333,0.001316652,0.002028193,0.002766689,0.003495577,0.004234516,0.004963161,0.005701378,0.006424572,0.007149166,0.007870223,0.008572146,0.009283436,0.009964933,0.01064889,0.01130472,0.011954,0.01256784,0.01318252,0.01374487,0.01431549,0.01482728,0.01533986,0.01579664,0.01624648,0.01663185,0.01701549,0.01731894,0.01762672,0.01785407,0.01808172,0.0182356,0.0183887,0.01846335,0.01854175,0.01853405,0.01853091,0.0184402,0.01835518,0.01818212,0.01801846,0.0177658,0.0175214,0.01718763,0.01685916,0.01643985,0.0160289,0.01552204,0.01502659,0.01442958,0.01384102,0.01315116,0.01246663,0.01168272,0.01090502,0.01002327,0.009150725,0.00816873,0.007199975,0.006125874,0.005070995,0.003919864,0.002796176,0.001580514,0.000401927,-0.0008648768,-0.002081053,-0.003374398,-0.00459672,-0.005877999,-0.007060439,-0.008278813,-0.009366066,-0.01046423,-0.01139547,-0.01231559,-0.01303219,-0.01372245,-0.01417903,-0.01460198,-0.01477302,-0.01489439,-0.01476611,-0.01462075,-0.01440344,-0.01410308,-0.01354611,-0.01302603,-0.01235906,-0.01179333,-0.01106793,-0.01045427
-0.01308198,-0.01237205,-0.01173295,-0.01087125,-0.01003589,-0.009110311,-0.008126377,-0.008446494,-0.006806106,-0.006295936,-0.005540806,-0.004877951,-0.004102119,-0.00332699,-0.002477409,-0.001663978,-0.0007932861,5.212775e-05,0.0009332368,0.001803061,0.002685711,0.003564727,0.004449906,0.005324633,0.006204191,0.007076179,0.007936117,0.00880348,0.009639741,0.01048571,0.01129866,0.01210951,0.0128867,0.01366062,0.01438575,0.01511753,0.01578658,0.01646169,0.01707518,0.01768421,0.0182306,0.01877153,0.01923489,0.01970142,0.0200814,0.02046431,0.02076628,0.02106541,0.02128434,0.02150321,0.02163369,0.02176751,0.02180936,0.02185513,0.02180948,0.02177085,0.02163946,0.02151592,0.02129791,0.02108356,0.02077409,0.0204677,0.02006214,0.01966268,0.01915633,0.01865439,0.01804196,0.01742948,0.01670869,0.01598626,0.01515413,0.01432226,0.01337372,0.01242826,0.01136368,0.01030448,0.009131588,0.007968728,0.006697639,0.005444315,0.004084594,0.002752369,0.001318639,-7.377689e-05,-0.001555824,-0.002975304,-0.004465673,-0.005864307,-0.007309251,-0.008627153,-0.009964394,-0.01113347,-0.01229706,-0.01325135,-0.0141809,-0.01486953,-0.01552278,-0.01593677,-0.01631216,-0.01643346,-0.01636585,-0.01615182,-0.01599319,-0.01563229,-0.01528479,-0.01473434,-0.01425975,-0.01362202
-0.0159269,-0.01538157,-0.01470541,-0.01417964,-0.01359321,-0.01303057,-0.0125419,-0.01066658,-0.0107367,-0.009661065,-0.008780284,-0.007785573,-0.006858267,-0.005901643,-0.004977951,-0.003990053,-0.00302437,-0.002013089,-0.001012817,9.162028e-06,0.001032759,0.002062009,0.003090441,0.004123962,0.005151076,0.006174084,0.007201627,0.008203496,0.009220659,0.010201,0.01118754,0.01213837,0.01308552,0.01398825,0.01489382,0.01573728,0.01658997,0.01737484,0.01816075,0.01888189,0.0195964,0.0202375,0.02087834,0.02143121,0.02198919,0.0224584,0.02292608,0.02330965,0.02368914,0.02397897,0.02426955,0.0244646,0.02466301,0.0247666,0.02487541,0.02488889,0.02490973,0.02483282,0.02476048,0.02458976,0.02442025,0.02414984,0.02388166,0.0235048,0.02313016,0.02263973,0.02214714,0.02153871,0.0209239,0.02019381,0.01945694,0.01859909,0.01773675,0.01674726,0.01575427,0.01463389,0.01350991,0.01226198,0.01101436,0.009644561,0.008282699,0.006799763,0.005333516,0.003751089,0.002198342,0.0005405298,-0.001066014,-0.002758422,-0.004368857,-0.006038894,-0.007587702,-0.009167829,-0.0105816,-0.01199902,-0.01320545,-0.01438913,-0.01532461,-0.01619693,-0.01680008,-0.01734281,-0.01777667,-0.0180699,-0.01804497,-0.01798526,-0.01771051,-0.01746031,-0.01698865,-0.01655318
-0.01944215,-0.01896829,-0.01848909,-0.01776239,-0.0169783,-0.01610974,-0.01504228,-0.01534253,-0.01362325,-0.01297016,-0.01208348,-0.01124086,-0.01028665,-0.009300611,-0.008237755,-0.007187063,-0.006079199,-0.004977202,-0.003840858,-0.002698498,-0.001544312,-0.0003786487,0.0007923831,0.001966218,0.003143082,0.004324648,0.005490578,0.00667389,0.007821091,0.008984788,0.01010962,0.01123712,0.0123235,0.01341013,0.01443887,0.0154766,0.01644284,0.01741649,0.01832024,0.01922058,0.02005018,0.02087663,0.02161837,0.02236544,0.02301824,0.02367303,0.02423707,0.02479523,0.02526224,0.02572635,0.02609266,0.02646149,0.02673173,0.02700641,0.02718371,0.02736769,0.027452,0.02754249,0.02753194,0.02752374,0.0274141,0.02730527,0.02708887,0.02687377,0.02654196,0.02620856,0.02575505,0.02529443,0.02471452,0.0241238,0.02341018,0.02268627,0.0218318,0.02096828,0.01996937,0.01895867,0.01781209,0.01665196,0.0153563,0.01405138,0.01261023,0.01116592,0.009585094,0.008007364,0.006296422,0.004600395,0.002781428,0.0009993995,-0.0008856307,-0.002701206,-0.004593255,-0.00637348,-0.008200822,-0.009868252,-0.01155122,-0.01302831,-0.01448951,-0.01572616,-0.01691834,-0.01785124,-0.01855876,-0.01908191,-0.01960728,-0.01987465,-0.02008532,-0.02003172,-0.01997634,-0.01969998
-0.02202359,-0.02186908,-0.0215407,-0.02127273,-0.0209275,-0.0205013,-0.02020142,-0.01837426,-0.01846617,-0.01741557,-0.01648408,-0.01543433,-0.01440075,-0.01332908,-0.01225486,-0.01110986,-0.009958782,-0.008757898,-0.007543276,-0.006303158,-0.005039217,-0.003765644,-0.002473391,-0.001172728,0.0001392956,0.001448333,0.00277712,0.004078723,0.005406942,0.006695356,0.007997995,0.009260212,0.01052475,0.01173795,0.01295865,0.01410985,0.01527375,0.01636299,0.01745575,0.01847721,0.01949546,0.0204345,0.02137719,0.02222551,0.02307975,0.0238367,0.02458988,0.02524905,0.02590165,0.02645552,0.02700956,0.02746181,0.02791849,0.02827545,0.02863828,0.02890033,0.02916942,0.02933589,0.02950757,0.02957765,0.02964997,0.02961739,0.02958635,0.02944128,0.02929694,0.0290323,0.02876378,0.02837444,0.02797495,0.02745264,0.02691743,0.02625207,0.02557464,0.02475931,0.02392936,0.02295695,0.02196375,0.02082547,0.01966485,0.01835676,0.01703018,0.01555307,0.01405999,0.01241359,0.01075455,0.008943147,0.007130137,0.005174796,0.003240417,0.001183708,-0.0008180333,-0.002916831,-0.004916931,-0.006983206,-0.008900319,-0.01084478,-0.01258927,-0.01429953,-0.01576712,-0.01717139,-0.01846991,-0.01960637,-0.02039681,-0.02110456,-0.02154939,-0.02195252,-0.02208383,-0.02217495
-0.02477041,-0.02488067,-0.02490418,-0.02465549,-0.02425346,-0.02376816,-0.0229253,-0.02348465,-0.02197018,-0.02142642,-0.02064981,-0.01984835,-0.01892402,-0.01791826,-0.01682178,-0.01569853,-0.01450734,-0.01328854,-0.01202581,-0.01072667,-0.009406298,-0.008047329,-0.006673824,-0.005272945,-0.003861887,-0.002424393,-0.0009989481,0.000461247,0.001886363,0.003340868,0.004755535,0.006182642,0.007565228,0.008956242,0.0102848,0.01162933,0.01289798,0.01417935,0.01538659,0.01659575,0.01773043,0.01886802,0.01991655,0.02097387,0.02193049,0.022889,0.02374878,0.02460155,0.02535523,0.02610612,0.02675353,0.02740514,0.02795402,0.02850879,0.02896169,0.02942187,0.02977842,0.0301428,0.0304047,0.03067213,0.03083748,0.03100641,0.0310663,0.03112975,0.03107614,0.03102391,0.03085218,0.0306751,0.0303774,0.03006815,0.02963243,0.02918408,0.02860019,0.02800209,0.02726051,0.02649708,0.02558456,0.02464279,0.02354701,0.02242138,0.02113654,0.0198225,0.01834277,0.01683191,0.01514949,0.01343696,0.01155219,0.00964803,0.00758123,0.005517267,0.003308254,0.001136091,-0.001156951,-0.003368289,-0.00566616,-0.007831242,-0.0100384,-0.01208037,-0.01411492,-0.01593309,-0.01753526,-0.01895971,-0.02037277,-0.02151186,-0.02255382,-0.02329866,-0.02398234,-0.02440421
-0.0261857,-0.02674444,-0.02709883,-0.02742336,-0.02765806,-0.02769741,-0.02790771,-0.0264575,-0.02686606,-0.02613829,-0.02543563,-0.02460116,-0.0237159,-0.02277297,-0.02177748,-0.02069383,-0.01956141,-0.01836338,-0.01711286,-0.01582154,-0.01447123,-0.01309603,-0.01167015,-0.01022189,-0.008733377,-0.007237733,-0.00569803,-0.004179142,-0.00261458,-0.001085911,0.0004717063,0.001990334,0.003523876,0.005005939,0.006507132,0.007938366,0.009391895,0.01077007,0.01216005,0.01347817,0.01480166,0.01604458,0.01729778,0.01845317,0.01961758,0.02067996,0.02173993,0.02270069,0.02365663,0.0245097,0.02536576,0.0261171,0.02687515,0.02753017,0.02819223,0.02875037,0.02931746,0.0297812,0.03025405,0.03062652,0.03100589,0.03128187,0.03156416,0.03173505,0.0319127,0.03197476,0.03203906,0.03198668,0.03192824,0.03174901,0.03155941,0.03124052,0.03091027,0.03044075,0.02995337,0.02931828,0.0286543,0.0278353,0.02698086,0.02596394,0.02490989,0.02368471,0.02241814,0.02097035,0.01947544,0.01779049,0.01605794,0.01413362,0.01217136,0.01002462,0.007860809,0.005526441,0.003208146,0.000744014,-0.001658,-0.004164629,-0.006554908,-0.008976528,-0.01122614,-0.01345309,-0.01562429,-0.01766015,-0.01937243,-0.02099831,-0.02235844,-0.02364556,-0.02464478,-0.02555074
-0.02734134,-0.02830738,-0.02912073,-0.02965412,-0.0299441,-0.03016017,-0.02986551,-0.03098653,-0.03000158,-0.02987332,-0.02951173,-0.02904593,-0.02843979,-0.02769199,-0.02683121,-0.02589243,-0.02486453,-0.02376246,-0.02259575,-0.0213497,-0.02006179,-0.01869595,-0.01729526,-0.01583115,-0.01433975,-0.01279029,-0.01124026,-0.009629299,-0.008043892,-0.00640823,-0.00480538,-0.003172248,-0.001578267,4.131305e-05,0.001603274,0.003196544,0.004718048,0.006265042,0.007741562,0.009231952,0.0106504,0.01208204,0.01342483,0.01478359,0.01604095,0.01730549,0.0184703,0.01963293,0.02069541,0.02176017,0.02272071,0.0236894,0.02455375,0.02542624,0.02619476,0.02697284,0.02764698,0.02833276,0.02891787,0.02951335,0.03000961,0.0305153,0.03091625,0.03132817,0.03162987,0.03194152,0.03214144,0.03234357,0.03243155,0.03251426,0.03247603,0.0324306,0.03225416,0.03206634,0.031737,0.03138482,0.03088192,0.03034474,0.02964753,0.02891021,0.02800227,0.02704866,0.025912,0.0247206,0.02333271,0.02188174,0.02022321,0.01849965,0.01656465,0.01457151,0.01236959,0.01012832,0.007690007,0.00524541,0.002631492,5.680046e-05,-0.002640624,-0.005263777,-0.007949914,-0.01050436,-0.01289743,-0.01516815,-0.01746167,-0.01951801,-0.02148427,-0.0231684,-0.02476976,-0.0261067
-0.02693807,-0.02840007,-0.02965655,-0.03081188,-0.03188359,-0.03265834,-0.03365294,-0.03288576,-0.03389771,-0.03379636,-0.03362367,-0.03330725,-0.0328689,-0.03234993,-0.03172097,-0.03097969,-0.03013705,-0.02920421,-0.02816981,-0.02706985,-0.02586542,-0.02461098,-0.02326364,-0.02187063,-0.02039908,-0.01890137,-0.0173264,-0.01575681,-0.01411394,-0.01249397,-0.01082133,-0.009176207,-0.007493212,-0.00585063,-0.004167046,-0.002543305,-0.0008786197,0.0007196999,0.002346235,0.003908343,0.005490237,0.006996237,0.008524139,0.009958006,0.01141096,0.01276616,0.01412825,0.01539479,0.01666521,0.01783568,0.01901602,0.02009288,0.0211806,0.0221652,0.02316014,0.02405184,0.02495651,0.0257599,0.02657668,0.02729585,0.02802712,0.02865962,0.02930574,0.02984773,0.03040548,0.03085674,0.03131929,0.03167424,0.03203152,0.03227669,0.03251968,0.03264183,0.03275979,0.03274594,0.03271908,0.03254993,0.03235388,0.03200532,0.03161947,0.03106915,0.0304744,0.02970128,0.02887355,0.02785174,0.02676258,0.02546295,0.02408537,0.02248394,0.02079978,0.01888365,0.0168886,0.01465978,0.01236906,0.009856482,0.007315069,0.004585654,0.001873968,-0.0009528448,-0.003706118,-0.006508738,-0.009343201,-0.01211225,-0.01462995,-0.01710608,-0.01936701,-0.02157031,-0.02351689,-0.02535716
-0.02607233,-0.02798715,-0.02971466,-0.03118462,-0.03234599,-0.03346453,-0.03395043,-0.0358574,-0.03566679,-0.03621901,-0.03654911,-0.03670086,-0.03669937,-0.03649673,-0.03615809,-0.03568609,-0.03509929,-0.03438578,-0.03358091,-0.03264721,-0.03164411,-0.03051677,-0.02932716,-0.02803116,-0.02668346,-0.02523877,-0.02377253,-0.02221136,-0.02065704,-0.01902282,-0.01740381,-0.01572607,-0.01406999,-0.01236,-0.01069089,-0.008965056,-0.007295826,-0.005579173,-0.003919709,-0.002227282,-0.0005967669,0.001063205,0.002642863,0.004253573,0.0057727,0.007313561,0.008764405,0.01022648,0.01159651,0.01297996,0.0142647,0.01556496,0.01676401,0.01797645,0.01908783,0.02021383,0.0212392,0.0222804,0.02322367,0.02418095,0.02504272,0.02591964,0.0266984,0.027496,0.02819208,0.02890648,0.02951875,0.03014174,0.03066069,0.03118346,0.03159572,0.03200978,0.03230342,0.03259388,0.03275323,0.03289675,0.03289885,0.03287166,0.03269099,0.03247138,0.03208362,0.03164642,0.03102433,0.03033856,0.02944924,0.02848094,0.02728975,0.02600622,0.02448297,0.0228584,0.02098076,0.01900316,0.01676855,0.0144502,0.01188921,0.009275733,0.006458174,0.00361433,0.0006235493,-0.00234319,-0.00523329,-0.008092525,-0.0110474,-0.0138489,-0.01661419,-0.01916201,-0.02164927,-0.02391543
-0.02368255,-0.0260332,-0.0282144,-0.03025639,-0.03225001,-0.03387787,-0.03578929,-0.03589066,-0.0376886,-0.0384257,-0.03901023,-0.03945262,-0.0397119,-0.03987411,-0.03987255,-0.03973623,-0.03944607,-0.03904027,-0.03848253,-0.03783212,-0.03702962,-0.0361488,-0.03513012,-0.03403856,-0.03282613,-0.03156271,-0.03018318,-0.0287858,-0.02728026,-0.02577477,-0.02418318,-0.0225958,-0.02093669,-0.01929493,-0.0175802,-0.01590376,-0.01415831,-0.0124597,-0.01070837,-0.009005447,-0.007261523,-0.005579861,-0.00385629,-0.002211717,-0.0005281072,0.001073644,0.00270115,0.00424727,0.005813708,0.007291214,0.008790587,0.01019402,0.01161681,0.01294262,0.01428619,0.01553224,0.01679693,0.01796418,0.01914791,0.02023679,0.02134124,0.02235178,0.02338184,0.02431499,0.02527048,0.02612767,0.02700301,0.02778025,0.02856811,0.02925461,0.02994794,0.03053169,0.0311203,0.03158937,0.0320549,0.03239141,0.0327105,0.03288979,0.03303957,0.03303534,0.03299122,0.03277619,0.03250733,0.03204851,0.03151847,0.03077704,0.0299462,0.02888148,0.02771033,0.0262837,0.02473857,0.02292071,0.0209838,0.01877031,0.01645283,0.01387848,0.01123048,0.008387234,0.005513806,0.00250812,-0.0006341211,-0.003805212,-0.0068299,-0.009892765,-0.01283371,-0.01577327,-0.01853031,-0.02120905
-0.02088927,-0.02363293,-0.02619238,-0.02855153,-0.0305739,-0.03261247,-0.03394613,-0.03670824,-0.03743283,-0.03880289,-0.03998339,-0.04093092,-0.04172672,-0.04227489,-0.04267288,-0.04288968,-0.04297128,-0.04287885,-0.04267156,-0.04228984,-0.04181302,-0.04116847,-0.04043498,-0.03955307,-0.03859331,-0.03749586,-0.03635112,-0.03507305,-0.03377541,-0.03236084,-0.03093353,-0.02940977,-0.02787924,-0.0262577,-0.02464977,-0.02295126,-0.02128383,-0.01953906,-0.01782895,-0.01605973,-0.01433313,-0.01255249,-0.01083223,-0.009056071,-0.007349872,-0.005597959,-0.003915443,-0.002199989,-0.0005592094,0.001112397,0.002698404,0.004312708,0.00583636,0.007383924,0.008839894,0.01031879,0.01170389,0.01310916,0.01442012,0.01574715,0.01698213,0.01823554,0.01939631,0.02058018,0.02166888,0.02277995,0.02379636,0.02482912,0.02576751,0.0267172,0.02756709,0.02842662,0.02917754,0.02993421,0.03057402,0.03120881,0.03171818,0.03220969,0.03256366,0.03288901,0.03306098,0.03319171,0.03315062,0.0330513,0.03275876,0.03238828,0.03180006,0.03111257,0.03018135,0.02912982,0.0278085,0.02635283,0.02460835,0.02272762,0.02055617,0.01826066,0.01569804,0.01302012,0.01011866,0.007133692,0.004132771,0.001057928,-0.002202375,-0.00541863,-0.008682148,-0.01182754,-0.01496825,-0.01796825
-0.01685068,-0.01987781,-0.02280603,-0.02559485,-0.0284001,-0.03081276,-0.03359032,-0.03457157,-0.03717474,-0.03880344,-0.04022564,-0.04152779,-0.04260668,-0.0435871,-0.04436511,-0.04499742,-0.0454355,-0.04574165,-0.04585581,-0.04585769,-0.04566875,-0.04537926,-0.04491376,-0.04435164,-0.04362981,-0.04283181,-0.04187874,-0.04088037,-0.03973524,-0.03855981,-0.03725846,-0.03592941,-0.03448837,-0.03303334,-0.0314672,-0.02990915,-0.0282474,-0.02660429,-0.02487734,-0.02317384,-0.02140038,-0.01966468,-0.01785791,-0.0161038,-0.01428214,-0.01251622,-0.0106979,-0.008937599,-0.007134007,-0.005400251,-0.003626758,-0.001933569,-0.0002065165,0.001437243,0.003110772,0.0046976,0.006310565,0.007832596,0.009374114,0.01082455,0.01229229,0.01367006,0.01506962,0.0163768,0.01770796,0.01894576,0.02020398,0.02137117,0.02255377,0.02364406,0.02474711,0.02575051,0.02676549,0.0276734,0.0285871,0.02938778,0.03018313,0.03085679,0.03151419,0.03203648,0.03253196,0.03287552,0.03317734,0.03330743,0.03337631,0.03324981,0.03303982,0.03260713,0.03206655,0.03127344,0.03034908,0.02914316,0.02778999,0.0261362,0.02433123,0.02222831,0.01998375,0.01748453,0.0148663,0.01204263,0.00898385,0.005801645,0.002653473,-0.0006231912,-0.003889579,-0.007232897,-0.01049328,-0.01373188
-0.0126694,-0.01595394,-0.01909091,-0.02211428,-0.02481057,-0.02760532,-0.02967676,-0.03318806,-0.03477258,-0.03692955,-0.0389524,-0.04071481,-0.04234643,-0.04370607,-0.04491808,-0.04591935,-0.04677955,-0.04743471,-0.04796434,-0.04828872,-0.04850351,-0.04851979,-0.04842928,-0.04815757,-0.04778685,-0.04724291,-0.04662633,-0.04583896,-0.04500212,-0.04400904,-0.04297004,-0.04179385,-0.04057746,-0.03923015,-0.03786352,-0.03636873,-0.03487272,-0.0332646,-0.03166092,-0.02996549,-0.0282838,-0.02651551,-0.02477737,-0.02295123,-0.02116451,-0.01930182,-0.01747985,-0.01559747,-0.01376489,-0.01187862,-0.01005695,-0.008188187,-0.006391576,-0.004555319,-0.002795121,-0.001000661,0.0007108812,0.002448569,0.004098473,0.00576688,0.007347467,0.008947427,0.01045839,0.01199232,0.01343435,0.01489808,0.0162715,0.01766248,0.01896578,0.02028354,0.02150945,0.02274883,0.02388926,0.02504143,0.02609025,0.02714384,0.02808946,0.02903015,0.02985341,0.0306627,0.03134055,0.0319927,0.03249596,0.03295641,0.03324661,0.03347294,0.03350326,0.03344519,0.03316146,0.03276218,0.03210404,0.03130554,0.03021763,0.02897145,0.02741834,0.02569921,0.02367878,0.0214797,0.01900327,0.01635571,0.0136129,0.01070181,0.007522517,0.004279362,0.0009018892,-0.002467701,-0.005904088,-0.009298792
-0.007669949,-0.01103833,-0.01440039,-0.017655,-0.0210117,-0.02398713,-0.02741902,-0.02912502,-0.03238804,-0.03479144,-0.0369647,-0.03906046,-0.04091888,-0.04269655,-0.04425602,-0.04567704,-0.04688456,-0.04796077,-0.04882449,-0.04957182,-0.05010722,-0.05053324,-0.05075977,-0.05087588,-0.05080413,-0.0506366,-0.0502812,-0.0498543,-0.04924459,-0.04857323,-0.04773743,-0.04684078,-0.04579315,-0.04469848,-0.04345463,-0.04218522,-0.04077562,-0.03935115,-0.03780771,-0.03625515,-0.03459762,-0.03294475,-0.031186,-0.02944631,-0.02760622,-0.02578951,-0.02388977,-0.02201856,-0.02007698,-0.01817944,-0.01621917,-0.01431613,-0.01235957,-0.01046628,-0.008527775,-0.006660467,-0.004757047,-0.002933838,-0.001085823,0.0006780038,0.002461036,0.00415814,0.005876456,0.007504999,0.009155328,0.01071481,0.0122929,0.01378403,0.01529069,0.0167106,0.01814452,0.01948559,0.02084072,0.02209862,0.02336814,0.024539,0.02571469,0.0267871,0.02785685,0.02881316,0.02975862,0.03057656,0.03137025,0.0320184,0.03262371,0.03306087,0.03343293,0.03360972,0.03369519,0.03355348,0.03329179,0.03276742,0.03209621,0.03113139,0.02999909,0.0285594,0.02694042,0.02503679,0.02295316,0.02061572,0.01796947,0.01512551,0.01221892,0.009106605,0.005902402,0.002543559,-0.0008370678,-0.004263825
-0.002881653,-0.006344479,-0.009716862,-0.01307787,-0.0161515,-0.01941689,-0.02198395,-0.02600008,-0.02823929,-0.03100094,-0.03370101,-0.03614042,-0.03848878,-0.04056618,-0.04251819,-0.04425365,-0.04586144,-0.04725564,-0.04853175,-0.04959282,-0.05054617,-0.05128882,-0.05192076,-0.05235381,-0.05267709,-0.05280274,-0.05283657,-0.0526698,-0.05242712,-0.05199483,-0.05148657,-0.05080581,-0.05005406,-0.04913578,-0.04816587,-0.04703237,-0.04586355,-0.0445472,-0.04320071,-0.04172647,-0.040231,-0.03861279,-0.03698923,-0.0352434,-0.03350227,-0.03165307,-0.02981195,-0.02788064,-0.0259696,-0.02397865,-0.02202528,-0.02000184,-0.01802624,-0.01599191,-0.01401369,-0.01198729,-0.01002861,-0.00803474,-0.006117526,-0.004176898,-0.002317228,-0.0004375546,0.001356567,0.003171337,0.004896292,0.006639616,0.008295015,0.009965412,0.01155153,0.0131507,0.01466255,0.01618744,0.01761989,0.01906589,0.02041878,0.02178228,0.02305271,0.0243284,0.02550582,0.02668309,0.0277518,0.02881164,0.02974872,0.03066214,0.03143437,0.03216388,0.03272913,0.03322877,0.03353615,0.03375048,0.0337382,0.03360296,0.03320428,0.03265319,0.03180882,0.03078684,0.0294599,0.02792231,0.0260839,0.02401868,0.02180647,0.01935936,0.01658651,0.01366438,0.01054046,0.007326429,0.003975436,0.0005668121
0.002264943,-0.001086138,-0.004527703,-0.007911582,-0.01149064,-0.01472726,-0.01850708,-0.02067215,-0.0243339,-0.02726773,-0.02997407,-0.03266028,-0.03511994,-0.03753437,-0.03973894,-0.0418315,-0.04371481,-0.04548601,-0.04704652,-0.04850394,-0.04974881,-0.05089128,-0.05182879,-0.05265551,-0.05328138,-0.05380208,-0.05411437,-0.05433675,-0.05435068,-0.05427878,-0.05401373,-0.05366129,-0.05312749,-0.05251825,-0.05172811,-0.05088094,-0.04986052,-0.04879117,-0.04756819,-0.04630068,-0.04489244,-0.0434529,-0.0418728,-0.0402763,-0.03854699,-0.0368069,-0.03495323,-0.03309615,-0.03114056,-0.02919944,-0.02717016,-0.02517061,-0.02309543,-0.02105968,-0.01896144,-0.01691513,-0.01482016,-0.01279008,-0.0107265,-0.008735932,-0.006722266,-0.004788366,-0.002834138,-0.0009665939,0.000919381,0.002716671,0.004528684,0.006255833,0.007994956,0.00964995,0.0113163,0.01289392,0.01448426,0.01598415,0.01749707,0.01892193,0.02035729,0.02170445,0.0230589,0.02431938,0.02558266,0.02674215,0.0278945,0.02892905,0.02994141,0.03081748,0.03165268,0.03232874,0.03294065,0.03336462,0.03369609,0.03380331,0.03378606,0.0335069,0.0330705,0.03234534,0.03143292,0.03023613,0.02883095,0.02715485,0.02513108,0.02286746,0.02047495,0.01782748,0.01501406,0.01198708,0.008845313,0.005592865
0.006859066,0.003559239,0.000288401,-0.003071004,-0.006199343,-0.009610278,-0.0123734,-0.01658212,-0.01918654,-0.02227998,-0.02539192,-0.02826493,-0.03110029,-0.03368829,-0.0361901,-0.038492,-0.04069689,-0.04270107,-0.0446111,-0.0463163,-0.04793119,-0.04934181,-0.05065223,-0.05176302,-0.05276617,-0.0535626,-0.05425936,-0.05473982,-0.05512856,-0.05530775,-0.05539113,-0.0552789,-0.05507335,-0.05467564,-0.05420002,-0.05353278,-0.05279957,-0.051888,-0.05091289,-0.04977663,-0.04858446,-0.0472361,-0.04584753,-0.04430526,-0.04273351,-0.04102378,-0.03928961,-0.03743666,-0.03557329,-0.03360362,-0.03164216,-0.0295868,-0.02755256,-0.02543961,-0.0233604,-0.02121748,-0.01912361,-0.0169827,-0.01490301,-0.01279205,-0.01075163,-0.008688888,-0.006706269,-0.004704851,-0.002790088,-0.0008606982,0.0009829417,0.002837081,0.004608477,0.0063886,0.008083842,0.0097889,0.01140583,0.01303465,0.01457727,0.01613175,0.01760373,0.0190863,0.02048552,0.02189397,0.02321325,0.02453709,0.02576229,0.02698156,0.02808889,0.02917583,0.03013323,0.03105218,0.03181894,0.0325239,0.03304607,0.03347698,0.03368769,0.03377204,0.03359918,0.03326226,0.03264317,0.03181116,0.03068519,0.02931141,0.02777133,0.02596472,0.02380833,0.02145041,0.01885355,0.01609549,0.01314507,0.01005167
0.01141255,0.008377975,0.005168017,0.001963839,-0.001520845,-0.004715045,-0.008520602,-0.01084527,-0.01460301,-0.01776843,-0.02072731,-0.02373002,-0.0265361,-0.02934444,-0.03197091,-0.0345261,-0.03689542,-0.03918564,-0.04128486,-0.04330732,-0.04513366,-0.04687756,-0.04842762,-0.04987957,-0.05113409,-0.05228715,-0.05322769,-0.05407298,-0.05470022,-0.05523022,-0.05555327,-0.05577378,-0.05579538,-0.05572228,-0.05544722,-0.0550906,-0.05453601,-0.05390346,-0.05308906,-0.05219842,-0.05113695,-0.05001162,-0.04871644,-0.04737234,-0.0458675,-0.04432002,-0.04263195,-0.04090984,-0.03906339,-0.0372019,-0.03522804,-0.0332559,-0.0311868,-0.02913236,-0.02699813,-0.02489458,-0.02272839,-0.0206087,-0.01844443,-0.01633853,-0.01420325,-0.01213848,-0.01005262,-0.008048072,-0.006027531,-0.004092313,-0.002146489,-0.0002837115,0.001585927,0.00337296,0.005166844,0.006875023,0.008592508,0.01022425,0.01186707,0.01342876,0.01500185,0.01649711,0.01800431,0.01943213,0.02087129,0.02222607,0.02358689,0.02485476,0.0261189,0.02727757,0.0284193,0.02943903,0.03042409,0.03126461,0.03204663,0.03265196,0.03316742,0.03346771,0.03363942,0.03356151,0.03331256,0.03280487,0.03209024,0.03111711,0.02979258,0.02821983,0.02648629,0.02448063,0.02226889,0.01981207,0.01717129,0.01436967
0.01515882,0.01227632,0.009369973,0.006291881,0.003386527,0.0001238368,-0.002552462,-0.006649651,-0.009322334,-0.01245889,-0.01569121,-0.0187206,-0.02177135,-0.02461418,-0.02741989,-0.03005825,-0.03264042,-0.03504945,-0.0373977,-0.03956505,-0.04166918,-0.04358935,-0.04543075,-0.04708693,-0.04865009,-0.05001419,-0.05128463,-0.05234048,-0.05330278,-0.05405209,-0.05469884,-0.05514154,-0.05547972,-0.05561299,-0.05565149,-0.05548152,-0.05522303,-0.05476504,-0.05421722,-0.05348353,-0.05266555,-0.05166594,-0.05059672,-0.04934924,-0.04804257,-0.04657366,-0.04505146,-0.04338645,-0.04168281,-0.03984999,-0.03799766,-0.03603036,-0.03405851,-0.03198973,-0.02993225,-0.02779587,-0.02568842,-0.02352124,-0.02139762,-0.01923322,-0.01712619,-0.01499244,-0.0129306,-0.01085005,-0.008850808,-0.006839768,-0.004911252,-0.002976837,-0.001123598,0.0007333627,0.002507636,0.00428765,0.005983206,0.007687237,0.009309856,0.01094218,0.01249867,0.01406626,0.01556044,0.01706775,0.01850005,0.01994506,0.02131097,0.02268442,0.02397158,0.02525756,0.02644599,0.02762104,0.02868258,0.02971356,0.03060729,0.0314458,0.03211425,0.03269293,0.03306357,0.03330081,0.03329749,0.03310231,0.03264419,0.03194699,0.03109278,0.029973,0.02851135,0.02682858,0.02490002,0.02277138,0.02041834,0.0178606
0.01858287,0.0160588,0.01329669,0.01049813,0.007354364,0.004448622,0.0008893862,-0.001331162,-0.004911049,-0.008026333,-0.01096559,-0.01401023,-0.01689898,-0.01984126,-0.02264138,-0.02541701,-0.02804117,-0.03062486,-0.03304707,-0.03542427,-0.03763169,-0.0397835,-0.04176426,-0.04366942,-0.04539507,-0.04703566,-0.04847641,-0.04983054,-0.05097375,-0.0520217,-0.05286423,-0.05360112,-0.05413524,-0.05456619,-0.05478686,-0.05491144,-0.05482528,-0.05464168,-0.05425924,-0.0537779,-0.05310595,-0.05234566,-0.05139538,-0.05037036,-0.04916442,-0.04788969,-0.04645399,-0.04495844,-0.04331821,-0.04163735,-0.0398247,-0.03798894,-0.03603867,-0.03408032,-0.03202718,-0.02998407,-0.02786519,-0.02577397,-0.02362701,-0.02152246,-0.01938111,-0.01729868,-0.01519258,-0.01315998,-0.01111222,-0.009144646,-0.007169686,-0.005274917,-0.003378031,-0.001561581,0.0002573068,0.001993882,0.003736002,0.005396518,0.007064564,0.008656152,0.01025666,0.0117858,0.0133268,0.01479806,0.01628393,0.01769962,0.01912947,0.0204864,0.02185339,0.02314116,0.0244314,0.02563214,0.02682356,0.02791007,0.02897009,0.02990049,0.03077838,0.03149303,0.03211703,0.03254201,0.0328282,0.03289826,0.03278483,0.03244698,0.03178195,0.03088775,0.02983067,0.02851132,0.02697586,0.02519236,0.0231861,0.02099022
0.02106876,0.018744,0.01635815,0.01374284,0.01125133,0.008351974,0.005975539,0.00222861,-0.000268779,-0.003205625,-0.00630351,-0.009239971,-0.01225362,-0.0151059,-0.01797131,-0.02070925,-0.02343353,-0.0260186,-0.02857762,-0.03098546,-0.03335938,-0.03557676,-0.03774207,-0.03974712,-0.04168297,-0.04344159,-0.04512464,-0.04661036,-0.04801323,-0.04921435,-0.05031783,-0.0512224,-0.05202203,-0.052617,-0.05311097,-0.05339254,-0.05357386,-0.05354724,-0.05341535,-0.05308517,-0.05265239,-0.05202377,-0.05130498,-0.0503931,-0.0494,-0.04822885,-0.0469823,-0.04557645,-0.04410955,-0.04249728,-0.04084299,-0.03905842,-0.03724786,-0.03532647,-0.03339662,-0.03137553,-0.02936465,-0.02728304,-0.02522785,-0.02312293,-0.02106141,-0.01896791,-0.01693614,-0.01488431,-0.01290644,-0.01091828,-0.009007871,-0.007095073,-0.005260546,-0.003426423,-0.001671712,8.520093e-05,0.001761922,0.003443522,0.005047953,0.006658403,0.008197463,0.00974498,0.0112253,0.01271832,0.01414587,0.01558939,0.01696835,0.01836329,0.01969229,0.021034,0.0223042,0.02358006,0.02477457,0.02596371,0.02705559,0.0281247,0.02907194,0.02996769,0.03070835,0.03135453,0.03181149,0.032112,0.03219522,0.03206825,0.03181271,0.03131656,0.0305108,0.02948995,0.02823904,0.02677958,0.02509079,0.02316431
0.02308885,0.02115489,0.01894612,0.01667414,0.01402054,0.01155955,0.008430593,0.00649869,0.003295482,0.0004459157,-0.002259711,-0.005121341,-0.007869802,-0.01071816,-0.01346701,-0.01623593,-0.01889079,-0.0215419,-0.02406346,-0.02657004,-0.02893598,-0.03127346,-0.03346816,-0.03561426,-0.03760836,-0.03954223,-0.04130155,-0.04299315,-0.04449399,-0.04591178,-0.04713795,-0.04826534,-0.04919809,-0.05002935,-0.05065455,-0.05117995,-0.05149492,-0.05170443,-0.05171119,-0.05160788,-0.05130668,-0.05090318,-0.05030096,-0.04960754,-0.04872322,-0.04775238,-0.04660922,-0.04538811,-0.04401019,-0.04257293,-0.04099206,-0.03936931,-0.03762086,-0.03584635,-0.03396671,-0.03207994,-0.03010766,-0.02814651,-0.02612086,-0.02412274,-0.02208124,-0.02008656,-0.01806495,-0.01610759,-0.01413474,-0.01223531,-0.01033046,-0.00850129,-0.006673347,-0.004922101,-0.003171679,-0.001498985,0.000176228,0.001774582,0.0033769,0.004906922,0.006442073,0.007910295,0.009387556,0.01080141,0.01222936,0.01359704,0.01498246,0.01630991,0.01765593,0.01894299,0.02024566,0.02148409,0.02273116,0.02390482,0.02507677,0.02615926,0.02722205,0.02817058,0.0290672,0.02981789,0.03046907,0.03095418,0.03129141,0.03144947,0.0313217,0.03100089,0.03053618,0.02983795,0.02893402,0.0278023,0.02644077,0.02488489
0.0241686,0.0224335,0.020617,0.01854052,0.01655412,0.01413724,0.01218146,0.008931409,0.006768284,0.004194685,0.001413883,-0.001244605,-0.004024704,-0.006688582,-0.009408941,-0.0120413,-0.01469742,-0.01724806,-0.01980283,-0.02223589,-0.02466075,-0.0269575,-0.02922821,-0.03136814,-0.03346609,-0.03541682,-0.03731665,-0.03904648,-0.04071203,-0.04219728,-0.04359795,-0.04481522,-0.04593574,-0.04686302,-0.04769288,-0.04831857,-0.0488433,-0.04916451,-0.04937652,-0.04939091,-0.04929565,-0.04900274,-0.04860974,-0.04802015,-0.04733722,-0.04647084,-0.04551589,-0.04439482,-0.04319856,-0.04184958,-0.04044377,-0.03890029,-0.03731595,-0.03561346,-0.03388778,-0.03206382,-0.03023531,-0.028329,-0.02643497,-0.02448482,-0.02256544,-0.02060968,-0.0187051,-0.01677874,-0.01491787,-0.01304713,-0.01124788,-0.009448265,-0.007722203,-0.005999161,-0.004350665,-0.002702355,-0.001128778,0.000446938,0.001950381,0.003456359,0.00489503,0.006338533,0.0077194,0.009110329,0.01044245,0.01179037,0.01308418,0.01439785,0.01566056,0.01694414,0.01817555,0.01942457,0.02061613,0.02181913,0.02295579,0.02409409,0.02515088,0.02618941,0.02712176,0.02799854,0.02873836,0.02936226,0.02981943,0.03010483,0.03029852,0.03028974,0.03001813,0.02955528,0.02889028,0.0280305,0.02696192,0.02565175
0.02476834,0.02340676,0.02175849,0.02003537,0.01792374,0.01597062,0.01336092,0.01181129,0.009093846,0.006640977,0.00430426,0.00177835,-0.0006715291,-0.003255437,-0.005778054,-0.008356609,-0.0108557,-0.01338089,-0.01580624,-0.01824063,-0.02056168,-0.02287694,-0.02507758,-0.02725527,-0.02931145,-0.03133418,-0.03321365,-0.03504862,-0.03672048,-0.03832719,-0.03976409,-0.04111583,-0.04229007,-0.0433724,-0.04426348,-0.04506046,-0.04565909,-0.04615495,-0.04645634,-0.04664787,-0.0466466,-0.04654003,-0.04623818,-0.04583911,-0.0452506,-0.04456792,-0.04371195,-0.04276942,-0.0416678,-0.04049677,-0.03917953,-0.03780945,-0.03631052,-0.03477428,-0.03312907,-0.03146509,-0.02971135,-0.0279565,-0.02613268,-0.02432448,-0.02246884,-0.02064919,-0.01880004,-0.01700579,-0.01519536,-0.01345047,-0.01170102,-0.01002108,-0.008344064,-0.006738264,-0.005135098,-0.003603661,-0.002071565,-0.000610352,0.0008522618,0.002247554,0.003644629,0.004979117,0.006319235,0.007601011,0.008894542,0.01013499,0.0113935,0.01260477,0.01383836,0.01502757,0.01623945,0.0174051,0.01858981,0.01972362,0.02087167,0.02196069,0.02305425,0.02407403,0.02507492,0.02597793,0.02681972,0.02754442,0.02816001,0.0286433,0.02888886,0.02898393,0.02896534,0.02875354,0.0283575,0.02776679,0.0269661,0.02598837
0.02453424,0.02333736,0.02205407,0.02050445,0.01902596,0.01712259,0.015622,0.01292659,0.01117101,0.009040951,0.006680371,0.004410909,0.001992472,-0.0003470076,-0.002773641,-0.005145744,-0.007569598,-0.009917625,-0.01229245,-0.01457165,-0.01686191,-0.01904962,-0.02123235,-0.02331258,-0.02537544,-0.02732243,-0.02924345,-0.03102553,-0.03276456,-0.03435013,-0.03586836,-0.03722547,-0.03849974,-0.03960038,-0.04061467,-0.04144274,-0.04217822,-0.04272554,-0.04316971,-0.04342854,-0.04358131,-0.0435463,-0.04341198,-0.04308911,-0.04267126,-0.04207571,-0.04138825,-0.04053838,-0.03960859,-0.03852845,-0.03738549,-0.03610634,-0.03477924,-0.0333345,-0.0318583,-0.03028339,-0.02869479,-0.02702664,-0.02536108,-0.02363695,-0.02193368,-0.02019188,-0.01849163,-0.01676858,-0.01510233,-0.01342602,-0.01181381,-0.0102019,-0.008657091,-0.007116374,-0.005643758,-0.004172443,-0.00276908,-0.001365021,-2.704902e-05,0.001311216,0.002587248,0.003865181,0.005085199,0.006312333,0.007486237,0.008674049,0.009815428,0.01097722,0.01209853,0.01324408,0.0143509,0.0154811,0.01657029,0.01767993,0.01874486,0.01982671,0.02085701,0.02189333,0.02286314,0.02380995,0.02466603,0.02544439,0.02610368,0.02663079,0.02710254,0.02741366,0.02751347,0.02745663,0.02723039,0.02683459,0.02626799,0.02548016
0.02390533,0.02303154,0.02188107,0.02065652,0.01906164,0.01760286,0.01552295,0.01437224,0.01217135,0.01016882,0.008261728,0.006152585,0.004092483,0.001880713,-0.0002987537,-0.002557481,-0.004764893,-0.007019043,-0.00919853,-0.01140372,-0.01351893,-0.01564441,-0.01767973,-0.01971208,-0.02165094,-0.02357932,-0.02539556,-0.02718947,-0.0288502,-0.03046518,-0.03193625,-0.03333925,-0.0345877,-0.03575893,-0.03676124,-0.03768196,-0.03842537,-0.03907705,-0.03955245,-0.03992752,-0.04012563,-0.04022526,-0.04014415,-0.03996991,-0.03961866,-0.03917575,-0.03856902,-0.0378768,-0.0370333,-0.03611928,-0.03506589,-0.033957,-0.0327245,-0.03145085,-0.03007159,-0.02866825,-0.02717723,-0.02567808,-0.02411055,-0.02255071,-0.02094277,-0.01936228,-0.01775143,-0.0161868,-0.01460571,-0.01308172,-0.01155324,-0.01008676,-0.008623444,-0.00722427,-0.005828166,-0.004496444,-0.00316471,-0.001896496,-0.0006280358,0.0005795237,0.001786948,0.002937241,0.004090622,0.005190981,0.006300544,0.007363035,0.008442084,0.009481655,0.01054385,0.0115717,0.01262458,0.01364339,0.01468569,0.0156921,0.01672082,0.01771134,0.01872106,0.0196866,0.02065692,0.02156751,0.0224485,0.02325426,0.02398634,0.0246281,0.02507944,0.02542135,0.02568225,0.02579433,0.02574969,0.02554729,0.02517061,0.02464921
0.02262151,0.02186113,0.02102203,0.01993052,0.0189017,0.01747739,0.01640329,0.01425406,0.01291259,0.01123951,0.009335062,0.007500464,0.005508315,0.00356891,0.001526988,-0.0004847741,-0.002564817,-0.004592555,-0.006661346,-0.008656268,-0.01067446,-0.0126114,-0.01455752,-0.01642489,-0.01829312,-0.0200733,-0.02184792,-0.02351356,-0.02515581,-0.02667283,-0.02814075,-0.02947325,-0.03073978,-0.03185739,-0.03290429,-0.03378959,-0.03459687,-0.03523929,-0.03579214,-0.03618089,-0.03647569,-0.03660234,-0.03663958,-0.03650649,-0.03628623,-0.03590424,-0.03543633,-0.03481949,-0.03412705,-0.03329585,-0.0324042,-0.03138642,-0.03032121,-0.02914649,-0.02793873,-0.02663842,-0.02532114,-0.02392818,-0.02253283,-0.02108083,-0.01964304,-0.01816731,-0.01672516,-0.01526035,-0.013844,-0.0124173,-0.01104652,-0.009675656,-0.008364039,-0.007056215,-0.005808663,-0.004562351,-0.003375974,-0.00218905,-0.001060597,6.745925e-05,0.001139904,0.002212796,0.003233646,0.004259521,0.005237917,0.006227965,0.00717783,0.008146673,0.009082451,0.01004238,0.01097268,0.01192773,0.01285266,0.01380122,0.01471911,0.01566118,0.01657162,0.01750243,0.01839511,0.01928781,0.02012577,0.02091726,0.02162954,0.02224529,0.02283609,0.02330547,0.0236125,0.02380014,0.02385292,0.02376613,0.02355191,0.0231518
0.02108656,0.0205831,0.01983076,0.01901494,0.01786547,0.01683777,0.01524671,0.01446057,0.01275337,0.0111985,0.009725131,0.008056064,0.006420026,0.004631661,0.002857558,0.0009945923,-0.0008370925,-0.002726199,-0.004560513,-0.006429877,-0.008228483,-0.01004675,-0.01179459,-0.01355222,-0.01523925,-0.01693194,-0.01853962,-0.02014262,-0.02164095,-0.02311137,-0.02446485,-0.02576809,-0.02694275,-0.02805733,-0.02902975,-0.02993709,-0.03069391,-0.03137553,-0.031906,-0.03235229,-0.03264552,-0.03285467,-0.03290627,-0.03287711,-0.03269251,-0.03242729,-0.03201688,-0.03153037,-0.03090921,-0.03022441,-0.02941519,-0.02855527,-0.02758446,-0.02657529,-0.02547058,-0.02434223,-0.02313414,-0.02191591,-0.02063466,-0.01935709,-0.01803426,-0.01673276,-0.01540207,-0.01410989,-0.01280164,-0.01154195,-0.01027731,-0.009066201,-0.00785735,-0.006704228,-0.005553449,-0.00445852,-0.003363151,-0.00232272,-0.001281848,-0.0002939896,0.0006934328,0.001630668,0.002569881,0.003462396,0.00436226,0.005220986,0.00609412,0.006933913,0.007794573,0.008627829,0.009485357,0.01031698,0.01117248,0.01200174,0.01285562,0.01368436,0.01453871,0.01536797,0.01621567,0.01703032,0.01783757,0.01860137,0.01931996,0.01998205,0.02049616,0.02093586,0.02132392,0.02160443,0.02175915,0.02179248,0.02169115,0.02148303
0.01910705,0.01866408,0.01815923,0.01743169,0.01676448,0.01574849,0.01503652,0.01338629,0.01242391,0.01117805,0.009718637,0.008316567,0.006765056,0.005250899,0.003633598,0.00203182,0.0003568033,-0.001282651,-0.002969239,-0.004599313,-0.006258595,-0.007853875,-0.009466018,-0.01101799,-0.01258181,-0.0140799,-0.01558627,-0.01700977,-0.01842549,-0.01974293,-0.02102823,-0.02220463,-0.02333266,-0.02433893,-0.02529208,-0.02611199,-0.02687176,-0.02749486,-0.02804665,-0.02846145,-0.0288002,-0.02899738,-0.02912146,-0.02910108,-0.02900848,-0.02877797,-0.02847502,-0.02804435,-0.02754958,-0.02693518,-0.02626931,-0.02549437,-0.02467868,-0.02376788,-0.02282806,-0.02180732,-0.02077117,-0.01966808,-0.0185616,-0.01740426,-0.01625745,-0.01507584,-0.0139215,-0.01274587,-0.0116108,-0.01046527,-0.00936696,-0.008267487,-0.007218331,-0.006171594,-0.005176154,-0.004180927,-0.003236582,-0.002290825,-0.001394717,-0.0004983596,0.0003504545,0.001199761,0.002004248,0.002812885,0.003580555,0.004358042,0.005101195,0.005861039,0.006593504,0.007347985,0.008079139,0.00883364,0.009565243,0.01031994,0.01105271,0.01181107,0.01254975,0.01331455,0.01405902,0.01481664,0.01554426,0.0162479,0.01690244,0.01748974,0.01807439,0.01857107,0.0189478,0.01923923,0.01942979,0.01951174,0.01950582,0.01935473
0.01703835,0.01678529,0.01632353,0.01581546,0.01502294,0.01434213,0.01317391,0.01269196,0.01142668,0.01028298,0.00921156,0.007965817,0.006745973,0.005387415,0.00403498,0.002596505,0.001177317,-0.0003006633,-0.001738444,-0.003214154,-0.004634704,-0.006078827,-0.007468185,-0.008873704,-0.01022625,-0.01159354,-0.01289768,-0.01420897,-0.01544072,-0.0166591,-0.0177865,-0.01888036,-0.01987243,-0.0208219,-0.02165779,-0.02244665,-0.02311464,-0.02372656,-0.02421652,-0.02464207,-0.02494344,-0.02517977,-0.02528742,-0.02533206,-0.02524906,-0.02510231,-0.02483562,-0.02450808,-0.02406893,-0.02357879,-0.02298513,-0.0223509,-0.02162405,-0.02086646,-0.0200285,-0.01917158,-0.01824721,-0.01731455,-0.01632791,-0.01534401,-0.01432054,-0.01331428,-0.01228175,-0.0112809,-0.01026499,-0.009289143,-0.00830767,-0.007370543,-0.006434018,-0.005543782,-0.004654295,-0.003811198,-0.002966439,-0.002167156,-0.001366268,-0.000609395,0.0001479979,0.000863424,0.001581013,0.002259312,0.002944043,0.003594033,0.004256378,0.004890874,0.005543534,0.006173971,0.006826095,0.007457996,0.008111727,0.00874556,0.00940265,0.01004232,0.01070804,0.01135948,0.01203451,0.01269278,0.01335648,0.0139981,0.01461498,0.01520015,0.0156735,0.01609986,0.01649788,0.01682282,0.01705332,0.01719568,0.01723983,0.01721307
0.01473233,0.01449649,0.01422023,0.01376154,0.01336342,0.01267437,0.01224751,0.01103264,0.01039384,0.009522821,0.008469207,0.007466145,0.006333967,0.005231928,0.004037838,0.002852894,0.001599673,0.0003714797,-0.0009028264,-0.002134078,-0.003395441,-0.004606977,-0.005838088,-0.007023458,-0.008225589,-0.009379149,-0.01054834,-0.01165616,-0.01276691,-0.01380363,-0.01482249,-0.01575813,-0.01666198,-0.01747167,-0.01824569,-0.01891612,-0.01954505,-0.02006758,-0.02053895,-0.02090335,-0.02121232,-0.02141006,-0.02155439,-0.02158458,-0.02156145,-0.02142905,-0.0212422,-0.02095375,-0.02061711,-0.02018484,-0.01971418,-0.01915604,-0.0185677,-0.01790273,-0.0172164,-0.01646443,-0.01570168,-0.01488408,-0.01406474,-0.01320308,-0.01235036,-0.01146788,-0.01060763,-0.009728402,-0.008882161,-0.008025659,-0.007207344,-0.006386423,-0.00560618,-0.004826299,-0.004087935,-0.003348129,-0.002649448,-0.00194791,-0.001286433,-0.0006232389,1.455829e-06,0.0006277314,0.001217451,0.001811439,0.002371773,0.002940724,0.003481329,0.004036176,0.004568579,0.005119836,0.005652472,0.006205485,0.006740662,0.007296283,0.007835448,0.008397968,0.008947344,0.009522456,0.01008686,0.01066935,0.01123675,0.01179424,0.01232337,0.0128077,0.01330351,0.01373831,0.01408781,0.01438025,0.01460272,0.01474604,0.01483339,0.01481476
0.01248799,0.01238391,0.01211769,0.011825,0.01130444,0.01088631,0.01006897,0.009822391,0.008935948,0.008149906,0.007428926,0.00656463,0.005724469,0.004769002,0.003818535,0.002794187,0.001783542,0.0007202176,-0.0003130579,-0.001381967,-0.002408517,-0.003458581,-0.004466725,-0.005492749,-0.00647941,-0.007484164,-0.008442862,-0.009414961,-0.01032878,-0.01123981,-0.01208364,-0.01290833,-0.01365715,-0.01437963,-0.01501693,-0.01562463,-0.01614155,-0.01662165,-0.01701016,-0.01735492,-0.01760621,-0.01781309,-0.01792252,-0.01798888,-0.01795829,-0.01788343,-0.01771722,-0.01750828,-0.0172141,-0.01688445,-0.01647533,-0.01603847,-0.01553025,-0.01500138,-0.01441014,-0.01380687,-0.0131509,-0.01249059,-0.01178753,-0.01108805,-0.01035654,-0.00963935,-0.008900028,-0.008186094,-0.00745861,-0.006762779,-0.006060642,-0.005393315,-0.004724588,-0.004092126,-0.003458379,-0.002861026,-0.002260426,-0.001695413,-0.001127215,-0.0005934644,-5.760166e-05,0.0004452592,0.0009512429,0.001426087,0.001907145,0.002360372,0.002824222,0.003265604,0.003722148,0.004160812,0.00461764,0.005058534,0.005517908,0.005961842,0.006425638,0.00687654,0.007350289,0.007815085,0.008302609,0.008781855,0.009271745,0.009752144,0.01022094,0.01067457,0.01104642,0.01139132,0.01172464,0.01201156,0.0122329,0.012395,0.01248954,0.01254264
0.01018946,0.01007444,0.009940489,0.009669275,0.009458445,0.009020207,0.008803095,0.007956899,0.00757865,0.007020426,0.006317959,0.005661507,0.004903312,0.004172539,0.003368276,0.002572206,0.001719812,0.0008864775,1.33645e-05,-0.000827182,-0.001695068,-0.002525226,-0.003374337,-0.004189409,-0.005021838,-0.005818996,-0.006633935,-0.007404873,-0.008184777,-0.008911703,-0.009631806,-0.01029234,-0.01093545,-0.01151079,-0.01206615,-0.01254673,-0.01300317,-0.01338302,-0.01373122,-0.01400255,-0.01423889,-0.01439499,-0.01451761,-0.01455748,-0.0145637,-0.01449066,-0.01438243,-0.01420037,-0.01398736,-0.0137045,-0.01339762,-0.01302653,-0.01263707,-0.01219109,-0.0117327,-0.01122547,-0.01071325,-0.01015975,-0.009607298,-0.009022425,-0.008445931,-0.007845811,-0.00726352,-0.006665238,-0.006092553,-0.005510148,-0.00495685,-0.00439951,-0.003872947,-0.003344535,-0.002847531,-0.0023473,-0.001878197,-0.001404748,-0.0009615583,-0.0005150013,-9.754462e-05,0.0003229582,0.0007156512,0.001113194,0.001484863,0.001864368,0.002221755,0.002590999,0.002942504,0.00330929,0.003661371,0.004030042,0.004384795,0.004756248,0.005115002,0.005492895,0.005861114,0.006250998,0.006634503,0.007035364,0.007428833,0.007819791,0.008195457,0.008542682,0.008908378,0.009234018,0.009501819,0.009734367,0.009922874,0.01005859,0.01016222,0.01019384
0.008076736,0.008048172,0.007904782,0.007753441,0.007433258,0.007204082,0.006669807,0.006590286,0.006017207,0.00552737,0.005094889,0.004554519,0.004038244,0.003435043,0.002839148,0.002186946,0.001546674,0.0008646973,0.0002055972,-0.0004832404,-0.001140595,-0.001818731,-0.00246605,-0.003129957,-0.003765482,-0.004418441,-0.005038845,-0.005674388,-0.00626935,-0.00686822,-0.007420856,-0.007965693,-0.008458483,-0.00893864,-0.00936014,-0.009767137,-0.01011174,-0.0104367,-0.01069908,-0.01093669,-0.01111049,-0.01125917,-0.01134094,-0.01139858,-0.01138955,-0.01135511,-0.01125793,-0.01113585,-0.01095503,-0.01075418,-0.01049815,-0.01022718,-0.009906452,-0.009575221,-0.009200146,-0.008820138,-0.008402671,-0.007985165,-0.007536778,-0.007093266,-0.006625979,-0.006170596,-0.00569786,-0.005244503,-0.004779502,-0.004337942,-0.003889694,-0.003466775,-0.003040628,-0.002640708,-0.002237596,-0.001860882,-0.00147953,-0.00112398,-0.0007638637,-0.0004286742,-8.983886e-05,0.0002250563,0.0005441359,0.0008404203,0.001142895,0.001424677,0.001715515,0.001989297,0.002275172,0.002547199,0.002833443,0.003107363,0.003395773,0.003672292,0.003964316,0.004246388,0.00454627,0.004839535,0.005151168,0.005458085,0.005775749,0.00609016,0.006400386,0.006705396,0.006953342,0.007188123,0.007422076,0.00762915,0.007795075,0.007925547,0.008013043,0.008080753
0.006060169,0.006007988,0.005954346,0.005808178,0.005718693,0.005466294,0.005390992,0.004849069,0.004666338,0.004354772,0.003939687,0.003565287,0.003118876,0.002698056,0.002225417,0.00176216,0.001258113,0.000769515,0.0002506458,-0.0002443143,-0.0007614162,-0.00125155,-0.001757873,-0.002240193,-0.002737692,-0.003210684,-0.003699939,-0.004159312,-0.004629774,-0.005065149,-0.00550118,-0.005898457,-0.006289506,-0.006636531,-0.006976129,-0.007267133,-0.007548212,-0.007779893,-0.007996502,-0.008163899,-0.00831399,-0.008412571,-0.008495066,-0.008524168,-0.008536981,-0.00849879,-0.008442769,-0.008339267,-0.008220389,-0.008056252,-0.007881064,-0.007663939,-0.007439103,-0.007177087,-0.006910773,-0.006611953,-0.00631325,-0.00598667,-0.005663613,-0.005318143,-0.004980471,-0.004625668,-0.00428447,-0.003930693,-0.003595319,-0.003251259,-0.002927519,-0.002598785,-0.002291219,-0.001980069,-0.001690499,-0.001396387,-0.001123741,-0.0008457959,-0.0005886818,-0.0003270231,-8.536117e-05,0.0001604843,0.0003871086,0.000618982,0.0008327297,0.001053502,0.001258424,0.001472794,0.001674077,0.001886917,0.00208867,0.002302853,0.002506542,0.002722717,0.002929223,0.003149829,0.003362871,0.003591797,0.003815943,0.00405354,0.004287052,0.004520985,0.004747223,0.004956556,0.005185617,0.005390526,0.005558928,0.005708025,0.005833162,0.005927423,0.006006392,0.006040894
0.004321417,0.004322706,0.00425256,0.004187957,0.00401146,0.003909821,0.003597449,0.003619642,0.003294397,0.003034655,0.002821963,0.002536978,0.002274682,0.001954593,0.00164414,0.001296551,0.0009601314,0.0005950878,0.0002470652,-0.0001227552,-0.0004707918,-0.0008351097,-0.001178587,-0.001535442,-0.001873267,-0.002225289,-0.002555822,-0.002899888,-0.003218069,-0.003543236,-0.003839975,-0.004136626,-0.004401824,-0.004664397,-0.00489149,-0.00511528,-0.00530153,-0.005481332,-0.005624001,-0.005756941,-0.005852178,-0.005937697,-0.005983402,-0.006020156,-0.006017247,-0.006004275,-0.005954175,-0.005893893,-0.005798693,-0.00569609,-0.005560306,-0.005419918,-0.005249382,-0.005076468,-0.004876686,-0.004677479,-0.004454909,-0.004235438,-0.00399629,-0.003762662,-0.003513312,-0.003273271,-0.003020886,-0.002782022,-0.002533894,-0.002301403,-0.002062534,-0.001840084,-0.001613346,-0.001403434,-0.001189204,-0.0009919974,-0.000789551,-0.0006037952,-0.000412895,-0.000238056,-5.876164e-05,0.0001051003,0.0002736354,0.0004273156,0.0005867746,0.0007324743,0.0008854808,0.001026765,0.001176986,0.001317318,0.001467768,0.001609274,0.00176104,0.001904148,0.002058095,0.002204517,0.002363117,0.002516326,0.00268208,0.002844313,0.003014626,0.00318409,0.003352888,0.003521581,0.003653599,0.003781187,0.003913451,0.004032422,0.004129313,0.00420872,0.004264093,0.004313731
0.002795018,0.002772489,0.002758816,0.002692423,0.002672665,0.002551453,0.002557125,0.002257511,0.002204135,0.002070026,0.001871615,0.001705408,0.0014956,0.001307461,0.001088591,0.0008794677,0.0006455358,0.0004236489,0.0001821827,-4.325667e-05,-0.0002841832,-0.0005079631,-0.0007436947,-0.0009643471,-0.001196242,-0.001412798,-0.001641666,-0.001852376,-0.002073097,-0.002273553,-0.002478422,-0.002661815,-0.002846082,-0.003006205,-0.003167043,-0.003301267,-0.003435077,-0.003542227,-0.003646003,-0.003723627,-0.003796678,-0.003842281,-0.00388425,-0.003897591,-0.003907154,-0.003889549,-0.003866926,-0.003819098,-0.003767326,-0.003691228,-0.00361337,-0.003512673,-0.0034117,-0.003290248,-0.003169978,-0.003031458,-0.002896132,-0.002744806,-0.00259807,-0.002438052,-0.002284489,-0.002120095,-0.001964966,-0.001801029,-0.001648658,-0.001489387,-0.001342374,-0.001190431,-0.001050955,-0.0009072862,-0.0007763124,-0.0006405777,-0.0005175717,-0.0003894025,-0.0002735792,-0.0001531005,-4.441903e-05,6.861606e-05,0.000170246,0.0002767354,0.0003722793,0.0004735157,0.0005648789,0.0006630372,0.0007526808,0.0008500862,0.0009399893,0.001038059,0.001128967,0.001228038,0.001320361,0.001421641,0.001517256,0.001622663,0.001724105,0.001833933,0.00194099,0.002048954,0.002153393,0.002248936,0.002360976,0.002460565,0.002539895,0.002610801,0.002671805,0.002718344,0.002760229,0.00277872
0.001605763,0.001613045,0.001584889,0.001567774,0.001489898,0.001463739,0.001316888,0.001377513,0.001233709,0.001133775,0.001066324,0.000959246,0.0008697927,0.0007492114,0.0006379236,0.0005071696,0.0003854723,0.0002480211,0.0001216381,-1.780063e-05,-0.0001444723,-0.0002816808,-0.0004070949,-0.0005413463,-0.0006648236,-0.000797628,-0.0009183831,-0.001048639,-0.001165123,-0.00128829,-0.001397314,-0.001509799,-0.001607219,-0.001707288,-0.00179039,-0.001876207,-0.001944256,-0.002013522,-0.00206567,-0.00211738,-0.002151879,-0.002186146,-0.002202042,-0.002218244,-0.002216168,-0.002213628,-0.002194195,-0.00217392,-0.002137634,-0.002101694,-0.002050224,-0.002000198,-0.00193586,-0.001873651,-0.001798457,-0.001726446,-0.001642808,-0.001563195,-0.001473481,-0.001388508,-0.001295021,-0.001207692,-0.001113018,-0.001026203,-0.0009331605,-0.000848686,-0.0007592505,-0.0006784459,-0.0005936493,-0.0005175601,-0.0004374261,-0.0003661789,-0.000290432,-0.0002234635,-0.0001520961,-8.912614e-05,-2.217757e-05,3.671461e-05,9.961954e-05,0.0001546597,0.000214161,0.0002661833,0.0003232237,0.0003735912,0.0004295498,0.0004795729,0.0005356083,0.0005861177,0.0006426621,0.0006938217,0.0007512345,0.000803702,0.0008629199,0.0009181376,0.0009800915,0.00103926,0.001102936,0.001166357,0.001230277,0.001295857,0.001341621,0.001387501,0.001439082,0.001485978,0.001524129,0.001556543,0.001578493,0.001601817
0.000711984,0.0007035515,0.0007048632,0.0006850371,0.0006932556,0.0006552102,0.0006852059,0.0005667361,0.000574727,0.0005454474,0.0004869565,0.0004473579,0.0003887129,0.0003435696,0.000285535,0.0002345338,0.0001728193,0.0001182941,5.459661e-05,-9.414054e-07,-6.445556e-05,-0.0001198444,-0.0001817396,-0.0002365733,-0.0002974852,-0.0003511732,-0.0004115828,-0.0004637328,-0.0005220909,-0.0005719333,-0.0006260121,-0.000671714,-0.0007205264,-0.0007601388,-0.0008031506,-0.0008360563,-0.0008721012,-0.0008982964,-0.0009264368,-0.0009452117,-0.0009655114,-0.0009759383,-0.0009884407,-0.0009905406,-0.0009946461,-0.0009890154,-0.000984682,-0.0009713884,-0.0009596172,-0.0009389875,-0.0009205817,-0.0008936537,-0.0008692652,-0.0008370819,-0.0008077195,-0.0007711753,-0.0007379322,-0.0006981656,-0.0006619206,-0.0006200006,-0.0005819853,-0.0005389209,-0.0005005635,-0.0004575819,-0.0004199388,-0.0003782325,-0.0003418814,-0.0003021693,-0.0002677125,-0.0002301468,-0.0001979266,-0.0001623583,-0.0001322263,-9.861679e-05,-7.028384e-05,-3.872717e-05,-1.217285e-05,1.743076e-05,4.21657e-05,7.009548e-05,9.323973e-05,0.0001198066,0.000141874,0.0001676175,0.0001892525,0.0002147824,0.0002365008,0.0002621923,0.0002841954,0.000310144,0.0003325185,0.0003590514,0.0003823239,0.0004099015,0.0004348671,0.0004634387,0.0004902735,0.0005175702,0.0005436119,0.0005662146,0.0005985149,0.0006263598,0.0006459634,0.00066348,0.0006791086,0.0006906383,0.0007025219,0.0007058075
0.00018273,0.0001861679,0.000180326,0.0001810995,0.0001636304,0.0001662853,0.0001301658,0.0001671132,0.0001361249,0.0001217978,0.0001201222,0.0001064278,0.0001002571,8.491174e-05,7.41112e-05,5.785333e-05,4.564236e-05,2.870567e-05,1.591641e-05,-1.238488e-06,-1.41371e-05,-3.087244e-05,-4.385037e-05,-6.009854e-05,-7.288995e-05,-8.908963e-05,-0.0001014433,-0.0001174567,-0.000129376,-0.000144427,-0.0001557092,-0.0001694299,-0.0001794209,-0.0001918507,-0.000200101,-0.0002109895,-0.0002175873,-0.000226463,-0.0002314258,-0.0002382263,-0.0002411807,-0.0002461192,-0.0002468597,-0.0002498031,-0.0002485817,-0.0002492677,-0.0002462177,-0.0002448374,-0.0002398562,-0.0002367677,-0.0002300334,-0.0002253479,-0.0002172027,-0.0002110978,-0.0002017471,-0.0001945278,-0.0001842429,-0.0001761271,-0.0001652134,-0.0001564404,-0.000145117,-0.0001360966,-0.0001246015,-0.0001156725,-0.0001043695,-9.566301e-05,-8.483919e-05,-7.648077e-05,-6.622492e-05,-5.839832e-05,-4.864471e-05,-4.140579e-05,-3.212708e-05,-2.536634e-05,-1.661888e-05,-1.025898e-05,-2.055363e-06,3.866182e-06,1.161042e-05,1.70819e-05,2.445064e-05,2.957884e-05,3.665978e-05,4.16145e-05,4.856004e-05,5.348708e-05,6.043181e-05,6.54278e-05,7.242131e-05,7.750109e-05,8.460016e-05,8.983391e-05,9.71266e-05,0.0001027223,0.0001102464,0.0001164737,0.0001239977,0.0001313954,0.0001391699,0.0001480134,0.0001508151,0.0001545744,0.0001612128,0.00016734,0.0001720723,0.0001764908,0.0001787046,0.0001829951
-1.552255e-12,-7.302547e-12,-3.652849e-12,5.344803e-13,1.825596e-12,-1.130014e-12,3.365065e-12,-2.651116e-12,2.681501e-12,6.207456e-13,-1.515766e-12,-1.145347e-12,-8.526904e-13,-1.773878e-12,5.308802e-12,-4.56536e-13,-2.425706e-12,-5.871875e-13,5.756062e-12,2.744206e-12,6.046289e-13,-2.637113e-12,-5.408169e-12,2.674387e-12,1.14386e-12,1.370138e-12,-1.122733e-12,-6.0689e-13,4.513716e-12,-9.058142e-13,1.43098e-12,-1.755436e-12,1.257945e-12,-1.582336e-12,2.334899e-12,6.04727e-13,8.240811e-13,1.843124e-12,-6.768963e-13,6.547369e-13,6.289219e-13,-6.736669e-12,1.211072e-12,1.359831e-12,2.432528e-12,-6.320033e-13,-1.803097e-12,-8.207912e-13,-9.829667e-13,-9.321935e-13,2.535304e-12,-2.677177e-12,1.766173e-12,1.103963e-13,2.948158e-13,-1.610259e-12,-8.117372e-13,1.947487e-12,-2.547265e-12,6.053969e-12,3.234097e-12,8.228177e-13,-5.454625e-12,-8.306457e-13,-1.671025e-12,-1.206016e-12,2.018576e-12,1.516457e-12,2.500319e-12,3.128806e-12,-5.665153e-13,-1.798932e-12,2.017263e-13,1.176739e-12,1.778686e-12,6.295223e-13,4.351998e-13,1.528703e-12,-1.36531e-12,-3.413848e-12,4.435558e-12,2.090839e-12,9.033258e-13,-4.617919e-12,3.130304e-12,-1.631808e-13,-6.973737e-13,1.955198e-12,-3.842925e-12,3.321126e-12,-1.896433e-12,5.866138e-13,2.563925e-13,-1.299688e-13,2.867077e-12,8.502821e-13,-3.186794e-12,4.618965e-12,-1.232572e-12,-3.801732e-12,1.545461e-12,-2.579343e-13,2.042229e-13,3.279609e-13,3.630899e-12,-1.897663e-12,1.355372e-12,8.05816e-13
