NaN,NaN,NaN,NaN,NaN,NaN,NaN,NaN,NaN,NaN,NaN,NaN,NaN,NaN,NaN,NaN,NaN,NaN,NaN,NaN,NaN,NaN,7.034806e-10,-3.592925e-11,-1.404051e-10,5.821775e-10,3.524701e-10,-5.934115e-11,-1.705399e-10,4.262972e-11,2.589213e-10,1.86558e-11,-3.466229e-10,1.099076e-10,1.73712e-10,6.366031e-11,-4.6332e-10,2.588895e-10,5.278303e-10,-1.076509e-09,2.453498e-10,-4.282614e-10,-6.57438e-10,-2.691269e-10,2.657041e-10,-4.366875e-10,-6.547922e-10,1.361642e-10,4.996289e-10,-3.599243e-10,4.283496e-10,-1.617566e-10,-6.077338e-10,-5.229194e-12,-3.029246e-10,-3.434861e-11,5.955921e-10,-4.091825e-10,-4.382407e-10,-3.059955e-10,-2.371623e-12,-2.611199e-10,-4.002499e-10,3.689696e-10,-1.489072e-10,-1.775707e-10,-2.561875e-10,-7.004378e-12,3.764765e-11,-1.131873e-10,2.025948e-10,-2.327593e-10,1.827141e-11,1.182023e-10,2.99545e-10,1.640414e-10,8.550099e-11,2.61188e-10,1.298173e-10,3.645736e-10,7.901885e-11,-1.011578e-10,9.071194e-11,-2.977734e-10,-5.468952e-10,2.159511e-10,1.634981e-10,NaN,NaN,NaN,NaN,NaN,NaN,NaN,NaN,NaN,NaN,NaN,NaN,NaN,NaN,NaN,NaN,NaN,NaN,NaN,NaN,NaN
NaN,NaN,NaN,NaN,NaN,NaN,NaN,NaN,NaN,NaN,NaN,NaN,NaN,NaN,NaN,NaN,NaN,NaN,NaN,NaN,NaN,NaN,1.910597e-08,-1.863917e-08,1.401594e-08,-1.024747e-08,5.962973e-09,-1.762884e-09,-4.085562e-10,6.614495e-10,-4.030556e-10,-7.649776e-10,-3.618759e-10,2.38268e-09,-6.1367e-09,9.222076e-09,-1.089934e-08,1.102861e-08,-1.039129e-08,9.94422e-09,-1.059473e-08,1.168975e-08,-1.328828e-08,1.480257e-08,-1.652863e-08,1.853293e-08,-2.035236e-08,2.200318e-08,-2.384546e-08,2.190574e-08,-2.067324e-08,1.630782e-08,-1.809958e-08,1.805884e-08,-2.386818e-08,2.493279e-08,-2.813938e-08,2.489716e-08,-2.415353e-08,2.148701e-08,-2.209558e-08,2.416168e-08,-2.569598e-08,2.857952e-08,-2.823229e-08,2.8978e-08,-2.754959e-08,2.867728e-08,-2.842688e-08,3.005934e-08,-3.022802e-08,3.219697e-08,-3.221618e-08,3.411424e-08,-3.402518e-08,3.488103e-08,-3.478038e-08,3.55253e-08,-3.566564e-08,3.717217e-08,-3.845895e-08,3.996939e-08,-4.03172e-08,4.021603e-08,-3.983158e-08,3.953605e-08,-4.094669e-08,NaN,NaN,NaN,NaN,NaN,NaN,NaN,NaN,NaN,NaN,NaN,NaN,NaN,NaN,NaN,NaN,NaN,NaN,NaN,NaN,NaN
NaN,NaN,NaN,NaN,NaN,NaN,NaN,NaN,NaN,NaN,NaN,NaN,NaN,NaN,NaN,NaN,NaN,NaN,NaN,NaN,NaN,4.813921e-08,-4.980988e-08,2.210819e-08,-3.855126e-08,9.420224e-09,-1.924322e-08,-4.689652e-09,-6.843362e-09,-1.061995e-08,-8.175258e-09,-8.384027e-09,-7.146116e-09,-1.115985e-08,8.89136e-09,-1.984588e-08,2.139564e-08,-2.136399e-08,2.071507e-08,-1.822338e-08,2.257538e-08,-1.901586e-08,3.09876e-08,-2.297248e-08,3.949938e-08,-2.925097e-08,4.521122e-08,-3.925125e-08,4.748718e-08,-4.352643e-08,3.740615e-08,-3.704417e-08,2.771967e-08,-4.593207e-08,3.076866e-08,-6.846473e-08,2.978634e-08,-7.210035e-08,2.614745e-08,-5.645008e-08,3.37791e-08,-5.028679e-08,4.874948e-08,-5.441042e-08,5.504268e-08,-5.544075e-08,5.372623e-08,-5.501487e-08,5.579926e-08,-5.648437e-08,6.038106e-08,-5.927987e-08,6.446746e-08,-6.397445e-08,6.654747e-08,-6.77594e-08,6.586337e-08,-6.982686e-08,6.684405e-08,-7.387622e-08,7.159493e-08,-7.906326e-08,7.5157e-08,-7.993113e-08,7.410097e-08,-7.86094e-08,7.577486e-08,-7.879682e-08,NaN,NaN,NaN,NaN,NaN,NaN,NaN,NaN,NaN,NaN,NaN,NaN,NaN,NaN,NaN,NaN,NaN,NaN,NaN,NaN
NaN,NaN,NaN,NaN,NaN,NaN,NaN,NaN,NaN,NaN,NaN,NaN,NaN,NaN,NaN,NaN,NaN,NaN,NaN,NaN,NaN,-1.348518e-07,1.664403e-09,-1.018342e-07,-5.223058e-09,-6.435238e-08,-1.587374e-08,-3.256087e-08,-3.209234e-08,-2.911445e-08,-3.84781e-08,-3.614289e-08,-3.330665e-08,-1.315564e-08,-3.126403e-08,2.360133e-08,-3.319079e-08,3.375548e-08,-2.903738e-08,3.350196e-08,-2.214548e-08,4.885587e-08,-1.780396e-08,6.980115e-08,-2.223545e-08,7.882227e-08,-4.004858e-08,7.690169e-08,-6.437437e-08,6.064436e-08,-6.985641e-08,2.996e-08,-8.078023e-08,1.153404e-08,-1.275704e-07,-5.688044e-09,-1.713231e-07,-1.983192e-08,-1.475504e-07,6.022759e-09,-9.6124e-08,5.521028e-08,-7.587412e-08,8.559949e-08,-7.66256e-08,8.552833e-08,-7.809018e-08,8.38879e-08,-7.724158e-08,9.315082e-08,-7.69851e-08,1.017395e-07,-8.265244e-08,1.039295e-07,-9.421716e-08,9.966237e-08,-1.035361e-07,9.400762e-08,-1.102055e-07,9.725279e-08,-1.17672e-07,1.054337e-07,-1.222684e-07,1.062692e-07,-1.21925e-07,1.019222e-07,-1.25541e-07,1.041752e-07,NaN,NaN,NaN,NaN,NaN,NaN,NaN,NaN,NaN,NaN,NaN,NaN,NaN,NaN,NaN,NaN,NaN,NaN,NaN,NaN
NaN,NaN,NaN,NaN,NaN,NaN,NaN,NaN,NaN,NaN,NaN,NaN,NaN,NaN,NaN,NaN,NaN,NaN,NaN,NaN,-1.966034e-07,-1.423137e-08,-2.131895e-07,-7.900834e-08,-1.761345e-07,-7.346734e-08,-1.079373e-07,-8.169933e-08,-8.087455e-08,-1.019552e-07,-9.767071e-08,-1.039887e-07,-8.360536e-08,-7.782749e-08,-8.50717e-09,-5.282508e-08,4.328412e-08,-4.179522e-08,4.708492e-08,-2.838014e-08,6.613317e-08,-5.035108e-09,1.110492e-07,1.212168e-08,1.426866e-07,5.317261e-11,1.382916e-07,-4.746247e-08,1.058423e-07,-9.207719e-08,5.15276e-08,-1.155229e-07,-1.010023e-08,-1.869394e-07,-7.698194e-08,-3.171849e-07,-1.554654e-07,-3.565801e-07,-1.328064e-07,-2.433798e-07,-1.230867e-08,-1.324591e-07,8.976084e-08,-9.924272e-08,1.163114e-07,-1.03798e-07,1.061502e-07,-1.039073e-07,1.166222e-07,-9.43071e-08,1.382447e-07,-9.177836e-08,1.459558e-07,-1.084161e-07,1.360551e-07,-1.331674e-07,1.172195e-07,-1.513231e-07,1.087022e-07,-1.631257e-07,1.173698e-07,-1.717714e-07,1.249317e-07,-1.73111e-07,1.199421e-07,-1.732245e-07,1.210483e-07,-1.683189e-07,1.458636e-07,NaN,NaN,NaN,NaN,NaN,NaN,NaN,NaN,NaN,NaN,NaN,NaN,NaN,NaN,NaN,NaN,NaN,NaN,NaN
NaN,NaN,NaN,NaN,NaN,NaN,NaN,NaN,NaN,NaN,NaN,NaN,NaN,NaN,NaN,NaN,NaN,NaN,NaN,NaN,-1.045611e-07,-3.981611e-07,-2.065734e-07,-3.586992e-07,-1.912306e-07,-2.46175e-07,-1.57394e-07,-1.641483e-07,-1.769365e-07,-1.75593e-07,-2.107427e-07,-1.974247e-07,-1.827228e-07,-1.061574e-07,-1.041876e-07,2.259334e-08,-5.879785e-08,6.166561e-08,-4.255121e-08,7.321233e-08,-4.367315e-09,1.394306e-07,5.186028e-08,2.160738e-07,6.892679e-08,2.312241e-07,1.482743e-08,1.782585e-07,-8.507324e-08,8.760102e-08,-1.523016e-07,-2.239559e-08,-2.434392e-07,-1.441257e-07,-4.41759e-07,-3.193873e-07,-6.418027e-07,-3.992751e-07,-5.511636e-07,-2.172442e-07,-2.884182e-07,3.070553e-08,-1.317618e-07,1.498583e-07,-1.078974e-07,1.443622e-07,-1.214124e-07,1.389633e-07,-1.081496e-07,1.742057e-07,-8.589046e-08,2.01119e-07,-9.460742e-08,1.910587e-07,-1.364123e-07,1.53976e-07,-1.805251e-07,1.197364e-07,-2.069871e-07,1.172052e-07,-2.195832e-07,1.321753e-07,-2.24673e-07,1.318627e-07,-2.263618e-07,1.182322e-07,-2.344976e-07,1.264408e-07,-2.292852e-07,NaN,NaN,NaN,NaN,NaN,NaN,NaN,NaN,NaN,NaN,NaN,NaN,NaN,NaN,NaN,NaN,NaN,NaN,NaN
NaN,NaN,NaN,NaN,NaN,NaN,NaN,NaN,NaN,NaN,NaN,NaN,NaN,NaN,NaN,NaN,NaN,NaN,NaN,-1.487636e-07,-4.749548e-07,-2.672936e-07,-5.79177e-07,-4.015006e-07,-4.952464e-07,-3.26656e-07,-3.271309e-07,-2.943316e-07,-2.819034e-07,-3.448829e-07,-3.399609e-07,-3.625996e-07,-2.910279e-07,-2.476732e-07,-7.631466e-08,-1.109874e-07,6.532657e-08,-6.084727e-08,8.375279e-08,-2.30471e-08,1.491283e-07,7.075551e-08,2.833882e-07,1.566577e-07,3.658919e-07,1.404091e-07,3.230168e-07,6.755754e-09,1.88753e-07,-1.45442e-07,2.745084e-08,-2.65294e-07,-1.64813e-07,-4.999771e-07,-4.375904e-07,-8.972615e-07,-7.38785e-07,-1.035797e-06,-6.368178e-07,-6.754966e-07,-2.105421e-07,-2.782828e-07,1.109673e-07,-1.308986e-07,1.838266e-07,-1.432332e-07,1.525472e-07,-1.454676e-07,1.834918e-07,-1.015111e-07,2.452231e-07,-7.774796e-08,2.57231e-07,-1.189557e-07,2.093668e-07,-1.948946e-07,1.399949e-07,-2.552925e-07,1.040943e-07,-2.819248e-07,1.151745e-07,-2.901529e-07,1.275823e-07,-2.904342e-07,1.152696e-07,-2.95453e-07,1.134842e-07,-2.741317e-07,1.701174e-07,-2.827583e-07,NaN,NaN,NaN,NaN,NaN,NaN,NaN,NaN,NaN,NaN,NaN,NaN,NaN,NaN,NaN,NaN,NaN,NaN
NaN,NaN,NaN,NaN,NaN,NaN,NaN,NaN,NaN,NaN,NaN,NaN,NaN,NaN,NaN,NaN,NaN,NaN,NaN,-5.731875e-07,-3.97093e-07,-8.264062e-07,-6.169827e-07,-8.075593e-07,-5.721557e-07,-5.840766e-07,-4.510235e-07,-4.272008e-07,-4.694907e-07,-4.73386e-07,-5.561859e-07,-5.204968e-07,-4.82184e-07,-2.988776e-07,-2.403096e-07,5.858131e-10,-9.09365e-08,9.508423e-08,-5.041239e-08,1.335301e-07,5.12469e-08,2.978996e-07,2.164052e-07,4.807118e-07,2.860315e-07,5.059299e-07,1.725011e-07,3.513341e-07,-6.439908e-08,1.183762e-07,-2.565136e-07,-1.373864e-07,-5.118463e-07,-4.689394e-07,-1.004353e-06,-9.760672e-07,-1.513736e-06,-1.1953e-06,-1.308696e-06,-7.084322e-07,-6.401564e-07,-7.828233e-08,-2.105862e-07,2.061243e-07,-1.330955e-07,1.902672e-07,-1.697656e-07,1.790408e-07,-1.296508e-07,2.646306e-07,-5.882962e-08,3.265073e-07,-6.641343e-08,2.917512e-07,-1.614866e-07,1.903301e-07,-2.711283e-07,9.975981e-08,-3.343448e-07,8.312539e-08,-3.510289e-07,1.077348e-07,-3.502043e-07,1.085897e-07,-3.508134e-07,8.524545e-08,-3.597442e-07,1.056076e-07,-3.294009e-07,1.883091e-07,NaN,NaN,NaN,NaN,NaN,NaN,NaN,NaN,NaN,NaN,NaN,NaN,NaN,NaN,NaN,NaN,NaN,NaN
NaN,NaN,NaN,NaN,NaN,NaN,NaN,NaN,NaN,NaN,NaN,NaN,NaN,NaN,NaN,NaN,NaN,NaN,-1.546464e-06,-4.10945e-07,-7.916104e-07,-5.716984e-07,-1.037118e-06,-8.769899e-07,-9.738593e-07,-7.595694e-07,-7.067586e-07,-6.830513e-07,-6.527413e-07,-7.831769e-07,-7.760019e-07,-8.219196e-07,-6.6083e-07,-5.474009e-07,-2.127919e-07,-2.078593e-07,8.065783e-08,-8.306265e-08,1.31025e-07,4.586545e-10,2.798115e-07,2.203535e-07,5.679394e-07,4.360353e-07,7.445096e-07,4.342926e-07,6.522922e-07,1.822394e-07,3.643033e-07,-1.33046e-07,3.894549e-08,-4.184297e-07,-3.766621e-07,-9.407299e-07,-1.025243e-06,-1.806679e-06,-1.738701e-06,-2.149108e-06,-1.538668e-06,-1.41532e-06,-6.267027e-07,-5.554842e-07,4.679745e-08,-2.141769e-07,1.962311e-07,-2.343276e-07,1.350625e-07,-2.359577e-07,2.04706e-07,-1.262685e-07,3.390961e-07,-5.415976e-08,3.673542e-07,-1.219686e-07,2.645682e-07,-2.733163e-07,1.154499e-07,-3.999459e-07,3.454878e-08,-4.467994e-07,4.966466e-08,-4.43888e-07,7.926931e-08,-4.248521e-07,7.735498e-08,-4.113976e-07,9.469677e-08,-3.471035e-07,1.876434e-07,-3.704083e-07,-1.783893e-07,NaN,NaN,NaN,NaN,NaN,NaN,NaN,NaN,NaN,NaN,NaN,NaN,NaN,NaN,NaN,NaN,NaN
NaN,NaN,NaN,NaN,NaN,NaN,NaN,NaN,NaN,NaN,NaN,NaN,NaN,NaN,NaN,NaN,NaN,NaN,-1.419435e-06,-7.804707e-07,-4.690562e-07,-9.166154e-07,-7.692928e-07,-1.183066e-06,-1.062921e-06,-1.140985e-06,-1.0385e-06,-1.009776e-06,-1.111975e-06,-1.127377e-06,-1.271544e-06,-1.185965e-06,-1.086843e-06,-7.156966e-07,-5.297881e-07,-1.014274e-07,-1.650975e-07,1.198998e-07,-5.269408e-08,2.335347e-07,1.824488e-07,5.898584e-07,5.694862e-07,9.939547e-07,7.919148e-07,1.104711e-06,6.644614e-07,8.61305e-07,2.81e-07,4.551798e-07,-8.548992e-08,-3.617394e-08,-6.582732e-07,-8.03515e-07,-1.753982e-06,-2.012743e-06,-2.930053e-06,-2.625607e-06,-2.695268e-06,-1.764282e-06,-1.456478e-06,-5.65555e-07,-5.986839e-07,-1.498222e-08,-4.162749e-07,-2.841278e-08,-4.702081e-07,-2.772582e-08,-3.618349e-07,1.680576e-07,-1.718122e-07,3.303378e-07,-1.258173e-07,3.009686e-07,-2.640311e-07,1.25104e-07,-4.593235e-07,-4.676345e-08,-5.752861e-07,-8.115762e-08,-5.79694e-07,-1.395619e-08,-5.183913e-07,6.101737e-08,-4.193607e-07,1.388275e-07,-3.189963e-07,2.235381e-07,-3.102956e-07,2.253625e-07,-8.122017e-07,NaN,NaN,NaN,NaN,NaN,NaN,NaN,NaN,NaN,NaN,NaN,NaN,NaN,NaN,NaN,NaN,NaN
NaN,NaN,NaN,NaN,NaN,NaN,NaN,NaN,NaN,NaN,NaN,NaN,NaN,NaN,NaN,NaN,NaN,NaN,-2.380347e-06,-5.656042e-08,6.897325e-07,1.572364e-06,4.660289e-07,-3.472017e-07,-1.395291e-06,-1.782901e-06,-2.0697e-06,-2.245074e-06,-2.281801e-06,-2.503501e-06,-2.470009e-06,-2.450392e-06,-2.042933e-06,-1.637707e-06,-9.000212e-07,-6.500478e-07,-8.641189e-08,-1.804241e-07,1.974933e-07,1.462673e-07,6.710619e-07,8.006401e-07,1.482839e-06,1.546626e-06,2.151528e-06,1.924923e-06,2.321547e-06,1.797461e-06,2.050395e-06,1.402344e-06,1.526083e-06,7.304127e-07,3.989362e-07,-8.549302e-07,-1.689153e-06,-3.451102e-06,-4.06998e-06,-5.010486e-06,-4.371952e-06,-4.074554e-06,-2.833886e-06,-2.458163e-06,-1.501892e-06,-1.682207e-06,-1.116633e-06,-1.620646e-06,-1.138476e-06,-1.521476e-06,-8.735136e-07,-1.127931e-06,-4.054694e-07,-7.35878e-07,-1.124078e-07,-6.322393e-07,-1.394011e-07,-7.971676e-07,-3.644218e-07,-1.015552e-06,-5.141184e-07,-1.068874e-06,-4.207774e-07,-9.001334e-07,-1.277194e-07,-5.067363e-07,3.472616e-07,8.748538e-08,9.27417e-07,5.046576e-07,8.33246e-07,-2.178596e-07,-4.199641e-07,NaN,NaN,NaN,NaN,NaN,NaN,NaN,NaN,NaN,NaN,NaN,NaN,NaN,NaN,NaN,NaN,NaN
NaN,NaN,NaN,NaN,NaN,NaN,NaN,NaN,NaN,NaN,NaN,NaN,NaN,NaN,NaN,NaN,NaN,-6.514775e-06,-1.585594e-06,2.827268e-06,9.669557e-06,1.178855e-05,9.438032e-06,3.448093e-06,-9.511312e-07,-4.45673e-06,-6.088238e-06,-7.036936e-06,-7.48707e-06,-7.572631e-06,-7.574972e-06,-7.019938e-06,-6.133687e-06,-4.657339e-06,-3.338706e-06,-1.804192e-06,-1.173035e-06,-2.111856e-07,-2.199224e-08,8.968346e-07,1.429994e-06,2.793802e-06,3.641999e-06,5.210829e-06,5.856718e-06,7.193238e-06,7.325199e-06,8.259557e-06,7.852326e-06,8.341727e-06,7.382647e-06,6.737494e-06,4.407632e-06,2.089614e-06,-2.023183e-06,-5.365069e-06,-9.46509e-06,-1.106867e-05,-1.231889e-05,-1.126046e-05,-1.05458e-05,-8.741799e-06,-8.266165e-06,-7.010317e-06,-7.296426e-06,-6.554511e-06,-6.968746e-06,-6.046284e-06,-6.070651e-06,-4.763008e-06,-4.577642e-06,-3.228916e-06,-3.266074e-06,-2.232068e-06,-2.712745e-06,-2.064636e-06,-2.850231e-06,-2.35255e-06,-3.065418e-06,-2.322007e-06,-2.704699e-06,-1.501824e-06,-1.43795e-06,2.848803e-07,9.639432e-07,3.136852e-06,3.953203e-06,5.029449e-06,3.120836e-06,1.617402e-06,-9.275291e-07,-1.907845e-06,NaN,NaN,NaN,NaN,NaN,NaN,NaN,NaN,NaN,NaN,NaN,NaN,NaN,NaN,NaN,NaN
NaN,NaN,NaN,NaN,NaN,NaN,NaN,NaN,NaN,NaN,NaN,NaN,NaN,NaN,NaN,NaN,NaN,-6.63075e-06,-1.916581e-07,2.450993e-05,5.202979e-05,5.249736e-05,3.377353e-05,1.236362e-05,-4.406714e-06,-1.547044e-05,-2.127839e-05,-2.425665e-05,-2.494264e-05,-2.511055e-05,-2.408046e-05,-2.233556e-05,-1.915583e-05,-1.52093e-05,-1.061982e-05,-6.980138e-06,-3.655567e-06,-1.724021e-06,3.853335e-07,2.212485e-06,5.031468e-06,8.027668e-06,1.201446e-05,1.563817e-05,1.980347e-05,2.294738e-05,2.63345e-05,2.829003e-05,3.037074e-05,3.060127e-05,3.020155e-05,2.673354e-05,2.106203e-05,1.192429e-05,8.667135e-07,-1.199588e-05,-2.293667e-05,-3.167707e-05,-3.552765e-05,-3.659135e-05,-3.461837e-05,-3.24812e-05,-2.968501e-05,-2.834271e-05,-2.666669e-05,-2.643574e-05,-2.510831e-05,-2.43892e-05,-2.207141e-05,-2.025292e-05,-1.704577e-05,-1.495404e-05,-1.202427e-05,-1.085024e-05,-9.121904e-06,-9.316574e-06,-8.725539e-06,-9.60827e-06,-9.054077e-06,-9.380519e-06,-7.707439e-06,-6.712442e-06,-3.408685e-06,-6.805039e-07,4.544948e-06,9.175739e-06,1.552939e-05,1.873537e-05,1.782676e-05,7.828028e-06,4.677013e-07,-2.795031e-06,NaN,NaN,NaN,NaN,NaN,NaN,NaN,NaN,NaN,NaN,NaN,NaN,NaN,NaN,NaN,NaN
NaN,NaN,NaN,NaN,NaN,NaN,NaN,NaN,NaN,NaN,NaN,NaN,NaN,NaN,NaN,NaN,NaN,-1.13323e-05,2.664801e-05,0.0001106981,0.0001519794,0.0001244837,7.14956e-05,1.943729e-05,-1.933814e-05,-4.379152e-05,-5.737542e-05,-6.252079e-05,-6.442934e-05,-6.268653e-05,-6.051555e-05,-5.467917e-05,-4.778536e-05,-3.720376e-05,-2.754506e-05,-1.724873e-05,-1.06274e-05,-3.959176e-06,-5.653993e-08,6.093273e-06,1.159133e-05,2.038006e-05,2.862086e-05,3.944939e-05,4.834641e-05,5.886693e-05,6.621631e-05,7.438433e-05,7.856723e-05,8.224676e-05,7.993505e-05,7.35486e-05,5.791376e-05,3.70063e-05,7.776976e-06,-2.183564e-05,-5.146e-05,-7.218514e-05,-8.597611e-05,-8.935884e-05,-8.872143e-05,-8.33185e-05,-7.939123e-05,-7.423308e-05,-7.216223e-05,-6.904054e-05,-6.764007e-05,-6.361132e-05,-5.995983e-05,-5.32655e-05,-4.73544e-05,-3.960168e-05,-3.413826e-05,-2.831363e-05,-2.581226e-05,-2.339795e-05,-2.389573e-05,-2.349159e-05,-2.432295e-05,-2.273142e-05,-2.10277e-05,-1.614404e-05,-1.064822e-05,-1.823338e-06,8.065709e-06,2.095085e-05,3.421363e-05,4.625821e-05,4.915157e-05,3.542789e-05,8.917218e-06,-3.716353e-06,NaN,NaN,NaN,NaN,NaN,NaN,NaN,NaN,NaN,NaN,NaN,NaN,NaN,NaN,NaN,NaN
NaN,NaN,NaN,NaN,NaN,NaN,NaN,NaN,NaN,NaN,NaN,NaN,NaN,NaN,NaN,NaN,-1.173582e-05,-9.13535e-06,0.0001314949,0.0002882698,0.000288557,0.0002206463,0.0001129114,2.288895e-05,-5.17035e-05,-9.248593e-05,-0.0001197322,-0.0001260702,-0.0001303602,-0.0001242658,-0.0001204066,-0.0001070726,-9.464001e-05,-7.318179e-05,-5.539777e-05,-3.495233e-05,-2.209861e-05,-8.535636e-06,-6.026005e-07,1.18837e-05,2.257178e-05,3.993212e-05,5.614797e-05,7.746003e-05,9.599559e-05,0.0001170068,0.0001334322,0.0001502545,0.0001606279,0.0001684498,0.0001652731,0.0001525845,0.0001224486,8.03726e-05,2.360417e-05,-3.562115e-05,-9.346106e-05,-0.0001366322,-0.0001656269,-0.0001761952,-0.0001771207,-0.0001694687,-0.0001619869,-0.0001532235,-0.0001479274,-0.0001423845,-0.0001383091,-0.0001311877,-0.0001229746,-0.0001107505,-9.784403e-05,-8.325025e-05,-7.073835e-05,-5.972631e-05,-5.287045e-05,-4.869108e-05,-4.799208e-05,-4.800956e-05,-4.83189e-05,-4.622015e-05,-4.164149e-05,-3.326334e-05,-2.146679e-05,-5.735008e-06,1.354393e-05,3.646891e-05,6.091188e-05,8.336659e-05,9.404324e-05,8.696205e-05,4.31433e-05,-3.137789e-06,-4.364063e-06,NaN,NaN,NaN,NaN,NaN,NaN,NaN,NaN,NaN,NaN,NaN,NaN,NaN,NaN,NaN
NaN,NaN,NaN,NaN,NaN,NaN,NaN,NaN,NaN,NaN,NaN,NaN,NaN,NaN,NaN,NaN,-2.622001e-05,5.212508e-05,0.0003581558,0.000512915,0.0004675647,0.0003371561,0.0001663356,1.785583e-05,-9.836899e-05,-0.0001673724,-0.0002085769,-0.0002201876,-0.0002242034,-0.0002141093,-0.0002048217,-0.0001829665,-0.0001603595,-0.0001256876,-9.524974e-05,-6.148914e-05,-3.928498e-05,-1.596016e-05,-1.707335e-06,1.963283e-05,3.829446e-05,6.753523e-05,9.525249e-05,0.0001320338,0.0001638572,0.0002015542,0.0002304792,0.0002617734,0.0002808553,0.0002964071,0.0002915248,0.000271069,0.0002188972,0.0001476795,4.985795e-05,-5.016525e-05,-0.0001500167,-0.0002245675,-0.0002781801,-0.0002994433,-0.0003059744,-0.000294798,-0.0002848159,-0.0002692091,-0.0002611873,-0.0002499675,-0.0002438143,-0.0002302516,-0.0002174774,-0.0001952918,-0.0001743455,-0.0001475698,-0.0001267988,-0.0001056786,-9.44404e-05,-8.508327e-05,-8.454858e-05,-8.279985e-05,-8.418065e-05,-7.911149e-05,-7.226416e-05,-5.662944e-05,-3.77113e-05,-1.043127e-05,2.048459e-05,5.782142e-05,9.642846e-05,0.000131732,0.00015183,0.0001498425,0.0001101908,1.89371e-05,-1.028097e-05,NaN,NaN,NaN,NaN,NaN,NaN,NaN,NaN,NaN,NaN,NaN,NaN,NaN,NaN,NaN
NaN,NaN,NaN,NaN,NaN,NaN,NaN,NaN,NaN,NaN,NaN,NaN,NaN,NaN,NaN,NaN,-4.424955e-05,0.0002315991,0.0006827331,0.0007771192,0.0006990209,0.0004726825,0.0002362546,2.481095e-06,-0.0001573608,-0.0002723678,-0.0003230734,-0.0003500311,-0.0003450711,-0.000336933,-0.0003125998,-0.0002860758,-0.0002436376,-0.0001985059,-0.0001454642,-0.0001012439,-6.004065e-05,-3.019093e-05,-8.877037e-07,2.645453e-05,6.155076e-05,0.0001008929,0.0001495428,0.0002009874,0.0002570226,0.0003111512,0.0003639345,0.0004094925,0.0004472552,0.0004683955,0.0004673693,0.0004313515,0.0003550552,0.0002392664,9.229748e-05,-6.723847e-05,-0.0002174248,-0.0003394663,-0.0004222881,-0.0004648268,-0.0004761528,-0.0004668403,-0.0004495768,-0.0004301348,-0.0004135148,-0.0003992727,-0.0003854736,-0.0003679011,-0.0003445305,-0.0003136702,-0.0002774113,-0.0002386948,-0.0002020107,-0.0001715202,-0.0001494148,-0.000137234,-0.0001320931,-0.000131951,-0.0001300932,-0.0001249856,-0.0001103291,-8.910356e-05,-5.605978e-05,-1.76868e-05,3.249753e-05,8.402993e-05,0.0001442329,0.0001899262,0.000226249,0.0002207252,0.0001985809,7.59297e-05,-1.413021e-05,NaN,NaN,NaN,NaN,NaN,NaN,NaN,NaN,NaN,NaN,NaN,NaN,NaN,NaN,NaN
NaN,NaN,NaN,NaN,NaN,NaN,NaN,NaN,NaN,NaN,NaN,NaN,NaN,NaN,NaN,NaN,-8.06418e-07,0.0005475916,0.00106504,0.001108888,0.0009716369,0.0006427017,0.0003156474,-1.441685e-05,-0.0002357492,-0.0004015663,-0.0004705206,-0.0005115734,-0.0004991156,-0.0004895965,-0.0004485501,-0.0004132383,-0.0003489762,-0.0002886,-0.0002109439,-0.0001517547,-8.895081e-05,-4.897657e-05,-1.846399e-06,3.515761e-05,8.917636e-05,0.0001433787,0.0002164369,0.0002880785,0.0003738066,0.0004506525,0.0005332384,0.0006004625,0.000660567,0.0006928674,0.0006951433,0.0006401742,0.0005328445,0.0003595654,0.0001494986,-8.293681e-05,-0.0002995304,-0.0004789792,-0.0006023416,-0.0006729534,-0.0006930224,-0.00068732,-0.0006629179,-0.0006371715,-0.0006117263,-0.0005912581,-0.0005695861,-0.0005451625,-0.0005101716,-0.0004666283,-0.0004127411,-0.0003566265,-0.0003015129,-0.0002563493,-0.0002224279,-0.0002036647,-0.0001948508,-0.0001935095,-0.0001898766,-0.0001808757,-0.0001590805,-0.000126422,-7.894365e-05,-2.229078e-05,4.735814e-05,0.0001212218,0.0002006389,0.0002655504,0.0003106614,0.000310622,0.0002894947,0.0001707822,3.964014e-06,NaN,NaN,NaN,NaN,NaN,NaN,NaN,NaN,NaN,NaN,NaN,NaN,NaN,NaN,NaN
NaN,NaN,NaN,NaN,NaN,NaN,NaN,NaN,NaN,NaN,NaN,NaN,NaN,NaN,NaN,-5.722575e-05,0.0001456206,0.001015474,0.001494283,0.001522452,0.001281761,0.0008533422,0.0004011946,-2.919131e-05,-0.0003342297,-0.0005539033,-0.0006513282,-0.0007036419,-0.0006882446,-0.0006701792,-0.0006136544,-0.0005637726,-0.0004755836,-0.0003970044,-0.0002915819,-0.0002140515,-0.0001275608,-7.280596e-05,-5.24755e-06,4.422452e-05,0.000122727,0.0001930491,0.0002972151,0.0003933011,0.0005144763,0.0006211535,0.0007413306,0.0008343206,0.0009278868,0.0009700158,0.0009799944,0.000901317,0.0007520155,0.0005101524,0.000222039,-0.0001025742,-0.0003931753,-0.0006486792,-0.000818401,-0.0009259815,-0.0009591681,-0.0009590233,-0.0009255593,-0.0008951246,-0.0008552283,-0.000830536,-0.0007963019,-0.0007659384,-0.000714971,-0.0006580353,-0.000580414,-0.0005050992,-0.0004246836,-0.0003636128,-0.0003124392,-0.000287552,-0.0002715456,-0.000270186,-0.0002614909,-0.0002485954,-0.0002152561,-0.0001691142,-0.0001023945,-2.3886e-05,6.923796e-05,0.0001689082,0.0002697213,0.0003563658,0.0004078566,0.0004188905,0.0003831676,0.0002975083,5.374832e-05,-2.216867e-05,NaN,NaN,NaN,NaN,NaN,NaN,NaN,NaN,NaN,NaN,NaN,NaN,NaN,NaN
NaN,NaN,NaN,NaN,NaN,NaN,NaN,NaN,NaN,NaN,NaN,NaN,NaN,NaN,NaN,-8.159762e-05,0.0004387187,0.001588741,0.001997076,0.002009455,0.001637027,0.001101211,0.0004953344,-4.124185e-05,-0.0004537565,-0.0007253971,-0.0008670843,-0.000923347,-0.0009122551,-0.0008764794,-0.0008084465,-0.000733378,-0.0006267958,-0.0005188385,-0.0003916076,-0.0002858106,-0.0001789675,-0.0001004267,-1.488752e-05,5.755276e-05,0.0001563624,0.0002550251,0.0003873328,0.0005192373,0.0006772599,0.0008253193,0.0009853919,0.001119229,0.001244181,0.001309492,0.001319757,0.001216381,0.001011901,0.0006886855,0.0003024338,-0.0001229288,-0.0005100257,-0.0008452217,-0.001077269,-0.00122445,-0.001277446,-0.001280891,-0.001241577,-0.001199718,-0.001149,-0.001113257,-0.001069763,-0.00102798,-0.0009627737,-0.0008857473,-0.0007844062,-0.0006814337,-0.0005753398,-0.0004904996,-0.0004231161,-0.000386303,-0.0003654915,-0.0003591379,-0.0003471451,-0.0003242374,-0.0002792939,-0.0002123922,-0.000125253,-1.785469e-05,9.965392e-05,0.0002304039,0.0003521831,0.0004630577,0.0005193567,0.0005414293,0.000488895,0.0004320844,0.0001430184,-2.527947e-05,NaN,NaN,NaN,NaN,NaN,NaN,NaN,NaN,NaN,NaN,NaN,NaN,NaN,NaN
NaN,NaN,NaN,NaN,NaN,NaN,NaN,NaN,NaN,NaN,NaN,NaN,NaN,NaN,NaN,-4.339971e-05,0.0009108261,0.002231452,0.002595784,0.002559105,0.002043838,0.001376856,0.0006013348,-5.504884e-05,-0.0005895413,-0.0009169875,-0.001112057,-0.001171082,-0.001165354,-0.001108631,-0.001027946,-0.0009217145,-0.0007988574,-0.0006546555,-0.0005084338,-0.0003693168,-0.0002413991,-0.0001346822,-2.957835e-05,7.294172e-05,0.0001908212,0.000327405,0.0004876206,0.0006632308,0.0008638304,0.001060345,0.001267785,0.001453954,0.001611877,0.001710507,0.001715178,0.00158074,0.001309605,0.0008859728,0.000384975,-0.0001527132,-0.000655625,-0.001074854,-0.001381045,-0.001572046,-0.001645673,-0.001653621,-0.00160687,-0.001549953,-0.001488974,-0.001438783,-0.001386625,-0.001331602,-0.001250748,-0.001150522,-0.001021841,-0.0008865122,-0.0007506082,-0.0006382597,-0.0005520158,-0.0005015056,-0.0004743475,-0.0004613934,-0.0004431768,-0.0004075355,-0.0003454902,-0.0002550418,-0.0001407781,-3.080674e-06,0.0001444187,0.0003057362,0.0004511362,0.000583029,0.000648113,0.000672213,0.0006146664,0.0005589332,0.0002741522,-5.918796e-06,NaN,NaN,NaN,NaN,NaN,NaN,NaN,NaN,NaN,NaN,NaN,NaN,NaN,NaN
NaN,NaN,NaN,NaN,NaN,NaN,NaN,NaN,NaN,NaN,NaN,NaN,NaN,NaN,NaN,8.347776e-05,0.001597958,0.002949521,0.003294219,0.003167612,0.002497106,0.001676079,0.0007151336,-7.420286e-05,-0.0007361972,-0.001130095,-0.00138062,-0.001440784,-0.001448603,-0.001357905,-0.001271668,-0.001125617,-0.0009867719,-0.0008042171,-0.0006409684,-0.0004602748,-0.0003207093,-0.0001701821,-5.306313e-05,8.912268e-05,0.0002285592,0.000406558,0.0005965868,0.0008297971,0.001064618,0.001333584,0.001584223,0.001835976,0.002035943,0.002166664,0.002161213,0.001996299,0.001623403,0.001100694,0.0004544239,-0.000208223,-0.0008333198,-0.00134956,-0.001735743,-0.001963794,-0.002069353,-0.002067821,-0.00201887,-0.001940073,-0.001869766,-0.001801888,-0.001744772,-0.001670739,-0.001578657,-0.001446831,-0.001292164,-0.001115525,-0.0009502087,-0.0008027899,-0.0006997439,-0.0006299224,-0.0005984727,-0.0005732723,-0.000548511,-0.0004924688,-0.0004116691,-0.0002892572,-0.0001464878,2.703501e-05,0.0002057177,0.0003974836,0.0005678367,0.0007160188,0.0007919052,0.0008130359,0.0007554188,0.0006835092,0.0004451121,3.70142e-05,NaN,NaN,NaN,NaN,NaN,NaN,NaN,NaN,NaN,NaN,NaN,NaN,NaN,NaN
NaN,NaN,NaN,NaN,NaN,NaN,NaN,NaN,NaN,NaN,NaN,NaN,NaN,NaN,-0.0001028481,0.0003757037,0.002465234,0.003755477,0.004092822,0.003823017,0.002996458,0.001978781,0.0008387399,-0.0001070762,-0.0008911893,-0.001363633,-0.001663718,-0.001735633,-0.00174468,-0.001630229,-0.001525774,-0.001345419,-0.001184622,-0.0009667518,-0.000781956,-0.0005657892,-0.0004046022,-0.0002173435,-7.764486e-05,0.0001026621,0.0002688642,0.0004910032,0.0007173077,0.001007017,0.001291658,0.001630321,0.001941025,0.002263039,0.002510975,0.002675347,0.002653962,0.002437937,0.001952507,0.001300954,0.0004995718,-0.0003039882,-0.001058708,-0.001677384,-0.002141904,-0.002407266,-0.002535608,-0.002523649,-0.002463889,-0.002364352,-0.00228017,-0.002198053,-0.002133694,-0.00204383,-0.001936423,-0.001773613,-0.001586347,-0.001367413,-0.001166305,-0.000984409,-0.0008597804,-0.0007726837,-0.0007317966,-0.0006942925,-0.0006555523,-0.0005765842,-0.0004682239,-0.0003121721,-0.000133544,7.505354e-05,0.0002885709,0.0005063812,0.0007035465,0.0008596394,0.0009498841,0.0009616891,0.0009084846,0.0008118681,0.0006289407,0.0001201604,-3.498183e-05,NaN,NaN,NaN,NaN,NaN,NaN,NaN,NaN,NaN,NaN,NaN,NaN,NaN
NaN,NaN,NaN,NaN,NaN,NaN,NaN,NaN,NaN,NaN,NaN,NaN,NaN,NaN,-0.0001109186,0.0008860098,0.00345403,0.004673963,0.004977463,0.00452048,0.003522438,0.002275897,0.0009593262,-0.0001550606,-0.001060243,-0.001609278,-0.001960488,-0.002047255,-0.002047171,-0.001919367,-0.001784913,-0.00157394,-0.001390536,-0.001135156,-0.0009300226,-0.0006822617,-0.0004907183,-0.0002752332,-0.0001034453,0.0001157174,0.0003078186,0.0005826176,0.0008466564,0.001193061,0.001543944,0.001948359,0.002334614,0.002736511,0.003027084,0.00323248,0.003179194,0.002882854,0.002278798,0.001459222,0.0004956098,-0.0004524917,-0.001354444,-0.002062758,-0.002603295,-0.002902873,-0.003034045,-0.003011705,-0.002932104,-0.002807211,-0.002712931,-0.002614863,-0.002545809,-0.002442204,-0.002316954,-0.002122364,-0.001898484,-0.001634131,-0.001394605,-0.001176747,-0.001029941,-0.0009240409,-0.0008720182,-0.0008174269,-0.0007591423,-0.0006513876,-0.0005086972,-0.0003150177,-9.750255e-05,0.0001479251,0.0003935972,0.0006372595,0.0008529575,0.001017913,0.001114847,0.001118738,0.00106907,0.0009507625,0.0007991531,0.0002463865,-2.767662e-05,NaN,NaN,NaN,NaN,NaN,NaN,NaN,NaN,NaN,NaN,NaN,NaN,NaN
NaN,NaN,NaN,NaN,NaN,NaN,NaN,NaN,NaN,NaN,NaN,NaN,NaN,NaN,-7.457299e-05,0.00168006,0.00457376,0.005700735,0.005942966,0.005241127,0.004054016,0.002551574,0.001063776,-0.0002345498,-0.00122776,-0.001882579,-0.002251186,-0.002372725,-0.002351904,-0.002214399,-0.002041446,-0.001813234,-0.001584403,-0.001317778,-0.001070701,-0.0008073241,-0.0005788676,-0.0003386959,-0.0001267283,0.0001178293,0.000360759,0.0006654576,0.0009904755,0.001388409,0.001811675,0.002291518,0.002765376,0.003236547,0.003596771,0.003806034,0.003721085,0.003313672,0.002556936,0.001555917,0.0004192319,-0.0006924822,-0.001717427,-0.002527331,-0.0031158,-0.003440341,-0.003557093,-0.003516265,-0.003405314,-0.003260514,-0.003148261,-0.003045676,-0.002966889,-0.002857482,-0.002708214,-0.002485311,-0.002216359,-0.001909976,-0.001624803,-0.001376403,-0.00120208,-0.001081413,-0.001009988,-0.0009379489,-0.0008484814,-0.0007094725,-0.0005229934,-0.0002916156,-2.974081e-05,0.0002469051,0.0005262201,0.000786837,0.001017709,0.001185661,0.001285476,0.001281556,0.001233183,0.001099508,0.0009574516,0.0004186126,-9.00021e-06,NaN,NaN,NaN,NaN,NaN,NaN,NaN,NaN,NaN,NaN,NaN,NaN,NaN
NaN,NaN,NaN,NaN,NaN,NaN,NaN,NaN,NaN,NaN,NaN,NaN,NaN,NaN,4.600807e-05,0.0028015,0.00584114,0.006840921,0.006963492,0.00596694,0.004566379,0.002782355,0.001136014,-0.0003494055,-0.001406633,-0.002171294,-0.002539038,-0.002701275,-0.002649925,-0.002508626,-0.002288122,-0.002051264,-0.001767659,-0.001499561,-0.001204223,-0.0009327146,-0.0006640777,-0.000404552,-0.0001470517,0.000115561,0.0004195112,0.0007463717,0.00114219,0.001591788,0.002094396,0.002656052,0.003227412,0.003763463,0.004198973,0.004384537,0.004245915,0.00369531,0.002750007,0.001554996,0.0002402338,-0.001042605,-0.002164457,-0.003070091,-0.003678857,-0.004003355,-0.004092535,-0.004017773,-0.003867676,-0.003707992,-0.003573355,-0.003475617,-0.003387657,-0.003274862,-0.003100544,-0.002848501,-0.002530676,-0.00218265,-0.001850492,-0.00157408,-0.001370869,-0.001236618,-0.001138294,-0.001044768,-0.0009152343,-0.0007380406,-0.0005041634,-0.0002322353,7.350062e-05,0.0003766276,0.0006861035,0.0009536493,0.001197483,0.001357488,0.001460175,0.001448125,0.001395663,0.001256438,0.001110964,0.0006268445,2.639067e-05,NaN,NaN,NaN,NaN,NaN,NaN,NaN,NaN,NaN,NaN,NaN,NaN,NaN
NaN,NaN,NaN,NaN,NaN,NaN,NaN,NaN,NaN,NaN,NaN,NaN,NaN,NaN,0.0003746521,0.004270378,0.007229274,0.008108728,0.007995591,0.006680448,0.005022366,0.002944579,0.001154781,-0.000497724,-0.001621241,-0.002453829,-0.002833182,-0.003022695,-0.002927363,-0.002798422,-0.002515471,-0.002273386,-0.001943219,-0.001662768,-0.001328045,-0.001053369,-0.0007337978,-0.0004735556,-0.0001610175,0.0001184227,0.0004719503,0.0008354092,0.001296954,0.001794136,0.002402109,0.003028386,0.003716118,0.004318762,0.004798931,0.004953496,0.00471434,0.003969498,0.002831662,0.001406019,-7.093307e-05,-0.00150704,-0.002715919,-0.003677549,-0.004279162,-0.004580578,-0.00461362,-0.004500456,-0.004301793,-0.004130525,-0.003977346,-0.003889838,-0.003794875,-0.003681934,-0.003479021,-0.003198597,-0.002828332,-0.002440823,-0.002061582,-0.001761552,-0.001528263,-0.001379413,-0.001247668,-0.00112534,-0.0009465071,-0.0007282551,-0.000440546,-0.0001313104,0.0002146798,0.0005411329,0.0008685663,0.001138697,0.001385433,0.001532624,0.001633767,0.001614096,0.001556358,0.001417744,0.001257312,0.0008587497,9.162397e-05,NaN,NaN,NaN,NaN,NaN,NaN,NaN,NaN,NaN,NaN,NaN,NaN,NaN
NaN,NaN,NaN,NaN,NaN,NaN,NaN,NaN,NaN,NaN,NaN,NaN,NaN,-0.0001661881,0.001064733,0.005953454,0.008757261,0.009472607,0.009010273,0.007351209,0.005363386,0.0030398,0.001079789,-0.0006816363,-0.001870679,-0.0027353,-0.003128113,-0.003318406,-0.003197792,-0.003053339,-0.002731135,-0.00246403,-0.00210134,-0.001798933,-0.001437228,-0.001149238,-0.0007979712,-0.0005234614,-0.0001759262,0.0001311589,0.0005219402,0.0009291346,0.001449538,0.002008168,0.002712315,0.003424353,0.004213215,0.004887301,0.005376837,0.005469254,0.005075251,0.004096912,0.002740704,0.001088524,-0.000546348,-0.002090341,-0.003370711,-0.004333374,-0.004897233,-0.005145897,-0.0051016,-0.004938806,-0.004697863,-0.004506842,-0.004353762,-0.004271751,-0.00417865,-0.00406143,-0.003832108,-0.003517,-0.003098831,-0.002669565,-0.00225054,-0.001926062,-0.001668226,-0.001494245,-0.001328986,-0.00116313,-0.0009325816,-0.0006667328,-0.0003275469,1.799944e-05,0.0003945796,0.0007390223,0.001070919,0.001339995,0.001572672,0.001713006,0.001799105,0.001775978,0.001716606,0.00157476,0.001406427,0.001062476,0.0002121961,-3.921433e-05,NaN,NaN,NaN,NaN,NaN,NaN,NaN,NaN,NaN,NaN,NaN,NaN
NaN,NaN,NaN,NaN,NaN,NaN,NaN,NaN,NaN,NaN,NaN,NaN,NaN,-0.0001397523,0.00218911,0.007809945,0.01042768,0.01088891,0.009966721,0.007928017,0.005555367,0.00304079,0.0008978014,-0.0009194853,-0.002139805,-0.003031932,-0.003405815,-0.003587041,-0.003453041,-0.00326469,-0.002922184,-0.00262065,-0.002221889,-0.001906892,-0.001515751,-0.001213645,-0.0008484196,-0.0005494744,-0.0001826028,0.0001475948,0.0005806649,0.00101895,0.001602522,0.002232913,0.00302037,0.003838024,0.004713953,0.005434109,0.005911477,0.005871261,0.005270394,0.004033548,0.002422493,0.0005809147,-0.001189026,-0.002804859,-0.004096669,-0.005019684,-0.005504297,-0.00566582,-0.005537089,-0.005313702,-0.005036901,-0.004832845,-0.004686004,-0.004613842,-0.004524721,-0.004398705,-0.004143006,-0.003789423,-0.003326445,-0.002857586,-0.002405966,-0.002058082,-0.001776123,-0.001571277,-0.001363522,-0.001146117,-0.0008628418,-0.0005419459,-0.0001632775,0.0002179895,0.0006138068,0.0009633802,0.001291149,0.001549385,0.001757524,0.001891985,0.001953641,0.001935989,0.001864308,0.001733903,0.001551187,0.001231346,0.0003777609,-1.965692e-05,NaN,NaN,NaN,NaN,NaN,NaN,NaN,NaN,NaN,NaN,NaN,NaN
NaN,NaN,NaN,NaN,NaN,NaN,NaN,NaN,NaN,NaN,NaN,NaN,NaN,-8.657539e-05,0.003835791,0.009965518,0.01216197,0.01235128,0.01076718,0.00837664,0.005570286,0.002910848,0.0006060647,-0.001199489,-0.002464964,-0.0033024,-0.003691935,-0.003811598,-0.003678933,-0.003430573,-0.003076496,-0.002721968,-0.002313685,-0.00195607,-0.001568368,-0.001232203,-0.0008761417,-0.0005472847,-0.000179062,0.000180503,0.0006341176,0.001119055,0.001746157,0.002466696,0.003326776,0.004257442,0.005199084,0.005938227,0.006342161,0.006111299,0.005231625,0.003725643,0.001847672,-0.0001311637,-0.001993048,-0.003626177,-0.004864357,-0.005696182,-0.00606996,-0.006107564,-0.005902031,-0.005608866,-0.005309513,-0.005101469,-0.004966814,-0.004905287,-0.004821449,-0.004678264,-0.004395667,-0.004000337,-0.003498616,-0.002991389,-0.002518458,-0.002144854,-0.001837946,-0.001595572,-0.001335489,-0.00106267,-0.0007251884,-0.0003522018,5.690373e-05,0.0004659432,0.0008645431,0.00121185,0.001519908,0.001759365,0.001941896,0.002058878,0.002100938,0.002090019,0.001996657,0.001894067,0.001684064,0.001392554,0.0005828099,-1.824718e-06,NaN,NaN,NaN,NaN,NaN,NaN,NaN,NaN,NaN,NaN,NaN,NaN
NaN,NaN,NaN,NaN,NaN,NaN,NaN,NaN,NaN,NaN,NaN,NaN,NaN,8.088577e-05,0.006072152,0.01239171,0.01394811,0.0137479,0.0113753,0.008623525,0.005388855,0.002627659,0.0002088571,-0.001524583,-0.002836841,-0.003548041,-0.003971892,-0.003992697,-0.003861837,-0.003542991,-0.003182502,-0.002757306,-0.002361926,-0.001941058,-0.001578532,-0.00120417,-0.0008684147,-0.0005147968,-0.0001616217,0.0002340104,0.0006812084,0.00122755,0.001884446,0.002697614,0.003634671,0.00466402,0.005640647,0.006366562,0.006597798,0.006126529,0.004904878,0.003113966,0.001020326,-0.001048435,-0.002934711,-0.004500271,-0.00563803,-0.006314557,-0.006553739,-0.006454662,-0.006172542,-0.005819165,-0.005512768,-0.005305027,-0.005193489,-0.005135818,-0.005055439,-0.004885458,-0.004575049,-0.004134642,-0.003602297,-0.00306177,-0.002573802,-0.00217388,-0.001840782,-0.001545843,-0.001236761,-0.0008996182,-0.0005128277,-0.0001009823,0.0003343339,0.0007531215,0.001137876,0.001478205,0.001747076,0.001968106,0.002116604,0.002215914,0.002237327,0.002231454,0.002122713,0.00204275,0.001806992,0.001555181,0.0008069486,2.935668e-05,NaN,NaN,NaN,NaN,NaN,NaN,NaN,NaN,NaN,NaN,NaN,NaN
NaN,NaN,NaN,NaN,NaN,NaN,NaN,NaN,NaN,NaN,NaN,NaN,NaN,0.0006556186,0.008943842,0.01491679,0.01580619,0.01490072,0.01178577,0.008586772,0.00498841,0.002205523,-0.0002936047,-0.001903004,-0.003206939,-0.00379916,-0.004208752,-0.004131513,-0.003997572,-0.003584683,-0.003231034,-0.00272091,-0.002342834,-0.001864456,-0.00152963,-0.001126194,-0.0008219365,-0.0004468487,-0.0001287606,0.0003057812,0.00072653,0.001337723,0.002018518,0.002921761,0.003931681,0.00504114,0.00600104,0.006659764,0.006612757,0.005842392,0.004241528,0.002183196,-4.861186e-05,-0.002132729,-0.003964443,-0.005369533,-0.006363329,-0.006830574,-0.00692315,-0.006689849,-0.006340159,-0.00594238,-0.005648191,-0.005442458,-0.005361141,-0.005296257,-0.00521523,-0.005003588,-0.004670064,-0.004178195,-0.003627149,-0.003058753,-0.002559688,-0.002130734,-0.001767833,-0.001409247,-0.0010548,-0.0006507855,-0.0002319263,0.0002149617,0.0006531198,0.001071071,0.001429305,0.00174466,0.001973524,0.002168656,0.002275001,0.002366967,0.002359407,0.002357852,0.002247455,0.002170219,0.001931128,0.001698129,0.001049578,8.655874e-05,NaN,NaN,NaN,NaN,NaN,NaN,NaN,NaN,NaN,NaN,NaN,NaN
NaN,NaN,NaN,NaN,NaN,NaN,NaN,NaN,NaN,NaN,NaN,NaN,NaN,0.002015673,0.01213151,0.01743349,0.01762411,0.01571332,0.01192037,0.008214423,0.004403938,0.00161696,-0.0008457899,-0.002345545,-0.003541035,-0.004058062,-0.004378989,-0.004233608,-0.004053248,-0.003568169,-0.003183817,-0.002625747,-0.002225491,-0.001736014,-0.001404308,-0.001004071,-0.0007268105,-0.000355674,-6.263313e-05,0.0003702822,0.0007912262,0.00142982,0.002152384,0.003131844,0.004202115,0.00535254,0.006249003,0.006717457,0.006342753,0.005176403,0.003218832,0.0009612913,-0.001323582,-0.003319582,-0.004997121,-0.006190657,-0.006965342,-0.007218878,-0.007151525,-0.006805936,-0.006402553,-0.005988684,-0.005711336,-0.005522009,-0.005457645,-0.005382023,-0.005281626,-0.0050283,-0.004659613,-0.004129181,-0.003560882,-0.002972183,-0.002465175,-0.002001439,-0.001598647,-0.001184421,-0.0007749173,-0.0003252128,0.0001140296,0.0005844012,0.001000813,0.001407312,0.001727532,0.002002502,0.002193723,0.002353403,0.002424356,0.002502156,0.002473867,0.002472967,0.002359071,0.002287651,0.002047439,0.001824366,0.001250899,0.0002137106,NaN,NaN,NaN,NaN,NaN,NaN,NaN,NaN,NaN,NaN,NaN,NaN
NaN,NaN,NaN,NaN,NaN,NaN,NaN,NaN,NaN,NaN,NaN,NaN,-0.0002066347,0.004243424,0.01547775,0.01990982,0.01917675,0.01615433,0.01165202,0.007525994,0.003658636,0.0008788896,-0.001416903,-0.002803333,-0.003862543,-0.004267147,-0.004502302,-0.00426837,-0.004022054,-0.003475509,-0.003036276,-0.002447968,-0.002022879,-0.001533833,-0.001218762,-0.0008282837,-0.0005947487,-0.0002363396,2.42285e-05,0.0004307746,0.0008653603,0.001504266,0.00227294,0.003326705,0.004408649,0.005568635,0.006309203,0.00647028,0.005712688,0.004097028,0.001849717,-0.0004967769,-0.002726689,-0.004519294,-0.00595776,-0.006890887,-0.007403047,-0.007450717,-0.007233007,-0.006805201,-0.006368722,-0.005965766,-0.005709347,-0.005538346,-0.005479317,-0.005379992,-0.005243045,-0.004950999,-0.004533461,-0.003983021,-0.003394845,-0.002795059,-0.002275174,-0.001773902,-0.001326535,-0.0008617088,-0.0004063378,6.754079e-05,0.0005214826,0.0009792618,0.001375629,0.001743156,0.002018359,0.002251523,0.002398533,0.002520094,0.002572997,0.002613266,0.002591531,0.002570119,0.002466441,0.002385804,0.002164396,0.001928634,0.001410219,0.0003896683,-1.837157e-05,NaN,NaN,NaN,NaN,NaN,NaN,NaN,NaN,NaN,NaN,NaN
NaN,NaN,NaN,NaN,NaN,NaN,NaN,NaN,NaN,NaN,NaN,NaN,-0.0001231094,0.007382558,0.01920302,0.02212082,0.02039956,0.01601196,0.01103939,0.006492417,0.002802756,3.350271e-05,-0.001965176,-0.003263721,-0.00411684,-0.004443128,-0.004527286,-0.004248023,-0.003872311,-0.00330355,-0.002773796,-0.00218385,-0.001730271,-0.001270411,-0.0009623705,-0.0006322088,-0.0004061329,-0.0001164799,0.0001279478,0.0004950499,0.0009205486,0.001567424,0.0023784,0.003453819,0.004557162,0.005601125,0.006106964,0.005871595,0.004639849,0.00263434,0.0001988447,-0.002118266,-0.004130932,-0.005646828,-0.006767762,-0.007408194,-0.007651646,-0.007516333,-0.007175128,-0.006696574,-0.006257853,-0.005876765,-0.005645712,-0.005489422,-0.005411068,-0.005281777,-0.005094745,-0.004753097,-0.004301654,-0.003724679,-0.003127796,-0.002520326,-0.001976003,-0.001440926,-0.000953703,-0.000438296,2.87714e-05,0.0005227645,0.000962106,0.001392178,0.001753595,0.002071931,0.002292319,0.002488838,0.002584262,0.002680239,0.002704351,0.002724069,0.002696561,0.002659327,0.00257192,0.002464209,0.002282612,0.002010412,0.001580602,0.0006042525,-4.217655e-07,NaN,NaN,NaN,NaN,NaN,NaN,NaN,NaN,NaN,NaN,NaN
NaN,NaN,NaN,NaN,NaN,NaN,NaN,NaN,NaN,NaN,NaN,NaN,7.259821e-05,0.01153582,0.02315024,0.02391656,0.02111616,0.01521883,0.01009007,0.005184615,0.001859379,-0.0008319722,-0.002466659,-0.00369589,-0.004267841,-0.004572759,-0.004433452,-0.004152738,-0.003594295,-0.003040014,-0.002389452,-0.001841897,-0.00134544,-0.0009631247,-0.0006476135,-0.0004233836,-0.0001815571,-5.742345e-06,0.0002401874,0.0005455792,0.0009541979,0.00160621,0.002451349,0.00348994,0.004593344,0.00538161,0.005570885,0.004847569,0.003135147,0.0008386883,-0.001623248,-0.00376637,-0.005426364,-0.006605259,-0.007362078,-0.007712128,-0.007700548,-0.007428217,-0.006992467,-0.006501796,-0.006080672,-0.005729551,-0.005516231,-0.005365691,-0.005242222,-0.005078726,-0.004826956,-0.004438237,-0.003957366,-0.003357568,-0.002756608,-0.00213748,-0.0015684,-0.001002134,-0.0004788221,5.504939e-05,0.0005284086,0.001010294,0.001414062,0.001814165,0.002112515,0.002387021,0.002554308,0.002701625,0.002765835,0.002829371,0.002824325,0.002838952,0.002790691,0.002747438,0.002672107,0.002534367,0.002397781,0.002079578,0.001778196,0.0008332643,3.338832e-05,NaN,NaN,NaN,NaN,NaN,NaN,NaN,NaN,NaN,NaN,NaN
NaN,NaN,NaN,NaN,NaN,NaN,NaN,NaN,NaN,NaN,NaN,NaN,0.000926221,0.01674261,0.02681115,0.02523066,0.02100077,0.01394754,0.008717,0.003759154,0.0008822671,-0.001654241,-0.002886918,-0.004054188,-0.004312613,-0.004612775,-0.004224241,-0.003942513,-0.003198182,-0.002665642,-0.001890427,-0.001442245,-0.0008693757,-0.0006425497,-0.0002969104,-0.0001971492,2.654801e-05,0.0001060997,0.0003459685,0.0005350718,0.001005191,0.001565708,0.002473972,0.00342901,0.004405572,0.00486982,0.004635129,0.003343031,0.001292632,-0.00119648,-0.003460232,-0.005293694,-0.006502546,-0.007327387,-0.00769669,-0.007793194,-0.007570736,-0.007201078,-0.006706435,-0.006253501,-0.005826323,-0.005540825,-0.005304636,-0.005150829,-0.004971616,-0.004757616,-0.004434869,-0.004021793,-0.003486003,-0.002899098,-0.002270641,-0.001650392,-0.001053439,-0.0004692947,7.992015e-05,0.0005948626,0.001070725,0.001500073,0.001873884,0.002213437,0.002461575,0.002675808,0.002803315,0.002899398,0.002941982,0.002968168,0.002954844,0.002941785,0.002895165,0.002835603,0.002760586,0.002618324,0.002493723,0.002171846,0.001956206,0.00111406,8.220943e-05,NaN,NaN,NaN,NaN,NaN,NaN,NaN,NaN,NaN,NaN,NaN
NaN,NaN,NaN,NaN,NaN,NaN,NaN,NaN,NaN,NaN,NaN,NaN,0.003422672,0.02227638,0.02961508,0.02598666,0.01986747,0.01233824,0.006938415,0.002396672,-0.0001187597,-0.002309801,-0.003264048,-0.004231228,-0.004308347,-0.004473489,-0.003942082,-0.003560602,-0.00271648,-0.002146222,-0.001339958,-0.0009421132,-0.0004031883,-0.0002708859,2.024241e-05,3.690927e-05,0.0001986794,0.0002083099,0.0003983634,0.000507506,0.0009916365,0.001479317,0.00238521,0.00321632,0.003931458,0.003997395,0.003240878,0.001447381,-0.0008131865,-0.003266998,-0.005161712,-0.006554792,-0.007295137,-0.007746193,-0.007781801,-0.007663985,-0.007288948,-0.006864012,-0.006351475,-0.00593964,-0.005523974,-0.005277558,-0.005009502,-0.004835432,-0.00458482,-0.004321078,-0.003930783,-0.003491587,-0.002915241,-0.002337825,-0.001677826,-0.001072544,-0.0004351387,0.0001302516,0.0006902387,0.001166527,0.001616279,0.001981933,0.002327111,0.002576657,0.00280546,0.002935153,0.003045348,0.003088521,0.003119787,0.003103141,0.003102088,0.003038324,0.003018433,0.002918682,0.002861874,0.002701349,0.00259485,0.002283802,0.002111022,0.001369981,0.0002369573,NaN,NaN,NaN,NaN,NaN,NaN,NaN,NaN,NaN,NaN,NaN
NaN,NaN,NaN,NaN,NaN,NaN,NaN,NaN,NaN,NaN,NaN,-0.0003694836,0.007709466,0.02742697,0.03142918,0.02579987,0.01794967,0.01030075,0.005051468,0.001117643,-0.001025879,-0.002791608,-0.003532091,-0.004245179,-0.004198845,-0.004174753,-0.003542034,-0.003040321,-0.002120805,-0.001531324,-0.0007443601,-0.0003894624,2.560153e-05,0.0001114018,0.000291265,0.000221678,0.0003571196,0.0002410994,0.0003989272,0.0004643689,0.0008545866,0.001354414,0.002135595,0.002748827,0.003161127,0.00267263,0.001432889,-0.0007116375,-0.003016144,-0.005167666,-0.006572815,-0.007450194,-0.007766153,-0.007845857,-0.007642221,-0.007364085,-0.006877157,-0.006455879,-0.005939756,-0.005555158,-0.005180162,-0.00491122,-0.004628316,-0.004407845,-0.004079417,-0.003776456,-0.003323988,-0.002852134,-0.00226465,-0.001668608,-0.001008322,-0.000401013,0.0002410103,0.0007802376,0.001317638,0.001742433,0.002144991,0.002451105,0.002742761,0.00293241,0.003115157,0.003194136,0.003279423,0.00328074,0.003304031,0.003256153,0.003245905,0.003167781,0.003136148,0.003025432,0.002970521,0.00280009,0.002700344,0.002424647,0.002240544,0.00160796,0.0004615847,-2.117445e-05,NaN,NaN,NaN,NaN,NaN,NaN,NaN,NaN,NaN,NaN
NaN,NaN,NaN,NaN,NaN,NaN,NaN,NaN,NaN,NaN,NaN,-0.0001165412,0.01361881,0.03234168,0.03201204,0.02459514,0.01525792,0.008136998,0.003119393,9.415847e-05,-0.001839824,-0.003021842,-0.003710545,-0.004056303,-0.003991476,-0.003687947,-0.003053331,-0.002345343,-0.001493864,-0.0008068922,-0.0001755057,0.0001618356,0.0004141315,0.0004420074,0.0004841934,0.0003948555,0.0003859598,0.0002665683,0.0002998526,0.0003456136,0.0006488141,0.001088103,0.001679916,0.002024924,0.001960443,0.0009786695,-0.0007042015,-0.002967677,-0.005075889,-0.006717674,-0.007578551,-0.007946257,-0.007883371,-0.007688176,-0.007307305,-0.006908278,-0.006402767,-0.005961522,-0.00548267,-0.00511861,-0.004744492,-0.004464098,-0.004139135,-0.00385545,-0.003482878,-0.003116381,-0.00262722,-0.00213503,-0.001521834,-0.0009324654,-0.0002681797,0.0003297802,0.0009437071,0.001446196,0.001939831,0.002290814,0.002657505,0.002884235,0.003138015,0.003267683,0.003415377,0.003448745,0.003524663,0.003478108,0.003511914,0.003420173,0.003419248,0.003308929,0.003284103,0.003146804,0.003102386,0.002917732,0.002827214,0.002578337,0.002370191,0.001891564,0.0007415701,1.546878e-05,NaN,NaN,NaN,NaN,NaN,NaN,NaN,NaN,NaN,NaN
NaN,NaN,NaN,NaN,NaN,NaN,NaN,NaN,NaN,NaN,NaN,0.0003042646,0.02103229,0.03663172,0.03120876,0.02238704,0.01201269,0.006066428,0.001298013,-0.0006229027,-0.002496909,-0.003002743,-0.003787212,-0.003655984,-0.003687884,-0.003015827,-0.002490784,-0.001511347,-0.0008695018,-3.009133e-05,0.0003108528,0.0006887966,0.0006879595,0.0007207984,0.0005616653,0.0005244865,0.0002874599,0.000254684,8.028324e-05,0.0001515018,0.0003181219,0.0006558689,0.0009556546,0.0009952511,0.0003416983,-0.0009963479,-0.002992684,-0.005068991,-0.006794194,-0.007768143,-0.008137366,-0.008029619,-0.007702449,-0.007301232,-0.006827369,-0.006340989,-0.005875465,-0.005394432,-0.00498335,-0.004595697,-0.004229679,-0.003907167,-0.003545424,-0.003195208,-0.00279416,-0.002362561,-0.001866758,-0.001336257,-0.0007309737,-0.0001358637,0.0005096492,0.001077453,0.001650428,0.002094861,0.002524533,0.002820696,0.003123055,0.003301,0.003513551,0.003588621,0.00372255,0.003711082,0.003777377,0.00371048,0.003730308,0.003620702,0.003621579,0.003476323,0.003465514,0.00330038,0.00325533,0.003074488,0.002968467,0.002757153,0.002508533,0.002212608,0.001052011,7.044178e-05,NaN,NaN,NaN,NaN,NaN,NaN,NaN,NaN,NaN,NaN
NaN,NaN,NaN,NaN,NaN,NaN,NaN,NaN,NaN,NaN,NaN,0.002420187,0.02973945,0.03897115,0.02921095,0.01905929,0.008852718,0.003999365,-6.615427e-05,-0.001172898,-0.002832995,-0.002867868,-0.00364862,-0.003134897,-0.003239956,-0.002224856,-0.001844171,-0.0006560658,-0.0002196241,0.0006546972,0.000724027,0.0011283,0.0007998844,0.0009458955,0.000506134,0.0005403336,0.000137279,0.0001027745,-0.0002316418,-0.0001180234,-0.0002361801,7.411296e-05,-9.455588e-05,-0.0003717951,-0.00156871,-0.003104498,-0.005178991,-0.006784013,-0.00798307,-0.008294138,-0.008240579,-0.007729264,-0.007322958,-0.006688328,-0.006269848,-0.005694282,-0.005279565,-0.004781563,-0.004417546,-0.003964482,-0.003653503,-0.003209257,-0.002880944,-0.002428179,-0.002035247,-0.001536163,-0.001061488,-0.0004755108,7.360373e-05,0.0007065425,0.001266843,0.001836118,0.002304479,0.00272675,0.003050883,0.003332654,0.003541359,0.003720909,0.003851507,0.003943059,0.004006364,0.004023043,0.004031645,0.003993484,0.003962474,0.003884395,0.003825648,0.003723949,0.003645886,0.003524814,0.003425801,0.003280686,0.003130028,0.002964802,0.002664471,0.002471972,0.001484298,0.0001488855,NaN,NaN,NaN,NaN,NaN,NaN,NaN,NaN,NaN,NaN
NaN,NaN,NaN,NaN,NaN,NaN,NaN,NaN,NaN,NaN,-0.0006916103,0.008165398,0.03711751,0.03852712,0.02631707,0.01476961,0.006214581,0.001977306,-0.0007699542,-0.001689192,-0.002718497,-0.002763355,-0.003168711,-0.002663376,-0.002502355,-0.001529223,-0.001014117,5.252731e-05,0.0004390216,0.001143216,0.001086749,0.001306497,0.0009295616,0.0009078641,0.0004497246,0.0003825495,-9.431606e-05,-0.0001875694,-0.0006140074,-0.0006097581,-0.0008799224,-0.0008355803,-0.001369468,-0.002048657,-0.003566288,-0.005157465,-0.006940571,-0.007963024,-0.008564219,-0.008294594,-0.007930988,-0.007201262,-0.006691871,-0.006018247,-0.005588284,-0.004991949,-0.004631742,-0.004092467,-0.003766975,-0.003271552,-0.002945959,-0.002454031,-0.002113133,-0.001594667,-0.001224256,-0.0006612371,-0.0002232534,0.0003954068,0.0008940194,0.001528774,0.001999004,0.002558035,0.002903146,0.003320726,0.003529975,0.003818543,0.003934172,0.004138689,0.004179997,0.004322887,0.004294506,0.004379549,0.004299948,0.004334232,0.004213318,0.004213758,0.0040548,0.004039448,0.003852068,0.003824697,0.003609433,0.003565445,0.003295106,0.003223167,0.002819204,0.002688606,0.001806957,0.0004330991,-5.848638e-05,NaN,NaN,NaN,NaN,NaN,NaN,NaN,NaN,NaN
NaN,NaN,NaN,NaN,NaN,NaN,NaN,NaN,NaN,NaN,-0.0002154675,0.01732387,0.04171408,0.03583176,0.02220227,0.01043919,0.003966189,0.0004348989,-0.001079649,-0.00196472,-0.002366077,-0.002549122,-0.002508932,-0.002141685,-0.001652266,-0.0008635962,-0.0001787247,0.000601897,0.00102509,0.001392786,0.001344219,0.001285676,0.0009484192,0.0007162477,0.0003102339,5.883513e-05,-0.0003886705,-0.0006508285,-0.001084778,-0.00130141,-0.001680374,-0.00202173,-0.002816452,-0.003865805,-0.005431443,-0.006856089,-0.008089744,-0.008529602,-0.008511569,-0.007898538,-0.00728239,-0.006492585,-0.005918311,-0.005271421,-0.004816187,-0.00426718,-0.003878518,-0.003370444,-0.003007956,-0.002510436,-0.002143797,-0.001641316,-0.001260698,-0.0007481055,-0.0003465379,0.0002001473,0.000643804,0.00123805,0.00170573,0.002291922,0.002706243,0.00319314,0.00348216,0.003838554,0.003999673,0.004262202,0.004334866,0.004535755,0.004546987,0.004689994,0.004643183,0.004737385,0.004631566,0.004693114,0.004533024,0.004565331,0.004366015,0.004376105,0.004146083,0.004148111,0.003877457,0.003871964,0.003534183,0.00348768,0.003022993,0.002857574,0.002087844,0.0007995747,7.761313e-05,NaN,NaN,NaN,NaN,NaN,NaN,NaN,NaN,NaN
NaN,NaN,NaN,NaN,NaN,NaN,NaN,NaN,NaN,NaN,0.0008967755,0.02840878,0.0442146,0.03085873,0.01753004,0.006365171,0.002424941,-0.0007164839,-0.0009474303,-0.002113327,-0.001740426,-0.002321529,-0.001643944,-0.001677529,-0.0006913781,-0.0003593197,0.0006407889,0.0008857119,0.001517569,0.001350831,0.001516261,0.00102395,0.0009069318,0.0003312799,0.0001232692,-0.0004624012,-0.0007127275,-0.001329033,-0.001610897,-0.002214965,-0.002605662,-0.003409552,-0.004274282,-0.005622946,-0.006856025,-0.008021637,-0.008496585,-0.00851051,-0.007915081,-0.007226849,-0.006371606,-0.005696533,-0.00501577,-0.004491645,-0.003954596,-0.003512787,-0.003028871,-0.002611349,-0.002141389,-0.001713356,-0.001251255,-0.0008059589,-0.0003545798,0.0001005829,0.0005540148,0.00103476,0.001510727,0.002021441,0.002490258,0.002978417,0.003364315,0.003761644,0.004019005,0.004311044,0.004458786,0.004677834,0.004751564,0.004927488,0.004937318,0.005077391,0.005022025,0.00512499,0.005013152,0.005080411,0.004915255,0.004955444,0.00473777,0.004764684,0.004505064,0.00452043,0.004224322,0.004214524,0.003856544,0.003773784,0.003299756,0.002997972,0.002428836,0.001232831,9.738858e-05,NaN,NaN,NaN,NaN,NaN,NaN,NaN,NaN,NaN
NaN,NaN,NaN,NaN,NaN,NaN,NaN,NaN,NaN,NaN,0.005394214,0.04016828,0.04222645,0.02517446,0.01215996,0.003589121,0.001035906,-0.000989194,-0.0009172261,-0.001749062,-0.001290724,-0.001745516,-0.0009703987,-0.001016394,2.458377e-05,0.000171127,0.001139696,0.001095498,0.001660503,0.001240074,0.001404759,0.0007101433,0.0006727818,-0.0001075327,-0.000233738,-0.001020487,-0.001225699,-0.002045911,-0.002314899,-0.003210313,-0.003645568,-0.004786529,-0.005600625,-0.006977457,-0.007704929,-0.008477125,-0.008235238,-0.007952397,-0.006981357,-0.006319858,-0.005341227,-0.004821312,-0.004037419,-0.00367751,-0.00302127,-0.002713768,-0.002111792,-0.001799935,-0.001209314,-0.0008879939,-0.0003010041,2.037163e-05,0.0005892491,0.0009109537,0.001466816,0.001806189,0.002365774,0.002714897,0.003250382,0.003557205,0.004009071,0.004228123,0.004571139,0.004702198,0.004961081,0.005031056,0.005234556,0.005265342,0.005418263,0.005410543,0.005512332,0.005459882,0.005516797,0.005421214,0.005432117,0.005297944,0.005267162,0.005097936,0.005040552,0.004836574,0.004754571,0.004503064,0.004371053,0.004001569,0.003764429,0.003100399,0.002731284,0.001641352,0.000244126,NaN,NaN,NaN,NaN,NaN,NaN,NaN,NaN,NaN
NaN,NaN,NaN,NaN,NaN,NaN,NaN,NaN,NaN,-0.0009962033,0.01618822,0.04667679,0.03621158,0.01915733,0.007038407,0.002061753,-9.107797e-05,-0.0005936952,-0.0009890526,-0.0009781171,-0.001045813,-0.0008707736,-0.0005732841,-0.0001769635,0.0003584874,0.0007567523,0.001192671,0.001293009,0.001406914,0.001135523,0.0009710002,0.0004638369,0.0001407723,-0.0004498156,-0.0008615295,-0.0015056,-0.001961144,-0.002708077,-0.003214485,-0.004091329,-0.004780384,-0.005824728,-0.006673125,-0.007623745,-0.007974511,-0.008133315,-0.007533716,-0.006924572,-0.005917975,-0.005207999,-0.004323732,-0.00380708,-0.003105205,-0.002730574,-0.002126102,-0.001794595,-0.001216313,-0.0008890032,-0.0003063436,1.715374e-05,0.0005915194,0.0009032458,0.001453945,0.001746639,0.002290168,0.002572726,0.003118294,0.00338832,0.003900677,0.004119015,0.004562744,0.004690873,0.005064909,0.005107859,0.005426591,0.00541665,0.005694489,0.005643735,0.005892213,0.005786243,0.006007936,0.005842958,0.006032342,0.005817106,0.005969892,0.005700622,0.005827736,0.00549965,0.005614658,0.005231522,0.005332322,0.004881417,0.00493965,0.004349747,0.004267899,0.003382949,0.002956767,0.001818335,0.0005910519,8.711553e-05,NaN,NaN,NaN,NaN,NaN,NaN,NaN,NaN
NaN,NaN,NaN,NaN,NaN,NaN,NaN,NaN,NaN,0.002497475,0.03153898,0.04502593,0.02812434,0.01288844,0.003373533,0.001128222,-0.0005337649,-0.0001263183,-0.0008148975,-0.0002470093,-0.0007156066,-6.132908e-05,-0.0002406253,0.0005322543,0.0004957566,0.001154813,0.0009920386,0.001343639,0.0009145908,0.0009738228,0.0003540406,0.0001977471,-0.0005234744,-0.0008008222,-0.001607356,-0.001959253,-0.002811828,-0.003282378,-0.004168381,-0.004769397,-0.005764869,-0.006374706,-0.007264727,-0.007509765,-0.007658366,-0.007156732,-0.006549271,-0.005582063,-0.004852981,-0.003937276,-0.003370443,-0.002676712,-0.002225298,-0.00167429,-0.001282178,-0.0007586374,-0.000390917,0.0001300086,0.0005079322,0.0009989442,0.001382651,0.001834946,0.002197861,0.002621748,0.002968149,0.003371934,0.003716884,0.00408476,0.004409576,0.004715151,0.004987934,0.005223501,0.005439553,0.005608093,0.00579207,0.005901131,0.006067178,0.006133918,0.006269397,0.006297244,0.006400652,0.006370377,0.006455974,0.006360772,0.006415742,0.006273041,0.006283038,0.006096264,0.006084101,0.005834623,0.005815074,0.005492522,0.005413805,0.004978404,0.004698199,0.003972036,0.003217762,0.001971287,0.00109559,4.34462e-05,NaN,NaN,NaN,NaN,NaN,NaN,NaN,NaN
NaN,NaN,NaN,NaN,NaN,NaN,NaN,NaN,-0.0008236139,0.01259294,0.04294631,0.03713413,0.0200995,0.006785284,0.001828113,0.0001300563,2.758147e-05,-0.0001634849,-1.206938e-05,-6.110253e-05,8.37282e-05,0.0001844061,0.000419048,0.0006418317,0.0008326563,0.000982439,0.0009572651,0.000904876,0.000642926,0.0004098468,-2.140153e-05,-0.0003935127,-0.0009569659,-0.00142659,-0.002101883,-0.00263418,-0.003374493,-0.003967179,-0.004747122,-0.005366649,-0.00613611,-0.006584358,-0.007030506,-0.006929875,-0.006681941,-0.005941832,-0.005241263,-0.004289764,-0.003615521,-0.002793041,-0.002290033,-0.001631536,-0.001249437,-0.0006800959,-0.0003487146,0.0001968928,0.0005159446,0.001057344,0.001367083,0.00189303,0.002181095,0.002675334,0.002931596,0.003397194,0.003623955,0.004076954,0.004280009,0.004709731,0.004882725,0.005267299,0.005392062,0.005736975,0.005801433,0.006116211,0.006137981,0.006417101,0.006415183,0.006666554,0.006622994,0.006861696,0.006761786,0.006972018,0.006835047,0.00699432,0.006815893,0.006943214,0.006693807,0.006809115,0.006501025,0.006582183,0.006243187,0.006271632,0.0058549,0.005797988,0.005157865,0.004800519,0.003637457,0.002502445,0.001018324,0.000269789,4.619395e-05,NaN,NaN,NaN,NaN,NaN,NaN,NaN
NaN,NaN,NaN,NaN,NaN,NaN,NaN,-1.347518e-05,0.002756259,0.03010821,0.04172866,0.02733857,0.01189237,0.003108587,0.0008109969,7.540653e-05,0.0003518152,0.0001825503,0.0004765291,0.0003237157,0.0005764837,0.000490285,0.0007683177,0.0006961364,0.0009034059,0.0007207526,0.0007544835,0.0004230498,0.0002908831,-0.0001514194,-0.0004184876,-0.0009738617,-0.001354081,-0.002027797,-0.002492483,-0.003224269,-0.003741601,-0.004455681,-0.004969792,-0.00559566,-0.005937438,-0.006279958,-0.00615994,-0.005952988,-0.005295867,-0.004641293,-0.003783176,-0.003078371,-0.002310077,-0.001752771,-0.001126451,-0.0006956736,-0.0001738996,0.00020055,0.0006746205,0.001033862,0.001496024,0.001845623,0.002292418,0.002624626,0.003040244,0.00334278,0.003721794,0.003993583,0.004343623,0.004598012,0.004923461,0.005159332,0.005455156,0.005659625,0.005920399,0.006093203,0.006315008,0.006462281,0.006650815,0.006772608,0.006937603,0.007035405,0.007169352,0.007245965,0.007336986,0.007381779,0.007436077,0.007433517,0.007449075,0.007405679,0.007365507,0.007294662,0.007204762,0.007097167,0.006977055,0.006819721,0.00663705,0.006394897,0.006018784,0.005486683,0.004556876,0.003176421,0.001270606,0.0001968947,3.185336e-05,0.0001262556,NaN,NaN,NaN,NaN,NaN,NaN
NaN,NaN,NaN,NaN,0.0003514819,0.0005085227,0.0001399815,0.000830902,0.01722686,0.03831496,0.03289263,0.01720719,0.005708388,0.001327844,0.0003913538,0.0004278014,0.0005735427,0.0006548793,0.0007511647,0.0007603265,0.0008074329,0.0007966988,0.0008210053,0.0007511105,0.0007043552,0.0005189482,0.0003656506,7.087721e-05,-0.0001689106,-0.0005454372,-0.0008816539,-0.001352379,-0.00178987,-0.002364896,-0.002854505,-0.003471005,-0.003951102,-0.004493452,-0.004884953,-0.005233445,-0.005352704,-0.00535771,-0.005011875,-0.004585479,-0.003879479,-0.003206526,-0.002449569,-0.001810543,-0.001149727,-0.0006479298,-9.23546e-05,0.0003096356,0.0007810335,0.001143239,0.001573548,0.001920546,0.002341042,0.002670472,0.003074842,0.00338299,0.003754304,0.004034127,0.004368798,0.00461816,0.004927062,0.005156192,0.005446116,0.00565818,0.005926253,0.006116334,0.006360309,0.006527942,0.006747412,0.006893117,0.007090677,0.007213503,0.007392372,0.00749333,0.007646827,0.007724524,0.007842056,0.007886119,0.007968525,0.00796677,0.008011825,0.007966537,0.007962763,0.007883843,0.007835074,0.00771981,0.007642933,0.007483692,0.007360275,0.007127661,0.006850475,0.006366244,0.005590235,0.004258384,0.002252486,0.0001462144,-0.0004434592,9.836894e-05,0.0002468606,0.0001061236,0.0002087016,NaN,NaN,NaN
0.0002007351,0.0002438634,0.0001614832,0.0001916412,0.0001606422,0.0003944007,0.001967815,0.01362481,0.02812767,0.03281203,0.02167629,0.008550609,0.002485052,0.0005117303,0.0006488108,0.0006460421,0.0009693357,0.0008962561,0.001088663,0.0009502231,0.00104383,0.0008589681,0.0008665157,0.000621359,0.0005442094,0.0002313117,8.227439e-05,-0.0002782959,-0.0004820736,-0.0008859903,-0.001166111,-0.001638169,-0.002003263,-0.002536337,-0.002930301,-0.00344905,-0.003779016,-0.004167476,-0.004331415,-0.004466597,-0.004337698,-0.004127593,-0.003642017,-0.003137469,-0.002446723,-0.001845403,-0.001170095,-0.0006240341,-4.651146e-05,0.0004036587,0.0008934587,0.001265862,0.001695804,0.002030178,0.002427223,0.002750028,0.003127251,0.00343779,0.003792763,0.004082373,0.004407576,0.004670272,0.004961028,0.005199297,0.005463038,0.005687206,0.005932824,0.006146787,0.00637537,0.006577402,0.006788556,0.006979006,0.007172034,0.007349677,0.007523553,0.00768598,0.007840722,0.007986298,0.008117351,0.008240493,0.008337434,0.008429286,0.008486386,0.008540067,0.008554372,0.008568142,0.008535842,0.00851399,0.008438067,0.00838617,0.008276452,0.008196943,0.008047254,0.007915055,0.007654442,0.007325018,0.006666308,0.005608928,0.003730172,0.001247077,-0.0008219222,-0.0007517965,-8.704215e-06,0.000213361,0.0002136302,0.000264587,0.0002211111,0.0002614411
0.0005140546,0.0003196142,0.001185639,0.0008961359,0.002170648,0.00131818,0.01157491,0.02312,0.02595172,0.02289883,0.01095963,0.003997154,0.000813828,0.0008462872,0.0006976997,0.001182963,0.001036425,0.001317928,0.001112821,0.001256393,0.0009920631,0.001018879,0.0006957322,0.0006303167,0.0002699231,0.0001483987,-0.0002239545,-0.0003785433,-0.0007555502,-0.000952861,-0.001361846,-0.001618043,-0.002065975,-0.002352717,-0.00277798,-0.003013147,-0.003315406,-0.003394542,-0.003483204,-0.003318847,-0.003133011,-0.002703568,-0.002271175,-0.001675545,-0.001143946,-0.0005316595,-3.051439e-05,0.0005154911,0.0009504468,0.001414972,0.001789206,0.002190091,0.002520686,0.002884432,0.003194428,0.003535667,0.003836108,0.004154925,0.004440901,0.004734731,0.004999923,0.005264727,0.005507636,0.005744012,0.005972181,0.006189699,0.006411515,0.006616313,0.006834267,0.007026609,0.007241468,0.007421668,0.007632361,0.00779755,0.008000881,0.008146653,0.008340441,0.0084637,0.00864291,0.008736133,0.008890525,0.008943199,0.00906686,0.009072215,0.009162779,0.009119003,0.009174756,0.009084344,0.009110506,0.008977993,0.008987105,0.0088175,0.008812314,0.008591498,0.008528857,0.008153016,0.007828278,0.006885152,0.00560984,0.003179603,0.0006380207,-0.001167447,-0.0005743227,-0.0001370717,3.333066e-05,-6.903285e-05,0.0002393608,3.749154e-05
0.001021555,0.001769512,0.002702231,0.003904811,0.004745359,0.007385836,0.01624962,0.02106867,0.01873958,0.01205194,0.004945643,0.001680067,0.0008506583,0.001014859,0.001167726,0.001343676,0.001367912,0.001407549,0.001337616,0.001275916,0.00111743,0.0009640171,0.000732539,0.0005230521,0.0002616325,3.928026e-05,-0.0002210622,-0.0004388381,-0.0007002045,-0.000926619,-0.001207527,-0.00145539,-0.001744598,-0.001978806,-0.002214744,-0.002354423,-0.002453648,-0.002420047,-0.002321487,-0.002077707,-0.001772324,-0.001344078,-0.000895717,-0.0003794283,0.0001040065,0.000610779,0.001057762,0.001515737,0.001905738,0.002310127,0.002649515,0.00300736,0.003312264,0.003639685,0.003924399,0.004234989,0.004504288,0.004798795,0.005051465,0.00532638,0.005561171,0.005814278,0.006029168,0.006262613,0.006462622,0.006684883,0.00687889,0.007096321,0.007288169,0.007502216,0.007692564,0.007903492,0.008090187,0.008294233,0.008471752,0.008663643,0.008827687,0.009003156,0.009148057,0.009298139,0.009412861,0.009527516,0.009604096,0.009678689,0.009714656,0.009747669,0.009743435,0.009736708,0.009696471,0.009657317,0.009590333,0.009528957,0.009441159,0.009353784,0.009220673,0.009045109,0.008727326,0.00819244,0.007189922,0.005557399,0.003220024,0.0009831836,-2.075779e-05,-0.0002070937,-0.0002036665,-3.610774e-05,0.0002329631,0.0005551485
0.00241119,0.003273358,0.004477118,0.005639824,0.007175134,0.01021399,0.01469834,0.01441098,0.01026437,0.005722756,0.002333727,0.001376165,0.001178139,0.001424154,0.001478021,0.001615944,0.001567447,0.001588021,0.001462675,0.001389942,0.001190471,0.00103858,0.0007892383,0.0005997234,0.000344223,0.0001602257,-7.551461e-05,-0.0002434483,-0.000462017,-0.0006260581,-0.0008392561,-0.0009981621,-0.001190129,-0.00130504,-0.001420076,-0.001429966,-0.001407693,-0.00126621,-0.001082372,-0.0007860424,-0.0004614741,-5.327594e-05,0.0003520634,0.0008007192,0.001214742,0.001648081,0.002031713,0.002426109,0.002771684,0.003124173,0.003434032,0.003753213,0.004034134,0.004330733,0.00459401,0.004873693,0.005125642,0.005388924,0.005627709,0.00587556,0.006100107,0.006332211,0.006542464,0.006758905,0.006959495,0.007167271,0.007366162,0.007572577,0.007773844,0.007980683,0.008184724,0.008391296,0.008595098,0.008796279,0.008993345,0.009182564,0.00936746,0.009539621,0.00970531,0.009851007,0.009986076,0.01009467,0.01019207,0.01025867,0.01031681,0.01034126,0.0103604,0.01034513,0.01032933,0.01027983,0.01023911,0.01016481,0.01010718,0.01001037,0.009923689,0.009768386,0.009571401,0.009190966,0.008580915,0.007483779,0.005889566,0.00395432,0.00237684,0.001357807,0.0009494871,0.0009330232,0.001258943,0.001675714
0.003724855,0.00455476,0.005427446,0.006515286,0.007597457,0.009235372,0.009702636,0.00812247,0.005460174,0.002993308,0.001958336,0.001609207,0.001710676,0.001762997,0.001860262,0.00184389,0.001845206,0.001757442,0.001682174,0.001531376,0.001390378,0.001191884,0.001014428,0.0008056708,0.0006328035,0.0004463641,0.0002991011,0.0001419626,1.587176e-05,-0.0001185278,-0.0002266648,-0.0003338192,-0.0004022626,-0.0004498213,-0.000437794,-0.0003836525,-0.0002593342,-8.468168e-05,0.0001542396,0.0004340321,0.0007601544,0.001107562,0.001475939,0.001843732,0.002212178,0.002565869,0.002911584,0.003240131,0.003555837,0.003859158,0.004148528,0.004428582,0.00469831,0.004960245,0.005214812,0.005464807,0.005706107,0.005945479,0.006174545,0.006403,0.006622233,0.006840476,0.007049203,0.007258278,0.007458692,0.007664368,0.00786429,0.008073219,0.008277185,0.008490852,0.008698362,0.008914998,0.009121927,0.009335471,0.009534453,0.009737906,0.009922656,0.01011004,0.01027312,0.01043424,0.01056427,0.01068916,0.0107786,0.01086379,0.01091144,0.01095713,0.01096452,0.01097234,0.01094237,0.0109178,0.01085727,0.01080987,0.01072614,0.01065933,0.01054682,0.0104401,0.01024816,0.0100067,0.009557805,0.008919257,0.007893521,0.006632504,0.005238059,0.004022134,0.003161246,0.002820497,0.002829551,0.003189924
0.004866835,0.005188299,0.005671149,0.006030783,0.00645038,0.006475948,0.006158702,0.004909055,0.003473744,0.002727193,0.002244525,0.002207355,0.002158534,0.002223492,0.002192163,0.002203143,0.002122048,0.002070297,0.001941985,0.001838403,0.001671937,0.001535557,0.001357473,0.001221103,0.001061967,0.0009520552,0.0008261281,0.000746153,0.000651566,0.0005970249,0.0005335214,0.0005141183,0.0004976474,0.0005387363,0.0005960928,0.0007182229,0.0008633139,0.001068367,0.001291837,0.001563825,0.001842457,0.002154105,0.002459084,0.00278096,0.003084883,0.003397469,0.00368722,0.003982246,0.004256646,0.004533653,0.004793807,0.005056784,0.005302938,0.005554021,0.005788779,0.006028353,0.006255068,0.006484286,0.006703159,0.006924821,0.007137461,0.007353311,0.007560335,0.007769562,0.007972825,0.008179756,0.008385766,0.008597184,0.008809848,0.009026705,0.009244594,0.00946379,0.009681868,0.009896528,0.01010737,0.01031009,0.01050715,0.01069159,0.01086671,0.01102289,0.01116508,0.01128316,0.01138616,0.01146249,0.01152586,0.01156159,0.01158626,0.01158315,0.01157125,0.01153207,0.01148978,0.01142075,0.01135397,0.01125774,0.0111622,0.01102338,0.01086845,0.01062659,0.01031723,0.009823647,0.009182825,0.008332585,0.00739319,0.0063942,0.005534616,0.004919509,0.004658553,0.004623001
0.005574126,0.005560027,0.005496895,0.005491509,0.005263155,0.005065419,0.004494801,0.003970465,0.003491814,0.002991769,0.002853181,0.002708412,0.002712611,0.002659869,0.002658134,0.002589427,0.002546584,0.00244666,0.002365742,0.002239129,0.002132478,0.001995054,0.001885496,0.001761897,0.001673754,0.001581484,0.001525256,0.001466422,0.001438714,0.001411401,0.001414072,0.001424374,0.001471548,0.001534586,0.001640348,0.001766204,0.001931841,0.002116112,0.002332634,0.002561665,0.002813932,0.003070507,0.003339189,0.003604095,0.003873223,0.004133474,0.004395754,0.004649522,0.004902659,0.005150825,0.00539674,0.005638213,0.005877943,0.006111308,0.006342896,0.006569319,0.006792615,0.007013674,0.007230766,0.007447503,0.007661893,0.007876135,0.008087506,0.008299188,0.008507494,0.008719815,0.008931031,0.009149599,0.009367396,0.009592424,0.009814245,0.01004164,0.01026161,0.01048426,0.01069494,0.01090579,0.01110054,0.01129298,0.01146383,0.01162789,0.01176451,0.01189136,0.01198742,0.01207451,0.01212975,0.0121782,0.01219419,0.0122047,0.0121822,0.01215674,0.01209838,0.01204166,0.01195036,0.0118625,0.01173289,0.0116003,0.01140503,0.0111855,0.0108584,0.0104843,0.009961066,0.009364528,0.008640972,0.007880669,0.007115244,0.006500416,0.006016179,0.00575077
0.006125363,0.005795042,0.005552246,0.005228476,0.00500644,0.004665925,0.004514573,0.004168394,0.003799035,0.003661478,0.003423386,0.003361524,0.003250274,0.003229288,0.003152087,0.003121218,0.003032635,0.002977054,0.002873427,0.002799977,0.002689113,0.002611808,0.002510495,0.002448085,0.002372178,0.002338251,0.002294074,0.002288729,0.002274428,0.002294897,0.002311085,0.002363768,0.002417491,0.00251233,0.002611178,0.002749927,0.002893027,0.003070497,0.003250262,0.00345914,0.003665691,0.003894428,0.004115547,0.004351544,0.004575886,0.004812749,0.005037372,0.005273896,0.005500541,0.005736423,0.005964421,0.006200261,0.006426124,0.006659246,0.006880658,0.007108023,0.007326063,0.007548568,0.007763986,0.007984399,0.008199013,0.00841918,0.008633276,0.008851571,0.009065106,0.009283586,0.009501193,0.009725177,0.009949614,0.01017869,0.01040664,0.01063581,0.01086101,0.01108315,0.01129874,0.01150706,0.0117067,0.01189476,0.01207039,0.01222898,0.01237103,0.01249175,0.012595,0.01267502,0.01273961,0.01278049,0.01280716,0.01280948,0.01279808,0.01276126,0.01271339,0.01263854,0.01255472,0.01243956,0.01231224,0.0121416,0.01194804,0.01168468,0.01137982,0.01096655,0.01050572,0.009951346,0.009359382,0.008703892,0.008051688,0.007428012,0.006916769,0.006458628
0.006567366,0.00621973,0.005850784,0.005598397,0.005287107,0.005128512,0.004814753,0.004654789,0.00449455,0.004206,0.004101511,0.003948738,0.003899893,0.003812917,0.003775228,0.003697913,0.003650765,0.003569657,0.003512211,0.003428808,0.003368863,0.003292176,0.003241956,0.003184275,0.003155657,0.003124838,0.003122365,0.00311835,0.003138847,0.003160055,0.00320424,0.00325307,0.003327264,0.003408535,0.003516035,0.003631145,0.003769244,0.003914902,0.004080124,0.004251237,0.004438062,0.004627441,0.004826987,0.005025994,0.005232118,0.005436377,0.005648384,0.005860408,0.00607831,0.006298399,0.006521878,0.006746573,0.006973608,0.007198553,0.007424318,0.007647823,0.007870377,0.008092993,0.008313804,0.008535923,0.008757478,0.008980212,0.009201621,0.0094241,0.009644114,0.009867762,0.01009057,0.01031952,0.01054758,0.01078085,0.01101015,0.01124235,0.01146646,0.01169088,0.01190344,0.01211399,0.01230896,0.01249934,0.01266923,0.01283065,0.01296673,0.01309174,0.01318867,0.01327513,0.01333292,0.01338209,0.01340183,0.01341325,0.01339365,0.01336603,0.01330557,0.01323855,0.01313497,0.01302373,0.0128676,0.01269661,0.01246307,0.01219948,0.01184566,0.01146184,0.01097631,0.0104573,0.009862615,0.009251279,0.008613877,0.008036108,0.007480246,0.007018065
0.007119698,0.006705914,0.006390809,0.006060345,0.005862667,0.00559617,0.005503028,0.005271524,0.005028027,0.004938814,0.00474087,0.004666127,0.004545878,0.00449989,0.004416093,0.004377963,0.004301896,0.004260416,0.004187266,0.00414538,0.004078414,0.004042952,0.0039899,0.003969507,0.003937033,0.003937884,0.003928408,0.00394976,0.003962019,0.004001847,0.004035772,0.00409739,0.004155389,0.004242796,0.004327358,0.004439849,0.004550507,0.004686327,0.004820906,0.004978747,0.005133737,0.005308611,0.005478539,0.005664709,0.005844648,0.006040517,0.006231002,0.006437914,0.006641601,0.00685887,0.007073488,0.007299475,0.00752,0.007750409,0.007972785,0.008202926,0.008426104,0.008655231,0.008878671,0.009107882,0.00933191,0.009561775,0.009785863,0.01001443,0.01023789,0.01046611,0.01069218,0.01092395,0.01115432,0.01138833,0.01161875,0.01184934,0.0120736,0.01229451,0.01250705,0.01271267,0.01290789,0.0130923,0.01326292,0.01341818,0.0135562,0.01367525,0.01377615,0.01385639,0.01392025,0.01396307,0.01399015,0.01399503,0.01398336,0.01394703,0.01389437,0.01381357,0.01371592,0.0135841,0.01343055,0.01323115,0.01300041,0.01270251,0.01236123,0.01192677,0.0114559,0.01091546,0.01035238,0.009750134,0.009152224,0.008564725,0.008043076,0.007539507
0.007687241,0.007333085,0.006978333,0.00673972,0.006462283,0.006311726,0.006034267,0.005903912,0.005780402,0.005549962,0.005460216,0.005321378,0.005263641,0.005175521,0.00513124,0.005060406,0.005019955,0.004957178,0.004918415,0.004862548,0.004828843,0.004783322,0.004759947,0.004729941,0.004722185,0.004710753,0.004720696,0.004727827,0.004753692,0.004779032,0.004821664,0.004866341,0.00492936,0.004995469,0.005080275,0.005168894,0.005274494,0.00538542,0.005512179,0.005644621,0.00579139,0.005942633,0.006105156,0.006270966,0.006446559,0.006624919,0.006813955,0.007007793,0.007210944,0.007420423,0.00763638,0.007857085,0.008082754,0.008309718,0.008539557,0.008769528,0.008999748,0.009231145,0.009461181,0.009692574,0.009922942,0.01015403,0.0103833,0.01061318,0.01084021,0.01106987,0.01129777,0.01153018,0.01176048,0.01199401,0.0122223,0.01245142,0.01267173,0.01289086,0.01309818,0.01330238,0.01349145,0.01367497,0.01383914,0.01399449,0.01412648,0.01424738,0.0143424,0.01442667,0.01448451,0.01453304,0.01455422,0.01456566,0.01454742,0.01451819,0.01445594,0.01438193,0.01426978,0.01414295,0.01396923,0.01377374,0.01351622,0.01322519,0.01285179,0.01244976,0.01195889,0.01144005,0.01086294,0.01028003,0.009681408,0.009132314,0.008596754,0.008136848
0.008349775,0.007955601,0.00765276,0.007343182,0.007147303,0.006893739,0.006791809,0.006582509,0.006378172,0.006305133,0.006135887,0.006064929,0.005952402,0.005902334,0.005822914,0.005785307,0.00571937,0.005685855,0.005628248,0.005599312,0.005550372,0.005528729,0.005491588,0.005481244,0.005458701,0.005462777,0.00545611,0.005474489,0.005483787,0.00551603,0.005542061,0.00559099,0.005635282,0.005703679,0.005768167,0.005855993,0.005941548,0.006049199,0.006156296,0.006285244,0.00641358,0.006562043,0.006708972,0.006873628,0.007035911,0.007215578,0.007393338,0.007588872,0.007784629,0.007995783,0.008207317,0.008431986,0.008654152,0.008887749,0.00911594,0.00935271,0.009583838,0.009820882,0.01005235,0.01028871,0.0105191,0.01075407,0.01098257,0.01121473,0.01144126,0.01167165,0.01189869,0.01213021,0.01235869,0.01258957,0.01281519,0.01304,0.01325725,0.01347092,0.01367546,0.01387343,0.01406037,0.01423721,0.01440009,0.01454905,0.01468118,0.01479626,0.01489346,0.01497195,0.01503389,0.01507664,0.01510311,0.01510881,0.01509664,0.01506036,0.01500475,0.01492032,0.0148145,0.01467311,0.01450507,0.01429108,0.01404306,0.01373266,0.01338049,0.0129464,0.01248103,0.01195703,0.01141465,0.01084488,0.01028386,0.009732188,0.009235294,0.008755662
0.008997183,0.008655556,0.008315687,0.008077994,0.007806357,0.00764844,0.007385468,0.007259083,0.007145525,0.006943878,0.006862022,0.006734337,0.006674631,0.006589106,0.006542303,0.006475064,0.006435962,0.006379568,0.006345142,0.006297118,0.006268579,0.006229885,0.006209613,0.00618282,0.006173902,0.006160614,0.006164656,0.006165605,0.00618214,0.006198172,0.006228909,0.006261442,0.006309664,0.006360651,0.006427952,0.006499152,0.006585709,0.006678161,0.006785714,0.006900374,0.007029793,0.007165902,0.007314508,0.007468878,0.007634277,0.007804635,0.007986246,0.008174354,0.008372746,0.008579241,0.008793624,0.00901459,0.009241784,0.009472157,0.009706283,0.009941637,0.01017737,0.01041419,0.01064901,0.01088423,0.01111705,0.01134949,0.01157906,0.0118086,0.01203482,0.01226284,0.01248824,0.01271683,0.01294222,0.01316945,0.01339057,0.01361133,0.01382301,0.01403281,0.0142311,0.01442588,0.01460609,0.01478053,0.01493676,0.01508442,0.01521054,0.01532609,0.01541762,0.01549863,0.01555488,0.01560164,0.0156226,0.01563315,0.01561517,0.01558464,0.01552126,0.01544328,0.01532671,0.01519183,0.01501017,0.01480425,0.0145396,0.014243,0.0138735,0.0134798,0.01300879,0.01251495,0.01197326,0.01143052,0.0108764,0.01036394,0.009860992,0.009424192
0.009692612,0.009316985,0.009021195,0.008719095,0.008516488,0.008267011,0.008154182,0.007953432,0.007763315,0.007691334,0.007534665,0.00746244,0.007352375,0.007296983,0.007217309,0.007175583,0.007110695,0.007075223,0.007019514,0.006989429,0.006942084,0.006918568,0.006881087,0.006866693,0.006840919,0.006837964,0.006825154,0.006834266,0.006835392,0.006857074,0.006873616,0.006910959,0.006944766,0.00700072,0.007054179,0.007129572,0.007204276,0.007300145,0.007397066,0.007515329,0.007635054,0.00777486,0.00791529,0.008073563,0.008231362,0.008406343,0.008580839,0.008772514,0.008965711,0.009174311,0.009384771,0.009608709,0.009831631,0.01006613,0.01029651,0.01053514,0.01076857,0.01100705,0.01123955,0.01147551,0.01170456,0.01193677,0.01216199,0.01239011,0.0126125,0.01283809,0.01305971,0.01328477,0.01350581,0.01372831,0.01394476,0.01415979,0.0143669,0.01457036,0.01476462,0.01495267,0.01512967,0.01529721,0.01545116,0.01559237,0.01571762,0.01582736,0.01591994,0.01599529,0.01605436,0.0160955,0.01612031,0.01612538,0.01611214,0.01607534,0.0160178,0.01593148,0.01582164,0.01567627,0.01550258,0.01528476,0.01503383,0.01472696,0.0143832,0.01396916,0.01353047,0.01304286,0.01254047,0.01201712,0.01150262,0.01099329,0.01052896,0.01007876
0.01034289,0.01001548,0.009687472,0.009448388,0.009178495,0.009013209,0.008758221,0.008627054,0.008511873,0.008321047,0.008236956,0.008110968,0.008044466,0.007955678,0.007901778,0.0078313,0.007786831,0.007728153,0.00768952,0.007639397,0.007606769,0.007565348,0.007540153,0.007509254,0.007494068,0.007475018,0.007471449,0.007465622,0.007474046,0.007482821,0.007505395,0.007530651,0.007570911,0.007615026,0.007675045,0.007740313,0.007820837,0.007908436,0.008010895,0.008121361,0.008246392,0.008378975,0.008523974,0.008675479,0.008837817,0.009005782,0.009184526,0.00937006,0.009565482,0.009769268,0.009981053,0.01019991,0.01042501,0.01065382,0.01088622,0.01112004,0.01135383,0.01158829,0.01181997,0.01205113,0.01227876,0.01250524,0.0127282,0.01295094,0.01317028,0.01339111,0.01360886,0.013829,0.01404521,0.01426247,0.0144732,0.01468302,0.01488382,0.0150825,0.01527008,0.01545413,0.01562421,0.01578861,0.01593585,0.016075,0.01619418,0.01630353,0.01639044,0.01646732,0.01652078,0.0165648,0.0165842,0.01659293,0.01657418,0.01654216,0.01647789,0.01639776,0.0162796,0.0161418,0.01595875,0.01575149,0.01549001,0.01520025,0.01484703,0.01447529,0.01403711,0.01358174,0.01308677,0.01259329,0.01208936,0.0116192,0.01115358,0.01074484
0.01100836,0.01065284,0.01036616,0.0100712,0.009864349,0.009617785,0.009494714,0.009297497,0.009110749,0.009032549,0.008878693,0.008800334,0.008687409,0.008623576,0.008539038,0.008489433,0.008420341,0.008378562,0.008319474,0.008283874,0.008233294,0.008204396,0.008163237,0.008143079,0.008113007,0.008103691,0.008086062,0.00808882,0.008085273,0.008101117,0.00811344,0.008145703,0.008176131,0.008227929,0.008279068,0.008351581,0.008425124,0.008519222,0.008615458,0.0087319,0.00885049,0.008987907,0.009126538,0.009281918,0.009437406,0.009609088,0.009780916,0.00996876,0.01015844,0.01036252,0.01056878,0.01078781,0.01100619,0.01123537,0.01146089,0.01169388,0.01192191,0.01215413,0.0123802,0.0126086,0.01282971,0.01305304,0.01326947,0.01348844,0.0137021,0.01391861,0.01413102,0.01434614,0.01455677,0.01476821,0.01497334,0.01517674,0.01537229,0.01556419,0.01574717,0.01592422,0.01609056,0.01624795,0.01639236,0.01652499,0.01664267,0.01674613,0.01683338,0.01690461,0.01696005,0.01699854,0.01702088,0.01702427,0.0170094,0.0169716,0.01691267,0.01682559,0.01671452,0.01656897,0.01639541,0.01618046,0.01593488,0.01563976,0.01531328,0.01492692,0.01452215,0.01407677,0.01362001,0.01314655,0.01268104,0.01221652,0.01178877,0.01137099
0.01161282,0.01130283,0.01098896,0.01075247,0.01048703,0.01031777,0.01006977,0.009932441,0.009813439,0.009626813,0.009537239,0.009409473,0.009335147,0.009241354,0.009179482,0.009103851,0.009052583,0.00898969,0.00894567,0.008892054,0.00885475,0.008810109,0.008780457,0.008746183,0.008726534,0.008703955,0.008695992,0.008687004,0.008691842,0.008698196,0.008718175,0.008741987,0.008780676,0.008824318,0.008883687,0.008949352,0.00903005,0.009118438,0.009220947,0.009331295,0.009454977,0.009585781,0.009727883,0.00987621,0.01003453,0.01019855,0.01037263,0.01055343,0.01074326,0.01094102,0.01114604,0.0113578,0.01157509,0.01179595,0.01201986,0.01224519,0.01247011,0.01269552,0.01291772,0.01313898,0.01335616,0.01357203,0.01378426,0.01399646,0.01420546,0.014416,0.01462326,0.01483245,0.01503725,0.01524267,0.0154414,0.01563902,0.01582782,0.01601448,0.01619047,0.01636308,0.01652232,0.01667616,0.01681378,0.01694393,0.01705547,0.01715802,0.01723959,0.01731175,0.01736169,0.01740241,0.01741951,0.01742593,0.01740588,0.01737239,0.01730759,0.01722673,0.01710917,0.01697209,0.01679214,0.01658942,0.01633713,0.01606063,0.01572889,0.01538377,0.01498139,0.01456672,0.01411898,0.01367435,0.01321949,0.01279231,0.01236549,0.0119875
0.01221632,0.01188287,0.011609,0.01132456,0.01111872,0.01087759,0.01074791,0.01055503,0.01036974,0.01028541,0.0101324,0.01004841,0.009932899,0.009862122,0.009773407,0.009717173,0.009644287,0.009597199,0.009535337,0.009495541,0.009442842,0.009410437,0.009367429,0.009343989,0.009312134,0.009299737,0.009280575,0.00928087,0.009276613,0.009291046,0.009303558,0.009335435,0.009366904,0.009418909,0.009471507,0.009544557,0.009619539,0.009713883,0.009810589,0.009925683,0.01004263,0.01017647,0.01031131,0.01046138,0.01061174,0.01077719,0.01094321,0.01112404,0.01130674,0.0115025,0.01170018,0.01190942,0.01211793,0.01233617,0.01255105,0.01277264,0.01298964,0.01321022,0.01342486,0.0136412,0.01385046,0.01406153,0.01426622,0.01447333,0.01467574,0.01488079,0.01508189,0.01528508,0.01548363,0.01568249,0.01587511,0.01606582,0.01624898,0.01642853,0.01659956,0.01676491,0.01692006,0.01706677,0.01720128,0.01732486,0.01743458,0.01753123,0.01761275,0.01767937,0.01773091,0.01776633,0.01778601,0.01778742,0.01777097,0.01773235,0.01767289,0.01758639,0.01747649,0.01733387,0.0171647,0.01695733,0.01672234,0.01644352,0.01613837,0.01578192,0.01541203,0.01500809,0.01459549,0.01416913,0.01374988,0.01332861,0.01293788,0.0125533
0.01275445,0.0124642,0.0121673,0.01193831,0.0116817,0.01151321,0.01127431,0.01113346,0.01101314,0.01083059,0.01073717,0.01060889,0.01052939,0.01043282,0.01036576,0.01028715,0.0102315,0.01016629,0.0101191,0.01006396,0.01002434,0.00997874,0.009947332,0.009912255,0.0098911,0.009867977,0.00985891,0.009849884,0.009854481,0.009861572,0.009882146,0.009907356,0.009947089,0.009992227,0.01005243,0.01011916,0.01020003,0.01028829,0.01038936,0.01049744,0.01061721,0.01074323,0.01087921,0.01102093,0.01117188,0.01132851,0.01149452,0.01166708,0.01184778,0.01203579,0.01223007,0.01243047,0.01263556,0.01284393,0.01305486,0.01326727,0.01347903,0.0136913,0.01390023,0.01410824,0.01431213,0.01451499,0.01471436,0.01491407,0.01511079,0.01530918,0.01550417,0.0157008,0.01589275,0.01608509,0.01627073,0.01645529,0.01663132,0.01680533,0.01696908,0.01712968,0.01727757,0.01742052,0.01754819,0.01766912,0.01777272,0.01786826,0.01794423,0.01801159,0.01805792,0.01809543,0.01811028,0.01811467,0.01809364,0.01805946,0.01799518,0.01791538,0.01780074,0.01766763,0.01749453,0.01730078,0.01706199,0.01680278,0.0164951,0.01617822,0.01581142,0.01543608,0.01503262,0.01463312,0.01422342,0.01383699,0.01344796,0.01310109
0.01328456,0.01297444,0.01271653,0.01244626,0.01224662,0.01201434,0.01188263,0.01169714,0.01151507,0.0114278,0.01127727,0.01119062,0.01107512,0.01100084,0.01091077,0.01085112,0.01077701,0.01072736,0.01066491,0.0106234,0.01057069,0.01053721,0.01049457,0.01047038,0.01043907,0.01042627,0.01040802,0.01040834,0.01040549,0.0104206,0.0104349,0.01046773,0.01050093,0.01055342,0.01060694,0.01067945,0.01075394,0.01084601,0.01094003,0.01105042,0.01116208,0.01128878,0.01141621,0.01155757,0.01169949,0.01185556,0.01201253,0.01218315,0.0123556,0.01253978,0.01272553,0.01292158,0.01311682,0.01332076,0.01352167,0.01372865,0.01393143,0.01413731,0.0143377,0.01453949,0.01473484,0.0149319,0.0151233,0.01531704,0.01550665,0.01569864,0.01588688,0.01607667,0.01626188,0.01644701,0.01662618,0.01680336,0.0169735,0.01714006,0.01729863,0.01745176,0.01759539,0.01773116,0.01785564,0.01797006,0.01807182,0.01816158,0.01823749,0.01829959,0.01834755,0.01838024,0.01839781,0.01839783,0.01838069,0.01834232,0.01828394,0.01819995,0.01809392,0.01795734,0.01779634,0.01760046,0.01738013,0.01712091,0.01683967,0.01651396,0.01617851,0.01581404,0.01544282,0.01505969,0.01468286,0.01430202,0.01394714,0.01359514
0.01374885,0.01347979,0.01320208,0.01298476,0.0127409,0.01257735,0.01235032,0.01220946,0.01209159,0.01191508,0.01182098,0.01169475,0.01161344,0.01151705,0.01144809,0.01136925,0.01131206,0.01124683,0.01119874,0.01114398,0.01110402,0.01105914,0.01102781,0.01099363,0.0109728,0.01095082,0.01094238,0.01093466,0.01094018,0.01094879,0.01097038,0.01099684,0.01103706,0.01108254,0.01114193,0.01120743,0.01128567,0.01137046,0.01146646,0.01156852,0.0116807,0.01179842,0.01192505,0.01205717,0.01219798,0.01234451,0.01249976,0.01266131,0.01283011,0.01300564,0.01318651,0.01337293,0.01356334,0.0137568,0.01395239,0.01414954,0.0143458,0.01454262,0.01473615,0.01492904,0.01511809,0.01530661,0.0154919,0.01567791,0.01586101,0.01604583,0.01622712,0.01640983,0.01658773,0.01676596,0.01693763,0.01710843,0.01727106,0.01743194,0.017583,0.01773129,0.01786757,0.01799956,0.01811728,0.01822912,0.01832494,0.01841371,0.01848436,0.01854735,0.01859059,0.01862564,0.01863907,0.01864249,0.01862168,0.01858839,0.01852651,0.01845016,0.01834118,0.01821537,0.01805264,0.01787174,0.01765004,0.01741133,0.01712971,0.01684206,0.01651033,0.0161728,0.0158108,0.01545296,0.01508466,0.01473655,0.01438371,0.01406747
0.01420048,0.0139144,0.01367463,0.01342156,0.01323212,0.01301138,0.01288146,0.01270633,0.01253001,0.01244321,0.01229751,0.0122112,0.01209838,0.01202364,0.0119348,0.01187443,0.01180124,0.01175112,0.01168969,0.01164806,0.01159657,0.01156328,0.01152202,0.01149822,0.01146838,0.01145616,0.01143946,0.01144032,0.01143892,0.01145456,0.01146994,0.01150267,0.011536,0.01158711,0.01163914,0.0117084,0.01177924,0.01186567,0.01195346,0.01205575,0.01215884,0.01227547,0.01239284,0.01252319,0.01265447,0.01279903,0.01294471,0.01310288,0.01326276,0.01343315,0.01360484,0.01378574,0.01396586,0.01415379,0.01433901,0.01452967,0.01471645,0.01490588,0.0150904,0.0152762,0.01545642,0.01563841,0.0158155,0.01599481,0.01617044,0.01634807,0.01652214,0.01669727,0.01686805,0.0170385,0.01720346,0.01736649,0.0175231,0.01767631,0.01782217,0.01796289,0.01809498,0.01821984,0.01833452,0.01844005,0.01853423,0.01861753,0.01868839,0.01874657,0.01879182,0.01882271,0.01883937,0.01883933,0.01882314,0.01878684,0.01873185,0.01865292,0.01855378,0.01842649,0.01827722,0.01809635,0.01789418,0.01765735,0.01740221,0.01710796,0.01680662,0.01648017,0.01614815,0.01580531,0.01546775,0.01512507,0.01480473,0.01448452
0.01458562,0.01433867,0.01408153,0.013879,0.01365064,0.01349499,0.01328194,0.01314379,0.01303166,0.0128631,0.01277114,0.01264917,0.01256875,0.01247479,0.01240634,0.01232915,0.01227228,0.01220837,0.01216065,0.01210717,0.01206774,0.01202416,0.0119935,0.01196061,0.01194051,0.01191977,0.01191193,0.01190512,0.0119109,0.01191997,0.01194125,0.01196715,0.01200577,0.01204921,0.01210519,0.01216658,0.01223917,0.01231737,0.01240529,0.01249848,0.01260053,0.01270768,0.01282303,0.01294382,0.01307286,0.01320757,0.01335026,0.01349893,0.01365395,0.01381517,0.01398094,0.01415181,0.01432614,0.01450339,0.01468237,0.01486295,0.01504233,0.01522237,0.01539926,0.01557592,0.01574915,0.01592242,0.01609273,0.01626408,0.01643249,0.01660259,0.016769,0.01693671,0.01709958,0.01726292,0.01741996,0.01757652,0.01772538,0.01787294,0.01801122,0.01814723,0.01827204,0.01839333,0.01850143,0.01860468,0.01869322,0.01877588,0.0188419,0.01890139,0.01894255,0.01897635,0.01898974,0.01899386,0.01897511,0.0189449,0.01888786,0.01881778,0.01871749,0.01860232,0.01845331,0.01828872,0.01808721,0.01787171,0.01761794,0.01736042,0.01706359,0.01676288,0.01644038,0.01612172,0.01579213,0.01548058,0.01516253,0.01487649
0.01495338,0.01469186,0.01447159,0.01423765,0.01406085,0.01385367,0.0137281,0.01356546,0.01339675,0.01331293,0.01317392,0.01309011,0.01298183,0.01290869,0.01282269,0.01276317,0.01269201,0.01264244,0.01258265,0.01254149,0.01249152,0.01245869,0.01241885,0.01239551,0.01236693,0.01235494,0.01233909,0.01233962,0.0123384,0.01235308,0.01236768,0.01239822,0.01242927,0.01247651,0.01252437,0.01258763,0.01265199,0.01273015,0.01280922,0.01290124,0.01299387,0.01309885,0.01320478,0.01332287,0.01344222,0.0135739,0.01370678,0.01385094,0.01399667,0.01415175,0.01430801,0.01447249,0.01463635,0.01480723,0.01497572,0.01514899,0.01531873,0.01549071,0.01565843,0.0158274,0.0159917,0.01615781,0.01631979,0.01648378,0.01664449,0.01680674,0.01696566,0.01712522,0.0172808,0.01743593,0.01758623,0.01773477,0.01787769,0.01801751,0.0181508,0.01827934,0.01840025,0.01851461,0.01862,0.01871722,0.01880454,0.01888211,0.01894881,0.01900404,0.01904777,0.0190782,0.01909558,0.01909727,0.01908412,0.01905222,0.01900328,0.01893222,0.0188431,0.01872827,0.01859403,0.01843129,0.01825023,0.01803816,0.01781097,0.01754885,0.01728161,0.01699222,0.01669792,0.01639328,0.01609299,0.01578683,0.0154999,0.01521089
0.01525308,0.01502891,0.01479323,0.01460718,0.01439572,0.01425006,0.01405252,0.01391889,0.01381454,0.01365518,0.01356723,0.01345096,0.01337313,0.01328291,0.0132163,0.01314164,0.0130859,0.01302374,0.01297676,0.01292465,0.01288581,0.01284339,0.01281322,0.01278126,0.01276139,0.01274111,0.01273285,0.01272572,0.01273027,0.01273802,0.01275696,0.01278006,0.01281468,0.01285357,0.0129036,0.01295828,0.01302275,0.01309211,0.01316998,0.01325261,0.0133432,0.01343867,0.01354176,0.01365026,0.01376647,0.01388816,0.01401701,0.01415146,0.01429136,0.01443703,0.01458657,0.01474085,0.01489814,0.01505828,0.01521973,0.01538286,0.01554457,0.01570712,0.01586671,0.01602653,0.01618332,0.01634066,0.01649527,0.01665117,0.01680407,0.01695862,0.01710936,0.0172614,0.01740869,0.01755672,0.01769887,0.01784105,0.01797616,0.0181106,0.01823643,0.01836062,0.01847448,0.01858566,0.01868477,0.01878014,0.01886219,0.01893964,0.01900199,0.01905909,0.01909943,0.01913347,0.0191485,0.0191553,0.01914075,0.01911609,0.01906654,0.01900561,0.01891697,0.01881553,0.01868325,0.01853791,0.01835919,0.01816911,0.01794464,0.01771806,0.01745612,0.01719148,0.01690705,0.01662589,0.01633337,0.016057,0.01577258,0.01551631
0.01553041,0.01529379,0.01509387,0.01487994,0.01471703,0.01452481,0.01440535,0.01425655,0.01409649,0.01401717,0.01388595,0.01380591,0.01370319,0.0136327,0.01355024,0.01349219,0.01342334,0.01337452,0.01331634,0.01327558,0.01322684,0.01319419,0.01315528,0.01313184,0.01310371,0.01309097,0.01307471,0.01307357,0.0130709,0.0130828,0.01309455,0.01312073,0.01314718,0.01318822,0.01322951,0.01328448,0.01334019,0.01340819,0.01347692,0.01355737,0.01363853,0.01373104,0.01382474,0.01392977,0.01403624,0.01415395,0.01427287,0.01440186,0.01453234,0.01467111,0.014811,0.01495823,0.01510499,0.01525805,0.015409,0.01556416,0.01571628,0.01587032,0.01602083,0.01617258,0.01632049,0.01647017,0.01661644,0.01676444,0.01690957,0.01705581,0.01719906,0.01734261,0.01748271,0.01762233,0.01775792,0.01789203,0.01802152,0.01814835,0.01826963,0.0183866,0.01849703,0.01860159,0.01869847,0.01878818,0.01886953,0.01894235,0.01900596,0.01905939,0.01910296,0.01913443,0.0191543,0.0191597,0.01915182,0.01912671,0.01908647,0.01902599,0.01894974,0.01885015,0.01873375,0.01859171,0.01843413,0.01824871,0.01805083,0.01782142,0.01758825,0.01733514,0.01707738,0.01680956,0.01654522,0.01627423,0.01601972,0.01576135
0.01573773,0.01553673,0.01532303,0.01515424,0.0149604,0.01482602,0.01464509,0.01451704,0.0144216,0.01427211,0.01418923,0.01407942,0.014005,0.01391904,0.01385472,0.01378276,0.01372823,0.01366769,0.0136213,0.01357022,0.01353158,0.01348979,0.01345949,0.01342766,0.01340707,0.01338608,0.01337612,0.01336721,0.01336894,0.01337355,0.01338818,0.01340643,0.01343494,0.01346712,0.01350907,0.01355503,0.01360953,0.01366844,0.01373493,0.01380593,0.0138842,0.01396726,0.01405739,0.01415283,0.0142553,0.01436296,0.01447692,0.01459615,0.01472005,0.01484935,0.01498193,0.01511896,0.01525852,0.01540088,0.01554416,0.01568924,0.01583288,0.01597768,0.01611977,0.01626256,0.0164026,0.01654362,0.01668206,0.016822,0.01695891,0.01709753,0.01723232,0.01736852,0.01750019,0.01763298,0.0177604,0.01788853,0.01801035,0.01813229,0.01824639,0.01835958,0.01846333,0.01856526,0.01865624,0.01874464,0.01882115,0.01889444,0.01895422,0.01901016,0.01905102,0.01908684,0.01910525,0.01911672,0.01910853,0.01909174,0.01905216,0.01900292,0.01892848,0.01884332,0.01873019,0.01860638,0.01845243,0.0182894,0.01809524,0.01790011,0.01767295,0.01744371,0.0171962,0.01695131,0.01669463,0.01645221,0.0162004,0.01597343
0.01591792,0.01570634,0.01552718,0.01533364,0.01518528,0.01500899,0.01489673,0.01476255,0.01461167,0.01453766,0.01441478,0.01433911,0.0142423,0.01417478,0.0140959,0.01403932,0.0139726,0.01392431,0.01386738,0.01382658,0.01377852,0.01374542,0.01370666,0.0136822,0.01365341,0.0136387,0.0136207,0.01361646,0.01361076,0.01361816,0.0136252,0.01364515,0.01366508,0.013698,0.01373086,0.01377584,0.01382132,0.01387783,0.01393509,0.01400304,0.0140719,0.01415124,0.014232,0.01432317,0.01441585,0.01451866,0.0146227,0.01473569,0.0148502,0.01497204,0.015095,0.01522447,0.01535359,0.01548828,0.01562122,0.01575786,0.01589212,0.01602816,0.01616143,0.01629594,0.01642735,0.01656038,0.01669064,0.01682234,0.01695165,0.01708173,0.01720926,0.0173369,0.01746172,0.01758614,0.01770745,0.01782769,0.01794443,0.01805905,0.01816924,0.01827562,0.01837658,0.01847233,0.01856169,0.01864487,0.01872129,0.01879044,0.01885211,0.01890497,0.01894974,0.01898375,0.01900781,0.01901881,0.01901826,0.01900207,0.0189728,0.01892516,0.01886402,0.01878184,0.01868535,0.01856586,0.01843339,0.01827584,0.01810812,0.01791166,0.0177123,0.01749475,0.01727251,0.01704035,0.01681087,0.0165738,0.01635075,0.01612241
0.01602644,0.01584871,0.01565723,0.01550603,0.0153302,0.01520787,0.01504432,0.01492247,0.01483651,0.0146972,0.01461984,0.01451677,0.01444594,0.01436422,0.0143021,0.0142326,0.01417903,0.01411974,0.0140735,0.0140229,0.01398383,0.01394193,0.01391065,0.01387791,0.01385543,0.01383248,0.01381949,0.0138074,0.01380477,0.01380462,0.01381324,0.01382493,0.01384562,0.01386941,0.01390168,0.01393747,0.01398071,0.01402806,0.01408221,0.01414073,0.01420591,0.01427584,0.01435222,0.01443377,0.01452164,0.01461441,0.0147127,0.01481604,0.01492337,0.01503585,0.01515104,0.01527045,0.0153919,0.01551609,0.0156409,0.01576776,0.01589327,0.01602041,0.0161451,0.01627102,0.01639437,0.01651904,0.01664122,0.01676514,0.01688605,0.01700884,0.01712787,0.01724859,0.01736507,0.01748318,0.01759655,0.01771141,0.01782082,0.01793124,0.0180347,0.01813804,0.01823281,0.01832663,0.01841058,0.01849312,0.0185652,0.01863547,0.01869387,0.0187499,0.0187926,0.01883169,0.01885506,0.01887296,0.01887299,0.01886601,0.01883833,0.01880274,0.01874435,0.01867724,0.01858488,0.01848406,0.01835604,0.01822094,0.01805751,0.01789388,0.01770114,0.01750651,0.01729483,0.01708506,0.0168631,0.01665343,0.01643318,0.01623489
0.01610378,0.01591711,0.0157588,0.01558582,0.01545234,0.01529271,0.01518822,0.01506912,0.01492771,0.01485937,0.014745,0.01467378,0.0145828,0.0145181,0.01444251,0.01438712,0.01432215,0.01427397,0.01421775,0.01417633,0.01412824,0.01409391,0.01405434,0.01402779,0.01399715,0.01397924,0.01395822,0.01394951,0.0139393,0.01394068,0.01394146,0.01395366,0.01396555,0.01398889,0.01401197,0.01404574,0.01407994,0.01412404,0.014169,0.01422368,0.0142795,0.01434492,0.01441193,0.01448843,0.01456651,0.01465368,0.01474221,0.01483868,0.01493679,0.01504135,0.01514709,0.01525853,0.01536979,0.01548591,0.01560075,0.01571892,0.01583546,0.01595373,0.01607003,0.01618756,0.01630272,0.01641927,0.01653367,0.01664924,0.01676295,0.01687721,0.01698948,0.01710179,0.01721202,0.01732206,0.01743,0.01753734,0.01764241,0.01774599,0.01784634,0.01794344,0.01803624,0.01812446,0.01820755,0.01828541,0.0183581,0.01842479,0.01848575,0.0185393,0.01858659,0.01862455,0.01865429,0.01867246,0.01868088,0.01867527,0.0186586,0.01862536,0.0185808,0.01851734,0.01844194,0.01834595,0.01823931,0.01811007,0.0179726,0.0178088,0.01764263,0.01745971,0.01727186,0.0170742,0.01687839,0.01667399,0.01648131,0.01628225
0.01610872,0.01595397,0.0157847,0.01565113,0.01549359,0.01538367,0.015238,0.01512272,0.01504641,0.01491741,0.0148456,0.0147492,0.01468177,0.01460399,0.01454375,0.01447634,0.01442331,0.01436479,0.01431814,0.01426738,0.01422715,0.0141843,0.01415104,0.01411633,0.0140908,0.01406472,0.01404746,0.01403089,0.01402251,0.01401619,0.0140174,0.01402118,0.01403272,0.01404689,0.01406833,0.01409298,0.01412408,0.01415911,0.01420019,0.01424554,0.01429691,0.01435297,0.01441484,0.01448174,0.01455426,0.01463158,0.01471373,0.01480082,0.01489128,0.01498669,0.01508427,0.01518591,0.01528914,0.01539518,0.01550167,0.01561057,0.01571828,0.01582815,0.01593583,0.01604525,0.01615231,0.01626103,0.01636733,0.01647564,0.01658101,0.01668855,0.01679251,0.01689857,0.01700081,0.01710531,0.01720575,0.01730853,0.01740676,0.01750699,0.01760121,0.01769618,0.01778347,0.01787064,0.01794896,0.01802696,0.01809589,0.01816445,0.01822274,0.01828016,0.01832602,0.01836972,0.01839943,0.01842515,0.01843479,0.01843898,0.01842449,0.01840375,0.01836246,0.01831428,0.01824339,0.01816601,0.01806415,0.01795692,0.01782386,0.01769113,0.01753193,0.01737076,0.0171936,0.01701764,0.01682911,0.01665084,0.016461,0.01629049
0.0160796,0.01591732,0.0157796,0.01562708,0.01550867,0.01536615,0.01526961,0.01516577,0.01503399,0.01497137,0.01486541,0.01479839,0.01471291,0.01465068,0.01457802,0.01452342,0.01445977,0.0144112,0.01435512,0.01431242,0.01426355,0.01422711,0.01418576,0.01415608,0.01412251,0.01410029,0.01407509,0.01406068,0.0140447,0.01403879,0.01403208,0.01403532,0.01403805,0.01405075,0.01406313,0.01408488,0.01410712,0.01413816,0.01417018,0.01421097,0.0142531,0.01430391,0.01435648,0.01441763,0.01448054,0.01455164,0.01462436,0.01470409,0.01478562,0.01487275,0.01496112,0.01505449,0.01514794,0.0152457,0.01534281,0.01544297,0.01554229,0.01564332,0.01574314,0.01584421,0.01594364,0.0160443,0.01614346,0.01624356,0.01634237,0.01644161,0.01653953,0.01663758,0.01673442,0.01683138,0.01692727,0.01702308,0.01711787,0.01721188,0.01730395,0.01739342,0.0174797,0.01756202,0.01764038,0.01771437,0.01778474,0.01785036,0.01791198,0.01796758,0.01801872,0.01806192,0.0180986,0.01812515,0.01814371,0.01814974,0.01814663,0.01812865,0.01810134,0.01805706,0.01800298,0.01793047,0.01784936,0.01774788,0.01763983,0.01750772,0.01737349,0.01722377,0.0170688,0.01690408,0.01674047,0.0165673,0.01640373,0.01623286
0.01597888,0.01584626,0.01569884,0.01558252,0.0154435,0.01534593,0.01521823,0.01510979,0.01504293,0.0149243,0.01485767,0.01476774,0.01470331,0.01462912,0.01457036,0.01450468,0.01445173,0.0143935,0.01434585,0.0142943,0.01425214,0.0142075,0.0141713,0.01413367,0.01410407,0.01407386,0.01405124,0.01402909,0.01401382,0.01400025,0.01399296,0.01398782,0.01398922,0.01399293,0.01400279,0.01401568,0.01403407,0.01405627,0.01408372,0.01411537,0.01415232,0.01419394,0.01424071,0.01429246,0.01434923,0.01441085,0.01447667,0.01454742,0.0146209,0.0146992,0.01477914,0.01486309,0.01494831,0.01503661,0.0151253,0.01521689,0.01530745,0.01540068,0.01549197,0.01558552,0.01567696,0.01577049,0.01586174,0.01595533,0.01604608,0.01613937,0.01622941,0.01632213,0.01641156,0.01650396,0.01659297,0.01668517,0.01677377,0.01686541,0.01695209,0.01704048,0.01712206,0.01720433,0.0172787,0.01735376,0.01742109,0.01748943,0.01754905,0.0176093,0.01765965,0.01770924,0.01774646,0.01778106,0.01780128,0.01781748,0.01781688,0.01781154,0.01778768,0.01775854,0.01770895,0.01765453,0.01757805,0.01749766,0.01739368,0.01729044,0.01716318,0.01703366,0.01688921,0.01674512,0.01658829,0.01643977,0.01627906,0.01613495
0.01584291,0.01570388,0.01558601,0.01545341,0.01535003,0.01522466,0.01513579,0.01504712,0.01492495,0.01486785,0.01476994,0.01470674,0.01462638,0.01456624,0.01449615,0.01444198,0.01437921,0.01432979,0.0142733,0.01422867,0.0141783,0.01413892,0.01409493,0.01406123,0.01402385,0.01399639,0.01396605,0.01394495,0.01392224,0.0139081,0.013893,0.01388643,0.01387922,0.01388061,0.01388174,0.01389099,0.01390082,0.01391837,0.01393702,0.01396345,0.01399141,0.01402714,0.01406485,0.01411032,0.01415785,0.01421278,0.01426965,0.01433264,0.0143976,0.01446734,0.01453846,0.01461397,0.01468999,0.01476996,0.01485002,0.01493294,0.01501582,0.01510034,0.0151844,0.01526974,0.01535425,0.01543995,0.01552486,0.01561056,0.01569559,0.01578103,0.01586599,0.01595132,0.01603641,0.01612195,0.01620744,0.01629335,0.01637951,0.01646566,0.01655124,0.01663496,0.0167166,0.01679487,0.01687029,0.01694214,0.01701184,0.01707799,0.01714178,0.01720092,0.01725724,0.01730695,0.0173517,0.01738761,0.01741715,0.01743553,0.01744648,0.01744412,0.01743412,0.01740887,0.0173756,0.01732574,0.01726896,0.01719381,0.0171134,0.01701121,0.0169068,0.01678813,0.01666387,0.01652986,0.01639629,0.01625253,0.01611657,0.01597228
0.01563825,0.01552625,0.01539975,0.01529979,0.01517911,0.01509323,0.01498322,0.01488154,0.01482363,0.01471517,0.01465315,0.01456939,0.01450753,0.0144366,0.01437896,0.0143147,0.01426139,0.01420307,0.01415384,0.01410094,0.01405612,0.01400895,0.01396902,0.01392771,0.01389323,0.01385811,0.01382927,0.01380073,0.01377776,0.01375617,0.01373964,0.01372494,0.0137156,0.01370838,0.01370625,0.01370706,0.01371242,0.01372146,0.01373493,0.01375256,0.01377475,0.0138016,0.013833,0.01386947,0.01391045,0.01395643,0.01400601,0.01406052,0.01411715,0.01417848,0.01424104,0.01430768,0.01437544,0.01444672,0.01451843,0.01459356,0.01466781,0.01474523,0.01482094,0.01489947,0.01497621,0.01505562,0.01513293,0.01521301,0.01529042,0.01537087,0.0154486,0.01552971,0.01560812,0.0156902,0.01576953,0.01585287,0.01593355,0.01601838,0.01609935,0.01618305,0.01626085,0.01634011,0.01641241,0.01648632,0.01655379,0.01662357,0.01668612,0.01675067,0.01680688,0.01686357,0.01690942,0.01695385,0.01698546,0.0170143,0.01702802,0.01703833,0.01703187,0.01702141,0.01699243,0.01695986,0.01690735,0.016852,0.01677506,0.01669905,0.01660128,0.01650084,0.01638651,0.01627167,0.01614404,0.01602313,0.01588977,0.01577014
0.01539928,0.01528182,0.01518231,0.01506868,0.01497951,0.01487075,0.01478882,0.01471465,0.01460184,0.01454968,0.01445938,0.01439949,0.01432387,0.01426546,0.01419766,0.01414356,0.01408133,0.01403063,0.01397325,0.0139261,0.01387361,0.01383059,0.01378332,0.0137449,0.01370306,0.01366965,0.0136335,0.01360503,0.01357498,0.01355198,0.01352796,0.01351108,0.01349356,0.01348333,0.01347298,0.01346951,0.01346677,0.01347061,0.0134757,0.01348756,0.01350117,0.01352166,0.01354445,0.01357428,0.0136066,0.01364554,0.01368676,0.01373322,0.01378182,0.01383448,0.01388876,0.01394697,0.01400628,0.01406932,0.01413324,0.01419984,0.01426716,0.01433605,0.01440524,0.01447581,0.01454644,0.01461832,0.01469018,0.01476279,0.01483545,0.01490866,0.0149824,0.01505689,0.01513209,0.01520806,0.01528495,0.01536272,0.01544199,0.01552208,0.01560294,0.01568275,0.01576162,0.01583773,0.01591209,0.01598364,0.01605441,0.01612277,0.01619029,0.01625442,0.01631723,0.01637465,0.01642855,0.01647478,0.01651612,0.01654752,0.01657297,0.01658649,0.01659373,0.01658716,0.01657393,0.01654559,0.01651157,0.01646085,0.01640576,0.01633099,0.01625359,0.01616311,0.01606662,0.01596037,0.01585391,0.01573715,0.01562656,0.01550677
0.01509713,0.01500366,0.01489645,0.01481138,0.01470808,0.01463253,0.01453932,0.01444386,0.0143939,0.01429511,0.01423698,0.014159,0.01409926,0.01403131,0.01397444,0.01391131,0.01385728,0.0137985,0.01374719,0.01369243,0.01364435,0.0135941,0.01354984,0.01350432,0.01346438,0.01342382,0.01338819,0.0133528,0.01332162,0.01329161,0.01326546,0.01324092,0.0132206,0.01320236,0.01318815,0.01317681,0.01316907,0.01316492,0.01316437,0.01316793,0.01317532,0.01318746,0.01320363,0.01322508,0.01325057,0.01328124,0.01331487,0.01335348,0.01339362,0.01343845,0.0134842,0.01353429,0.01358546,0.01364069,0.01369638,0.01375602,0.01381488,0.0138774,0.01393849,0.01400305,0.01406621,0.01413267,0.0141973,0.0142652,0.01433078,0.01440006,0.01446728,0.01453868,0.01460798,0.01468157,0.01475302,0.01482925,0.01490374,0.01498344,0.01506037,0.01514105,0.01521682,0.01529487,0.01536692,0.01544146,0.01551076,0.01558354,0.01565049,0.01572064,0.01578393,0.01584883,0.01590437,0.01595958,0.01600346,0.01604566,0.01607426,0.0161005,0.01611151,0.01611945,0.01611047,0.01609869,0.01606869,0.01603645,0.0159843,0.01593284,0.0158617,0.0157872,0.01569978,0.01561087,0.01550927,0.01541316,0.01530467,0.01520705
0.01476394,0.01466582,0.0145825,0.01448625,0.01440968,0.01431633,0.01423996,0.01417891,0.0140749,0.01402663,0.01394341,0.01388616,0.01381489,0.01375779,0.01369201,0.01363762,0.01357565,0.01352322,0.01346454,0.01341436,0.01335928,0.01331209,0.01326109,0.01321747,0.01317076,0.01313095,0.01308864,0.01305246,0.01301477,0.01298266,0.01294955,0.01292223,0.01289438,0.01287255,0.01285079,0.01283468,0.01281947,0.01280971,0.01280139,0.0127988,0.01279824,0.01280374,0.01281197,0.01282659,0.01284415,0.01286754,0.01289355,0.01292397,0.01295676,0.01299298,0.0130312,0.01307303,0.01311665,0.01316379,0.0132126,0.01326387,0.01331657,0.0133708,0.01342614,0.01348303,0.01354091,0.01360018,0.01366021,0.01372107,0.01378285,0.01384554,0.01390983,0.01397532,0.01404245,0.01411065,0.01418064,0.01425198,0.01432595,0.01440149,0.01447907,0.01455643,0.01463405,0.01470963,0.01478457,0.01485746,0.01493082,0.01500276,0.01507524,0.01514547,0.01521577,0.01528189,0.01534586,0.01540336,0.01545734,0.01550257,0.01554313,0.01557299,0.01559768,0.01560976,0.01561615,0.01560859,0.01559607,0.01556813,0.01553617,0.01548634,0.01543305,0.01536766,0.01529563,0.01521372,0.01513094,0.01503821,0.0149501,0.01485217
0.01437561,0.01429809,0.014208,0.01413571,0.01404814,0.01398089,0.01390291,0.01381264,0.013769,0.01367912,0.0136239,0.01355121,0.01349303,0.01342772,0.0133712,0.01330893,0.01325377,0.01319418,0.01314032,0.0130833,0.01303147,0.01297778,0.01292877,0.01287872,0.01283296,0.01278672,0.01274404,0.01270165,0.01266213,0.01262363,0.01258782,0.01255352,0.01252236,0.0124933,0.01246719,0.01244396,0.01242338,0.01240635,0.01239208,0.01238193,0.0123749,0.01237281,0.0123743,0.01238134,0.01239193,0.01240788,0.01242616,0.01244953,0.01247392,0.01250311,0.01253305,0.01256767,0.01260338,0.01264366,0.01268441,0.01272959,0.01277406,0.01282271,0.01287026,0.01292193,0.01297264,0.01302728,0.01308041,0.01313742,0.01319261,0.01325232,0.01331069,0.01337402,0.01343587,0.0135026,0.01356778,0.01363843,0.01370816,0.01378397,0.01385803,0.01393682,0.01401181,0.01408995,0.01416315,0.01423967,0.01431205,0.01438887,0.01446114,0.01453766,0.01460875,0.01468257,0.01474856,0.0148153,0.01487225,0.01492854,0.01497272,0.01501542,0.01504432,0.0150708,0.01508179,0.01509035,0.01508209,0.01507161,0.01504257,0.0150134,0.01496629,0.01491477,0.01485107,0.01478466,0.01470572,0.01463126,0.01454473,0.01446619
0.01396131,0.01388004,0.01381032,0.01372944,0.01366321,0.01358355,0.0135109,0.01346089,0.01336482,0.01331898,0.01324212,0.01318665,0.01311925,0.01306293,0.01299883,0.01294373,0.01288168,0.01282709,0.01276674,0.01271305,0.01265505,0.01260334,0.01254837,0.01249925,0.0124475,0.01240113,0.0123526,0.01230866,0.01226338,0.0122222,0.01218017,0.01214262,0.01210476,0.01207165,0.01203887,0.01201052,0.01198329,0.01196042,0.0119392,0.01192272,0.0119086,0.0118998,0.01189423,0.01189441,0.01189797,0.01190656,0.01191815,0.01193339,0.01195132,0.0119722,0.01199553,0.01202223,0.0120514,0.01208384,0.01211864,0.01215571,0.01219485,0.01223554,0.01227813,0.01232246,0.01236865,0.01241637,0.01246567,0.01251599,0.01256819,0.01262177,0.012678,0.0127359,0.01279633,0.01285817,0.01292263,0.01298889,0.01305869,0.01313067,0.01320576,0.01328147,0.01335864,0.01343467,0.01351116,0.0135864,0.01366313,0.01373932,0.01381722,0.01389393,0.013972,0.01404717,0.01412161,0.01419089,0.01425801,0.01431769,0.0143739,0.01442069,0.01446326,0.01449443,0.0145206,0.01453388,0.01454242,0.01453654,0.01452637,0.01449982,0.01446846,0.01442566,0.01437526,0.01431464,0.01425228,0.01418064,0.01411199,0.01403316
0.01350157,0.01343739,0.0133622,0.01330028,0.01322643,0.01316509,0.01310029,0.01301401,0.0129746,0.01289272,0.01283921,0.01277118,0.01271386,0.01265076,0.01259409,0.01253233,0.01247557,0.01241482,0.01235795,0.01229835,0.01224243,0.01218509,0.0121311,0.01207642,0.01202471,0.01197283,0.01192314,0.01187388,0.01182615,0.01177942,0.01173423,0.01169058,0.01164898,0.0116096,0.0115721,0.01153758,0.01150479,0.01147557,0.01144829,0.0114252,0.01140459,0.01138918,0.01137692,0.01137049,0.0113671,0.01136927,0.01137322,0.01138243,0.01139227,0.01140712,0.01142263,0.01144316,0.01146478,0.0114914,0.01151844,0.01155033,0.01158161,0.01161754,0.01165273,0.0116926,0.0117319,0.0117757,0.01181837,0.01186554,0.0119115,0.01196275,0.01201339,0.01206969,0.01212516,0.01218609,0.01224609,0.01231215,0.01237797,0.01245051,0.01252218,0.01259941,0.01267402,0.01275271,0.01282759,0.01290655,0.01298235,0.01306331,0.01314091,0.01322361,0.01330234,0.01338488,0.01346126,0.01353953,0.01360969,0.01368025,0.01374034,0.01379982,0.01384709,0.01389253,0.01392393,0.01395305,0.01396661,0.01397754,0.01397101,0.01396293,0.01393835,0.01390787,0.01386566,0.01381917,0.01376023,0.01370466,0.01363747,0.01357528
0.01302138,0.01295492,0.01289645,0.01282893,0.01277066,0.01270285,0.01263218,0.0125908,0.01250183,0.01245679,0.01238556,0.01233091,0.01226683,0.0122107,0.0121479,0.01209158,0.0120291,0.01197188,0.01190955,0.01185203,0.01179092,0.01173449,0.01167547,0.01162081,0.01156409,0.01151127,0.01145675,0.01140527,0.01135272,0.01130283,0.01125234,0.01120506,0.01115777,0.01111398,0.01107087,0.01103102,0.01099261,0.0109575,0.0109243,0.01089491,0.01086829,0.01084629,0.01082804,0.01081487,0.01080553,0.01080049,0.01079887,0.01080027,0.01080475,0.0108118,0.01082182,0.01083494,0.01085112,0.01087031,0.01089244,0.01091663,0.0109435,0.01097194,0.01100298,0.01103586,0.01107133,0.01110847,0.01114794,0.0111887,0.01123223,0.0112776,0.01132651,0.01137755,0.01143194,0.01148814,0.01154774,0.01160956,0.01167564,0.01174434,0.011817,0.01189102,0.01196762,0.01204405,0.01212202,0.01219953,0.01227938,0.01235939,0.01244209,0.01252458,0.01260958,0.01269306,0.01277719,0.01285767,0.01293741,0.01301123,0.01308284,0.01314656,0.01320712,0.01325773,0.013304,0.01333855,0.01336837,0.01338469,0.01339602,0.01339223,0.01338185,0.01336047,0.01333021,0.01328921,0.01324519,0.01319257,0.01314101,0.01307916
0.01250561,0.01245308,0.01239116,0.01233757,0.01227552,0.01221812,0.0121646,0.0120815,0.01204432,0.01196962,0.01191674,0.0118528,0.0117957,0.01173441,0.0116771,0.01161549,0.01155669,0.01149448,0.01143428,0.01137196,0.01131179,0.01125079,0.01119181,0.01113263,0.01107516,0.01101792,0.01096154,0.0109058,0.01085029,0.01079584,0.01074184,0.01068948,0.01063814,0.01058919,0.01054115,0.01049626,0.01045226,0.01041191,0.01037273,0.01033788,0.01030495,0.01027751,0.01025279,0.01023416,0.01021809,0.01020782,0.01019889,0.01019545,0.0101924,0.01019459,0.01019743,0.01020558,0.01021475,0.01022926,0.01024413,0.01026419,0.01028374,0.01030833,0.01033244,0.01036161,0.01039051,0.01042438,0.01045748,0.01049563,0.01053314,0.01057654,0.01061997,0.01066959,0.01071903,0.01077443,0.01082957,0.01089121,0.01095322,0.01102232,0.01109132,0.01116649,0.01124016,0.01131876,0.01139471,0.01147535,0.01155377,0.01163779,0.01171956,0.01180705,0.01189199,0.0119817,0.01206702,0.01215539,0.01223753,0.01232121,0.01239636,0.01247189,0.01253719,0.0126014,0.01265332,0.01270311,0.01273882,0.01277129,0.01278749,0.0128003,0.01279795,0.01278794,0.01276651,0.0127391,0.01269912,0.01266086,0.01261141,0.01256392
0.01197385,0.01192144,0.01187285,0.01181737,0.01176512,0.01170792,0.01163855,0.01160372,0.01152157,0.01147609,0.01141008,0.01135559,0.01129449,0.01123812,0.01117635,0.01111845,0.01105531,0.01099517,0.01093078,0.01086934,0.0108052,0.01074413,0.01068129,0.01062133,0.01056004,0.01050116,0.01044114,0.01038262,0.01032338,0.01026544,0.0102072,0.01015094,0.01009507,0.0100415,0.00998904,0.009938798,0.00989035,0.009844251,0.009800359,0.009759454,0.009721753,0.009688033,0.009658522,0.009633464,0.00961268,0.009595564,0.009582335,0.009571647,0.009564459,0.009559603,0.009558166,0.009559609,0.009564587,0.009572276,0.009583398,0.009596397,0.009612553,0.009630286,0.009651095,0.009673754,0.009699524,0.009727053,0.009757532,0.009789536,0.00982499,0.009862644,0.00990448,0.009948811,0.009997164,0.01004773,0.01010233,0.01015953,0.0102215,0.01028644,0.01035595,0.01042744,0.0105024,0.01057813,0.0106563,0.0107348,0.01081626,0.01089854,0.01098418,0.01107051,0.01116025,0.01124981,0.01134129,0.01143075,0.01152088,0.01160687,0.01169208,0.01177128,0.01184857,0.01191781,0.01198353,0.01203911,0.01209004,0.01212869,0.01216155,0.01218063,0.01219122,0.0121913,0.01218107,0.01215988,0.01213398,0.01209967,0.01206405,0.01201851
0.01141525,0.01137418,0.0113251,0.01127894,0.01122745,0.01117333,0.01113005,0.0110504,0.01101421,0.01094653,0.0108939,0.01083392,0.01077687,0.01071731,0.01065917,0.01059764,0.01053667,0.01047299,0.01040954,0.01034468,0.01028051,0.0102162,0.01015262,0.01008945,0.01002677,0.009964767,0.009902343,0.009840786,0.00977824,0.009716872,0.00965491,0.009594742,0.009534647,0.009477169,0.009419758,0.009365726,0.009311855,0.009261758,0.009212187,0.009167128,0.009123503,0.009085633,0.009050064,0.009020801,0.008993698,0.008972676,0.008952682,0.008938429,0.00892449,0.008916021,0.008908239,0.008906003,0.008904701,0.008908996,0.008913575,0.008923572,0.008933186,0.008948037,0.008962588,0.008982352,0.009002018,0.00902692,0.009051385,0.009081234,0.009110901,0.009146787,0.009183183,0.009226085,0.009269379,0.009318966,0.009368853,0.009425489,0.009482986,0.00954775,0.009613066,0.009684927,0.00975626,0.009833101,0.009908394,0.009988811,0.01006787,0.01015276,0.01023636,0.01032602,0.01041439,0.01050824,0.01059942,0.0106947,0.01078576,0.01087954,0.01096704,0.01105607,0.01113725,0.0112183,0.0112893,0.01135858,0.01141571,0.01146915,0.01150797,0.01154158,0.01156155,0.01157231,0.01157199,0.01156435,0.01154407,0.01152294,0.01149096,0.01145809
0.01084337,0.01080565,0.01076698,0.01072338,0.01067656,0.01062991,0.01056271,0.01053344,0.01045888,0.0104128,0.01035243,0.01029823,0.01024036,0.01018392,0.01012338,0.01006401,0.01000044,0.009937629,0.009871594,0.009806697,0.009740083,0.009674992,0.009609016,0.009544523,0.009479462,0.009415345,0.009350636,0.009285971,0.009220932,0.009155922,0.009090935,0.009026773,0.008963436,0.008901337,0.008840841,0.008781646,0.008724625,0.008669128,0.008616179,0.008565519,0.008518497,0.008474846,0.008435795,0.008400606,0.008370114,0.008342789,0.008319827,0.008299079,0.008282278,0.008267674,0.008256912,0.008248833,0.008244661,0.008242933,0.008245005,0.0082488,0.008256108,0.00826495,0.008277128,0.008291051,0.00830835,0.008327413,0.008349828,0.008373914,0.008401856,0.008432196,0.008467064,0.008504681,0.008546727,0.008591316,0.008640292,0.008692116,0.008748958,0.008809027,0.008874013,0.0089415,0.009013026,0.009086076,0.009162241,0.009239415,0.009319982,0.009401902,0.009487593,0.009574679,0.009665748,0.009757794,0.00985274,0.009947276,0.01004377,0.01013806,0.01023301,0.01032415,0.01041479,0.0104997,0.01058217,0.01065664,0.01072684,0.01078656,0.01083997,0.01088138,0.0109128,0.01093453,0.01094483,0.0109445,0.01093777,0.01092225,0.01090282,0.01087432
0.01025206,0.01022351,0.01018807,0.01014977,0.01010906,0.0100592,0.01002628,0.009951872,0.009916786,0.009857115,0.009805433,0.009750183,0.00969388,0.009636681,0.009578236,0.009517328,0.009454771,0.009390305,0.00932437,0.009257837,0.009190576,0.009123934,0.009056794,0.008990711,0.008923907,0.008858206,0.008790821,0.008724514,0.008656071,0.008588932,0.008520233,0.0084535,0.008386007,0.008321407,0.00825618,0.008194582,0.008132531,0.008074409,0.008016305,0.007962915,0.007910563,0.007864135,0.007819623,0.007781566,0.007745353,0.007715484,0.007686477,0.007663469,0.007640841,0.007623906,0.007607763,0.007597322,0.007587758,0.007583927,0.007580355,0.007582319,0.007584043,0.00759104,0.007597834,0.007609756,0.007621634,0.007638778,0.00765572,0.007678138,0.007700691,0.007729481,0.007759097,0.007795243,0.007832211,0.007875543,0.007919597,0.007970319,0.00802225,0.008081333,0.008141488,0.008208276,0.008275329,0.008348136,0.008420323,0.008497804,0.008574693,0.00865739,0.008739604,0.008827877,0.008915903,0.009009733,0.009102426,0.009199959,0.009295234,0.009394277,0.009489426,0.009587248,0.009679881,0.009773507,0.009859779,0.009945032,0.01002066,0.01009259,0.01015218,0.01020525,0.01024672,0.01027797,0.01029899,0.0103119,0.01031249,0.0103091,0.01029542,0.0102782
0.00964909,0.009627425,0.009599874,0.009569038,0.009528764,0.009493737,0.009431146,0.009407854,0.009342866,0.009297469,0.009244119,0.009191497,0.009138002,0.009082569,0.009024233,0.008964407,0.00890144,0.008837125,0.008770659,0.008703618,0.008635864,0.008568183,0.008500481,0.008432915,0.008365463,0.008297503,0.008229423,0.008159982,0.008090481,0.008019827,0.007949499,0.007878973,0.007809716,0.007740797,0.007673974,0.007607673,0.0075439,0.007480981,0.007420953,0.007362647,0.007308341,0.007256838,0.00721021,0.007166923,0.007128691,0.007093261,0.007062625,0.007034034,0.007009814,0.006987772,0.006969916,0.006954601,0.006943449,0.006934526,0.006929659,0.006926424,0.006926931,0.006928933,0.006934328,0.006941292,0.006951636,0.006963656,0.006979181,0.00699643,0.007017653,0.007041311,0.007069521,0.007100573,0.007136159,0.007174477,0.00721724,0.007262914,0.007313522,0.007367441,0.007426307,0.007488028,0.00755402,0.007622085,0.007693574,0.007766609,0.007843181,0.007921528,0.008003718,0.008087842,0.00817611,0.008266252,0.008359876,0.008454461,0.008551956,0.00864914,0.008748211,0.008845782,0.008944195,0.00903948,0.009133585,0.009222294,0.009307484,0.009384654,0.009455482,0.00951677,0.009567265,0.009609517,0.009639887,0.009660721,0.009673833,0.009677698,0.00967523,0.009664973
0.009033846,0.009019243,0.008998798,0.008969843,0.008941172,0.008897924,0.008876465,0.008810298,0.008777799,0.008728105,0.008679261,0.008630447,0.008576601,0.008523263,0.008466022,0.008407202,0.00834464,0.008281006,0.008214336,0.008147881,0.00807939,0.008012246,0.007943434,0.007876225,0.007807095,0.007739347,0.007668693,0.007599229,0.007526572,0.007455296,0.007381614,0.007310075,0.007237094,0.007167283,0.007096286,0.007029113,0.006961002,0.006896957,0.006832555,0.006773022,0.006714192,0.006661336,0.006610055,0.006565297,0.006522158,0.006485565,0.006449792,0.00642023,0.006391233,0.006368089,0.00634589,0.006329445,0.006313863,0.006304042,0.006294528,0.006290568,0.006286558,0.006287714,0.006288739,0.006294615,0.006300416,0.006311276,0.006322083,0.006338217,0.006354679,0.006377093,0.006400471,0.006430092,0.006460803,0.006497662,0.006535501,0.006579617,0.006625088,0.00667727,0.006730839,0.006790802,0.006851603,0.006918042,0.006984547,0.007056191,0.007127839,0.007204985,0.007282266,0.007365287,0.007448841,0.007538102,0.007627445,0.007721924,0.007815831,0.0079142,0.0080109,0.008111212,0.008209001,0.00830888,0.008404343,0.008499702,0.008588431,0.008673889,0.00874994,0.008818873,0.008878831,0.00892834,0.008969151,0.009001878,0.009023278,0.009037652,0.009042715,0.009042056
0.008409272,0.008404686,0.008389668,0.008372865,0.008341094,0.0083193,0.00826463,0.008248672,0.008195893,0.008153524,0.008109314,0.008060519,0.008013292,0.007960884,0.007906619,0.007848371,0.007788004,0.007724365,0.007659621,0.007592749,0.007526092,0.007458171,0.007390962,0.007322574,0.007254793,0.00718508,0.007115548,0.007043335,0.006971274,0.006897015,0.006823349,0.00674864,0.006675615,0.006602187,0.006531262,0.006460198,0.00639193,0.006323988,0.00625921,0.006195683,0.006136385,0.00607938,0.00602741,0.005978358,0.005934617,0.005893424,0.005857354,0.005823278,0.005793903,0.005766755,0.005744005,0.005723694,0.00570768,0.005693751,0.005684031,0.005675934,0.005671683,0.005668913,0.00566944,0.005671347,0.005676439,0.005683065,0.00569312,0.005704875,0.005720461,0.00573838,0.005760567,0.005785523,0.005814824,0.005846899,0.00588319,0.005922301,0.005965943,0.006012785,0.006064264,0.006118738,0.006177358,0.006238356,0.006302714,0.006368928,0.0064385,0.006510096,0.006585295,0.006662772,0.006744185,0.006828066,0.006915541,0.007004979,0.007097785,0.00719183,0.007288597,0.007385954,0.007485261,0.007584016,0.007682834,0.00777908,0.007872805,0.007961424,0.008044161,0.008120377,0.008185772,0.008244962,0.008292605,0.008332662,0.008364417,0.008386835,0.00840106,0.0084093
0.007780979,0.007780933,0.007776319,0.007758262,0.007742906,0.007708878,0.007700128,0.007645392,0.007617629,0.007580165,0.00753668,0.007496468,0.007447484,0.007400179,0.007346512,0.007292086,0.00723205,0.007171738,0.007107015,0.007043249,0.006976274,0.006911252,0.006843444,0.006777597,0.006708642,0.006641148,0.00656958,0.006499173,0.006424644,0.006351524,0.006275323,0.006201429,0.006125565,0.006053067,0.005978919,0.005908674,0.005837096,0.005769637,0.005701531,0.005638327,0.005575542,0.005518661,0.005463101,0.005414036,0.005366446,0.005325488,0.005285381,0.00525158,0.00521858,0.005191451,0.005165424,0.005145073,0.005125611,0.005111839,0.005098493,0.005090615,0.005082906,0.005080131,0.005077304,0.005078932,0.005080441,0.005086632,0.005092858,0.005104053,0.005115663,0.005132692,0.005150673,0.00517434,0.005199203,0.005229741,0.005261375,0.005298646,0.005337254,0.005381842,0.005427918,0.005479827,0.005532901,0.00559115,0.005649887,0.005713271,0.005777032,0.005845692,0.005914905,0.00598925,0.006064653,0.00614527,0.006226811,0.006313275,0.006400403,0.006492168,0.006584085,0.006680149,0.006776077,0.00687496,0.006972305,0.007070463,0.007165139,0.007257258,0.007343245,0.007422152,0.007495083,0.007558076,0.007614448,0.007663575,0.007703252,0.007733518,0.007756049,0.007771375
0.007148114,0.007160095,0.007158126,0.007155939,0.007134348,0.007126717,0.007082812,0.007075494,0.007037187,0.007000381,0.006967355,0.006924905,0.006886109,0.006839255,0.006791472,0.006737541,0.00668243,0.006622401,0.006562209,0.006498545,0.006435873,0.006370732,0.006306825,0.006240491,0.006175024,0.006106269,0.006037808,0.005965479,0.005893417,0.005818323,0.005744046,0.005668077,0.005594112,0.005519122,0.005446876,0.005373915,0.005303866,0.005233706,0.00516683,0.005100795,0.00503907,0.00497922,0.004924463,0.004872293,0.004825551,0.004781162,0.004742063,0.004704949,0.004672689,0.004642695,0.004617137,0.004593932,0.004575032,0.004558142,0.004545499,0.00453451,0.004527329,0.004521625,0.004519009,0.004517632,0.004519137,0.004522027,0.004528097,0.004535778,0.004546938,0.004560231,0.004577284,0.004596903,0.004620433,0.004646643,0.004676618,0.004709206,0.004745701,0.004785133,0.004828617,0.004875023,0.004925135,0.004977687,0.005033202,0.005090649,0.005150978,0.005213385,0.005278884,0.005346803,0.005418146,0.005492234,0.005569587,0.005649463,0.005732615,0.00581806,0.005906526,0.005997237,0.006090587,0.006185651,0.006281809,0.0063781,0.006472879,0.006565539,0.006653044,0.006737236,0.006811177,0.006881279,0.006940804,0.006995239,0.007041742,0.007079638,0.00710829,0.00713323
0.00652242,0.006535725,0.0065462,0.006539609,0.006537875,0.006514576,0.006518714,0.006477559,0.006456294,0.006432601,0.006396704,0.006366951,0.00632525,0.006286233,0.006238823,0.006191411,0.006136854,0.006082735,0.006023077,0.005964989,0.00590269,0.00584277,0.005779054,0.005717444,0.005651626,0.005587162,0.005517594,0.005449046,0.005375648,0.005303666,0.005228129,0.005155002,0.005079491,0.005007391,0.004933234,0.004862885,0.004790861,0.004722855,0.004653948,0.004589822,0.00452589,0.004467695,0.004410649,0.004359957,0.004310625,0.004267843,0.004225948,0.004190273,0.004155589,0.004126603,0.004098832,0.00407652,0.004055147,0.004039285,0.004023992,0.004013947,0.004004265,0.003999163,0.003994106,0.003993056,0.003991887,0.003994927,0.003998049,0.004005622,0.004013617,0.004026337,0.004039911,0.004058434,0.004078132,0.004102832,0.004128627,0.004159259,0.004191109,0.004228032,0.004266387,0.004309765,0.004354417,0.004403513,0.00445328,0.004506941,0.004561143,0.004619415,0.004678463,0.0047418,0.004806483,0.004875557,0.004946013,0.005020721,0.00509682,0.005177187,0.005258984,0.005344955,0.005432687,0.005523856,0.005616009,0.005709694,0.005802811,0.005894096,0.005982426,0.006064067,0.00614275,0.006212473,0.006277932,0.006337376,0.006390003,0.006432141,0.006468693,0.006497291
0.005899847,0.005925705,0.005935512,0.005946973,0.005936091,0.005941882,0.005909794,0.0059114,0.005888417,0.005858919,0.005838178,0.005804042,0.005775366,0.005736383,0.00569735,0.005650474,0.005603254,0.005549824,0.00549702,0.005439652,0.005383871,0.005324596,0.005266886,0.005205649,0.005145357,0.005080609,0.005016142,0.004946866,0.004877921,0.004805359,0.004733785,0.00466003,0.004588436,0.004515282,0.004444904,0.004373293,0.004304525,0.004235249,0.004169201,0.004103632,0.004042315,0.00398255,0.003927809,0.00387537,0.003828292,0.003783372,0.0037437,0.003705966,0.003673012,0.003642292,0.003615863,0.003591687,0.003571699,0.003553659,0.003539761,0.003527526,0.003518902,0.003511732,0.003507368,0.003504151,0.003503482,0.003504066,0.003507466,0.003512335,0.003520197,0.00352994,0.003542824,0.003557998,0.003576495,0.003597459,0.003621589,0.003648055,0.003677698,0.003709935,0.003745485,0.003783727,0.003825022,0.003868628,0.003914581,0.003962356,0.00401234,0.004064288,0.004118632,0.004175347,0.004234752,0.004296897,0.004361628,0.004429023,0.004499132,0.004572052,0.004647768,0.004726815,0.004808706,0.004894064,0.004981179,0.005070717,0.005159525,0.005248864,0.005333749,0.00541827,0.005493421,0.005567066,0.005631511,0.005693296,0.005748192,0.005796515,0.005835453,0.00587312
0.005297123,0.005320513,0.005343286,0.005346993,0.005357746,0.005344768,0.005360108,0.00533281,0.005318574,0.00530873,0.005281557,0.005263102,0.005230356,0.005201233,0.005162286,0.005124047,0.005077534,0.005032083,0.004980231,0.004930425,0.004875626,0.00482347,0.004766719,0.004712084,0.004652352,0.004593805,0.004529378,0.004465824,0.004396954,0.004329488,0.004258178,0.004189268,0.004117629,0.00404928,0.003978504,0.003911267,0.00384205,0.003776579,0.003709983,0.003647901,0.003585834,0.003529231,0.003473629,0.003424078,0.00337575,0.003333687,0.003292497,0.003257221,0.00322302,0.00319415,0.003166534,0.003144019,0.003122477,0.003106131,0.003090455,0.003079658,0.003069349,0.003063165,0.003057127,0.003054626,0.003052053,0.003053164,0.003054379,0.003059431,0.003064862,0.003074255,0.00308438,0.003098635,0.003113967,0.003133499,0.003154039,0.003178547,0.003204117,0.003233792,0.003264764,0.003299824,0.00333612,0.003375975,0.003416531,0.003460088,0.00350421,0.003551446,0.003599531,0.003650922,0.003703741,0.00375992,0.003817615,0.003878566,0.003941186,0.004007255,0.004075481,0.004147417,0.00422242,0.004300892,0.004382305,0.00446562,0.004550743,0.004634521,0.004718046,0.0047953,0.004872296,0.00494145,0.005008725,0.005071101,0.005129421,0.005177914,0.005223449,0.0052608
0.004707033,0.004742234,0.004760684,0.004782962,0.004781718,0.004798321,0.00477692,0.004786235,0.004777553,0.00475571,0.004746891,0.004721864,0.004703899,0.004674172,0.004645279,0.004607391,0.004569891,0.004525282,0.004481904,0.004433176,0.004386472,0.004335508,0.004286345,0.004232828,0.00418028,0.004122459,0.004064905,0.004001942,0.003939364,0.00387282,0.003807353,0.00373933,0.003673445,0.003605559,0.003540289,0.00347334,0.003409006,0.003343807,0.00328163,0.003219612,0.003161636,0.003104934,0.003053011,0.003003086,0.002958257,0.002915333,0.002877403,0.002841273,0.002809621,0.002780082,0.002754518,0.002731058,0.002711531,0.00269384,0.002680032,0.002667824,0.002658891,0.002651357,0.002646292,0.00264231,0.002640529,0.002639875,0.002641613,0.002644643,0.002650121,0.002657218,0.00266682,0.002678405,0.002692661,0.002709089,0.00272802,0.002748975,0.002772365,0.002797991,0.002826159,0.002856705,0.002889568,0.0029245,0.00296108,0.002999269,0.003038931,0.003080334,0.00312337,0.003168585,0.003215648,0.003265238,0.003316542,0.00337034,0.003425985,0.003484498,0.003545173,0.003609695,0.00367681,0.003748527,0.003822222,0.003900019,0.003977501,0.004057548,0.004133622,0.004211684,0.004281287,0.004351376,0.00441379,0.004475523,0.004531517,0.00458417,0.004628137,0.004673119
0.00414943,0.004178334,0.004209061,0.004220234,0.00424063,0.004235777,0.004259105,0.004243965,0.004235836,0.004238218,0.004219488,0.004211784,0.004188403,0.004169571,0.004140154,0.004112114,0.004075109,0.004039687,0.00399729,0.0039573,0.003911813,0.003869151,0.003821414,0.003775791,0.003724543,0.003674407,0.003617983,0.003562354,0.003501204,0.003441421,0.003377645,0.003316137,0.003251625,0.003190164,0.003125965,0.003064928,0.003001668,0.00294176,0.00288054,0.002823439,0.002766167,0.00271395,0.002662534,0.002616688,0.002571869,0.002532824,0.002494557,0.002461698,0.002429868,0.002402842,0.002377014,0.002355797,0.002335523,0.002319978,0.002305125,0.002294648,0.002284701,0.00227836,0.002272245,0.002269178,0.002266104,0.00226616,0.002266325,0.002269673,0.002273337,0.002280204,0.002287687,0.002298477,0.002310205,0.002325288,0.002341252,0.002360315,0.002380284,0.002403426,0.002427709,0.002455137,0.002483695,0.002514904,0.002546769,0.002580737,0.00261523,0.002651878,0.00268936,0.00272914,0.002770297,0.002813726,0.0028586,0.002905596,0.002954228,0.003005225,0.003058633,0.003114917,0.003174978,0.00323811,0.003305469,0.003374692,0.003447414,0.003518934,0.003592235,0.003659543,0.003728699,0.003791052,0.003853606,0.003912105,0.003968996,0.004017903,0.004066649,0.004107369
0.003613765,0.003653043,0.003675941,0.00370492,0.003710572,0.003734139,0.003720853,0.00373535,0.00373831,0.003723023,0.003724333,0.003707815,0.003699793,0.003679367,0.003660668,0.003632379,0.003605116,0.00357023,0.003537028,0.003498012,0.003461356,0.003420003,0.003380697,0.003336594,0.003293577,0.003244934,0.003196638,0.003142699,0.003089197,0.003031573,0.002975035,0.002915669,0.002858301,0.002798613,0.002741272,0.002681925,0.002624884,0.00256668,0.002511192,0.002455559,0.002403601,0.002352615,0.002305971,0.002260963,0.002220605,0.002181819,0.002147589,0.002114923,0.002086245,0.002059471,0.002036214,0.002014833,0.001997001,0.001980796,0.001968083,0.001956827,0.001948411,0.001941299,0.001936284,0.001932275,0.001930113,0.001928938,0.001929712,0.00193159,0.001935366,0.001940512,0.001947558,0.001956279,0.001967023,0.001979611,0.001994047,0.002010194,0.002028088,0.002047877,0.002069488,0.002093146,0.002118411,0.002145466,0.002173504,0.002202913,0.002233101,0.002264781,0.002297356,0.00233186,0.002367383,0.002405129,0.002443693,0.002484424,0.002526032,0.002570263,0.00261578,0.00266519,0.002716573,0.002773078,0.002831348,0.002894721,0.002957813,0.003024817,0.003088061,0.003154949,0.00321413,0.003275289,0.00333013,0.003385748,0.003436686,0.00348774,0.003531273,0.003577845
0.003121049,0.003150738,0.003184561,0.003199481,0.003225495,0.003225654,0.003253108,0.003247085,0.003243055,0.003254718,0.003242911,0.003244083,0.003229132,0.003219626,0.003199411,0.0031812,0.00315378,0.003128358,0.003095702,0.003065723,0.003030049,0.002997364,0.002959508,0.00292386,0.002882497,0.002842353,0.002795907,0.002750275,0.002699156,0.002649327,0.002595495,0.002543722,0.002488784,0.00243661,0.002381514,0.002329177,0.002274483,0.002222682,0.002169431,0.002119793,0.002069763,0.002024231,0.00197922,0.00193914,0.001899827,0.001865623,0.001832024,0.001803173,0.001775194,0.001751376,0.001728608,0.001709843,0.00169191,0.001678103,0.001664924,0.001655525,0.001646627,0.001640778,0.001635202,0.001632168,0.001629179,0.001628754,0.001628429,0.001630648,0.001633113,0.001638066,0.001643532,0.001651528,0.001660312,0.001671639,0.001683709,0.001698075,0.00171321,0.001730671,0.001749129,0.001769864,0.001791612,0.001815177,0.001839346,0.00186481,0.001890755,0.001917992,0.001946015,0.001975416,0.002006093,0.002038039,0.002071287,0.002105579,0.002141323,0.002178293,0.002217607,0.002258757,0.002303875,0.002351319,0.002403616,0.002457367,0.002515628,0.00257254,0.002632598,0.002686787,0.002744271,0.002795788,0.00284904,0.002898829,0.002948949,0.002993119,0.00303966,0.003078644
0.002657348,0.002695834,0.002718977,0.002750214,0.002759297,0.002785778,0.002777509,0.002794121,0.002805141,0.002794381,0.002803014,0.002793252,0.002793206,0.002780829,0.002771058,0.002751625,0.002733788,0.002708188,0.002684618,0.002655079,0.002628175,0.002596469,0.002567117,0.00253294,0.00250011,0.002461758,0.00242395,0.002380596,0.002337748,0.002290788,0.002244884,0.002196018,0.002148966,0.00209944,0.002051985,0.00200235,0.00195471,0.001905687,0.00185902,0.001811917,0.001767988,0.001724686,0.001685139,0.001646804,0.001612546,0.001579449,0.00155034,0.001522481,0.001497998,0.001475136,0.001455234,0.001436899,0.001421627,0.001407683,0.001396741,0.00138705,0.001379705,0.00137353,0.001369063,0.001365493,0.001363416,0.001362162,0.00136243,0.00136361,0.001366179,0.001369882,0.001374941,0.001381378,0.001389246,0.001398631,0.001409278,0.001421343,0.001434555,0.001449354,0.001465348,0.001483078,0.001501795,0.001522042,0.001542711,0.001564541,0.001586575,0.001609872,0.001633435,0.001658678,0.001684228,0.0017117,0.00173922,0.001768563,0.001797897,0.001829485,0.001861427,0.001896986,0.001933672,0.001975467,0.002018467,0.002066951,0.002114889,0.002167483,0.002216343,0.002269868,0.002316265,0.002365595,0.002409647,0.002455445,0.00249735,0.002542193,0.002580752,0.002624001
0.002243202,0.002269774,0.002302376,0.002317418,0.002344987,0.002347121,0.002375072,0.002374752,0.002372454,0.002389872,0.002382743,0.00239006,0.002381587,0.002379354,0.002366831,0.002356909,0.002337957,0.002321353,0.002297571,0.002276658,0.002250139,0.00222676,0.00219846,0.002172566,0.00214126,0.00211144,0.002075647,0.002040777,0.002000675,0.001961778,0.00191902,0.001878104,0.001834013,0.001792425,0.001747894,0.001705759,0.001661264,0.001619195,0.001575595,0.001535044,0.001493853,0.0014565,0.001419336,0.001386358,0.001353844,0.001325662,0.001297851,0.001274047,0.001250874,0.001231158,0.001212274,0.001196708,0.001181794,0.001170316,0.001159329,0.001151485,0.001144052,0.001139103,0.001134434,0.001131797,0.001129233,0.001128679,0.001128206,0.001129685,0.001131343,0.001134842,0.001138766,0.001144516,0.001150918,0.001159131,0.001167968,0.001178397,0.00118948,0.001202157,0.001215706,0.001230781,0.001246769,0.001263866,0.001281542,0.001299851,0.001318626,0.001337984,0.00135809,0.00137881,0.001400713,0.001423065,0.001446598,0.001470287,0.001495237,0.001520405,0.001547688,0.001575742,0.001607574,0.00164078,0.001678911,0.001717827,0.001761687,0.001803886,0.001850041,0.001890389,0.001934897,0.00197406,0.002015913,0.002054676,0.00209506,0.002131067,0.002171381,0.002204762
0.001861629,0.001895692,0.001915788,0.001945476,0.00195484,0.001980848,0.001974858,0.001990816,0.002006259,0.00199779,0.002010598,0.002005253,0.002010525,0.002004091,0.002001072,0.001988792,0.001978634,0.001960935,0.001945545,0.00192431,0.001905915,0.001882885,0.001862524,0.001837644,0.001814452,0.001786193,0.001758766,0.001726164,0.001694181,0.001658261,0.001623382,0.001585568,0.001549405,0.001510788,0.001474013,0.001435042,0.001397805,0.001359054,0.001322291,0.001284843,0.001250005,0.001215433,0.001183957,0.001153242,0.00112596,0.001099391,0.00107617,0.001053847,0.001034236,0.001015908,0.0009999489,0.0009851879,0.0009729526,0.0009616883,0.0009528886,0.0009450895,0.0009391297,0.0009341625,0.0009305234,0.0009276345,0.0009259003,0.0009248135,0.0009248535,0.0009256272,0.000927342,0.000929969,0.00093349,0.0009381112,0.0009436574,0.0009504242,0.000957961,0.0009666588,0.0009760095,0.0009866715,0.000998011,0.001010807,0.001024089,0.00103868,0.001053266,0.001068857,0.001084222,0.001100675,0.001116909,0.001134616,0.001152081,0.001171227,0.001189847,0.001210023,0.001229512,0.0012509,0.001271823,0.001295926,0.001320249,0.001349291,0.001378777,0.001413638,0.001447517,0.001486326,0.001521359,0.001561589,0.00159517,0.001632176,0.001664628,0.001699374,0.001730679,0.001766688,0.001797438,0.001834031
0.001531658,0.001552657,0.001581007,0.001593458,0.001619311,0.001621151,0.001646901,0.001649316,0.001646748,0.001666585,0.001661838,0.001672379,0.001668017,0.001670494,0.00166351,0.001659685,0.001647393,0.001637763,0.001621308,0.001607848,0.001589091,0.001573571,0.001553593,0.001536243,0.001514034,0.001493643,0.00146787,0.001443197,0.001413753,0.001385464,0.001353605,0.001323418,0.001290202,0.001259271,0.001225537,0.001193898,0.001160026,0.001128149,0.001094726,0.001063801,0.001032012,0.001003368,0.0009745902,0.0009492112,0.0009239906,0.0009022846,0.000880688,0.0008623409,0.0008443538,0.0008291041,0.0008144381,0.0008023832,0.0007907653,0.0007818746,0.0007732916,0.0007672145,0.000761424,0.0007575603,0.0007539543,0.0007518858,0.0007498976,0.0007494068,0.0007489714,0.0007499631,0.0007510798,0.0007534741,0.0007562232,0.0007601905,0.0007646956,0.0007703915,0.0007766169,0.00078385,0.0007916485,0.0008004282,0.0008099761,0.0008204278,0.0008317107,0.0008435437,0.0008559574,0.0008685093,0.0008815464,0.0008946346,0.0009084579,0.0009223135,0.0009372882,0.000952105,0.0009680396,0.0009834982,0.001000094,0.001016143,0.001034053,0.0010518,0.001072925,0.001094436,0.001120554,0.001146677,0.001177737,0.001206777,0.001240163,0.00126785,0.001300115,0.001327521,0.001358062,0.001385743,0.001415734,0.001442225,0.001474185,0.001499841
0.001234045,0.001261682,0.001276845,0.001302438,0.00130984,0.001333096,0.001327556,0.001340958,0.001357815,0.001349837,0.001364003,0.001360822,0.001368722,0.001365905,0.001367164,0.001359945,0.001355333,0.001343722,0.001334658,0.001320102,0.001308503,0.001292604,0.001279597,0.001262557,0.001247523,0.001228067,0.001209772,0.001186876,0.001164775,0.001139069,0.001114428,0.001087033,0.001061173,0.001033009,0.001006523,0.0009779512,0.0009509126,0.0009223301,0.0008954016,0.0008676148,0.0008418995,0.0008161138,0.0007927815,0.0007697757,0.0007495523,0.0007296096,0.0007123618,0.0006956615,0.0006810297,0.0006673214,0.0006554098,0.0006443173,0.0006352099,0.0006267129,0.0006201401,0.0006142984,0.000609818,0.0006061217,0.0006033988,0.0006012609,0.0005999671,0.0005991505,0.0005991174,0.0005996534,0.000600765,0.0006025885,0.0006049325,0.000608133,0.000611851,0.0006165336,0.0006216006,0.0006276105,0.0006338892,0.0006412387,0.0006488602,0.0006576925,0.0006666285,0.0006766923,0.0006864576,0.0006971209,0.0007072758,0.0007183988,0.0007289716,0.0007408551,0.0007521214,0.0007648877,0.0007767665,0.0007900287,0.0008021748,0.0008159554,0.0008286686,0.0008441028,0.0008589535,0.0008779308,0.0008965615,0.0009201248,0.0009422244,0.0009691802,0.0009923417,0.001020876,0.001043235,0.001069171,0.001091051,0.001115446,0.001136635,0.001163224,0.001185233,0.001213675
0.0009858439,0.001000394,0.001022992,0.001031445,0.001053481,0.001053747,0.001075798,0.001078867,0.001074841,0.001094508,0.001090371,0.001101659,0.001099263,0.00110402,0.001100391,0.001100391,0.001092794,0.001088127,0.001077247,0.00106942,0.001056755,0.001047322,0.001033959,0.001023364,0.00100857,0.0009958708,0.0009785388,0.0009625178,0.0009423431,0.0009233327,0.0009011647,0.0008805512,0.0008571835,0.0008359042,0.00081209,0.0007901211,0.0007661378,0.0007437948,0.0007199628,0.0006981397,0.0006753125,0.0006549662,0.0006342232,0.0006161294,0.0005979118,0.0005824352,0.000566815,0.0005537221,0.000540741,0.000529811,0.0005192265,0.00051059,0.0005021694,0.0004958118,0.0004895711,0.0004852315,0.0004810529,0.0004782784,0.0004757161,0.0004742447,0.0004728412,0.0004724896,0.0004721694,0.00047283,0.0004735825,0.0004751447,0.0004770075,0.0004795979,0.0004826329,0.0004863625,0.0004905501,0.0004952845,0.0005005164,0.0005062459,0.0005126537,0.0005194779,0.0005270629,0.0005347806,0.0005430959,0.0005512087,0.0005598495,0.0005681809,0.0005772523,0.0005859529,0.0005957305,0.0006049466,0.0006152588,0.0006247099,0.0006352504,0.0006447607,0.000655925,0.0006662302,0.0006794533,0.0006921995,0.0007090196,0.0007250973,0.0007457999,0.0007641627,0.0007869427,0.0008042444,0.0008262221,0.0008437791,0.0008645505,0.0008826221,0.0009032796,0.0009207326,0.0009440438,0.0009615996
0.0007666479,0.0007873914,0.0007971505,0.0008175071,0.0008218323,0.0008411707,0.0008352344,0.0008452261,0.0008614336,0.00085295,0.0008664473,0.0008637786,0.0008721533,0.0008709839,0.0008743195,0.0008702011,0.0008690958,0.0008617649,0.0008571752,0.0008476198,0.0008410371,0.0008305744,0.0008230582,0.0008120387,0.0008032326,0.0007906915,0.0007796166,0.0007646279,0.0007506394,0.0007335131,0.0007174984,0.0006990272,0.0006820121,0.0006629133,0.0006453758,0.0006259462,0.00060789,0.0005883657,0.0005702139,0.0005511202,0.0005336483,0.0005158327,0.000499904,0.0004839385,0.0004701419,0.0004562679,0.0004444758,0.0004329096,0.0004228522,0.0004133732,0.0004051842,0.0003974741,0.0003912455,0.0003853102,0.0003808035,0.0003767618,0.0003736703,0.000371144,0.0003692788,0.000367838,0.0003669696,0.000366429,0.0003663924,0.0003667775,0.0003674642,0.0003686907,0.0003701548,0.000372275,0.0003746049,0.0003776878,0.0003808728,0.0003848184,0.0003887575,0.0003935632,0.0003983441,0.0004041237,0.0004097351,0.0004163218,0.0004224303,0.0004293622,0.0004356324,0.0004427887,0.0004492045,0.0004568009,0.00046356,0.0004716791,0.0004787257,0.0004870533,0.0004940632,0.0005025373,0.0005095965,0.0005189744,0.0005271802,0.0005388721,0.0005495417,0.0005645254,0.0005776189,0.0005952488,0.0006091396,0.0006283106,0.0006418304,0.0006588588,0.000672225,0.0006880975,0.0007009413,0.0007190909,0.0007330283,0.0007534458
0.0005914772,0.0006000067,0.0006166885,0.0006209621,0.0006383116,0.0006366252,0.0006545002,0.0006570925,0.0006513249,0.0006691977,0.0006647027,0.000675077,0.0006731612,0.0006783686,0.0006763515,0.0006782681,0.0006736371,0.0006721209,0.0006651813,0.0006612781,0.0006530883,0.0006480048,0.0006395011,0.0006337557,0.0006244695,0.0006174154,0.0006065291,0.0005971378,0.0005842906,0.0005726559,0.0005583452,0.0005455003,0.0005302627,0.0005169085,0.0005013592,0.0004874393,0.0004717718,0.0004574721,0.0004418082,0.0004277418,0.0004126403,0.0003994329,0.0003856576,0.0003738754,0.0003617416,0.0003516742,0.0003412584,0.0003327216,0.0003241089,0.0003169409,0.0003099185,0.0003042742,0.0002986502,0.0002945166,0.0002903357,0.0002875151,0.0002847528,0.0002829364,0.0002812758,0.0002803319,0.0002794326,0.0002792221,0.0002790263,0.0002794491,0.0002799519,0.000280901,0.0002821099,0.0002836774,0.0002856167,0.0002878775,0.0002905419,0.0002934111,0.0002967267,0.0003001838,0.0003042404,0.000308357,0.000313167,0.0003178203,0.0003230828,0.0003279342,0.0003333569,0.0003382568,0.0003439045,0.0003489352,0.0003550026,0.0003602756,0.0003666314,0.0003719416,0.0003783346,0.0003834652,0.0003901052,0.0003954643,0.000403311,0.0004100522,0.0004202618,0.0004291335,0.0004421315,0.0004525723,0.000467254,0.0004768026,0.0004908968,0.0005010194,0.0005142178,0.0005248802,0.0005381482,0.0005482271,0.0005639496,0.0005743752
0.0004399509,0.0004544572,0.0004594194,0.0004745451,0.0004757388,0.0004909091,0.000484465,0.0004910839,0.0005055013,0.0004963441,0.0005080533,0.0005050511,0.0005125573,0.0005117471,0.0005155752,0.0005130667,0.0005138252,0.0005092568,0.0005075389,0.000501493,0.0004983305,0.0004917465,0.0004879871,0.0004812246,0.0004767269,0.0004691301,0.0004632083,0.0004540833,0.0004461378,0.0004355885,0.0004261926,0.000414696,0.0004045894,0.0003926489,0.0003821611,0.0003700211,0.0003591122,0.0003468893,0.000335814,0.0003237951,0.0003130529,0.0003017844,0.0002919389,0.0002817967,0.0002732865,0.0002644444,0.0002571549,0.0002498291,0.0002435625,0.0002375833,0.0002324791,0.0002275841,0.0002237398,0.0002199441,0.0002171603,0.0002146069,0.0002126773,0.0002111134,0.0002099544,0.0002090806,0.000208559,0.0002082447,0.0002082231,0.0002084982,0.0002088876,0.0002096779,0.000210509,0.0002118393,0.0002131678,0.0002150784,0.0002169033,0.0002193382,0.0002215903,0.0002245402,0.0002272706,0.0002308184,0.000234026,0.0002380732,0.0002415544,0.0002457947,0.0002493209,0.0002536663,0.0002571983,0.0002617941,0.0002654599,0.0002703586,0.0002741354,0.0002791144,0.0002827493,0.0002877332,0.0002911863,0.0002966298,0.0003005711,0.0003074008,0.0003127455,0.0003217294,0.0003285362,0.0003393961,0.0003466717,0.0003589126,0.0003661018,0.0003765826,0.0003837904,0.0003933592,0.0004001023,0.0004116251,0.0004191595,0.0004327699
0.0003251746,0.0003289326,0.0003404427,0.0003412311,0.000354027,0.0003506852,0.0003645769,0.0003663111,0.0003592264,0.0003745383,0.0003694828,0.0003781356,0.000375988,0.0003805788,0.0003790859,0.0003815911,0.0003786497,0.0003788658,0.000374528,0.0003731155,0.0003680211,0.0003657938,0.0003606213,0.0003580371,0.0003525161,0.0003491965,0.0003428027,0.0003380016,0.0003304415,0.0003241286,0.0003156382,0.0003085187,0.000299403,0.0002919472,0.0002826563,0.0002747899,0.0002654587,0.00025728,0.0002479123,0.0002398078,0.0002307294,0.0002230632,0.0002147541,0.0002079017,0.0002005512,0.0001947145,0.0001884008,0.0001834226,0.0001782516,0.0001740345,0.0001698178,0.0001665258,0.0001631113,0.0001607269,0.000158181,0.0001565481,0.0001549022,0.0001538349,0.0001528699,0.0001523309,0.0001518142,0.0001517092,0.000151612,0.0001518584,0.0001521862,0.0001527012,0.0001534448,0.0001542926,0.0001554559,0.0001566831,0.0001582689,0.0001598275,0.0001617904,0.0001636586,0.0001660543,0.0001682761,0.0001711213,0.0001736317,0.0001767431,0.0001793392,0.0001825292,0.0001850998,0.0001884106,0.0001909879,0.0001945447,0.0001972099,0.000200922,0.0002035498,0.0002072492,0.000209645,0.0002134381,0.0002157797,0.0002202365,0.0002232328,0.0002291089,0.0002332763,0.0002409845,0.0002460629,0.0002550195,0.0002593051,0.0002678258,0.0002728591,0.0002807086,0.0002862411,0.0002942323,0.0002990498,0.0003089256,0.0003139366
0.000227884,0.0002374195,0.0002388102,0.0002494397,0.0002481899,0.0002595521,0.0002529305,0.0002567791,0.0002689488,0.0002595518,0.000269091,0.000265615,0.0002716761,0.000270645,0.0002740734,0.000272264,0.0002737564,0.0002708479,0.0002707581,0.0002670282,0.0002659878,0.0002620057,0.0002605846,0.0002566169,0.0002548067,0.000250456,0.0002478404,0.0002426841,0.0002388035,0.0002328502,0.0002280508,0.0002215206,0.0002162904,0.0002094888,0.0002040086,0.000197132,0.0001913433,0.0001844352,0.0001784917,0.00017167,0.000165862,0.0001594455,0.0001540905,0.0001482904,0.0001436853,0.0001386039,0.0001346503,0.0001304803,0.0001270313,0.0001236582,0.0001208467,0.0001180571,0.0001159808,0.0001137912,0.0001122904,0.0001108421,0.0001097778,0.0001089207,0.0001082782,0.0001078116,0.0001075358,0.0001073781,0.0001073673,0.0001075546,0.0001077415,0.0001082236,0.0001086266,0.0001094086,0.0001100636,0.0001111652,0.0001120745,0.0001134693,0.0001145903,0.0001162702,0.0001176269,0.0001196458,0.0001212404,0.000123547,0.0001252725,0.0001276849,0.0001294048,0.0001318716,0.0001335413,0.0001361554,0.0001378467,0.0001406354,0.0001423509,0.0001451754,0.0001467472,0.0001495598,0.0001509005,0.0001539538,0.0001554148,0.0001592395,0.0001613663,0.0001664757,0.0001693137,0.0001756284,0.0001786302,0.0001860993,0.0001891837,0.000195235,0.0001984389,0.0002037763,0.0002065615,0.0002134281,0.0002165561,0.0002250498
0.000159392,0.0001599531,0.000167467,0.0001659249,0.0001748939,0.0001705834,0.0001810315,0.0001819802,0.0001743929,0.00018695,0.000181649,0.0001884087,0.000185939,0.0001895071,0.0001880677,0.0001904162,0.000188377,0.0001893504,0.0001866355,0.0001866158,0.0001835407,0.0001829972,0.0001799669,0.000179225,0.0001760887,0.0001749698,0.0001714435,0.0001694827,0.000165397,0.0001625294,0.0001579559,0.0001546242,0.0001496869,0.0001461668,0.0001411594,0.0001373671,0.0001323867,0.0001283705,0.0001233679,0.0001193555,0.0001144917,0.0001106645,0.0001062032,0.0001027828,9.880873e-05,9.591776e-05,9.250539e-05,9.000515e-05,8.726026e-05,8.510668e-05,8.286836e-05,8.121872e-05,7.936866e-05,7.820289e-05,7.681917e-05,7.600889e-05,7.514688e-05,7.459783e-05,7.411045e-05,7.384211e-05,7.358239e-05,7.353989e-05,7.35053e-05,7.362432e-05,7.382971e-05,7.405767e-05,7.448808e-05,7.486753e-05,7.551692e-05,7.607452e-05,7.694778e-05,7.76592e-05,7.873274e-05,7.958052e-05,8.088627e-05,8.1892e-05,8.344439e-05,8.457919e-05,8.627834e-05,8.743928e-05,8.91811e-05,9.029584e-05,9.211194e-05,9.318126e-05,9.514359e-05,9.622202e-05,9.827087e-05,9.929717e-05,0.000101343,0.0001021733,0.0001042797,0.0001049598,0.0001074253,0.0001083307,0.0001115791,0.0001129964,0.0001173486,0.0001191705,0.0001243748,0.0001254791,0.0001303543,0.0001322645,0.0001366505,0.0001390048,0.0001435659,0.0001451192,0.0001509637,0.0001524423
0.0001024273,0.0001084025,0.0001076239,0.0001147969,0.0001121308,0.0001203389,0.0001140696,0.0001159713,0.0001258237,0.0001169085,0.0001243368,0.0001206856,0.0001252505,0.0001239423,0.0001266324,0.0001251152,0.0001266852,0.0001247424,0.0001254091,0.0001231276,0.0001232321,0.0001208926,0.0001207513,0.0001184964,0.0001181581,0.0001157731,0.0001150232,0.0001123128,0.0001108556,0.0001078065,0.0001058415,0.0001025009,0.0001003223,9.684244e-05,9.451354e-05,9.10447e-05,8.850535e-05,8.505432e-05,8.240401e-05,7.898934e-05,7.637688e-05,7.316404e-05,7.07367e-05,6.781825e-05,6.575801e-05,6.317937e-05,6.140456e-05,5.93241e-05,5.772319e-05,5.607201e-05,5.47651e-05,5.337227e-05,5.244911e-05,5.133051e-05,5.066782e-05,4.994782e-05,4.944949e-05,4.904997e-05,4.874045e-05,4.85295e-05,4.8405e-05,4.833975e-05,4.833118e-05,4.844951e-05,4.85092e-05,4.878524e-05,4.892618e-05,4.935345e-05,4.95991e-05,5.01841e-05,5.053685e-05,5.127054e-05,5.170663e-05,5.258494e-05,5.311216e-05,5.416656e-05,5.478595e-05,5.599259e-05,5.665913e-05,5.792296e-05,5.856798e-05,5.986846e-05,6.045222e-05,6.184664e-05,6.240161e-05,6.389822e-05,6.444068e-05,6.596286e-05,6.639678e-05,6.793382e-05,6.817221e-05,6.985972e-05,7.005334e-05,7.214871e-05,7.256745e-05,7.536275e-05,7.599869e-05,7.949595e-05,8.007538e-05,8.448093e-05,8.522128e-05,8.85163e-05,8.942947e-05,9.218485e-05,9.274706e-05,9.66509e-05,9.719619e-05,0.0001022307
6.654095e-05,6.540569e-05,7.012726e-05,6.748458e-05,7.354528e-05,6.90772e-05,7.670899e-05,7.71304e-05,6.994331e-05,7.982508e-05,7.48161e-05,7.985154e-05,7.732143e-05,7.987775e-05,7.844437e-05,8.033085e-05,7.880545e-05,7.994733e-05,7.821534e-05,7.88181e-05,7.698987e-05,7.727939e-05,7.554476e-05,7.571036e-05,7.39794e-05,7.396504e-05,7.211478e-05,7.167129e-05,6.964667e-05,6.872162e-05,6.650947e-05,6.536213e-05,6.297229e-05,6.173921e-05,5.934386e-05,5.794081e-05,5.561079e-05,5.406194e-05,5.173533e-05,5.016944e-05,4.790729e-05,4.639412e-05,4.432016e-05,4.29747e-05,4.110307e-05,3.998996e-05,3.83864e-05,3.738588e-05,3.61423e-05,3.524521e-05,3.423163e-05,3.357572e-05,3.270169e-05,3.226764e-05,3.161113e-05,3.129362e-05,3.091287e-05,3.067499e-05,3.047396e-05,3.0361e-05,3.025208e-05,3.023789e-05,3.023554e-05,3.027201e-05,3.039549e-05,3.045487e-05,3.068998e-05,3.079981e-05,3.1137e-05,3.131118e-05,3.175427e-05,3.198142e-05,3.252137e-05,3.279041e-05,3.344411e-05,3.376127e-05,3.453877e-05,3.48945e-05,3.574734e-05,3.610146e-05,3.698179e-05,3.729266e-05,3.822722e-05,3.848076e-05,3.950529e-05,3.973474e-05,4.081067e-05,4.099587e-05,4.208928e-05,4.213825e-05,4.329887e-05,4.319699e-05,4.45616e-05,4.447366e-05,4.624002e-05,4.62824e-05,4.866421e-05,4.879226e-05,5.171698e-05,5.12158e-05,5.388895e-05,5.415141e-05,5.648205e-05,5.712222e-05,5.964164e-05,5.950875e-05,6.283227e-05,6.242398e-05
3.709277e-05,4.073087e-05,3.903286e-05,4.374353e-05,4.068865e-05,4.64294e-05,4.104838e-05,4.178873e-05,4.940021e-05,4.170928e-05,4.725049e-05,4.388191e-05,4.714658e-05,4.577472e-05,4.771424e-05,4.641118e-05,4.774526e-05,4.639564e-05,4.726689e-05,4.586183e-05,4.643285e-05,4.507476e-05,4.548508e-05,4.421772e-05,4.452591e-05,4.324494e-05,4.336047e-05,4.201504e-05,4.177505e-05,4.035943e-05,3.98773e-05,3.834978e-05,3.778976e-05,3.620576e-05,3.556104e-05,3.40289e-05,3.324709e-05,3.176054e-05,3.091088e-05,2.944315e-05,2.859187e-05,2.721812e-05,2.641502e-05,2.515819e-05,2.450471e-05,2.33751e-05,2.28072e-05,2.192696e-05,2.13599e-05,2.069058e-05,2.022613e-05,1.963574e-05,1.934861e-05,1.885141e-05,1.865004e-05,1.834611e-05,1.816298e-05,1.801668e-05,1.789201e-05,1.781796e-05,1.777231e-05,1.775274e-05,1.774221e-05,1.781136e-05,1.780378e-05,1.795301e-05,1.795866e-05,1.817683e-05,1.82114e-05,1.849837e-05,1.856261e-05,1.891722e-05,1.899989e-05,1.942185e-05,1.952241e-05,2.002839e-05,2.014575e-05,2.072579e-05,2.084828e-05,2.14596e-05,2.155991e-05,2.220105e-05,2.224858e-05,2.295455e-05,2.295901e-05,2.372637e-05,2.370747e-05,2.449879e-05,2.440915e-05,2.523951e-05,2.50118e-05,2.595504e-05,2.56343e-05,2.67903e-05,2.64789e-05,2.798809e-05,2.763597e-05,2.952032e-05,2.90011e-05,3.15601e-05,3.121504e-05,3.293824e-05,3.277572e-05,3.410818e-05,3.367776e-05,3.58509e-05,3.52118e-05,3.811115e-05
2.181078e-05,2.01597e-05,2.305895e-05,2.034551e-05,2.431406e-05,2.041451e-05,2.576656e-05,2.592081e-05,1.991682e-05,2.726099e-05,2.307431e-05,2.664458e-05,2.441714e-05,2.614233e-05,2.486575e-05,2.623461e-05,2.508869e-05,2.608687e-05,2.496707e-05,2.570067e-05,2.461607e-05,2.517262e-05,2.418481e-05,2.465592e-05,2.370559e-05,2.409305e-05,2.314356e-05,2.333123e-05,2.23952e-05,2.235385e-05,2.138903e-05,2.126388e-05,2.022873e-05,2.007475e-05,1.90622e-05,1.880555e-05,1.786615e-05,1.752023e-05,1.659986e-05,1.623705e-05,1.534738e-05,1.498126e-05,1.41707e-05,1.385425e-05,1.310241e-05,1.286538e-05,1.2225e-05,1.197146e-05,1.1514e-05,1.12512e-05,1.087942e-05,1.071646e-05,1.036347e-05,1.028503e-05,1.001782e-05,9.941534e-06,9.809632e-06,9.727777e-06,9.669857e-06,9.631069e-06,9.596878e-06,9.591653e-06,9.601153e-06,9.594934e-06,9.667357e-06,9.648184e-06,9.772262e-06,9.757353e-06,9.923909e-06,9.920351e-06,1.013121e-05,1.013402e-05,1.038798e-05,1.03906e-05,1.069635e-05,1.069774e-05,1.106096e-05,1.105975e-05,1.145957e-05,1.144733e-05,1.18669e-05,1.182214e-05,1.228345e-05,1.218853e-05,1.270718e-05,1.258077e-05,1.313163e-05,1.29738e-05,1.355307e-05,1.331025e-05,1.396013e-05,1.36011e-05,1.437585e-05,1.395519e-05,1.492746e-05,1.446719e-05,1.57648e-05,1.524184e-05,1.686858e-05,1.583729e-05,1.727636e-05,1.688298e-05,1.809296e-05,1.799583e-05,1.938213e-05,1.864111e-05,2.050445e-05,1.942284e-05
9.128542e-06,1.129664e-05,9.594892e-06,1.258428e-05,9.947332e-06,1.376238e-05,9.688327e-06,9.869537e-06,1.531402e-05,9.447334e-06,1.331013e-05,1.06419e-05,1.2837e-05,1.167034e-05,1.296655e-05,1.19476e-05,1.292859e-05,1.200738e-05,1.276862e-05,1.190628e-05,1.251831e-05,1.173366e-05,1.224224e-05,1.152851e-05,1.198078e-05,1.12907e-05,1.165692e-05,1.100369e-05,1.120408e-05,1.059124e-05,1.069056e-05,1.005273e-05,1.013836e-05,9.484467e-06,9.524e-06,8.927028e-06,8.880716e-06,8.33234e-06,8.248492e-06,7.712893e-06,7.617076e-06,7.123719e-06,7.022932e-06,6.565594e-06,6.512773e-06,6.087013e-06,6.035647e-06,5.727798e-06,5.617662e-06,5.407217e-06,5.315699e-06,5.10796e-06,5.090139e-06,4.897087e-06,4.889439e-06,4.782923e-06,4.73957e-06,4.705872e-06,4.66514e-06,4.649746e-06,4.637138e-06,4.635168e-06,4.623836e-06,4.662313e-06,4.631458e-06,4.709696e-06,4.667609e-06,4.774916e-06,4.731495e-06,4.865733e-06,4.820921e-06,4.983264e-06,4.932244e-06,5.124557e-06,5.064206e-06,5.294397e-06,5.22255e-06,5.486924e-06,5.40533e-06,5.687042e-06,5.588452e-06,5.893736e-06,5.756881e-06,6.107254e-06,5.931656e-06,6.319257e-06,6.122401e-06,6.530622e-06,6.291497e-06,6.743829e-06,6.416995e-06,6.955647e-06,6.543625e-06,7.195358e-06,6.721467e-06,7.544078e-06,6.947338e-06,7.959951e-06,7.18399e-06,8.661356e-06,8.031614e-06,8.922677e-06,8.447361e-06,9.073435e-06,8.412771e-06,9.622185e-06,8.717202e-06,1.036697e-05
4.839816e-06,3.441668e-06,5.145471e-06,3.058484e-06,5.492895e-06,2.679189e-06,6.11021e-06,6.167866e-06,1.908198e-06,6.801006e-06,3.832737e-06,6.139807e-06,4.517468e-06,5.590192e-06,4.647967e-06,5.534e-06,4.753682e-06,5.463207e-06,4.770551e-06,5.357579e-06,4.730996e-06,5.222426e-06,4.669685e-06,5.103974e-06,4.586827e-06,4.981334e-06,4.496165e-06,4.801616e-06,4.380248e-06,4.583716e-06,4.186473e-06,4.366825e-06,3.947567e-06,4.122096e-06,3.728067e-06,3.84318e-06,3.507489e-06,3.571257e-06,3.255698e-06,3.308035e-06,3.007845e-06,3.043565e-06,2.774896e-06,2.816297e-06,2.552954e-06,2.612785e-06,2.391393e-06,2.402634e-06,2.271539e-06,2.244878e-06,2.139281e-06,2.149635e-06,2.024854e-06,2.061877e-06,1.966036e-06,1.972817e-06,1.941239e-06,1.92018e-06,1.915502e-06,1.904347e-06,1.898655e-06,1.895325e-06,1.905874e-06,1.88744e-06,1.928763e-06,1.891179e-06,1.95587e-06,1.909375e-06,1.99045e-06,1.93843e-06,2.0369e-06,1.977011e-06,2.093806e-06,2.023007e-06,2.162652e-06,2.077669e-06,2.243082e-06,2.144955e-06,2.327711e-06,2.218841e-06,2.415296e-06,2.28541e-06,2.511149e-06,2.345792e-06,2.606754e-06,2.415998e-06,2.696856e-06,2.486424e-06,2.793016e-06,2.533822e-06,2.89791e-06,2.56301e-06,3.003538e-06,2.604107e-06,3.140948e-06,2.665118e-06,3.368936e-06,2.802512e-06,3.695392e-06,2.774062e-06,3.539945e-06,3.07091e-06,3.695165e-06,3.428435e-06,4.187236e-06,3.468573e-06,4.496079e-06,3.494041e-06
7.556209e-07,1.940703e-06,7.737594e-07,2.467668e-06,7.45575e-07,2.958577e-06,4.440545e-07,4.402528e-07,3.734687e-06,8.35025e-08,2.386069e-06,6.979698e-07,1.979095e-06,1.216988e-06,1.968542e-06,1.322839e-06,1.918133e-06,1.370325e-06,1.865842e-06,1.383166e-06,1.808523e-06,1.386032e-06,1.751826e-06,1.372956e-06,1.708466e-06,1.352562e-06,1.650114e-06,1.340172e-06,1.563502e-06,1.304979e-06,1.489033e-06,1.231945e-06,1.420304e-06,1.160734e-06,1.325535e-06,1.106121e-06,1.222799e-06,1.037665e-06,1.135247e-06,9.582961e-07,1.046142e-06,8.881046e-07,9.620431e-07,8.123578e-07,8.982177e-07,7.509532e-07,8.206605e-07,7.270585e-07,7.443836e-07,6.942398e-07,7.073106e-07,6.432776e-07,6.85677e-07,6.156517e-07,6.492948e-07,6.168867e-07,6.150578e-07,6.149122e-07,6.032563e-07,6.04766e-07,6.0184e-07,6.042937e-07,5.953816e-07,6.15545e-07,5.889652e-07,6.282829e-07,5.891294e-07,6.404427e-07,5.945213e-07,6.557395e-07,6.026049e-07,6.752713e-07,6.129385e-07,6.987084e-07,6.247244e-07,7.274101e-07,6.396817e-07,7.574865e-07,6.602352e-07,7.874527e-07,6.795856e-07,8.219549e-07,6.912939e-07,8.606679e-07,7.047021e-07,8.952068e-07,7.248938e-07,9.291809e-07,7.362785e-07,9.725836e-07,7.311374e-07,1.022181e-06,7.2531e-07,1.074654e-06,7.217507e-07,1.151201e-06,6.971734e-07,1.218143e-06,6.377966e-07,1.432902e-06,9.475305e-07,1.391902e-06,1.006957e-06,1.29661e-06,8.024689e-07,1.440131e-06,7.69543e-07,1.64775e-06
6.231933e-07,-1.334872e-07,6.750794e-07,-4.224938e-07,7.529819e-07,-6.940462e-07,9.900189e-07,1.017985e-06,-1.168852e-06,1.280666e-06,-2.399501e-07,8.997152e-07,6.060306e-08,5.811631e-07,9.065569e-08,5.272454e-07,1.322515e-07,4.945287e-07,1.573066e-07,4.689004e-07,1.733303e-07,4.415e-07,1.846538e-07,4.24062e-07,1.866262e-07,4.088418e-07,1.933434e-07,3.79145e-07,2.064718e-07,3.515862e-07,1.995826e-07,3.39558e-07,1.814043e-07,3.210727e-07,1.777319e-07,2.894241e-07,1.770334e-07,2.646782e-07,1.640295e-07,2.46184e-07,1.523872e-07,2.233911e-07,1.41314e-07,2.102714e-07,1.244341e-07,1.958201e-07,1.247788e-07,1.647821e-07,1.32717e-07,1.475195e-07,1.221796e-07,1.498654e-07,1.090105e-07,1.440334e-07,1.123815e-07,1.263165e-07,1.216206e-07,1.170589e-07,1.215076e-07,1.180808e-07,1.188089e-07,1.164487e-07,1.228288e-07,1.103601e-07,1.300854e-07,1.060452e-07,1.35293e-07,1.044966e-07,1.398417e-07,1.039349e-07,1.455728e-07,1.035006e-07,1.521898e-07,1.026759e-07,1.608711e-07,1.016895e-07,1.703983e-07,1.022431e-07,1.782914e-07,1.042687e-07,1.874691e-07,1.028684e-07,2.010775e-07,9.879513e-08,2.141306e-07,9.831508e-08,2.230792e-07,9.787459e-08,2.372277e-07,8.904769e-08,2.593518e-07,7.414738e-08,2.820231e-07,6.016953e-08,3.096703e-07,4.020123e-08,3.635755e-07,3.92207e-08,4.508622e-07,-5.398713e-08,2.933917e-07,2.031659e-08,2.990722e-07,1.274322e-07,4.778703e-07,7.627929e-08,5.508473e-07,-3.841929e-09
-1.722873e-07,2.219974e-07,-1.904819e-07,3.790179e-07,-2.225316e-07,5.257819e-07,-3.379369e-07,-3.534198e-07,7.783024e-07,-4.83902e-07,3.026493e-07,-2.829549e-07,1.516663e-07,-1.151965e-07,1.392993e-07,-8.532803e-08,1.188606e-07,-6.837238e-08,1.045618e-07,-5.740884e-08,9.337597e-08,-4.665656e-08,8.383216e-08,-4.099405e-08,7.932058e-08,-3.703613e-08,7.182844e-08,-2.679963e-08,5.895576e-08,-1.943314e-08,5.510585e-08,-2.106268e-08,5.603617e-08,-2.045695e-08,4.90202e-08,-1.297343e-08,4.016322e-08,-9.709762e-09,3.732119e-08,-9.545059e-09,3.393419e-08,-7.136867e-09,3.059284e-08,-8.81116e-09,3.150466e-08,-8.740878e-09,2.440167e-08,1.204607e-09,1.469349e-08,4.808425e-09,1.541993e-08,-4.059901e-10,1.860369e-08,-8.084923e-10,1.40092e-08,5.892277e-09,7.583639e-09,9.46956e-09,6.729092e-09,7.995294e-09,7.460555e-09,8.6133e-09,5.344026e-09,1.216438e-08,2.113942e-09,1.472669e-08,-4.899489e-11,1.644902e-08,-1.158834e-09,1.783587e-08,-2.65213e-09,1.977749e-08,-4.572714e-09,2.239134e-08,-6.771906e-09,2.538411e-08,-8.83854e-09,2.76261e-08,-1.018452e-08,2.954005e-08,-1.199431e-08,3.308483e-08,-1.612649e-08,3.826601e-08,-1.981282e-08,4.139483e-08,-2.178934e-08,4.473513e-08,-2.612123e-08,5.167102e-08,-3.517219e-08,6.187854e-08,-4.435625e-08,7.182314e-08,-5.52601e-08,8.615746e-08,-7.818404e-08,9.248949e-08,-1.166801e-07,1.467746e-07,-2.888818e-08,1.149508e-07,-2.584477e-08,6.532127e-08,-1.125804e-07,9.788447e-08,-1.433528e-07,1.466837e-07
2.665913e-10,-1.08727e-10,-2.129991e-10,-4.957056e-10,-4.203372e-10,4.188934e-11,3.761983e-11,-4.565193e-11,5.530091e-10,-3.004434e-10,8.361523e-11,4.174604e-10,-6.526808e-11,-3.375124e-11,3.184285e-10,-3.651914e-10,-9.020125e-11,2.77852e-10,1.596212e-10,-1.761736e-10,-2.469387e-10,7.212377e-11,1.938556e-10,4.341847e-10,-1.955658e-10,9.594995e-10,-1.219105e-10,-5.475324e-11,-6.163712e-11,1.065906e-10,-4.666278e-10,-3.235792e-10,2.068278e-10,-7.73479e-11,-3.068721e-10,3.957142e-10,-2.93202e-10,4.015014e-10,1.530795e-10,-7.0141e-11,6.494403e-11,-2.15865e-10,-4.359355e-10,5.233532e-11,3.313707e-10,-3.450375e-11,5.879529e-10,-2.226826e-11,-2.704956e-10,4.149627e-11,5.85273e-10,-4.236751e-10,4.380343e-10,5.493381e-11,2.771073e-10,7.654795e-11,-3.115118e-10,6.083759e-12,1.336609e-10,-3.49821e-10,3.966434e-12,-2.351355e-11,-1.007523e-10,1.744226e-10,-4.822798e-10,5.328302e-10,5.356181e-11,-3.668854e-10,-3.043326e-10,3.088008e-10,7.749767e-11,2.673444e-10,2.521391e-10,-1.889922e-10,-4.757307e-10,-2.309247e-10,-5.850619e-11,-1.675241e-10,2.363703e-10,2.966341e-11,-7.56763e-10,-5.333462e-10,-5.173159e-11,-4.303638e-10,-3.256924e-10,-3.369903e-10,-2.701937e-10,2.711358e-10,-3.726417e-10,2.08796e-10,1.097977e-10,9.065472e-11,-2.408207e-10,4.849899e-10,-7.915179e-11,2.198383e-10,-1.497697e-10,1.949674e-10,7.538831e-11,6.542082e-10,1.692175e-11,-6.317714e-11,3.232979e-10,-1.899927e-10,9.707418e-11,4.370309e-11,1.443029e-10,-3.455846e-11
