NaN,NaN,NaN,NaN,NaN,NaN,NaN,NaN,NaN,NaN,NaN,NaN,NaN,NaN,NaN,NaN,NaN,NaN,NaN,NaN,NaN,NaN,4.92574e-12,-2.51575e-13,-9.831105e-13,4.07638e-12,2.46798e-12,-4.155041e-13,-1.194113e-12,2.984913e-13,1.812955e-12,1.306271e-13,-2.427038e-12,7.695681e-13,1.216323e-12,4.457466e-13,-3.244146e-12,1.812733e-12,3.695844e-12,-7.537666e-12,1.717928e-12,-2.998667e-12,-4.603352e-12,-1.884415e-12,1.860448e-12,-3.057666e-12,-4.584825e-12,9.534156e-13,3.498379e-12,-2.520174e-12,2.999285e-12,-1.132612e-12,-4.255325e-12,-3.661458e-14,-2.121064e-12,-2.405075e-13,4.170309e-12,-2.865078e-12,-3.068541e-12,-2.142567e-12,-1.6606e-14,-1.82835e-12,-2.802532e-12,2.583508e-12,-1.042642e-12,-1.243342e-12,-1.793813e-12,-4.904434e-14,2.636071e-13,-7.925321e-13,1.41856e-12,-1.62977e-12,1.279356e-13,8.276469e-13,2.097401e-12,1.14861e-12,5.986741e-13,1.828827e-12,9.089748e-13,2.552728e-12,5.532864e-13,-7.083023e-13,6.35161e-13,-2.084996e-12,-3.829335e-12,1.51208e-12,1.144806e-12,NaN,NaN,NaN,NaN,NaN,NaN,NaN,NaN,NaN,NaN,NaN,NaN,NaN,NaN,NaN,NaN,NaN,NaN,NaN,NaN,NaN
NaN,NaN,NaN,NaN,NaN,NaN,NaN,NaN,NaN,NaN,NaN,NaN,NaN,NaN,NaN,NaN,NaN,NaN,NaN,NaN,NaN,NaN,-6.243044e-08,5.472002e-08,-4.260416e-08,2.524845e-08,-7.959053e-09,-7.549163e-09,1.687732e-08,-1.915978e-08,1.884619e-08,-1.68486e-08,2.075488e-08,-2.843085e-08,4.095115e-08,-4.958656e-08,5.691451e-08,-5.48105e-08,5.511247e-08,-5.246089e-08,5.916514e-08,-6.602517e-08,7.755147e-08,-8.289918e-08,8.695354e-08,-8.505504e-08,8.438541e-08,-8.252593e-08,8.642277e-08,-9.081024e-08,9.808959e-08,-1.021176e-07,1.025062e-07,-1.0232e-07,1.019062e-07,-1.046647e-07,1.071779e-07,-1.089148e-07,1.077645e-07,-1.047649e-07,1.058123e-07,-1.080375e-07,1.182585e-07,-1.243787e-07,1.30643e-07,-1.270155e-07,1.233172e-07,-1.173392e-07,1.202152e-07,-1.260089e-07,1.374902e-07,-1.443432e-07,1.488407e-07,-1.478952e-07,1.467669e-07,-1.465491e-07,1.492068e-07,-1.530271e-07,1.575579e-07,-1.61313e-07,1.634027e-07,-1.669947e-07,1.677389e-07,-1.717176e-07,1.714498e-07,-1.745935e-07,1.743419e-07,NaN,NaN,NaN,NaN,NaN,NaN,NaN,NaN,NaN,NaN,NaN,NaN,NaN,NaN,NaN,NaN,NaN,NaN,NaN,NaN,NaN
NaN,NaN,NaN,NaN,NaN,NaN,NaN,NaN,NaN,NaN,NaN,NaN,NaN,NaN,NaN,NaN,NaN,NaN,NaN,NaN,NaN,-1.903281e-07,9.651819e-08,-1.132147e-07,7.682515e-08,-4.5073e-08,1.480589e-08,1.823959e-08,-3.490768e-08,3.748395e-08,-4.027453e-08,3.351406e-08,-4.063941e-08,6.195589e-08,-7.16403e-08,1.108844e-07,-9.438745e-08,1.267393e-07,-8.680135e-08,1.238934e-07,-9.519294e-08,1.480609e-07,-1.333851e-07,1.773653e-07,-1.537082e-07,1.793223e-07,-1.50184e-07,1.730735e-07,-1.560294e-07,1.856808e-07,-1.839248e-07,1.995263e-07,-2.016756e-07,1.904513e-07,-2.073662e-07,1.916743e-07,-2.167809e-07,2.030722e-07,-2.125371e-07,2.019586e-07,-2.003134e-07,2.171849e-07,-2.159042e-07,2.553358e-07,-2.351365e-07,2.62516e-07,-2.205577e-07,2.422294e-07,-2.168462e-07,2.563987e-07,-2.523939e-07,2.901389e-07,-2.751644e-07,2.961488e-07,-2.713906e-07,2.926577e-07,-2.77173e-07,3.029315e-07,-2.964336e-07,3.144053e-07,-3.126294e-07,3.199486e-07,-3.253225e-07,3.252413e-07,-3.347285e-07,3.284853e-07,-3.423466e-07,3.237426e-07,NaN,NaN,NaN,NaN,NaN,NaN,NaN,NaN,NaN,NaN,NaN,NaN,NaN,NaN,NaN,NaN,NaN,NaN,NaN,NaN
NaN,NaN,NaN,NaN,NaN,NaN,NaN,NaN,NaN,NaN,NaN,NaN,NaN,NaN,NaN,NaN,NaN,NaN,NaN,NaN,NaN,9.293589e-08,-2.501552e-07,1.086316e-07,-1.226058e-07,6.565173e-08,-5.314023e-09,-2.608899e-08,5.626013e-08,-6.866863e-08,5.473959e-08,-5.997437e-08,7.330743e-08,-7.025373e-08,1.603014e-07,-9.833909e-08,2.338243e-07,-8.953663e-08,2.431437e-07,-7.667929e-08,2.533015e-07,-1.233652e-07,2.948177e-07,-1.818556e-07,3.110817e-07,-1.946584e-07,2.976658e-07,-1.926674e-07,2.963585e-07,-2.287204e-07,3.087047e-07,-2.901767e-07,2.854643e-07,-3.253699e-07,2.568658e-07,-3.433461e-07,2.738205e-07,-3.423808e-07,2.948632e-07,-3.037157e-07,3.206507e-07,-2.791137e-07,3.877406e-07,-3.004351e-07,4.396927e-07,-2.985681e-07,4.184249e-07,-2.754147e-07,4.001292e-07,-3.09896e-07,4.415689e-07,-3.685164e-07,4.698158e-07,-3.801599e-07,4.609635e-07,-3.779669e-07,4.627481e-07,-4.041901e-07,4.740872e-07,-4.439458e-07,4.70839e-07,-4.790197e-07,4.649934e-07,-5.050411e-07,4.648709e-07,-5.196095e-07,4.629015e-07,-5.317725e-07,NaN,NaN,NaN,NaN,NaN,NaN,NaN,NaN,NaN,NaN,NaN,NaN,NaN,NaN,NaN,NaN,NaN,NaN,NaN,NaN
NaN,NaN,NaN,NaN,NaN,NaN,NaN,NaN,NaN,NaN,NaN,NaN,NaN,NaN,NaN,NaN,NaN,NaN,NaN,NaN,-2.426735e-07,-6.741596e-07,-2.281474e-08,-2.928941e-07,1.047337e-07,-5.927539e-08,2.692856e-08,6.497947e-08,-8.646221e-08,7.484014e-08,-1.111529e-07,7.14515e-08,-8.21784e-08,1.81218e-07,-7.177275e-08,3.492769e-07,-4.479086e-08,4.320156e-07,6.526094e-09,4.414874e-07,-1.471962e-08,4.707772e-07,-1.135082e-07,4.993765e-07,-1.730116e-07,4.838004e-07,-1.789869e-07,4.593895e-07,-2.073852e-07,4.539942e-07,-3.098474e-07,4.101867e-07,-4.268511e-07,3.082732e-07,-4.992045e-07,2.812983e-07,-5.110804e-07,3.320622e-07,-4.551953e-07,3.913484e-07,-3.561182e-07,5.004622e-07,-3.114866e-07,6.34004e-07,-3.075226e-07,6.669878e-07,-2.75375e-07,6.133662e-07,-2.883944e-07,6.18273e-07,-3.773137e-07,6.69507e-07,-4.296007e-07,6.739933e-07,-4.245778e-07,6.595023e-07,-4.45562e-07,6.597754e-07,-5.112338e-07,6.421321e-07,-5.867556e-07,6.0492e-07,-6.503131e-07,5.814727e-07,-6.890695e-07,5.674103e-07,-7.226532e-07,5.179893e-07,-8.054655e-07,NaN,NaN,NaN,NaN,NaN,NaN,NaN,NaN,NaN,NaN,NaN,NaN,NaN,NaN,NaN,NaN,NaN,NaN,NaN
NaN,NaN,NaN,NaN,NaN,NaN,NaN,NaN,NaN,NaN,NaN,NaN,NaN,NaN,NaN,NaN,NaN,NaN,NaN,NaN,-1.330031e-06,-4.13013e-07,-7.009819e-07,-1.539566e-08,-2.099742e-07,8.592733e-08,5.15451e-08,-5.181471e-08,1.127557e-07,-1.587013e-07,8.192555e-08,-1.366164e-07,1.641419e-07,-6.026798e-08,4.212563e-07,2.569325e-08,6.523762e-07,1.351037e-07,7.264879e-07,1.807777e-07,7.36611e-07,7.503709e-08,7.582744e-07,-6.026023e-08,7.423082e-07,-1.082413e-07,6.96694e-07,-1.262184e-07,6.656585e-07,-2.336146e-07,6.00582e-07,-4.49539e-07,4.188845e-07,-6.462557e-07,2.647644e-07,-7.213885e-07,2.993118e-07,-6.676154e-07,4.112182e-07,-4.982926e-07,5.792759e-07,-3.218026e-07,8.13639e-07,-2.52688e-07,9.63912e-07,-2.119331e-07,9.301315e-07,-1.938066e-07,8.635344e-07,-2.875086e-07,8.970172e-07,-4.054741e-07,9.252694e-07,-4.306772e-07,9.003425e-07,-4.346284e-07,8.82654e-07,-5.075893e-07,8.501848e-07,-6.360119e-07,7.648386e-07,-7.685569e-07,6.824185e-07,-8.615373e-07,6.392498e-07,-9.120221e-07,5.94761e-07,-9.840957e-07,5.153703e-07,NaN,NaN,NaN,NaN,NaN,NaN,NaN,NaN,NaN,NaN,NaN,NaN,NaN,NaN,NaN,NaN,NaN,NaN,NaN
NaN,NaN,NaN,NaN,NaN,NaN,NaN,NaN,NaN,NaN,NaN,NaN,NaN,NaN,NaN,NaN,NaN,NaN,NaN,-2.338714e-06,-1.436523e-06,-1.723852e-06,-5.535038e-07,-6.110682e-07,3.771794e-08,-2.482035e-08,3.338951e-08,1.58958e-07,-1.696997e-07,1.068619e-07,-2.403035e-07,1.118811e-07,-1.270894e-07,4.009674e-07,5.893919e-08,8.193184e-07,2.701322e-07,1.064663e-06,4.329956e-07,1.115272e-06,3.916912e-07,1.115087e-06,1.910596e-07,1.08815e-06,5.708563e-08,1.019143e-06,1.744296e-08,9.543559e-07,-6.416478e-08,8.746429e-07,-3.274019e-07,6.412507e-07,-6.947693e-07,2.909155e-07,-9.478117e-07,1.800285e-07,-9.509212e-07,3.205757e-07,-7.570287e-07,5.531324e-07,-4.334268e-07,9.017656e-07,-1.877506e-07,1.237774e-06,-8.097622e-08,1.332581e-06,-2.445483e-08,1.222711e-06,-9.103535e-08,1.175645e-06,-2.657449e-07,1.214651e-06,-3.598598e-07,1.203963e-06,-3.58243e-07,1.164796e-06,-4.116572e-07,1.117753e-06,-5.735489e-07,9.962331e-07,-7.878471e-07,8.27153e-07,-9.729433e-07,7.115496e-07,-1.079083e-06,6.399203e-07,-1.175668e-06,4.679193e-07,-1.404553e-06,5.200727e-07,NaN,NaN,NaN,NaN,NaN,NaN,NaN,NaN,NaN,NaN,NaN,NaN,NaN,NaN,NaN,NaN,NaN,NaN
NaN,NaN,NaN,NaN,NaN,NaN,NaN,NaN,NaN,NaN,NaN,NaN,NaN,NaN,NaN,NaN,NaN,NaN,NaN,-2.501559e-06,-3.032667e-06,-1.604532e-06,-1.530895e-06,-4.054469e-07,-3.349885e-07,5.902484e-08,1.64482e-07,-9.968601e-08,1.83292e-07,-3.118255e-07,8.976458e-08,-2.693399e-07,2.922229e-07,-1.021498e-09,8.477331e-07,3.503447e-07,1.362217e-06,6.70277e-07,1.570219e-06,7.796535e-07,1.575407e-06,5.854602e-07,1.525719e-06,3.310871e-07,1.429337e-06,2.177595e-07,1.324663e-06,1.561462e-07,1.231661e-06,-7.502852e-08,9.939592e-07,-5.729036e-07,4.922856e-07,-1.088464e-06,8.895674e-08,-1.275928e-06,1.432508e-07,-1.115307e-06,4.279914e-07,-6.999549e-07,8.772266e-07,-2.18683e-07,1.418983e-06,6.172655e-08,1.743614e-06,1.886877e-07,1.703013e-06,1.834388e-07,1.550116e-06,-7.927441e-09,1.537476e-06,-2.072454e-07,1.545248e-06,-2.51617e-07,1.49266e-06,-2.692094e-07,1.432408e-06,-4.206912e-07,1.299089e-06,-7.062029e-07,1.042316e-06,-1.018436e-06,8.006215e-07,-1.23548e-06,6.603931e-07,-1.358914e-06,5.14451e-07,-1.55543e-06,2.656537e-07,-1.652656e-06,NaN,NaN,NaN,NaN,NaN,NaN,NaN,NaN,NaN,NaN,NaN,NaN,NaN,NaN,NaN,NaN,NaN,NaN
NaN,NaN,NaN,NaN,NaN,NaN,NaN,NaN,NaN,NaN,NaN,NaN,NaN,NaN,NaN,NaN,NaN,NaN,-4.114176e-07,-4.635967e-06,-3.652365e-06,-3.609311e-06,-1.735711e-06,-1.248575e-06,-2.421655e-07,-1.25516e-08,-1.672423e-08,2.660531e-07,-3.26555e-07,9.684711e-08,-4.775401e-07,1.10816e-07,-2.261514e-07,6.831928e-07,2.811948e-07,1.500461e-06,8.292013e-07,2.022328e-06,1.189047e-06,2.156679e-06,1.131954e-06,2.100193e-06,7.914038e-07,1.963826e-06,5.45747e-07,1.802123e-06,4.45974e-07,1.6722e-06,2.803573e-07,1.461791e-06,-2.315306e-07,9.020685e-07,-1.010208e-06,1.316303e-07,-1.576539e-06,-1.390885e-07,-1.577928e-06,1.256655e-07,-1.170997e-06,6.378269e-07,-4.833665e-07,1.379831e-06,1.186198e-07,2.044521e-06,4.280258e-07,2.256707e-06,5.343487e-07,2.080614e-06,3.883441e-07,1.945634e-06,9.947243e-08,1.945751e-06,-4.669769e-08,1.907062e-06,-5.095554e-08,1.829703e-06,-1.522267e-07,1.69852e-06,-4.584491e-07,1.398666e-06,-8.899044e-07,1.006495e-06,-1.270083e-06,7.249083e-07,-1.498888e-06,5.209066e-07,-1.739813e-06,9.772164e-08,-2.208363e-06,1.810282e-07,7.635473e-07,NaN,NaN,NaN,NaN,NaN,NaN,NaN,NaN,NaN,NaN,NaN,NaN,NaN,NaN,NaN,NaN,NaN
NaN,NaN,NaN,NaN,NaN,NaN,NaN,NaN,NaN,NaN,NaN,NaN,NaN,NaN,NaN,NaN,NaN,NaN,-2.599777e-06,-5.479607e-06,-6.295768e-06,-4.602785e-06,-3.864204e-06,-1.871472e-06,-1.04109e-06,-3.296946e-07,1.214377e-07,-3.314623e-07,1.089316e-07,-7.083862e-07,-1.145026e-07,-6.637035e-07,2.672974e-07,-6.018714e-08,1.321935e-06,7.947e-07,2.345892e-06,1.52639e-06,2.838452e-06,1.797269e-06,2.879849e-06,1.51194e-06,2.719047e-06,1.088361e-06,2.482033e-06,8.608779e-07,2.273876e-06,7.2085e-07,2.077169e-06,3.026021e-07,1.551792e-06,-6.469128e-07,5.043553e-07,-1.724685e-06,-3.679398e-07,-2.170635e-06,-3.685764e-07,-1.90795e-06,1.347781e-07,-1.136567e-06,1.0292e-06,-1.398204e-07,2.100902e-06,5.66408e-07,2.773908e-06,9.167973e-07,2.805618e-06,9.280583e-07,2.565019e-06,6.239045e-07,2.482263e-06,3.277261e-07,2.454894e-06,2.630803e-07,2.365508e-06,2.276409e-07,2.239208e-06,-3.507186e-08,1.943396e-06,-5.527555e-07,1.413317e-06,-1.144041e-06,8.992383e-07,-1.591715e-06,5.145639e-07,-1.975712e-06,-4.249351e-09,-2.545017e-06,-5.224023e-07,-2.520623e-06,3.295434e-06,NaN,NaN,NaN,NaN,NaN,NaN,NaN,NaN,NaN,NaN,NaN,NaN,NaN,NaN,NaN,NaN,NaN
NaN,NaN,NaN,NaN,NaN,NaN,NaN,NaN,NaN,NaN,NaN,NaN,NaN,NaN,NaN,NaN,NaN,NaN,-1.495468e-06,-9.568328e-06,-1.14194e-05,-1.254393e-05,-9.07934e-06,-6.29464e-06,-3.213813e-06,-1.58507e-06,-1.04221e-06,-4.085923e-07,-1.308092e-06,-8.49952e-07,-1.770273e-06,-9.506785e-07,-1.277648e-06,2.592447e-07,1.039243e-07,2.159203e-06,1.680732e-06,3.59047e-06,2.764318e-06,4.185111e-06,2.923695e-06,4.164838e-06,2.416185e-06,3.823006e-06,1.919842e-06,3.423597e-06,1.637437e-06,3.122352e-06,1.292677e-06,2.638618e-06,2.774017e-07,1.342605e-06,-1.483787e-06,-5.286178e-07,-3.028157e-06,-1.510207e-06,-3.411483e-06,-1.339439e-06,-2.837263e-06,-4.041161e-07,-1.432341e-06,1.254467e-06,1.577719e-07,2.912233e-06,1.283216e-06,3.761852e-06,1.835475e-06,3.769039e-06,1.750283e-06,3.601854e-06,1.357561e-06,3.564011e-06,1.159626e-06,3.500199e-06,1.15706e-06,3.373282e-06,9.804809e-07,3.091766e-06,4.27487e-07,2.463768e-06,-4.052029e-07,1.626765e-06,-1.232661e-06,8.398241e-07,-2.088243e-06,-3.133788e-07,-3.603334e-06,-2.171444e-06,-4.665114e-06,-1.095616e-06,1.70996e-06,NaN,NaN,NaN,NaN,NaN,NaN,NaN,NaN,NaN,NaN,NaN,NaN,NaN,NaN,NaN,NaN,NaN
NaN,NaN,NaN,NaN,NaN,NaN,NaN,NaN,NaN,NaN,NaN,NaN,NaN,NaN,NaN,NaN,NaN,1.313414e-05,-6.212976e-06,-1.947003e-05,-3.64437e-05,-3.981613e-05,-3.493285e-05,-2.230009e-05,-1.406258e-05,-7.360374e-06,-4.589863e-06,-4.062511e-06,-3.868682e-06,-5.493505e-06,-5.289741e-06,-6.124812e-06,-4.47041e-06,-3.874849e-06,-6.136345e-07,2.021938e-07,3.929933e-06,4.03535e-06,7.022865e-06,6.247062e-06,8.235509e-06,6.418749e-06,8.071185e-06,5.452242e-06,7.225738e-06,4.509712e-06,6.378642e-06,3.897836e-06,5.693036e-06,2.770012e-06,3.989045e-06,-2.075054e-07,1.779092e-07,-4.586241e-06,-3.99708e-06,-7.787658e-06,-5.959802e-06,-8.694943e-06,-5.784334e-06,-7.241271e-06,-3.253001e-06,-3.698212e-06,9.547018e-07,2.303175e-07,4.737672e-06,3.207559e-06,6.725637e-06,4.600709e-06,7.189825e-06,4.615663e-06,7.247558e-06,4.288498e-06,7.260499e-06,4.260686e-06,7.167862e-06,4.222324e-06,6.882481e-06,3.674987e-06,6.104614e-06,2.495502e-06,4.720209e-06,9.58444e-07,3.062511e-06,-9.11689e-07,3.564257e-07,-5.027265e-06,-5.95634e-06,-1.193608e-05,-9.271704e-06,-7.421633e-06,3.748386e-06,1.485916e-05,NaN,NaN,NaN,NaN,NaN,NaN,NaN,NaN,NaN,NaN,NaN,NaN,NaN,NaN,NaN,NaN
NaN,NaN,NaN,NaN,NaN,NaN,NaN,NaN,NaN,NaN,NaN,NaN,NaN,NaN,NaN,NaN,NaN,1.170091e-05,-1.255543e-05,-7.84067e-05,-0.000139916,-0.0001393621,-0.0001053565,-6.743664e-05,-4.04699e-05,-2.232083e-05,-1.552631e-05,-1.237475e-05,-1.55619e-05,-1.718858e-05,-2.085978e-05,-2.039876e-05,-1.959325e-05,-1.434382e-05,-9.813036e-06,-1.86274e-06,2.921357e-06,9.939453e-06,1.29164e-05,1.725812e-05,1.756162e-05,1.950406e-05,1.734637e-05,1.808282e-05,1.49372e-05,1.548422e-05,1.271545e-05,1.35839e-05,1.099203e-05,1.121309e-05,6.543732e-06,4.156523e-06,-3.59154e-06,-8.07905e-06,-1.589166e-05,-1.866678e-05,-2.3775e-05,-2.353501e-05,-2.548182e-05,-2.165753e-05,-1.963231e-05,-1.240578e-05,-8.273103e-06,7.882911e-08,3.329404e-06,1.023519e-05,1.132206e-05,1.547346e-05,1.451687e-05,1.710924e-05,1.491406e-05,1.752938e-05,1.496228e-05,1.771804e-05,1.515592e-05,1.760742e-05,1.470871e-05,1.672456e-05,1.30847e-05,1.468537e-05,1.041555e-05,1.183851e-05,7.18467e-06,7.896433e-06,7.602251e-07,-3.392398e-06,-1.854322e-05,-3.052184e-05,-4.219279e-05,-2.408708e-05,-1.341886e-06,1.998565e-05,NaN,NaN,NaN,NaN,NaN,NaN,NaN,NaN,NaN,NaN,NaN,NaN,NaN,NaN,NaN,NaN
NaN,NaN,NaN,NaN,NaN,NaN,NaN,NaN,NaN,NaN,NaN,NaN,NaN,NaN,NaN,NaN,NaN,2.431454e-05,-8.961013e-05,-0.0002925232,-0.000372272,-0.00032026,-0.0002258496,-0.0001439705,-8.301744e-05,-5.040413e-05,-3.218199e-05,-3.32549e-05,-3.551952e-05,-4.716809e-05,-5.035475e-05,-5.620467e-05,-4.897642e-05,-4.333543e-05,-2.609403e-05,-1.459999e-05,4.522443e-06,1.40197e-05,2.891678e-05,3.278286e-05,4.142381e-05,3.908595e-05,4.263481e-05,3.619134e-05,3.753047e-05,3.036444e-05,3.215854e-05,2.61603e-05,2.843496e-05,2.104847e-05,1.932108e-05,5.378514e-06,-3.435331e-06,-2.281792e-05,-3.307848e-05,-4.938441e-05,-5.411526e-05,-6.373986e-05,-6.097163e-05,-6.151037e-05,-4.924525e-05,-4.094234e-05,-2.238992e-05,-1.136674e-05,6.700045e-06,1.457276e-05,2.729019e-05,2.961185e-05,3.657894e-05,3.477994e-05,3.924844e-05,3.594609e-05,4.012334e-05,3.675418e-05,4.05474e-05,3.697547e-05,3.985924e-05,3.545939e-05,3.730058e-05,3.199102e-05,3.297496e-05,2.748884e-05,2.797073e-05,2.143102e-05,1.708724e-05,7.297679e-07,-2.215741e-05,-6.124032e-05,-9.643107e-05,-9.511263e-05,-2.822252e-05,2.494472e-05,NaN,NaN,NaN,NaN,NaN,NaN,NaN,NaN,NaN,NaN,NaN,NaN,NaN,NaN,NaN,NaN
NaN,NaN,NaN,NaN,NaN,NaN,NaN,NaN,NaN,NaN,NaN,NaN,NaN,NaN,NaN,NaN,3.351752e-05,7.60468e-06,-0.0003623585,-0.0007075951,-0.0006863333,-0.0005663173,-0.0003837753,-0.0002527362,-0.0001413676,-9.22797e-05,-5.86987e-05,-6.532073e-05,-7.064439e-05,-9.438387e-05,-0.0001017747,-0.000113672,-0.0001013063,-9.006491e-05,-5.920346e-05,-3.475881e-05,-7.988333e-07,2.09878e-05,4.719331e-05,5.842382e-05,7.267895e-05,7.265041e-05,7.592239e-05,6.865971e-05,6.665559e-05,5.785715e-05,5.671923e-05,4.997757e-05,5.002009e-05,4.127935e-05,3.352849e-05,1.309507e-05,-8.805032e-06,-4.032123e-05,-6.602528e-05,-9.325075e-05,-0.0001094062,-0.0001242089,-0.0001258691,-0.0001230823,-0.0001056499,-8.506762e-05,-5.488882e-05,-2.726587e-05,2.31975e-06,2.468286e-05,4.484349e-05,5.576168e-05,6.525656e-05,6.786305e-05,7.128505e-05,7.154908e-05,7.334548e-05,7.337708e-05,7.473682e-05,7.388361e-05,7.404977e-05,7.194117e-05,7.048586e-05,6.731611e-05,6.477023e-05,6.144668e-05,5.87934e-05,5.373914e-05,4.427727e-05,2.231745e-05,-1.682318e-05,-8.160537e-05,-0.0001550161,-0.000210228,-0.0001312903,2.275691e-05,4.526167e-05,NaN,NaN,NaN,NaN,NaN,NaN,NaN,NaN,NaN,NaN,NaN,NaN,NaN,NaN,NaN
NaN,NaN,NaN,NaN,NaN,NaN,NaN,NaN,NaN,NaN,NaN,NaN,NaN,NaN,NaN,NaN,7.548307e-05,-0.0001657113,-0.0009227627,-0.00119877,-0.001092227,-0.000861601,-0.0005988003,-0.0003855508,-0.000228841,-0.0001444391,-0.0001022985,-0.0001087541,-0.000124837,-0.0001609578,-0.000178772,-0.0001960032,-0.000180145,-0.000159725,-0.0001107531,-6.941224e-05,-1.269366e-05,2.407746e-05,6.879554e-05,8.847053e-05,0.000113763,0.0001138997,0.00012199,0.000108259,0.0001080297,9.093931e-05,9.190629e-05,7.84681e-05,8.16248e-05,6.493034e-05,5.637444e-05,1.954091e-05,-1.22307e-05,-6.861003e-05,-0.0001084476,-0.0001594578,-0.0001847662,-0.0002159122,-0.000216765,-0.0002179652,-0.000186135,-0.0001565808,-0.0001015719,-5.963212e-05,-3.595877e-06,3.019973e-05,7.055599e-05,8.611583e-05,0.0001077609,0.0001087309,0.0001202823,0.0001156734,0.0001246733,0.0001193616,0.0001270055,0.0001210172,0.0001265228,0.0001192526,0.0001227696,0.0001145535,0.0001165756,0.000109012,0.00011049,0.0001016242,9.210921e-05,6.00183e-05,4.311996e-06,-8.991793e-05,-0.0002097508,-0.0003215788,-0.0003206223,-5.175445e-05,7.179551e-05,NaN,NaN,NaN,NaN,NaN,NaN,NaN,NaN,NaN,NaN,NaN,NaN,NaN,NaN,NaN
NaN,NaN,NaN,NaN,NaN,NaN,NaN,NaN,NaN,NaN,NaN,NaN,NaN,NaN,NaN,NaN,0.0001089194,-0.0006338131,-0.001664462,-0.001742587,-0.001594448,-0.001201563,-0.00087733,-0.0005425529,-0.0003550749,-0.0002043242,-0.0001743262,-0.0001574327,-0.000209886,-0.0002400708,-0.0002928243,-0.0002973213,-0.0002977687,-0.00024634,-0.0001952735,-0.0001115809,-4.660768e-05,3.040885e-05,7.941777e-05,0.0001302179,0.0001508478,0.000171992,0.0001662523,0.0001658312,0.0001472851,0.0001405158,0.0001243614,0.0001223663,0.0001103246,0.0001036419,7.445856e-05,3.742701e-05,-2.718207e-05,-9.565245e-05,-0.0001739163,-0.0002373825,-0.0002950213,-0.0003296334,-0.0003493786,-0.0003383335,-0.0003064011,-0.0002475295,-0.0001784951,-9.871881e-05,-2.663294e-05,4.159868e-05,9.134194e-05,0.0001308265,0.0001525835,0.0001688565,0.0001738173,0.0001814449,0.0001813835,0.0001874951,0.0001857725,0.000190516,0.0001865042,0.0001902822,0.0001841397,0.000187815,0.0001798846,0.0001849282,0.0001760363,0.0001794828,0.0001544746,0.0001266067,3.607843e-05,-7.449536e-05,-0.0002647378,-0.0004140752,-0.0005456873,-0.0002375365,8.658117e-05,NaN,NaN,NaN,NaN,NaN,NaN,NaN,NaN,NaN,NaN,NaN,NaN,NaN,NaN,NaN
NaN,NaN,NaN,NaN,NaN,NaN,NaN,NaN,NaN,NaN,NaN,NaN,NaN,NaN,NaN,NaN,-2.911435e-05,-0.001421219,-0.002438714,-0.002399295,-0.002144015,-0.001624737,-0.00119476,-0.0007544123,-0.0005024181,-0.0002992061,-0.0002576659,-0.000234652,-0.0003097324,-0.0003511325,-0.0004298339,-0.000435681,-0.0004414647,-0.0003692059,-0.0003011927,-0.0001811412,-9.274761e-05,2.141993e-05,8.803557e-05,0.0001658144,0.0001942722,0.0002288619,0.0002203671,0.0002244226,0.0001957465,0.0001912838,0.0001653807,0.0001669964,0.0001482101,0.0001428748,0.0001005368,5.239126e-05,-4.150596e-05,-0.0001355583,-0.0002514947,-0.0003419703,-0.0004303235,-0.0004813193,-0.0005153738,-0.000499526,-0.0004588326,-0.0003729168,-0.000276395,-0.0001601271,-5.584281e-05,4.469646e-05,0.0001176294,0.0001782349,0.0002102599,0.0002364471,0.0002444888,0.0002556393,0.0002569181,0.0002648116,0.0002638522,0.0002702905,0.0002675067,0.0002733801,0.0002703784,0.0002761509,0.0002725752,0.0002788726,0.0002746529,0.0002762437,0.0002513453,0.0002079279,0.0001000058,-5.560768e-05,-0.0002913855,-0.0005203302,-0.0007332876,-0.0005406581,2.426853e-05,NaN,NaN,NaN,NaN,NaN,NaN,NaN,NaN,NaN,NaN,NaN,NaN,NaN,NaN,NaN
NaN,NaN,NaN,NaN,NaN,NaN,NaN,NaN,NaN,NaN,NaN,NaN,NaN,NaN,NaN,0.0001641291,-0.0004020677,-0.002475237,-0.003220165,-0.003164016,-0.002734807,-0.002130655,-0.001553906,-0.001026103,-0.0006805559,-0.0004307355,-0.0003623942,-0.0003392369,-0.0004305951,-0.0004920406,-0.0005950401,-0.0006073187,-0.0006198731,-0.0005239447,-0.000439725,-0.0002766443,-0.0001614302,-3.597114e-06,8.36668e-05,0.0001973705,0.0002301953,0.0002895223,0.0002713052,0.0002878383,0.0002437553,0.0002468627,0.0002053734,0.0002189242,0.0001844613,0.0001905791,0.0001243495,7.119205e-05,-6.484385e-05,-0.0001827163,-0.0003520213,-0.0004672817,-0.0006031715,-0.0006654586,-0.0007264148,-0.0006974156,-0.0006532552,-0.0005274521,-0.0004059992,-0.0002353906,-0.0001026215,4.816677e-05,0.0001404638,0.0002353145,0.0002731464,0.0003194677,0.0003228709,0.0003481025,0.0003410362,0.0003608317,0.000352249,0.000369469,0.0003618111,0.0003794201,0.0003750263,0.0003927681,0.0003897177,0.0004050727,0.0004020364,0.0004055613,0.0003769973,0.000316182,0.0001876125,-2.124346e-05,-0.0002981475,-0.0006301742,-0.0008864271,-0.0009235592,-0.0001431995,0.0001448647,NaN,NaN,NaN,NaN,NaN,NaN,NaN,NaN,NaN,NaN,NaN,NaN,NaN,NaN
NaN,NaN,NaN,NaN,NaN,NaN,NaN,NaN,NaN,NaN,NaN,NaN,NaN,NaN,NaN,0.0001956645,-0.001104772,-0.003595077,-0.004056468,-0.003992468,-0.003379305,-0.00271079,-0.001964585,-0.001365277,-0.0008928278,-0.0006139226,-0.0004849112,-0.0004846798,-0.000565787,-0.0006734243,-0.0007787772,-0.0008250825,-0.0008202564,-0.0007280718,-0.0005996174,-0.0004165376,-0.000245982,-6.282087e-05,7.356538e-05,0.0002031058,0.0002706993,0.0003303197,0.0003314968,0.0003366248,0.0003014047,0.0002902164,0.0002569032,0.0002590448,0.0002350511,0.0002273814,0.0001609285,7.579433e-05,-8.499525e-05,-0.0002558093,-0.0004639626,-0.0006339537,-0.0008015575,-0.0009022136,-0.0009712681,-0.0009483265,-0.0008782596,-0.0007255976,-0.0005528305,-0.0003401612,-0.0001507981,3.757182e-05,0.0001735684,0.0002904197,0.0003534481,0.0004056431,0.0004227605,0.000444651,0.0004478014,0.0004622382,0.0004635529,0.0004771775,0.0004824306,0.0005000329,0.0005131855,0.0005319937,0.0005469213,0.0005601853,0.0005715884,0.0005650083,0.0005399015,0.0004489457,0.0003003855,2.940862e-05,-0.0002925328,-0.0007262542,-0.001038542,-0.001283273,-0.0004494627,0.0001546684,NaN,NaN,NaN,NaN,NaN,NaN,NaN,NaN,NaN,NaN,NaN,NaN,NaN,NaN
NaN,NaN,NaN,NaN,NaN,NaN,NaN,NaN,NaN,NaN,NaN,NaN,NaN,NaN,NaN,7.154675e-05,-0.002157411,-0.004647615,-0.004978439,-0.004837846,-0.004097979,-0.003342005,-0.002450875,-0.001762424,-0.001165152,-0.0008401935,-0.0006485456,-0.0006588001,-0.0007332443,-0.000881387,-0.0009943538,-0.001075749,-0.0010557,-0.0009701927,-0.0007973734,-0.0005920601,-0.0003651751,-0.000150318,3.933832e-05,0.0001878027,0.0002975593,0.0003574746,0.0003825836,0.000378344,0.0003521735,0.0003293064,0.0003057846,0.0002960053,0.000286922,0.0002625936,0.0001959966,7.474336e-05,-0.0001183018,-0.0003490097,-0.0006040521,-0.0008375829,-0.001041184,-0.001186078,-0.001263165,-0.001243865,-0.001143805,-0.0009560731,-0.0007252436,-0.0004615331,-0.0002084212,2.494176e-05,0.000209842,0.0003534064,0.0004438641,0.0005049374,0.0005344838,0.0005562525,0.0005668047,0.000579258,0.0005892128,0.0006039027,0.0006231189,0.00064883,0.0006805966,0.0007102281,0.0007410379,0.0007605809,0.0007791378,0.0007683019,0.0007323168,0.0006154162,0.0004274768,0.0001039876,-0.0002879836,-0.0007933824,-0.001213338,-0.001564166,-0.0009008176,8.382557e-05,NaN,NaN,NaN,NaN,NaN,NaN,NaN,NaN,NaN,NaN,NaN,NaN,NaN,NaN
NaN,NaN,NaN,NaN,NaN,NaN,NaN,NaN,NaN,NaN,NaN,NaN,NaN,NaN,NaN,-0.0002106431,-0.003494993,-0.005648762,-0.005944996,-0.005701145,-0.004874385,-0.00403662,-0.003011445,-0.002232487,-0.001502346,-0.001124584,-0.0008521579,-0.0008775282,-0.0009225981,-0.001128602,-0.001230796,-0.001365848,-0.001320177,-0.00125764,-0.001027067,-0.0008198648,-0.0005102058,-0.0002862723,-1.538792e-05,0.0001382338,0.0003081096,0.000359026,0.0004277317,0.0003940982,0.0004063785,0.0003465127,0.0003590352,0.0003210927,0.0003431574,0.0002875448,0.0002356744,5.057011e-05,-0.000158686,-0.0004822077,-0.0007714762,-0.001093231,-0.001322602,-0.001529138,-0.001596239,-0.001594711,-0.001436986,-0.00122575,-0.0009092297,-0.0006027159,-0.0002628337,7.008206e-06,0.0002608834,0.0004192427,0.0005551565,0.0006101935,0.0006686639,0.0006744187,0.0007078752,0.000704538,0.0007387047,0.000744933,0.0007962305,0.0008239618,0.0008931773,0.0009272431,0.0009883741,0.001005003,0.001038182,0.001010399,0.0009622546,0.0008064642,0.0005709783,0.0001911032,-0.000280408,-0.0008469703,-0.001392255,-0.001794082,-0.001476812,-5.803534e-05,NaN,NaN,NaN,NaN,NaN,NaN,NaN,NaN,NaN,NaN,NaN,NaN,NaN,NaN
NaN,NaN,NaN,NaN,NaN,NaN,NaN,NaN,NaN,NaN,NaN,NaN,NaN,NaN,0.0002501318,-0.0007798485,-0.004895142,-0.006610384,-0.006934504,-0.006561792,-0.005722649,-0.004775259,-0.003674072,-0.002763722,-0.001934264,-0.001454119,-0.001127002,-0.001118676,-0.00116475,-0.001387541,-0.001513042,-0.001670847,-0.001633833,-0.001569009,-0.001314662,-0.001076082,-0.0007159635,-0.0004482126,-0.0001228389,6.802494e-05,0.000276664,0.0003478303,0.0004368202,0.000406172,0.0004293831,0.0003658503,0.0003895793,0.0003514677,0.0003831002,0.0003184618,0.0002524653,2.136664e-05,-0.0002413179,-0.0006421921,-0.0009986092,-0.00139217,-0.001671634,-0.00191837,-0.001990851,-0.00197868,-0.001772895,-0.001507867,-0.001115662,-0.0007376682,-0.0003234451,6.930124e-06,0.0003167186,0.0005080785,0.0006752738,0.0007403682,0.000810632,0.0008174795,0.000856548,0.0008552382,0.0009010411,0.0009189782,0.0009951041,0.001047726,0.001147345,0.001205433,0.001285551,0.001311737,0.001342494,0.0013019,0.001220029,0.001022902,0.0007213076,0.0002855832,-0.0002739196,-0.0008971954,-0.001563186,-0.002010691,-0.002044058,-0.0003441162,0.0002202593,NaN,NaN,NaN,NaN,NaN,NaN,NaN,NaN,NaN,NaN,NaN,NaN,NaN
NaN,NaN,NaN,NaN,NaN,NaN,NaN,NaN,NaN,NaN,NaN,NaN,NaN,NaN,0.0002098139,-0.001717932,-0.00612784,-0.00758367,-0.00788701,-0.007447912,-0.006613653,-0.005588262,-0.004423763,-0.003385392,-0.002447946,-0.001858035,-0.001459512,-0.001404836,-0.001446774,-0.001673047,-0.001826485,-0.002003839,-0.001980447,-0.001919676,-0.001647099,-0.001376451,-0.0009762053,-0.0006518054,-0.000278587,-4.268924e-05,0.0002110581,0.000302072,0.0004166637,0.0003982729,0.0004248417,0.0003748487,0.0004042668,0.0003728696,0.000416518,0.0003389117,0.0002501184,-3.254573e-05,-0.0003708381,-0.0008520313,-0.001289426,-0.001757178,-0.002085305,-0.00236808,-0.002437987,-0.002396452,-0.002137245,-0.001798818,-0.001323226,-0.0008667218,-0.0003681426,2.452819e-05,0.0003919804,0.0006214275,0.0008143906,0.0008929385,0.0009720839,0.000978779,0.001025031,0.001027142,0.001088492,0.001127815,0.001236017,0.001325136,0.001462096,0.001548303,0.001648408,0.001679241,0.001702,0.001633479,0.001508748,0.00124838,0.0008797917,0.0003666292,-0.0002633091,-0.0009622786,-0.001713529,-0.002248831,-0.002485715,-0.0008043519,0.0001744823,NaN,NaN,NaN,NaN,NaN,NaN,NaN,NaN,NaN,NaN,NaN,NaN,NaN
NaN,NaN,NaN,NaN,NaN,NaN,NaN,NaN,NaN,NaN,NaN,NaN,NaN,NaN,0.0001037887,-0.002994636,-0.007239921,-0.008503614,-0.008832803,-0.008330445,-0.007575152,-0.006458819,-0.005286734,-0.004077706,-0.003078421,-0.002311982,-0.001882722,-0.00171761,-0.001788346,-0.001969796,-0.002188158,-0.002342132,-0.002384917,-0.002283548,-0.002048226,-0.001706843,-0.00130523,-0.0008914322,-0.0005026651,-0.0001775296,7.680917e-05,0.0002424754,0.0003402779,0.000375594,0.0003818795,0.0003764582,0.0003867519,0.0004034944,0.0004164578,0.0003642231,0.0002023705,-0.0001152428,-0.0005734271,-0.001119767,-0.001673324,-0.002182814,-0.002588566,-0.002862528,-0.002944489,-0.002829805,-0.002524041,-0.002074674,-0.001529307,-0.0009597029,-0.0003992211,8.514534e-05,0.0004861677,0.0007753857,0.0009712133,0.001082129,0.001146074,0.001174919,0.001205518,0.001237873,0.001300144,0.001391753,0.001524169,0.001679828,0.001840548,0.001976967,0.002073903,0.002120834,0.002105602,0.002010372,0.001808598,0.001484219,0.001023589,0.0004367181,-0.0002683898,-0.001039695,-0.001856651,-0.002496642,-0.002832055,-0.001451362,0.000102872,NaN,NaN,NaN,NaN,NaN,NaN,NaN,NaN,NaN,NaN,NaN,NaN,NaN
NaN,NaN,NaN,NaN,NaN,NaN,NaN,NaN,NaN,NaN,NaN,NaN,NaN,NaN,-7.403537e-05,-0.004506426,-0.008251382,-0.009388456,-0.009744218,-0.009247927,-0.008589145,-0.007418916,-0.006239501,-0.004872395,-0.003793541,-0.002852577,-0.00236578,-0.002089696,-0.002165467,-0.002303868,-0.002574272,-0.002713199,-0.002817815,-0.002691303,-0.002489856,-0.002093561,-0.001683754,-0.001190486,-0.0007777332,-0.0003669607,-0.0001034542,0.0001343765,0.0002276446,0.0003120795,0.0003135612,0.0003502633,0.0003536759,0.0004176257,0.000401535,0.0003616295,0.0001160428,-0.0002659077,-0.0008524287,-0.001483434,-0.002149357,-0.002696654,-0.003168022,-0.003413955,-0.0034825,-0.003279977,-0.002898678,-0.002331245,-0.001701882,-0.001011375,-0.0003888334,0.0001897817,0.0006236211,0.0009667805,0.00116538,0.001302792,0.0013496,0.001400703,0.001416216,0.00148676,0.001559037,0.001717477,0.00188606,0.0021194,0.002305185,0.002491549,0.002574413,0.002628788,0.002552655,0.002418368,0.002110016,0.001715717,0.001138873,0.000489273,-0.0003047389,-0.001131192,-0.00200393,-0.002742108,-0.003138919,-0.002222224,-1.572096e-05,NaN,NaN,NaN,NaN,NaN,NaN,NaN,NaN,NaN,NaN,NaN,NaN,NaN
NaN,NaN,NaN,NaN,NaN,NaN,NaN,NaN,NaN,NaN,NaN,NaN,NaN,NaN,-0.0004613215,-0.006074023,-0.00917608,-0.01024512,-0.01064163,-0.01021663,-0.009667934,-0.008470289,-0.007281533,-0.005763058,-0.004590963,-0.003472566,-0.002913963,-0.002513244,-0.002588665,-0.002669224,-0.002993439,-0.003114213,-0.003284562,-0.003139088,-0.002979048,-0.002527117,-0.00212339,-0.001540445,-0.001112709,-0.0006129161,-0.0003338681,-2.585029e-05,6.744792e-05,0.0002148229,0.00020302,0.0003040805,0.0002973524,0.0004104331,0.0003658655,0.0003170832,-3.50583e-05,-0.0004994522,-0.001244211,-0.001955111,-0.002734879,-0.003306658,-0.00381674,-0.004011307,-0.004037533,-0.003715145,-0.00324684,-0.002538027,-0.001821675,-0.001002911,-0.000318559,0.0003530011,0.0008149129,0.001208566,0.00140252,0.001564539,0.0015886,0.001664686,0.001668295,0.001787394,0.001884003,0.002125194,0.002342842,0.002659267,0.002869501,0.003094474,0.00315137,0.003192467,0.003036395,0.00283482,0.002404863,0.001917879,0.001222524,0.0005039699,-0.000372408,-0.001246653,-0.002163125,-0.002986085,-0.00341448,-0.003045149,-0.0002307526,NaN,NaN,NaN,NaN,NaN,NaN,NaN,NaN,NaN,NaN,NaN,NaN,NaN
NaN,NaN,NaN,NaN,NaN,NaN,NaN,NaN,NaN,NaN,NaN,NaN,NaN,0.0002793011,-0.001258275,-0.007425029,-0.01004269,-0.01111361,-0.01153712,-0.01129106,-0.01078894,-0.009650772,-0.008369134,-0.006770342,-0.005427053,-0.00419547,-0.003488071,-0.00302143,-0.003023613,-0.003102741,-0.003416996,-0.003579197,-0.0037602,-0.003656798,-0.00348691,-0.003038214,-0.002590023,-0.001972432,-0.001479426,-0.0009408648,-0.0005961127,-0.0002633257,-0.0001188146,5.078042e-05,7.88796e-05,0.0002062204,0.0002394291,0.0003562916,0.0003150103,0.0001919746,-0.0002571851,-0.000870649,-0.001751123,-0.002577343,-0.003417176,-0.00402847,-0.004503613,-0.00464834,-0.004566895,-0.004120511,-0.003525225,-0.002685434,-0.001845379,-0.0009347445,-0.0001514353,0.0005746118,0.001083084,0.001502842,0.001700908,0.001863757,0.001887404,0.001962498,0.001991852,0.00214762,0.002308958,0.002630218,0.002925244,0.003304744,0.003548493,0.003775894,0.00380382,0.003789054,0.003545253,0.003232164,0.002677918,0.002069715,0.001265841,0.0004669642,-0.0004783802,-0.00138405,-0.002358464,-0.003201426,-0.003723403,-0.003663553,-0.0006958727,0.0002445565,NaN,NaN,NaN,NaN,NaN,NaN,NaN,NaN,NaN,NaN,NaN,NaN
NaN,NaN,NaN,NaN,NaN,NaN,NaN,NaN,NaN,NaN,NaN,NaN,NaN,0.0001789857,-0.002526022,-0.00850909,-0.01093239,-0.01199779,-0.01252062,-0.01245715,-0.01200617,-0.01091016,-0.00952487,-0.007832112,-0.006323574,-0.004963908,-0.004117543,-0.003573915,-0.003501608,-0.003578008,-0.003879572,-0.004082873,-0.004282074,-0.004214172,-0.004043926,-0.003597627,-0.00310392,-0.002460611,-0.001899953,-0.001322267,-0.000920837,-0.0005506488,-0.0003579803,-0.0001626033,-7.652091e-05,7.170409e-05,0.000155488,0.0002699893,0.000205847,-1.922028e-05,-0.0006027553,-0.001399912,-0.00240948,-0.003348697,-0.004212312,-0.004822198,-0.005224723,-0.005271945,-0.005042933,-0.004459125,-0.003703905,-0.002738008,-0.001765293,-0.0007652678,0.0001105644,0.0008815613,0.001435448,0.001860053,0.002068664,0.00221533,0.002247479,0.00232234,0.002396847,0.002600757,0.002860124,0.003259123,0.003651039,0.004066381,0.004336672,0.004526439,0.004513239,0.004395058,0.004050746,0.003586973,0.002905496,0.002153856,0.001260615,0.0003652593,-0.0006178106,-0.001567443,-0.002564956,-0.003423945,-0.004042563,-0.004062165,-0.001397669,0.0001366964,NaN,NaN,NaN,NaN,NaN,NaN,NaN,NaN,NaN,NaN,NaN,NaN
NaN,NaN,NaN,NaN,NaN,NaN,NaN,NaN,NaN,NaN,NaN,NaN,NaN,8.966399e-05,-0.004132511,-0.009666565,-0.01179076,-0.01305594,-0.01357596,-0.01379701,-0.01328155,-0.01226684,-0.01068697,-0.00895684,-0.007210966,-0.005797513,-0.004750102,-0.004195052,-0.003996531,-0.004121729,-0.004365806,-0.004658106,-0.00482701,-0.004843004,-0.004622621,-0.004221392,-0.003645311,-0.003011421,-0.002354916,-0.00177412,-0.0012815,-0.0009119288,-0.0006301766,-0.000436469,-0.0002568697,-0.0001066289,4.856141e-05,0.0001225655,2.7588e-05,-0.0003682812,-0.001099428,-0.002127868,-0.003228359,-0.004273666,-0.005094183,-0.005662988,-0.005930579,-0.005844169,-0.005413907,-0.004702128,-0.003740008,-0.002675845,-0.001555162,-0.0004761753,0.0004830348,0.001284532,0.001886871,0.002284223,0.002520105,0.002627206,0.002686931,0.002763872,0.002912421,0.003178624,0.003566602,0.004037743,0.004528495,0.004941992,0.005221189,0.005322011,0.005250694,0.004978074,0.004520705,0.00386872,0.00306802,0.002155676,0.0011937,0.0001983367,-0.0007961564,-0.001805041,-0.002770456,-0.003681904,-0.004328111,-0.004410659,-0.002302023,7.417236e-05,NaN,NaN,NaN,NaN,NaN,NaN,NaN,NaN,NaN,NaN,NaN,NaN
NaN,NaN,NaN,NaN,NaN,NaN,NaN,NaN,NaN,NaN,NaN,NaN,NaN,-2.774907e-05,-0.006054379,-0.010946,-0.01280588,-0.01427738,-0.01484092,-0.0152614,-0.01465893,-0.01363964,-0.01186601,-0.01005592,-0.008106952,-0.006620341,-0.005416351,-0.004833083,-0.004546274,-0.004702533,-0.004918322,-0.00527756,-0.005436621,-0.005508528,-0.005255214,-0.004870524,-0.004235168,-0.003589612,-0.002861488,-0.002264988,-0.001700559,-0.001315476,-0.0009613259,-0.0007418882,-0.0004844252,-0.0003113883,-0.0001087038,-9.354334e-05,-0.000271332,-0.0008816128,-0.001809867,-0.003049865,-0.004234491,-0.005306876,-0.006033127,-0.006500364,-0.006562909,-0.006307011,-0.00565309,-0.004778182,-0.003632172,-0.002453137,-0.001198953,-5.777062e-05,0.0009838365,0.001795623,0.002433698,0.002800896,0.003049637,0.003124381,0.003222328,0.003315679,0.003571862,0.003918667,0.004449829,0.004985851,0.005549226,0.005917951,0.00616735,0.00613489,0.005967328,0.005504299,0.004918056,0.004047352,0.003148904,0.002060363,0.001063878,-4.075314e-05,-0.001011175,-0.002090134,-0.002992105,-0.003964607,-0.004580926,-0.004790297,-0.003283367,-2.432667e-05,NaN,NaN,NaN,NaN,NaN,NaN,NaN,NaN,NaN,NaN,NaN,NaN
NaN,NaN,NaN,NaN,NaN,NaN,NaN,NaN,NaN,NaN,NaN,NaN,NaN,-0.0004428728,-0.008239424,-0.01240875,-0.01411448,-0.01573711,-0.01635789,-0.01686003,-0.01608978,-0.01500758,-0.0129944,-0.0111054,-0.008955664,-0.007428544,-0.006075599,-0.005503,-0.005131055,-0.005345272,-0.005526806,-0.005967513,-0.006095863,-0.006229125,-0.00591644,-0.005555573,-0.004843357,-0.004201271,-0.003392753,-0.002802575,-0.002153954,-0.001772604,-0.001330092,-0.001088353,-0.0007466121,-0.0005581008,-0.0003230229,-0.0004220009,-0.0007248429,-0.001616523,-0.002754457,-0.004180364,-0.005391931,-0.006409064,-0.006959913,-0.007271106,-0.007049803,-0.00660985,-0.005710431,-0.004652902,-0.003353219,-0.002050221,-0.0006762748,0.0004952472,0.001628068,0.002419077,0.003081392,0.003421735,0.003665494,0.003728505,0.003878162,0.004014745,0.004408142,0.004855875,0.005522659,0.006103043,0.006685272,0.006964878,0.007123202,0.006924714,0.006608565,0.005942078,0.005188126,0.004123239,0.003106805,0.00188437,0.0008513195,-0.0003339626,-0.001282513,-0.002393946,-0.003264791,-0.004235439,-0.004858538,-0.005140987,-0.004309893,-0.0002219381,NaN,NaN,NaN,NaN,NaN,NaN,NaN,NaN,NaN,NaN,NaN,NaN
NaN,NaN,NaN,NaN,NaN,NaN,NaN,NaN,NaN,NaN,NaN,NaN,NaN,-0.001572322,-0.01049651,-0.01411103,-0.01588022,-0.01745688,-0.01819322,-0.01850234,-0.01759252,-0.01624914,-0.01408065,-0.01200227,-0.009785117,-0.008136349,-0.006774465,-0.006146531,-0.00580069,-0.006012558,-0.006242968,-0.006686372,-0.006854079,-0.006951227,-0.006641353,-0.006225089,-0.005489529,-0.004799677,-0.003971871,-0.003335302,-0.002675187,-0.002235003,-0.001761297,-0.001447795,-0.001062496,-0.0008367753,-0.0006499264,-0.0008683396,-0.001422132,-0.002579302,-0.003963829,-0.005485043,-0.00664569,-0.007495349,-0.007821289,-0.007844888,-0.007373414,-0.006661824,-0.005552292,-0.004313863,-0.002866053,-0.001452445,-2.482465e-06,0.001233202,0.002381393,0.003183712,0.003830622,0.004148916,0.004388583,0.004466987,0.004672104,0.004917756,0.005437053,0.006018946,0.006774886,0.007365135,0.007883799,0.008034324,0.008027378,0.007634864,0.007126996,0.006246845,0.005300707,0.004081809,0.002931336,0.001632313,0.0005496841,-0.0006692775,-0.001609695,-0.002728642,-0.003556362,-0.004537663,-0.005123644,-0.005515911,-0.005023913,-0.0007884714,NaN,NaN,NaN,NaN,NaN,NaN,NaN,NaN,NaN,NaN,NaN,NaN
NaN,NaN,NaN,NaN,NaN,NaN,NaN,NaN,NaN,NaN,NaN,NaN,0.0002563995,-0.003696609,-0.01286089,-0.01631349,-0.01806912,-0.019593,-0.02020767,-0.02021693,-0.01903487,-0.01735734,-0.01501743,-0.01277971,-0.01049151,-0.008803465,-0.007439897,-0.006819835,-0.006516766,-0.006753311,-0.007031044,-0.007483282,-0.007652286,-0.007717364,-0.007368155,-0.006900139,-0.006127564,-0.005398038,-0.004554764,-0.003885833,-0.003217042,-0.002727369,-0.002214432,-0.001843393,-0.001411011,-0.001190504,-0.00110358,-0.001506849,-0.002388327,-0.003810136,-0.005395174,-0.006911272,-0.007888139,-0.008480824,-0.008499601,-0.008162572,-0.007454485,-0.006430624,-0.005143354,-0.003745197,-0.002150188,-0.0006614437,0.0008426755,0.002143905,0.003256741,0.004086044,0.004684072,0.004999002,0.005234707,0.005367815,0.005647867,0.00604724,0.006685687,0.007400157,0.008165486,0.008721837,0.009071135,0.009060319,0.008805367,0.008220941,0.00745693,0.006394255,0.005239842,0.003906995,0.002630746,0.001311627,0.0001474515,-0.001019191,-0.002015534,-0.003064361,-0.00389836,-0.004837622,-0.005418714,-0.005883768,-0.005414409,-0.001688712,0.0001206354,NaN,NaN,NaN,NaN,NaN,NaN,NaN,NaN,NaN,NaN,NaN
NaN,NaN,NaN,NaN,NaN,NaN,NaN,NaN,NaN,NaN,NaN,NaN,0.000156416,-0.006778899,-0.01606932,-0.01894211,-0.02091498,-0.02194693,-0.02247192,-0.02181233,-0.0204013,-0.01821494,-0.01582449,-0.01334453,-0.01113444,-0.00936009,-0.008136479,-0.007480881,-0.007330915,-0.007537094,-0.007929036,-0.008314202,-0.008518294,-0.008470905,-0.008115021,-0.007527719,-0.006770188,-0.005955406,-0.005148464,-0.004427,-0.00378128,-0.003222201,-0.002704197,-0.002243232,-0.001833575,-0.001626967,-0.001738822,-0.002398387,-0.003638111,-0.005300577,-0.006988021,-0.008308741,-0.009043638,-0.009210529,-0.008892789,-0.008200354,-0.007189219,-0.005927206,-0.004471533,-0.002892324,-0.001246583,0.0003543346,0.001867108,0.003192495,0.004288743,0.005100826,0.005654894,0.005990926,0.006223259,0.006461384,0.006845825,0.007407128,0.008158399,0.008943463,0.009641262,0.01006735,0.01018542,0.009940622,0.009410687,0.008611957,0.007575227,0.006352222,0.005009621,0.003590337,0.002227691,0.0009030218,-0.0003089423,-0.001421296,-0.002460786,-0.003412786,-0.004303259,-0.005112727,-0.005783766,-0.006180913,-0.005827243,-0.00283896,6.401486e-05,NaN,NaN,NaN,NaN,NaN,NaN,NaN,NaN,NaN,NaN,NaN
NaN,NaN,NaN,NaN,NaN,NaN,NaN,NaN,NaN,NaN,NaN,NaN,1.513092e-05,-0.01112754,-0.0201982,-0.02222971,-0.02428047,-0.0245181,-0.02478227,-0.02326311,-0.02151656,-0.01886871,-0.01640254,-0.01374732,-0.01167549,-0.009864259,-0.008833703,-0.00819277,-0.008210517,-0.008409487,-0.008895112,-0.009197175,-0.009402561,-0.009218261,-0.008827713,-0.00812236,-0.007369066,-0.006485127,-0.005719527,-0.004968522,-0.004332917,-0.003735237,-0.003199186,-0.002671778,-0.002338717,-0.002197274,-0.002600675,-0.003587913,-0.005155667,-0.006987053,-0.008594641,-0.009561992,-0.009937971,-0.009594825,-0.008920084,-0.00788096,-0.006574017,-0.005125648,-0.003516916,-0.001787526,-0.0001242781,0.001572248,0.003062651,0.004393623,0.005452815,0.006240346,0.006756524,0.007128962,0.007393036,0.007769165,0.008273053,0.008996746,0.009794163,0.01057462,0.01109205,0.0113111,0.01111601,0.01061198,0.009787288,0.008753878,0.007479907,0.006111197,0.004601059,0.00316954,0.001706511,0.0004350845,-0.0008198698,-0.001870919,-0.002940122,-0.003785022,-0.004756128,-0.005388077,-0.006211608,-0.006419862,-0.006407492,-0.004033559,-2.197631e-05,NaN,NaN,NaN,NaN,NaN,NaN,NaN,NaN,NaN,NaN,NaN
NaN,NaN,NaN,NaN,NaN,NaN,NaN,NaN,NaN,NaN,NaN,NaN,-0.0008607069,-0.01701846,-0.02514509,-0.02624325,-0.02795182,-0.02724462,-0.02691027,-0.02445449,-0.02237914,-0.01922582,-0.01680847,-0.01396614,-0.01217508,-0.0103063,-0.009597652,-0.008939424,-0.009199983,-0.009336259,-0.009948943,-0.01007027,-0.01031857,-0.009889199,-0.009520495,-0.008640307,-0.007927266,-0.006962379,-0.006286336,-0.005452721,-0.004923637,-0.004200836,-0.003732064,-0.003144501,-0.002942316,-0.002964911,-0.003748758,-0.005025585,-0.006943532,-0.008668197,-0.01006323,-0.01053088,-0.01038375,-0.009582352,-0.008533668,-0.007112761,-0.005678882,-0.003963508,-0.002299046,-0.0004644563,0.001244358,0.002960932,0.004416254,0.005762448,0.006719407,0.007524223,0.007995741,0.008427995,0.008766656,0.009297473,0.009910626,0.01075548,0.01150495,0.01216306,0.01240633,0.01233506,0.01178471,0.01101308,0.009884758,0.00863776,0.007163243,0.005669232,0.004065689,0.002619072,0.00112304,-0.0001067838,-0.001375312,-0.002365752,-0.00344244,-0.004225064,-0.005186116,-0.005764111,-0.006598875,-0.006755116,-0.006978226,-0.005345992,-0.0001780501,NaN,NaN,NaN,NaN,NaN,NaN,NaN,NaN,NaN,NaN,NaN
NaN,NaN,NaN,NaN,NaN,NaN,NaN,NaN,NaN,NaN,NaN,NaN,-0.003803984,-0.02407435,-0.03052305,-0.03110679,-0.03149633,-0.03009868,-0.02850532,-0.02545656,-0.02282383,-0.01941274,-0.01694747,-0.01419357,-0.0125124,-0.01088305,-0.01032621,-0.009847699,-0.01021943,-0.01038612,-0.01097769,-0.01100667,-0.0111132,-0.01056857,-0.01007987,-0.009130316,-0.008395745,-0.007426974,-0.006783287,-0.005958411,-0.005451316,-0.004702005,-0.004250956,-0.003718012,-0.003672614,-0.003995018,-0.005152826,-0.006731324,-0.008773415,-0.01022865,-0.01116006,-0.0110282,-0.01031348,-0.009080896,-0.007675767,-0.005993013,-0.004409872,-0.002532556,-0.0008097962,0.001091138,0.002813471,0.004521367,0.005938577,0.007238172,0.00813458,0.008923475,0.009386984,0.009908793,0.01033304,0.01101804,0.01170433,0.0125631,0.01315778,0.01357145,0.01345884,0.01303621,0.01214484,0.01108998,0.009684535,0.00828403,0.006612824,0.005074908,0.003412931,0.00196216,0.0004878303,-0.000713655,-0.001976277,-0.002898434,-0.003984369,-0.004706157,-0.005644104,-0.006194355,-0.006997621,-0.007170463,-0.007512801,-0.006302175,-0.0008932672,NaN,NaN,NaN,NaN,NaN,NaN,NaN,NaN,NaN,NaN,NaN
NaN,NaN,NaN,NaN,NaN,NaN,NaN,NaN,NaN,NaN,NaN,0.0006020601,-0.009729786,-0.03179878,-0.03650559,-0.03622383,-0.03497992,-0.03246265,-0.02973913,-0.0260413,-0.02291383,-0.01943696,-0.01693625,-0.01438722,-0.01287565,-0.01151969,-0.01115639,-0.01085441,-0.01131286,-0.0114874,-0.01199262,-0.01190268,-0.01182501,-0.0111624,-0.010552,-0.009537509,-0.008818777,-0.007837603,-0.00724554,-0.006458097,-0.005928148,-0.005230622,-0.004802292,-0.004383743,-0.004630484,-0.005256262,-0.006797064,-0.008579374,-0.01040173,-0.01147148,-0.01168614,-0.01088629,-0.009721813,-0.008010753,-0.006386203,-0.004550919,-0.002761928,-0.0008839782,0.0009492594,0.002861095,0.004556127,0.006245404,0.007602431,0.008815599,0.00969132,0.01042925,0.01095057,0.01153023,0.01208532,0.01282977,0.01355013,0.01425571,0.01460802,0.01464736,0.01415399,0.01334682,0.01216148,0.01081171,0.009244954,0.007648288,0.005926899,0.004313538,0.002671265,0.001222692,-0.0001988516,-0.001399777,-0.00257146,-0.003535282,-0.004506925,-0.005272144,-0.006117604,-0.00669084,-0.007402852,-0.007672794,-0.007960911,-0.006892821,-0.002085082,0.000129169,NaN,NaN,NaN,NaN,NaN,NaN,NaN,NaN,NaN,NaN
NaN,NaN,NaN,NaN,NaN,NaN,NaN,NaN,NaN,NaN,NaN,0.0002109453,-0.01888871,-0.0411919,-0.04258869,-0.04142171,-0.03774186,-0.03448354,-0.03021498,-0.0264381,-0.02253577,-0.01951482,-0.01672577,-0.01472912,-0.01322719,-0.01236228,-0.01200294,-0.01206767,-0.01234915,-0.0126921,-0.01287248,-0.01276703,-0.01238955,-0.01169231,-0.01087759,-0.00995093,-0.009103948,-0.008285524,-0.007624094,-0.006957193,-0.006378369,-0.005790273,-0.005393939,-0.005253749,-0.005747268,-0.006801405,-0.008528112,-0.01029761,-0.01166905,-0.01206591,-0.01150365,-0.01013827,-0.008452336,-0.006527489,-0.004669532,-0.002740269,-0.0008743316,0.00105119,0.002922218,0.004789047,0.006490828,0.008077036,0.009382444,0.01051041,0.01133822,0.01206329,0.01263495,0.0132694,0.01390539,0.0146399,0.01524985,0.01568941,0.01568552,0.01529579,0.01440537,0.01327073,0.01178623,0.01025664,0.008526018,0.00683106,0.005080389,0.003451747,0.001830987,0.0004368939,-0.0009666061,-0.002106173,-0.003248631,-0.00418267,-0.005106029,-0.005865021,-0.006640019,-0.007236654,-0.007837734,-0.008215139,-0.008324715,-0.007620742,-0.003578141,3.181928e-05,NaN,NaN,NaN,NaN,NaN,NaN,NaN,NaN,NaN,NaN
NaN,NaN,NaN,NaN,NaN,NaN,NaN,NaN,NaN,NaN,NaN,-0.0003648223,-0.03195333,-0.05177674,-0.04855414,-0.04607343,-0.03957768,-0.03595894,-0.0299951,-0.02655939,-0.02198542,-0.01955493,-0.01652497,-0.01523979,-0.01363827,-0.01341354,-0.01290578,-0.01340203,-0.01335317,-0.01389106,-0.01360491,-0.01355997,-0.01277442,-0.01215766,-0.01107766,-0.01034628,-0.009301753,-0.008754111,-0.00793252,-0.00746329,-0.006814732,-0.006398756,-0.006072253,-0.006343743,-0.006999837,-0.008522563,-0.01011097,-0.01163388,-0.01227668,-0.01186352,-0.0105411,-0.008738775,-0.006601817,-0.004641156,-0.002565897,-0.0006644456,0.001286989,0.003184966,0.00508885,0.006863188,0.008554307,0.00999912,0.01126411,0.01225695,0.01309158,0.01375041,0.01439977,0.0150165,0.01567022,0.0162604,0.01663975,0.01669611,0.01627936,0.01544166,0.01423166,0.01275618,0.0111213,0.009401362,0.007595023,0.00586419,0.004096875,0.002497455,0.0009444638,-0.0004514802,-0.001747551,-0.002894457,-0.00396788,-0.004877524,-0.005755273,-0.006516407,-0.007180915,-0.007859526,-0.008263148,-0.008803396,-0.008634825,-0.008560493,-0.005060012,-9.635249e-05,NaN,NaN,NaN,NaN,NaN,NaN,NaN,NaN,NaN,NaN
NaN,NaN,NaN,NaN,NaN,NaN,NaN,NaN,NaN,NaN,NaN,-0.004368673,-0.0492603,-0.06166453,-0.05418608,-0.04933392,-0.04079662,-0.03633074,-0.02956185,-0.0262775,-0.02148004,-0.01957656,-0.01648985,-0.01592307,-0.01417232,-0.01465673,-0.01385988,-0.01476414,-0.01432878,-0.01496772,-0.01418747,-0.01426062,-0.01293583,-0.01261556,-0.01114018,-0.01071338,-0.009495034,-0.009181209,-0.008205647,-0.008038944,-0.00714796,-0.007196615,-0.006800315,-0.007593098,-0.008385223,-0.01009545,-0.01129093,-0.01237072,-0.01187146,-0.01092973,-0.008732862,-0.00672885,-0.004312175,-0.002355702,-0.0001609925,0.001605618,0.003718157,0.005432983,0.007437041,0.009012462,0.01072705,0.01194098,0.01322176,0.01400752,0.01488786,0.0154263,0.01613761,0.01661433,0.01723639,0.01746988,0.01760659,0.01711863,0.01636907,0.01506974,0.01363154,0.01188524,0.01017623,0.008290364,0.00654457,0.00470642,0.003071769,0.0014259,3.089198e-07,-0.001405323,-0.00258591,-0.003759553,-0.004697986,-0.005676281,-0.006408682,-0.00723254,-0.007780407,-0.008474022,-0.008763199,-0.0093079,-0.009017424,-0.009188598,-0.006786219,-0.0004026738,NaN,NaN,NaN,NaN,NaN,NaN,NaN,NaN,NaN,NaN
NaN,NaN,NaN,NaN,NaN,NaN,NaN,NaN,NaN,NaN,0.001500522,-0.01608568,-0.0667461,-0.06910082,-0.05951651,-0.05027148,-0.04174642,-0.03532987,-0.02940722,-0.02539892,-0.02141496,-0.01939594,-0.01699306,-0.01640306,-0.01530143,-0.01560464,-0.01520011,-0.01582281,-0.01537311,-0.0157179,-0.01479091,-0.01455129,-0.01327939,-0.01270212,-0.0113898,-0.01090335,-0.009761364,-0.009512561,-0.008581164,-0.008441602,-0.007728189,-0.007870086,-0.007782243,-0.008822896,-0.009676598,-0.01126014,-0.01181588,-0.01203954,-0.01066577,-0.008975537,-0.006354702,-0.00418689,-0.001656647,0.0002250719,0.002432155,0.004137405,0.006229424,0.007856664,0.009821705,0.01124321,0.01287823,0.0139215,0.0151154,0.01574677,0.01660374,0.0169906,0.01768457,0.01793052,0.01837043,0.01819089,0.01797123,0.01697068,0.01592882,0.01422046,0.0126829,0.01069295,0.009012617,0.006993079,0.005359713,0.003431752,0.001978939,0.0002471697,-0.0009734393,-0.002464918,-0.003447199,-0.004716723,-0.005456652,-0.006554873,-0.007080735,-0.008032771,-0.008365431,-0.009159435,-0.0092202,-0.009788945,-0.009319944,-0.009486048,-0.007645467,-0.001693079,0.0003323983,NaN,NaN,NaN,NaN,NaN,NaN,NaN,NaN,NaN
NaN,NaN,NaN,NaN,NaN,NaN,NaN,NaN,NaN,NaN,0.0004996244,-0.03704246,-0.08179103,-0.07471444,-0.06263734,-0.04989145,-0.04153176,-0.03400557,-0.02900513,-0.02450275,-0.02166414,-0.01923914,-0.01785878,-0.01698793,-0.0165869,-0.01656705,-0.01655454,-0.01664062,-0.01641457,-0.01610706,-0.01535577,-0.01462339,-0.01355577,-0.0126971,-0.01166746,-0.01097247,-0.01015078,-0.00969879,-0.009055953,-0.008782013,-0.008389817,-0.008542004,-0.008831647,-0.009809135,-0.01066709,-0.01159163,-0.01144422,-0.01060372,-0.008561137,-0.006236287,-0.003520071,-0.001193929,0.001180384,0.003078771,0.005125336,0.006841362,0.008766282,0.01038781,0.01214242,0.01350611,0.01491264,0.0158641,0.01684512,0.01740136,0.01806126,0.01836803,0.01881314,0.01885271,0.01890281,0.01835867,0.01766827,0.01633331,0.01493512,0.0130625,0.01136268,0.009324386,0.007613972,0.00561018,0.003996295,0.002142935,0.00072353,-0.0009231977,-0.002083295,-0.003526852,-0.004428336,-0.00566515,-0.006348344,-0.007397169,-0.007886237,-0.00878869,-0.009048916,-0.009786584,-0.009723011,-0.01013439,-0.00955911,-0.009404535,-0.007957193,-0.003337408,-0.0001838937,NaN,NaN,NaN,NaN,NaN,NaN,NaN,NaN,NaN
NaN,NaN,NaN,NaN,NaN,NaN,NaN,NaN,NaN,NaN,-0.002316912,-0.06519327,-0.09605718,-0.07697276,-0.06385325,-0.04772467,-0.04106406,-0.03193879,-0.02904185,-0.02340114,-0.02242133,-0.01902139,-0.01921619,-0.01739532,-0.01825168,-0.01716051,-0.01809191,-0.01698787,-0.01749315,-0.01605401,-0.01598845,-0.01433757,-0.01400013,-0.01241671,-0.01214806,-0.01081229,-0.01072707,-0.009663667,-0.00970596,-0.008927454,-0.00921032,-0.008987543,-0.009842314,-0.010192,-0.01108796,-0.01074299,-0.01012715,-0.008020114,-0.005773365,-0.002858554,-0.0004280923,0.002134372,0.004059427,0.006155652,0.007787017,0.009668752,0.01122081,0.01293864,0.01430656,0.01571052,0.01672038,0.01767767,0.01829261,0.01883316,0.01914302,0.0193811,0.01940308,0.01924871,0.01877672,0.01793941,0.01678155,0.01522142,0.01354818,0.01161641,0.009787207,0.007808918,0.006047979,0.004134952,0.002545323,0.0007670527,-0.0005841862,-0.002161606,-0.003262861,-0.004626321,-0.005481858,-0.006654423,-0.00727819,-0.008295104,-0.008715861,-0.009568063,-0.009774817,-0.01037142,-0.01024946,-0.0103526,-0.009727223,-0.008950535,-0.008212803,-0.004931349,-0.0001798604,NaN,NaN,NaN,NaN,NaN,NaN,NaN,NaN,NaN
NaN,NaN,NaN,NaN,NaN,NaN,NaN,NaN,NaN,NaN,-0.01473054,-0.09925937,-0.1027873,-0.07832111,-0.06098673,-0.04613959,-0.03874865,-0.03109592,-0.02814055,-0.02346514,-0.02256144,-0.01975857,-0.02003483,-0.01844429,-0.01935168,-0.01807464,-0.0190094,-0.01749117,-0.01796333,-0.01615971,-0.01615327,-0.01423902,-0.01414624,-0.01231835,-0.01239657,-0.01082592,-0.01105409,-0.009773034,-0.010128,-0.009123715,-0.009802223,-0.009242607,-0.01030337,-0.009904531,-0.01039131,-0.008857661,-0.007680345,-0.00462397,-0.002438925,0.0008699704,0.00282915,0.005550095,0.00698915,0.009236417,0.01041046,0.01245433,0.01352857,0.01537143,0.01622966,0.01772512,0.01819731,0.0192487,0.01931035,0.01994457,0.01967829,0.01994887,0.01932581,0.01911657,0.01794026,0.01708292,0.01528093,0.01388371,0.01171538,0.01010515,0.007901768,0.006319053,0.004222811,0.002766495,0.0008240654,-0.0004404347,-0.00216934,-0.003212104,-0.004708867,-0.005527506,-0.006813949,-0.007409901,-0.008523956,-0.008918422,-0.009875463,-0.01005713,-0.01081042,-0.01064665,-0.01106329,-0.01021202,-0.01005814,-0.008134907,-0.007728874,-0.005765826,-0.0007472028,NaN,NaN,NaN,NaN,NaN,NaN,NaN,NaN,NaN
NaN,NaN,NaN,NaN,NaN,NaN,NaN,NaN,NaN,0.002944618,-0.04693817,-0.1236036,-0.1023612,-0.07727369,-0.05549231,-0.04487677,-0.0354871,-0.03119787,-0.026733,-0.02443567,-0.02224391,-0.02127215,-0.02023048,-0.02010645,-0.01963818,-0.01939536,-0.01908411,-0.01827576,-0.01769695,-0.01659548,-0.01568795,-0.01457203,-0.0137287,-0.01265433,-0.01213246,-0.01119044,-0.01088438,-0.01016345,-0.01000297,-0.009510089,-0.009657073,-0.009359435,-0.009620668,-0.008933424,-0.008258734,-0.006181532,-0.004097018,-0.0009828456,0.001500774,0.004405676,0.006381575,0.008677079,0.01007049,0.01199524,0.0131083,0.01482647,0.01583057,0.01731157,0.01803434,0.01920333,0.01945704,0.02021526,0.02004441,0.02035704,0.01983824,0.01976697,0.01878347,0.01827286,0.01669701,0.01563858,0.01357341,0.01212625,0.009829374,0.008331408,0.006019774,0.00465819,0.002442664,0.001254206,-0.0008128366,-0.001776168,-0.003659799,-0.004369929,-0.006064648,-0.006522512,-0.008058607,-0.008258616,-0.009675117,-0.009648602,-0.01092388,-0.01066118,-0.01173233,-0.01103429,-0.0117432,-0.0102396,-0.01011309,-0.007545439,-0.006385281,-0.004666587,-0.001787716,-0.0001994002,NaN,NaN,NaN,NaN,NaN,NaN,NaN,NaN
NaN,NaN,NaN,NaN,NaN,NaN,NaN,NaN,NaN,-0.008559891,-0.09626969,-0.1303182,-0.0976152,-0.07199465,-0.05015329,-0.04261942,-0.03309764,-0.03100118,-0.02594015,-0.0253564,-0.022161,-0.0227548,-0.02037785,-0.02158525,-0.01967372,-0.02048943,-0.01875696,-0.01898962,-0.0169986,-0.01710393,-0.01489683,-0.01499345,-0.01305969,-0.01307333,-0.01154571,-0.01165596,-0.01026211,-0.01060554,-0.009313107,-0.00972556,-0.008700912,-0.008911842,-0.007687706,-0.00714688,-0.004767842,-0.002996541,0.0003107592,0.002621452,0.0057367,0.007611062,0.01005443,0.01135871,0.01323178,0.01423746,0.0158137,0.01662445,0.01803205,0.01860964,0.01965999,0.01995442,0.02049157,0.02038992,0.02048967,0.01995127,0.01965886,0.01875471,0.01795789,0.01665219,0.01532623,0.01359086,0.01189614,0.009943732,0.008105523,0.006204359,0.004405068,0.002665203,0.0009810766,-0.0005644633,-0.002101067,-0.003414518,-0.004763832,-0.005840938,-0.007014301,-0.007844652,-0.008876973,-0.009480027,-0.01035981,-0.01079797,-0.01149338,-0.01169835,-0.01218154,-0.01191213,-0.01192305,-0.01087176,-0.009718059,-0.007450607,-0.004775906,-0.002255205,-0.002546987,-6.542927e-05,NaN,NaN,NaN,NaN,NaN,NaN,NaN,NaN
NaN,NaN,NaN,NaN,NaN,NaN,NaN,NaN,0.002618571,-0.0432815,-0.1386108,-0.1226564,-0.09154914,-0.06171693,-0.04773372,-0.03789978,-0.03334538,-0.02901608,-0.02716748,-0.02460182,-0.02384442,-0.02240624,-0.02201535,-0.02126737,-0.02076327,-0.02004183,-0.01928333,-0.01831534,-0.0172881,-0.0162832,-0.01510128,-0.01425791,-0.01315516,-0.0124826,-0.0115618,-0.01103691,-0.01019329,-0.009807919,-0.008940446,-0.008584199,-0.007579144,-0.006910055,-0.005300723,-0.003775558,-0.001122235,0.001230994,0.004356909,0.00664002,0.009355015,0.01098292,0.0130469,0.0141166,0.01570866,0.01644827,0.01781061,0.01830003,0.01947069,0.01969036,0.02051027,0.02037902,0.02076758,0.02017706,0.02018584,0.01914494,0.01878545,0.0173644,0.01657862,0.01475608,0.01359868,0.01140691,0.01005951,0.007711004,0.006362589,0.00406674,0.002851016,0.0006770688,-0.0003517879,-0.002389825,-0.003197608,-0.005075626,-0.005639317,-0.007353452,-0.00770031,-0.009254145,-0.009400563,-0.01083221,-0.01075464,-0.01209809,-0.01178039,-0.01293999,-0.01232756,-0.01309004,-0.01185974,-0.01186383,-0.009342997,-0.007754631,-0.003457943,-0.000260375,0.0009452731,-0.0004618455,-5.659082e-05,NaN,NaN,NaN,NaN,NaN,NaN,NaN
NaN,NaN,NaN,NaN,NaN,NaN,NaN,-9.193851e-05,-0.01107047,-0.108556,-0.1449709,-0.111852,-0.07859707,-0.05425597,-0.04337003,-0.03561927,-0.03220867,-0.02867833,-0.0271883,-0.02494216,-0.02441454,-0.02270567,-0.02265523,-0.02121672,-0.02104355,-0.01966624,-0.01920097,-0.01768223,-0.01712715,-0.01547379,-0.01497003,-0.01341961,-0.0129653,-0.0116473,-0.0112421,-0.01003163,-0.009675926,-0.008403154,-0.00797453,-0.006515249,-0.005707413,-0.003785447,-0.00223505,0.0004470515,0.002686989,0.005751597,0.007990757,0.0106414,0.01230475,0.0142701,0.01531276,0.01676178,0.01741018,0.01851611,0.0189606,0.01979289,0.02000588,0.02055985,0.02041345,0.02061061,0.02006472,0.01982239,0.01891975,0.01826633,0.01702762,0.01602766,0.01443148,0.01310969,0.01122627,0.009667153,0.007672798,0.006055539,0.004117739,0.002596201,0.0008060606,-0.0005676291,-0.002186665,-0.00339941,-0.004828102,-0.005858941,-0.007091213,-0.007947501,-0.009007588,-0.009714105,-0.01061295,-0.01119048,-0.01192849,-0.01236236,-0.01292903,-0.01313621,-0.01342366,-0.01324222,-0.01290227,-0.01193395,-0.01028838,-0.007574677,-0.003600504,0.001387408,0.005463835,0.002074898,-3.975867e-05,-0.0002160225,NaN,NaN,NaN,NaN,NaN,NaN
NaN,NaN,NaN,NaN,-0.00209245,-0.002896498,-0.0008964504,-0.004036907,-0.06905974,-0.1449682,-0.1325125,-0.09564658,-0.06521465,-0.04812526,-0.03929731,-0.03422521,-0.03094743,-0.02872123,-0.02683512,-0.02548039,-0.02431393,-0.02319223,-0.02242799,-0.02132798,-0.02050806,-0.01942354,-0.01840133,-0.01724353,-0.01622648,-0.01493264,-0.01405207,-0.01279408,-0.01196647,-0.01087636,-0.01002457,-0.008959316,-0.008071439,-0.006795583,-0.005736253,-0.004095001,-0.002549485,-0.000389982,0.001793769,0.004458485,0.006898478,0.009556651,0.0116407,0.01372405,0.01516852,0.0166063,0.01747104,0.01845921,0.0189567,0.01962826,0.01991069,0.02030721,0.02033298,0.02044982,0.02012413,0.01990027,0.01921232,0.01859586,0.01758621,0.01662579,0.01531862,0.01407732,0.01248411,0.01100055,0.009210235,0.00758491,0.005751251,0.004142473,0.002396553,0.0009198915,-0.0006757357,-0.001992675,-0.00342606,-0.004581372,-0.005841489,-0.006824474,-0.007918007,-0.008746228,-0.009698006,-0.01040256,-0.01122049,-0.01181218,-0.01249583,-0.01294737,-0.01347398,-0.01371525,-0.01396691,-0.01384729,-0.01350981,-0.01262037,-0.01103916,-0.008394067,-0.004284332,0.001383053,0.007687684,0.008854135,0.00282889,-0.0003795461,-0.0006240154,-0.0005716894,-0.001097998,NaN,NaN,NaN
-0.001427849,-0.001695851,-0.00133197,-0.001457016,-0.001275495,-0.002293181,-0.009475353,-0.05900054,-0.1168421,-0.138371,-0.1119744,-0.07611984,-0.05517051,-0.04218667,-0.03695646,-0.03233435,-0.03055278,-0.02796268,-0.02697942,-0.02512196,-0.02442598,-0.02283649,-0.02223771,-0.02068342,-0.02001611,-0.01847605,-0.01767338,-0.01616875,-0.01530825,-0.01382315,-0.01300498,-0.01155862,-0.0107642,-0.009368978,-0.008490574,-0.007051595,-0.005976798,-0.004309787,-0.002918069,-0.0008491654,0.001006342,0.003509457,0.005764719,0.008417355,0.01061193,0.0129218,0.01459712,0.0162702,0.01732031,0.01839457,0.01894533,0.0196,0.01982356,0.0201851,0.0201826,0.02027166,0.02002747,0.01981803,0.01927523,0.01874309,0.01788746,0.01702927,0.01590415,0.01476265,0.01341701,0.01203686,0.01049834,0.008935509,0.007283622,0.005646149,0.004012425,0.00242737,0.0009204022,-0.0005334937,-0.00187397,-0.003184602,-0.004362084,-0.005532441,-0.006546477,-0.007578121,-0.008442972,-0.009360587,-0.01010354,-0.01093246,-0.01156043,-0.0123061,-0.012806,-0.01344523,-0.0137831,-0.01425066,-0.01432858,-0.01447508,-0.01403351,-0.01348236,-0.0119289,-0.009748493,-0.005779827,-0.0002646991,0.007229329,0.01308502,0.01109514,0.003291034,-0.0003451105,-0.001066555,-0.001059299,-0.001388827,-0.001315975,-0.001621651
-0.003055008,-0.002214557,-0.006182749,-0.005212368,-0.01113097,-0.0076575,-0.05308357,-0.1042802,-0.1195939,-0.1191873,-0.08523118,-0.06245199,-0.04553978,-0.03940758,-0.03361076,-0.03200654,-0.02883497,-0.02814483,-0.02580276,-0.02532043,-0.02333446,-0.02280937,-0.02096858,-0.02032025,-0.01852892,-0.01779758,-0.01604195,-0.0152627,-0.01357267,-0.01274817,-0.01113312,-0.01025935,-0.008657693,-0.007697085,-0.006009842,-0.004856755,-0.002976883,-0.001506968,0.0006606546,0.002506643,0.004981693,0.007094584,0.009648324,0.0116685,0.01386618,0.01541559,0.01699385,0.0179449,0.01891879,0.01936586,0.0198719,0.01997747,0.02015727,0.02002501,0.01995147,0.01959861,0.01925941,0.01866606,0.01803666,0.01719224,0.01628469,0.01520727,0.01406361,0.01280551,0.01146509,0.0100661,0.00856419,0.007074922,0.005492639,0.004009504,0.002455622,0.00108338,-0.0003640456,-0.001570604,-0.002892612,-0.003935373,-0.005143251,-0.006033053,-0.007135172,-0.007881473,-0.008900562,-0.009526822,-0.01049095,-0.01101372,-0.01193007,-0.01234375,-0.01319944,-0.01347429,-0.01423782,-0.01431388,-0.01490726,-0.01465264,-0.01487498,-0.01396706,-0.01333006,-0.01097288,-0.008304423,-0.002827377,0.003625472,0.01208163,0.01595164,0.01230086,0.003810386,0.0007603718,-0.001036817,-0.0007376031,-0.002074714,-0.001036906
-0.006403387,-0.009979406,-0.01469328,-0.02098276,-0.02584285,-0.03846477,-0.07969276,-0.1066335,-0.1062329,-0.08962364,-0.06602105,-0.05010165,-0.04054093,-0.03565808,-0.03225974,-0.03018635,-0.02823884,-0.02685113,-0.02533047,-0.0241363,-0.02271993,-0.02152449,-0.02008432,-0.01883242,-0.01737335,-0.01610641,-0.01465776,-0.01341328,-0.01197575,-0.0107441,-0.009296404,-0.008016144,-0.006499231,-0.005093768,-0.003421339,-0.001819152,8.738082e-05,0.001934863,0.004084305,0.006147278,0.008430757,0.01052004,0.01266343,0.01443416,0.01611649,0.01732391,0.01841574,0.01905254,0.01961897,0.01980425,0.01998554,0.01985619,0.01976951,0.01941317,0.0191064,0.01853905,0.01800864,0.01721919,0.01646117,0.01546146,0.01449687,0.01332113,0.01219496,0.01088472,0.009635541,0.008219047,0.006878404,0.005407531,0.004043292,0.002603031,0.001304082,-2.984558e-05,-0.001204521,-0.002403307,-0.003448274,-0.004523252,-0.005456912,-0.006423023,-0.007260089,-0.008134144,-0.008896343,-0.009702661,-0.01041043,-0.01116125,-0.01181573,-0.01250227,-0.01308538,-0.01368094,-0.01416051,-0.01461811,-0.01493068,-0.01515102,-0.0151401,-0.01488331,-0.01416367,-0.01282212,-0.01044685,-0.006632381,-0.0008959726,0.006432921,0.01298648,0.01481856,0.01025927,0.004587941,0.0007642108,-0.001534353,-0.002973818,-0.004425665
-0.01440419,-0.01934489,-0.02610731,-0.03302991,-0.04197452,-0.05835975,-0.08377618,-0.09104523,-0.08169753,-0.06738595,-0.05183322,-0.04265268,-0.03635517,-0.03317032,-0.03037318,-0.02875728,-0.02687731,-0.02565399,-0.024057,-0.02290022,-0.02135561,-0.02012142,-0.01853657,-0.01722124,-0.01561299,-0.01428481,-0.01270025,-0.01138497,-0.009830029,-0.008495921,-0.006918304,-0.005504275,-0.003819191,-0.002260339,-0.0004134166,0.001331811,0.003344158,0.005255613,0.007371239,0.009330652,0.01139543,0.01318853,0.01495038,0.01632553,0.01756601,0.01839419,0.01908319,0.01940406,0.01964352,0.01958192,0.01949904,0.01917837,0.01886734,0.01835289,0.01785093,0.01715635,0.01646309,0.0155923,0.01471806,0.01369173,0.01267168,0.01152616,0.01040087,0.00917457,0.007966778,0.006682124,0.005419308,0.004117222,0.002861306,0.001608615,0.0004269488,-0.0007202468,-0.001793223,-0.0028209,-0.00379105,-0.004716919,-0.005603226,-0.006446715,-0.007266087,-0.008045831,-0.008819107,-0.009553195,-0.01029487,-0.0109888,-0.01169576,-0.01233737,-0.01299139,-0.01355565,-0.01412914,-0.01458016,-0.01502549,-0.01529251,-0.01550055,-0.01541336,-0.01511471,-0.01424171,-0.0127655,-0.01011082,-0.006171085,-0.0006441632,0.005290695,0.009147669,0.008632872,0.0051288,0.000421195,-0.003367912,-0.007005239,-0.01011537
-0.02172771,-0.02784887,-0.03430894,-0.04205311,-0.0503826,-0.06241311,-0.07089043,-0.07031898,-0.06252416,-0.05147289,-0.04327219,-0.0370873,-0.0334377,-0.03058478,-0.02868883,-0.02685115,-0.02543687,-0.02389618,-0.0225904,-0.02110551,-0.01974874,-0.01820913,-0.01675239,-0.01514983,-0.01364454,-0.0120362,-0.01053843,-0.008961647,-0.007464985,-0.005888797,-0.004340265,-0.00268797,-0.00102719,0.0007543435,0.002547877,0.004438605,0.006321596,0.008238536,0.01009574,0.01190263,0.01356265,0.01507768,0.01635448,0.01740385,0.01818245,0.0187164,0.01901633,0.01911542,0.01904256,0.01882865,0.01850369,0.01807697,0.01757631,0.01698612,0.016333,0.01559057,0.01479286,0.01390863,0.01298593,0.01199008,0.01097498,0.009905547,0.008833462,0.00771437,0.006603241,0.00544555,0.004314838,0.00315513,0.002050263,0.0009419596,-8.84375e-05,-0.001110778,-0.002046044,-0.002982226,-0.003833585,-0.004701774,-0.005489499,-0.006307397,-0.007049267,-0.007834327,-0.008545466,-0.009310671,-0.009997405,-0.01074314,-0.01139844,-0.01211174,-0.01271748,-0.013378,-0.01391117,-0.01449306,-0.01492075,-0.01537835,-0.01562873,-0.01585625,-0.01575264,-0.01547846,-0.01458581,-0.01317813,-0.01066825,-0.007407591,-0.003507487,-0.0004000007,0.0007273328,-0.0008717955,-0.004024507,-0.008119805,-0.01219634,-0.01683796
-0.02770706,-0.03270199,-0.03840698,-0.04372372,-0.04965432,-0.05435121,-0.05733981,-0.05463078,-0.04844262,-0.04284972,-0.03722227,-0.03356693,-0.03046695,-0.02845319,-0.02649039,-0.02503639,-0.02341901,-0.0220968,-0.02055664,-0.0192072,-0.01762715,-0.0161749,-0.01451715,-0.01297981,-0.01127978,-0.009724231,-0.008039356,-0.006499388,-0.004839677,-0.003284468,-0.001597759,2.368157e-05,0.001791174,0.003495406,0.005324955,0.00706102,0.008860408,0.01052075,0.01216698,0.01361147,0.01497016,0.01605986,0.01700481,0.01764811,0.01812504,0.01832778,0.01839561,0.01824543,0.01801668,0.01762555,0.01720143,0.01665618,0.01609398,0.0154267,0.01474318,0.01396196,0.01316624,0.01228914,0.01140483,0.01045962,0.009520856,0.008537504,0.007569836,0.006566244,0.005573581,0.004555536,0.003551424,0.002543024,0.001565048,0.0006031704,-0.0003163874,-0.001209426,-0.00206444,-0.002892857,-0.003696743,-0.004477582,-0.005246313,-0.005996162,-0.00674449,-0.007476656,-0.008215207,-0.008934715,-0.009664423,-0.01036652,-0.01107831,-0.01174961,-0.01242824,-0.0130517,-0.01368044,-0.01423803,-0.01479654,-0.01526064,-0.01571014,-0.01601839,-0.0162631,-0.01625707,-0.01606129,-0.01539354,-0.0143342,-0.01263259,-0.01072016,-0.009199331,-0.008813648,-0.009649724,-0.01192073,-0.0149174,-0.01874167,-0.02283969
-0.0310842,-0.03495772,-0.03844135,-0.04201464,-0.04440837,-0.04656141,-0.04610962,-0.04427347,-0.04102536,-0.03656478,-0.03330952,-0.03019219,-0.02803169,-0.02598783,-0.02442925,-0.02279686,-0.02140871,-0.01987617,-0.01848296,-0.01692813,-0.01545087,-0.01382315,-0.01224866,-0.01055806,-0.008936468,-0.007235307,-0.005623416,-0.003956024,-0.002362947,-0.0007163436,0.0008905187,0.002559328,0.004197037,0.005884333,0.00750983,0.009133553,0.01065028,0.01209781,0.01339211,0.01455904,0.01552518,0.01632353,0.01689219,0.0172761,0.01744711,0.0174544,0.0173011,0.01703252,0.01665487,0.01620796,0.01569348,0.01513335,0.01452542,0.01387417,0.01317983,0.01244317,0.01167409,0.01086929,0.01004868,0.009202312,0.008353899,0.007489669,0.006630161,0.005752869,0.004883074,0.003990343,0.003116854,0.002228173,0.001374616,0.0005171292,-0.0002955992,-0.001111611,-0.001881098,-0.002663679,-0.003401054,-0.004162575,-0.004881011,-0.0056328,-0.006343781,-0.007094675,-0.00780223,-0.008552603,-0.009251924,-0.00999424,-0.01067481,-0.01139684,-0.0120454,-0.01273482,-0.0133391,-0.01398487,-0.01453357,-0.01512322,-0.01559755,-0.01610579,-0.01645876,-0.01681628,-0.01693346,-0.01698523,-0.0166814,-0.01634688,-0.0158784,-0.01570391,-0.01605935,-0.01733932,-0.01915326,-0.02165816,-0.02436603,-0.02770506
-0.03293598,-0.03505114,-0.03720457,-0.03856844,-0.03984565,-0.04000436,-0.04008782,-0.03825535,-0.03537025,-0.03294344,-0.02988778,-0.02766256,-0.02543525,-0.02379627,-0.02207939,-0.02068,-0.01910997,-0.01773195,-0.01616048,-0.01472036,-0.01309231,-0.01156234,-0.009872467,-0.008280937,-0.006564418,-0.004968768,-0.003278862,-0.001718206,-8.051452e-05,0.001449283,0.003053426,0.004564614,0.006141956,0.007605164,0.009097397,0.01043457,0.01174328,0.01286259,0.01390341,0.01472392,0.01543575,0.01590557,0.01625631,0.01637458,0.01638665,0.01621097,0.0159691,0.01559007,0.01518759,0.0146853,0.01418767,0.01361463,0.01305132,0.01241972,0.01179525,0.01110769,0.01043019,0.009703193,0.008991234,0.008242273,0.007514536,0.006755785,0.006018674,0.005250692,0.004495988,0.003714925,0.002946074,0.002162401,0.001398648,0.0006291744,-0.0001166437,-0.0008649333,-0.001595002,-0.002327099,-0.003049253,-0.003773431,-0.004494699,-0.005219076,-0.00594599,-0.006674519,-0.007407314,-0.008134997,-0.008866277,-0.009583195,-0.01030229,-0.01099714,-0.01169375,-0.01235707,-0.01302364,-0.01364914,-0.01428158,-0.01486571,-0.01546208,-0.01599898,-0.01655162,-0.01702062,-0.01750644,-0.01787103,-0.0182716,-0.01854695,-0.01897389,-0.01968096,-0.02082208,-0.022272,-0.02417195,-0.0261384,-0.02836125,-0.03052384
-0.03322306,-0.03465844,-0.03554132,-0.03641231,-0.03645266,-0.03660038,-0.03538289,-0.03410865,-0.03226203,-0.02947636,-0.02734446,-0.02503708,-0.02326445,-0.02147177,-0.01999148,-0.01842239,-0.01701589,-0.01548198,-0.01404127,-0.01247098,-0.01095963,-0.00933975,-0.007769065,-0.006121538,-0.004538209,-0.002908324,-0.001362092,0.0002064058,0.0016932,0.003189021,0.004616497,0.00604436,0.007394585,0.008721378,0.009936566,0.0110854,0.01209211,0.0129919,0.01373085,0.01433826,0.01477158,0.01506845,0.01519598,0.01519872,0.01506447,0.01483466,0.01451624,0.01414116,0.01371271,0.01325564,0.01276897,0.01226457,0.01174059,0.01119682,0.01063475,0.01005195,0.009457546,0.00884501,0.00823004,0.007599224,0.006970337,0.00632643,0.005683122,0.005018461,0.004353956,0.003661866,0.002977084,0.002267275,0.001573131,0.0008587735,0.000164282,-0.0005514498,-0.001245279,-0.001965807,-0.002661945,-0.003390077,-0.004092385,-0.004830918,-0.00554243,-0.00629168,-0.007008284,-0.007761359,-0.008473043,-0.009219486,-0.009915573,-0.01064554,-0.01131736,-0.01202455,-0.01266725,-0.01334946,-0.01396336,-0.0146245,-0.01521523,-0.01586622,-0.01644316,-0.01710027,-0.01767823,-0.0183677,-0.01898714,-0.01983086,-0.02073777,-0.02187997,-0.02323506,-0.0249542,-0.02668213,-0.02854427,-0.03015479,-0.03185691
-0.03300845,-0.03365457,-0.03422634,-0.03419529,-0.034209,-0.03346044,-0.0329354,-0.03127389,-0.0290978,-0.0273189,-0.02493459,-0.02307508,-0.02110673,-0.01954937,-0.01790244,-0.01649912,-0.01495152,-0.01355758,-0.01200681,-0.01056933,-0.008987951,-0.007502873,-0.005903112,-0.004403998,-0.002819367,-0.001354813,0.0001698692,0.001564162,0.002997727,0.004308017,0.005643412,0.006855484,0.00807636,0.009150659,0.01020408,0.01108446,0.01191031,0.01255272,0.01311995,0.01349956,0.01380154,0.01391977,0.01397218,0.0138642,0.01370986,0.01343453,0.01314396,0.01276857,0.01240532,0.01197836,0.01157735,0.01112526,0.01069875,0.01022425,0.009770945,0.009270793,0.008790058,0.00826821,0.007763928,0.007222143,0.006696397,0.006131412,0.005577926,0.004982704,0.004391607,0.003762549,0.003135804,0.002478418,0.001827097,0.001150052,0.0004811957,-0.0002101711,-0.0008954323,-0.001599301,-0.002300115,-0.003015926,-0.003731204,-0.004459405,-0.005188404,-0.005926157,-0.006663272,-0.007401242,-0.008136253,-0.008863444,-0.009586282,-0.01029373,-0.01099759,-0.01168041,-0.01236309,-0.01302136,-0.01368666,-0.01432743,-0.01498829,-0.01562772,-0.01630907,-0.01697586,-0.01772555,-0.01847921,-0.0193845,-0.02031211,-0.02145865,-0.02282348,-0.0243955,-0.02601148,-0.02773825,-0.02928015,-0.03076703,-0.03192021
-0.03208465,-0.03267051,-0.03273579,-0.03279616,-0.03219276,-0.03170703,-0.03020625,-0.02890264,-0.02728924,-0.02497087,-0.02314857,-0.02110793,-0.01944102,-0.01772322,-0.01625067,-0.01470942,-0.01330899,-0.01181479,-0.01040861,-0.008911206,-0.007478662,-0.005976892,-0.0045354,-0.003052165,-0.001641448,-0.0002132198,0.001126781,0.002462906,0.003708011,0.004931169,0.006066197,0.007164949,0.00816388,0.00910786,0.00993003,0.01067268,0.01128309,0.01179732,0.01218222,0.01246931,0.01263389,0.01271243,0.01268457,0.0125871,0.01241119,0.01218551,0.01191423,0.01161745,0.01129663,0.01096593,0.01062324,0.01027356,0.00991679,0.009548749,0.009172078,0.008779278,0.00837798,0.007956412,0.007527858,0.007075043,0.006613425,0.006123667,0.005621284,0.005085129,0.004537535,0.003952421,0.003362393,0.002736229,0.002110832,0.001452656,0.0007991467,0.0001139092,-0.0005618082,-0.001270329,-0.001963704,-0.002691186,-0.003399556,-0.004142848,-0.004863509,-0.005618023,-0.006343288,-0.007099853,-0.007818813,-0.008567009,-0.00927003,-0.0100019,-0.01068288,-0.01139513,-0.01205289,-0.01274749,-0.01338737,-0.01407458,-0.01471079,-0.01541321,-0.01607265,-0.01683111,-0.01756272,-0.01844557,-0.01933246,-0.02047561,-0.02169043,-0.02307808,-0.02455644,-0.02620451,-0.02771437,-0.02920903,-0.03036215,-0.03143801
-0.0310985,-0.03130349,-0.03140152,-0.03097207,-0.03057045,-0.02951631,-0.02871519,-0.02707292,-0.02512719,-0.02355708,-0.02145693,-0.01975045,-0.01790614,-0.01638244,-0.01477913,-0.01339123,-0.01189681,-0.01055054,-0.009090103,-0.007746705,-0.006301437,-0.004959868,-0.003540446,-0.002227353,-0.0008585257,0.0003897518,0.001673987,0.002828607,0.003999144,0.005041551,0.006083654,0.006994713,0.007892532,0.008644978,0.0093685,0.009936244,0.01046008,0.0108332,0.01115989,0.0113471,0.01149903,0.01152427,0.0115291,0.01142682,0.01131603,0.011123,0.01093762,0.0106914,0.01046926,0.01019831,0.009957457,0.009673739,0.009416595,0.009116469,0.008836058,0.008509214,0.008195262,0.007834055,0.007479287,0.007076025,0.006674586,0.006220828,0.005764691,0.005255576,0.004740498,0.004178132,0.003609526,0.003000052,0.002387409,0.001738228,0.001089054,0.0004083088,-0.0002712208,-0.0009758543,-0.001679105,-0.002401865,-0.003123129,-0.003860045,-0.004594539,-0.005339535,-0.006079655,-0.006822725,-0.007558413,-0.00828936,-0.009011707,-0.00972307,-0.01042688,-0.01111567,-0.01180091,-0.01246973,-0.01314305,-0.01380234,-0.0144808,-0.01515225,-0.01586803,-0.01659048,-0.01740294,-0.01824801,-0.01924702,-0.02028348,-0.02151043,-0.02289159,-0.02437885,-0.02583049,-0.0272931,-0.02853758,-0.02967244,-0.03045232
-0.02978657,-0.03008411,-0.02990498,-0.02970573,-0.02891699,-0.02822733,-0.02669934,-0.02542568,-0.02394973,-0.02190137,-0.02026737,-0.01841077,-0.01684045,-0.01520498,-0.0137752,-0.01229629,-0.01095522,-0.009553647,-0.0082486,-0.006886756,-0.00560113,-0.004275533,-0.003019238,-0.001743274,-0.0005433887,0.0006589586,0.001774064,0.002873506,0.003882002,0.004856763,0.005741441,0.006580512,0.007323058,0.008011455,0.008594768,0.009113944,0.009529877,0.009877048,0.01013355,0.01032984,0.01044908,0.01052218,0.01053144,0.01050389,0.01042943,0.01032558,0.01019283,0.01004313,0.009877316,0.009703767,0.009520566,0.00932838,0.009127841,0.008911515,0.008682387,0.008429347,0.008159529,0.007858277,0.007538568,0.007181753,0.006803623,0.006384866,0.005942847,0.005457813,0.004953736,0.004405896,0.003846272,0.003244772,0.00263675,0.001990568,0.00134266,0.0006595617,-1.856659e-05,-0.0007305375,-0.001430526,-0.002163655,-0.002879692,-0.003627907,-0.004354517,-0.005111265,-0.005839939,-0.006596187,-0.007316893,-0.008063319,-0.008767623,-0.009497399,-0.01018023,-0.01089098,-0.01155236,-0.01224734,-0.01289386,-0.01358464,-0.01423202,-0.01494248,-0.01561931,-0.0163911,-0.01714568,-0.0180425,-0.01894686,-0.02007578,-0.02124094,-0.02252628,-0.02384416,-0.02525893,-0.02651037,-0.02772159,-0.02861139,-0.02940311
-0.02865369,-0.02869529,-0.02863208,-0.028099,-0.02758211,-0.0264946,-0.02565512,-0.02413241,-0.02239212,-0.02099962,-0.01913358,-0.01758606,-0.0158892,-0.01445338,-0.01294208,-0.01162509,-0.01022868,-0.00897957,-0.007649397,-0.006440898,-0.005160622,-0.003987101,-0.002758238,-0.001634367,-0.0004699499,0.0005811602,0.001658193,0.00261484,0.003579404,0.004423714,0.005262,0.005979514,0.006684682,0.007264265,0.007827147,0.008264716,0.008680187,0.00898041,0.009261639,0.009441948,0.009615818,0.00969949,0.009785676,0.009792296,0.009804159,0.009749589,0.009705997,0.009607754,0.009530214,0.009405172,0.009303174,0.009156043,0.009026119,0.008848137,0.008678805,0.008455745,0.00823306,0.007953981,0.007668615,0.007325265,0.006972032,0.006558692,0.006134083,0.005651583,0.005157501,0.004612729,0.004057558,0.003458106,0.002851645,0.002205479,0.001556437,0.0008736199,0.0001907004,-0.0005186566,-0.001226571,-0.001954701,-0.002680002,-0.003420955,-0.004157147,-0.004903734,-0.005643012,-0.006385918,-0.007119298,-0.007849585,-0.008569291,-0.009280418,-0.009981848,-0.01067126,-0.01135481,-0.01202556,-0.0126981,-0.01336061,-0.01403881,-0.0147139,-0.01542792,-0.01615104,-0.01695279,-0.01778302,-0.01874002,-0.01971522,-0.02083672,-0.02205908,-0.02333368,-0.02454832,-0.025748,-0.02674603,-0.02763992,-0.0282128
-0.02741978,-0.02758622,-0.02732804,-0.02705217,-0.02625226,-0.02555017,-0.02412978,-0.02296544,-0.02165516,-0.01985061,-0.0184053,-0.01674211,-0.01530944,-0.01380271,-0.01247014,-0.0110965,-0.009853767,-0.008570454,-0.007387124,-0.006168297,-0.005030306,-0.003868353,-0.002776603,-0.00167436,-0.0006440521,0.0003855143,0.001336107,0.00227101,0.00312414,0.003945636,0.00468709,0.005389195,0.00601035,0.006591036,0.007090511,0.007547072,0.007928904,0.008266176,0.008540951,0.008778943,0.008965173,0.009123846,0.009237417,0.009325251,0.00937658,0.009402216,0.009401275,0.009380747,0.009341193,0.009287273,0.009217749,0.009130424,0.009026519,0.00889665,0.008744907,0.008558828,0.008346812,0.008093556,0.007813242,0.00748743,0.007133426,0.006732743,0.006304638,0.005830148,0.005334231,0.004792803,0.004237501,0.003639106,0.003032104,0.00238611,0.001736699,0.001051986,0.0003709509,-0.0003432308,-0.001046525,-0.001781436,-0.002500001,-0.003248384,-0.003975632,-0.004730383,-0.005458013,-0.0062109,-0.006930068,-0.007672966,-0.008376316,-0.009103163,-0.009786056,-0.01049456,-0.0111571,-0.01185043,-0.01249873,-0.01318758,-0.01383601,-0.01454179,-0.01521541,-0.01597353,-0.01671078,-0.01756942,-0.01842126,-0.01945615,-0.02049031,-0.02160391,-0.02271485,-0.02388768,-0.02490107,-0.02587752,-0.02656977,-0.02717694
-0.02646298,-0.02642824,-0.02630524,-0.02576686,-0.02524742,-0.02422788,-0.02344533,-0.02208672,-0.02054805,-0.01933183,-0.0176842,-0.01630525,-0.01477266,-0.01345832,-0.01206839,-0.01085142,-0.009567857,-0.008424208,-0.007217461,-0.006129512,-0.004986383,-0.003946461,-0.002862255,-0.001875771,-0.0008543253,6.553391e-05,0.001009877,0.001848099,0.002695875,0.003438587,0.00417989,0.004817992,0.0054529,0.005984894,0.006514189,0.006944484,0.007369366,0.007704377,0.008035348,0.008286298,0.008540757,0.00872043,0.00890675,0.009022947,0.009143609,0.009201613,0.009265534,0.009273897,0.009293944,0.009262318,0.009242436,0.009171315,0.009105305,0.008984412,0.008860787,0.008677429,0.008484622,0.008230492,0.007962137,0.007632299,0.007286835,0.006879994,0.006458427,0.005979317,0.005486633,0.004943856,0.004389303,0.003790934,0.003184439,0.002538747,0.001889302,0.001206598,0.0005232257,-0.0001861985,-0.0008943137,-0.001622252,-0.002346881,-0.003086566,-0.003820578,-0.00456458,-0.0053005,-0.006040383,-0.006770293,-0.007498256,-0.00821535,-0.008925557,-0.00962557,-0.01031549,-0.01099866,-0.01167099,-0.01234335,-0.01300717,-0.01368335,-0.01435641,-0.01506179,-0.01577275,-0.01654809,-0.01734,-0.01822974,-0.01911513,-0.02010777,-0.02116021,-0.02223122,-0.02323196,-0.02420963,-0.02500712,-0.02571707,-0.02614638
-0.025477,-0.02557213,-0.02529127,-0.02500277,-0.02424976,-0.02359869,-0.02232076,-0.02128195,-0.02013573,-0.01854607,-0.01727362,-0.01578979,-0.01449661,-0.01312318,-0.01189737,-0.01063162,-0.009484896,-0.008305621,-0.007221614,-0.006111201,-0.005078956,-0.004029753,-0.00304689,-0.002056086,-0.001130158,-0.0002034852,0.0006546466,0.001502028,0.002280373,0.003035121,0.003723753,0.004383593,0.004978812,0.005546646,0.006051785,0.006528317,0.006948282,0.007336859,0.007676995,0.007988662,0.008256922,0.008500655,0.008703364,0.008879845,0.009020461,0.009132526,0.009215467,0.009273123,0.009306137,0.009316447,0.009303701,0.009263987,0.009199846,0.00910129,0.008974361,0.00880649,0.008607939,0.008363433,0.008088574,0.0077653,0.00741232,0.007011564,0.006583434,0.006108913,0.005613307,0.005072597,0.004518055,0.00392104,0.003315353,0.002671346,0.002023712,0.00134139,0.0006622059,-4.943814e-05,-0.0007509787,-0.001483097,-0.002199608,-0.002944465,-0.003668907,-0.00441933,-0.005143805,-0.005892311,-0.00660897,-0.00734841,-0.008050789,-0.008775749,-0.009459563,-0.01016775,-0.01083292,-0.01152704,-0.01217868,-0.01286779,-0.01351799,-0.0142199,-0.01488877,-0.01563139,-0.01634688,-0.01716351,-0.01795803,-0.01889958,-0.01981204,-0.02077434,-0.02171027,-0.02268639,-0.02351038,-0.02430383,-0.02484664,-0.02532241
-0.02475524,-0.02468039,-0.02453502,-0.02402163,-0.02353417,-0.02260469,-0.02189855,-0.02069892,-0.0193342,-0.01826989,-0.0168064,-0.01557421,-0.01418644,-0.01298309,-0.01170174,-0.01057246,-0.009381217,-0.008318082,-0.007199497,-0.006191136,-0.005135145,-0.004175144,-0.003176459,-0.002267048,-0.001325242,-0.0004739638,0.0004024178,0.001186666,0.001984593,0.002693134,0.003406675,0.004033279,0.004664217,0.005209212,0.005759112,0.006226304,0.006694852,0.007086952,0.007478569,0.007798371,0.008120331,0.008371699,0.008625475,0.008811284,0.008996265,0.00911898,0.009241025,0.009305519,0.009372783,0.009384451,0.009397853,0.009355631,0.009309294,0.009204702,0.009090163,0.00891438,0.008723995,0.008472097,0.008202493,0.0078723,0.007524473,0.007117403,0.006694546,0.00621661,0.005724321,0.005183956,0.004631132,0.004036189,0.003432511,0.002791147,0.002145255,0.001467211,0.0007875469,8.25022e-05,-0.0006220661,-0.00134595,-0.002066985,-0.00280253,-0.003532614,-0.00427235,-0.005004347,-0.005740534,-0.006467327,-0.007193037,-0.007908599,-0.008618619,-0.009319051,-0.01001093,-0.01069629,-0.01137224,-0.01204753,-0.01271495,-0.01339229,-0.01406533,-0.01476484,-0.01546515,-0.01621714,-0.01697403,-0.01780498,-0.01861369,-0.01949957,-0.02041549,-0.02132813,-0.02216471,-0.02297406,-0.02362026,-0.02419366,-0.02452083
-0.02399413,-0.02404541,-0.02376135,-0.02347973,-0.02278413,-0.02219321,-0.021048,-0.02011758,-0.01911013,-0.01769414,-0.01656108,-0.01522298,-0.01404427,-0.01278013,-0.01164041,-0.01045832,-0.009381485,-0.008273922,-0.007253037,-0.006208439,-0.005235653,-0.004248243,-0.003321888,-0.002388259,-0.001513291,-0.0006361373,0.0001809973,0.0009918617,0.001744533,0.002480776,0.003162329,0.003822999,0.004430148,0.005017127,0.005551663,0.006063561,0.006527246,0.006963592,0.00735622,0.007720768,0.008042846,0.008337894,0.008591345,0.008815397,0.009002372,0.009157436,0.009280746,0.0093739,0.00943797,0.009473047,0.009480019,0.009454119,0.009399593,0.009306394,0.009182427,0.009015135,0.008816242,0.008570372,0.008294083,0.007969342,0.007615634,0.007214834,0.006787852,0.006315317,0.005822571,0.005285499,0.004734967,0.004142755,0.003542028,0.002903653,0.002261485,0.001584997,0.0009110013,0.0002047926,-0.0004922704,-0.001219451,-0.001931992,-0.002672105,-0.003392772,-0.00413859,-0.004859765,-0.005604328,-0.006318867,-0.007055738,-0.007757873,-0.008482217,-0.009168072,-0.00987772,-0.0105471,-0.01124428,-0.01190127,-0.01259338,-0.01324764,-0.01394879,-0.01461549,-0.01534651,-0.01604454,-0.01682679,-0.0175746,-0.01844112,-0.01925908,-0.02010619,-0.02091086,-0.02174082,-0.02242506,-0.02308331,-0.02351703,-0.02389834
-0.02344679,-0.02334816,-0.02319361,-0.0227098,-0.02225753,-0.02140956,-0.02076917,-0.01970294,-0.01847469,-0.01752812,-0.0162082,-0.01509018,-0.01381609,-0.01269867,-0.01149991,-0.01043381,-0.009306333,-0.008294044,-0.007229327,-0.006264908,-0.005256362,-0.004335696,-0.003379521,-0.002505044,-0.001600319,-0.0007775652,6.995234e-05,0.0008359287,0.001617673,0.002321659,0.003034015,0.003670592,0.004314265,0.004882012,0.005456021,0.005955866,0.006457191,0.006888251,0.007316962,0.007677044,0.008035016,0.008323973,0.008610288,0.008830018,0.009044167,0.009196818,0.009343483,0.009431899,0.009516436,0.009543787,0.009566076,0.009531604,0.009487582,0.009385508,0.009269802,0.009094436,0.008902078,0.008650421,0.008379538,0.008050558,0.007702918,0.00729885,0.006878118,0.006404978,0.005916548,0.005382153,0.004834316,0.004246078,0.003648094,0.003013895,0.002373911,0.001702816,0.001028601,0.0003296217,-0.000370324,-0.001089126,-0.001806204,-0.002537273,-0.003263755,-0.003999473,-0.004728374,-0.005461433,-0.006186159,-0.00691025,-0.007625361,-0.008335809,-0.009037821,-0.00973236,-0.01042124,-0.01110163,-0.01178138,-0.01245341,-0.01313377,-0.01380822,-0.01450443,-0.01519666,-0.01593024,-0.01665881,-0.01744327,-0.01819257,-0.01899673,-0.01980968,-0.02060524,-0.02132125,-0.02200734,-0.02254276,-0.02301621,-0.02326991
-0.02283331,-0.0228539,-0.02257193,-0.0223,-0.02165547,-0.02111528,-0.02007991,-0.01923102,-0.01833162,-0.0170488,-0.0160207,-0.01479406,-0.01370228,-0.01252127,-0.01144499,-0.01032282,-0.009292426,-0.008230655,-0.007246451,-0.006239215,-0.005297028,-0.004341039,-0.003440898,-0.002533846,-0.001680518,-0.0008245279,-2.259644e-05,0.0007751636,0.001521734,0.002255391,0.002941234,0.003609774,0.004230657,0.004833656,0.00538891,0.005922678,0.006411612,0.006873358,0.007292867,0.00768298,0.008030623,0.008348917,0.008625441,0.008870369,0.009077939,0.009251463,0.009391944,0.009499256,0.009575213,0.009618519,0.009631463,0.009608625,0.00955587,0.009462967,0.009339245,0.009171897,0.008973615,0.008728671,0.008454163,0.008131783,0.007781366,0.007384509,0.006962393,0.006495302,0.006008562,0.005477951,0.00493396,0.004348678,0.003754718,0.003123358,0.002487766,0.001817821,0.001149524,0.0004488704,-0.0002437428,-0.0009664116,-0.001675514,-0.002411786,-0.003129594,-0.003872005,-0.004590944,-0.005332781,-0.006046129,-0.006781417,-0.007483907,-0.008208293,-0.008896463,-0.009607973,-0.01028153,-0.01098194,-0.01164399,-0.01233913,-0.01299718,-0.01369794,-0.01436288,-0.01508416,-0.01576762,-0.01652159,-0.0172319,-0.01803894,-0.01878482,-0.01954535,-0.02025253,-0.02097426,-0.02155581,-0.02211419,-0.02246776,-0.02277932
-0.02238941,-0.02227457,-0.02211484,-0.02165738,-0.02123418,-0.02045244,-0.0198607,-0.01890092,-0.01777536,-0.0169159,-0.01570519,-0.01467294,-0.01348611,-0.01243352,-0.01129694,-0.01027603,-0.009193194,-0.008213348,-0.007182635,-0.006243042,-0.005261749,-0.004360996,-0.003427199,-0.002568756,-0.001682234,-0.0008711409,-3.674964e-05,0.0007234335,0.001498909,0.002204001,0.002917507,0.003561955,0.004212896,0.004793671,0.005379064,0.005895247,0.006410795,0.006859943,0.007304118,0.007682407,0.008055234,0.008361381,0.008661345,0.008897048,0.009123807,0.009290821,0.009448115,0.009547995,0.009639555,0.009674394,0.009699815,0.009669399,0.009626113,0.009526627,0.009411267,0.009238867,0.009047864,0.008800262,0.008532111,0.008208388,0.007864698,0.007467072,0.007051399,0.006585635,0.006103128,0.005576469,0.005034857,0.004454257,0.003862351,0.003235448,0.002601027,0.001936392,0.001266726,0.0005728598,-0.000123797,-0.0008388384,-0.001553639,-0.002281808,-0.003006547,-0.003739849,-0.004467411,-0.005198664,-0.005922696,-0.00664594,-0.00736137,-0.008072341,-0.008776052,-0.009472678,-0.0101645,-0.01084803,-0.011531,-0.01220573,-0.01288755,-0.01356149,-0.01425344,-0.01493701,-0.01565374,-0.01635743,-0.0171034,-0.01780513,-0.01854525,-0.01927893,-0.01998622,-0.02061176,-0.02120567,-0.02165844,-0.02205667,-0.02225552
-0.02186259,-0.02185957,-0.02158055,-0.02131691,-0.02071454,-0.02021355,-0.01926737,-0.0184768,-0.01766054,-0.01647975,-0.01553044,-0.01438942,-0.01336425,-0.01224797,-0.01122039,-0.01014387,-0.009147283,-0.008118158,-0.007158363,-0.00617586,-0.005252449,-0.004315927,-0.003430827,-0.002539389,-0.001697793,-0.0008538191,-5.970605e-05,0.0007305235,0.001473875,0.002205161,0.002892441,0.003563281,0.004189576,0.004798094,0.005361456,0.005903021,0.006401883,0.006873225,0.007303794,0.007704393,0.008063555,0.008392406,0.008680475,0.008935899,0.009154618,0.009338195,0.009488612,0.009604286,0.00968794,0.009736991,0.009755047,0.009735825,0.009686567,0.009596591,0.009476333,0.009312555,0.009118642,0.008878355,0.008609138,0.008292318,0.007947953,0.007557344,0.007141919,0.006681643,0.006201849,0.00567819,0.005140835,0.004562101,0.003974158,0.003348639,0.002718195,0.002053042,0.001388559,0.000691326,9.788346e-07,-0.0007195759,-0.001427625,-0.002162596,-0.002879952,-0.003621382,-0.004340191,-0.005081267,-0.005794905,-0.00652981,-0.00723324,-0.007957917,-0.008647976,-0.00936059,-0.01003679,-0.01073851,-0.01140293,-0.01209816,-0.01275646,-0.01345357,-0.01411346,-0.01482296,-0.01549091,-0.01621839,-0.0168957,-0.01765259,-0.01834081,-0.01903352,-0.0196656,-0.02030422,-0.02080764,-0.02128994,-0.02158239,-0.02184025
-0.02147717,-0.02135059,-0.02118734,-0.02075255,-0.02035225,-0.01962437,-0.01906748,-0.01819415,-0.01714703,-0.01635312,-0.01522794,-0.0142621,-0.01314503,-0.01214415,-0.01105807,-0.01007327,-0.009026232,-0.008071374,-0.007066995,-0.006145583,-0.005184745,-0.004298073,-0.00338076,-0.002533476,-0.001660428,-0.0008575583,-3.350606e-05,0.0007217813,0.001490603,0.002194159,0.002904669,0.003550723,0.004201547,0.004786427,0.00537377,0.005895985,0.006415496,0.006872356,0.00732234,0.007709795,0.008089672,0.008406077,0.008713891,0.008960426,0.009195521,0.009373264,0.009538587,0.009648266,0.009746456,0.00978942,0.009819743,0.009795859,0.009756426,0.00966291,0.009551434,0.009385441,0.009199049,0.008958422,0.008695491,0.008379089,0.008040909,0.007650863,0.007240916,0.006782829,0.006306067,0.005786627,0.005250227,0.004675923,0.004088268,0.00346656,0.002835206,0.002174395,0.001506355,0.0008146616,0.000118129,-0.0005962721,-0.001312125,-0.00204061,-0.002766944,-0.00350087,-0.004230064,-0.004961969,-0.005687523,-0.006411415,-0.007128289,-0.007840033,-0.008545266,-0.009242838,-0.009935962,-0.01061988,-0.01130286,-0.01197599,-0.01265477,-0.01332308,-0.01400614,-0.0146767,-0.01537403,-0.01605202,-0.01676234,-0.01742243,-0.01810886,-0.01877812,-0.01941563,-0.01997028,-0.02049241,-0.02088121,-0.02122063,-0.02137693
-0.02100366,-0.02098191,-0.02070653,-0.02044976,-0.01988305,-0.01941289,-0.01854177,-0.01779373,-0.01704395,-0.01594477,-0.01505741,-0.01398568,-0.01301472,-0.01195255,-0.01096618,-0.00992877,-0.008961238,-0.007960236,-0.007021308,-0.00606,-0.005152554,-0.004232768,-0.003360609,-0.002482864,-0.00165172,-0.0008188874,-3.257221e-05,0.0007493459,0.001487608,0.002213673,0.002898497,0.003566919,0.004193235,0.00480152,0.005367054,0.005910523,0.006413594,0.006889172,0.007325939,0.007732798,0.008099956,0.008436549,0.008733951,0.008998219,0.009226941,0.009419959,0.009580343,0.00970509,0.009797892,0.009854804,0.009880675,0.009868117,0.009825628,0.009741816,0.009628125,0.009470698,0.00928357,0.009049883,0.008787445,0.008477185,0.00813944,0.007755199,0.007346239,0.006892135,0.006418308,0.005900188,0.005367725,0.004793362,0.004208921,0.003586299,0.002957796,0.002293909,0.001629607,0.0009319667,0.0002400393,-0.0004824212,-0.001193454,-0.001931332,-0.002652361,-0.003396934,-0.004119401,-0.004863271,-0.005580169,-0.006317216,-0.007023297,-0.00774934,-0.008441385,-0.009154462,-0.009831533,-0.01053196,-0.01119493,-0.01188565,-0.01253859,-0.01322612,-0.01387463,-0.01456673,-0.01521438,-0.01591277,-0.01655674,-0.01726706,-0.01790514,-0.01854094,-0.01911169,-0.01968333,-0.02012469,-0.02054656,-0.02079081,-0.02100586
-0.02065495,-0.02052005,-0.02035477,-0.01994038,-0.01955896,-0.01887711,-0.01834592,-0.01754628,-0.01656206,-0.01582024,-0.01476586,-0.01385473,-0.01279711,-0.01184081,-0.01079946,-0.009847147,-0.008832854,-0.00790113,-0.006921283,-0.006016972,-0.005075422,-0.004202258,-0.003300784,-0.002464548,-0.001604833,-0.0008106203,2.524611e-06,0.0007516253,0.00151225,0.002212036,0.002917164,0.003561943,0.004209883,0.004795943,0.005382719,0.005908523,0.006430037,0.006892801,0.007347267,0.007742766,0.008129065,0.008455326,0.008771023,0.009028654,0.009272768,0.009462199,0.009636973,0.0097582,0.009865233,0.009918812,0.009956837,0.009942345,0.009909663,0.0098248,0.00971966,0.009562084,0.009381909,0.009149388,0.008892371,0.008583568,0.008250752,0.007867758,0.007462636,0.007010978,0.006538333,0.006024169,0.005490649,0.004920007,0.004333525,0.003713585,0.003081433,0.002420352,0.001749577,0.001055626,0.000354594,-0.0003638562,-0.001085714,-0.001819569,-0.002552766,-0.003292493,-0.004028447,-0.00476573,-0.005497216,-0.006225478,-0.006946922,-0.007661559,-0.008369595,-0.009068179,-0.009761689,-0.01044368,-0.01112331,-0.0117901,-0.01246021,-0.01311618,-0.01378336,-0.01443372,-0.01510545,-0.01575287,-0.01642542,-0.01704437,-0.01768102,-0.01829347,-0.01887176,-0.01936746,-0.0198308,-0.02016771,-0.02045945,-0.02058166
-0.02022038,-0.0201834,-0.01991243,-0.01966167,-0.01912656,-0.01868163,-0.01787676,-0.01716117,-0.0164673,-0.015437,-0.01460123,-0.01358896,-0.01266495,-0.01165101,-0.0107022,-0.009701198,-0.008761325,-0.00778738,-0.006868918,-0.00592841,-0.005036897,-0.004133783,-0.003274744,-0.002410836,-0.001590446,-0.0007690847,8.915449e-06,0.0007818605,0.001514198,0.002234117,0.002915541,0.003580644,0.004206258,0.004813814,0.005381377,0.005926888,0.006434612,0.006915028,0.007358784,0.007772767,0.008148924,0.008494331,0.008802286,0.009076739,0.009317032,0.009521218,0.00969355,0.009829494,0.009933786,0.01000098,0.01003719,0.01003376,0.01000042,0.009924867,0.009819574,0.009669846,0.009490505,0.009263977,0.009008569,0.008704728,0.008373149,0.007994393,0.007590683,0.007141105,0.006671314,0.006156423,0.005626281,0.005053332,0.004469092,0.003845564,0.003214812,0.002547595,0.001878696,0.001175623,0.0004769751,-0.0002528252,-0.0009725134,-0.001719381,-0.002450385,-0.003204664,-0.003937279,-0.004690376,-0.00541656,-0.006161397,-0.00687499,-0.007606461,-0.00830335,-0.009018657,-0.009696934,-0.01039513,-0.01105417,-0.01173661,-0.01237893,-0.01305055,-0.0136803,-0.01434736,-0.0149671,-0.01563003,-0.01623583,-0.0168977,-0.0174868,-0.01806961,-0.01858553,-0.0190989,-0.01948754,-0.01985845,-0.02006278,-0.02024217
-0.01990159,-0.0197602,-0.0195934,-0.01919763,-0.01883209,-0.01819117,-0.01767926,-0.01694487,-0.01601354,-0.01531504,-0.01432214,-0.0134583,-0.01245378,-0.01153782,-0.01053798,-0.009616457,-0.008633736,-0.007724765,-0.006769149,-0.005881999,-0.004959692,-0.0041002,-0.003214563,-0.002389464,-0.001542979,-0.0007573855,4.500831e-05,0.0007879823,0.001540613,0.00223682,0.002937008,0.003581043,0.004226962,0.004815279,0.005402957,0.005933996,0.006459434,0.006930027,0.007391012,0.007796488,0.008191183,0.008529169,0.008854663,0.009125279,0.009380429,0.009583596,0.009770003,0.00990498,0.01002313,0.01008958,0.01013754,0.01013455,0.01011059,0.01003605,0.009938621,0.009790402,0.009617073,0.009392962,0.009141912,0.008840504,0.008512563,0.008135755,0.007734181,0.007287261,0.006816696,0.006305471,0.005772185,0.005202244,0.004613546,0.003991521,0.003354207,0.002688116,0.002009526,0.001308024,0.0005968958,-0.0001315031,-0.0008657566,-0.001611847,-0.002359327,-0.00311265,-0.003863488,-0.004614322,-0.005359885,-0.006100328,-0.006833678,-0.007557638,-0.008273861,-0.008977458,-0.009674016,-0.01035513,-0.011031,-0.0116893,-0.0123471,-0.01298545,-0.01363023,-0.01425276,-0.01489099,-0.01550018,-0.01612874,-0.01670207,-0.0172868,-0.01784317,-0.01836538,-0.01880689,-0.01921748,-0.01950861,-0.01975865,-0.01985151
-0.01950545,-0.01945388,-0.01918658,-0.01893984,-0.01843267,-0.01800796,-0.01726294,-0.01657245,-0.01592673,-0.01495661,-0.01416512,-0.01320562,-0.01232347,-0.01135372,-0.01043985,-0.009473449,-0.008560281,-0.007612773,-0.006714493,-0.005794527,-0.004918777,-0.004032096,-0.003185883,-0.002335374,-0.001525147,-0.000714572,5.59176e-05,0.0008207505,0.001548195,0.002263133,0.002942564,0.003605906,0.00423268,0.004841564,0.005413539,0.005963591,0.006478644,0.00696654,0.007419956,0.007843599,0.008231283,0.008587858,0.008908718,0.009195585,0.009449742,0.009667329,0.009853931,0.01000331,0.01012137,0.010201,0.01024967,0.01025727,0.01023488,0.01016904,0.01007337,0.009932151,0.009761188,0.009542104,0.009293874,0.008996373,0.00867072,0.008296822,0.00789737,0.007450828,0.00698328,0.006469466,0.00593925,0.005364933,0.004777736,0.00414961,0.003512469,0.002837275,0.002158795,0.001444915,0.0007338506,-9.493512e-06,-0.0007445771,-0.001507916,-0.002257061,-0.003030003,-0.003782285,-0.004554658,-0.005300382,-0.00606338,-0.006794528,-0.007540921,-0.008251055,-0.008975793,-0.009660945,-0.01036109,-0.01101868,-0.01169366,-0.01232429,-0.0129772,-0.01358351,-0.01421937,-0.01480386,-0.01542365,-0.01598381,-0.01659107,-0.01712684,-0.01765409,-0.01811456,-0.01857097,-0.01890915,-0.01923198,-0.01939918,-0.01954535
-0.01922367,-0.01907401,-0.01890311,-0.01852242,-0.01816844,-0.01756348,-0.01706447,-0.01638807,-0.01550186,-0.01483944,-0.0139008,-0.01307821,-0.01212167,-0.01124224,-0.01028102,-0.009388377,-0.008435838,-0.007548711,-0.006616553,-0.00574593,-0.004842188,-0.003995681,-0.00312503,-0.002310075,-0.001475647,-0.0006973754,9.565869e-05,0.0008340226,0.001580343,0.002274834,0.002972138,0.003617659,0.004263991,0.004857224,0.005448652,0.005987912,0.006520328,0.007001781,0.007472299,0.007890681,0.008296642,0.008649104,0.008987066,0.009273238,0.009541977,0.00976139,0.009961958,0.01011314,0.01024482,0.01032641,0.01038645,0.01039696,0.01038351,0.01032085,0.01023249,0.01009469,0.009929067,0.009713978,0.00946933,0.009175586,0.008852641,0.008481864,0.008083347,0.007640234,0.007170462,0.006660558,0.006125599,0.005554095,0.004960525,0.00433332,0.003687273,0.003012102,0.00232113,0.001607049,0.0008803093,0.0001358968,-0.0006174911,-0.001383369,-0.002153661,-0.002930162,-0.003706514,-0.004482445,-0.005254377,-0.006019781,-0.006778002,-0.007523988,-0.008260406,-0.008979931,-0.009689167,-0.01037754,-0.01105622,-0.01171085,-0.01235931,-0.01298091,-0.01360205,-0.01419337,-0.01479293,-0.01535744,-0.015935,-0.01645583,-0.0169824,-0.01747792,-0.01794058,-0.01832565,-0.01868228,-0.01892693,-0.01913493,-0.01919784
-0.01888124,-0.01881084,-0.01854262,-0.01829459,-0.01780964,-0.01739823,-0.01670614,-0.01603342,-0.01542795,-0.01451035,-0.01375614,-0.01284326,-0.01199777,-0.01106796,-0.01018576,-0.009251483,-0.00836311,-0.007440536,-0.006561078,-0.005660443,-0.004799197,-0.003927688,-0.003092834,-0.002254174,-0.001452322,-0.0006507572,0.0001141818,0.0008728814,0.001597662,0.002309928,0.002989904,0.003654082,0.004284882,0.004898041,0.005477639,0.006035456,0.006561182,0.007059805,0.007526189,0.007962685,0.008365138,0.008735939,0.009072787,0.009374994,0.009646003,0.009879899,0.01008374,0.01024937,0.01038399,0.01047861,0.01054218,0.01056303,0.0105537,0.01049948,0.01041528,0.01028422,0.01012316,0.009912744,0.009672728,0.009382322,0.009063237,0.00869462,0.008299673,0.007856053,0.007390314,0.00687677,0.006345408,0.0057683,0.005176451,0.004541668,0.003895698,0.003209502,0.00251782,0.001788856,0.001060525,0.0002981555,-0.0004584599,-0.00124532,-0.002020779,-0.002821952,-0.003604911,-0.004409031,-0.005188012,-0.005983974,-0.006748175,-0.007525327,-0.008264334,-0.009013558,-0.009719687,-0.01043477,-0.01110249,-0.01178004,-0.01240715,-0.01304742,-0.01363399,-0.01423983,-0.0147878,-0.01536106,-0.01587058,-0.01641731,-0.01689358,-0.01735909,-0.01775857,-0.01815318,-0.01843662,-0.01870742,-0.01883385,-0.0189431
-0.01866056,-0.01849562,-0.01831321,-0.01794017,-0.01758998,-0.01701367,-0.01651901,-0.01589186,-0.0150426,-0.01440815,-0.01351624,-0.01272801,-0.01181361,-0.01096581,-0.01003925,-0.009172274,-0.008247333,-0.007379789,-0.006469096,-0.005613066,-0.004726037,-0.003890555,-0.003032853,-0.002225812,-0.001401201,-0.0006278937,0.0001581016,0.000894351,0.001636937,0.002332462,0.003029686,0.003679672,0.004329485,0.004930939,0.005529509,0.006080513,0.00662341,0.007119244,0.007602807,0.008037656,0.008458406,0.008828863,0.009182764,0.009487977,0.009773843,0.01001306,0.01023134,0.01040214,0.01055062,0.01065043,0.01072546,0.01075219,0.01075191,0.01070375,0.0106271,0.01050234,0.01034689,0.01014302,0.009906665,0.009622107,0.009305485,0.008941921,0.008547604,0.008109251,0.007640955,0.007132686,0.00659614,0.006022921,0.005424239,0.004791415,0.004135891,0.003450283,0.002744826,0.00201522,0.00126923,0.0005045028,-0.0002729316,-0.001064416,-0.001864559,-0.002672887,-0.003485206,-0.00429863,-0.005111123,-0.005917373,-0.006717687,-0.007503989,-0.008279455,-0.009033941,-0.009774618,-0.01048848,-0.01118728,-0.01185437,-0.01250793,-0.01312535,-0.01373296,-0.01430055,-0.01486596,-0.01538757,-0.01591329,-0.01637884,-0.01684269,-0.01727204,-0.01766914,-0.01799165,-0.01828799,-0.01847978,-0.01863933,-0.0186658
-0.01840444,-0.01830573,-0.01802736,-0.01776809,-0.01729604,-0.01688743,-0.01623869,-0.01557447,-0.01499924,-0.01412533,-0.01339973,-0.01252602,-0.01171033,-0.01081476,-0.009959315,-0.009053216,-0.008186129,-0.007285557,-0.006422075,-0.005538233,-0.004688852,-0.003829959,-0.003003667,-0.002174132,-0.001377762,-0.0005825053,0.000179766,0.0009351471,0.001660319,0.002372927,0.003056645,0.003724833,0.004363118,0.004984044,0.005575014,0.006144274,0.006684447,0.007197488,0.007680682,0.008133852,0.008555047,0.008943966,0.009300872,0.009622513,0.009914692,0.01016921,0.0103946,0.01058054,0.01073567,0.01084893,0.010931,0.01096855,0.01097583,0.01093686,0.01086797,0.01075085,0.01060343,0.01040507,0.01017633,0.009895606,0.009585441,0.009224308,0.008836124,0.00839762,0.007935711,0.007424158,0.00689323,0.006314906,0.00572013,0.005080429,0.004427171,0.003730921,0.00302614,0.0022812,0.001533855,0.0007500249,-3.116501e-05,-0.0008454133,-0.001652263,-0.002488392,-0.003310785,-0.004157681,-0.004983259,-0.00582776,-0.006642659,-0.007470083,-0.008259036,-0.009054965,-0.009805041,-0.01055834,-0.01125934,-0.01196202,-0.01260706,-0.01325455,-0.01383919,-0.01443019,-0.0149539,-0.01548955,-0.01595411,-0.01644289,-0.01685954,-0.01726073,-0.01759492,-0.01792221,-0.01814438,-0.01835548,-0.01843334,-0.01849702
-0.01828333,-0.01809249,-0.01788714,-0.01751045,-0.01715241,-0.01659413,-0.01609206,-0.01550258,-0.0146802,-0.01406329,-0.01320861,-0.01244582,-0.01156579,-0.01074276,-0.00984516,-0.008998868,-0.008097323,-0.007245483,-0.006352812,-0.00550799,-0.004634454,-0.003806614,-0.002958525,-0.002155938,-0.001337882,-0.0005662098,0.0002159482,0.0009534606,0.001695661,0.002395683,0.003096249,0.003754316,0.004411283,0.005024887,0.005634523,0.006201254,0.006758529,0.00727272,0.007773373,0.008228916,0.00866873,0.009061634,0.009436094,0.00976525,0.01007336,0.01033755,0.01057856,0.01077378,0.01094361,0.01106604,0.0111604,0.01120779,0.01122541,0.01119675,0.01113704,0.01103052,0.01089039,0.01070251,0.0104789,0.01020753,0.009901029,0.009548327,0.009161889,0.008731917,0.008268665,0.007765401,0.007230734,0.006659487,0.006059832,0.005425718,0.00476504,0.004072814,0.003355926,0.002612744,0.001848515,0.001063599,0.0002616369,-0.0005567483,-0.001389028,-0.002233034,-0.003087112,-0.003946295,-0.004810174,-0.005670892,-0.006529594,-0.007375311,-0.008211448,-0.009024898,-0.00982288,-0.01058965,-0.01133678,-0.01204498,-0.0127319,-0.01337265,-0.0139927,-0.01456061,-0.01511303,-0.0156098,-0.01609774,-0.01651856,-0.01692619,-0.0172926,-0.01762404,-0.01788153,-0.0181128,-0.01824524,-0.01834855,-0.01832971
-0.01815429,-0.01801667,-0.01771714,-0.01743423,-0.0169632,-0.01654391,-0.01592624,-0.01525899,-0.01470125,-0.01386013,-0.01315214,-0.01230807,-0.01151322,-0.01064432,-0.009808845,-0.008925304,-0.008074321,-0.007191348,-0.006339538,-0.005468615,-0.004627049,-0.003776876,-0.002955036,-0.002130786,-0.001335973,-0.0005433951,0.0002200408,0.0009757951,0.001705222,0.00242188,0.003113225,0.003789283,0.004439218,0.005072047,0.005678669,0.006263441,0.006822194,0.007353758,0.007858133,0.008332415,0.008777075,0.009188971,0.009571266,0.009917977,0.01023728,0.01051828,0.01077092,0.0109825,0.01116332,0.01130029,0.01140614,0.01146595,0.01149596,0.01147872,0.01143188,0.01133543,0.01120824,0.01102819,0.0108167,0.0105514,0.01025582,0.009907718,0.009531762,0.009103728,0.008650969,0.008146781,0.007621957,0.007048593,0.006457644,0.005820197,0.005166988,0.004467831,0.003756529,0.003001273,0.002239463,0.001437691,0.0006345797,-0.0002051025,-0.001042214,-0.001913316,-0.002776894,-0.003670559,-0.004549475,-0.005452271,-0.006330965,-0.007225232,-0.008084301,-0.008950515,-0.009771339,-0.01059237,-0.01135839,-0.01211944,-0.01281658,-0.01350559,-0.01412232,-0.01473126,-0.01526165,-0.01578766,-0.01623171,-0.01668271,-0.0170555,-0.01740351,-0.01767945,-0.01794247,-0.01810332,-0.01825152,-0.01827573,-0.01828634
-0.0181689,-0.01794446,-0.01770605,-0.0173151,-0.01693687,-0.01638504,-0.0158624,-0.01529699,-0.01448998,-0.01387805,-0.01304947,-0.01230127,-0.01144626,-0.0106395,-0.0097637,-0.008931585,-0.008047936,-0.007206613,-0.006327381,-0.005489146,-0.004624696,-0.003799878,-0.002956997,-0.00215439,-0.001338756,-0.0005644628,0.0002179431,0.0009609642,0.001706856,0.002415533,0.003123541,0.003794047,0.004462533,0.005092825,0.005717846,0.006304572,0.006880394,0.007417292,0.007939518,0.00842051,0.008884318,0.009305073,0.009705964,0.01006542,0.01040231,0.01069786,0.01096763,0.01119305,0.01138989,0.01154071,0.0116606,0.01173544,0.01177843,0.01177718,0.01174255,0.01166236,0.01154549,0.01138128,0.01117803,0.01092751,0.01063896,0.01030484,0.009933897,0.009519682,0.009068951,0.008578389,0.008053896,0.007493429,0.006902278,0.006276804,0.005621389,0.004933102,0.004215331,0.003468429,0.002694825,0.001897227,0.001077248,0.0002376459,-0.0006215379,-0.001496785,-0.00238928,-0.003292844,-0.004209193,-0.005128682,-0.006053632,-0.006970776,-0.007883798,-0.008776916,-0.009657083,-0.01050578,-0.0113337,-0.01211862,-0.01287665,-0.01358031,-0.01425318,-0.01486226,-0.01544155,-0.01595172,-0.01643681,-0.01684421,-0.01722213,-0.01754724,-0.01782931,-0.0180333,-0.01820637,-0.01828287,-0.01832957,-0.01826245
-0.01819212,-0.01801226,-0.01768639,-0.01737172,-0.01689282,-0.01645097,-0.01585288,-0.01517145,-0.0146177,-0.01379803,-0.01309577,-0.01227112,-0.01148732,-0.01063682,-0.009813655,-0.008946286,-0.008105393,-0.007234907,-0.00638967,-0.005526996,-0.0046883,-0.003842151,-0.003019894,-0.002196451,-0.001398577,-0.0006043383,0.0001648376,0.0009253055,0.001663423,0.002388386,0.003091867,0.003780282,0.004446605,0.005095858,0.005722601,0.006327074,0.006908726,0.007463192,0.007993427,0.008493606,0.008966975,0.00940754,0.009821621,0.01020015,0.01055342,0.01086737,0.01115343,0.01139661,0.01160921,0.01177627,0.01191299,0.01200294,0.0120643,0.0120778,0.01206216,0.01199545,0.01189745,0.01174466,0.01155963,0.01131936,0.01104832,0.01072323,0.01036933,0.009961498,0.009527809,0.009041473,0.008533848,0.007977062,0.007401969,0.006779335,0.006139353,0.005451188,0.004747725,0.00399645,0.003233546,0.002425941,0.001611709,0.0007566719,-0.0001009967,-0.0009975289,-0.001893376,-0.002826113,-0.003752883,-0.004711333,-0.005654917,-0.006621284,-0.007560486,-0.008511864,-0.0094235,-0.01033732,-0.01119838,-0.01205219,-0.0128399,-0.01361209,-0.01430543,-0.01497852,-0.01556296,-0.01612609,-0.01659496,-0.01705022,-0.01741718,-0.01774489,-0.01799023,-0.01821074,-0.01832708,-0.01842421,-0.01840254,-0.01836336
-0.01834763,-0.01809408,-0.01782286,-0.01741604,-0.0170122,-0.01646084,-0.01590852,-0.01535599,-0.01455534,-0.01393697,-0.0131247,-0.01238106,-0.0115426,-0.01074405,-0.009883352,-0.009059072,-0.008188017,-0.007352004,-0.006481588,-0.005645069,-0.004785098,-0.003958457,-0.003116275,-0.002308998,-0.001491432,-0.0007099013,7.714677e-05,0.0008301904,0.001584053,0.002305839,0.003025742,0.003713416,0.004398009,0.005049574,0.005694206,0.006305156,0.006903765,0.007467844,0.00801622,0.008527547,0.009020605,0.009475189,0.009909041,0.01030562,0.01067794,0.0110111,0.01131563,0.01157727,0.01180744,0.01199358,0.0121468,0.01225775,0.01233542,0.01237109,0.01237116,0.01232678,0.01224276,0.01211205,0.01193975,0.01172128,0.01146246,0.01115878,0.01081529,0.01042883,0.01000327,0.009538724,0.009038469,0.008503031,0.007934909,0.007332868,0.006698391,0.006030694,0.00532985,0.004597372,0.003832239,0.003038625,0.002216246,0.001370161,0.0004987886,-0.0003929428,-0.001308957,-0.002242768,-0.003198838,-0.004166875,-0.005150964,-0.00613656,-0.007127925,-0.008107395,-0.009081719,-0.01003026,-0.01096259,-0.01185386,-0.01271795,-0.01352484,-0.01429505,-0.01499395,-0.01565127,-0.01622792,-0.01676289,-0.01720852,-0.01760531,-0.01793373,-0.0182056,-0.01838979,-0.01853238,-0.01857602,-0.01858333,-0.01848072
-0.01850292,-0.01829381,-0.01795146,-0.01761004,-0.01712604,-0.01665916,-0.01607678,-0.015377,-0.01481839,-0.01401368,-0.01330889,-0.01249697,-0.01171719,-0.01087933,-0.01006275,-0.009206942,-0.008371467,-0.007509536,-0.006666598,-0.005808277,-0.004968179,-0.004122133,-0.003295278,-0.002468796,-0.001663656,-0.0008637825,-8.463884e-05,0.0006844845,0.001435416,0.002172744,0.002892779,0.003597884,0.004285067,0.004954857,0.005605808,0.006233963,0.006842736,0.007424369,0.007984956,0.00851569,0.009023054,0.009498137,0.009950369,0.01036707,0.01076035,0.01111295,0.01143812,0.01171879,0.01196964,0.01217407,0.01234984,0.01247884,0.01258088,0.01263451,0.01265943,0.01263184,0.01257265,0.01245746,0.01231023,0.01210725,0.01187358,0.01158467,0.01126628,0.01089271,0.01049303,0.01004055,0.009566644,0.009043151,0.008500515,0.007909566,0.007300385,0.006642137,0.005966706,0.005240668,0.004498065,0.003705696,0.002900555,0.002049925,0.001191341,0.0002895493,-0.000618094,-0.001569307,-0.002524214,-0.00352003,-0.004512788,-0.005538666,-0.006549581,-0.007582256,-0.008586328,-0.009600339,-0.01057048,-0.01153767,-0.01244364,-0.01333311,-0.01414366,-0.0149269,-0.0156166,-0.01627151,-0.01682266,-0.01733993,-0.01775792,-0.01811938,-0.01838459,-0.0186075,-0.01871926,-0.01879964,-0.01876121,-0.01869502
-0.01874738,-0.01848889,-0.01820331,-0.01779611,-0.01737649,-0.01683309,-0.01625404,-0.01571286,-0.01491926,-0.01429067,-0.01349227,-0.01274925,-0.01192443,-0.01113069,-0.01028254,-0.009463199,-0.008602473,-0.007769027,-0.006905012,-0.006067329,-0.005209252,-0.004377886,-0.003533757,-0.00271877,-0.001896372,-0.001104339,-0.0003095931,0.0004567356,0.001221784,0.001960261,0.002695705,0.003404432,0.004108812,0.004785341,0.005453144,0.006092086,0.00671735,0.007312607,0.007891189,0.008437269,0.008964476,0.009458345,0.009930795,0.01036993,0.01078277,0.0111585,0.01150304,0.01180662,0.01207658,0.01230534,0.0125,0.01265551,0.01277653,0.01285762,0.01290093,0.01290097,0.01285905,0.01277202,0.01264216,0.01246804,0.01225203,0.01199223,0.01169048,0.01134695,0.01096321,0.01054225,0.01008455,0.009592409,0.009065683,0.008505415,0.007911075,0.007284197,0.006622055,0.005926911,0.005194327,0.004429051,0.003628811,0.002800486,0.001941507,0.001058201,0.000144426,-0.0007935186,-0.001762902,-0.002753794,-0.003772398,-0.004804194,-0.005854461,-0.006904985,-0.007962671,-0.00900615,-0.01004413,-0.01105045,-0.01203659,-0.01297081,-0.01386972,-0.01469759,-0.01547849,-0.01617367,-0.01681478,-0.01735855,-0.01783534,-0.01822809,-0.0185483,-0.01876788,-0.01893014,-0.01898726,-0.0189951,-0.01889173
-0.0189514,-0.01874689,-0.01841823,-0.01807416,-0.01760594,-0.01712808,-0.01657216,-0.01586473,-0.01530462,-0.01452039,-0.01381513,-0.01301867,-0.012244,-0.01142035,-0.0106109,-0.00976762,-0.008937596,-0.008084488,-0.00724333,-0.006389128,-0.005546913,-0.00470051,-0.00386807,-0.00303766,-0.002223811,-0.001416991,-0.0006261892,0.0001532408,0.0009191076,0.001671088,0.002410378,0.003134832,0.00384572,0.004538793,0.005216979,0.005871974,0.006511215,0.007123343,0.007717791,0.008282842,0.008828459,0.00934255,0.009837356,0.01029636,0.01073361,0.01112906,0.01149805,0.01182167,0.01211696,0.0123657,0.01258785,0.01276337,0.0129133,0.01301416,0.01308671,0.01310577,0.01309365,0.01302564,0.01292679,0.01277262,0.0125884,0.01234861,0.01207963,0.01175577,0.01140692,0.01100632,0.01058465,0.01011337,0.009622172,0.009082301,0.008523822,0.007916517,0.007291149,0.006614018,0.005916849,0.005166421,0.004397859,0.003579833,0.002748752,0.001870864,0.0009811891,4.248307e-05,-0.0009088214,-0.001909431,-0.002918934,-0.003972461,-0.005025205,-0.006111823,-0.007184997,-0.008280422,-0.00934698,-0.01042138,-0.01144742,-0.01246385,-0.01341016,-0.01433026,-0.01516083,-0.01595069,-0.01663497,-0.01727046,-0.0178,-0.01825775,-0.01860635,-0.01889296,-0.01905907,-0.01917765,-0.01917322,-0.01912445
-0.01917076,-0.01895158,-0.0186899,-0.01831715,-0.01791047,-0.01740047,-0.01681591,-0.01630046,-0.015531,-0.0149029,-0.01412942,-0.01339515,-0.01259186,-0.01180911,-0.01097952,-0.01016968,-0.00932363,-0.008495968,-0.007641564,-0.006805311,-0.005951861,-0.00511795,-0.004273992,-0.00345277,-0.002626945,-0.001825306,-0.001023628,-0.0002442261,0.000532167,0.001288045,0.002039964,0.002771012,0.003496555,0.004199767,0.004892748,0.005561946,0.006216218,0.006845033,0.007456355,0.008039998,0.008604404,0.009140563,0.009654426,0.01013867,0.01059489,0.01101654,0.01140527,0.01175568,0.01207108,0.0123484,0.01259063,0.01279639,0.01296623,0.01309787,0.01318989,0.01324026,0.01324753,0.01321221,0.01313385,0.01301359,0.0128508,0.01264609,0.01239884,0.01211238,0.01178623,0.01142541,0.01102771,0.01059667,0.01012998,0.009630539,0.009096335,0.008530828,0.007929114,0.007294291,0.006619539,0.005909817,0.005161047,0.004380844,0.003565605,0.002722489,0.00184391,0.0009359893,-1.053272e-05,-0.000986655,-0.002000464,-0.003038769,-0.004108273,-0.005191897,-0.006297171,-0.007403719,-0.00851981,-0.00961981,-0.01071311,-0.01176814,-0.01279739,-0.01376558,-0.01469039,-0.01553447,-0.01632058,-0.0170099,-0.01762075,-0.0181374,-0.01856823,-0.01888712,-0.01913135,-0.01926333,-0.01932885,-0.01927837
-0.01928749,-0.01913798,-0.01887021,-0.01856504,-0.01815088,-0.01769465,-0.01719341,-0.01650791,-0.0159667,-0.01522497,-0.01453664,-0.01377236,-0.01301664,-0.01222023,-0.01142875,-0.0106081,-0.009791889,-0.008955601,-0.008123214,-0.00728016,-0.006442179,-0.005601643,-0.004769058,-0.003939953,-0.003121913,-0.002312407,-0.00151343,-0.0007266284,5.202401e-05,0.000816994,0.001574428,0.002317432,0.003051752,0.003768247,0.004474259,0.005156911,0.005827496,0.006471105,0.007100555,0.007701231,0.008286381,0.008840568,0.009378769,0.009881133,0.01036393,0.01080479,0.01122095,0.01159163,0.01193582,0.01223349,0.01250619,0.01273196,0.01293298,0.01308437,0.01320803,0.01327814,0.01331829,0.0133036,0.01325962,0.01316132,0.01303424,0.01285257,0.01264328,0.01238107,0.01209594,0.01176114,0.0114062,0.01100272,0.01057943,0.01010837,0.00961903,0.009082066,0.008526827,0.007920406,0.007292504,0.006610719,0.005907755,0.005153506,0.004382042,0.003561317,0.002723828,0.001833965,0.000924767,-3.922691e-05,-0.001021768,-0.002056946,-0.003104704,-0.004198111,-0.005294551,-0.006427249,-0.007549489,-0.008694209,-0.009809331,-0.01092817,-0.01199421,-0.01304367,-0.01401796,-0.01495541,-0.01579648,-0.01658334,-0.01726671,-0.01787052,-0.01835883,-0.01876908,-0.01905158,-0.01926969,-0.01936001,-0.01938624
-0.01933224,-0.01920722,-0.01901978,-0.01872924,-0.01837845,-0.01794282,-0.01739231,-0.0169333,-0.01622242,-0.015622,-0.01490014,-0.01419744,-0.01343714,-0.01268402,-0.01189021,-0.01110477,-0.01028732,-0.009477948,-0.008645372,-0.007821991,-0.006984333,-0.006158251,-0.005324428,-0.004506147,-0.003685596,-0.002882159,-0.00208052,-0.001294026,-0.0005114225,0.0002574743,0.001022111,0.001772358,0.00251659,0.003244573,0.003961307,0.004659464,0.005341676,0.006003068,0.006646383,0.007266758,0.007867433,0.008444575,0.008998751,0.009527405,0.01002744,0.01049632,0.01093155,0.01133142,0.01169524,0.01202362,0.01231555,0.01257289,0.01279277,0.01297612,0.01311873,0.01322183,0.01328161,0.01330137,0.01327827,0.01321571,0.01311099,0.01296718,0.01278185,0.01256073,0.0123015,0.0120105,0.01168365,0.01132545,0.0109322,0.01050816,0.01005002,0.009562423,0.00903902,0.008483722,0.00788861,0.007258784,0.006588954,0.005886436,0.005146421,0.004375998,0.003567006,0.002725441,0.001841349,0.0009225483,-4.015604e-05,-0.001035889,-0.002072823,-0.003136619,-0.004235602,-0.005351998,-0.00649373,-0.007637633,-0.008791517,-0.009926517,-0.01105153,-0.01213419,-0.01318588,-0.01417268,-0.01510789,-0.01595813,-0.01672882,-0.01740531,-0.01799026,-0.01845977,-0.01884083,-0.01910499,-0.01928572,-0.01934677
-0.01921357,-0.01917233,-0.01901748,-0.01880007,-0.01848667,-0.01809752,-0.01769201,-0.01707284,-0.01658553,-0.01592255,-0.01528306,-0.01458121,-0.01387147,-0.01312735,-0.01237606,-0.01159869,-0.01081503,-0.01001359,-0.009207043,-0.008391785,-0.007573864,-0.006754506,-0.005936263,-0.005122359,-0.004313026,-0.003512728,-0.002716214,-0.00193151,-0.001148531,-0.0003780817,0.0003908006,0.001146477,0.00189907,0.002634466,0.003364082,0.004070538,0.004768741,0.005440491,0.006101593,0.00673454,0.007355518,0.007946182,0.00852444,0.009067935,0.009594967,0.01008111,0.0105448,0.0109634,0.01135711,0.01170403,0.01202682,0.01230216,0.01255328,0.01275478,0.01292945,0.0130513,0.01314444,0.01318388,0.01319523,0.01315374,0.0130852,0.01296438,0.01281831,0.0126222,0.01240541,0.01214179,0.01185962,0.0115316,0.01118518,0.01079367,0.01038518,0.009931596,0.009460613,0.008941066,0.008400658,0.007808775,0.007195259,0.006531469,0.00584811,0.005115094,0.004362112,0.003556262,0.002727275,0.001841964,0.0009320944,-3.485103e-05,-0.001024634,-0.002068728,-0.00313049,-0.004240641,-0.005358289,-0.006512865,-0.007658609,-0.008824203,-0.009959819,-0.01109463,-0.01217723,-0.0132358,-0.01421823,-0.01515174,-0.01599534,-0.01676212,-0.01741735,-0.01798731,-0.01842982,-0.01879388,-0.01902951,-0.01918361
-0.01894953,-0.01896695,-0.0189012,-0.01874013,-0.01849107,-0.01817607,-0.01770841,-0.0173452,-0.0167373,-0.01620271,-0.01557002,-0.01493303,-0.01424789,-0.01355371,-0.01282296,-0.01208693,-0.01132196,-0.01055358,-0.009764943,-0.008975732,-0.008174525,-0.007376218,-0.006571789,-0.00577481,-0.004976762,-0.004187423,-0.003400213,-0.00261981,-0.001842862,-0.001071858,-0.0003043146,0.00045607,0.001210753,0.001955595,0.002688725,0.003408639,0.0041122,0.004799702,0.005468813,0.006119419,0.006750016,0.007361855,0.007951114,0.008519733,0.00906043,0.00957393,0.01005378,0.01050118,0.01091161,0.01128849,0.01162745,0.0119333,0.01220065,0.01243336,0.01262496,0.01277911,0.01288993,0.01296258,0.01299261,0.01298548,0.0129374,0.01285354,0.01273013,0.01257425,0.01238232,0.01216161,0.01190731,0.01162475,0.01130958,0.01096669,0.0105919,0.01019036,0.009755321,0.009291178,0.008789943,0.008256541,0.007685149,0.007082093,0.006441779,0.005770459,0.005060252,0.004316709,0.00353037,0.002707639,0.001839245,0.0009332218,-1.947027e-05,-0.001008249,-0.002041726,-0.003105949,-0.004208209,-0.005329599,-0.006476715,-0.007625964,-0.008783427,-0.009922408,-0.0110486,-0.01213411,-0.01318307,-0.01416922,-0.01508548,-0.0159187,-0.01666452,-0.01730253,-0.01784663,-0.01827542,-0.01860889,-0.01882496
-0.01848946,-0.01859449,-0.01859288,-0.01850461,-0.01833358,-0.01805661,-0.01778787,-0.01728247,-0.01688835,-0.01634525,-0.01579309,-0.01519064,-0.01456144,-0.01390215,-0.01322134,-0.01251609,-0.01179258,-0.01105283,-0.01029822,-0.009536153,-0.00876307,-0.007989027,-0.007208555,-0.006432239,-0.00565273,-0.004881131,-0.004105194,-0.00333914,-0.002567268,-0.001805447,-0.001038372,-0.0002823545,0.0004765166,0.001219385,0.001961353,0.002681112,0.003396739,0.004087033,0.004770111,0.005425923,0.006073374,0.006692058,0.007302589,0.007880616,0.008445773,0.008971906,0.009477959,0.009939688,0.01037779,0.01076888,0.01113638,0.01145649,0.0117531,0.01200089,0.01222281,0.01239283,0.0125348,0.012624,0.01268586,0.01269669,0.01268221,0.01261841,0.01253163,0.0123979,0.0122454,0.01204953,0.01183735,0.0115835,0.01131374,0.01100305,0.01067747,0.01031078,0.0099289,0.009503243,0.009059222,0.008568758,0.008058334,0.007501388,0.006924814,0.006301036,0.005656552,0.004961886,0.004243249,0.003470696,0.002671283,0.001815056,0.0009300554,-1.289657e-05,-0.0009836599,-0.002009997,-0.003057937,-0.004153463,-0.005258992,-0.006399188,-0.007533328,-0.008684404,-0.009810627,-0.01093098,-0.01200297,-0.01303973,-0.01400941,-0.01491459,-0.01572293,-0.01644909,-0.01705859,-0.01758259,-0.01798553,-0.01829623
-0.01784844,-0.01803322,-0.01811813,-0.01811806,-0.0180054,-0.01784723,-0.0175053,-0.01727243,-0.01680844,-0.01637732,-0.01587131,-0.01533617,-0.01476086,-0.01415881,-0.01352289,-0.01286707,-0.01218455,-0.01148664,-0.01077071,-0.01004403,-0.009306937,-0.008563778,-0.007815193,-0.007065099,-0.006313547,-0.005561016,-0.004809211,-0.004054786,-0.003301799,-0.002546179,-0.001792086,-0.001037664,-0.0002880755,0.000458063,0.00119284,0.001920083,0.00263156,0.003331851,0.004014057,0.004682244,0.005331061,0.005966396,0.006580701,0.007179455,0.007751757,0.008300832,0.008816926,0.009303339,0.0097523,0.01016947,0.01054804,0.01089528,0.01120396,0.01147996,0.01171502,0.01191414,0.01206994,0.0121888,0.01226557,0.01230713,0.01230925,0.0122785,0.01221031,0.01211236,0.01198068,0.01182316,0.01163538,0.0114231,0.01118196,0.01091676,0.01062305,0.01030604,0.009959565,0.009588135,0.009184528,0.008753002,0.00828789,0.007794126,0.007266202,0.006709056,0.006115836,0.005491053,0.00482658,0.004127088,0.003384217,0.002603066,0.001774904,0.0009062758,-1.062211e-05,-0.0009663739,-0.001967184,-0.002999757,-0.004069556,-0.005160145,-0.006275325,-0.007396389,-0.00852407,-0.009638884,-0.01073658,-0.01179971,-0.01280998,-0.01375687,-0.01462911,-0.01541149,-0.01610441,-0.01669283,-0.01718246,-0.0175657
-0.0170234,-0.01728456,-0.01745144,-0.01751277,-0.01750659,-0.0173713,-0.01726543,-0.01690912,-0.01663829,-0.01624775,-0.01581596,-0.01534544,-0.01482917,-0.01428619,-0.013707,-0.01310451,-0.01247173,-0.01182369,-0.01115101,-0.01047146,-0.009772544,-0.009072544,-0.00835816,-0.007646532,-0.006922976,-0.006204576,-0.005472767,-0.004747334,-0.004007754,-0.003274575,-0.002529062,-0.001791958,-0.001046299,-0.0003148459,0.000420817,0.001136341,0.001852243,0.002544797,0.003233833,0.003897486,0.004556915,0.005190242,0.005819771,0.006419571,0.007009885,0.00756357,0.008099617,0.008592771,0.009063664,0.0094883,0.009890419,0.0102464,0.01057997,0.01086618,0.01112723,0.0113375,0.01152002,0.0116511,0.01175539,0.0118107,0.01184183,0.01182646,0.01178965,0.01170895,0.01161103,0.0114737,0.0113225,0.0111347,0.01093382,0.01069704,0.01044787,0.01016268,0.009865311,0.009530483,0.009180977,0.008791883,0.008385994,0.0079396,0.007475642,0.006969741,0.006444826,0.005875326,0.005283527,0.0046435,0.003977394,0.003258979,0.002510279,0.001705544,0.0008684886,-2.498358e-05,-0.0009485121,-0.00192442,-0.002924456,-0.003969402,-0.005029227,-0.006121444,-0.0072156,-0.008322529,-0.009410993,-0.01048155,-0.01151228,-0.01249656,-0.01340638,-0.01424528,-0.01498825,-0.01564794,-0.01620319,-0.01666455
-0.01602864,-0.01637419,-0.01661076,-0.01677693,-0.01681233,-0.01682388,-0.01663044,-0.0165446,-0.01624849,-0.01594541,-0.01559129,-0.01518485,-0.01474614,-0.01426413,-0.01375089,-0.01320401,-0.01263246,-0.01203402,-0.01141937,-0.0107842,-0.0101397,-0.009480477,-0.008815623,-0.008140015,-0.007461241,-0.006771276,-0.006079222,-0.005374653,-0.004668279,-0.003950679,-0.003232101,-0.002506215,-0.001783921,-0.001058823,-0.0003436569,0.000369997,0.001069679,0.001763302,0.00244039,0.003108456,0.003759047,0.004401495,0.005024929,0.00563729,0.006225037,0.006793308,0.007330109,0.007840174,0.008313446,0.008757317,0.009163444,0.009540589,0.009880168,0.01018892,0.01045739,0.01069122,0.01088245,0.01103816,0.01115292,0.01123404,0.01127706,0.01128913,0.0112657,0.01121462,0.01113241,0.01102713,0.01089536,0.01074276,0.01056551,0.01036796,0.01014605,0.009904568,0.009638633,0.009352356,0.009039981,0.008704745,0.008341909,0.007954829,0.007538959,0.007097611,0.006625613,0.006125894,0.005592236,0.005027305,0.004424446,0.003785969,0.003104733,0.002383443,0.001616314,0.000808028,-4.59747e-05,-0.0009386176,-0.001873964,-0.002843613,-0.003849248,-0.004881543,-0.00593681,-0.007005359,-0.008075545,-0.009139712,-0.01017041,-0.01116104,-0.0120946,-0.01296257,-0.01375384,-0.0144609,-0.01507469,-0.01560184
-0.01490481,-0.01530113,-0.01562165,-0.01582555,-0.01597953,-0.01598968,-0.01604757,-0.01585239,-0.01571524,-0.01549054,-0.01519607,-0.01487529,-0.01449251,-0.01408714,-0.0136329,-0.01315697,-0.01264005,-0.01210875,-0.01154394,-0.01097261,-0.01037429,-0.009774419,-0.009152512,-0.008531257,-0.007889405,-0.007249011,-0.006586157,-0.00592521,-0.005241995,-0.004561154,-0.003861552,-0.003167625,-0.002459939,-0.001763917,-0.001058425,-0.0003698407,0.0003239856,0.0009975997,0.001672025,0.002324253,0.002976628,0.003606066,0.00423533,0.004837664,0.00543345,0.005995546,0.00654266,0.007049386,0.007535876,0.007978501,0.008400563,0.008779016,0.009136424,0.009448524,0.009736176,0.009975024,0.01018689,0.01034983,0.01048676,0.01057699,0.01064341,0.01066576,0.01066746,0.01062846,0.01057355,0.01048343,0.01038146,0.01024797,0.01010389,0.009929263,0.009744861,0.009530069,0.009306179,0.009051568,0.00878609,0.008488594,0.008178139,0.007834569,0.007476848,0.007084354,0.006676231,0.006231187,0.005767306,0.005263242,0.004736175,0.004164511,0.003564689,0.002915401,0.002234321,0.001501777,0.0007364409,-7.984819e-05,-0.0009284037,-0.001825907,-0.002753541,-0.003723794,-0.004718087,-0.00573995,-0.006770041,-0.007798113,-0.008812708,-0.009799865,-0.01073792,-0.01162021,-0.01243357,-0.01317488,-0.01383605,-0.01441032
-0.01366019,-0.01413087,-0.01449196,-0.01480135,-0.01496987,-0.01513579,-0.01508661,-0.01514039,-0.0150117,-0.01484055,-0.01464325,-0.01437512,-0.01408392,-0.01373649,-0.01336164,-0.01294198,-0.01250001,-0.01202136,-0.01152825,-0.01100618,-0.0104757,-0.009922955,-0.009364068,-0.008786084,-0.008202848,-0.00759896,-0.00698969,-0.006358739,-0.005722492,-0.005067544,-0.004409148,-0.003737417,-0.003067601,-0.002389003,-0.001717918,-0.001042269,-0.0003776167,0.0002863881,0.0009368233,0.001583522,0.002215361,0.002843681,0.003454951,0.004058796,0.004640275,0.005205859,0.005742479,0.006255777,0.006734473,0.007187119,0.007604428,0.00799557,0.008351063,0.008677603,0.008965446,0.009220548,0.009435221,0.009616566,0.009759093,0.009869371,0.009942858,0.009986532,0.009996612,0.009980882,0.009936888,0.009872212,0.009784619,0.0096791,0.009553016,0.0094101,0.009247378,0.009068689,0.00887067,0.008656497,0.008422278,0.008170086,0.007896796,0.007604178,0.007289287,0.006953653,0.006594263,0.006212229,0.005803652,0.005369104,0.0049042,0.004408635,0.003877796,0.003310905,0.002705083,0.0020606,0.001375171,0.0006499121,-0.000117331,-0.0009260951,-0.001775852,-0.002666894,-0.003591405,-0.004549612,-0.005523507,-0.006515351,-0.007490925,-0.00844864,-0.009367579,-0.01024643,-0.01106563,-0.01182801,-0.01250995,-0.01313107
-0.01236708,-0.01285368,-0.01328738,-0.01360169,-0.01388563,-0.01401875,-0.01421514,-0.01416728,-0.01415167,-0.014083,-0.01392226,-0.01374935,-0.0135032,-0.01324037,-0.01291972,-0.01258014,-0.01219127,-0.01178931,-0.01134682,-0.01089828,-0.01041671,-0.009933307,-0.009421682,-0.008908909,-0.008368351,-0.007825768,-0.007253094,-0.006678055,-0.006074068,-0.005468914,-0.004839818,-0.004213687,-0.003569182,-0.002933218,-0.002282768,-0.001645197,-0.0009974666,-0.0003658155,0.0002712938,0.0008901788,0.001513096,0.002116173,0.002721783,0.003303374,0.003881069,0.004428606,0.004964097,0.005462908,0.005944325,0.006385824,0.006809407,0.007192928,0.007557063,0.007878762,0.008177316,0.008430486,0.00865849,0.008841495,0.008999832,0.009114351,0.009205198,0.009254381,0.009283443,0.009275272,0.009252329,0.009198302,0.009133731,0.009042144,0.008941824,0.00881627,0.008683422,0.008525859,0.008361761,0.00817323,0.007976899,0.007755759,0.007525271,0.007269292,0.007002914,0.006709606,0.00640469,0.006071468,0.005723804,0.005345232,0.004948141,0.004515955,0.00406,0.003563986,0.003040044,0.002473592,0.001876174,0.001234404,0.0005580742,-0.0001650874,-0.000926953,-0.001735197,-0.002582557,-0.003465883,-0.004377389,-0.005297902,-0.006226422,-0.007143703,-0.008035958,-0.008887557,-0.00969822,-0.01045411,-0.01115856,-0.01178907
-0.01101922,-0.01156111,-0.01199955,-0.01240753,-0.01267325,-0.01295507,-0.01302187,-0.01318641,-0.01320162,-0.01314585,-0.01308945,-0.01295015,-0.01279881,-0.01258324,-0.01234576,-0.01205577,-0.01174656,-0.01139342,-0.01102782,-0.01062698,-0.01021896,-0.009783166,-0.009341371,-0.008874328,-0.008400745,-0.007899287,-0.007389921,-0.006851774,-0.006305561,-0.005735027,-0.00515891,-0.004564525,-0.003970033,-0.003361505,-0.002757563,-0.002143504,-0.001536801,-0.0009255219,-0.0003241063,0.0002784273,0.0008688257,0.001459329,0.002034809,0.002605966,0.003157527,0.003696671,0.004210236,0.004704359,0.005167423,0.005608447,0.006017661,0.006403834,0.006757192,0.007083947,0.00737489,0.007636024,0.007860404,0.008054604,0.008213179,0.008341302,0.008434512,0.008498996,0.008532126,0.008541297,0.008525217,0.008490424,0.008435801,0.008365332,0.008277973,0.008176835,0.008060399,0.007931259,0.007787424,0.00763074,0.007459224,0.007273726,0.007073152,0.006857774,0.006626606,0.006379466,0.006115665,0.005834635,0.005534996,0.005215273,0.00487368,0.004507415,0.004114787,0.003692017,0.003239472,0.002753796,0.002235539,0.001680736,0.001089773,0.0004560327,-0.0002175237,-0.0009399392,-0.001699601,-0.002505698,-0.003335026,-0.004199062,-0.005059098,-0.005919166,-0.006756281,-0.007576498,-0.008353814,-0.009103744,-0.009790363,-0.01044407
-0.00970594,-0.01022707,-0.01071927,-0.01109613,-0.01146352,-0.0116794,-0.01197076,-0.01203682,-0.0121131,-0.01217163,-0.01212304,-0.01207799,-0.01195411,-0.01182128,-0.011626,-0.01141577,-0.01115095,-0.01087506,-0.01055391,-0.01022781,-0.00986491,-0.009500721,-0.009104692,-0.008706994,-0.008277043,-0.007843086,-0.007374043,-0.006899629,-0.00639181,-0.005880159,-0.005340873,-0.004801994,-0.004240998,-0.003685437,-0.003111212,-0.002545775,-0.001965921,-0.001397752,-0.000820031,-0.0002565257,0.0003140614,0.0008677608,0.001426143,0.00196374,0.002499914,0.003009982,0.003511071,0.003980107,0.004435122,0.00485512,0.005260192,0.005629534,0.005981605,0.006295226,0.006587905,0.00684003,0.007069789,0.007259648,0.007426933,0.007554206,0.007658551,0.007724287,0.007770657,0.00778362,0.007782836,0.007754902,0.007717153,0.00765634,0.007588124,0.007499654,0.007406015,0.00729302,0.007175314,0.00703859,0.006896073,0.00673488,0.006567108,0.006380744,0.006187227,0.005974272,0.005753448,0.00551279,0.005262182,0.00498992,0.004704024,0.004392797,0.004062878,0.003703193,0.003320833,0.002906728,0.002466353,0.001991476,0.0014844,0.0009375159,0.0003495678,-0.0002823038,-0.0009609771,-0.001677251,-0.002433823,-0.003204533,-0.003997917,-0.004791513,-0.005579824,-0.006340646,-0.007085093,-0.007792453,-0.008477405,-0.009104093
-0.0083998,-0.008954951,-0.009416581,-0.009868941,-0.01018522,-0.01053319,-0.01067429,-0.01090832,-0.01102897,-0.01105802,-0.01111125,-0.01107611,-0.0110411,-0.0109388,-0.01082153,-0.01064772,-0.01045852,-0.01022105,-0.009973587,-0.009687227,-0.009395696,-0.00907353,-0.008746915,-0.008391938,-0.00803085,-0.00763801,-0.007236357,-0.006801683,-0.006357349,-0.005885106,-0.005405698,-0.004904407,-0.004401097,-0.003879878,-0.003360512,-0.002826761,-0.002296956,-0.001758316,-0.001226052,-0.0006887967,-0.0001610532,0.0003695817,0.000887541,0.001403958,0.001903927,0.002394852,0.00286409,0.00331794,0.003745092,0.004154344,0.004535976,0.004897967,0.005230864,0.005540299,0.005818018,0.006069755,0.006289519,0.006482929,0.006644881,0.006779013,0.006881197,0.006956461,0.007003226,0.007028086,0.007030786,0.007016491,0.006985144,0.006939568,0.006880397,0.006810045,0.006728495,0.006637018,0.006534752,0.006422051,0.006298647,0.006164101,0.00601942,0.005863525,0.005697445,0.005519552,0.005331364,0.005130904,0.0049193,0.004693124,0.004453229,0.004194494,0.003918034,0.003617666,0.00329689,0.002949662,0.002579762,0.002179261,0.001751676,0.001284718,0.0007839554,0.0002332546,-0.0003525449,-0.0009901206,-0.001652278,-0.002358468,-0.003067231,-0.003788276,-0.004497787,-0.005209777,-0.00589253,-0.0065727,-0.007207159,-0.007835208
-0.007195071,-0.007697801,-0.008193463,-0.008582037,-0.008981252,-0.009234235,-0.009571746,-0.009709273,-0.009839609,-0.009985908,-0.01001698,-0.01006756,-0.01003874,-0.0100098,-0.009917727,-0.009815631,-0.009656749,-0.009489544,-0.009274891,-0.009057225,-0.008801546,-0.00854631,-0.008258646,-0.007970555,-0.007649064,-0.00732374,-0.006961437,-0.00659249,-0.006188042,-0.005778098,-0.005338507,-0.004897303,-0.004431619,-0.00396898,-0.003484973,-0.003006436,-0.002510649,-0.002022739,-0.00152244,-0.001032792,-0.0005338287,-4.887897e-05,0.0004426005,0.0009167687,0.00139173,0.001844932,0.002292087,0.002712226,0.003121834,0.003501637,0.003869619,0.004206775,0.004529284,0.004818388,0.005089537,0.005325875,0.005543304,0.00572659,0.005890109,0.006018468,0.006125701,0.006198429,0.006253141,0.006278612,0.006291439,0.006280936,0.006261203,0.006222091,0.006176603,0.006115356,0.006050575,0.005971206,0.005888303,0.005790894,0.005688793,0.005572903,0.005452172,0.005318529,0.005180068,0.005028632,0.004872264,0.004703524,0.004528696,0.004340417,0.00414284,0.00392872,0.003700473,0.003452022,0.003186024,0.002898886,0.002591277,0.002260146,0.00190205,0.001514183,0.001087689,0.0006244733,0.0001130687,-0.0004321777,-0.001022864,-0.001627691,-0.002263116,-0.002905072,-0.003555676,-0.004189382,-0.004825692,-0.005437399,-0.006051739,-0.006623469
-0.006041244,-0.006560103,-0.00699648,-0.007442162,-0.0077624,-0.008127937,-0.00830088,-0.008561431,-0.00874441,-0.008822254,-0.00894686,-0.008982862,-0.009031144,-0.009013171,-0.008987873,-0.008905369,-0.008811964,-0.008668859,-0.008518731,-0.0083287,-0.008136306,-0.007913118,-0.007688523,-0.007435584,-0.007178853,-0.006889932,-0.006593071,-0.006261858,-0.005920644,-0.005549966,-0.005171414,-0.004769037,-0.004363459,-0.003937956,-0.003512461,-0.003070161,-0.002629375,-0.002177007,-0.00172836,-0.001272024,-0.0008227881,-0.0003685602,7.555225e-05,0.0005205277,0.0009522733,0.001378134,0.001786278,0.002182909,0.002557472,0.002918043,0.003255485,0.003576893,0.003873575,0.004150649,0.004400873,0.004629427,0.004831373,0.005011129,0.005164277,0.005293155,0.005394163,0.005471105,0.005523096,0.005555578,0.005569151,0.005567477,0.005551475,0.005522836,0.005483581,0.005435321,0.005379336,0.005315662,0.005244411,0.005164487,0.005077045,0.004980366,0.004877275,0.004765522,0.00464797,0.004521815,0.004390499,0.004250873,0.004106312,0.00395165,0.003790126,0.003614633,0.003428712,0.00322433,0.00300773,0.002770998,0.002521197,0.00224758,0.001957108,0.001633476,0.001284962,0.0008902695,0.0004667797,-8.060591e-06,-0.0005042798,-0.001047676,-0.001595368,-0.002161998,-0.002723653,-0.003302753,-0.003862161,-0.004434704,-0.004975908,-0.005533152
-0.005030077,-0.005474088,-0.005928761,-0.006286245,-0.006671162,-0.006920983,-0.007261382,-0.007429413,-0.007576948,-0.007770006,-0.007845458,-0.007954874,-0.0079881,-0.008030053,-0.008011402,-0.007988235,-0.007909025,-0.007824865,-0.007693566,-0.007561835,-0.007393189,-0.00722767,-0.007031781,-0.006838211,-0.006613037,-0.006386084,-0.006123085,-0.005853815,-0.005549218,-0.005238579,-0.00489816,-0.004555094,-0.004186963,-0.003820645,-0.003432119,-0.003047004,-0.002643603,-0.002245314,-0.001833298,-0.001429069,-0.001014101,-0.0006104782,-0.0001988905,0.000198792,0.0005990451,0.0009818895,0.001361246,0.001718552,0.002068623,0.002394001,0.002710599,0.003001584,0.003280859,0.003532438,0.003769467,0.003977756,0.00417091,0.004335886,0.004484402,0.004603419,0.004704081,0.004775335,0.004830625,0.004861152,0.004880447,0.004880248,0.004871584,0.004847178,0.004817284,0.00477557,0.004731448,0.004676795,0.00461936,0.004551188,0.004478886,0.004396648,0.004310465,0.004215776,0.004117678,0.004011736,0.003902801,0.003787417,0.003668706,0.003543079,0.003411377,0.003270261,0.0031185,0.002954448,0.002776989,0.002587465,0.002382923,0.002165123,0.001926586,0.001669206,0.001378535,0.001060994,0.0006983249,0.000308925,-0.0001258846,-0.0005713986,-0.001049978,-0.00153698,-0.002040633,-0.002535215,-0.003045454,-0.003535817,-0.004046765,-0.004528567
-0.004090697,-0.004539157,-0.004915718,-0.005315848,-0.005602813,-0.005947177,-0.006117341,-0.006368309,-0.006574452,-0.006667666,-0.006826241,-0.006899489,-0.006995869,-0.007029952,-0.007064362,-0.007043846,-0.007017441,-0.006942528,-0.006864028,-0.006746818,-0.006630494,-0.006485286,-0.006342553,-0.006173866,-0.006004927,-0.005806057,-0.005601516,-0.005363824,-0.00511708,-0.004841303,-0.004558084,-0.004250975,-0.003940566,-0.003610164,-0.003279127,-0.002930783,-0.002582786,-0.002222031,-0.001863378,-0.001495568,-0.001132855,-0.0007637981,-0.0004024609,-3.839375e-05,0.000315376,0.0006660713,0.001002755,0.001331353,0.001642404,0.001942975,0.002224887,0.002494431,0.002743835,0.002977846,0.003190121,0.003385107,0.003558987,0.003714918,0.003849381,0.003963793,0.004055131,0.004126152,0.004176339,0.004209804,0.00422783,0.004232595,0.004225813,0.004208171,0.004182587,0.004149818,0.004112096,0.004068433,0.004019823,0.003963944,0.003903058,0.003834298,0.00376183,0.003682417,0.003600379,0.003511971,0.00342212,0.003326694,0.003230877,0.003128111,0.003023606,0.002908758,0.002789058,0.002655111,0.002515314,0.002360465,0.002200536,0.002022947,0.001837993,0.00162697,0.001400813,0.001135021,0.000848848,0.0005155283,0.000166631,-0.0002282762,-0.000625891,-0.001044546,-0.001460312,-0.001903911,-0.002333849,-0.002782779,-0.003209359,-0.003668595
-0.003309079,-0.003670716,-0.004056018,-0.004354098,-0.004691538,-0.004909305,-0.005220831,-0.005386936,-0.005522444,-0.005726921,-0.005815482,-0.005949466,-0.006012832,-0.006092854,-0.006117159,-0.006142725,-0.006115591,-0.00608736,-0.006014461,-0.005943995,-0.005839354,-0.005740784,-0.005615473,-0.005495831,-0.005348237,-0.005201982,-0.005022761,-0.004838998,-0.00462217,-0.004399925,-0.004149635,-0.00389684,-0.003620144,-0.003345219,-0.00304901,-0.002755411,-0.002444168,-0.002136354,-0.001814866,-0.00149916,-0.001172168,-0.0008543128,-0.000527707,-0.0002119726,0.0001075022,0.0004136297,0.0007183274,0.001005532,0.001288427,0.001551413,0.001808421,0.002045015,0.00227283,0.002478791,0.002673659,0.002845702,0.00300639,0.003144749,0.003270145,0.003372061,0.00345897,0.003522142,0.003571982,0.003601724,0.003622033,0.003626747,0.003624037,0.003609174,0.003589641,0.003561651,0.003531947,0.003495046,0.003455885,0.003409181,0.003358702,0.003301413,0.003240579,0.00317457,0.003105835,0.003033052,0.002958254,0.002881238,0.002802436,0.00272142,0.002636314,0.002547127,0.002449664,0.002345936,0.002231719,0.002112354,0.001982192,0.001847056,0.001696827,0.001537718,0.001351641,0.001149106,0.0009070444,0.0006467734,0.0003444293,3.647133e-05,-0.0003032975,-0.000650313,-0.001016741,-0.001378999,-0.001765292,-0.002129772,-0.002524559,-0.002899976
-0.002599736,-0.002960694,-0.003259359,-0.00359129,-0.003822044,-0.004119808,-0.004264119,-0.004480849,-0.004680353,-0.004763583,-0.004925468,-0.005007279,-0.005120742,-0.005177677,-0.005241978,-0.005255993,-0.005269424,-0.005237778,-0.00520623,-0.005138793,-0.005075382,-0.004986099,-0.00490298,-0.004797457,-0.004695415,-0.004567298,-0.004436613,-0.004275957,-0.004108391,-0.003913998,-0.003713721,-0.003491199,-0.003266281,-0.003022898,-0.002779305,-0.002519439,-0.002259878,-0.001987709,-0.001716983,-0.001436804,-0.00116033,-0.0008769635,-0.0005994391,-0.0003179611,-4.438464e-05,0.0002284144,0.0004904616,0.0007472607,0.0009906542,0.001226651,0.001448141,0.001660766,0.00185765,0.002043283,0.002212126,0.002367808,0.002507625,0.002633621,0.002743165,0.002837138,0.002913031,0.002972822,0.003016169,0.003045867,0.003063704,0.003070551,0.003068611,0.003057753,0.0030413,0.003019176,0.002994214,0.002964659,0.002932288,0.002893884,0.002852511,0.00280441,0.002754571,0.002698964,0.002642891,0.002581859,0.00252178,0.0024577,0.002396108,0.002329476,0.002264497,0.002191661,0.002117918,0.00203297,0.001946687,0.001848935,0.001751869,0.001641819,0.001531824,0.001402198,0.001266254,0.001098103,0.000918336,0.000697644,0.0004681203,0.0001963422,-7.490624e-05,-0.0003662604,-0.0006534618,-0.0009740531,-0.001284968,-0.001613757,-0.001923544,-0.002275812
-0.002042329,-0.002313936,-0.002617731,-0.002844059,-0.003116439,-0.003285995,-0.003549756,-0.003692985,-0.003798154,-0.003988579,-0.004067468,-0.00419936,-0.004267342,-0.004358263,-0.004399838,-0.004448282,-0.004449407,-0.004453512,-0.004417126,-0.004385966,-0.004324283,-0.004271134,-0.004195261,-0.004127987,-0.004037094,-0.003950793,-0.003835974,-0.003719235,-0.003573372,-0.003423742,-0.0032493,-0.003073478,-0.002876269,-0.002681602,-0.002467893,-0.002256888,-0.002030123,-0.00180602,-0.001569364,-0.001337339,-0.001094369,-0.0008588847,-0.0006146481,-0.0003787987,-0.0001386841,9.157699e-05,0.0003219546,0.0005388088,0.0007537613,0.0009531704,0.001148981,0.001329244,0.001503404,0.001661173,0.00181109,0.001943609,0.002068244,0.002176036,0.002274226,0.00235481,0.002423884,0.002474915,0.002515541,0.002540699,0.002558457,0.002564477,0.002564314,0.002555388,0.002542566,0.002524072,0.002504245,0.00247988,0.002453635,0.002422554,0.002388021,0.002349278,0.002307191,0.002262428,0.002215165,0.002166495,0.002116059,0.002066108,0.002014883,0.001964484,0.001910945,0.001857029,0.001796349,0.001733712,0.001662488,0.001590848,0.001511139,0.00143225,0.001342403,0.001251452,0.001139409,0.001020206,0.0008680507,0.0007061083,0.0005072416,0.0003081343,8.052319e-05,-0.000151614,-0.0004022814,-0.0006504085,-0.0009275458,-0.001178376,-0.001461919,-0.001731431
-0.00154371,-0.0018148,-0.002032139,-0.00228861,-0.002455148,-0.002693926,-0.002800668,-0.002970771,-0.003145118,-0.003203523,-0.003348032,-0.003418655,-0.003526494,-0.003584396,-0.003655505,-0.003682514,-0.00371411,-0.003705716,-0.003701089,-0.003664477,-0.003634495,-0.003581954,-0.003538251,-0.003475787,-0.003419881,-0.00334228,-0.00326545,-0.003163068,-0.00305673,-0.002927108,-0.002793918,-0.002641339,-0.002487923,-0.002318512,-0.002149998,-0.001967205,-0.001785402,-0.001592127,-0.001400331,-0.001199712,-0.001002087,-0.000797694,-0.0005979231,-0.0003936226,-0.0001954129,3.65216e-06,0.0001947029,0.0003827478,0.0005609182,0.0007343574,0.000896906,0.001053692,0.001198697,0.001336131,0.001461253,0.00157691,0.001681311,0.001775723,0.001858234,0.001929457,0.001987367,0.002033351,0.002067186,0.00209052,0.002105403,0.00211171,0.002111829,0.002104976,0.002094527,0.00207966,0.0020635,0.002043777,0.002022892,0.001997107,0.001969998,0.001937232,0.00190418,0.001866233,0.001829214,0.001788069,0.001749224,0.001707086,0.001668928,0.0016267,0.001588061,0.001543161,0.001499963,0.001447699,0.001397062,0.001337257,0.001281678,0.001216167,0.001155527,0.001080198,0.001005366,0.0009052374,0.0008013165,0.0006633719,0.0005230883,0.0003456671,0.0001722531,-1.87292e-05,-0.0002028793,-0.0004211112,-0.0006320744,-0.0008577442,-0.001063795,-0.00131534
-0.001177876,-0.001364419,-0.001587667,-0.001743118,-0.001947265,-0.002063959,-0.002272305,-0.002382808,-0.002450387,-0.002612268,-0.002668907,-0.002782049,-0.002838271,-0.002921555,-0.002962462,-0.003015053,-0.003026958,-0.003045724,-0.003029326,-0.003020605,-0.002985406,-0.002960321,-0.002916163,-0.002882462,-0.00282932,-0.002783382,-0.002713945,-0.002645484,-0.002552828,-0.002458686,-0.002343839,-0.002229272,-0.00209663,-0.001967564,-0.001822442,-0.001680565,-0.001525468,-0.001372934,-0.00120962,-0.0010504,-0.0008813446,-0.0007185721,-0.0005477417,-0.000383417,-0.0002148156,-5.332743e-05,0.0001093324,0.0002618312,0.0004141832,0.0005548715,0.0006938388,0.0008214934,0.0009453469,0.001057521,0.001164652,0.00125916,0.001348664,0.001426209,0.001497135,0.001555707,0.001606085,0.001643632,0.001673653,0.001692535,0.001706004,0.001711326,0.001711779,0.001706453,0.001697966,0.001686032,0.001672944,0.001657358,0.001640158,0.001620331,0.001597399,0.001572375,0.00154419,0.001515165,0.001483662,0.001452479,0.001419379,0.001388281,0.001355757,0.001325794,0.001292945,0.001262063,0.001225385,0.001189636,0.001146538,0.001105935,0.001058725,0.001015789,0.0009643727,0.0009169931,0.0008532227,0.0007894514,0.000699154,0.0006063624,0.0004824907,0.0003632112,0.000219472,7.430405e-05,-8.701128e-05,-0.000244506,-0.0004324585,-0.0005915826,-0.0007811992,-0.0009579459
-0.0008507131,-0.001040346,-0.001183696,-0.001368846,-0.001475308,-0.001653754,-0.001720479,-0.001842019,-0.001983085,-0.002011953,-0.002128772,-0.002178339,-0.00226758,-0.002313514,-0.002376788,-0.002402741,-0.002437739,-0.002438738,-0.002446807,-0.002427404,-0.002416525,-0.002386292,-0.002366292,-0.002330683,-0.002303617,-0.002258967,-0.002218046,-0.002156423,-0.002093988,-0.002012519,-0.001930025,-0.001831574,-0.001734072,-0.001623338,-0.001514831,-0.001394453,-0.001276004,-0.001147823,-0.001021521,-0.000887562,-0.0007564453,-0.0006191117,-0.0004857291,-0.0003478091,-0.0002146424,-7.96899e-05,4.942804e-05,0.0001772627,0.0002980011,0.0004162306,0.0005265665,0.0006336368,0.0007323262,0.0008264218,0.0009119888,0.0009912704,0.001063021,0.001128115,0.001185169,0.001234638,0.001275011,0.001307191,0.001331062,0.001347412,0.00135826,0.001362852,0.001363543,0.001359033,0.001352562,0.001342698,0.001332603,0.001319734,0.00130688,0.001290128,0.001273315,0.001251846,0.001231138,0.001206244,0.001183117,0.001156369,0.001132537,0.001105638,0.001083212,0.001057126,0.001035474,0.001008544,0.0009848844,0.0009536875,0.0009258916,0.000890374,0.0008608043,0.0008230798,0.0007926588,0.0007508534,0.0007140287,0.000657564,0.0006033694,0.0005218292,0.0004433584,0.0003334488,0.0002303301,0.0001127857,4.308688e-06,-0.0001352137,-0.0002677133,-0.0004133047,-0.0005375593,-0.0007046764
-0.0006313112,-0.0007461853,-0.0008987827,-0.0009929792,-0.00113594,-0.001204193,-0.001358217,-0.001434884,-0.001466579,-0.001594973,-0.001626098,-0.001713491,-0.001750817,-0.001816946,-0.001847513,-0.001893178,-0.00190515,-0.001927157,-0.001919842,-0.001922088,-0.001901998,-0.001892688,-0.001867392,-0.001853188,-0.001823151,-0.001801863,-0.001761938,-0.001725531,-0.001670056,-0.00161546,-0.001544489,-0.001475479,-0.001391965,-0.001312886,-0.001220924,-0.001132804,-0.001034132,-0.0009382743,-0.000833658,-0.0007328938,-0.0006238844,-0.0005202338,-0.0004096557,-0.0003042322,-0.0001948501,-9.059332e-05,1.542894e-05,0.0001140721,0.0002136576,0.0003048771,0.0003957491,0.0004787426,0.0005597907,0.0006329416,0.0007032722,0.0007649963,0.0008238796,0.0008748659,0.0009216843,0.0009604581,0.0009939058,0.00101891,0.001038919,0.001051558,0.001060501,0.001064358,0.001064599,0.001061481,0.001055879,0.001048521,0.001040078,0.001030621,0.001019713,0.001007852,0.0009932491,0.0009781654,0.0009601486,0.0009425778,0.0009225196,0.0009038304,0.0008829598,0.0008648036,0.0008447841,0.0008281331,0.0008085108,0.0007921297,0.0007706196,0.0007517975,0.0007265129,0.0007052897,0.0006781307,0.000656883,0.0006284,0.00060667,0.0005719665,0.0005419659,0.0004910356,0.000443169,0.0003699718,0.0003051581,0.0002199068,0.0001359458,3.825098e-05,-5.291234e-05,-0.0001724029,-0.0002642268,-0.0003826862,-0.0004867767
-0.000430198,-0.0005533259,-0.0006366241,-0.0007615274,-0.0008192605,-0.0009440174,-0.0009752595,-0.00105364,-0.001161096,-0.001163442,-0.001250743,-0.001277792,-0.001344118,-0.001373375,-0.001422109,-0.001440094,-0.00147029,-0.001472637,-0.001484571,-0.001473724,-0.001472545,-0.001455016,-0.001447996,-0.001427925,-0.001417211,-0.001392379,-0.001373368,-0.001338247,-0.001305026,-0.001257057,-0.001210335,-0.001151099,-0.001094402,-0.001027116,-0.0009631908,-0.0008898014,-0.0008191566,-0.0007407228,-0.0006646318,-0.0005822294,-0.000502786,-0.0004179037,-0.0003366058,-0.0002511559,-0.0001694693,-8.564255e-05,-6.012727e-06,7.358295e-05,0.000148144,0.0002218985,0.0002901319,0.0003569313,0.000418093,0.000476872,0.0005300913,0.000579595,0.0006243636,0.0006651324,0.0007009062,0.0007320113,0.0007574453,0.0007777321,0.0007928398,0.0008030044,0.0008099842,0.0008127044,0.0008133685,0.0008103144,0.000806539,0.0008001985,0.0007942917,0.0007862114,0.0007788799,0.0007684852,0.0007589044,0.0007455564,0.0007336558,0.0007181924,0.0007049204,0.0006884041,0.0006749517,0.0006584981,0.000646388,0.0006307933,0.0006197451,0.0006040517,0.0005923816,0.0005743415,0.0005605838,0.0005401178,0.0005260546,0.0005048754,0.0004916696,0.0004691299,0.0004539027,0.000423336,0.0003989988,0.0003532209,0.0003143568,0.0002497383,0.0001936496,0.0001262031,6.883423e-05,-1.46472e-05,-8.972784e-05,-0.0001780607,-0.0002444094,-0.0003476519
-0.0003118024,-0.0003726482,-0.0004693264,-0.0005165186,-0.0006104269,-0.000640439,-0.0007473877,-0.0007948103,-0.0007981122,-0.0008947118,-0.0009037384,-0.0009656955,-0.0009842486,-0.00103108,-0.001048578,-0.001082819,-0.001089997,-0.001109213,-0.001104857,-0.001111156,-0.001099162,-0.00109783,-0.001083159,-0.00107918,-0.001062346,-0.001054675,-0.001032598,-0.001015766,-0.0009845656,-0.0009561596,-0.0009154081,-0.0008779204,-0.0008293,-0.0007855745,-0.0007319092,-0.0006824533,-0.0006249002,-0.0005704241,-0.0005091596,-0.0004515444,-0.0003873946,-0.0003278318,-0.0002626247,-0.0002015804,-0.0001370883,-7.63277e-05,-1.360198e-05,4.395456e-05,0.0001029989,0.0001563046,0.000210162,0.0002587684,0.0003067689,0.0003497211,0.0003914391,0.000427713,0.0004626266,0.0004927559,0.0005205527,0.0005435635,0.0005634772,0.000578346,0.0005902143,0.0005977201,0.0006028616,0.0006052791,0.0006051486,0.0006034583,0.0005998586,0.0005957015,0.0005904878,0.0005852492,0.0005786587,0.0005722498,0.0005634583,0.0005552805,0.00054445,0.0005348756,0.0005228645,0.0005127749,0.0005003231,0.0004907846,0.0004789737,0.0004707187,0.0004593591,0.000451728,0.0004394941,0.0004308407,0.0004164744,0.0004067974,0.0003915564,0.0003826295,0.000367094,0.0003591961,0.0003407248,0.0003294266,0.0003017362,0.0002806724,0.0002394725,0.0002090472,0.0001619185,0.000117966,6.232875e-05,1.575418e-05,-5.479243e-05,-0.0001013355,-0.0001706982,-0.0002237332
-0.0001953506,-0.0002693592,-0.0003092617,-0.0003880619,-0.0004110662,-0.0004931326,-0.0004978668,-0.0005425431,-0.0006207306,-0.00060407,-0.0006654256,-0.000674027,-0.0007191407,-0.0007329693,-0.0007664344,-0.0007750731,-0.0007974455,-0.0007977038,-0.0008089259,-0.0008018661,-0.000804829,-0.0007942605,-0.0007936473,-0.00078211,-0.0007797405,-0.0007660509,-0.0007591949,-0.000740149,-0.0007248638,-0.0006986393,-0.000675289,-0.0006425045,-0.0006133302,-0.0005758972,-0.0005424887,-0.0005017662,-0.0004642644,-0.0004207938,-0.0003799761,-0.0003341442,-0.0002913573,-0.0002440012,-0.0001999382,-0.0001523078,-0.0001076896,-6.095671e-05,-1.724539e-05,2.722875e-05,6.815385e-05,0.0001094088,0.000146926,0.0001842228,0.0002179279,0.0002507441,0.0002801554,0.00030774,0.0003325472,0.0003552648,0.000375184,0.0003925333,0.0004067264,0.00041803,0.000426469,0.0004319705,0.0004359344,0.0004371827,0.0004376971,0.000435654,0.0004337159,0.0004298677,0.0004268026,0.000422024,0.000418352,0.0004122872,0.0004075307,0.0003997722,0.0003938069,0.0003848534,0.0003781993,0.0003686656,0.0003620507,0.0003525479,0.0003469228,0.0003379839,0.0003332546,0.0003243846,0.0003196633,0.0003095584,0.0003039519,0.000292505,0.000287141,0.0002754304,0.0002712683,0.0002591328,0.0002549617,0.0002386677,0.0002305462,0.0002058915,0.0001902631,0.0001541239,0.0001271866,9.152872e-05,6.578446e-05,1.920588e-05,-1.738551e-05,-6.768012e-05,-9.713214e-05,-0.0001564795
-0.0001399625,-0.0001648372,-0.0002215093,-0.0002371138,-0.0002952748,-0.0002995711,-0.0003698684,-0.0003954683,-0.0003804359,-0.000450395,-0.0004442109,-0.000485216,-0.0004894362,-0.0005195249,-0.0005258357,-0.0005487366,-0.000550449,-0.0005647704,-0.0005607488,-0.0005675096,-0.000559751,-0.0005618874,-0.0005530627,-0.0005538074,-0.0005441819,-0.0005431897,-0.000531244,-0.0005252722,-0.0005088489,-0.0004963504,-0.0004749116,-0.0004574271,-0.0004317015,-0.0004108562,-0.000382566,-0.0003584789,-0.0003283675,-0.0003013805,-0.0002693331,-0.0002406259,-0.0002069542,-0.0001771535,-0.000142945,-0.0001121002,-7.840716e-05,-4.745531e-05,-1.462997e-05,1.469318e-05,4.565608e-05,7.283361e-05,0.0001010358,0.0001258897,0.0001509574,0.0001729846,0.0001947657,0.0002133897,0.0002315629,0.0002471217,0.0002615729,0.0002734922,0.0002838485,0.0002915496,0.0002976547,0.0003015497,0.000304019,0.0003053802,0.0003050126,0.0003042768,0.0003020888,0.0003000931,0.0002970859,0.0002946211,0.0002908922,0.0002879913,0.000283056,0.0002793465,0.0002733099,0.0002689276,0.0002622633,0.0002576998,0.0002507697,0.0002466309,0.0002400212,0.0002367637,0.0002304105,0.0002277294,0.0002209569,0.0002179958,0.0002100669,0.0002068068,0.0001983965,0.00019594,0.0001873978,0.0001861892,0.0001762113,0.0001741218,0.0001592341,0.0001526035,0.0001302943,0.0001195979,9.557656e-05,7.566041e-05,4.585544e-05,2.64288e-05,-1.194032e-05,-3.078168e-05,-6.903915e-05,-9.018505e-05
-7.602158e-05,-0.00011729,-0.000129929,-0.000176713,-0.0001785591,-0.0002298943,-0.0002187144,-0.0002403229,-0.0002954092,-0.000268761,-0.0003100353,-0.0003067088,-0.0003353119,-0.0003381349,-0.0003590418,-0.0003603283,-0.000375181,-0.0003729593,-0.0003817627,-0.0003763578,-0.0003804973,-0.0003737573,-0.0003758317,-0.000368899,-0.0003701987,-0.0003624919,-0.0003616012,-0.0003516729,-0.0003463426,-0.0003331609,-0.0003236531,-0.0003072516,-0.0002948634,-0.0002761833,-0.0002616239,-0.0002415507,-0.0002247508,-0.0002035211,-0.0001849731,-0.0001625602,-0.0001430684,-0.0001198844,-9.963256e-05,-7.646198e-05,-5.569292e-05,-3.305073e-05,-1.259479e-05,9.007788e-06,2.812165e-05,4.816773e-05,6.574475e-05,8.378526e-05,9.963832e-05,0.0001154803,0.0001293567,0.0001426207,0.0001543749,0.0001652519,0.0001747534,0.0001830422,0.0001898171,0.000195195,0.0001992331,0.0002017182,0.0002036966,0.0002040372,0.0002044476,0.0002031507,0.0002024043,0.0002002534,0.0001989965,0.0001963901,0.0001949654,0.0001916841,0.0001898719,0.0001857092,0.0001833857,0.0001786196,0.0001760161,0.0001709401,0.0001684497,0.0001633251,0.0001614558,0.0001565673,0.0001553017,0.0001504236,0.0001493697,0.0001438512,0.0001425552,0.0001362994,0.000135368,0.0001288909,0.0001289522,0.0001221905,0.0001229012,0.0001140147,0.0001135856,0.0001005868,9.708684e-05,7.768314e-05,6.717208e-05,5.008017e-05,4.187366e-05,1.764285e-05,4.041447e-06,-2.282618e-05,-3.149139e-05,-6.340579e-05
-5.591046e-05,-6.044202e-05,-9.137278e-05,-8.935308e-05,-0.0001237205,-0.0001142595,-0.0001586072,-0.0001702449,-0.000146886,-0.0001961783,-0.0001823708,-0.0002082162,-0.0002040476,-0.000221924,-0.0002210508,-0.0002350634,-0.0002329421,-0.0002425812,-0.0002384017,-0.0002441265,-0.0002387284,-0.0002419066,-0.0002363602,-0.0002388096,-0.000233076,-0.0002347793,-0.0002283017,-0.0002275896,-0.0002194877,-0.0002155715,-0.0002053883,-0.0001991818,-0.0001870587,-0.000179347,-0.0001662043,-0.0001568658,-0.0001431663,-0.0001323413,-0.000117868,-0.0001062691,-9.10265e-05,-7.893197e-05,-6.352698e-05,-5.077073e-05,-3.578217e-05,-2.279628e-05,-8.209535e-06,4.069446e-06,1.787283e-05,2.925477e-05,4.178167e-05,5.225966e-05,6.332438e-05,7.265896e-05,8.224563e-05,9.016581e-05,9.810585e-05,0.0001047869,0.0001110627,0.0001162021,0.0001206906,0.0001240121,0.0001266015,0.0001283243,0.0001292189,0.000129948,0.0001295227,0.000129387,0.0001281528,0.0001274807,0.0001258899,0.0001250733,0.0001231189,0.0001222383,0.0001196726,0.0001185339,0.0001154385,0.0001140506,0.0001106534,0.0001092488,0.0001056744,0.0001045561,0.0001010512,0.0001004513,9.699802e-05,9.680186e-05,9.31042e-05,9.295253e-05,8.864715e-05,8.853278e-05,8.389485e-05,8.439678e-05,7.953466e-05,8.101425e-05,7.531497e-05,7.698021e-05,6.878158e-05,6.883631e-05,5.697596e-05,5.609059e-05,4.491086e-05,3.790797e-05,2.275896e-05,1.78054e-05,-1.405839e-06,-5.422125e-06,-2.554396e-05,-2.95898e-05
-2.24366e-05,-4.410652e-05,-4.282233e-05,-6.941415e-05,-6.135939e-05,-9.238701e-05,-7.50272e-05,-8.316986e-05,-0.0001210286,-9.268358e-05,-0.000119668,-0.0001109456,-0.0001282397,-0.0001252166,-0.0001373989,-0.000134614,-0.0001437502,-0.0001401622,-0.0001464027,-0.0001420262,-0.0001459123,-0.0001414285,-0.00014419,-0.0001398278,-0.000142257,-0.0001377332,-0.0001391882,-0.0001341057,-0.0001335008,-0.0001274218,-0.000124999,-0.0001176909,-0.0001141432,-0.0001059514,-0.0001014521,-9.291856e-05,-8.730989e-05,-7.851575e-05,-7.212366e-05,-6.285939e-05,-5.613459e-05,-4.65662e-05,-3.944038e-05,-3.004834e-05,-2.251159e-05,-1.345586e-05,-5.967622e-06,2.707592e-06,9.660592e-06,1.770895e-05,2.415347e-05,3.132181e-05,3.719578e-05,4.345262e-05,4.862637e-05,5.38218e-05,5.825445e-05,6.245884e-05,6.609206e-05,6.927255e-05,7.186596e-05,7.391114e-05,7.548115e-05,7.63263e-05,7.719692e-05,7.711295e-05,7.746317e-05,7.66962e-05,7.661762e-05,7.552411e-05,7.526523e-05,7.39663e-05,7.373164e-05,7.208862e-05,7.181336e-05,6.975393e-05,6.933987e-05,6.701295e-05,6.653008e-05,6.403992e-05,6.367653e-05,6.108863e-05,6.107191e-05,5.849799e-05,5.88318e-05,5.618339e-05,5.673708e-05,5.374524e-05,5.434587e-05,5.094545e-05,5.186877e-05,4.821327e-05,4.980787e-05,4.580856e-05,4.809124e-05,4.296008e-05,4.536137e-05,3.843829e-05,4.012427e-05,2.990326e-05,2.742312e-05,2.009688e-05,2.006806e-05,8.181538e-06,6.141158e-06,-7.494399e-06,-6.452587e-06,-2.27999e-05
-1.944962e-05,-1.528738e-05,-3.136533e-05,-2.25512e-05,-4.22936e-05,-2.860746e-05,-5.581092e-05,-6.005611e-05,-3.658459e-05,-7.024957e-05,-5.525108e-05,-7.105581e-05,-6.390979e-05,-7.400403e-05,-7.007826e-05,-7.81597e-05,-7.450948e-05,-8.058191e-05,-7.671749e-05,-8.098982e-05,-7.717008e-05,-8.015224e-05,-7.658312e-05,-7.917427e-05,-7.563612e-05,-7.792274e-05,-7.432756e-05,-7.555961e-05,-7.174217e-05,-7.16195e-05,-6.72563e-05,-6.631108e-05,-6.127614e-05,-5.981501e-05,-5.454219e-05,-5.235028e-05,-4.712045e-05,-4.42444e-05,-3.884292e-05,-3.570595e-05,-3.000721e-05,-2.670205e-05,-2.103437e-05,-1.733397e-05,-1.199577e-05,-8.071671e-06,-2.912781e-06,7.673946e-07,5.686273e-06,9.097102e-06,1.351806e-05,1.672819e-05,2.057249e-05,2.347457e-05,2.677641e-05,2.927153e-05,3.195493e-05,3.411638e-05,3.61958e-05,3.787819e-05,3.93567e-05,4.045166e-05,4.126174e-05,4.189292e-05,4.20439e-05,4.244507e-05,4.208e-05,4.224122e-05,4.159201e-05,4.158085e-05,4.080596e-05,4.078984e-05,3.983071e-05,3.98929e-05,3.864038e-05,3.869728e-05,3.721833e-05,3.722975e-05,3.561898e-05,3.567503e-05,3.394085e-05,3.417631e-05,3.238228e-05,3.288949e-05,3.102945e-05,3.177983e-05,2.974605e-05,3.063574e-05,2.828517e-05,2.932384e-05,2.671932e-05,2.816646e-05,2.527336e-05,2.735875e-05,2.388519e-05,2.644837e-05,2.171742e-05,2.40181e-05,1.765244e-05,2.041656e-05,1.563082e-05,1.443846e-05,6.933358e-06,8.12437e-06,-9.127678e-07,1.263804e-06,-9.091218e-06,-6.099683e-06
-2.778996e-06,-1.382903e-05,-8.034455e-06,-2.280092e-05,-1.285119e-05,-3.111564e-05,-1.484656e-05,-1.67145e-05,-4.168341e-05,-1.790736e-05,-3.496813e-05,-2.592333e-05,-3.605489e-05,-3.145753e-05,-3.82629e-05,-3.443984e-05,-3.978443e-05,-3.625079e-05,-4.034561e-05,-3.703031e-05,-4.003413e-05,-3.707934e-05,-3.949349e-05,-3.672742e-05,-3.899177e-05,-3.626863e-05,-3.812246e-05,-3.549946e-05,-3.649536e-05,-3.38551e-05,-3.420259e-05,-3.126671e-05,-3.131845e-05,-2.815099e-05,-2.784865e-05,-2.476608e-05,-2.394986e-05,-2.096919e-05,-1.985459e-05,-1.674378e-05,-1.557377e-05,-1.23813e-05,-1.101609e-05,-8.030584e-06,-6.372528e-06,-3.606307e-06,-1.909066e-06,7.670552e-07,2.30215e-06,4.783028e-06,6.252895e-06,8.402009e-06,9.801822e-06,1.164314e-05,1.290523e-05,1.440068e-05,1.553054e-05,1.669051e-05,1.765948e-05,1.851631e-05,1.921317e-05,1.975069e-05,2.02035e-05,2.034852e-05,2.070032e-05,2.050275e-05,2.078824e-05,2.036176e-05,2.054651e-05,2.003066e-05,2.017765e-05,1.957282e-05,1.979557e-05,1.90139e-05,1.931618e-05,1.835059e-05,1.866492e-05,1.759424e-05,1.792222e-05,1.67644e-05,1.718839e-05,1.592926e-05,1.653277e-05,1.519591e-05,1.598448e-05,1.454075e-05,1.549267e-05,1.385453e-05,1.493458e-05,1.306633e-05,1.438062e-05,1.22712e-05,1.399282e-05,1.153741e-05,1.377735e-05,1.068078e-05,1.339734e-05,9.597853e-06,1.25244e-05,7.108545e-06,7.628145e-06,4.779531e-06,7.312e-06,1.632674e-06,3.745517e-06,-3.039e-06,8.927707e-07,-7.348031e-06
-6.024291e-06,-4.975437e-07,-8.64901e-06,-6.964521e-08,-1.105197e-05,5.434848e-07,-1.53564e-05,-1.658206e-05,1.398689e-06,-1.991836e-05,-8.131823e-06,-1.736632e-05,-1.105504e-05,-1.653869e-05,-1.263908e-05,-1.708631e-05,-1.381538e-05,-1.739265e-05,-1.448448e-05,-1.729326e-05,-1.478721e-05,-1.697368e-05,-1.477187e-05,-1.674524e-05,-1.461366e-05,-1.645953e-05,-1.445955e-05,-1.587039e-05,-1.409197e-05,-1.499255e-05,-1.323442e-05,-1.392576e-05,-1.201606e-05,-1.259221e-05,-1.07196e-05,-1.098735e-05,-9.314499e-06,-9.286212e-06,-7.653027e-06,-7.571673e-06,-5.845341e-06,-5.728169e-06,-4.083309e-06,-3.741284e-06,-2.325467e-06,-1.819696e-06,-4.839357e-07,-3.829765e-08,1.264055e-06,1.677621e-06,2.814358e-06,3.270086e-06,4.212785e-06,4.662211e-06,5.448702e-06,5.866995e-06,6.466206e-06,6.878233e-06,7.30707e-06,7.645966e-06,7.944224e-06,8.174853e-06,8.305746e-06,8.50005e-06,8.416438e-06,8.646012e-06,8.390943e-06,8.610755e-06,8.284155e-06,8.471357e-06,8.110697e-06,8.329529e-06,7.873026e-06,8.186298e-06,7.591147e-06,7.968465e-06,7.283499e-06,7.681605e-06,6.941771e-06,7.38902e-06,6.56817e-06,7.120595e-06,6.213948e-06,6.899297e-06,5.903131e-06,6.721564e-06,5.603467e-06,6.546818e-06,5.263473e-06,6.347233e-06,4.885203e-06,6.213293e-06,4.499807e-06,6.199557e-06,4.088897e-06,6.205724e-06,3.457585e-06,5.728776e-06,2.29017e-06,5.301141e-06,3.325155e-06,3.927557e-06,2.049794e-07,2.719433e-06,-1.447182e-06,1.835317e-06,-3.468051e-06,6.441416e-07
1.632017e-06,-3.781744e-06,1.109612e-06,-6.583328e-06,6.15776e-07,-9.254665e-06,1.635978e-06,1.709728e-06,-1.278667e-05,2.594459e-06,-7.060121e-06,-7.802039e-07,-6.240047e-06,-2.743841e-06,-6.282178e-06,-3.421427e-06,-6.281817e-06,-3.847154e-06,-6.193979e-06,-4.123636e-06,-5.98877e-06,-4.267044e-06,-5.838999e-06,-4.257055e-06,-5.757987e-06,-4.241002e-06,-5.569473e-06,-4.253563e-06,-5.241513e-06,-4.118729e-06,-4.906733e-06,-3.7772e-06,-4.536135e-06,-3.383523e-06,-4.022595e-06,-3.016061e-06,-3.425246e-06,-2.563953e-06,-2.869663e-06,-1.99024e-06,-2.315629e-06,-1.426592e-06,-1.661648e-06,-9.217771e-07,-9.809066e-07,-3.690726e-07,-3.853332e-07,2.235818e-07,1.726282e-07,7.360906e-07,7.309014e-07,1.17969e-06,1.229493e-06,1.59009e-06,1.660328e-06,1.930826e-06,2.035206e-06,2.209301e-06,2.332922e-06,2.446333e-06,2.540627e-06,2.602024e-06,2.689695e-06,2.648829e-06,2.790541e-06,2.634824e-06,2.823845e-06,2.604544e-06,2.791676e-06,2.558836e-06,2.748612e-06,2.477095e-06,2.727438e-06,2.367094e-06,2.695343e-06,2.2559e-06,2.622887e-06,2.144256e-06,2.537072e-06,2.013409e-06,2.466638e-06,1.871912e-06,2.412252e-06,1.742971e-06,2.373706e-06,1.621314e-06,2.348929e-06,1.490722e-06,2.321345e-06,1.340283e-06,2.310862e-06,1.163507e-06,2.353994e-06,9.608634e-07,2.461537e-06,7.188838e-07,2.609879e-06,6.020217e-07,2.823836e-06,5.613747e-08,9.910592e-07,-8.358729e-08,2.132671e-06,-5.254255e-07,1.741002e-06,-1.542491e-06,1.702856e-06,-2.329705e-06
-1.820894e-06,1.468841e-06,-2.116814e-06,2.692813e-06,-2.377545e-06,3.893098e-06,-3.603444e-06,-3.938121e-06,5.534976e-06,-4.922564e-06,1.326165e-06,-3.042853e-06,4.18701e-07,-2.080288e-06,1.258319e-07,-1.911313e-06,-1.055375e-07,-1.798235e-06,-2.735979e-07,-1.666773e-06,-4.175573e-07,-1.546636e-06,-4.765122e-07,-1.507034e-06,-4.801025e-07,-1.459065e-06,-5.290864e-07,-1.340822e-06,-5.933994e-07,-1.226712e-06,-5.646962e-07,-1.159978e-06,-4.802956e-07,-1.062285e-06,-4.391791e-07,-9.011428e-07,-4.110312e-07,-7.560324e-07,-3.157642e-07,-6.578933e-07,-1.915168e-07,-5.303719e-07,-1.170282e-07,-3.50915e-07,-5.410592e-08,-2.038147e-07,6.008091e-08,-1.001687e-07,1.713438e-07,2.35591e-08,2.440208e-07,1.513964e-07,3.115613e-07,2.538218e-07,3.752378e-07,3.482973e-07,4.192882e-07,4.305925e-07,4.606531e-07,4.825409e-07,4.992001e-07,5.213707e-07,5.0803e-07,5.650356e-07,4.87748e-07,5.986278e-07,4.687006e-07,6.03602e-07,4.605785e-07,5.947596e-07,4.439335e-07,6.003251e-07,4.060212e-07,6.172782e-07,3.641768e-07,6.202649e-07,3.338508e-07,6.100917e-07,3.023488e-07,6.067444e-07,2.584271e-07,6.124995e-07,2.118277e-07,6.224653e-07,1.673932e-07,6.381709e-07,1.197656e-07,6.583925e-07,6.560656e-08,6.820533e-07,-2.854036e-09,7.295076e-07,-9.424543e-08,8.113951e-07,-2.160866e-07,9.139744e-07,-3.963034e-07,8.720901e-07,-7.072289e-07,1.013077e-06,2.4657e-07,8.075878e-07,-8.236547e-07,7.573271e-07,-9.82716e-07,1.003554e-06,-1.356329e-06,1.096914e-06
8.431336e-07,-8.953915e-07,9.100643e-07,-1.610566e-06,9.64738e-07,-2.303613e-06,1.515805e-06,1.668769e-06,-3.254081e-06,2.116213e-06,-1.132751e-06,1.096687e-06,-7.122658e-07,5.542141e-07,-6.040398e-07,4.292114e-07,-5.155528e-07,3.479198e-07,-4.434984e-07,2.729055e-07,-3.702566e-07,2.141499e-07,-3.344774e-07,1.997933e-07,-3.259572e-07,1.826673e-07,-2.905594e-07,1.361072e-07,-2.370066e-07,1.042919e-07,-2.184353e-07,1.089534e-07,-2.179195e-07,1.063559e-07,-1.881413e-07,7.718069e-08,-1.460202e-07,6.169579e-08,-1.332955e-07,7.4956e-08,-1.31743e-07,7.603902e-08,-1.022752e-07,5.206743e-08,-6.605397e-08,4.476353e-08,-5.699459e-08,5.761222e-08,-5.011903e-08,5.564873e-08,-2.84552e-08,4.601613e-08,-1.01379e-08,4.316604e-08,3.655828e-09,3.717508e-08,1.999443e-08,3.033563e-08,3.051723e-08,3.143863e-08,3.41465e-08,3.033442e-08,4.396178e-08,1.771215e-08,6.062253e-08,3.569635e-09,7.080168e-08,-1.055747e-09,7.10087e-08,-1.785057e-09,7.354185e-08,-1.12223e-08,8.615773e-08,-2.748638e-08,9.930559e-08,-3.849888e-08,1.044803e-07,-4.452952e-08,1.089356e-07,-5.487414e-08,1.19512e-07,-6.963669e-08,1.325433e-07,-8.487878e-08,1.461732e-07,-1.016541e-07,1.622695e-07,-1.209254e-07,1.806408e-07,-1.432752e-07,2.060216e-07,-1.770367e-07,2.449545e-07,-2.262e-07,3.012808e-07,-2.86661e-07,3.835204e-07,-2.807131e-07,5.216059e-07,-3.821394e-07,-5.504575e-09,-3.161187e-07,5.053852e-07,-3.360133e-07,5.319281e-07,-5.199622e-07,6.71567e-07,-6.250531e-07
1.86666e-12,-7.613013e-13,-1.49141e-12,-3.470908e-12,-2.943182e-12,2.933073e-13,2.634123e-13,-3.196528e-13,3.872145e-12,-2.103692e-12,5.854701e-13,2.923039e-12,-4.570042e-13,-2.363247e-13,2.229622e-12,-2.557054e-12,-6.315851e-13,1.945507e-12,1.11766e-12,-1.233559e-12,-1.729054e-12,5.050074e-13,1.357368e-12,3.040142e-12,-1.369343e-12,6.718372e-12,-8.536116e-13,-3.833798e-13,-4.315803e-13,7.463425e-13,-3.267307e-12,-2.265687e-12,1.448199e-12,-5.415865e-13,-2.148705e-12,2.770773e-12,-2.052987e-12,2.811295e-12,1.071855e-12,-4.911241e-13,4.547352e-13,-1.511477e-12,-3.052401e-12,3.664496e-13,2.320242e-12,-2.415937e-13,4.116819e-12,-1.559214e-13,-1.893998e-12,2.90555e-13,4.098055e-12,-2.966554e-12,3.067096e-12,3.84644e-13,1.940293e-12,5.359853e-13,-2.181192e-12,4.259821e-14,9.358878e-13,-2.449431e-12,2.777279e-14,-1.646408e-13,-7.054631e-13,1.221299e-12,-3.376901e-12,3.730852e-12,3.750374e-13,-2.568915e-12,-2.130923e-12,2.162209e-12,5.426352e-13,1.871934e-12,1.765467e-12,-1.323315e-12,-3.331045e-12,-1.616925e-12,-4.096577e-13,-1.172996e-12,1.655054e-12,2.077019e-13,-5.29882e-12,-3.734466e-12,-3.622222e-13,-3.013388e-12,-2.280483e-12,-2.359591e-12,-1.891884e-12,1.898481e-12,-2.60922e-12,1.46198e-12,7.687983e-13,6.347603e-13,-1.686216e-12,3.395877e-12,-5.542173e-13,1.539298e-12,-1.04868e-12,1.365153e-12,5.278656e-13,4.580736e-12,1.184853e-13,-4.423635e-13,2.263717e-12,-1.330321e-12,6.79709e-13,3.060071e-13,1.010402e-12,-2.419768e-13
