NaN,NaN,NaN,NaN,NaN,NaN,NaN,NaN,NaN,NaN,NaN,NaN,NaN,NaN,NaN,NaN,NaN,NaN,NaN,NaN,NaN,NaN,0,0,0,0,0,0,0,0,0,0,0,0,0,0,0,0,0,0,0,0,0,0,0,0,0,0,0,0,0,0,0,0,0,0,0,0,0,0,0,0,0,0,0,0,0,0,0,0,0,0,0,0,0,0,0,0,0,0,0,0,0,0,0,0,0,NaN,NaN,NaN,NaN,NaN,NaN,NaN,NaN,NaN,NaN,NaN,NaN,NaN,NaN,NaN,NaN,NaN,NaN,NaN,NaN,NaN
NaN,NaN,NaN,NaN,NaN,NaN,NaN,NaN,NaN,NaN,NaN,NaN,NaN,NaN,NaN,NaN,NaN,NaN,NaN,NaN,NaN,NaN,-1.696017e-06,-2.017818e-06,-2.301191e-06,-2.59098e-06,-2.855168e-06,-3.116975e-06,-3.333642e-06,-3.554133e-06,-3.719821e-06,-3.871151e-06,-3.976229e-06,-4.036689e-06,-4.039012e-06,-3.972277e-06,-3.830985e-06,-3.613498e-06,-3.334661e-06,-3.021296e-06,-2.664395e-06,-2.317073e-06,-1.955628e-06,-1.564631e-06,-1.20239e-06,-7.679045e-07,-3.192552e-07,1.503834e-07,7.464922e-07,1.367273e-06,2.107067e-06,3.029714e-06,3.993739e-06,5.198087e-06,6.526217e-06,7.946883e-06,9.545483e-06,1.107676e-05,1.249217e-05,1.376574e-05,1.466007e-05,1.527707e-05,1.552416e-05,1.540939e-05,1.506513e-05,1.453033e-05,1.390755e-05,1.331226e-05,1.275254e-05,1.226382e-05,1.179379e-05,1.131841e-05,1.075016e-05,1.007046e-05,9.287029e-06,8.353005e-06,7.396753e-06,6.433386e-06,5.503051e-06,4.745863e-06,4.065097e-06,3.455735e-06,2.885574e-06,2.031993e-06,9.085334e-07,-7.402698e-07,-2.848553e-06,NaN,NaN,NaN,NaN,NaN,NaN,NaN,NaN,NaN,NaN,NaN,NaN,NaN,NaN,NaN,NaN,NaN,NaN,NaN,NaN,NaN
NaN,NaN,NaN,NaN,NaN,NaN,NaN,NaN,NaN,NaN,NaN,NaN,NaN,NaN,NaN,NaN,NaN,NaN,NaN,NaN,NaN,-4.917519e-06,-5.906294e-06,-7.00491e-06,-8.01672e-06,-9.061158e-06,-9.995128e-06,-1.092449e-05,-1.172348e-05,-1.248571e-05,-1.310641e-05,-1.365369e-05,-1.403628e-05,-1.429002e-05,-1.431453e-05,-1.412416e-05,-1.36469e-05,-1.293456e-05,-1.198137e-05,-1.090583e-05,-9.713135e-06,-8.50111e-06,-7.252222e-06,-5.965031e-06,-4.622905e-06,-3.196763e-06,-1.622494e-06,8.488488e-08,2.053863e-06,4.309685e-06,6.924927e-06,1.002514e-05,1.360153e-05,1.771684e-05,2.240127e-05,2.755543e-05,3.3058e-05,3.856658e-05,4.364816e-05,4.804395e-05,5.140212e-05,5.357263e-05,5.448363e-05,5.421816e-05,5.299823e-05,5.117344e-05,4.904387e-05,4.694717e-05,4.501843e-05,4.331556e-05,4.169919e-05,4.002308e-05,3.807271e-05,3.571646e-05,3.293084e-05,2.975154e-05,2.635301e-05,2.298287e-05,1.981557e-05,1.707585e-05,1.476826e-05,1.270723e-05,1.06038e-05,7.852704e-06,3.868061e-06,-1.789821e-06,-9.111784e-06,-1.714141e-05,NaN,NaN,NaN,NaN,NaN,NaN,NaN,NaN,NaN,NaN,NaN,NaN,NaN,NaN,NaN,NaN,NaN,NaN,NaN,NaN
NaN,NaN,NaN,NaN,NaN,NaN,NaN,NaN,NaN,NaN,NaN,NaN,NaN,NaN,NaN,NaN,NaN,NaN,NaN,NaN,NaN,-9.215092e-06,-1.108305e-05,-1.315474e-05,-1.502888e-05,-1.698632e-05,-1.872498e-05,-2.045545e-05,-2.194566e-05,-2.336739e-05,-2.45135e-05,-2.553572e-05,-2.62341e-05,-2.670039e-05,-2.672651e-05,-2.636402e-05,-2.544482e-05,-2.409751e-05,-2.230439e-05,-2.025653e-05,-1.802065e-05,-1.574113e-05,-1.336275e-05,-1.097796e-05,-8.434e-06,-5.743557e-06,-2.835173e-06,4.226114e-07,4.090456e-06,8.295544e-06,1.32573e-05,1.899828e-05,2.570068e-05,3.343775e-05,4.211251e-05,5.181352e-05,6.208197e-05,7.233321e-05,8.187292e-05,9.002945e-05,9.626705e-05,0.0001003351,0.0001019532,0.0001014567,9.914012e-05,9.569732e-05,9.169383e-05,8.776306e-05,8.412859e-05,8.093443e-05,7.789984e-05,7.475711e-05,7.107248e-05,6.669941e-05,6.142236e-05,5.549135e-05,4.91293e-05,4.276927e-05,3.687391e-05,3.174491e-05,2.735502e-05,2.358989e-05,1.953647e-05,1.439345e-05,6.921612e-06,-3.761646e-06,-1.743701e-05,-3.224182e-05,NaN,NaN,NaN,NaN,NaN,NaN,NaN,NaN,NaN,NaN,NaN,NaN,NaN,NaN,NaN,NaN,NaN,NaN,NaN,NaN
NaN,NaN,NaN,NaN,NaN,NaN,NaN,NaN,NaN,NaN,NaN,NaN,NaN,NaN,NaN,NaN,NaN,NaN,NaN,NaN,-1.0149e-05,-1.286713e-05,-1.545772e-05,-1.833863e-05,-2.099625e-05,-2.372814e-05,-2.617408e-05,-2.860557e-05,-3.068973e-05,-3.268119e-05,-3.42992e-05,-3.572131e-05,-3.671653e-05,-3.736702e-05,-3.742259e-05,-3.690674e-05,-3.564839e-05,-3.376635e-05,-3.125461e-05,-2.843143e-05,-2.528819e-05,-2.210282e-05,-1.883153e-05,-1.543194e-05,-1.192531e-05,-8.178981e-06,-4.036054e-06,4.1416e-07,5.593293e-06,1.150235e-05,1.832746e-05,2.648073e-05,3.582032e-05,4.658987e-05,5.887504e-05,7.232071e-05,8.67292e-05,0.0001011333,0.0001143852,0.0001258907,0.0001346385,0.0001402795,0.0001426507,0.0001419054,0.0001386905,0.0001338882,0.0001282881,0.0001227811,0.0001177187,0.0001132471,0.0001090023,0.0001046058,9.949697e-05,9.330371e-05,8.602847e-05,7.768149e-05,6.878292e-05,5.99711e-05,5.165294e-05,4.448297e-05,3.845148e-05,3.300801e-05,2.754409e-05,2.03092e-05,9.891373e-06,-4.878319e-06,-2.400519e-05,-4.496356e-05,-6.205684e-05,NaN,NaN,NaN,NaN,NaN,NaN,NaN,NaN,NaN,NaN,NaN,NaN,NaN,NaN,NaN,NaN,NaN,NaN,NaN
NaN,NaN,NaN,NaN,NaN,NaN,NaN,NaN,NaN,NaN,NaN,NaN,NaN,NaN,NaN,NaN,NaN,NaN,NaN,NaN,-1.209262e-05,-1.543533e-05,-1.859104e-05,-2.208227e-05,-2.522384e-05,-2.852256e-05,-3.142787e-05,-3.432042e-05,-3.681612e-05,-3.91773e-05,-4.10825e-05,-4.277946e-05,-4.39162e-05,-4.467937e-05,-4.468201e-05,-4.405151e-05,-4.246013e-05,-4.017103e-05,-3.712618e-05,-3.36373e-05,-2.986948e-05,-2.600583e-05,-2.19634e-05,-1.798442e-05,-1.364248e-05,-9.131693e-06,-4.261673e-06,1.283673e-06,7.387205e-06,1.446688e-05,2.284585e-05,3.237789e-05,4.369178e-05,5.663402e-05,7.110226e-05,8.744089e-05,0.0001045518,0.0001216974,0.0001376876,0.0001512091,0.000161634,0.0001683751,0.0001709584,0.0001701017,0.0001661179,0.0001602879,0.0001535337,0.0001468969,0.0001407657,0.0001353837,0.0001302757,0.0001249764,0.0001187667,0.0001114483,0.0001025178,9.260361e-05,8.189689e-05,7.118251e-05,6.133872e-05,5.268846e-05,4.528955e-05,3.904911e-05,3.210852e-05,2.35678e-05,1.101544e-05,-6.864918e-06,-2.961996e-05,-5.425427e-05,-7.391494e-05,NaN,NaN,NaN,NaN,NaN,NaN,NaN,NaN,NaN,NaN,NaN,NaN,NaN,NaN,NaN,NaN,NaN,NaN,NaN
NaN,NaN,NaN,NaN,NaN,NaN,NaN,NaN,NaN,NaN,NaN,NaN,NaN,NaN,NaN,NaN,NaN,NaN,NaN,-1.044759e-05,-1.322093e-05,-1.683674e-05,-2.028001e-05,-2.412419e-05,-2.765655e-05,-3.125585e-05,-3.446327e-05,-3.764535e-05,-4.033832e-05,-4.291921e-05,-4.498742e-05,-4.678922e-05,-4.802737e-05,-4.879326e-05,-4.877811e-05,-4.798904e-05,-4.623543e-05,-4.364277e-05,-4.02191e-05,-3.641318e-05,-3.215294e-05,-2.786699e-05,-2.349737e-05,-1.889927e-05,-1.42566e-05,-9.259009e-06,-3.723535e-06,2.104916e-06,8.99552e-06,1.678393e-05,2.570668e-05,3.650925e-05,4.870797e-05,6.281922e-05,7.896795e-05,9.645251e-05,0.0001153074,0.000134085,0.0001512397,0.000166207,0.0001774358,0.0001845903,0.0001875208,0.0001862823,0.000181888,0.0001754227,0.0001679273,0.0001605917,0.000153862,0.0001479149,0.0001422657,0.0001364267,0.0001296602,0.000121411,0.0001118424,0.0001007628,8.901738e-05,7.741844e-05,6.638011e-05,5.692145e-05,4.897663e-05,4.16571e-05,3.454075e-05,2.492457e-05,1.13012e-05,-7.866938e-06,-3.257665e-05,-5.947945e-05,-8.127098e-05,-8.905333e-05,NaN,NaN,NaN,NaN,NaN,NaN,NaN,NaN,NaN,NaN,NaN,NaN,NaN,NaN,NaN,NaN,NaN,NaN
NaN,NaN,NaN,NaN,NaN,NaN,NaN,NaN,NaN,NaN,NaN,NaN,NaN,NaN,NaN,NaN,NaN,NaN,NaN,-1.077659e-05,-1.382331e-05,-1.793879e-05,-2.183381e-05,-2.61096e-05,-2.985787e-05,-3.377933e-05,-3.713903e-05,-4.046235e-05,-4.327621e-05,-4.589948e-05,-4.794582e-05,-4.973686e-05,-5.080779e-05,-5.143939e-05,-5.111604e-05,-5.005525e-05,-4.780535e-05,-4.475363e-05,-4.079843e-05,-3.630646e-05,-3.154055e-05,-2.666399e-05,-2.157376e-05,-1.668504e-05,-1.128667e-05,-5.795534e-06,5.933254e-08,6.800861e-06,1.402036e-05,2.242135e-05,3.237406e-05,4.344367e-05,5.673004e-05,7.178165e-05,8.844819e-05,0.0001074257,0.0001270114,0.0001465849,0.0001647737,0.0001798242,0.0001913113,0.0001984623,0.0002006744,0.0001990549,0.00019376,0.0001864397,0.0001781312,0.0001700403,0.0001625832,0.0001560546,0.0001498522,0.0001434169,0.0001358856,0.0001271205,0.000116332,0.0001045338,9.174657e-05,7.893134e-05,6.726509e-05,5.689762e-05,4.796379e-05,4.053232e-05,3.199339e-05,2.188541e-05,7.17184e-06,-1.336102e-05,-3.87039e-05,-6.529334e-05,-8.549057e-05,-9.165533e-05,NaN,NaN,NaN,NaN,NaN,NaN,NaN,NaN,NaN,NaN,NaN,NaN,NaN,NaN,NaN,NaN,NaN,NaN
NaN,NaN,NaN,NaN,NaN,NaN,NaN,NaN,NaN,NaN,NaN,NaN,NaN,NaN,NaN,NaN,NaN,NaN,-8.006883e-06,-1.119848e-05,-1.455769e-05,-1.937825e-05,-2.416074e-05,-2.938816e-05,-3.399384e-05,-3.843843e-05,-4.219455e-05,-4.577306e-05,-4.859307e-05,-5.118948e-05,-5.303355e-05,-5.445156e-05,-5.508e-05,-5.502033e-05,-5.392063e-05,-5.178198e-05,-4.842566e-05,-4.400034e-05,-3.855635e-05,-3.270407e-05,-2.630836e-05,-1.998819e-05,-1.368377e-05,-7.138245e-06,-7.528359e-07,6.001302e-06,1.331995e-05,2.076502e-05,2.951052e-05,3.914843e-05,4.994266e-05,6.298764e-05,7.732198e-05,9.376663e-05,0.0001124323,0.0001321689,0.0001533171,0.0001739212,0.0001921282,0.0002075946,0.0002183049,0.000224146,0.0002251312,0.0002212727,0.0002140401,0.0002046647,0.0001943752,0.0001845537,0.0001756428,0.0001677456,0.0001602285,0.0001524606,0.0001435744,0.000132809,0.0001206082,0.0001064831,9.170924e-05,7.71601e-05,6.32412e-05,5.123598e-05,4.103135e-05,3.126766e-05,2.20467e-05,9.795853e-06,-6.202938e-06,-2.707293e-05,-5.156832e-05,-7.559481e-05,-9.2683e-05,-9.644436e-05,-8.383043e-05,NaN,NaN,NaN,NaN,NaN,NaN,NaN,NaN,NaN,NaN,NaN,NaN,NaN,NaN,NaN,NaN,NaN
NaN,NaN,NaN,NaN,NaN,NaN,NaN,NaN,NaN,NaN,NaN,NaN,NaN,NaN,NaN,NaN,NaN,NaN,-8.072291e-06,-1.159601e-05,-1.699358e-05,-2.568239e-05,-3.465671e-05,-4.3703e-05,-5.105804e-05,-5.767837e-05,-6.265349e-05,-6.687143e-05,-6.978341e-05,-7.186817e-05,-7.262233e-05,-7.246841e-05,-7.074547e-05,-6.781994e-05,-6.296821e-05,-5.651711e-05,-4.790493e-05,-3.779644e-05,-2.621255e-05,-1.383069e-05,-1.215755e-06,1.129308e-05,2.373457e-05,3.545326e-05,4.748968e-05,5.923018e-05,7.111884e-05,8.397075e-05,9.717021e-05,0.0001117755,0.0001282459,0.0001458281,0.0001660486,0.0001880467,0.0002114467,0.0002370507,0.0002620395,0.0002853794,0.0003050498,0.0003186717,0.0003260501,0.0003265218,0.0003197923,0.0003080086,0.0002917888,0.0002737672,0.0002555201,0.000238604,0.000223411,0.0002099485,0.0001971187,0.0001837493,0.0001686074,0.0001513284,0.0001310211,0.0001091283,8.602791e-05,6.296559e-05,4.194393e-05,2.268602e-05,5.547592e-06,-9.940102e-06,-2.704683e-05,-4.601884e-05,-6.872736e-05,-9.383121e-05,-0.0001144574,-0.0001236937,-0.0001163054,-0.0001009649,-8.607161e-05,NaN,NaN,NaN,NaN,NaN,NaN,NaN,NaN,NaN,NaN,NaN,NaN,NaN,NaN,NaN,NaN,NaN
NaN,NaN,NaN,NaN,NaN,NaN,NaN,NaN,NaN,NaN,NaN,NaN,NaN,NaN,NaN,NaN,NaN,NaN,-7.996226e-06,-1.470099e-05,-2.859014e-05,-5.345223e-05,-8.170339e-05,-0.000108263,-0.0001291752,-0.0001450499,-0.0001558061,-0.0001627842,-0.000165634,-0.000165219,-0.0001608693,-0.0001528433,-0.0001405159,-0.0001237047,-0.000101789,-7.46299e-05,-4.22686e-05,-5.455261e-06,3.475386e-05,7.642623e-05,0.0001186302,0.0001596684,0.0001990924,0.000237063,0.000273097,0.0003081868,0.0003429811,0.0003773046,0.0004132348,0.000450496,0.0004896593,0.0005321417,0.0005763149,0.0006228242,0.0006710015,0.0007178832,0.0007616469,0.0007968308,0.0008187552,0.0008259481,0.0008158211,0.0007895384,0.0007494345,0.000698429,0.0006418276,0.0005840557,0.0005291107,0.0004795735,0.0004360405,0.0003967822,0.0003593782,0.0003202241,0.0002772496,0.0002277781,0.0001735815,0.0001139111,5.336957e-05,-6.563376e-06,-6.256942e-05,-0.0001143166,-0.0001610569,-0.0002084017,-0.0002554413,-0.0003087347,-0.0003602422,-0.0003998257,-0.0003988186,-0.0003378349,-0.0002290799,-0.0001377461,-8.663101e-05,NaN,NaN,NaN,NaN,NaN,NaN,NaN,NaN,NaN,NaN,NaN,NaN,NaN,NaN,NaN,NaN,NaN
NaN,NaN,NaN,NaN,NaN,NaN,NaN,NaN,NaN,NaN,NaN,NaN,NaN,NaN,NaN,NaN,NaN,-8.434336e-06,-9.351699e-06,-2.900028e-05,-9.249614e-05,-0.0001937856,-0.0002958825,-0.0003806554,-0.0004432303,-0.0004864899,-0.0005130706,-0.000525364,-0.0005247524,-0.0005110737,-0.0004843387,-0.0004433996,-0.000387301,-0.0003145362,-0.0002239534,-0.0001148753,1.190594e-05,0.0001536219,0.0003057374,0.0004631335,0.0006198941,0.000772403,0.0009181733,0.001055686,0.001186685,0.001311479,0.001432227,0.001552191,0.001672072,0.001794983,0.001922338,0.002052622,0.002187177,0.002322477,0.002454806,0.002579667,0.002683147,0.002752159,0.002774701,0.002742392,0.002655937,0.002519037,0.002341024,0.002136741,0.001920983,0.001708853,0.001512878,0.001337993,0.001185403,0.001047063,0.0009153915,0.0007768443,0.0006262827,0.000455943,0.000269525,6.863159e-05,-0.0001341586,-0.0003360257,-0.0005221466,-0.0006994444,-0.0008635654,-0.0010322,-0.001209152,-0.001406667,-0.001598393,-0.001745432,-0.00172656,-0.001433997,-0.0008439129,-0.0003039406,-0.0001072761,-7.828802e-05,NaN,NaN,NaN,NaN,NaN,NaN,NaN,NaN,NaN,NaN,NaN,NaN,NaN,NaN,NaN,NaN
NaN,NaN,NaN,NaN,NaN,NaN,NaN,NaN,NaN,NaN,NaN,NaN,NaN,NaN,NaN,NaN,NaN,-8.009786e-06,-1.663455e-05,-0.0001186893,-0.0003611459,-0.0006333191,-0.0008557913,-0.001017778,-0.001133236,-0.001206118,-0.001247917,-0.001256855,-0.001238494,-0.001187666,-0.001106708,-0.0009886182,-0.000834491,-0.0006367238,-0.0003962699,-0.0001083495,0.0002210792,0.0005881464,0.0009789253,0.001381687,0.001782013,0.002170444,0.002539178,0.002888328,0.003216049,0.003528103,0.00382852,0.004121501,0.004414831,0.004710565,0.005010751,0.005317028,0.005622827,0.005924158,0.00621278,0.006468432,0.00666786,0.006774245,0.006761236,0.006616617,0.006340621,0.005946994,0.00546565,0.004926696,0.00437385,0.003837275,0.003348249,0.002913528,0.002536626,0.002192642,0.001866026,0.00152105,0.001149699,0.0007282468,0.0002750523,-0.0002161921,-0.000706699,-0.001195922,-0.001649473,-0.00208653,-0.002496093,-0.002935245,-0.003401098,-0.003952142,-0.004527792,-0.005077338,-0.005327863,-0.004945579,-0.003447609,-0.001349807,-0.0002046276,-7.474078e-05,NaN,NaN,NaN,NaN,NaN,NaN,NaN,NaN,NaN,NaN,NaN,NaN,NaN,NaN,NaN,NaN
NaN,NaN,NaN,NaN,NaN,NaN,NaN,NaN,NaN,NaN,NaN,NaN,NaN,NaN,NaN,NaN,NaN,-8.897512e-06,-7.580989e-05,-0.0004483647,-0.0009104573,-0.001278608,-0.001571071,-0.001776205,-0.001926006,-0.002011101,-0.002056109,-0.002045581,-0.001996412,-0.001889311,-0.001735738,-0.00151609,-0.001238072,-0.0008834528,-0.0004591264,4.682385e-05,0.0006199848,0.001256861,0.001930017,0.002624497,0.00331024,0.00397642,0.004606596,0.005200231,0.005756846,0.006283713,0.00678642,0.007277655,0.007761484,0.008246488,0.008734483,0.009219868,0.00970017,0.01016089,0.01058758,0.01095261,0.01120972,0.01130364,0.01119834,0.01086809,0.01032924,0.00960198,0.008741911,0.007801055,0.006851954,0.005939226,0.00511772,0.004387441,0.003758453,0.00318011,0.002634004,0.002052491,0.001432299,0.0007281465,-2.406626e-05,-0.0008383682,-0.001645691,-0.002457608,-0.003203838,-0.003937493,-0.004628058,-0.005383127,-0.00619706,-0.007179204,-0.008238082,-0.009356184,-0.01015128,-0.0102581,-0.008810486,-0.005205583,-0.0009715738,-9.297612e-05,NaN,NaN,NaN,NaN,NaN,NaN,NaN,NaN,NaN,NaN,NaN,NaN,NaN,NaN,NaN,NaN
NaN,NaN,NaN,NaN,NaN,NaN,NaN,NaN,NaN,NaN,NaN,NaN,NaN,NaN,NaN,NaN,-1.427932e-05,-1.433317e-05,-0.0003405236,-0.0009632545,-0.001517632,-0.001930933,-0.002274155,-0.002501288,-0.00267596,-0.002755641,-0.002795037,-0.002749145,-0.002659956,-0.002481397,-0.002246286,-0.001909613,-0.001498838,-0.000972075,-0.0003555922,0.0003821023,0.00120461,0.002121381,0.003080101,0.004071909,0.005044343,0.005992072,0.006880306,0.007721522,0.008499535,0.009238561,0.009936127,0.01061462,0.01127687,0.01193601,0.01258504,0.01322677,0.01384133,0.01441868,0.01493456,0.01534686,0.01559976,0.01561659,0.01535169,0.01478124,0.01392965,0.01283121,0.01157262,0.01021722,0.008874992,0.007594165,0.006454251,0.005441206,0.004574774,0.003771244,0.003016237,0.002205736,0.001349506,0.0003717208,-0.0006585417,-0.001781146,-0.002882491,-0.003997022,-0.005018912,-0.006037268,-0.006995236,-0.008069756,-0.009216723,-0.01062889,-0.01214729,-0.01381161,-0.01513327,-0.01579835,-0.01475456,-0.01124462,-0.004370867,-0.0001991891,-9.157066e-05,NaN,NaN,NaN,NaN,NaN,NaN,NaN,NaN,NaN,NaN,NaN,NaN,NaN,NaN,NaN
NaN,NaN,NaN,NaN,NaN,NaN,NaN,NaN,NaN,NaN,NaN,NaN,NaN,NaN,NaN,NaN,-1.45672e-05,-8.124704e-05,-0.0008028252,-0.001491418,-0.002102347,-0.002551885,-0.002933799,-0.003174071,-0.003357782,-0.003422615,-0.003440778,-0.003349953,-0.003206774,-0.002947477,-0.002617935,-0.002155569,-0.001600045,-0.0008933358,-7.498217e-05,0.000899523,0.001976679,0.003174601,0.004418432,0.005706698,0.006961284,0.008187315,0.009327978,0.01040918,0.01140015,0.01234195,0.01321817,0.01407393,0.01489107,0.01570461,0.0164849,0.01724641,0.0179506,0.01859667,0.01913681,0.01954074,0.01971571,0.01959382,0.01910512,0.01824434,0.01703607,0.0155481,0.01387342,0.01211671,0.01038846,0.0087692,0.007327461,0.006064504,0.004972111,0.003972097,0.003013551,0.002001771,0.0009124707,-0.0003024385,-0.00160715,-0.002992984,-0.004380308,-0.005753627,-0.007045368,-0.008306066,-0.009543114,-0.0108874,-0.01238883,-0.01416472,-0.01613886,-0.01824665,-0.02006005,-0.02112664,-0.02051954,-0.01730631,-0.01033913,-0.001182339,-7.209193e-05,NaN,NaN,NaN,NaN,NaN,NaN,NaN,NaN,NaN,NaN,NaN,NaN,NaN,NaN,NaN
NaN,NaN,NaN,NaN,NaN,NaN,NaN,NaN,NaN,NaN,NaN,NaN,NaN,NaN,NaN,NaN,-1.528454e-05,-0.0003696515,-0.001273071,-0.002007002,-0.002646641,-0.003140479,-0.0035267,-0.003786064,-0.003945797,-0.004000997,-0.00396742,-0.003837316,-0.003612307,-0.003278739,-0.002829716,-0.002248306,-0.001526284,-0.0006468888,0.0003903306,0.001591289,0.002933371,0.004397154,0.005930149,0.007495943,0.00903298,0.01051725,0.01190721,0.01320814,0.01440396,0.01552621,0.01656901,0.01757403,0.01852829,0.01946101,0.02034053,0.02117711,0.02192112,0.02257763,0.02308103,0.02340762,0.02343968,0.02311506,0.02234508,0.02115503,0.019558,0.01767555,0.01558695,0.01345463,0.01136361,0.009449942,0.007731654,0.006264442,0.004962276,0.003807039,0.002650685,0.00147905,0.000160757,-0.00124558,-0.002815934,-0.00440979,-0.006078379,-0.007643426,-0.009213901,-0.01064984,-0.01218189,-0.01373189,-0.01560119,-0.01764423,-0.02008403,-0.02246791,-0.02478743,-0.02605839,-0.02597046,-0.02288034,-0.01654076,-0.00516588,-0.0001148002,NaN,NaN,NaN,NaN,NaN,NaN,NaN,NaN,NaN,NaN,NaN,NaN,NaN,NaN,NaN
NaN,NaN,NaN,NaN,NaN,NaN,NaN,NaN,NaN,NaN,NaN,NaN,NaN,NaN,NaN,NaN,-2.772387e-05,-0.0007802791,-0.001706696,-0.002506356,-0.003138185,-0.003685829,-0.004042173,-0.004326319,-0.004429162,-0.004479991,-0.004365456,-0.004201935,-0.003869897,-0.003468807,-0.002878319,-0.002186216,-0.001278442,-0.000237715,0.001033174,0.002444048,0.00405885,0.005765893,0.007589224,0.009405869,0.01122297,0.0129374,0.01457236,0.01606295,0.01745742,0.01872639,0.01992529,0.02104294,0.02211545,0.02312296,0.02407251,0.02492407,0.02566668,0.02626183,0.02667577,0.02685252,0.02668666,0.026095,0.02500781,0.02344773,0.02145976,0.01918106,0.01670646,0.01422888,0.01182232,0.009653775,0.007709111,0.006072453,0.00460127,0.003317031,0.001996925,0.0006875104,-0.0008266259,-0.002396909,-0.004197599,-0.005967282,-0.007874624,-0.00960511,-0.01140796,-0.01299709,-0.01478675,-0.01651028,-0.01870735,-0.02096599,-0.02378858,-0.02637753,-0.02907639,-0.03048411,-0.03083269,-0.02792588,-0.02225677,-0.01060463,-0.0003694163,NaN,NaN,NaN,NaN,NaN,NaN,NaN,NaN,NaN,NaN,NaN,NaN,NaN,NaN,NaN
NaN,NaN,NaN,NaN,NaN,NaN,NaN,NaN,NaN,NaN,NaN,NaN,NaN,NaN,NaN,-1.835929e-05,-0.0001364907,-0.00120355,-0.002108545,-0.002970077,-0.003581033,-0.004165099,-0.004481524,-0.004768534,-0.004809435,-0.004835379,-0.004637117,-0.004424427,-0.003984109,-0.003503273,-0.002773047,-0.001960996,-0.0008720194,0.0003340126,0.001829735,0.003447024,0.005319083,0.007256314,0.009351353,0.01139699,0.01347486,0.01539684,0.01725303,0.0189128,0.02048067,0.02186744,0.02320339,0.02439154,0.02555918,0.02659636,0.02757156,0.02838844,0.02907633,0.02954014,0.02982279,0.02976946,0.02936774,0.0284529,0.02702179,0.02507259,0.02271148,0.0200423,0.0172449,0.01444727,0.01180124,0.009412363,0.007313753,0.005530513,0.003958931,0.002552392,0.001134553,-0.000314632,-0.001952303,-0.003695059,-0.005639604,-0.007597643,-0.009648897,-0.01155988,-0.01349597,-0.01526792,-0.017198,-0.01914283,-0.02151403,-0.02403195,-0.0270281,-0.02986662,-0.03267299,-0.03433349,-0.03482932,-0.03244433,-0.0271301,-0.01629055,-0.002053955,-5.751981e-05,NaN,NaN,NaN,NaN,NaN,NaN,NaN,NaN,NaN,NaN,NaN,NaN,NaN,NaN
NaN,NaN,NaN,NaN,NaN,NaN,NaN,NaN,NaN,NaN,NaN,NaN,NaN,NaN,NaN,-1.964923e-05,-0.0004439787,-0.00160603,-0.00249074,-0.003373271,-0.003983242,-0.004554686,-0.004850236,-0.00509502,-0.005090993,-0.005051863,-0.004791684,-0.004491306,-0.003968978,-0.003375957,-0.002531086,-0.001574521,-0.0003305822,0.001058617,0.002748456,0.004578948,0.006672882,0.008838764,0.01115947,0.01343396,0.01572214,0.01784152,0.01988493,0.02168594,0.02339601,0.02488373,0.02630012,0.02755642,0.02876044,0.02979222,0.03075821,0.03147043,0.03205428,0.03234141,0.03241096,0.03210674,0.03141507,0.03013972,0.02836979,0.02601684,0.02331423,0.02029846,0.01722522,0.01416952,0.01135371,0.008790432,0.006610584,0.004712963,0.003103242,0.00159382,0.0001399154,-0.001440196,-0.00313455,-0.005042007,-0.007056653,-0.009199955,-0.01130534,-0.01340863,-0.01537378,-0.01734853,-0.01930794,-0.0214947,-0.02389564,-0.02669495,-0.02966067,-0.03276598,-0.03544452,-0.03743963,-0.03780957,-0.03627804,-0.03105752,-0.02191257,-0.006536768,-0.0001089878,NaN,NaN,NaN,NaN,NaN,NaN,NaN,NaN,NaN,NaN,NaN,NaN,NaN,NaN
NaN,NaN,NaN,NaN,NaN,NaN,NaN,NaN,NaN,NaN,NaN,NaN,NaN,NaN,NaN,-2.311472e-05,-0.0007708488,-0.001956712,-0.002857581,-0.003705055,-0.004338573,-0.004846022,-0.005141297,-0.005294371,-0.00527155,-0.005123754,-0.004827473,-0.004406444,-0.003827012,-0.003093746,-0.002164589,-0.001038447,0.0003252825,0.001914802,0.003757379,0.005811163,0.00807526,0.0104696,0.01296529,0.01545193,0.0179034,0.02020912,0.02237452,0.02432537,0.02610918,0.02768704,0.02914573,0.03042978,0.03162568,0.03263128,0.03349672,0.03410181,0.03449696,0.03457131,0.03439164,0.03378914,0.03277091,0.03114429,0.02900315,0.02630263,0.02328314,0.01998614,0.01669929,0.01345995,0.01053086,0.007868323,0.005652798,0.003700454,0.002091164,0.0005283251,-0.0009295651,-0.002594196,-0.004308334,-0.006339601,-0.008377817,-0.01066246,-0.01277959,-0.01502066,-0.01697511,-0.01910387,-0.02103417,-0.02341789,-0.02576737,-0.02876903,-0.03160828,-0.03488075,-0.03732537,-0.03959095,-0.03981371,-0.0390703,-0.03418683,-0.02682856,-0.01103805,-0.000225529,NaN,NaN,NaN,NaN,NaN,NaN,NaN,NaN,NaN,NaN,NaN,NaN,NaN,NaN
NaN,NaN,NaN,NaN,NaN,NaN,NaN,NaN,NaN,NaN,NaN,NaN,NaN,NaN,NaN,-5.972608e-05,-0.001120522,-0.002247261,-0.003198291,-0.003965391,-0.004633971,-0.005040654,-0.005342099,-0.005375393,-0.005340127,-0.005063455,-0.004741421,-0.004183804,-0.003562851,-0.002677681,-0.001683319,-0.0003818668,0.001076906,0.002866463,0.004827521,0.007096394,0.009487588,0.01209407,0.01471387,0.01739446,0.01995271,0.02242725,0.02466068,0.0267413,0.02854817,0.03019997,0.03164223,0.03294405,0.03406531,0.03502544,0.03572376,0.03619294,0.03633457,0.03618059,0.03569284,0.03479812,0.03341192,0.03146465,0.02894754,0.02596864,0.02266355,0.01918105,0.01572456,0.01240226,0.009394841,0.006727094,0.00449432,0.002572088,0.0009705618,-0.0005674722,-0.00202616,-0.003693166,-0.00543219,-0.0074881,-0.009566415,-0.01188232,-0.01402718,-0.01629573,-0.0182547,-0.02041085,-0.0223448,-0.02475549,-0.02710031,-0.03008996,-0.03283858,-0.0360491,-0.03832572,-0.04058431,-0.04090601,-0.04056112,-0.03660069,-0.03049885,-0.0158513,-0.0008245949,NaN,NaN,NaN,NaN,NaN,NaN,NaN,NaN,NaN,NaN,NaN,NaN,NaN,NaN
NaN,NaN,NaN,NaN,NaN,NaN,NaN,NaN,NaN,NaN,NaN,NaN,NaN,NaN,-1.766895e-05,-0.0002801321,-0.001489594,-0.002491177,-0.003488414,-0.004165882,-0.004847082,-0.005148767,-0.005432728,-0.005351298,-0.005282313,-0.004887796,-0.004526398,-0.003845141,-0.003175541,-0.002156031,-0.001094134,0.0003610249,0.001907567,0.003870069,0.005933464,0.008378479,0.01087392,0.01364892,0.01635346,0.01919364,0.02181003,0.02441202,0.02668477,0.02883903,0.03064299,0.03233652,0.0337064,0.03501461,0.03600626,0.03687918,0.03738206,0.03765951,0.03750976,0.03711938,0.03627236,0.03510662,0.03334306,0.03109843,0.02824732,0.02505451,0.02151528,0.01794583,0.01436962,0.0110543,0.008011747,0.005414282,0.003188534,0.001367077,-0.0002173295,-0.001656455,-0.003115655,-0.004700242,-0.006466879,-0.008454205,-0.01057471,-0.01281888,-0.01500545,-0.01717531,-0.01917552,-0.02120692,-0.02318845,-0.02545516,-0.02782303,-0.03059713,-0.03330532,-0.03617635,-0.03844737,-0.0403739,-0.04102196,-0.04079106,-0.03813267,-0.03283078,-0.02103254,-0.004114754,-2.837304e-05,NaN,NaN,NaN,NaN,NaN,NaN,NaN,NaN,NaN,NaN,NaN,NaN,NaN
NaN,NaN,NaN,NaN,NaN,NaN,NaN,NaN,NaN,NaN,NaN,NaN,NaN,NaN,-2.113239e-05,-0.0005446653,-0.001820995,-0.002706526,-0.003709446,-0.004311653,-0.004963494,-0.005176757,-0.0054063,-0.005230498,-0.005098313,-0.004612524,-0.004186275,-0.003413912,-0.002675453,-0.001556341,-0.0004143338,0.001154122,0.002794493,0.004880284,0.007041393,0.009607914,0.01218964,0.01507181,0.01784149,0.02076811,0.0234258,0.02608887,0.02837233,0.03055377,0.03232881,0.03400874,0.0353015,0.03654918,0.0373948,0.03813125,0.03840489,0.03845146,0.03800339,0.0373405,0.03615245,0.03470846,0.03259274,0.03008255,0.02696541,0.02360846,0.01992905,0.01633545,0.01271162,0.009465173,0.006442179,0.003952875,0.001780283,8.810974e-05,-0.001444922,-0.002749506,-0.004176401,-0.005634121,-0.00739296,-0.009252357,-0.01138508,-0.0134869,-0.01568529,-0.01768805,-0.0196934,-0.02152121,-0.02352206,-0.02553105,-0.02790011,-0.03031499,-0.03296206,-0.03535056,-0.0376134,-0.03909022,-0.04009081,-0.03982672,-0.03857287,-0.03405872,-0.02552883,-0.008080975,-9.42291e-05,NaN,NaN,NaN,NaN,NaN,NaN,NaN,NaN,NaN,NaN,NaN,NaN,NaN
NaN,NaN,NaN,NaN,NaN,NaN,NaN,NaN,NaN,NaN,NaN,NaN,NaN,NaN,-2.585508e-05,-0.0007472881,-0.002081129,-0.002898336,-0.003846588,-0.004406718,-0.004970817,-0.005130032,-0.005256202,-0.005020234,-0.004790136,-0.004250401,-0.003728429,-0.00291035,-0.00207405,-0.0009051888,0.0003378069,0.001965222,0.003710341,0.005857595,0.008114862,0.01073678,0.01339026,0.01630455,0.01912833,0.02204968,0.02474397,0.02738757,0.02965866,0.03181864,0.03354108,0.03514737,0.03637645,0.03747168,0.03818579,0.03872237,0.0387383,0.03854153,0.03778917,0.03682382,0.03536164,0.03359561,0.03120287,0.0284601,0.02514045,0.02169699,0.01796683,0.01438799,0.01081626,0.007653479,0.004713152,0.002348009,0.0002656508,-0.001288008,-0.002731446,-0.003889493,-0.005241039,-0.006547306,-0.008242953,-0.009945667,-0.01202172,-0.01394405,-0.01609695,-0.01787571,-0.01983756,-0.02141209,-0.02335053,-0.02506364,-0.02733616,-0.02931522,-0.03183344,-0.03367566,-0.03584262,-0.03687587,-0.03814198,-0.03779306,-0.03781728,-0.03426492,-0.02874789,-0.01115337,-0.0002160694,NaN,NaN,NaN,NaN,NaN,NaN,NaN,NaN,NaN,NaN,NaN,NaN,NaN
NaN,NaN,NaN,NaN,NaN,NaN,NaN,NaN,NaN,NaN,NaN,NaN,NaN,NaN,-3.368216e-05,-0.0009843434,-0.002242338,-0.003076801,-0.003884489,-0.004452836,-0.004864682,-0.005013499,-0.004980884,-0.004740588,-0.004357987,-0.003823984,-0.003164741,-0.002355736,-0.001390542,-0.0002312857,0.001140042,0.002759452,0.004626199,0.006759526,0.009122503,0.01170731,0.01444068,0.01729104,0.02015594,0.02299825,0.02570281,0.02824386,0.0305199,0.0325432,0.03424826,0.03570652,0.03685277,0.03776857,0.03833649,0.0385999,0.03841627,0.03788034,0.036883,0.03559745,0.03388403,0.03182188,0.02922708,0.02626318,0.02287296,0.0193633,0.0156867,0.01215393,0.008703459,0.005631525,0.002829587,0.0005691163,-0.001380475,-0.002819366,-0.004131,-0.005161922,-0.006377706,-0.007541076,-0.009098181,-0.01063406,-0.01256882,-0.0143021,-0.01630307,-0.01787264,-0.01966534,-0.0209967,-0.02275616,-0.024154,-0.02619979,-0.02776131,-0.02996231,-0.03134595,-0.03323044,-0.03390506,-0.03522422,-0.03496279,-0.03577553,-0.03355873,-0.03038195,-0.01463688,-0.0004380247,NaN,NaN,NaN,NaN,NaN,NaN,NaN,NaN,NaN,NaN,NaN,NaN,NaN
NaN,NaN,NaN,NaN,NaN,NaN,NaN,NaN,NaN,NaN,NaN,NaN,NaN,NaN,-0.0001286944,-0.001296914,-0.002319566,-0.003216164,-0.003836424,-0.004432706,-0.004656984,-0.00481435,-0.004601956,-0.004377711,-0.003832978,-0.003328774,-0.002526463,-0.001755815,-0.0006590822,0.0004572936,0.001952257,0.003522933,0.00549819,0.007565992,0.01001187,0.01249863,0.0152816,0.01799759,0.02087414,0.02356142,0.02624982,0.02862182,0.03087783,0.03271345,0.03439015,0.03564427,0.0367161,0.03739003,0.03781685,0.03776267,0.03739146,0.03648888,0.03529133,0.03366947,0.03176833,0.02941421,0.02670305,0.02354855,0.02019664,0.01664757,0.01311872,0.009637807,0.006377528,0.003372823,0.0007606299,-0.001443948,-0.003218871,-0.004602723,-0.005730934,-0.006691779,-0.007696263,-0.008762985,-0.01007424,-0.01148599,-0.01313692,-0.01473243,-0.01641785,-0.01783917,-0.01929417,-0.0204504,-0.02183599,-0.02301523,-0.02457605,-0.02586815,-0.02746928,-0.02856307,-0.02990143,-0.0304493,-0.03141115,-0.03161192,-0.03251271,-0.03207378,-0.03029838,-0.01912206,-0.002065138,NaN,NaN,NaN,NaN,NaN,NaN,NaN,NaN,NaN,NaN,NaN,NaN,NaN
NaN,NaN,NaN,NaN,NaN,NaN,NaN,NaN,NaN,NaN,NaN,NaN,NaN,-1.91767e-05,-0.0004432298,-0.001591094,-0.002361139,-0.003273009,-0.00373513,-0.004313303,-0.004378468,-0.004510914,-0.004156594,-0.003917597,-0.003256971,-0.002758753,-0.001858342,-0.001108637,7.192054e-05,0.001158174,0.002724814,0.004246587,0.006274872,0.0082645,0.010726,0.01309774,0.01585073,0.01840756,0.02122258,0.02371622,0.02632865,0.0285037,0.03067493,0.03232351,0.0339165,0.03495863,0.03592958,0.03634031,0.03659927,0.03623423,0.03565047,0.03440988,0.03302817,0.03109291,0.02904052,0.02644113,0.02365481,0.02038646,0.01713144,0.01359001,0.01026063,0.006849711,0.003795388,0.0008584914,-0.001570639,-0.00374896,-0.005355998,-0.006729152,-0.007672599,-0.008599553,-0.009364908,-0.01035769,-0.01136236,-0.01265455,-0.0139371,-0.01538924,-0.01665884,-0.01793578,-0.01893658,-0.0199428,-0.02081147,-0.02180384,-0.02273267,-0.02377104,-0.02464543,-0.02550242,-0.02611623,-0.02666995,-0.02704863,-0.02772803,-0.02847751,-0.02967329,-0.02890378,-0.02311595,-0.007004334,4.147245e-05,NaN,NaN,NaN,NaN,NaN,NaN,NaN,NaN,NaN,NaN,NaN,NaN
NaN,NaN,NaN,NaN,NaN,NaN,NaN,NaN,NaN,NaN,NaN,NaN,NaN,-2.377747e-05,-0.0006124964,-0.001793974,-0.00237075,-0.003243895,-0.003573088,-0.004097715,-0.004028816,-0.0041141,-0.003647269,-0.003379167,-0.002640567,-0.002132975,-0.001177339,-0.0004374397,0.000784961,0.001845452,0.00343371,0.004907928,0.006926114,0.008828332,0.01123587,0.01347155,0.01611495,0.01849257,0.02115962,0.02344066,0.02590257,0.02786273,0.02988814,0.03135234,0.03279651,0.03364971,0.03446467,0.03461735,0.03468551,0.03402301,0.03319827,0.03169442,0.03009667,0.02791933,0.0257344,0.02292801,0.02011246,0.01681217,0.01365506,0.01021479,0.00706735,0.003762741,0.0008992858,-0.001970876,-0.004260049,-0.006422622,-0.007920516,-0.009302084,-0.01011557,-0.01101145,-0.01157842,-0.01247764,-0.01317614,-0.01432119,-0.01520063,-0.01645205,-0.01728619,-0.01833003,-0.01886534,-0.01965122,-0.01995979,-0.02070324,-0.02096331,-0.0216526,-0.0218049,-0.022336,-0.02223066,-0.02269169,-0.0225233,-0.02344254,-0.02404521,-0.02634358,-0.02669118,-0.02511363,-0.009596689,-4.607834e-05,NaN,NaN,NaN,NaN,NaN,NaN,NaN,NaN,NaN,NaN,NaN,NaN
NaN,NaN,NaN,NaN,NaN,NaN,NaN,NaN,NaN,NaN,NaN,NaN,NaN,-2.70298e-05,-0.0006787956,-0.001885549,-0.002348037,-0.003121015,-0.003358951,-0.003775066,-0.003630306,-0.003618983,-0.003101951,-0.002771419,-0.002010943,-0.001464896,-0.0005163471,0.0002469542,0.001441674,0.002505396,0.00404268,0.005488022,0.007416214,0.009239771,0.01150446,0.01360015,0.01604282,0.01823143,0.02065326,0.02272757,0.02493692,0.02669646,0.02850312,0.02978357,0.03103226,0.03171433,0.03230484,0.0322594,0.03206971,0.03116364,0.03009403,0.02835794,0.02655171,0.02420038,0.02184787,0.01894099,0.01609191,0.01283164,0.009793753,0.006488366,0.003502554,0.0003387322,-0.002390133,-0.005185362,-0.007394627,-0.009561158,-0.01102308,-0.01243673,-0.01318969,-0.01408008,-0.01448796,-0.01529448,-0.01571771,-0.01665785,-0.01716424,-0.01813917,-0.01851919,-0.01929042,-0.01931725,-0.01980852,-0.01957668,-0.01992482,-0.01955216,-0.01979901,-0.01920216,-0.01935154,-0.01854603,-0.01875217,-0.01810214,-0.01905632,-0.0194402,-0.02240543,-0.02373578,-0.02515903,-0.01071959,-0.0001650396,NaN,NaN,NaN,NaN,NaN,NaN,NaN,NaN,NaN,NaN,NaN,NaN
NaN,NaN,NaN,NaN,NaN,NaN,NaN,NaN,NaN,NaN,NaN,NaN,NaN,-2.732685e-05,-0.0007949235,-0.001841643,-0.002318256,-0.002870626,-0.003120278,-0.003329779,-0.003207538,-0.003015922,-0.002556681,-0.002081337,-0.001410794,-0.0007513114,8.561337e-05,0.0009400282,0.002004218,0.003132164,0.004513282,0.005980382,0.007705548,0.009495367,0.01149096,0.01348307,0.0155996,0.01761818,0.0196822,0.02156743,0.02341266,0.02501268,0.02648954,0.0276378,0.02860752,0.02915653,0.02946409,0.02927287,0.02876519,0.0277016,0.02633974,0.02445906,0.02241711,0.01996341,0.01741955,0.01449247,0.01159125,0.008450312,0.00549265,0.002377742,-0.0004988621,-0.003500022,-0.006146784,-0.008868034,-0.01107729,-0.01324303,-0.01477525,-0.01622707,-0.01701452,-0.01791093,-0.01824863,-0.01893071,-0.01916906,-0.01983702,-0.02002321,-0.02064778,-0.02060713,-0.02098912,-0.02058277,-0.02063257,-0.01992277,-0.01976368,-0.01877507,-0.01845631,-0.01718593,-0.01674955,-0.01537828,-0.01512233,-0.01406829,-0.0148087,-0.01501037,-0.01810817,-0.02027223,-0.02363755,-0.01247766,-0.0003524692,NaN,NaN,NaN,NaN,NaN,NaN,NaN,NaN,NaN,NaN,NaN,NaN
NaN,NaN,NaN,NaN,NaN,NaN,NaN,NaN,NaN,NaN,NaN,NaN,NaN,-7.519908e-05,-0.001010993,-0.001689269,-0.002256619,-0.002517604,-0.002839214,-0.002788876,-0.002749452,-0.002343331,-0.002003599,-0.00135614,-0.0008355997,-4.003923e-05,0.0006292997,0.00159431,0.002470731,0.003680361,0.004840977,0.00634227,0.007794137,0.009549903,0.0112034,0.01308081,0.01478955,0.01663291,0.01824866,0.01994671,0.02135192,0.0227886,0.02388253,0.02490338,0.02553788,0.02599036,0.02595578,0.02567481,0.02481584,0.02365968,0.02198959,0.0200369,0.01773504,0.01524892,0.01247245,0.009613435,0.006607789,0.003659989,0.0007243374,-0.002165657,-0.005003863,-0.007796536,-0.01048217,-0.01306005,-0.01540388,-0.01753125,-0.01925727,-0.02071181,-0.02170675,-0.02252201,-0.02299483,-0.02344846,-0.02366984,-0.02395862,-0.02397855,-0.02407689,-0.02380882,-0.02356702,-0.02291718,-0.02231332,-0.02129021,-0.02038907,-0.01900806,-0.01779454,-0.01612927,-0.01476254,-0.01307153,-0.01198481,-0.010825,-0.01079798,-0.01121292,-0.01359253,-0.01679865,-0.02074091,-0.01578132,-0.001533061,NaN,NaN,NaN,NaN,NaN,NaN,NaN,NaN,NaN,NaN,NaN,NaN
NaN,NaN,NaN,NaN,NaN,NaN,NaN,NaN,NaN,NaN,NaN,NaN,NaN,-0.0003440288,-0.001190819,-0.001517847,-0.002086334,-0.002134127,-0.002451504,-0.002223084,-0.00220566,-0.001674956,-0.001396872,-0.0006693137,-0.0002491274,0.0005997247,0.00114715,0.002139736,0.002873126,0.004082141,0.005054884,0.006509135,0.007712499,0.009343892,0.01067334,0.0123482,0.0136464,0.01523655,0.01640376,0.01782155,0.01881272,0.01999835,0.02071718,0.02157571,0.02185928,0.02219087,0.02185182,0.021429,0.02029164,0.01904039,0.01708188,0.01511755,0.01254936,0.01005164,0.007074611,0.0042636,0.001169191,-0.001588729,-0.004550504,-0.007198627,-0.01006953,-0.012637,-0.01543107,-0.0178598,-0.02040294,-0.02249107,-0.02449833,-0.02593326,-0.02727049,-0.02796752,-0.02871103,-0.02892171,-0.02922587,-0.02911118,-0.02907861,-0.02856804,-0.02818891,-0.02723576,-0.02641692,-0.02507688,-0.02382388,-0.02206155,-0.02039081,-0.01815936,-0.01617368,-0.01374631,-0.0118054,-0.009704716,-0.0084939,-0.007494182,-0.008087308,-0.009416101,-0.0134018,-0.01721242,-0.01868173,-0.006651638,NaN,NaN,NaN,NaN,NaN,NaN,NaN,NaN,NaN,NaN,NaN,NaN
NaN,NaN,NaN,NaN,NaN,NaN,NaN,NaN,NaN,NaN,NaN,NaN,-2.70182e-05,-0.0004846643,-0.0012414,-0.001331256,-0.001813717,-0.001719185,-0.001972676,-0.001631888,-0.001603548,-0.001011114,-0.0007690871,-3.182179e-05,0.0003237302,0.001153631,0.001611206,0.002569003,0.003182652,0.004323799,0.005136551,0.00646391,0.007442595,0.008873142,0.009888399,0.01128064,0.01218677,0.01342679,0.01416926,0.01522495,0.01580531,0.01667717,0.0170368,0.01764431,0.01763176,0.01776346,0.01716183,0.01659226,0.01521388,0.01386583,0.01171086,0.009683997,0.006930843,0.004393389,0.001238847,-0.001532529,-0.004703993,-0.007329275,-0.01031826,-0.01278246,-0.01569727,-0.01810135,-0.02098212,-0.02332979,-0.02607537,-0.02813522,-0.03047532,-0.03192445,-0.03359058,-0.03430868,-0.03527299,-0.03535093,-0.03578104,-0.03529205,-0.03525138,-0.03424245,-0.03365967,-0.03217416,-0.03108329,-0.02908981,-0.02758509,-0.02501285,-0.02297234,-0.01987993,-0.0173893,-0.0140649,-0.01167402,-0.00866889,-0.007145262,-0.005308135,-0.005671091,-0.00614782,-0.01005828,-0.01383001,-0.01907143,-0.009065336,2.162686e-05,NaN,NaN,NaN,NaN,NaN,NaN,NaN,NaN,NaN,NaN,NaN
NaN,NaN,NaN,NaN,NaN,NaN,NaN,NaN,NaN,NaN,NaN,NaN,-2.606455e-05,-0.0004751667,-0.001168258,-0.00111009,-0.00145796,-0.0012621,-0.001419465,-0.001023776,-0.0009525621,-0.0003647472,-0.0001345727,0.0005518562,0.0008630464,0.001615037,0.00200914,0.002866276,0.003393883,0.004394673,0.00507473,0.006207747,0.006974495,0.008138062,0.008854933,0.00988388,0.01042721,0.01123251,0.01156985,0.01219694,0.01237137,0.01286191,0.01288128,0.01315443,0.01287745,0.01274838,0.01192144,0.01117753,0.009624092,0.008161832,0.005881238,0.0037816,0.0008946239,-0.001711583,-0.004981508,-0.007773799,-0.01100157,-0.01354838,-0.01659516,-0.01893726,-0.02187998,-0.02421958,-0.02714291,-0.02946629,-0.03239824,-0.03446643,-0.0370883,-0.03865285,-0.04057302,-0.04141929,-0.04260037,-0.04262733,-0.04317422,-0.04248603,-0.0423304,-0.04102821,-0.04020027,-0.0382517,-0.03692652,-0.03438836,-0.0325287,-0.02939377,-0.02682187,-0.02302439,-0.01997301,-0.01581318,-0.01286215,-0.009067764,-0.006997672,-0.004420374,-0.00424862,-0.003929858,-0.007252652,-0.01069271,-0.01756444,-0.009064452,-7.602236e-05,NaN,NaN,NaN,NaN,NaN,NaN,NaN,NaN,NaN,NaN,NaN
NaN,NaN,NaN,NaN,NaN,NaN,NaN,NaN,NaN,NaN,NaN,NaN,-2.22006e-05,-0.000450266,-0.0009576008,-0.0008818099,-0.0009940362,-0.0008029717,-0.0007742201,-0.0004341944,-0.000240988,0.0002246759,0.0005199348,0.001040292,0.001384869,0.001945624,0.002357743,0.003002432,0.003516929,0.004274725,0.004882448,0.005715698,0.00633854,0.007115727,0.007608796,0.008167014,0.008401963,0.008689567,0.008666167,0.008770857,0.008598232,0.008594826,0.008325489,0.008166755,0.007660957,0.007193815,0.006198018,0.005219988,0.003574075,0.001953613,-0.0003481763,-0.002586663,-0.005498677,-0.008226954,-0.01156884,-0.01440038,-0.01766522,-0.02025816,-0.02325388,-0.02566521,-0.02857803,-0.03090986,-0.03390225,-0.03624246,-0.03923001,-0.04149264,-0.04418396,-0.04598729,-0.04812091,-0.04911996,-0.05048486,-0.0506534,-0.05113929,-0.05051889,-0.05017877,-0.04869597,-0.04766453,-0.04540313,-0.04373916,-0.04093156,-0.03858986,-0.03506964,-0.03198481,-0.02759075,-0.02393741,-0.0191376,-0.01545419,-0.0110107,-0.008220918,-0.004959789,-0.004031974,-0.002932413,-0.00529816,-0.008077565,-0.01503866,-0.008987837,-0.0002220274,NaN,NaN,NaN,NaN,NaN,NaN,NaN,NaN,NaN,NaN,NaN
NaN,NaN,NaN,NaN,NaN,NaN,NaN,NaN,NaN,NaN,NaN,NaN,-2.550451e-05,-0.0004973378,-0.0006290164,-0.0006459118,-0.0004319556,-0.0003442046,-4.950775e-05,0.0001328913,0.0005157846,0.0007586246,0.001181019,0.001440492,0.001875271,0.002161672,0.002642326,0.00299951,0.003547889,0.003979905,0.004567955,0.005006085,0.005538777,0.005847467,0.006154602,0.006187943,0.006149166,0.005855886,0.005533458,0.005020301,0.004561519,0.003980052,0.003436234,0.002784962,0.002066328,0.001169523,8.990453e-05,-0.001243391,-0.00286419,-0.004727548,-0.006956405,-0.0093757,-0.01221711,-0.0151345,-0.01839901,-0.02143709,-0.02458128,-0.0274075,-0.03027286,-0.0328729,-0.03567831,-0.03818225,-0.0410255,-0.04362981,-0.0464437,-0.0490343,-0.0516618,-0.05380989,-0.05594872,-0.05736027,-0.05861621,-0.05920163,-0.05947616,-0.05907921,-0.0585039,-0.05710523,-0.05565826,-0.05351846,-0.05128024,-0.04849802,-0.04560421,-0.04193027,-0.03819409,-0.0336248,-0.0290994,-0.02406091,-0.01940933,-0.01462068,-0.01076747,-0.007176069,-0.00499685,-0.003470893,-0.004236592,-0.006552462,-0.01202578,-0.0106975,-0.0007873948,NaN,NaN,NaN,NaN,NaN,NaN,NaN,NaN,NaN,NaN,NaN
NaN,NaN,NaN,NaN,NaN,NaN,NaN,NaN,NaN,NaN,NaN,NaN,-0.0001473747,-0.0005090407,-0.0002947268,-0.0003200555,0.0001332671,0.0001869282,0.0006622373,0.0007515554,0.001227771,0.001313051,0.0017661,0.001824839,0.002264633,0.002335717,0.002802952,0.002928602,0.003438247,0.003587717,0.00408751,0.004173526,0.004538271,0.004426345,0.004489881,0.004029825,0.003697424,0.002853527,0.002199982,0.001116597,0.0003184758,-0.0008282169,-0.001670452,-0.002861123,-0.003796703,-0.005166412,-0.006344903,-0.008053835,-0.009640136,-0.01177804,-0.01388562,-0.01652373,-0.01919245,-0.02237412,-0.02539722,-0.02875504,-0.03171821,-0.03481327,-0.03756836,-0.04044724,-0.04299625,-0.04590419,-0.04839795,-0.05135464,-0.05398091,-0.05682968,-0.05933722,-0.0619403,-0.06382462,-0.06583875,-0.06687951,-0.06785554,-0.06800286,-0.06787926,-0.06696356,-0.0659379,-0.0639575,-0.06209923,-0.0594041,-0.05671978,-0.05332811,-0.04975848,-0.04528511,-0.040814,-0.03543011,-0.03031966,-0.02471314,-0.01975068,-0.01473533,-0.01091857,-0.007351135,-0.005501721,-0.004354745,-0.006213551,-0.009421864,-0.01305204,-0.004633621,NaN,NaN,NaN,NaN,NaN,NaN,NaN,NaN,NaN,NaN,NaN
NaN,NaN,NaN,NaN,NaN,NaN,NaN,NaN,NaN,NaN,NaN,-3.243809e-05,-0.0002460804,-0.0004019865,1.213942e-05,0.0001079338,0.0006736302,0.0008032164,0.001338803,0.001428134,0.001887655,0.001898565,0.002271677,0.002221883,0.002552199,0.00249459,0.00285481,0.002816616,0.003204464,0.003146532,0.003458004,0.003276374,0.003377345,0.002911588,0.002671252,0.001781506,0.001108757,-0.0002003129,-0.001236873,-0.002816962,-0.00399857,-0.00567758,-0.006866306,-0.008579148,-0.009797272,-0.0116278,-0.01296822,-0.0150484,-0.01665038,-0.01905784,-0.02105902,-0.02391494,-0.02638841,-0.02978567,-0.0326023,-0.03617948,-0.03899245,-0.0423705,-0.04493707,-0.04816042,-0.05050214,-0.05366556,-0.05602086,-0.05915958,-0.06158127,-0.06474596,-0.06698143,-0.06996223,-0.07175624,-0.0740358,-0.07510131,-0.07637221,-0.0763325,-0.07662647,-0.07538272,-0.07460368,-0.07246339,-0.07063708,-0.06777284,-0.06526706,-0.06143549,-0.05810271,-0.05315339,-0.04864185,-0.04282953,-0.0375412,-0.03126882,-0.02609843,-0.02017456,-0.01595293,-0.01126637,-0.008774954,-0.00609272,-0.006860776,-0.008164744,-0.0137736,-0.007693366,-4.022369e-05,NaN,NaN,NaN,NaN,NaN,NaN,NaN,NaN,NaN,NaN
NaN,NaN,NaN,NaN,NaN,NaN,NaN,NaN,NaN,NaN,NaN,-2.602486e-05,-0.0002231324,-0.000197749,0.0003203975,0.0005999072,0.001207444,0.001468556,0.001998093,0.002143354,0.002510529,0.002505321,0.002727823,0.002611307,0.002784207,0.002637855,0.002830926,0.002695352,0.002881148,0.002678684,0.002747926,0.002329634,0.002136614,0.001363563,0.0007727714,-0.0004640977,-0.001506858,-0.003213705,-0.004633876,-0.00664741,-0.008245208,-0.01039236,-0.01196862,-0.01418657,-0.01572981,-0.01798848,-0.01961485,-0.02198097,-0.0237252,-0.02639095,-0.0282991,-0.03137863,-0.03372291,-0.03715664,-0.03993506,-0.04356213,-0.04624239,-0.04988859,-0.05228116,-0.05569793,-0.05804998,-0.06123087,-0.06356279,-0.06683056,-0.06901936,-0.07237614,-0.07451306,-0.07753541,-0.07943162,-0.08184978,-0.08284708,-0.08445321,-0.0842962,-0.08471975,-0.0835837,-0.08280031,-0.08063852,-0.07907411,-0.07594407,-0.07367229,-0.06975079,-0.06634023,-0.06140826,-0.05687771,-0.05076818,-0.04554776,-0.03877836,-0.03336647,-0.02687309,-0.02212585,-0.01656616,-0.01332186,-0.009299266,-0.008772661,-0.008164642,-0.01366492,-0.008342627,-0.0001822516,NaN,NaN,NaN,NaN,NaN,NaN,NaN,NaN,NaN,NaN
NaN,NaN,NaN,NaN,NaN,NaN,NaN,NaN,NaN,NaN,NaN,-1.737119e-05,-0.0001499528,0.0001048499,0.0006162,0.001158139,0.001715239,0.002198742,0.002621795,0.002909696,0.00310329,0.003148843,0.003148577,0.003040858,0.002963656,0.002821844,0.002753674,0.002599786,0.00251461,0.00223657,0.001995119,0.001429567,0.0008634686,-0.0001156959,-0.001122117,-0.002591851,-0.004062803,-0.006037776,-0.007878991,-0.0102285,-0.01227272,-0.0147641,-0.01686815,-0.01937601,-0.02143933,-0.02399912,-0.02598632,-0.02864834,-0.03066185,-0.03341889,-0.03561261,-0.03857271,-0.04102493,-0.04440578,-0.04705696,-0.05070606,-0.05346341,-0.05692471,-0.05962487,-0.06285782,-0.06527087,-0.0685091,-0.07074089,-0.07391264,-0.07627079,-0.07927828,-0.08162779,-0.08455779,-0.08643418,-0.08895471,-0.09007753,-0.09154664,-0.09172813,-0.09200568,-0.09101018,-0.09034006,-0.08821618,-0.08669564,-0.08385032,-0.0814408,-0.07779855,-0.07440554,-0.06950991,-0.06508031,-0.05903492,-0.05364642,-0.04696786,-0.0412073,-0.03446862,-0.02921883,-0.02308239,-0.018915,-0.01396998,-0.01188789,-0.009669075,-0.01332394,-0.008791965,-0.0003426494,NaN,NaN,NaN,NaN,NaN,NaN,NaN,NaN,NaN,NaN
NaN,NaN,NaN,NaN,NaN,NaN,NaN,NaN,NaN,NaN,NaN,-1.214087e-05,-0.0001215359,0.0004857614,0.0009002461,0.001767604,0.002210158,0.002962981,0.003236584,0.003709996,0.003687939,0.00383654,0.00356189,0.00351981,0.003149566,0.003048186,0.002690625,0.002551749,0.002151826,0.001870983,0.001251656,0.0006392055,-0.000355345,-0.001453335,-0.002899917,-0.004513929,-0.00644549,-0.008534042,-0.01088871,-0.01335451,-0.01596346,-0.01861633,-0.02131858,-0.02399855,-0.02668222,-0.02935407,-0.03197155,-0.03462889,-0.03723184,-0.03988967,-0.04252208,-0.04532277,-0.04805783,-0.05110892,-0.05409223,-0.05725199,-0.0603762,-0.06348398,-0.0664102,-0.06940171,-0.07210968,-0.07488613,-0.07757732,-0.08019157,-0.08281814,-0.08548808,-0.08795429,-0.0905432,-0.09281826,-0.09481946,-0.09650829,-0.0976042,-0.098135,-0.09827802,-0.09759084,-0.09663808,-0.09513173,-0.09317778,-0.09098961,-0.0883921,-0.08517919,-0.08172932,-0.07736388,-0.07262745,-0.06730457,-0.06150321,-0.05536395,-0.04917118,-0.04272186,-0.03668393,-0.03065653,-0.02521718,-0.02002364,-0.01593776,-0.01289264,-0.01323682,-0.01143854,-0.001218732,NaN,NaN,NaN,NaN,NaN,NaN,NaN,NaN,NaN,NaN
NaN,NaN,NaN,NaN,NaN,NaN,NaN,NaN,NaN,NaN,-4.6369e-05,-0.0001036882,2.45176e-05,0.0007837933,0.001314459,0.002290407,0.002817905,0.003646472,0.003957355,0.004449576,0.004383114,0.004483108,0.004108617,0.003975726,0.003471696,0.003291738,0.002749951,0.0025495,0.001922084,0.001553959,0.0006730138,-5.850568e-05,-0.001384023,-0.00259494,-0.004438286,-0.006151335,-0.008489656,-0.01065604,-0.01346217,-0.01597125,-0.01912037,-0.02184227,-0.02511549,-0.02789562,-0.03120289,-0.03388105,-0.03720815,-0.03978029,-0.04300638,-0.04559893,-0.04870195,-0.0512867,-0.05451767,-0.05707003,-0.06049402,-0.06320237,-0.06656419,-0.06933571,-0.07255957,-0.07504547,-0.07820038,-0.08043186,-0.08339377,-0.08562368,-0.08839737,-0.09057729,-0.09340677,-0.09536943,-0.098045,-0.09967395,-0.1015829,-0.1024621,-0.1033886,-0.1030703,-0.1030851,-0.1017082,-0.1007316,-0.09874225,-0.09692265,-0.09419616,-0.09171203,-0.08782875,-0.08439929,-0.07947687,-0.07479573,-0.06900696,-0.06345182,-0.05688293,-0.05113396,-0.04430312,-0.03868646,-0.032145,-0.0269663,-0.02102388,-0.01749386,-0.01423573,-0.01504595,-0.006627529,-0.0001148938,NaN,NaN,NaN,NaN,NaN,NaN,NaN,NaN,NaN
NaN,NaN,NaN,NaN,NaN,NaN,NaN,NaN,NaN,NaN,-3.424228e-05,-0.0001407318,0.0002736263,0.001027666,0.001835678,0.002756862,0.003514207,0.004280946,0.004761489,0.005150647,0.005184985,0.005137469,0.004775898,0.004494927,0.003941067,0.003608895,0.002987021,0.002624383,0.00187709,0.00135996,0.0002975817,-0.0005771698,-0.002131512,-0.003491424,-0.005609047,-0.007431396,-0.0100798,-0.01232828,-0.01542677,-0.01806,-0.02153681,-0.02436155,-0.02810021,-0.03092953,-0.03471743,-0.03754746,-0.04123623,-0.04400174,-0.04766325,-0.05020808,-0.05387032,-0.0562836,-0.05978033,-0.06229309,-0.06570319,-0.06824765,-0.07182468,-0.07416159,-0.07766341,-0.07985976,-0.08296558,-0.08508526,-0.08798981,-0.08985565,-0.09280814,-0.094522,-0.09739407,-0.09916651,-0.1017623,-0.1032093,-0.1053333,-0.1058791,-0.1071293,-0.1067129,-0.1068487,-0.105581,-0.1048951,-0.1027975,-0.101594,-0.09876566,-0.09673135,-0.09313139,-0.09001616,-0.08535504,-0.08134188,-0.07552813,-0.07074469,-0.06423049,-0.05884579,-0.05204644,-0.04654752,-0.03951591,-0.03424676,-0.02716513,-0.02279924,-0.01720792,-0.01764467,-0.01016916,-0.0004511205,NaN,NaN,NaN,NaN,NaN,NaN,NaN,NaN,NaN
NaN,NaN,NaN,NaN,NaN,NaN,NaN,NaN,NaN,NaN,-1.465606e-05,-0.0001737829,0.0006277651,0.001266201,0.002444891,0.003213697,0.004291172,0.00490128,0.00563435,0.005871652,0.0060736,0.005848822,0.005599856,0.005104552,0.004620383,0.00405851,0.003457648,0.002855822,0.002097168,0.001332652,0.0002367162,-0.0008773852,-0.002491732,-0.004092539,-0.006266328,-0.008352506,-0.011035,-0.01351873,-0.01667939,-0.01951533,-0.02306373,-0.02619434,-0.0299353,-0.03317663,-0.0370059,-0.04016558,-0.04403883,-0.04706902,-0.05082697,-0.05379146,-0.05732992,-0.0601743,-0.0636351,-0.06622747,-0.06971852,-0.07223429,-0.07554351,-0.07813249,-0.08115128,-0.08351007,-0.08643711,-0.0883851,-0.09118897,-0.09301171,-0.09550731,-0.09739355,-0.09980977,-0.1015566,-0.1039977,-0.1053713,-0.1073137,-0.1080754,-0.1090735,-0.108927,-0.1090646,-0.1079589,-0.1074081,-0.1056584,-0.1044431,-0.1021076,-0.1001866,-0.0969559,-0.09424562,-0.09003615,-0.08635048,-0.08126336,-0.07668885,-0.0707975,-0.0657402,-0.05922793,-0.05388153,-0.04698725,-0.04138117,-0.03406892,-0.02867898,-0.02170008,-0.02015207,-0.01272023,-0.0007389036,NaN,NaN,NaN,NaN,NaN,NaN,NaN,NaN,NaN
NaN,NaN,NaN,NaN,NaN,NaN,NaN,NaN,NaN,NaN,-2.684838e-05,-0.0001486044,0.001025063,0.001634193,0.00308605,0.003788889,0.005075424,0.005623631,0.00651958,0.006687377,0.007029656,0.006701588,0.006560159,0.005915414,0.005512323,0.004738325,0.004204959,0.003331056,0.002640135,0.001568925,0.0005595345,-0.0008823774,-0.002374236,-0.004321411,-0.006348167,-0.008787803,-0.01128955,-0.01416213,-0.01705417,-0.0203501,-0.02359239,-0.02719209,-0.03070073,-0.03439904,-0.03798752,-0.04174373,-0.04523307,-0.04899829,-0.05239607,-0.05593758,-0.05930848,-0.06259525,-0.06571287,-0.06897544,-0.0717558,-0.07494719,-0.07771744,-0.08055921,-0.08326118,-0.08584432,-0.08809641,-0.09061671,-0.09251273,-0.09479151,-0.09669825,-0.09871992,-0.1006333,-0.1026908,-0.1043695,-0.1062932,-0.10754,-0.1087735,-0.10934,-0.1096983,-0.1094209,-0.1090571,-0.1080916,-0.1071139,-0.1056255,-0.1040439,-0.1018542,-0.09960438,-0.09660901,-0.09349866,-0.08974219,-0.08569599,-0.08113629,-0.07643457,-0.07110131,-0.0659238,-0.06006385,-0.05426732,-0.04793167,-0.0414182,-0.03449524,-0.0278853,-0.0225693,-0.01783248,-0.003114154,NaN,NaN,NaN,NaN,NaN,NaN,NaN,NaN,NaN
NaN,NaN,NaN,NaN,NaN,NaN,NaN,NaN,NaN,-6.790341e-05,-0.0001960313,0.0002647128,0.001360111,0.002399019,0.003659702,0.00470088,0.005791713,0.006631612,0.00733539,0.007779504,0.007982815,0.007844061,0.007637511,0.007066533,0.006601509,0.00583517,0.005199784,0.004265005,0.00349417,0.002276977,0.001255634,-0.0003622722,-0.001818379,-0.00395367,-0.005876378,-0.008555856,-0.01089168,-0.01398524,-0.01673894,-0.02019338,-0.02327524,-0.02715483,-0.03035725,-0.03449206,-0.03780234,-0.04186822,-0.04530605,-0.04928314,-0.05252875,-0.05657853,-0.05947838,-0.06341453,-0.06623763,-0.06975871,-0.07254406,-0.07581967,-0.07823133,-0.08151427,-0.08350457,-0.08653141,-0.08836611,-0.09090386,-0.09260423,-0.09489284,-0.09628998,-0.09861928,-0.09983611,-0.1021735,-0.1033746,-0.1054236,-0.1063733,-0.1078251,-0.1080887,-0.1088786,-0.1082744,-0.1085216,-0.107257,-0.1069486,-0.1053022,-0.1042672,-0.1021239,-0.1004846,-0.09748381,-0.09542438,-0.09150048,-0.08869527,-0.08416949,-0.08042296,-0.07539569,-0.07110854,-0.06523701,-0.06068143,-0.05377248,-0.04847095,-0.04053543,-0.03439575,-0.02633925,-0.02329856,-0.01112042,-0.0002126732,NaN,NaN,NaN,NaN,NaN,NaN,NaN,NaN
NaN,NaN,NaN,NaN,NaN,NaN,NaN,NaN,NaN,-3.532368e-05,-0.0003092789,0.001204751,0.001909741,0.003582991,0.004406977,0.005970827,0.006649515,0.007889238,0.008331541,0.009061188,0.00913692,0.009297244,0.008923044,0.008663275,0.007981704,0.007413402,0.006578761,0.005731896,0.004752996,0.003626606,0.002369063,0.0008740819,-0.000797334,-0.002779506,-0.004898002,-0.007381263,-0.009897248,-0.01281074,-0.01567556,-0.01896357,-0.02218062,-0.02576798,-0.02926659,-0.03303557,-0.03661693,-0.04050648,-0.044051,-0.04796652,-0.05145616,-0.05522711,-0.05861422,-0.06215465,-0.06533822,-0.06867968,-0.07156533,-0.07475048,-0.07735945,-0.08027056,-0.08266861,-0.08515004,-0.08727864,-0.08942292,-0.0911779,-0.09318335,-0.09464207,-0.09652956,-0.09800051,-0.0997294,-0.1012406,-0.1028081,-0.1039332,-0.1051845,-0.1056121,-0.1062435,-0.1060992,-0.1059954,-0.1054195,-0.1048411,-0.1036881,-0.102818,-0.1010287,-0.09964602,-0.09736803,-0.09520836,-0.09233765,-0.08953325,-0.08588462,-0.08264691,-0.0783373,-0.07455441,-0.06970453,-0.06520137,-0.05943704,-0.05408298,-0.04678471,-0.04041933,-0.03189081,-0.02738688,-0.01915494,-0.00108622,NaN,NaN,NaN,NaN,NaN,NaN,NaN,NaN
NaN,NaN,NaN,NaN,NaN,NaN,NaN,NaN,-9.082927e-05,-0.0001558536,0.0006985054,0.002374467,0.003470645,0.004955907,0.00599918,0.007357019,0.008236149,0.009261865,0.009922762,0.01052518,0.01080672,0.01099622,0.01077038,0.01056975,0.009985431,0.009429439,0.008601801,0.00777809,0.006673635,0.005629301,0.00418959,0.00280972,0.0009772644,-0.0008345271,-0.003125007,-0.005345786,-0.00806335,-0.01066472,-0.01372197,-0.0166607,-0.02008284,-0.02326033,-0.02701925,-0.03037569,-0.0342364,-0.03775441,-0.04160891,-0.04512402,-0.04905098,-0.05233732,-0.056218,-0.05932324,-0.06286368,-0.06587435,-0.06909958,-0.07182006,-0.07498827,-0.07727775,-0.08022267,-0.08219913,-0.08460288,-0.08634341,-0.08835803,-0.08976316,-0.09172025,-0.09285275,-0.09480181,-0.09592768,-0.09772111,-0.09881137,-0.1003001,-0.1009746,-0.1020418,-0.1020622,-0.1026471,-0.1021246,-0.1022186,-0.1013385,-0.1009389,-0.09968605,-0.09886239,-0.0970675,-0.09590156,-0.09342827,-0.09172331,-0.08871493,-0.08632374,-0.08295466,-0.08008994,-0.07612678,-0.07294497,-0.06807601,-0.06418435,-0.05823639,-0.05290019,-0.04537936,-0.0386692,-0.0306332,-0.02659233,-0.009485004,8.328499e-05,NaN,NaN,NaN,NaN,NaN,NaN,NaN
NaN,NaN,NaN,NaN,NaN,NaN,NaN,-0.0001340428,2.13609e-05,0.001023942,0.003154341,0.004552768,0.006152379,0.007171638,0.008502429,0.009453326,0.01057504,0.01129554,0.01214777,0.01260477,0.01308442,0.01323998,0.01327002,0.01303501,0.01268343,0.01208662,0.01139792,0.01051767,0.009483705,0.008337724,0.006972393,0.005483931,0.003755794,0.001874457,-0.000274237,-0.002537802,-0.005080491,-0.007696055,-0.01056599,-0.01349192,-0.01667647,-0.01988852,-0.02335165,-0.02679882,-0.03042084,-0.03399085,-0.03769728,-0.04127715,-0.04499106,-0.04848089,-0.0520382,-0.05537866,-0.05870353,-0.06182264,-0.06495018,-0.06779012,-0.07068694,-0.07327633,-0.07581975,-0.07809325,-0.08022685,-0.08209352,-0.08390234,-0.08544017,-0.08702923,-0.08842954,-0.08990303,-0.09128024,-0.09268886,-0.09394353,-0.0951589,-0.09605899,-0.09685899,-0.09727147,-0.09757395,-0.09754864,-0.09744553,-0.0970483,-0.09660577,-0.09579936,-0.09498556,-0.0937613,-0.09252639,-0.09086958,-0.08915247,-0.08700623,-0.08485632,-0.08227265,-0.07977036,-0.07678947,-0.0738594,-0.07027203,-0.06663107,-0.06196531,-0.05704785,-0.05066244,-0.04401585,-0.03608466,-0.03102286,-0.02101284,-0.0009645243,0.0003483748,NaN,NaN,NaN,NaN,NaN,NaN
NaN,NaN,NaN,NaN,-1.356227e-05,-2.842056e-05,-9.09437e-06,4.664217e-05,0.002607467,0.004947591,0.007173928,0.008769656,0.01008417,0.01108276,0.01207937,0.01297071,0.01385758,0.01457121,0.01523633,0.01575817,0.01616974,0.01643027,0.01654316,0.01641207,0.01616965,0.01566437,0.01504672,0.01420161,0.01322533,0.01202589,0.01073354,0.009168781,0.007539283,0.005608513,0.003604244,0.001309581,-0.00104608,-0.003676021,-0.006331543,-0.00926278,-0.01219125,-0.01542465,-0.0186172,-0.02210448,-0.02550547,-0.02912687,-0.03263923,-0.0363199,-0.03980595,-0.04344843,-0.04676835,-0.05023417,-0.05336979,-0.05660011,-0.05954229,-0.06254642,-0.06520423,-0.06797457,-0.07030345,-0.07272587,-0.07469857,-0.07670526,-0.07831914,-0.08001687,-0.08135498,-0.08289617,-0.0841172,-0.08559091,-0.08676085,-0.08812957,-0.08912133,-0.09021627,-0.09083536,-0.09151603,-0.09169343,-0.09198738,-0.09180415,-0.09178435,-0.09129233,-0.09092773,-0.09008259,-0.08936797,-0.088128,-0.08707453,-0.08543552,-0.08400215,-0.08203334,-0.08026882,-0.07800816,-0.07599429,-0.07332064,-0.07091481,-0.0676065,-0.06431106,-0.05983773,-0.0549649,-0.04846304,-0.04190218,-0.03443674,-0.0291977,-0.01351658,0.0001024637,0.0002814509,0.000286733,0.0001416279,NaN,NaN,NaN
0.0001948368,0.0001916373,0.0001707317,0.0002357888,0.0002812761,0.0004500133,0.001089701,0.005485581,0.009093655,0.01170117,0.01372859,0.01517379,0.01614584,0.01688276,0.01752852,0.01815342,0.01877825,0.01931762,0.01979792,0.02021192,0.02055233,0.02079389,0.02094556,0.02089143,0.02071195,0.02030508,0.01973646,0.01895455,0.0180048,0.0168329,0.01553206,0.01400467,0.01235786,0.01049488,0.008501432,0.006302651,0.003983731,0.001478269,-0.001134613,-0.003915949,-0.00679973,-0.009865922,-0.01302232,-0.01635066,-0.01974468,-0.02323371,-0.02676357,-0.03032785,-0.03385535,-0.03737986,-0.04076431,-0.04409017,-0.04728802,-0.05037552,-0.05337282,-0.05625128,-0.05898412,-0.06161969,-0.0640647,-0.06635512,-0.06845734,-0.07035015,-0.07207658,-0.07364675,-0.07509235,-0.07646633,-0.07778601,-0.07906978,-0.08032313,-0.08151489,-0.08261521,-0.08357286,-0.08436483,-0.08495052,-0.08535792,-0.08559448,-0.08567655,-0.08563685,-0.08544701,-0.08508999,-0.08460098,-0.0839184,-0.08309118,-0.08212616,-0.08097036,-0.07971177,-0.07832923,-0.07681591,-0.07525855,-0.07357614,-0.07174918,-0.06979589,-0.06748382,-0.06482245,-0.06155135,-0.05751455,-0.05239572,-0.04637475,-0.0394562,-0.03341461,-0.02542842,-0.008706366,0.0004299781,0.0005143916,0.0004102677,0.0004423384,0.0003388142,0.0002845378
0.004386114,0.004715078,0.005707502,0.007643057,0.01023464,0.01267012,0.01478754,0.01708545,0.0191569,0.02143065,0.02290246,0.02402291,0.02454513,0.02492945,0.02512807,0.02540993,0.02564947,0.0259315,0.02612869,0.02634907,0.02649974,0.02665656,0.02671406,0.02669362,0.02649279,0.0261514,0.02558582,0.02485772,0.02389674,0.02277004,0.02143056,0.01994416,0.01826399,0.01644922,0.01444578,0.01231766,0.01000741,0.007586998,0.004998202,0.00230432,-0.0005499518,-0.003515849,-0.006649832,-0.009883377,-0.01326479,-0.01669705,-0.02021872,-0.02374047,-0.02728296,-0.03075174,-0.03417036,-0.03744449,-0.04063791,-0.04368692,-0.04665675,-0.04948708,-0.05223096,-0.0548114,-0.05728711,-0.05956133,-0.06168496,-0.06358597,-0.06533293,-0.06688841,-0.06835272,-0.06969012,-0.07100189,-0.07223735,-0.07346547,-0.07460863,-0.07570422,-0.07664774,-0.07747251,-0.07809386,-0.07857236,-0.07886887,-0.07906315,-0.07909893,-0.07904159,-0.07881089,-0.07846375,-0.07795487,-0.07732661,-0.07654461,-0.0756766,-0.07466704,-0.07362475,-0.07249895,-0.07135326,-0.07015277,-0.06888846,-0.06749454,-0.06594611,-0.06403492,-0.06173331,-0.05870017,-0.05482744,-0.04985975,-0.04379056,-0.03730008,-0.03056379,-0.01877411,-0.004288248,0.004390731,0.00731076,0.007678442,0.006270653,0.005088826
0.01947705,0.02026558,0.02131511,0.02289369,0.0247414,0.0271423,0.02952707,0.03065604,0.03174752,0.03318017,0.03418718,0.03481723,0.03499232,0.0349533,0.03478494,0.03463902,0.03451021,0.03442144,0.03431335,0.03423498,0.03413994,0.03407709,0.03397665,0.03383959,0.03357353,0.0331854,0.03259171,0.03183823,0.03085543,0.02970469,0.02833813,0.02682615,0.02511973,0.02328929,0.02127204,0.01913931,0.0168286,0.01441294,0.01182476,0.009142879,0.006288027,0.003335908,0.0002112295,-0.003013832,-0.006393694,-0.0098246,-0.01336449,-0.0168838,-0.02044245,-0.0239167,-0.02734192,-0.03062167,-0.03382415,-0.03685187,-0.03982485,-0.04262718,-0.04535921,-0.04792799,-0.05039866,-0.05266942,-0.05481605,-0.05671464,-0.05848597,-0.06003823,-0.06150801,-0.06283014,-0.06413224,-0.06532936,-0.06653615,-0.06763598,-0.06871655,-0.06963852,-0.07048228,-0.07111104,-0.07164498,-0.07197929,-0.07224412,-0.07234383,-0.07237477,-0.07221738,-0.07200151,-0.07158419,-0.07112357,-0.0704975,-0.06982866,-0.06904636,-0.06827831,-0.06742297,-0.06665609,-0.06580884,-0.06503113,-0.06414718,-0.06319928,-0.06200019,-0.06052251,-0.0584787,-0.05576855,-0.05201045,-0.0472193,-0.04117043,-0.03475585,-0.02582544,-0.01281262,0.0009980277,0.01007406,0.01512658,0.01767244,0.01883499
0.03018589,0.03263336,0.03456272,0.03628304,0.03786619,0.03982014,0.04203924,0.04355947,0.04439408,0.04537975,0.04606795,0.0464191,0.04636365,0.04608176,0.04564391,0.0452023,0.04474927,0.04434069,0.04392072,0.04353824,0.04315707,0.04282334,0.04248051,0.04214141,0.04171453,0.04119571,0.04050351,0.03965401,0.03859703,0.03736921,0.03593642,0.03435097,0.03258642,0.03068686,0.02862043,0.02642651,0.02407023,0.02159385,0.01896496,0.0162171,0.01332325,0.01031275,0.007151955,0.003881777,0.0004741193,-0.003012004,-0.006572011,-0.01015022,-0.01373005,-0.01724469,-0.02069387,-0.02400797,-0.0272121,-0.03028035,-0.0332309,-0.03605507,-0.03876897,-0.04133579,-0.04378617,-0.04606565,-0.04818283,-0.05010672,-0.05185027,-0.05341706,-0.05486003,-0.05618316,-0.05744153,-0.05862841,-0.05977258,-0.06085059,-0.0618692,-0.06278058,-0.06357916,-0.06423051,-0.06474538,-0.06512327,-0.06539846,-0.06554957,-0.06560407,-0.06553119,-0.06534315,-0.06504993,-0.06465594,-0.06417036,-0.06363694,-0.06304103,-0.06245158,-0.06187621,-0.06133492,-0.06084837,-0.06039707,-0.05995359,-0.05949982,-0.05890329,-0.0581192,-0.05692871,-0.05520659,-0.05266659,-0.04903479,-0.0441733,-0.03793048,-0.03058945,-0.02070043,-0.008046573,0.004209789,0.0141593,0.02160603,0.02674388
0.03206933,0.03716187,0.04111507,0.04429642,0.04692515,0.04939491,0.05176857,0.05349902,0.05479651,0.05585775,0.05664063,0.05703803,0.05704839,0.05676897,0.05631576,0.05577532,0.05519753,0.05460227,0.05398851,0.05337445,0.05275911,0.05216362,0.05157468,0.05098374,0.05034833,0.04963479,0.04878606,0.04778714,0.04660435,0.04524897,0.0437084,0.04200614,0.04013865,0.03813118,0.03596838,0.0336697,0.03121969,0.02863859,0.02591046,0.02306186,0.0200699,0.01696262,0.01372347,0.01037109,0.006901072,0.003352908,-0.0002718908,-0.003902823,-0.007536719,-0.01110847,-0.01459415,-0.01795528,-0.02119397,-0.02427853,-0.02725492,-0.03007929,-0.03278347,-0.03534177,-0.03775983,-0.04001143,-0.04210601,-0.04399389,-0.04571656,-0.04725251,-0.04866185,-0.04994959,-0.05116571,-0.05229799,-0.05338592,-0.05439574,-0.05534846,-0.05619506,-0.05694621,-0.05755109,-0.05804878,-0.05841035,-0.05868012,-0.05883931,-0.05890384,-0.05884325,-0.05870312,-0.05843705,-0.05811851,-0.0577192,-0.05728442,-0.05683056,-0.05639822,-0.05598556,-0.0556712,-0.05540349,-0.05524571,-0.05513903,-0.05505718,-0.054947,-0.05471238,-0.05424228,-0.05336042,-0.05184504,-0.04946778,-0.0458222,-0.04084042,-0.03421387,-0.02627788,-0.01632483,-0.004804278,0.006687104,0.01698358,0.02545548
0.02704399,0.03455176,0.04069666,0.04570674,0.04981333,0.05336193,0.05648771,0.05912384,0.06110355,0.06275094,0.06401666,0.06486297,0.0652632,0.06531699,0.06511214,0.06475888,0.06428678,0.06374348,0.06312088,0.06244679,0.06172359,0.06097913,0.06020463,0.05941332,0.05857114,0.05766321,0.05663896,0.05547547,0.05414162,0.05264072,0.05096102,0.04912107,0.04712035,0.04497738,0.04268668,0.04025824,0.03768114,0.03496803,0.03211546,0.0291331,0.02602447,0.02279963,0.01945689,0.01601585,0.01247174,0.008849518,0.005175268,0.001475092,-0.00220913,-0.005835388,-0.009377932,-0.01278602,-0.01605383,-0.01917737,-0.02214612,-0.02497642,-0.02765779,-0.03017725,-0.03254602,-0.03474301,-0.03676142,-0.03859939,-0.04024521,-0.04172394,-0.04306153,-0.04428265,-0.04541497,-0.04647205,-0.04745864,-0.04837846,-0.04922405,-0.04998272,-0.05063641,-0.05118179,-0.05160773,-0.05193209,-0.05216231,-0.05229505,-0.05233694,-0.05228308,-0.05212648,-0.05190401,-0.05160426,-0.05126209,-0.05090595,-0.0505437,-0.05022147,-0.04996888,-0.04978879,-0.04972841,-0.04976496,-0.04990212,-0.05012921,-0.05036294,-0.05057379,-0.05061704,-0.05040135,-0.04971292,-0.04828693,-0.0458739,-0.0420282,-0.03685349,-0.03029753,-0.0225941,-0.01350993,-0.003063444,0.007813009,0.0180775
0.01728896,0.02609024,0.03390351,0.04067741,0.04649374,0.05149991,0.05580154,0.05932761,0.06232773,0.06484126,0.06691357,0.06850653,0.06960534,0.07026573,0.07059126,0.0706645,0.07055023,0.07027972,0.06987229,0.06934132,0.06869832,0.06796405,0.06715028,0.06626429,0.06530585,0.06426232,0.06310548,0.0618124,0.06035377,0.05872442,0.05692024,0.0549498,0.0528184,0.05054249,0.04812106,0.04556128,0.04285789,0.04001735,0.03703747,0.03393729,0.03071249,0.02738325,0.02395264,0.02043093,0.01682652,0.01316003,0.009437531,0.005709323,0.001988593,-0.001676659,-0.005248106,-0.008695092,-0.01199383,-0.0151172,-0.01808948,-0.02088118,-0.02350938,-0.02596333,-0.0282387,-0.03033394,-0.03225359,-0.03397193,-0.03551693,-0.03688158,-0.03810761,-0.03921301,-0.04022856,-0.04115606,-0.04201786,-0.04280037,-0.04351542,-0.04414176,-0.04468443,-0.04511702,-0.04546367,-0.04570963,-0.04587698,-0.04596189,-0.04596353,-0.04587147,-0.04571587,-0.04547293,-0.04520063,-0.04489398,-0.04458367,-0.04430295,-0.04407277,-0.04390798,-0.04386557,-0.04392171,-0.04412501,-0.04445018,-0.04487035,-0.04537475,-0.04588074,-0.04634001,-0.04660711,-0.04654416,-0.04595832,-0.0445042,-0.04199438,-0.03800174,-0.03283641,-0.02663706,-0.01951068,-0.01130288,-0.002018614,0.00774521
0.007040583,0.01563765,0.0238197,0.03136774,0.03816473,0.04425156,0.04963481,0.05438987,0.05841596,0.06191551,0.06491768,0.06741523,0.06937665,0.07084153,0.07187537,0.07257704,0.07299467,0.07318609,0.07316632,0.07296034,0.07257392,0.07203037,0.07133588,0.07051489,0.06956559,0.06850073,0.06730283,0.06595951,0.06444561,0.06275482,0.06087768,0.05882778,0.05660747,0.05423519,0.05171558,0.0490591,0.04626022,0.04332755,0.04026266,0.0370766,0.03378163,0.03039013,0.02690674,0.02335249,0.01972668,0.01604703,0.01233473,0.008605122,0.004896097,0.001243236,-0.00232896,-0.005767114,-0.009050922,-0.01216197,-0.01507606,-0.01780621,-0.0203426,-0.02267693,-0.02482456,-0.02677497,-0.02853168,-0.03010245,-0.03147956,-0.03268848,-0.03375294,-0.03469665,-0.03554516,-0.03631156,-0.03700108,-0.03762063,-0.03816929,-0.03864405,-0.03903658,-0.03935051,-0.03957692,-0.03973028,-0.03981543,-0.03982615,-0.03977059,-0.0396452,-0.03944563,-0.03920949,-0.03893033,-0.03864363,-0.03838096,-0.03814817,-0.03798847,-0.03792541,-0.03796244,-0.03814305,-0.03845341,-0.03890061,-0.03949011,-0.04015572,-0.04089419,-0.04159464,-0.04221139,-0.04258507,-0.04253323,-0.04187137,-0.04024292,-0.03762801,-0.03380085,-0.02905177,-0.02353377,-0.01713191,-0.009778828,-0.00157941
-0.001723088,0.005631345,0.01312635,0.02049074,0.02753756,0.03411798,0.04015253,0.04552082,0.05037774,0.05471722,0.05857047,0.06193023,0.06476131,0.0670626,0.06888528,0.07029451,0.07135336,0.07210521,0.07258447,0.07281607,0.07281138,0.07258749,0.07215717,0.07153512,0.07073613,0.06977281,0.06864607,0.0673545,0.0658799,0.06421544,0.06235408,0.06030338,0.05807,0.05567282,0.05312128,0.05043009,0.04760098,0.04464218,0.04155397,0.03835711,0.03505393,0.03166613,0.02820126,0.02466981,0.021083,0.01745826,0.01379699,0.01014088,0.006500422,0.002915522,-0.0005768545,-0.003947462,-0.007161393,-0.01017828,-0.01300502,-0.01560685,-0.01799833,-0.02017609,-0.02213922,-0.02389716,-0.02546193,-0.02681971,-0.02800076,-0.02900225,-0.02986248,-0.0306028,-0.03125135,-0.03181412,-0.03231164,-0.03273657,-0.03310253,-0.03339935,-0.03363731,-0.03379897,-0.03390656,-0.03394689,-0.03393502,-0.03386999,-0.03374847,-0.03356503,-0.03334729,-0.03307689,-0.0328083,-0.03254267,-0.03230681,-0.03213501,-0.03204076,-0.03203728,-0.03217118,-0.03242279,-0.03283391,-0.03338873,-0.03406432,-0.03486594,-0.03572724,-0.03662989,-0.03746005,-0.03813437,-0.03852081,-0.03838008,-0.03759491,-0.03581216,-0.03316554,-0.02961899,-0.02535813,-0.02049706,-0.01494146,-0.00865979
-0.007557929,-0.001762803,0.004363041,0.01067221,0.01697537,0.02316424,0.02910448,0.03477537,0.03998623,0.04479797,0.04920829,0.05319592,0.05671368,0.05973767,0.06226731,0.06435954,0.06604914,0.06738687,0.06839433,0.06910506,0.06953295,0.06969966,0.06961005,0.06928729,0.0687351,0.06797768,0.06702036,0.06587251,0.06452567,0.0629786,0.0612203,0.05926131,0.05710466,0.05477073,0.05227244,0.04963139,0.04685161,0.04394698,0.04092191,0.03778899,0.03456268,0.03125847,0.02788163,0.02445431,0.02097713,0.01746675,0.01394116,0.01041181,0.006912712,0.003477762,0.0001268811,-0.003087121,-0.006140445,-0.009005148,-0.0116469,-0.0140698,-0.01626367,-0.01822243,-0.01996679,-0.02149159,-0.02280967,-0.02393566,-0.0248688,-0.02563527,-0.02626035,-0.02676809,-0.02718735,-0.02753243,-0.02781229,-0.02803443,-0.02820318,-0.02831994,-0.02838434,-0.02840343,-0.02837122,-0.02829824,-0.02818909,-0.02803498,-0.02784723,-0.02762239,-0.02735859,-0.02709114,-0.02681662,-0.02656767,-0.02637701,-0.02624608,-0.02621469,-0.02629789,-0.02649621,-0.02684387,-0.02732815,-0.02795237,-0.02872838,-0.02959688,-0.03056905,-0.03155338,-0.03253299,-0.03338571,-0.03399483,-0.03424848,-0.03390863,-0.03298335,-0.03123055,-0.02877706,-0.02567475,-0.0219501,-0.01768963,-0.01287963
-0.01104552,-0.006670189,-0.001917814,0.003134355,0.008401658,0.01375045,0.01907675,0.02421948,0.02923086,0.03402582,0.03856314,0.0428074,0.04669638,0.05017667,0.0532213,0.05583695,0.05805387,0.05989803,0.06139107,0.06255506,0.06340493,0.06396066,0.06423459,0.06423909,0.06398696,0.06349271,0.06276783,0.06182824,0.06067335,0.05930678,0.05772464,0.05593185,0.05393386,0.05174884,0.04939073,0.04688293,0.04423801,0.04147123,0.03858729,0.035607,0.03253436,0.02939058,0.0261854,0.02292901,0.01963429,0.01631859,0.0129826,0.009665037,0.006377343,0.003157205,4.185963e-05,-0.002942452,-0.005760544,-0.008370997,-0.01077531,-0.01293706,-0.01486816,-0.01656873,-0.01803878,-0.01929235,-0.02034571,-0.0211934,-0.02186948,-0.02237543,-0.0227481,-0.02301183,-0.02319541,-0.02330971,-0.02337603,-0.02339073,-0.02336767,-0.02330221,-0.02320783,-0.02307242,-0.02291744,-0.02273073,-0.02252294,-0.02229536,-0.02204439,-0.02176814,-0.02149279,-0.02120196,-0.02094615,-0.02072828,-0.02057089,-0.02050662,-0.02054245,-0.02068726,-0.02097732,-0.02139032,-0.02195828,-0.02266586,-0.02348853,-0.02443703,-0.02545288,-0.02653367,-0.02758549,-0.02855864,-0.02936368,-0.02984046,-0.02993837,-0.02939982,-0.02833805,-0.02664494,-0.02440713,-0.0217133,-0.01857287,-0.01501967
-0.01231162,-0.009046934,-0.005515843,-0.001717666,0.002293973,0.006503802,0.01083799,0.01530044,0.01970733,0.02405419,0.02830171,0.03239853,0.03628014,0.03988556,0.0431509,0.04606065,0.04860512,0.05080492,0.05266241,0.05419113,0.05539671,0.05629657,0.05689668,0.05721645,0.0572579,0.0570399,0.05657018,0.05586582,0.05493395,0.05378452,0.05241547,0.0508373,0.04905266,0.0470785,0.04492778,0.04262469,0.04018261,0.03762149,0.03495182,0.03218595,0.02933831,0.02642356,0.02344838,0.02043521,0.0173876,0.01432154,0.01125663,0.008202814,0.005194264,0.002265819,-0.0005620081,-0.003239008,-0.00574321,-0.008051,-0.01012866,-0.01198186,-0.0136021,-0.01498596,-0.01615545,-0.01710735,-0.01785703,-0.0184252,-0.01881572,-0.01905795,-0.01917668,-0.01919631,-0.0191465,-0.01904396,-0.01889954,-0.01872234,-0.01851738,-0.01828839,-0.01803742,-0.01777435,-0.01749401,-0.01720628,-0.01691487,-0.01661141,-0.01630887,-0.01600614,-0.01570172,-0.01542962,-0.0151853,-0.01499882,-0.01490032,-0.01488824,-0.01499695,-0.01523516,-0.01559698,-0.01610781,-0.01674932,-0.01751903,-0.01842654,-0.01941483,-0.02049886,-0.02159917,-0.02271451,-0.02374719,-0.0246206,-0.02527188,-0.02554184,-0.02547602,-0.02486875,-0.02381152,-0.02229578,-0.02032215,-0.01797548,-0.01528633
-0.01228676,-0.009874066,-0.007236087,-0.004387601,-0.00132589,0.001905089,0.005284013,0.008719576,0.01229002,0.01592755,0.0195817,0.02321526,0.02676483,0.03016644,0.03335781,0.03628715,0.03893158,0.04128117,0.04333417,0.04508931,0.04654129,0.04769452,0.04855499,0.04912983,0.04942844,0.0494593,0.04923091,0.04875914,0.04805299,0.04712562,0.04598344,0.04463515,0.04308817,0.04135697,0.0394532,0.03739693,0.03520533,0.03289818,0.03048589,0.02798886,0.02541178,0.02277305,0.02008508,0.01735843,0.01460911,0.01185495,0.009098801,0.006376869,0.00370162,0.001108351,-0.00136315,-0.003689973,-0.005839889,-0.007778231,-0.009509061,-0.01100175,-0.01226957,-0.01331865,-0.01414988,-0.01478055,-0.01522725,-0.01549076,-0.01560777,-0.01558475,-0.01545571,-0.01524567,-0.0149806,-0.01467347,-0.01434391,-0.01399099,-0.01362646,-0.01324841,-0.01286956,-0.01248123,-0.01210321,-0.01172598,-0.01135744,-0.01100245,-0.01065746,-0.01032459,-0.01002831,-0.009753799,-0.009546097,-0.009408477,-0.009357885,-0.009425518,-0.009611988,-0.009922725,-0.01038384,-0.01096949,-0.01170036,-0.01255817,-0.01351238,-0.01457407,-0.01568551,-0.01685291,-0.01799395,-0.01908115,-0.02004956,-0.0207891,-0.02128694,-0.02135261,-0.02110635,-0.02043672,-0.01940236,-0.01805702,-0.0164014,-0.01447322
-0.01112419,-0.009341685,-0.007420611,-0.005352564,-0.00315747,-0.0008076847,0.001680905,0.004364114,0.007123586,0.009981982,0.01292676,0.01592438,0.01893241,0.02190118,0.02476637,0.02748202,0.0299992,0.03229984,0.03436375,0.03618303,0.03774363,0.03903982,0.04006312,0.04082064,0.04130902,0.04153877,0.04151363,0.04124565,0.04074549,0.04002834,0.03910129,0.0379789,0.03666817,0.03518386,0.03353683,0.03174537,0.02982331,0.02779172,0.02566583,0.02345782,0.02118232,0.01885222,0.01647596,0.01407639,0.01166066,0.009244639,0.006850548,0.004485789,0.002181652,-3.000036e-05,-0.002128654,-0.004067685,-0.005827883,-0.007393175,-0.008734184,-0.00986171,-0.0107707,-0.01146244,-0.01196169,-0.0122691,-0.01240114,-0.01238337,-0.01222275,-0.01195193,-0.0115939,-0.01117131,-0.0107105,-0.01022691,-0.009729072,-0.009225925,-0.008721074,-0.008218991,-0.007721154,-0.007238961,-0.006766963,-0.006316011,-0.005890099,-0.005483192,-0.005109897,-0.00477204,-0.004467783,-0.004230208,-0.004051923,-0.003960047,-0.003980852,-0.004110422,-0.004378219,-0.004788442,-0.005329101,-0.006018539,-0.00683173,-0.007759863,-0.008806632,-0.009913664,-0.01109406,-0.01227444,-0.01346251,-0.01457724,-0.01556678,-0.01639622,-0.01695325,-0.01730469,-0.01727629,-0.01695929,-0.0163294,-0.01538074,-0.01417618,-0.01273926
-0.009536159,-0.008242368,-0.006815958,-0.005276708,-0.003617254,-0.001866561,-2.09181e-05,0.001863644,0.003893127,0.006040232,0.008285896,0.01062285,0.01301997,0.01544038,0.01784219,0.02017554,0.02240128,0.02448371,0.02640037,0.02813384,0.02966534,0.03097971,0.0320649,0.03291122,0.03351745,0.03388202,0.03400722,0.03390215,0.03357467,0.03303872,0.03230639,0.03138926,0.03029872,0.02904837,0.02764935,0.02611671,0.0244659,0.02271548,0.02087858,0.01897481,0.01701004,0.0150001,0.01295929,0.01089759,0.008832907,0.006783345,0.004754113,0.002777741,0.0008636127,-0.0009604513,-0.002656097,-0.004205058,-0.005578688,-0.006749183,-0.007724921,-0.008481772,-0.009034177,-0.009393378,-0.00956176,-0.00956178,-0.009411626,-0.009116953,-0.008715412,-0.008216639,-0.00765125,-0.007042735,-0.006411756,-0.005769738,-0.005131498,-0.004496038,-0.003872035,-0.003259038,-0.002668173,-0.002093101,-0.001552106,-0.001038706,-0.000559766,-0.0001243116,0.0002705887,0.0006192153,0.0008987805,0.001123337,0.001253319,0.001286506,0.001211439,0.0009982759,0.0006513037,0.0001671113,-0.0004726927,-0.001239789,-0.002145875,-0.003169049,-0.004271875,-0.005462488,-0.006680069,-0.007933858,-0.009147905,-0.01031042,-0.01137115,-0.01225103,-0.01295572,-0.01333648,-0.01351928,-0.01340014,-0.01303247,-0.01245601,-0.01166546,-0.01068878
-0.007519206,-0.006594804,-0.005590728,-0.004505895,-0.003361081,-0.002131607,-0.0008268661,0.0006125245,0.002092596,0.003652157,0.005305952,0.007045127,0.008859934,0.01073042,0.01262193,0.01450682,0.016344,0.01810648,0.01976388,0.02129668,0.02268485,0.02391154,0.02495568,0.02580743,0.02645126,0.02688489,0.02710431,0.02711293,0.02691768,0.02653048,0.02596082,0.02522373,0.0243288,0.0232899,0.02211845,0.02082974,0.01943656,0.01795713,0.01640781,0.01479943,0.01314687,0.01146109,0.009750677,0.008036414,0.006326249,0.004634799,0.002986454,0.001386283,-0.0001392422,-0.001566064,-0.002879031,-0.004037935,-0.005027239,-0.005837861,-0.006444961,-0.006864534,-0.007093307,-0.007134499,-0.007013985,-0.006737008,-0.006322652,-0.005800138,-0.005176323,-0.004483738,-0.003741992,-0.002970399,-0.002190541,-0.001415177,-0.0006490654,0.0001001689,0.000830781,0.001537599,0.002219602,0.002863699,0.00347513,0.004041323,0.004557281,0.00502648,0.005432967,0.005772616,0.0060481,0.006227494,0.00632166,0.006306795,0.006160765,0.005889395,0.005466631,0.004890738,0.00417767,0.003313248,0.002327064,0.001232421,3.168006e-05,-0.001213687,-0.002512042,-0.0037914,-0.005063408,-0.006258337,-0.007340941,-0.008292153,-0.009027537,-0.009623514,-0.009926631,-0.01003298,-0.009912865,-0.009561799,-0.009029784,-0.008334479
-0.005555069,-0.004935449,-0.004224711,-0.003444508,-0.002589656,-0.001690421,-0.0007441566,0.0001948939,0.001227522,0.002333808,0.003507394,0.004757664,0.006076666,0.007453682,0.008873713,0.0103104,0.01174266,0.01314167,0.01448531,0.0157525,0.01692346,0.01798036,0.01890685,0.01968321,0.02029788,0.02073769,0.02099594,0.02107213,0.02096818,0.0206923,0.02025553,0.01966815,0.01894236,0.01809024,0.01712367,0.01605618,0.01490309,0.01368047,0.01240122,0.0110827,0.009730753,0.008357765,0.006977028,0.005595023,0.004228451,0.00289381,0.001597609,0.0003703606,-0.0007808991,-0.001837877,-0.002769681,-0.0035667,-0.004205892,-0.004665741,-0.004958394,-0.005064909,-0.004999161,-0.004773724,-0.004389891,-0.003874158,-0.003247285,-0.00251787,-0.001720886,-0.0008638939,2.845759e-05,0.0009361609,0.001844024,0.002741771,0.003617805,0.004472523,0.005298933,0.006095657,0.006852049,0.007571735,0.008236523,0.008849668,0.009404454,0.009888696,0.01030539,0.01064672,0.0108919,0.01105513,0.01110188,0.01103203,0.01083914,0.01049463,0.010006,0.009370103,0.008573161,0.00764392,0.00657576,0.005392457,0.00413639,0.002802996,0.001457835,9.249426e-05,-0.001218585,-0.002474004,-0.003632586,-0.004635421,-0.005496228,-0.006092454,-0.006552686,-0.006779516,-0.006826267,-0.006724868,-0.006467441,-0.006075871
-0.003505984,-0.003130822,-0.002702103,-0.002220322,-0.001705053,-0.001135047,-0.0005200962,0.0001913699,0.0009074914,0.001661674,0.002471824,0.003334563,0.004253586,0.005225766,0.006238063,0.007281596,0.008335241,0.009384423,0.01040769,0.01138809,0.0123093,0.01315652,0.01391178,0.01456288,0.01509078,0.01548514,0.01573512,0.01583481,0.01578413,0.0155876,0.0152513,0.01478699,0.01420373,0.01351329,0.0127272,0.01185964,0.01092385,0.009935828,0.008911299,0.007858825,0.006791847,0.00571759,0.0046415,0.003579867,0.002539013,0.001530799,0.0005797498,-0.0003101238,-0.001114664,-0.001817359,-0.002412855,-0.002871721,-0.003185005,-0.003350176,-0.00334516,-0.003188648,-0.002876961,-0.002412148,-0.001818744,-0.001104067,-0.0002891159,0.0005954664,0.001546436,0.002536299,0.003552266,0.004580311,0.005603277,0.006608968,0.007592659,0.008545132,0.009463962,0.0103422,0.01117818,0.0119566,0.01268136,0.0133377,0.01391944,0.01442869,0.01484955,0.01517757,0.01541699,0.01553756,0.01555356,0.01544471,0.01519289,0.01480574,0.0142591,0.01355196,0.01270165,0.01169546,0.0105644,0.009323229,0.007977787,0.006591766,0.005161708,0.003761214,0.002378868,0.001078802,-0.0001152566,-0.001192951,-0.002087129,-0.002876822,-0.003421996,-0.003823817,-0.004049933,-0.004098643,-0.004011349,-0.00380219
-0.001704993,-0.001547872,-0.001320003,-0.001041495,-0.0007064716,-0.0003440362,4.840029e-05,0.0004172557,0.0008550334,0.001337356,0.001855825,0.002420027,0.003026714,0.003673947,0.004360276,0.005072956,0.0058057,0.006542559,0.00727228,0.007980575,0.008653954,0.009279388,0.009846606,0.01033967,0.01074941,0.01106106,0.01126493,0.01135413,0.01132431,0.01117603,0.0109153,0.01054773,0.01008356,0.009532145,0.008904739,0.008213315,0.007473107,0.006698205,0.005900722,0.005095715,0.004287809,0.003484696,0.002695987,0.001923335,0.001181244,0.0004836034,-0.0001642904,-0.0007344914,-0.001221141,-0.001613515,-0.001890104,-0.002053047,-0.002087415,-0.001977573,-0.001736931,-0.001347502,-0.0008206201,-0.0001683244,0.0006105939,0.001488931,0.002446185,0.003473667,0.004540973,0.005645911,0.00677211,0.00790471,0.009032993,0.01014519,0.01122792,0.01227721,0.01328448,0.01424546,0.01514899,0.01599606,0.01676757,0.01746372,0.01807767,0.0185957,0.01902246,0.01935031,0.01956121,0.01967036,0.0196474,0.01949481,0.0192107,0.01876793,0.0181761,0.01743096,0.01652066,0.01547266,0.01428185,0.01297145,0.01158522,0.01012013,0.008645368,0.007154785,0.005724901,0.004352287,0.003073568,0.001933992,0.0009174913,0.0001303533,-0.0005559327,-0.001048227,-0.001402031,-0.001644474,-0.001766756,-0.001786551
4.589021e-05,1.793091e-05,3.018955e-05,8.256073e-05,0.0001582959,0.0002777774,0.0004326545,0.0006704436,0.0009018983,0.001155589,0.001446593,0.00176867,0.002126441,0.002518828,0.002940285,0.003389433,0.003855203,0.004332093,0.004808866,0.005275723,0.005723725,0.006143451,0.006523959,0.00685861,0.007134682,0.007344761,0.00747985,0.007531821,0.007497231,0.007374365,0.007164228,0.006872939,0.006506458,0.00607309,0.00558276,0.005047219,0.004478703,0.003890653,0.003297745,0.002706689,0.002129632,0.001570355,0.001030604,0.0005222609,4.992395e-05,-0.0003773431,-0.0007371682,-0.001029143,-0.001232356,-0.001336446,-0.001345217,-0.001240554,-0.0010215,-0.0006914953,-0.0002285218,0.0003505495,0.001052104,0.001875566,0.002798013,0.003813577,0.004903738,0.006039497,0.007221629,0.008427786,0.009652252,0.01088633,0.01211589,0.01332687,0.01451045,0.01565223,0.01674647,0.01778357,0.01876077,0.01966082,0.02048612,0.02121982,0.02185493,0.02239351,0.02282138,0.02313584,0.0233436,0.02341636,0.02337142,0.02319154,0.02286259,0.02239438,0.02176395,0.02097003,0.02002944,0.018929,0.01769897,0.01635269,0.01489639,0.01339302,0.01184159,0.01031741,0.008811344,0.007387312,0.006062267,0.004842236,0.003783118,0.002807766,0.002048943,0.001401702,0.000900241,0.0005419742,0.0002909582,0.0001350538
0.001487389,0.001285833,0.001142849,0.001040584,0.0009864517,0.0009533958,0.0009447076,0.0009097807,0.0009374486,0.001001417,0.001091781,0.001216377,0.001371229,0.00155414,0.001766001,0.001997994,0.00224921,0.00250968,0.002775499,0.003038763,0.003292419,0.003528696,0.003743419,0.003926416,0.004075062,0.004179828,0.004235637,0.004237312,0.004180675,0.004063132,0.003886793,0.003652092,0.003365407,0.003031993,0.002660493,0.002259477,0.001841777,0.00141833,0.000999472,0.0005982842,0.0002190133,-0.0001328582,-0.0004496372,-0.0007330335,-0.0009702336,-0.001149512,-0.001267965,-0.001302486,-0.001251258,-0.001110367,-0.0008659764,-0.0005304936,-9.689047e-05,0.0004451232,0.001082219,0.001835378,0.002697616,0.003657617,0.004718678,0.005855771,0.007052933,0.008304169,0.00958241,0.01088858,0.01221178,0.01354056,0.01486663,0.01617572,0.01745066,0.01868166,0.01985702,0.0209695,0.02200707,0.02296859,0.02383398,0.02460114,0.02526332,0.0258066,0.02623849,0.02655304,0.02673552,0.02680253,0.02672676,0.02651318,0.02616404,0.02565441,0.02499592,0.02418273,0.02320324,0.0220828,0.02081563,0.01942275,0.01794621,0.01638146,0.01479807,0.01319067,0.01163858,0.01013767,0.008724746,0.007435845,0.006255208,0.005278975,0.004381891,0.00365624,0.00304415,0.002520943,0.002094498,0.001749608
0.002834999,0.002481199,0.002159434,0.001870455,0.001599513,0.0013667,0.001165612,0.001042594,0.0009117461,0.0008009475,0.0007239095,0.0006732488,0.0006533699,0.0006620315,0.0006940637,0.0007491726,0.0008193674,0.0009025134,0.0009923842,0.001083947,0.001173364,0.001255463,0.001324304,0.001377924,0.001409195,0.001415758,0.001393892,0.001339328,0.001251371,0.001128325,0.0009695133,0.000777395,0.0005542482,0.0003043325,3.394011e-05,-0.0002493511,-0.0005370468,-0.0008196646,-0.001085277,-0.001329155,-0.001539563,-0.001712605,-0.001846839,-0.001931995,-0.001964952,-0.001938599,-0.001832772,-0.001651148,-0.001378026,-0.001008868,-0.0005546376,-5.747798e-06,0.0006313194,0.00134773,0.002164761,0.003068573,0.004069634,0.005169704,0.006347302,0.007599861,0.008913507,0.01026246,0.01164943,0.01305355,0.0144714,0.01589617,0.01731437,0.01871079,0.02007352,0.02138439,0.02263469,0.02381266,0.02491392,0.02591957,0.02683056,0.02762878,0.02830686,0.02886787,0.02929956,0.02960194,0.02978406,0.02981971,0.0297283,0.02949512,0.02910984,0.02858538,0.02790026,0.02705325,0.02605953,0.0249049,0.02361778,0.02220887,0.02068243,0.01909814,0.01745356,0.01582353,0.0141998,0.01264916,0.01118601,0.009816134,0.008587005,0.007425528,0.006461635,0.005589386,0.00484635,0.004225409,0.003693355,0.003237938
0.003868395,0.003368771,0.002919313,0.002504625,0.00213179,0.001775555,0.001441014,0.001081892,0.0007849601,0.0005231866,0.0002868757,8.402265e-05,-8.945982e-05,-0.0002361674,-0.0003558323,-0.0004568902,-0.000538705,-0.0006088309,-0.0006680619,-0.000720822,-0.0007705486,-0.0008215585,-0.0008744893,-0.0009358342,-0.001004268,-0.001085163,-0.001179047,-0.001286797,-0.001408885,-0.001545825,-0.001695219,-0.001858168,-0.002030813,-0.002211325,-0.002394872,-0.002577534,-0.002751248,-0.002909677,-0.003046114,-0.003149956,-0.003217227,-0.003241427,-0.003213198,-0.003134228,-0.002992831,-0.002779166,-0.002492415,-0.002112632,-0.001642146,-0.001082227,-0.0004241736,0.0003125492,0.001128026,0.002027259,0.002994417,0.00405155,0.005195236,0.006416794,0.007722311,0.009089502,0.01050652,0.01196996,0.0134537,0.01495856,0.01647364,0.01798692,0.01949013,0.02096853,0.02240453,0.02378679,0.02510234,0.02634197,0.0274918,0.02854869,0.02949132,0.03031657,0.03101789,0.03158193,0.03201825,0.03232248,0.03248241,0.03251625,0.0323986,0.03213695,0.03173702,0.03117725,0.03047184,0.02961438,0.02859275,0.02743056,0.02612047,0.02468128,0.02315148,0.02152322,0.01986282,0.01816282,0.01650278,0.01487874,0.01333118,0.01189142,0.01054545,0.00938222,0.008280874,0.007336815,0.006491039,0.0057226,0.005036614,0.00441815
0.004803609,0.004174193,0.003570624,0.002994626,0.002432935,0.001905401,0.001407503,0.0009850174,0.0005552924,0.000147229,-0.0002260744,-0.0005720321,-0.0008859627,-0.001170489,-0.00143094,-0.001667528,-0.001886895,-0.002089294,-0.002278719,-0.002457798,-0.002627731,-0.0027911,-0.002951195,-0.003107502,-0.003264471,-0.003421392,-0.003578451,-0.003736122,-0.003891625,-0.004044045,-0.004192566,-0.004334494,-0.004468564,-0.004592607,-0.004703626,-0.004798329,-0.004873241,-0.004923851,-0.004942506,-0.004927402,-0.004867839,-0.004758615,-0.004596153,-0.004368534,-0.004073076,-0.003704637,-0.003245412,-0.002701565,-0.002060502,-0.001320705,-0.0004964964,0.0004175823,0.001409106,0.002463846,0.003599264,0.004799338,0.006075297,0.007432136,0.008851338,0.01033365,0.01186771,0.01342955,0.01502229,0.01662416,0.01822991,0.0198309,0.02141256,0.02296059,0.02446447,0.02590759,0.02728113,0.02857211,0.02977369,0.03086504,0.03184586,0.03269767,0.03341306,0.03399586,0.03443415,0.0347295,0.03489225,0.03489811,0.03476829,0.03449011,0.03405672,0.03348482,0.03275522,0.03186808,0.03083719,0.02964764,0.02832639,0.02688149,0.02531469,0.02368123,0.02197441,0.0202657,0.0185444,0.01687909,0.0152836,0.01376745,0.01237225,0.0110296,0.009868123,0.008783337,0.007817981,0.006962405,0.00618531,0.005473172
0.00544419,0.004690224,0.003979323,0.00329813,0.002654082,0.002023899,0.001413596,0.0007802538,0.0002096757,-0.0003254424,-0.0008337258,-0.001306909,-0.001749118,-0.00216288,-0.002547899,-0.002911927,-0.003252982,-0.003576847,-0.003882531,-0.004172741,-0.004448938,-0.00471337,-0.004964798,-0.005208057,-0.00544004,-0.005663976,-0.005877556,-0.006078794,-0.006265447,-0.006435832,-0.006585745,-0.006715131,-0.006819719,-0.006898591,-0.006948824,-0.006969775,-0.006957514,-0.006910373,-0.006826003,-0.006697381,-0.006522316,-0.006294317,-0.006002171,-0.005645743,-0.005212807,-0.004695341,-0.004095287,-0.003395424,-0.002600288,-0.001712805,-0.0007247278,0.0003429386,0.001487194,0.002708409,0.003985766,0.005336276,0.006753557,0.008229853,0.009775189,0.01137019,0.0130054,0.01467863,0.01636415,0.01806172,0.01975784,0.02143761,0.02309176,0.02470654,0.02626764,0.02776665,0.02919187,0.03053277,0.03177343,0.03290877,0.03391675,0.03479403,0.0355342,0.03612338,0.03657098,0.03687235,0.03701677,0.03702403,0.03687042,0.03656583,0.03611866,0.03551093,0.03476044,0.03386154,0.03280272,0.03160664,0.03026506,0.02879532,0.02723225,0.02556444,0.02385343,0.02208701,0.02034197,0.01861159,0.0169402,0.01535751,0.01385368,0.01251192,0.01121578,0.01006585,0.009003398,0.008012633,0.00709661,0.006240575
0.005999809,0.005134378,0.004290024,0.003468613,0.002658551,0.0018797,0.001128917,0.0004509809,-0.0002339773,-0.0008951335,-0.001519828,-0.002115611,-0.002677816,-0.00320922,-0.003714473,-0.004192702,-0.004648898,-0.00508165,-0.005493494,-0.005885622,-0.006257646,-0.006610586,-0.006946329,-0.007263273,-0.007564633,-0.00784788,-0.008111099,-0.008352638,-0.008568012,-0.00875484,-0.008910771,-0.009031604,-0.009115164,-0.009159053,-0.009161023,-0.009119364,-0.009033178,-0.008901275,-0.008719843,-0.008490688,-0.008205901,-0.007861631,-0.007454283,-0.006970766,-0.006408045,-0.005762233,-0.005018417,-0.004186077,-0.003254836,-0.002223833,-0.001106618,0.00010425,0.001396301,0.002753018,0.004187097,0.005675163,0.007221924,0.008830256,0.01048376,0.01218724,0.01393176,0.01569536,0.01748204,0.01926881,0.02104756,0.02280688,0.02453084,0.02620674,0.02782739,0.0293796,0.03085549,0.03224121,0.0335283,0.03469494,0.0357406,0.03664674,0.03740555,0.03801956,0.03847481,0.03877273,0.03892412,0.03890656,0.0387434,0.03842337,0.0379424,0.03732046,0.03654144,0.03560857,0.03453593,0.03330892,0.03195424,0.03047794,0.02887998,0.02721138,0.02546084,0.02369502,0.02189805,0.02013722,0.01842376,0.01677232,0.01522158,0.01370853,0.01236062,0.01107545,0.009903045,0.008832891,0.007836577,0.006899429
0.006287038,0.005315229,0.004381678,0.003473992,0.002599465,0.001736385,0.0008912088,2.382468e-05,-0.000780477,-0.001549478,-0.002290412,-0.002995145,-0.003668122,-0.004311628,-0.004924452,-0.005512685,-0.006072529,-0.006608312,-0.007117684,-0.00760217,-0.008061814,-0.008497647,-0.008907498,-0.009295461,-0.009657214,-0.00999451,-0.01030316,-0.01057998,-0.01082181,-0.01102622,-0.01118779,-0.01130531,-0.01137339,-0.01139069,-0.01135392,-0.01126277,-0.0111139,-0.01090733,-0.01064308,-0.01031717,-0.009930332,-0.009478719,-0.008952683,-0.008353092,-0.007668035,-0.006890974,-0.006026445,-0.005060604,-0.004000716,-0.002850636,-0.001600559,-0.000268647,0.001145925,0.002644085,0.004201414,0.005827813,0.00750821,0.009229146,0.01100073,0.01280636,0.01464092,0.01650549,0.01837587,0.02025068,0.02211352,0.02394686,0.02574081,0.02748279,0.02916164,0.0307708,0.0322987,0.03373372,0.03505979,0.03627184,0.03734822,0.03828568,0.03907649,0.03970394,0.04017536,0.04048457,0.04062214,0.04060945,0.04042452,0.04007933,0.03958363,0.0389222,0.03811688,0.03716454,0.03605636,0.03481561,0.03343401,0.0319285,0.03033082,0.02862678,0.02687377,0.02505456,0.0232418,0.02142303,0.01964357,0.01793075,0.01628076,0.01477263,0.01329385,0.01195008,0.01068416,0.009487758,0.008363482,0.007297372
0.006505664,0.005437235,0.004388598,0.003360454,0.002341923,0.001352006,0.000388273,-0.0005058185,-0.001407721,-0.002284432,-0.003124048,-0.003934488,-0.004711233,-0.005456817,-0.006174392,-0.006861218,-0.007520454,-0.008149342,-0.008749284,-0.009320226,-0.009860544,-0.01037043,-0.01085112,-0.01130037,-0.0117202,-0.01210642,-0.01245584,-0.01276614,-0.01303266,-0.01325264,-0.01342293,-0.01353841,-0.01359637,-0.01359378,-0.01352786,-0.01339616,-0.01319721,-0.01292978,-0.01259098,-0.0121843,-0.01170412,-0.01114932,-0.0105192,-0.009803087,-0.009000175,-0.008108336,-0.007115121,-0.006033273,-0.004855064,-0.003581213,-0.002224943,-0.0007754726,0.0007591505,0.002365863,0.00405623,0.00580094,0.007597174,0.009440714,0.01131153,0.01321616,0.01514988,0.01709582,0.01906039,0.02101915,0.02296159,0.02487437,0.02674115,0.02855082,0.03029763,0.03196827,0.03355321,0.03503797,0.03641491,0.03766363,0.03878471,0.03975915,0.04057674,0.04123653,0.04172149,0.04203276,0.04218153,0.0421472,0.04195528,0.04159507,0.04106417,0.04038449,0.03954311,0.03854821,0.03741642,0.03613506,0.03473166,0.03321078,0.03157136,0.02986096,0.02806491,0.02624587,0.02438274,0.02253985,0.02072267,0.01894883,0.01725455,0.01558326,0.01406098,0.0125863,0.01121746,0.009945264,0.008746671,0.007607073
0.006484502,0.005322655,0.004199253,0.003101592,0.002035414,0.0009792856,-6.092161e-05,-0.001123256,-0.002123001,-0.00308906,-0.004027382,-0.004930305,-0.005802369,-0.006645009,-0.007455295,-0.008237323,-0.008985539,-0.00970322,-0.01038673,-0.01103651,-0.01165145,-0.01223204,-0.01277569,-0.0132858,-0.01375653,-0.01418828,-0.01457578,-0.01491594,-0.01520568,-0.01544241,-0.01562001,-0.01573697,-0.01578755,-0.01577027,-0.01568102,-0.01551859,-0.01527826,-0.0149594,-0.01456161,-0.01408143,-0.01352062,-0.01287743,-0.01214493,-0.01132757,-0.0104162,-0.009407175,-0.008307355,-0.00710548,-0.005811522,-0.004431276,-0.002955403,-0.001401136,0.0002366709,0.001962318,0.003752101,0.005613504,0.007526299,0.00947117,0.01145352,0.01345477,0.01547377,0.01751648,0.01956137,0.02160654,0.02363359,0.02562386,0.02756817,0.02945481,0.03127252,0.03301194,0.03465891,0.03620115,0.03762466,0.03892671,0.04008706,0.04110157,0.04195885,0.04263808,0.04314475,0.04347153,0.04361039,0.04358407,0.04337179,0.04298699,0.04243929,0.04171511,0.04084029,0.03981568,0.03863753,0.03733141,0.03588982,0.03432984,0.03268044,0.03092548,0.02911942,0.02724153,0.02536138,0.02346038,0.02158287,0.01975088,0.0179655,0.01630216,0.01465221,0.01312478,0.01166345,0.01026928,0.008947362,0.007686927
0.006418575,0.005167527,0.003941203,0.002737989,0.001546366,0.0003829834,-0.0007550428,-0.001826583,-0.002907523,-0.003963234,-0.004983316,-0.005976099,-0.006936742,-0.007866735,-0.008767103,-0.009633262,-0.01046692,-0.01126423,-0.0120254,-0.01274916,-0.01343302,-0.01407691,-0.01468164,-0.01524402,-0.01576454,-0.01623761,-0.01665977,-0.01702904,-0.01734097,-0.01759256,-0.01778012,-0.01789851,-0.01794521,-0.01791699,-0.01781049,-0.0176221,-0.01734914,-0.01698944,-0.01653944,-0.01600224,-0.01537219,-0.01464927,-0.01383493,-0.01292135,-0.01191103,-0.01080445,-0.009591609,-0.008287633,-0.006886473,-0.005390963,-0.003815841,-0.002150234,-0.0004014191,0.001419686,0.0033259,0.005287297,0.007300318,0.009357693,0.01143484,0.01353566,0.01565583,0.01778177,0.01992229,0.02205286,0.02416274,0.02623865,0.02826535,0.0302323,0.03213112,0.0339441,0.03565853,0.03725989,0.03874278,0.04008987,0.04130328,0.0423618,0.04325137,0.04396741,0.04449093,0.04482349,0.04497645,0.04493053,0.04471269,0.0443117,0.04372605,0.04297846,0.04205925,0.04098263,0.03976964,0.0384111,0.03693622,0.03534836,0.03364599,0.0318735,0.03001401,0.02812776,0.02619003,0.02426314,0.02234598,0.02045692,0.01862765,0.01680772,0.01512132,0.0134666,0.01190807,0.01043799,0.009041727,0.007707839
0.006152471,0.004811795,0.0035163,0.002252542,0.001023579,-0.0001929026,-0.001392975,-0.002614054,-0.003773071,-0.00490144,-0.006004289,-0.007074553,-0.008116154,-0.009128876,-0.01010772,-0.01105517,-0.01196436,-0.01283767,-0.01366996,-0.01446075,-0.01520822,-0.0159128,-0.01657132,-0.01718612,-0.01774954,-0.01826135,-0.01871622,-0.0191118,-0.01944496,-0.01971267,-0.01990835,-0.02003099,-0.02007491,-0.02003871,-0.01991744,-0.01970894,-0.01940741,-0.01901183,-0.01852106,-0.01793103,-0.01724296,-0.01645545,-0.01556275,-0.01457159,-0.01347471,-0.01227115,-0.01096966,-0.009560611,-0.008055574,-0.006461603,-0.004770554,-0.003001506,-0.001149788,0.0007874742,0.002786522,0.004855972,0.006976373,0.00912865,0.01131664,0.01351847,0.01573203,0.01796253,0.02018897,0.02241068,0.02461039,0.02677115,0.02888567,0.03094105,0.03292185,0.03481331,0.0365987,0.03826569,0.03980283,0.04121023,0.04246842,0.0435709,0.04450239,0.04523939,0.04578681,0.0461364,0.04628126,0.04624446,0.04600533,0.04557804,0.04497146,0.04417347,0.04321374,0.04209749,0.04082728,0.03943213,0.03790612,0.03626716,0.03454174,0.0327124,0.03083123,0.02887533,0.02691279,0.02492035,0.02294197,0.02099301,0.01907764,0.0172664,0.01545455,0.01375313,0.01210346,0.01051454,0.008995327,0.007541796
0.005877957,0.004446056,0.003049299,0.001684264,0.0003386204,-0.0009739975,-0.002257987,-0.003476255,-0.0047046,-0.005908272,-0.007079295,-0.00822621,-0.009343148,-0.0104299,-0.0114854,-0.01250381,-0.01348578,-0.0144263,-0.01532429,-0.0161775,-0.01698318,-0.0177413,-0.01845188,-0.01911037,-0.01971589,-0.02026245,-0.02074726,-0.0211688,-0.02152223,-0.02180392,-0.02201001,-0.02213586,-0.0221792,-0.02213647,-0.02200355,-0.02177582,-0.02145018,-0.02102433,-0.02049441,-0.01986285,-0.01912329,-0.0182759,-0.01732279,-0.01625704,-0.01508269,-0.0138014,-0.01240467,-0.01090905,-0.009308884,-0.007608042,-0.005822085,-0.003941146,-0.001975621,6.095623e-05,0.002179577,0.004349978,0.006570901,0.00883619,0.01112174,0.01343117,0.01575699,0.0180823,0.02041414,0.02272861,0.02501819,0.02727276,0.02947878,0.03162348,0.03369278,0.03566413,0.03752289,0.03925485,0.04085645,0.04231246,0.04362508,0.04477029,0.04573213,0.04650457,0.0470677,0.04742327,0.04758184,0.04752424,0.04727759,0.04682945,0.0461798,0.0453524,0.04434067,0.04316446,0.04184924,0.04038998,0.03881851,0.03713765,0.03534659,0.03348693,0.03154026,0.02956496,0.02753393,0.02550897,0.02348354,0.02147676,0.0195145,0.01755125,0.01570855,0.01388365,0.01214443,0.01048135,0.008887639,0.007356951
0.005449503,0.003924484,0.002454077,0.001025991,-0.0003584652,-0.001722349,-0.003064026,-0.004421686,-0.005715802,-0.006982048,-0.008225229,-0.009438832,-0.01062553,-0.01178314,-0.01290503,-0.01399273,-0.01503826,-0.0160429,-0.01700008,-0.01790893,-0.01876759,-0.01957651,-0.02033155,-0.02103371,-0.02167422,-0.02225335,-0.02276625,-0.02321089,-0.02358319,-0.02387948,-0.02409317,-0.02422391,-0.02426582,-0.0242172,-0.0240719,-0.02382729,-0.0234774,-0.02302178,-0.02245885,-0.0217841,-0.02099821,-0.0200999,-0.01908368,-0.01795693,-0.0167123,-0.01534996,-0.01387923,-0.01229115,-0.01059795,-0.008806546,-0.006908878,-0.004925699,-0.002854181,-0.0006958035,0.001522924,0.003810015,0.006146044,0.008513479,0.01091809,0.01333814,0.01576982,0.01821277,0.02064234,0.02305828,0.02544648,0.02779415,0.03009558,0.03233404,0.03448879,0.03654116,0.03847346,0.04027332,0.04193057,0.04344574,0.04479833,0.04598086,0.04697762,0.04776527,0.04834861,0.04871761,0.04886524,0.04881306,0.04853932,0.04805915,0.04738167,0.04649741,0.04543936,0.04421578,0.04283455,0.04132798,0.0396924,0.03794793,0.0361198,0.03419056,0.03221032,0.03015436,0.02808973,0.02598956,0.02389889,0.02182695,0.01978065,0.01782452,0.01585761,0.0139922,0.0121657,0.01039174,0.008679462,0.007031113
0.005044059,0.003423445,0.001847006,0.0003121871,-0.001191701,-0.002653095,-0.004077014,-0.005431075,-0.006792732,-0.008128339,-0.009433271,-0.01071584,-0.0119689,-0.01319065,-0.01437871,-0.0155265,-0.01663367,-0.01769382,-0.01870502,-0.01966488,-0.02057104,-0.0214234,-0.02222086,-0.02295761,-0.02363246,-0.02424001,-0.02477811,-0.0252447,-0.02563381,-0.0259412,-0.0261633,-0.02629576,-0.02633612,-0.02627992,-0.0261221,-0.02585772,-0.02548438,-0.02500013,-0.02440099,-0.02368878,-0.02285678,-0.02190555,-0.02083732,-0.01964487,-0.01833243,-0.01690143,-0.01534402,-0.01367739,-0.01189542,-0.0100022,-0.008013067,-0.005918523,-0.003731993,-0.001469599,0.0008767223,0.003274564,0.005722833,0.008215148,0.01072879,0.01326874,0.01582444,0.01837453,0.02092203,0.02344199,0.02593018,0.0283798,0.0307776,0.03310713,0.03534972,0.03748066,0.03948468,0.04134763,0.04306554,0.04462197,0.04601802,0.04722997,0.04824467,0.04905726,0.04964719,0.05001536,0.05016958,0.05008887,0.04979974,0.04928936,0.04856123,0.04764109,0.04652497,0.04523626,0.04380268,0.0422225,0.04053054,0.03873044,0.03682412,0.03485193,0.03279492,0.03070951,0.02856637,0.02642719,0.02428101,0.02214902,0.02005105,0.01794644,0.01595305,0.01396768,0.01206137,0.01021998,0.008439741,0.006715954
0.004509823,0.002796751,0.001141756,-0.0004632133,-0.002015604,-0.003536433,-0.005025076,-0.006519776,-0.007945822,-0.009343763,-0.0107182,-0.01206299,-0.01337951,-0.01466426,-0.01590992,-0.01711738,-0.01827747,-0.01939048,-0.02044926,-0.0214536,-0.02240215,-0.02329509,-0.02412712,-0.02489841,-0.02560024,-0.02623388,-0.0267943,-0.0272786,-0.02768126,-0.02799831,-0.02822354,-0.02835677,-0.02839134,-0.02832475,-0.02814989,-0.0278646,-0.02746374,-0.02694744,-0.0263135,-0.02555696,-0.02467846,-0.023677,-0.022547,-0.02129562,-0.01991456,-0.01840452,-0.01677492,-0.015017,-0.01314329,-0.01115992,-0.009058759,-0.006861822,-0.004567182,-0.002179477,0.0002728924,0.002796702,0.005370608,0.007977345,0.01062328,0.01328555,0.01595827,0.01863632,0.02129194,0.02392427,0.02652041,0.02906948,0.0315646,0.03398525,0.03630837,0.0385143,0.04058527,0.04250834,0.04427182,0.0458732,0.04729112,0.04852143,0.04955241,0.05036354,0.05095979,0.05132832,0.05145991,0.05137278,0.05104405,0.05049153,0.04972627,0.04874266,0.0475759,0.04623487,0.04473,0.04309519,0.04132889,0.03945478,0.03749868,0.03544557,0.03334448,0.03116928,0.02898549,0.026763,0.02454846,0.02234606,0.02016601,0.01806639,0.01595036,0.01393068,0.01194153,0.009999883,0.00811118,0.006279719
0.003995472,0.00219117,0.0004317116,-0.001282769,-0.002958386,-0.004582467,-0.006158656,-0.00765806,-0.009159183,-0.01062911,-0.01206632,-0.0134783,-0.01485701,-0.01619998,-0.01750445,-0.01876325,-0.01997504,-0.02113261,-0.02223448,-0.02327914,-0.02426495,-0.02519127,-0.02605588,-0.02685247,-0.02758051,-0.02823496,-0.02881331,-0.02931185,-0.02972347,-0.0300439,-0.03027004,-0.03039722,-0.03042226,-0.03033952,-0.03014378,-0.02983092,-0.02939978,-0.02884829,-0.02817198,-0.02737205,-0.02644204,-0.02538283,-0.02419628,-0.02287425,-0.02142088,-0.01983719,-0.01811621,-0.01627538,-0.01430798,-0.01221834,-0.0100218,-0.007709277,-0.005296666,-0.002800917,-0.000215736,0.002424825,0.005119504,0.007861006,0.01062635,0.01341894,0.01622348,0.01901572,0.02179639,0.02453957,0.02724179,0.0298952,0.03248351,0.03498768,0.03738812,0.03966057,0.04178992,0.04376132,0.04556749,0.04718851,0.04862574,0.04985996,0.05088448,0.05169774,0.05227945,0.05262891,0.05274912,0.05261673,0.05225815,0.05166205,0.05083695,0.04981077,0.04858114,0.04717245,0.04561159,0.04389815,0.04206907,0.04012968,0.03808662,0.03598079,0.03379436,0.03158198,0.02931219,0.02704648,0.02476992,0.02250664,0.02027102,0.01802766,0.01588965,0.01375394,0.01169457,0.009692467,0.007745578,0.005847185
0.00333735,0.001450746,-0.0003819086,-0.002164223,-0.003891135,-0.005579155,-0.007226935,-0.008870817,-0.01043963,-0.01197698,-0.01348574,-0.0149596,-0.01639907,-0.01780032,-0.01915604,-0.02046649,-0.02172172,-0.02292205,-0.02406125,-0.0251406,-0.02615909,-0.02711604,-0.02800526,-0.02882681,-0.02957259,-0.0302441,-0.03083496,-0.03134073,-0.03175497,-0.03207408,-0.03229219,-0.03240862,-0.03241566,-0.03231015,-0.03208521,-0.03174023,-0.0312708,-0.03067685,-0.02995513,-0.02910055,-0.02811419,-0.02699498,-0.02573675,-0.02434589,-0.0228133,-0.02114072,-0.01933784,-0.01739602,-0.01532811,-0.01313962,-0.01082311,-0.008402095,-0.00587521,-0.003249408,-0.0005537755,0.002217939,0.005043025,0.007905005,0.01080906,0.01372842,0.01665366,0.0195758,0.02246573,0.0253225,0.02813175,0.0308798,0.0335555,0.03613609,0.03859938,0.04092696,0.0431018,0.04510972,0.04693533,0.04857248,0.05000114,0.05122348,0.05223384,0.0530167,0.05357814,0.05390221,0.05397682,0.05381713,0.05340077,0.05274959,0.0518769,0.0507808,0.04949708,0.04803322,0.04639952,0.04462919,0.04272165,0.04070446,0.03860495,0.03641241,0.03417563,0.03186812,0.0295538,0.02719981,0.02485461,0.02251793,0.02020399,0.01796434,0.01570665,0.0135431,0.01140505,0.009313019,0.007268319,0.005275674
0.002661162,0.0006946895,-0.001230441,-0.003112828,-0.004954306,-0.006740851,-0.008473801,-0.01012639,-0.01177561,-0.0133867,-0.01495943,-0.01649934,-0.01799795,-0.01945282,-0.02086105,-0.02221488,-0.02351278,-0.02474805,-0.02592106,-0.0270314,-0.02807753,-0.0290577,-0.02996894,-0.03080513,-0.03156643,-0.03224709,-0.03284328,-0.03334949,-0.03375845,-0.03406646,-0.03427064,-0.0343654,-0.0343469,-0.03420898,-0.03394772,-0.03356042,-0.0330465,-0.03240278,-0.03162427,-0.03071203,-0.02966017,-0.02846935,-0.02714046,-0.02566426,-0.02404544,-0.02228524,-0.02037793,-0.01834096,-0.01616716,-0.01386157,-0.01144011,-0.008894575,-0.006243434,-0.003503883,-0.0006712079,0.002219718,0.005168404,0.008166783,0.01119026,0.01423877,0.01729167,0.02032288,0.02333161,0.02629107,0.02919608,0.03203369,0.03478286,0.03742345,0.03993711,0.04230195,0.04450409,0.04652763,0.04836114,0.04998259,0.05139551,0.05258636,0.05355572,0.05430676,0.0548207,0.05509562,0.05513047,0.05490162,0.05443687,0.05372711,0.05278526,0.05164007,0.05028948,0.04875718,0.04706716,0.04521855,0.04324907,0.04116536,0.03897901,0.03673176,0.0344079,0.03206084,0.0296579,0.02726066,0.02485072,0.02245569,0.02008483,0.01770853,0.01543412,0.01315928,0.01096033,0.008813847,0.006719943,0.004669352
0.001804247,-0.0002308268,-0.002216439,-0.004153311,-0.006035801,-0.007877155,-0.009676153,-0.01146617,-0.0131778,-0.01485465,-0.01649557,-0.0180933,-0.0196476,-0.02115447,-0.02260645,-0.02400317,-0.02533495,-0.02660347,-0.02780431,-0.02893974,-0.03000808,-0.03100742,-0.03193123,-0.03277991,-0.03354565,-0.03422898,-0.0348216,-0.03531802,-0.03571207,-0.0360009,-0.03617847,-0.03624329,-0.03618707,-0.03600711,-0.03569818,-0.03526109,-0.03469108,-0.03398708,-0.0331452,-0.03216086,-0.03103556,-0.02976744,-0.02834936,-0.0267872,-0.02507213,-0.02320773,-0.02120386,-0.01905197,-0.01676544,-0.01434948,-0.01179813,-0.00913662,-0.006364384,-0.003490867,-0.0005455938,0.00247748,0.005554819,0.008670489,0.01182661,0.0149917,0.0181535,0.02130006,0.02440156,0.02745614,0.03044548,0.03335086,0.03615656,0.038839,0.04137821,0.04375869,0.04596546,0.0479833,0.04979419,0.05139085,0.05275586,0.05389703,0.05481416,0.05549763,0.05595542,0.05617006,0.05612922,0.05584775,0.05530544,0.05452773,0.05352838,0.05230769,0.05090031,0.04931144,0.04755013,0.04564767,0.04360345,0.04144795,0.03920881,0.03687932,0.03450765,0.03206808,0.02962335,0.02713899,0.02466545,0.02219859,0.01975693,0.01738543,0.01499691,0.01270163,0.01042863,0.008202126,0.006019808,0.003887298
0.0008866903,-0.001215803,-0.003277765,-0.005297883,-0.007275905,-0.009199117,-0.0110681,-0.01285833,-0.01464317,-0.01638405,-0.0180805,-0.01973533,-0.02133969,-0.0228907,-0.02438481,-0.02581388,-0.02717719,-0.02846964,-0.02969351,-0.03084832,-0.03193163,-0.03294047,-0.03387183,-0.03472004,-0.03548517,-0.03615972,-0.03673846,-0.03721507,-0.03758332,-0.03784001,-0.03798189,-0.03800261,-0.0378985,-0.03766434,-0.03729846,-0.0367987,-0.03616384,-0.03538932,-0.03447044,-0.03340864,-0.03219828,-0.0308391,-0.02933096,-0.02766449,-0.02584627,-0.02387815,-0.02175562,-0.01949588,-0.01709162,-0.01454919,-0.01188535,-0.009093294,-0.006194356,-0.003205938,-0.0001252343,0.003012591,0.006207695,0.009449746,0.01271093,0.01598734,0.0192542,0.02248503,0.02567756,0.02880318,0.03185291,0.03480799,0.03764388,0.04034073,0.04288231,0.04525078,0.04743467,0.04941815,0.05118833,0.05272433,0.054032,0.05510156,0.05593926,0.05655246,0.05692492,0.05705602,0.05694442,0.05656964,0.05596148,0.05511192,0.05403605,0.05276107,0.05128421,0.04962783,0.04781283,0.04583783,0.04374041,0.04152711,0.03921256,0.03683743,0.03438776,0.03191582,0.02938898,0.02686925,0.0243355,0.02181905,0.01932435,0.01682798,0.01443051,0.01203123,0.009707923,0.007433472,0.005210636,0.0030282
-0.0002361138,-0.002392858,-0.004500562,-0.006557738,-0.008560478,-0.01052126,-0.01244093,-0.01434972,-0.01617945,-0.0179721,-0.01972174,-0.02142029,-0.02306649,-0.02465541,-0.02617895,-0.02763642,-0.02901938,-0.03033138,-0.03156907,-0.03273423,-0.03382375,-0.03483483,-0.03576133,-0.03660384,-0.03735382,-0.03801003,-0.03856277,-0.03900679,-0.03933704,-0.03955086,-0.03964182,-0.03960814,-0.0394421,-0.03914295,-0.03870723,-0.03813576,-0.0374225,-0.03656574,-0.03556187,-0.03440715,-0.03310287,-0.03164587,-0.03002879,-0.02825832,-0.0263273,-0.02424121,-0.02200971,-0.01962445,-0.01709961,-0.01444056,-0.01164343,-0.008735323,-0.005716797,-0.002599979,0.0005855003,0.00384538,0.007154576,0.01049584,0.01386632,0.01723026,0.02057395,0.02388344,0.02712861,0.03030553,0.03339078,0.0363615,0.03919956,0.04188214,0.0443925,0.04671933,0.0488507,0.05077231,0.05246749,0.05393093,0.05514767,0.05612842,0.05687579,0.05738468,0.05766555,0.05770301,0.05748883,0.05703995,0.05633873,0.05541216,0.05427193,0.05291864,0.05138446,0.0496726,0.04779156,0.04577119,0.04361049,0.04134094,0.03898775,0.03654617,0.03406228,0.03151171,0.02895609,0.02636048,0.02377713,0.02119853,0.01864751,0.01616236,0.0136617,0.01125264,0.008862945,0.006520635,0.004220074,0.001968484
-0.001435125,-0.00364488,-0.005810658,-0.007931869,-0.01000804,-0.01203007,-0.01399859,-0.01589129,-0.0177768,-0.01961279,-0.02139884,-0.02313525,-0.02481263,-0.02642683,-0.02797347,-0.02944463,-0.03084118,-0.0321595,-0.03340244,-0.03456809,-0.03565287,-0.03665332,-0.03756686,-0.03838762,-0.03911443,-0.03973777,-0.04025202,-0.04065138,-0.04093088,-0.04108717,-0.04111677,-0.0410135,-0.0407752,-0.04039863,-0.03988357,-0.03922684,-0.03842624,-0.03747669,-0.03637468,-0.03512188,-0.03371224,-0.0321447,-0.03041931,-0.02852851,-0.02648151,-0.02428048,-0.02192199,-0.01942291,-0.0167765,-0.01399092,-0.01108412,-0.008051219,-0.004916462,-0.001697203,0.001607405,0.004962048,0.00836603,0.01180448,0.0152455,0.01868182,0.02208596,0.02543211,0.02871645,0.03190806,0.03499407,0.03795192,0.04075651,0.04339011,0.04583987,0.04809272,0.05014015,0.05196889,0.05356891,0.05492354,0.0560406,0.05691165,0.05754524,0.0579505,0.05811464,0.0580419,0.05773433,0.05717637,0.05639884,0.05539306,0.05417389,0.05276512,0.05116277,0.04938833,0.047461,0.04537998,0.04318203,0.04087175,0.03846396,0.03599563,0.03345375,0.03088882,0.02826908,0.02565655,0.02302795,0.02041797,0.01782635,0.01523593,0.01273964,0.01023954,0.007814446,0.005434588,0.003105388,0.0008143983
-0.002826188,-0.005071844,-0.007265492,-0.0094042,-0.01148733,-0.01352759,-0.01552795,-0.01751462,-0.01942092,-0.02128685,-0.02310257,-0.0248599,-0.02655606,-0.02818485,-0.0297378,-0.03121481,-0.03260925,-0.03392582,-0.03516071,-0.0363143,-0.03738246,-0.03836222,-0.03924786,-0.04003908,-0.04072564,-0.04130489,-0.04176703,-0.04210814,-0.04232388,-0.04241137,-0.0423644,-0.04218201,-0.04185845,-0.04139501,-0.0407885,-0.04003849,-0.03913802,-0.03808587,-0.03687923,-0.03551479,-0.03399318,-0.03231081,-0.03046198,-0.02845578,-0.02628701,-0.02396255,-0.02149162,-0.01886665,-0.01610324,-0.01320746,-0.01017823,-0.0070446,-0.003808263,-0.0004837975,0.00289959,0.006346507,0.009828767,0.01332607,0.01683015,0.02030246,0.02372908,0.02709483,0.03036964,0.03354708,0.03659983,0.03950384,0.04224163,0.04479348,0.04714725,0.0492958,0.05123022,0.05293948,0.05441216,0.05564748,0.05663343,0.05738167,0.05789431,0.05816832,0.05821704,0.05803028,0.05760627,0.05696419,0.05608802,0.05500414,0.05372045,0.05223671,0.05058222,0.04875943,0.04677784,0.04466656,0.04242384,0.04007987,0.03765494,0.03514448,0.0325911,0.02997187,0.02734667,0.02468054,0.0220267,0.01937445,0.01675028,0.01418554,0.01160527,0.009112263,0.006634783,0.004204484,0.001813049,-0.0005297736
-0.004264529,-0.006542875,-0.008772018,-0.01095306,-0.01308587,-0.01516489,-0.01719041,-0.01914166,-0.02108139,-0.02296475,-0.02479204,-0.02656129,-0.02826234,-0.02988993,-0.03143968,-0.03290505,-0.03428857,-0.03558715,-0.03680278,-0.03793195,-0.03897068,-0.03991547,-0.04076351,-0.04150765,-0.0421449,-0.04266476,-0.04306257,-0.0433335,-0.04347325,-0.04347837,-0.04334607,-0.04307166,-0.04265523,-0.04209476,-0.04138958,-0.04053502,-0.03952873,-0.03836624,-0.03704532,-0.03556734,-0.03392604,-0.03212114,-0.03015487,-0.02802262,-0.02573576,-0.02329636,-0.02070226,-0.01797068,-0.01509633,-0.01208993,-0.008970899,-0.005736703,-0.002413948,0.0009804969,0.004445461,0.007944869,0.01147535,0.01501645,0.0185333,0.02201679,0.02543832,0.02877369,0.03201752,0.03513707,0.03811754,0.04093586,0.0435698,0.04600612,0.04823657,0.05025212,0.05204669,0.05361114,0.05494102,0.05602593,0.05687658,0.05748527,0.05786036,0.05801053,0.05792691,0.05761986,0.05709552,0.05634267,0.05539132,0.05423083,0.05287453,0.05134206,0.04962894,0.04775668,0.04574417,0.04359168,0.04133407,0.03897229,0.03651955,0.03400759,0.03142403,0.02881665,0.02615478,0.02349932,0.0208251,0.01816897,0.01552607,0.01288473,0.01032962,0.007766934,0.005275406,0.002823751,0.0004215441,-0.001943456
-0.005834834,-0.008124239,-0.01035855,-0.01253456,-0.01465453,-0.0167303,-0.01876626,-0.02078376,-0.02271765,-0.02460594,-0.02643562,-0.0281985,-0.02989019,-0.03150404,-0.03303253,-0.03447712,-0.03583274,-0.03710405,-0.03828589,-0.03937771,-0.04037489,-0.04127439,-0.04206975,-0.04275881,-0.04332995,-0.04378045,-0.04410153,-0.04429047,-0.0443432,-0.04425726,-0.04402778,-0.04365565,-0.04313701,-0.04247363,-0.04166101,-0.04069776,-0.03957716,-0.0382993,-0.03686192,-0.03526198,-0.03350025,-0.03157484,-0.02948338,-0.02723754,-0.02483343,-0.02227913,-0.0195838,-0.01674204,-0.0137714,-0.01067947,-0.007468432,-0.004168936,-0.000783443,0.002671405,0.006167046,0.009705482,0.01325458,0.01679116,0.02030326,0.02375201,0.02712481,0.03040592,0.03356596,0.03659663,0.03946954,0.04216291,0.04466308,0.04695572,0.04903396,0.05089344,0.05252757,0.05392921,0.05509337,0.05602475,0.05671579,0.05717925,0.05741591,0.05742374,0.05721859,0.05679533,0.05615765,0.05532529,0.05428276,0.0530542,0.05164348,0.05004951,0.04829938,0.04639593,0.04435023,0.04219025,0.03991264,0.03754456,0.03510074,0.03257617,0.03000943,0.02737884,0.02474149,0.02206253,0.01939494,0.01672454,0.01408049,0.01148668,0.00887516,0.006343523,0.00382122,0.001343218,-0.00109855,-0.003490574
-0.007379392,-0.009675202,-0.01191782,-0.01411107,-0.01625476,-0.01834534,-0.02038093,-0.02234192,-0.02428451,-0.02616254,-0.02797689,-0.02972326,-0.03139115,-0.03297553,-0.03447341,-0.0358803,-0.03719969,-0.03842795,-0.03956586,-0.04060903,-0.04155324,-0.04239446,-0.04312838,-0.04374629,-0.04424425,-0.04461237,-0.04484738,-0.04494516,-0.04490208,-0.04471567,-0.04438484,-0.04390687,-0.04328305,-0.04251074,-0.04158797,-0.04050959,-0.03927421,-0.03787847,-0.03632111,-0.03460354,-0.03272087,-0.03067562,-0.028473,-0.02611108,-0.02360243,-0.02094935,-0.01815195,-0.01522879,-0.01217698,-0.009010341,-0.005749672,-0.002394752,0.001026416,0.004497727,0.008015537,0.01154242,0.01507187,0.01857936,0.02203001,0.02541499,0.02870647,0.03188252,0.03493665,0.03783598,0.04056673,0.04310873,0.04544542,0.04756958,0.04947739,0.05116231,0.05262002,0.05384534,0.05483907,0.0555971,0.05613386,0.05644349,0.05653464,0.05641558,0.05608093,0.05554511,0.05481644,0.05388624,0.05278225,0.05149153,0.05002572,0.04840091,0.04661315,0.04468422,0.04263252,0.04045849,0.03819377,0.03583521,0.03339414,0.03089704,0.02833222,0.02574379,0.0231023,0.02046618,0.0178087,0.0151672,0.01253209,0.009896315,0.007335936,0.004762791,0.002254426,-0.0002206594,-0.002647789,-0.005037452
-0.008959642,-0.01123776,-0.01345996,-0.01562363,-0.01773316,-0.01979774,-0.02182104,-0.02381901,-0.02572891,-0.02758627,-0.02937522,-0.03108767,-0.03271852,-0.03426235,-0.03571374,-0.0370758,-0.03834405,-0.03952223,-0.04060407,-0.04158845,-0.04247001,-0.04324466,-0.04390444,-0.04444569,-0.04485687,-0.04513629,-0.0452763,-0.04527524,-0.04512988,-0.04483945,-0.04440095,-0.04381678,-0.04308327,-0.04220108,-0.04116456,-0.03997269,-0.03861997,-0.03710799,-0.03543503,-0.03359936,-0.03160367,-0.02944923,-0.02713706,-0.02468043,-0.02207643,-0.01933498,-0.0164663,-0.01346828,-0.01036086,-0.00715353,-0.003851593,-0.0004863953,0.002939282,0.006407048,0.009888823,0.01338333,0.01685573,0.02028248,0.02365099,0.02692466,0.03009345,0.03314174,0.03604176,0.03878513,0.04134581,0.0437072,0.04586141,0.04780005,0.04952036,0.05101948,0.05229267,0.05333614,0.05415004,0.05474345,0.05511346,0.0552747,0.05522827,0.05497399,0.05452918,0.05389145,0.05306724,0.05207504,0.05089935,0.04956167,0.04806269,0.04640133,0.04460294,0.04267063,0.04061582,0.03846378,0.03620889,0.03387495,0.03147184,0.0289945,0.02647718,0.02389938,0.02131445,0.01868792,0.01607114,0.01344645,0.01084409,0.008280792,0.005695957,0.003181504,0.0006700184,-0.00180063,-0.004237613,-0.006623447
-0.01041801,-0.01267476,-0.01487788,-0.01703373,-0.01914088,-0.0211959,-0.02319333,-0.02511441,-0.0270085,-0.02882906,-0.03057714,-0.03224675,-0.03382859,-0.03531929,-0.03671793,-0.03802163,-0.03923363,-0.04034937,-0.04136865,-0.04228611,-0.04309663,-0.04379472,-0.0443745,-0.04482676,-0.045148,-0.04532966,-0.04536982,-0.04526541,-0.04501446,-0.04461641,-0.04407177,-0.0433786,-0.04253753,-0.04154453,-0.04039732,-0.03909168,-0.03762787,-0.03600388,-0.03421991,-0.03227876,-0.03017861,-0.0279253,-0.0255263,-0.02298157,-0.02030483,-0.01749965,-0.01456955,-0.0115349,-0.00839569,-0.005168628,-0.001875223,0.001483047,0.004877753,0.008293585,0.01172419,0.01513162,0.01850795,0.02182802,0.02506022,0.02819778,0.03121492,0.0340925,0.03682375,0.03937837,0.04174641,0.04391296,0.04586805,0.04760962,0.04913665,0.05044418,0.05152957,0.05239102,0.0530329,0.05345566,0.05367636,0.05369166,0.05351188,0.05314593,0.05259097,0.05186274,0.05096943,0.04990356,0.04869009,0.04731471,0.0457882,0.04412408,0.04231919,0.04039431,0.03836563,0.03623217,0.03402157,0.03172737,0.02935959,0.02694008,0.02445789,0.02195293,0.0193971,0.01684529,0.01426948,0.01170602,0.009140873,0.006571006,0.004064185,0.001539368,-0.000927578,-0.003366854,-0.005759376,-0.008113964
-0.01180869,-0.01402095,-0.01618051,-0.0182847,-0.02033801,-0.02234551,-0.02430922,-0.02623968,-0.02807713,-0.02985397,-0.03155228,-0.03316515,-0.03468835,-0.03611877,-0.03745311,-0.03869511,-0.03983996,-0.04089014,-0.04183835,-0.04268232,-0.0434152,-0.04403146,-0.04452222,-0.04488374,-0.04510571,-0.04518778,-0.04512376,-0.04491382,-0.04455658,-0.04405314,-0.04340163,-0.04260417,-0.04165597,-0.04055674,-0.03930123,-0.03788997,-0.03631939,-0.03459286,-0.03271018,-0.03067233,-0.02848488,-0.026152,-0.02367709,-0.02107435,-0.01834253,-0.0154942,-0.01254138,-0.009485591,-0.006348776,-0.003141899,0.0001274784,0.003428572,0.006758577,0.01009778,0.01341902,0.01671883,0.01996288,0.02313052,0.02621114,0.02917228,0.03200679,0.03469975,0.03722641,0.03958064,0.04174145,0.04369862,0.04544967,0.04699039,0.04832027,0.04943747,0.0503395,0.05102547,0.05149901,0.0517714,0.05184282,0.05172922,0.05143317,0.05095683,0.05031779,0.04951441,0.04855385,0.04745247,0.04619529,0.04480199,0.04327172,0.04160409,0.03982219,0.03792794,0.03593089,0.03385197,0.03168335,0.02944585,0.02714575,0.02477832,0.02237349,0.019912,0.0174428,0.01493208,0.01242816,0.00991039,0.007409027,0.004934811,0.002435124,-3.993237e-06,-0.002445176,-0.004848343,-0.007219557,-0.009538896
-0.01299151,-0.01515943,-0.01727755,-0.01935299,-0.0213814,-0.0233581,-0.02527395,-0.02711098,-0.02891147,-0.03062958,-0.03226694,-0.03381751,-0.03527451,-0.03663667,-0.03790448,-0.0390755,-0.04015188,-0.04112793,-0.04200203,-0.04276726,-0.04341707,-0.04394482,-0.04434418,-0.04460686,-0.04473052,-0.04470842,-0.0445406,-0.04422603,-0.04376493,-0.04315809,-0.04240613,-0.04150635,-0.04045814,-0.03925728,-0.03790271,-0.03639226,-0.03472839,-0.03291111,-0.03094305,-0.02882948,-0.0265718,-0.02417829,-0.02165772,-0.01901187,-0.0162561,-0.01339609,-0.01043888,-0.007406228,-0.004300567,-0.001140377,0.00205334,0.005278192,0.008506251,0.01172327,0.01492111,0.01806367,0.02114441,0.02414081,0.02702659,0.02979776,0.03243119,0.03491084,0.03723118,0.03936685,0.04131329,0.04306112,0.04460547,0.0459471,0.04708612,0.04801921,0.04874605,0.04926784,0.04959111,0.04971864,0.04966797,0.04943743,0.04903889,0.04848183,0.0477649,0.04690335,0.04590411,0.04476067,0.04349576,0.04209552,0.04057093,0.03893362,0.03718041,0.03532898,0.03339146,0.03136438,0.02927113,0.02710311,0.02486952,0.02258826,0.02024925,0.017888,0.01547788,0.01306916,0.01063287,0.008203392,0.005763511,0.00331416,0.0009157418,-0.001504407,-0.003872909,-0.006217868,-0.008517238,-0.01077936
-0.01402899,-0.01613327,-0.01819135,-0.0201989,-0.02215863,-0.02407094,-0.02593604,-0.02775947,-0.02948505,-0.0311421,-0.03271252,-0.03419177,-0.03557737,-0.03686826,-0.03806219,-0.03916228,-0.04016281,-0.04106452,-0.04185861,-0.04254112,-0.04310391,-0.04354081,-0.04384348,-0.04400916,-0.04402953,-0.04390614,-0.04363529,-0.04321954,-0.04265919,-0.0419559,-0.04110735,-0.04011437,-0.03897163,-0.03767944,-0.03623448,-0.0346397,-0.03289408,-0.03100342,-0.02896991,-0.02679758,-0.0244943,-0.02206614,-0.01951824,-0.01686573,-0.0141097,-0.01126538,-0.008346187,-0.005356566,-0.002319235,0.0007544928,0.003856076,0.006956514,0.01005331,0.01312649,0.01615126,0.01912423,0.02201477,0.02480726,0.02749429,0.03004821,0.03246456,0.03472996,0.03682407,0.03874454,0.04047632,0.04201464,0.0433602,0.04451067,0.04546654,0.04622745,0.04679372,0.04716713,0.04735335,0.04736382,0.04719969,0.0468768,0.04639856,0.04576862,0.04500368,0.04410194,0.04307041,0.04192352,0.04064798,0.03926287,0.03776721,0.03616127,0.03446478,0.03267686,0.03080359,0.02886096,0.02683927,0.02475678,0.02261712,0.02041613,0.01817973,0.01588994,0.01359061,0.01124873,0.008908547,0.006547519,0.004195695,0.001859663,-0.00050472,-0.002817322,-0.005135136,-0.007417452,-0.009669853,-0.01187224
-0.01481061,-0.01685628,-0.01885826,-0.02082239,-0.02274049,-0.0246061,-0.02640704,-0.02812617,-0.02979919,-0.0313827,-0.03287994,-0.03428598,-0.03559669,-0.03681206,-0.03793272,-0.03895565,-0.03988126,-0.04070231,-0.04141527,-0.04201173,-0.0424845,-0.04282702,-0.04303383,-0.04309853,-0.04302066,-0.04279624,-0.04242799,-0.04191694,-0.04126443,-0.04047101,-0.0395362,-0.03845653,-0.03723145,-0.03585825,-0.03433836,-0.03267239,-0.03086544,-0.02892008,-0.02684169,-0.02463769,-0.0223118,-0.01987371,-0.01733315,-0.01469395,-0.01197308,-0.009177982,-0.006318251,-0.003415695,-0.0004741211,0.002487869,0.005451003,0.008412751,0.0113468,0.01424079,0.01708663,0.01985267,0.02253569,0.02511752,0.0275777,0.02991489,0.03210898,0.03414749,0.03602723,0.03772887,0.0392527,0.04059342,0.04174884,0.04272044,0.04350894,0.04411311,0.04453534,0.04477937,0.04485255,0.04475816,0.04451222,0.04411347,0.04357396,0.04290276,0.04209908,0.04117684,0.04014168,0.03898831,0.03773812,0.03637917,0.03492293,0.03337905,0.03174328,0.0300289,0.02824329,0.02638039,0.02445956,0.02247095,0.02042305,0.01833046,0.01618405,0.01401478,0.01179726,0.009576335,0.007322764,0.005068767,0.00279583,0.0005089269,-0.001737874,-0.0040082,-0.006232551,-0.008437156,-0.01059906,-0.01272739
-0.01541377,-0.01738572,-0.01931846,-0.02120487,-0.02304495,-0.0248348,-0.02657313,-0.02826132,-0.02984787,-0.03135989,-0.03278081,-0.03410868,-0.03534238,-0.03648169,-0.03752422,-0.03847158,-0.03931665,-0.04005799,-0.04068534,-0.04119369,-0.04157487,-0.04182347,-0.04193284,-0.04190201,-0.04172562,-0.04140789,-0.04094784,-0.04034952,-0.03961344,-0.03874044,-0.0377273,-0.03657444,-0.03527771,-0.03383952,-0.03225944,-0.03054323,-0.02869272,-0.02671613,-0.02461787,-0.02240421,-0.02008427,-0.01766529,-0.01515395,-0.01256615,-0.009905074,-0.007187407,-0.004426806,-0.001629232,0.001183424,0.004000757,0.00681444,0.009598324,0.0123508,0.01505324,0.01768483,0.02024412,0.02270591,0.02505999,0.02730218,0.02940967,0.03138052,0.03320364,0.03486375,0.03636218,0.0376889,0.03884248,0.03982468,0.04063365,0.04127064,0.04173714,0.04203624,0.04217166,0.04214972,0.04198049,0.04166462,0.04121644,0.04063911,0.03993661,0.03912397,0.03819904,0.03716854,0.0360455,0.03481906,0.03350801,0.03211151,0.03062977,0.02907834,0.02745316,0.02575664,0.02400025,0.02217307,0.02029096,0.01835563,0.01636354,0.0143367,0.01225823,0.01016634,0.008029041,0.005886285,0.003715243,0.001545875,-0.0006176481,-0.00281106,-0.004960483,-0.007117428,-0.009242631,-0.01134202,-0.013397
-0.01575838,-0.01766507,-0.01953341,-0.02136679,-0.02315353,-0.02488573,-0.02654892,-0.02812732,-0.02965128,-0.03108175,-0.03242381,-0.03367375,-0.03482909,-0.03588986,-0.03685582,-0.03772267,-0.03848869,-0.03914509,-0.039687,-0.04010578,-0.04039501,-0.0405495,-0.0405657,-0.04043991,-0.04017444,-0.03976843,-0.03922662,-0.03855067,-0.0377416,-0.03679889,-0.0357215,-0.03450665,-0.03315547,-0.031668,-0.03004855,-0.02830062,-0.02643177,-0.02444676,-0.02235296,-0.02015891,-0.01786981,-0.01549609,-0.01304821,-0.01053166,-0.007963941,-0.005353136,-0.002709799,-5.430789e-05,0.002609426,0.005264164,0.007893248,0.01049476,0.01304519,0.01553508,0.017958,0.02028813,0.02252599,0.02465794,0.02666891,0.02855985,0.03031405,0.03192271,0.03338518,0.03468747,0.03583303,0.03681879,0.03764351,0.03830861,0.03881536,0.03916468,0.0393611,0.03940984,0.03931783,0.03908762,0.0387326,0.03825105,0.03765403,0.03694948,0.03613664,0.03522799,0.0342282,0.03313346,0.03196391,0.0307096,0.02938164,0.02798725,0.02652056,0.02499054,0.02340044,0.02174242,0.02003227,0.01825957,0.01643204,0.01456137,0.01263911,0.01069144,0.008694114,0.006686408,0.004640048,0.002585415,0.0005043956,-0.001594348,-0.003662559,-0.005755133,-0.007807967,-0.009845863,-0.01184699,-0.01382142
-0.01593174,-0.01776062,-0.01955489,-0.02130456,-0.02300762,-0.02465685,-0.02624953,-0.02778423,-0.02921571,-0.03056945,-0.03183098,-0.03300016,-0.03407618,-0.03505856,-0.035944,-0.03673206,-0.03741426,-0.03798742,-0.03844111,-0.03877069,-0.03896938,-0.0390336,-0.03895932,-0.03874814,-0.03839815,-0.03791579,-0.03730154,-0.03655937,-0.03568897,-0.0346904,-0.03356081,-0.03230172,-0.03091159,-0.02939544,-0.02775581,-0.02600082,-0.02413464,-0.02216699,-0.02010361,-0.01795194,-0.01572159,-0.01342047,-0.01105628,-0.008644851,-0.006190366,-0.003709311,-0.001214306,0.001288593,0.003779677,0.006250347,0.008693377,0.01108631,0.013429,0.01570558,0.01790002,0.02001343,0.02202621,0.02393283,0.02573186,0.02740519,0.02895321,0.03036751,0.03163726,0.03276625,0.03374776,0.034582,0.03527066,0.03581208,0.03620815,0.03646188,0.03657805,0.03656115,0.03641697,0.03615341,0.03576999,0.03527885,0.03468229,0.03398402,0.03319719,0.03231958,0.03135766,0.03032329,0.0292077,0.0280285,0.02678431,0.02547446,0.02411028,0.02268526,0.02119902,0.01965954,0.01805541,0.01640033,0.01469441,0.01293447,0.01113856,0.009290658,0.007423289,0.005506363,0.003575908,0.001610451,-0.0003603318,-0.002333594,-0.004337629,-0.006305675,-0.008283611,-0.01023524,-0.01216798,-0.0140648
-0.01587553,-0.01763587,-0.01936028,-0.02104955,-0.02269022,-0.02427353,-0.02578359,-0.02720669,-0.02856943,-0.02983784,-0.03101816,-0.0321073,-0.03310327,-0.03400528,-0.0348117,-0.0355168,-0.0361172,-0.03660364,-0.03697142,-0.0372132,-0.0373245,-0.03730239,-0.03714602,-0.03685484,-0.03643372,-0.03588386,-0.03521035,-0.03441432,-0.03349611,-0.03245498,-0.03129079,-0.03000279,-0.0285946,-0.02706898,-0.02543269,-0.02369131,-0.02185389,-0.01992634,-0.01791699,-0.01583459,-0.01368515,-0.01147925,-0.009227366,-0.006935576,-0.00462053,-0.002289666,4.689031e-05,0.002371362,0.004680619,0.006959762,0.009195215,0.01138625,0.01351302,0.01556945,0.01755142,0.01943907,0.02123588,0.02293225,0.02451766,0.02599506,0.02735123,0.02858073,0.02968472,0.03065312,0.03149067,0.03219542,0.03276637,0.03320478,0.03351231,0.03369124,0.0337469,0.03368473,0.03351037,0.03322513,0.03283954,0.03235122,0.03176972,0.03110172,0.03034653,0.02951532,0.02861211,0.02763425,0.02659991,0.02550021,0.02434468,0.02313785,0.02187244,0.02055401,0.01918295,0.01775063,0.01626987,0.01473022,0.01313829,0.01150301,0.009816159,0.008099281,0.006329699,0.004541744,0.002709427,0.000861579,-0.00101845,-0.002919297,-0.004798629,-0.006703604,-0.008575961,-0.01043904,-0.01227373,-0.01408973
-0.01567646,-0.01735641,-0.01900301,-0.0206041,-0.02215648,-0.02365113,-0.02508478,-0.02645458,-0.02772219,-0.02891121,-0.03000897,-0.0310161,-0.03193132,-0.03275323,-0.03347745,-0.03410181,-0.03461742,-0.0350208,-0.03530294,-0.03546087,-0.03549013,-0.03538964,-0.03515845,-0.03480061,-0.03431688,-0.03371428,-0.03299342,-0.03215748,-0.03120581,-0.03013883,-0.02895542,-0.02765903,-0.0262509,-0.0247381,-0.02312535,-0.02142195,-0.01963331,-0.01776949,-0.01583671,-0.01384269,-0.01179696,-0.009707402,-0.007581814,-0.005434769,-0.003270317,-0.001103384,0.001055331,0.003200656,0.005315847,0.007394493,0.009430977,0.01140695,0.01332397,0.01516953,0.01693222,0.01861537,0.02020428,0.02169699,0.02309424,0.02438229,0.02556352,0.02663199,0.02758016,0.02841285,0.02912522,0.0297181,0.03019287,0.03054805,0.03078577,0.03090953,0.0309244,0.03083451,0.03064439,0.03035977,0.02997907,0.02951218,0.02896052,0.02832742,0.02762431,0.02684924,0.0260083,0.02511187,0.02415232,0.02314493,0.02208705,0.02097681,0.01982194,0.01861457,0.01735266,0.01604165,0.01467033,0.01325022,0.01178,0.01025641,0.008693649,0.00707671,0.005433122,0.003735801,0.002017348,0.0002587254,-0.001511238,-0.003290629,-0.0051017,-0.006885577,-0.00868244,-0.01045944,-0.01222481,-0.01396242
-0.01528835,-0.016896,-0.0184673,-0.02000088,-0.02148262,-0.02290405,-0.02424961,-0.02550814,-0.02670286,-0.02780472,-0.02882014,-0.029746,-0.03058015,-0.03132072,-0.03196486,-0.03250621,-0.03294101,-0.03326114,-0.0334634,-0.03354279,-0.03349735,-0.03332678,-0.0330329,-0.03261768,-0.03208719,-0.03144317,-0.03069012,-0.02982864,-0.02885922,-0.0277821,-0.02659891,-0.02531122,-0.02392465,-0.02244384,-0.02087681,-0.01923005,-0.01751283,-0.01573133,-0.01389389,-0.0120089,-0.01008248,-0.008124549,-0.006144688,-0.004148515,-0.002150697,-0.000157264,0.00182301,0.003775482,0.005698211,0.007579044,0.00940755,0.01118437,0.01289363,0.01453232,0.0160986,0.01757773,0.01897515,0.02028451,0.02149896,0.02262303,0.02364676,0.02456735,0.02538685,0.02609769,0.02670473,0.02720647,0.02760204,0.0278925,0.02807941,0.02816525,0.02815491,0.02805305,0.02786372,0.0275871,0.02723116,0.02679307,0.02628084,0.02570008,0.02505027,0.02434141,0.02357682,0.02275437,0.02188942,0.02097331,0.02001331,0.01901149,0.01795976,0.0168613,0.01571476,0.0145115,0.01326174,0.0119552,0.01059707,0.009193592,0.007736763,0.006244134,0.004695383,0.003120688,0.001497312,-0.0001476082,-0.001828762,-0.003533377,-0.005225169,-0.00694434,-0.008639003,-0.01032996,-0.01199986,-0.01365691
-0.01478977,-0.0163131,-0.01780182,-0.01924261,-0.0206318,-0.02196007,-0.02322464,-0.02442225,-0.02552103,-0.02654202,-0.02747399,-0.02831754,-0.02907068,-0.02973117,-0.03029409,-0.03075666,-0.03111106,-0.03135487,-0.0314816,-0.03149046,-0.03137967,-0.03115057,-0.03080478,-0.03034772,-0.02978129,-0.02911194,-0.02834005,-0.02746841,-0.02649698,-0.02542742,-0.02426066,-0.02300178,-0.02165395,-0.02022519,-0.01872112,-0.01715102,-0.01552051,-0.01383913,-0.01211291,-0.01034923,-0.008556836,-0.006742851,-0.004914272,-0.003083555,-0.001253899,0.0005620721,0.002355936,0.00412382,0.00585217,0.0075367,0.009173527,0.01074831,0.01226413,0.01371165,0.01508339,0.01638411,0.0176031,0.01874085,0.01979969,0.02076964,0.02165452,0.02245038,0.0231519,0.02376387,0.0242824,0.02470844,0.02504303,0.02528477,0.02543546,0.02549811,0.025477,0.02537524,0.025196,0.02494314,0.0246144,0.02421767,0.02375371,0.02322547,0.02264283,0.02200417,0.02131487,0.0205834,0.01980255,0.01898458,0.01812555,0.01722256,0.01628052,0.01529117,0.01425156,0.01316527,0.01202154,0.01082961,0.009586867,0.008289777,0.006949243,0.00555183,0.004120973,0.002633388,0.001118499,-0.0004398917,-0.002014583,-0.003604466,-0.005226915,-0.006830984,-0.008451021,-0.01005709,-0.01165651,-0.01323344
-0.01414187,-0.01558726,-0.01699426,-0.01836015,-0.01967129,-0.02092037,-0.02209327,-0.02318138,-0.02420454,-0.02513807,-0.02598786,-0.02675055,-0.02742374,-0.02800488,-0.0284908,-0.02887574,-0.02915688,-0.02932832,-0.02938896,-0.02933635,-0.02917097,-0.02889471,-0.02851113,-0.02802343,-0.02743756,-0.02675512,-0.02598003,-0.02511305,-0.02415551,-0.02310905,-0.02197688,-0.02076216,-0.01947145,-0.01811014,-0.01668623,-0.01520611,-0.01367842,-0.01210894,-0.01050541,-0.008875328,-0.007224278,-0.005560823,-0.00389299,-0.002225295,-0.0005698901,0.001068836,0.002683844,0.004263617,0.005807399,0.007305748,0.008751089,0.01014524,0.01147602,0.01274282,0.01394555,0.01507359,0.01613337,0.01712098,0.01803241,0.01887312,0.01963597,0.02031997,0.02092744,0.02145235,0.021899,0.02226603,0.02255258,0.02275938,0.02288742,0.02293861,0.02291663,0.02282495,0.02266615,0.0224396,0.02215127,0.02179811,0.02138675,0.02092185,0.02040307,0.01983907,0.01923238,0.01858084,0.01789663,0.01717112,0.01640932,0.01561138,0.0147691,0.01388398,0.01295364,0.01196975,0.01094009,0.00985464,0.008717029,0.007531248,0.00628988,0.005007337,0.003666304,0.002293313,0.0008692765,-0.0005807953,-0.002069528,-0.003583836,-0.0050932,-0.006631128,-0.008151884,-0.009672786,-0.01117743,-0.01267169
-0.01341337,-0.01476914,-0.01608803,-0.01735682,-0.01857208,-0.0197252,-0.0208142,-0.02183586,-0.02276415,-0.02361706,-0.02438464,-0.02506723,-0.02566244,-0.02616779,-0.02657883,-0.02689336,-0.02710559,-0.02721485,-0.02721732,-0.02711426,-0.02690608,-0.02659586,-0.02618656,-0.02568381,-0.0250897,-0.02440979,-0.02364454,-0.0227969,-0.02186785,-0.0208602,-0.01977635,-0.01862209,-0.01740142,-0.01612218,-0.01478988,-0.01341296,-0.01199658,-0.01054924,-0.009076293,-0.007584283,-0.006080628,-0.004571195,-0.003061647,-0.001562006,-7.438672e-05,0.00139108,0.002828159,0.004234275,0.005598881,0.006919471,0.008193712,0.009410806,0.01057479,0.01167909,0.01271914,0.01370041,0.01461528,0.01546576,0.01625511,0.01697639,0.01763423,0.01822612,0.01874825,0.01920476,0.01959229,0.01991154,0.02016315,0.02034566,0.0204602,0.02050879,0.02049445,0.02041913,0.02028482,0.02009398,0.01984404,0.0195412,0.01918573,0.01878017,0.01833284,0.01784231,0.01731296,0.01675126,0.0161502,0.01551907,0.01485307,0.01414862,0.0134086,0.01262489,0.01179403,0.01091802,0.009986654,0.009006867,0.007975091,0.006887742,0.005753197,0.00456009,0.003328451,0.002039075,0.0007181367,-0.0006477122,-0.002033637,-0.003439099,-0.004877268,-0.006304593,-0.007749216,-0.009183832,-0.01061394,-0.01202388
-0.012573,-0.01384432,-0.01507529,-0.01626272,-0.01739438,-0.01846439,-0.01946055,-0.02037646,-0.02122862,-0.02199638,-0.02268476,-0.02329043,-0.02381106,-0.02424424,-0.02458736,-0.02483621,-0.02498951,-0.02504379,-0.02499982,-0.0248573,-0.02461838,-0.02428622,-0.02386501,-0.02335813,-0.02277089,-0.02210474,-0.02136334,-0.02054792,-0.01966069,-0.01870424,-0.01768257,-0.01659949,-0.01546146,-0.01427368,-0.01304337,-0.01177617,-0.01047964,-0.009158765,-0.007820262,-0.006470384,-0.005113726,-0.003757162,-0.002406938,-0.001066305,0.0002551504,0.001554536,0.002826526,0.004062391,0.005262311,0.00641924,0.007527953,0.008591037,0.009599448,0.01055417,0.01145625,0.01229827,0.01308683,0.01381979,0.01449513,0.01511863,0.01568538,0.01619552,0.01665124,0.01704759,0.01738797,0.01767096,0.01789562,0.0180622,0.01817103,0.0182231,0.01822079,0.01816635,0.01806124,0.01790432,0.01769997,0.0174452,0.01714531,0.01680406,0.01642112,0.01600374,0.01555354,0.01506821,0.01455699,0.01401149,0.01343487,0.012826,0.01217697,0.01148809,0.01075629,0.009973647,0.00914565,0.008262713,0.007327127,0.006341267,0.005298723,0.004211459,0.003065407,0.001883621,0.0006506277,-0.0006111736,-0.001912319,-0.003240119,-0.004569172,-0.005926384,-0.007271809,-0.008618913,-0.009952113,-0.0112748
-0.01168149,-0.01285811,-0.01399638,-0.01508419,-0.01611871,-0.01709247,-0.01800428,-0.01885123,-0.0196125,-0.02030293,-0.02091398,-0.02144587,-0.02189636,-0.02226347,-0.02254389,-0.0227366,-0.02283805,-0.02284911,-0.02276819,-0.02259789,-0.02234002,-0.02199835,-0.02157623,-0.0210788,-0.02050805,-0.01986877,-0.01916174,-0.01839009,-0.01755556,-0.01666149,-0.0157109,-0.01470941,-0.013661,-0.01257262,-0.01144911,-0.01029764,-0.009122601,-0.007931138,-0.006727685,-0.005517596,-0.004306754,-0.003099608,-0.00190039,-0.0007167754,0.0004501031,0.001592437,0.002705844,0.003788815,0.004833402,0.005838418,0.006802714,0.007718406,0.008589909,0.009412783,0.01018454,0.01091069,0.01158598,0.01221317,0.01279589,0.01332949,0.01381879,0.01426231,0.01465728,0.01500698,0.01530835,0.01556173,0.01576727,0.01592341,0.01603056,0.01608975,0.01610278,0.01607062,0.01599432,0.01587535,0.01571108,0.01550624,0.01526073,0.01497657,0.01466052,0.01431124,0.01393205,0.01352761,0.01309131,0.01262991,0.01213829,0.01161262,0.01105421,0.01045541,0.00981243,0.009125905,0.00838631,0.00759852,0.00675853,0.005863029,0.004918553,0.003916002,0.002872354,0.001772345,0.0006386988,-0.0005392348,-0.001739487,-0.00296172,-0.004215342,-0.005463568,-0.00672838,-0.007985246,-0.009237606,-0.01047031
-0.01071666,-0.01180348,-0.01284964,-0.01385209,-0.01480039,-0.01569006,-0.01651104,-0.01725883,-0.01794673,-0.01855791,-0.01909656,-0.01955978,-0.01994578,-0.02025279,-0.02047929,-0.02062274,-0.02068329,-0.02065944,-0.02055323,-0.02036567,-0.02009974,-0.01975894,-0.01934733,-0.01886808,-0.0183257,-0.01772164,-0.0170593,-0.01634029,-0.01556719,-0.01474292,-0.01387147,-0.01295656,-0.01200391,-0.01101803,-0.01000498,-0.00896943,-0.007917611,-0.006853564,-0.005782754,-0.004710063,-0.00363897,-0.002574657,-0.001521704,-0.0004822257,0.0005365019,0.001532758,0.002502696,0.003439893,0.004345125,0.00521331,0.006041008,0.006831115,0.007577105,0.00828082,0.008943928,0.009561367,0.01013938,0.010677,0.01117348,0.01163442,0.01205653,0.01244057,0.01278846,0.01309607,0.01336584,0.01359628,0.01378628,0.01393565,0.01404415,0.01411199,0.01414044,0.01413079,0.01408364,0.01399763,0.01387584,0.01371547,0.01352056,0.013294,0.01303542,0.01275056,0.01244035,0.01210243,0.01174355,0.01135599,0.01094151,0.01049822,0.0100188,0.009502633,0.008946213,0.008342116,0.007693875,0.006992662,0.006239793,0.00543663,0.004577995,0.003673802,0.002713091,0.001715438,0.0006687172,-0.000407644,-0.001522068,-0.002662721,-0.003808638,-0.004980478,-0.006144054,-0.007309185,-0.008461266,-0.009601519
-0.009732818,-0.01072203,-0.01167352,-0.01257684,-0.01342972,-0.01422604,-0.01496538,-0.01564537,-0.01624973,-0.01679038,-0.01726035,-0.01765997,-0.01798761,-0.01824205,-0.01842132,-0.01852547,-0.01855277,-0.01850507,-0.01838226,-0.01818749,-0.01792314,-0.01759294,-0.0172001,-0.01674901,-0.0162415,-0.01568167,-0.01507052,-0.01441108,-0.01370533,-0.01295655,-0.0121677,-0.01134369,-0.01048802,-0.009606439,-0.008702905,-0.007783193,-0.006850821,-0.005911478,-0.004968586,-0.004026256,-0.003088871,-0.002159592,-0.001241369,-0.0003398476,0.0005445568,0.001406031,0.002241624,0.003050581,0.00382709,0.004570816,0.005281397,0.005953236,0.006590616,0.007190663,0.007752252,0.008280477,0.00877182,0.009229249,0.009656293,0.01004997,0.01041483,0.01075005,0.01105362,0.01132799,0.01157038,0.01178072,0.01195879,0.01210295,0.01221307,0.0122894,0.01233286,0.01234366,0.01232223,0.01226926,0.01218227,0.01206471,0.01191619,0.01173818,0.01153597,0.01130828,0.01105752,0.01078691,0.01049055,0.01017315,0.009829758,0.009456571,0.009053789,0.008614384,0.008134454,0.007613548,0.007043087,0.006426279,0.005759191,0.00503902,0.004270895,0.003447887,0.002584061,0.001667727,0.0007179919,-0.0002733124,-0.001287371,-0.00232375,-0.003388594,-0.004451458,-0.005528844,-0.006599313,-0.007664232,-0.00870961
-0.008716553,-0.00961351,-0.01047203,-0.01128939,-0.01205698,-0.01277159,-0.01342555,-0.01401586,-0.01455285,-0.01502331,-0.01543078,-0.01577301,-0.01604892,-0.01625755,-0.01639834,-0.01647014,-0.016474,-0.01640972,-0.01627985,-0.01608602,-0.0158313,-0.015519,-0.0151527,-0.01473515,-0.01427011,-0.01375895,-0.01320468,-0.01260894,-0.01197421,-0.01130321,-0.01059946,-0.009866171,-0.009108052,-0.00832874,-0.007533074,-0.0067247,-0.005908497,-0.00508755,-0.004266045,-0.003447586,-0.002634619,-0.001830856,-0.001039486,-0.0002617558,0.0004969978,0.001235867,0.001952177,0.002641326,0.003304362,0.003937728,0.00453925,0.005111754,0.00565065,0.006158075,0.006635898,0.007080769,0.007498183,0.007887897,0.008249921,0.008589232,0.008903743,0.009194454,0.00946293,0.009705788,0.009924645,0.01011798,0.0102846,0.010424,0.01053556,0.01061899,0.0106748,0.01070357,0.01070534,0.01067868,0.01062565,0.01054368,0.01043575,0.01030392,0.01014777,0.009971713,0.009776157,0.009558891,0.009324727,0.009066918,0.00878624,0.008480439,0.008142999,0.00777265,0.007365741,0.006915569,0.006424135,0.00588372,0.005295006,0.004658759,0.003971028,0.003239869,0.00245708,0.001638736,0.0007756975,-0.0001158022,-0.001042124,-0.001992693,-0.002950457,-0.003930561,-0.004904854,-0.005879913,-0.006842274,-0.007791726
-0.007715166,-0.008515074,-0.009280386,-0.01000254,-0.01067966,-0.01130708,-0.01188516,-0.01241204,-0.01287542,-0.01328457,-0.01363418,-0.01392476,-0.01415535,-0.01432542,-0.01443408,-0.01448206,-0.01446882,-0.01439658,-0.014266,-0.01408017,-0.01384147,-0.01355321,-0.01321818,-0.01283997,-0.0124202,-0.0119622,-0.01146702,-0.01093725,-0.01037473,-0.009782304,-0.009162492,-0.008519299,-0.007855554,-0.007175755,-0.006482973,-0.005781633,-0.005074397,-0.004365565,-0.00365762,-0.002953542,-0.002256427,-0.00156839,-0.0008913773,-0.0002293791,0.0004176164,0.001045425,0.001652131,0.002237445,0.002797245,0.003331662,0.00384078,0.004320742,0.004775329,0.005202769,0.005602749,0.005979642,0.006331192,0.006660169,0.006969712,0.007258005,0.007528991,0.007782284,0.008016434,0.008233174,0.008430076,0.008606804,0.008762872,0.008896693,0.009007822,0.009096052,0.009161686,0.00920452,0.009224526,0.009221906,0.00919441,0.009144401,0.009071336,0.008976217,0.008862996,0.008730534,0.008580526,0.008415099,0.008229287,0.008026239,0.007801511,0.00755157,0.00727586,0.006968202,0.006624829,0.006244601,0.005820166,0.005353481,0.004841049,0.00428066,0.003676268,0.00302285,0.002331634,0.001594041,0.0008254863,2.002136e-05,-0.0008068717,-0.001654553,-0.002526563,-0.003398528,-0.004282434,-0.005160203,-0.006031411,-0.00688397
-0.00672138,-0.007430313,-0.008105454,-0.008744551,-0.009340767,-0.009891998,-0.01039286,-0.01084143,-0.01124546,-0.01159504,-0.0118931,-0.01213809,-0.01232953,-0.01246708,-0.01255081,-0.01258046,-0.01255746,-0.01248226,-0.0123574,-0.01218457,-0.01196655,-0.01170616,-0.01140632,-0.01106933,-0.01069815,-0.01029397,-0.009859252,-0.009395402,-0.008904523,-0.008388854,-0.007851233,-0.007294225,-0.006721477,-0.006135769,-0.005540763,-0.004939168,-0.004334615,-0.003729326,-0.003126336,-0.002528169,-0.00193644,-0.001353682,-0.0007820142,-0.0002220942,0.0003222981,0.0008507591,0.001361487,0.001851284,0.002321212,0.002768855,0.0031929,0.00359582,0.003974488,0.004330947,0.004666961,0.004980397,0.00527578,0.005553256,0.005813212,0.006059784,0.006291701,0.00650998,0.006715824,0.006906559,0.007083181,0.007244272,0.007388658,0.007515708,0.007624631,0.007714895,0.007786559,0.007839747,0.007874196,0.007888532,0.007884009,0.007858421,0.007813827,0.007751637,0.007671429,0.007576449,0.007466815,0.007340624,0.007201169,0.007042899,0.006865956,0.006668051,0.006443656,0.006191168,0.005907117,0.005585765,0.005228041,0.004827583,0.004384683,0.003899753,0.003369925,0.002801505,0.002188612,0.001543882,0.0008607261,0.0001521134,-0.0005864673,-0.00134606,-0.002113218,-0.002898502,-0.003679794,-0.004461087,-0.005230537,-0.00598717
-0.005773449,-0.00638972,-0.006976643,-0.007527604,-0.008041119,-0.008513873,-0.00894668,-0.00933821,-0.009679597,-0.009977723,-0.01022882,-0.01043349,-0.01059127,-0.01070212,-0.01076577,-0.01078324,-0.01075463,-0.01068206,-0.01056646,-0.01041047,-0.0102162,-0.009986306,-0.009723061,-0.009429249,-0.009106178,-0.008756422,-0.008380849,-0.007981504,-0.007559889,-0.007118211,-0.006658464,-0.00618369,-0.005696041,-0.005198854,-0.00469439,-0.004185867,-0.003675192,-0.003165444,-0.002658327,-0.002155885,-0.001660198,-0.001172602,-0.0006943139,-0.0002280402,0.0002264258,0.0006661874,0.00109004,0.001497942,0.001887071,0.002257749,0.002610253,0.002942019,0.003256112,0.003551502,0.003828298,0.00408999,0.004335207,0.004566285,0.004785798,0.004992718,0.00519022,0.005378171,0.005555567,0.00572356,0.005880175,0.006024951,0.006157301,0.006275831,0.006379968,0.006469296,0.006543784,0.006603028,0.006646764,0.006674878,0.006685465,0.006680038,0.006658022,0.006620051,0.006568951,0.006503799,0.006425731,0.006336095,0.00623097,0.006112334,0.005976482,0.005820369,0.005643039,0.005439366,0.005205994,0.004941496,0.004639945,0.004302419,0.003926055,0.003509209,0.003054802,0.002559384,0.002031464,0.001465074,0.0008720003,0.0002481877,-0.0003942939,-0.001054647,-0.001734569,-0.002415464,-0.003105583,-0.003790515,-0.004468752,-0.005130535
-0.00486692,-0.00539734,-0.005900391,-0.006374332,-0.00681407,-0.007218358,-0.007583701,-0.007908937,-0.008199565,-0.008448587,-0.008658306,-0.008827729,-0.008956762,-0.009045411,-0.00909405,-0.009102848,-0.009073202,-0.009005822,-0.008902841,-0.008765769,-0.008596835,-0.008398244,-0.008172256,-0.007920617,-0.007645544,-0.007347957,-0.007029695,-0.006691835,-0.006335984,-0.005963826,-0.005577481,-0.005178858,-0.004770617,-0.004354765,-0.003933926,-0.003509999,-0.003085544,-0.002662068,-0.002241655,-0.001825976,-0.001416039,-0.001013482,-0.0006196491,-0.0002348428,0.0001383773,0.0004998786,0.0008484873,0.001182073,0.001501538,0.001805305,0.002092624,0.002365451,0.002621747,0.002863229,0.003091361,0.003304866,0.003507201,0.003698671,0.003879795,0.00405376,0.004219851,0.004378956,0.004531943,0.004676824,0.004814161,0.004942758,0.005061597,0.005170044,0.005267328,0.005352869,0.005426508,0.005488136,0.005537357,0.005572984,0.00559569,0.005603713,0.005598394,0.005580643,0.005550109,0.00550906,0.005457466,0.00539383,0.005320283,0.005232562,0.005130461,0.005011923,0.004872561,0.004710756,0.004523505,0.004306238,0.004059208,0.00377752,0.003461238,0.003110549,0.002723486,0.002304696,0.001850205,0.00136936,0.0008576833,0.0003249386,-0.0002318513,-0.0008055978,-0.001386261,-0.001980743,-0.002572649,-0.003164118,-0.003745498,-0.004315543
-0.004029466,-0.004475251,-0.004898264,-0.00529376,-0.005660634,-0.005996725,-0.006302963,-0.006578451,-0.006817198,-0.007023979,-0.00719633,-0.007334787,-0.007439206,-0.00750974,-0.007546467,-0.007550336,-0.007521722,-0.007462346,-0.00737312,-0.007256075,-0.007112853,-0.006945443,-0.006755541,-0.006545153,-0.006315258,-0.006067676,-0.005803059,-0.005522867,-0.005228202,-0.004920649,-0.004601656,-0.004273379,-0.00393735,-0.003595894,-0.003250579,-0.002903606,-0.002556261,-0.002210616,-0.001867775,-0.001529059,-0.001195787,-0.0008687562,-0.0005486847,-0.0002373136,6.56015e-05,0.0003581562,0.0006396211,0.0009100534,0.001167614,0.001412641,0.001645441,0.001864397,0.002071775,0.002267027,0.00245042,0.002624522,0.002788562,0.002944326,0.003093754,0.003236331,0.003374407,0.003507992,0.003636424,0.003760425,0.003878516,0.003990245,0.004095059,0.004191848,0.004280061,0.004359251,0.004429248,0.004489614,0.00454001,0.004580178,0.004608631,0.004626263,0.004632566,0.004627921,0.004614236,0.004590833,0.004558432,0.004517836,0.004466176,0.004404594,0.004330256,0.004240749,0.004135038,0.00400919,0.003860483,0.003687534,0.003485917,0.003256127,0.002996012,0.002704417,0.002383359,0.002030622,0.001652216,0.00124427,0.0008151776,0.0003623976,-0.0001053134,-0.0005871351,-0.00108363,-0.001581527,-0.002086097,-0.002586669,-0.003081379,-0.00356296
-0.003257141,-0.00362576,-0.003974265,-0.004301412,-0.004603709,-0.004880516,-0.005129748,-0.005350769,-0.005547121,-0.005714262,-0.005853851,-0.00596529,-0.006048657,-0.006104093,-0.006132015,-0.006132739,-0.006107395,-0.006056658,-0.005982129,-0.005884967,-0.005766795,-0.005629187,-0.005473735,-0.00530167,-0.005114506,-0.00491289,-0.004698072,-0.004470793,-0.004232165,-0.003983353,-0.003725809,-0.003460851,-0.003190277,-0.00291544,-0.002638091,-0.002359476,-0.002081272,-0.001804442,-0.001530321,-0.001259942,-0.000993901,-0.0007331896,-0.0004786052,-0.0002302751,1.018611e-05,0.0002427579,0.0004667074,0.0006807128,0.0008854236,0.001079872,0.001263668,0.00143818,0.001602185,0.001756957,0.001903562,0.002041321,0.002172635,0.002297822,0.002417386,0.002533556,0.00264599,0.002755374,0.002862273,0.002965344,0.003064864,0.003159931,0.003249768,0.003333837,0.003411505,0.003482272,0.003545917,0.003602253,0.00365089,0.003690911,0.003722609,0.003744712,0.003758029,0.003763105,0.003759702,0.003749291,0.003731786,0.00370614,0.003673598,0.003631183,0.003578557,0.003514073,0.003434565,0.003338636,0.003223954,0.003087206,0.00292827,0.00274371,0.00253347,0.002297578,0.002034808,0.001748274,0.001435543,0.001102931,0.0007476737,0.0003765184,-1.230479e-05,-0.0004136537,-0.0008206724,-0.00123741,-0.001652706,-0.002067474,-0.002474584,-0.002872854
-0.002567137,-0.002862391,-0.003141817,-0.003402322,-0.003643151,-0.003863035,-0.004062755,-0.004241761,-0.004396334,-0.004529488,-0.00463976,-0.004727538,-0.004792825,-0.004835808,-0.004856667,-0.004856128,-0.004834588,-0.00479327,-0.004732892,-0.004654848,-0.004560282,-0.004450531,-0.004326744,-0.00419023,-0.004041652,-0.003882173,-0.003712232,-0.003532764,-0.003344501,-0.003148475,-0.002945642,-0.0027374,-0.002524751,-0.002309182,-0.002091696,-0.001873676,-0.001655928,-0.001439735,-0.001225762,-0.001014799,-0.0008076231,-0.0006046747,-0.0004063507,-0.0002136887,-2.64906e-05,0.0001540835,0.000327615,0.0004941777,0.0006526579,0.0008033233,0.0009464199,0.001081003,0.001208579,0.001328888,0.0014422,0.001550222,0.001652564,0.001750448,0.001845194,0.001936586,0.002026204,0.002114109,0.002199904,0.002284003,0.002365414,0.002443775,0.002518654,0.002589265,0.002655173,0.002716006,0.002771576,0.002821522,0.002865538,0.002903352,0.002933925,0.00295773,0.00297439,0.002984118,0.002988104,0.002985903,0.00297794,0.002964649,0.002944131,0.002916976,0.002881233,0.002835192,0.002777972,0.002706852,0.002619868,0.002515906,0.002391974,0.002248231,0.002083212,0.001896168,0.001688365,0.001458497,0.001210426,0.000941864,0.0006582389,0.0003581244,4.728245e-05,-0.0002735878,-0.0006044816,-0.0009367689,-0.001273492,-0.001607503,-0.001937125,-0.002257473
-0.00195524,-0.002185211,-0.002402162,-0.002605279,-0.002792439,-0.002963376,-0.003116993,-0.003253015,-0.003373302,-0.003475339,-0.003560145,-0.003627389,-0.003677188,-0.003709686,-0.003725207,-0.003724046,-0.003706961,-0.003674472,-0.003627613,-0.003567159,-0.003494152,-0.003409589,-0.003314464,-0.003209556,-0.003095777,-0.002973539,-0.002843592,-0.002706392,-0.002562624,-0.002413006,-0.002258427,-0.002099709,-0.001937941,-0.001773952,-0.00160879,-0.001443205,-0.001278182,-0.001114289,-0.0009522982,-0.000792789,-0.0006360951,-0.0004827574,-0.0003332016,-0.0001874968,-4.653896e-05,8.966748e-05,0.0002206938,0.0003458244,0.0004654269,0.0005789728,0.0006863009,0.0007882062,0.0008840702,0.0009747041,0.00106076,0.001141977,0.001219791,0.00129446,0.001366401,0.001436956,0.001506025,0.001574071,0.001641397,0.001707228,0.001771659,0.001834099,0.001894043,0.0019511,0.002004827,0.002054872,0.002101047,0.002143177,0.00218096,0.002213797,0.002241744,0.002264024,0.002281061,0.002293141,0.002300165,0.00230296,0.002301446,0.002295014,0.002284247,0.002267355,0.002244005,0.002213038,0.002172475,0.002121272,0.002057845,0.001980101,0.001887749,0.001778688,0.001652823,0.001510064,0.001349795,0.001173772,0.000980802,0.0007745367,0.000553586,0.0003220109,7.896475e-05,-0.0001722443,-0.0004276157,-0.0006889941,-0.000949805,-0.001210197,-0.001465574,-0.001714986
-0.001429853,-0.001600576,-0.001761858,-0.001911945,-0.002050386,-0.002176531,-0.002290894,-0.002393178,-0.002481354,-0.002557076,-0.002619585,-0.002669109,-0.002705691,-0.002729468,-0.002740596,-0.002739533,-0.00272657,-0.002702442,-0.002667617,-0.002622909,-0.002569009,-0.00250669,-0.002436626,-0.002359561,-0.002275882,-0.002186237,-0.002090879,-0.001990332,-0.001885016,-0.001775517,-0.001662386,-0.001546415,-0.001428179,-0.001308512,-0.001187981,-0.001067349,-0.0009470642,-0.0008278257,-0.0007099925,-0.0005939829,-0.0004802058,-0.0003688776,-0.0002601961,-0.0001547095,-5.229348e-05,4.642662e-05,0.0001412333,0.0002321805,0.0003186702,0.0004008711,0.0004789397,0.0005523867,0.000622077,0.0006879056,0.0007500671,0.0008095446,0.0008661682,0.0009206577,0.0009737887,0.001025496,0.001076697,0.001127456,0.001177564,0.001227232,0.001275883,0.001323283,0.001369156,0.001413026,0.00145461,0.001493661,0.00153004,0.001563507,0.001593849,0.001620863,0.001643924,0.00166325,0.001678609,0.001690107,0.001698398,0.001703233,0.001704834,0.001703407,0.001697863,0.001688462,0.001674051,0.00165359,0.001626481,0.001591103,0.001546249,0.001491181,0.001424149,0.001345161,0.001253355,0.001148304,0.001030694,0.0008998551,0.0007579395,0.0006037668,0.0004403862,0.0002671084,8.722105e-05,-9.879482e-05,-0.0002907569,-0.0004837842,-0.0006793958,-0.0008734585,-0.001064786,-0.001250544
-0.0009868873,-0.001107034,-0.001220228,-0.001325983,-0.001423254,-0.001511968,-0.001591684,-0.001662373,-0.001724534,-0.001777239,-0.001820933,-0.001855471,-0.001880939,-0.001897436,-0.001905135,-0.001904252,-0.00189517,-0.001878226,-0.001853945,-0.001822768,-0.001785241,-0.001741894,-0.001693234,-0.00163969,-0.001581696,-0.001519497,-0.001453451,-0.001383803,-0.0013109,-0.001235118,-0.001156905,-0.001076706,-0.0009950587,-0.0009124062,-0.0008292654,-0.0007460328,-0.0006631788,-0.0005810088,-0.0004998927,-0.0004201032,-0.0003418168,-0.0002652769,-0.0001906653,-0.000118059,-4.782807e-05,1.999117e-05,8.517361e-05,0.0001474425,0.0002069068,0.0002633454,0.0003167427,0.0003673969,0.0004151292,0.0004603389,0.0005033093,0.0005440684,0.0005832532,0.0006210381,0.0006577351,0.0006939372,0.000729699,0.0007652773,0.0008007601,0.0008358338,0.0008704764,0.0009043767,0.0009372781,0.0009689428,0.0009991225,0.001027624,0.00105433,0.001079121,0.001101816,0.001122116,0.001139947,0.00115497,0.001167345,0.00117718,0.001184507,0.001189664,0.001192606,0.001193102,0.001191257,0.001186277,0.0011779,0.001165431,0.00114792,0.001124696,0.001094866,0.001057403,0.001011958,0.000957549,0.0008940868,0.000821399,0.0007393567,0.0006486009,0.0005489077,0.0004417548,0.0003268234,0.0002059654,7.901979e-05,-5.224704e-05,-0.0001862067,-0.0003230436,-0.0004599231,-0.0005965274,-0.000730498,-0.0008611511
-0.0006286011,-0.0007060366,-0.0007791104,-0.0008470425,-0.00090962,-0.0009665788,-0.001018167,-0.001064258,-0.001103973,-0.001138027,-0.001166106,-0.001188311,-0.001204675,-0.001215267,-0.001220173,-0.00121961,-0.001213731,-0.001202876,-0.001187271,-0.00116729,-0.001143253,-0.00111551,-0.001084369,-0.001050163,-0.001013067,-0.0009733655,-0.0009311744,-0.0008867223,-0.0008402006,-0.0007918694,-0.0007419795,-0.000690883,-0.0006388411,-0.0005862219,-0.0005332793,-0.0004803477,-0.0004276247,-0.0003754136,-0.0003238697,-0.0002731704,-0.000223489,-0.0001749114,-0.0001275185,-8.154155e-05,-3.69231e-05,6.068238e-06,4.734065e-05,8.69209e-05,0.0001245526,0.0001603154,0.0001942833,0.0002262534,0.0002566131,0.0002853299,0.0003125037,0.0003385771,0.0003634918,0.0003875772,0.0004111879,0.0004343149,0.0004573748,0.0004804069,0.0005033233,0.0005262097,0.0005488067,0.0005709994,0.0005926549,0.0006135512,0.0006335498,0.0006525291,0.0006704167,0.0006870935,0.000702453,0.0007163864,0.0007286044,0.0007391864,0.0007480229,0.0007551581,0.0007608774,0.000765071,0.0007678331,0.0007692415,0.0007688083,0.0007666229,0.0007621564,0.0007549219,0.0007446192,0.000730498,0.0007119887,0.0006887252,0.0006599101,0.0006255165,0.0005851491,0.0005386163,0.0004862101,0.0004276572,0.0003638995,0.0002944545,0.0002206652,0.0001422694,6.073553e-05,-2.369271e-05,-0.0001108703,-0.0001986319,-0.000287576,-0.0003758404,-0.0004628106,-0.0005472061
-0.0003519195,-0.0003958463,-0.0004372078,-0.0004757318,-0.0005111234,-0.0005433854,-0.0005724811,-0.000598532,-0.0006210704,-0.00064028,-0.0006561675,-0.0006687107,-0.0006779519,-0.0006839361,-0.0006867039,-0.0006863878,-0.0006830776,-0.0006769593,-0.000668178,-0.0006569322,-0.0006434094,-0.0006278142,-0.0006103112,-0.0005910923,-0.0005702637,-0.0005479667,-0.0005242887,-0.0004993406,-0.0004732384,-0.0004461285,-0.000418152,-0.0003895029,-0.0003603402,-0.0003308557,-0.0003012076,-0.0002715677,-0.0002420659,-0.0002128475,-0.0001840224,-0.0001556764,-0.0001278995,-0.000100756,-7.427958e-05,-4.857921e-05,-2.367625e-05,3.497135e-07,2.339944e-05,4.548463e-05,6.651871e-05,8.64777e-05,0.0001054342,0.0001233207,0.000140251,0.0001563176,0.0001715294,0.0001861007,0.0002000957,0.0002136166,0.0002268866,0.0002399568,0.0002529726,0.0002660312,0.0002790653,0.0002920894,0.0003050086,0.0003177199,0.0003301544,0.0003421961,0.0003537516,0.0003647573,0.0003751643,0.0003849152,0.0003939327,0.0004021549,0.0004094418,0.0004157815,0.0004211688,0.0004256,0.0004292102,0.0004320038,0.0004339695,0.0004351609,0.0004353655,0.0004345111,0.0004324114,0.0004287293,0.0004232734,0.0004156751,0.0004055672,0.0003927119,0.0003767505,0.0003575152,0.0003349391,0.0003087949,0.0002793077,0.0002463155,0.0002102821,0.0001711322,0.0001293032,8.506539e-05,3.872332e-05,-9.061794e-06,-5.83782e-05,-0.000108266,-0.0001585675,-0.0002086819,-0.0002579271,-0.0003058267
-0.0001558593,-0.0001754618,-0.0001939498,-0.0002111285,-0.0002269423,-0.0002413294,-0.0002543546,-0.0002659867,-0.0002760098,-0.0002845991,-0.00029168,-0.0002972771,-0.0003014007,-0.0003040689,-0.0003053063,-0.0003051684,-0.0003036972,-0.0003009794,-0.0002970749,-0.0002920782,-0.0002860715,-0.0002791433,-0.0002713719,-0.0002628404,-0.0002535935,-0.0002437013,-0.0002331934,-0.0002221262,-0.0002105482,-0.0001985244,-0.0001861184,-0.0001734183,-0.0001604902,-0.0001474258,-0.0001342889,-0.0001211622,-0.0001080952,-9.516236e-05,-8.240205e-05,-6.985734e-05,-5.757024e-05,-4.556081e-05,-3.384818e-05,-2.24883e-05,-1.146662e-05,-8.488441e-07,9.342722e-06,1.911506e-05,2.840553e-05,3.723461e-05,4.562135e-05,5.351735e-05,6.101963e-05,6.812223e-05,7.485225e-05,8.132094e-05,8.751646e-05,9.352255e-05,9.942929e-05,0.0001052376,0.000111053,0.0001168869,0.0001227184,0.0001285675,0.0001343691,0.0001400929,0.000145704,0.0001511455,0.0001563807,0.0001613776,0.0001661164,0.0001705655,0.0001746964,0.000178479,0.0001818394,0.0001847944,0.000187316,0.0001894148,0.0001911611,0.0001925281,0.0001935383,0.0001942092,0.0001944186,0.0001941845,0.0001933723,0.0001918567,0.0001895571,0.0001862815,0.0001818826,0.0001762626,0.0001692194,0.0001607413,0.0001507277,0.0001391304,0.0001260198,0.0001113318,9.529865e-05,7.780694e-05,5.918931e-05,3.93878e-05,1.876971e-05,-2.599491e-06,-2.467295e-05,-4.691167e-05,-6.945174e-05,-9.182544e-05,-0.0001138646,-0.0001352466
-3.910975e-05,-4.397015e-05,-4.855807e-05,-5.270586e-05,-5.650288e-05,-5.997432e-05,-6.327466e-05,-6.66e-05,-6.897849e-05,-7.11684e-05,-7.293954e-05,-7.433454e-05,-7.536382e-05,-7.604258e-05,-7.633348e-05,-7.632104e-05,-7.593303e-05,-7.527387e-05,-7.428517e-05,-7.303987e-05,-7.153674e-05,-6.981425e-05,-6.786072e-05,-6.574958e-05,-6.341928e-05,-6.096296e-05,-5.833076e-05,-5.556937e-05,-5.267542e-05,-4.968136e-05,-4.657184e-05,-4.341465e-05,-4.017636e-05,-3.692443e-05,-3.363596e-05,-3.037468e-05,-2.709955e-05,-2.388136e-05,-2.070202e-05,-1.755884e-05,-1.450403e-05,-1.151823e-05,-8.564664e-06,-5.777203e-06,-3.002108e-06,-3.475905e-07,2.147491e-06,4.638684e-06,6.934424e-06,9.107489e-06,1.12731e-05,1.316935e-05,1.505791e-05,1.686784e-05,1.846198e-05,2.0147e-05,2.168803e-05,2.314596e-05,2.469519e-05,2.610103e-05,2.755125e-05,2.905584e-05,3.046561e-05,3.19656e-05,3.342519e-05,3.485187e-05,3.627715e-05,3.765183e-05,3.896773e-05,4.023306e-05,4.144017e-05,4.25688e-05,4.360188e-05,4.460751e-05,4.541785e-05,4.619812e-05,4.686223e-05,4.735226e-05,4.785953e-05,4.82194e-05,4.844051e-05,4.872874e-05,4.871102e-05,4.869613e-05,4.85432e-05,4.810865e-05,4.760391e-05,4.682674e-05,4.569393e-05,4.438679e-05,4.255135e-05,4.044779e-05,3.802736e-05,3.503475e-05,3.188453e-05,2.799183e-05,2.418287e-05,1.956992e-05,1.498726e-05,9.877343e-06,4.783702e-06,-2.07089e-07,-6.089314e-06,-1.130947e-05,-1.711434e-05,-2.276249e-05,-2.847236e-05,-3.387682e-05
0,0,0,0,0,0,0,0,0,0,0,0,0,0,0,0,0,0,0,0,0,0,0,0,0,0,0,0,0,0,0,0,0,0,0,0,0,0,0,0,0,0,0,0,0,0,0,0,0,0,0,0,0,0,0,0,0,0,0,0,0,0,0,0,0,0,0,0,0,0,0,0,0,0,0,0,0,0,0,0,0,0,0,0,0,0,0,0,0,0,0,0,0,0,0,0,0,0,0,0,0,0,0,0,0,0,0,0
