0,0,0,0,0,0,0,0,0,0,0,0,0,0,0,0,0,0,0,0,0,0,0,0,0,0,0,0,0,0,0,0,0,0,0,0,0,0,0,0,0,0,0,0,0,0,0,0,0,0,0,0,0,0,0,0,0,0,0,0,0,0,0,0,0,0,0,0,0,0,0,0,0,0,0,0,0,0,0,0,0,0,0,0,0,0,0,0,0,0,0,0,0,0,0,0,0,0,0,0,0,0,0,0,0,0,0,0
7.569458e-06,6.251327e-06,4.651273e-06,3.583805e-06,2.407988e-06,1.656117e-06,8.797708e-07,4.138072e-07,-1.645798e-09,-2.471868e-07,-4.674287e-07,-4.920673e-07,-5.695784e-07,-5.327688e-07,-5.124401e-07,-4.616975e-07,-3.559251e-07,-1.763983e-07,-5.241108e-08,-1.489019e-07,-9.949188e-08,-2.256183e-07,-1.855287e-07,-3.181422e-07,-2.615124e-07,-3.906055e-07,-3.010294e-07,-4.104209e-07,-2.715111e-07,-3.534008e-07,-1.678339e-07,-2.232362e-07,1.05938e-09,-3.222039e-08,2.315871e-07,2.201258e-07,5.167625e-07,5.138146e-07,8.140243e-07,7.803926e-07,1.048681e-06,9.530053e-07,1.16813e-06,1.008963e-06,1.171349e-06,9.612721e-07,1.089393e-06,8.510997e-07,9.739398e-07,7.332648e-07,8.828242e-07,6.554883e-07,8.424022e-07,6.366055e-07,8.226571e-07,6.005074e-07,7.214041e-07,3.947089e-07,4.18802e-07,-4.933151e-08,-1.386389e-07,-7.086545e-07,-8.829789e-07,-1.486898e-06,-1.666089e-06,-2.268058e-06,-2.410202e-06,-2.998672e-06,-3.11212e-06,-3.678312e-06,-3.744958e-06,-4.263212e-06,-4.247164e-06,-4.684982e-06,-4.590461e-06,-4.976932e-06,-4.841218e-06,-5.250421e-06,-5.060805e-06,-5.439013e-06,-5.138161e-06,-5.403098e-06,-5.144898e-06,-5.686961e-06,-6.052346e-06,-7.711724e-06,-9.168676e-06,-1.162501e-05,-1.242858e-05,-1.334836e-05,-1.17257e-05,-1.04337e-05,-7.32729e-06,-6.414018e-06,-2.744815e-06,-7.558589e-07,3.721111e-06,7.086214e-06,1.064169e-05,1.275438e-05,1.56902e-05,1.573399e-05,1.55966e-05,1.586326e-05,1.389485e-05,1.302071e-05,1.087897e-05,9.529777e-06
2.740624e-05,2.200359e-05,1.687996e-05,1.260297e-05,8.790309e-06,5.806463e-06,3.293413e-06,1.434067e-06,6.531393e-08,-8.2844e-07,-1.506147e-06,-1.767785e-06,-1.947078e-06,-1.876552e-06,-1.804407e-06,-1.597071e-06,-1.282473e-06,-5.386065e-07,-2.230231e-07,-4.3849e-07,-4.509933e-07,-6.491557e-07,-7.274957e-07,-9.31146e-07,-1.020908e-06,-1.174581e-06,-1.194994e-06,-1.234157e-06,-1.130589e-06,-1.029536e-06,-8.006496e-07,-5.758343e-07,-2.405174e-07,9.272839e-08,5.344733e-07,9.770301e-07,1.509739e-06,2.008271e-06,2.533329e-06,2.957386e-06,3.341577e-06,3.58295e-06,3.76075e-06,3.797539e-06,3.781389e-06,3.653947e-06,3.503248e-06,3.293469e-06,3.105937e-06,2.911268e-06,2.783704e-06,2.678966e-06,2.649025e-06,2.634652e-06,2.618471e-06,2.522437e-06,2.288374e-06,1.856152e-06,1.224629e-06,3.577961e-07,-7.086158e-07,-1.940729e-06,-3.281753e-06,-4.657142e-06,-6.024788e-06,-7.357529e-06,-8.640442e-06,-9.890832e-06,-1.109168e-05,-1.224959e-05,-1.330728e-05,-1.426811e-05,-1.506233e-05,-1.572565e-05,-1.624565e-05,-1.671604e-05,-1.713307e-05,-1.759216e-05,-1.793675e-05,-1.817908e-05,-1.815885e-05,-1.801639e-05,-1.803794e-05,-1.885386e-05,-2.111034e-05,-2.557619e-05,-3.203636e-05,-3.974929e-05,-4.604268e-05,-4.752443e-05,-4.228872e-05,-3.469842e-05,-2.841019e-05,-2.118393e-05,-1.223355e-05,-7.065183e-07,1.221148e-05,2.555935e-05,3.735817e-05,4.662462e-05,5.325479e-05,5.669114e-05,5.615052e-05,5.46839e-05,5.02728e-05,4.543186e-05,3.935081e-05,3.349123e-05
5.118934e-05,4.072419e-05,3.155275e-05,2.32957e-05,1.646995e-05,1.067409e-05,6.182177e-06,2.724301e-06,9.447268e-08,-1.720628e-06,-2.733959e-06,-3.395599e-06,-3.569809e-06,-3.565373e-06,-3.319276e-06,-3.020422e-06,-2.3614e-06,-1.040235e-06,-3.954545e-07,-8.387921e-07,-8.155562e-07,-1.242283e-06,-1.356971e-06,-1.777351e-06,-1.906232e-06,-2.227625e-06,-2.229892e-06,-2.331577e-06,-2.103863e-06,-1.943427e-06,-1.477816e-06,-1.087665e-06,-4.218796e-07,1.73099e-07,1.035608e-06,1.835514e-06,2.867341e-06,3.769395e-06,4.786249e-06,5.546141e-06,6.298595e-06,6.713881e-06,7.078272e-06,7.109499e-06,7.110549e-06,6.82909e-06,6.585532e-06,6.14276e-06,5.831248e-06,5.423354e-06,5.213792e-06,4.978768e-06,4.960882e-06,4.874567e-06,4.901533e-06,4.653021e-06,4.256899e-06,3.401036e-06,2.242726e-06,5.754299e-07,-1.377812e-06,-3.750112e-06,-6.202605e-06,-8.83966e-06,-1.135595e-05,-1.389932e-05,-1.62612e-05,-1.865386e-05,-2.085813e-05,-2.307582e-05,-2.501767e-05,-2.686588e-05,-2.830434e-05,-2.96148e-05,-3.052608e-05,-3.146676e-05,-3.221791e-05,-3.309685e-05,-3.373576e-05,-3.423955e-05,-3.414228e-05,-3.399721e-05,-3.396888e-05,-3.557397e-05,-3.984593e-05,-4.820463e-05,-6.033949e-05,-7.455965e-05,-8.549897e-05,-8.845083e-05,-7.899955e-05,-6.527527e-05,-5.258251e-05,-3.971297e-05,-2.2331e-05,-1.826374e-06,2.310215e-05,4.752937e-05,6.996708e-05,8.785756e-05,9.956372e-05,0.0001046906,0.0001066515,0.0001014405,9.446703e-05,8.42456e-05,7.356424e-05,6.202231e-05
7.155294e-05,5.764264e-05,4.405643e-05,3.3027e-05,2.292205e-05,1.523815e-05,8.57363e-06,3.734561e-06,1.690097e-07,-2.109276e-06,-3.981676e-06,-4.584079e-06,-5.121288e-06,-4.883117e-06,-4.736341e-06,-4.163384e-06,-3.363677e-06,-1.402152e-06,-5.86497e-07,-1.148501e-06,-1.180787e-06,-1.704875e-06,-1.902686e-06,-2.449156e-06,-2.671391e-06,-3.090758e-06,-3.123709e-06,-3.247908e-06,-2.94912e-06,-2.709375e-06,-2.078904e-06,-1.517061e-06,-6.05013e-07,2.369007e-07,1.431404e-06,2.555458e-06,3.990031e-06,5.257683e-06,6.67309e-06,7.741651e-06,8.78969e-06,9.375534e-06,9.884232e-06,9.931611e-06,9.932533e-06,9.549626e-06,9.196979e-06,8.599214e-06,8.151806e-06,7.589069e-06,7.305664e-06,6.972291e-06,6.944351e-06,6.852329e-06,6.8512e-06,6.549785e-06,5.981201e-06,4.787973e-06,3.190317e-06,8.52198e-07,-1.886385e-06,-5.171931e-06,-8.635718e-06,-1.229402e-05,-1.582072e-05,-1.937518e-05,-2.267366e-05,-2.601494e-05,-2.909798e-05,-3.219935e-05,-3.49033e-05,-3.749174e-05,-3.950636e-05,-4.13109e-05,-4.261211e-05,-4.391634e-05,-4.493292e-05,-4.623155e-05,-4.703933e-05,-4.77721e-05,-4.764169e-05,-4.734315e-05,-4.733601e-05,-4.955864e-05,-5.53405e-05,-6.713514e-05,-8.381806e-05,-0.0001040626,-0.0001203685,-0.0001243044,-0.000110414,-9.072076e-05,-7.415942e-05,-5.54588e-05,-3.189536e-05,-1.865288e-06,3.191077e-05,6.68249e-05,9.759773e-05,0.0001214311,0.0001393706,0.0001484675,0.0001460281,0.0001432946,0.0001310664,0.0001190046,0.000102722,8.773015e-05
8.569026e-05,6.767431e-05,5.284626e-05,3.868319e-05,2.762694e-05,1.767302e-05,1.040449e-05,4.563358e-06,1.602118e-07,-2.980087e-06,-4.455834e-06,-5.746872e-06,-5.889198e-06,-5.991909e-06,-5.5039e-06,-5.055361e-06,-3.932958e-06,-1.723279e-06,-6.54043e-07,-1.384945e-06,-1.38212e-06,-2.05347e-06,-2.310893e-06,-2.949975e-06,-3.250144e-06,-3.699116e-06,-3.802879e-06,-3.857107e-06,-3.592491e-06,-3.187084e-06,-2.534307e-06,-1.731335e-06,-7.532351e-07,4.0667e-07,1.699477e-06,3.214698e-06,4.779028e-06,6.471006e-06,7.998016e-06,9.458296e-06,1.052527e-05,1.141479e-05,1.181758e-05,1.206579e-05,1.185268e-05,1.157675e-05,1.095174e-05,1.040667e-05,9.66124e-06,9.188718e-06,8.593842e-06,8.430813e-06,8.149219e-06,8.22556e-06,8.036119e-06,7.821661e-06,6.91288e-06,5.704521e-06,3.481056e-06,9.376411e-07,-2.618812e-06,-6.359583e-06,-1.073086e-05,-1.491953e-05,-1.940866e-05,-2.341509e-05,-2.766495e-05,-3.140751e-05,-3.539764e-05,-3.884032e-05,-4.240209e-05,-4.52135e-05,-4.793378e-05,-4.985081e-05,-5.167804e-05,-5.296535e-05,-5.456435e-05,-5.568734e-05,-5.716224e-05,-5.763864e-05,-5.785566e-05,-5.730193e-05,-5.758688e-05,-5.992311e-05,-6.748347e-05,-8.090561e-05,-0.0001016409,-0.0001246939,-0.0001434096,-0.0001476061,-0.0001322334,-0.0001084408,-8.839954e-05,-6.583403e-05,-3.790305e-05,-2.659393e-06,3.840986e-05,7.939865e-05,0.0001168545,0.0001478252,0.0001654317,0.0001743596,0.0001796842,0.0001683216,0.0001585385,0.0001399741,0.0001231844,0.0001030796
9.265809e-05,7.514066e-05,5.700641e-05,4.307516e-05,2.960008e-05,1.992527e-05,1.102695e-05,4.806167e-06,2.045854e-07,-2.597933e-06,-5.289214e-06,-5.85709e-06,-6.733112e-06,-6.280832e-06,-6.20122e-06,-5.375612e-06,-4.407974e-06,-1.793656e-06,-7.556068e-07,-1.50885e-06,-1.540936e-06,-2.263136e-06,-2.508802e-06,-3.279527e-06,-3.539545e-06,-4.139826e-06,-4.122362e-06,-4.33489e-06,-3.856546e-06,-3.59115e-06,-2.664022e-06,-1.976214e-06,-6.707745e-07,3.76252e-07,2.060516e-06,3.465769e-06,5.465443e-06,7.046116e-06,9.014493e-06,1.031417e-05,1.179293e-05,1.243735e-05,1.320026e-05,1.312242e-05,1.321169e-05,1.256367e-05,1.218236e-05,1.1253e-05,1.075095e-05,9.856868e-06,9.587209e-06,8.978603e-06,9.041604e-06,8.758316e-06,8.827878e-06,8.274112e-06,7.598102e-06,5.838367e-06,3.836063e-06,5.552487e-07,-2.94886e-06,-7.446924e-06,-1.191306e-05,-1.688871e-05,-2.141556e-05,-2.627126e-05,-3.048067e-05,-3.506294e-05,-3.898788e-05,-4.326168e-05,-4.667722e-05,-5.028488e-05,-5.279443e-05,-5.536038e-05,-5.694397e-05,-5.886748e-05,-6.004284e-05,-6.202413e-05,-6.288202e-05,-6.412996e-05,-6.380145e-05,-6.3639e-05,-6.350109e-05,-6.665121e-05,-7.387232e-05,-8.944573e-05,-0.0001103888,-0.0001365329,-0.0001569452,-0.0001618937,-0.0001430384,-0.0001177571,-9.604271e-05,-7.224732e-05,-4.12626e-05,-2.509449e-06,4.138174e-05,8.681024e-05,0.0001265937,0.0001565671,0.0001814056,0.0001935006,0.0001877132,0.0001869508,0.0001692896,0.0001551286,0.0001329958,0.0001143569
9.682419e-05,7.581028e-05,5.97321e-05,4.327626e-05,3.126957e-05,1.967955e-05,1.179878e-05,5.161116e-06,1.494428e-07,-3.562306e-06,-4.897138e-06,-6.607642e-06,-6.549434e-06,-6.826052e-06,-6.149589e-06,-5.735475e-06,-4.434095e-06,-1.92731e-06,-6.895643e-07,-1.587378e-06,-1.588666e-06,-2.439881e-06,-2.820385e-06,-3.590753e-06,-4.006298e-06,-4.482548e-06,-4.642554e-06,-4.588209e-06,-4.301867e-06,-3.662816e-06,-2.911479e-06,-1.781378e-06,-6.516062e-07,9.116412e-07,2.389029e-06,4.367714e-06,6.131632e-06,8.29507e-06,9.969763e-06,1.182805e-05,1.290581e-05,1.405917e-05,1.430659e-05,1.467797e-05,1.417151e-05,1.390962e-05,1.291139e-05,1.232899e-05,1.11834e-05,1.070318e-05,9.709777e-06,9.6078e-06,8.966514e-06,9.11044e-06,8.575425e-06,8.329849e-06,6.906891e-06,5.506655e-06,2.490914e-06,-4.474494e-07,-5.003883e-06,-9.345131e-06,-1.480365e-05,-1.964645e-05,-2.523937e-05,-2.982878e-05,-3.515567e-05,-3.942871e-05,-4.44545e-05,-4.837184e-05,-5.29058e-05,-5.607149e-05,-5.961295e-05,-6.174701e-05,-6.423056e-05,-6.562502e-05,-6.79035e-05,-6.905038e-05,-7.126771e-05,-7.167896e-05,-7.240945e-05,-7.173695e-05,-7.251686e-05,-7.509752e-05,-8.420036e-05,-9.879463e-05,-0.0001219822,-0.0001457262,-0.0001644875,-0.0001669373,-0.0001496483,-0.0001219965,-0.0001000492,-7.396705e-05,-4.31762e-05,-2.97223e-06,4.330211e-05,8.953109e-05,0.0001320284,0.0001683097,0.0001859898,0.000195776,0.0002051376,0.0001885879,0.0001798845,0.0001569424,0.0001392938,0.0001155328
9.69789e-05,7.940304e-05,5.957087e-05,4.553635e-05,3.081779e-05,2.112765e-05,1.138851e-05,4.967327e-06,1.59146e-07,-2.526001e-06,-5.764003e-06,-6.013171e-06,-7.219568e-06,-6.506768e-06,-6.606168e-06,-5.603256e-06,-4.732171e-06,-1.810723e-06,-7.459582e-07,-1.680381e-06,-1.764871e-06,-2.830953e-06,-3.29396e-06,-4.445467e-06,-4.80081e-06,-5.586279e-06,-5.41852e-06,-5.59764e-06,-4.733027e-06,-4.247885e-06,-2.762113e-06,-1.725161e-06,2.485727e-07,1.707956e-06,4.123573e-06,5.950767e-06,8.672645e-06,1.059677e-05,1.315543e-05,1.458402e-05,1.640508e-05,1.688146e-05,1.770608e-05,1.718846e-05,1.711275e-05,1.584759e-05,1.516912e-05,1.355527e-05,1.273664e-05,1.115494e-05,1.062987e-05,9.351421e-06,9.180006e-06,8.232839e-06,7.945961e-06,6.578735e-06,5.302901e-06,2.382815e-06,-4.798459e-07,-5.226372e-06,-9.830694e-06,-1.59153e-05,-2.158253e-05,-2.813667e-05,-3.378523e-05,-4.018145e-05,-4.541553e-05,-5.149914e-05,-5.639414e-05,-6.212217e-05,-6.638599e-05,-7.132283e-05,-7.449311e-05,-7.818193e-05,-8.027487e-05,-8.32529e-05,-8.485516e-05,-8.802664e-05,-8.924035e-05,-9.162999e-05,-9.159453e-05,-9.240086e-05,-9.269648e-05,-9.716898e-05,-0.0001047371,-0.0001210004,-0.0001390959,-0.0001607558,-0.0001740697,-0.0001737984,-0.0001500026,-0.0001234981,-0.0001006662,-7.639353e-05,-4.331064e-05,-2.869362e-06,4.33838e-05,9.139956e-05,0.0001329813,0.0001630624,0.0001915291,0.0002046541,0.0001945475,0.0001979614,0.0001766364,0.0001640183,0.0001392065,0.0001208711
9.869604e-05,7.644812e-05,6.087464e-05,4.353804e-05,3.188968e-05,1.965527e-05,1.202798e-05,5.230905e-06,6.947917e-08,-3.910655e-06,-4.852668e-06,-6.897208e-06,-6.56562e-06,-7.036669e-06,-6.19264e-06,-5.887189e-06,-4.560579e-06,-1.903815e-06,-5.90789e-07,-1.844481e-06,-2.295878e-06,-4.323854e-06,-5.857743e-06,-7.692895e-06,-8.770417e-06,-9.463625e-06,-9.437845e-06,-8.684208e-06,-7.437596e-06,-5.360421e-06,-3.071464e-06,-1.309453e-08,2.991278e-06,6.743484e-06,1.020873e-05,1.440669e-05,1.800538e-05,2.205687e-05,2.498488e-05,2.794713e-05,2.929478e-05,3.050731e-05,2.99619e-05,2.943793e-05,2.731889e-05,2.553116e-05,2.248936e-05,2.013977e-05,1.686545e-05,1.468347e-05,1.163308e-05,9.955826e-06,7.270817e-06,5.681178e-06,2.751766e-06,8.836174e-08,-4.661183e-06,-9.461603e-06,-1.684932e-05,-2.401169e-05,-3.357291e-05,-4.25517e-05,-5.309662e-05,-6.248216e-05,-7.294726e-05,-8.179001e-05,-9.178047e-05,-0.0001001457,-0.0001096767,-0.0001174958,-0.0001262138,-0.0001328255,-0.000139953,-0.0001449861,-0.0001505429,-0.0001545938,-0.0001599878,-0.000163856,-0.0001693355,-0.000172403,-0.0001761414,-0.0001783347,-0.0001826484,-0.0001889258,-0.0002012015,-0.0002140917,-0.0002261673,-0.0002233977,-0.000205448,-0.0001798193,-0.00015424,-0.0001238423,-0.0001022306,-7.513881e-05,-4.46066e-05,-3.223723e-06,4.406093e-05,9.118673e-05,0.0001348918,0.000173541,0.0001888609,0.000198352,0.000212089,0.0001905399,0.0001844888,0.0001586119,0.0001421889,0.0001166425
9.706047e-05,8.036583e-05,5.945583e-05,4.607618e-05,3.057457e-05,2.142532e-05,1.113595e-05,4.866415e-06,1.808573e-08,-2.323914e-06,-6.094095e-06,-5.887511e-06,-7.47128e-06,-6.427507e-06,-6.778608e-06,-5.577927e-06,-4.967105e-06,-1.66004e-06,-6.69236e-07,-2.660993e-06,-5.219462e-06,-1.122454e-05,-1.718496e-05,-2.314886e-05,-2.644114e-05,-2.822584e-05,-2.691075e-05,-2.411281e-05,-1.844342e-05,-1.178551e-05,-2.8104e-06,6.518335e-06,1.757162e-05,2.837021e-05,4.044777e-05,5.159678e-05,6.329185e-05,7.29084e-05,8.181007e-05,8.726669e-05,9.103783e-05,9.072877e-05,8.8761e-05,8.309892e-05,7.656999e-05,6.732282e-05,5.825802e-05,4.759113e-05,3.805769e-05,2.759176e-05,1.881819e-05,9.032303e-06,6.309976e-07,-9.516308e-06,-1.986014e-05,-3.345214e-05,-4.886688e-05,-6.862011e-05,-8.994566e-05,-0.000115268,-0.0001410617,-0.0001692504,-0.000196491,-0.0002246177,-0.0002507074,-0.0002775661,-0.0003021838,-0.00032807,-0.0003516319,-0.0003763529,-0.0003977794,-0.000419773,-0.0004375311,-0.0004558231,-0.0004704373,-0.0004871326,-0.0005011639,-0.0005188788,-0.0005327738,-0.0005496063,-0.0005618245,-0.0005780602,-0.0005939192,-0.0006183169,-0.0006383974,-0.0006492939,-0.000609392,-0.0005067669,-0.0003513918,-0.0002277557,-0.0001546309,-0.000123412,-0.0001012256,-7.759475e-05,-4.388376e-05,-3.346853e-06,4.347849e-05,9.238277e-05,0.0001340197,0.0001627876,0.0001941575,0.0002078218,0.0001929147,0.0002011751,0.0001764047,0.0001662996,0.0001394356,0.0001224384
9.895879e-05,7.578247e-05,6.094887e-05,4.300293e-05,3.18842e-05,1.922125e-05,1.195025e-05,5.16094e-06,-1.153808e-07,-4.252631e-06,-4.795867e-06,-7.099195e-06,-6.525019e-06,-7.131276e-06,-6.171854e-06,-5.938359e-06,-4.74966e-06,-1.758375e-06,-8.010122e-07,-6.393328e-06,-2.133018e-05,-4.588479e-05,-7.027119e-05,-8.857233e-05,-9.992348e-05,-0.000101746,-9.651588e-05,-8.182686e-05,-6.151104e-05,-3.319058e-05,-1.423437e-06,3.613243e-05,7.479623e-05,0.0001171037,0.000158288,0.0002007312,0.0002389335,0.0002743852,0.0003010666,0.0003205625,0.0003278769,0.0003262994,0.0003126747,0.0002919394,0.0002621637,0.0002288874,0.0001906217,0.0001525551,0.0001127721,7.558602e-05,3.763274e-05,2.347117e-06,-3.543733e-05,-7.389101e-05,-0.0001193075,-0.000171224,-0.0002347288,-0.0003066189,-0.0003897202,-0.0004780582,-0.0005732881,-0.0006689245,-0.0007657962,-0.0008593015,-0.0009514515,-0.001039733,-0.001127346,-0.001212509,-0.001296874,-0.001378296,-0.001456143,-0.001528895,-0.001595398,-0.00165756,-0.001714904,-0.001773151,-0.001830949,-0.00189246,-0.001952918,-0.002015424,-0.002076061,-0.002148909,-0.002233497,-0.002344888,-0.002453623,-0.002511649,-0.002384291,-0.001937291,-0.001149119,-0.0004438114,-0.0001836521,-0.0001244501,-0.0001029963,-7.544147e-05,-4.582697e-05,-3.725236e-06,4.409506e-05,9.168396e-05,0.0001361197,0.0001768444,0.0001892572,0.0001983303,0.000216394,0.0001897726,0.0001865212,0.0001578735,0.0001429203,0.0001158729
9.650264e-05,8.093798e-05,5.883056e-05,4.63527e-05,2.995406e-05,2.157796e-05,1.061852e-05,4.718536e-06,-3.025071e-07,-2.098369e-06,-6.540671e-06,-5.693208e-06,-7.802715e-06,-6.255833e-06,-7.011052e-06,-5.462732e-06,-5.406638e-06,-1.337982e-06,-3.0249e-06,-2.926179e-05,-9.123871e-05,-0.0001569411,-0.0002129811,-0.0002464082,-0.0002660865,-0.0002621623,-0.0002433997,-0.0002021628,-0.0001472155,-7.396712e-05,9.003642e-06,0.0001042291,0.0002041218,0.0003099553,0.0004154612,0.000519748,0.0006163315,0.0007010126,0.0007673007,0.0008102987,0.0008273295,0.0008165198,0.000780967,0.0007218739,0.0006462328,0.0005561064,0.0004597589,0.0003580812,0.0002583606,0.0001582646,6.314395e-05,-3.383074e-05,-0.0001298968,-0.0002361588,-0.0003534012,-0.0004938199,-0.0006554511,-0.0008450762,-0.001051844,-0.001279483,-0.001512366,-0.001753384,-0.001987217,-0.002220382,-0.002440506,-0.002660955,-0.002869388,-0.003082651,-0.003283373,-0.003488137,-0.003673333,-0.00385845,-0.00401792,-0.004179371,-0.004319754,-0.004475015,-0.004617961,-0.004786083,-0.004938466,-0.005117698,-0.005286966,-0.0055147,-0.005781828,-0.006165154,-0.00658538,-0.007008453,-0.00709097,-0.006457301,-0.004486286,-0.001796368,-0.000311591,-0.0001236349,-0.0001019652,-7.860857e-05,-4.501142e-05,-4.069507e-06,4.319297e-05,9.338711e-05,0.0001348453,0.0001625032,0.0001965351,0.0002107808,0.0001907616,0.0002039773,0.0001754812,0.0001680656,0.0001389448,0.0001235132
9.822781e-05,7.564213e-05,6.007179e-05,4.293849e-05,3.100568e-05,1.924365e-05,1.109241e-05,5.542582e-06,-9.848421e-07,-4.120621e-06,-5.350379e-06,-6.815241e-06,-7.035494e-06,-6.729352e-06,-6.665488e-06,-5.481385e-06,-5.657062e-06,-1.279401e-06,-2.045217e-05,-0.0001138643,-0.0002394537,-0.0003237664,-0.0004039854,-0.0004400911,-0.0004671407,-0.0004473516,-0.0004137568,-0.0003340795,-0.0002413178,-0.000109091,3.022431e-05,0.0001986058,0.0003658315,0.0005510831,0.0007262898,0.0009069727,0.001064809,0.001209818,0.001314178,0.001386745,0.001406249,0.001386707,0.001316633,0.001215085,0.001077519,0.0009237843,0.0007521494,0.0005791838,0.0004021633,0.0002317438,6.130758e-05,-0.0001050215,-0.0002787189,-0.0004635405,-0.0006738947,-0.0009179534,-0.001202604,-0.001526737,-0.00188441,-0.00226735,-0.002662736,-0.003063506,-0.003454759,-0.003839259,-0.004205642,-0.004567512,-0.004914407,-0.005264589,-0.005598895,-0.005935846,-0.006245871,-0.006552354,-0.00682255,-0.007094304,-0.007336522,-0.007602113,-0.007853212,-0.008142374,-0.008415679,-0.008733268,-0.00904912,-0.009475628,-0.009989171,-0.01072879,-0.0115915,-0.01257167,-0.01323521,-0.0131481,-0.01125522,-0.00672628,-0.001320643,-0.00014852,-0.0001060048,-7.403106e-05,-4.963296e-05,-2.955132e-06,4.245043e-05,9.390717e-05,0.0001365401,0.0001820473,0.0001890996,0.0002000434,0.000219989,0.0001902996,0.000187701,0.0001580394,0.0001426865,0.0001157587
9.270271e-05,8.433821e-05,5.505544e-05,4.92795e-05,2.632531e-05,2.426093e-05,7.249635e-06,7.035184e-06,-3.32172e-06,5.186486e-07,-9.526512e-06,-3.143513e-06,-1.056349e-05,-3.745524e-06,-9.616754e-06,-2.968623e-06,-8.561034e-06,-4.490221e-07,-0.0001019831,-0.0002478069,-0.0004116562,-0.0004979831,-0.000602161,-0.0006336558,-0.000668434,-0.0006272086,-0.000578091,-0.000455891,-0.0003240095,-0.0001301392,6.68154e-05,0.0003098403,0.000545487,0.0008100384,0.001055458,0.001310236,0.001528532,0.00172947,0.001869988,0.001966184,0.00198606,0.00195102,0.001844777,0.001693929,0.001493558,0.001269962,0.001022864,0.0007728206,0.0005188903,0.000271262,2.630905e-05,-0.0002184151,-0.000469937,-0.0007432675,-0.001048367,-0.001405421,-0.001812103,-0.002278831,-0.002780274,-0.003322963,-0.003868359,-0.004427928,-0.00496071,-0.005493329,-0.005987527,-0.006488639,-0.006954589,-0.007440644,-0.007889821,-0.008359812,-0.008777675,-0.009210001,-0.009577855,-0.009968086,-0.01030366,-0.01069155,-0.01104267,-0.01146954,-0.01185517,-0.0123323,-0.01279324,-0.01344383,-0.01420598,-0.01532583,-0.01661227,-0.01816287,-0.01938852,-0.01996943,-0.01861148,-0.01432427,-0.005735632,-0.0002967808,-0.0001015768,-7.836083e-05,-5.039144e-05,-1.472109e-06,3.872348e-05,9.901294e-05,0.0001323465,0.0001672927,0.0001960139,0.0002183873,0.0001858073,0.0002108514,0.0001714757,0.0001733548,0.0001352156,0.000127692
9.647782e-05,7.634809e-05,5.783713e-05,4.38771e-05,2.857579e-05,2.04309e-05,8.583e-06,7.22409e-06,-3.546792e-06,-2.51919e-06,-7.64156e-06,-4.926078e-06,-9.326291e-06,-4.575268e-06,-9.048678e-06,-2.973247e-06,-9.458285e-06,-1.767282e-05,-0.0002400775,-0.0003959089,-0.0005789283,-0.0006753182,-0.0007932914,-0.0008257411,-0.0008587949,-0.0007995327,-0.000727213,-0.0005646345,-0.0003885555,-0.0001345792,0.0001226903,0.0004391363,0.0007435288,0.00108649,0.001399384,0.001727238,0.002000129,0.002255489,0.002424162,0.002542961,0.002553878,0.002504147,0.002351619,0.002154394,0.001881202,0.001592313,0.001260228,0.0009389441,0.0005977353,0.0002799804,-5.242107e-05,-0.0003679637,-0.0007120497,-0.001067212,-0.001481298,-0.001943381,-0.002484646,-0.003079504,-0.00373413,-0.004414361,-0.005113855,-0.005804744,-0.00647955,-0.007129427,-0.007752674,-0.008359696,-0.008948649,-0.009535998,-0.01010779,-0.01067598,-0.01121563,-0.01174019,-0.01222716,-0.0127045,-0.01316205,-0.01363975,-0.01412705,-0.01465355,-0.01519622,-0.01579255,-0.01645146,-0.01728396,-0.01835069,-0.01978298,-0.02153429,-0.02352663,-0.02532754,-0.02637583,-0.02562158,-0.02181194,-0.01337336,-0.001609416,-8.541261e-05,-9.57735e-05,-3.895759e-05,-1.374006e-05,4.847197e-05,9.114209e-05,0.0001419471,0.0001855529,0.000192152,0.0002017133,0.0002250799,0.0001912797,0.0001892631,0.0001588049,0.0001419962,0.0001163555
0.0001015071,7.533107e-05,6.264089e-05,4.079064e-05,3.310281e-05,1.640709e-05,1.352737e-05,-3.836957e-07,2.681062e-06,-5.935106e-06,-3.992481e-06,-9.035628e-06,-5.307341e-06,-9.044957e-06,-4.869024e-06,-7.087792e-06,-7.851765e-06,-0.0001114578,-0.0003673036,-0.0005617493,-0.0007259294,-0.0008651636,-0.0009600777,-0.001023677,-0.00101982,-0.0009709745,-0.000842709,-0.0006676828,-0.0004175599,-0.0001313338,0.0002130098,0.0005754235,0.0009723658,0.001366123,0.00176774,0.002140205,0.002486131,0.002767806,0.002980419,0.00309551,0.003112617,0.003023588,0.002840852,0.002574905,0.002244935,0.001872009,0.001469884,0.001061367,0.0006469539,0.0002433679,-0.0001634533,-0.0005656827,-0.0009917497,-0.001442166,-0.001956585,-0.00253195,-0.003196532,-0.003921026,-0.004712098,-0.005522875,-0.006355767,-0.007162868,-0.007958491,-0.008705305,-0.009438884,-0.01012825,-0.01082558,-0.01148892,-0.01217372,-0.01281514,-0.01347466,-0.01406722,-0.01468199,-0.01522186,-0.01581931,-0.01636076,-0.01700701,-0.01760379,-0.01833285,-0.0190122,-0.0199118,-0.02087627,-0.02229523,-0.02395511,-0.02620199,-0.02848225,-0.03088289,-0.03219514,-0.03215051,-0.02859178,-0.021172,-0.006884528,-0.000147459,-0.0001089023,-2.060226e-05,-3.447139e-05,6.568862e-05,7.69783e-05,0.0001566324,0.0001503178,0.0002183017,0.0002075289,0.0002004292,0.0002014173,0.0001840296,0.0001638721,0.0001457624,0.0001183521
0.000114691,5.701317e-05,7.479443e-05,2.533635e-05,4.470389e-05,2.745252e-06,2.409973e-05,-9.380882e-06,1.145329e-05,-1.856479e-05,7.144728e-06,-2.005277e-05,4.895853e-06,-1.86151e-05,4.02249e-06,-1.460663e-05,-5.461738e-06,-0.0002645829,-0.000473414,-0.0007376351,-0.0008527891,-0.001056549,-0.001103421,-0.001215133,-0.001152488,-0.001128468,-0.0009261726,-0.000752192,-0.0004140023,-0.000108976,0.0003332528,0.0007276721,0.001225467,0.001655662,0.002151236,0.002553734,0.00297533,0.003268184,0.003527031,0.003623768,0.00364988,0.003509891,0.00329996,0.002956718,0.002574542,0.002110131,0.00164463,0.001142142,0.000660908,0.0001659985,-0.0003110044,-0.0008045934,-0.001308999,-0.001858827,-0.002467491,-0.003156502,-0.003934013,-0.004779991,-0.00569164,-0.00661598,-0.007561458,-0.008462014,-0.009355593,-0.01017422,-0.01099544,-0.01174179,-0.01252651,-0.01324095,-0.01402246,-0.01471442,-0.01548338,-0.01612786,-0.01686346,-0.01745746,-0.01819002,-0.01878834,-0.0195912,-0.02024902,-0.02116285,-0.02191931,-0.02305312,-0.02414393,-0.02589303,-0.02774782,-0.03043185,-0.03292713,-0.03582226,-0.03733157,-0.0379021,-0.0346789,-0.02825405,-0.01397994,-0.0005055328,-5.294483e-05,-4.730588e-05,-2.923413e-05,6.779375e-05,7.113273e-05,0.0001690806,0.0001691651,0.000218851,0.0001830202,0.0002531219,0.0001715713,0.0002128041,0.0001388258,0.0001622123,9.645809e-05
0.0001089845,6.615279e-05,7.055798e-05,3.053511e-05,4.153527e-05,5.649835e-06,2.25113e-05,-1.148413e-05,1.220273e-05,-1.66437e-05,5.676658e-06,-1.946586e-05,4.359979e-06,-1.882502e-05,4.124211e-06,-1.581938e-05,-3.323787e-05,-0.0004158951,-0.0005859493,-0.0008933893,-0.000980782,-0.001221941,-0.001239411,-0.001374028,-0.001269304,-0.00124855,-0.0009876349,-0.0007984304,-0.0003867394,-5.18812e-05,0.00047441,0.0009070156,0.001493044,0.001961072,0.002539307,0.002968902,0.003456509,0.003754133,0.004052816,0.004122735,0.004156061,0.003956288,0.003722175,0.003292803,0.002866164,0.002300987,0.001783832,0.00117693,0.0006437352,4.40173e-05,-0.0004849428,-0.001086751,-0.001648415,-0.002313708,-0.002992008,-0.003806621,-0.004662823,-0.005639274,-0.006624264,-0.007668187,-0.008671461,-0.009668341,-0.01060182,-0.01149717,-0.01234259,-0.01315786,-0.01396158,-0.01474675,-0.01555448,-0.01632776,-0.01713342,-0.01787511,-0.0186564,-0.01936237,-0.02014949,-0.02087535,-0.02173894,-0.02254555,-0.02352865,-0.02446495,-0.0257012,-0.02702626,-0.02893698,-0.03109853,-0.03396127,-0.03681109,-0.039843,-0.04177075,-0.04256903,-0.04013567,-0.03421834,-0.02132387,-0.002774847,8.194142e-06,-0.0001161928,1.770564e-05,3.096372e-05,0.0001011768,0.0001484411,0.0001614694,0.0002223976,0.0002139318,0.0002046494,0.0002022005,0.0001903546,0.0001598051,0.0001528728,0.0001111207
9.865202e-05,6.957319e-05,6.076189e-05,3.556657e-05,3.255871e-05,1.138525e-05,1.362397e-05,-1.637455e-06,2.399461e-06,-1.181527e-05,-4.944213e-07,-1.375192e-05,-1.775009e-06,-1.286853e-05,-8.690227e-07,-1.50279e-05,-0.0001345624,-0.000535852,-0.0007196444,-0.001006285,-0.001122193,-0.001337669,-0.001379437,-0.001476569,-0.001381081,-0.001306914,-0.001039244,-0.0007823062,-0.0003497445,6.203737e-05,0.0006202797,0.001133448,0.001755886,0.002299909,0.002910455,0.003400486,0.00390608,0.004240233,0.004531513,0.004608034,0.004605162,0.004377615,0.004083983,0.003598763,0.00309722,0.002463166,0.001866674,0.00118666,0.0005773717,-9.798389e-05,-0.0007015727,-0.001382572,-0.002020167,-0.002773595,-0.003529386,-0.004441615,-0.005375891,-0.006444447,-0.007497433,-0.008616466,-0.009660777,-0.01071757,-0.01166289,-0.01260383,-0.01344605,-0.01429827,-0.01509354,-0.015927,-0.0167259,-0.01757396,-0.01837926,-0.0192224,-0.02001267,-0.02084763,-0.02164285,-0.02252663,-0.02339336,-0.02438364,-0.0253716,-0.0265314,-0.02778047,-0.02940334,-0.03132797,-0.03385565,-0.03669543,-0.03992795,-0.04286719,-0.04532104,-0.04603391,-0.04479811,-0.03903519,-0.02850864,-0.00881572,-7.740765e-05,-0.0001593016,6.647116e-05,-1.459136e-05,0.0001413994,0.0001197064,0.0002244518,0.0001854156,0.000222972,0.0002309055,0.0002006492,0.0001930439,0.0001602722,0.0001441998,0.0001125369
7.34994e-05,9.828945e-05,3.718315e-05,5.982381e-05,1.028078e-05,3.293678e-05,-6.669212e-06,1.415663e-05,-1.495992e-05,8.055266e-06,-1.970276e-05,3.906036e-06,-1.871446e-05,1.808678e-06,-1.272455e-05,-1.12674e-05,-0.000272857,-0.0006158883,-0.000871677,-0.001075256,-0.00126886,-0.001403767,-0.001512374,-0.001521982,-0.001475718,-0.001304313,-0.001067974,-0.0007073379,-0.0002911393,0.000227617,0.0007801641,0.001398857,0.002020712,0.002661467,0.003267392,0.003837329,0.004324527,0.004712466,0.004965776,0.005063149,0.004999196,0.004761645,0.004384886,0.003866195,0.003270674,0.002589362,0.001899816,0.001168182,0.0004706408,-0.0002593272,-0.0009460305,-0.001687026,-0.002405062,-0.003221913,-0.004057737,-0.005033694,-0.006037039,-0.007163533,-0.008259439,-0.009419535,-0.01047908,-0.0115547,-0.01249031,-0.0134378,-0.01424764,-0.01510902,-0.0158615,-0.01671926,-0.01748149,-0.0183835,-0.01916357,-0.02009898,-0.02087182,-0.02183196,-0.02261296,-0.02364824,-0.02449256,-0.02566626,-0.0266196,-0.02800718,-0.02922264,-0.0311248,-0.03300443,-0.03584237,-0.0385537,-0.04211291,-0.04482218,-0.04776823,-0.04838408,-0.04825026,-0.04294903,-0.03478193,-0.01487596,-0.0002696539,-0.0001076745,6.672942e-05,-3.781404e-05,0.0001733851,9.142394e-05,0.0002273023,0.0001773915,0.0002731912,0.0001613853,0.0002525118,0.0001505091,0.0002019877,0.0001153472,0.0001473884
6.598385e-05,9.924438e-05,2.769738e-05,6.466397e-05,-1.44503e-07,4.013884e-05,-1.827715e-05,2.695778e-05,-2.834699e-05,1.601004e-05,-2.937906e-05,1.278557e-05,-2.75942e-05,9.136394e-06,-1.66527e-05,-2.268676e-05,-0.0004261899,-0.0006767038,-0.001011812,-0.001118992,-0.001393107,-0.001433847,-0.001613397,-0.001520798,-0.001530725,-0.001248774,-0.001055639,-0.0005793782,-0.0001974641,0.0004391415,0.0009629751,0.001697503,0.002290956,0.00304011,0.003609252,0.004273295,0.004707966,0.005166688,0.005347863,0.005487793,0.005329048,0.005109769,0.004617094,0.00409953,0.003378611,0.002689369,0.001876486,0.001135714,0.000318519,-0.0004190107,-0.001222997,-0.001970686,-0.002801477,-0.003623342,-0.004564145,-0.005538201,-0.006629658,-0.007737089,-0.00889321,-0.0100111,-0.01110349,-0.01211411,-0.01306003,-0.01392925,-0.01473046,-0.01551513,-0.01625336,-0.01704773,-0.01781218,-0.01867593,-0.01948347,-0.02041519,-0.02123284,-0.02221918,-0.02305659,-0.02412997,-0.02504117,-0.02625926,-0.02728697,-0.02874527,-0.03003874,-0.03203302,-0.03397788,-0.03686436,-0.03957442,-0.04313264,-0.04579931,-0.04884299,-0.04974667,-0.05017771,-0.04613564,-0.03948409,-0.02143522,-0.001100153,7.715172e-05,-3.88581e-05,1.69793e-05,0.0001446965,0.0001149313,0.0002572001,0.0001689525,0.0002595912,0.0002105461,0.0002357076,0.000166169,0.0001929693,0.0001132926,0.0001433072
6.369671e-05,0.0001069405,2.351362e-05,7.058656e-05,-5.624567e-06,4.5513e-05,-2.366133e-05,2.796554e-05,-3.208371e-05,2.278884e-05,-3.607099e-05,1.793074e-05,-3.211658e-05,1.117468e-05,-1.843539e-05,-0.0001027733,-0.0005797427,-0.0007360908,-0.001116789,-0.001154445,-0.001469905,-0.001445027,-0.0016544,-0.001491118,-0.001516898,-0.001159184,-0.0009737243,-0.0004195187,-4.115716e-05,0.0006730328,0.001193654,0.002004022,0.002588925,0.0034064,0.003958321,0.004674868,0.005077787,0.005570876,0.005696333,0.005852497,0.005615435,0.005390611,0.004806807,0.004268592,0.003448389,0.002739614,0.001825047,0.00107027,0.0001549502,-0.0005933582,-0.001491809,-0.002244042,-0.003162646,-0.003979432,-0.004994174,-0.005947177,-0.007091974,-0.008149282,-0.00933294,-0.01037323,-0.0114648,-0.0123801,-0.01330367,-0.01406136,-0.01483413,-0.01549844,-0.0162138,-0.01690075,-0.01766007,-0.01844476,-0.019282,-0.020156,-0.02104363,-0.02198311,-0.02291547,-0.02394823,-0.02496523,-0.02614191,-0.02729903,-0.02870534,-0.0301639,-0.03207363,-0.03416656,-0.03688423,-0.03966977,-0.04294033,-0.04575191,-0.04852724,-0.05001777,-0.05065452,-0.04836234,-0.04262332,-0.02845473,-0.005623136,0.0001725218,-0.0001873423,0.000117652,7.914975e-05,0.0001682852,0.000191465,0.0002220371,0.0002630779,0.0001816183,0.0002521677,0.000156632,0.0002056205,0.0001118468,0.0001537088
8.128131e-05,8.263987e-05,3.737554e-05,5.185597e-05,5.95619e-06,3.052733e-05,-1.438874e-05,2.004227e-05,-2.561935e-05,1.070918e-05,-2.663024e-05,8.188423e-06,-2.36193e-05,3.681858e-06,-1.761129e-05,-0.0002058706,-0.0006960534,-0.0008067242,-0.001169466,-0.001186514,-0.001484849,-0.0014386,-0.001623727,-0.001431221,-0.001425173,-0.001033694,-0.0008150762,-0.000226447,0.0001816138,0.0009294971,0.00147378,0.002314962,0.002914321,0.003756629,0.004309486,0.005041,0.005427499,0.00592052,0.006009825,0.006149612,0.005856833,0.005603953,0.004949229,0.004378254,0.003481855,0.002743327,0.001754374,0.0009782208,-9.762486e-06,-0.0007698456,-0.001738002,-0.00248919,-0.003467367,-0.004265394,-0.005320318,-0.006230122,-0.007388326,-0.008368446,-0.009540248,-0.01047306,-0.01153191,-0.01232125,-0.01319489,-0.01381307,-0.01453304,-0.01504752,-0.01572476,-0.01626849,-0.01701762,-0.01768241,-0.01854977,-0.0193223,-0.02028457,-0.02112545,-0.02216677,-0.02309315,-0.02424187,-0.02529885,-0.02662133,-0.02788787,-0.029545,-0.03126018,-0.03352226,-0.03590806,-0.038807,-0.04158305,-0.04461088,-0.04693864,-0.04909115,-0.04975826,-0.04936282,-0.04451543,-0.03461181,-0.0111312,2.908445e-05,-0.0002589191,0.0002004493,1.225875e-05,0.0002338988,0.0001881612,0.0002498067,0.0002156273,0.0002683659,0.0002032757,0.0002040012,0.0001671797,0.0001374,0.0001223915
9.894605e-05,6.994086e-05,5.351982e-05,3.685685e-05,2.093628e-05,1.490541e-05,6.242666e-07,1.260585e-07,-9.315813e-06,-2.192431e-06,-1.458727e-05,-4.492597e-06,-1.253904e-05,-5.053265e-06,-1.982713e-05,-0.000289155,-0.0007667444,-0.000886214,-0.001166316,-0.001215181,-0.00143056,-0.001416142,-0.001511061,-0.001344075,-0.001244058,-0.0008782992,-0.0005675141,-9.92999e-06,0.0004832883,0.001195227,0.001814968,0.002613927,0.003277891,0.004070817,0.004673864,0.005349141,0.005768569,0.006192735,0.006300965,0.006356449,0.006069581,0.005727568,0.005065257,0.004409453,0.0035032,0.00268601,0.001692554,0.0008478662,-0.0001416965,-0.0009580451,-0.001920135,-0.002711753,-0.003668933,-0.004478777,-0.005493669,-0.006378493,-0.007463997,-0.008389679,-0.009456558,-0.01031106,-0.01125474,-0.01193867,-0.01269603,-0.01319347,-0.01379265,-0.01418699,-0.01475606,-0.01518313,-0.01586535,-0.01642392,-0.01726988,-0.01795513,-0.01893084,-0.01969017,-0.02077782,-0.0216038,-0.02283175,-0.02377023,-0.02520165,-0.02634297,-0.02812282,-0.02964455,-0.03199689,-0.03400609,-0.03693315,-0.03920715,-0.04230369,-0.04424354,-0.04693635,-0.04760249,-0.04895565,-0.04528476,-0.03917331,-0.01564603,-0.0001897552,-0.0002284247,0.0002383939,-2.946918e-05,0.000284183,0.0001174148,0.000317048,0.0002087796,0.0002529462,0.000205478,0.0002117196,0.0001623395,0.0001551228,0.0001134848
0.0001325039,2.722485e-05,8.561655e-05,-2.019034e-06,5.227864e-05,-2.121941e-05,3.049622e-05,-2.903474e-05,1.78674e-05,-3.538488e-05,1.486259e-05,-3.310721e-05,1.186004e-05,-2.222241e-05,-1.630437e-05,-0.0004179749,-0.0007669167,-0.0009839807,-0.001092342,-0.001243537,-0.001297098,-0.001376403,-0.001309168,-0.001228208,-0.0009691915,-0.0006894306,-0.0002320328,0.0002347702,0.0008594063,0.00147412,0.002209483,0.002905607,0.003668573,0.0043525,0.005041096,0.005599533,0.006090783,0.006391766,0.006554736,0.006484663,0.00624072,0.005771983,0.005150699,0.004373661,0.003509834,0.002585916,0.00163839,0.0007001226,-0.0002380504,-0.001132495,-0.002035522,-0.00287974,-0.00375838,-0.004589475,-0.005494561,-0.006362036,-0.007308315,-0.008176572,-0.009086337,-0.009859242,-0.01063603,-0.01122328,-0.01181423,-0.01219981,-0.01264119,-0.01291935,-0.01334695,-0.01366672,-0.01424195,-0.01470472,-0.01548673,-0.016089,-0.01702841,-0.01771575,-0.0187807,-0.01952677,-0.0207559,-0.02159985,-0.0230651,-0.02410811,-0.02592183,-0.02728638,-0.02959268,-0.03129139,-0.03406636,-0.03592972,-0.03891822,-0.04057194,-0.0435369,-0.04448223,-0.04695481,-0.04502952,-0.04180246,-0.02096061,-0.0005713517,3.514077e-05,0.0001504379,-2.348059e-06,0.0002978691,0.0001529905,0.0003258912,0.000172144,0.0003418977,0.0001531251,0.0002678847,0.0001129129,0.0001935409,6.654819e-05
0.0001386738,2.264804e-05,9.567253e-05,-1.374632e-05,6.511071e-05,-3.692366e-05,4.617967e-05,-5.135552e-05,3.655864e-05,-5.117997e-05,2.93243e-05,-4.748565e-05,2.203297e-05,-2.603407e-05,-5.959194e-05,-0.0005831296,-0.000740262,-0.001056196,-0.0009860814,-0.001233296,-0.001116678,-0.001285899,-0.001046393,-0.00105332,-0.0006274257,-0.0004424095,0.0001672247,0.0005265366,0.001287477,0.001780735,0.002636875,0.003199014,0.004068442,0.004607872,0.005393663,0.005797926,0.006379187,0.006519323,0.006763762,0.006532928,0.006367379,0.005740676,0.005205464,0.004277232,0.003510128,0.002448554,0.001605721,0.0005424074,-0.0002801333,-0.001287237,-0.002055684,-0.002988674,-0.003705148,-0.004588975,-0.005295854,-0.006175807,-0.006890405,-0.007738648,-0.008400843,-0.009136646,-0.009658999,-0.01020468,-0.01053942,-0.01088054,-0.01107505,-0.0113077,-0.01150553,-0.01179719,-0.01215739,-0.01262366,-0.01320482,-0.01383195,-0.01458533,-0.01530531,-0.01618133,-0.01697822,-0.01799587,-0.0189257,-0.02017698,-0.02131671,-0.02291137,-0.02432076,-0.02627875,-0.02794975,-0.0301796,-0.03198833,-0.03443204,-0.03621558,-0.03885764,-0.040661,-0.04331662,-0.04389649,-0.04224049,-0.02785026,-0.002937393,0.0004182007,-9.675684e-05,0.0001466213,0.0002179503,0.0001808885,0.0003228176,0.0002273491,0.0002784559,0.0001953488,0.0002450654,0.0001330719,0.0001921331,7.267653e-05
0.0001381318,1.045308e-05,9.779708e-05,-2.556417e-05,6.966536e-05,-4.85396e-05,5.164533e-05,-5.7647e-05,4.102687e-05,-6.292721e-05,3.715927e-05,-5.468833e-05,2.473002e-05,-2.746721e-05,-0.0002095529,-0.0007326331,-0.0007186933,-0.001068299,-0.0008748639,-0.001150736,-0.0009173908,-0.001109208,-0.0007550542,-0.0007833563,-0.0002544558,-0.0001025551,0.0005912477,0.000900574,0.001724832,0.002149981,0.003053074,0.003528048,0.00443234,0.004873386,0.005683396,0.005984977,0.006584339,0.006617004,0.006882237,0.006543847,0.006406318,0.005683655,0.005185885,0.004177026,0.003463823,0.002331001,0.001558735,0.0004327987,-0.0003046366,-0.001359068,-0.002019251,-0.002973571,-0.003547049,-0.004416472,-0.004937044,-0.005766026,-0.006258791,-0.007031172,-0.007460556,-0.008109153,-0.008396424,-0.008860799,-0.008956688,-0.009228813,-0.009188576,-0.009361352,-0.009337995,-0.009590853,-0.009736767,-0.01019832,-0.01056134,-0.01121156,-0.0117363,-0.01249661,-0.01312117,-0.0139767,-0.01472083,-0.01573741,-0.01671018,-0.01797527,-0.0192411,-0.02077168,-0.02225205,-0.02395551,-0.02556126,-0.02736431,-0.02913743,-0.03117987,-0.03326721,-0.03595894,-0.03857323,-0.04149377,-0.04111143,-0.03392925,-0.01017056,0.0004370899,-0.000304764,0.0002999595,0.0001311364,0.0003115424,0.0002561323,0.0002593643,0.0003131075,0.0001951524,0.0002556825,0.0001258165,0.0001912769,6.104619e-05
0.0001173539,3.22011e-05,8.076455e-05,-1.114279e-05,5.557738e-05,-3.835254e-05,4.08527e-05,-5.465593e-05,3.403247e-05,-5.392606e-05,2.733502e-05,-4.649233e-05,1.607612e-05,-2.709771e-05,-0.0002954803,-0.0008265567,-0.0007069112,-0.001022757,-0.0007542021,-0.001002394,-0.0006927058,-0.0008562661,-0.0004271524,-0.0004323204,0.0001564306,0.0003138822,0.001045873,0.001336866,0.002177692,0.002561595,0.003461543,0.003875298,0.004763781,0.005129213,0.005917921,0.006139089,0.006713759,0.006669281,0.006915886,0.006507738,0.006369013,0.005590956,0.005110785,0.004066461,0.003388114,0.002233509,0.001512817,0.0003733868,-0.0002933976,-0.001346682,-0.001905878,-0.002834999,-0.00326782,-0.004073899,-0.004414533,-0.00513919,-0.00542013,-0.006076397,-0.00627645,-0.00681423,-0.006874259,-0.007232406,-0.007113085,-0.007293478,-0.007036001,-0.007147258,-0.006904393,-0.007123085,-0.007056357,-0.007504908,-0.007646276,-0.008308226,-0.008579145,-0.009371043,-0.009709817,-0.01060291,-0.01104533,-0.01212311,-0.01277781,-0.01415362,-0.01504573,-0.01667249,-0.01767272,-0.01937345,-0.02037257,-0.02217327,-0.0232539,-0.02551665,-0.02709053,-0.03040156,-0.03303253,-0.03772148,-0.03885432,-0.03728027,-0.01411892,0.0002253394,-0.0003929672,0.0004153898,6.105554e-05,0.0003475845,0.0002448692,0.0003365558,0.0002275921,0.0002633209,0.0002077556,0.0001723293,0.0001635334,9.360219e-05
9.391752e-05,4.262435e-05,5.766251e-05,1.592001e-06,3.368473e-05,-2.440271e-05,1.956879e-05,-3.518296e-05,1.259081e-05,-4.15125e-05,1.215912e-05,-3.39633e-05,6.245625e-06,-3.034698e-05,-0.000316794,-0.0008594546,-0.0007001739,-0.0009148303,-0.0006289266,-0.0007769739,-0.0004544698,-0.0005133976,-8.095238e-05,1.280716e-05,0.0005817062,0.0008202232,0.001502692,0.00184992,0.002614327,0.00303038,0.003830098,0.004256949,0.005029564,0.005395722,0.006063691,0.006281914,0.006737525,0.006698875,0.006836704,0.006453892,0.006227657,0.005496622,0.004956546,0.003978812,0.003262746,0.002189393,0.00144712,0.0003983126,-0.0002683166,-0.00121535,-0.001742799,-0.002538986,-0.002899276,-0.00353965,-0.003762126,-0.004290737,-0.00442531,-0.004876568,-0.004921412,-0.005264553,-0.005168796,-0.005354404,-0.005084964,-0.005119047,-0.004713122,-0.004709309,-0.004315278,-0.004449983,-0.004227735,-0.004610945,-0.004580499,-0.005187009,-0.005252068,-0.005994759,-0.006093238,-0.006937703,-0.007121226,-0.008165762,-0.008549026,-0.009917022,-0.01050047,-0.01209511,-0.01269536,-0.01430903,-0.01479341,-0.01649442,-0.01704246,-0.01931312,-0.02052159,-0.02422396,-0.0268385,-0.03279668,-0.03547962,-0.03795628,-0.01629688,-4.202783e-05,-0.0003178506,0.0004622136,3.478474e-05,0.0004564756,0.0001934869,0.0003679314,0.000262917,0.0002720969,0.0002067989,0.0001804771,0.0001438541,0.0001016047
3.569824e-05,0.000102819,-4.825459e-07,5.72129e-05,-2.359129e-05,2.846874e-05,-3.511858e-05,1.062478e-05,-3.753761e-05,9.036913e-06,-3.744373e-05,9.366538e-06,-2.670246e-05,-1.900586e-05,-0.0004315649,-0.0007697807,-0.0007587592,-0.0006924506,-0.0005524797,-0.000432185,-0.000249096,-4.792109e-05,0.000241561,0.000575754,0.0009828926,0.001431141,0.001926405,0.00244874,0.003003372,0.003559974,0.004133254,0.00467349,0.005208278,0.005674126,0.006102945,0.006414083,0.006644942,0.006703655,0.006642217,0.006379024,0.005984731,0.005398999,0.00472831,0.003911746,0.003096521,0.002193718,0.001371708,0.0005018084,-0.0002191521,-0.0009749483,-0.001518715,-0.002103406,-0.002436992,-0.002839587,-0.002989553,-0.003261169,-0.003293233,-0.003489956,-0.003422067,-0.003528981,-0.003318222,-0.003301031,-0.002919699,-0.002785248,-0.002274479,-0.002130499,-0.001634987,-0.001655017,-0.001322714,-0.001602108,-0.001443021,-0.00193238,-0.001849479,-0.002451562,-0.002379296,-0.003079535,-0.003061912,-0.003978387,-0.004145015,-0.00537494,-0.005733221,-0.007143009,-0.00745765,-0.008863797,-0.008971909,-0.01045106,-0.01063886,-0.01273569,-0.01375112,-0.01752448,-0.02028178,-0.02686477,-0.03108625,-0.0364192,-0.01977769,-0.0004436653,6.578262e-05,0.0003770766,7.12965e-05,0.0004407551,0.0002159362,0.000440823,0.000172472,0.0003571073,0.0001369389,0.0002544324,8.458711e-05,0.0001682787
7.866203e-06,0.0001203378,-3.637898e-05,8.423514e-05,-6.394112e-05,6.158153e-05,-7.838933e-05,5.215554e-05,-8.222655e-05,4.346178e-05,-7.348356e-05,3.779933e-05,-4.198001e-05,-4.245774e-05,-0.0006284982,-0.0006302971,-0.0008141985,-0.0004198187,-0.0004649874,-2.74155e-05,-2.546275e-05,0.0004828031,0.0005829738,0.001198316,0.001395927,0.002089514,0.002346012,0.003080175,0.003366845,0.00410438,0.004388133,0.005085193,0.005317871,0.005928988,0.006053238,0.006509115,0.00644881,0.006666148,0.006344547,0.006268514,0.005653229,0.005288151,0.004432521,0.003862772,0.002888644,0.002245927,0.00128225,0.0006856925,-0.0001600549,-0.000617295,-0.001261798,-0.00152084,-0.001920924,-0.001975654,-0.002153201,-0.002061291,-0.002102772,-0.001931033,-0.001875845,-0.001624183,-0.001435247,-0.001086728,-0.0007442304,-0.0003018667,0.0001418011,0.0005851624,0.0009869403,0.001268041,0.001495601,0.001540398,0.001590537,0.001475024,0.001446795,0.00126807,0.001232229,0.0009894634,0.0008932578,0.0004723716,0.0001709429,-0.000511173,-0.001004165,-0.001812679,-0.002250589,-0.00298204,-0.003251184,-0.003960646,-0.004400966,-0.005708422,-0.007169231,-0.01019625,-0.01386543,-0.01980266,-0.02630263,-0.03254859,-0.02586774,-0.002377237,0.0007406684,3.396611e-05,0.0002894783,0.0004009489,0.0002776461,0.0003966353,0.0002689892,0.0003258049,0.0001643957,0.0002446861,7.319708e-05,0.0001731059
6.887829e-07,0.0001318845,-5.057577e-05,9.729376e-05,-8.2381e-05,7.634742e-05,-9.775849e-05,6.284772e-05,-9.910594e-05,6.06113e-05,-8.974478e-05,4.577209e-05,-4.365078e-05,-0.0002217878,-0.0008057423,-0.0005377601,-0.0007850563,-0.0001879427,-0.0002871694,0.0003433927,0.0002935561,0.0009808731,0.001016119,0.001782188,0.001887923,0.002694219,0.002828567,0.003639737,0.003771921,0.004562614,0.004662286,0.005394293,0.005430697,0.006063472,0.005991091,0.006474933,0.006226254,0.006499303,0.006022607,0.006035612,0.005313484,0.005076501,0.004147417,0.003744406,0.002712461,0.002260488,0.00124699,0.0008640913,-2.24958e-05,-0.0002356976,-0.0009043306,-0.0008912811,-0.001298985,-0.001049929,-0.001224213,-0.0008015151,-0.0008327123,-0.0003245129,-0.0002642803,0.0003218123,0.0004851953,0.00116612,0.001440064,0.002207484,0.002541663,0.003309309,0.003565091,0.004189749,0.004251216,0.004680969,0.004558288,0.004886899,0.004681564,0.005002382,0.004786331,0.005081582,0.004797883,0.004957493,0.004460565,0.004422216,0.003736867,0.003639292,0.002986264,0.003027814,0.002492087,0.002603772,0.001824756,0.001368338,-0.0006168452,-0.002745826,-0.007310421,-0.01234862,-0.02076901,-0.02745037,-0.03074747,-0.01058676,0.0009024547,-0.0002676806,0.0005237689,0.0002338757,0.0004397405,0.0003618565,0.0002760042,0.000327848,0.0001696738,0.0002507725,7.484393e-05,0.0001829509
1.838641e-05,0.0001006267,-3.923535e-05,7.463284e-05,-7.450025e-05,5.948192e-05,-9.243414e-05,5.474655e-05,-9.542929e-05,4.646707e-05,-7.92642e-05,3.126281e-05,-3.780253e-05,-0.0003633359,-0.0008856125,-0.0005002989,-0.000674862,7.097978e-06,-3.323029e-05,0.0006865406,0.0006855107,0.001450607,0.001510815,0.002329119,0.002422726,0.003248264,0.003332985,0.004131951,0.004180949,0.004934953,0.004924329,0.00560486,0.005513718,0.006091297,0.00588742,0.006323345,0.005960639,0.006213026,0.00565862,0.005697647,0.004940887,0.004777921,0.003851515,0.003559451,0.002547594,0.002235842,0.001244916,0.001030137,0.000171341,0.0001578587,-0.0004784648,-0.0002325881,-0.0006076791,-9.866513e-05,-0.0002379251,0.0004658272,0.0004678653,0.001275695,0.001351742,0.002247546,0.002392154,0.003382748,0.003594548,0.004663624,0.004895906,0.005959173,0.006085263,0.007026683,0.006942254,0.007735918,0.00747433,0.008203423,0.007886903,0.008631498,0.008314225,0.009071941,0.008668318,0.009338532,0.008738543,0.00924302,0.00851179,0.008985185,0.008277845,0.008929148,0.008278153,0.009008409,0.008075517,0.008213762,0.006008706,0.004449733,-0.0004787115,-0.005042094,-0.01430753,-0.02185938,-0.03115321,-0.01439765,0.0006252806,-0.0003776198,0.0006829174,0.0002285349,0.000507317,0.00030439,0.0004043589,0.0002625184,0.000236313,0.0001982914,0.0001064048,0.000140921
3.318648e-05,8.495552e-05,-2.535834e-05,5.579088e-05,-6.100438e-05,3.967806e-05,-7.791439e-05,3.023577e-05,-7.884031e-05,3.108168e-05,-6.672455e-05,1.868473e-05,-3.936751e-05,-0.00037552,-0.0009225624,-0.0004699073,-0.0005349369,0.0001924066,0.0002555933,0.001015844,0.001112432,0.001892097,0.002035266,0.002825899,0.00297308,0.003733225,0.003835357,0.004534048,0.004576316,0.005197613,0.005161816,0.005695807,0.005562003,0.005991781,0.005746181,0.006035726,0.005660266,0.00579134,0.005262712,0.005235379,0.004545801,0.004367729,0.003551332,0.003278853,0.00239884,0.002137791,0.001280924,0.001146608,0.0004232948,0.0005189363,1.742518e-05,0.000397638,0.0001507776,0.0008147148,0.0007917602,0.001674194,0.001784932,0.002790334,0.002967636,0.004065556,0.004282898,0.00547869,0.005722015,0.006982805,0.007220667,0.00845645,0.008574483,0.009704969,0.009613883,0.01062884,0.01039532,0.01136207,0.01110518,0.01211433,0.01184877,0.01289627,0.01255676,0.01351229,0.01303819,0.01387306,0.01329022,0.01416506,0.01358385,0.01460712,0.01409393,0.01512252,0.01430585,0.01475552,0.01257405,0.01135275,0.006432318,0.002093309,-0.007327486,-0.01566355,-0.02806664,-0.01444577,0.0003552944,-0.0002872763,0.0007577557,0.000170834,0.0006153688,0.0003140739,0.0003896639,0.0002761051,0.0002407171,0.0001961856,0.0001208718,0.0001309191
9.08342e-05,7.703119e-06,3.188075e-05,-1.696491e-05,-3.741243e-06,-2.921485e-05,-2.191077e-05,-2.954172e-05,-2.566931e-05,-3.109052e-05,-1.396742e-05,-2.507669e-05,-2.357826e-05,-0.0004549888,-0.0008277165,-0.0005306546,-0.0002909656,0.0002873953,0.0006404709,0.001252917,0.001619969,0.00223495,0.002618478,0.003207918,0.003562382,0.004084386,0.00435486,0.004792214,0.004964156,0.005312213,0.005379644,0.005631324,0.005590817,0.005736255,0.005579129,0.005605199,0.005326137,0.005235072,0.004838564,0.004642096,0.004128587,0.003843646,0.003231236,0.002904159,0.002245357,0.001960673,0.001333454,0.001203957,0.0007048856,0.0008367668,0.0005454377,0.0009855151,0.0009331193,0.001666754,0.001826688,0.002791818,0.003077979,0.004193333,0.004535091,0.005747191,0.006127247,0.007408898,0.007808645,0.009133668,0.00949145,0.01079276,0.01102193,0.0122066,0.01228353,0.01335025,0.01332496,0.01438556,0.0143316,0.01546069,0.01541078,0.01655504,0.01645844,0.01752651,0.01730273,0.01833854,0.01802632,0.0191215,0.01885183,0.02003891,0.01980329,0.02100778,0.02035723,0.02099594,0.01901006,0.01788643,0.01325912,0.009041793,-0.0001687077,-0.00893187,-0.02270368,-0.01431885,-3.13446e-05,9.530368e-05,0.0007354619,0.0002839846,0.0006293178,0.0002901202,0.0005143745,0.0002034512,0.0003252164,0.000116048,0.0001833953,4.975038e-05
0.0001243622,-3.489364e-05,7.51236e-05,-7.095331e-05,4.598788e-05,-8.916176e-05,3.259971e-05,-9.58914e-05,3.083812e-05,-8.466547e-05,2.969942e-05,-5.19502e-05,-2.642186e-05,-0.000665871,-0.0006695016,-0.0006448001,2.82396e-06,0.0003177744,0.001067085,0.001410992,0.002156801,0.002486159,0.003205911,0.003484726,0.004132662,0.00430838,0.004839594,0.004906748,0.005307212,0.005274753,0.005551457,0.005413261,0.005576628,0.005332805,0.005373667,0.005036099,0.004959411,0.004547354,0.004389098,0.003920117,0.003695372,0.003193401,0.002906086,0.002410307,0.002101497,0.001674368,0.001418988,0.001156779,0.001045166,0.001045259,0.001145134,0.001451259,0.001781383,0.002373771,0.002911678,0.003729763,0.004413491,0.005378229,0.006144941,0.007183572,0.00801023,0.00908403,0.009933865,0.01102199,0.01182566,0.01285656,0.01356548,0.01445353,0.01506849,0.01584981,0.01639818,0.01719129,0.01773995,0.01857106,0.01916384,0.01997968,0.0205244,0.02129614,0.02173389,0.02248149,0.02293153,0.02369204,0.02421975,0.02506775,0.02557356,0.02639049,0.02651779,0.02660104,0.02553703,0.02379461,0.02021219,0.01535069,0.007491481,-0.002516821,-0.01530571,-0.01691931,-0.0009924955,0.0009376587,0.0004323864,0.0004571035,0.000608628,0.0003983248,0.0004392836,0.0002559178,0.000307774,0.0001192602,0.0002004932,2.537549e-05
0.0001321158,-7.048041e-05,9.161878e-05,-0.0001088766,6.870844e-05,-0.0001276189,5.776482e-05,-0.0001272177,5.43788e-05,-0.0001168598,4.705897e-05,-5.835172e-05,-0.0001742323,-0.0009215119,-0.000564809,-0.000710056,0.0002277056,0.0003857131,0.001403794,0.001594862,0.002583647,0.002742059,0.003661487,0.003747628,0.004542449,0.004505067,0.005148709,0.004974213,0.005479487,0.00518194,0.005555563,0.005153665,0.005397179,0.00489923,0.005024215,0.004436743,0.00447213,0.003838116,0.003824063,0.003187353,0.00315481,0.002526302,0.00249357,0.001893306,0.001888685,0.001368136,0.001456473,0.001090627,0.001355403,0.001227361,0.001723085,0.001871789,0.002608173,0.003010787,0.003966549,0.004568583,0.005714139,0.00643578,0.007711546,0.008490019,0.009828855,0.01063716,0.01199973,0.01277726,0.01413325,0.01480263,0.01608713,0.01664907,0.01783533,0.01833521,0.0195075,0.01997844,0.02121052,0.02169457,0.02293751,0.02343508,0.024604,0.02503823,0.02619065,0.02655998,0.02778872,0.02819352,0.02944917,0.02993502,0.03118348,0.03148782,0.03246142,0.0319328,0.03174844,0.02944535,0.02689444,0.02136383,0.01502891,0.004000262,-0.007354491,-0.01897194,-0.006526646,0.001350208,0.0001353847,0.000801844,0.0004623977,0.0005139657,0.0004572184,0.000275046,0.0003116477,0.0001058121,0.0002002085,-4.203085e-06
9.274357e-05,-4.150639e-05,5.92679e-05,-8.848574e-05,4.111027e-05,-0.0001115022,3.39697e-05,-0.0001165216,3.237147e-05,-9.326707e-05,1.579446e-05,-3.985087e-05,-0.0004328466,-0.001040265,-0.000624883,-0.0006588643,0.0002955798,0.0005349303,0.001573405,0.001833849,0.002824367,0.003024076,0.003919166,0.004001429,0.004746512,0.004668133,0.005246355,0.004999463,0.005438904,0.005050364,0.005361942,0.00485939,0.005049163,0.004441855,0.004531296,0.003833507,0.003864959,0.003133741,0.003164761,0.002458307,0.002534044,0.00186657,0.002010447,0.001384963,0.00162385,0.001073797,0.001454603,0.001043786,0.001630786,0.001422572,0.00226915,0.002291116,0.003398844,0.003636982,0.004976485,0.005392679,0.006948416,0.007481339,0.009188083,0.009784296,0.0115607,0.012179,0.01398492,0.01455887,0.01634103,0.0168294,0.01852811,0.01893798,0.02058647,0.02094048,0.02261309,0.02296351,0.02465157,0.02504799,0.02670496,0.02706047,0.02870096,0.02892693,0.03057872,0.03083187,0.03247644,0.03282716,0.03450427,0.03478167,0.03654363,0.03655139,0.03796383,0.03725766,0.03745198,0.03500188,0.03307307,0.02739574,0.02192325,0.01096323,7.114504e-05,-0.01633644,-0.01015508,0.001047141,8.052504e-05,0.0009125911,0.0004746625,0.0006431494,0.0003465537,0.0003754074,0.0002351207,0.0001686797,0.000148927,3.848944e-05
5.700775e-05,-3.267535e-05,2.370654e-05,-7.409559e-05,6.399287e-06,-9.305921e-05,-8.632042e-07,-8.97021e-05,-2.264132e-06,-7.184618e-05,-1.120116e-05,-3.461597e-05,-0.0005344142,-0.001130112,-0.0007292576,-0.0006045575,0.0002875098,0.0006663288,0.001639498,0.002027947,0.002933385,0.003245183,0.004016503,0.004171337,0.004779642,0.004731782,0.005161194,0.004936331,0.005211314,0.004842239,0.005004547,0.004500974,0.004568477,0.003950912,0.003928864,0.003232773,0.003175844,0.00245312,0.002451297,0.001766819,0.00187365,0.001260525,0.001492489,0.0009502117,0.001327356,0.0008697089,0.001426164,0.00109384,0.001874965,0.001721364,0.002764426,0.002819472,0.004130521,0.004368414,0.005926083,0.006335704,0.00809339,0.008666489,0.01055969,0.01121067,0.01320253,0.01385774,0.01587217,0.01651861,0.01845576,0.01905218,0.02093369,0.02143932,0.02333119,0.02382546,0.02570436,0.0262537,0.02813018,0.02864689,0.03054978,0.03096035,0.03278585,0.03316922,0.03490978,0.0353242,0.03715374,0.03750117,0.03943649,0.03973708,0.04156221,0.04173746,0.04311517,0.04246159,0.04287247,0.04037024,0.03877076,0.03338722,0.02829401,0.01797481,0.007436743,-0.0106505,-0.009337465,0.0007648711,0.0002135241,0.001096537,0.0004438326,0.0007008198,0.0004006683,0.0003799149,0.0002320924,0.0001687194,0.0001186505,4.102317e-05
-5.098248e-06,2.033935e-05,-3.951456e-05,-2.241193e-05,-5.701563e-05,-4.192253e-05,-6.223272e-05,-4.363539e-05,-5.933756e-05,-1.86915e-05,-5.72624e-05,-1.555888e-05,-0.0006839684,-0.001152435,-0.0009309914,-0.0005332719,0.0001611221,0.0007814976,0.001557771,0.002168064,0.002883754,0.003374772,0.003939501,0.004240179,0.004614346,0.004688781,0.004885402,0.004754297,0.00482205,0.004532162,0.004503486,0.004084332,0.003971639,0.003431388,0.003261544,0.002630639,0.002461034,0.001816626,0.00173388,0.001156899,0.001233883,0.000761182,0.001012531,0.0006524292,0.00107162,0.0008280302,0.001435405,0.001320072,0.002151975,0.002202323,0.003289178,0.003538153,0.004869437,0.005317611,0.00685782,0.007505332,0.009251366,0.01006246,0.01196186,0.01288041,0.01482868,0.01581417,0.01775474,0.01871715,0.02064066,0.02152369,0.02340347,0.02428714,0.02613082,0.0270612,0.02893968,0.02984881,0.03176432,0.03261612,0.03446262,0.03525166,0.0369688,0.03767241,0.03939655,0.04004614,0.04184134,0.04248352,0.04422186,0.04484847,0.04648012,0.04681342,0.04812422,0.04761391,0.04786409,0.04581779,0.04401017,0.03926707,0.03428633,0.0248815,0.01456751,-0.002821812,-0.006861664,0.0004056097,0.0006478946,0.001010844,0.0006069071,0.0007496831,0.0003410185,0.00044747,0.0001653216,0.0002255383,5.691768e-05,9.59784e-05
-3.583461e-05,2.479721e-05,-7.908118e-05,-3.939796e-06,-0.0001012878,-1.489791e-05,-0.0001086978,-8.168645e-06,-0.0001012205,1.302401e-06,-6.497565e-05,-4.509711e-05,-0.0009885075,-0.001188523,-0.001173979,-0.0005114249,-4.17664e-05,0.0008139761,0.001363583,0.002198577,0.002689702,0.00337029,0.003703252,0.004156429,0.004284948,0.00449717,0.00444694,0.004449274,0.00427989,0.004130733,0.003879923,0.003611037,0.003293513,0.002907867,0.002550354,0.002085006,0.001745346,0.001289946,0.001055936,0.0007130122,0.000656965,0.0004817755,0.0006202908,0.0006068977,0.0009281407,0.001064333,0.001556887,0.001851844,0.002528334,0.003007816,0.003901529,0.004594526,0.005700037,0.006607768,0.007904761,0.009028626,0.01051382,0.01184247,0.01345378,0.01492321,0.01659121,0.01811086,0.01979795,0.02129908,0.02293905,0.02443051,0.02600953,0.02752789,0.02914267,0.03068454,0.03235985,0.03390717,0.03552646,0.03705347,0.03853468,0.03992738,0.04132473,0.04255641,0.043934,0.04519367,0.04648376,0.04778713,0.04899083,0.05012038,0.05127951,0.05207002,0.05276573,0.05296056,0.05246528,0.05126021,0.04889526,0.04510213,0.0397523,0.03190937,0.02115659,0.006307975,-0.004946046,8.199389e-06,0.001339918,0.0009508242,0.0007497596,0.0006928804,0.0004833299,0.0003820165,0.0002048731,0.0001867259,4.557121e-05,8.059805e-05
-6.859026e-05,4.474581e-05,-0.0001124092,1.496673e-05,-0.0001337704,2.063666e-06,-0.0001367151,3.645507e-07,-0.0001194853,9.213165e-06,-6.763075e-05,-0.0003155906,-0.001423053,-0.001292298,-0.001449435,-0.0005877425,-0.0003000416,0.0006999183,0.001093996,0.002042868,0.002395062,0.003162377,0.003353215,0.003856203,0.00384832,0.004100869,0.003911835,0.003975814,0.003665925,0.003591268,0.0032272,0.003038604,0.002630637,0.002349505,0.00190062,0.001575054,0.001146455,0.0008656552,0.0005548627,0.0004300844,0.0003178872,0.0004120662,0.0005129729,0.0008195561,0.001098945,0.001588962,0.002023349,0.002677855,0.003273651,0.004115378,0.004895268,0.005957387,0.006935178,0.008206744,0.009375276,0.01087541,0.01221743,0.01393725,0.01542225,0.01725681,0.01883678,0.02071365,0.02229448,0.02419635,0.02571925,0.02760739,0.02914815,0.03103903,0.03264907,0.03462713,0.03622893,0.03824075,0.03978652,0.04165661,0.04311695,0.04481046,0.0460707,0.04772404,0.04883106,0.05043798,0.051559,0.05298928,0.05406233,0.05541656,0.05616442,0.05736039,0.05757324,0.05798418,0.05732151,0.05626677,0.05378261,0.05065706,0.04507644,0.03849681,0.02789224,0.01510198,-0.000639236,-0.001045097,0.001572352,0.0008304704,0.0009772715,0.0007047628,0.0004555065,0.0004086061,0.000164638,0.0002047422,1.21314e-05,0.0001006315
-6.085244e-05,4.237793e-07,-0.000103756,-2.17975e-05,-0.0001231822,-3.102696e-05,-0.0001238407,-2.797217e-05,-9.846136e-05,-3.242543e-05,-4.790815e-05,-0.0006817313,-0.0017477,-0.001605878,-0.001658552,-0.0008633878,-0.0005398318,0.0003742239,0.0007923534,0.001655998,0.002038367,0.002719227,0.002915124,0.003350522,0.003314161,0.003522817,0.003309247,0.003344192,0.003022982,0.002954491,0.002571619,0.002440547,0.002009694,0.001823434,0.001359993,0.00116536,0.0007263163,0.0006215251,0.0003060825,0.0004038633,0.0003004977,0.0006654902,0.0007923435,0.001396641,0.00171735,0.002504859,0.002976449,0.003920463,0.004539205,0.005646105,0.006448125,0.007753528,0.008739557,0.01026211,0.01143102,0.01316116,0.01455623,0.01645582,0.01802047,0.02005226,0.02166596,0.02377005,0.02540141,0.027475,0.02912853,0.031178,0.03283717,0.03497932,0.03668739,0.03890336,0.04068317,0.04283895,0.0445487,0.04659759,0.04807699,0.04997537,0.05127046,0.05296799,0.05421019,0.05579808,0.05689326,0.0584441,0.05931173,0.06069169,0.06139118,0.0623435,0.06260918,0.0629205,0.06209735,0.06126102,0.05871054,0.05574266,0.05066987,0.04438187,0.03487964,0.02305518,0.006736129,0.0004483772,0.00139928,0.001059765,0.0009874384,0.0007227016,0.0005616325,0.0003424284,0.0002045134,0.0001387846,2.454465e-05,4.521123e-05
-7.363198e-05,-6.763315e-06,-0.0001101722,-3.443594e-05,-0.0001248577,-4.839124e-05,-0.0001197313,-5.297941e-05,-8.997246e-05,-3.722811e-05,-5.518805e-05,-0.0009787036,-0.002202086,-0.00195679,-0.001986739,-0.001200952,-0.000903174,-4.303187e-05,0.0003464077,0.001162613,0.001509575,0.002162296,0.002313922,0.002728259,0.002649631,0.002864163,0.002607029,0.002690684,0.002326757,0.00233681,0.001928471,0.001906211,0.001464354,0.001433033,0.000964304,0.0009678067,0.000538785,0.0006648466,0.0003827976,0.0007432073,0.0006995214,0.001351806,0.001565117,0.002462541,0.002885448,0.00395166,0.004529903,0.005725611,0.00644424,0.007773847,0.008665088,0.01015912,0.01125746,0.01291616,0.01423272,0.01608161,0.01758901,0.01964332,0.02129646,0.02345491,0.02522365,0.02738629,0.02919292,0.03136537,0.03312739,0.03533512,0.03713648,0.03938442,0.04132468,0.04363165,0.04559436,0.04789545,0.04972254,0.05185375,0.05350794,0.05537636,0.05683834,0.05853767,0.05980584,0.06139046,0.06250834,0.06388158,0.06486305,0.06600571,0.06668896,0.0675238,0.06765536,0.06779699,0.06706517,0.06593822,0.06370778,0.06070498,0.0560276,0.0501477,0.04156997,0.03080577,0.0155265,0.00458227,0.001317733,0.001066637,0.001193772,0.0007706177,0.0004978552,0.0003698632,0.0001502879,0.0001429043,-1.295185e-06,4.42329e-05
-2.707921e-05,-9.323384e-05,-6.73082e-05,-0.0001065673,-8.558525e-05,-0.0001096051,-8.681919e-05,-9.812789e-05,-6.628096e-05,-6.312994e-05,-0.0002122151,-0.001757604,-0.002598938,-0.002531634,-0.002293316,-0.001720258,-0.001271602,-0.0006236098,-0.000137329,0.0005124215,0.0009211877,0.001465023,0.001647368,0.002009476,0.001942759,0.00215682,0.001910786,0.002044965,0.001686622,0.001805164,0.001389267,0.001534918,0.001085952,0.001274793,0.0008136361,0.001083403,0.000680624,0.001113039,0.0008785926,0.001579512,0.001597011,0.002621479,0.002897392,0.004180713,0.004664952,0.006109084,0.006731,0.008299799,0.009029457,0.01070523,0.01160361,0.01339958,0.014484,0.01646037,0.017709,0.01988023,0.02134658,0.02365116,0.02530412,0.02770266,0.02939866,0.03186762,0.0335522,0.03600898,0.0377306,0.04016505,0.04195347,0.04448732,0.04635106,0.04898059,0.05087339,0.05342622,0.05520151,0.05756247,0.05909545,0.06122449,0.06253106,0.06441478,0.06554853,0.06723383,0.06812654,0.06964952,0.07028939,0.0715536,0.0719479,0.07276284,0.0726505,0.07284847,0.0717553,0.07092209,0.06837472,0.06575658,0.06113782,0.0558802,0.04788468,0.03841887,0.02443031,0.01220396,0.003485339,0.001377859,0.001301584,0.000691167,0.0006764561,0.0002182603,0.0002403779,1.217021e-05,5.52211e-05,-6.192616e-05
3.53098e-05,-0.0001747322,-5.199907e-06,-0.0001854082,-2.729311e-05,-0.0001840572,-3.445397e-05,-0.000165977,-3.18778e-05,-7.997899e-05,-0.00094136,-0.003079743,-0.002955998,-0.003378572,-0.002535413,-0.002452096,-0.001579438,-0.001374862,-0.0005714395,-0.0002826198,0.0003774336,0.0006405323,0.001056965,0.00119336,0.001364238,0.001414597,0.001398894,0.001437538,0.001299549,0.001372625,0.001181227,0.001324905,0.001115572,0.001354846,0.001151366,0.001520415,0.001399081,0.001963687,0.002042985,0.002896078,0.003247156,0.004448798,0.005039003,0.006527258,0.007300305,0.00893406,0.009847104,0.01157845,0.01254286,0.01442442,0.01544223,0.01746249,0.0186672,0.02077075,0.02219743,0.02445529,0.02600404,0.0284937,0.03012301,0.03271149,0.03444571,0.03698014,0.03876741,0.04128277,0.04302564,0.04562511,0.04737069,0.05008756,0.05195047,0.05470262,0.05662906,0.05926876,0.06104721,0.06351312,0.06496534,0.06726184,0.06840061,0.0704394,0.07142472,0.07308926,0.07391047,0.07534754,0.07577815,0.07717045,0.07711978,0.07810842,0.07765906,0.0777466,0.07658706,0.07568456,0.07297021,0.07086556,0.0659387,0.06161337,0.05387897,0.04587536,0.03316067,0.02197002,0.01205294,0.001576657,0.001589501,0.0006339819,0.0006865402,0.0001299898,0.0002589787,-8.155809e-05,0.0001084894,-0.0001459582
4.032702e-05,-0.0002360839,1.304656e-05,-0.0002431323,-2.081757e-06,-0.0002390722,-6.86614e-06,-0.000217691,9.339493e-06,-0.0001909346,-0.001767969,-0.004440209,-0.003511066,-0.004246062,-0.002861781,-0.003168774,-0.001928613,-0.002062579,-0.001004428,-0.001001831,-0.000109399,-0.000105423,0.0005861451,0.0004863887,0.0009901054,0.0008200855,0.001193722,0.001020459,0.001318268,0.001187752,0.001473628,0.001419156,0.001745402,0.001787482,0.002189424,0.002369077,0.002907717,0.003299672,0.004080445,0.004757092,0.005859461,0.00684186,0.008226817,0.009462915,0.01100988,0.01240926,0.01404369,0.01552455,0.01722498,0.01876071,0.02052794,0.02215547,0.02401267,0.0257732,0.02774907,0.02966727,0.03180376,0.03384741,0.03612257,0.03820727,0.04050993,0.04259983,0.04485569,0.0469624,0.04919972,0.0513202,0.05365172,0.05582112,0.05826974,0.06052187,0.06291705,0.06515232,0.06733193,0.06935371,0.07130811,0.07298833,0.07469798,0.07611784,0.07747082,0.07876182,0.0797595,0.08082613,0.08160678,0.08222893,0.08270838,0.08287387,0.08272006,0.08243877,0.08136732,0.08019575,0.07797731,0.07522888,0.07136672,0.0665855,0.06005204,0.05260537,0.04192658,0.0314763,0.02234118,0.002575948,0.0010833,0.0008796034,0.0006328719,0.0001076067,0.0002225461,-0.0001405429,9.599867e-05,-0.0002095734
-0.0002445195,7.882406e-06,-0.000229501,-3.479907e-05,-0.0002135347,-6.409417e-05,-0.0001837371,-8.894285e-05,-0.0001273272,-0.001125109,-0.004201383,-0.004741565,-0.005000501,-0.00423984,-0.003878091,-0.003107765,-0.002746236,-0.002073843,-0.001713818,-0.001119949,-0.0007291712,-0.0002703974,9.917725e-05,0.0003793766,0.0007169836,0.000851642,0.001211239,0.001257905,0.001679,0.001697862,0.002215094,0.002257027,0.002916773,0.003013304,0.00385528,0.004059211,0.005125699,0.005525956,0.006886726,0.007552994,0.009274605,0.01019914,0.01224932,0.01336645,0.01560153,0.01683647,0.01915986,0.02041535,0.02282706,0.02403512,0.02652003,0.02775395,0.03026864,0.03161692,0.03421611,0.03565434,0.03845603,0.0399463,0.04286838,0.04439748,0.04725904,0.04879142,0.05160131,0.05308083,0.05594948,0.05739167,0.06035629,0.06187552,0.06490142,0.0665015,0.06949703,0.07098761,0.07385439,0.07504727,0.07771688,0.07857285,0.08096416,0.08154998,0.08361275,0.08394746,0.08576919,0.08573911,0.08741962,0.08689953,0.08823302,0.08725938,0.08796616,0.08647155,0.08651678,0.08396468,0.08325241,0.07907189,0.07697505,0.07091618,0.06670018,0.05807601,0.05153652,0.03901998,0.03545808,0.01756695,0.001324233,0.001413733,-1.446686e-05,0.0005290675,-0.0002833094,0.0001984904,-0.0002589472,7.979041e-05
-0.0002804027,-1.538611e-06,-0.0002931094,-3.316889e-06,-0.000295349,-7.862766e-06,-0.0002801559,-2.378594e-06,-0.0003468301,-0.002930187,-0.006108482,-0.005150021,-0.005863875,-0.004210206,-0.004317439,-0.002948135,-0.002968907,-0.001899299,-0.001824254,-0.0009346373,-0.0007620702,-3.97098e-06,0.0001960314,0.0008367721,0.001033603,0.001592829,0.001822595,0.002345291,0.002640992,0.003179489,0.003567164,0.004179667,0.004700003,0.005433386,0.006129142,0.007036785,0.007949371,0.009106821,0.01028526,0.01174958,0.01323876,0.01499708,0.01676332,0.0187371,0.02064577,0.02273582,0.02468404,0.02679434,0.02874463,0.03081621,0.03273563,0.03481616,0.036717,0.03886382,0.04081596,0.04303948,0.04508393,0.04739887,0.04946581,0.05181539,0.05381167,0.05611119,0.05805098,0.06030469,0.06223224,0.06451549,0.06646721,0.06884568,0.07085369,0.07327199,0.07526711,0.07756914,0.0793929,0.08146133,0.08300333,0.08479263,0.08604509,0.08753943,0.08852546,0.08971998,0.0904306,0.09133029,0.09173246,0.09228916,0.09227894,0.09236936,0.09183957,0.09133241,0.09016779,0.08883458,0.08672809,0.08421239,0.08074708,0.07660683,0.07142484,0.06511626,0.05811864,0.04951105,0.04351551,0.03905438,0.003530549,0.0003054637,0.000584365,0.0001312164,-0.0001330131,2.89752e-05,-0.0002326289,8.162357e-06
-0.0001390529,-0.0001434086,-0.0001580801,-0.0001469456,-0.0001631187,-0.0001704515,-0.0001304058,-0.0002912367,-0.003095236,-0.005468869,-0.005884368,-0.005695419,-0.0050056,-0.004141227,-0.003354302,-0.002581937,-0.00198726,-0.001341566,-0.00084607,-0.0002144389,0.0002461568,0.0009132676,0.001338187,0.002037482,0.002427393,0.003161991,0.003548124,0.004336491,0.004749371,0.005620826,0.006096656,0.00709882,0.007689288,0.008872949,0.009630576,0.01103542,0.01201376,0.01367933,0.01492097,0.01688754,0.01841014,0.02067714,0.0224468,0.02491775,0.02682711,0.02936589,0.03129921,0.03382963,0.03569872,0.03816978,0.0399459,0.0423476,0.04409899,0.04648045,0.04826182,0.05068255,0.05248867,0.05496028,0.05677385,0.05920793,0.06097675,0.06331329,0.06501421,0.06730431,0.06896899,0.07127135,0.07296999,0.07532127,0.07708417,0.07945739,0.08119178,0.08346363,0.08501558,0.08706146,0.0883311,0.09010895,0.09109023,0.09260612,0.09332141,0.09455948,0.09498277,0.09593852,0.09601215,0.09665943,0.09630588,0.09652191,0.09566993,0.09532933,0.09383938,0.09281555,0.09039316,0.08844025,0.08472213,0.08148263,0.07617314,0.07149911,0.06442691,0.05895114,0.0513212,0.05277722,0.03812549,0.001995771,0.0004280902,-0.0002071195,-0.0001694351,-0.0001748236,-0.000106163,-0.0001436791
-0.0002169384,-0.0001497361,-0.0002111073,-0.0001327717,-0.0001831784,-0.0001575908,-0.000417537,-0.002288734,-0.00442646,-0.004804536,-0.004549676,-0.003752216,-0.003104459,-0.002015976,-0.001438598,-0.0004264971,-7.583963e-05,0.0008507931,0.001093072,0.002043474,0.00228021,0.003309802,0.003580724,0.004684721,0.004991857,0.006157808,0.006504948,0.007734942,0.008134942,0.009445757,0.009932159,0.01137034,0.01199871,0.01362027,0.01444371,0.01628715,0.01734645,0.01943995,0.02075802,0.02312376,0.024709,0.02734487,0.02916621,0.0319882,0.03392995,0.03679573,0.03873071,0.04154943,0.04339088,0.04609546,0.04780111,0.0503704,0.05198914,0.05448671,0.05608053,0.0585728,0.06015413,0.06264877,0.06421126,0.06664591,0.06813613,0.0704701,0.07187355,0.07415122,0.07551537,0.07778833,0.07917459,0.08148203,0.08290862,0.08523042,0.08662221,0.08884175,0.09006905,0.09206039,0.0930311,0.09475931,0.09547109,0.09695528,0.09743394,0.09864303,0.09886427,0.09977311,0.09966873,0.1002577,0.09975318,0.09991194,0.09897437,0.09858256,0.09710944,0.09607207,0.09379138,0.09191351,0.08859512,0.08552674,0.0810416,0.07662819,0.07108246,0.06613766,0.06087717,0.05997026,0.06387437,0.04253707,0.005517045,0.0002837296,0.0001992151,5.204122e-05,-9.570173e-05,-0.0001404787
0.001659126,0.001521391,0.001195341,0.001559095,0.001255894,0.001455649,0.0003786182,-5.336135e-05,-0.0009196142,-0.0005355103,-5.867086e-05,0.0009133589,0.001417781,0.002390481,0.00279526,0.003684412,0.00396218,0.004795373,0.005045393,0.005929323,0.00625696,0.007263401,0.007713067,0.0088475,0.009401984,0.01063489,0.01126672,0.0125781,0.01327859,0.01467495,0.01546841,0.01699455,0.01793935,0.01965195,0.02079954,0.02273457,0.02411167,0.02628694,0.02790056,0.03032172,0.0321719,0.0348351,0.0368996,0.0397368,0.04190167,0.04476929,0.0468909,0.04968445,0.05167201,0.05431192,0.0561084,0.05856582,0.06019561,0.06253466,0.06407369,0.06636149,0.06785177,0.07010554,0.07155082,0.0737411,0.0750929,0.07718786,0.07844184,0.0804745,0.08168435,0.08370507,0.08491845,0.08696318,0.0881917,0.09024362,0.09142817,0.09339414,0.09441816,0.09618932,0.09696857,0.09851021,0.09905544,0.1003914,0.1007124,0.1018284,0.1018809,0.1027392,0.1024798,0.103017,0.1023865,0.1025309,0.1014592,0.1011721,0.09956965,0.09874623,0.09647232,0.09490777,0.09174053,0.08924242,0.08500805,0.08164475,0.07655766,0.07301763,0.06850908,0.06759484,0.06950544,0.07139494,0.0515027,0.02758484,0.01719048,0.01000289,0.00519389,0.002879847
0.01726924,0.01487038,0.01256717,0.01156707,0.01015336,0.009551851,0.008218332,0.008051262,0.007571666,0.008028126,0.008356567,0.009044111,0.009261383,0.009817218,0.009969289,0.01048496,0.01064496,0.01118013,0.01142871,0.01207442,0.01250044,0.01333066,0.01397388,0.01499313,0.01582023,0.01697683,0.01792738,0.01917331,0.02021623,0.02154175,0.02269157,0.02413588,0.02544807,0.02706932,0.02858959,0.03041818,0.03216157,0.03420262,0.03616549,0.03841057,0.04058441,0.04302991,0.04540111,0.04800123,0.05047107,0.05308071,0.0554973,0.05798926,0.06024912,0.06253508,0.06456468,0.06660559,0.06841996,0.07027105,0.07195217,0.07369536,0.07529747,0.07697561,0.07852388,0.0801305,0.08159994,0.08310585,0.08448914,0.08592343,0.08726534,0.08867593,0.09001654,0.09142688,0.0927743,0.09417102,0.09548384,0.09679657,0.09798439,0.09911672,0.1001075,0.1010329,0.101836,0.1025781,0.1032019,0.1037268,0.1041367,0.1044033,0.1045478,0.1045167,0.1043262,0.1039229,0.1033662,0.1025298,0.1015728,0.1002373,0.09873515,0.09677589,0.09458505,0.09181413,0.08887877,0.08529092,0.08192495,0.07829604,0.07579125,0.07402731,0.07603361,0.07825554,0.08009383,0.06614567,0.04793131,0.03684916,0.02759395,0.02194212
0.04049647,0.03539117,0.03130136,0.02830864,0.0257906,0.02394294,0.02226126,0.02131369,0.02085799,0.02071466,0.02070124,0.02070852,0.02057695,0.02046934,0.02032011,0.02026604,0.02023252,0.02032469,0.0204758,0.02078633,0.02119116,0.02178041,0.02247006,0.02333527,0.02426738,0.02533676,0.02642639,0.02762036,0.02881114,0.03010271,0.03139494,0.03281253,0.0342558,0.03585342,0.03748985,0.03928979,0.04112363,0.04311842,0.04513539,0.04730766,0.04949197,0.05183621,0.05418674,0.05667746,0.05911936,0.06162379,0.0639939,0.06636424,0.0685406,0.07067095,0.07256856,0.07440868,0.07603036,0.07763974,0.07907356,0.08054372,0.08186824,0.08325808,0.08452091,0.08585409,0.08704443,0.08829963,0.08940688,0.09059716,0.091661,0.09282744,0.09387684,0.09503576,0.09607273,0.09721446,0.09821664,0.09929681,0.1001955,0.1011382,0.1018723,0.1026517,0.1032352,0.1038677,0.1042945,0.1047556,0.1049793,0.1052318,0.1052215,0.1052079,0.104912,0.1045774,0.1039367,0.1032673,0.1022449,0.101189,0.09973592,0.09817836,0.09617175,0.09401958,0.09138816,0.08875354,0.08580136,0.08326104,0.08111965,0.08013222,0.08002993,0.08281397,0.0859452,0.08459651,0.07527436,0.06480422,0.05533813,0.04727432
0.06361873,0.0577736,0.05263203,0.04852108,0.04498434,0.04222936,0.03988931,0.03835588,0.03717676,0.03650303,0.03586066,0.03530479,0.03459558,0.03397173,0.03330313,0.03281184,0.03234798,0.03210011,0.03191418,0.03196691,0.03211074,0.03250716,0.03300148,0.03373141,0.03453283,0.03552042,0.03652982,0.03767356,0.03880892,0.04005978,0.0413066,0.04267889,0.04407512,0.04561797,0.04720151,0.04893073,0.05069533,0.05259011,0.05451101,0.05654737,0.05860619,0.06077841,0.06297997,0.06528296,0.06757706,0.069896,0.07212166,0.07428822,0.07630112,0.07819711,0.0798971,0.08145765,0.08283956,0.0841213,0.08528792,0.08640391,0.0874487,0.08847918,0.08946761,0.09045245,0.09139509,0.09231613,0.09319335,0.09405477,0.0948917,0.09572785,0.09654886,0.09736651,0.09817088,0.09896668,0.09974653,0.1004984,0.1012094,0.1018557,0.1024479,0.1029715,0.1034507,0.1038635,0.1042209,0.1044817,0.1046835,0.1047614,0.1047735,0.1046445,0.104412,0.1040178,0.1035114,0.1028082,0.1020224,0.1009953,0.09986564,0.09847689,0.09695038,0.0951192,0.09320212,0.09097536,0.08894015,0.08694082,0.08561797,0.08491174,0.08530521,0.08560943,0.08841533,0.09047634,0.08861768,0.08395936,0.07728027,0.07043318
0.0817994,0.07696245,0.07232644,0.06805677,0.06431185,0.06107327,0.0583873,0.05622596,0.05466443,0.05337834,0.05227886,0.0511907,0.05008535,0.04897154,0.04793048,0.0469877,0.04619503,0.04555311,0.04508841,0.04479825,0.04469978,0.04479063,0.04507023,0.04553,0.0461495,0.04691199,0.04777909,0.04873637,0.04975079,0.05083266,0.05196109,0.0531669,0.05443466,0.05580469,0.05724807,0.05879541,0.06040069,0.06209321,0.06382398,0.06563311,0.06747141,0.06939207,0.07134634,0.07338312,0.07542428,0.07748657,0.07946123,0.08137176,0.08311973,0.08474737,0.08616316,0.08743065,0.08848958,0.08945049,0.09026571,0.0910539,0.09174877,0.09245723,0.09310565,0.09378884,0.09440771,0.09505378,0.09561989,0.09621661,0.09674735,0.09732226,0.09783528,0.09839463,0.09888774,0.09943193,0.09991051,0.1004347,0.1008694,0.1013298,0.1016812,0.1020606,0.1023384,0.102641,0.1028255,0.1030211,0.1030707,0.1031359,0.1030408,0.1029408,0.1026692,0.1023638,0.1018615,0.1013396,0.1005864,0.09983721,0.09884928,0.09784186,0.09658229,0.09531222,0.09377767,0.0923784,0.09080585,0.08965095,0.08871999,0.08852433,0.0884656,0.08942053,0.08973145,0.09076783,0.09185647,0.09164923,0.08984413,0.08627818
0.09140877,0.08905225,0.08609798,0.08305645,0.07997253,0.07716239,0.0745796,0.07248648,0.07064129,0.0691866,0.0678321,0.06656235,0.06520773,0.06389643,0.06257811,0.06141146,0.06032923,0.05945826,0.05871221,0.05819388,0.05781448,0.05766635,0.057659,0.0578697,0.05820664,0.05873027,0.05934055,0.06008336,0.06086454,0.06173898,0.06263878,0.06362879,0.06465901,0.06579689,0.06699241,0.06829435,0.06964149,0.07106912,0.07252255,0.07404128,0.0755843,0.07719152,0.07883023,0.08053315,0.08225098,0.08397963,0.0856424,0.08721934,0.0886574,0.08995171,0.09106011,0.09198958,0.09273317,0.09333371,0.09382498,0.09424812,0.09462721,0.0949846,0.0953308,0.09567552,0.09601664,0.09633882,0.09664584,0.09692815,0.09720564,0.09747116,0.09773867,0.09799158,0.09824917,0.09849464,0.09875312,0.09899623,0.09924153,0.09944896,0.09965207,0.09981599,0.09997984,0.1001031,0.1002107,0.1002501,0.1002735,0.1002132,0.1001404,0.09998064,0.09978074,0.09947991,0.09912751,0.09864303,0.09813869,0.09748346,0.09681866,0.09602471,0.09522419,0.09429117,0.09341667,0.0924117,0.09166139,0.09098507,0.09078055,0.09087814,0.09153233,0.0916095,0.09228151,0.09234291,0.09233863,0.09307445,0.09341224,0.09302599
0.09460539,0.09417876,0.09321716,0.09174516,0.09004506,0.08818734,0.08640246,0.08469012,0.0832606,0.08194212,0.08074255,0.07953664,0.07830109,0.07699292,0.07570553,0.07445349,0.07332259,0.07230516,0.0714579,0.07075516,0.0702315,0.0698575,0.06965752,0.06960233,0.06970752,0.06994504,0.07031519,0.07078007,0.07132812,0.07193068,0.07258763,0.07329442,0.0740596,0.07489315,0.07580175,0.07678712,0.07783485,0.07893753,0.08007518,0.08125486,0.08246356,0.08371786,0.08500158,0.08633174,0.08767793,0.08903336,0.09032813,0.09154288,0.09261758,0.0935618,0.09432479,0.09492569,0.09533591,0.09562026,0.09577617,0.09588901,0.0959425,0.09599977,0.09603055,0.09608886,0.09612351,0.09617953,0.09619133,0.09621757,0.09620729,0.09622428,0.09621143,0.09622991,0.09621666,0.09624213,0.09624275,0.09628581,0.09629309,0.09633473,0.09633006,0.0963627,0.09635507,0.09637894,0.09634607,0.09633262,0.09624024,0.09617858,0.09603653,0.09591698,0.09571747,0.09551751,0.09521426,0.0949211,0.09449714,0.09411872,0.0936297,0.09319546,0.09267289,0.09224296,0.09173655,0.09145157,0.09113157,0.09117367,0.09136414,0.09195542,0.09248554,0.09351698,0.09348432,0.09329432,0.09308136,0.09306563,0.09373007,0.09432774
0.09413884,0.09467346,0.0948599,0.09478988,0.09433895,0.09371547,0.09288836,0.09210605,0.09123603,0.09047849,0.08970346,0.08892783,0.08801807,0.08704288,0.08596021,0.08490887,0.08385821,0.08292486,0.08206034,0.08135444,0.08074171,0.08029156,0.07993468,0.07973181,0.07961851,0.07965165,0.07976703,0.08000518,0.08029168,0.08065794,0.08104245,0.08148815,0.08195428,0.08249251,0.08307327,0.08373983,0.08444868,0.08522271,0.08601563,0.08685347,0.08770663,0.08860299,0.08951482,0.09046424,0.09142027,0.09238424,0.09329667,0.09412874,0.09483492,0.09541254,0.09583348,0.0961017,0.09621088,0.09618951,0.09606922,0.09588694,0.09567131,0.09544124,0.09520766,0.0949807,0.09476368,0.09454085,0.0943143,0.09406979,0.0938259,0.09357909,0.0933452,0.09311101,0.09289414,0.09267972,0.09249113,0.0923075,0.09214923,0.09198583,0.09184878,0.09170846,0.09159736,0.09148267,0.0913832,0.09125612,0.09114678,0.09100143,0.09088581,0.09074368,0.09061468,0.09045291,0.0902942,0.09007335,0.08988651,0.08963092,0.0894373,0.08922312,0.08910307,0.08898754,0.08904203,0.0891027,0.0894693,0.08994038,0.09075893,0.09171435,0.09293765,0.09354216,0.09439148,0.0943858,0.09379013,0.09339763,0.09322114,0.09362865
0.09318484,0.09354106,0.09403739,0.09442759,0.09474798,0.09488381,0.09494497,0.09485354,0.09479071,0.09464584,0.0944737,0.09421159,0.09385391,0.09332661,0.09269081,0.091954,0.09121054,0.09046013,0.08977256,0.08913416,0.08859272,0.08812071,0.08774788,0.08744398,0.0872329,0.08709218,0.08704415,0.0870631,0.08715405,0.08728375,0.08745123,0.08763746,0.08785219,0.08809454,0.08838373,0.08872448,0.0891202,0.08956001,0.09003208,0.0905306,0.09104988,0.0915942,0.09215312,0.09272956,0.09330949,0.09388953,0.09442545,0.09489141,0.09523892,0.09547109,0.09556197,0.09552613,0.09534933,0.0950729,0.09469621,0.09428043,0.09381931,0.09335767,0.09287918,0.09242328,0.09195931,0.0915182,0.09105048,0.09059399,0.09011418,0.08966082,0.08919902,0.08877461,0.08834308,0.08795408,0.08756236,0.08721887,0.08687092,0.08657398,0.086271,0.08602498,0.08578015,0.08558803,0.08538444,0.0852246,0.08503433,0.08490157,0.08474458,0.08464669,0.08453604,0.08446978,0.08437245,0.08432967,0.0842322,0.08422882,0.08420457,0.08430334,0.08442727,0.08473205,0.08508964,0.08574352,0.0864552,0.08751284,0.08868459,0.09009673,0.09135902,0.09290696,0.09348242,0.09383223,0.09381893,0.0933908,0.09312328,0.09296728
0.0918721,0.09198875,0.09221633,0.09263819,0.0930523,0.09353784,0.0939531,0.09443294,0.09479822,0.0951893,0.09551501,0.09580205,0.09593965,0.09595928,0.09577993,0.0955031,0.09510478,0.09469465,0.0942358,0.09381551,0.09338903,0.09302802,0.09267825,0.09239633,0.09212749,0.09192529,0.09174309,0.09163212,0.09154041,0.09150299,0.09146462,0.09145726,0.09143887,0.09145127,0.09146881,0.09153979,0.09163683,0.09178872,0.09195621,0.09215944,0.09236664,0.09259968,0.09282917,0.093072,0.09330138,0.09352924,0.09371591,0.09384456,0.09387063,0.09379216,0.09359097,0.0932823,0.092863,0.09235479,0.09177424,0.0911471,0.09049098,0.08982299,0.0891496,0.0884838,0.08782978,0.08717799,0.08652747,0.08586539,0.08520487,0.08455009,0.083917,0.0833005,0.08271405,0.08214557,0.08161133,0.08109784,0.08062461,0.0801722,0.079769,0.07939383,0.07907243,0.07878155,0.07853413,0.07829679,0.07810629,0.07791924,0.07779416,0.07769053,0.07764252,0.07761905,0.0776467,0.07767391,0.07778338,0.0778911,0.07811575,0.07839989,0.07885061,0.079404,0.08020654,0.08111276,0.08236429,0.08375195,0.08543381,0.08719306,0.0890913,0.09039839,0.0918714,0.09258605,0.09270547,0.09263555,0.09226972,0.09204505
0.09041206,0.09027181,0.09031357,0.09043805,0.09073342,0.09108882,0.091577,0.09207453,0.09269957,0.09331433,0.09394334,0.09453071,0.09507184,0.09547672,0.09575281,0.0958588,0.09586412,0.095765,0.09562565,0.09542902,0.09522289,0.0949886,0.09476408,0.09452567,0.0942994,0.0940632,0.09384275,0.0936233,0.09342705,0.0932345,0.09305456,0.09286811,0.09268296,0.09249076,0.09230731,0.09213734,0.09199782,0.09188753,0.09180564,0.091743,0.09169169,0.09164716,0.09159962,0.09154598,0.0914763,0.09139122,0.0912705,0.0911035,0.09085225,0.09051149,0.09006536,0.0895314,0.08890401,0.08821263,0.08745034,0.08665877,0.08583018,0.08499851,0.08415363,0.08332672,0.0824967,0.0816894,0.08086453,0.08005071,0.07922079,0.07841817,0.07762092,0.07686906,0.07612859,0.07543806,0.07476007,0.0741365,0.07352833,0.07298484,0.07246289,0.07201655,0.07160254,0.07126272,0.07094642,0.07069783,0.07045471,0.07029144,0.07014162,0.07007891,0.07005049,0.07010437,0.07018259,0.0703567,0.07053563,0.0708506,0.0712081,0.07173859,0.07236969,0.07324275,0.07425365,0.07561325,0.07709436,0.07892118,0.08086152,0.08298413,0.08495155,0.08712666,0.08844233,0.08958167,0.09035123,0.09061246,0.09071067,0.09054505
0.08785435,0.08784582,0.08778385,0.08784883,0.08793783,0.08817933,0.08847023,0.0889468,0.08944514,0.09007277,0.09073811,0.09146173,0.09214159,0.09279789,0.09332135,0.09375221,0.09402926,0.09423719,0.0943374,0.09440267,0.09438325,0.09434179,0.09423196,0.09411049,0.09392966,0.09373836,0.09349271,0.09324387,0.09295556,0.09267446,0.09236145,0.09205368,0.09171414,0.0913793,0.09101899,0.09067455,0.09032633,0.09001379,0.08971057,0.08943858,0.08916263,0.08889767,0.08861209,0.08832084,0.08799642,0.08765363,0.08727022,0.08685286,0.08636906,0.08581547,0.08517232,0.0844589,0.08367095,0.08282586,0.08192828,0.08099417,0.08003219,0.07905977,0.07808145,0.07711194,0.07615321,0.07520012,0.0742503,0.07329493,0.07234327,0.07140441,0.0704939,0.06961279,0.06877189,0.06796212,0.06719423,0.06645929,0.06577472,0.0651287,0.06454719,0.06401633,0.0635576,0.06315548,0.06281893,0.06252125,0.06229182,0.06209303,0.06197613,0.06191186,0.06193143,0.06201685,0.06219026,0.06241138,0.06275318,0.0631435,0.06368903,0.06434716,0.06521715,0.06625183,0.0675832,0.06908113,0.07095058,0.07298326,0.07529309,0.07767802,0.08016611,0.08213498,0.08426791,0.08573885,0.08669455,0.08740047,0.08769627,0.08788536
0.08440105,0.08450149,0.08458731,0.08460546,0.08469032,0.08478099,0.08498862,0.08522826,0.0856422,0.0861235,0.08669768,0.08732268,0.08800777,0.08867225,0.08931572,0.0898617,0.09033327,0.09069546,0.09099802,0.09121687,0.09138766,0.0914785,0.09151952,0.09148476,0.09140029,0.09124174,0.09103279,0.09075661,0.09044181,0.09007946,0.08969231,0.0892701,0.08882918,0.08836108,0.08787967,0.08738052,0.08688234,0.08639113,0.08592071,0.08546571,0.085019,0.08456729,0.08410071,0.08361164,0.08309133,0.08253685,0.08194325,0.08131824,0.08064586,0.07992022,0.07912683,0.07827651,0.07736441,0.07640921,0.07540064,0.07436512,0.07329491,0.07221722,0.07112908,0.07005599,0.06898242,0.06792895,0.06686356,0.06581062,0.06475032,0.06371983,0.06270665,0.06174545,0.06081005,0.05993078,0.05907672,0.05828216,0.05751731,0.05682536,0.05617283,0.05560642,0.05509264,0.05466653,0.05428866,0.05399488,0.0537315,0.05356109,0.05342704,0.05339475,0.05342641,0.05356464,0.05376685,0.05409499,0.05447181,0.05501402,0.05564107,0.05646991,0.05744442,0.05869293,0.06012815,0.06193863,0.06391184,0.06623306,0.06868096,0.07129937,0.07380199,0.07650647,0.07846726,0.08031604,0.08182854,0.08285963,0.08366071,0.08410069
0.07956471,0.07998112,0.08021025,0.08042186,0.08053741,0.08069366,0.08081539,0.08105234,0.08128332,0.08163742,0.08205456,0.08257002,0.08311169,0.08371422,0.08428636,0.08485637,0.08534048,0.08578683,0.08614249,0.08646742,0.0867108,0.08691815,0.08703416,0.08710073,0.08706859,0.08697744,0.08678318,0.08652952,0.08618437,0.08579682,0.08534083,0.08485847,0.08432304,0.0837719,0.08317819,0.08257601,0.08194529,0.08132738,0.08070902,0.08011816,0.07952381,0.07893468,0.07831745,0.07768293,0.07700332,0.07629029,0.07552939,0.07474199,0.07391633,0.07305839,0.07214817,0.0711984,0.0701992,0.06916029,0.06807987,0.06696598,0.06582255,0.06466612,0.06350171,0.06234482,0.06119696,0.06005426,0.05891619,0.05777786,0.05664893,0.05553977,0.05446655,0.05343288,0.05244835,0.05150437,0.05060909,0.04975503,0.04895874,0.04821146,0.04753727,0.0469248,0.04639322,0.04593165,0.04554903,0.04522305,0.04497928,0.04478189,0.0446767,0.04464,0.04470234,0.0448549,0.04511967,0.04546411,0.04595549,0.04652802,0.04727864,0.04817056,0.04929591,0.05061581,0.05225191,0.05408524,0.05630191,0.05869983,0.0613726,0.06413809,0.06701441,0.0694593,0.07210632,0.07418276,0.0758301,0.07723184,0.07822284,0.0790429
0.07381577,0.07440631,0.07489343,0.07521747,0.07550845,0.07570674,0.07592361,0.07608067,0.07632785,0.07658711,0.07690611,0.07726238,0.07769186,0.0781377,0.07862116,0.07907781,0.07952757,0.07991692,0.08027919,0.08058014,0.08085468,0.08106567,0.08123476,0.08132233,0.08134595,0.08127133,0.08111738,0.08086001,0.08052704,0.08010812,0.07963344,0.07909545,0.07851733,0.07789061,0.07723407,0.07653989,0.07582755,0.07510013,0.07438102,0.07366998,0.0729695,0.07226209,0.07153805,0.07078262,0.06998923,0.06915099,0.06826966,0.06735703,0.06641783,0.0654557,0.06446373,0.063442,0.06238307,0.06129327,0.06016143,0.05900299,0.05781222,0.05660874,0.05539434,0.05418843,0.05298191,0.05179107,0.05059331,0.04940962,0.04822822,0.04707926,0.0459578,0.04489285,0.04386509,0.042897,0.04196363,0.04109157,0.04025877,0.03950157,0.03879372,0.03817312,0.03761392,0.03714447,0.03673662,0.03642015,0.03615018,0.03597871,0.0358567,0.03584035,0.03590387,0.03608453,0.03635383,0.03676546,0.03725405,0.03792333,0.03870203,0.03969238,0.04084861,0.04228509,0.0439272,0.04594569,0.04814625,0.05069251,0.05337974,0.05624144,0.05903921,0.06206328,0.06445512,0.06681006,0.06887963,0.07051995,0.07192694,0.07296369
0.06690887,0.06779247,0.06844432,0.06901274,0.06942313,0.06979983,0.07006946,0.07036798,0.07058113,0.07083724,0.07109708,0.07140414,0.07170953,0.07206571,0.07240641,0.07277343,0.07309893,0.07342426,0.07369248,0.07395108,0.07415275,0.07434067,0.07446337,0.07455218,0.07455395,0.07449597,0.07433102,0.07409181,0.07374481,0.07333168,0.07283046,0.07228178,0.07166392,0.07101095,0.07030026,0.06956387,0.06878442,0.06799782,0.06719472,0.06640616,0.0656123,0.06482328,0.06400695,0.0631683,0.06228132,0.06135754,0.06038656,0.05938983,0.05836708,0.05733558,0.05628313,0.05521704,0.05412277,0.05300174,0.05184814,0.05066507,0.04945488,0.04823054,0.04699484,0.04576061,0.04453131,0.04330562,0.04208756,0.04087434,0.03967669,0.0385034,0.03737038,0.03628174,0.03524736,0.03425826,0.03332163,0.03242945,0.03159798,0.03081905,0.03011546,0.02947519,0.02891549,0.0284274,0.02802175,0.02768024,0.02742808,0.02723027,0.02712886,0.0271016,0.02717838,0.02735586,0.02765712,0.02805493,0.02861297,0.02926883,0.03011205,0.03110644,0.03233653,0.03376569,0.03550674,0.03744801,0.03976684,0.04227232,0.04505207,0.04794385,0.05096641,0.05364111,0.05657202,0.05902003,0.06113007,0.063026,0.06454367,0.06588003
0.05938662,0.06039381,0.06126969,0.06194681,0.06254783,0.06301009,0.06343919,0.06375184,0.06408744,0.06436717,0.06464342,0.06489757,0.06517512,0.06543264,0.06570981,0.06595558,0.06620634,0.06641386,0.06661292,0.06676335,0.06690081,0.06698955,0.0670587,0.06706899,0.06703923,0.06692956,0.06675708,0.06648919,0.06614916,0.06571723,0.06522238,0.06465327,0.06403597,0.06335746,0.06263875,0.06186911,0.06107113,0.06024093,0.05940169,0.05855111,0.05770268,0.05684241,0.05596718,0.05505739,0.05411133,0.05312204,0.05209774,0.05104509,0.04997604,0.04889793,0.04781489,0.04672201,0.04561265,0.04448363,0.04332423,0.04214223,0.04093522,0.0397141,0.03848148,0.03724812,0.03601156,0.03478703,0.03356233,0.03235473,0.03115799,0.02999385,0.02886117,0.02778262,0.02674557,0.02576659,0.02482689,0.02394604,0.02310804,0.02234244,0.02162904,0.02099736,0.02042745,0.01994078,0.01951893,0.01918723,0.01891005,0.01873148,0.01860897,0.01858934,0.01865548,0.01883856,0.01912177,0.01955145,0.02007222,0.02077663,0.02160078,0.02263287,0.02383315,0.02530102,0.02697025,0.02899571,0.03120034,0.033738,0.0364238,0.03928859,0.04213583,0.0452392,0.04780832,0.05041914,0.05280508,0.05482752,0.05664203,0.05810767
0.05110176,0.05232401,0.05330848,0.0541856,0.0548824,0.05551318,0.05600725,0.05648954,0.05684694,0.05719485,0.0574975,0.05779385,0.05804016,0.05829104,0.0584956,0.05870229,0.05885856,0.05901071,0.05910941,0.05919758,0.05923103,0.05925108,0.05921598,0.05916011,0.05903997,0.05888307,0.05864761,0.05836096,0.05798734,0.05755712,0.05704498,0.05648448,0.05585556,0.05518759,0.05445917,0.05369819,0.05288867,0.05205936,0.05119742,0.05032837,0.04943838,0.04854257,0.04761774,0.0466697,0.0456779,0.04465597,0.04359833,0.04252293,0.04142993,0.04033719,0.03923893,0.03814258,0.03703465,0.03591273,0.0347697,0.03360515,0.03242064,0.03122428,0.03001506,0.02880087,0.02758691,0.02637538,0.02517617,0.02398768,0.02282015,0.02167833,0.02057488,0.01951184,0.01850014,0.01753161,0.0166144,0.01574001,0.0149242,0.01415822,0.0134642,0.01282928,0.01226926,0.01177547,0.01135981,0.01100711,0.01074378,0.01053636,0.01042463,0.01038611,0.010449,0.01061279,0.01090114,0.01129078,0.01184267,0.01249667,0.01333685,0.01432595,0.01554069,0.01694292,0.01863588,0.02051165,0.02274152,0.02514768,0.02782086,0.03061787,0.03356183,0.03622583,0.03919859,0.04176645,0.04408754,0.04624157,0.04806799,0.04972957
0.04259674,0.04386538,0.04500285,0.0459345,0.04677568,0.0474602,0.04809109,0.048583,0.04907047,0.04946919,0.04983015,0.05013074,0.05041609,0.05064095,0.05085314,0.05100628,0.05114588,0.05122775,0.05129324,0.05130061,0.05128784,0.05121735,0.05112443,0.05097333,0.05079355,0.05055076,0.05027168,0.04992436,0.04953361,0.04907137,0.04856298,0.04798868,0.04737469,0.04670319,0.04599694,0.04523979,0.04445473,0.04362939,0.04278381,0.04190657,0.04101416,0.04009385,0.03915437,0.03817914,0.03717555,0.03613665,0.03507649,0.03399656,0.03290993,0.03181819,0.03073176,0.0296442,0.02855485,0.02745664,0.02634246,0.02521338,0.02406915,0.02291193,0.02174519,0.02057127,0.01939248,0.01822232,0.01705804,0.01591363,0.0147869,0.01369033,0.01262361,0.01160116,0.01061615,0.009681107,0.008784343,0.007939838,0.007136733,0.006397942,0.00570894,0.005092478,0.004534178,0.004048598,0.00362441,0.003281996,0.002994283,0.002799461,0.002661379,0.002618315,0.002659408,0.002809071,0.003060001,0.003451926,0.003938314,0.004602219,0.005386525,0.006367168,0.007508465,0.008894655,0.01046417,0.01235601,0.01440634,0.01676379,0.01926461,0.02194166,0.02463423,0.02760418,0.03011677,0.03274269,0.03520371,0.03737267,0.03937607,0.04106968
0.03375746,0.03515555,0.03632979,0.03739512,0.03827854,0.03908424,0.03974426,0.04037561,0.04086931,0.04133185,0.04172824,0.04209205,0.04238111,0.0426449,0.04283754,0.04300824,0.04311108,0.04319236,0.04320859,0.04320094,0.04312836,0.04302934,0.04286654,0.04267514,0.04242085,0.04213617,0.04178997,0.04141286,0.04097484,0.04050287,0.0399709,0.03940539,0.03878521,0.03813543,0.03743606,0.03671056,0.0359415,0.03515017,0.03431997,0.03346859,0.03258105,0.0316725,0.03072857,0.0297613,0.02875837,0.0277346,0.02668666,0.02562966,0.02456249,0.02349857,0.02243371,0.02137635,0.02031743,0.01925536,0.01818524,0.01710372,0.01601007,0.0149078,0.01379403,0.0126734,0.01155104,0.01042949,0.009322278,0.008228846,0.007159077,0.006113787,0.005101748,0.00412128,0.003183245,0.002280455,0.00142288,0.0006023072,-0.0001659255,-0.0008913501,-0.001552013,-0.002160678,-0.002702134,-0.003185387,-0.003599343,-0.003958006,-0.004234315,-0.004459879,-0.004595741,-0.004664866,-0.004641197,-0.004524159,-0.004290312,-0.00395928,-0.003472033,-0.002886525,-0.002122471,-0.001218163,-0.0001039685,0.001179149,0.00272416,0.004423907,0.006442907,0.008613501,0.01103338,0.01357753,0.0162744,0.01873898,0.02155192,0.02402029,0.02632479,0.02851382,0.03043502,0.03222397
0.02508606,0.02645524,0.02770922,0.02876723,0.02973724,0.03054878,0.03130176,0.03190867,0.03250232,0.03299519,0.03343805,0.03380517,0.03414236,0.03440109,0.0346312,0.03478565,0.03491376,0.03496972,0.03499855,0.03495707,0.03488628,0.034746,0.03457459,0.03433556,0.03406493,0.03373073,0.03336789,0.0329467,0.03249911,0.03199713,0.03146949,0.03089175,0.03029045,0.02964312,0.02897489,0.02826488,0.02753583,0.02676754,0.02597878,0.02515036,0.02429881,0.02340793,0.02249419,0.0215443,0.02057504,0.01957805,0.01857025,0.01754774,0.0165251,0.01549756,0.01447856,0.01345966,0.01244716,0.01143307,0.01041603,0.009392019,0.00836163,0.007319685,0.006272318,0.005216405,0.004157174,0.003103015,0.00205648,0.001028087,1.973838e-05,-0.0009630758,-0.001919128,-0.00284171,-0.003733907,-0.004587678,-0.005408744,-0.006187726,-0.006930706,-0.007620458,-0.008266211,-0.008850214,-0.009381364,-0.009851458,-0.01026715,-0.0106142,-0.01091318,-0.01113077,-0.01129685,-0.01138006,-0.0113866,-0.01129907,-0.01111707,-0.01080641,-0.01040508,-0.009837637,-0.009154913,-0.008291,-0.007278277,-0.006046216,-0.004653563,-0.002976743,-0.001170684,0.0009075527,0.003112312,0.005480822,0.007883283,0.0105711,0.0128541,0.01530671,0.01764338,0.01975608,0.02175148,0.02348563
0.01645833,0.01788229,0.01910726,0.02023565,0.02119325,0.02207564,0.02281508,0.02352139,0.02408885,0.02461884,0.02507698,0.02549337,0.02582867,0.02612959,0.02635194,0.02654278,0.02665843,0.02674294,0.026755,0.02673458,0.0266432,0.02651766,0.02632267,0.02609272,0.0257973,0.02546967,0.02508286,0.02466835,0.02420101,0.02370964,0.0231722,0.02261415,0.0220151,0.02139789,0.02074351,0.02007297,0.01936782,0.0186449,0.01788603,0.01710513,0.01628623,0.01544276,0.01456313,0.01366236,0.0127331,0.01179032,0.01083034,0.009865355,0.00889334,0.007925269,0.006956821,0.005996706,0.005039117,0.004084362,0.003129957,0.002171544,0.00120663,0.0002362712,-0.0007428227,-0.001726712,-0.002711409,-0.003696594,-0.004669598,-0.005631203,-0.006571739,-0.007491465,-0.008383311,-0.009250715,-0.01008437,-0.01089183,-0.01166348,-0.01240714,-0.01310796,-0.01377525,-0.01438742,-0.01495616,-0.01546678,-0.01592821,-0.01633158,-0.01669079,-0.01697983,-0.01722846,-0.01739825,-0.01751175,-0.01754569,-0.01749904,-0.01734981,-0.01711345,-0.01673218,-0.01626091,-0.01562256,-0.01485556,-0.01389681,-0.01278914,-0.01144926,-0.009983934,-0.008236487,-0.006368408,-0.004277176,-0.002071886,0.0002808828,0.002430846,0.004952505,0.007168182,0.009287506,0.01133696,0.01317723,0.01492473
0.008310449,0.009645402,0.01088941,0.01195734,0.01295037,0.01379414,0.01458471,0.01523191,0.01586657,0.01639889,0.01688022,0.01728286,0.0176542,0.01794439,0.01820455,0.01838502,0.01853648,0.01861067,0.01865459,0.0186234,0.01856093,0.0184252,0.01825729,0.01801916,0.01775015,0.0174167,0.01705666,0.01663872,0.01619889,0.01570893,0.01520204,0.01465237,0.01408948,0.01348846,0.01287684,0.0122305,0.01157358,0.01088188,0.0101758,0.009432584,0.008670899,0.007871326,0.007053538,0.006202735,0.005339985,0.004453974,0.003563219,0.002659099,0.001758057,0.0008513724,-4.498229e-05,-0.0009423178,-0.001829783,-0.002716963,-0.003601184,-0.004489894,-0.005379915,-0.006280425,-0.007181778,-0.00809063,-0.008999355,-0.009905536,-0.01080551,-0.01169381,-0.01256515,-0.01341799,-0.01424755,-0.01505183,-0.01583111,-0.01658265,-0.01730909,-0.0180056,-0.01867403,-0.01930145,-0.01989274,-0.02043418,-0.02093011,-0.02137747,-0.02177927,-0.02212714,-0.02243716,-0.02268054,-0.02288188,-0.02301511,-0.02308305,-0.02307496,-0.02298461,-0.0227823,-0.02249772,-0.02206121,-0.02151829,-0.02081114,-0.01996939,-0.01893366,-0.01775974,-0.01633709,-0.01481397,-0.01305393,-0.01119069,-0.009183642,-0.007136627,-0.004807635,-0.002851625,-0.000686547,0.001394402,0.003308442,0.005149324,0.006778167
0.0004839349,0.001818448,0.002983873,0.004072528,0.005009501,0.005882619,0.00662375,0.0073363,0.007915682,0.008460134,0.008935301,0.009369321,0.009725124,0.01004809,0.01029483,0.0105102,0.01065081,0.01075938,0.01079552,0.01079861,0.01073151,0.01063082,0.01046263,0.01026133,0.009997335,0.009703178,0.009352285,0.008975732,0.008549619,0.008103057,0.007615222,0.007111656,0.00657306,0.006022204,0.005440386,0.004847752,0.004225837,0.003591118,0.002926086,0.002244671,0.00153154,0.0007999963,3.860233e-05,-0.000738015,-0.001537672,-0.0023467,-0.003169952,-0.003996328,-0.004828311,-0.005655156,-0.006481478,-0.007298637,-0.008112253,-0.008921834,-0.009730304,-0.01054229,-0.01136018,-0.01218181,-0.01300997,-0.01383997,-0.01466889,-0.0154983,-0.01631926,-0.01713456,-0.01793573,-0.01872205,-0.01948682,-0.02023283,-0.02095244,-0.02165368,-0.02232905,-0.02298599,-0.02361067,-0.0242115,-0.02476823,-0.02529147,-0.02576785,-0.02620512,-0.02659643,-0.02695476,-0.02725646,-0.0275298,-0.02773776,-0.02790187,-0.02800188,-0.0280363,-0.02798592,-0.02786173,-0.02760734,-0.02727391,-0.0267878,-0.02618699,-0.02541438,-0.02451278,-0.02340694,-0.02220132,-0.02074651,-0.01919968,-0.01745734,-0.01561713,-0.01364321,-0.01185517,-0.009684812,-0.007800231,-0.005961599,-0.004160109,-0.002517463,-0.000930648
-0.006658397,-0.005452353,-0.004310449,-0.003319938,-0.002385242,-0.001583625,-0.0008230697,-0.0001960443,0.0004256304,0.0009499949,0.001429379,0.001834618,0.002213872,0.002515959,0.002792744,0.002992294,0.003166237,0.003264524,0.003336001,0.003334209,0.003305206,0.003205699,0.003079303,0.002886296,0.002667882,0.00238801,0.002086439,0.001729859,0.001356676,0.0009364113,0.0005042933,3.228899e-05,-0.0004475009,-0.0009621599,-0.001482132,-0.002034228,-0.002591986,-0.003181283,-0.003778528,-0.004408115,-0.005048336,-0.005720689,-0.00640311,-0.00711365,-0.00783036,-0.008568689,-0.009308714,-0.01006198,-0.01080933,-0.01156204,-0.01230153,-0.01304194,-0.01377023,-0.01449979,-0.01522658,-0.0159614,-0.01669775,-0.01744634,-0.01819321,-0.01894709,-0.01969744,-0.02044664,-0.02119145,-0.02193253,-0.02266251,-0.02338265,-0.02408453,-0.02476965,-0.02543567,-0.02608413,-0.02671474,-0.0273265,-0.02791796,-0.02848024,-0.02901533,-0.02951376,-0.02997619,-0.03040313,-0.03079318,-0.03114254,-0.03146392,-0.03173335,-0.03197176,-0.03215748,-0.03229033,-0.03236551,-0.03237229,-0.03228559,-0.03212792,-0.03183472,-0.03144744,-0.03091515,-0.03026465,-0.02944523,-0.02850843,-0.0273537,-0.02612258,-0.02468434,-0.02316514,-0.02152409,-0.01984454,-0.01789365,-0.01629704,-0.01446418,-0.01269993,-0.01105951,-0.009458779,-0.008027393
-0.01331166,-0.01214038,-0.0111082,-0.01013022,-0.009280865,-0.008478627,-0.007792115,-0.00712358,-0.006577468,-0.006057838,-0.005599623,-0.005176217,-0.004823804,-0.004498518,-0.004243706,-0.004015604,-0.003857338,-0.003726531,-0.003663204,-0.003628056,-0.003657775,-0.003715404,-0.003834529,-0.003980848,-0.004184381,-0.004412817,-0.004692773,-0.004992837,-0.005337213,-0.005697086,-0.006093957,-0.006502143,-0.006941214,-0.007388372,-0.007862985,-0.008344887,-0.008852558,-0.009368457,-0.009909738,-0.01046164,-0.01103957,-0.01162964,-0.01224393,-0.01286841,-0.01351295,-0.01416477,-0.01482985,-0.01549643,-0.01616725,-0.01683102,-0.0174931,-0.01814434,-0.0187917,-0.01943562,-0.02008114,-0.02073274,-0.02139319,-0.02205892,-0.02273251,-0.02340723,-0.02408052,-0.02475411,-0.02542268,-0.02609105,-0.02675313,-0.02740712,-0.02804749,-0.02867656,-0.02928884,-0.0298912,-0.03047686,-0.03105166,-0.03160383,-0.03214129,-0.03264645,-0.03312929,-0.03357783,-0.03399697,-0.03438085,-0.03474046,-0.0350553,-0.03535276,-0.03559845,-0.03581261,-0.03597756,-0.03609047,-0.03613588,-0.03612126,-0.03599332,-0.03579993,-0.03547158,-0.03504537,-0.03446926,-0.03378407,-0.03292073,-0.03197933,-0.03081647,-0.02958482,-0.02818127,-0.02669581,-0.02509375,-0.0236674,-0.0218551,-0.02031975,-0.01879271,-0.01728389,-0.01589586,-0.01453553
-0.01917864,-0.01815535,-0.01717147,-0.01631351,-0.01549012,-0.01477988,-0.01409453,-0.01352808,-0.01295508,-0.01246984,-0.01201942,-0.01163474,-0.01126826,-0.0109727,-0.01069561,-0.01049011,-0.01030317,-0.01018614,-0.01008868,-0.01005868,-0.01004822,-0.01010209,-0.0101751,-0.01030919,-0.01046169,-0.01067047,-0.0108936,-0.01116628,-0.01144863,-0.0117738,-0.01210485,-0.0124719,-0.01284105,-0.01324187,-0.01364308,-0.01407364,-0.01450437,-0.01496262,-0.01542237,-0.01591022,-0.01640248,-0.01692307,-0.0174484,-0.01800004,-0.01855511,-0.01913197,-0.01970827,-0.02029731,-0.02087757,-0.02146315,-0.02203369,-0.02260621,-0.02316596,-0.0237298,-0.02429187,-0.02486511,-0.02544046,-0.02603167,-0.02662257,-0.02722407,-0.0278223,-0.02842239,-0.0290196,-0.02961916,-0.03021268,-0.03080499,-0.03138549,-0.03195996,-0.0325241,-0.03308179,-0.03362805,-0.03416444,-0.03468743,-0.0351929,-0.03568113,-0.03614651,-0.03658549,-0.03700021,-0.03738436,-0.03773815,-0.03807156,-0.03836587,-0.03863947,-0.03887444,-0.03906713,-0.03921726,-0.03931052,-0.039328,-0.03928754,-0.03913064,-0.03889572,-0.03853772,-0.03807983,-0.03747768,-0.03677733,-0.03588619,-0.03493882,-0.03380884,-0.03261602,-0.03132027,-0.02998897,-0.0283999,-0.02715276,-0.02564808,-0.02420699,-0.022858,-0.02152795,-0.02033506
-0.02448315,-0.02350994,-0.02264969,-0.02182241,-0.02110033,-0.02040678,-0.01980991,-0.01921654,-0.01873112,-0.01825983,-0.01783945,-0.01744543,-0.01711418,-0.0168032,-0.01655547,-0.01632715,-0.01616097,-0.01601452,-0.01592794,-0.0158616,-0.01585234,-0.01586306,-0.01592831,-0.01601389,-0.01615041,-0.01630466,-0.01650355,-0.01671543,-0.01696593,-0.01722611,-0.01751825,-0.017816,-0.01814017,-0.01846765,-0.01881887,-0.01917252,-0.01954711,-0.01992375,-0.02032053,-0.02072225,-0.02114565,-0.02157652,-0.022029,-0.02248975,-0.02297056,-0.02345776,-0.02395735,-0.02445587,-0.02495736,-0.02545061,-0.0259433,-0.02642644,-0.02690906,-0.02739058,-0.02787603,-0.02836748,-0.02886831,-0.02937516,-0.02989388,-0.03041771,-0.03094577,-0.03147784,-0.03200873,-0.03254214,-0.03307501,-0.03360586,-0.03413224,-0.03465665,-0.03517577,-0.03569344,-0.03620256,-0.03670683,-0.03719787,-0.03768396,-0.03815085,-0.03860661,-0.03903922,-0.03944916,-0.03983178,-0.04019591,-0.04052487,-0.04084516,-0.0411256,-0.04138452,-0.04160587,-0.04178425,-0.04190881,-0.04198536,-0.04196686,-0.04189926,-0.04171785,-0.04145797,-0.04107139,-0.04059496,-0.03996469,-0.03927515,-0.0383887,-0.03745301,-0.03636498,-0.03520748,-0.03394905,-0.03285797,-0.03138041,-0.03017584,-0.02894775,-0.02772853,-0.02660297,-0.02548806
-0.02898257,-0.02815855,-0.027355,-0.02665498,-0.02597027,-0.02537869,-0.02479467,-0.02431202,-0.02380796,-0.02337944,-0.02297416,-0.02262548,-0.02228728,-0.02201302,-0.02174914,-0.02154897,-0.02135827,-0.02122953,-0.02111116,-0.0210522,-0.02100348,-0.02101186,-0.02103143,-0.02110611,-0.02119128,-0.02132599,-0.02146664,-0.02165104,-0.02183833,-0.02206378,-0.02228845,-0.02254468,-0.02279729,-0.02307829,-0.02335449,-0.02365615,-0.02395128,-0.02426905,-0.02458179,-0.02491869,-0.02525436,-0.02561544,-0.02597771,-0.02636643,-0.02675739,-0.02717057,-0.02758024,-0.02800118,-0.02841051,-0.02882602,-0.02922704,-0.02963493,-0.03003412,-0.03044296,-0.03085089,-0.03127049,-0.03168967,-0.03212563,-0.03256263,-0.03301736,-0.0334758,-0.03394491,-0.03441449,-0.03489015,-0.0353622,-0.03584065,-0.03631479,-0.03679464,-0.0372728,-0.03775389,-0.03822853,-0.03870133,-0.039168,-0.03963006,-0.04008624,-0.04053267,-0.04095998,-0.04137105,-0.04175532,-0.04211714,-0.04246398,-0.04278199,-0.04308712,-0.04336413,-0.04360531,-0.04381394,-0.04397303,-0.04407203,-0.04412693,-0.04408686,-0.04398769,-0.04378907,-0.04350954,-0.04310928,-0.04262812,-0.04198079,-0.0412951,-0.04044857,-0.03955451,-0.0385727,-0.03755635,-0.03629567,-0.03536691,-0.03416155,-0.03301917,-0.03194218,-0.03087246,-0.0299173
-0.03292003,-0.03214457,-0.03146227,-0.03079706,-0.03021738,-0.02965001,-0.0291605,-0.02865865,-0.02824849,-0.02783862,-0.02746913,-0.02711785,-0.02682141,-0.02653777,-0.02630885,-0.02609035,-0.02592495,-0.02577005,-0.02566596,-0.02557258,-0.02552767,-0.02549459,-0.02550929,-0.02553688,-0.02560811,-0.0256886,-0.02580676,-0.02593112,-0.02608895,-0.02625017,-0.02643805,-0.02662583,-0.02683616,-0.02704525,-0.02727441,-0.02750028,-0.02774195,-0.02797967,-0.02823336,-0.02848704,-0.02875873,-0.02903361,-0.02932851,-0.02963012,-0.02995178,-0.03027769,-0.03061388,-0.03094553,-0.03127916,-0.03160406,-0.03193144,-0.03225353,-0.03258239,-0.03291494,-0.03325443,-0.03359878,-0.03395157,-0.03430856,-0.03467949,-0.03506043,-0.03545619,-0.03586533,-0.03628063,-0.03670067,-0.03712394,-0.03755043,-0.03798248,-0.03842159,-0.03886458,-0.03931127,-0.03975567,-0.04020046,-0.04064186,-0.04108915,-0.0415311,-0.0419718,-0.04239822,-0.04280642,-0.04319368,-0.04356631,-0.04391135,-0.04425353,-0.0445643,-0.04485916,-0.04512336,-0.04534885,-0.0455305,-0.04567403,-0.04574113,-0.04577677,-0.0457213,-0.04560739,-0.04538982,-0.04510017,-0.04467917,-0.04421538,-0.04357741,-0.04290777,-0.04210311,-0.04123869,-0.04028665,-0.03949277,-0.03831362,-0.03740581,-0.03644451,-0.03548655,-0.03459979,-0.03371417
-0.03609752,-0.0354571,-0.03482513,-0.03428053,-0.03373787,-0.03327229,-0.03279926,-0.03241023,-0.03198498,-0.03162321,-0.03127416,-0.03097322,-0.03067542,-0.03043358,-0.03019298,-0.03000702,-0.02982085,-0.02968758,-0.02955448,-0.02947166,-0.02938976,-0.02935798,-0.02932965,-0.02934965,-0.02937125,-0.02943507,-0.02949717,-0.02959799,-0.0296953,-0.0298257,-0.02994873,-0.03009945,-0.03024168,-0.0304094,-0.03056702,-0.03074572,-0.03091161,-0.0310966,-0.03127192,-0.03146878,-0.03165971,-0.03187395,-0.03208659,-0.03232554,-0.03256423,-0.03282339,-0.03307441,-0.03333482,-0.03358136,-0.03383571,-0.03407742,-0.03433241,-0.03458409,-0.03485164,-0.03511968,-0.03540057,-0.03567928,-0.03597515,-0.03627187,-0.0365924,-0.03692473,-0.03727952,-0.03764208,-0.03801659,-0.03839012,-0.03877761,-0.03916875,-0.03957563,-0.03998557,-0.04040378,-0.04081845,-0.04123835,-0.04165914,-0.04208794,-0.04252138,-0.04295632,-0.0433783,-0.04379152,-0.04418145,-0.04455573,-0.04491842,-0.04525926,-0.04559069,-0.04589941,-0.04617439,-0.04642303,-0.04662688,-0.04678459,-0.04691133,-0.04696438,-0.04697701,-0.04691297,-0.04678599,-0.04656029,-0.0462693,-0.04583496,-0.04537822,-0.04478044,-0.04414871,-0.04344216,-0.04270063,-0.04172751,-0.04107711,-0.04013357,-0.03925559,-0.03841716,-0.03757709,-0.03683218
-0.03876699,-0.03816228,-0.0376362,-0.03711816,-0.03667244,-0.03622829,-0.03584684,-0.03544003,-0.03511059,-0.03476964,-0.03446037,-0.03416222,-0.03391067,-0.03366354,-0.03346165,-0.03326089,-0.03310385,-0.03294745,-0.03283199,-0.03271742,-0.0326432,-0.03257321,-0.03254419,-0.0325198,-0.03253118,-0.03254385,-0.03258855,-0.03263354,-0.03270691,-0.03277711,-0.03286917,-0.03295631,-0.03306294,-0.03316389,-0.03328085,-0.03338855,-0.03350811,-0.03361973,-0.03374536,-0.03386742,-0.03400517,-0.03414318,-0.03430066,-0.03446283,-0.03464338,-0.03482347,-0.03501045,-0.0351896,-0.03537083,-0.03554392,-0.03572367,-0.03590248,-0.03609408,-0.03629218,-0.03649968,-0.03671196,-0.03693374,-0.03715944,-0.03740177,-0.03765783,-0.03793702,-0.03823769,-0.03855421,-0.03888179,-0.03921944,-0.03956686,-0.03992975,-0.04030586,-0.04069078,-0.04108096,-0.04147318,-0.04186972,-0.04227125,-0.04268686,-0.04310781,-0.04353528,-0.04395759,-0.04436767,-0.0447643,-0.04514979,-0.0455135,-0.04587632,-0.04621121,-0.04653086,-0.04682321,-0.04707909,-0.04729996,-0.04749099,-0.04762261,-0.04773803,-0.04778282,-0.04778675,-0.04770819,-0.04757373,-0.04732934,-0.04705689,-0.04663124,-0.04618907,-0.04562728,-0.04501393,-0.04432498,-0.04378419,-0.04286141,-0.04221115,-0.0414806,-0.04075082,-0.04006978,-0.03938124
-0.04076304,-0.04027257,-0.0397823,-0.03936789,-0.03894869,-0.03859532,-0.03822503,-0.03792585,-0.03758037,-0.03728996,-0.03700428,-0.0367591,-0.03650944,-0.0363066,-0.03609573,-0.03593037,-0.03575527,-0.0356234,-0.03548134,-0.03538075,-0.03527288,-0.03520862,-0.03514002,-0.03511228,-0.03507769,-0.03507937,-0.03507335,-0.0351016,-0.03511984,-0.03516603,-0.03519925,-0.03525711,-0.03530212,-0.03536931,-0.03542052,-0.03548864,-0.03553955,-0.03560829,-0.03566467,-0.03574119,-0.03580864,-0.03589906,-0.03598621,-0.03609908,-0.03620745,-0.03633245,-0.03644434,-0.03656469,-0.03667055,-0.0367874,-0.03689461,-0.03702077,-0.03714603,-0.03728974,-0.03743343,-0.03759138,-0.03774712,-0.03792266,-0.03810132,-0.03830981,-0.03853442,-0.03878873,-0.03905754,-0.03934802,-0.03964525,-0.03996669,-0.04029916,-0.0406542,-0.04101372,-0.04138456,-0.04175331,-0.04213271,-0.04251717,-0.04291704,-0.04332679,-0.04374681,-0.0441614,-0.04457752,-0.04497616,-0.04536644,-0.04574684,-0.04610838,-0.04645908,-0.0467883,-0.04708394,-0.04735912,-0.04759427,-0.04779593,-0.04797671,-0.04810109,-0.0481993,-0.04823967,-0.0482322,-0.04814664,-0.04801048,-0.04775263,-0.04748607,-0.0470957,-0.04668252,-0.04620604,-0.04569316,-0.04496197,-0.04454475,-0.04382239,-0.0431732,-0.04254012,-0.04189875,-0.04133116
-0.04233249,-0.04186532,-0.04146232,-0.04106103,-0.04072222,-0.04037875,-0.04008786,-0.03976512,-0.0395116,-0.03924019,-0.03899486,-0.03875463,-0.03855215,-0.03834533,-0.03817438,-0.03799581,-0.03785156,-0.03769806,-0.03757598,-0.03744628,-0.03735018,-0.03725139,-0.03718661,-0.03711838,-0.03707935,-0.03703572,-0.03701989,-0.03699873,-0.03700063,-0.03699322,-0.03700398,-0.03700562,-0.03702362,-0.03703074,-0.03704932,-0.03705372,-0.03706839,-0.0370733,-0.03709165,-0.03710388,-0.03713118,-0.0371576,-0.03720384,-0.03725202,-0.03731521,-0.03737209,-0.03743329,-0.03748505,-0.03754111,-0.03759143,-0.03765365,-0.03771793,-0.03779769,-0.03788282,-0.03797746,-0.03807604,-0.03818579,-0.03830104,-0.03843827,-0.03859324,-0.03877617,-0.03898323,-0.03921285,-0.03946157,-0.039732,-0.04002173,-0.04033606,-0.04066728,-0.04101082,-0.04136048,-0.04171577,-0.04207752,-0.04244855,-0.04283488,-0.04323077,-0.04363822,-0.04405094,-0.04446046,-0.04486691,-0.04526675,-0.04564926,-0.04602912,-0.04638063,-0.04671505,-0.04702519,-0.04730215,-0.0475536,-0.04778196,-0.0479643,-0.04813995,-0.04825961,-0.04835058,-0.04837681,-0.04836147,-0.04825712,-0.0481379,-0.0478845,-0.04762644,-0.04726165,-0.04685184,-0.04637778,-0.04604148,-0.04532968,-0.0448943,-0.04435724,-0.04382418,-0.04331949,-0.04279882
-0.0433304,-0.0429609,-0.04258252,-0.04226724,-0.04194115,-0.04167123,-0.04137966,-0.04115228,-0.04087618,-0.04065239,-0.040429,-0.04023932,-0.04003788,-0.03987405,-0.03969399,-0.03955057,-0.03938837,-0.03925991,-0.03911255,-0.03899967,-0.0388733,-0.03878452,-0.0386841,-0.03861788,-0.03853867,-0.03849165,-0.03843214,-0.03840213,-0.03835576,-0.03833285,-0.03829256,-0.03827395,-0.03823779,-0.03821952,-0.03817974,-0.0381545,-0.03811034,-0.03808435,-0.03804426,-0.03802374,-0.03799292,-0.03798616,-0.03797481,-0.0379873,-0.03798958,-0.03800461,-0.03800346,-0.03801203,-0.03800784,-0.03801948,-0.03802503,-0.03805337,-0.0380802,-0.03812497,-0.03816737,-0.03822434,-0.03827915,-0.03835749,-0.03844268,-0.03856301,-0.03870074,-0.03887096,-0.03905881,-0.03927727,-0.03951259,-0.03978364,-0.04007206,-0.04038864,-0.04071185,-0.04105031,-0.04138838,-0.04174078,-0.04209778,-0.04247029,-0.04285163,-0.04324892,-0.04364868,-0.04406223,-0.04446681,-0.04487142,-0.04526681,-0.04564379,-0.04600644,-0.04634823,-0.04665788,-0.0469544,-0.04721646,-0.04745599,-0.04768037,-0.04785945,-0.0480197,-0.0481349,-0.04821329,-0.04823213,-0.04821386,-0.04809424,-0.04797666,-0.04774949,-0.04750771,-0.04721214,-0.0468783,-0.04634061,-0.04610859,-0.04556434,-0.04510617,-0.04464563,-0.04417543,-0.04375859
-0.04398829,-0.04363659,-0.04333248,-0.04302151,-0.04276017,-0.04248779,-0.04226001,-0.04199959,-0.04180636,-0.04159427,-0.04140571,-0.04121763,-0.041059,-0.04088864,-0.04074579,-0.04058742,-0.04045436,-0.04030365,-0.04017712,-0.04003735,-0.03992622,-0.03980645,-0.03971449,-0.03961282,-0.03953611,-0.03945067,-0.03938909,-0.03931634,-0.03926156,-0.03919253,-0.03913873,-0.03907156,-0.03901696,-0.03894596,-0.0388831,-0.0388038,-0.03873557,-0.03865683,-0.03859147,-0.03851851,-0.03846178,-0.03840399,-0.03836578,-0.03832506,-0.03829495,-0.03825387,-0.03821716,-0.03817193,-0.03813531,-0.03809652,-0.03807443,-0.03805523,-0.03805167,-0.03805044,-0.03805795,-0.03806801,-0.03809116,-0.0381222,-0.0381804,-0.03825804,-0.03836548,-0.03849659,-0.0386541,-0.03883652,-0.03905118,-0.03929307,-0.0395667,-0.03986059,-0.04017235,-0.04049345,-0.04082501,-0.04116393,-0.04151228,-0.04187115,-0.04223873,-0.04261963,-0.04301488,-0.04341633,-0.04382647,-0.04423508,-0.04463039,-0.04502043,-0.04538208,-0.04572619,-0.04605102,-0.04634749,-0.0466282,-0.04689047,-0.04711594,-0.04733776,-0.04751169,-0.04766295,-0.04776311,-0.04783315,-0.04783333,-0.04782909,-0.04770711,-0.0475885,-0.0473734,-0.04711762,-0.04680841,-0.0466265,-0.04607981,-0.04581504,-0.04543231,-0.04506299,-0.04470612,-0.04432938
-0.04417729,-0.04391088,-0.04362682,-0.04338961,-0.04313258,-0.04291941,-0.04268121,-0.04250308,-0.04227858,-0.04210658,-0.04193288,-0.04178706,-0.04162411,-0.04149106,-0.0413354,-0.04120805,-0.04105445,-0.04092713,-0.04077582,-0.04065474,-0.0405161,-0.04040977,-0.04028621,-0.0401921,-0.04008134,-0.03999947,-0.03990043,-0.0398257,-0.03972926,-0.03965285,-0.03955541,-0.03947624,-0.0393747,-0.0392871,-0.03917498,-0.03907781,-0.03896201,-0.03886501,-0.03875279,-0.03866072,-0.03855876,-0.03848187,-0.03839785,-0.03833378,-0.03825387,-0.03818498,-0.03809997,-0.0380283,-0.03794731,-0.03788712,-0.0378231,-0.03778315,-0.03773915,-0.03771162,-0.03767945,-0.0376624,-0.03764431,-0.03765402,-0.03767305,-0.03772905,-0.03780078,-0.03790564,-0.03802934,-0.03818968,-0.03837321,-0.03859934,-0.03884596,-0.03912573,-0.03941644,-0.03972921,-0.04004561,-0.04037964,-0.04071533,-0.04106319,-0.04141571,-0.0417864,-0.04216466,-0.04256718,-0.04296884,-0.04337854,-0.04377985,-0.04416448,-0.04453389,-0.04488583,-0.04520949,-0.0455281,-0.04581738,-0.04609269,-0.04635444,-0.0465767,-0.04678167,-0.04694934,-0.04708715,-0.04718059,-0.04724704,-0.04722923,-0.04722021,-0.04711262,-0.04699538,-0.04683174,-0.04662748,-0.04623564,-0.04614154,-0.04573339,-0.04542733,-0.0451043,-0.04477614,-0.04448523
-0.04411053,-0.04385866,-0.04363849,-0.04340193,-0.04319907,-0.04297753,-0.04279222,-0.04257543,-0.04242474,-0.04225532,-0.04210719,-0.04195599,-0.04182764,-0.04168257,-0.04155793,-0.04141137,-0.04128292,-0.04113184,-0.04100125,-0.04085484,-0.04073345,-0.04059888,-0.04048752,-0.04036272,-0.04026019,-0.04014532,-0.04004992,-0.03993782,-0.03983971,-0.03972378,-0.03962037,-0.03949935,-0.03938729,-0.03925505,-0.03913064,-0.03899035,-0.03886285,-0.03872431,-0.03859961,-0.03846735,-0.03835326,-0.03823713,-0.0381383,-0.03803118,-0.03793143,-0.03781925,-0.03771449,-0.03760423,-0.03750768,-0.03741183,-0.03733533,-0.03726005,-0.03719903,-0.03713714,-0.03708382,-0.03703281,-0.03699829,-0.03697444,-0.03698069,-0.03700465,-0.03705766,-0.03713245,-0.03723599,-0.03736716,-0.03753563,-0.037733,-0.03796473,-0.03821844,-0.03849634,-0.03878922,-0.03909997,-0.03941994,-0.03974934,-0.04008429,-0.04042604,-0.0407799,-0.04115315,-0.04153855,-0.04194181,-0.04234743,-0.04274468,-0.04313696,-0.04350498,-0.04385855,-0.04419975,-0.04451764,-0.04482799,-0.04512189,-0.04538482,-0.04564289,-0.04585746,-0.04605168,-0.046205,-0.0463354,-0.04641078,-0.04648718,-0.04645862,-0.04643726,-0.04632705,-0.04617837,-0.04598663,-0.04591202,-0.04548812,-0.04535184,-0.04508529,-0.04484504,-0.04460488,-0.04434674
-0.04367492,-0.04349401,-0.04328964,-0.04311566,-0.04291326,-0.04274197,-0.04254351,-0.04240059,-0.0422134,-0.04207694,-0.04193597,-0.04181722,-0.04167813,-0.04156275,-0.04142018,-0.04129888,-0.04114695,-0.04101714,-0.04086213,-0.04073497,-0.04058768,-0.04046843,-0.04032868,-0.04021552,-0.04008343,-0.03997659,-0.03984797,-0.03973891,-0.03960464,-0.03948777,-0.03934675,-0.03922062,-0.03906861,-0.03892899,-0.0387654,-0.03861893,-0.03845466,-0.03830961,-0.03814931,-0.03801077,-0.03786293,-0.0377393,-0.03760411,-0.03748447,-0.03734611,-0.03722043,-0.03708161,-0.03696096,-0.03683452,-0.03673212,-0.03662585,-0.03654248,-0.03645167,-0.03637604,-0.03629468,-0.03623044,-0.03616793,-0.0361369,-0.03611514,-0.03612916,-0.03615564,-0.03621491,-0.03629305,-0.03641042,-0.03655154,-0.0367354,-0.03693815,-0.03717594,-0.03742793,-0.03770945,-0.03800061,-0.03831442,-0.03862946,-0.03895601,-0.03928423,-0.03963068,-0.03998575,-0.0403705,-0.04075862,-0.04116089,-0.04155711,-0.04194226,-0.04231593,-0.04267883,-0.04301881,-0.04336086,-0.04367674,-0.04398434,-0.04427721,-0.04453421,-0.04477359,-0.0449815,-0.04516347,-0.04531174,-0.04543751,-0.04549098,-0.04555499,-0.0455282,-0.04549355,-0.0454182,-0.04529972,-0.04501192,-0.04501367,-0.04470446,-0.04451381,-0.04429356,-0.0440763,-0.04388398
-0.04306223,-0.0428903,-0.0427362,-0.04255875,-0.042401,-0.04222004,-0.04206831,-0.04188669,-0.04176735,-0.04162712,-0.04150401,-0.04137458,-0.04126237,-0.04113004,-0.041012,-0.04086793,-0.04073755,-0.04058346,-0.0404486,-0.04029697,-0.04016737,-0.04002171,-0.03989654,-0.03975615,-0.03963565,-0.03949914,-0.03937762,-0.03923538,-0.0391046,-0.03895343,-0.03881224,-0.03865018,-0.03849521,-0.03831967,-0.03815439,-0.03797497,-0.03780975,-0.03763323,-0.03747188,-0.03730382,-0.03715477,-0.03700064,-0.03685992,-0.03670641,-0.03656052,-0.03640435,-0.03626064,-0.03611503,-0.03598722,-0.03586103,-0.03575424,-0.03564534,-0.03554887,-0.0354491,-0.03535905,-0.03527278,-0.03520713,-0.03515347,-0.0351299,-0.03512024,-0.03513806,-0.03517538,-0.03524256,-0.03533676,-0.03546773,-0.03562362,-0.03581205,-0.03602067,-0.03625695,-0.03651258,-0.03679356,-0.03708748,-0.03739479,-0.0377076,-0.03802829,-0.03835938,-0.03871119,-0.03907592,-0.0394629,-0.03985432,-0.04024398,-0.0406328,-0.0410056,-0.04136963,-0.04172857,-0.04206789,-0.04240516,-0.04272543,-0.04301888,-0.04330558,-0.04355347,-0.0437826,-0.0439785,-0.04415383,-0.04428326,-0.04441327,-0.04444712,-0.04448796,-0.04444554,-0.04436529,-0.04425216,-0.04424625,-0.04391075,-0.04386666,-0.04368281,-0.04353884,-0.04338429,-0.04321741
-0.04217287,-0.04205418,-0.04190899,-0.04178044,-0.04161992,-0.04148171,-0.04131764,-0.04120391,-0.04104647,-0.04093468,-0.04081422,-0.04071006,-0.04058337,-0.0404744,-0.04033521,-0.04021201,-0.04005731,-0.03992319,-0.03976473,-0.03963196,-0.0394776,-0.03934821,-0.03919733,-0.03907097,-0.03892375,-0.03879753,-0.0386459,-0.0385104,-0.03834797,-0.03820061,-0.03802686,-0.03786571,-0.03767805,-0.03750419,-0.03730919,-0.0371333,-0.0369403,-0.03676705,-0.0365796,-0.03641513,-0.03624042,-0.0360867,-0.03591692,-0.03576073,-0.03558718,-0.0354307,-0.03526541,-0.03512248,-0.03497594,-0.03485428,-0.03472677,-0.0346197,-0.03450229,-0.03439975,-0.03429205,-0.03420465,-0.03412152,-0.03407082,-0.0340267,-0.03401557,-0.03401361,-0.03404384,-0.03409192,-0.03417848,-0.03428494,-0.03442995,-0.03458909,-0.03478179,-0.03498875,-0.03522948,-0.03548406,-0.03576685,-0.03605459,-0.0363586,-0.03666575,-0.03699219,-0.03732617,-0.0376904,-0.03805816,-0.03844449,-0.03882873,-0.03921049,-0.03958731,-0.03996131,-0.04031743,-0.04068051,-0.04101815,-0.04135089,-0.04166725,-0.04195233,-0.04222077,-0.04246365,-0.04268216,-0.04287301,-0.04304033,-0.04314247,-0.04325249,-0.04327705,-0.04329315,-0.04327337,-0.04320818,-0.04299348,-0.0430584,-0.04281925,-0.04271284,-0.04256493,-0.04242931,-0.04230791
-0.04117292,-0.04105617,-0.04094516,-0.04080825,-0.04068227,-0.04053427,-0.04041122,-0.04026046,-0.04016574,-0.04004657,-0.03993917,-0.03982249,-0.03971721,-0.03958905,-0.03946984,-0.03932313,-0.03918822,-0.03903097,-0.03889212,-0.03873604,-0.0385995,-0.03844589,-0.03831125,-0.03816035,-0.03802627,-0.03787278,-0.03773066,-0.03756576,-0.03741065,-0.03723336,-0.03706422,-0.03687311,-0.0366899,-0.03648865,-0.03630071,-0.03610001,-0.03591429,-0.03571768,-0.0355377,-0.03535106,-0.0351819,-0.03500344,-0.03483547,-0.03465414,-0.03448422,-0.03430824,-0.03414969,-0.03399178,-0.03385372,-0.03371631,-0.03359663,-0.03347138,-0.03335753,-0.03323955,-0.03313385,-0.03303405,-0.03295724,-0.03289078,-0.03285174,-0.03282211,-0.03281835,-0.0328318,-0.03287493,-0.03294178,-0.03304146,-0.0331597,-0.03330659,-0.03346987,-0.03366129,-0.03387273,-0.03411332,-0.03436971,-0.0346458,-0.03493202,-0.03523161,-0.03554255,-0.0358748,-0.03621787,-0.03658437,-0.03695665,-0.03733471,-0.03771779,-0.03809426,-0.03846765,-0.03884178,-0.03919795,-0.03955498,-0.03989335,-0.04020944,-0.04051867,-0.04079563,-0.04105549,-0.0412875,-0.04149729,-0.04166579,-0.04183026,-0.04190478,-0.04198346,-0.04198361,-0.04194608,-0.04188581,-0.04192277,-0.04165248,-0.04167297,-0.04154599,-0.04147086,-0.04137485,-0.04127292
-0.03997377,-0.03989205,-0.03978331,-0.03968179,-0.0395508,-0.03943825,-0.03930403,-0.03921425,-0.03908091,-0.03898672,-0.03888003,-0.03878356,-0.03866265,-0.03855337,-0.0384126,-0.03828457,-0.03812695,-0.03798924,-0.03782852,-0.03769113,-0.03753202,-0.03739581,-0.0372383,-0.03710267,-0.03694407,-0.03680227,-0.03663318,-0.03647796,-0.03629513,-0.03612539,-0.03592872,-0.03574439,-0.03553598,-0.03534416,-0.03513407,-0.03494383,-0.0347372,-0.03455085,-0.03435127,-0.03417397,-0.0339838,-0.03381096,-0.03362038,-0.03344521,-0.03325704,-0.03309075,-0.03291923,-0.03277234,-0.03262234,-0.03249612,-0.03236149,-0.03224513,-0.03211723,-0.03200537,-0.03189025,-0.03179801,-0.03171022,-0.03165247,-0.03159696,-0.03157109,-0.03155141,-0.03156291,-0.03159006,-0.03165254,-0.03172927,-0.0318391,-0.03195798,-0.03210796,-0.03227058,-0.03246754,-0.03267862,-0.03292081,-0.03317204,-0.03344647,-0.03372911,-0.03403498,-0.03434845,-0.03469155,-0.0350374,-0.03540572,-0.03577651,-0.0361536,-0.03653201,-0.03691427,-0.03728203,-0.03765913,-0.03801021,-0.03835911,-0.03869133,-0.03899881,-0.03929207,-0.03956527,-0.0398137,-0.0400372,-0.04023311,-0.04036842,-0.04050672,-0.0405642,-0.04061186,-0.04062861,-0.04059871,-0.0404395,-0.04054655,-0.04035863,-0.04031302,-0.04021419,-0.04013561,-0.04006016
-0.03871376,-0.03862864,-0.0385398,-0.03842767,-0.03832262,-0.03820133,-0.0381017,-0.03797659,-0.03790009,-0.03779619,-0.03769905,-0.03758983,-0.03748601,-0.03735747,-0.037234,-0.0370843,-0.036946,-0.03678762,-0.03664638,-0.03648815,-0.03634763,-0.0361903,-0.03605012,-0.0358923,-0.03574758,-0.03558113,-0.03542359,-0.03524259,-0.03506996,-0.03487461,-0.03468709,-0.03447922,-0.03428194,-0.03406987,-0.03387284,-0.03366367,-0.03346981,-0.03326563,-0.03307831,-0.03288274,-0.03270172,-0.03250862,-0.0323263,-0.03213369,-0.03195748,-0.03177901,-0.03162097,-0.03146444,-0.0313279,-0.03119003,-0.03106796,-0.0309383,-0.03082063,-0.03069981,-0.03059418,-0.03049532,-0.03041876,-0.03034851,-0.0303018,-0.03026031,-0.03024304,-0.03024033,-0.0302656,-0.0303097,-0.03038166,-0.03046615,-0.03057582,-0.03069866,-0.03084915,-0.03101787,-0.03121571,-0.03142923,-0.03166675,-0.03191891,-0.03219128,-0.03247841,-0.03278915,-0.03310977,-0.0334553,-0.03380844,-0.03417455,-0.03455082,-0.03492837,-0.0353067,-0.03568936,-0.03605423,-0.03642173,-0.03676971,-0.03710119,-0.03742733,-0.03772828,-0.038013,-0.03827333,-0.03850787,-0.03870389,-0.03889002,-0.03899195,-0.0390946,-0.03912433,-0.03911724,-0.03909798,-0.03916521,-0.03894843,-0.03901527,-0.03892823,-0.03890152,-0.03884269,-0.03878269
-0.03731512,-0.03724989,-0.0371606,-0.03707395,-0.0369648,-0.03687239,-0.03676308,-0.03669142,-0.03657672,-0.03649453,-0.03639685,-0.03630329,-0.03618388,-0.036071,-0.03592778,-0.03579593,-0.03563802,-0.03549912,-0.03533893,-0.03519989,-0.03504014,-0.03490116,-0.03474083,-0.0345986,-0.03443168,-0.03427803,-0.03409681,-0.03392757,-0.03373105,-0.03354662,-0.03333706,-0.03314143,-0.03292563,-0.03272826,-0.03251433,-0.03231981,-0.03210961,-0.03191943,-0.0317159,-0.03153211,-0.03133311,-0.03114987,-0.03095096,-0.0307712,-0.030583,-0.03041952,-0.03025255,-0.03011042,-0.02996456,-0.02984048,-0.02970634,-0.02958976,-0.02946257,-0.02935358,-0.0292432,-0.02915605,-0.02907109,-0.02901195,-0.02895094,-0.02891643,-0.02888552,-0.02888388,-0.02889447,-0.0289359,-0.02898609,-0.02906473,-0.02914892,-0.02926263,-0.0293875,-0.02954537,-0.02971521,-0.02991593,-0.03012701,-0.03036574,-0.0306172,-0.0308965,-0.03118548,-0.03150531,-0.03182904,-0.0321794,-0.03253638,-0.03290674,-0.03328276,-0.03366699,-0.03403847,-0.03442035,-0.03477613,-0.03513309,-0.03547469,-0.03579865,-0.03611051,-0.03640644,-0.03667607,-0.03692232,-0.03713676,-0.03729494,-0.03745125,-0.03753246,-0.03760343,-0.0376497,-0.03764942,-0.03753924,-0.03767759,-0.03753145,-0.03753089,-0.0374653,-0.03742465,-0.03737466
-0.03588998,-0.03582025,-0.0357416,-0.03564649,-0.03555765,-0.03545898,-0.03537804,-0.03527358,-0.03520978,-0.03511652,-0.03502502,-0.03491902,-0.03481305,-0.03468255,-0.03455527,-0.03440516,-0.03426648,-0.03411026,-0.03396979,-0.03381341,-0.03367293,-0.03351585,-0.03337287,-0.03321058,-0.03305778,-0.03288231,-0.03271391,-0.0325223,-0.03233825,-0.03213288,-0.03193672,-0.03172361,-0.03152354,-0.03131081,-0.03111305,-0.03090333,-0.03070853,-0.0305034,-0.03031371,-0.03011373,-0.02992633,-0.02972722,-0.02954168,-0.02934988,-0.0291778,-0.02900522,-0.02885374,-0.02870331,-0.02857181,-0.02843722,-0.02831741,-0.02819015,-0.02807686,-0.02796219,-0.0278645,-0.02777251,-0.02770002,-0.02762966,-0.02757948,-0.02753141,-0.02750582,-0.02749159,-0.02750218,-0.02752627,-0.02757371,-0.02762935,-0.0277082,-0.02779839,-0.02791568,-0.02804866,-0.02820901,-0.02838296,-0.02858196,-0.02879704,-0.02903662,-0.02929376,-0.0295776,-0.02987277,-0.03019587,-0.03052914,-0.03088132,-0.0312471,-0.03161974,-0.03199517,-0.03237711,-0.03274164,-0.0331111,-0.03346193,-0.03380259,-0.03413945,-0.03445691,-0.03475789,-0.03503691,-0.03528694,-0.03550133,-0.03570091,-0.03582305,-0.03594368,-0.03599907,-0.03602026,-0.03603937,-0.03613336,-0.03596614,-0.03606867,-0.03601197,-0.03601909,-0.03598204,-0.03594577
-0.03437309,-0.03431375,-0.03423702,-0.03416184,-0.03407241,-0.03399744,-0.0339092,-0.03385101,-0.03375071,-0.03367599,-0.03358311,-0.03348875,-0.03336857,-0.03325178,-0.03310817,-0.03297566,-0.03282116,-0.03268445,-0.03252864,-0.03239175,-0.03223522,-0.03209621,-0.03193515,-0.03178791,-0.03161521,-0.03145292,-0.03126378,-0.03108519,-0.03088121,-0.03068979,-0.03047697,-0.03027996,-0.03006601,-0.02987027,-0.02965865,-0.02946506,-0.02925626,-0.02906596,-0.02886158,-0.02867443,-0.0284721,-0.02828639,-0.02808887,-0.02791324,-0.02773176,-0.02757517,-0.02741527,-0.02727897,-0.02713801,-0.0270171,-0.02688623,-0.02677367,-0.02665281,-0.02655198,-0.02645049,-0.02637058,-0.02629003,-0.02623154,-0.02616873,-0.02613008,-0.02609282,-0.02608199,-0.02607922,-0.02610253,-0.02613041,-0.02618357,-0.02624064,-0.02632629,-0.02642176,-0.02654813,-0.02668391,-0.02684885,-0.02702332,-0.02722648,-0.02744393,-0.02769168,-0.0279513,-0.028244,-0.02854323,-0.02887289,-0.02921225,-0.02956984,-0.02993552,-0.03031217,-0.03067766,-0.03105511,-0.03140836,-0.03176712,-0.0321126,-0.03244635,-0.03276881,-0.03307807,-0.03335962,-0.03361964,-0.03384509,-0.03401952,-0.03418885,-0.03429091,-0.03438429,-0.03446043,-0.03449083,-0.03442862,-0.03459296,-0.03448454,-0.03451835,-0.0344755,-0.03445858,-0.03441982
-0.03285431,-0.03279435,-0.03272422,-0.03264595,-0.0325733,-0.03249558,-0.03243037,-0.03234297,-0.03228774,-0.0322014,-0.03211187,-0.03200634,-0.03189723,-0.03176608,-0.03163792,-0.03149124,-0.03135581,-0.03120548,-0.03106928,-0.03091825,-0.03078032,-0.03062523,-0.03048025,-0.03031472,-0.03015559,-0.02997389,-0.02979787,-0.0296002,-0.02941054,-0.02920286,-0.0290064,-0.0287963,-0.02859977,-0.02839122,-0.02819624,-0.02798922,-0.02779586,-0.02759175,-0.02740124,-0.0271999,-0.02701124,-0.02681348,-0.02663191,-0.02644666,-0.02628166,-0.02611608,-0.02597062,-0.02582522,-0.02569732,-0.02556569,-0.02544908,-0.02532678,-0.02522059,-0.0251144,-0.02502535,-0.02494003,-0.02487149,-0.02480266,-0.02475215,-0.02470206,-0.02467259,-0.02465095,-0.02465029,-0.02465844,-0.02468655,-0.02472043,-0.02477648,-0.02484262,-0.02493461,-0.02503958,-0.02516981,-0.02531135,-0.02547733,-0.02565852,-0.02586528,-0.02609009,-0.02634341,-0.0266098,-0.02690688,-0.02721624,-0.02754844,-0.02789581,-0.02825367,-0.02861569,-0.0289866,-0.02934241,-0.02970695,-0.03005552,-0.03039973,-0.03074074,-0.03106636,-0.0313747,-0.03166337,-0.03192128,-0.03214731,-0.03235558,-0.03249506,-0.032633,-0.03271548,-0.03276757,-0.03282586,-0.03294612,-0.03282682,-0.03295728,-0.03292488,-0.03295488,-0.03292932,-0.03290536
-0.03128236,-0.03122888,-0.03116633,-0.03110517,-0.03103633,-0.03097804,-0.0309085,-0.0308607,-0.03077156,-0.03070075,-0.03060979,-0.03051317,-0.03039276,-0.0302745,-0.03013422,-0.03000486,-0.02985745,-0.02972613,-0.02957772,-0.02944508,-0.02929305,-0.02915414,-0.02899243,-0.02884046,-0.02866326,-0.02849413,-0.02830004,-0.02811616,-0.0279106,-0.02771893,-0.02750988,-0.02731706,-0.02710891,-0.02691699,-0.02670938,-0.02651775,-0.02631123,-0.02612121,-0.02591731,-0.02572961,-0.02552903,-0.02534655,-0.02515538,-0.02498635,-0.02481205,-0.02466099,-0.02450616,-0.02437307,-0.02423491,-0.02411584,-0.02398845,-0.02388061,-0.0237669,-0.02367381,-0.0235799,-0.02350546,-0.02342883,-0.02337224,-0.02331096,-0.02327229,-0.02323333,-0.0232174,-0.02320561,-0.02321578,-0.02322799,-0.02326342,-0.02330199,-0.02336762,-0.02344121,-0.02354301,-0.02365204,-0.02378835,-0.02393297,-0.02410548,-0.02429162,-0.02450791,-0.02473677,-0.02499965,-0.02527095,-0.0255746,-0.02588928,-0.0262247,-0.02656938,-0.02692734,-0.02727705,-0.02764191,-0.02798689,-0.0283422,-0.02868642,-0.02902322,-0.02934856,-0.02966263,-0.02994844,-0.03021517,-0.03044668,-0.03063384,-0.03081521,-0.03093936,-0.03105786,-0.03116627,-0.03122934,-0.03121381,-0.03139946,-0.03132531,-0.03138443,-0.03135706,-0.03135449,-0.03132062
-0.02972862,-0.02968128,-0.02962428,-0.02956597,-0.02951108,-0.0294535,-0.02940217,-0.02932898,-0.02927908,-0.0291969,-0.02910748,-0.0290022,-0.02889179,-0.02876324,-0.02863803,-0.02849844,-0.02836926,-0.02822736,-0.02809701,-0.02795203,-0.02781617,-0.02766218,-0.02751419,-0.02734523,-0.0271801,-0.02699366,-0.02681251,-0.02661297,-0.02642292,-0.02621875,-0.02602677,-0.02582298,-0.0256313,-0.0254274,-0.02523498,-0.02503048,-0.02483809,-0.02463515,-0.02444492,-0.02424535,-0.02405955,-0.02386734,-0.02369207,-0.02351376,-0.0233543,-0.02319349,-0.02305115,-0.0229081,-0.02278142,-0.0226516,-0.02253765,-0.02242021,-0.02232015,-0.02222073,-0.02213771,-0.0220571,-0.02199191,-0.0219262,-0.02187832,-0.0218304,-0.02180129,-0.02177683,-0.02176978,-0.02176817,-0.02178424,-0.02180477,-0.02184626,-0.02189603,-0.02196927,-0.02205268,-0.02215928,-0.02227549,-0.02241517,-0.02256853,-0.02274661,-0.02294145,-0.02316452,-0.02340094,-0.02366873,-0.02394914,-0.02425381,-0.02457353,-0.02490601,-0.02524435,-0.02559504,-0.0259352,-0.02628907,-0.02663075,-0.02697293,-0.02731188,-0.02763826,-0.02794677,-0.02823802,-0.02849842,-0.02873181,-0.02894728,-0.02910457,-0.02926234,-0.0293749,-0.02946033,-0.02955697,-0.02970141,-0.02962648,-0.02977679,-0.02976336,-0.02980797,-0.02978913,-0.0297739
-0.02815481,-0.02811303,-0.02806938,-0.02802583,-0.02797829,-0.02793601,-0.02788276,-0.02784258,-0.02776173,-0.02769251,-0.02760258,-0.0275048,-0.02738671,-0.02727054,-0.02713706,-0.02701377,-0.02687554,-0.02675075,-0.02660981,-0.02648033,-0.02633106,-0.02619021,-0.02602634,-0.02586869,-0.0256871,-0.02551226,-0.02531595,-0.02513065,-0.02492818,-0.02474031,-0.02453785,-0.02435003,-0.02414731,-0.02395803,-0.02375334,-0.02356248,-0.02335762,-0.02316794,-0.02296613,-0.02278061,-0.02258512,-0.02240807,-0.02222391,-0.02206023,-0.0218911,-0.02174294,-0.02159076,-0.02145847,-0.02132156,-0.02120335,-0.0210791,-0.02097508,-0.02086705,-0.02077918,-0.02069038,-0.02061961,-0.02054693,-0.02049373,-0.020437,-0.02040185,-0.0203654,-0.02034886,-0.02033361,-0.02033723,-0.02034158,-0.02036733,-0.02039528,-0.0204476,-0.02050539,-0.02058823,-0.02067665,-0.02079062,-0.02091204,-0.02105984,-0.02121973,-0.02140795,-0.02160791,-0.02184067,-0.02208194,-0.02235498,-0.02263862,-0.02294358,-0.02325837,-0.02358889,-0.02391548,-0.02426152,-0.02459341,-0.02494011,-0.02527789,-0.0256114,-0.02593321,-0.02624543,-0.02652994,-0.02679862,-0.02703394,-0.02723328,-0.02742861,-0.02757762,-0.02772373,-0.02786458,-0.02795927,-0.02798574,-0.02818604,-0.02814114,-0.02821723,-0.02820113,-0.02820913,-0.02818143
-0.02661582,-0.02658648,-0.02654751,-0.02651105,-0.02647417,-0.02643476,-0.02639476,-0.02633251,-0.02628515,-0.02620559,-0.02611644,-0.02601304,-0.02590427,-0.02578144,-0.0256619,-0.02553115,-0.02540896,-0.02527502,-0.02514887,-0.02500748,-0.02487081,-0.02471533,-0.0245623,-0.02438887,-0.02421776,-0.0240281,-0.02384459,-0.02364693,-0.02345992,-0.02326175,-0.02307486,-0.02287663,-0.02268801,-0.02248702,-0.02229545,-0.02209243,-0.02190049,-0.02169948,-0.02151122,-0.02131598,-0.02113508,-0.02094941,-0.02077974,-0.02060687,-0.02045088,-0.02029304,-0.02015204,-0.02001016,-0.01988394,-0.01975585,-0.01964423,-0.01953095,-0.01943527,-0.01934058,-0.01926154,-0.01918478,-0.01912327,-0.01906245,-0.01901959,-0.0189771,-0.0189519,-0.01892922,-0.01892125,-0.01891668,-0.01892806,-0.01894284,-0.01897654,-0.01901608,-0.01907585,-0.01914311,-0.01923151,-0.01932835,-0.01944754,-0.01957884,-0.01973309,-0.01990196,-0.02009713,-0.02030442,-0.02054154,-0.02079006,-0.02106225,-0.02134847,-0.02164906,-0.02195769,-0.02228265,-0.02260262,-0.02294105,-0.02327121,-0.02360567,-0.02393683,-0.02425781,-0.02456107,-0.02484996,-0.02510992,-0.02534912,-0.02557297,-0.02575016,-0.02593019,-0.02607359,-0.02619124,-0.02632133,-0.02648456,-0.02644747,-0.02660897,-0.0266101,-0.02666466,-0.0266533,-0.02664931
-0.02508318,-0.02505846,-0.02503619,-0.02501117,-0.02498315,-0.02495431,-0.02491353,-0.02487774,-0.02480267,-0.02473404,-0.02464572,-0.02454889,-0.02443558,-0.02432392,-0.02419868,-0.02408188,-0.02395194,-0.02383159,-0.02369505,-0.02356523,-0.02341531,-0.02326966,-0.02310168,-0.02293753,-0.02275214,-0.02257355,-0.02237805,-0.02219441,-0.02199736,-0.021814,-0.02161736,-0.0214326,-0.02123322,-0.02104465,-0.02084163,-0.02065091,-0.02044813,-0.02025998,-0.0200623,-0.0198809,-0.01969183,-0.01952021,-0.01934223,-0.01918253,-0.01901749,-0.01887133,-0.01872139,-0.01858978,-0.01845464,-0.01833779,-0.018217,-0.01811626,-0.01801287,-0.01792875,-0.01784413,-0.01777685,-0.01770905,-0.01766072,-0.01761066,-0.01758138,-0.01755066,-0.01753749,-0.01752412,-0.01752729,-0.0175305,-0.01755294,-0.01757623,-0.01762038,-0.01766742,-0.01773623,-0.01780932,-0.01790614,-0.01800971,-0.01813767,-0.01827589,-0.0184397,-0.01861353,-0.01881737,-0.01902858,-0.01926933,-0.01951946,-0.01979062,-0.02007225,-0.02037204,-0.02067252,-0.02099628,-0.02131138,-0.02164454,-0.02197073,-0.02229517,-0.02260821,-0.02291366,-0.02319351,-0.02346194,-0.02370133,-0.023914,-0.02412537,-0.0243,-0.02447257,-0.0246416,-0.02476262,-0.0248229,-0.02502964,-0.02500844,-0.02509534,-0.02508997,-0.02510946,-0.02509315
-0.0235962,-0.02358723,-0.02356735,-0.02355087,-0.02352929,-0.02350361,-0.02347096,-0.0234159,-0.02336899,-0.02329151,-0.02320356,-0.02310365,-0.02299845,-0.02288243,-0.02276879,-0.0226457,-0.02252813,-0.02239869,-0.02227279,-0.02213101,-0.0219901,-0.02183057,-0.02167109,-0.02149316,-0.02131746,-0.02112719,-0.02094423,-0.02075088,-0.02056796,-0.02037537,-0.0201919,-0.01999719,-0.01980971,-0.01961046,-0.01941927,-0.01921824,-0.01902795,-0.01883079,-0.01864651,-0.01845732,-0.01828204,-0.01810294,-0.01793827,-0.0177705,-0.01761787,-0.01746351,-0.01732456,-0.01718511,-0.01706069,-0.01693574,-0.01682718,-0.01671831,-0.01662654,-0.01653623,-0.01646106,-0.01638885,-0.01633207,-0.01627755,-0.01624109,-0.01620587,-0.01618687,-0.01616948,-0.01616503,-0.01616284,-0.0161749,-0.01618924,-0.01621986,-0.01625383,-0.01630462,-0.01636063,-0.01643559,-0.01651793,-0.01662104,-0.01673458,-0.01686875,-0.01701509,-0.01718492,-0.01736492,-0.01757204,-0.0177889,-0.01802814,-0.01828054,-0.01854876,-0.01882731,-0.01912547,-0.01942346,-0.01974307,-0.0200576,-0.02037909,-0.02069751,-0.02100824,-0.02130271,-0.02158659,-0.02184558,-0.02209088,-0.02232464,-0.02252214,-0.02272336,-0.02289369,-0.02303777,-0.02319254,-0.02336675,-0.02335967,-0.02352507,-0.02353865,-0.02360206,-0.02360189,-0.02361297
-0.02213264,-0.02212575,-0.02212266,-0.022113,-0.02209958,-0.02207935,-0.02204604,-0.02201142,-0.02194018,-0.02187188,-0.02178577,-0.02169122,-0.02158337,-0.02147632,-0.02135798,-0.02124528,-0.02111997,-0.02099993,-0.02086346,-0.02072959,-0.02057608,-0.02042394,-0.02025146,-0.0200819,-0.01989506,-0.01971574,-0.01952376,-0.01934343,-0.01915204,-0.01897213,-0.01877969,-0.01859644,-0.01839949,-0.01821154,-0.01801106,-0.01782206,-0.01762356,-0.01743929,-0.01724797,-0.0170722,-0.01689043,-0.01672454,-0.01655314,-0.01639805,-0.01623836,-0.01609572,-0.01595001,-0.01582123,-0.01569013,-0.01557655,-0.01546068,-0.01536393,-0.0152657,-0.0151857,-0.0151061,-0.01504335,-0.01498167,-0.01493922,-0.0148968,-0.01487433,-0.01485105,-0.01484374,-0.01483583,-0.01484255,-0.01484881,-0.01487181,-0.01489431,-0.01493413,-0.01497476,-0.01503395,-0.01509628,-0.01518008,-0.01526971,-0.01538122,-0.01550108,-0.01564334,-0.01579366,-0.01597058,-0.01615356,-0.01636345,-0.01658192,-0.01682112,-0.01707173,-0.0173424,-0.01761755,-0.0179181,-0.01821412,-0.01852978,-0.01884015,-0.01915092,-0.01945157,-0.0197474,-0.02002146,-0.0202893,-0.02053363,-0.02075951,-0.0209858,-0.02118218,-0.02137518,-0.02156392,-0.0217029,-0.02178721,-0.02199274,-0.02199103,-0.02208545,-0.02209243,-0.02212539,-0.02212426
-0.0207177,-0.02072637,-0.02072193,-0.02071981,-0.02070799,-0.02069006,-0.02066029,-0.02060893,-0.02056099,-0.02048527,-0.02039901,-0.02030285,-0.02020117,-0.02009065,-0.01998065,-0.01986167,-0.01974467,-0.01961537,-0.01948593,-0.01934076,-0.01919385,-0.01902978,-0.01886488,-0.01868475,-0.01850767,-0.01831999,-0.01814002,-0.01795213,-0.01777317,-0.0175853,-0.01740428,-0.01721269,-0.01702678,-0.01683065,-0.01664198,-0.01644571,-0.01625998,-0.01606955,-0.01589157,-0.01571026,-0.01554184,-0.01537047,-0.01521212,-0.01505131,-0.01490424,-0.01475596,-0.01462179,-0.01448773,-0.01436785,-0.01424851,-0.01414481,-0.01404178,-0.01395496,-0.01387023,-0.01380013,-0.01373384,-0.01368285,-0.01363545,-0.01360571,-0.01357824,-0.01356621,-0.01355582,-0.01355718,-0.0135602,-0.0135757,-0.01359244,-0.01362277,-0.01365451,-0.01370004,-0.01374895,-0.0138144,-0.01388598,-0.01397612,-0.01407488,-0.0141916,-0.01431811,-0.01446503,-0.0146203,-0.01479981,-0.01498795,-0.01519737,-0.01541974,-0.01565917,-0.01591074,-0.01618372,-0.01645981,-0.01675866,-0.01705471,-0.01735937,-0.01766174,-0.0179593,-0.01824346,-0.01852151,-0.01877977,-0.01903064,-0.01927306,-0.01948696,-0.01970343,-0.01989225,-0.02005356,-0.02022249,-0.02039963,-0.02041554,-0.02057992,-0.02060546,-0.02067761,-0.02069093,-0.02071764
-0.01933337,-0.0193402,-0.01935012,-0.01934969,-0.01934403,-0.01932699,-0.0192964,-0.01926035,-0.01919142,-0.01912311,-0.01903907,-0.01894662,-0.01884302,-0.01873865,-0.01862403,-0.01851177,-0.01838695,-0.01826367,-0.01812439,-0.01798491,-0.01782743,-0.01766997,-0.01749538,-0.01732393,-0.01713938,-0.01696266,-0.0167764,-0.01660043,-0.01641484,-0.0162383,-0.01605033,-0.01586962,-0.01567704,-0.01549248,-0.01529792,-0.01511428,-0.01492363,-0.01474645,-0.01456419,-0.01439626,-0.01422377,-0.01406561,-0.01390313,-0.01375536,-0.01360403,-0.01346811,-0.01332998,-0.0132073,-0.01308337,-0.01297571,-0.01286697,-0.01277595,-0.01268448,-0.01261006,-0.01253701,-0.0124801,-0.01242551,-0.01238932,-0.01235458,-0.01233873,-0.01232309,-0.01232228,-0.01232111,-0.01233289,-0.01234389,-0.01236913,-0.01239292,-0.01243093,-0.01246838,-0.01252139,-0.01257645,-0.01265025,-0.01272867,-0.01282608,-0.01293,-0.01305312,-0.01318258,-0.01333532,-0.01349331,-0.01367593,-0.01386705,-0.01407877,-0.01430282,-0.01454787,-0.01479985,-0.01507749,-0.01535333,-0.01564898,-0.01594094,-0.01623536,-0.01652191,-0.01680697,-0.01707493,-0.01734137,-0.0175892,-0.01782441,-0.01805984,-0.01826962,-0.01847347,-0.01867133,-0.01881916,-0.01891837,-0.01911689,-0.01913163,-0.01923135,-0.01925121,-0.01929673,-0.01931002
-0.01799375,-0.01801354,-0.01801797,-0.01802287,-0.01801454,-0.01799873,-0.01796824,-0.01791798,-0.01786796,-0.0177934,-0.01770849,-0.01761505,-0.01751539,-0.01740776,-0.01729837,-0.01717994,-0.01706043,-0.01692877,-0.0167946,-0.01664597,-0.01649453,-0.01632856,-0.01616206,-0.01598403,-0.01580977,-0.01562799,-0.01545332,-0.01527221,-0.01509817,-0.0149161,-0.01473927,-0.01455333,-0.01437233,-0.01418327,-0.01400142,-0.01381419,-0.01363703,-0.01345689,-0.01328831,-0.01311766,-0.01295875,-0.01279794,-0.01264894,-0.01249842,-0.01236032,-0.0122217,-0.01209583,-0.01197063,-0.01185844,-0.01174749,-0.01165094,-0.01155578,-0.01147562,-0.01139816,-0.01133457,-0.01127542,-0.01123091,-0.0111908,-0.01116741,-0.01114718,-0.0111416,-0.01113814,-0.0111455,-0.01115429,-0.01117381,-0.01119383,-0.01122506,-0.01125649,-0.01129915,-0.01134382,-0.01140246,-0.01146583,-0.01154513,-0.01163124,-0.0117326,-0.01184174,-0.0119684,-0.0121021,-0.01225751,-0.01242114,-0.0126052,-0.01280236,-0.01301726,-0.01324532,-0.01349503,-0.01374978,-0.01402687,-0.01430287,-0.01458856,-0.01487328,-0.01515628,-0.0154294,-0.01570049,-0.01595637,-0.01620905,-0.0164547,-0.01667685,-0.01689911,-0.01709571,-0.01726406,-0.01743711,-0.01761039,-0.01764353,-0.01780315,-0.01783936,-0.01791806,-0.01794311,-0.01798144
-0.01668492,-0.01669878,-0.01671414,-0.01671636,-0.01671215,-0.01669397,-0.01666272,-0.01662369,-0.01655595,-0.01648712,-0.01640436,-0.016313,-0.01621172,-0.01610784,-0.01599414,-0.01588001,-0.01575377,-0.01562662,-0.01548494,-0.01534176,-0.01518327,-0.0150247,-0.01485273,-0.01468438,-0.01450644,-0.01433587,-0.01415787,-0.01398836,-0.01381052,-0.01363985,-0.0134594,-0.01328512,-0.01310132,-0.01292499,-0.01274117,-0.01256758,-0.01238906,-0.01222282,-0.0120531,-0.01189627,-0.0117363,-0.01158922,-0.01143913,-0.01130223,-0.01116289,-0.01103725,-0.01091021,-0.01079698,-0.01068328,-0.0105842,-0.01048491,-0.0104016,-0.01031869,-0.01025139,-0.01018624,-0.01013611,-0.01008909,-0.01005908,-0.01003146,-0.01002134,-0.01001243,-0.0100173,-0.01002234,-0.01003882,-0.0100544,-0.01008192,-0.01010754,-0.01014484,-0.01018081,-0.01022964,-0.01027953,-0.01034519,-0.01041423,-0.01049931,-0.01058934,-0.01069564,-0.01080706,-0.01093882,-0.01107557,-0.01123498,-0.0114032,-0.01159164,-0.01179293,-0.01201509,-0.01224548,-0.01250041,-0.01275543,-0.01302964,-0.01330183,-0.01357843,-0.0138498,-0.01412264,-0.01438262,-0.01464406,-0.01489022,-0.01512703,-0.01536254,-0.01557513,-0.01577929,-0.01597594,-0.01612445,-0.01623087,-0.01641783,-0.01644564,-0.0165471,-0.01657713,-0.01663053,-0.01665334
-0.01541388,-0.01543729,-0.01544395,-0.01544939,-0.01543974,-0.01542216,-0.01538895,-0.01533829,-0.01528571,-0.01521174,-0.01512759,-0.01503568,-0.01493672,-0.01483018,-0.01471997,-0.01460097,-0.014479,-0.01434598,-0.01420952,-0.01406083,-0.01390943,-0.0137467,-0.01358418,-0.01341341,-0.01324659,-0.01307439,-0.0129082,-0.01273673,-0.01257081,-0.01239815,-0.0122298,-0.01205425,-0.01188334,-0.01170658,-0.01153669,-0.01136326,-0.01119909,-0.01103326,-0.01087783,-0.01072142,-0.01057559,-0.0104289,-0.01029285,-0.01015618,-0.01003055,-0.009904976,-0.009790664,-0.009677402,-0.009575698,-0.009475617,-0.009388369,-0.009302963,-0.009231079,-0.009162295,-0.009106278,-0.009054995,-0.009017179,-0.00898411,-0.00896633,-0.008952291,-0.008951858,-0.008954097,-0.008966252,-0.008979838,-0.009002542,-0.009025327,-0.009057301,-0.009088862,-0.009129514,-0.009171228,-0.009224393,-0.009280991,-0.009350826,-0.009425917,-0.009513753,-0.009607839,-0.009716941,-0.009832264,-0.009967051,-0.01011,-0.01027238,-0.01044785,-0.01064097,-0.01084746,-0.01107472,-0.01130808,-0.01156251,-0.01181733,-0.01208253,-0.01234827,-0.01261494,-0.01287486,-0.01313542,-0.01338399,-0.01363129,-0.01387168,-0.01409186,-0.01430952,-0.01450338,-0.01466954,-0.01483821,-0.01500207,-0.01504694,-0.01519757,-0.01524082,-0.01532104,-0.01535276,-0.01539598
-0.01417153,-0.01418606,-0.01420053,-0.01420057,-0.01419371,-0.01417209,-0.01413854,-0.01409615,-0.01402915,-0.01395968,-0.01387775,-0.01378706,-0.01368728,-0.01358347,-0.01347047,-0.01335529,-0.01322926,-0.01310126,-0.012961,-0.01281909,-0.01266506,-0.01251139,-0.0123478,-0.01218801,-0.01202129,-0.01186102,-0.01169494,-0.01153573,-0.01136966,-0.01120947,-0.01104149,-0.01087901,-0.01070935,-0.01054662,-0.01037858,-0.0102198,-0.0100577,-0.00990649,-0.009753093,-0.009611111,-0.009467226,-0.009334781,-0.009200499,-0.00907783,-0.008953624,-0.008841323,-0.008728259,-0.008627173,-0.008526139,-0.008437852,-0.008349898,-0.008275968,-0.008203019,-0.008143985,-0.008087541,-0.008044637,-0.008005202,-0.007980965,-0.007959638,-0.007954045,-0.007950423,-0.007959365,-0.007969049,-0.007988721,-0.008007593,-0.008036363,-0.008063176,-0.008099505,-0.008134234,-0.008179396,-0.0082249,-0.00828332,-0.008344093,-0.008418147,-0.008496021,-0.008587585,-0.008683505,-0.008797137,-0.008915781,-0.009055037,-0.009203309,-0.009370847,-0.009551183,-0.00975134,-0.009960278,-0.01019185,-0.01042497,-0.01067619,-0.01092702,-0.01118369,-0.01143741,-0.01169443,-0.01194164,-0.01219143,-0.01242796,-0.01265675,-0.01288242,-0.01308745,-0.01328241,-0.01346909,-0.01361147,-0.01371832,-0.01388929,-0.0139254,-0.01402325,-0.01405824,-0.01411293,-0.0141389
-0.01296159,-0.01298273,-0.01298699,-0.01298896,-0.01297561,-0.0129546,-0.01291834,-0.01286703,-0.01281232,-0.01273913,-0.0126561,-0.01256585,-0.01246814,-0.01236336,-0.01225395,-0.01213665,-0.01201576,-0.01188563,-0.01175219,-0.01160915,-0.0114641,-0.01131075,-0.01115823,-0.01100001,-0.01084551,-0.0106872,-0.01053381,-0.01037632,-0.01022329,-0.01006503,-0.009910516,-0.009750725,-0.009595293,-0.009435887,-0.009282785,-0.009127575,-0.00898057,-0.008832885,-0.008694344,-0.008555694,-0.008426381,-0.008297054,-0.008177069,-0.008057124,-0.007946729,-0.007836773,-0.007736468,-0.007637392,-0.007548238,-0.007460847,-0.007384522,-0.007310245,-0.007247776,-0.007188533,-0.00714064,-0.007097425,-0.007066158,-0.007039604,-0.007026548,-0.007017455,-0.007020607,-0.007026787,-0.007041886,-0.007058479,-0.007082734,-0.0071069,-0.007138519,-0.007169487,-0.007207753,-0.007246488,-0.007294411,-0.007344756,-0.007405867,-0.007471043,-0.007546777,-0.007627662,-0.007721356,-0.007820725,-0.007937324,-0.008061947,-0.008204564,-0.008359795,-0.008531825,-0.008716766,-0.00892091,-0.009131696,-0.009361789,-0.009593563,-0.009835847,-0.01007986,-0.01032647,-0.01056849,-0.01081229,-0.01104613,-0.01127916,-0.01150498,-0.01171319,-0.01191688,-0.01209907,-0.01225538,-0.01241262,-0.0125621,-0.01261281,-0.01274939,-0.01279448,-0.01287008,-0.01290255,-0.01294401
-0.01178025,-0.0117913,-0.01180121,-0.01179686,-0.01178579,-0.01176051,-0.01172472,-0.01167987,-0.01161428,-0.01154522,-0.01146514,-0.01137651,-0.01127974,-0.01117833,-0.01106887,-0.01095663,-0.01083539,-0.01071208,-0.01057914,-0.01044494,-0.01030167,-0.01015923,-0.01000972,-0.009863845,-0.009713071,-0.00956774,-0.009418035,-0.009273916,-0.009124496,-0.008979984,-0.008829623,-0.008684146,-0.008533536,-0.008389139,-0.008241145,-0.008101245,-0.007959289,-0.007826703,-0.007692953,-0.007569049,-0.007444225,-0.007329267,-0.007213358,-0.007107348,-0.007000478,-0.006903628,-0.006806453,-0.00671934,-0.006632578,-0.00655656,-0.006481201,-0.006417747,-0.006355601,-0.006305437,-0.006258014,-0.006222351,-0.006190188,-0.006171138,-0.006155166,-0.006152858,-0.006152948,-0.00616413,-0.006176488,-0.006197404,-0.006217732,-0.006246127,-0.006272736,-0.006306998,-0.006339684,-0.006380702,-0.006421661,-0.006472986,-0.00652597,-0.006589783,-0.00665665,-0.006734936,-0.006817068,-0.006914399,-0.007016707,-0.007137295,-0.007266712,-0.007413783,-0.00757302,-0.007750367,-0.007936504,-0.008142902,-0.008351952,-0.008577531,-0.008804002,-0.009036893,-0.009268347,-0.009503673,-0.009731197,-0.009961189,-0.01017941,-0.01039079,-0.01059769,-0.01078634,-0.01096437,-0.01113404,-0.01126453,-0.01136556,-0.01151613,-0.01155498,-0.01164354,-0.01167803,-0.01172801,-0.01175184
-0.01063056,-0.01064623,-0.01064616,-0.01064332,-0.01062617,-0.01060206,-0.01056394,-0.01051311,-0.01045797,-0.01038723,-0.01030736,-0.01022098,-0.01012742,-0.01002771,-0.00992337,-0.009812564,-0.009698397,-0.009577076,-0.009453081,-0.009322003,-0.009189667,-0.009051539,-0.008914585,-0.008773852,-0.008636429,-0.008496436,-0.008360489,-0.008221564,-0.008086295,-0.007947215,-0.007811414,-0.007671941,-0.007536415,-0.007398361,-0.007265858,-0.007132277,-0.007005729,-0.006879197,-0.006760462,-0.006642211,-0.006531933,-0.006422177,-0.006320332,-0.006218928,-0.006125486,-0.006032681,-0.005947855,-0.00586427,-0.005788901,-0.005715249,-0.00565081,-0.005588408,-0.005535953,-0.005486596,-0.005446939,-0.005411622,-0.005386509,-0.005365782,-0.005356541,-0.005351157,-0.005356367,-0.005364677,-0.005380747,-0.005398336,-0.005422236,-0.005446022,-0.005475741,-0.005504788,-0.005539599,-0.005574578,-0.005616804,-0.005660774,-0.005713355,-0.00576914,-0.005833568,-0.005902308,-0.005981807,-0.006066461,-0.006165968,-0.006273057,-0.006396171,-0.006530925,-0.006680955,-0.006842932,-0.00702203,-0.007207895,-0.007410872,-0.00761641,-0.007831906,-0.008049721,-0.00827075,-0.008488488,-0.008708105,-0.008919201,-0.009129351,-0.009332255,-0.00952006,-0.009702235,-0.009865626,-0.01000595,-0.01014593,-0.01027662,-0.01032734,-0.01044523,-0.01048721,-0.01055307,-0.01058172,-0.01061688
-0.009513526,-0.009519583,-0.009523937,-0.009515297,-0.00950056,-0.009473052,-0.00943655,-0.009391429,-0.009329247,-0.00926316,-0.009187662,-0.009104402,-0.009014256,-0.008919668,-0.008818562,-0.008714829,-0.008604163,-0.008491797,-0.008372284,-0.008252007,-0.008125252,-0.007999577,-0.007869042,-0.007741783,-0.007611211,-0.007485146,-0.007355989,-0.007231343,-0.007102831,-0.006978369,-0.006849707,-0.006725232,-0.00659724,-0.006474578,-0.006349632,-0.006231489,-0.006112226,-0.00600076,-0.005888862,-0.005785155,-0.005681198,-0.005585418,-0.005489282,-0.005401254,-0.005312822,-0.005232507,-0.005152143,-0.005079915,-0.005008185,-0.004945175,-0.004882972,-0.004830503,-0.004779448,-0.004738308,-0.004699805,-0.004671109,-0.004645684,-0.004631146,-0.004619575,-0.004619405,-0.004621733,-0.004633456,-0.004646574,-0.004666795,-0.004686665,-0.004712943,-0.004737733,-0.004768529,-0.004797961,-0.004833909,-0.00486967,-0.004913587,-0.004958753,-0.005012583,-0.005068929,-0.005134606,-0.005203694,-0.00528546,-0.005371952,-0.005474063,-0.005584361,-0.005710127,-0.005846923,-0.005999592,-0.006160591,-0.006339079,-0.006520865,-0.006717088,-0.006914943,-0.00711896,-0.007322353,-0.007529326,-0.007729957,-0.007932416,-0.008124617,-0.008310752,-0.008491793,-0.008657219,-0.008812406,-0.0089596,-0.009073487,-0.009163342,-0.009289997,-0.009326664,-0.009401695,-0.009431686,-0.009473168,-0.009491915
-0.008432803,-0.008442361,-0.008438264,-0.008431328,-0.008411907,-0.00838647,-0.008348865,-0.008300793,-0.00824819,-0.008182881,-0.008109631,-0.008030854,-0.00794584,-0.007855873,-0.00776193,-0.007663082,-0.007561523,-0.007454762,-0.007346062,-0.007232386,-0.007118046,-0.006999831,-0.006882896,-0.006763604,-0.006647155,-0.006529129,-0.006414391,-0.006297644,-0.006183855,-0.00606743,-0.005953758,-0.005837651,-0.005724929,-0.005610723,-0.005501182,-0.005391264,-0.00528714,-0.005183459,-0.00508616,-0.004989657,-0.004899669,-0.004810459,-0.004727654,-0.004645467,-0.004569635,-0.004494493,-0.004425677,-0.004357997,-0.004296848,-0.004237242,-0.004185002,-0.004134629,-0.004092286,-0.004052715,-0.004021071,-0.003993219,-0.003973711,-0.003958051,-0.003951758,-0.003948953,-0.003954899,-0.003963747,-0.003979047,-0.003995794,-0.004017576,-0.004039287,-0.004065588,-0.004091312,-0.004121479,-0.004151705,-0.004187528,-0.004224667,-0.00426855,-0.004314989,-0.004368342,-0.004425277,-0.004490985,-0.004561223,-0.004643781,-0.00473313,-0.0048361,-0.004949282,-0.005075688,-0.005212625,-0.005364182,-0.005522165,-0.005694653,-0.005870071,-0.006054245,-0.006240786,-0.006430424,-0.006617563,-0.006806211,-0.006987674,-0.007167981,-0.0073415,-0.007502515,-0.007657624,-0.007796969,-0.007916652,-0.008034977,-0.008143679,-0.008189686,-0.008285886,-0.008321453,-0.008374712,-0.008397242,-0.008424139
-0.007392955,-0.007394515,-0.00739423,-0.007382913,-0.007366376,-0.007339068,-0.007304359,-0.007262019,-0.007206202,-0.007146598,-0.007079394,-0.007005677,-0.006926553,-0.006843685,-0.006755928,-0.006666051,-0.006571164,-0.00647505,-0.0063739,-0.00627237,-0.006166406,-0.006061557,-0.00595353,-0.005848285,-0.005740957,-0.005637249,-0.00553151,-0.005429309,-0.005324434,-0.005222763,-0.005118202,-0.005017041,-0.004913586,-0.004814469,-0.004714021,-0.004619033,-0.004523573,-0.004434315,-0.004345087,-0.004262357,-0.00417977,-0.004103635,-0.0040275,-0.003957691,-0.003887763,-0.003824115,-0.003760572,-0.003703318,-0.003646599,-0.003596648,-0.00354752,-0.003506,-0.003465829,-0.003433487,-0.003403483,-0.003381277,-0.003361923,-0.003351198,-0.003343121,-0.003344115,-0.003347442,-0.003358328,-0.003370621,-0.00338855,-0.003406331,-0.003429016,-0.003450563,-0.003476661,-0.003501696,-0.003531674,-0.003561497,-0.003597558,-0.003634625,-0.003678415,-0.003724282,-0.003777511,-0.003833677,-0.003899988,-0.003970527,-0.004053786,-0.004144193,-0.004247461,-0.004360197,-0.004486158,-0.004619538,-0.004767301,-0.004918498,-0.005081608,-0.005246588,-0.005416881,-0.005586935,-0.005759872,-0.005927736,-0.006096728,-0.006257189,-0.006412464,-0.006562734,-0.006700194,-0.006828493,-0.006949548,-0.007043554,-0.007118469,-0.007219419,-0.007250648,-0.007310153,-0.007333748,-0.007365406,-0.007378364
-0.006398404,-0.00640288,-0.006396336,-0.006387161,-0.006367829,-0.006343531,-0.006309344,-0.006266894,-0.006220269,-0.006163832,-0.006100992,-0.006033791,-0.00596165,-0.005885823,-0.005806927,-0.005724562,-0.005640215,-0.005552291,-0.005463067,-0.005370502,-0.005277662,-0.005182356,-0.005088258,-0.004992816,-0.004899706,-0.004805745,-0.004714363,-0.004621721,-0.004531367,-0.004439277,-0.004349359,-0.004257914,-0.004169185,-0.004079685,-0.003993889,-0.003908142,-0.003826927,-0.003746346,-0.00367072,-0.003595975,-0.003526264,-0.00345738,-0.003393403,-0.003330067,-0.003271542,-0.003213662,-0.003160546,-0.003108397,-0.00306118,-0.003015262,-0.002974942,-0.002936214,-0.00290364,-0.002873382,-0.002849263,-0.002828254,-0.002813715,-0.002802348,-0.00279823,-0.002797053,-0.002802712,-0.00281087,-0.002824094,-0.002838593,-0.002856924,-0.00287525,-0.00289698,-0.002918286,-0.002942884,-0.002967535,-0.002996363,-0.003026219,-0.003061172,-0.003098145,-0.00314043,-0.003185597,-0.003237594,-0.003293375,-0.003358859,-0.00343006,-0.0035122,-0.003602779,-0.003704146,-0.003814257,-0.003936172,-0.004063727,-0.00420288,-0.004344869,-0.004493985,-0.004645178,-0.004798959,-0.004950834,-0.005103741,-0.005250874,-0.005396773,-0.00553681,-0.005666982,-0.005791648,-0.005903717,-0.0059999,-0.006094091,-0.006179366,-0.006217625,-0.006291393,-0.006319166,-0.006359217,-0.006375324,-0.006394096
-0.005455683,-0.005454293,-0.005451214,-0.005439415,-0.005423444,-0.00539898,-0.005368785,-0.005332332,-0.005285856,-0.005236112,-0.005180646,-0.005120144,-0.005055722,-0.004988436,-0.004917756,-0.004845517,-0.004769892,-0.004693439,-0.004613636,-0.004533671,-0.004450838,-0.004368979,-0.004285184,-0.004203586,-0.004120809,-0.00404078,-0.003959532,-0.003880903,-0.003800536,-0.003722543,-0.00364267,-0.003565365,-0.003486666,-0.003411265,-0.003335193,-0.00326324,-0.00319122,-0.003123841,-0.003056735,-0.002994476,-0.002932547,-0.002875403,-0.002818441,-0.002766124,-0.002713855,-0.002666166,-0.002618658,-0.002575738,-0.00253332,-0.002495863,-0.002459155,-0.002428056,-0.00239813,-0.002374029,-0.002351849,-0.002335506,-0.002321478,-0.002313897,-0.002308506,-0.002309912,-0.002313301,-0.002322402,-0.002332757,-0.002347324,-0.002361888,-0.002380013,-0.002397346,-0.002417957,-0.002437824,-0.002461269,-0.002484651,-0.002512589,-0.002541356,-0.002575093,-0.002610491,-0.002651398,-0.0026947,-0.00274567,-0.002800162,-0.002864402,-0.002934456,-0.003014537,-0.003102214,-0.003200223,-0.003304359,-0.003419594,-0.00353796,-0.003665499,-0.003794786,-0.003928252,-0.004061653,-0.004197151,-0.004328794,-0.004461003,-0.004586571,-0.004707973,-0.004824973,-0.004932048,-0.005031537,-0.005124866,-0.005197531,-0.005255744,-0.005331175,-0.005355535,-0.005399582,-0.0054166,-0.005438956,-0.005446905
-0.00456962,-0.004570761,-0.004563708,-0.004554426,-0.004537515,-0.004516764,-0.004488587,-0.004454285,-0.004416577,-0.004371797,-0.004322268,-0.004269565,-0.004213287,-0.004154469,-0.004093492,-0.004030223,-0.00396562,-0.003898699,-0.003830959,-0.003761099,-0.003691177,-0.003619784,-0.003549398,-0.003478338,-0.003409058,-0.003339401,-0.003271639,-0.00320315,-0.003136311,-0.003068398,-0.003002068,-0.002934845,-0.002869637,-0.002804104,-0.002741305,-0.002678761,-0.002619521,-0.00256093,-0.002505925,-0.002451724,-0.002401151,-0.002351316,-0.002304986,-0.002259227,-0.00221687,-0.002175058,-0.002136601,-0.00209891,-0.002064705,-0.002031518,-0.002002314,-0.001974367,-0.001950829,-0.001929088,-0.001911782,-0.001896849,-0.001886599,-0.001878782,-0.001876204,-0.001875922,-0.001880613,-0.001887282,-0.001897647,-0.001909045,-0.001923173,-0.001937353,-0.001953908,-0.001970199,-0.001988788,-0.002007459,-0.002029074,-0.00205149,-0.002077541,-0.002105125,-0.002136546,-0.002170159,-0.002208751,-0.002250291,-0.002298967,-0.002352104,-0.00241341,-0.002481193,-0.002557136,-0.002639811,-0.00273134,-0.002827394,-0.002932055,-0.003039129,-0.003151531,-0.003265568,-0.003381546,-0.00349614,-0.003611352,-0.003722252,-0.00383201,-0.003937146,-0.004034993,-0.004128234,-0.004212055,-0.00428391,-0.004353619,-0.004415926,-0.004445096,-0.004497706,-0.004517767,-0.004545656,-0.004556237,-0.004568226
-0.003747285,-0.003744675,-0.003740724,-0.003730434,-0.003717106,-0.003697613,-0.003674049,-0.003645776,-0.003610684,-0.00357303,-0.003531435,-0.003486269,-0.003438521,-0.00338875,-0.003336838,-0.003283841,-0.003228752,-0.003173102,-0.003115406,-0.003057623,-0.002998141,-0.002939373,-0.002879557,-0.002821294,-0.002762479,-0.00270556,-0.00264801,-0.002592223,-0.002535418,-0.0024802,-0.002423874,-0.0023693,-0.002313978,-0.002260935,-0.002207651,-0.002157206,-0.002106918,-0.002059815,-0.002013079,-0.001969656,-0.001926624,-0.001886844,-0.001847327,-0.001810943,-0.001774701,-0.001741531,-0.001708578,-0.001678707,-0.001649275,-0.001623192,-0.00159774,-0.001576098,-0.001555397,-0.001538686,-0.001523435,-0.001512206,-0.001502717,-0.001497663,-0.001494284,-0.001495593,-0.001498444,-0.001505261,-0.001513085,-0.001523802,-0.00153461,-0.001547804,-0.001560521,-0.001575421,-0.001589871,-0.00160672,-0.001623603,-0.001643575,-0.001664212,-0.001688257,-0.001713551,-0.001742657,-0.001773579,-0.001809843,-0.001848808,-0.001894646,-0.001944824,-0.002002185,-0.002065133,-0.00213549,-0.002210474,-0.002293308,-0.002378688,-0.002470528,-0.002563789,-0.002660041,-0.002756306,-0.002853949,-0.002948899,-0.003044037,-0.003134442,-0.003221791,-0.003305639,-0.003382419,-0.003453454,-0.003519677,-0.003571416,-0.003613078,-0.003664877,-0.003682379,-0.003712428,-0.003723729,-0.003738273,-0.003742607
-0.002993381,-0.0029929,-0.002986926,-0.002979259,-0.002966421,-0.002950881,-0.002930304,-0.002905582,-0.002878414,-0.0028466,-0.002811601,-0.002774505,-0.002735075,-0.002694042,-0.002651634,-0.002607831,-0.002563204,-0.002517189,-0.002470696,-0.002422956,-0.002375242,-0.002326724,-0.002278941,-0.002230879,-0.002184041,-0.002137091,-0.002091404,-0.002045343,-0.002000359,-0.001954768,-0.001910216,-0.001865195,-0.001821519,-0.001777764,-0.001735835,-0.001694203,-0.001654758,-0.001615857,-0.001579313,-0.001543403,-0.001509867,-0.001476906,-0.001446221,-0.001415983,-0.001387937,-0.001360305,-0.001334828,-0.001309907,-0.001287233,-0.001265289,-0.001245927,-0.00122747,-0.00121189,-0.001197579,-0.001186181,-0.001176432,-0.001169767,-0.0011648,-0.00116328,-0.001163385,-0.001166777,-0.001171581,-0.00117883,-0.001186836,-0.00119661,-0.001206469,-0.001217841,-0.001229083,-0.001241791,-0.001254599,-0.001269308,-0.001284605,-0.001302274,-0.001321021,-0.001342295,-0.001365098,-0.001391204,-0.001419398,-0.001452363,-0.001488477,-0.001530122,-0.001576267,-0.001627995,-0.00168441,-0.001746834,-0.001812513,-0.001883973,-0.001957241,-0.002034097,-0.002112112,-0.002191424,-0.002269825,-0.002348545,-0.002424354,-0.002499255,-0.002570895,-0.002637627,-0.002700952,-0.002757866,-0.0028066,-0.002853483,-0.002894932,-0.002915015,-0.002949196,-0.002962434,-0.002980126,-0.002986496,-0.00299344
-0.002314487,-0.002312006,-0.002308609,-0.002301107,-0.002291666,-0.002278226,-0.002262243,-0.00224306,-0.002219859,-0.002194811,-0.002167375,-0.002137657,-0.00210646,-0.002073942,-0.002040262,-0.002005845,-0.001970323,-0.001934388,-0.001897386,-0.001860268,-0.001822307,-0.001784735,-0.001746729,-0.001709633,-0.001672398,-0.001636264,-0.00159992,-0.00156457,-0.001528752,-0.001493817,-0.001458359,-0.001423903,-0.001389159,-0.001355757,-0.001322387,-0.001290704,-0.001259289,-0.001229767,-0.001200631,-0.001173462,-0.001146681,-0.001121823,-0.001097261,-0.001074535,-0.001052017,-0.001031293,-0.001010811,-0.0009921349,-0.0009738376,-0.0009575157,-0.0009417066,-0.000928162,-0.0009153291,-0.0009048961,-0.0008954844,-0.0008885133,-0.0008827412,-0.0008796533,-0.000877746,-0.0008786796,-0.0008807125,-0.000885162,-0.0008903519,-0.0008972804,-0.0009043618,-0.0009128346,-0.0009211041,-0.000930637,-0.0009399779,-0.0009507235,-0.0009615858,-0.0009742893,-0.0009875078,-0.001002786,-0.001018936,-0.001037413,-0.001057148,-0.001080163,-0.001105054,-0.001134221,-0.001166289,-0.001202909,-0.00124319,-0.001288164,-0.001336261,-0.001389239,-0.001444068,-0.001502889,-0.001562733,-0.001624468,-0.001686255,-0.00174882,-0.001809743,-0.001870633,-0.00192855,-0.001984518,-0.002037973,-0.002087026,-0.00213219,-0.002173992,-0.002206892,-0.002233698,-0.002265044,-0.002276603,-0.002294872,-0.002301734,-0.002310233,-0.002312331
-0.001714713,-0.001713862,-0.001709831,-0.001704704,-0.001696551,-0.001686756,-0.001674006,-0.00165882,-0.00164214,-0.001622799,-0.001601606,-0.001579207,-0.001555481,-0.001530868,-0.001505487,-0.001479357,-0.001452777,-0.001425462,-0.001397894,-0.001369679,-0.001341504,-0.001312944,-0.001284832,-0.001256639,-0.001229168,-0.0012017,-0.001174958,-0.001148054,-0.001121757,-0.001095162,-0.001069154,-0.001042937,-0.001017492,-0.0009920696,-0.0009676987,-0.000943566,-0.0009206868,-0.0008981806,-0.000877018,-0.0008562755,-0.0008368803,-0.0008178646,-0.0008001332,-0.0007826988,-0.0007664923,-0.0007505593,-0.0007358303,-0.0007214535,-0.000708337,-0.0006956772,-0.0006844734,-0.0006738349,-0.0006648278,-0.0006565986,-0.0006500315,-0.0006444603,-0.0006406516,-0.0006378718,-0.000637062,-0.0006372477,-0.0006393187,-0.0006422604,-0.0006466022,-0.000651422,-0.0006572367,-0.0006631328,-0.0006698681,-0.0006765603,-0.0006840657,-0.0006916618,-0.0007003263,-0.0007093693,-0.0007197604,-0.0007308138,-0.0007433133,-0.0007567398,-0.0007720691,-0.0007886753,-0.0008080476,-0.0008293381,-0.0008538672,-0.0008810984,-0.0009116252,-0.0009449683,-0.0009818379,-0.001020711,-0.001062946,-0.001106328,-0.001151798,-0.001197976,-0.001244901,-0.00129131,-0.001337853,-0.001382701,-0.001426949,-0.001469228,-0.001508636,-0.00154591,-0.001579403,-0.001608058,-0.001635441,-0.001659429,-0.001671395,-0.001690766,-0.001698421,-0.00170824,-0.001711645,-0.001715181
-0.001199527,-0.001197902,-0.001195754,-0.001191393,-0.001186036,-0.001178494,-0.001169681,-0.001158957,-0.001146467,-0.001132734,-0.001117849,-0.001101705,-0.001084918,-0.001067333,-0.001049306,-0.001030769,-0.001011841,-0.0009925588,-0.0009729154,-0.0009530702,-0.0009329866,-0.0009129634,-0.0008929201,-0.0008732072,-0.0008536223,-0.0008344606,-0.0008153805,-0.0007966555,-0.0007778743,-0.000759389,-0.0007408161,-0.0007226113,-0.0007044435,-0.0006868264,-0.0006694152,-0.0006527324,-0.0006363744,-0.0006208504,-0.0006057045,-0.0005914312,-0.0005775308,-0.0005644786,-0.0005517449,-0.0005398106,-0.0005281432,-0.0005172544,-0.0005066397,-0.0004968199,-0.0004873401,-0.0004787432,-0.0004705683,-0.0004634218,-0.0004568014,-0.0004513007,-0.0004464655,-0.000442792,-0.0004398784,-0.000438235,-0.000437366,-0.0004378417,-0.0004390423,-0.0004413943,-0.0004442571,-0.0004479203,-0.0004517873,-0.000456252,-0.0004607407,-0.0004657609,-0.0004708037,-0.0004764581,-0.0004823002,-0.0004889832,-0.0004960597,-0.0005041105,-0.0005127229,-0.0005224572,-0.0005329834,-0.0005450998,-0.0005583804,-0.0005737896,-0.0005908644,-0.0006102935,-0.0006317402,-0.0006556048,-0.0006812872,-0.0007093807,-0.0007386825,-0.0007699322,-0.0008018358,-0.0008347164,-0.0008676702,-0.0009009382,-0.0009334331,-0.0009657761,-0.0009966161,-0.001026485,-0.001054736,-0.001080852,-0.001104705,-0.001126537,-0.001144046,-0.001158827,-0.00117387,-0.001180854,-0.001189946,-0.001193682,-0.001197827,-0.00119874
-0.0007720911,-0.0007715194,-0.0007695117,-0.0007669649,-0.000763038,-0.0007583383,-0.0007522872,-0.0007451194,-0.0007372478,-0.0007281812,-0.0007182714,-0.000707817,-0.0006967701,-0.0006853334,-0.0006735583,-0.000661462,-0.0006491695,-0.000636566,-0.0006238543,-0.0006108737,-0.0005979165,-0.0005848127,-0.000571917,-0.0005590128,-0.0005464376,-0.0005338882,-0.0005216634,-0.0005093859,-0.0004973746,-0.0004852483,-0.0004733802,-0.0004614397,-0.0004498442,-0.0004382842,-0.0004271957,-0.0004162398,-0.0004058447,-0.000395641,-0.0003860362,-0.0003766425,-0.0003678476,-0.0003592432,-0.0003512069,-0.0003433212,-0.0003359755,-0.0003287682,-0.0003220894,-0.000315584,-0.0003096333,-0.0003039045,-0.0002988199,-0.0002940089,-0.0002899232,-0.0002862078,-0.0002832348,-0.0002807302,-0.0002790141,-0.0002777831,-0.0002774336,-0.0002775571,-0.0002785263,-0.000279911,-0.0002819225,-0.0002841668,-0.0002868496,-0.0002895836,-0.0002926832,-0.0002957774,-0.0002992259,-0.00030273,-0.0003067054,-0.0003108688,-0.0003156328,-0.0003207133,-0.0003264414,-0.0003326068,-0.0003396288,-0.0003472558,-0.0003561351,-0.0003659186,-0.0003771797,-0.0003897004,-0.0004037335,-0.0004190797,-0.0004360368,-0.0004539451,-0.0004733785,-0.0004933684,-0.0005143045,-0.0005355767,-0.0005571842,-0.0005785641,-0.0005999868,-0.0006206401,-0.0006409957,-0.0006604325,-0.0006785602,-0.0006956646,-0.000711034,-0.0007241752,-0.0007366757,-0.000747547,-0.0007531003,-0.0007617336,-0.0007652207,-0.0007695276,-0.0007709916,-0.0007724356
-0.0004364424,-0.000435777,-0.0004348797,-0.0004331473,-0.000431103,-0.0004281783,-0.0004248973,-0.0004206341,-0.0004161877,-0.0004109255,-0.0004053714,-0.0003992606,-0.0003930685,-0.0003864218,-0.0003798064,-0.0003728074,-0.0003658882,-0.0003586228,-0.000351459,-0.0003439972,-0.0003366896,-0.0003291745,-0.0003218986,-0.0003145116,-0.0003074161,-0.0003002415,-0.0002933417,-0.0002863314,-0.0002795475,-0.0002726314,-0.000265926,-0.0002591218,-0.0002525707,-0.0002459899,-0.0002397253,-0.000233495,-0.0002276223,-0.0002218244,-0.0002163986,-0.0002110647,-0.0002060963,-0.0002012136,-0.0001966729,-0.0001922003,-0.000188048,-0.0001839612,-0.0001801856,-0.0001764947,-0.0001731314,-0.0001698823,-0.0001670037,-0.0001642818,-0.0001619653,-0.0001598632,-0.0001581847,-0.000156762,-0.0001557986,-0.0001551048,-0.0001549063,-0.0001549912,-0.0001555396,-0.0001563364,-0.0001574851,-0.0001587656,-0.0001602939,-0.000161858,-0.0001636162,-0.0001653877,-0.0001673426,-0.0001693471,-0.000171598,-0.0001739805,-0.0001766775,-0.0001795783,-0.0001828282,-0.0001863433,-0.0001903216,-0.000194685,-0.0001996993,-0.0002053027,-0.0002116786,-0.0002188234,-0.0002268004,-0.0002355524,-0.0002451727,-0.0002554288,-0.0002664147,-0.0002778837,-0.0002897311,-0.0003018994,-0.0003141543,-0.0003264037,-0.0003385027,-0.0003503912,-0.0003618289,-0.0003730283,-0.0003832722,-0.0003930394,-0.0004017371,-0.0004094414,-0.0004160616,-0.0004224284,-0.0004260889,-0.0004300243,-0.0004328058,-0.0004345935,-0.0004359194,-0.0004363082
-0.0001945383,-0.0001943657,-0.0001938315,-0.0001931538,-0.0001921262,-0.0001908986,-0.0001893273,-0.0001874717,-0.0001854338,-0.0001830957,-0.0001805435,-0.000177854,-0.0001750158,-0.0001720811,-0.0001690619,-0.0001659646,-0.0001628185,-0.0001595973,-0.0001563493,-0.0001530372,-0.0001497316,-0.0001463933,-0.000143108,-0.0001398252,-0.0001366255,-0.0001334364,-0.0001303283,-0.0001272104,-0.0001241581,-0.0001210801,-0.0001180657,-0.0001150369,-0.0001120941,-0.0001091644,-0.0001063529,-0.000103579,-0.0001009454,-9.836402e-05,-9.593215e-05,-9.355727e-05,-9.133155e-05,-8.915731e-05,-8.712408e-05,-8.513192e-05,-8.327332e-05,-8.145244e-05,-7.976212e-05,-7.81182e-05,-7.661166e-05,-7.516398e-05,-7.387637e-05,-7.266108e-05,-7.162661e-05,-7.0689e-05,-6.993702e-05,-6.930653e-05,-6.887348e-05,-6.856639e-05,-6.848008e-05,-6.85172e-05,-6.876641e-05,-6.91244e-05,-6.963919e-05,-7.021584e-05,-7.090103e-05,-7.160183e-05,-7.239241e-05,-7.318427e-05,-7.406312e-05,-7.495871e-05,-7.597115e-05,-7.703418e-05,-7.82471e-05,-7.954302e-05,-8.100113e-05,-8.25729e-05,-8.435996e-05,-8.630453e-05,-8.85651e-05,-9.106014e-05,-9.392991e-05,-9.712392e-05,-0.0001007029,-0.0001046199,-0.0001089458,-0.0001135192,-0.000118478,-0.0001235837,-0.0001289283,-0.0001343605,-0.0001398767,-0.0001453367,-0.0001508045,-0.0001560779,-0.0001612721,-0.0001662299,-0.0001708557,-0.000175214,-0.0001791304,-0.0001824779,-0.000185654,-0.0001884028,-0.0001898297,-0.0001919893,-0.0001928765,-0.0001939433,-0.0001943031,-0.0001946443
-4.886639e-05,-4.880131e-05,-4.865658e-05,-4.840263e-05,-4.819646e-05,-4.77908e-05,-4.750786e-05,-4.672697e-05,-4.658189e-05,-4.583873e-05,-4.524656e-05,-4.445467e-05,-4.38638e-05,-4.298616e-05,-4.237633e-05,-4.14377e-05,-4.081358e-05,-3.983525e-05,-3.919033e-05,-3.818524e-05,-3.752983e-05,-3.651569e-05,-3.586787e-05,-3.48684e-05,-3.424045e-05,-3.326422e-05,-3.266141e-05,-3.170053e-05,-3.111267e-05,-3.016466e-05,-2.958176e-05,-2.865047e-05,-2.8083e-05,-2.71766e-05,-2.66427e-05,-2.577613e-05,-2.528521e-05,-2.447017e-05,-2.4027e-05,-2.326681e-05,-2.287227e-05,-2.216504e-05,-2.181731e-05,-2.115677e-05,-2.085066e-05,-2.023937e-05,-1.996577e-05,-1.940785e-05,-1.91782e-05,-1.866326e-05,-1.849877e-05,-1.803764e-05,-1.792536e-05,-1.755623e-05,-1.749113e-05,-1.720988e-05,-1.723794e-05,-1.701494e-05,-1.714793e-05,-1.701112e-05,-1.720627e-05,-1.717751e-05,-1.74219e-05,-1.744802e-05,-1.774975e-05,-1.77936e-05,-1.812466e-05,-1.819783e-05,-1.854282e-05,-1.86435e-05,-1.902551e-05,-1.916883e-05,-1.958964e-05,-1.981223e-05,-2.027795e-05,-2.056178e-05,-2.114158e-05,-2.147709e-05,-2.219757e-05,-2.270176e-05,-2.351239e-05,-2.426082e-05,-2.522268e-05,-2.609768e-05,-2.73441e-05,-2.829667e-05,-2.972711e-05,-3.087437e-05,-3.22554e-05,-3.361332e-05,-3.506542e-05,-3.634741e-05,-3.780476e-05,-3.902733e-05,-4.034746e-05,-4.182093e-05,-4.26882e-05,-4.395632e-05,-4.478273e-05,-4.517248e-05,-4.615021e-05,-4.819581e-05,-4.599335e-05,-4.84181e-05,-4.797336e-05,-4.883528e-05,-4.877212e-05,-4.8982e-05
0,0,0,0,0,0,0,0,0,0,0,0,0,0,0,0,0,0,0,0,0,0,0,0,0,0,0,0,0,0,0,0,0,0,0,0,0,0,0,0,0,0,0,0,0,0,0,0,0,0,0,0,0,0,0,0,0,0,0,0,0,0,0,0,0,0,0,0,0,0,0,0,0,0,0,0,0,0,0,0,0,0,0,0,0,0,0,0,0,0,0,0,0,0,0,0,0,0,0,0,0,0,0,0,0,0,0,0
