0,0,0,0,0,0,0,0,0,0,0,0,0,0,0,0,0,0,0,0,0,0,0,0,0,0,0,0,0,0,0,0,0,0,0,0,0,0,0,0,0,0,0,0,0,0,0,0,0,0,0,0,0,0,0,0,0,0,0,0,0,0,0,0,0,0,0,0,0,0,0,0,0,0,0,0,0,0,0,0,0,0,0,0,0,0,0,0,0,0,0,0,0,0,0,0,0,0,0,0,0,0,0,0,0,0,0,0
-1.773329e-09,-1.613381e-09,-1.519884e-09,-1.386799e-09,-1.329732e-09,-1.224882e-09,-1.195594e-09,-1.107089e-09,-1.101921e-09,-9.912559e-10,-9.585556e-10,-7.462295e-10,-6.12003e-10,-2.484063e-10,7.891682e-11,3.874847e-10,3.191747e-10,-3.118762e-10,-1.054858e-09,-1.542787e-09,-1.491481e-09,-1.301937e-09,-9.497551e-10,-5.547434e-10,-4.664076e-11,5.132121e-10,1.117192e-09,1.764908e-09,2.36826e-09,2.966733e-09,3.508955e-09,4.010147e-09,4.481121e-09,4.927089e-09,5.326642e-09,5.669686e-09,5.881923e-09,5.959921e-09,5.848714e-09,5.613378e-09,5.227003e-09,4.762427e-09,4.239205e-09,3.631003e-09,2.978759e-09,2.278224e-09,1.485225e-09,7.039062e-10,-1.691619e-10,-1.100107e-09,-2.093623e-09,-3.251506e-09,-4.523165e-09,-5.922923e-09,-7.394537e-09,-8.738673e-09,-9.785787e-09,-1.039235e-08,-1.055234e-08,-1.03541e-08,-9.814148e-09,-9.039036e-09,-8.05757e-09,-7.01327e-09,-5.89902e-09,-4.808982e-09,-3.704833e-09,-2.669955e-09,-1.648701e-09,-7.509643e-10,9.979457e-11,8.010028e-10,1.474469e-09,2.00733e-09,2.550754e-09,2.955864e-09,3.339395e-09,3.569812e-09,3.729531e-09,3.71819e-09,3.738767e-09,3.623684e-09,3.693884e-09,3.667293e-09,3.762691e-09,3.659073e-09,3.521184e-09,2.949263e-09,2.360592e-09,1.428614e-09,1.632299e-09,3.432251e-09,5.783144e-09,6.595204e-09,5.921105e-09,4.536176e-09,2.663929e-09,1.519146e-09,1.139639e-10,-5.970579e-10,-1.337446e-09,-1.823987e-09,-2.004375e-09,-2.195874e-09,-2.194167e-09,-2.124879e-09,-2.037015e-09,-1.885127e-09
-2.722906e-08,-2.255094e-08,-2.334287e-08,-1.909257e-08,-2.069184e-08,-1.711548e-08,-1.91501e-08,-1.539782e-08,-1.698424e-08,-1.350299e-08,-1.599071e-08,-8.835715e-09,-1.146612e-08,-1.48294e-09,-3.546923e-10,6.943343e-09,3.854016e-09,-5.222716e-09,-1.45811e-08,-2.180392e-08,-2.335774e-08,-2.022682e-08,-1.350413e-08,-8.213467e-09,-2.362533e-10,8.369097e-09,1.621999e-08,2.731801e-08,3.508021e-08,4.439695e-08,5.263552e-08,5.958418e-08,6.678401e-08,7.344257e-08,7.901463e-08,8.436471e-08,8.703737e-08,8.875309e-08,8.615435e-08,8.337021e-08,7.744467e-08,6.96344e-08,6.332832e-08,5.292053e-08,4.336054e-08,3.412018e-08,2.034219e-08,1.011983e-08,-2.718256e-09,-1.826916e-08,-3.059088e-08,-4.961917e-08,-6.786539e-08,-8.819114e-08,-1.106556e-07,-1.302078e-07,-1.453163e-07,-1.548424e-07,-1.562958e-07,-1.540675e-07,-1.449312e-07,-1.344897e-07,-1.186527e-07,-1.040979e-07,-8.676643e-08,-7.12053e-08,-5.408387e-08,-3.962303e-08,-2.344896e-08,-1.122294e-08,2.603008e-09,1.149314e-08,2.332816e-08,2.919416e-08,3.896606e-08,4.387193e-08,5.001181e-08,5.290086e-08,5.666922e-08,5.358291e-08,5.789412e-08,5.193283e-08,5.613155e-08,5.404109e-08,5.636475e-08,5.332386e-08,5.432218e-08,3.847349e-08,3.708433e-08,1.917652e-08,2.830436e-08,4.779367e-08,8.530014e-08,9.852405e-08,8.457158e-08,7.478165e-08,2.959847e-08,3.012595e-08,-3.808419e-09,-7.466569e-09,-1.288162e-08,-3.633651e-08,-2.458191e-08,-3.388917e-08,-3.305253e-08,-3.073879e-08,-3.117978e-08,-2.66881e-08
-1.148973e-07,-1.087711e-07,-9.797613e-08,-9.375415e-08,-8.507296e-08,-8.29218e-08,-7.626669e-08,-7.583635e-08,-7.017542e-08,-6.839833e-08,-5.873839e-08,-5.45729e-08,-3.528111e-08,-2.09022e-08,8.111243e-09,2.346395e-08,2.23482e-08,-1.785016e-08,-7.334818e-08,-1.035291e-07,-9.543999e-08,-8.294297e-08,-6.417044e-08,-3.633375e-08,-4.578772e-09,3.272795e-08,7.385373e-08,1.142066e-07,1.560257e-07,1.946723e-07,2.298943e-07,2.640995e-07,2.943555e-07,3.239909e-07,3.507251e-07,3.730696e-07,3.876536e-07,3.92065e-07,3.863013e-07,3.694657e-07,3.446188e-07,3.155187e-07,2.782883e-07,2.413034e-07,1.974098e-07,1.497237e-07,1.011228e-07,4.671429e-08,-1.041955e-08,-6.883399e-08,-1.389669e-07,-2.11169e-07,-2.967712e-07,-3.893554e-07,-4.852563e-07,-5.745298e-07,-6.443451e-07,-6.831608e-07,-6.956353e-07,-6.810413e-07,-6.477909e-07,-5.944701e-07,-5.3259e-07,-4.615656e-07,-3.901171e-07,-3.167549e-07,-2.457947e-07,-1.755244e-07,-1.106856e-07,-4.899786e-08,4.311004e-09,5.369364e-08,9.416756e-08,1.337163e-07,1.652826e-07,1.953171e-07,2.184682e-07,2.355261e-07,2.430769e-07,2.47951e-07,2.412976e-07,2.430549e-07,2.393163e-07,2.43619e-07,2.453948e-07,2.43526e-07,2.272095e-07,2.067712e-07,1.509085e-07,9.901954e-08,9.568028e-08,2.357218e-07,3.802826e-07,4.346312e-07,3.95053e-07,2.830069e-07,1.971728e-07,8.133338e-08,2.155522e-08,-4.707854e-08,-9.38758e-08,-1.073153e-07,-1.401017e-07,-1.417737e-07,-1.440012e-07,-1.420379e-07,-1.328481e-07,-1.269018e-07
-3.164483e-07,-2.833628e-07,-2.705715e-07,-2.425901e-07,-2.370936e-07,-2.155845e-07,-2.153964e-07,-1.957361e-07,-1.953681e-07,-1.746081e-07,-1.723946e-07,-1.295033e-07,-1.12867e-07,-4.000079e-08,1.086661e-08,7.172873e-08,5.43956e-08,-5.463757e-08,-1.870969e-07,-2.713575e-07,-2.672537e-07,-2.31943e-07,-1.678792e-07,-9.774922e-08,-7.551511e-09,9.391411e-08,1.981085e-07,3.168643e-07,4.215326e-07,5.287424e-07,6.253289e-07,7.136287e-07,7.971854e-07,8.767809e-07,9.465983e-07,1.008175e-06,1.044389e-06,1.059578e-06,1.037455e-06,9.968212e-07,9.279854e-07,8.430252e-07,7.52862e-07,6.424094e-07,5.256713e-07,4.041943e-07,2.58932e-07,1.222047e-07,-3.188757e-08,-2.014617e-07,-3.732443e-07,-5.819966e-07,-8.075135e-07,-1.054701e-06,-1.317453e-06,-1.555352e-06,-1.740212e-06,-1.848575e-06,-1.874942e-06,-1.840592e-06,-1.742192e-06,-1.606005e-06,-1.429168e-06,-1.244749e-06,-1.045477e-06,-8.524546e-07,-6.55101e-07,-4.725355e-07,-2.895954e-07,-1.317831e-07,2.124789e-08,1.430357e-07,2.659286e-07,3.570907e-07,4.557972e-07,5.270598e-07,5.944532e-07,6.352529e-07,6.661031e-07,6.579976e-07,6.692651e-07,6.416802e-07,6.573833e-07,6.527891e-07,6.679288e-07,6.487547e-07,6.285039e-07,5.150321e-07,4.212783e-07,2.509202e-07,2.928933e-07,6.076833e-07,1.023378e-06,1.174821e-06,1.042612e-06,8.184174e-07,4.563935e-07,2.789368e-07,1.36073e-08,-1.102097e-07,-2.139977e-07,-3.486425e-07,-3.435748e-07,-3.918315e-07,-3.912118e-07,-3.763456e-07,-3.642561e-07,-3.323999e-07
-6.280691e-07,-5.897395e-07,-5.355137e-07,-5.076608e-07,-4.656056e-07,-4.497199e-07,-4.188101e-07,-4.113415e-07,-3.836802e-07,-3.704283e-07,-3.238489e-07,-2.92876e-07,-1.973604e-07,-1.092371e-07,4.118734e-08,1.307428e-07,1.203903e-07,-9.774347e-08,-3.983421e-07,-5.626156e-07,-5.230783e-07,-4.544569e-07,-3.490681e-07,-1.974141e-07,-2.264507e-08,1.825219e-07,4.047844e-07,6.287737e-07,8.54455e-07,1.06649e-06,1.258946e-06,1.444487e-06,1.609622e-06,1.771183e-06,1.915725e-06,2.037855e-06,2.115719e-06,2.140572e-06,2.106309e-06,2.015428e-06,1.878738e-06,1.717328e-06,1.516636e-06,1.311317e-06,1.071245e-06,8.131669e-07,5.429295e-07,2.486087e-07,-6.326897e-08,-3.861142e-07,-7.638677e-07,-1.161913e-06,-1.627945e-06,-2.132009e-06,-2.656614e-06,-3.142382e-06,-3.521757e-06,-3.733556e-06,-3.798498e-06,-3.71906e-06,-3.534023e-06,-3.244123e-06,-2.902792e-06,-2.516286e-06,-2.124112e-06,-1.724457e-06,-1.335364e-06,-9.534855e-07,-5.974651e-07,-2.630813e-07,3.023668e-08,2.964055e-07,5.210155e-07,7.323997e-07,9.079915e-07,1.069595e-06,1.196395e-06,1.288296e-06,1.332037e-06,1.352038e-06,1.323885e-06,1.324189e-06,1.309787e-06,1.329766e-06,1.340104e-06,1.32631e-06,1.242162e-06,1.11531e-06,8.255651e-07,5.333406e-07,5.274469e-07,1.279102e-06,2.072621e-06,2.371298e-06,2.146607e-06,1.55806e-06,1.053131e-06,4.581205e-07,1.053845e-07,-2.555443e-07,-4.954354e-07,-6.070194e-07,-7.520685e-07,-7.759624e-07,-7.860111e-07,-7.726487e-07,-7.261362e-07,-6.888878e-07
-1.083358e-06,-9.830983e-07,-9.260595e-07,-8.433179e-07,-8.098698e-07,-7.481672e-07,-7.329745e-07,-6.801003e-07,-6.682912e-07,-6.084102e-07,-5.824852e-07,-4.595772e-07,-3.741906e-07,-1.507976e-07,4.663037e-08,2.40992e-07,1.934955e-07,-1.838742e-07,-6.503892e-07,-9.423018e-07,-9.174974e-07,-7.972348e-07,-5.828803e-07,-3.345336e-07,-2.36776e-08,3.271122e-07,6.946651e-07,1.096757e-06,1.465785e-06,1.833287e-06,2.165137e-06,2.47221e-06,2.758017e-06,3.031207e-06,3.272608e-06,3.48191e-06,3.607794e-06,3.654997e-06,3.582251e-06,3.435569e-06,3.197175e-06,2.907256e-06,2.58517e-06,2.210529e-06,1.804631e-06,1.376846e-06,8.860592e-07,4.043268e-07,-1.288654e-07,-7.045452e-07,-1.312565e-06,-2.021821e-06,-2.80411e-06,-3.659295e-06,-4.561292e-06,-5.383036e-06,-6.020727e-06,-6.387851e-06,-6.480198e-06,-6.353232e-06,-6.016417e-06,-5.536507e-06,-4.930881e-06,-4.286333e-06,-3.601509e-06,-2.930383e-06,-2.252664e-06,-1.616777e-06,-9.912635e-07,-4.402128e-07,8.056703e-08,5.093807e-07,9.22158e-07,1.248482e-06,1.57824e-06,1.830387e-06,2.059372e-06,2.202281e-06,2.299578e-06,2.287411e-06,2.301276e-06,2.230619e-06,2.264115e-06,2.257686e-06,2.301964e-06,2.241552e-06,2.149596e-06,1.797366e-06,1.428657e-06,8.715199e-07,9.784387e-07,2.11036e-06,3.526632e-06,4.043669e-06,3.607805e-06,2.771081e-06,1.629898e-06,9.109961e-07,7.943932e-08,-3.911016e-07,-7.774483e-07,-1.146e-06,-1.214061e-06,-1.340466e-06,-1.343874e-06,-1.299972e-06,-1.248053e-06,-1.15143e-06
-1.616687e-06,-1.514335e-06,-1.378094e-06,-1.302846e-06,-1.198683e-06,-1.155136e-06,-1.07993e-06,-1.057109e-06,-9.873008e-07,-9.51643e-07,-8.356917e-07,-7.507493e-07,-5.117709e-07,-2.779546e-07,1.044517e-07,3.401553e-07,3.118765e-07,-2.484094e-07,-1.029107e-06,-1.455883e-06,-1.35905e-06,-1.185105e-06,-9.073772e-07,-5.05734e-07,-4.429193e-08,4.960228e-07,1.074053e-06,1.661285e-06,2.245016e-06,2.796005e-06,3.293222e-06,3.771066e-06,4.194828e-06,4.609366e-06,4.977364e-06,5.289206e-06,5.483529e-06,5.543472e-06,5.446068e-06,5.205932e-06,4.844757e-06,4.418845e-06,3.894926e-06,3.355126e-06,2.726691e-06,2.055699e-06,1.346724e-06,5.833469e-07,-2.271544e-07,-1.068101e-06,-2.043554e-06,-3.07725e-06,-4.283208e-06,-5.585262e-06,-6.942007e-06,-8.192956e-06,-9.166122e-06,-9.703399e-06,-9.857492e-06,-9.640038e-06,-9.147288e-06,-8.387653e-06,-7.493134e-06,-6.486701e-06,-5.464953e-06,-4.427171e-06,-3.416072e-06,-2.427181e-06,-1.503127e-06,-6.391382e-07,1.21731e-07,8.073951e-07,1.39105e-06,1.933781e-06,2.389498e-06,2.804855e-06,3.130801e-06,3.365416e-06,3.477234e-06,3.520204e-06,3.450199e-06,3.440661e-06,3.403447e-06,3.448942e-06,3.46727e-06,3.419454e-06,3.191074e-06,2.845964e-06,2.108095e-06,1.349936e-06,1.342817e-06,3.288764e-06,5.339206e-06,6.109157e-06,5.52077e-06,4.018786e-06,2.691978e-06,1.185569e-06,2.613964e-07,-6.619817e-07,-1.257647e-06,-1.584825e-06,-1.924238e-06,-1.999817e-06,-2.023103e-06,-1.987085e-06,-1.869615e-06,-1.770032e-06
-2.29193e-06,-2.087501e-06,-1.959422e-06,-1.791977e-06,-1.712707e-06,-1.588326e-06,-1.547612e-06,-1.443789e-06,-1.41519e-06,-1.292939e-06,-1.229049e-06,-9.82005e-07,-7.854615e-07,-3.280194e-07,1.052224e-07,5.112214e-07,4.211235e-07,-3.883848e-07,-1.384092e-06,-2.032702e-06,-2.007004e-06,-1.755368e-06,-1.271697e-06,-6.983366e-07,4.906225e-09,7.878349e-07,1.606214e-06,2.481585e-06,3.291048e-06,4.084748e-06,4.796534e-06,5.452398e-06,6.054371e-06,6.626235e-06,7.128709e-06,7.557777e-06,7.808801e-06,7.884481e-06,7.707115e-06,7.362487e-06,6.823401e-06,6.176585e-06,5.450115e-06,4.622757e-06,3.722669e-06,2.772115e-06,1.702269e-06,6.41149e-07,-5.218793e-07,-1.764477e-06,-3.091259e-06,-4.615444e-06,-6.30357e-06,-8.144014e-06,-1.007314e-05,-1.182448e-05,-1.316652e-05,-1.391224e-05,-1.406579e-05,-1.374126e-05,-1.297329e-05,-1.189476e-05,-1.055956e-05,-9.140806e-06,-7.645787e-06,-6.183308e-06,-4.713076e-06,-3.333942e-06,-1.984044e-06,-7.927162e-07,3.266654e-07,1.253251e-06,2.135367e-06,2.841545e-06,3.543476e-06,4.082369e-06,4.568334e-06,4.864237e-06,5.057472e-06,5.026259e-06,5.028107e-06,4.876641e-06,4.92461e-06,4.893683e-06,4.96029e-06,4.787397e-06,4.525692e-06,3.740022e-06,2.920629e-06,1.801387e-06,2.029839e-06,4.474289e-06,7.492352e-06,8.586558e-06,7.665026e-06,5.844362e-06,3.485696e-06,1.898489e-06,1.817203e-07,-8.342309e-07,-1.687021e-06,-2.387483e-06,-2.598564e-06,-2.835447e-06,-2.846675e-06,-2.756759e-06,-2.64075e-06,-2.443657e-06
-3.001421e-06,-2.807424e-06,-2.557517e-06,-2.414064e-06,-2.225006e-06,-2.141835e-06,-2.007337e-06,-1.961479e-06,-1.832314e-06,-1.765928e-06,-1.553931e-06,-1.393194e-06,-9.553437e-07,-5.152511e-07,1.944319e-07,6.419081e-07,5.933484e-07,-4.457748e-07,-1.951677e-06,-2.836793e-06,-2.76922e-06,-2.483653e-06,-1.854576e-06,-9.113704e-07,1.429341e-07,1.328282e-06,2.548546e-06,3.768387e-06,4.947349e-06,6.043314e-06,7.007332e-06,7.909716e-06,8.685689e-06,9.427898e-06,1.006664e-05,1.058975e-05,1.087495e-05,1.089526e-05,1.059944e-05,1.002478e-05,9.20983e-06,8.264524e-06,7.13321e-06,5.965049e-06,4.628795e-06,3.21913e-06,1.738528e-06,1.734626e-07,-1.468952e-06,-3.160704e-06,-5.092016e-06,-7.134428e-06,-9.494312e-06,-1.202176e-05,-1.462708e-05,-1.698151e-05,-1.874259e-05,-1.961493e-05,-1.971311e-05,-1.908926e-05,-1.793063e-05,-1.628e-05,-1.43839e-05,-1.230615e-05,-1.021584e-05,-8.124667e-06,-6.095345e-06,-4.134954e-06,-2.302911e-06,-6.097988e-07,8.870531e-07,2.21881e-06,3.362665e-06,4.406734e-06,5.289239e-06,6.072299e-06,6.67789e-06,7.086712e-06,7.255668e-06,7.27216e-06,7.087682e-06,7.002127e-06,6.871579e-06,6.871122e-06,6.772904e-06,6.487694e-06,5.804144e-06,4.954914e-06,3.55173e-06,2.278355e-06,2.376688e-06,6.112467e-06,9.948509e-06,1.138027e-05,1.02634e-05,7.466692e-06,4.980404e-06,2.195816e-06,4.747648e-07,-1.244068e-06,-2.314217e-06,-2.972974e-06,-3.562057e-06,-3.717544e-06,-3.757799e-06,-3.689293e-06,-3.47264e-06,-3.283618e-06
-3.875462e-06,-3.525838e-06,-3.314303e-06,-3.027199e-06,-2.897073e-06,-2.680655e-06,-2.615522e-06,-2.43557e-06,-2.398386e-06,-2.182466e-06,-2.081809e-06,-1.661316e-06,-1.331763e-06,-5.580948e-07,1.803517e-07,8.824625e-07,7.405455e-07,-6.580478e-07,-2.43405e-06,-4.031252e-06,-4.723212e-06,-4.358882e-06,-2.89314e-06,-9.622844e-07,1.168306e-06,3.334571e-06,5.430293e-06,7.49983e-06,9.338313e-06,1.10151e-05,1.241989e-05,1.359416e-05,1.456501e-05,1.538543e-05,1.602621e-05,1.646274e-05,1.653178e-05,1.619982e-05,1.536293e-05,1.414322e-05,1.25441e-05,1.070573e-05,8.707208e-06,6.505762e-06,4.179791e-06,1.75691e-06,-8.142507e-07,-3.341108e-06,-5.965484e-06,-8.687691e-06,-1.15199e-05,-1.468604e-05,-1.810674e-05,-2.175339e-05,-2.539352e-05,-2.849695e-05,-3.051811e-05,-3.117559e-05,-3.052516e-05,-2.891783e-05,-2.644792e-05,-2.347259e-05,-2.008978e-05,-1.669251e-05,-1.323578e-05,-9.980144e-06,-6.764554e-06,-3.838536e-06,-1.000263e-06,1.440883e-06,3.735185e-06,5.590765e-06,7.364759e-06,8.742262e-06,1.010075e-05,1.106137e-05,1.189295e-05,1.225186e-05,1.23913e-05,1.204934e-05,1.177308e-05,1.121129e-05,1.099791e-05,1.052455e-05,1.003329e-05,8.784959e-06,7.09339e-06,4.621912e-06,2.972612e-06,2.085255e-06,3.159475e-06,7.540827e-06,1.272842e-05,1.459879e-05,1.299059e-05,9.873186e-06,5.890784e-06,3.189253e-06,2.923242e-07,-1.408381e-06,-2.908772e-06,-3.995917e-06,-4.426165e-06,-4.786934e-06,-4.817934e-06,-4.656127e-06,-4.46525e-06,-4.127348e-06
-4.758665e-06,-4.404886e-06,-4.055247e-06,-3.782885e-06,-3.530795e-06,-3.356391e-06,-3.191855e-06,-3.074805e-06,-2.912083e-06,-2.767312e-06,-2.47861e-06,-2.181773e-06,-1.540594e-06,-7.956743e-07,2.888037e-07,1.068299e-06,9.582661e-07,-6.303369e-07,-3.731389e-06,-7.74947e-06,-1.105533e-05,-1.027937e-05,-5.63388e-06,5.735099e-07,6.572701e-06,1.223692e-05,1.737336e-05,2.197417e-05,2.59777e-05,2.92209e-05,3.164803e-05,3.330184e-05,3.424691e-05,3.462656e-05,3.456533e-05,3.391585e-05,3.260322e-05,3.036925e-05,2.72956e-05,2.330301e-05,1.871894e-05,1.362655e-05,8.172595e-06,2.46185e-06,-3.46993e-06,-9.582891e-06,-1.553731e-05,-2.147765e-05,-2.715553e-05,-3.276655e-05,-3.852742e-05,-4.450461e-05,-5.079666e-05,-5.719743e-05,-6.291547e-05,-6.710165e-05,-6.848395e-05,-6.683598e-05,-6.251449e-05,-5.640381e-05,-4.892384e-05,-4.083102e-05,-3.248158e-05,-2.448848e-05,-1.681068e-05,-9.840998e-06,-3.232535e-06,2.616841e-06,8.075858e-06,1.270729e-05,1.690908e-05,2.032768e-05,2.341967e-05,2.588714e-05,2.803976e-05,2.94621e-05,3.039557e-05,3.033137e-05,2.965169e-05,2.827927e-05,2.664441e-05,2.504987e-05,2.344647e-05,2.150629e-05,1.851916e-05,1.364886e-05,6.439508e-06,-7.286713e-07,-4.639436e-06,-1.785318e-06,2.421114e-06,9.736762e-06,1.577395e-05,1.814282e-05,1.622082e-05,1.18286e-05,7.801037e-06,3.471743e-06,6.972756e-07,-1.970302e-06,-3.660225e-06,-4.715107e-06,-5.641864e-06,-5.85451e-06,-5.961653e-06,-5.804091e-06,-5.507494e-06,-5.159193e-06
-5.849207e-06,-5.237801e-06,-5.007103e-06,-4.493199e-06,-4.380409e-06,-3.972789e-06,-3.954302e-06,-3.606469e-06,-3.637764e-06,-3.23324e-06,-3.163073e-06,-2.461931e-06,-2.040602e-06,-8.17229e-07,2.500139e-07,1.401493e-06,1.153265e-06,-1.023909e-06,-7.178187e-06,-2.430897e-05,-3.525941e-05,-2.375011e-05,-5.750377e-06,1.30233e-05,2.941395e-05,4.458562e-05,5.78288e-05,6.975095e-05,7.950714e-05,8.702122e-05,9.193792e-05,9.413776e-05,9.41492e-05,9.210545e-05,8.875006e-05,8.367074e-05,7.705007e-05,6.810476e-05,5.725351e-05,4.418069e-05,2.985944e-05,1.408839e-05,-2.04625e-06,-1.921531e-05,-3.630576e-05,-5.372132e-05,-7.033267e-05,-8.630542e-05,-0.0001009276,-0.0001152097,-0.0001286305,-0.0001426783,-0.0001562244,-0.000169412,-0.0001795111,-0.0001846863,-0.0001815675,-0.0001708278,-0.0001530945,-0.0001318717,-0.0001076808,-8.358766e-05,-5.950265e-05,-3.784612e-05,-1.738729e-05,1.750295e-07,1.666261e-05,3.038851e-05,4.326163e-05,5.342802e-05,6.292482e-05,6.999577e-05,7.68186e-05,8.146941e-05,8.580603e-05,8.76405e-05,8.839038e-05,8.619617e-05,8.273376e-05,7.715228e-05,7.185939e-05,6.602623e-05,6.09317e-05,5.433493e-05,4.47909e-05,2.965929e-05,6.351628e-06,-2.23457e-05,-4.454302e-05,-2.862695e-05,-1.846006e-06,1.11896e-05,1.917182e-05,2.218863e-05,1.949673e-05,1.486768e-05,8.729726e-06,4.805433e-06,3.324887e-07,-2.065892e-06,-4.496159e-06,-5.907309e-06,-6.727986e-06,-7.128941e-06,-7.27705e-06,-6.930581e-06,-6.736947e-06,-6.137787e-06
-7.580168e-06,-5.60156e-06,-6.546638e-06,-4.712758e-06,-5.79368e-06,-4.093897e-06,-5.334285e-06,-3.66206e-06,-4.975615e-06,-3.159746e-06,-4.449988e-06,-2.209634e-06,-3.274932e-06,5.867082e-09,-9.350844e-07,3.29095e-06,-7.039828e-07,1.636191e-06,-3.224548e-05,-7.819339e-05,-7.23309e-05,-3.231587e-05,1.159256e-05,5.068961e-05,8.628832e-05,0.0001175945,0.0001472331,0.0001719815,0.0001938167,0.0002084036,0.0002182667,0.0002198948,0.000217373,0.0002082641,0.0001973182,0.0001809669,0.0001626568,0.0001379834,0.0001107054,7.726581e-05,4.266066e-05,3.704438e-06,-3.476859e-05,-7.631678e-05,-0.0001163093,-0.0001578438,-0.0001955214,-0.0002327291,-0.000264729,-0.0002964429,-0.0003245292,-0.0003540349,-0.0003803796,-0.000405873,-0.000421563,-0.0004262224,-0.0004100903,-0.0003780498,-0.0003296743,-0.0002756839,-0.0002152194,-0.0001577577,-0.0001006495,-5.143882e-05,-4.743868e-06,3.337342e-05,6.970546e-05,9.807725e-05,0.0001254815,0.0001454031,0.0001651282,0.0001782287,0.000192163,0.0002000041,0.0002083737,0.0002095918,0.0002097942,0.0002015675,0.0001923944,0.0001770115,0.000164289,0.0001492132,0.0001378561,0.0001215734,0.0001019866,6.837099e-05,1.916214e-05,-5.030435e-05,-0.0001262033,-0.0001353211,-4.674341e-05,1.840133e-05,1.921847e-05,2.923864e-05,2.129979e-05,1.884144e-05,9.604964e-06,6.302982e-06,-2.880833e-07,-1.778633e-06,-6.301128e-06,-5.889759e-06,-9.038644e-06,-7.57653e-06,-9.42172e-06,-7.560156e-06,-8.702047e-06,-6.666973e-06
-1.052788e-05,-4.940421e-06,-9.273615e-06,-3.958216e-06,-8.376376e-06,-3.227686e-06,-7.815975e-06,-2.649263e-06,-7.500793e-06,-1.98336e-06,-7.061172e-06,-6.406251e-07,-5.887481e-06,2.129102e-06,-3.286003e-06,6.126999e-06,-2.414897e-06,-5.735547e-06,-0.0001118432,-0.0001578159,-9.292392e-05,-1.9839e-05,5.891442e-05,0.0001220614,0.0001865854,0.0002396724,0.0002948883,0.0003376664,0.0003783268,0.0004019304,0.000419262,0.000417418,0.0004099904,0.0003869281,0.000362633,0.0003256657,0.0002878651,0.0002358925,0.0001820701,0.0001146403,4.769009e-05,-2.946314e-05,-0.0001028873,-0.0001844452,-0.0002597433,-0.0003401139,-0.0004100425,-0.000480703,-0.0005384083,-0.0005973737,-0.0006456183,-0.0006985798,-0.0007411277,-0.0007834353,-0.000802801,-0.0008029552,-0.0007605402,-0.000691993,-0.0005906686,-0.0004836303,-0.0003632327,-0.0002537721,-0.0001434337,-5.292061e-05,3.534369e-05,0.0001030212,0.000170281,0.0002185166,0.0002683799,0.0003003489,0.0003360144,0.0003554267,0.0003808431,0.0003905117,0.0004058558,0.0004028653,0.0004029518,0.0003820523,0.0003652219,0.0003310673,0.0003092691,0.000275974,0.0002584911,0.0002235785,0.0001941911,0.0001303839,5.553273e-05,-7.270495e-05,-0.0002117006,-0.0003356484,-0.0002134294,8.602336e-06,1.869793e-05,3.916424e-05,2.071847e-05,2.648506e-05,6.979059e-06,1.114859e-05,-3.748789e-06,8.348411e-07,-9.863341e-06,-4.980178e-06,-1.247783e-05,-7.067864e-06,-1.28908e-05,-7.026071e-06,-1.191026e-05,-6.086404e-06
-9.531876e-06,-8.309106e-06,-8.098592e-06,-7.146195e-06,-7.014174e-06,-6.405473e-06,-6.28406e-06,-5.988395e-06,-5.590084e-06,-5.597382e-06,-4.516662e-06,-4.873166e-06,-2.153324e-06,-3.14027e-06,3.230335e-06,-2.562378e-06,1.258264e-05,-6.833777e-05,-0.000247806,-0.0002077108,-9.546847e-05,2.652104e-05,0.0001365604,0.0002382278,0.0003326587,0.0004206044,0.0005041096,0.0005753554,0.0006361007,0.0006748571,0.0006965226,0.0006915398,0.0006711941,0.0006292172,0.000580435,0.0005151575,0.0004447007,0.0003558762,0.0002605198,0.0001471813,3.167655e-05,-9.69203e-05,-0.0002222891,-0.0003568068,-0.0004841772,-0.0006152868,-0.0007317482,-0.0008453339,-0.0009395729,-0.001031499,-0.001108079,-0.001187061,-0.001250755,-0.001308382,-0.00132952,-0.001313916,-0.001232023,-0.001103976,-0.0009283125,-0.0007414245,-0.0005396948,-0.0003543651,-0.0001749445,-2.455905e-05,0.0001148752,0.000225574,0.0003285204,0.0004062946,0.0004795968,0.0005309739,0.0005807704,0.0006126941,0.0006458249,0.0006627988,0.0006790865,0.0006758432,0.0006665468,0.0006346818,0.0005974299,0.0005459025,0.0005004845,0.0004530751,0.0004142981,0.0003672518,0.0003099011,0.0002242156,9.906217e-05,-7.547908e-05,-0.0003132193,-0.0005397607,-0.0005562889,-0.0001168102,5.157237e-05,2.81331e-05,3.620275e-05,2.103549e-05,1.601299e-05,6.083149e-06,1.283771e-06,-4.003345e-06,-7.344834e-06,-9.167034e-06,-1.133538e-05,-1.117176e-05,-1.198914e-05,-1.102593e-05,-1.105531e-05,-9.758004e-06
-5.830369e-06,-1.44567e-05,-4.441451e-06,-1.299409e-05,-3.303212e-06,-1.20976e-05,-2.355911e-06,-1.169526e-05,-1.419859e-06,-1.161079e-05,2.287491e-07,-1.137639e-05,3.883688e-06,-1.081448e-05,1.199321e-05,-1.195527e-05,1.708022e-05,-0.0002096266,-0.0003810236,-0.0002203909,-7.159144e-05,0.0001111428,0.0002515261,0.0004029977,0.0005300968,0.000664146,0.0007787563,0.0008881795,0.000969296,0.001028641,0.001050142,0.001041375,0.000997723,0.0009313026,0.0008436918,0.0007421778,0.000623182,0.0004880182,0.0003336276,0.0001635554,-1.964735e-05,-0.0002113266,-0.0004079498,-0.0006071255,-0.0008049154,-0.0009965072,-0.001175801,-0.001338198,-0.001481315,-0.00160836,-0.001721341,-0.001824796,-0.001913983,-0.001979341,-0.001999405,-0.001950343,-0.001814297,-0.001598576,-0.001327288,-0.001029553,-0.0007276821,-0.0004400902,-0.0001793253,5.058974e-05,0.0002467872,0.0004150561,0.0005538558,0.0006722939,0.0007654676,0.0008451785,0.0009031984,0.0009555708,0.0009889017,0.001020418,0.001028012,0.001030332,0.0009986076,0.0009597503,0.0008857927,0.0008203806,0.0007343708,0.0006784058,0.0006010061,0.0005500208,0.0004436475,0.0003468627,0.0001449283,-5.933318e-05,-0.0004339651,-0.0007329358,-0.001001799,-0.0004537529,7.538918e-05,9.509665e-06,6.056456e-05,9.426028e-06,3.010261e-05,-3.289873e-06,1.041597e-05,-1.287866e-05,-7.342916e-07,-1.81274e-05,-5.983053e-06,-1.938942e-05,-7.68161e-06,-1.829449e-05,-7.159812e-06,-1.637409e-05
-5.837875e-06,-1.70741e-05,-4.346055e-06,-1.524394e-05,-3.191136e-06,-1.410426e-05,-2.391405e-06,-1.350791e-05,-1.515179e-06,-1.305109e-05,-1.010057e-07,-1.21906e-05,2.795572e-06,-9.318284e-06,7.434624e-06,1.541859e-06,-4.075596e-05,-0.0004124677,-0.0004526418,-0.0002132219,-1.842102e-06,0.0002274391,0.0004161206,0.0006142714,0.0007874598,0.0009688679,0.001124683,0.001274033,0.001381213,0.001460106,0.001480301,0.001461958,0.001386096,0.001285345,0.00114548,0.0009957822,0.0008139499,0.0006192597,0.0003902618,0.0001500405,-0.0001189436,-0.0003864294,-0.000673036,-0.0009494699,-0.001234068,-0.001497463,-0.001752637,-0.001970473,-0.002172102,-0.002335119,-0.002489935,-0.002614196,-0.002728765,-0.002792237,-0.002802624,-0.002700506,-0.0024905,-0.002158205,-0.001766895,-0.001328369,-0.0009067993,-0.0004934238,-0.0001389505,0.0001856339,0.0004450635,0.0006803151,0.0008564169,0.001021649,0.001133072,0.001244732,0.001308382,0.001383223,0.001413677,0.001460378,0.001455096,0.001460885,0.001401029,0.001349365,0.001232154,0.001144963,0.001013299,0.0009407379,0.0008225908,0.0007571586,0.0006028014,0.000478098,0.0002074578,-5.359341e-05,-0.00054178,-0.000962883,-0.001439455,-0.001028504,-3.388858e-05,3.499968e-05,6.205378e-05,1.190994e-05,3.497163e-05,-5.565038e-06,1.34434e-05,-1.645381e-05,4.973853e-07,-2.151844e-05,-6.02515e-06,-2.283865e-05,-7.835952e-06,-2.174572e-05,-7.310713e-06,-1.943211e-05
-1.181403e-05,-1.406659e-05,-1.00171e-05,-1.21098e-05,-8.766113e-06,-1.064149e-05,-8.037122e-06,-9.470676e-06,-7.808255e-06,-8.104641e-06,-7.585231e-06,-5.139795e-06,-7.234711e-06,2.725665e-06,-1.052156e-05,3.219842e-05,-0.0001733163,-0.000638604,-0.0004578336,-0.0001811669,0.0001175702,0.0003798453,0.0006337545,0.0008737606,0.001106828,0.001334381,0.001542018,0.001730681,0.001869502,0.001964921,0.001982565,0.001945439,0.001830397,0.001679791,0.001477192,0.001263427,0.001004914,0.0007371248,0.000418149,9.207152e-05,-0.0002756896,-0.0006376949,-0.001026636,-0.001396013,-0.001781376,-0.002127124,-0.002468684,-0.002749623,-0.003012942,-0.003215553,-0.003409739,-0.003552715,-0.003684369,-0.003736979,-0.003721532,-0.003545967,-0.003237852,-0.00276077,-0.002221042,-0.001619237,-0.001052823,-0.000500135,-3.675966e-05,0.0003907671,0.0007209086,0.001025576,0.001244444,0.001453386,0.001587586,0.001726065,0.001798935,0.001890052,0.001921767,0.001974897,0.001961005,0.001958138,0.00187327,0.00179307,0.001635805,0.001508202,0.001337583,0.00122766,0.001080537,0.0009751369,0.0007897473,0.0006040657,0.0002909645,-7.021538e-05,-0.0006247709,-0.001244552,-0.001833185,-0.001825396,-0.0003538712,0.0001120573,2.979553e-05,4.065668e-05,1.874145e-05,9.673419e-06,1.814169e-06,-7.588061e-06,-9.001971e-06,-1.652075e-05,-1.386829e-05,-1.934945e-05,-1.50011e-05,-1.855727e-05,-1.377055e-05,-1.64139e-05
-1.889372e-05,-1.018087e-05,-1.643527e-05,-8.238096e-06,-1.481158e-05,-6.791829e-06,-1.409251e-05,-5.53928e-06,-1.388205e-05,-3.675505e-06,-1.413943e-05,2.758965e-07,-1.510963e-05,1.09973e-05,-2.059084e-05,3.283877e-05,-0.0003841266,-0.0008042228,-0.0004218383,-0.0001042325,0.0002785567,0.0005775207,0.0009005838,0.001186307,0.00148493,0.001761512,0.002026932,0.002255198,0.002429868,0.002536621,0.00255109,0.002483224,0.002321278,0.002104627,0.001827971,0.001531907,0.001187386,0.0008260604,0.0004088623,-2.311853e-05,-0.0005005635,-0.000974919,-0.001477207,-0.001957646,-0.002449853,-0.002894924,-0.003324186,-0.003679413,-0.004001311,-0.004248137,-0.004472792,-0.004632412,-0.004766321,-0.004798581,-0.004733495,-0.004468516,-0.004027626,-0.003385705,-0.002664226,-0.001881788,-0.001147306,-0.0004474685,0.0001412841,0.0006699613,0.001083222,0.001450732,0.001721109,0.001964808,0.002129479,0.002283563,0.002374271,0.00246932,0.002510972,0.002556913,0.002542274,0.002513999,0.002411047,0.00228249,0.00209146,0.00190297,0.001701189,0.001533692,0.001367946,0.001200208,0.0009959027,0.0007240897,0.0003850265,-0.00010336,-0.0006988861,-0.001544586,-0.002229071,-0.002683894,-0.0009723156,0.0001463662,1.07463e-06,6.942591e-05,2.657351e-06,2.49751e-05,-1.047887e-05,1.959997e-06,-1.987538e-05,-9.277017e-06,-2.422391e-05,-1.372934e-05,-2.405987e-05,-1.416399e-05,-2.178309e-05,-1.242052e-05
-2.448451e-05,-7.990398e-06,-2.144033e-05,-6.233037e-06,-1.93275e-05,-4.874691e-06,-1.807663e-05,-3.699677e-06,-1.769746e-05,-2.114677e-06,-1.75299e-05,1.541791e-06,-1.706083e-05,9.623955e-06,-1.141419e-05,-2.691682e-05,-0.0006548988,-0.0008665365,-0.0003592543,2.938209e-05,0.0004756338,0.0008270714,0.001212796,0.001553349,0.001917221,0.002248302,0.002573308,0.002842542,0.003054957,0.003167048,0.003176982,0.003064816,0.002848113,0.002547889,0.002187017,0.001788553,0.00135155,0.0008740544,0.0003533505,-0.0002057401,-0.000800912,-0.001406755,-0.002028838,-0.002640904,-0.003240075,-0.003803174,-0.004316193,-0.004756983,-0.005129557,-0.005425377,-0.005664816,-0.005840329,-0.005953583,-0.005957428,-0.005812475,-0.005444018,-0.004831314,-0.004009665,-0.003071692,-0.002098801,-0.001174178,-0.0003269106,0.0004039894,0.001023668,0.001535348,0.001951685,0.00228503,0.002549714,0.002754773,0.002909428,0.003029973,0.003112246,0.003176534,0.003197623,0.003192712,0.003120166,0.00300686,0.002809671,0.00259171,0.002321952,0.002097186,0.00185347,0.001676593,0.001430459,0.00121067,0.0008404648,0.0004779043,-0.0001417602,-0.0007809511,-0.001831729,-0.002659516,-0.003488704,-0.001928286,3.430734e-05,1.147383e-05,8.382079e-05,-6.996492e-06,3.685503e-05,-2.048598e-05,9.635729e-06,-2.917043e-05,-4.965881e-06,-3.199918e-05,-1.086552e-05,-3.117034e-05,-1.148343e-05,-2.805404e-05,-1.000713e-05
-2.637188e-05,-9.461678e-06,-2.276755e-05,-7.643401e-06,-2.016216e-05,-6.574268e-06,-1.854479e-05,-6.005641e-06,-1.716932e-05,-5.313653e-06,-1.541598e-05,-3.967935e-06,-1.079971e-05,-3.837692e-06,1.92748e-05,-0.0001455835,-0.0009573494,-0.0008365518,-0.0002653941,0.0002192605,0.0007085003,0.001127686,0.00156783,0.001973178,0.00239918,0.00278999,0.003175288,0.003486231,0.003734824,0.003850071,0.003847369,0.003680966,0.003400836,0.002996833,0.002545274,0.002025214,0.00148402,0.0008781026,0.0002405994,-0.0004624581,-0.001179113,-0.001940243,-0.002683605,-0.003443233,-0.004155535,-0.004844179,-0.005440724,-0.005974203,-0.00638734,-0.006733233,-0.006971729,-0.007157119,-0.007224556,-0.007190908,-0.006935305,-0.006442144,-0.005629877,-0.004605204,-0.003425647,-0.002258737,-0.00112222,-0.0001338236,0.0007490052,0.00145557,0.002068421,0.002526078,0.002928111,0.003201672,0.003453834,0.003599006,0.00375407,0.003815845,0.003906555,0.003893973,0.003900604,0.00377362,0.003648672,0.003372089,0.003124288,0.002764793,0.002512401,0.002189658,0.001993228,0.001669051,0.001422266,0.0009594386,0.0005540647,-0.0001699443,-0.0008886401,-0.002083497,-0.003124417,-0.0042189,-0.003218071,-0.0002782229,8.631073e-05,6.378846e-05,6.816237e-06,3.106213e-05,-1.707232e-05,6.074411e-06,-2.953574e-05,-7.163514e-06,-3.469782e-05,-1.26355e-05,-3.395442e-05,-1.347124e-05,-3.052963e-05,-1.172999e-05
-2.418943e-05,-1.499024e-05,-2.062153e-05,-1.286194e-05,-1.787141e-05,-1.161819e-05,-1.573572e-05,-1.118905e-05,-1.39591e-05,-1.141972e-05,-1.075103e-05,-1.21485e-05,-1.454627e-06,-2.10627e-05,4.741449e-05,-0.000350511,-0.001203362,-0.0007371546,-0.0001329299,0.0004595106,0.0009778377,0.001477064,0.001962484,0.002441925,0.002924123,0.003382557,0.003821988,0.00418111,0.004457937,0.004576505,0.004550333,0.004323066,0.003962919,0.003448127,0.002886853,0.002237842,0.001577164,0.0008321703,6.441306e-05,-0.0007912798,-0.001645925,-0.002566991,-0.003446396,-0.0043584,-0.005191604,-0.006007134,-0.006691762,-0.007312015,-0.007765081,-0.008150248,-0.008378183,-0.008554805,-0.008563225,-0.008465803,-0.008081824,-0.007436005,-0.00640094,-0.00515013,-0.003718107,-0.002343816,-0.0009964919,0.0001379859,0.001168004,0.001963592,0.00266932,0.003171854,0.003632813,0.003918955,0.00420953,0.004350207,0.004530262,0.004579899,0.004684359,0.00464692,0.00464994,0.004475434,0.004320337,0.003972531,0.003672423,0.003235657,0.002932045,0.00254605,0.002304866,0.001921795,0.001616317,0.00109093,0.0006013173,-0.0001782478,-0.001025636,-0.00229081,-0.00361263,-0.004876194,-0.004653883,-0.000953303,0.0001879543,2.115064e-05,3.44417e-05,1.530636e-05,-5.537863e-06,-4.649401e-06,-2.373115e-05,-1.69327e-05,-3.042451e-05,-2.136915e-05,-3.102525e-05,-2.050921e-05,-2.808996e-05,-1.783099e-05
-2.242971e-05,-2.00389e-05,-1.887281e-05,-1.718275e-05,-1.622307e-05,-1.563649e-05,-1.443644e-05,-1.515439e-05,-1.24127e-05,-1.527331e-05,-8.978849e-06,-1.643604e-05,1.035363e-06,-2.481121e-05,2.439387e-05,-0.0006295977,-0.001324433,-0.0005979212,5.159945e-05,0.0007367588,0.001288708,0.001864949,0.002397088,0.002951538,0.003487799,0.004018365,0.004506451,0.004917594,0.005216322,0.005335212,0.00527563,0.004981567,0.004522675,0.003896051,0.003202757,0.002422947,0.001626854,0.0007336756,-0.000177139,-0.001190385,-0.002203683,-0.003279556,-0.004316329,-0.005376261,-0.006340102,-0.00727913,-0.008056302,-0.008752258,-0.009248652,-0.009653363,-0.009867729,-0.01000705,-0.009950613,-0.009755204,-0.009232025,-0.008403257,-0.00712687,-0.005629777,-0.003945158,-0.002345632,-0.0008066772,0.0004888255,0.001649396,0.00253951,0.003326114,0.003881143,0.004383034,0.004697964,0.005005589,0.005159566,0.00534633,0.005400603,0.005499073,0.005454986,0.005429042,0.005225549,0.005011406,0.004610286,0.004227909,0.003733844,0.003349555,0.002922205,0.002606082,0.002188265,0.001790244,0.001231832,0.0006265154,-0.0001785731,-0.001174455,-0.002467658,-0.004083482,-0.005495179,-0.006023755,-0.002070833,0.0001785892,-6.811124e-06,6.050989e-05,-2.029083e-06,7.517319e-06,-1.754388e-05,-1.628944e-05,-2.669374e-05,-2.706475e-05,-2.923084e-05,-2.878802e-05,-2.76862e-05,-2.63121e-05,-2.388423e-05
-1.779906e-05,-2.802924e-05,-1.481879e-05,-2.429225e-05,-1.262134e-05,-2.185893e-05,-1.100001e-05,-2.058951e-05,-9.777944e-06,-2.024652e-05,-6.935672e-06,-2.038716e-05,2.082327e-06,-2.234571e-05,-3.222988e-05,-0.0009668526,-0.001332672,-0.000421201,0.0002828949,0.001046917,0.001637458,0.002287595,0.002866157,0.003496349,0.004084867,0.004688329,0.005222874,0.005686768,0.005997328,0.006120574,0.006008031,0.005648042,0.005074135,0.004329458,0.003492328,0.002578858,0.00162573,0.0005912374,-0.0004894799,-0.001655932,-0.002843921,-0.004076775,-0.005282545,-0.006482492,-0.007593704,-0.008638012,-0.009521106,-0.01027359,-0.01082056,-0.01121898,-0.01142031,-0.01149239,-0.01136231,-0.01103922,-0.01036952,-0.00931721,-0.007803871,-0.006028938,-0.004106225,-0.002270332,-0.0005578421,0.0009106778,0.002176513,0.003179418,0.004020469,0.004646576,0.005165881,0.005530551,0.005829809,0.006023748,0.006189551,0.006276743,0.006340531,0.00631663,0.006229571,0.00602366,0.005713889,0.005286063,0.004784296,0.004260236,0.00375925,0.003320263,0.002890913,0.00246978,0.001942708,0.001381482,0.000630177,-0.0001665313,-0.001335396,-0.002615397,-0.004514727,-0.00606681,-0.007283885,-0.003667563,5.941474e-05,-1.906357e-05,8.332723e-05,-1.898508e-05,2.14116e-05,-3.214544e-05,-7.263543e-06,-4.082474e-05,-1.919369e-05,-4.222285e-05,-2.251458e-05,-3.830124e-05,-2.09238e-05,-3.29905e-05
-1.108608e-05,-3.80184e-05,-8.510878e-06,-3.304883e-05,-6.8312e-06,-2.992391e-05,-6.082568e-06,-2.819759e-05,-5.079193e-06,-2.704928e-05,-3.069412e-06,-2.594972e-05,2.137564e-06,-9.909235e-06,-0.0001307599,-0.001324709,-0.001249468,-0.000215515,0.0005597648,0.00138185,0.002022416,0.002736627,0.003367288,0.004068582,0.004711337,0.005384748,0.005965008,0.0064791,0.006794902,0.006920184,0.006741325,0.006313335,0.005610225,0.004745919,0.003753194,0.002704728,0.001578425,0.0004047283,-0.000866133,-0.002181935,-0.003560877,-0.004947224,-0.006334016,-0.007663957,-0.008934719,-0.01006672,-0.01106669,-0.01185683,-0.0124601,-0.01282809,-0.01301663,-0.01298966,-0.01278195,-0.0123002,-0.01147887,-0.01016772,-0.008425352,-0.006345322,-0.004207809,-0.002126437,-0.0002593096,0.001389322,0.002737593,0.003872894,0.004738348,0.005459666,0.005972638,0.006406483,0.006678618,0.006934636,0.007056614,0.00720357,0.007206293,0.007227269,0.007052112,0.006864552,0.006430944,0.005994604,0.005346538,0.004810136,0.004166095,0.00373522,0.003165574,0.002757949,0.002084773,0.001529736,0.0006247814,-0.00015435,-0.001490481,-0.002753383,-0.004874569,-0.006593454,-0.00840755,-0.005667392,-0.0002552817,5.907377e-06,0.00010442,-4.134165e-05,4.075557e-05,-5.296158e-05,7.342313e-06,-5.822788e-05,-9.486716e-06,-5.683559e-05,-1.446478e-05,-5.167746e-05,-1.379923e-05,-4.458195e-05
-1.597604e-05,-3.721307e-05,-1.314852e-05,-3.199366e-05,-1.147962e-05,-2.816083e-05,-1.081402e-05,-2.532069e-05,-1.14156e-05,-2.253551e-05,-1.226025e-05,-1.622821e-05,-1.791616e-05,3.43906e-05,-0.0003192232,-0.001650405,-0.001079133,4.880337e-06,0.0008819991,0.00173053,0.002443966,0.003202321,0.00390132,0.004657953,0.005365341,0.006099817,0.006727063,0.007284303,0.007606537,0.007717421,0.007475798,0.006964535,0.006128523,0.00514352,0.003985526,0.002799049,0.001496945,0.0001685071,-0.001290697,-0.00276511,-0.004343533,-0.005878538,-0.007453541,-0.008911392,-0.0103347,-0.01155496,-0.01266556,-0.01348718,-0.01414167,-0.01446943,-0.01463103,-0.01448813,-0.01419082,-0.01352859,-0.01254222,-0.0109611,-0.00897562,-0.006596674,-0.004251351,-0.001928587,8.042665e-05,0.001904647,0.003334165,0.004592411,0.005486276,0.006298743,0.006807966,0.007309492,0.007561562,0.00787292,0.007963842,0.008159804,0.00811435,0.008166291,0.007916495,0.007727035,0.007185363,0.00671587,0.005938245,0.005362762,0.004598537,0.004137396,0.003465305,0.003020526,0.002248862,0.001647583,0.0006482938,-0.0001859005,-0.001584016,-0.002936061,-0.005107197,-0.007118432,-0.009278483,-0.007917466,-0.001002618,0.0001696567,4.652444e-05,-1.058039e-05,1.952091e-05,-4.10629e-05,-6.463909e-06,-5.4276e-05,-1.805384e-05,-5.621458e-05,-2.118158e-05,-5.092612e-05,-1.926027e-05,-4.385825e-05
-2.449728e-05,-3.299987e-05,-2.042425e-05,-2.782668e-05,-1.811839e-05,-2.430593e-05,-1.767436e-05,-2.165565e-05,-1.806706e-05,-1.813329e-05,-2.013136e-05,-9.610212e-06,-3.300064e-05,4.931498e-05,-0.0006264255,-0.001831284,-0.0008600577,0.0002473566,0.001234199,0.002093733,0.002893617,0.003681997,0.004462088,0.005261621,0.006043725,0.00682528,0.007508732,0.008092029,0.008426163,0.008505678,0.008204957,0.007593196,0.006634834,0.005513028,0.004199959,0.002861704,0.00138773,-0.000110675,-0.001751049,-0.003402974,-0.005168091,-0.006867043,-0.008617383,-0.01021023,-0.01177129,-0.01308826,-0.01428989,-0.01515531,-0.01583996,-0.01613401,-0.01624319,-0.01598443,-0.01557046,-0.01472557,-0.01354889,-0.01170314,-0.009452743,-0.006803375,-0.004238443,-0.001699607,0.0004552004,0.002439662,0.003962881,0.005319192,0.006270711,0.007146126,0.007680601,0.008229203,0.008487245,0.008829751,0.008923489,0.009134138,0.009078349,0.009123751,0.008834708,0.008604253,0.007989476,0.007444344,0.006574472,0.005912859,0.00506994,0.004525083,0.003794934,0.003260096,0.002437721,0.00173524,0.0007047306,-0.0002561883,-0.001630611,-0.003136062,-0.005246704,-0.007583654,-0.009947701,-0.009918305,-0.002434304,0.0002645156,-8.015382e-06,1.860666e-05,-3.121848e-06,-2.78187e-05,-2.232378e-05,-4.552787e-05,-3.300401e-05,-4.921635e-05,-3.362835e-05,-4.610752e-05,-2.962899e-05,-3.955757e-05
-2.961961e-05,-3.246257e-05,-2.470272e-05,-2.775207e-05,-2.158175e-05,-2.44366e-05,-1.995394e-05,-2.208328e-05,-2.02223e-05,-1.962665e-05,-2.135574e-05,-1.211478e-05,-3.171766e-05,-9.122171e-07,-0.001008113,-0.001863192,-0.0006150365,0.0005163406,0.001600452,0.00247422,0.003360048,0.004179186,0.005040215,0.005880619,0.006740938,0.00755771,0.008304548,0.008898037,0.009243967,0.009282432,0.008919291,0.008198822,0.007127305,0.005854453,0.004402178,0.002895728,0.001256563,-0.0004211639,-0.002241207,-0.004080503,-0.00601985,-0.007899847,-0.00980375,-0.01154395,-0.01322484,-0.01464579,-0.01592254,-0.01684405,-0.01753882,-0.01781023,-0.01784104,-0.01747428,-0.01691069,-0.01589357,-0.01449605,-0.01239634,-0.009870276,-0.006974777,-0.004180508,-0.001460372,0.0008634691,0.002977628,0.004617784,0.0060512,0.007086317,0.008000441,0.008597401,0.00916093,0.009464875,0.009806114,0.009938818,0.01013044,0.0101013,0.01010143,0.009810642,0.009499919,0.008846297,0.008186555,0.007259891,0.006469205,0.005581066,0.004912328,0.004147985,0.003490594,0.002646087,0.001806166,0.0007785669,-0.0003336652,-0.001666067,-0.003317983,-0.005330084,-0.007940853,-0.01044462,-0.01150519,-0.004495617,0.0001451334,-2.968039e-05,3.412058e-05,-1.781733e-05,-1.991988e-05,-3.579053e-05,-4.246869e-05,-4.228595e-05,-4.873504e-05,-4.124891e-05,-4.49951e-05,-3.573267e-05,-3.862305e-05
-4.332765e-05,-2.371481e-05,-3.605432e-05,-1.998204e-05,-3.127579e-05,-1.808801e-05,-2.891167e-05,-1.723153e-05,-2.748718e-05,-1.572825e-05,-2.772584e-05,-9.376122e-06,-3.511353e-05,-6.087268e-05,-0.001438205,-0.001824656,-0.0003426335,0.0007991511,0.001978467,0.002867305,0.003839783,0.004690019,0.005634335,0.006513519,0.007450446,0.008299782,0.009104421,0.009699218,0.01005762,0.01003876,0.009617485,0.008782183,0.007600171,0.006176372,0.004592294,0.002906396,0.001114111,-0.0007567699,-0.002747908,-0.004782452,-0.006887049,-0.00895654,-0.01099592,-0.01289559,-0.01467431,-0.01621307,-0.01754575,-0.01854067,-0.01922571,-0.01949022,-0.01941865,-0.01895611,-0.01820893,-0.01703895,-0.01538334,-0.01305423,-0.01024012,-0.007125401,-0.004090935,-0.001226723,0.001303049,0.003503318,0.005300927,0.006783948,0.007935433,0.008863967,0.009566935,0.01010584,0.01050726,0.01080339,0.01101968,0.01115166,0.01118953,0.01110232,0.01085034,0.01041569,0.009764954,0.008944688,0.008004083,0.007038557,0.006139325,0.005304066,0.004535157,0.003711461,0.002883054,0.001863133,0.0008727027,-0.0004201919,-0.00167967,-0.003494776,-0.005349224,-0.008204628,-0.01071793,-0.01286322,-0.007053781,-2.094767e-05,-7.020275e-05,7.020802e-05,-5.036153e-05,1.694196e-06,-6.114207e-05,-2.567037e-05,-6.628941e-05,-3.423097e-05,-6.144604e-05,-3.384021e-05,-5.253953e-05,-2.890312e-05
-6.239225e-05,-1.016461e-05,-5.289286e-05,-8.125879e-06,-4.626366e-05,-7.240724e-06,-4.191036e-05,-7.126981e-06,-4.028594e-05,-6.816703e-06,-4.005576e-05,-1.258504e-06,-3.394836e-05,-0.0001582548,-0.001882982,-0.001723311,-6.77776e-05,0.001101799,0.002354688,0.003276625,0.004324902,0.005217477,0.006239578,0.007160394,0.008168256,0.009049512,0.009902168,0.01049402,0.01085866,0.01077204,0.01029785,0.009338262,0.008057606,0.00648032,0.004771247,0.00290233,0.0009670241,-0.001110842,-0.003253462,-0.005499668,-0.007751992,-0.01001941,-0.01217734,-0.01424897,-0.01609958,-0.01777926,-0.0191438,-0.0202341,-0.02089103,-0.02117155,-0.02096821,-0.02043411,-0.01946815,-0.01816235,-0.01621995,-0.01369392,-0.0105661,-0.007280514,-0.00397807,-0.001002286,0.001758838,0.004018615,0.006013955,0.00751065,0.008829702,0.009741711,0.01059129,0.01108155,0.01161531,0.01183495,0.01216982,0.01220825,0.01234204,0.01213759,0.01195133,0.01136162,0.01074182,0.009736095,0.008798245,0.007642479,0.006740843,0.005713867,0.004956482,0.003940593,0.003133473,0.001935703,0.00096719,-0.0004927508,-0.001687768,-0.003639082,-0.005351438,-0.008325934,-0.01083702,-0.01390147,-0.009892812,-0.0003900305,-8.995693e-05,0.000122619,-0.0001005053,3.89181e-05,-0.0001025151,4.818098e-07,-9.767858e-05,-1.485426e-05,-8.750094e-05,-1.616412e-05,-7.444363e-05,-1.336815e-05
-6.273481e-05,-1.395196e-05,-5.241376e-05,-1.147332e-05,-4.517047e-05,-1.135234e-05,-4.066757e-05,-1.289246e-05,-3.656673e-05,-1.522911e-05,-3.179406e-05,-2.141411e-05,1.804339e-05,-0.0003694532,-0.002310673,-0.001535415,0.0001779775,0.00143592,0.00271479,0.003708977,0.004806876,0.005766201,0.006847656,0.007824937,0.008889212,0.009804205,0.01069359,0.01128117,0.0116369,0.01148561,0.01095329,0.00986917,0.008500581,0.006769085,0.004939849,0.002894182,0.000815679,-0.001467202,-0.003750522,-0.006215892,-0.008601272,-0.01106897,-0.01333864,-0.01557867,-0.01749874,-0.01932204,-0.02071426,-0.02191232,-0.02253344,-0.02284498,-0.02250215,-0.02189685,-0.02071007,-0.019257,-0.01702839,-0.01431982,-0.01087272,-0.007442805,-0.003866538,-0.0007766518,0.002205568,0.004543746,0.006735633,0.008256233,0.009754488,0.01066339,0.01165525,0.01212541,0.01276844,0.01294051,0.013367,0.0133355,0.01353558,0.01324158,0.01308352,0.01237701,0.01174316,0.01059916,0.009617249,0.008316568,0.007359578,0.006190115,0.00536877,0.00423449,0.003355397,0.002069264,0.001025131,-0.0004973094,-0.001752876,-0.003675282,-0.005416943,-0.008234896,-0.01092559,-0.01438567,-0.01276085,-0.001352625,0.0001366741,4.999143e-05,-6.897344e-05,1.186903e-05,-9.1044e-05,-1.411238e-05,-9.683843e-05,-2.292555e-05,-8.867039e-05,-2.292143e-05,-7.568e-05,-1.836142e-05
-4.952308e-05,-3.072302e-05,-4.08761e-05,-2.66281e-05,-3.466199e-05,-2.503495e-05,-2.996778e-05,-2.585452e-05,-2.663647e-05,-2.977398e-05,-1.947046e-05,-4.494729e-05,5.427294e-05,-0.0007705904,-0.002568779,-0.001293822,0.000405396,0.001790107,0.003061792,0.004161755,0.005283633,0.006338099,0.007453042,0.008509259,0.009603243,0.01056744,0.01146659,0.01206164,0.01238286,0.01218438,0.01156928,0.01039115,0.00891326,0.007055547,0.005093637,0.002891394,0.0006564705,-0.001800402,-0.004250755,-0.006896098,-0.009439633,-0.01207718,-0.01447794,-0.01685747,-0.01887958,-0.02081083,-0.02227307,-0.02354603,-0.02417404,-0.02448269,-0.02404693,-0.0233296,-0.02195619,-0.02031901,-0.01783973,-0.01491277,-0.01121119,-0.007585256,-0.003791194,-0.0005403974,0.002627251,0.005096484,0.007437129,0.009062766,0.01067926,0.01166618,0.01274445,0.01326523,0.01395272,0.01415197,0.01459087,0.01456297,0.01475116,0.01443715,0.01422873,0.01348044,0.01275475,0.01154781,0.01045096,0.009077459,0.007985148,0.006749535,0.005771206,0.004596716,0.003559262,0.002262089,0.001052751,-0.0004323605,-0.001861197,-0.00363016,-0.005504838,-0.008005356,-0.01091811,-0.01438954,-0.01482393,-0.003341845,0.0003255565,-5.079174e-05,-1.48444e-05,-3.641962e-05,-6.260372e-05,-5.088084e-05,-7.402909e-05,-5.369806e-05,-7.044986e-05,-4.62523e-05,-6.015376e-05,-3.762544e-05
-4.815056e-05,-3.576634e-05,-3.953033e-05,-2.998111e-05,-3.407415e-05,-2.765776e-05,-3.140425e-05,-2.784847e-05,-2.868695e-05,-2.969864e-05,-2.4378e-05,-4.385844e-05,-2.509261e-06,-0.001288899,-0.002645949,-0.001035952,0.0006345758,0.002146228,0.003408893,0.004625321,0.005761998,0.006923827,0.008058893,0.009206675,0.01030533,0.01133612,0.01221509,0.01283005,0.01309473,0.01286509,0.01214389,0.0109061,0.009292632,0.00734307,0.005231502,0.002899229,0.0004919001,-0.002100633,-0.004748712,-0.007526644,-0.01025994,-0.01302802,-0.01558953,-0.01807122,-0.02023857,-0.02223565,-0.02382242,-0.02512289,-0.02582101,-0.02607637,-0.02560933,-0.02473619,-0.0232168,-0.02135262,-0.01867492,-0.01547497,-0.01160092,-0.007712502,-0.003762749,-0.0002961979,0.003017759,0.00567614,0.008119607,0.009930201,0.01160964,0.012752,0.01386762,0.01449774,0.01518409,0.01545908,0.01585815,0.01588005,0.0160026,0.01570816,0.01540737,0.01464495,0.01380218,0.01255492,0.01132237,0.009899966,0.008648535,0.007357274,0.006209324,0.004986132,0.003792335,0.002470502,0.001106759,-0.0003625033,-0.001931376,-0.003590413,-0.005525108,-0.007757309,-0.01070648,-0.01410927,-0.01580945,-0.0061069,0.000139389,-6.93454e-05,-1.007369e-05,-5.280641e-05,-5.656707e-05,-6.532561e-05,-7.361023e-05,-6.382578e-05,-7.006675e-05,-5.577701e-05,-5.939888e-05,-4.485812e-05
-3.85469e-05,-4.884095e-05,-3.198866e-05,-4.098361e-05,-2.828456e-05,-3.620037e-05,-2.641203e-05,-3.40793e-05,-2.680255e-05,-3.482418e-05,-2.412655e-05,-4.852759e-05,-6.71302e-05,-0.001869222,-0.002674722,-0.0007525408,0.0008592238,0.002508466,0.003756509,0.005097662,0.006243012,0.00751901,0.008663712,0.009905471,0.01099855,0.01209537,0.01293746,0.01358298,0.01376573,0.01352237,0.01268536,0.01139808,0.00964822,0.007628654,0.005346892,0.002924997,0.0003259805,-0.002375434,-0.005223679,-0.008110956,-0.01105468,-0.01390735,-0.01667159,-0.01921447,-0.02156471,-0.02359819,-0.02535692,-0.02664094,-0.02746938,-0.02763125,-0.02718613,-0.02611558,-0.02450978,-0.02235254,-0.01954503,-0.01603121,-0.01202991,-0.007848647,-0.003787872,-3.70129e-05,0.0033608,0.006279844,0.008793273,0.01083639,0.01256096,0.01390914,0.01502775,0.01581683,0.01646766,0.01684995,0.01717662,0.01727365,0.01729697,0.01703792,0.01662691,0.01585635,0.01488393,0.01361519,0.01222777,0.01077517,0.009355862,0.008002467,0.006687661,0.005404017,0.004048521,0.002703285,0.001179931,-0.0002782779,-0.001972605,-0.003541659,-0.005508344,-0.007468327,-0.01037708,-0.0135026,-0.01624256,-0.009233047,-9.210943e-05,-0.0001110352,1.479736e-05,-8.335472e-05,-4.287777e-05,-9.421969e-05,-5.836373e-05,-9.03572e-05,-5.666915e-05,-7.535974e-05,-4.758506e-05,-6.055164e-05
-2.100268e-05,-6.892861e-05,-1.613983e-05,-5.777956e-05,-1.442571e-05,-5.152095e-05,-1.540557e-05,-4.889397e-05,-1.562859e-05,-4.921555e-05,-1.182957e-05,-5.991134e-05,-0.0001580107,-0.002470032,-0.002667547,-0.0004711485,0.001095037,0.002869451,0.004113352,0.005572038,0.006731525,0.008111672,0.00926706,0.01059546,0.01167646,0.01283812,0.01362913,0.01431041,0.01439899,0.01414846,0.01319193,0.01186863,0.009974598,0.00790985,0.005441797,0.002964209,0.0001575028,-0.002620617,-0.005679078,-0.008646621,-0.01181716,-0.01471657,-0.01771967,-0.02027896,-0.02286223,-0.02489266,-0.02686881,-0.02810913,-0.02910729,-0.02914575,-0.02878411,-0.02746099,-0.02584019,-0.02333571,-0.02044553,-0.01659752,-0.01250395,-0.008001998,-0.003867916,0.0002146156,0.003662955,0.006887294,0.009456427,0.01176657,0.01353483,0.0151144,0.01622921,0.01720328,0.01779975,0.01830746,0.01855052,0.0187172,0.01864045,0.01841218,0.01787346,0.01711314,0.01599095,0.01470803,0.01318051,0.01167818,0.01010913,0.008686234,0.00719131,0.005852625,0.004330939,0.002942745,0.001287696,-0.000194405,-0.001980671,-0.003491466,-0.005452259,-0.007176395,-0.009932954,-0.01271046,-0.01622616,-0.01231812,-0.0004205702,-0.0001730839,7.820567e-05,-0.0001469065,-1.02206e-07,-0.0001419411,-3.145509e-05,-0.0001255932,-3.470765e-05,-0.0001056146,-2.845875e-05,-8.520578e-05
-1.73945e-05,-7.661438e-05,-1.339501e-05,-6.459637e-05,-1.25417e-05,-5.65344e-05,-1.357563e-05,-5.166465e-05,-1.773173e-05,-4.939542e-05,-2.198916e-05,-1.777727e-05,-0.0003588288,-0.003082124,-0.00255646,-0.0002352084,0.001375851,0.003208493,0.004499005,0.006034014,0.00723262,0.008689391,0.00986634,0.01126356,0.01233532,0.01354883,0.01429523,0.01499466,0.01499685,0.0147398,0.01365383,0.01231954,0.01027045,0.008170289,0.005531395,0.002995522,-1.162297e-05,-0.002836914,-0.006127054,-0.009136287,-0.01253784,-0.01547859,-0.0187097,-0.02128469,-0.02411341,-0.02612955,-0.02834301,-0.02953139,-0.03072019,-0.03062601,-0.03037319,-0.02880782,-0.02716788,-0.02434147,-0.0213649,-0.01718211,-0.01302228,-0.008198386,-0.003976402,0.0004023031,0.003951096,0.007454436,0.01011405,0.01268776,0.01453343,0.01632555,0.01748152,0.01860774,0.01919113,0.01978603,0.01998292,0.02017915,0.0200271,0.01980301,0.01915602,0.01837119,0.0171449,0.01579857,0.01417771,0.01259646,0.01090445,0.009378815,0.007751505,0.006287089,0.004668942,0.003161361,0.001442066,-0.0001374754,-0.00192917,-0.003489404,-0.005318258,-0.006958561,-0.009340107,-0.01192547,-0.01563226,-0.01503175,-0.001212123,1.541267e-06,3.898062e-05,-0.0001424053,-1.478877e-05,-0.0001528925,-3.252228e-05,-0.0001408652,-3.219841e-05,-0.0001163161,-2.441632e-05,-9.395691e-05
-4.539325e-05,-5.411154e-05,-3.684856e-05,-4.39229e-05,-3.36089e-05,-3.820194e-05,-3.516113e-05,-3.464458e-05,-3.899506e-05,-2.869986e-05,-5.50347e-05,4.779411e-05,-0.000832495,-0.003513099,-0.002329982,-4.259536e-05,0.001708613,0.003522501,0.004922636,0.006471933,0.007750638,0.009233605,0.01046437,0.01188451,0.01298416,0.01420137,0.01494407,0.0156185,0.01556918,0.01527107,0.01409725,0.01271172,0.01055985,0.008383634,0.005624082,0.002992706,-0.0001581745,-0.003076264,-0.006529564,-0.009629663,-0.01319098,-0.0162298,-0.01961005,-0.02227897,-0.02526737,-0.02735403,-0.02972931,-0.03094371,-0.03224868,-0.03211968,-0.03188617,-0.03019699,-0.02845335,-0.02540184,-0.02226512,-0.01784628,-0.01353003,-0.008501483,-0.004087571,0.0004826795,0.004235868,0.007925811,0.01078323,0.01353828,0.01556062,0.01748798,0.01878563,0.01996894,0.0206447,0.02123683,0.02145895,0.02162533,0.02145321,0.02115783,0.02049341,0.01958592,0.01834378,0.01687085,0.01521172,0.01350087,0.01175877,0.01004397,0.008376423,0.006696153,0.005057329,0.003345689,0.001651233,-0.0001321193,-0.001817575,-0.003547734,-0.005123239,-0.006832121,-0.008653139,-0.01121027,-0.01450233,-0.01650514,-0.003090323,0.0003014129,-0.0001025565,-6.634937e-05,-8.642685e-05,-0.0001067356,-9.009808e-05,-0.0001033409,-7.641713e-05,-8.784952e-05,-5.946069e-05,-6.922269e-05
-5.707115e-05,-4.775917e-05,-4.656659e-05,-3.981985e-05,-4.127029e-05,-3.525613e-05,-3.929966e-05,-3.300047e-05,-4.298098e-05,-3.109377e-05,-5.872365e-05,2.241129e-06,-0.001490098,-0.003687019,-0.002042772,0.0001524075,0.002071651,0.003832764,0.005370778,0.006887874,0.008278743,0.009731882,0.01105872,0.01243835,0.01362106,0.01478217,0.01557206,0.01616781,0.01612826,0.01571397,0.01454239,0.01301705,0.01084909,0.008532588,0.005719437,0.002930252,-0.0002684652,-0.003384763,-0.00686575,-0.0101667,-0.01377149,-0.01699004,-0.02041718,-0.02328279,-0.02629896,-0.02859012,-0.0309887,-0.03235964,-0.03365805,-0.03362189,-0.03330608,-0.03161184,-0.0296861,-0.02652187,-0.02312707,-0.01860843,-0.01402987,-0.008910171,-0.004237432,0.0004616166,0.004472166,0.0082954,0.0114187,0.01430058,0.01656542,0.01858719,0.02007123,0.02129268,0.02207734,0.02266476,0.02292023,0.02303955,0.02287448,0.02248278,0.02180784,0.02080107,0.0195088,0.01795075,0.01624188,0.01440823,0.01261814,0.01073405,0.008985521,0.007142213,0.005423166,0.003559603,0.001825573,-9.20492e-05,-0.001759551,-0.003574047,-0.00500541,-0.006676791,-0.008095312,-0.01039603,-0.01323226,-0.01637334,-0.005721931,0.0001805882,-0.0001522441,-4.541597e-05,-0.0001279397,-9.512771e-05,-0.0001162674,-9.73096e-05,-9.563943e-05,-7.86068e-05,-7.366577e-05,-6.082725e-05
-6.977502e-05,-3.947393e-05,-5.536561e-05,-3.292584e-05,-4.76293e-05,-3.160059e-05,-4.542833e-05,-3.310379e-05,-4.484016e-05,-3.314151e-05,-5.929373e-05,-7.91248e-05,-0.002238742,-0.003732889,-0.001701375,0.0003619633,0.002462734,0.004145617,0.005835433,0.007282055,0.008807955,0.01017442,0.01163587,0.0129226,0.01422886,0.01528526,0.01617984,0.01662514,0.01667374,0.01606947,0.01496592,0.01324208,0.01113111,0.008590274,0.005831442,0.002784584,-0.0003665596,-0.003752762,-0.007174928,-0.01075905,-0.01427939,-0.01778871,-0.02113501,-0.02428488,-0.02723285,-0.02981099,-0.03211965,-0.03375902,-0.03493882,-0.03509281,-0.03462942,-0.03302449,-0.03085166,-0.02768668,-0.02397251,-0.01942533,-0.0145707,-0.009402741,-0.004456844,0.0003265759,0.004619317,0.008556026,0.0119602,0.01496159,0.01748574,0.01960427,0.02126805,0.0225598,0.02343511,0.02402713,0.02433545,0.02439205,0.02423291,0.02378626,0.02304563,0.02199869,0.02063789,0.01900108,0.01725647,0.01532338,0.01344205,0.0114648,0.00956453,0.007615727,0.005771418,0.003790746,0.001964149,-3.253232e-05,-0.001761897,-0.003582042,-0.004989611,-0.006519394,-0.007697401,-0.009577079,-0.01192323,-0.01526195,-0.008593911,-0.0001451166,-0.0001676576,-4.531452e-05,-0.0001492363,-8.935731e-05,-0.0001458214,-8.486391e-05,-0.0001193442,-6.934908e-05,-9.18311e-05,-5.197858e-05
-8.919326e-05,-2.518431e-05,-7.267376e-05,-2.129258e-05,-6.310889e-05,-2.050445e-05,-5.789716e-05,-2.146939e-05,-6.053892e-05,-2.093753e-05,-7.289535e-05,-0.0001815666,-0.002987737,-0.003698306,-0.001333621,0.0006098911,0.002870073,0.004467136,0.006309571,0.007657383,0.009313987,0.01057369,0.01216783,0.01333534,0.01480121,0.01570028,0.01675422,0.0170041,0.01717051,0.01635322,0.01534817,0.01338167,0.01139005,0.00856121,0.005925962,0.002564367,-0.0004823775,-0.004180711,-0.007494878,-0.01138805,-0.01476992,-0.01860126,-0.0217958,-0.0252744,-0.02808686,-0.0309752,-0.03315809,-0.03507199,-0.03610368,-0.03649041,-0.03583559,-0.03438889,-0.03196356,-0.02882784,-0.02483499,-0.02026866,-0.01516803,-0.009975762,-0.00477516,7.710945e-05,0.004638745,0.008689205,0.01235855,0.01550429,0.01825718,0.02050347,0.02234563,0.02369532,0.02469578,0.02528713,0.02563,0.02568318,0.02548215,0.02500872,0.02423905,0.02310632,0.02172733,0.0200317,0.01819658,0.0162552,0.01423432,0.01217835,0.01016567,0.008081222,0.006107279,0.00404898,0.002053715,3.826541e-05,-0.001818112,-0.003610336,-0.005063463,-0.006421018,-0.007462977,-0.008845483,-0.01071225,-0.01371328,-0.01118896,-0.0005593784,-0.0002006044,-6.034065e-06,-0.0002125631,-6.603424e-05,-0.0001856943,-6.952029e-05,-0.0001488307,-5.050947e-05,-0.0001144302,-3.482384e-05
-8.690912e-05,-2.949285e-05,-6.917515e-05,-2.435482e-05,-5.948092e-05,-2.535777e-05,-5.604277e-05,-3.003071e-05,-5.256691e-05,-3.816327e-05,-1.491133e-05,-0.0004342051,-0.003690484,-0.003484898,-0.001003152,0.0009399268,0.00325372,0.004832539,0.006754481,0.008035249,0.009775323,0.01093153,0.0126361,0.01369373,0.01528797,0.01607094,0.017237,0.01732897,0.0175992,0.01656498,0.01566678,0.01346238,0.01156106,0.008496672,0.005931418,0.002308132,-0.0006665215,-0.004645724,-0.007874819,-0.01202043,-0.0153121,-0.01936984,-0.02247761,-0.02618555,-0.0289168,-0.03202951,-0.03412479,-0.03624631,-0.03716964,-0.03773235,-0.03695999,-0.03560856,-0.03303892,-0.02989189,-0.02571249,-0.02111326,-0.01584469,-0.01060122,-0.005232035,-0.0002712508,0.004486597,0.008692505,0.01257013,0.01589743,0.01884457,0.02124272,0.02324245,0.02469427,0.02577258,0.02643192,0.02677867,0.02684097,0.02663242,0.02612123,0.02531142,0.02417778,0.02269701,0.0210258,0.01911046,0.01712453,0.0150266,0.01290172,0.01070406,0.008609014,0.006397521,0.004318172,0.002138116,9.591527e-05,-0.001933835,-0.003643813,-0.005267855,-0.006379641,-0.007451751,-0.008229231,-0.009798249,-0.01190881,-0.01311286,-0.001477132,4.816158e-05,-0.0001027056,-0.0001771635,-0.0001060164,-0.0001837299,-8.532972e-05,-0.0001490983,-6.252959e-05,-0.0001142866,-4.225392e-05
-5.203948e-05,-6.453959e-05,-4.05081e-05,-5.562348e-05,-3.495528e-05,-5.221322e-05,-3.132789e-05,-5.427661e-05,-3.075199e-05,-7.263709e-05,3.049447e-05,-0.00099397,-0.00405002,-0.003104339,-0.0007019917,0.001349139,0.00360599,0.005246485,0.007151347,0.008432812,0.01015533,0.01128635,0.01298813,0.01403866,0.0156467,0.01641943,0.01759076,0.01763368,0.01788488,0.0167735,0.01583143,0.01354309,0.01158504,0.008429941,0.005791335,0.002070129,-0.001004681,-0.005072576,-0.008398757,-0.01259677,-0.01597094,-0.02004235,-0.02323876,-0.02696372,-0.02976719,-0.03291827,-0.03505889,-0.03719847,-0.03818225,-0.03872845,-0.03800897,-0.03663567,-0.03404935,-0.03083366,-0.02661027,-0.02190132,-0.01661867,-0.01125127,-0.005837178,-0.0007088345,0.004143019,0.008560397,0.01257503,0.01611669,0.01920922,0.02181309,0.02389602,0.02553513,0.02664035,0.02740569,0.02776069,0.0278606,0.02760922,0.02714724,0.02624054,0.02515357,0.02359476,0.0219413,0.0199501,0.01799471,0.01574027,0.01363666,0.01124663,0.009113895,0.00671168,0.004603109,0.002179025,0.0001834064,-0.002104342,-0.003726988,-0.005547896,-0.006460441,-0.007634643,-0.007837472,-0.009196644,-0.01022653,-0.01346396,-0.003394582,0.0002864445,-0.0002688598,-0.0001024793,-0.000205295,-0.0001229053,-0.0001614265,-9.896185e-05,-0.0001144152,-7.160875e-05,-8.32166e-05
-4.752194e-05,-6.906937e-05,-3.622624e-05,-5.669718e-05,-3.323382e-05,-5.257094e-05,-3.621881e-05,-5.350396e-05,-3.728282e-05,-6.255462e-05,-6.249683e-05,-0.001718904,-0.004016727,-0.002632853,-0.0003821278,0.001805662,0.0039311,0.005702495,0.007485453,0.008865615,0.01042908,0.01166064,0.01320559,0.01438595,0.01585414,0.01676549,0.01777281,0.0179432,0.01798741,0.01698953,0.01581795,0.01363155,0.01143391,0.00837763,0.005478038,0.001860961,-0.001508913,-0.005454171,-0.00907073,-0.01311971,-0.0167298,-0.02064434,-0.0240505,-0.02761477,-0.03063781,-0.03361782,-0.03594506,-0.0379491,-0.03906017,-0.03952158,-0.03891475,-0.03744394,-0.03496791,-0.03162086,-0.02746735,-0.02265754,-0.01741441,-0.01195107,-0.006534064,-0.001265065,0.003658477,0.008258397,0.0123866,0.01614767,0.01935181,0.02215622,0.02435743,0.02612054,0.02732729,0.02817323,0.02854813,0.02871732,0.02844112,0.02799549,0.02709466,0.02597499,0.02442463,0.02276481,0.02074174,0.01877973,0.01647396,0.01429208,0.01183562,0.0095857,0.007074398,0.00484502,0.002309392,0.0001723099,-0.002194846,-0.0039392,-0.005816048,-0.006772387,-0.007864016,-0.007904323,-0.008722703,-0.009135455,-0.01226112,-0.005849052,-6.806352e-05,-0.0002939843,-9.854614e-05,-0.0002350485,-0.0001298759,-0.0001751328,-9.881174e-05,-0.0001285927,-6.925161e-05,-9.25948e-05
-2.868364e-05,-8.85836e-05,-2.147019e-05,-7.537055e-05,-2.096919e-05,-6.80368e-05,-2.156364e-05,-6.608586e-05,-2.861214e-05,-7.204722e-05,-0.0001582796,-0.002440911,-0.0037813,-0.002092782,-3.580348e-05,0.00228429,0.004234955,0.006180637,0.007764865,0.009311465,0.0106252,0.0120301,0.01332298,0.01471437,0.01593165,0.01707745,0.01780829,0.01820027,0.0179471,0.01715163,0.0156612,0.01368233,0.01113816,0.008292978,0.005039622,0.001615838,-0.002101677,-0.005864388,-0.009806865,-0.0136415,-0.01753779,-0.02120367,-0.02486262,-0.02819861,-0.03142828,-0.03421422,-0.0366982,-0.03851562,-0.03978885,-0.04008554,-0.03963851,-0.03806638,-0.03569545,-0.0322848,-0.02821768,-0.02335061,-0.01819907,-0.01267082,-0.007286079,-0.00191224,0.003050997,0.007809864,0.01203567,0.01596639,0.01930856,0.02226797,0.02458678,0.02650442,0.02777851,0.02873612,0.02916796,0.02936235,0.02914089,0.02869143,0.02780153,0.02670236,0.02514608,0.02348982,0.02149836,0.01947639,0.01719462,0.0149155,0.01242353,0.01005266,0.007476448,0.005080119,0.002488763,0.0001514791,-0.002255257,-0.004218391,-0.006083866,-0.007255255,-0.008204673,-0.008310288,-0.008561478,-0.008592676,-0.01060609,-0.00827778,-0.0006921429,-0.0002619753,-0.0001275682,-0.0002788011,-0.0001143512,-0.0002189989,-7.610575e-05,-0.0001553228,-4.6209e-05,-0.0001139821
-5.771862e-05,-6.175188e-05,-4.276698e-05,-5.17562e-05,-3.887494e-05,-5.028037e-05,-4.232117e-05,-5.230688e-05,-4.857667e-05,-2.571085e-05,-0.0004001265,-0.002966741,-0.003328866,-0.001563735,0.0003729168,0.002731448,0.004548993,0.006625223,0.008031569,0.009720014,0.01080116,0.01234602,0.0134147,0.01495823,0.01596138,0.0172713,0.01776824,0.01832203,0.01782188,0.01717317,0.01543626,0.01359059,0.01079982,0.008067887,0.004577033,0.001250973,-0.002701923,-0.00636261,-0.01051902,-0.01424108,-0.0182733,-0.02182327,-0.02556626,-0.0287705,-0.03209056,-0.03472387,-0.03726585,-0.03896993,-0.04026255,-0.04050852,-0.04010858,-0.03851192,-0.03621059,-0.03280983,-0.02880299,-0.0239915,-0.01889147,-0.01340166,-0.008027497,-0.002636196,0.002391823,0.007218441,0.01156916,0.01560462,0.01909351,0.02216475,0.02463565,0.0266423,0.02806008,0.02907469,0.02961333,0.02983561,0.02968401,0.02923508,0.02840971,0.02728087,0.02581187,0.02410103,0.02220201,0.0201078,0.01787977,0.0155017,0.01303129,0.01049259,0.007944244,0.005299026,0.002748517,0.0001185109,-0.002254063,-0.004529517,-0.00634494,-0.007859773,-0.008625473,-0.009054401,-0.008670156,-0.008695995,-0.009046608,-0.01010146,-0.002114363,4.205048e-05,-0.000278741,-0.0002062685,-0.0002096508,-0.0001608265,-0.0001349253,-0.0001187617,-8.835409e-05,-8.411972e-05
-9.701098e-05,-2.712139e-05,-7.713795e-05,-2.636089e-05,-6.819239e-05,-2.80458e-05,-6.124074e-05,-3.06435e-05,-7.386551e-05,-2.89016e-05,-0.0008065248,-0.003022677,-0.002740195,-0.001045287,0.0008324309,0.00310981,0.00490686,0.006962344,0.008348662,0.01002031,0.01103209,0.01255247,0.01356268,0.01505087,0.0160314,0.01726042,0.01773532,0.01821188,0.01768724,0.0169589,0.01521154,0.01328076,0.01047314,0.007646511,0.004151543,0.0006998822,-0.003221172,-0.007015447,-0.01113094,-0.01493822,-0.01890658,-0.02250146,-0.02612558,-0.02937211,-0.03254998,-0.03520526,-0.03760151,-0.03932778,-0.0404802,-0.04079288,-0.04031793,-0.03880068,-0.03648829,-0.03320641,-0.02918817,-0.02455925,-0.01944702,-0.01410758,-0.008707003,-0.003392041,0.00172364,0.006539058,0.01102309,0.01510616,0.01875234,0.02187116,0.02454103,0.02657148,0.02817436,0.02923776,0.02988619,0.03015156,0.03010242,0.02961661,0.0289307,0.02774718,0.02637112,0.0246691,0.02280888,0.02068667,0.01854437,0.01602554,0.01365129,0.01095717,0.00839116,0.005616123,0.002999424,0.000159264,-0.002217322,-0.00481024,-0.006613848,-0.008448119,-0.009223352,-0.0098779,-0.009251992,-0.009167124,-0.008280949,-0.01048092,-0.00455043,0.0001080935,-0.0005040716,-0.0001188562,-0.0003107909,-0.0001057856,-0.0001996831,-6.349705e-05,-0.0001352212,-3.881554e-05
-9.724961e-05,-2.259177e-05,-7.583098e-05,-1.913798e-05,-6.842909e-05,-2.4904e-05,-6.823288e-05,-3.541902e-05,-5.99348e-05,-0.0001150983,-0.001250577,-0.002579612,-0.002094558,-0.000520526,0.001323551,0.003402137,0.005295109,0.007186022,0.008699326,0.0102106,0.01134064,0.01263536,0.01379755,0.01499901,0.01612632,0.01708359,0.01766427,0.01790342,0.01750721,0.01652246,0.01495655,0.01276747,0.01012419,0.007067144,0.003715638,3.089562e-05,-0.003723257,-0.007741007,-0.01169999,-0.01566117,-0.01947511,-0.02318623,-0.0265719,-0.02995587,-0.03285609,-0.03559207,-0.03779557,-0.03950988,-0.04052877,-0.04091572,-0.04027759,-0.03896524,-0.03654313,-0.03343352,-0.02944623,-0.02495388,-0.01989587,-0.01472117,-0.009309301,-0.004108152,0.00106176,0.005842254,0.01044359,0.01451553,0.01831749,0.02148111,0.02426547,0.02640696,0.02811856,0.02924614,0.03005437,0.03031069,0.03039166,0.02992969,0.02928398,0.02817134,0.02682457,0.02516237,0.02335778,0.0212338,0.01912536,0.01658906,0.0141967,0.01147676,0.008807948,0.006024257,0.003221775,0.0003529086,-0.002218129,-0.004928038,-0.006938944,-0.008903431,-0.0100001,-0.0106358,-0.01034119,-0.009755292,-0.008678976,-0.009566185,-0.00751234,-0.001019662,-0.0002346254,-0.000248177,-0.0002919941,-0.0001237344,-0.0001963102,-7.558944e-05,-0.0001388433,-4.13888e-05
-1.861768e-05,-9.137826e-05,-1.848404e-05,-7.787548e-05,-2.595054e-05,-6.802167e-05,-2.680405e-05,-6.140959e-05,-4.667901e-05,-0.0002805422,-0.001317134,-0.001942934,-0.001393186,3.591294e-07,0.001802467,0.003659517,0.005622224,0.007373373,0.00898773,0.01036946,0.01163338,0.01271218,0.01398429,0.0149625,0.01609683,0.01688412,0.01743294,0.01751302,0.01714774,0.01600502,0.014504,0.01219802,0.009604292,0.006459795,0.003131465,-0.0006005727,-0.004366717,-0.008385209,-0.01233928,-0.01632106,-0.02004766,-0.02377211,-0.02705656,-0.03033218,-0.03320026,-0.03576575,-0.03791351,-0.03954249,-0.04044884,-0.04082676,-0.04017268,-0.03883755,-0.03653643,-0.03342442,-0.02959502,-0.02517375,-0.02026249,-0.01516228,-0.009877252,-0.004692475,0.0004001735,0.005223407,0.009796792,0.01397,0.01776454,0.0210711,0.02387503,0.02616363,0.02792928,0.0291917,0.03004467,0.03043691,0.03051029,0.0302005,0.02951515,0.02854207,0.02718932,0.02560775,0.02382132,0.02177977,0.01959211,0.0172259,0.01463319,0.01204712,0.009226582,0.00642804,0.003515973,0.0006427654,-0.002228722,-0.004823557,-0.007308845,-0.009218369,-0.01077473,-0.01142646,-0.01160964,-0.01062496,-0.009786013,-0.008898506,-0.009428707,-0.003610631,3.209181e-05,-0.0005869857,-7.986021e-05,-0.0003165611,-5.406987e-05,-0.0001898379,-3.21641e-05,-0.0001251053
-4.715611e-05,-6.002882e-05,-3.376439e-05,-5.000761e-05,-3.79972e-05,-5.193785e-05,-4.901256e-05,-5.309632e-05,-7.776789e-05,-0.000376889,-0.0009742165,-0.001188181,-0.0007138719,0.0005753202,0.002169575,0.003980563,0.00579102,0.007597273,0.009126393,0.01058027,0.01177973,0.01289653,0.0140054,0.01501158,0.01590627,0.01668676,0.01702348,0.01708511,0.01654951,0.01545921,0.01380496,0.01159517,0.008886967,0.005831256,0.002393821,-0.001222166,-0.005107895,-0.008998902,-0.01302279,-0.01690678,-0.02066245,-0.02424041,-0.02756299,-0.03060693,-0.03348639,-0.03585188,-0.03794506,-0.03943325,-0.04030962,-0.04054851,-0.0399839,-0.03855046,-0.03638952,-0.03329009,-0.02959886,-0.02526141,-0.02051365,-0.01547466,-0.01034572,-0.00517913,-0.0001855791,0.004660104,0.009185997,0.01342808,0.01721625,0.0206118,0.02346184,0.025844,0.02767934,0.02906083,0.02995189,0.03047581,0.03057084,0.03035333,0.02972665,0.02880399,0.02751797,0.02599721,0.0242223,0.02226176,0.02006116,0.0177351,0.01515611,0.01251903,0.009715401,0.006825872,0.003883632,0.0009280438,-0.002047375,-0.004773689,-0.007404746,-0.009589768,-0.0112902,-0.01235963,-0.0126652,-0.01201626,-0.01091361,-0.009562905,-0.009419519,-0.007296394,-0.0011431,-0.0002876183,-0.0002809942,-0.0001872572,-0.0001379895,-0.0001405504,-8.656368e-05,-9.097842e-05
-8.317574e-05,-2.668057e-05,-7.044213e-05,-3.457585e-05,-6.921909e-05,-3.866649e-05,-4.325213e-05,-4.198227e-05,-8.361091e-05,-0.0001584935,-0.0004583776,-0.0004119674,-5.40017e-05,0.001141991,0.002500102,0.004274631,0.005912132,0.007750834,0.009209982,0.01071949,0.01187653,0.01302612,0.01399531,0.01497661,0.01568625,0.01636581,0.0165519,0.01650464,0.01585394,0.0147374,0.0130074,0.01081771,0.008089531,0.005052733,0.001619559,-0.001971646,-0.005832479,-0.009699186,-0.01366819,-0.01752122,-0.02122667,-0.02472973,-0.0279795,-0.03092323,-0.03365571,-0.03594642,-0.03787652,-0.03928226,-0.04006062,-0.04022716,-0.03963022,-0.03823328,-0.03606844,-0.03309863,-0.02945659,-0.02526641,-0.02061623,-0.01571959,-0.01066015,-0.005613949,-0.0006394779,0.004128369,0.008677558,0.01287859,0.0167327,0.02011862,0.02306337,0.0254716,0.02742029,0.02883983,0.02985751,0.03040209,0.03061952,0.03041414,0.02989781,0.02899171,0.02781329,0.02629218,0.02462491,0.02263337,0.0205355,0.0181625,0.01566471,0.01296125,0.01021186,0.007219205,0.004325204,0.001213376,-0.001730103,-0.004681096,-0.007345084,-0.009840701,-0.01165735,-0.01317093,-0.0136139,-0.01349754,-0.01223535,-0.01095426,-0.009501722,-0.009417718,-0.00452235,-0.0002902192,-0.0003543757,-0.0001414244,-0.0001959196,-7.214842e-05,-0.0001236878,-3.592851e-05
-4.848779e-05,-4.108134e-05,-3.056594e-05,-3.114804e-05,-4.003418e-05,-5.389467e-05,-9.676335e-05,-0.0001162712,9.76848e-05,0.0002425171,0.0001639024,0.0002823028,0.0006418317,0.001627882,0.002882663,0.004476928,0.006072519,0.007778893,0.009287395,0.01072752,0.01193614,0.01302884,0.01396099,0.01480469,0.01543725,0.01590606,0.01601508,0.01578133,0.01506414,0.01385132,0.01210813,0.009878919,0.007191542,0.004141433,0.0007708044,-0.00282173,-0.006597904,-0.01045556,-0.01433607,-0.01814965,-0.02179272,-0.02522672,-0.02838152,-0.03124647,-0.03381358,-0.036018,-0.0377982,-0.03908885,-0.03977809,-0.03985509,-0.03921516,-0.03783514,-0.03568524,-0.03280349,-0.02924821,-0.02516552,-0.0206394,-0.01585281,-0.01089722,-0.00593256,-0.001026245,0.003700036,0.00821511,0.01240965,0.01626319,0.01967654,0.02265066,0.02511786,0.02712023,0.0286203,0.02969522,0.03032488,0.03059006,0.03045852,0.02999421,0.02915278,0.02802195,0.02657359,0.02491806,0.02300214,0.02090642,0.01857722,0.01609669,0.01341084,0.0106375,0.007683512,0.004705159,0.001618515,-0.001420627,-0.00443015,-0.007235252,-0.009852109,-0.01196236,-0.01365952,-0.01454153,-0.0146906,-0.01383155,-0.01241743,-0.01065649,-0.009823239,-0.007513422,-0.002888144,-0.0003823676,-0.0001525846,-0.000129051,-0.0001513644,-0.0001012933,-8.275312e-05
-4.270704e-05,-6.199105e-05,-0.0001359199,-0.0001329642,-0.0001568663,-4.011248e-05,-0.0001203558,2.52622e-05,0.0004469051,0.0007119309,0.0007835859,0.0009369885,0.001298784,0.00212545,0.003264185,0.004690213,0.00620754,0.007790357,0.009282207,0.01066799,0.0118829,0.01292815,0.01381496,0.01453692,0.01506522,0.01536362,0.01534993,0.01496393,0.01415157,0.01285096,0.01107814,0.008824795,0.006162029,0.003127451,-0.0001896344,-0.003746664,-0.007452684,-0.01125794,-0.01506194,-0.01881277,-0.02238295,-0.02575111,-0.02881161,-0.03158072,-0.03401122,-0.03609008,-0.03773208,-0.03890144,-0.03947749,-0.0394715,-0.03877119,-0.03738546,-0.03525639,-0.03244304,-0.02897275,-0.0249968,-0.02058114,-0.0159068,-0.01104517,-0.006167168,-0.001322577,0.003349258,0.007830641,0.01200081,0.01584999,0.01926843,0.02226836,0.02477106,0.02682534,0.02838266,0.02952285,0.03021052,0.03053743,0.03045843,0.03004689,0.0292608,0.02817876,0.0267793,0.02516954,0.02328588,0.02122949,0.01892934,0.01646865,0.01381233,0.01103985,0.008099695,0.005119999,0.002016981,-0.001044725,-0.004106422,-0.007006441,-0.009731207,-0.01204869,-0.01397045,-0.0151871,-0.01570475,-0.01524582,-0.01405243,-0.0121998,-0.01068277,-0.008913769,-0.005916477,-0.002318682,-0.0004711613,-0.0003308175,-1.44041e-06,1.941838e-05,4.895266e-05
4.193506e-05,-0.0001007974,-0.0001871573,-0.0002543557,-0.000183082,3.6448e-05,0.0001899497,0.0004444616,0.000886679,0.001218724,0.0013924,0.001573893,0.001950536,0.002651544,0.00368144,0.004941504,0.006353476,0.007802746,0.009230945,0.01054235,0.01172246,0.01271326,0.01353735,0.01415319,0.01456784,0.01471536,0.01457091,0.0140489,0.01313088,0.01175271,0.009935934,0.007667843,0.005018586,0.002014048,-0.001255562,-0.004756394,-0.00839464,-0.01212872,-0.01585525,-0.01952481,-0.02302561,-0.0263104,-0.02929017,-0.03195387,-0.03425451,-0.03619545,-0.03769766,-0.03872623,-0.03919332,-0.03908141,-0.0383232,-0.03690954,-0.03479772,-0.03203426,-0.02864853,-0.02476298,-0.02045898,-0.01588085,-0.01111863,-0.006312804,-0.001540826,0.003085104,0.007518009,0.01166527,0.01549128,0.0189135,0.02191779,0.02445288,0.02653829,0.02815144,0.02933469,0.03008512,0.03045108,0.03042633,0.03005359,0.02931579,0.02827208,0.02692537,0.02533796,0.02350864,0.02147003,0.01921106,0.01677648,0.01414797,0.01138885,0.008485265,0.005496835,0.002429184,-0.00065408,-0.003722317,-0.006681299,-0.009476881,-0.01195492,-0.01404851,-0.01557218,-0.01641018,-0.01640225,-0.01552871,-0.01391274,-0.01199613,-0.01016984,-0.008019722,-0.005088858,-0.002459069,-0.001131178,-0.0002716009,0.0001195457,0.0001386749
-5.411156e-05,-5.54023e-05,-7.478832e-05,-6.15395e-05,5.986846e-05,0.0003231816,0.0006014949,0.0009459803,0.00140033,0.001753603,0.001996575,0.002225007,0.002606646,0.003240055,0.004149218,0.005269531,0.006536783,0.007855847,0.009165127,0.01038494,0.01148195,0.01240051,0.01313946,0.01365684,0.01394914,0.01396875,0.01368833,0.01304796,0.01202544,0.0105742,0.008710695,0.006429123,0.003786933,0.0008154653,-0.002409202,-0.005846942,-0.009417304,-0.01306999,-0.01671561,-0.0202975,-0.02371568,-0.02691804,-0.0298111,-0.03236852,-0.03454623,-0.0363384,-0.03769453,-0.03857904,-0.03891716,-0.0387001,-0.03786872,-0.03641749,-0.03431329,-0.03158791,-0.0282732,-0.02447227,-0.0202649,-0.01578042,-0.01110666,-0.006376142,-0.001669537,0.00290258,0.007288487,0.01140166,0.01520126,0.01861244,0.02161592,0.02416645,0.02627626,0.027926,0.02914886,0.02993945,0.03034336,0.03035508,0.03001225,0.02931372,0.02830084,0.02699029,0.02543879,0.02363737,0.02163318,0.01940794,0.0169969,0.01440745,0.0116712,0.008798737,0.00584534,0.00280149,-0.0002559338,-0.00331213,-0.006288298,-0.009118739,-0.0116906,-0.01392693,-0.01567095,-0.01681283,-0.01718419,-0.01673657,-0.01544884,-0.01362045,-0.01155175,-0.009644676,-0.007498058,-0.00505335,-0.003060113,-0.001544158,-0.0006092425,-0.0001804304
-0.0005755313,-0.0002806684,-7.387342e-05,9.352055e-05,0.0003397548,0.0006678815,0.001051896,0.001459655,0.001910378,0.002297276,0.002603655,0.002888881,0.003291178,0.003874455,0.004688692,0.005673717,0.006796872,0.007965318,0.009137934,0.0102301,0.01121456,0.01202996,0.01266508,0.0130736,0.01324892,0.01314144,0.01273923,0.01198495,0.01086689,0.009346538,0.007438035,0.005139988,0.002504085,-0.0004400935,-0.003620397,-0.006998107,-0.01049609,-0.01406822,-0.01762595,-0.02111461,-0.02444428,-0.02755318,-0.03035572,-0.0328085,-0.03485884,-0.03650796,-0.03771073,-0.03844316,-0.03864998,-0.03831412,-0.03740125,-0.0359039,-0.03379323,-0.03109751,-0.02784084,-0.02411282,-0.01999178,-0.01559207,-0.01100241,-0.006343576,-0.001704192,0.002812982,0.007147416,0.01122001,0.01498586,0.01837698,0.02136895,0.0239231,0.02604396,0.02771648,0.0289619,0.02978203,0.03020728,0.03024356,0.0299231,0.02924677,0.02825989,0.02697827,0.02544667,0.02367989,0.02169774,0.01950374,0.01712799,0.01456682,0.01186755,0.00903784,0.006117724,0.003129255,0.0001098522,-0.002907037,-0.005857318,-0.008689888,-0.01130156,-0.01362159,-0.01552671,-0.01689791,-0.01760195,-0.01753566,-0.01667122,-0.01509891,-0.01314422,-0.01115334,-0.009318176,-0.007426784,-0.005404644,-0.003544408,-0.002069736,-0.001133412
-0.001653278,-0.0009356228,-0.0004017671,3.803402e-05,0.0004644126,0.0009154174,0.001385573,0.001867693,0.002365618,0.002800853,0.00317902,0.003535578,0.003966493,0.004533947,0.005269841,0.006146324,0.007128891,0.008152855,0.009172146,0.01012298,0.0109703,0.01165956,0.01217229,0.01246168,0.01251372,0.01228706,0.01176487,0.01090572,0.009698593,0.008111677,0.006161253,0.003845467,0.001212565,-0.001707939,-0.004848093,-0.008168268,-0.0115959,-0.01508439,-0.01855194,-0.0219442,-0.02517269,-0.02818421,-0.03088501,-0.033229,-0.03515771,-0.03666271,-0.03771409,-0.03829842,-0.03836376,-0.03791096,-0.03690377,-0.03534843,-0.03322063,-0.03054197,-0.02733055,-0.02366682,-0.01961881,-0.01529889,-0.01078625,-0.006201941,-0.001628133,0.002826951,0.007106967,0.01113015,0.01485557,0.01821446,0.02118594,0.02372793,0.02584718,0.0275231,0.02877903,0.02960714,0.03004458,0.03008943,0.02977818,0.02911606,0.02814316,0.02687695,0.02536838,0.02361536,0.02166049,0.01949228,0.01714284,0.01462099,0.01195889,0.009172116,0.00631114,0.003373741,0.0004215262,-0.002534844,-0.00543325,-0.008225931,-0.01082929,-0.01318432,-0.01517671,-0.01671709,-0.01766418,-0.01794464,-0.01745827,-0.01628652,-0.01454361,-0.01265549,-0.01085739,-0.009197537,-0.007511391,-0.005702732,-0.004019748,-0.002655549
-0.003091666,-0.002031063,-0.001145868,-0.0004092839,0.0002684683,0.0009010214,0.001521881,0.002110481,0.002681139,0.003199219,0.003669944,0.004108513,0.00459439,0.005159951,0.005854262,0.006642327,0.00751331,0.00840114,0.009280157,0.01008335,0.01078848,0.01133942,0.01171935,0.01187992,0.01180878,0.01145945,0.01082547,0.009863578,0.00857195,0.006922463,0.004931052,0.002597152,-3.359753e-05,-0.002934475,-0.006037522,-0.009304307,-0.01266165,-0.01606759,-0.01944113,-0.0227313,-0.02585509,-0.02875578,-0.03134871,-0.03358052,-0.03538495,-0.03675552,-0.0376605,-0.0380982,-0.0380322,-0.03745715,-0.03635402,-0.0347312,-0.03257074,-0.02989636,-0.02671811,-0.02310621,-0.01912466,-0.01487644,-0.01044074,-0.005929727,-0.001428441,0.002960942,0.007177448,0.01114347,0.01481712,0.01813354,0.02106936,0.0235859,0.02568528,0.02734936,0.02859491,0.02941908,0.02984941,0.02989111,0.02957817,0.0289152,0.02794729,0.02668934,0.0251849,0.02344929,0.0215059,0.01935943,0.01704086,0.01454862,0.01193027,0.009196122,0.006387799,0.003526311,0.0006458997,-0.002229212,-0.005045868,-0.007771182,-0.01032525,-0.01266102,-0.0146866,-0.01631705,-0.01744222,-0.01797117,-0.01783481,-0.01701775,-0.01565491,-0.01394284,-0.01220743,-0.01062539,-0.009091651,-0.007523199,-0.005895394,-0.004397002
-0.004575347,-0.003308395,-0.002173757,-0.001162328,-0.0002441186,0.0005988808,0.001385962,0.002119126,0.002814044,0.003441162,0.004019035,0.004558306,0.005110805,0.005709256,0.006383562,0.0071199,0.007902754,0.008685851,0.009439487,0.01011321,0.01068221,0.01109878,0.01134609,0.01137884,0.01118236,0.01071714,0.009971712,0.008913614,0.007541314,0.005831096,0.003801274,0.00145016,-0.001179082,-0.004060599,-0.007128902,-0.01034375,-0.01363343,-0.01695454,-0.02023218,-0.0234174,-0.02642752,-0.02921411,-0.03168957,-0.03380401,-0.03548968,-0.03672897,-0.03749718,-0.03780042,-0.03760525,-0.03691965,-0.03571944,-0.03402349,-0.03182124,-0.02913612,-0.02597734,-0.02240868,-0.01848438,-0.01430584,-0.009944946,-0.00551326,-0.001088497,0.003224493,0.007369046,0.01126585,0.0148761,0.01813482,0.02102134,0.0234943,0.02555787,0.0271903,0.02841118,0.02921094,0.0296228,0.02964586,0.02931697,0.02864431,0.02766802,0.02640463,0.02490297,0.02316479,0.02123299,0.01910111,0.01680211,0.01434634,0.01176824,0.00908511,0.0063468,0.003555192,0.0007652902,-0.00201532,-0.004735351,-0.007362761,-0.009834656,-0.01211228,-0.01411335,-0.01577762,-0.01699677,-0.01771357,-0.01782735,-0.0173563,-0.0163037,-0.0149034,-0.01332049,-0.01176697,-0.01031521,-0.008877327,-0.007419031,-0.005961157
-0.005806753,-0.004503132,-0.003245004,-0.002072354,-0.0009619109,6.587937e-05,0.00103435,0.001923624,0.002751688,0.00350721,0.004208176,0.004855263,0.005496582,0.006140322,0.006827748,0.007535541,0.008265144,0.00896716,0.009627194,0.01019142,0.01064542,0.01094209,0.01106871,0.01098178,0.01067075,0.01009361,0.00924747,0.008098016,0.006650581,0.004884963,0.002819383,0.0004537418,-0.002170898,-0.005031848,-0.008064141,-0.01122763,-0.01444868,-0.01768565,-0.02086443,-0.02394022,-0.02683618,-0.02950074,-0.03185638,-0.03385242,-0.03541859,-0.03653799,-0.03717911,-0.03735453,-0.03704553,-0.03625331,-0.03496448,-0.0331972,-0.03094607,-0.02824149,-0.0250917,-0.02155579,-0.01768535,-0.01357299,-0.009290641,-0.00494164,-0.0006041912,0.003623744,0.007682928,0.01149795,0.01502955,0.01821621,0.02103548,0.02344913,0.02545791,0.02704303,0.02821955,0.02898265,0.02935793,0.02935022,0.02899412,0.02829668,0.02730213,0.02602477,0.02450755,0.0227672,0.02083134,0.01870787,0.01642996,0.01399963,0.01146479,0.00883771,0.006161063,0.003455963,0.0007558711,-0.001919494,-0.004524779,-0.007039929,-0.009403189,-0.0115866,-0.01352402,-0.01516241,-0.01642009,-0.01723379,-0.01754245,-0.01731112,-0.01659131,-0.01545527,-0.01409111,-0.01266702,-0.01124065,-0.009876152,-0.008508925,-0.007159915
-0.006710341,-0.005425122,-0.004149431,-0.002901493,-0.001690736,-0.0005357577,0.000561839,0.001588523,0.002552811,0.003434874,0.004255233,0.00501515,0.005745154,0.006456502,0.007170717,0.007878822,0.008576228,0.009228462,0.009816772,0.01030013,0.01066128,0.01085985,0.0108842,0.01069491,0.01028138,0.009608951,0.008671222,0.00744289,0.005929544,0.004114985,0.002020445,-0.000354474,-0.002970108,-0.005804999,-0.008797772,-0.01190678,-0.01505888,-0.01820951,-0.02128867,-0.02425426,-0.02703135,-0.02957593,-0.03180879,-0.03368562,-0.03513945,-0.03614424,-0.03667013,-0.03673143,-0.03631234,-0.03542699,-0.03405518,-0.03222092,-0.02992373,-0.02719546,-0.02404915,-0.02054283,-0.01672224,-0.01267848,-0.008476932,-0.004219727,2.250309e-05,0.004151517,0.008112864,0.01183085,0.01526886,0.01836614,0.0211027,0.02343873,0.02537706,0.02689668,0.02801546,0.02872355,0.0290513,0.02899859,0.02860171,0.02787061,0.02684478,0.02554036,0.0240049,0.0222442,0.02030293,0.01818058,0.01591242,0.01351165,0.01101459,0.008439831,0.005836139,0.003208742,0.0006089336,-0.001956426,-0.004442875,-0.006828984,-0.009067149,-0.01113398,-0.01297173,-0.01454637,-0.01578129,-0.0166432,-0.01705398,-0.01702194,-0.0165128,-0.01565826,-0.01451816,-0.0132385,-0.01192169,-0.01059887,-0.009294568,-0.007999794
-0.007314158,-0.006067946,-0.004803489,-0.003549188,-0.002294087,-0.001074973,0.0001130852,0.001236722,0.002302086,0.003292364,0.004221868,0.005081887,0.005903005,0.006677975,0.007435483,0.008154916,0.008843381,0.009462309,0.01000481,0.01042655,0.01071829,0.01083975,0.01078245,0.01050915,0.01001353,0.009259899,0.008249493,0.006955565,0.005389177,0.003537555,0.001422532,-0.0009537591,-0.003552628,-0.006354905,-0.009301243,-0.01235142,-0.01543072,-0.01849511,-0.02147388,-0.02432807,-0.02698925,-0.02941167,-0.031525,-0.03328591,-0.03462863,-0.03552993,-0.03595139,-0.03590663,-0.03539095,-0.03441554,-0.03297025,-0.03107681,-0.02873716,-0.0259893,-0.02284825,-0.01937135,-0.01560464,-0.01163219,-0.007519248,-0.003360605,0.0007735912,0.004792542,0.008640994,0.0122476,0.01557603,0.01856898,0.02120562,0.02344943,0.02530062,0.02674118,0.02778542,0.0284278,0.02869238,0.02858392,0.02813642,0.0273583,0.02629243,0.02495328,0.0233838,0.02160309,0.01964316,0.01751646,0.01525909,0.01287732,0.01041929,0.00789873,0.005358146,0.002818747,0.000313749,-0.002139148,-0.004499387,-0.00675467,-0.008856187,-0.01078935,-0.01250711,-0.01398238,-0.01516011,-0.01600436,-0.01647456,-0.01654317,-0.01623304,-0.01556198,-0.01462851,-0.01353204,-0.01231817,-0.01108225,-0.009817811,-0.00857073
-0.007702571,-0.006471593,-0.005226398,-0.00397221,-0.002710929,-0.001463293,-0.0002361973,0.0009480361,0.00208862,0.003159977,0.004173324,0.005119241,0.00601394,0.006854522,0.007652146,0.008394999,0.009082223,0.00968606,0.01019479,0.01057435,0.0108129,0.01087558,0.01075461,0.01041624,0.009854456,0.009040389,0.007972471,0.006631313,0.005027758,0.00315203,0.001028909,-0.001338882,-0.003912843,-0.006673824,-0.009566208,-0.0125507,-0.01555423,-0.01853016,-0.02140982,-0.02415518,-0.02669976,-0.02900539,-0.0310006,-0.03264765,-0.03388607,-0.03468763,-0.03501527,-0.03487858,-0.03427071,-0.03321657,-0.03170334,-0.02975773,-0.02738537,-0.02462436,-0.02149499,-0.01805543,-0.01434808,-0.01045626,-0.00643939,-0.002391094,0.001625195,0.005519689,0.009242376,0.01272298,0.01592794,0.01880132,0.02132488,0.02346133,0.02521297,0.0265601,0.02751936,0.0280813,0.02827401,0.02809823,0.02758905,0.02675714,0.02564092,0.02425693,0.02265233,0.02083737,0.01885903,0.0167229,0.01446715,0.0121081,0.009683378,0.007212433,0.004742115,0.002279836,-0.0001259536,-0.002468305,-0.004706831,-0.006826208,-0.008789025,-0.01058194,-0.01216447,-0.01352272,-0.01460742,-0.01540723,-0.01586918,-0.01600827,-0.01578478,-0.01528432,-0.01451261,-0.01355797,-0.01248679,-0.01133522,-0.01014213,-0.008926992
-0.007916407,-0.006709901,-0.005473237,-0.004229283,-0.002962608,-0.001704154,-0.0004488655,0.0007701388,0.001955088,0.00308386,0.004162589,0.005173183,0.006132478,0.007022934,0.007861936,0.008625885,0.009321379,0.00991514,0.01040424,0.01075094,0.01095009,0.01096702,0.01079674,0.01040749,0.009797152,0.008936243,0.007829932,0.006457081,0.004832413,0.002948359,0.0008296496,-0.001518535,-0.00405782,-0.0067699,-0.009600319,-0.01251288,-0.01543558,-0.01832288,-0.02110444,-0.02374275,-0.02617617,-0.02836545,-0.03024727,-0.03178456,-0.03291876,-0.03362772,-0.03386914,-0.03364868,-0.03296352,-0.03183552,-0.03026437,-0.02827646,-0.02587951,-0.02311658,-0.02000922,-0.01661586,-0.01297976,-0.009178067,-0.005269594,-0.001341432,0.002543394,0.006302187,0.009885413,0.01322752,0.01629611,0.01903852,0.02143616,0.02345481,0.02509485,0.02633918,0.0272013,0.02767552,0.02778467,0.02753378,0.02695609,0.0260606,0.02488877,0.02345569,0.02180492,0.0199586,0.01795285,0.01580468,0.01355309,0.01120814,0.008817974,0.006397056,0.003986768,0.00160769,-0.0007075038,-0.002942451,-0.00505957,-0.007050578,-0.008874869,-0.01052603,-0.01196957,-0.01319685,-0.01417479,-0.01489055,-0.01532314,-0.01545944,-0.01531668,-0.01489314,-0.01424419,-0.01342433,-0.01245166,-0.01140257,-0.01027328,-0.009114459
-0.008004873,-0.006815508,-0.005594874,-0.004352574,-0.003089099,-0.001822325,-0.0005566297,0.0006872623,0.001907443,0.003077737,0.004203178,0.005266373,0.006273312,0.007211055,0.00808253,0.008871028,0.00957452,0.01016755,0.01064151,0.01096659,0.01113483,0.01111646,0.01090751,0.01047964,0.009831286,0.008939285,0.007806392,0.006417627,0.004786578,0.002907324,0.0008063663,-0.001511141,-0.004006933,-0.006661921,-0.009423934,-0.01225808,-0.01509642,-0.01789276,-0.02057804,-0.02311329,-0.02543664,-0.02751534,-0.0292855,-0.03071481,-0.03174972,-0.03236654,-0.03252814,-0.03223632,-0.03148145,-0.03029442,-0.02867435,-0.0266541,-0.02424567,-0.02149193,-0.01841853,-0.01508466,-0.01153059,-0.00783238,-0.004043029,-0.0002481312,0.003495034,0.00710508,0.01053794,0.01373011,0.01665229,0.01925346,0.02151704,0.02340818,0.0249291,0.02606131,0.02682025,0.02719688,0.02721757,0.02688402,0.02623064,0.02526859,0.02403535,0.02254802,0.02085377,0.01896717,0.01693749,0.01477558,0.01252211,0.01019596,0.00783546,0.005460314,0.003114861,0.0008073616,-0.001416466,-0.00354983,-0.005555127,-0.007420237,-0.009113861,-0.01062818,-0.01193351,-0.01302879,-0.01388569,-0.01451078,-0.01487214,-0.01499485,-0.01484576,-0.01449163,-0.01391652,-0.01317597,-0.01230656,-0.01133067,-0.01027639,-0.009162778
-0.007996621,-0.006836982,-0.005629167,-0.004399034,-0.003134671,-0.001864922,-0.0005846715,0.0006759141,0.001918877,0.003121393,0.004285906,0.005389456,0.006439945,0.007413398,0.00831865,0.009128463,0.009846368,0.01044087,0.01091006,0.0112198,0.01136721,0.01132244,0.0110843,0.01062678,0.009952225,0.009037353,0.007891054,0.006496693,0.004870702,0.003008289,0.0009351883,-0.001341862,-0.003785205,-0.006376445,-0.009063759,-0.0118146,-0.01456356,-0.01726758,-0.01985656,-0.02229036,-0.02450896,-0.0264777,-0.02814032,-0.02946542,-0.03040135,-0.03093158,-0.03101805,-0.03066131,-0.02985297,-0.02861679,-0.02696213,-0.02492316,-0.0225147,-0.01978451,-0.01675869,-0.0134963,-0.01003827,-0.006454627,-0.002797097,0.0008549138,0.004444502,0.007896671,0.01116864,0.01420205,0.01696941,0.01942283,0.02154513,0.02330367,0.02469874,0.02571415,0.02636272,0.02663882,0.02656423,0.02614455,0.02541287,0.02437923,0.02308403,0.02154291,0.01979981,0.01787954,0.01582153,0.0136466,0.01139579,0.009082112,0.006753208,0.004423776,0.002133404,-9.872674e-05,-0.002241076,-0.004278625,-0.006176363,-0.007927948,-0.009497822,-0.0108837,-0.01205825,-0.01302351,-0.01376165,-0.01427768,-0.01456616,-0.01462743,-0.01448124,-0.01412264,-0.01358945,-0.01291285,-0.01209335,-0.0111868,-0.01018247,-0.00912235
-0.007940733,-0.006799598,-0.005610856,-0.004387001,-0.003130141,-0.001858122,-0.000574943,0.000699707,0.001963675,0.003191403,0.004385065,0.005523697,0.00660742,0.007617381,0.008550815,0.009386626,0.01011983,0.01072508,0.01119443,0.01150025,0.01163605,0.01157566,0.01131845,0.01084174,0.01014877,0.009222382,0.008069566,0.006679407,0.00506714,0.003229108,0.001192229,-0.001037004,-0.003421432,-0.005942233,-0.008549755,-0.01121208,-0.01386788,-0.01647527,-0.01896684,-0.02130089,-0.02341521,-0.02527925,-0.02683638,-0.02806015,-0.02890394,-0.0293502,-0.02936771,-0.02895674,-0.02810315,-0.02683527,-0.02515926,-0.02311521,-0.02072272,-0.0180295,-0.01506518,-0.01188868,-0.00853783,-0.005081168,-0.00156473,0.001933769,0.005362417,0.008647452,0.01175147,0.01461899,0.0172258,0.01952601,0.02150376,0.02312518,0.02439165,0.02528573,0.02582216,0.02599273,0.02582239,0.02531388,0.02450158,0.02339792,0.02203989,0.020445,0.01865981,0.01670205,0.0146224,0.01243572,0.01018431,0.007888766,0.005587499,0.003300202,0.001068406,-0.001099732,-0.003161421,-0.005110409,-0.006911816,-0.008555501,-0.01001409,-0.01128223,-0.0123362,-0.013181,-0.01380134,-0.01421638,-0.01441044,-0.01441692,-0.01421184,-0.01385536,-0.01332662,-0.01266642,-0.01189401,-0.01102033,-0.01006205,-0.009032402
-0.007868542,-0.00674863,-0.00557038,-0.00435883,-0.003104171,-0.001833799,-0.0005430832,0.0007395236,0.002015891,0.003263133,0.004481629,0.005646845,0.006761732,0.007799194,0.008762555,0.0096219,0.01037684,0.01099572,0.01147599,0.01178548,0.01192177,0.01185748,0.01159352,0.0111087,0.01040962,0.009479169,0.008330145,0.006950484,0.005358384,0.003551376,0.00155568,-0.0006206242,-0.00294079,-0.005386784,-0.007909592,-0.0104794,-0.0130369,-0.01554402,-0.01793448,-0.02016695,-0.02218035,-0.0239407,-0.02539771,-0.02652634,-0.02728231,-0.02765416,-0.02760996,-0.02715141,-0.02626756,-0.02497893,-0.02329811,-0.02126526,-0.01890253,-0.0162621,-0.01337353,-0.01029484,-0.007063694,-0.003742888,-0.0003771178,0.002961666,0.006221831,0.009335153,0.01226556,0.01496279,0.01740491,0.01954924,0.02137943,0.0228628,0.0239984,0.02477062,0.02519218,0.02525836,0.02499027,0.02439413,0.02350326,0.02232941,0.02091246,0.01926838,0.01744046,0.01545482,0.01335264,0.0111574,0.00891116,0.006629058,0.004357847,0.002112308,-6.994087e-05,-0.0021715,-0.004162468,-0.006029233,-0.007739672,-0.009288866,-0.01064505,-0.01180793,-0.01275365,-0.01348887,-0.01400334,-0.01431343,-0.01442502,-0.01434872,-0.01410803,-0.0137005,-0.01315907,-0.01250566,-0.01173391,-0.01088561,-0.009944266,-0.008942939
-0.007822071,-0.006706672,-0.005538143,-0.004328509,-0.003079481,-0.00180805,-0.0005174443,0.0007732901,0.002061849,0.003323729,0.004559482,0.005747075,0.006884082,0.007948949,0.008935729,0.009820893,0.01059646,0.011236,0.01173083,0.01205444,0.01220062,0.01214481,0.01188709,0.01140807,0.010714,0.009792732,0.008655073,0.00729459,0.005728965,0.003957527,0.0020079,-0.0001117183,-0.002364588,-0.004731919,-0.007166862,-0.00964025,-0.01209625,-0.01449799,-0.01678356,-0.01891269,-0.02082373,-0.02248566,-0.02384681,-0.02488653,-0.02556535,-0.02587016,-0.0257743,-0.02528007,-0.02437383,-0.0230809,-0.02140918,-0.01940246,-0.01708646,-0.01451264,-0.01171323,-0.008745038,-0.005642226,-0.002466273,0.0007430743,0.003915709,0.007004567,0.00994227,0.01269708,0.01522157,0.01749706,0.01948329,0.02116556,0.02250981,0.02351536,0.02416527,0.02447404,0.02443523,0.02407305,0.02339118,0.02242399,0.02118557,0.01971274,0.01802328,0.016162,0.01414801,0.01203186,0.009830947,0.007588275,0.005325512,0.003080802,0.0008738646,-0.001256376,-0.003302207,-0.00522386,-0.007015818,-0.008646189,-0.01010681,-0.01137365,-0.01244284,-0.01329377,-0.01393296,-0.01435082,-0.01457231,-0.01459324,-0.01445259,-0.0141343,-0.01369575,-0.01311803,-0.01243792,-0.01166754,-0.01081261,-0.009881987,-0.008883852
-0.007821931,-0.006708905,-0.005537343,-0.004329936,-0.003077145,-0.001804143,-0.0005060055,0.0007904835,0.002086966,0.003361118,0.004612355,0.005816278,0.006973789,0.008057494,0.009067629,0.009973578,0.0107722,0.01143145,0.01194744,0.01228922,0.01245432,0.01241672,0.01217722,0.0117165,0.01104226,0.01014086,0.009027455,0.007694321,0.006162465,0.004433076,0.002533767,0.0004745774,-0.001707649,-0.003994296,-0.006338781,-0.008713808,-0.01106515,-0.01335924,-0.0155363,-0.01755908,-0.01936948,-0.02093427,-0.02220671,-0.02316643,-0.02377561,-0.02402597,-0.02388901,-0.02336823,-0.02245448,-0.02116749,-0.01952064,-0.01755602,-0.01530023,-0.01280776,-0.01010978,-0.007261225,-0.004295646,-0.001269703,0.001777573,0.004781671,0.007696318,0.01045879,0.01303753,0.01538932,0.01749766,0.01932565,0.02085917,0.02206568,0.02294205,0.02347259,0.02366994,0.02353105,0.02307699,0.02231456,0.02127691,0.01997745,0.01845567,0.01672769,0.01483505,0.01280347,0.01067409,0.008471734,0.006238491,0.003991085,0.001775215,-0.0003941042,-0.002480881,-0.00446935,-0.006331429,-0.008054809,-0.009610505,-0.01099523,-0.0121809,-0.01316891,-0.01393735,-0.01449401,-0.01483043,-0.01496712,-0.01491646,-0.01469622,-0.01433265,-0.01382624,-0.01320934,-0.01250176,-0.01169796,-0.01083288,-0.009887834,-0.008889351
-0.007894267,-0.006766689,-0.00558846,-0.004370481,-0.003113308,-0.001832321,-0.0005296127,0.0007768396,0.002084526,0.003370191,0.004633658,0.005853076,0.007025338,0.008128725,0.009156127,0.0100834,0.01090117,0.01158286,0.01211911,0.01248445,0.01267273,0.01266074,0.01244828,0.01201704,0.0113731,0.01050568,0.009426519,0.008132307,0.006643313,0.004962861,0.003120265,0.001126075,-0.0009825701,-0.003185835,-0.0054387,-0.007713994,-0.009960418,-0.0121452,-0.01421305,-0.01612942,-0.01783849,-0.01931161,-0.02050075,-0.02138826,-0.0219396,-0.02214416,-0.02197778,-0.02144383,-0.02053147,-0.01926606,-0.01765677,-0.01574771,-0.01356715,-0.0111674,-0.008581097,-0.005861047,-0.003037525,-0.0001666266,0.002716447,0.00554932,0.008290679,0.01087845,0.01328366,0.01546454,0.01740721,0.0190773,0.02046333,0.02153289,0.02228332,0.02269742,0.02278894,0.02255328,0.02201443,0.02117685,0.02007432,0.01872206,0.01715656,0.01539563,0.01348155,0.01143313,0.009299243,0.007098428,0.004873536,0.002646863,0.0004560955,-0.001678766,-0.003720815,-0.005662531,-0.007467003,-0.00912937,-0.01062073,-0.01193508,-0.01305176,-0.01396857,-0.01466733,-0.01515406,-0.01542058,-0.01549118,-0.01536763,-0.01509173,-0.01465367,-0.01410836,-0.01343968,-0.01268471,-0.01185446,-0.01095526,-0.009992646,-0.008972223
-0.008045208,-0.006900636,-0.005702831,-0.004472391,-0.003199781,-0.001907571,-0.0005904987,0.0007267164,0.002045516,0.003344331,0.004622161,0.005855512,0.007044376,0.008162462,0.009208676,0.01015304,0.01099126,0.01169232,0.01225188,0.01264054,0.01285595,0.01287356,0.0126941,0.01229925,0.01169573,0.01087036,0.009837668,0.008591936,0.007155738,0.005533529,0.003754499,0.001831026,-0.0001995264,-0.002317318,-0.004477147,-0.006653056,-0.008794769,-0.01087227,-0.01283224,-0.01464369,-0.01625589,-0.01764015,-0.01875364,-0.01957799,-0.02007892,-0.0202496,-0.02006396,-0.01952641,-0.01863023,-0.01739611,-0.01583834,-0.01399829,-0.01190349,-0.009607604,-0.007141131,-0.004554734,-0.001878316,0.0008358447,0.003552642,0.006215062,0.008783435,0.01120007,0.01343502,0.01544884,0.01722893,0.01874385,0.01998372,0.02091937,0.02154694,0.02185026,0.02184073,0.02151628,0.02089805,0.01999323,0.01883399,0.01743456,0.01583355,0.01404696,0.01211405,0.01005893,0.00792127,0.005726025,0.003514542,0.00130462,-0.0008592421,-0.002961574,-0.004967369,-0.006861891,-0.008618714,-0.01022654,-0.01165934,-0.01291543,-0.01397028,-0.01482718,-0.01546627,-0.01589546,-0.01610571,-0.01611634,-0.01594066,-0.01560036,-0.0151233,-0.0145124,-0.01379919,-0.01300321,-0.01212289,-0.01119178,-0.01019287,-0.00914936
-0.008285766,-0.007109832,-0.00588917,-0.00463394,-0.00334395,-0.0020327,-0.0007016332,0.0006328446,0.001968141,0.00328241,0.00457504,0.005825039,0.007029046,0.008165776,0.009227868,0.01019163,0.01104753,0.01177034,0.01235111,0.01276598,0.01300922,0.01305931,0.01291622,0.01256274,0.01200398,0.01122916,0.0102491,0.009061587,0.007687304,0.006131594,0.004424285,0.002577869,0.0006297491,-0.001399231,-0.003465325,-0.005542208,-0.007581891,-0.009554734,-0.01141141,-0.01312326,-0.01464241,-0.01594552,-0.01698942,-0.0177581,-0.01821925,-0.01836332,-0.01816854,-0.01763922,-0.01676723,-0.01557828,-0.01408232,-0.01232165,-0.01032386,-0.008139069,-0.005798346,-0.003350357,-0.0008225949,0.001732944,0.004284402,0.006776765,0.00917546,0.01142388,0.01349386,0.01534587,0.01696855,0.01833245,0.01943047,0.02023542,0.02074541,0.02094327,0.02084073,0.02043359,0.01974524,0.01878059,0.01757197,0.01613461,0.01450391,0.01269737,0.01075454,0.00869316,0.006559415,0.004371887,0.002172544,-1.623896e-05,-0.00215749,-0.004230774,-0.006200475,-0.008058629,-0.009770737,-0.01133234,-0.01271703,-0.01392063,-0.01492535,-0.01573073,-0.01632128,-0.01670255,-0.01686675,-0.01683424,-0.0166073,-0.01622714,-0.01568856,-0.01504447,-0.01428015,-0.01343324,-0.01251501,-0.01153583,-0.01050177,-0.009418706
-0.008610305,-0.007402131,-0.006147618,-0.004865839,-0.003547808,-0.002213798,-0.000858644,0.0004951461,0.001849035,0.003182483,0.00449427,0.005762281,0.006985815,0.008139627,0.009221626,0.01020314,0.01107975,0.01182254,0.01242772,0.01286794,0.01314131,0.0132252,0.01312073,0.01281076,0.01230115,0.0115791,0.0106583,0.0095341,0.008228655,0.006747033,0.005117809,0.003354344,0.001493603,-0.000444162,-0.002415323,-0.004394679,-0.006334849,-0.008208446,-0.009967526,-0.01158629,-0.01302109,-0.01424877,-0.01523159,-0.01595309,-0.0163809,-0.01650864,-0.01631285,-0.01579932,-0.01496373,-0.01382716,-0.01240371,-0.01073205,-0.008837847,-0.006771083,-0.004559985,-0.00225187,0.0001253897,0.002523305,0.004910305,0.007236093,0.009467741,0.01155331,0.0134638,0.01516084,0.01663306,0.01785298,0.01881487,0.01949549,0.01989343,0.0199933,0.01980446,0.01932419,0.01857273,0.01755731,0.01630816,0.01483901,0.01318667,0.01136663,0.00941594,0.007356893,0.005226953,0.003050365,0.0008669629,-0.001305024,-0.003422603,-0.005469825,-0.007412059,-0.009234803,-0.01091282,-0.01243543,-0.01377882,-0.01494225,-0.01590385,-0.01666837,-0.0172183,-0.01756209,-0.01769037,-0.01761992,-0.01736062,-0.01693423,-0.0163686,-0.0156692,-0.0148662,-0.01397801,-0.01300683,-0.01198655,-0.01090472,-0.009784012
-0.009018697,-0.007767125,-0.006477017,-0.005158249,-0.003810615,-0.002446412,-0.001066764,0.0003133733,0.001691613,0.003047686,0.004380753,0.00567098,0.006914749,0.008091071,0.009192275,0.01019558,0.0110921,0.01185861,0.01248714,0.01295582,0.01325961,0.01337904,0.01331446,0.01304989,0.01258984,0.01192424,0.01106376,0.01000734,0.008774767,0.007371269,0.005825036,0.004148697,0.002378311,0.0005342346,-0.001341981,-0.003225089,-0.005069905,-0.006849113,-0.008518102,-0.01005235,-0.01141005,-0.01257231,-0.01350119,-0.01418282,-0.01458684,-0.01470436,-0.01451607,-0.01402775,-0.01323399,-0.01216014,-0.01081566,-0.009239312,-0.007455639,-0.005510076,-0.003430776,-0.00126369,0.000964607,0.003205966,0.005432213,0.007594726,0.009664947,0.01159259,0.01335089,0.01490091,0.01623139,0.017316,0.0181509,0.01871473,0.01900877,0.01901777,0.01875165,0.01820537,0.01740065,0.01634221,0.01505992,0.01356771,0.01189888,0.01007028,0.008119048,0.006061941,0.003942119,0.001777409,-0.0003918108,-0.002543749,-0.004642544,-0.006667461,-0.008583692,-0.01038214,-0.01203007,-0.01352302,-0.01483607,-0.0159659,-0.01689629,-0.01762773,-0.01814725,-0.01846065,-0.01856127,-0.0184659,-0.0181746,-0.01772434,-0.01711222,-0.0163895,-0.01554279,-0.01460919,-0.01359959,-0.01252798,-0.01140305,-0.01023311
-0.009497251,-0.008203192,-0.006868846,-0.005512466,-0.004126217,-0.002728901,-0.001315711,9.267678e-05,0.001497925,0.002880744,0.004239865,0.005554536,0.006823335,0.008021849,0.009147054,0.01017187,0.01109237,0.01188203,0.01253774,0.01303443,0.01337092,0.01352664,0.01350309,0.01328423,0.01287549,0.01226545,0.01146798,0.01047973,0.009321745,0.007998499,0.006536697,0.004949181,0.003270746,0.001520282,-0.0002614889,-0.002051021,-0.003804,-0.005495259,-0.007081055,-0.008538861,-0.009829649,-0.01093383,-0.01181807,-0.01246819,-0.01285433,-0.01297092,-0.01279696,-0.01233978,-0.01159709,-0.01058971,-0.009330693,-0.007854765,-0.006183904,-0.004362478,-0.002415398,-0.0003876662,0.001693319,0.003782444,0.005852081,0.007857783,0.009772115,0.0115495,0.01316324,0.01457544,0.01577421,0.01673437,0.01745257,0.01791026,0.0181092,0.01803646,0.0177006,0.01709802,0.01624716,0.01515433,0.01384691,0.01233693,0.01065853,0.008826468,0.006875991,0.004827832,0.002717032,0.0005665048,-0.001586072,-0.003722652,-0.005802168,-0.007808487,-0.009707171,-0.01148332,-0.01311223,-0.01458326,-0.01587372,-0.01698245,-0.01788886,-0.01859792,-0.019094,-0.0193865,-0.01946667,-0.01934996,-0.01904204,-0.01856179,-0.01793458,-0.01716812,-0.01629193,-0.01532255,-0.01426465,-0.01315139,-0.01197549,-0.01076088
-0.01003787,-0.00869323,-0.00731467,-0.005912559,-0.004487365,-0.003050858,-0.00160417,-0.0001611964,0.001275934,0.00268863,0.004075944,0.005419013,0.00671379,0.007939542,0.009088457,0.01013897,0.01108316,0.01189981,0.01258188,0.01310956,0.01347871,0.01367191,0.01368964,0.01351698,0.01315833,0.01260529,0.01186913,0.01094983,0.009865834,0.008621824,0.007244044,0.00574444,0.004156333,0.002498121,0.0008079191,-0.000891172,-0.002557409,-0.00416588,-0.005675924,-0.007065557,-0.008296792,-0.009352993,-0.01019999,-0.01082591,-0.01120314,-0.01132416,-0.01117201,-0.01075346,-0.01006493,-0.009130696,-0.007959319,-0.006585591,-0.005029865,-0.003331737,-0.001515876,0.000374474,0.002313135,0.004255079,0.00617551,0.008031284,0.009798541,0.01143342,0.01291201,0.01419639,0.01527443,0.01612166,0.01673553,0.01709811,0.0172129,0.01706736,0.01667134,0.01601973,0.01513197,0.01401161,0.01268531,0.01116478,0.009480665,0.007649124,0.005705244,0.003664942,0.001568235,-0.0005682997,-0.002706357,-0.00482521,-0.006890527,-0.008881745,-0.01076495,-0.01252955,-0.01414378,-0.01560245,-0.01688096,-0.01797539,-0.0188696,-0.01956369,-0.02004641,-0.02032385,-0.02039102,-0.02026266,-0.01993725,-0.01944602,-0.01878585,-0.01800575,-0.0170944,-0.01608819,-0.0149965,-0.01383511,-0.01261518,-0.01134829
-0.01062093,-0.009228459,-0.007799575,-0.006352661,-0.004881682,-0.003404618,-0.001917286,-0.0004389961,0.001032053,0.00247783,0.003897087,0.005270099,0.006594573,0.007846945,0.009023579,0.01009924,0.01107055,0.01191321,0.0126247,0.01318223,0.0135855,0.01381581,0.0138747,0.01374715,0.01343876,0.01294016,0.01226564,0.01141266,0.01040073,0.009233747,0.007936831,0.006521966,0.00502098,0.003450579,0.001847871,0.0002340262,-0.001350304,-0.002882583,-0.004323016,-0.005651412,-0.00683179,-0.007846356,-0.008664616,-0.009274037,-0.00964773,-0.009781381,-0.009656332,-0.009280506,-0.008652391,-0.007791707,-0.006710256,-0.005439051,-0.003996158,-0.002420146,-0.0007324794,0.001025111,0.002826591,0.004629624,0.006409172,0.008125248,0.009754528,0.01125733,0.01261044,0.01377773,0.0147466,0.01549319,0.01601475,0.01629473,0.01633608,0.01612821,0.01568036,0.01498922,0.01407111,0.01293067,0.0115919,0.01006473,0.008380502,0.006553344,0.004616794,0.002590051,0.0005056175,-0.00161522,-0.003737245,-0.005842922,-0.007893506,-0.00987328,-0.01174842,-0.01350344,-0.01511333,-0.01656657,-0.01784038,-0.01893185,-0.01982034,-0.02050978,-0.02098548,-0.02125723,-0.02131707,-0.02118008,-0.02084925,-0.02034062,-0.01967535,-0.01886214,-0.01793044,-0.01689544,-0.01576331,-0.01456458,-0.0132962,-0.01198353
-0.01123185,-0.009786648,-0.0083096,-0.006812509,-0.005297212,-0.003775522,-0.002248878,-0.000730583,0.0007773709,0.002257907,0.003709973,0.005115371,0.006469458,0.007751903,0.008955032,0.01005865,0.0110557,0.01192672,0.01266556,0.01325452,0.01369037,0.01395739,0.01405595,0.01397231,0.01371136,0.01326674,0.01265,0.01186143,0.01091778,0.009823483,0.008603268,0.007268229,0.005848612,0.0043607,0.002839107,0.001304719,-0.0002043618,-0.001666007,-0.003043598,-0.004317376,-0.005452401,-0.006433243,-0.007228378,-0.007827252,-0.008204825,-0.008354808,-0.008262164,-0.007933532,-0.007365894,-0.006581641,-0.005588221,-0.004416922,-0.003084558,-0.001625674,-6.157535e-05,0.001568639,0.003241052,0.004913768,0.006563533,0.008150567,0.00965392,0.01103503,0.01227371,0.01333493,0.01420629,0.01486416,0.01530585,0.01551454,0.01549386,0.01523339,0.01474364,0.01402018,0.01308011,0.01192523,0.01057891,0.009050835,0.007369283,0.005549777,0.00362522,0.001610557,-0.0004573363,-0.002563251,-0.00467108,-0.006761389,-0.008801733,-0.01077246,-0.01264112,-0.01439562,-0.01600427,-0.01746008,-0.01873762,-0.01983135,-0.02072422,-0.02141505,-0.02189318,-0.02216415,-0.02222411,-0.02208618,-0.02174872,-0.02123854,-0.02055162,-0.01973351,-0.01877493,-0.01771222,-0.01655302,-0.01531307,-0.01400462,-0.01264196
-0.01184603,-0.01035315,-0.008824962,-0.00728086,-0.005717224,-0.004151782,-0.002581322,-0.001024328,0.000520929,0.002037467,0.003524012,0.004961587,0.006346938,0.007657445,0.008889077,0.01001846,0.01104259,0.01193919,0.0127064,0.01332376,0.01379167,0.01409291,0.01422898,0.01418619,0.01397086,0.0135757,0.0130147,0.01228529,0.01140539,0.01037876,0.009229274,0.007967842,0.006623288,0.00521043,0.003763229,0.002300998,0.0008609781,-0.0005370818,-0.001857447,-0.00308228,-0.004178409,-0.005129495,-0.005907455,-0.006500977,-0.006885471,-0.007057157,-0.006998812,-0.006717959,-0.006212925,-0.005501744,-0.004594713,-0.003519479,-0.00229135,-0.0009444226,0.000503112,0.002014098,0.003565713,0.005118938,0.006649955,0.008120875,0.009510049,0.01078192,0.01191718,0.01288361,0.01366896,0.01424981,0.01462265,0.01477131,0.01469864,0.0143958,0.01387245,0.01312557,0.01216927,0.01100632,0.009657591,0.008131623,0.006457497,0.004648608,0.002736497,0.0007387379,-0.001314565,-0.003403689,-0.005495892,-0.007574365,-0.009603081,-0.01156743,-0.01343485,-0.01518923,-0.01680442,-0.01826684,-0.01955279,-0.02065697,-0.02155821,-0.02225878,-0.022744,-0.02302287,-0.02308726,-0.02295168,-0.02261752,-0.02209976,-0.02141586,-0.02057461,-0.01960476,-0.01852073,-0.01733032,-0.01606028,-0.01471019,-0.0133058
-0.01244363,-0.01090196,-0.009327702,-0.007734739,-0.006126816,-0.004516353,-0.0029056,-0.001307809,0.0002749277,0.001826783,0.003346496,0.004816324,0.006230905,0.007570358,0.008827211,0.009982588,0.01103015,0.01195214,0.01274343,0.01338839,0.01388443,0.01421717,0.01438695,0.01438167,0.01420714,0.01385864,0.01334713,0.01267257,0.01185024,0.01088486,0.009799763,0.008604916,0.007327668,0.005982736,0.004602049,0.00320515,0.001826955,0.0004868351,-0.0007825977,-0.001963774,-0.00302472,-0.003951331,-0.00471491,-0.005306044,-0.005701385,-0.005894754,-0.005871892,-0.005638616,-0.005192125,-0.004552681,-0.003726384,-0.002741254,-0.001611627,-0.0003681502,0.0009711303,0.002371966,0.003813623,0.005257817,0.006682395,0.008049146,0.009337449,0.01051186,0.01155574,0.01243857,0.01314889,0.01366338,0.01397791,0.01407597,0.01396113,0.01362457,0.0130765,0.0123125,0.01134722,0.01018082,0.008833921,0.007315049,0.005650596,0.003855202,0.00195938,-2.280025e-05,-0.002057294,-0.004130066,-0.006207234,-0.008270963,-0.0102911,-0.01224948,-0.01411551,-0.01587552,-0.01749714,-0.0189706,-0.02026921,-0.02138567,-0.02230193,-0.02301536,-0.02351492,-0.0238045,-0.02388011,-0.02375274,-0.02342123,-0.02290958,-0.02221403,-0.02137629,-0.0203884,-0.01928651,-0.01807698,-0.0167751,-0.01539285,-0.01394582
-0.01299707,-0.01141462,-0.009795205,-0.008159617,-0.006507021,-0.00485551,-0.003203514,-0.001569191,4.884119e-05,0.001634477,0.003186223,0.004685577,0.006128173,0.007492226,0.008773342,0.009949947,0.01101939,0.01196152,0.0127752,0.01344223,0.01396338,0.01432267,0.01452177,0.01454884,0.01441106,0.01410255,0.01363616,0.01300904,0.01223798,0.01132716,0.01029908,0.009163313,0.007946052,0.006660947,0.005339839,0.004001122,0.002678968,0.001390366,0.0001672136,-0.0009746958,-0.002004816,-0.002908622,-0.003660891,-0.004251381,-0.004656885,-0.00487291,-0.00488268,-0.00469316,-0.00430271,-0.003727787,-0.002977142,-0.002075316,-0.001035404,0.0001126049,0.001353795,0.00265548,0.00399776,0.005344837,0.006674201,0.007949262,0.009148313,0.01023806,0.01120207,0.01201242,0.01265813,0.01311606,0.01338113,0.01343761,0.01328869,0.01292674,0.01236058,0.01158664,0.01061686,0.009452448,0.008111889,0.006602924,0.004952469,0.003172985,0.001294091,-0.0006678884,-0.002684794,-0.00473826,-0.006798146,-0.008848811,-0.01085737,-0.01281051,-0.01467696,-0.0164398,-0.01807123,-0.01955519,-0.02086702,-0.02199939,-0.02293091,-0.02366207,-0.02417746,-0.02448411,-0.02457275,-0.02445666,-0.02413595,-0.02362558,-0.02294051,-0.02208975,-0.02110058,-0.01998621,-0.01875595,-0.01743344,-0.01601995,-0.01454029
-0.0134846,-0.01186434,-0.01020827,-0.008532347,-0.006842464,-0.005152291,-0.003465728,-0.001796264,-0.0001463312,0.00146939,0.003049033,0.004574949,0.006040803,0.007427006,0.008726344,0.009921282,0.01100631,0.01196552,0.01279486,0.01348058,0.01402048,0.01440139,0.01462393,0.01467805,0.01457033,0.01429692,0.01386753,0.01328192,0.01255462,0.01169106,0.01071286,0.009628703,0.008463632,0.007231648,0.005963142,0.004677035,0.003405019,0.002163658,0.0009819861,-0.0001240003,-0.001125022,-0.002008778,-0.002749772,-0.003339356,-0.003754909,-0.003989265,-0.004028501,-0.003878092,-0.003535992,-0.003020647,-0.002337092,-0.001510437,-0.0005524335,0.0005106188,0.001663998,0.002877479,0.00413234,0.005393227,0.006638987,0.007832908,0.008954487,0.009970599,0.01086649,0.01161496,0.01220558,0.01261551,0.01283933,0.01286157,0.01268618,0.01230523,0.01172748,0.01094799,0.009979309,0.008820593,0.007490303,0.005995831,0.004361392,0.002600705,0.0007423608,-0.00119984,-0.003194188,-0.005227651,-0.007268919,-0.009302285,-0.0113001,-0.01324549,-0.01510925,-0.01687596,-0.01851254,-0.02000668,-0.02133091,-0.02247689,-0.02342602,-0.02417412,-0.02470903,-0.02503211,-0.02513856,-0.02503693,-0.02472671,-0.02422944,-0.02354249,-0.02270409,-0.02170707,-0.02058633,-0.01934641,-0.01800358,-0.01656914,-0.01505901
-0.01388037,-0.01223314,-0.01054527,-0.008838593,-0.00711517,-0.005394091,-0.003676269,-0.001979512,-0.000303024,0.001337953,0.002941036,0.004487665,0.005972117,0.007373286,0.008686611,0.009892457,0.01098867,0.01195734,0.01279815,0.01349488,0.01404846,0.01444412,0.01468408,0.01475853,0.01467519,0.01442872,0.01403056,0.01347807,0.01278778,0.01196443,0.01102878,0.009989101,0.008869757,0.007684204,0.006463261,0.005224629,0.003998923,0.002800331,0.001657612,0.0005853297,-0.0003884292,-0.001251531,-0.001981619,-0.002568814,-0.002990227,-0.003239919,-0.00330199,-0.003183818,-0.00288439,-0.002419013,-0.0017954,-0.001035298,-0.0001490147,0.0008383552,0.001915049,0.003051605,0.004229644,0.005415627,0.006587772,0.007710989,0.008764626,0.009717998,0.01055589,0.0112523,0.01179654,0.01216611,0.0123555,0.01235047,0.01215453,0.01176032,0.01117519,0.01039507,0.009430449,0.008281914,0.006965768,0.005488418,0.003874103,0.002134588,0.0002982564,-0.00161907,-0.003590707,-0.00559966,-0.007618879,-0.009634309,-0.01161614,-0.01355162,-0.01541012,-0.01717382,-0.01881391,-0.02031272,-0.02164565,-0.02280415,-0.02376714,-0.02453302,-0.02508502,-0.02542758,-0.02555021,-0.02546495,-0.02517098,-0.02468294,-0.02401384,-0.0231731,-0.02218593,-0.02106338,-0.01981494,-0.01846313,-0.01701074,-0.0154814
-0.01416671,-0.0124988,-0.01079048,-0.009059215,-0.00731307,-0.005567532,-0.003828584,-0.002109721,-0.00041378,0.001245449,0.002864655,0.004425631,0.005920884,0.007331181,0.008649892,0.009860982,0.01095993,0.01193275,0.01277654,0.0134791,0.01403844,0.01444264,0.01469296,0.01478139,0.01471476,0.0144893,0.01411368,0.01358825,0.01292762,0.01213778,0.01123824,0.01023679,0.009157117,0.008013526,0.006835684,0.005641389,0.004458348,0.003300488,0.002194301,0.001154992,0.0002089718,-0.000633811,-0.001350582,-0.001932389,-0.002356231,-0.002613924,-0.002693152,-0.002600224,-0.002334294,-0.001912395,-0.001339046,-0.000636442,0.0001870087,0.001109765,0.002119863,0.003189754,0.004301601,0.005422035,0.006530128,0.007591067,0.008586124,0.009485275,0.0102744,0.01092714,0.01143244,0.01176829,0.01192961,0.01190283,0.01169168,0.01128822,0.01069978,0.009921538,0.008965008,0.007829318,0.006530645,0.00507441,0.003482255,0.001767309,-4.300232e-05,-0.001934462,-0.003877373,-0.005859868,-0.007853717,-0.009845415,-0.01180928,-0.01372881,-0.01557548,-0.01733244,-0.01896706,-0.02046595,-0.02180225,-0.02296734,-0.02394244,-0.02472142,-0.02529039,-0.02564812,-0.02578921,-0.02572035,-0.02544197,-0.0249726,-0.024311,-0.02349156,-0.02250759,-0.02139143,-0.02014498,-0.01878643,-0.01732674,-0.01578269
-0.01432603,-0.01264977,-0.01092863,-0.009184944,-0.007423609,-0.005664967,-0.003912186,-0.002182346,-0.0004752273,0.001194174,0.002821699,0.004388065,0.005886231,0.007296112,0.008613384,0.009820474,0.01091583,0.01188388,0.01272504,0.01342475,0.01398388,0.01438901,0.01464315,0.01473841,0.01468228,0.0144696,0.01411091,0.01360483,0.01296823,0.01220597,0.01133678,0.01036838,0.009324308,0.008218776,0.007081765,0.005929084,0.004787077,0.00366778,0.002598076,0.001591778,0.0006739069,-0.0001461092,-0.0008477266,-0.001420124,-0.001839837,-0.002100418,-0.00218871,-0.002113473,-0.001874516,-0.001486352,-0.0009558919,-0.0003016966,0.0004693048,0.001336563,0.002290309,0.003303097,0.004357357,0.005420982,0.006472499,0.007479148,0.00842277,0.009275632,0.0100229,0.01063877,0.01111139,0.01141926,0.0115578,0.0115144,0.0112919,0.01088275,0.01029337,0.009520205,0.008573538,0.007454086,0.006175737,0.004742907,0.003177024,0.001489455,-0.0002921252,-0.002151931,-0.004064614,-0.006014875,-0.007978874,-0.009943774,-0.01188197,-0.0137803,-0.01560852,-0.01734861,-0.01897226,-0.0204621,-0.02179495,-0.02296179,-0.02394192,-0.02473117,-0.02531119,-0.0256841,-0.02583894,-0.02578717,-0.02552728,-0.02507319,-0.02443584,-0.02362443,-0.02266133,-0.02155465,-0.02031361,-0.01895949,-0.01749726,-0.01595031
-0.01435082,-0.01267415,-0.01095286,-0.009205597,-0.007442418,-0.0056803,-0.003926393,-0.002193662,-0.0004854318,0.001184379,0.002810149,0.004372722,0.005863785,0.007265086,0.008570919,0.009766798,0.0108493,0.01180633,0.01263601,0.01332719,0.01387794,0.01427777,0.01452878,0.01462463,0.01457172,0.01436637,0.01401709,0.01352583,0.01290753,0.01216806,0.01132486,0.01038576,0.009374072,0.008305023,0.007206902,0.006094769,0.00499211,0.003911444,0.00287795,0.001905946,0.001018091,0.0002222168,-0.0004601035,-0.00101823,-0.001428559,-0.001683893,-0.001775414,-0.001710777,-0.001490296,-0.001129743,-0.0006329549,-1.853056e-05,0.0007085716,0.001530393,0.002436186,0.0034001,0.004404707,0.005418028,0.006419649,0.007377969,0.008276817,0.009088841,0.009799941,0.01038386,0.01082852,0.01111318,0.01123363,0.01117746,0.01094712,0.0105347,0.009946973,0.009180374,0.008246485,0.00714486,0.005889334,0.004483293,0.002945963,0.00128993,-0.0004583425,-0.002284162,-0.004159965,-0.00607518,-0.008004322,-0.009935199,-0.01184309,-0.01371133,-0.01551219,-0.01722855,-0.01882998,-0.02030382,-0.02162513,-0.02278547,-0.0237657,-0.02455751,-0.02514546,-0.02552658,-0.02569572,-0.02565839,-0.02541599,-0.02498389,-0.02436187,-0.02357958,-0.02263,-0.02154194,-0.02031503,-0.01896899,-0.0175149,-0.01597118
-0.01423634,-0.01257153,-0.01085897,-0.009121429,-0.007366229,-0.005613944,-0.003868538,-0.002145805,-0.0004465183,0.001213389,0.002827311,0.00437526,0.005849594,0.00723193,0.008518416,0.009693544,0.01075644,0.01169377,0.01250631,0.01318061,0.01371739,0.01410487,0.01434693,0.01443705,0.01438205,0.0141773,0.01383358,0.01335157,0.01274819,0.01202771,0.01120726,0.010295,0.009314444,0.008280559,0.007221012,0.006148226,0.005084865,0.00404246,0.003046822,0.002110293,0.001254021,0.0004857217,-0.0001740445,-0.0007124336,-0.001106296,-0.00135139,-0.001438709,-0.00137831,-0.001170574,-0.0008291332,-0.0003595052,0.0002234929,0.000915775,0.001699591,0.002565556,0.00348753,0.004448326,0.005417044,0.006373576,0.007288883,0.008147331,0.008923179,0.009601524,0.01015692,0.01057709,0.01084211,0.01094801,0.01088245,0.01064679,0.01023355,0.009649142,0.008891529,0.007971518,0.006890178,0.00565943,0.0042823,0.002777728,0.001156525,-0.0005546372,-0.002340388,-0.004176955,-0.006050573,-0.007939645,-0.009831436,-0.01169973,-0.01353085,-0.01529567,-0.01697729,-0.01854959,-0.01999709,-0.02129895,-0.02244576,-0.02341701,-0.02420605,-0.0247939,-0.02518151,-0.02535835,-0.02533565,-0.02511122,-0.02469809,-0.02410467,-0.02333902,-0.02241945,-0.02135085,-0.02014252,-0.01881457,-0.01737437,-0.01584533
-0.0139879,-0.01234322,-0.01065199,-0.008934073,-0.007200719,-0.005468837,-0.00374501,-0.002041362,-0.0003624117,0.001276591,0.002867475,0.00439066,0.00583794,0.007192656,0.008450101,0.009597349,0.01063213,0.01154398,0.01233141,0.01298384,0.01349948,0.01386955,0.01409695,0.01417642,0.01411375,0.01390603,0.01356281,0.01308795,0.01249604,0.01179221,0.01099264,0.0101061,0.009155916,0.008157492,0.007135772,0.006102277,0.005077788,0.004075033,0.003117999,0.002218912,0.001396448,0.0006580656,2.591253e-05,-0.0004873414,-0.0008596667,-0.00108764,-0.001166391,-0.001104379,-0.0009026165,-0.0005752571,-0.0001247697,0.0004339945,0.001098331,0.001851861,0.002683763,0.003569342,0.004491222,0.005419148,0.006334728,0.007210487,0.008032195,0.008774186,0.009422223,0.009950974,0.01034874,0.01059667,0.01069062,0.01061793,0.01037939,0.009967268,0.009388428,0.008641186,0.007737435,0.006677399,0.005473563,0.004128375,0.002659085,0.001077362,-0.0005919719,-0.002334549,-0.004125143,-0.005953834,-0.007796629,-0.009641549,-0.01146437,-0.01324869,-0.01496859,-0.01660818,-0.01814055,-0.0195549,-0.02082856,-0.02195306,-0.02290878,-0.02368608,-0.0242694,-0.02465554,-0.02484012,-0.02482776,-0.02462045,-0.02423039,-0.02365773,-0.02292636,-0.02202815,-0.02098807,-0.01980452,-0.01849866,-0.01708194,-0.01557411
-0.01361418,-0.01200073,-0.0103397,-0.0086541,-0.006952384,-0.005253515,-0.003560715,-0.001888622,-0.0002399818,0.001367504,0.002925096,0.004413023,0.005824019,0.007141754,0.008362867,0.009473976,0.01047486,0.01135392,0.01211156,0.01273515,0.01322549,0.01357271,0.01378131,0.01384558,0.01377183,0.01355693,0.01321279,0.01274198,0.01216043,0.0114716,0.01069206,0.009830969,0.008911666,0.007948452,0.006964775,0.005970016,0.004985269,0.004022686,0.003106338,0.002245876,0.001459243,0.0007546452,0.0001539638,-0.0003288053,-0.0006739517,-0.0008814561,-0.0009459632,-0.0008778834,-0.0006776045,-0.0003574137,7.909776e-05,0.0006203411,0.0012634,0.001991451,0.002794618,0.003647687,0.004533752,0.005424052,0.006301291,0.007140245,0.007926831,0.008636649,0.009255025,0.009758051,0.01013459,0.01036672,0.0104502,0.0103722,0.01013252,0.00972376,0.009152433,0.008418046,0.007531759,0.006495365,0.005320203,0.004009205,0.002579331,0.00104043,-0.0005828698,-0.002276527,-0.004018337,-0.005795198,-0.007586405,-0.009378626,-0.01114699,-0.01287801,-0.0145449,-0.01613317,-0.01761982,-0.0189918,-0.02023025,-0.02132508,-0.02225623,-0.02301602,-0.0235868,-0.02396962,-0.02415491,-0.02415338,-0.02396191,-0.0235924,-0.02305002,-0.0223408,-0.02147835,-0.02046504,-0.01931096,-0.01803521,-0.01664749,-0.01517066
-0.0131317,-0.01155709,-0.009937517,-0.008293305,-0.006635159,-0.004978194,-0.003327455,-0.001694926,-8.724334e-05,0.001478672,0.002992966,0.004436805,0.005802853,0.007076191,0.008253125,0.00932238,0.01028269,0.0111245,0.0118461,0.01243736,0.01289709,0.01321829,0.01340423,0.01345031,0.01336221,0.01313885,0.01279126,0.01232447,0.01175167,0.01107755,0.01031799,0.009482833,0.008594693,0.007667257,0.006720996,0.005765387,0.004820665,0.003900031,0.003025078,0.00220519,0.0014567,0.0007888144,0.0002246074,-0.0002234029,-0.0005380559,-0.0007204083,-0.0007682019,-0.0006896514,-0.0004858765,-0.0001690353,0.0002598336,0.0007885376,0.001414708,0.002122052,0.00289924,0.00372252,0.004574958,0.005429326,0.006270155,0.007073445,0.007825934,0.008503488,0.009092437,0.009569702,0.009925233,0.01014214,0.01021585,0.01013348,0.009894404,0.009490997,0.008929798,0.008210302,0.007344251,0.006332987,0.005189014,0.003915154,0.002527271,0.001035702,-0.0005373972,-0.002178826,-0.003865456,-0.005587072,-0.007320262,-0.009052919,-0.01076165,-0.01243125,-0.01403864,-0.01557017,-0.01700286,-0.01832758,-0.01952321,-0.02058102,-0.02148169,-0.02221617,-0.02277072,-0.02314307,-0.02332962,-0.02333394,-0.02315805,-0.02281073,-0.02229168,-0.02161837,-0.02078172,-0.01980354,-0.01868234,-0.01744033,-0.01608908,-0.01464892
-0.01255884,-0.01103213,-0.009461558,-0.007868879,-0.006261775,-0.004656333,-0.003054916,-0.001472136,8.661336e-05,0.001602187,0.003064966,0.004456519,0.005770444,0.006992441,0.008119773,0.009141221,0.01005686,0.0108561,0.01153852,0.01209252,0.0125194,0.01281107,0.01297207,0.01299738,0.01289359,0.01265995,0.01230939,0.0118452,0.01128161,0.01062202,0.009883044,0.009074464,0.00821826,0.007326188,0.006417558,0.005501005,0.004597625,0.003719574,0.002887863,0.002109604,0.001401749,0.0007744581,0.0002500436,-0.0001595305,-0.0004404555,-0.0005961989,-0.0006233311,-0.0005315827,-0.0003209862,-2.371882e-06,0.0004221694,0.0009427026,0.001555669,0.002244206,0.00299782,0.003792355,0.004612065,0.005431582,0.006236587,0.007004633,0.007722553,0.008367577,0.008926223,0.009377341,0.009711669,0.009913164,0.009977291,0.009891306,0.009654084,0.009258247,0.008709679,0.008008197,0.007164604,0.006181662,0.005071176,0.003837072,0.002495,0.001053612,-0.0004653464,-0.00204962,-0.003678231,-0.005338108,-0.007008939,-0.008676996,-0.01031928,-0.01192334,-0.01346562,-0.01493449,-0.01630994,-0.01758061,-0.01872876,-0.01974381,-0.02060735,-0.02131263,-0.02184498,-0.02220622,-0.02238767,-0.02239917,-0.02223626,-0.02190918,-0.02141927,-0.02077021,-0.01997138,-0.01902423,-0.01794045,-0.01673773,-0.01542738,-0.01403112
-0.01191794,-0.01044525,-0.008932184,-0.007397491,-0.005849565,-0.004301287,-0.002756861,-0.001229402,0.0002722119,0.00173016,0.003134322,0.004467518,0.005723461,0.006889006,0.007961624,0.008931614,0.009798204,0.01055207,0.01119118,0.01170626,0.01209697,0.01235768,0.01249158,0.01249491,0.01237424,0.01213077,0.01177635,0.01131588,0.01076103,0.01011691,0.009399253,0.008618105,0.007793924,0.006937424,0.006065963,0.005189371,0.004327945,0.003494118,0.002706186,0.001971729,0.001306969,0.0007231625,0.0002421898,-0.0001269089,-0.0003728062,-0.0004992164,-0.0005047175,-0.0003966035,-0.0001760124,0.0001466512,0.0005708778,0.001085417,0.001686741,0.002358212,0.003088192,0.003854356,0.004641409,0.005425951,0.006194987,0.006927022,0.00760963,0.008220813,0.008748469,0.009172666,0.009485255,0.009671146,0.009725688,0.009636593,0.009402617,0.009016387,0.008483345,0.007802773,0.006985377,0.006033425,0.004959842,0.003768591,0.002474814,0.00108751,-0.0003741171,-0.001898187,-0.003463347,-0.00505883,-0.006661898,-0.008260747,-0.009833476,-0.01136681,-0.01284093,-0.01424447,-0.01555768,-0.01677208,-0.01786756,-0.01883565,-0.01965877,-0.02033018,-0.02083888,-0.02118381,-0.0213619,-0.02137553,-0.02122609,-0.02091877,-0.02045205,-0.01983729,-0.01906558,-0.01815701,-0.01711148,-0.01595088,-0.01468625,-0.01333815
-0.01123065,-0.009818215,-0.008367554,-0.006897036,-0.005412294,-0.003927048,-0.002444057,-0.0009789355,0.0004606882,0.001855317,0.003195778,0.004465518,0.005659074,0.006764244,0.007779088,0.008694258,0.009509548,0.01021488,0.01080924,0.01128252,0.01163645,0.01186423,0.01197025,0.01195072,0.0118134,0.01155987,0.01120296,0.01074573,0.01020105,0.009572926,0.008877628,0.008124463,0.007332625,0.006511175,0.005677504,0.004841328,0.004023336,0.003234328,0.00249203,0.001802693,0.001183789,0.0006464506,0.0002105352,-0.0001165919,-0.0003263009,-0.000423246,-0.0004045321,-0.0002789391,-4.644204e-05,0.0002830665,0.0007078361,0.001217915,0.001808176,0.002461756,0.003168011,0.00390469,0.00465831,0.00540711,0.00613902,0.006833807,0.007479558,0.008055889,0.008551392,0.008948118,0.009238629,0.009408662,0.009453903,0.009362474,0.009133083,0.00875865,0.00824388,0.00758777,0.006799832,0.005883063,0.00484947,0.003704199,0.002462156,0.001131122,-0.000269839,-0.001730031,-0.003229573,-0.004755598,-0.006288527,-0.007814966,-0.009314334,-0.01077573,-0.01217897,-0.01351468,-0.01476495,-0.01591919,-0.01696052,-0.01787886,-0.01865872,-0.01929533,-0.01977737,-0.02010714,-0.02027679,-0.02029495,-0.02015551,-0.01986673,-0.01942582,-0.0188348,-0.01810018,-0.01722441,-0.0162214,-0.01510589,-0.01389004,-0.01259471
-0.01051851,-0.009170078,-0.007786538,-0.00638321,-0.004965759,-0.003545979,-0.002128744,-0.0007287696,0.000643689,0.00197105,0.003243952,0.004447155,0.005575465,0.006617681,0.007572426,0.008431123,0.009192919,0.009848548,0.01039609,0.01082737,0.01114273,0.01133743,0.01141477,0.01137262,0.01121896,0.01095669,0.01059727,0.01014501,0.009610731,0.009000092,0.008327903,0.007603288,0.00684362,0.006057639,0.005261998,0.00446766,0.003693922,0.002951368,0.00225551,0.00161382,0.001042823,0.0005537328,0.0001643683,-0.0001208137,-0.000294393,-0.0003605782,-0.0003179551,-0.0001731773,7.215321e-05,0.0004086449,0.0008350731,0.001339846,0.001917911,0.002552721,0.003233077,0.003939015,0.004657646,0.00536911,0.006062259,0.006718055,0.007325566,0.007865691,0.008328522,0.008697345,0.00896569,0.009120267,0.00915682,0.009064203,0.00884112,0.008480684,0.007987041,0.007358612,0.006604248,0.005726069,0.004736545,0.003640483,0.002452594,0.001181078,-0.0001571213,-0.001551119,-0.002981304,-0.004436752,-0.005896009,-0.00734819,-0.008773408,-0.01016061,-0.0114929,-0.01276045,-0.01394571,-0.01504025,-0.01602519,-0.01689334,-0.01762975,-0.01823035,-0.01868656,-0.0189982,-0.01916242,-0.01918041,-0.01905239,-0.01878006,-0.01836049,-0.01780034,-0.01709243,-0.01625641,-0.01529427,-0.01422588,-0.01306141,-0.01182187
-0.009800086,-0.008518465,-0.007203704,-0.005869819,-0.004520755,-0.003169178,-0.001819756,-0.0004888764,0.0008145635,0.002071944,0.003275078,0.004409472,0.005470739,0.00644883,0.007342455,0.008143523,0.008851124,0.009455816,0.009956429,0.01034443,0.01062166,0.01078252,0.01083169,0.01076742,0.01059865,0.01032831,0.009968195,0.009521162,0.008999268,0.008406829,0.00775876,0.007063008,0.006335889,0.005585567,0.004829369,0.004077855,0.003350005,0.002654745,0.002007458,0.001414732,0.0008937405,0.0004540283,0.000110902,-0.0001324464,-0.0002701303,-0.0003064319,-0.0002388535,-7.577697e-05,0.0001823133,0.0005257106,0.0009519036,0.001450128,0.00201392,0.002627127,0.003279818,0.003952506,0.004634228,0.005306363,0.005958786,0.006573862,0.007141701,0.007644947,0.008074611,0.008415746,0.008662471,0.008802342,0.008831557,0.008739371,0.008524566,0.008180499,0.007710753,0.007113337,0.006395888,0.005560518,0.004618271,0.003574714,0.002444006,0.001233633,-3.921249e-05,-0.001364915,-0.002724781,-0.004106603,-0.005492076,-0.006868764,-0.008218788,-0.009532864,-0.01079362,-0.01199311,-0.01311468,-0.01414829,-0.01507843,-0.01589639,-0.01658988,-0.01715594,-0.01758585,-0.01788194,-0.01803705,-0.01805825,-0.01793777,-0.01768172,-0.01728382,-0.01674604,-0.01607343,-0.01527058,-0.01435293,-0.01333261,-0.01222187,-0.01104054
-0.0090908,-0.007877189,-0.006632326,-0.005368097,-0.004088523,-0.002805474,-0.001525577,-0.0002644128,0.0009673689,0.002153468,0.003285527,0.00435043,0.005344213,0.00625756,0.007089844,0.00783304,0.008485984,0.009039786,0.009492951,0.00983838,0.01007689,0.01020485,0.01022636,0.01014134,0.00995876,0.009682154,0.0093221,0.008882566,0.008373759,0.007801178,0.00717789,0.006511631,0.005817479,0.005104146,0.004388488,0.003681628,0.003000751,0.002354579,0.00175685,0.001215211,0.0007448653,0.0003545913,5.730167e-05,-0.0001455859,-0.0002483832,-0.000255006,-0.0001644214,1.665182e-05,0.0002857488,0.0006337539,0.001057963,0.001546273,0.00209273,0.002681767,0.003303479,0.003940795,0.004583166,0.005213857,0.005823656,0.006396567,0.006923866,0.007389789,0.007786699,0.008100772,0.008326952,0.008453723,0.008477306,0.008387667,0.008183437,0.007858216,0.007415043,0.00685158,0.006174518,0.005384934,0.004493655,0.003505352,0.002433974,0.001287318,8.084027e-05,-0.001175204,-0.002462933,-0.003771654,-0.005081699,-0.006383424,-0.007659172,-0.008899927,-0.01009104,-0.01122358,-0.01228161,-0.01325682,-0.01413225,-0.01490237,-0.01555475,-0.01608737,-0.01649316,-0.01677244,-0.01692227,-0.01694247,-0.01683189,-0.01658905,-0.01621049,-0.01570014,-0.01505376,-0.01429075,-0.01341441,-0.01244372,-0.01138757,-0.01026644
-0.008402372,-0.007256608,-0.00608092,-0.00488589,-0.003675231,-0.002461571,-0.001251739,-6.202517e-05,0.001098349,0.002212432,0.0032732,0.004268338,0.00519465,0.006043928,0.006815074,0.007500729,0.008099329,0.008602403,0.009008839,0.009311604,0.009512779,0.009608328,0.009603892,0.009499727,0.009305244,0.009023859,0.008666206,0.008235165,0.007741765,0.007189876,0.006592563,0.005956559,0.005296641,0.004621573,0.00394852,0.003287648,0.002655481,0.002059371,0.001513017,0.001022807,0.0006036577,0.0002619632,8.805887e-06,-0.0001548484,-0.0002243216,-0.0002034937,-9.090246e-05,0.00010496,0.0003827761,0.0007325467,0.001150668,0.001625896,0.002151373,0.002712522,0.00330082,0.003899777,0.004500712,0.005087972,0.005653708,0.006183475,0.006669924,0.007098935,0.00746381,0.007752217,0.007959581,0.008075118,0.008095405,0.008010614,0.007819399,0.007515468,0.007101454,0.006574571,0.005940464,0.00519979,0.004361737,0.003431308,0.002421459,0.00133948,0.0002011528,-0.0009846266,-0.002200368,-0.003434757,-0.00467103,-0.005897966,-0.007100294,-0.008270077,-0.009392177,-0.01045948,-0.01145645,-0.01237387,-0.01319803,-0.01392175,-0.01453537,-0.01503697,-0.0154196,-0.0156852,-0.01582704,-0.01585023,-0.01574549,-0.01551704,-0.01515674,-0.01466799,-0.01405542,-0.01332574,-0.0124947,-0.0115732,-0.01057327,-0.009512729
-0.007742348,-0.006663854,-0.005556231,-0.004429348,-0.003287162,-0.002142256,-0.001002609,0.0001162413,0.001204106,0.002246463,0.003236185,0.004162356,0.005022176,0.005807799,0.0065188,0.00714744,0.007692411,0.008145534,0.008505872,0.008767464,0.008931942,0.008997204,0.00896854,0.008847525,0.008643314,0.00835955,0.008005943,0.007586105,0.007109189,0.006579923,0.006009631,0.005405305,0.004781144,0.004146502,0.003517641,0.002904664,0.002322279,0.00177767,0.001282972,0.0008448859,0.0004756883,0.0001811003,-2.971952e-05,-0.0001566571,-0.0001950368,-0.000148892,-1.816086e-05,0.000190077,0.0004724431,0.0008198253,0.001228214,0.001685731,0.002186505,0.002716729,0.00326826,0.0038269,0.004384277,0.004926783,0.005447561,0.005934061,0.006380056,0.006773082,0.007107517,0.007372031,0.007562683,0.007669436,0.007688718,0.007611278,0.007435444,0.007155163,0.006772473,0.006284375,0.005695431,0.005005395,0.004222927,0.00335187,0.002404874,0.001389197,0.0003190075,-0.000795937,-0.001939389,-0.003101052,-0.00426319,-0.005417373,-0.006548044,-0.007647815,-0.008703762,-0.009707573,-0.01064492,-0.01150798,-0.01228195,-0.01296274,-0.01353983,-0.01401239,-0.01437423,-0.01462574,-0.01476348,-0.0147857,-0.01468988,-0.01447237,-0.01413038,-0.01366686,-0.01308086,-0.01239112,-0.01160172,-0.01073102,-0.009786805,-0.008787798
-0.007115585,-0.006102398,-0.005061231,-0.004000988,-0.002926375,-0.001850229,-0.000780712,0.0002667808,0.001283428,0.002254346,0.00317388,0.004031863,0.004826085,0.005549633,0.00620123,0.006774105,0.007266361,0.007670725,0.007986355,0.008207924,0.008338138,0.008374915,0.008324799,0.008189478,0.007978164,0.007694433,0.007347727,0.006940695,0.006482859,0.005977436,0.005436033,0.004865087,0.004278847,0.003686511,0.003103965,0.002540064,0.002008728,0.001515916,0.001073356,0.0006860429,0.0003656464,0.0001156943,-5.558673e-05,-0.0001482733,-0.0001587701,-9.114072e-05,5.471139e-05,0.0002702209,0.0005532917,0.0008937677,0.001287475,0.001723608,0.00219587,0.002691812,0.003204585,0.00372061,0.004233385,0.004730367,0.005206258,0.00564997,0.006056707,0.006415379,0.006721248,0.006964173,0.00714053,0.007240796,0.007261589,0.007193684,0.007035416,0.00678071,0.006431237,0.005983423,0.005440986,0.004803104,0.004076962,0.003266586,0.002383338,0.001434005,0.0004329072,-0.0006117224,-0.001683638,-0.002772484,-0.003863042,-0.00494527,-0.00600614,-0.00703868,-0.008029573,-0.008972366,-0.009852805,-0.01066275,-0.01139037,-0.01202968,-0.01257294,-0.01301865,-0.01336104,-0.01360122,-0.01373249,-0.01375776,-0.01366674,-0.01346263,-0.0131371,-0.01269574,-0.01214306,-0.0114874,-0.01074405,-0.009922979,-0.009035661,-0.008096921
-0.006523268,-0.005574251,-0.004597745,-0.003603179,-0.002595306,-0.001587159,-0.0005871694,0.0003899071,0.001334941,0.002235481,0.00308581,0.003877069,0.00460726,0.00526955,0.005863414,0.006381499,0.006822642,0.00717964,0.007452363,0.007636308,0.007734258,0.007745749,0.007676952,0.007530438,0.007315071,0.007034338,0.006696883,0.006305597,0.005868329,0.005389178,0.004878423,0.004343098,0.003796905,0.003249073,0.002714165,0.002200611,0.001720593,0.001279723,0.0008880395,0.0005503712,0.0002758344,6.78201e-05,-6.702251e-05,-0.0001292946,-0.0001155578,-3.037289e-05,0.0001253421,0.0003443737,0.0006227546,0.0009517135,0.001326753,0.001737143,0.002177841,0.002637194,0.003108935,0.003581624,0.004049078,0.004500872,0.004932584,0.005334984,0.00570416,0.006030588,0.006310294,0.006533998,0.006698449,0.006794653,0.006818943,0.00676261,0.006623575,0.006395998,0.006080828,0.005674322,0.005179047,0.004593567,0.003924508,0.003174782,0.002355457,0.001472964,0.0005400316,-0.0004342317,-0.001435234,-0.002453227,-0.003472387,-0.004485316,-0.005478254,-0.006444967,-0.007373903,-0.008257358,-0.009082676,-0.009842778,-0.01052496,-0.01112614,-0.01163721,-0.01205795,-0.01238259,-0.01261111,-0.01273917,-0.01276355,-0.01268087,-0.01248663,-0.01217976,-0.01176298,-0.01123835,-0.01062324,-0.009922097,-0.009152384,-0.008320461,-0.007442228
-0.005965745,-0.005078471,-0.004165361,-0.00323501,-0.002293385,-0.001353035,-0.0004225248,0.000484217,0.001359308,0.002190195,0.002972649,0.003698384,0.004365805,0.004968875,0.005506086,0.005971376,0.006362886,0.006674758,0.006906791,0.007055606,0.00712473,0.007113865,0.007029994,0.006875639,0.00665943,0.006384758,0.006059587,0.005686043,0.005272183,0.004821029,0.004343389,0.003845847,0.003341868,0.002840048,0.002354081,0.001891073,0.001462299,0.001072172,0.0007299998,0.0004389362,0.0002076765,3.779412e-05,-6.449858e-05,-0.0001001245,-6.679512e-05,3.107515e-05,0.0001925227,0.00040932,0.0006789928,0.0009918601,0.001344004,0.001725855,0.002132257,0.002553076,0.002983186,0.003411833,0.003834661,0.004242171,0.004631424,0.004994355,0.005328353,0.005624936,0.005880906,0.006087853,0.006242665,0.006336669,0.006366318,0.006322871,0.0062043,0.00600462,0.005724398,0.005359225,0.004911049,0.004377862,0.003765157,0.003076035,0.002320188,0.001503646,0.0006390748,-0.0002661158,-0.001197134,-0.002144721,-0.003095209,-0.004039634,-0.004966778,-0.005870258,-0.006738249,-0.007564881,-0.008337323,-0.009048637,-0.009688702,-0.01025249,-0.01073369,-0.0111308,-0.01143873,-0.01165739,-0.01177982,-0.01180701,-0.0117286,-0.01154773,-0.01125704,-0.01086415,-0.01037334,-0.009793695,-0.009139283,-0.008419139,-0.007643457,-0.006823456
-0.005440807,-0.004614574,-0.003763347,-0.002896923,-0.002020808,-0.001147726,-0.000285809,0.0005515263,0.001356643,0.002119331,0.002835245,0.00349724,0.004103767,0.004648758,0.005131601,0.005545598,0.005890013,0.006158939,0.006353331,0.006470315,0.006513773,0.006484521,0.006389104,0.006230557,0.006017052,0.005751521,0.005441258,0.00508837,0.004699713,0.004279268,0.003836734,0.003379124,0.00291898,0.002464378,0.002027516,0.001614866,0.001236068,0.0008950178,0.0005994388,0.0003522592,0.000160032,2.456263e-05,-4.944374e-05,-6.32861e-05,-1.483974e-05,9.098499e-05,0.000252757,0.0004635982,0.0007195296,0.001012732,0.001339045,0.00168947,0.002060149,0.002441685,0.002829667,0.003215293,0.003594475,0.00395968,0.004308552,0.004634649,0.004935926,0.0052053,0.005440022,0.005632387,0.005779433,0.005872897,0.005908934,0.005879346,0.005781672,0.005610129,0.005364481,0.005040246,0.004638272,0.004156292,0.003599304,0.002969461,0.002276248,0.001525141,0.000727278,-0.0001091436,-0.0009713594,-0.001850447,-0.002732547,-0.003611146,-0.004473985,-0.005315548,-0.006125369,-0.006896332,-0.007617455,-0.008282518,-0.008880784,-0.009409928,-0.009861959,-0.01023682,-0.01052873,-0.01073691,-0.01085612,-0.01088225,-0.01081189,-0.01064087,-0.01037012,-0.01000228,-0.009541631,-0.009003397,-0.00839169,-0.007722706,-0.007001088,-0.006239357
-0.004947152,-0.004179874,-0.003390049,-0.002586446,-0.001775836,-0.0009697442,-0.0001764636,0.0005919786,0.00132903,0.002024572,0.002675615,0.003275396,0.003822676,0.004312132,0.004742205,0.005107746,0.005407293,0.005636622,0.005796428,0.005885191,0.005907078,0.005863082,0.005760134,0.005601072,0.005393513,0.005140246,0.004847665,0.004517501,0.004156801,0.003768782,0.003363537,0.002947357,0.002532095,0.002124892,0.001736831,0.00137312,0.001042443,0.0007476418,0.0004956551,0.0002880784,0.0001312581,2.542821e-05,-2.48849e-05,-2.137407e-05,3.712392e-05,0.0001461929,0.0003043912,0.0005043268,0.0007436842,0.001013923,0.001311966,0.001629882,0.00196387,0.002306078,0.002653044,0.002996665,0.003334474,0.00365959,0.003970893,0.004262735,0.004534157,0.004778781,0.004994498,0.005174196,0.005314953,0.005408765,0.005451947,0.005436295,0.005359436,0.005215364,0.005003501,0.00471875,0.004361641,0.003929427,0.003426316,0.002854663,0.002222599,0.001535313,0.000803707,3.418095e-05,-0.0007602272,-0.001571577,-0.002387863,-0.003201155,-0.004001671,-0.004783342,-0.005535568,-0.006252997,-0.006924288,-0.007543707,-0.008102752,-0.008597191,-0.009021787,-0.009374752,-0.009651188,-0.009849709,-0.00996328,-0.009991687,-0.009925538,-0.009768465,-0.009514537,-0.009172713,-0.008746732,-0.008245345,-0.007680457,-0.00706031,-0.006393381,-0.005687302
-0.004481801,-0.003773505,-0.003044016,-0.002303477,-0.001557623,-0.0008180669,-9.218817e-05,0.000608429,0.001277871,0.001908173,0.002496092,0.003035879,0.003526255,0.003961881,0.00434223,0.00466154,0.004919738,0.005112444,0.005241706,0.0053061,0.005310235,0.005255705,0.005148935,0.004992901,0.004794643,0.004556268,0.004283782,0.003978813,0.003647623,0.003294193,0.002927408,0.002553586,0.002183343,0.001823015,0.001482222,0.00116548,0.0008800481,0.0006282519,0.0004157575,0.0002440106,0.0001176016,3.717767e-05,5.839859e-06,2.177539e-05,8.615902e-05,0.0001942322,0.0003445786,0.0005311182,0.0007504072,0.0009960263,0.001264627,0.001549114,0.00184689,0.002150728,0.002457914,0.00276201,0.003060669,0.003348676,0.003625157,0.003885789,0.004129868,0.004352202,0.004550864,0.004719334,0.004854735,0.004949476,0.004999663,0.004997675,0.004940717,0.004822982,0.004643143,0.004396237,0.004081863,0.00369736,0.003246492,0.002730815,0.002158333,0.001533562,0.0008659924,0.000162701,-0.0005655615,-0.001311006,-0.002061806,-0.002812274,-0.003551429,-0.004274193,-0.004971029,-0.005635433,-0.00625806,-0.006833612,-0.007353199,-0.007815051,-0.00821207,-0.008543967,-0.008804707,-0.008992778,-0.009102464,-0.00912959,-0.009071501,-0.008924847,-0.008692358,-0.008376339,-0.007982398,-0.007522784,-0.007000444,-0.006430438,-0.005815642,-0.005165401
-0.004043723,-0.003392759,-0.002723639,-0.002045101,-0.001364036,-0.0006903889,-3.167878e-05,0.000602317,0.001206542,0.001773194,0.002300208,0.002782083,0.003217835,0.003602864,0.003935799,0.004212581,0.004432396,0.004592679,0.004694942,0.004739142,0.004729694,0.004668339,0.004561475,0.004411749,0.004225411,0.004004528,0.003754183,0.003475988,0.003176227,0.002858158,0.002530686,0.002199131,0.001873159,0.001558126,0.001262498,0.0009897291,0.0007462034,0.0005334606,0.0003564663,0.0002157018,0.0001156691,5.568058e-05,3.891172e-05,6.324748e-05,0.0001292101,0.0002328368,0.0003727142,0.000542662,0.0007409182,0.0009604507,0.001199229,0.001451023,0.001713356,0.001980456,0.00225031,0.002517092,0.002779759,0.003033455,0.003278252,0.003510287,0.0037297,0.003931709,0.004114906,0.004273186,0.004403722,0.004499225,0.004556043,0.0045666,0.004528233,0.004434919,0.004285153,0.004073537,0.003799676,0.003460543,0.003059368,0.002597876,0.002082763,0.001518353,0.0009137819,0.0002743126,-0.0003889896,-0.001069659,-0.001757432,-0.002445385,-0.003124929,-0.003790233,-0.004431832,-0.005044931,-0.005619732,-0.006151677,-0.006633751,-0.007062361,-0.007433016,-0.00774343,-0.007988709,-0.008166496,-0.008270149,-0.008299082,-0.008245477,-0.008113521,-0.007898642,-0.007610301,-0.007251292,-0.006829094,-0.006352875,-0.005830238,-0.005267981,-0.004670991
-0.003630568,-0.003037338,-0.002427557,-0.001811196,-0.00119369,-0.000585107,8.409139e-06,0.0005774053,0.001117689,0.001623285,0.002091808,0.002518661,0.002902792,0.003239667,0.003529,0.003766169,0.003951841,0.004083114,0.004162844,0.004190664,0.004171421,0.004106993,0.0040032,0.003862531,0.003690667,0.003488969,0.003262417,0.003012396,0.002744577,0.002462585,0.002173974,0.001883807,0.001600449,0.001328405,0.001074881,0.0008427174,0.0006371742,0.0004593707,0.000313336,0.0001994673,0.0001208642,7.739737e-05,7.101231e-05,9.977772e-05,0.0001644049,0.0002607204,0.0003876736,0.0005402741,0.0007159082,0.00090968,0.001119177,0.001339112,0.001568015,0.001800584,0.002035476,0.00226818,0.002497596,0.002720204,0.002936052,0.003142317,0.003339126,0.003522686,0.00369158,0.003840255,0.003965932,0.004061798,0.004124103,0.004145897,0.004124145,0.004053113,0.003930725,0.003751964,0.003515729,0.003219334,0.002865572,0.002455478,0.001995644,0.001489649,0.0009453504,0.0003685848,-0.0002319579,-0.0008497813,-0.001475062,-0.002102882,-0.002723453,-0.003332095,-0.003920252,-0.004482155,-0.005010078,-0.005499667,-0.005943677,-0.006340689,-0.006684273,-0.006973695,-0.007202776,-0.007369604,-0.007468612,-0.007496234,-0.007450819,-0.00732995,-0.007137497,-0.006875177,-0.006548922,-0.006167788,-0.005733343,-0.005258975,-0.004746479,-0.004203103
-0.003242233,-0.002705031,-0.002154471,-0.00159873,-0.001044273,-0.0004992757,3.006678e-05,0.0005362931,0.001015792,0.001462714,0.001875716,0.00225035,0.002585883,0.002878504,0.003127193,0.003329044,0.003483929,0.00359068,0.003651337,0.003666813,0.00364135,0.00357692,0.003478985,0.003349661,0.003193797,0.003012873,0.002810942,0.002589537,0.002354046,0.002107322,0.00185664,0.001606003,0.001362799,0.001130697,0.0009158659,0.0007203633,0.0005487246,0.0004015595,0.0002822971,0.0001907005,0.0001298755,9.864573e-05,9.927247e-05,0.0001296514,0.0001900957,0.0002773842,0.0003904224,0.0005243883,0.0006782074,0.000846401,0.001027909,0.001218063,0.001415499,0.001616185,0.001819207,0.002020522,0.002220012,0.00241428,0.002604068,0.002786756,0.002963093,0.00312948,0.003284941,0.003424248,0.003544755,0.003640014,0.003706599,0.003737684,0.003730436,0.003679026,0.003581415,0.003432376,0.00323108,0.002974554,0.002665225,0.002304237,0.001896919,0.001446718,0.0009610552,0.0004440289,-9.529667e-05,-0.000651899,-0.001217218,-0.001785289,-0.00234865,-0.002901847,-0.003436643,-0.003948943,-0.004430536,-0.004877953,-0.005285464,-0.005649941,-0.005967383,-0.006235027,-0.006448133,-0.006603892,-0.006696544,-0.006725651,-0.006685069,-0.006579308,-0.006404744,-0.006170589,-0.005878303,-0.005533891,-0.005143999,-0.0047149,-0.004252431,-0.003760118
-0.002877209,-0.00239609,-0.001903136,-0.001407508,-0.0009139383,-0.0004307585,3.746173e-05,0.0004834185,0.0009044207,0.001296097,0.00165675,0.001982763,0.002273314,0.002524744,0.002737082,0.002906869,0.003035388,0.003120923,0.003166718,0.003173016,0.003144427,0.003082695,0.0029927,0.002876255,0.002737752,0.002578005,0.002401111,0.002208181,0.002004036,0.001791559,0.001576695,0.001363106,0.001157017,0.0009613595,0.0007813226,0.0006184915,0.0004765737,0.0003558629,0.0002591488,0.0001861732,0.0001389883,0.0001170926,0.000121741,0.0001512306,0.0002061432,0.0002831061,0.0003815606,0.0004976707,0.0006296801,0.0007740881,0.0009293281,0.00109166,0.001260484,0.001432064,0.001606015,0.001779267,0.001951508,0.002120395,0.002286453,0.002447872,0.0026052,0.002755666,0.002898178,0.003028068,0.003142784,0.003236419,0.003305556,0.003344042,0.003348788,0.003314397,0.003238482,0.0031164,0.002946806,0.002727215,0.002459605,0.002144519,0.001787172,0.001390233,0.0009599876,0.0005010359,2.014454e-05,-0.0004774477,-0.0009837729,-0.001494645,-0.00200153,-0.002500288,-0.002983528,-0.003446383,-0.003882706,-0.004289028,-0.004659503,-0.004992886,-0.005283302,-0.005529637,-0.005725915,-0.005870238,-0.005957677,-0.005985546,-0.005953091,-0.00585864,-0.005706468,-0.005497472,-0.005237152,-0.004931752,-0.004581841,-0.004198559,-0.003783287,-0.003342266
-0.002536048,-0.00210867,-0.001672407,-0.001234369,-0.0008001616,-0.0003761397,3.305595e-05,0.0004220987,0.0007885802,0.001128211,0.001440194,0.001721007,0.001970164,0.002184672,0.002363912,0.002506019,0.002611399,0.002679868,0.002713623,0.00271403,0.002684795,0.002627734,0.002547176,0.002444629,0.002323698,0.002185419,0.00203292,0.001867505,0.001693455,0.001512931,0.001331479,0.001151828,0.0009793486,0.000816362,0.000667197,0.0005329312,0.0004166892,0.0003184933,0.0002406343,0.000182511,0.0001462615,0.0001306133,0.0001372834,0.0001644712,0.0002125071,0.0002789886,0.0003632227,0.0004616734,0.0005738805,0.0006957595,0.0008270025,0.000964249,0.001106944,0.001252397,0.001400404,0.001548227,0.00169626,0.001842132,0.001986862,0.002128676,0.002268569,0.002403829,0.002533763,0.002653995,0.002762187,0.002852859,0.00292298,0.002966612,0.00298098,0.002960748,0.002903766,0.002805359,0.002664612,0.002478799,0.002249646,0.001977751,0.001667134,0.001320384,0.0009433085,0.0005389281,0.0001144543,-0.0003263514,-0.0007765117,-0.001231008,-0.001683561,-0.002129346,-0.002561508,-0.002976774,-0.00336851,-0.003734177,-0.004069124,-0.00437057,-0.00463492,-0.004859181,-0.005039063,-0.005171781,-0.005252704,-0.005281715,-0.005254125,-0.005174399,-0.005039443,-0.004857603,-0.004628976,-0.004358254,-0.004050169,-0.003709483,-0.003341357,-0.002948825
-0.002217707,-0.001843216,-0.001461012,-0.001078939,-0.0007007563,-0.0003330061,2.131426e-05,0.0003568309,0.000672006,0.0009637096,0.001230778,0.001470457,0.00168215,0.001863062,0.002013505,0.002131051,0.002217329,0.002271433,0.002296567,0.002293196,0.002265333,0.002214344,0.002144051,0.002055621,0.001952329,0.00183457,0.001705575,0.001566068,0.001419846,0.001268931,0.00111771,0.0009686227,0.0008261039,0.0006919017,0.0005696418,0.0004600625,0.0003657104,0.0002863867,0.0002239932,0.0001779631,0.0001496842,0.0001385969,0.0001455898,0.0001693548,0.0002104797,0.0002664127,0.0003370405,0.0004195727,0.0005129686,0.0006148726,0.0007243704,0.0008389453,0.000958565,0.001080678,0.001205466,0.001330881,0.00145704,0.001582398,0.001707656,0.001831669,0.001955126,0.002076016,0.002193496,0.002303755,0.002404599,0.002491129,0.00256041,0.002607228,0.002628696,0.002620037,0.002578948,0.002501445,0.002386222,0.002231107,0.00203738,0.001805137,0.001538284,0.001238648,0.0009110612,0.0005590059,0.0001875827,-0.0001990863,-0.0005947042,-0.0009958335,-0.001395318,-0.001789746,-0.002173053,-0.00254137,-0.002890015,-0.003216293,-0.003515531,-0.003786584,-0.004024189,-0.004227075,-0.004389851,-0.00451093,-0.004586238,-0.004613935,-0.00459388,-0.004524863,-0.004410967,-0.004252207,-0.004053304,-0.00381833,-0.00354735,-0.003249213,-0.002925107,-0.002580698
-0.001922913,-0.001598013,-0.001267825,-0.0009380571,-0.0006132178,-0.0002979485,4.592781e-06,0.0002908426,0.0005592823,0.0008068297,0.001033085,0.001235349,0.001413351,0.001564873,0.001689636,0.001786592,0.00185643,0.001899526,0.001917906,0.001912992,0.001887741,0.001843612,0.001783813,0.001709306,0.001622654,0.001524511,0.001417138,0.001301487,0.001180704,0.001056243,0.0009321039,0.000809998,0.0006936743,0.0005844946,0.0004853958,0.0003968318,0.0003208884,0.0002572843,0.0002075179,0.0001709048,0.0001489533,0.0001405417,0.000147054,0.0001671012,0.0002010829,0.0002473423,0.0003055313,0.0003731974,0.0004503219,0.0005339676,0.0006243195,0.0007190386,0.0008180697,0.0009196896,0.001024076,0.001129406,0.001236291,0.001343075,0.001450811,0.001558291,0.001666527,0.001773495,0.001878722,0.001978677,0.002071437,0.002152561,0.002219538,0.002267456,0.002293834,0.002294102,0.002266309,0.002206553,0.002114013,0.001986312,0.00182457,0.001628918,0.001402192,0.001146186,0.0008652697,0.0005615487,0.0002406147,-9.481375e-05,-0.0004392177,-0.0007885434,-0.001137776,-0.001482932,-0.001818609,-0.00214239,-0.002449106,-0.002736971,-0.003002256,-0.003242506,-0.003454605,-0.00363565,-0.003782051,-0.00389135,-0.00396005,-0.0039883,-0.003972556,-0.003916884,-0.003818447,-0.003684403,-0.003513757,-0.003310239,-0.003077245,-0.002818067,-0.002537234,-0.002237559
-0.001650757,-0.001373466,-0.00109157,-0.0008113247,-0.0005354486,-0.0002688378,-1.313959e-05,0.0002278408,0.0004533535,0.0006612006,0.0008506332,0.001019631,0.001167797,0.001293116,0.001396077,0.001475055,0.001531732,0.001565666,0.001579693,0.001574238,0.001552528,0.001515482,0.001465916,0.001404473,0.001333481,0.001253007,0.001165448,0.00107114,0.0009728762,0.0008719289,0.0007713769,0.0006727339,0.0005790431,0.0004912484,0.0004118104,0.0003409515,0.0002803784,0.0002296686,0.0001901195,0.000161109,0.0001436185,0.0001371934,0.0001425146,0.0001586812,0.0001862901,0.0002235126,0.0002705436,0.0003254468,0.000387694,0.0004557952,0.0005292771,0.0006065262,0.000687811,0.0007714284,0.0008578274,0.0009456572,0.001035223,0.001125517,0.001217235,0.001309663,0.001403469,0.001497226,0.001590306,0.001679738,0.00176377,0.001838544,0.001901709,0.001949091,0.00197822,0.001985161,0.001967935,0.001923345,0.001850264,0.001746878,0.001613903,0.001451086,0.001261177,0.001045288,0.0008069766,0.0005487805,0.0002744153,-1.296786e-05,-0.0003085754,-0.0006097464,-0.0009107844,-0.001209113,-0.001500035,-0.001780657,-0.002047576,-0.002298746,-0.002530506,-0.002741834,-0.002928218,-0.003088481,-0.00321808,-0.003315855,-0.003378616,-0.003405177,-0.003395725,-0.003349272,-0.00326936,-0.003155272,-0.003010895,-0.002838821,-0.00263895,-0.00241788,-0.002176665,-0.001920442
-0.00140187,-0.001167966,-0.0009312531,-0.0006959438,-0.0004654359,-0.0002429263,-3.032989e-05,0.0001701126,0.0003574748,0.0005295867,0.0006863335,0.0008257137,0.0009476275,0.001050523,0.001134343,0.0011986,0.001244025,0.00127121,0.001281797,0.001277027,0.001259054,0.001228934,0.001188886,0.00113945,0.001082333,0.001017884,0.0009476041,0.0008721059,0.0007935429,0.0007128053,0.0006326442,0.0005540515,0.000479545,0.0004098575,0.0003469107,0.0002908063,0.0002428934,0.0002027981,0.0001714905,0.0001483732,0.0001345348,0.0001291,0.0001332003,0.0001458418,0.0001674527,0.0001969764,0.0002342944,0.0002777936,0.0003277102,0.0003819962,0.0004410936,0.0005034215,0.0005691727,0.0006372884,0.0007080923,0.0007803933,0.0008548305,0.000930255,0.001007608,0.001086072,0.001166545,0.00124756,0.001328821,0.001407626,0.001482511,0.001550075,0.001608392,0.001653638,0.001683796,0.001695221,0.001686331,0.001654059,0.001597758,0.001515443,0.001407759,0.001274512,0.00111754,0.0009379902,0.0007389999,0.0005219477,0.0002910385,4.813558e-05,-0.0002025832,-0.0004580236,-0.0007144476,-0.0009687922,-0.001217053,-0.001457589,-0.001686524,-0.001902655,-0.002103077,-0.002285713,-0.002448037,-0.002587501,-0.002701343,-0.002787553,-0.002843642,-0.002869895,-0.002863622,-0.002828276,-0.002761189,-0.002668266,-0.002547823,-0.002402949,-0.002236089,-0.002049095,-0.001845884,-0.00162904
-0.001175364,-0.0009818773,-0.0007858133,-0.000591816,-0.0004016845,-0.000218937,-4.420172e-05,0.0001199012,0.0002730955,0.000413872,0.0005417957,0.0006554441,0.0007545776,0.0008378246,0.0009057234,0.0009572207,0.00099382,0.001015288,0.001023912,0.001019955,0.001005832,0.000982058,0.000950585,0.0009116778,0.0008669032,0.000816105,0.0007609637,0.0007015224,0.0006397257,0.0005762973,0.0005132971,0.0004516008,0.000393218,0.0003385888,0.0002893305,0.0002453954,0.000207901,0.0001763882,0.0001517469,0.0001334379,0.0001221738,0.0001176475,0.0001203859,0.0001298248,0.000146519,0.0001692193,0.0001982738,0.0002323962,0.0002713764,0.0003143365,0.0003610619,0.0004105719,0.0004632366,0.0005179458,0.0005752091,0.0006341509,0.000695114,0.0007574554,0.0008217666,0.0008876173,0.0009555679,0.001024651,0.001094432,0.001162724,0.001228244,0.001288133,0.001340652,0.001382675,0.001412274,0.00142644,0.001423629,0.001401433,0.00135896,0.001294765,0.001209162,0.001101701,0.000974188,0.0008272025,0.0006632336,0.0004840487,0.0002922313,9.008592e-05,-0.0001189276,-0.0003329053,-0.0005475843,-0.0007611976,-0.0009703263,-0.001172935,-0.001366677,-0.001550043,-0.001720271,-0.00187653,-0.002015184,-0.00213531,-0.002233335,-0.002308508,-0.002358446,-0.002382413,-0.002380715,-0.002352465,-0.002300535,-0.002223753,-0.002125229,-0.002006621,-0.001867799,-0.001713217,-0.001543849,-0.001364181
-0.0009716867,-0.0008138075,-0.0006545865,-0.0004968619,-0.0003430556,-0.000195247,-5.443233e-05,7.80673e-05,0.0002016831,0.0003149326,0.0004178819,0.0005091024,0.0005886082,0.0006553761,0.000709452,0.0007506803,0.0007796698,0.00079701,0.0008038784,0.0008012339,0.0007905031,0.0007723831,0.0007482962,0.0007184919,0.0006840263,0.0006450421,0.0006024497,0.0005566115,0.0005089029,0.0004598274,0.0004111854,0.0003635024,0.0003183953,0.0002762174,0.0002381722,0.0002042002,0.0001751434,0.0001506643,0.0001313798,0.000116846,0.0001078453,0.000103746,0.0001054463,0.0001122743,0.0001246224,0.0001418751,0.0001640281,0.0001900793,0.0002203647,0.0002534969,0.0002899959,0.0003288237,0.0003702471,0.0004136495,0.0004593561,0.0005066078,0.0005559674,0.0006066494,0.0006594171,0.0007137252,0.0007702986,0.0008281192,0.0008870367,0.000945108,0.00100132,0.001053233,0.001099493,0.001137325,0.001165241,0.001180545,0.001182076,0.001167567,0.001136561,0.001087487,0.001020667,0.0009357439,0.0008338013,0.0007155088,0.0005829988,0.0004370924,0.0002808213,0.0001153544,-5.63264e-05,-0.0002320139,-0.0004091466,-0.0005855303,-0.0007583887,-0.0009267118,-0.001087712,-0.001240633,-0.001383322,-0.001514134,-0.001631206,-0.00173249,-0.001816049,-0.00188033,-0.001923676,-0.00194639,-0.00194644,-0.001926581,-0.001884374,-0.001824535,-0.001745072,-0.001648595,-0.001536811,-0.00141032,-0.001272442,-0.001125381
-0.0007899409,-0.0006641218,-0.0005368924,-0.0004114647,-0.000288912,-0.0001716591,-5.96982e-05,4.521531e-05,0.0001430463,0.0002328018,0.0003142543,0.0003864564,0.0004492765,0.0005018371,0.0005446225,0.0005769597,0.0006000425,0.0006137071,0.0006196456,0.0006179451,0.0006102863,0.0005968896,0.0005790187,0.0005567113,0.0005309597,0.0005015077,0.0004694726,0.0004347361,0.0003985814,0.0003613761,0.0003244251,0.0002881971,0.0002539565,0.0002218595,0.0001929281,0.0001670104,0.0001448177,0.0001259582,0.0001110349,9.96419e-05,9.228627e-05,8.878953e-05,8.953622e-05,9.420577e-05,0.0001032578,0.0001158779,0.0001324414,0.0001521321,0.0001749054,0.0002002902,0.0002281992,0.0002580746,0.0002902651,0.0003240681,0.0003599362,0.0003973177,0.0004365104,0.0004771201,0.0005195952,0.0005636899,0.0006098259,0.000657392,0.0007061102,0.0007544892,0.0008016717,0.0008456899,0.0008853653,0.0009185339,0.0009438217,0.0009591111,0.0009633006,0.000954702,0.00093266,0.0008961003,0.000845096,0.0007791532,0.0006993764,0.0006059952,0.0005006447,0.0003844846,0.0002591911,0.000126348,-1.171658e-05,-0.0001537654,-0.0002968223,-0.0004398023,-0.0005803813,-0.0007172134,-0.0008487859,-0.0009740344,-0.001090997,-0.001199081,-0.001295565,-0.00137984,-0.001449284,-0.00150348,-0.001540739,-0.001560605,-0.0015634,-0.001548305,-0.001517546,-0.001469765,-0.001407391,-0.001331455,-0.001241811,-0.001141171,-0.001030385,-0.0009130816
-0.0006303155,-0.0005316628,-0.0004324266,-0.0003343322,-0.0002390043,-0.0001476942,-6.084079e-05,2.084784e-05,9.70057e-05,0.0001666735,0.0002299918,0.000286001,0.0003347687,0.0003756652,0.0004087507,0.0004340406,0.0004519461,0.0004629538,0.0004677974,0.0004671567,0.0004618715,0.0004523698,0.0004394836,0.0004232987,0.000404411,0.0003828618,0.0003591436,0.0003334671,0.0003066429,0.0002789342,0.0002514507,0.0002244398,0.0001988806,0.0001749216,0.0001532727,0.0001338321,0.0001170996,0.0001028288,9.139421e-05,8.250668e-05,7.670446e-05,7.355812e-05,7.373781e-05,7.681099e-05,8.308577e-05,9.224631e-05,0.0001043184,0.0001187216,0.0001357857,0.0001545996,0.0001756457,0.0001982648,0.000222698,0.0002486139,0.0002762675,0.000305195,0.0003358338,0.0003676646,0.0004012529,0.0004362445,0.0004731784,0.0005113877,0.0005508254,0.0005902001,0.0006288794,0.000665248,0.0006984451,0.0007266123,0.00074876,0.0007630549,0.0007687279,0.0007642211,0.0007492499,0.0007226567,0.0006845773,0.0006346382,0.000573405,0.0005012351,0.0004194792,0.0003285551,0.0002305271,0.0001260307,1.704344e-05,-9.497612e-05,-0.0002084452,-0.0003218983,-0.0004335538,-0.0005428662,-0.0006479321,-0.0007483283,-0.000842578,-0.0009294779,-0.001007809,-0.001076057,-0.001133007,-0.001177527,-0.001208594,-0.001226475,-0.001229657,-0.001220235,-0.001196088,-0.001160858,-0.001112569,-0.001053319,-0.0009842428,-0.000905161,-0.0008186982,-0.0007264858
-0.0004917973,-0.0004166903,-0.0003408002,-0.0002661856,-0.0001933968,-0.0001240086,-5.773774e-05,4.286548e-06,6.212876e-05,0.0001151817,0.0001633275,0.0002059909,0.0002430997,0.0002741326,0.000299463,0.000318666,0.0003325892,0.0003410905,0.0003453099,0.0003452139,0.0003418836,0.000335361,0.0003264067,0.0003149555,0.0003015958,0.0002860724,0.0002690859,0.000250467,0.000231011,0.0002108772,0.0001908366,0.0001711175,0.0001524648,0.0001348998,0.000119033,0.0001047067,9.235319e-05,8.168678e-05,7.309873e-05,6.631542e-05,6.167373e-05,5.908676e-05,5.880498e-05,6.066708e-05,6.500885e-05,7.132753e-05,7.994381e-05,9.036925e-05,0.0001026224,0.000116485,0.000131917,0.0001486297,0.0001668911,0.0001862758,0.0002071264,0.0002291129,0.000252452,0.0002769199,0.0003028176,0.0003300173,0.0003588037,0.0003888245,0.00041992,0.0004511627,0.0004820369,0.0005113052,0.0005382449,0.0005614894,0.0005801548,0.0005928849,0.000598967,0.0005973177,0.0005874948,0.0005687723,0.0005411135,0.0005040923,0.0004583372,0.0004038836,0.0003417212,0.0002725553,0.0001973695,0.000117171,3.339235e-05,-5.325188e-05,-0.0001408417,-0.0002287976,-0.0003156603,-0.0004006019,-0.0004827322,-0.0005613505,-0.0006351774,-0.0007038546,-0.0007655147,-0.0008198355,-0.0008650369,-0.0009009398,-0.0009264179,-0.0009411975,-0.0009455612,-0.0009387925,-0.0009225411,-0.0008954895,-0.0008594803,-0.0008150526,-0.0007620606,-0.0007020659,-0.0006356584,-0.0005654717
-0.0003741441,-0.0003181027,-0.0002618348,-0.0002062523,-0.0001523778,-0.0001008718,-5.191025e-05,-5.813714e-06,3.717494e-05,7.647948e-05,0.0001122428,0.0001438714,0.0001714426,0.0001946011,0.0002133781,0.0002278606,0.0002382626,0.0002449459,0.0002482848,0.0002487353,0.0002467146,0.0002424736,0.0002364462,0.0002286478,0.000219376,0.000208645,0.0001966751,0.0001835993,0.0001698437,0.000155536,0.0001413086,0.0001272591,0.0001139336,0.0001013867,9.000146e-05,7.969372e-05,7.073663e-05,6.298142e-05,5.663366e-05,5.152994e-05,4.801192e-05,4.580277e-05,4.536308e-05,4.642744e-05,4.920146e-05,5.355692e-05,5.950403e-05,6.673872e-05,7.552653e-05,8.529123e-05,9.641868e-05,0.0001085081,0.0001217318,0.0001359356,0.0001512825,0.0001675083,0.0001849158,0.0002031796,0.0002226796,0.0002431959,0.0002650944,0.0002879683,0.000311831,0.0003359025,0.0003598332,0.0003826549,0.0004038808,0.000422381,0.0004375735,0.0004483286,0.0004541945,0.0004541939,0.0004481783,0.0004353717,0.0004158239,0.0003892375,0.0003558607,0.00031587,0.0002700467,0.0002185452,0.0001626733,0.0001026977,3.981615e-05,-2.508447e-05,-9.115543e-05,-0.0001574838,-0.0002230317,-0.0002875629,-0.0003498597,-0.0004097359,-0.000466277,-0.0005186755,-0.0005662612,-0.0006079988,-0.0006432399,-0.0006712025,-0.0006913299,-0.0007038285,-0.0007076112,-0.0007042019,-0.0006918637,-0.0006733096,-0.0006467919,-0.0006138579,-0.000575222,-0.000530395,-0.000481251,-0.0004287769
-0.0002760252,-0.0002357933,-0.0001951199,-0.0001552066,-0.0001162769,-7.926865e-05,-4.386624e-05,-1.075425e-05,2.015936e-05,4.853681e-05,7.431419e-05,9.718254e-05,0.0001171007,0.0001337866,0.0001474899,0.0001579504,0.0001657038,0.0001706265,0.0001734107,0.00017397,0.0001729385,0.0001702783,0.0001664093,0.0001612457,0.0001551101,0.0001478051,0.0001397382,0.0001307576,0.0001213164,0.0001114679,0.0001016254,9.188843e-05,8.26571e-05,7.390624e-05,6.597177e-05,5.873492e-05,5.243882e-05,4.690255e-05,4.235981e-05,3.864613e-05,3.596089e-05,3.427313e-05,3.372077e-05,3.423647e-05,3.603323e-05,3.882226e-05,4.283361e-05,4.779774e-05,5.374059e-05,6.05871e-05,6.830667e-05,7.677092e-05,8.615321e-05,9.621297e-05,0.0001071748,0.0001188575,0.0001313931,0.0001446704,0.0001588636,0.0001739166,0.0001899968,0.0002069261,0.0002246221,0.0002425724,0.0002605018,0.0002777169,0.0002938232,0.0003080526,0.0003198999,0.0003285931,0.0003337206,0.0003346644,0.0003311544,0.0003227606,0.0003094194,0.0002908293,0.0002673196,0.0002388468,0.0002059479,0.0001690144,0.0001285458,8.512584e-05,3.953915e-05,-7.859096e-06,-5.594502e-05,-0.000104464,-0.0001525886,-0.0001998519,-0.0002457967,-0.0002900021,-0.0003317242,-0.0003707904,-0.0004060489,-0.0004373808,-0.0004636895,-0.0004849401,-0.0005004441,-0.0005100427,-0.0005139624,-0.000511632,-0.0005042025,-0.000490569,-0.0004720508,-0.000448836,-0.0004207982,-0.0003888053,-0.0003531656,-0.0003155547
-0.0001965703,-0.0001684418,-0.0001402488,-0.0001123715,-8.541565e-05,-5.965294e-05,-3.517152e-05,-1.206543e-05,9.505045e-06,2.922424e-05,4.720738e-05,6.312136e-05,7.703217e-05,8.876134e-05,9.830417e-05,0.0001057644,0.0001112069,0.0001148823,0.0001169206,0.0001176162,0.0001171202,0.0001155795,0.0001131845,0.0001099345,0.0001059517,0.0001012567,9.591123e-05,9.001113e-05,8.374191e-05,7.71625e-05,7.059636e-05,6.407114e-05,5.785779e-05,5.19767e-05,4.660729e-05,4.17017e-05,3.738965e-05,3.360043e-05,3.042735e-05,2.779458e-05,2.58951e-05,2.456034e-05,2.40773e-05,2.429161e-05,2.531624e-05,2.712751e-05,2.970792e-05,3.292182e-05,3.695247e-05,4.145234e-05,4.669515e-05,5.24507e-05,5.881844e-05,6.57466e-05,7.331588e-05,8.139189e-05,9.015942e-05,9.942937e-05,0.0001094297,0.0001200319,0.0001314587,0.0001434827,0.0001561408,0.0001690154,0.0001819401,0.0001944049,0.0002061722,0.0002166345,0.0002254991,0.0002321511,0.0002363643,0.0002375932,0.000235783,0.0002304717,0.0002216804,0.0002092215,0.0001931718,0.0001736188,0.0001509622,0.0001252124,9.71296e-05,6.676315e-05,3.475973e-05,1.612447e-06,-3.231861e-05,-6.650297e-05,-0.0001004119,-0.0001339878,-0.0001665136,-0.0001979496,-0.0002278033,-0.0002555795,-0.0002810068,-0.0003034293,-0.000322592,-0.0003379864,-0.0003493674,-0.0003568828,-0.0003597917,-0.0003591549,-0.0003536402,-0.0003451842,-0.0003323774,-0.0003162621,-0.0002972671,-0.0002748721,-0.000250285,-0.0002239441
-0.0001339701,-0.0001153392,-9.646925e-05,-7.797972e-05,-5.992528e-05,-4.279981e-05,-2.637146e-05,-1.101681e-05,3.345595e-06,1.655093e-05,2.856378e-05,3.92436e-05,4.856675e-05,5.639879e-05,6.288356e-05,6.787229e-05,7.166044e-05,7.41535e-05,7.572162e-05,7.627796e-05,7.615324e-05,7.529397e-05,7.390688e-05,7.192636e-05,6.951148e-05,6.653756e-05,6.321831e-05,5.944802e-05,5.545641e-05,5.125216e-05,4.702842e-05,4.282277e-05,3.882364e-05,3.500231e-05,3.15227e-05,2.831357e-05,2.54962e-05,2.297246e-05,2.086534e-05,1.908875e-05,1.77426e-05,1.682404e-05,1.639174e-05,1.642648e-05,1.704235e-05,1.808947e-05,1.970684e-05,2.176217e-05,2.42687e-05,2.721973e-05,3.0585e-05,3.432153e-05,3.852225e-05,4.30649e-05,4.807441e-05,5.346392e-05,5.929832e-05,6.553339e-05,7.225153e-05,7.943552e-05,8.716615e-05,9.537e-05,0.0001040077,0.0001128385,0.0001217353,0.0001303654,0.0001385427,0.0001458981,0.0001521827,0.0001570215,0.0001602087,0.0001614449,0.000160585,0.0001574171,0.0001518897,0.0001438297,0.0001333925,0.0001205241,0.0001054756,8.84419e-05,6.9626e-05,4.933005e-05,2.792004e-05,5.538553e-06,-1.723532e-05,-4.032287e-05,-6.331629e-05,-8.597981e-05,-0.0001081242,-0.0001295251,-0.0001498122,-0.0001689297,-0.0001862571,-0.0002017871,-0.0002149258,-0.0002257035,-0.0002337493,-0.0002389762,-0.0002415504,-0.0002410697,-0.000238268,-0.0002323468,-0.0002241656,-0.000213717,-0.0002009092,-0.0001862017,-0.0001696943,-0.0001523009
-8.66635e-05,-7.477924e-05,-6.290211e-05,-5.11187e-05,-3.976416e-05,-2.88929e-05,-1.857624e-05,-8.794078e-06,3.497557e-07,8.703508e-06,1.634706e-05,2.311452e-05,2.905335e-05,3.408819e-05,3.819219e-05,4.145684e-05,4.386306e-05,4.55734e-05,4.658588e-05,4.708378e-05,4.707982e-05,4.666227e-05,4.589125e-05,4.477077e-05,4.333304e-05,4.160847e-05,3.958364e-05,3.733136e-05,3.490578e-05,3.233441e-05,2.975896e-05,2.718096e-05,2.471311e-05,2.236688e-05,2.020805e-05,1.821955e-05,1.644926e-05,1.48757e-05,1.352686e-05,1.237835e-05,1.152304e-05,1.086545e-05,1.056479e-05,1.053713e-05,1.082965e-05,1.14645e-05,1.240645e-05,1.361086e-05,1.518678e-05,1.693767e-05,1.903628e-05,2.135982e-05,2.39525e-05,2.681275e-05,2.996539e-05,3.335286e-05,3.707279e-05,4.102549e-05,4.533029e-05,4.991771e-05,5.490614e-05,6.018128e-05,6.577936e-05,7.150934e-05,7.730735e-05,8.294777e-05,8.83369e-05,9.319771e-05,9.741305e-05,0.0001006995,0.0001029683,0.0001039584,0.0001036674,0.0001018586,9.854721e-05,9.364308e-05,8.714692e-05,7.910776e-05,6.969831e-05,5.887271e-05,4.702941e-05,3.412134e-05,2.044881e-05,6.259472e-06,-8.360342e-06,-2.312497e-05,-3.78144e-05,-5.245191e-05,-6.665708e-05,-8.045978e-05,-9.364198e-05,-0.0001059283,-0.0001172811,-0.0001273181,-0.0001360094,-0.0001430475,-0.0001483687,-0.0001520696,-0.0001536841,-0.0001539051,-0.0001517954,-0.0001486522,-0.0001434469,-0.0001368176,-0.0001290094,-0.0001196037,-0.0001092973,-9.817804e-05
-5.239588e-05,-4.541943e-05,-3.832988e-05,-3.139584e-05,-2.460702e-05,-1.818191e-05,-1.199365e-05,-6.2189e-06,-8.043162e-07,4.185192e-06,8.730438e-06,1.278227e-05,1.632772e-05,1.931399e-05,2.181007e-05,2.374095e-05,2.524337e-05,2.625759e-05,2.695079e-05,2.726215e-05,2.733842e-05,2.71405e-05,2.675455e-05,2.61444e-05,2.537709e-05,2.438914e-05,2.327697e-05,2.198179e-05,2.060182e-05,1.913324e-05,1.764903e-05,1.616126e-05,1.474256e-05,1.337498e-05,1.212522e-05,1.095962e-05,9.928563e-06,8.98829e-06,8.192717e-06,7.504447e-06,6.962547e-06,6.573817e-06,6.352891e-06,6.299925e-06,6.463853e-06,6.777394e-06,7.309549e-06,8.005712e-06,8.866884e-06,9.90865e-06,1.110494e-05,1.244983e-05,1.398266e-05,1.565028e-05,1.750924e-05,1.952572e-05,2.172279e-05,2.408962e-05,2.665443e-05,2.941659e-05,3.240454e-05,3.559721e-05,3.897686e-05,4.245423e-05,4.598128e-05,4.943035e-05,5.272955e-05,5.573832e-05,5.835644e-05,6.043961e-05,6.190357e-05,6.263489e-05,6.256795e-05,6.162372e-05,5.977313e-05,5.693895e-05,5.318482e-05,4.847489e-05,4.290318e-05,3.655467e-05,2.948281e-05,2.182263e-05,1.370825e-05,5.178588e-06,-3.516417e-06,-1.237186e-05,-2.122401e-05,-2.997017e-05,-3.855923e-05,-4.688885e-05,-5.481159e-05,-6.232591e-05,-6.91532e-05,-7.532522e-05,-8.057287e-05,-8.493901e-05,-8.825716e-05,-9.048398e-05,-9.172739e-05,-9.17456e-05,-9.094866e-05,-8.885175e-05,-8.594106e-05,-8.214411e-05,-7.740595e-05,-7.19499e-05,-6.576861e-05,-5.927308e-05
-2.909924e-05,-2.524268e-05,-2.14163e-05,-1.758965e-05,-1.393041e-05,-1.040688e-05,-7.080804e-06,-3.89697e-06,-9.18755e-07,1.794376e-06,4.289144e-06,6.495401e-06,8.441665e-06,1.010426e-05,1.145327e-05,1.255354e-05,1.336049e-05,1.396931e-05,1.433426e-05,1.456049e-05,1.461333e-05,1.454465e-05,1.435924e-05,1.406619e-05,1.366219e-05,1.317725e-05,1.257765e-05,1.191406e-05,1.118532e-05,1.040499e-05,9.622054e-06,8.832368e-06,8.070901e-06,7.346571e-06,6.672958e-06,6.049708e-06,5.48641e-06,4.984143e-06,4.541994e-06,4.158646e-06,3.869826e-06,3.627088e-06,3.506587e-06,3.467112e-06,3.520383e-06,3.696715e-06,3.960928e-06,4.307666e-06,4.791751e-06,5.312875e-06,5.965529e-06,6.690886e-06,7.501881e-06,8.41279e-06,9.421682e-06,1.050994e-05,1.172057e-05,1.30075e-05,1.442326e-05,1.593423e-05,1.759304e-05,1.934962e-05,2.122865e-05,2.315998e-05,2.512668e-05,2.70518e-05,2.890973e-05,3.060078e-05,3.209405e-05,3.328665e-05,3.4157e-05,3.460439e-05,3.464491e-05,3.417876e-05,3.321925e-05,3.173744e-05,2.971336e-05,2.717723e-05,2.418701e-05,2.069397e-05,1.688075e-05,1.268377e-05,8.216361e-06,3.587859e-06,-1.226475e-06,-6.087977e-06,-1.093225e-05,-1.580033e-05,-2.051646e-05,-2.5125e-05,-2.955471e-05,-3.367026e-05,-3.752495e-05,-4.092024e-05,-4.391188e-05,-4.633364e-05,-4.819955e-05,-4.956556e-05,-5.017253e-05,-5.042504e-05,-4.974685e-05,-4.891226e-05,-4.727126e-05,-4.516974e-05,-4.273558e-05,-3.969732e-05,-3.640513e-05,-3.279885e-05
-1.435551e-05,-1.25146e-05,-1.063227e-05,-8.798448e-06,-6.993153e-06,-5.290936e-06,-3.641251e-06,-2.108464e-06,-6.672549e-07,6.652568e-07,1.879622e-06,2.965877e-06,3.917737e-06,4.720246e-06,5.399008e-06,5.923474e-06,6.342776e-06,6.627845e-06,6.837576e-06,6.94105e-06,6.989313e-06,6.963066e-06,6.889905e-06,6.755724e-06,6.582529e-06,6.3458e-06,6.080038e-06,5.76028e-06,5.418791e-06,5.05178e-06,4.678427e-06,4.301979e-06,3.942533e-06,3.592555e-06,3.272403e-06,2.970428e-06,2.702287e-06,2.45326e-06,2.241298e-06,2.05407e-06,1.901603e-06,1.790381e-06,1.718661e-06,1.69058e-06,1.721278e-06,1.786498e-06,1.912676e-06,2.082557e-06,2.292524e-06,2.557035e-06,2.859414e-06,3.203781e-06,3.601895e-06,4.035518e-06,4.52379e-06,5.057365e-06,5.640353e-06,6.273515e-06,6.96151e-06,7.707484e-06,8.516376e-06,9.3864e-06,1.03102e-05,1.126573e-05,1.223963e-05,1.319797e-05,1.412048e-05,1.497083e-05,1.571957e-05,1.632911e-05,1.677408e-05,1.702646e-05,1.706328e-05,1.686708e-05,1.642615e-05,1.571657e-05,1.475954e-05,1.353904e-05,1.207956e-05,1.041172e-05,8.535424e-06,6.499475e-06,4.33599e-06,2.047056e-06,-2.844599e-07,-2.670824e-06,-5.064618e-06,-7.429862e-06,-9.766232e-06,-1.203649e-05,-1.419947e-05,-1.626684e-05,-1.814261e-05,-1.985567e-05,-2.131223e-05,-2.254206e-05,-2.348821e-05,-2.413268e-05,-2.453223e-05,-2.457115e-05,-2.443559e-05,-2.389315e-05,-2.316548e-05,-2.219221e-05,-2.094708e-05,-1.952268e-05,-1.788629e-05,-1.617858e-05
-6.006651e-06,-5.223388e-06,-4.464319e-06,-3.687717e-06,-2.962322e-06,-2.25131e-06,-1.593339e-06,-9.467648e-07,-3.431453e-07,2.008382e-07,7.061163e-07,1.149701e-06,1.544628e-06,1.88695e-06,2.157348e-06,2.38993e-06,2.551955e-06,2.688154e-06,2.761827e-06,2.821966e-06,2.838278e-06,2.83613e-06,2.80767e-06,2.760613e-06,2.686135e-06,2.603258e-06,2.487688e-06,2.366454e-06,2.227943e-06,2.078363e-06,1.929088e-06,1.777275e-06,1.628884e-06,1.48953e-06,1.357199e-06,1.235573e-06,1.122807e-06,1.0243e-06,9.335707e-07,8.544734e-07,7.968264e-07,7.406732e-07,7.149834e-07,7.031586e-07,7.046991e-07,7.392209e-07,7.848561e-07,8.458723e-07,9.43859e-07,1.03706e-06,1.166386e-06,1.308694e-06,1.465102e-06,1.647163e-06,1.847842e-06,2.063574e-06,2.308998e-06,2.566894e-06,2.855289e-06,3.160805e-06,3.501553e-06,3.859767e-06,4.247403e-06,4.646e-06,5.05409e-06,5.454697e-06,5.845387e-06,6.20145e-06,6.521358e-06,6.779442e-06,6.976172e-06,7.083351e-06,7.11459e-06,7.038144e-06,6.86256e-06,6.584281e-06,6.18823e-06,5.690373e-06,5.103482e-06,4.398683e-06,3.64357e-06,2.797438e-06,1.891621e-06,9.653702e-07,-1.840226e-08,-1.0044e-06,-1.984884e-06,-2.987425e-06,-3.946835e-06,-4.892511e-06,-5.811356e-06,-6.649513e-06,-7.45853e-06,-8.154974e-06,-8.790814e-06,-9.293884e-06,-9.688883e-06,-1.000161e-05,-1.011745e-05,-1.022422e-05,-1.00457e-05,-9.947305e-06,-9.611447e-06,-9.188949e-06,-8.734084e-06,-8.114802e-06,-7.472045e-06,-6.737405e-06
-1.925579e-06,-1.686764e-06,-1.438558e-06,-1.199912e-06,-9.613124e-07,-7.387757e-07,-5.199346e-07,-3.196337e-07,-1.305187e-07,4.569986e-08,2.057505e-07,3.498535e-07,4.758807e-07,5.816264e-07,6.731469e-07,7.422669e-07,8.002476e-07,8.381539e-07,8.69258e-07,8.838593e-07,8.933594e-07,8.920277e-07,8.853172e-07,8.699701e-07,8.505273e-07,8.210325e-07,7.895172e-07,7.492143e-07,7.067276e-07,6.606766e-07,6.133999e-07,5.655635e-07,5.200737e-07,4.750571e-07,4.341822e-07,3.950433e-07,3.605195e-07,3.275652e-07,2.998707e-07,2.749252e-07,2.536952e-07,2.389534e-07,2.279544e-07,2.228787e-07,2.263547e-07,2.325881e-07,2.480836e-07,2.69462e-07,2.944084e-07,3.289781e-07,3.668221e-07,4.107443e-07,4.626242e-07,5.183978e-07,5.82007e-07,6.521281e-07,7.28274e-07,8.120552e-07,9.027356e-07,1.002034e-06,1.109275e-06,1.225743e-06,1.349208e-06,1.47758e-06,1.608769e-06,1.73852e-06,1.863668e-06,1.980188e-06,2.083223e-06,2.168588e-06,2.231923e-06,2.270866e-06,2.280298e-06,2.259932e-06,2.206903e-06,2.117348e-06,1.996031e-06,1.838691e-06,1.648344e-06,1.432529e-06,1.185309e-06,9.184743e-07,6.345898e-07,3.306467e-07,2.386141e-08,-2.927611e-07,-6.11757e-07,-9.247617e-07,-1.237392e-06,-1.540705e-06,-1.828953e-06,-2.108671e-06,-2.359059e-06,-2.592292e-06,-2.787747e-06,-2.956873e-06,-3.087531e-06,-3.174761e-06,-3.237698e-06,-3.240558e-06,-3.238929e-06,-3.160994e-06,-3.072924e-06,-2.950201e-06,-2.784539e-06,-2.60235e-06,-2.386134e-06,-2.165872e-06
-3.870615e-07,-3.338479e-07,-2.886661e-07,-2.364916e-07,-1.937612e-07,-1.474997e-07,-1.095649e-07,-6.656074e-08,-2.713816e-08,6.20533e-09,3.866003e-08,6.58252e-08,9.097087e-08,1.141878e-07,1.295851e-07,1.466273e-07,1.549299e-07,1.662199e-07,1.68595e-07,1.748634e-07,1.75016e-07,1.75943e-07,1.740841e-07,1.720972e-07,1.665943e-07,1.633744e-07,1.548364e-07,1.485876e-07,1.399301e-07,1.30538e-07,1.216224e-07,1.123868e-07,1.028187e-07,9.466737e-08,8.614735e-08,7.88564e-08,7.134529e-08,6.57847e-08,5.955394e-08,5.433782e-08,5.159679e-08,4.656204e-08,4.568688e-08,4.505324e-08,4.35744e-08,4.713068e-08,4.91704e-08,5.179798e-08,5.992784e-08,6.348224e-08,7.251987e-08,8.166622e-08,9.042228e-08,1.025012e-07,1.150947e-07,1.280525e-07,1.442941e-07,1.60002e-07,1.788225e-07,1.976158e-07,2.200284e-07,2.422728e-07,2.674466e-07,2.929172e-07,3.192267e-07,3.448451e-07,3.705422e-07,3.932529e-07,4.145479e-07,4.312332e-07,4.450577e-07,4.516528e-07,4.555033e-07,4.507723e-07,4.401224e-07,4.243227e-07,3.987093e-07,3.678491e-07,3.329449e-07,2.857043e-07,2.409806e-07,1.866503e-07,1.275688e-07,7.217587e-08,6.978022e-09,-5.506361e-08,-1.153627e-07,-1.822687e-07,-2.414854e-07,-3.019198e-07,-3.633124e-07,-4.131305e-07,-4.689072e-07,-5.104333e-07,-5.552561e-07,-5.85529e-07,-6.104921e-07,-6.368192e-07,-6.358385e-07,-6.561839e-07,-6.251361e-07,-6.382184e-07,-6.109012e-07,-5.807234e-07,-5.609025e-07,-5.166986e-07,-4.810748e-07,-4.298958e-07
-2.424368e-08,-2.116697e-08,-1.816258e-08,-1.510617e-08,-1.222928e-08,-9.426275e-09,-6.810215e-09,-4.260012e-09,-1.866478e-09,2.950326e-10,2.302522e-09,4.070138e-09,5.644206e-09,7.009354e-09,8.099717e-09,9.031447e-09,9.699063e-09,1.025247e-08,1.057759e-08,1.083376e-08,1.093376e-08,1.095099e-08,1.087237e-08,1.071474e-08,1.045519e-08,1.015131e-08,9.730147e-09,9.271781e-09,8.753595e-09,8.184299e-09,7.616462e-09,7.034556e-09,6.466875e-09,5.927432e-09,5.417822e-09,4.942667e-09,4.504165e-09,4.112553e-09,3.755431e-09,3.435564e-09,3.198849e-09,2.969448e-09,2.852027e-09,2.791037e-09,2.785302e-09,2.898706e-09,3.067237e-09,3.290596e-09,3.656952e-09,4.015857e-09,4.507599e-09,5.05778e-09,5.667555e-09,6.375172e-09,7.164247e-09,8.014112e-09,8.983093e-09,1.000759e-08,1.115389e-08,1.237488e-08,1.373675e-08,1.517689e-08,1.673585e-08,1.834581e-08,1.999858e-08,2.162752e-08,2.322161e-08,2.468514e-08,2.600745e-08,2.708974e-08,2.792847e-08,2.84178e-08,2.859996e-08,2.836074e-08,2.772264e-08,2.667092e-08,2.515341e-08,2.321941e-08,2.092361e-08,1.816413e-08,1.517833e-08,1.183971e-08,8.251029e-09,4.563643e-09,6.573456e-10,-3.279382e-09,-7.200678e-09,-1.120413e-08,-1.50614e-08,-1.885792e-08,-2.255463e-08,-2.59489e-08,-2.921092e-08,-3.205151e-08,-3.462786e-08,-3.670504e-08,-3.833011e-08,-3.963249e-08,-4.017093e-08,-4.06221e-08,-4.003508e-08,-3.961915e-08,-3.838243e-08,-3.673744e-08,-3.495843e-08,-3.254446e-08,-3.000847e-08,-2.71316e-08
0,0,0,0,0,0,0,0,0,0,0,0,0,0,0,0,0,0,0,0,0,0,0,0,0,0,0,0,0,0,0,0,0,0,0,0,0,0,0,0,0,0,0,0,0,0,0,0,0,0,0,0,0,0,0,0,0,0,0,0,0,0,0,0,0,0,0,0,0,0,0,0,0,0,0,0,0,0,0,0,0,0,0,0,0,0,0,0,0,0,0,0,0,0,0,0,0,0,0,0,0,0,0,0,0,0,0,0
