NaN,NaN,NaN,NaN,NaN,NaN,NaN,NaN,NaN,NaN,NaN,NaN,NaN,NaN,NaN,0,0,0,0,0,0,0,0,0,0,0,0,0,0,0,0,0,0,0,0,0,0,0,0,0,0,0,0,0,0,0,0,0,0,0,0,0,0,0,0,0,0,0,0,0,0,0,0,0,0,0,0,0,0,0,0,0,0,0,0,0,0,0,0,0,0,0,NaN,NaN,NaN,NaN,NaN,NaN,NaN,NaN,NaN,NaN,NaN,NaN,NaN,NaN
NaN,NaN,NaN,NaN,NaN,NaN,NaN,NaN,NaN,NaN,NaN,NaN,NaN,NaN,NaN,-2.164076e-06,-1.951328e-06,-2.131976e-06,-2.370249e-06,-2.616751e-06,-2.766322e-06,-2.891418e-06,-2.920622e-06,-2.934257e-06,-2.857343e-06,-2.76941e-06,-2.591003e-06,-2.402545e-06,-2.122199e-06,-1.83286e-06,-1.451716e-06,-1.064615e-06,-5.881918e-07,-1.113064e-07,4.495652e-07,1.002605e-06,1.631616e-06,2.242574e-06,2.920065e-06,3.568166e-06,4.27209e-06,4.934262e-06,5.641019e-06,6.294001e-06,6.98107e-06,7.602998e-06,8.24883e-06,8.818822e-06,9.404098e-06,9.90538e-06,1.041603e-05,1.083664e-05,1.126204e-05,1.159272e-05,1.192569e-05,1.216205e-05,1.240097e-05,1.254355e-05,1.269055e-05,1.274325e-05,1.280459e-05,1.277626e-05,1.276317e-05,1.266715e-05,1.259536e-05,1.245063e-05,1.234282e-05,1.217465e-05,1.205566e-05,1.188291e-05,1.175739e-05,1.155994e-05,1.13715e-05,1.10488e-05,1.065659e-05,1.005428e-05,9.349185e-06,8.491781e-06,7.709477e-06,6.989398e-06,6.214133e-06,4.276317e-06,NaN,NaN,NaN,NaN,NaN,NaN,NaN,NaN,NaN,NaN,NaN,NaN,NaN,NaN
NaN,NaN,NaN,NaN,NaN,NaN,NaN,NaN,NaN,NaN,NaN,NaN,NaN,NaN,NaN,-8.030341e-06,-7.278338e-06,-7.905472e-06,-8.839625e-06,-9.708664e-06,-1.031688e-05,-1.072083e-05,-1.087919e-05,-1.085939e-05,-1.062342e-05,-1.021901e-05,-9.60624e-06,-8.822222e-06,-7.831165e-06,-6.667057e-06,-5.301949e-06,-3.77019e-06,-2.052305e-06,-1.840255e-07,1.845882e-06,3.999788e-06,6.281281e-06,8.651938e-06,1.111008e-05,1.361821e-05,1.617074e-05,1.873144e-05,2.129151e-05,2.38172e-05,2.629855e-05,2.87058e-05,3.10287e-05,3.3242e-05,3.533622e-05,3.729218e-05,3.91028e-05,4.075532e-05,4.224402e-05,4.356154e-05,4.470346e-05,4.566888e-05,4.64559e-05,4.707043e-05,4.751216e-05,4.779304e-05,4.791408e-05,4.789376e-05,4.773492e-05,4.746341e-05,4.708477e-05,4.663419e-05,4.612037e-05,4.558467e-05,4.502807e-05,4.447773e-05,4.389458e-05,4.325192e-05,4.242815e-05,4.13159e-05,3.972567e-05,3.756919e-05,3.480786e-05,3.170413e-05,2.866117e-05,2.609266e-05,2.311261e-05,1.605838e-05,NaN,NaN,NaN,NaN,NaN,NaN,NaN,NaN,NaN,NaN,NaN,NaN,NaN,NaN
NaN,NaN,NaN,NaN,NaN,NaN,NaN,NaN,NaN,NaN,NaN,NaN,NaN,NaN,NaN,-1.596795e-05,-1.447772e-05,-1.575082e-05,-1.763681e-05,-1.93923e-05,-2.060543e-05,-2.14031e-05,-2.169101e-05,-2.162069e-05,-2.110329e-05,-2.024932e-05,-1.896514e-05,-1.734012e-05,-1.528889e-05,-1.289465e-05,-1.008689e-05,-6.949572e-06,-3.429433e-06,3.852734e-07,4.531202e-06,8.916726e-06,1.356503e-05,1.838291e-05,2.338225e-05,2.846942e-05,3.364868e-05,3.88302e-05,4.401453e-05,4.911673e-05,5.413372e-05,5.898574e-05,6.366973e-05,6.811671e-05,7.232848e-05,7.624772e-05,7.987948e-05,8.317635e-05,8.614727e-05,8.875735e-05,9.102117e-05,9.291556e-05,9.4459e-05,9.563948e-05,9.648041e-05,9.698277e-05,9.717471e-05,9.706841e-05,9.669556e-05,9.608177e-05,9.52664e-05,9.429304e-05,9.320775e-05,9.206364e-05,9.089211e-05,8.971678e-05,8.848976e-05,8.712201e-05,8.539749e-05,8.306175e-05,7.976791e-05,7.530714e-05,6.964977e-05,6.330102e-05,5.712503e-05,5.191586e-05,4.594823e-05,3.189209e-05,NaN,NaN,NaN,NaN,NaN,NaN,NaN,NaN,NaN,NaN,NaN,NaN,NaN,NaN
NaN,NaN,NaN,NaN,NaN,NaN,NaN,NaN,NaN,NaN,NaN,NaN,NaN,NaN,NaN,-2.411034e-05,-2.18849e-05,-2.386855e-05,-2.681141e-05,-2.953149e-05,-3.138864e-05,-3.256381e-05,-3.293296e-05,-3.272328e-05,-3.181424e-05,-3.036746e-05,-2.825127e-05,-2.559395e-05,-2.227502e-05,-1.841446e-05,-1.391565e-05,-8.901074e-06,-3.299644e-06,2.761027e-06,9.327254e-06,1.626454e-05,2.359599e-05,3.118404e-05,3.903671e-05,4.701934e-05,5.51289e-05,6.323419e-05,7.132281e-05,7.927122e-05,8.7065e-05,9.45935e-05,0.0001018425,0.0001087148,0.0001151993,0.0001212182,0.000126769,0.0001317945,0.0001362973,0.0001402363,0.0001436189,0.0001464237,0.0001486674,0.00015035,0.0001514933,0.0001521156,0.0001522433,0.0001519147,0.0001511629,0.0001500485,0.0001486128,0.0001469445,0.0001450943,0.0001431677,0.0001411888,0.000139213,0.0001371347,0.0001348343,0.0001319458,0.000128097,0.00012272,0.0001155253,0.0001064617,9.638584e-05,8.664966e-05,7.853511e-05,6.940123e-05,4.816083e-05,NaN,NaN,NaN,NaN,NaN,NaN,NaN,NaN,NaN,NaN,NaN,NaN,NaN,NaN
NaN,NaN,NaN,NaN,NaN,NaN,NaN,NaN,NaN,NaN,NaN,NaN,NaN,NaN,NaN,-3.10184e-05,-2.821972e-05,-3.093636e-05,-3.497222e-05,-3.86397e-05,-4.110011e-05,-4.252965e-05,-4.285167e-05,-4.231094e-05,-4.08359e-05,-3.856477e-05,-3.541244e-05,-3.146431e-05,-2.665669e-05,-2.105796e-05,-1.464007e-05,-7.469685e-06,4.406576e-07,9.018043e-06,1.821193e-05,2.794615e-05,3.814016e-05,4.871771e-05,5.957198e-05,7.062854e-05,8.176352e-05,9.291489e-05,0.000103951,0.0001148229,0.0001253896,0.0001356154,0.0001453592,0.0001546126,0.0001632452,0.0001712751,0.0001785772,0.0001851924,0.0001910038,0.0001960823,0.0002003228,0.0002038218,0.0002064805,0.0002084203,0.0002095526,0.0002100286,0.0002097687,0.0002089477,0.0002074919,0.0002056055,0.0002032292,0.0002006049,0.0001976826,0.0001947196,0.0001916265,0.0001885903,0.0001853415,0.0001818171,0.0001773832,0.0001716318,0.0001636794,0.0001532755,0.0001403071,0.0001261418,0.0001125885,0.0001015163,8.942169e-05,6.20438e-05,NaN,NaN,NaN,NaN,NaN,NaN,NaN,NaN,NaN,NaN,NaN,NaN,NaN,NaN
NaN,NaN,NaN,NaN,NaN,NaN,NaN,NaN,NaN,NaN,NaN,NaN,NaN,NaN,NaN,-3.602664e-05,-3.288935e-05,-3.649133e-05,-4.173342e-05,-4.646381e-05,-4.943057e-05,-5.096366e-05,-5.089815e-05,-4.969852e-05,-4.717143e-05,-4.363812e-05,-3.886212e-05,-3.310155e-05,-2.613458e-05,-1.820896e-05,-9.143688e-06,8.049511e-07,1.177551e-05,2.350074e-05,3.607867e-05,4.922822e-05,6.300957e-05,7.713569e-05,9.164504e-05,0.0001062568,0.0001209948,0.0001355842,0.0001500362,0.0001640907,0.0001777607,0.000190811,0.0002032596,0.0002148952,0.0002257445,0.0002356314,0.0002446034,0.0002525219,0.0002594467,0.0002652665,0.0002700512,0.0002737245,0.0002763761,0.0002779666,0.0002785971,0.0002782576,0.0002770589,0.0002750249,0.0002722797,0.0002688831,0.0002649735,0.0002606529,0.0002560717,0.0002513477,0.0002465699,0.0002417417,0.0002367005,0.0002311136,0.0002243503,0.0002156402,0.0002040628,0.0001891204,0.0001710312,0.0001515478,0.0001334301,0.0001189263,0.0001042047,7.217909e-05,NaN,NaN,NaN,NaN,NaN,NaN,NaN,NaN,NaN,NaN,NaN,NaN,NaN,NaN
NaN,NaN,NaN,NaN,NaN,NaN,NaN,NaN,NaN,NaN,NaN,NaN,NaN,NaN,NaN,-3.918421e-05,-3.610571e-05,-4.102789e-05,-4.814104e-05,-5.428516e-05,-5.783941e-05,-5.905951e-05,-5.803499e-05,-5.522625e-05,-5.065741e-05,-4.453264e-05,-3.681095e-05,-2.758931e-05,-1.686137e-05,-4.697155e-06,8.844954e-06,2.36953e-05,3.972444e-05,5.685166e-05,7.488359e-05,9.373629e-05,0.0001131687,0.0001331001,0.0001532488,0.0001735415,0.0001936739,0.0002136002,0.0002330101,0.0002518861,0.0002699079,0.0002870859,0.0003031075,0.000318036,0.0003315851,0.0003438682,0.0003546136,0.0003639771,0.0003717072,0.0003780142,0.0003826714,0.0003859338,0.0003875882,0.0003879319,0.0003867728,0.0003844586,0.0003808147,0.0003762266,0.0003705302,0.0003641564,0.0003569642,0.0003494363,0.0003414341,0.0003334372,0.0003252062,0.0003170457,0.0003083549,0.0002989479,0.0002875725,0.0002734707,0.0002551088,0.0002322894,0.0002053006,0.0001772168,0.0001517413,0.0001322356,0.0001143122,7.911061e-05,NaN,NaN,NaN,NaN,NaN,NaN,NaN,NaN,NaN,NaN,NaN,NaN,NaN,NaN
NaN,NaN,NaN,NaN,NaN,NaN,NaN,NaN,NaN,NaN,NaN,NaN,NaN,NaN,-5.254422e-05,-4.090065e-05,-3.841507e-05,-4.613432e-05,-5.68355e-05,-6.566098e-05,-6.980264e-05,-6.998595e-05,-6.629939e-05,-5.981804e-05,-5.0369e-05,-3.859773e-05,-2.415811e-05,-7.551476e-06,1.154587e-05,3.26383e-05,5.596602e-05,8.100448e-05,0.0001079126,0.0001361386,0.0001657692,0.0001962254,0.0002275325,0.000259103,0.0002909336,0.000322455,0.0003536524,0.0003839779,0.000413412,0.0004414441,0.0004680768,0.0004928558,0.0005158125,0.00053655,0.0005551372,0.0005712531,0.0005850237,0.0005962056,0.0006049639,0.0006111125,0.0006148497,0.000616057,0.0006149809,0.0006115711,0.0006061062,0.0005985895,0.0005893269,0.0005783783,0.0005660807,0.0005525502,0.0005381506,0.00052305,0.0005076107,0.0004919639,0.0004762831,0.0004603556,0.0004437543,0.0004254752,0.0004041335,0.0003779195,0.0003452238,0.0003054077,0.0002601582,0.0002142148,0.0001742904,0.000144628,0.0001214117,8.332343e-05,9.688015e-06,NaN,NaN,NaN,NaN,NaN,NaN,NaN,NaN,NaN,NaN,NaN,NaN,NaN
NaN,NaN,NaN,NaN,NaN,NaN,NaN,NaN,NaN,NaN,NaN,NaN,NaN,NaN,-5.368763e-05,-4.176896e-05,-4.128475e-05,-5.552488e-05,-7.422084e-05,-8.781457e-05,-9.221202e-05,-8.869154e-05,-7.829779e-05,-6.248083e-05,-4.156814e-05,-1.611398e-05,1.385329e-05,4.803692e-05,8.6321e-05,0.000128421,0.0001740505,0.0002228867,0.0002744771,0.0003284542,0.0003842279,0.0004414118,0.0004993219,0.0005575794,0.000615438,0.0006725507,0.0007281561,0.0007819841,0.0008332968,0.0008819084,0.0009271047,0.0009687909,0.001006316,0.001039727,0.001068475,0.001092747,0.001112076,0.001126769,0.001136445,0.001141542,0.001141764,0.001137661,0.001129,0.001116434,0.001099802,0.001079867,0.001056527,0.001030622,0.001002096,0.0009718709,0.0009399449,0.0009073043,0.0008739092,0.000840602,0.000806954,0.0007731213,0.0007375595,0.0006989468,0.0006540782,0.000600367,0.000534683,0.0004571815,0.0003713931,0.000287291,0.0002163024,0.0001649815,0.0001291278,8.689417e-05,1.095055e-05,NaN,NaN,NaN,NaN,NaN,NaN,NaN,NaN,NaN,NaN,NaN,NaN,NaN
NaN,NaN,NaN,NaN,NaN,NaN,NaN,NaN,NaN,NaN,NaN,NaN,NaN,NaN,-5.402765e-05,-4.234971e-05,-4.739612e-05,-7.763854e-05,-0.0001117838,-0.0001316458,-0.0001322985,-0.0001180726,-9.093326e-05,-5.385456e-05,-6.866365e-06,4.862943e-05,0.0001131122,0.000185467,0.0002659884,0.0003534523,0.0004478456,0.000547789,0.0006530115,0.0007620152,0.0008743283,0.000988367,0.001103518,0.00121818,0.0013317,0.001442545,0.001550093,0.001652917,0.001750464,0.001841454,0.001925468,0.002001418,0.002069053,0.002127511,0.002176747,0.002216161,0.002245942,0.002265738,0.002275928,0.002276359,0.002267578,0.002249632,0.002223253,0.002188679,0.002146794,0.002097984,0.002043265,0.001983157,0.001918796,0.001850819,0.001780459,0.001708403,0.001635806,0.001562983,0.001490282,0.001416535,0.00133991,0.001256385,0.001161214,0.001048361,0.0009140522,0.0007584191,0.0005913982,0.0004317165,0.000301979,0.0002080052,0.0001434422,9.021626e-05,1.219569e-05,NaN,NaN,NaN,NaN,NaN,NaN,NaN,NaN,NaN,NaN,NaN,NaN,NaN
NaN,NaN,NaN,NaN,NaN,NaN,NaN,NaN,NaN,NaN,NaN,NaN,NaN,NaN,-5.423506e-05,-4.367001e-05,-6.452892e-05,-0.0001278634,-0.0001811234,-0.0001994354,-0.0001845516,-0.0001452273,-8.539265e-05,-8.205201e-06,8.578719e-05,0.0001956558,0.0003212011,0.0004616607,0.0006162655,0.0007839481,0.0009633243,0.00115303,0.001351192,0.001556222,0.001765886,0.001978475,0.002191549,0.002403392,0.002611494,0.002814251,0.00300924,0.003195105,0.003369621,0.003531717,0.0036794,0.003811931,0.00392766,0.004026307,0.004106672,0.004168946,0.004212344,0.004237465,0.004243907,0.004232667,0.004203707,0.004158354,0.004096888,0.004020934,0.003931088,0.003829251,0.003716288,0.003594286,0.00346433,0.003328668,0.003188591,0.003046362,0.002903089,0.002760215,0.002617342,0.002473118,0.002323251,0.002161277,0.001978097,0.00176435,0.001514092,0.001230458,0.0009332246,0.0006582565,0.0004454966,0.0002963073,0.0001795681,9.682203e-05,1.451161e-05,NaN,NaN,NaN,NaN,NaN,NaN,NaN,NaN,NaN,NaN,NaN,NaN,NaN
NaN,NaN,NaN,NaN,NaN,NaN,NaN,NaN,NaN,NaN,NaN,NaN,NaN,NaN,-5.411308e-05,-4.831886e-05,-0.0001085983,-0.0002143831,-0.0002677586,-0.0002639686,-0.0002162767,-0.00013674,-2.895388e-05,0.0001041476,0.0002628098,0.0004460181,0.0006538688,0.0008849234,0.001138265,0.001411659,0.001703279,0.002010251,0.002330117,0.002659561,0.002995708,0.003334945,0.003674174,0.004009695,0.004338463,0.004656931,0.00496232,0.005251377,0.005521717,0.005770484,0.005995817,0.006195375,0.00636794,0.00651179,0.00662647,0.006710952,0.006765575,0.006789939,0.006785065,0.006751053,0.006689542,0.006601094,0.006487969,0.006351144,0.006193427,0.006016108,0.005822477,0.005614037,0.005394521,0.005165569,0.004931276,0.004693133,0.004454996,0.004216879,0.003980274,0.003740569,0.003493301,0.003225971,0.002927438,0.002581634,0.00218415,0.001739875,0.001285943,0.000878487,0.000588475,0.0004149683,0.0002616222,0.0001108832,1.708197e-05,NaN,NaN,NaN,NaN,NaN,NaN,NaN,NaN,NaN,NaN,NaN,NaN,NaN
NaN,NaN,NaN,NaN,NaN,NaN,NaN,NaN,NaN,NaN,NaN,NaN,NaN,NaN,-5.433888e-05,-6.444574e-05,-0.0001935655,-0.0003079401,-0.0003296553,-0.0002844823,-0.0001932334,-6.332863e-05,9.96473e-05,0.000297443,0.0005277316,0.0007931465,0.001090567,0.001421302,0.001780769,0.002168844,0.00257982,0.003012505,0.003460482,0.003921794,0.004389613,0.004861497,0.005330515,0.005794023,0.006245298,0.006681791,0.007097305,0.007489666,0.007853422,0.008186872,0.008485391,0.008747851,0.008970671,0.009153547,0.009294134,0.009392975,0.009448905,0.009463179,0.009435717,0.009368405,0.009262182,0.009119416,0.008941979,0.008732632,0.008494164,0.008229637,0.007942662,0.00763639,0.007315158,0.006982088,0.006642173,0.006298065,0.005954518,0.005611763,0.005271428,0.004927056,0.004572447,0.004190242,0.003766088,0.003278538,0.002724744,0.002113335,0.001500303,0.000964649,0.0006154186,0.0004712907,0.0003860863,0.0001506558,2.19447e-05,NaN,NaN,NaN,NaN,NaN,NaN,NaN,NaN,NaN,NaN,NaN,NaN,NaN
NaN,NaN,NaN,NaN,NaN,NaN,NaN,NaN,NaN,NaN,NaN,NaN,NaN,-7.099e-05,-5.512425e-05,-0.0001097705,-0.0002930858,-0.0003631708,-0.0003367112,-0.0002395467,-9.927399e-05,8.712703e-05,0.0003089628,0.0005756839,0.0008801412,0.001230493,0.001618882,0.002050508,0.002516188,0.003018495,0.003547361,0.004103433,0.004676281,0.005265177,0.005859662,0.006458009,0.007050034,0.007633438,0.008198735,0.008743511,0.009259328,0.009743947,0.01019017,0.01059613,0.01095603,0.01126856,0.01152956,0.01173843,0.01189283,0.01199301,0.01203842,0.01203006,0.011969,0.01185669,0.01169572,0.0114879,0.0112373,0.01094598,0.01061939,0.01025963,0.009873424,0.00946271,0.009035382,0.008593008,0.008144516,0.007690427,0.007239596,0.006788981,0.00634372,0.005891764,0.00542887,0.004929096,0.004379346,0.003749224,0.003042611,0.002267769,0.001504658,0.0008491579,0.0004543395,0.0003619764,0.0004524017,0.0002448638,3.047631e-05,-9.609747e-05,NaN,NaN,NaN,NaN,NaN,NaN,NaN,NaN,NaN,NaN,NaN,NaN
NaN,NaN,NaN,NaN,NaN,NaN,NaN,NaN,NaN,NaN,NaN,NaN,NaN,-7.170809e-05,-5.991267e-05,-0.0001925408,-0.0003608025,-0.0003601379,-0.0002790838,-0.0001221451,7.094593e-05,0.0003189818,0.0006016304,0.0009403725,0.001319132,0.001755612,0.002233214,0.002764937,0.003332989,0.003946579,0.004587272,0.005261595,0.005951032,0.006660183,0.007370815,0.008086183,0.00878871,0.009480842,0.01014605,0.0107865,0.01138713,0.01195029,0.01246267,0.01292697,0.0133317,0.0136801,0.01396273,0.01418376,0.01433605,0.01442473,0.01444485,0.01440228,0.01429409,0.01412676,0.01389921,0.0136183,0.01328464,0.01290531,0.01248259,0.01202363,0.0115322,0.01101519,0.01047766,0.009926023,0.009366445,0.00880403,0.008244567,0.007688808,0.007137781,0.006581625,0.006010075,0.005397364,0.00472317,0.003958248,0.003103924,0.002179318,0.001276153,0.0005180844,8.486407e-05,5.671038e-05,0.0003473814,0.0003859327,5.032703e-05,-9.76356e-05,NaN,NaN,NaN,NaN,NaN,NaN,NaN,NaN,NaN,NaN,NaN,NaN
NaN,NaN,NaN,NaN,NaN,NaN,NaN,NaN,NaN,NaN,NaN,NaN,NaN,-7.208778e-05,-7.705547e-05,-0.0002738323,-0.0003727275,-0.0002950058,-0.0001498067,6.924227e-05,0.0003217928,0.0006317282,0.00097921,0.001388209,0.001842792,0.002361476,0.002927227,0.003552799,0.004219521,0.00493574,0.005681857,0.006463262,0.007260176,0.008076055,0.008891352,0.009708209,0.01050765,0.01129119,0.01204096,0.01275854,0.0134276,0.0140502,0.01461176,0.01511511,0.01554758,0.01591306,0.01620098,0.01641656,0.0165515,0.0166125,0.01659351,0.01650257,0.0163355,0.01610141,0.0157977,0.01543439,0.01501037,0.01453648,0.01401282,0.01345087,0.01285169,0.01222718,0.01157905,0.01091938,0.01025004,0.009582465,0.008916809,0.008260563,0.007606822,0.006952328,0.006275598,0.00555775,0.004764576,0.003877563,0.002885777,0.001831414,0.0008019158,-3.592278e-05,-0.0005019723,-0.0004509449,2.696568e-05,0.0004470763,8.961246e-05,-0.000102014,NaN,NaN,NaN,NaN,NaN,NaN,NaN,NaN,NaN,NaN,NaN,NaN
NaN,NaN,NaN,NaN,NaN,NaN,NaN,NaN,NaN,NaN,NaN,NaN,NaN,-7.313122e-05,-0.0001268936,-0.0003183958,-0.0003206728,-0.0001672929,5.34834e-05,0.000333524,0.0006523889,0.001021879,0.00143747,0.001912533,0.002442883,0.003037381,0.003687966,0.004398522,0.005157251,0.005964543,0.006806178,0.007680588,0.008572151,0.009478309,0.01038267,0.01128244,0.01216103,0.01301601,0.01383112,0.01460495,0.01532212,0.01598286,0.01657303,0.01709468,0.01753492,0.01789779,0.01817194,0.01836393,0.01846414,0.0184817,0.01840849,0.01825601,0.01801733,0.01770616,0.01731638,0.01686368,0.01634238,0.01577013,0.01514146,0.0144759,0.01376775,0.01303818,0.01228073,0.01151813,0.01074239,0.009977011,0.00920996,0.008462078,0.007711154,0.006968555,0.006193443,0.005383477,0.004481277,0.003490622,0.002377069,0.001218803,8.257e-05,-0.0008087212,-0.001298754,-0.001157183,-0.0005078901,0.0003246192,0.0001702549,-9.622107e-05,NaN,NaN,NaN,NaN,NaN,NaN,NaN,NaN,NaN,NaN,NaN,NaN
NaN,NaN,NaN,NaN,NaN,NaN,NaN,NaN,NaN,NaN,NaN,NaN,NaN,-7.45428e-05,-0.0002019896,-0.000317111,-0.0002018237,2.44253e-05,0.0003300979,0.0006683855,0.001058725,0.001483147,0.001968697,0.00250274,0.003107439,0.00376773,0.00449829,0.005280645,0.006123173,0.007005251,0.007930935,0.008878947,0.009850603,0.01082495,0.01180146,0.01276004,0.01369896,0.01459963,0.01545991,0.01626343,0.01700828,0.01768073,0.0182794,0.01879346,0.01922225,0.0195581,0.01980128,0.01994752,0.01999821,0.01995264,0.01981319,0.0195826,0.01926374,0.01886241,0.01838151,0.01782974,0.01720974,0.01653305,0.01580166,0.01502988,0.01421849,0.01338439,0.01252654,0.01166425,0.01079368,0.009935698,0.009080818,0.008247933,0.007415155,0.00659232,0.005736344,0.004844572,0.003855805,0.00277761,0.001573007,0.0003330168,-0.0008745732,-0.001802064,-0.002291268,-0.002067213,-0.001241998,-2.980931e-05,0.0002637596,-7.434965e-05,NaN,NaN,NaN,NaN,NaN,NaN,NaN,NaN,NaN,NaN,NaN,NaN
NaN,NaN,NaN,NaN,NaN,NaN,NaN,NaN,NaN,NaN,NaN,NaN,-9.036189e-05,-7.759455e-05,-0.000243458,-0.000260607,-2.177637e-05,0.0002815065,0.0006722154,0.001070037,0.001529431,0.002007163,0.00255752,0.003145712,0.003816446,0.004534153,0.005332937,0.006175016,0.007086081,0.008027227,0.009018382,0.01002099,0.0110513,0.01207202,0.01309685,0.01409022,0.01506406,0.01598508,0.01686443,0.01767173,0.01841809,0.0190765,0.01965843,0.02014039,0.02053438,0.02082055,0.02101173,0.02109202,0.02107532,0.0209497,0.02072995,0.0204078,0.01999854,0.01949727,0.01891935,0.01826282,0.01754267,0.01675969,0.01592831,0.01505205,0.0141443,0.01321082,0.01226322,0.01130914,0.01035754,0.009416899,0.008490643,0.00758396,0.006688042,0.005797404,0.004882788,0.003924704,0.002878144,0.001733571,0.0004760664,-0.0008194628,-0.002054787,-0.003000791,-0.003457156,-0.003167244,-0.002154006,-0.0006271789,0.0002612041,-3.811092e-05,-0.0002523396,NaN,NaN,NaN,NaN,NaN,NaN,NaN,NaN,NaN,NaN,NaN
NaN,NaN,NaN,NaN,NaN,NaN,NaN,NaN,NaN,NaN,NaN,NaN,-9.176361e-05,-9.096017e-05,-0.000232498,-0.0001392391,0.0002144221,0.000602915,0.001071481,0.001531305,0.002051886,0.002581293,0.003186706,0.00382325,0.004547546,0.005312617,0.006164009,0.007051417,0.008011962,0.008993546,0.01002797,0.011063,0.01212721,0.01316917,0.01421552,0.01521625,0.01619705,0.01710979,0.01798004,0.01876217,0.01948251,0.02009848,0.02063765,0.0210605,0.02139604,0.02160787,0.0217267,0.02171945,0.02161879,0.02139491,0.02108244,0.02065453,0.02014734,0.01953631,0.01885862,0.01809156,0.01727324,0.01638251,0.01545815,0.01448011,0.01348745,0.01246067,0.01143877,0.01040205,0.009388581,0.008376705,0.007401071,0.006433513,0.005499231,0.004555526,0.003611078,0.002605004,0.00153674,0.0003509226,-0.0009132712,-0.002234138,-0.003447453,-0.004392546,-0.004781983,-0.004442816,-0.003235017,-0.001460724,9.40891e-05,-7.050612e-06,-0.0002794995,NaN,NaN,NaN,NaN,NaN,NaN,NaN,NaN,NaN,NaN,NaN
NaN,NaN,NaN,NaN,NaN,NaN,NaN,NaN,NaN,NaN,NaN,NaN,-9.418172e-05,-0.0001379666,-0.0001848335,4.787813e-05,0.0004998645,0.0009823762,0.001515583,0.002040377,0.00260834,0.003188483,0.003833271,0.004513317,0.005272494,0.006075652,0.006957275,0.007876353,0.008860487,0.009864938,0.01091344,0.01195971,0.01302578,0.01406506,0.01509909,0.01608163,0.01703457,0.01791262,0.01873886,0.01946958,0.02012993,0.02067842,0.02114279,0.02148371,0.02173154,0.02184909,0.02186969,0.02175852,0.02155225,0.02121818,0.02079614,0.02025506,0.01963771,0.01891415,0.01812965,0.01725454,0.0163363,0.01534504,0.01433058,0.01326238,0.0121924,0.01108836,0.01000399,0.008904191,0.007843991,0.006783326,0.005776329,0.004772827,0.003820824,0.002851841,0.001902291,0.000881443,-0.0001765837,-0.00136218,-0.002592568,-0.00389102,-0.005040992,-0.005946449,-0.006249502,-0.005856356,-0.0044775,-0.00248863,-0.000291452,5.847565e-06,-0.0002892286,NaN,NaN,NaN,NaN,NaN,NaN,NaN,NaN,NaN,NaN,NaN
NaN,NaN,NaN,NaN,NaN,NaN,NaN,NaN,NaN,NaN,NaN,NaN,-9.609797e-05,-0.0001989215,-9.854352e-05,0.0002941743,0.0008320449,0.001408463,0.001994553,0.002580171,0.003182566,0.003806181,0.004475182,0.005187904,0.005963522,0.006789684,0.007679128,0.00861049,0.009592065,0.01059623,0.01162931,0.01266028,0.01369585,0.01470354,0.01569129,0.01662558,0.01751596,0.01832875,0.01907627,0.01972577,0.02029296,0.0207462,0.02110475,0.02133836,0.02147027,0.02147175,0.02137002,0.02113769,0.02080606,0.02034909,0.01980227,0.01914055,0.01840319,0.01756523,0.0166692,0.01568945,0.01467154,0.01358862,0.01248936,0.01134515,0.01020757,0.009045163,0.007911982,0.006772358,0.005682315,0.004599813,0.003580855,0.002571922,0.001624142,0.0006647028,-0.0002644562,-0.001258475,-0.002274266,-0.003407556,-0.004564895,-0.005780933,-0.006831723,-0.007644699,-0.007853476,-0.007381655,-0.005880921,-0.003676733,-0.0009709106,-5.754322e-05,-0.0002663977,NaN,NaN,NaN,NaN,NaN,NaN,NaN,NaN,NaN,NaN,NaN
NaN,NaN,NaN,NaN,NaN,NaN,NaN,NaN,NaN,NaN,NaN,NaN,-9.528032e-05,-0.0001983486,3.779992e-05,0.0005873176,0.001204298,0.001865505,0.002493156,0.003129922,0.003752958,0.004409082,0.005085112,0.005816625,0.006587368,0.007419421,0.008291321,0.00921418,0.01016318,0.01114237,0.01212632,0.01311509,0.01408429,0.01503175,0.01593506,0.01679107,0.01758002,0.0182984,0.01892942,0.01946999,0.01990715,0.02023918,0.02045744,0.02056154,0.02054684,0.02041415,0.02016303,0.0197958,0.01931633,0.01872823,0.01803943,0.01725443,0.01638485,0.0154355,0.01442098,0.01334551,0.01222623,0.01106636,0.009885549,0.008685568,0.007488182,0.006292726,0.005122438,0.00397303,0.00286836,0.001798447,0.0007855016,-0.0001905376,-0.001113574,-0.002020101,-0.002904009,-0.003819881,-0.004761906,-0.005781186,-0.00682755,-0.007891639,-0.008809173,-0.009467174,-0.00957597,-0.00899144,-0.007421625,-0.005000616,-0.001942755,-0.0002308848,-0.0002140388,NaN,NaN,NaN,NaN,NaN,NaN,NaN,NaN,NaN,NaN,NaN
NaN,NaN,NaN,NaN,NaN,NaN,NaN,NaN,NaN,NaN,NaN,-0.0001043772,-9.166911e-05,-0.0001277117,0.000233545,0.0009168733,0.001609804,0.002336785,0.002997125,0.003666759,0.004298938,0.004968497,0.00563719,0.006366184,0.007113789,0.007926703,0.008758185,0.009643763,0.01053362,0.01145617,0.01236112,0.01327314,0.01414326,0.01499436,0.01577963,0.01652125,0.01717498,0.01776303,0.01824415,0.01864152,0.01891756,0.01909724,0.01914692,0.01909351,0.01890711,0.01861656,0.01819557,0.01767497,0.01703197,0.01629944,0.01545788,0.01454199,0.01353491,0.01247248,0.01133957,0.01017247,0.008957205,0.007730265,0.006478417,0.005238026,0.003996016,0.002788038,0.001600179,0.0004663223,-0.0006297697,-0.00165757,-0.002638065,-0.003547281,-0.004415459,-0.005229835,-0.006033663,-0.006824764,-0.007651021,-0.008499511,-0.009385708,-0.01023449,-0.01097295,-0.01142086,-0.01140857,-0.01068582,-0.009078726,-0.006464617,-0.00316672,-0.0005270232,-0.0001636806,-0.0004597479,NaN,NaN,NaN,NaN,NaN,NaN,NaN,NaN,NaN,NaN
NaN,NaN,NaN,NaN,NaN,NaN,NaN,NaN,NaN,NaN,NaN,-0.0001067754,-9.792414e-05,-1.868854e-05,0.000484047,0.001271259,0.002034656,0.002803426,0.003486015,0.004166265,0.00479466,0.005455453,0.006101071,0.006803751,0.007508414,0.008275106,0.009041653,0.009859584,0.01066196,0.011495,0.01228947,0.0130897,0.01382677,0.01454542,0.01517767,0.01576906,0.01625264,0.01667559,0.01697284,0.01719428,0.01727724,0.0172749,0.01712705,0.01689043,0.01650711,0.01603738,0.01542536,0.01473503,0.01391229,0.01302474,0.01201949,0.0109676,0.009816993,0.008641981,0.007390126,0.006138032,0.004831661,0.003549805,0.002236584,0.0009732998,-0.0002987517,-0.001496443,-0.002682935,-0.003773802,-0.004838393,-0.005791966,-0.006713174,-0.007519041,-0.008301751,-0.008982096,-0.009669423,-0.01028584,-0.01095231,-0.01157151,-0.01224738,-0.01281692,-0.01332695,-0.01350702,-0.01334372,-0.01245535,-0.01082932,-0.008055251,-0.004597482,-0.001004587,-0.0001478713,-0.000511426,NaN,NaN,NaN,NaN,NaN,NaN,NaN,NaN,NaN,NaN
NaN,NaN,NaN,NaN,NaN,NaN,NaN,NaN,NaN,NaN,NaN,-0.0001110203,-0.0001323428,0.0001182915,0.0007802238,0.001642336,0.002464474,0.003247908,0.003939548,0.004604894,0.005216377,0.005842516,0.006449685,0.007097337,0.007740499,0.008429345,0.009109333,0.00982454,0.01051406,0.01121906,0.01187519,0.0125236,0.01309889,0.0136441,0.01409383,0.01449359,0.01477811,0.01499583,0.01508228,0.01508979,0.01495532,0.01473564,0.01436917,0.01391735,0.01332001,0.0126434,0.01182823,0.01094528,0.009935584,0.008874541,0.007703344,0.006502234,0.005211773,0.003916391,0.002554572,0.001214309,-0.0001690204,-0.001503824,-0.002858562,-0.004137863,-0.005415128,-0.006591425,-0.007746848,-0.008779388,-0.009778056,-0.01063831,-0.01146104,-0.01214018,-0.0127925,-0.01331073,-0.01383038,-0.01423851,-0.01468541,-0.01503423,-0.01543091,-0.01567713,-0.01588849,-0.01576575,-0.01539141,-0.01433075,-0.01265739,-0.009791307,-0.006193811,-0.001843215,-0.0002819586,-0.0005412275,NaN,NaN,NaN,NaN,NaN,NaN,NaN,NaN,NaN,NaN
NaN,NaN,NaN,NaN,NaN,NaN,NaN,NaN,NaN,NaN,NaN,-0.0001153399,-0.0001629723,0.0002860413,0.001105531,0.002019188,0.002878282,0.003652055,0.004332453,0.004960229,0.005535665,0.006104268,0.006652677,0.007220087,0.007778699,0.008361191,0.008928483,0.009509241,0.01005706,0.01059964,0.01108669,0.01154722,0.01192919,0.01226423,0.0124999,0.01267133,0.01272631,0.01270345,0.01255089,0.01231114,0.01193357,0.01146558,0.01085833,0.01016402,0.009335031,0.008427977,0.007396191,0.006300732,0.0050956,0.003846012,0.002506075,0.001145038,-0.0002832692,-0.001705823,-0.003170225,-0.004600748,-0.006047881,-0.007433563,-0.008811587,-0.01010115,-0.0113601,-0.01250543,-0.01360093,-0.01456217,-0.01546077,-0.01621139,-0.01689579,-0.01742851,-0.01790421,-0.01823675,-0.01853456,-0.01870612,-0.01886999,-0.01891594,-0.0189605,-0.01884975,-0.01868266,-0.01823148,-0.01756645,-0.01633507,-0.0145519,-0.01167721,-0.007918403,-0.003158393,-0.0006996805,-0.0005183315,NaN,NaN,NaN,NaN,NaN,NaN,NaN,NaN,NaN,NaN
NaN,NaN,NaN,NaN,NaN,NaN,NaN,NaN,NaN,NaN,NaN,-0.000112627,-0.0001125355,0.000498413,0.001448009,0.00239079,0.003259388,0.003998233,0.004645506,0.005211318,0.005731262,0.006217259,0.006687973,0.007148157,0.007601522,0.008046735,0.008477607,0.008889737,0.009270785,0.009615101,0.009906955,0.01014173,0.01030323,0.01038957,0.01038521,0.01029088,0.01009188,0.009791696,0.009377242,0.008855319,0.008215133,0.007467087,0.006603064,0.005637093,0.004563787,0.003400423,0.002143956,0.0008142549,-0.000589824,-0.002046221,-0.003554199,-0.005089613,-0.006650086,-0.008210161,-0.009766912,-0.01129477,-0.01279117,-0.01423106,-0.01561271,-0.01691199,-0.01812854,-0.01923953,-0.02024678,-0.0211299,-0.02189477,-0.02252515,-0.02303241,-0.0234048,-0.02365934,-0.02378779,-0.02381181,-0.02372351,-0.02354495,-0.02326099,-0.02288662,-0.0223892,-0.02176913,-0.02096019,-0.01992564,-0.01850877,-0.01655321,-0.01371715,-0.009804392,-0.004887889,-0.001295077,-0.0004648915,NaN,NaN,NaN,NaN,NaN,NaN,NaN,NaN,NaN,NaN
NaN,NaN,NaN,NaN,NaN,NaN,NaN,NaN,NaN,NaN,NaN,-0.0001051707,4.954033e-06,0.0007569242,0.001792164,0.002743385,0.00358653,0.004269008,0.004855053,0.005340504,0.005780436,0.006165669,0.006533752,0.006866298,0.00718765,0.007472978,0.007738971,0.007957518,0.008141181,0.008260135,0.008325242,0.008306846,0.008216788,0.008027096,0.007751874,0.007364789,0.006882386,0.006279746,0.005576435,0.004749272,0.003821769,0.002772787,0.00163032,0.0003749664,-0.0009607915,-0.002395208,-0.00389137,-0.005467075,-0.007081342,-0.008752531,-0.01043581,-0.01215044,-0.01384727,-0.01554692,-0.01719657,-0.01882018,-0.02036254,-0.02185212,-0.02323115,-0.02453293,-0.02569706,-0.02676288,-0.02766797,-0.02845924,-0.02907307,-0.02956606,-0.02987408,-0.03006442,-0.03007046,-0.02996869,-0.02968608,-0.02930684,-0.02874715,-0.02809804,-0.02726096,-0.0263374,-0.02521287,-0.02399946,-0.02253516,-0.02088533,-0.01870772,-0.01590218,-0.01187416,-0.006900928,-0.001982553,-0.0004059411,NaN,NaN,NaN,NaN,NaN,NaN,NaN,NaN,NaN,NaN
NaN,NaN,NaN,NaN,NaN,NaN,NaN,NaN,NaN,NaN,-0.000108678,-9.686487e-05,0.0001577077,0.00105899,0.002127408,0.003066957,0.003843817,0.004452264,0.004945276,0.005336597,0.005669627,0.005940295,0.00617921,0.006367825,0.00652975,0.006636588,0.006709446,0.006713593,0.006670725,0.006541824,0.006350964,0.006056311,0.005686225,0.005197599,0.004624403,0.00392241,0.003131165,0.002204952,0.001189423,3.77537e-05,-0.001197512,-0.002564389,-0.004003104,-0.005563012,-0.007176533,-0.008894768,-0.0106426,-0.01247433,-0.01430796,-0.016202,-0.01806726,-0.01996678,-0.02180363,-0.02364615,-0.02539005,-0.02711104,-0.02869853,-0.0302374,-0.03161043,-0.03291212,-0.03401792,-0.03503362,-0.03582787,-0.03652002,-0.03697162,-0.03731741,-0.03741105,-0.03740476,-0.03714175,-0.03679109,-0.03617805,-0.03548658,-0.03451778,-0.03347711,-0.03214326,-0.030762,-0.0290928,-0.02743427,-0.02548545,-0.02354483,-0.02108422,-0.01827218,-0.01415157,-0.009177285,-0.002976762,-0.0004024864,-0.0008120997,NaN,NaN,NaN,NaN,NaN,NaN,NaN,NaN,NaN
NaN,NaN,NaN,NaN,NaN,NaN,NaN,NaN,NaN,NaN,-0.0001161473,-0.0001064355,0.0003441667,0.00138674,0.002444278,0.003343655,0.004018078,0.004534174,0.004906054,0.005190661,0.005391253,0.005536473,0.005620873,0.005654562,0.005630077,0.005545881,0.005396715,0.00517325,0.004874299,0.004484486,0.004007777,0.003424313,0.002744588,0.001945655,0.001045536,1.869749e-05,-0.001109236,-0.00236673,-0.003720618,-0.005202274,-0.006770262,-0.008458528,-0.01021683,-0.01208197,-0.01399469,-0.01599516,-0.01801516,-0.02009949,-0.02217177,-0.02428288,-0.02634813,-0.02842469,-0.03041872,-0.03239455,-0.0342496,-0.03605734,-0.037707,-0.0392828,-0.04066579,-0.04195257,-0.04301577,-0.04396553,-0.04466504,-0.04523966,-0.04554301,-0.04571885,-0.0456106,-0.04538196,-0.04486131,-0.04423077,-0.04329531,-0.04225479,-0.04088468,-0.03941285,-0.03759073,-0.03570362,-0.03349024,-0.03131722,-0.0288681,-0.02653833,-0.02377244,-0.02084722,-0.01668543,-0.01168177,-0.004636605,-0.0006818286,-0.0008536981,NaN,NaN,NaN,NaN,NaN,NaN,NaN,NaN,NaN
NaN,NaN,NaN,NaN,NaN,NaN,NaN,NaN,NaN,NaN,-0.0001247463,-0.0001165325,0.0005806757,0.001725693,0.002743462,0.003558622,0.004110032,0.004504449,0.004742744,0.004898801,0.004956606,0.004956897,0.004875487,0.004735173,0.004511277,0.004217108,0.003831347,0.003361825,0.0027913,0.002123415,0.001345062,0.0004572258,-0.0005480848,-0.001670845,-0.002913325,-0.004275871,-0.005755419,-0.007352773,-0.009059762,-0.01087734,-0.01279199,-0.01480454,-0.01689599,-0.01906692,-0.02129262,-0.02357359,-0.02587985,-0.028213,-0.03053883,-0.0328613,-0.03514215,-0.03738812,-0.03955651,-0.04165711,-0.04364273,-0.04552741,-0.04726029,-0.04886175,-0.05027831,-0.05153821,-0.05258493,-0.05345473,-0.05408698,-0.05452727,-0.05471172,-0.05469802,-0.05441883,-0.05394365,-0.05319672,-0.05225596,-0.05103038,-0.04960481,-0.04786978,-0.04592598,-0.04365711,-0.04121153,-0.03849186,-0.03572171,-0.03279542,-0.02994708,-0.02689099,-0.02367928,-0.01956507,-0.01440601,-0.007254442,-0.00180214,-0.0008680229,NaN,NaN,NaN,NaN,NaN,NaN,NaN,NaN,NaN
NaN,NaN,NaN,NaN,NaN,NaN,NaN,NaN,NaN,NaN,-0.0001239594,-4.474095e-05,0.0008736611,0.002063797,0.003017264,0.003703659,0.004117359,0.00436298,0.004460565,0.004469767,0.004379158,0.004219042,0.003964179,0.003635171,0.003202378,0.002685009,0.002052196,0.001325054,0.0004716936,-0.0004839558,-0.00157538,-0.002774741,-0.004116719,-0.005567848,-0.007163556,-0.008863841,-0.01070551,-0.01264201,-0.01471227,-0.01686274,-0.0191344,-0.02146601,-0.02390084,-0.02636991,-0.02891925,-0.03147206,-0.03407712,-0.03664983,-0.03924293,-0.04176605,-0.04427789,-0.04668286,-0.04904441,-0.05126,-0.05339732,-0.05534869,-0.05718893,-0.05880751,-0.06028666,-0.06151228,-0.06257391,-0.06335497,-0.06395377,-0.06425163,-0.06435537,-0.06414367,-0.06373275,-0.06299844,-0.06206487,-0.06079894,-0.05932651,-0.05749911,-0.0554455,-0.05300874,-0.05034219,-0.04730971,-0.04413007,-0.04071055,-0.03733044,-0.03386012,-0.03050196,-0.02685196,-0.02280142,-0.01741296,-0.01060847,-0.003575577,-0.0008609066,NaN,NaN,NaN,NaN,NaN,NaN,NaN,NaN,NaN
NaN,NaN,NaN,NaN,NaN,NaN,NaN,NaN,NaN,NaN,-0.0001134109,0.0001129076,0.001229483,0.002399735,0.003266475,0.003781096,0.004051017,0.00412277,0.004082178,0.003925496,0.003690164,0.003352023,0.002926905,0.002392255,0.001753287,0.000996626,0.0001196397,-0.0008796236,-0.002011998,-0.003267878,-0.004667443,-0.006188891,-0.007861471,-0.00964932,-0.01159049,-0.01363452,-0.01582952,-0.01811026,-0.02053485,-0.02302182,-0.02563983,-0.028292,-0.03105938,-0.03382916,-0.03669325,-0.0395206,-0.04241464,-0.04522866,-0.04808117,-0.05081083,-0.05355044,-0.05612217,-0.05867348,-0.06101162,-0.06330062,-0.06533243,-0.06728685,-0.06893997,-0.07048993,-0.07169957,-0.07278807,-0.07350402,-0.07408695,-0.07426888,-0.07431114,-0.07392874,-0.07340754,-0.07244311,-0.07134605,-0.0697846,-0.06809045,-0.06589302,-0.06354885,-0.06065201,-0.05761628,-0.05402785,-0.05041086,-0.04635683,-0.0425143,-0.03839189,-0.0346674,-0.03050299,-0.0264226,-0.02081087,-0.01435414,-0.005368013,-0.0008845716,NaN,NaN,NaN,NaN,NaN,NaN,NaN,NaN,NaN
NaN,NaN,NaN,NaN,NaN,NaN,NaN,NaN,NaN,-0.0001079002,-9.518629e-05,0.0003127031,0.001657584,0.002722443,0.003499861,0.003791882,0.003933011,0.003800154,0.003641619,0.003294131,0.002933115,0.002393901,0.001816037,0.001054194,0.0002260018,-0.0007892807,-0.001892647,-0.003180766,-0.004573429,-0.006144146,-0.007831574,-0.009686511,-0.01166679,-0.01380035,-0.01606342,-0.01845965,-0.02098321,-0.02361381,-0.02636502,-0.02919318,-0.03213118,-0.03511092,-0.03818457,-0.04125996,-0.04440966,-0.04751739,-0.05067559,-0.05374302,-0.05683301,-0.05978153,-0.06272555,-0.06547935,-0.06820328,-0.07068796,-0.07311638,-0.0752553,-0.07731223,-0.0790314,-0.08064733,-0.081882,-0.08299854,-0.08369545,-0.08426552,-0.08438166,-0.08436854,-0.08387176,-0.08325095,-0.08211958,-0.08087263,-0.07908145,-0.07717687,-0.07467754,-0.07205812,-0.0687816,-0.06539837,-0.06133681,-0.05728858,-0.05266466,-0.04833286,-0.043594,-0.03942009,-0.03472694,-0.03045851,-0.02464082,-0.01837317,-0.007756361,-0.000988428,-0.001286494,NaN,NaN,NaN,NaN,NaN,NaN,NaN,NaN
NaN,NaN,NaN,NaN,NaN,NaN,NaN,NaN,NaN,-0.0001193578,-7.914381e-05,0.0006090128,0.002145492,0.003059733,0.003718463,0.003774486,0.003784128,0.003445197,0.003174464,0.00263412,0.002155222,0.001409553,0.0006890668,-0.0003071046,-0.001310325,-0.002592383,-0.003903602,-0.005489146,-0.007117729,-0.009011053,-0.01095634,-0.01315361,-0.01540753,-0.01789647,-0.02044123,-0.02319876,-0.02600574,-0.02899838,-0.0320291,-0.03521352,-0.03841953,-0.04174274,-0.04506727,-0.04846955,-0.05184991,-0.05526474,-0.05862958,-0.06198062,-0.06525,-0.06845609,-0.0715501,-0.07453337,-0.07737584,-0.08006039,-0.08257518,-0.08488438,-0.08699583,-0.08885568,-0.09049319,-0.09183678,-0.09293915,-0.0937107,-0.09422908,-0.09438482,-0.09428138,-0.0937866,-0.09303161,-0.09185784,-0.09042519,-0.08854071,-0.08639236,-0.08374236,-0.08081219,-0.07731818,-0.07354529,-0.0691883,-0.06465736,-0.05965009,-0.05473592,-0.04954447,-0.04473901,-0.03965058,-0.03489794,-0.02905637,-0.02262786,-0.01180204,-0.001849459,-0.001251066,NaN,NaN,NaN,NaN,NaN,NaN,NaN,NaN
NaN,NaN,NaN,NaN,NaN,NaN,NaN,NaN,NaN,-0.0001242749,-2.406234e-05,0.00109783,0.002654825,0.00346489,0.003904684,0.003796911,0.003611587,0.003138502,0.002703891,0.002032891,0.001391136,0.0004924036,-0.0004085978,-0.001592263,-0.002799817,-0.004305636,-0.005844051,-0.007686964,-0.009561687,-0.01174092,-0.01394543,-0.016451,-0.01897097,-0.02178411,-0.02459499,-0.02768615,-0.03075393,-0.03408524,-0.03736687,-0.04088882,-0.04432836,-0.04798099,-0.0515175,-0.05523955,-0.0588093,-0.06253104,-0.06605767,-0.06969856,-0.07310153,-0.07658239,-0.07978299,-0.08302338,-0.08594026,-0.08886059,-0.09141868,-0.0939472,-0.09607495,-0.09813771,-0.09976055,-0.1012867,-0.1023413,-0.1032755,-0.103713,-0.1040108,-0.1037896,-0.1034126,-0.1024967,-0.1014106,-0.09976573,-0.09793427,-0.0955153,-0.09287922,-0.08960821,-0.0860802,-0.08188071,-0.07743514,-0.07237173,-0.06720672,-0.0616181,-0.05619732,-0.05057898,-0.045305,-0.03973851,-0.03412603,-0.02709429,-0.01778734,-0.005338322,-0.001280806,NaN,NaN,NaN,NaN,NaN,NaN,NaN,NaN
NaN,NaN,NaN,NaN,NaN,NaN,NaN,NaN,NaN,-0.0001033319,0.0001844783,0.001818285,0.003197343,0.003975435,0.004091599,0.003916421,0.003468259,0.002950725,0.002293728,0.001568287,0.0007103638,-0.0002745712,-0.001402141,-0.002711207,-0.004160482,-0.005830029,-0.007624041,-0.009665182,-0.01180663,-0.01421366,-0.01669063,-0.01944568,-0.02223706,-0.0253155,-0.0283938,-0.03176227,-0.03508807,-0.03870031,-0.04222362,-0.04602623,-0.04969114,-0.05362286,-0.05736334,-0.06135401,-0.06509998,-0.06907976,-0.07276067,-0.07665341,-0.08018708,-0.08390657,-0.08720882,-0.0906755,-0.09367131,-0.0968108,-0.09942456,-0.1021606,-0.1043177,-0.1065789,-0.1082103,-0.1099298,-0.1109707,-0.1120885,-0.1124842,-0.1129533,-0.1126601,-0.1124417,-0.1114209,-0.1104784,-0.108687,-0.1069735,-0.1043513,-0.1018017,-0.0982673,-0.09479874,-0.09026554,-0.08583584,-0.08032867,-0.07510651,-0.06892467,-0.06336731,-0.05698778,-0.05156328,-0.04514656,-0.0397018,-0.03204915,-0.02459032,-0.01070658,-0.001547287,NaN,NaN,NaN,NaN,NaN,NaN,NaN,NaN
NaN,NaN,NaN,NaN,NaN,NaN,NaN,NaN,NaN,-5.929326e-05,0.0005437575,0.002746028,0.003819035,0.004601347,0.004347195,0.004173109,0.003435097,0.002936712,0.002026935,0.00130392,0.0001959151,-0.0008195747,-0.002207773,-0.003582623,-0.005305834,-0.007074022,-0.009154652,-0.01132224,-0.0137584,-0.01631255,-0.01908847,-0.02200742,-0.0250993,-0.02835158,-0.03172383,-0.03526788,-0.03887859,-0.04266873,-0.04646858,-0.05044583,-0.05436955,-0.05846428,-0.06244525,-0.06659215,-0.07056451,-0.07469051,-0.0785757,-0.0825994,-0.08631945,-0.0901649,-0.09364316,-0.09722879,-0.1003817,-0.1036274,-0.106383,-0.1092229,-0.1115151,-0.1138787,-0.1156333,-0.11745,-0.1186027,-0.1198163,-0.1203135,-0.1208748,-0.1206681,-0.1205348,-0.1195804,-0.1187103,-0.1169571,-0.1152985,-0.1126822,-0.1101671,-0.1065953,-0.1031294,-0.0985014,-0.09403566,-0.08835982,-0.0830358,-0.07655391,-0.07077394,-0.06391621,-0.05817905,-0.05118925,-0.04559889,-0.03765401,-0.03118542,-0.01589695,-0.001967683,NaN,NaN,NaN,NaN,NaN,NaN,NaN,NaN
NaN,NaN,NaN,NaN,NaN,NaN,NaN,NaN,-0.0001335362,2.176983e-05,0.001260236,0.003813496,0.004643812,0.005314774,0.004808802,0.00457044,0.003649135,0.003115529,0.002032509,0.00126819,-3.135878e-05,-0.001104832,-0.002710778,-0.004159962,-0.006126422,-0.007980424,-0.01032597,-0.01258643,-0.0153069,-0.01795747,-0.02103248,-0.02404416,-0.02744322,-0.03078009,-0.03446632,-0.03808539,-0.04201269,-0.04586134,-0.04997441,-0.05399247,-0.05822883,-0.06234871,-0.06663834,-0.07078757,-0.07505933,-0.07916713,-0.08335024,-0.0873421,-0.09135869,-0.09515437,-0.09892557,-0.1024485,-0.1058996,-0.1090755,-0.1121332,-0.1148915,-0.1174891,-0.1197658,-0.1218389,-0.1235684,-0.1250504,-0.1261706,-0.1270054,-0.1274671,-0.1276079,-0.1273664,-0.1267655,-0.1257721,-0.1243745,-0.1225702,-0.1203052,-0.1176115,-0.1143849,-0.1107032,-0.1064142,-0.1016772,-0.09631254,-0.09061357,-0.08437602,-0.07805333,-0.07134368,-0.06484993,-0.0579858,-0.05152414,-0.04415526,-0.03711114,-0.02355349,-0.003779383,-0.001470776,NaN,NaN,NaN,NaN,NaN,NaN,NaN
NaN,NaN,NaN,NaN,NaN,NaN,NaN,NaN,-8.391546e-05,0.0003300436,0.002677488,0.004894104,0.00584165,0.006048787,0.005641977,0.005077865,0.004263069,0.003469993,0.002449327,0.001451026,0.0001572009,-0.001135164,-0.002787742,-0.004440502,-0.006498467,-0.008540026,-0.01101623,-0.01344616,-0.01632811,-0.01912613,-0.0223883,-0.02552654,-0.02913553,-0.03257402,-0.03648251,-0.04017268,-0.04433313,-0.04822867,-0.05258769,-0.05662465,-0.0611087,-0.06521447,-0.0697571,-0.07387085,-0.07840635,-0.08245283,-0.08689911,-0.09080112,-0.09509053,-0.09878574,-0.102849,-0.1062566,-0.1100082,-0.1130512,-0.116428,-0.1190512,-0.1219944,-0.1241296,-0.1265681,-0.1281498,-0.1300274,-0.1310016,-0.132263,-0.1325718,-0.1331653,-0.1327619,-0.1326437,-0.1314746,-0.1305843,-0.1285794,-0.1268483,-0.1239255,-0.1212603,-0.1173028,-0.113598,-0.1085226,-0.1037694,-0.09763011,-0.0919936,-0.08502665,-0.07887049,-0.07145014,-0.06518972,-0.05751162,-0.0512557,-0.04274663,-0.03388989,-0.0126183,-0.001733765,NaN,NaN,NaN,NaN,NaN,NaN,NaN
NaN,NaN,NaN,NaN,NaN,NaN,NaN,-9.280185e-05,2.394451e-05,0.001135484,0.004700345,0.006121295,0.007365782,0.006940227,0.006830112,0.0058163,0.005270921,0.004099252,0.003281072,0.00193071,0.000776063,-0.0008487997,-0.002410598,-0.004377588,-0.006382261,-0.008718845,-0.01116774,-0.01387251,-0.01674862,-0.01980502,-0.02307669,-0.02645047,-0.03007272,-0.03372389,-0.03765323,-0.04154043,-0.0457237,-0.04978918,-0.05416156,-0.05834617,-0.0628478,-0.0670912,-0.07165063,-0.07587724,-0.08041821,-0.0845617,-0.08902205,-0.09301983,-0.09732787,-0.1011043,-0.1051858,-0.1086743,-0.1124656,-0.1156001,-0.119031,-0.121743,-0.1247534,-0.1269896,-0.1295266,-0.1312266,-0.1332267,-0.1343285,-0.1357408,-0.1361963,-0.1369731,-0.136725,-0.1368118,-0.1358045,-0.1351526,-0.1333203,-0.1318514,-0.1290878,-0.1267006,-0.1228981,-0.1195109,-0.1145816,-0.1101548,-0.1040905,-0.09874877,-0.0917422,-0.08583068,-0.07818075,-0.07210174,-0.06396265,-0.05810707,-0.04912395,-0.04366041,-0.02530838,-0.002674165,-0.001885877,NaN,NaN,NaN,NaN,NaN,NaN
NaN,NaN,NaN,NaN,NaN,NaN,NaN,-9.67712e-05,0.0003430559,0.002995691,0.006777324,0.007883127,0.008887111,0.008312262,0.008122768,0.007048984,0.006461152,0.005210726,0.004344443,0.002877157,0.001672206,-0.0001028766,-0.001707417,-0.003849631,-0.005880921,-0.008411108,-0.01086564,-0.01377865,-0.01663688,-0.01991322,-0.02314109,-0.026743,-0.03029282,-0.03417752,-0.03800538,-0.04213103,-0.04618379,-0.05049033,-0.05470163,-0.05912952,-0.06344356,-0.0679373,-0.07228631,-0.07676922,-0.08107528,-0.08548199,-0.08969015,-0.09396697,-0.09801158,-0.102083,-0.1058893,-0.1096931,-0.1132086,-0.1166905,-0.1198494,-0.1229375,-0.1256751,-0.1283199,-0.1305957,-0.1327503,-0.1345043,-0.1361024,-0.1372765,-0.1382722,-0.1388257,-0.1391702,-0.139045,-0.1386755,-0.1378122,-0.1366658,-0.1349892,-0.1329682,-0.1303694,-0.127364,-0.1237489,-0.1196787,-0.1149939,-0.1098449,-0.1041596,-0.09808716,-0.0916573,-0.08494169,-0.07809107,-0.07097531,-0.06407796,-0.05671119,-0.05078063,-0.03858074,-0.007194708,-0.001359887,NaN,NaN,NaN,NaN,NaN,NaN
NaN,NaN,NaN,NaN,NaN,0.0001779431,3.838453e-05,0.0001295581,0.00194098,0.006288127,0.008681286,0.01025504,0.01028896,0.01022407,0.009419981,0.008802778,0.007731792,0.006820116,0.005535575,0.004305917,0.002737863,0.001125692,-0.0007884148,-0.002821025,-0.00510904,-0.007568623,-0.01023072,-0.01310251,-0.01612066,-0.01937556,-0.02271841,-0.02631564,-0.02994113,-0.03383289,-0.03769511,-0.04183205,-0.04588157,-0.05020756,-0.05438617,-0.05883949,-0.06308828,-0.06760933,-0.07186814,-0.07639088,-0.08059188,-0.08504932,-0.08913239,-0.09346862,-0.09737836,-0.1015328,-0.1052056,-0.109116,-0.1124951,-0.1161086,-0.1191396,-0.1223979,-0.1250217,-0.1278721,-0.1300434,-0.1324446,-0.1341157,-0.1360137,-0.1371262,-0.1384695,-0.138977,-0.1397238,-0.1395748,-0.1396675,-0.1387929,-0.138164,-0.1364856,-0.1350527,-0.1324658,-0.1301242,-0.1265168,-0.1231875,-0.1184964,-0.1141784,-0.1084333,-0.1032538,-0.09661241,-0.09083994,-0.08353429,-0.07752361,-0.06980518,-0.0641965,-0.05682305,-0.05177619,-0.02788247,-0.0025289,-0.001246602,-0.0001220992,NaN,NaN,NaN,NaN
9.583231e-05,0.0002580468,8.58315e-05,0.0002549591,5.453653e-05,0.0002218889,5.380039e-05,0.00122529,0.005289719,0.009545847,0.01111992,0.01237272,0.0120993,0.01199981,0.01110667,0.01050467,0.00936492,0.008440823,0.007067825,0.005805768,0.004135709,0.002490305,0.0004699466,-0.001583307,-0.003976071,-0.006436077,-0.009198924,-0.01204676,-0.01516001,-0.01836321,-0.02179457,-0.0253117,-0.02902053,-0.03280397,-0.03674377,-0.04074237,-0.04486379,-0.04902399,-0.05327334,-0.05753682,-0.06185639,-0.06616393,-0.07049651,-0.07478873,-0.07907439,-0.0832893,-0.08746881,-0.09155035,-0.09557216,-0.0994687,-0.1032796,-0.1069353,-0.1104804,-0.113843,-0.1170734,-0.1200939,-0.1229593,-0.1255879,-0.128042,-0.1302369,-0.1322392,-0.1339566,-0.1354577,-0.1366459,-0.1375961,-0.1382098,-0.1385635,-0.1385514,-0.1382461,-0.1375367,-0.1364931,-0.1350023,-0.1331283,-0.1307578,-0.1279522,-0.1246143,-0.1208144,-0.1164909,-0.1117251,-0.1065045,-0.1009071,-0.09498778,-0.08877978,-0.08246368,-0.07596989,-0.06989996,-0.0640845,-0.06007574,-0.04907617,-0.01206885,-0.0009550057,-0.0002355984,-8.770578e-05,0.0001300259,7.918347e-05,0.0002519698
0.0002632387,0.0002013048,0.0002365556,0.0002123225,0.0002955115,0.0004634561,0.001543502,0.005569614,0.009743579,0.01227662,0.01373001,0.01406903,0.01403583,0.01349406,0.01291242,0.01200355,0.01111182,0.009919422,0.008726321,0.007223805,0.005689729,0.003836803,0.00192929,-0.0002953293,-0.002585064,-0.00518005,-0.007841459,-0.01078913,-0.01379695,-0.01706648,-0.02038486,-0.02393766,-0.02752469,-0.03131625,-0.03512396,-0.03910503,-0.04308346,-0.04720454,-0.0513025,-0.0555102,-0.05967158,-0.06390991,-0.06808002,-0.07229606,-0.07642101,-0.08055905,-0.08458216,-0.08858856,-0.09246103,-0.09629081,-0.09996711,-0.1035717,-0.1070011,-0.1103316,-0.1134689,-0.1164828,-0.1192851,-0.1219375,-0.1243606,-0.126611,-0.1286181,-0.1304294,-0.1319792,-0.1333046,-0.1343488,-0.1351419,-0.1356368,-0.1358502,-0.13574,-0.1353059,-0.1345151,-0.1333516,-0.1317952,-0.1298111,-0.1273987,-0.1245105,-0.1211843,-0.1173667,-0.1131492,-0.1084667,-0.1034752,-0.09808286,-0.09253045,-0.08668248,-0.08094051,-0.07519829,-0.07034718,-0.06657353,-0.06263463,-0.04191514,-0.009330498,-0.001312389,-0.0002194454,0.0001648549,0.0002914206,0.0002402755
0.0001551364,0.0003279888,0.00062588,0.0009366547,0.001880321,0.003718085,0.006877669,0.01023161,0.01312646,0.0146167,0.01545932,0.01547208,0.01532484,0.01475839,0.014188,0.01330129,0.01241776,0.01123523,0.01003456,0.00853142,0.006987325,0.005135065,0.003227944,0.001013685,-0.001257682,-0.0038281,-0.006449058,-0.00935582,-0.01229949,-0.01551137,-0.0187415,-0.02222004,-0.02569527,-0.02939745,-0.03307189,-0.03695051,-0.0407758,-0.04478285,-0.04871039,-0.05279644,-0.05677501,-0.0608884,-0.06486687,-0.06895794,-0.07288694,-0.07690585,-0.08073491,-0.08463261,-0.08831587,-0.09205007,-0.09554658,-0.09907543,-0.1023416,-0.1056217,-0.1086161,-0.1116083,-0.1142925,-0.1169576,-0.1192924,-0.1215934,-0.1235445,-0.1254483,-0.1269799,-0.1284462,-0.1295146,-0.1304997,-0.1310622,-0.131522,-0.1315282,-0.1314027,-0.1307824,-0.1299956,-0.1286696,-0.1271415,-0.12503,-0.1226885,-0.1197372,-0.1165599,-0.112785,-0.1088318,-0.1043339,-0.09974827,-0.09471364,-0.08974398,-0.08451875,-0.07971633,-0.07524611,-0.07229919,-0.07041046,-0.06394153,-0.04019055,-0.01744096,-0.006065954,-0.001812648,-0.0006123049,-0.0001437656
-0.00270592,-0.0007996996,0.00097387,0.002624138,0.004662979,0.007133227,0.01025905,0.01279409,0.01472202,0.01560834,0.01600943,0.01593001,0.01572295,0.01524905,0.01470863,0.0139311,0.01307775,0.0119877,0.01080692,0.009385206,0.007859615,0.006090104,0.004209897,0.002088991,-0.000141087,-0.002602228,-0.005164464,-0.007943136,-0.01080946,-0.01387345,-0.01700797,-0.02031919,-0.02368176,-0.02719826,-0.03074485,-0.03442134,-0.03810618,-0.04189719,-0.04567475,-0.04953394,-0.05335673,-0.05723638,-0.06105765,-0.0649124,-0.06868737,-0.07247192,-0.07615482,-0.07982448,-0.08337353,-0.0868897,-0.09026797,-0.0935933,-0.09676246,-0.09985868,-0.1027821,-0.1056143,-0.1082577,-0.110791,-0.1131195,-0.1153206,-0.1173034,-0.1191426,-0.1207486,-0.1221911,-0.1233824,-0.1243889,-0.1251261,-0.1256552,-0.1258924,-0.1258911,-0.1255677,-0.1249688,-0.1240143,-0.1227459,-0.1210915,-0.1190937,-0.1166978,-0.1139547,-0.1108356,-0.1074024,-0.1036556,-0.0996678,-0.0954762,-0.09117314,-0.08687103,-0.08275473,-0.07914669,-0.07652893,-0.0752959,-0.07314156,-0.06288601,-0.04272741,-0.02570767,-0.01529601,-0.009015718,-0.005357068
-0.009694382,-0.005543406,-0.001984442,0.001168736,0.004264487,0.007190085,0.01013579,0.01246935,0.01391496,0.01462543,0.01492832,0.01495867,0.01484286,0.01455646,0.01413855,0.0135431,0.01280139,0.01187383,0.0107914,0.009519063,0.008087233,0.006464766,0.004683028,0.00271533,0.0005946491,-0.001701924,-0.004140208,-0.006740138,-0.009466506,-0.01233681,-0.01531531,-0.01841798,-0.02160905,-0.02490338,-0.02826513,-0.03170824,-0.03519716,-0.03874556,-0.04231837,-0.0459289,-0.04954227,-0.0531715,-0.05678232,-0.06038796,-0.06395476,-0.06749593,-0.07097819,-0.07441508,-0.07777449,-0.08107091,-0.08427314,-0.08739583,-0.09040784,-0.09332379,-0.09611303,-0.09879053,-0.101326,-0.1037344,-0.1059858,-0.1080959,-0.1100356,-0.1118207,-0.1134213,-0.1148519,-0.1160812,-0.1171229,-0.1179455,-0.1185612,-0.1189364,-0.11908,-0.1189554,-0.1185693,-0.1178845,-0.1169085,-0.1156071,-0.113994,-0.1120453,-0.109789,-0.1072182,-0.1043787,-0.1012824,-0.09799513,-0.09455333,-0.09105558,-0.08758948,-0.08433726,-0.08151463,-0.07945862,-0.07850529,-0.07805556,-0.07322375,-0.06088993,-0.04584132,-0.03258836,-0.02234095,-0.01510513
-0.01976725,-0.01368008,-0.008512035,-0.004021277,3.293658e-05,0.003611552,0.006704507,0.008992497,0.01053045,0.01142217,0.0119688,0.01227588,0.01243506,0.01242045,0.0122568,0.01190757,0.01139404,0.01068892,0.009813937,0.008748147,0.007512251,0.006090063,0.004501811,0.002735995,0.0008127951,-0.001275218,-0.003508103,-0.005889808,-0.008400722,-0.0110419,-0.01379447,-0.01665734,-0.01961265,-0.02265733,-0.02577455,-0.02895978,-0.03219764,-0.03548252,-0.03880032,-0.04214409,-0.04550098,-0.04886321,-0.05221964,-0.05556187,-0.05888005,-0.06216462,-0.06540712,-0.06859764,-0.07172991,-0.07479382,-0.07778472,-0.08069146,-0.08351078,-0.08623093,-0.08885038,-0.09135648,-0.09374883,-0.09601345,-0.09815157,-0.1001488,-0.1020084,-0.103715,-0.1052726,-0.1066632,-0.1078915,-0.108937,-0.1098053,-0.110473,-0.1109458,-0.1111962,-0.11123,-0.1110159,-0.1105611,-0.1098329,-0.108845,-0.1075687,-0.1060311,-0.1042126,-0.1021597,-0.09986488,-0.097398,-0.09476634,-0.09207077,-0.08933958,-0.08672504,-0.08430322,-0.08230852,-0.0808562,-0.08008601,-0.0795634,-0.07784632,-0.07105646,-0.05995043,-0.04784729,-0.03657403,-0.02728889
-0.03093471,-0.023661,-0.01736614,-0.01187077,-0.007071453,-0.002980457,0.0004010781,0.003042165,0.00490245,0.006229574,0.007198375,0.007936187,0.008476721,0.008840801,0.009014661,0.009003859,0.008795784,0.008399228,0.007806505,0.007028381,0.006060124,0.00491344,0.003586093,0.002090788,0.0004276495,-0.001389833,-0.003359578,-0.005467641,-0.007710295,-0.01007336,-0.01255179,-0.0151316,-0.0178069,-0.02056415,-0.0233968,-0.02629179,-0.02924204,-0.03223523,-0.03526399,-0.03831689,-0.04138624,-0.04446134,-0.04753422,-0.05059515,-0.0536361,-0.05664832,-0.05962364,-0.06255427,-0.06543203,-0.06825044,-0.07100153,-0.07368002,-0.07627779,-0.0787904,-0.08120942,-0.08353131,-0.08574727,-0.08785456,-0.08984407,-0.09171414,-0.09345558,-0.09506782,-0.09654085,-0.09787411,-0.09905596,-0.1000857,-0.1009503,-0.1016489,-0.1021662,-0.1025008,-0.1026349,-0.1025671,-0.1022791,-0.101772,-0.1010301,-0.1000624,-0.09886137,-0.09745035,-0.09583516,-0.09405707,-0.092137,-0.09013746,-0.08809961,-0.08611578,-0.08425708,-0.08265661,-0.08141153,-0.080628,-0.08029074,-0.0801007,-0.07867919,-0.07500254,-0.06818412,-0.05892934,-0.04887801,-0.03935226
-0.04090893,-0.03353922,-0.02687288,-0.02093324,-0.01569784,-0.01119449,-0.007446039,-0.004488907,-0.00215202,-0.0003367321,0.001128941,0.002325763,0.003311543,0.004085235,0.004661142,0.00502555,0.005189676,0.005143836,0.004901116,0.004455722,0.00382163,0.002995742,0.001992582,0.0008113766,-0.0005329292,-0.0020392,-0.003692306,-0.005489522,-0.007415709,-0.009466908,-0.0116283,-0.01389509,-0.01625293,-0.01869628,-0.02121141,-0.02379237,-0.02642633,-0.0291071,-0.0318226,-0.03456619,-0.0373266,-0.04009715,-0.04286772,-0.04563158,-0.04837939,-0.05110407,-0.05379719,-0.05645186,-0.05906106,-0.06161802,-0.06411669,-0.06655008,-0.06891322,-0.07119924,-0.07340437,-0.07552149,-0.07754741,-0.07947438,-0.08130014,-0.08301693,-0.08462382,-0.08611275,-0.08748337,-0.0887265,-0.08984195,-0.09081914,-0.09165791,-0.09234592,-0.09288298,-0.09325504,-0.09346224,-0.09348918,-0.09333748,-0.09299254,-0.09246149,-0.09173544,-0.09083274,-0.08975475,-0.08853525,-0.08718908,-0.08576912,-0.08430657,-0.08287832,-0.08153474,-0.08038068,-0.0794825,-0.07894417,-0.07876422,-0.07880865,-0.07870024,-0.07812356,-0.0757625,-0.07126738,-0.06488285,-0.05710973,-0.0488945
-0.04815397,-0.04150354,-0.03520447,-0.02938105,-0.02413752,-0.01953693,-0.01560672,-0.01229412,-0.009605296,-0.007370051,-0.005486767,-0.003866675,-0.002482751,-0.001308868,-0.0003525251,0.0003968256,0.0009295748,0.00125686,0.001372919,0.001290545,0.001007029,0.0005361406,-0.0001225097,-0.0009545027,-0.001958351,-0.003119288,-0.004434391,-0.005888863,-0.007478688,-0.009189223,-0.0110156,-0.01294358,-0.01496779,-0.01707465,-0.01925845,-0.02150626,-0.02381206,-0.02616367,-0.02855505,-0.03097495,-0.03341725,-0.03587146,-0.03833133,-0.04078726,-0.04323312,-0.04566034,-0.04806286,-0.05043297,-0.05276458,-0.05505105,-0.05728659,-0.05946575,-0.06158284,-0.0636333,-0.06561131,-0.06751322,-0.0693331,-0.07106809,-0.07271199,-0.07426277,-0.0757141,-0.07706497,-0.07830877,-0.07944496,-0.08046582,-0.08137089,-0.08215121,-0.08280642,-0.08332623,-0.08371044,-0.0839477,-0.08403911,-0.08397381,-0.08375645,-0.08337935,-0.08285476,-0.08218303,-0.08138958,-0.08048715,-0.07951775,-0.07850795,-0.0775186,-0.07659265,-0.07581306,-0.07523663,-0.07495527,-0.07499951,-0.07536725,-0.07592429,-0.07632838,-0.0757793,-0.07428329,-0.07143603,-0.06702751,-0.0613667,-0.05489725
-0.05210755,-0.04661904,-0.04116126,-0.03592794,-0.03103921,-0.02660193,-0.02267935,-0.01932685,-0.0164257,-0.01393826,-0.01176674,-0.009857493,-0.008165204,-0.006686656,-0.005408455,-0.004340594,-0.003474439,-0.002818125,-0.002361332,-0.002108475,-0.002047509,-0.002179904,-0.002492442,-0.00298432,-0.003641607,-0.004461812,-0.005430702,-0.00654451,-0.007788992,-0.009159499,-0.01064212,-0.01223165,-0.01391463,-0.01568541,-0.01753111,-0.01944593,-0.02141786,-0.02344105,-0.0255042,-0.02760126,-0.0297217,-0.03185963,-0.03400558,-0.03615376,-0.03829547,-0.0404248,-0.04253391,-0.04461722,-0.04666812,-0.04868123,-0.05065081,-0.05257142,-0.05443835,-0.05624649,-0.05799229,-0.05967068,-0.06127872,-0.06281098,-0.06426527,-0.0656362,-0.06692261,-0.06811895,-0.0692248,-0.07023404,-0.0711467,-0.07195581,-0.07266144,-0.07325545,-0.07373822,-0.07410091,-0.07434505,-0.07446183,-0.0744551,-0.07431796,-0.07405991,-0.07367996,-0.07319786,-0.07262233,-0.07198696,-0.0713131,-0.0706512,-0.07003697,-0.06953941,-0.06920628,-0.06911879,-0.06931737,-0.06984658,-0.07064831,-0.07153346,-0.072179,-0.07242088,-0.07148401,-0.06938899,-0.06630112,-0.06223035,-0.05741255
-0.0531159,-0.04875396,-0.04428154,-0.03983507,-0.03556531,-0.03157728,-0.02794794,-0.02466877,-0.02180056,-0.01925425,-0.01698093,-0.01492633,-0.01307429,-0.01140367,-0.009922415,-0.008623099,-0.007517339,-0.00659806,-0.00587356,-0.005334529,-0.004985605,-0.004815498,-0.004825897,-0.005004105,-0.005349547,-0.00584866,-0.00649923,-0.007287336,-0.008209625,-0.009252136,-0.01041069,-0.01167156,-0.01303011,-0.01447316,-0.01599582,-0.01758549,-0.01923704,-0.02093853,-0.02268492,-0.02446515,-0.02627426,-0.02810193,-0.02994311,-0.03178834,-0.03363283,-0.03546816,-0.03728976,-0.03909,-0.04086437,-0.04260622,-0.0443114,-0.04597442,-0.04759137,-0.04915762,-0.05066927,-0.05212262,-0.05351389,-0.05484027,-0.05609782,-0.05728436,-0.05839583,-0.05943095,-0.06038557,-0.06125911,-0.06204685,-0.06274851,-0.06335856,-0.06387709,-0.06429782,-0.06462149,-0.06484172,-0.06496131,-0.06497544,-0.06489106,-0.06470706,-0.06443757,-0.06408897,-0.06368724,-0.06325001,-0.06281801,-0.06242104,-0.06211523,-0.06194212,-0.06197135,-0.06224612,-0.0628258,-0.06370752,-0.06484745,-0.06610837,-0.0671997,-0.06752861,-0.06720775,-0.06598867,-0.06378594,-0.06080558,-0.05718381
-0.05176849,-0.04837799,-0.04480592,-0.04117868,-0.03758823,-0.0341384,-0.03090515,-0.02797533,-0.02528579,-0.02284982,-0.02062484,-0.01858607,-0.01670498,-0.01498314,-0.01341214,-0.01200423,-0.01075598,-0.009678987,-0.008768469,-0.008032323,-0.0074633,-0.00706569,-0.006830107,-0.006757894,-0.006838121,-0.007069898,-0.007441335,-0.007949882,-0.008583149,-0.009337462,-0.0102004,-0.01116756,-0.01222671,-0.01337291,-0.01459428,-0.01588571,-0.01723601,-0.01864,-0.02008711,-0.02157202,-0.02308487,-0.02462053,-0.02617013,-0.02772874,-0.02928822,-0.03084362,-0.03238766,-0.03391579,-0.03542188,-0.03690169,-0.0383499,-0.03976231,-0.04113455,-0.04246284,-0.04374397,-0.04497432,-0.04615136,-0.0472713,-0.04833237,-0.04933085,-0.05026582,-0.05113346,-0.05193352,-0.05266193,-0.0533191,-0.05390051,-0.05440696,-0.05483315,-0.05518049,-0.05544359,-0.05562548,-0.05572162,-0.05573794,-0.05567251,-0.05553696,-0.05533517,-0.05508798,-0.05480789,-0.05452776,-0.05427106,-0.05408487,-0.05400391,-0.05408826,-0.05437749,-0.05493253,-0.05577294,-0.05691209,-0.05827703,-0.05969184,-0.06092116,-0.06189012,-0.06197491,-0.06120309,-0.0597253,-0.05756794,-0.0548793
-0.04872455,-0.04606335,-0.04323193,-0.0402994,-0.03736471,-0.0344987,-0.03176766,-0.02917083,-0.02679106,-0.02458512,-0.02253805,-0.02062358,-0.01883866,-0.01717017,-0.01562888,-0.01421148,-0.01293245,-0.01178967,-0.01079528,-0.009945132,-0.009247738,-0.008696483,-0.008296438,-0.008038865,-0.007925997,-0.007947503,-0.008103432,-0.008382469,-0.008783084,-0.00929341,-0.00991075,-0.01062306,-0.01142693,-0.01231055,-0.0132701,-0.01429406,-0.01537827,-0.01651171,-0.01769022,-0.01890357,-0.02014767,-0.02141294,-0.02269525,-0.02398577,-0.02528069,-0.02657221,-0.02785678,-0.02912739,-0.03038058,-0.03161023,-0.03281335,-0.03398495,-0.03512232,-0.03622128,-0.03727918,-0.03829276,-0.03925963,-0.04017747,-0.04104386,-0.04185705,-0.04261448,-0.04331521,-0.04395666,-0.04453862,-0.04505821,-0.04551576,-0.04590799,-0.04623586,-0.04649578,-0.04668968,-0.04681434,-0.04687411,-0.0468679,-0.04680447,-0.04668664,-0.04652983,-0.04634354,-0.04615344,-0.04597864,-0.04585716,-0.04581779,-0.04591013,-0.04616981,-0.04665269,-0.04738756,-0.04841067,-0.04970182,-0.0512078,-0.05281886,-0.05431169,-0.05523475,-0.05573828,-0.05558323,-0.0546613,-0.05313478,-0.05110916
-0.04445145,-0.04239235,-0.04014859,-0.03780611,-0.03541575,-0.03304574,-0.03074607,-0.02859457,-0.02654152,-0.02461646,-0.02280383,-0.02109611,-0.01947671,-0.01795159,-0.01651572,-0.01518256,-0.01395154,-0.01283654,-0.01183664,-0.01096295,-0.01021245,-0.009592863,-0.009098859,-0.008735,-0.00849397,-0.00837772,-0.008377439,-0.008493003,-0.008714587,-0.009040555,-0.009460595,-0.009972032,-0.01056435,-0.01123408,-0.01197077,-0.01277058,-0.01362349,-0.0145255,-0.01546703,-0.01644385,-0.01744697,-0.01847234,-0.01951188,-0.02056174,-0.02161449,-0.02266631,-0.02371059,-0.02474393,-0.02576082,-0.02675819,-0.02773133,-0.02867724,-0.02959212,-0.03047343,-0.03131844,-0.03212483,-0.03289057,-0.03361327,-0.03429167,-0.03492348,-0.03550827,-0.03604365,-0.03652975,-0.03696405,-0.03734741,-0.03767713,-0.03795467,-0.03817696,-0.03834631,-0.0384599,-0.03852189,-0.03853064,-0.03849337,-0.03841126,-0.03829705,-0.03815731,-0.03801287,-0.03787753,-0.03778204,-0.03774888,-0.0378199,-0.03802532,-0.03841484,-0.03901768,-0.03987725,-0.04099766,-0.04237602,-0.04394163,-0.04554695,-0.04703097,-0.04838543,-0.04908919,-0.04916721,-0.04871245,-0.04770854,-0.04626105
-0.03940334,-0.03780038,-0.03603245,-0.03414978,-0.03222685,-0.03030826,-0.02843955,-0.02660822,-0.0248927,-0.02326386,-0.02171768,-0.0202403,-0.0188345,-0.0174909,-0.01622031,-0.01502028,-0.01390515,-0.0128744,-0.01194136,-0.01110457,-0.01037466,-0.009748207,-0.00923282,-0.008823038,-0.008523651,-0.008327427,-0.008236799,-0.00824323,-0.008347319,-0.008539624,-0.008819307,-0.009176403,-0.009609117,-0.01010741,-0.01066888,-0.01128354,-0.01194849,-0.01265405,-0.01339719,-0.01416887,-0.01496611,-0.01578039,-0.01660867,-0.01744312,-0.01828098,-0.01911544,-0.01994401,-0.02076058,-0.02156278,-0.02234535,-0.0231064,-0.02384176,-0.02454986,-0.02522728,-0.02587252,-0.026483,-0.02705756,-0.02759455,-0.02809282,-0.02855133,-0.02896878,-0.02934485,-0.02967828,-0.02996943,-0.03021683,-0.03042147,-0.03058174,-0.03069949,-0.03077312,-0.03080561,-0.03079596,-0.03074962,-0.03066784,-0.03056033,-0.03043202,-0.03029863,-0.03017077,-0.0300727,-0.03002271,-0.03005476,-0.03019391,-0.03048186,-0.03094614,-0.03162928,-0.03254713,-0.03371968,-0.03511852,-0.03669311,-0.03836351,-0.03996047,-0.04112976,-0.04205401,-0.04251642,-0.04239128,-0.04178316,-0.04075204
-0.03390021,-0.03269793,-0.03131777,-0.0298331,-0.02828107,-0.02671433,-0.02516687,-0.02370563,-0.02228181,-0.0209254,-0.01963001,-0.01839369,-0.01720408,-0.01606744,-0.01497852,-0.01394907,-0.01297788,-0.0120779,-0.01124866,-0.01050163,-0.009835231,-0.009258465,-0.008768016,-0.00837024,-0.008060082,-0.007841479,-0.007707894,-0.007661189,-0.007693681,-0.007805617,-0.007988627,-0.008241777,-0.008556279,-0.008930257,-0.009354792,-0.009827497,-0.01033973,-0.01088884,-0.01146647,-0.01206969,-0.01269063,-0.01332649,-0.01397023,-0.01461925,-0.0152671,-0.01591122,-0.01654593,-0.01716906,-0.017776,-0.01836495,-0.01893199,-0.01947545,-0.01999227,-0.0204812,-0.02094027,-0.02136842,-0.02176431,-0.02212688,-0.02245552,-0.02274933,-0.02300848,-0.02323198,-0.02342052,-0.02357297,-0.02369076,-0.02377269,-0.02382088,-0.023834,-0.02381516,-0.02376352,-0.02368406,-0.02357718,-0.02345079,-0.02330792,-0.02316147,-0.0230192,-0.02290088,-0.02282001,-0.02280413,-0.02287294,-0.023062,-0.0233953,-0.023912,-0.024631,-0.02558141,-0.02675664,-0.02814572,-0.02968562,-0.03125541,-0.03274832,-0.03420052,-0.03516608,-0.03568352,-0.03582047,-0.03552983,-0.03487369
-0.02828369,-0.02738135,-0.02632445,-0.02515184,-0.02392698,-0.02268363,-0.02145823,-0.02023254,-0.01907965,-0.01797614,-0.01692077,-0.0159044,-0.01493109,-0.01399199,-0.01309585,-0.01223869,-0.01143241,-0.0106753,-0.009979244,-0.009342596,-0.008775602,-0.008275537,-0.007850435,-0.007496103,-0.007218293,-0.007011358,-0.006878977,-0.006814328,-0.006819377,-0.006886405,-0.007015958,-0.007199724,-0.007437256,-0.00772007,-0.008047057,-0.008409696,-0.008806325,-0.009228611,-0.009674746,-0.01013696,-0.01061346,-0.01109694,-0.01158553,-0.01207256,-0.01255647,-0.01303155,-0.01349653,-0.01394637,-0.01437991,-0.01479291,-0.01518468,-0.01555207,-0.0158947,-0.0162101,-0.01649799,-0.0167567,-0.01698626,-0.01718589,-0.01735568,-0.01749541,-0.01760505,-0.01768504,-0.0177354,-0.01775721,-0.01775031,-0.01771639,-0.01765528,-0.0175696,-0.01745935,-0.01732836,-0.0171773,-0.01701236,-0.01683627,-0.01665909,-0.01648673,-0.01633432,-0.01621235,-0.01614285,-0.01614203,-0.01623906,-0.01645415,-0.01682082,-0.01735828,-0.0180973,-0.01904331,-0.02020532,-0.02155173,-0.02303831,-0.02460958,-0.02613468,-0.02732596,-0.02838909,-0.02913274,-0.02943412,-0.02936691,-0.0289591
-0.02276661,-0.02213577,-0.02134437,-0.02045293,-0.01948859,-0.01849519,-0.01749876,-0.01656067,-0.01563386,-0.01474744,-0.01389965,-0.01309091,-0.01231072,-0.0115646,-0.01084614,-0.01016457,-0.009516691,-0.008913131,-0.008351933,-0.007843087,-0.00738434,-0.006984066,-0.006638985,-0.006355504,-0.006129119,-0.00596431,-0.005855423,-0.005805176,-0.005806961,-0.005862067,-0.005963287,-0.00611083,-0.006297096,-0.006521403,-0.006776008,-0.00705974,-0.007365105,-0.007690678,-0.008029224,-0.008379066,-0.008733412,-0.009090726,-0.00944502,-0.009794973,-0.01013519,-0.01046441,-0.01077798,-0.01107505,-0.01135199,-0.01160834,-0.01184115,-0.01205005,-0.01223296,-0.01238994,-0.01251989,-0.0126231,-0.01269908,-0.01274811,-0.01277037,-0.01276632,-0.01273689,-0.01268244,-0.01260438,-0.01250295,-0.01238023,-0.01223644,-0.01207434,-0.01189409,-0.01169951,-0.01149131,-0.0112751,-0.01105275,-0.01083247,-0.01061836,-0.01042292,-0.01025413,-0.01013008,-0.01006299,-0.01007673,-0.01018747,-0.01042432,-0.01080485,-0.01135864,-0.01209567,-0.01303412,-0.01416054,-0.0154604,-0.01687912,-0.01831681,-0.01970453,-0.02110606,-0.02212932,-0.02282866,-0.02326358,-0.02337567,-0.02320199
-0.0175693,-0.01713465,-0.01656714,-0.01589389,-0.01516787,-0.01441446,-0.01366403,-0.01289541,-0.0121779,-0.01149195,-0.01083779,-0.0102092,-0.009611008,-0.009034662,-0.008487284,-0.007963355,-0.007472273,-0.007010565,-0.006587906,-0.006201343,-0.005859597,-0.005559233,-0.005307425,-0.005099821,-0.004941864,-0.004828175,-0.004762549,-0.004738743,-0.004759143,-0.004816817,-0.004912945,-0.005040134,-0.005198717,-0.005381209,-0.005587379,-0.005809759,-0.00604764,-0.006293766,-0.00654734,-0.00680169,-0.007056078,-0.007304315,-0.007545631,-0.007774471,-0.00799042,-0.00818888,-0.008369774,-0.008529175,-0.008667129,-0.008780504,-0.008869831,-0.008933026,-0.008970957,-0.008982206,-0.008967718,-0.008926838,-0.008860837,-0.008769909,-0.008655393,-0.008517986,-0.008358925,-0.008179528,-0.007981054,-0.007765426,-0.00753373,-0.007288461,-0.007030706,-0.00676388,-0.006489277,-0.006211471,-0.005932378,-0.005658699,-0.005394142,-0.005148715,-0.004928654,-0.004748072,-0.004616603,-0.004553696,-0.00457292,-0.004698624,-0.00494604,-0.005341192,-0.005895887,-0.006631372,-0.007545372,-0.008639769,-0.009882625,-0.01123629,-0.01266371,-0.01406001,-0.0151836,-0.01625432,-0.01710147,-0.01761227,-0.01784609,-0.0178143
-0.01278226,-0.01253719,-0.01215611,-0.01168817,-0.01115143,-0.01058196,-0.009999399,-0.009460451,-0.008919246,-0.008403692,-0.0079148,-0.007454508,-0.007013798,-0.006597902,-0.006199799,-0.005826974,-0.005474606,-0.005151238,-0.004853287,-0.004588982,-0.004354818,-0.004157917,-0.003994203,-0.003869337,-0.003778441,-0.003725685,-0.003705389,-0.003720316,-0.0037641,-0.003838352,-0.003936308,-0.00405871,-0.00419855,-0.004355844,-0.004523548,-0.004701317,-0.004882435,-0.00506641,-0.005246849,-0.005423092,-0.005589238,-0.005744841,-0.005884837,-0.006009063,-0.006113084,-0.006196841,-0.006256657,-0.006292951,-0.006303081,-0.00628786,-0.006245338,-0.00617647,-0.006080114,-0.005957677,-0.005808991,-0.005635696,-0.005438194,-0.005218111,-0.00497652,-0.004715218,-0.004435958,-0.004140449,-0.00383089,-0.003508849,-0.00317715,-0.00283733,-0.002492855,-0.002145219,-0.001798858,-0.001455776,-0.001122054,-0.0008006559,-0.0004998652,-0.0002243861,1.396737e-05,0.0002075318,0.0003401246,0.0004012352,0.0003706861,0.0002359258,-2.622673e-05,-0.0004275778,-0.0009896496,-0.00171545,-0.002615215,-0.003671486,-0.004868624,-0.00615971,-0.00746049,-0.008728241,-0.0100427,-0.01105016,-0.01181838,-0.01240395,-0.01274613,-0.01286887
-0.008508846,-0.008400327,-0.008182874,-0.007874419,-0.007519209,-0.007135611,-0.00674873,-0.006334928,-0.005959675,-0.005605486,-0.005273102,-0.004958122,-0.004665862,-0.004388276,-0.00413153,-0.003889223,-0.003668985,-0.003465984,-0.003288073,-0.003131031,-0.003002057,-0.002896751,-0.002821163,-0.002770324,-0.002748942,-0.00275135,-0.002780952,-0.002831493,-0.002905261,-0.002995541,-0.003103655,-0.003222608,-0.003353072,-0.003488105,-0.003627983,-0.003765893,-0.003901774,-0.004029123,-0.004147904,-0.004252275,-0.00434236,-0.004412867,-0.004463973,-0.004491073,-0.004494772,-0.004471462,-0.004422155,-0.004343944,-0.00423802,-0.004102288,-0.003938464,-0.003745503,-0.003525484,-0.003278016,-0.003005271,-0.002707601,-0.002387518,-0.002046203,-0.001686242,-0.001309287,-0.0009178175,-0.0005140625,-0.000100516,0.0003200365,0.0007452812,0.001171915,0.001597639,0.002018307,0.002431457,0.002831909,0.00321672,0.003578876,0.003914002,0.004212353,0.004467714,0.004667196,0.004802288,0.004856186,0.004817993,0.004667847,0.004395022,0.003979912,0.003416709,0.002691503,0.00181185,0.0007802771,-0.0003723357,-0.001614147,-0.002921526,-0.004206785,-0.005261036,-0.00631157,-0.007202139,-0.007831008,-0.008250332,-0.008463015
-0.004742759,-0.004781001,-0.00470605,-0.004558422,-0.004349205,-0.004108279,-0.003850223,-0.003627424,-0.003394514,-0.00317781,-0.002979591,-0.002802489,-0.002638428,-0.002492507,-0.002357434,-0.002239575,-0.002133051,-0.002044905,-0.00197031,-0.001916079,-0.001877606,-0.001860866,-0.001860938,-0.001882659,-0.001920577,-0.00197835,-0.00204998,-0.002137994,-0.002235933,-0.002345412,-0.002459763,-0.002579938,-0.002699185,-0.002817909,-0.002929458,-0.003034028,-0.003125408,-0.003203783,-0.003263363,-0.003304288,-0.003321339,-0.003314975,-0.00328088,-0.003219885,-0.003128369,-0.003007347,-0.002853999,-0.002669887,-0.002453264,-0.002206142,-0.001927492,-0.001619511,-0.00128198,-0.0009175764,-0.0005270418,-0.0001133079,0.0003223172,0.0007768954,0.001248472,0.001733937,0.002230688,0.002735709,0.003245993,0.00375867,0.004270161,0.004777648,0.005276983,0.005765434,0.006237996,0.00669154,0.007119637,0.00751846,0.007879808,0.008198625,0.008463932,0.008668582,0.008798358,0.008844503,0.008790301,0.008626497,0.008335077,0.007909027,0.007333261,0.006609903,0.005734298,0.004725947,0.003600385,0.002398106,0.001191993,6.383887e-06,-0.001246618,-0.002241034,-0.003055068,-0.003743001,-0.004244959,-0.004577589
-0.001509076,-0.001656285,-0.001714411,-0.00169469,-0.001634598,-0.001547222,-0.001453445,-0.001327834,-0.001232307,-0.001150292,-0.001082454,-0.001025338,-0.0009844061,-0.0009519518,-0.0009334886,-0.0009220822,-0.0009241255,-0.0009338369,-0.00095771,-0.0009905525,-0.001038351,-0.001095898,-0.001168278,-0.001249935,-0.001344882,-0.001447088,-0.001559515,-0.00167575,-0.001797868,-0.001919177,-0.002040988,-0.002156488,-0.002266516,-0.002364446,-0.002450878,-0.002519439,-0.002570532,-0.002598201,-0.002603001,-0.002579726,-0.002529204,-0.002446862,-0.002333685,-0.002185853,-0.002004869,-0.001787968,-0.001537137,-0.001250366,-0.0009298908,-0.0005745544,-0.0001871744,0.0002323384,0.0006807648,0.001157533,0.001659298,0.002184742,0.002730151,0.003293389,0.003870653,0.004459359,0.005055808,0.005656868,0.00625883,0.006858048,0.00745101,0.008033617,0.008602416,0.009152562,0.009680526,0.01018061,0.01064899,0.01107847,0.01146418,0.01179678,0.01207022,0.01227291,0.01239749,0.01242967,0.01236101,0.01217563,0.01186661,0.01141964,0.01083352,0.01009984,0.009229576,0.008227919,0.007124082,0.005945173,0.004705161,0.00348058,0.00245621,0.001401911,0.0004648549,-0.0002635572,-0.0008310138,-0.001235724
0.001252043,0.0009764373,0.0007962662,0.0006776866,0.0006147877,0.0005824955,0.0005699972,0.0005286247,0.0005034112,0.0004694997,0.0004241769,0.0003646085,0.0002983335,0.0002204259,0.0001383507,4.653796e-05,-4.83965e-05,-0.0001524005,-0.0002597239,-0.0003761039,-0.0004960723,-0.0006247069,-0.0007563914,-0.0008952912,-0.001035456,-0.0011801,-0.001322916,-0.001466204,-0.001603364,-0.001735979,-0.001857386,-0.001968677,-0.002063241,-0.002141775,-0.002197887,-0.002232203,-0.002238878,-0.002218652,-0.002166198,-0.002082327,-0.001962369,-0.001807556,-0.001614195,-0.001383987,-0.001113996,-0.0008061984,-0.000458518,-7.355099e-05,0.0003496562,0.0008079882,0.001301642,0.001827266,0.002384227,0.002968654,0.003578939,0.004210917,0.004862408,0.005529212,0.006208514,0.006895932,0.007588023,0.008280493,0.008969524,0.009650976,0.01032051,0.01097409,0.01160687,0.01221498,0.01279287,0.0133364,0.01383888,0.01429576,0.01469902,0.01504338,0.01531877,0.01551861,0.01563057,0.01564754,0.01555592,0.01534929,0.01501401,0.01454687,0.01393785,0.01319269,0.01231063,0.011312,0.01021175,0.00904517,0.007876952,0.006718256,0.005478206,0.00446221,0.003583836,0.002792095,0.002145003,0.001630567
0.003552827,0.003178352,0.002878379,0.002646689,0.002451211,0.002282847,0.002124111,0.002001527,0.001856266,0.001704569,0.001545962,0.001383392,0.001211452,0.001037622,0.0008568935,0.0006765536,0.0004911273,0.0003070812,0.0001189567,-6.731771e-05,-0.0002567852,-0.0004436064,-0.0006321077,-0.0008162638,-0.0009995373,-0.0011756,-0.001347066,-0.001507387,-0.001658473,-0.001793642,-0.001914207,-0.002013491,-0.002092481,-0.002144802,-0.002171335,-0.00216606,-0.002129787,-0.002057004,-0.001948784,-0.00180045,-0.001613451,-0.001383819,-0.001113257,-0.000798623,-0.0004422239,-4.203015e-05,0.0003990846,0.0008823383,0.001404529,0.001965972,0.002562822,0.003194301,0.003856113,0.00454679,0.005261857,0.005999076,0.006753567,0.007522276,0.008300218,0.009083895,0.009868403,0.01064971,0.01142291,0.01218351,0.01292679,0.0136479,0.01434225,0.01500433,0.01562961,0.01621193,0.0167467,0.01722659,0.01764639,0.01799718,0.01827319,0.01846407,0.01856358,0.01855974,0.01844626,0.01821071,0.01784931,0.01735203,0.01672115,0.01595234,0.01505875,0.01404718,0.01294505,0.01177581,0.01054651,0.009326641,0.008282361,0.007183788,0.006173107,0.005332268,0.004617125,0.004032372
0.005471244,0.004975097,0.004561547,0.004202162,0.003894989,0.003618837,0.003365716,0.003090259,0.002837155,0.00258269,0.002324145,0.002058684,0.001793501,0.00152384,0.00125727,0.0009888051,0.0007255818,0.000462475,0.0002059295,-4.896054e-05,-0.0002960567,-0.0005397336,-0.0007738261,-0.001001978,-0.001217843,-0.001424304,-0.001614809,-0.001791506,-0.001947693,-0.002084958,-0.002196662,-0.002284047,-0.002340632,-0.002367396,-0.002358177,-0.002313999,-0.002229334,-0.002105427,-0.001937352,-0.001726526,-0.001468756,-0.001165974,-0.0008150314,-0.0004184171,2.619807e-05,0.0005159635,0.001052287,0.001631615,0.002254182,0.002915845,0.003616042,0.00435033,0.005117278,0.005911865,0.006731652,0.007571275,0.008427705,0.009295509,0.01017102,0.0110486,0.01192396,0.01279152,0.01364666,0.01448396,0.01529834,0.01608452,0.01683703,0.01755085,0.01821995,0.01883923,0.0194018,0.01990249,0.0203335,0.02068945,0.02096112,0.02114256,0.0212232,0.02119741,0.02105434,0.02078998,0.02039435,0.01986724,0.0192026,0.01840871,0.01748759,0.01645972,0.01533941,0.01415784,0.01297384,0.01178886,0.01051257,0.009434457,0.008461376,0.007546892,0.006746901,0.006052811
0.007028942,0.006436721,0.005908894,0.005443085,0.005011742,0.004608875,0.004219886,0.003871869,0.003508725,0.003146735,0.002785564,0.002427867,0.002068373,0.001714379,0.001361265,0.001016532,0.000675393,0.0003448029,2.010216e-05,-0.0002922223,-0.0005964693,-0.0008863062,-0.001165458,-0.00142753,-0.001675556,-0.00190298,-0.00211216,-0.002296452,-0.002457668,-0.002589156,-0.002692271,-0.002760474,-0.002794923,-0.002789473,-0.002745288,-0.002656665,-0.002524804,-0.00234459,-0.002117581,-0.001839566,-0.00151257,-0.001133158,-0.0007037041,-0.0002216654,0.0003098994,0.0008923611,0.001522013,0.00219935,0.002920253,0.00368426,0.004486546,0.005325517,0.006195825,0.007095138,0.008017857,0.008960844,0.009918057,0.01088554,0.01185709,0.01282832,0.01379307,0.01474642,0.01568221,0.01659511,0.01747922,0.01832888,0.01913841,0.01990165,0.02061311,0.02126621,0.02185564,0.02237406,0.02281591,0.02317282,0.02343927,0.02360614,0.02366824,0.02361568,0.02344405,0.02314391,0.02271403,0.02214793,0.02145046,0.02062046,0.01967238,0.01861415,0.0174715,0.0162652,0.01499737,0.01373328,0.01262394,0.01144192,0.01032731,0.009353219,0.008478844,0.007710816
0.008300986,0.007589711,0.006952023,0.006364051,0.005826901,0.005322677,0.004845558,0.004353257,0.003890093,0.003433222,0.002980198,0.00252829,0.002084443,0.001644059,0.001214745,0.0007919515,0.0003831665,-1.611117e-05,-0.0003989218,-0.0007695206,-0.001121249,-0.001457921,-0.001772936,-0.002069521,-0.002341017,-0.00259005,-0.002809881,-0.003002556,-0.003161306,-0.003287759,-0.003375313,-0.003425375,-0.003431596,-0.003395231,-0.003310335,-0.003178313,-0.002993924,-0.002758889,-0.002468637,-0.002125152,-0.001724668,-0.00126977,-0.0007577982,-0.0001919777,0.0004294674,0.001102859,0.001828982,0.002603368,0.003425572,0.004290465,0.00519675,0.006138915,0.007114734,0.008118033,0.009145534,0.01019066,0.01124953,0.01231545,0.01338386,0.01444783,0.01550218,0.01654004,0.01755591,0.01854313,0.0194958,0.02040746,0.02127194,0.02208313,0.02283454,0.0235202,0.02413304,0.02466735,0.02511563,0.02547242,0.02572943,0.02588128,0.02591906,0.02583849,0.0256312,0.02529519,0.02482365,0.0242187,0.02347752,0.02261019,0.02162086,0.02052983,0.01935091,0.01811216,0.01686818,0.0156131,0.01425959,0.01308413,0.01198786,0.0109301,0.009964479,0.00908516
0.009304015,0.008497312,0.007748257,0.007057422,0.00640115,0.005775908,0.00516968,0.004609724,0.004042471,0.003484514,0.002935594,0.002398213,0.0018673,0.001350003,0.0008420136,0.0003509489,-0.0001274503,-0.0005858903,-0.001028404,-0.001448086,-0.001848637,-0.002223338,-0.002575423,-0.002898202,-0.00319436,-0.003457158,-0.003688751,-0.003882428,-0.004039934,-0.004154651,-0.004227997,-0.00425356,-0.004232668,-0.004159387,-0.004035152,-0.003854542,-0.003619122,-0.003324131,-0.002971582,-0.002557676,-0.00208498,-0.001550541,-0.0009573668,-0.000303464,0.0004073861,0.001175936,0.001997664,0.002872374,0.003795039,0.004764442,0.005774765,0.006823592,0.007904492,0.009014242,0.01014608,0.01129593,0.01245655,0.01362301,0.01478787,0.01594573,0.01708918,0.01821232,0.01930774,0.02036921,0.02138962,0.02236254,0.02328114,0.02413868,0.02492871,0.02564435,0.0262796,0.02682717,0.02728128,0.02763412,0.02788048,0.02801247,0.02802585,0.02791272,0.02767031,0.02729186,0.02677825,0.02612598,0.02534189,0.02442736,0.0233977,0.02226172,0.02104371,0.01976262,0.01841708,0.0170701,0.0158597,0.01456255,0.01331863,0.01219244,0.01114664,0.01018916
0.01010057,0.009176619,0.00832004,0.007510897,0.006752634,0.006030239,0.005339549,0.004641281,0.003979319,0.003331495,0.002695865,0.002069886,0.001460324,0.0008627633,0.0002848099,-0.000277733,-0.0008171445,-0.001337431,-0.001831257,-0.00230235,-0.002743649,-0.003158502,-0.00353996,-0.003890898,-0.004204399,-0.00448287,-0.004719417,-0.004916001,-0.005065795,-0.005170468,-0.005223449,-0.005226293,-0.005172764,-0.005064369,-0.004895348,-0.00466745,-0.004375689,-0.004022212,-0.003602767,-0.003119862,-0.002570119,-0.001956741,-0.001277522,-0.0005363945,0.0002678827,0.001130816,0.002052567,0.003027755,0.004055242,0.005128894,0.006246641,0.007401851,0.008591439,0.009808019,0.01104741,0.01230176,0.01356624,0.01483282,0.01609597,0.01734739,0.01858095,0.01978842,0.02096341,0.02209792,0.02318529,0.02421781,0.02518867,0.02609071,0.02691702,0.02766082,0.02831498,0.02887334,0.02932878,0.02967585,0.02990722,0.03001809,0.03000124,0.02985357,0.02956905,0.0291474,0.02858459,0.02788468,0.02704756,0.02608463,0.02500181,0.02381912,0.0225502,0.02122062,0.01988209,0.01852296,0.01706079,0.01576063,0.01451872,0.01330108,0.01215885,0.01108862
0.01069669,0.009677736,0.008712186,0.007802793,0.006929333,0.006090191,0.005275729,0.00451301,0.003750918,0.003006554,0.002279675,0.001572754,0.0008809963,0.0002114331,-0.0004399413,-0.001065455,-0.001668924,-0.002242821,-0.002790661,-0.003305223,-0.003789701,-0.004237072,-0.00465014,-0.005021976,-0.005354948,-0.005642163,-0.005885586,-0.006078438,-0.006222395,-0.006310858,-0.006345284,-0.006319361,-0.006234557,-0.006085107,-0.005872678,-0.005592086,-0.005245224,-0.004827634,-0.00434175,-0.003784148,-0.003157907,-0.002460529,-0.001695641,-0.0008617914,3.650387e-05,0.0009993687,0.002021436,0.003101788,0.004234439,0.005417358,0.006643648,0.007909991,0.00920877,0.01053578,0.011883,0.01324534,0.01461421,0.01598364,0.01734482,0.0186913,0.02001429,0.02130692,0.02256046,0.02376778,0.02492053,0.02601152,0.02703284,0.02797723,0.02883738,0.02960615,0.03027704,0.0308429,0.03129782,0.03163468,0.03184864,0.0319331,0.03188476,0.03169765,0.03137049,0.03089899,0.03028582,0.02953012,0.02864031,0.02761997,0.02648498,0.02524502,0.0239232,0.02253733,0.02108364,0.0196242,0.01828529,0.01684921,0.0154569,0.0141643,0.01293776,0.01178598
0.01113931,0.01000522,0.008934341,0.007910194,0.006937929,0.00600511,0.005108808,0.004212739,0.00336023,0.002529678,0.001719829,0.0009284034,0.000162054,-0.000583398,-0.001300356,-0.00199268,-0.002652493,-0.003283368,-0.003877691,-0.004438725,-0.004959097,-0.005441731,-0.005879392,-0.006274623,-0.006620285,-0.00691856,-0.007162412,-0.007353688,-0.007485501,-0.007559515,-0.007569169,-0.007516114,-0.007394195,-0.007205111,-0.006943256,-0.006610667,-0.006202575,-0.005721512,-0.005163522,-0.004531606,-0.003822772,-0.003040827,-0.002184041,-0.001257071,-0.0002592598,0.0008040375,0.00193229,0.00311913,0.004362634,0.005655559,0.006994937,0.008372892,0.009785349,0.01122359,0.0126824,0.01415255,0.01562813,0.01709966,0.01856054,0.02000103,0.02141398,0.02278977,0.02412111,0.02539868,0.02661503,0.02776129,0.0288301,0.02981333,0.03070378,0.03149401,0.03217698,0.0327462,0.03319508,0.03351833,0.03370966,0.03376497,0.03367868,0.0334489,0.0330718,0.03254867,0.03187802,0.03106549,0.03011345,0.02903428,0.02783551,0.02653688,0.02515209,0.02370489,0.02224485,0.02075579,0.01916151,0.01771633,0.01631226,0.01492282,0.01359632,0.01233152
0.01142317,0.01019494,0.009017769,0.007895931,0.006812281,0.00576665,0.00475163,0.00379375,0.00284437,0.001921212,0.001024008,0.0001553078,-0.0006893155,-0.001502901,-0.002289119,-0.003040268,-0.003759742,-0.004439848,-0.005083622,-0.005683602,-0.006242512,-0.006753074,-0.007217685,-0.0076292,-0.007989668,-0.008292044,-0.008538076,-0.008720901,-0.008842084,-0.008895011,-0.008881126,-0.008794175,-0.008635714,-0.008400101,-0.00808919,-0.007697998,-0.007228709,-0.006677155,-0.006046176,-0.005332728,-0.004540422,-0.003667244,-0.002717495,-0.001690336,-0.0005910988,0.0005796123,0.001815475,0.003114728,0.004470285,0.005879146,0.007333179,0.008828003,0.01035467,0.01190785,0.01347811,0.01505921,0.01664111,0.01821668,0.01977565,0.02131049,0.02281101,0.02426934,0.02567545,0.02702136,0.02829755,0.02949618,0.03060839,0.03162654,0.03254262,0.03334947,0.03404018,0.03460798,0.035047,0.03535096,0.03551552,0.03553548,0.0354085,0.03513056,0.03470177,0.03412018,0.03339003,0.03251289,0.03149846,0.0303523,0.02909071,0.02772429,0.0262752,0.02476064,0.02317522,0.02158094,0.02009305,0.01850083,0.01694663,0.01547777,0.01406456,0.012716
0.01158021,0.01023977,0.008959932,0.007727303,0.006548191,0.005412507,0.004318189,0.003232004,0.002196527,0.001190695,0.0002140893,-0.000735228,-0.001650664,-0.00253607,-0.003383853,-0.004197498,-0.004969018,-0.00570155,-0.006387264,-0.00702897,-0.007619031,-0.008159949,-0.008644236,-0.009074078,-0.009442126,-0.009750295,-0.009991396,-0.01016711,-0.01027046,-0.01030303,-0.01025826,-0.01013781,-0.009935596,-0.009653444,-0.009285889,-0.008835222,-0.008296902,-0.007673838,-0.006962411,-0.006166145,-0.005282511,-0.00431599,-0.003265444,-0.00213636,-0.0009288113,0.0003508455,0.001701214,0.003114781,0.00458864,0.00611426,0.007687578,0.009299306,0.0109442,0.01261209,0.01429656,0.01598688,0.01767594,0.01935278,0.02100965,0.02263537,0.02422182,0.02575801,0.0272358,0.02864468,0.02997654,0.03122151,0.03237187,0.03341871,0.03435479,0.0351722,0.03586421,0.03642423,0.03684644,0.0371258,0.03725731,0.0372376,0.03706286,0.03673235,0.03624442,0.03560176,0.03480528,0.03386199,0.03277646,0.0315619,0.03022732,0.02879219,0.02727052,0.02568462,0.0240825,0.02244431,0.02070113,0.0190965,0.01751907,0.01595036,0.01443539,0.01297502
0.01159604,0.01016331,0.008780789,0.007453695,0.006167707,0.004923693,0.00371637,0.002571404,0.001442756,0.0003487905,-0.0007108009,-0.001733295,-0.002722643,-0.003671914,-0.004584369,-0.00545228,-0.006278588,-0.007055462,-0.007785455,-0.008460893,-0.009084021,-0.009647327,-0.01015277,-0.010593,-0.0109697,-0.01127566,-0.01151234,-0.01167278,-0.01175837,-0.01176244,-0.01168637,-0.01152395,-0.01127676,-0.01093931,-0.0105136,-0.009994895,-0.009385685,-0.008682161,-0.007887634,-0.006999554,-0.006022164,-0.004954095,-0.003800469,-0.002561245,-0.001242755,0.0001534629,0.001619933,0.003153828,0.004746747,0.006394507,0.008087547,0.00982024,0.01158215,0.01336669,0.01516291,0.01696329,0.0187563,0.02053364,0.02228361,0.02399764,0.02566421,0.02727457,0.02881754,0.03028444,0.03166482,0.03295042,0.03413165,0.03520076,0.03614931,0.03697036,0.03765688,0.03820271,0.03860222,0.0388502,0.03894296,0.03887681,0.03865043,0.03826174,0.03771216,0.03700201,0.03613688,0.03512058,0.03396386,0.03267411,0.03126789,0.02975677,0.02816207,0.02650079,0.02476649,0.02302155,0.0213705,0.01961108,0.01788681,0.01623635,0.01463427,0.01308945
0.01149088,0.009950411,0.008469132,0.00703647,0.005659418,0.004330073,0.003046938,0.00177993,0.0005706135,-0.0006014692,-0.001735791,-0.002833875,-0.003889137,-0.004904989,-0.005873826,-0.006798676,-0.007671458,-0.008494822,-0.009260753,-0.009971558,-0.01061937,-0.0112062,-0.01172434,-0.01217554,-0.01255225,-0.01285603,-0.01307954,-0.01322422,-0.01328298,-0.0132573,-0.01314059,-0.0129345,-0.01263303,-0.01223815,-0.01174461,-0.011155,-0.01046511,-0.009678332,-0.008791544,-0.007808935,-0.006728648,-0.005556019,-0.004290742,-0.002939346,-0.001502894,1.103777e-05,0.001599925,0.003254888,0.004971793,0.006740626,0.008556028,0.01040716,0.01228748,0.01418525,0.0160928,0.01799788,0.01989219,0.02176332,0.0236025,0.02539725,0.02713858,0.02881439,0.03041588,0.03193161,0.0333531,0.03466979,0.03587385,0.03695597,0.03790911,0.03872522,0.03939815,0.0399215,0.04029037,0.04050029,0.04054759,0.0404298,0.04014488,0.03969325,0.03907534,0.03829511,0.03735567,0.0362652,0.03503026,0.03366464,0.03217878,0.0305918,0.02891818,0.027179,0.02542107,0.02362151,0.02171948,0.01994716,0.01819091,0.01644046,0.01473709,0.01308371
0.01124586,0.009616878,0.008038402,0.006516162,0.005038476,0.003606917,0.002218254,0.000896995,-0.0004000884,-0.001654046,-0.002865206,-0.00403058,-0.00515353,-0.006227112,-0.007254073,-0.008226641,-0.009147225,-0.01000786,-0.01081056,-0.01154743,-0.01222019,-0.01282108,-0.01335158,-0.0138041,-0.01417989,-0.01447158,-0.01468029,-0.01479896,-0.01482873,-0.01476294,-0.01460289,-0.01434245,-0.0139833,-0.01352016,-0.01295532,-0.0122844,-0.01151037,-0.01062998,-0.009647208,-0.008560245,-0.007374204,-0.006088634,-0.004709735,-0.003238557,-0.00168268,-4.485709e-05,0.001666048,0.003445889,0.005284755,0.007177082,0.009111751,0.01108178,0.01307519,0.0150841,0.01709604,0.0191023,0.02108994,0.02304965,0.02496848,0.02683705,0.02864276,0.03037628,0.03202555,0.03358158,0.03503328,0.03637235,0.03758883,0.03867521,0.03962294,0.04042561,0.04107637,0.04156994,0.04190115,0.04206605,0.0420617,0.04188602,0.04153869,0.04101954,0.04033119,0.03947604,0.03846082,0.03729135,0.03597916,0.03453329,0.03297038,0.03130293,0.02955149,0.02773301,0.02584047,0.02393673,0.02211576,0.02018522,0.01828903,0.01645731,0.0146692,0.01293303
0.01087487,0.009145194,0.007474209,0.00585398,0.004291806,0.002781877,0.001323029,-0.0001115426,-0.001481576,-0.00280677,-0.004085576,-0.005319021,-0.00650048,-0.007632791,-0.008708307,-0.00972948,-0.01068813,-0.01158631,-0.01241584,-0.01317842,-0.01386595,-0.01447991,-0.01501232,-0.01546445,-0.01582855,-0.01610579,-0.01628869,-0.01637841,-0.01636785,-0.01625835,-0.01604342,-0.01572479,-0.01529669,-0.01476137,-0.01411401,-0.01335766,-0.01248876,-0.01151137,-0.0104232,-0.009229367,-0.007929011,-0.006528604,-0.005029001,-0.003438033,-0.001758059,1.897549e-06,0.001837925,0.003739604,0.005701385,0.007711684,0.009763748,0.01184519,0.01394817,0.01605947,0.01817026,0.02026694,0.02234023,0.02437653,0.02636633,0.02829618,0.03015655,0.0319346,0.03362126,0.03520459,0.03667609,0.03802495,0.03924363,0.04032273,0.0412558,0.04203497,0.04265494,0.04310974,0.04339563,0.0435088,0.04344705,0.04320879,0.04279373,0.04220335,0.04144,0.04050869,0.0394145,0.03816646,0.03677288,0.03524787,0.03360309,0.03185723,0.03002527,0.02812717,0.02620859,0.02424428,0.02218197,0.0202415,0.01830839,0.01638038,0.01449469,0.01265623
0.01036071,0.008549331,0.006789643,0.005087536,0.00343386,0.001830641,0.0002766581,-0.001204982,-0.002654411,-0.004052223,-0.005398691,-0.006690473,-0.007930215,-0.009110903,-0.01023464,-0.01129357,-0.01228945,-0.01321417,-0.01406908,-0.01484609,-0.01554628,-0.01616168,-0.01669319,-0.01713303,-0.01748198,-0.01773255,-0.01788553,-0.01793384,-0.01787848,-0.01771291,-0.01743847,-0.01704935,-0.0165475,-0.01592813,-0.01519404,-0.01434155,-0.01337438,-0.01229021,-0.01109397,-0.009784957,-0.008369462,-0.006848303,-0.005229028,-0.003514086,-0.001712522,0.0001714559,0.002127448,0.004149832,0.006227137,0.008352369,0.01051291,0.01270048,0.01490172,0.01710758,0.01930436,0.02148239,0.02362769,0.02573024,0.0277763,0.029756,0.03165617,0.03346726,0.03517687,0.03677608,0.03825365,0.03960163,0.04081012,0.04187218,0.04277952,0.04352657,0.04410692,0.04451635,0.04475034,0.04480628,0.04468201,0.04437702,0.04389192,0.04322826,0.04238966,0.04138032,0.04020782,0.03887968,0.03740788,0.03580282,0.03408099,0.03225571,0.03034666,0.02837087,0.02632102,0.02426025,0.02227213,0.02017572,0.01811405,0.01610916,0.0141449,0.01222883
0.009717215,0.007815844,0.00597332,0.004184226,0.002455908,0.0007845894,-0.0008306889,-0.00241332,-0.003924645,-0.005383349,-0.006786824,-0.008135499,-0.009422644,-0.01065037,-0.01181093,-0.01290607,-0.01392747,-0.01487648,-0.01574472,-0.0165332,-0.01723363,-0.01784685,-0.0183647,-0.01878795,-0.01910873,-0.01932784,-0.01943784,-0.01943971,-0.01932653,-0.01909969,-0.01875309,-0.01828872,-0.01770144,-0.01699403,-0.01616248,-0.01521065,-0.01413598,-0.01294358,-0.01163236,-0.01020867,-0.00867302,-0.007033273,-0.005291749,-0.003457768,-0.001535202,0.0004653819,0.002538563,0.004672399,0.006859921,0.009088106,0.01134893,0.01362869,0.01591845,0.01820388,0.02047527,0.02271812,0.02492256,0.0270743,0.02916348,0.03117621,0.03310291,0.03493051,0.03665014,0.03824984,0.03972155,0.04105464,0.0422422,0.04327518,0.04414797,0.04485318,0.04538656,0.04574274,0.04591922,0.0459129,0.04572297,0.04534869,0.04479131,0.04405318,0.04313825,0.0420523,0.04080201,0.03939688,0.03784664,0.03616539,0.03436577,0.0324658,0.0304809,0.02842994,0.02635733,0.02423608,0.02202269,0.01992355,0.01782503,0.0157324,0.01367859,0.01167056
0.008934744,0.006962474,0.005043662,0.003184157,0.001377282,-0.0003746302,-0.002070828,-0.003689759,-0.005268129,-0.006786241,-0.008244184,-0.009638163,-0.01096996,-0.01223243,-0.01342687,-0.01454531,-0.01558872,-0.01654883,-0.01742622,-0.01821266,-0.01890853,-0.01950573,-0.02000458,-0.02039726,-0.02068418,-0.0208579,-0.02091906,-0.02086082,-0.02068426,-0.02038332,-0.01995965,-0.01940816,-0.01873139,-0.01792551,-0.01699413,-0.01593475,-0.01475214,-0.01344534,-0.01202054,-0.0104785,-0.008826923,-0.007068173,-0.005211294,-0.003260302,-0.001225754,0.0008866315,0.003064997,0.005302311,0.007585743,0.009907061,0.01225247,0.01461267,0.01697334,0.01932465,0.02165214,0.02394567,0.02619074,0.02837714,0.03049084,0.03252206,0.03445757,0.03628814,0.0380015,0.03958929,0.04104058,0.04234814,0.04350251,0.04449764,0.04532578,0.04598237,0.04646161,0.04676045,0.04687504,0.04680403,0.04654603,0.04610183,0.0454728,0.0446619,0.04367343,0.042513,0.04118867,0.03970921,0.03808669,0.03633251,0.03446272,0.03249124,0.03043675,0.02831632,0.02612256,0.0239185,0.02177752,0.01953149,0.01732094,0.0151606,0.01303909,0.01096302
0.008032081,0.005984835,0.003997027,0.002065673,0.0001980286,-0.001607671,-0.003352208,-0.005055435,-0.006680561,-0.00824493,-0.009744851,-0.01118003,-0.01254357,-0.01383668,-0.01505148,-0.01618886,-0.01724035,-0.01820652,-0.01907883,-0.0198576,-0.02053444,-0.02110958,-0.02157493,-0.02193082,-0.02216957,-0.02229181,-0.02229047,-0.02216661,-0.02191394,-0.0215342,-0.02102213,-0.02038039,-0.0196049,-0.01869933,-0.01766097,-0.0164948,-0.01519971,-0.01378209,-0.01224242,-0.01058846,-0.008822358,-0.006953434,-0.004985597,-0.00292962,-0.000790885,0.001418656,0.00369221,0.006016597,0.008383687,0.01077942,0.01319486,0.01561549,0.0180317,0.0204286,0.02279615,0.02511951,0.02738874,0.0295895,0.03171211,0.03374283,0.03567251,0.03748843,0.03918235,0.04074278,0.04216248,0.04343137,0.04454347,0.04549037,0.04626743,0.04686797,0.0472888,0.04752523,0.04757589,0.04743833,0.04711294,0.04659959,0.04590078,0.04501939,0.04396057,0.04273047,0.04133689,0.03978945,0.03809879,0.03627868,0.03434237,0.03230704,0.03018832,0.02800398,0.02579696,0.02353925,0.02119595,0.01895898,0.01671742,0.01448326,0.01228519,0.01013215
0.007010791,0.004907918,0.002860613,0.0008746224,-0.001054296,-0.002923537,-0.004730409,-0.006454966,-0.008130136,-0.009736123,-0.01127264,-0.01273536,-0.01412505,-0.01543438,-0.01666374,-0.01780503,-0.01885835,-0.01981536,-0.02067591,-0.02143172,-0.0220826,-0.02262055,-0.02304551,-0.02334995,-0.02353412,-0.0235911,-0.02352165,-0.02331969,-0.02298672,-0.02251765,-0.02191487,-0.02117448,-0.02029999,-0.01928895,-0.01814616,-0.01687065,-0.01546853,-0.01394045,-0.01229402,-0.01053166,-0.008662477,-0.006690443,-0.004625989,-0.002474613,-0.0002481421,0.002046409,0.004396088,0.006792786,0.009222791,0.01167706,0.01414117,0.01660532,0.0190548,0.02147959,0.02386509,0.02620124,0.02847368,0.03067254,0.03278414,0.03479925,0.03670516,0.03849339,0.04015231,0.04167445,0.04304959,0.04427145,0.04533132,0.04622416,0.04694295,0.04748415,0.04784263,0.0480164,0.04800221,0.04779976,0.04740818,0.04682931,0.0460649,0.04511894,0.04399599,0.04270261,0.04124688,0.03963834,0.03788877,0.03601012,0.03401771,0.03192576,0.02975184,0.02751291,0.02520177,0.02288071,0.02061335,0.01824558,0.01591364,0.01362604,0.01137605,0.009169368
0.005896805,0.003738447,0.001640434,-0.0003978547,-0.002369265,-0.004273565,-0.006111278,-0.007898627,-0.00960089,-0.01123371,-0.01279233,-0.01427563,-0.01567647,-0.01699509,-0.01822349,-0.01936165,-0.02040108,-0.02134159,-0.0221747,-0.02290016,-0.02350978,-0.02400347,-0.02437352,-0.02462019,-0.02473644,-0.0247231,-0.02457397,-0.02429064,-0.02386791,-0.02330833,-0.02260796,-0.02177048,-0.0207933,-0.01968133,-0.01843345,-0.01705598,-0.0155495,-0.01392175,-0.01217489,-0.01031804,-0.00835494,-0.00629618,-0.004147096,-0.001919585,0.0003797425,0.002738,0.005147414,0.007594116,0.0100693,0.01255849,0.01505236,0.01753624,0.02000043,0.02243015,0.02481557,0.02714221,0.0294006,0.03157694,0.03366223,0.03564344,0.03751228,0.03925682,0.04086979,0.04234055,0.04366288,0.04482755,0.0458296,0.0466614,0.04731935,0.04779742,0.04809342,0.04820326,0.04812645,0.04786101,0.04740817,0.04676816,0.04594426,0.04493951,0.04375976,0.04241114,0.040902,0.0392417,0.03744129,0.03551387,0.03347293,0.0313346,0.0291145,0.02682924,0.02452003,0.02215857,0.0197182,0.01737543,0.01502407,0.01268174,0.01037315,0.00810913
0.004703196,0.002508962,0.0003726506,-0.001700026,-0.003710917,-0.005657081,-0.007533951,-0.00932313,-0.01105348,-0.01270532,-0.01427781,-0.01576603,-0.01716973,-0.01848143,-0.0197006,-0.02081915,-0.02183644,-0.02274426,-0.02354195,-0.02422154,-0.02478257,-0.02521757,-0.02552649,-0.02570256,-0.02574632,-0.02565189,-0.02542061,-0.02504765,-0.02453535,-0.02388008,-0.02308528,-0.02214867,-0.02107496,-0.01986341,-0.01852008,-0.01704573,-0.0154478,-0.01372858,-0.01189697,-0.009956899,-0.007918641,-0.005787511,-0.003574925,-0.001287506,0.001062165,0.003466236,0.005911257,0.008388576,0.01088425,0.01338901,0.01588847,0.01837292,0.02082798,0.02324394,0.02560679,0.02790703,0.03013106,0.03226982,0.03431052,0.03624486,0.0380611,0.03975178,0.04130629,0.04271822,0.04397829,0.04508127,0.04601932,0.04678838,0.04738218,0.0477981,0.04803158,0.04808141,0.0479448,0.04762215,0.04711283,0.04641927,0.04554331,0.04448941,0.04326203,0.04186812,0.0403154,0.03861368,0.03677404,0.03480859,0.03273164,0.03055741,0.02830226,0.02598287,0.02359247,0.02119185,0.01883558,0.0163845,0.01396876,0.01159198,0.009251789,0.00695318
0.003462159,0.001236185,-0.000928153,-0.0030292,-0.00505982,-0.007017833,-0.00890335,-0.01072897,-0.01246222,-0.01411674,-0.01568682,-0.01717052,-0.01856053,-0.01985618,-0.02104952,-0.02213979,-0.02311878,-0.02398578,-0.02473281,-0.02535938,-0.02585799,-0.02622865,-0.02646455,-0.02656635,-0.02652818,-0.02635151,-0.02603155,-0.02557076,-0.02496553,-0.02421946,-0.02333031,-0.02230295,-0.02113653,-0.01983719,-0.01840555,-0.01684916,-0.01517019,-0.01337756,-0.01147488,-0.009472297,-0.007374792,-0.005193767,-0.002935559,-0.0006126146,0.001767734,0.004192306,0.006652911,0.009135677,0.01163171,0.01412682,0.01661186,0.01907269,0.0215001,0.02388003,0.02620339,0.02845664,0.03063119,0.0327143,0.034698,0.03657037,0.03832421,0.03994875,0.0414378,0.04278178,0.04397554,0.04501079,0.04588357,0.04658702,0.04711838,0.04747228,0.04764721,0.04763951,0.04744925,0.04707463,0.04651736,0.04577764,0.04485909,0.04376452,0.04249999,0.04107116,0.0394865,0.03775468,0.03588676,0.03389484,0.03179232,0.0295941,0.02731557,0.02497219,0.02260312,0.02018064,0.01768564,0.01527864,0.01286012,0.01045202,0.008075628,0.005743494
0.002195653,-4.223924e-05,-0.002219518,-0.004330356,-0.006374306,-0.008347987,-0.01024511,-0.01204875,-0.01378358,-0.01543029,-0.01698748,-0.01844977,-0.01981601,-0.02107879,-0.02223691,-0.02328261,-0.02421485,-0.02502602,-0.02571531,-0.02627561,-0.02670663,-0.02700197,-0.02716206,-0.02718143,-0.02706135,-0.02679743,-0.02639196,-0.02584175,-0.02515022,-0.02431547,-0.02334212,-0.02222961,-0.02098386,-0.01960577,-0.01810257,-0.01647655,-0.01473617,-0.0128851,-0.0109331,-0.008885219,-0.006752353,-0.004540685,-0.002262008,7.647974e-05,0.002462106,0.004886765,0.007337202,0.009804816,0.01227612,0.01474217,0.01718933,0.01960846,0.02198612,0.02431345,0.02657747,0.02876973,0.0308778,0.03289373,0.03480599,0.03660743,0.03828753,0.03984001,0.04125538,0.04252833,0.0436506,0.04461795,0.04542337,0.04606363,0.0465331,0.04682982,0.04694963,0.04689181,0.04665373,0.04623612,0.04563831,0.04486286,0.04391132,0.04278819,0.04149744,0.04004594,0.03844069,0.0366913,0.03480789,0.03280233,0.03068776,0.02847811,0.02618849,0.02383513,0.021412,0.0189776,0.01657836,0.01409062,0.01163686,0.009217274,0.006833385,0.004489822
0.0009388338,-0.00130329,-0.003481889,-0.005593203,-0.007630011,-0.009588341,-0.01146777,-0.0132775,-0.01498748,-0.01660927,-0.01813652,-0.01956664,-0.02089246,-0.02211268,-0.02321977,-0.02421267,-0.02508386,-0.02583263,-0.02645197,-0.02694166,-0.02729544,-0.02751384,-0.02759152,-0.0275299,-0.02732471,-0.02697838,-0.02648781,-0.02585655,-0.02508274,-0.02417108,-0.02312107,-0.02193864,-0.02062458,-0.01918604,-0.01762511,-0.0159502,-0.01416474,-0.01227833,-0.01029558,-0.008227074,-0.006078537,-0.003861531,-0.001582829,0.0007452453,0.003115224,0.005514314,0.007934491,0.01036255,0.01279005,0.0152037,0.01759506,0.01995108,0.02226342,0.02451932,0.02671071,0.02882542,0.030856,0.03279108,0.03462387,0.03634381,0.03794487,0.03941752,0.04075666,0.04195382,0.04300482,0.04390227,0.044643,0.04522086,0.04563368,0.04587654,0.04594833,0.04584558,0.04556856,0.04511541,0.04448783,0.04368575,0.04271264,0.04157081,0.04026601,0.0388032,0.03719045,0.03543554,0.03354909,0.03154209,0.02942748,0.02721892,0.02493136,0.02257917,0.02019919,0.01776516,0.01526467,0.01284207,0.01040615,0.007981945,0.005587919,0.003238117
-0.0002820144,-0.002508532,-0.004671255,-0.006764119,-0.008784604,-0.01072886,-0.01258922,-0.01435022,-0.01603249,-0.01761758,-0.01910364,-0.0204852,-0.02176059,-0.0229229,-0.0239707,-0.02489707,-0.02570104,-0.02637611,-0.02692187,-0.02733252,-0.02760843,-0.02774472,-0.02774265,-0.02759841,-0.02731426,-0.02688752,-0.02632153,-0.02561482,-0.02477188,-0.02379245,-0.02268216,-0.02144198,-0.02007871,-0.01859459,-0.01699755,-0.01529104,-0.01348399,-0.01158097,-0.009591971,-0.007522627,-0.005383816,-0.003182011,-0.0009287221,0.001368862,0.003698629,0.006052784,0.008418888,0.01078891,0.01315039,0.0154952,0.0178109,0.02008937,0.02231851,0.02449059,0.02659409,0.02862171,0.03056253,0.03240983,0.03415347,0.03578752,0.03730277,0.03869402,0.03995297,0.04107528,0.04205366,0.04288463,0.04356193,0.04408293,0.04444246,0.04463891,0.04466834,0.04453016,0.04422171,0.04374362,0.04309492,0.04227792,0.04129361,0.0401461,0.03883861,0.03737752,0.03576889,0.03402174,0.03214508,0.03015022,0.02804909,0.02585508,0.02358211,0.02124588,0.01884133,0.01642398,0.01403318,0.01156103,0.009120978,0.006711248,0.004336722,0.002002032
-0.001433346,-0.003633829,-0.005768206,-0.007830924,-0.009814684,-0.01171407,-0.01352816,-0.0152632,-0.01689194,-0.01842403,-0.01985297,-0.02117597,-0.02238641,-0.02348288,-0.0244588,-0.02531326,-0.02604001,-0.02663877,-0.02710399,-0.02743616,-0.02763062,-0.02768877,-0.02760697,-0.02738759,-0.02702809,-0.02653192,-0.02589767,-0.02512982,-0.02422811,-0.02319813,-0.02204079,-0.02076275,-0.01936604,-0.01785833,-0.01624274,-0.01452796,-0.0127182,-0.01082306,-0.008847643,-0.006802319,-0.004692997,-0.002530759,-0.0003222518,0.001920936,0.004191727,0.006478295,0.008773255,0.01106459,0.01334472,0.01560171,0.01782816,0.02001245,0.02214743,0.02422185,0.02622889,0.02815792,0.03000272,0.03175342,0.03340441,0.03494652,0.03637484,0.03768106,0.03886103,0.03990733,0.04081652,0.04158205,0.04220128,0.0426686,0.04298217,0.04313733,0.04313308,0.04296592,0.04263598,0.04214114,0.04148273,0.0406602,0.03967648,0.03853318,0.03723538,0.03578712,0.03419578,0.03246806,0.03061388,0.02864304,0.02656782,0.02440066,0.02215594,0.01984704,0.01750832,0.01511581,0.01266288,0.01027786,0.007879145,0.005493691,0.003137792,0.0008266639
-0.002490208,-0.004645418,-0.00673327,-0.008747481,-0.01068389,-0.01253834,-0.01430232,-0.01596201,-0.01753444,-0.01900261,-0.02036461,-0.0216154,-0.0227533,-0.0237724,-0.02467157,-0.02544521,-0.0260929,-0.02660964,-0.02699581,-0.02724724,-0.0273652,-0.02734651,-0.02719338,-0.02690369,-0.02648064,-0.02592318,-0.0252355,-0.02441763,-0.02347479,-0.02240805,-0.02122359,-0.0199235,-0.01851494,-0.01700101,-0.01538979,-0.01368531,-0.0118964,-0.01002796,-0.008089612,-0.006087028,-0.004030468,-0.001926168,0.000215209,0.002386968,0.004578077,0.006781477,0.008986006,0.01118456,0.01336609,0.01552355,0.01764602,0.01972661,0.02175478,0.02372407,0.02562452,0.0274501,0.02919142,0.03084295,0.03239601,0.03384574,0.03518422,0.03640722,0.03750751,0.03848151,0.0393228,0.04002846,0.0405928,0.04101354,0.04128584,0.04140814,0.04137657,0.04119037,0.04084666,0.04034571,0.03968606,0.03886945,0.03789616,0.03676959,0.03549208,0.0340692,0.03250597,0.03081056,0.02899084,0.02705735,0.02502079,0.02289394,0.02068958,0.01842284,0.01608995,0.01374277,0.01141471,0.009013511,0.006642619,0.004299514,0.001991848,-0.0002754413
-0.003425771,-0.005523907,-0.007553013,-0.009506262,-0.01137646,-0.01315732,-0.01484765,-0.01645147,-0.01794476,-0.01933565,-0.02061813,-0.0217897,-0.02284483,-0.02378249,-0.02459747,-0.02528948,-0.02585385,-0.02629109,-0.02659734,-0.02677395,-0.02681798,-0.02673172,-0.02651317,-0.02616558,-0.02568794,-0.02508443,-0.02435504,-0.02350486,-0.02253481,-0.0214509,-0.020255,-0.01895398,-0.01755059,-0.01605248,-0.01446325,-0.01279131,-0.01104106,-0.009221609,-0.007337998,-0.005399836,-0.003412728,-0.00138677,0.000671948,0.002753031,0.004850165,0.006952882,0.009054741,0.01114523,0.01321787,0.01526232,0.01727236,0.01923802,0.02115335,0.02300877,0.02479868,0.02651405,0.02814982,0.02969761,0.03115286,0.03250777,0.03375834,0.03489742,0.03592161,0.03682441,0.03760293,0.03825131,0.03876721,0.03914545,0.03938425,0.0394791,0.03942885,0.03922987,0.03888189,0.03838238,0.03773209,0.03692985,0.03597785,0.03487683,0.03363102,0.03224345,0.03072057,0.02906802,0.02729478,0.02540952,0.02342372,0.02134868,0.01919815,0.01698467,0.01473998,0.01244311,0.01009227,0.007800152,0.005495707,0.003206636,0.0009476313,-0.001265357
-0.004221865,-0.00624544,-0.008198364,-0.01007435,-0.01186823,-0.01357587,-0.01518864,-0.01669468,-0.01810805,-0.01941379,-0.02061044,-0.02169384,-0.02266281,-0.02351284,-0.0242435,-0.02485075,-0.02533501,-0.02569294,-0.02592578,-0.02603104,-0.02601081,-0.02586351,-0.02559211,-0.02519593,-0.02467882,-0.02404096,-0.02328705,-0.02241814,-0.02143975,-0.02035376,-0.01916642,-0.0178804,-0.0165027,-0.01503676,-0.01349026,-0.0118673,-0.01017613,-0.008421456,-0.006612061,-0.004753214,-0.002854116,-0.0009203824,0.00103856,0.003016829,0.005004798,0.006996396,0.008981991,0.01095558,0.01290773,0.01483256,0.01672084,0.01856687,0.02036179,0.02210035,0.02377416,0.02537838,0.0269051,0.02834987,0.02970535,0.03096765,0.03212999,0.03318891,0.03413816,0.03497472,0.03569292,0.03629017,0.0367613,0.03710411,0.037314,0.03738932,0.0373261,0.03712329,0.03677768,0.036289,0.03565525,0.0348774,0.03395499,0.03289054,0.03168545,0.03034435,0.02887119,0.02727316,0.02555701,0.02373237,0.02180884,0.01979846,0.01771304,0.01556708,0.01335829,0.01113437,0.00892384,0.006649593,0.004404383,0.002185893,3.839947e-06,-0.002136393
-0.004862775,-0.00680045,-0.008666765,-0.01045431,-0.01215634,-0.01376639,-0.01528339,-0.01670994,-0.01802561,-0.01923754,-0.02034071,-0.02133337,-0.02221138,-0.02297446,-0.02361898,-0.02414546,-0.02455088,-0.02483658,-0.02500029,-0.02504416,-0.02496674,-0.02477097,-0.02445622,-0.02402622,-0.02348115,-0.02282548,-0.02206016,-0.02119038,-0.02021781,-0.01914834,-0.01798433,-0.01673233,-0.01539536,-0.01398052,-0.01249142,-0.01093574,-0.009317671,-0.007645351,-0.005923391,-0.004160272,-0.00236096,-0.0005342426,0.001314611,0.003176658,0.005046548,0.006915369,0.008777751,0.01062482,0.01245126,0.0142484,0.0160112,0.01773134,0.01940406,0.02102136,0.02257881,0.02406886,0.02548751,0.02682774,0.02808591,0.02925544,0.03033309,0.03131275,0.03219156,0.03296385,0.0336271,0.03417604,0.03460846,0.03491953,0.0351074,0.03516765,0.03509883,0.03489715,0.03456182,0.0340899,0.03348146,0.03273468,0.0318509,0.03083006,0.02967536,0.0283889,0.02697608,0.02544152,0.02379318,0.02203869,0.0201886,0.01825324,0.01624561,0.01417754,0.01207805,0.009929668,0.00773443,0.005589978,0.003436197,0.00130047,-0.0008037769,-0.002860433
-0.005341157,-0.007178625,-0.008943562,-0.01063003,-0.01223259,-0.01374753,-0.01516687,-0.01648093,-0.0177015,-0.01881613,-0.01982408,-0.02072241,-0.02151076,-0.02218611,-0.02274887,-0.02319656,-0.02353042,-0.02374861,-0.0238531,-0.02384277,-0.02372032,-0.02348536,-0.02314129,-0.02268844,-0.02213086,-0.02146956,-0.02070923,-0.01985151,-0.01890173,-0.01786211,-0.01673851,-0.01553374,-0.01425419,-0.01290321,-0.01148768,-0.01001142,-0.008481679,-0.006902675,-0.005282042,-0.00362436,-0.00193752,-0.0002263017,0.0015013,0.003240369,0.004982821,0.00672366,0.008454864,0.01017156,0.01186595,0.0135333,0.01516602,0.01675957,0.01830667,0.01980316,0.02124217,0.02261984,0.02392967,0.02516811,0.02632907,0.02740938,0.02840335,0.0293081,0.03011825,0.03083121,0.03144192,0.03194804,0.0323448,0.03263004,0.03279935,0.03285087,0.0327806,0.03258706,0.03226679,0.03181894,0.03124098,0.03053312,0.02969418,0.02872576,0.02762843,0.02640579,0.02506083,0.02359967,0.02202803,0.02035457,0.01858789,0.01673919,0.01481941,0.01284232,0.0108072,0.008757128,0.006716553,0.004622731,0.002557206,0.0005184371,-0.001482598,-0.003440147
-0.005654497,-0.007382712,-0.009039097,-0.01061639,-0.01210868,-0.01351003,-0.01481975,-0.01603979,-0.01715352,-0.0181674,-0.01907771,-0.01988367,-0.02058261,-0.02117503,-0.02165882,-0.02203525,-0.02230271,-0.02246318,-0.0225157,-0.02246288,-0.02230438,-0.02204345,-0.02168035,-0.02121892,-0.02066002,-0.02000804,-0.01926438,-0.01843396,-0.01751869,-0.01652398,-0.01545226,-0.01430938,-0.01309821,-0.01182503,-0.0104931,-0.009109071,-0.007676623,-0.006202713,-0.004691283,-0.003149493,-0.001581503,5.341773e-06,0.001606704,0.003215179,0.004826426,0.00643312,0.008030964,0.009612706,0.01117413,0.01270819,0.01421091,0.01567556,0.0170984,0.01847296,0.01979575,0.02106064,0.02226447,0.02340148,0.02446879,0.02546091,0.02637518,0.02720644,0.02795225,0.0286077,0.02917049,0.0296359,0.03000181,0.03026371,0.03041962,0.03046527,0.03039887,0.03021656,0.02991702,0.02949703,0.02895594,0.02829145,0.02750405,0.02659297,0.02556044,0.02440771,0.02313913,0.02175838,0.02027239,0.0186878,0.0170142,0.01526096,0.01344027,0.01156323,0.009655986,0.007704809,0.005714491,0.003768226,0.001816721,-0.0001140016,-0.002011683,-0.003860729
-0.00580741,-0.007416419,-0.008953641,-0.01041386,-0.01179202,-0.01308516,-0.01428654,-0.01538874,-0.01640175,-0.01731581,-0.01813102,-0.0188457,-0.01946027,-0.0199731,-0.02038531,-0.02069575,-0.02090619,-0.02101599,-0.02102751,-0.02094061,-0.0207582,-0.02048068,-0.02011145,-0.01965143,-0.01910449,-0.018472,-0.01775829,-0.01696518,-0.01609744,-0.01515727,-0.01414984,-0.01307773,-0.01194647,-0.01075904,-0.009521293,-0.008236501,-0.00691077,-0.005547639,-0.004153451,-0.002731981,-0.001289723,0.0001694477,0.001639005,0.003115017,0.00459093,0.006062793,0.007524143,0.008971165,0.01039759,0.01179976,0.01317158,0.01450954,0.0158078,0.01706316,0.01827009,0.01942559,0.02052439,0.02156371,0.02253855,0.02344636,0.02428239,0.02504425,0.02572734,0.02632937,0.02684594,0.02727483,0.02761172,0.02785445,0.02799884,0.02804287,0.02798258,0.02781614,0.02753995,0.02715264,0.02665133,0.02603554,0.02530352,0.02445606,0.02349301,0.02241701,0.02123018,0.01993761,0.01854408,0.01705722,0.01548467,0.0138367,0.01212336,0.01035752,0.008539923,0.006708555,0.004884385,0.003017877,0.00117901,-0.000632777,-0.002406109,-0.004135132
-0.005809644,-0.007293958,-0.008708915,-0.01004801,-0.01130646,-0.0124793,-0.01356645,-0.0145696,-0.01547589,-0.0162912,-0.01701317,-0.01764186,-0.01817591,-0.01861646,-0.01896261,-0.0192161,-0.0193764,-0.0194458,-0.01942419,-0.01931432,-0.01911654,-0.018834,-0.01846748,-0.01802054,-0.01749433,-0.01689282,-0.01621752,-0.01547275,-0.01466036,-0.01378501,-0.0128489,-0.01185699,-0.01081178,-0.009718494,-0.008579914,-0.007401519,-0.006186343,-0.004940071,-0.003665898,-0.002369624,-0.00105457,0.0002733614,0.001610751,0.002951684,0.00429278,0.005628218,0.006954681,0.008266429,0.009560228,0.01083051,0.01207425,0.01328612,0.01446328,0.0156006,0.01669539,0.01774278,0.01874032,0.01968337,0.02056964,0.02139464,0.02215619,0.02284998,0.02347393,0.02402382,0.02449757,0.02489101,0.02520209,0.0254267,0.02556277,0.02560626,0.02555518,0.0254057,0.02515612,0.02480307,0.02434537,0.02378039,0.02310793,0.02232669,0.02143804,0.02044253,0.01934352,0.01814389,0.01684951,0.01546608,0.01400214,0.01246611,0.01086913,0.009221514,0.007546268,0.005833301,0.004089095,0.002382998,0.0006759324,-0.001008402,-0.002659001,-0.004261491
-0.005675741,-0.007030242,-0.008317099,-0.009532067,-0.01067093,-0.0117316,-0.01270886,-0.01359742,-0.01440573,-0.01512658,-0.01576079,-0.01630771,-0.01676837,-0.0171422,-0.01743076,-0.01763381,-0.01775339,-0.0177896,-0.01774486,-0.0176196,-0.01741661,-0.01713667,-0.0167829,-0.01635639,-0.01586059,-0.01529689,-0.01466903,-0.01397869,-0.01322991,-0.01242465,-0.01156716,-0.01065967,-0.009706707,-0.008710724,-0.007676468,-0.006606593,-0.005505999,-0.004377506,-0.003226163,-0.002054939,-0.0008689659,0.0003287466,0.001533068,0.002740979,0.003947351,0.005149174,0.006341408,0.007521168,0.008683581,0.009825883,0.01094333,0.01203329,0.01309121,0.01411465,0.0150993,0.01604286,0.01694115,0.01779202,0.01859144,0.01933738,0.02002596,0.02065517,0.02122117,0.02172197,0.02215376,0.02251451,0.02280038,0.02300927,0.02313736,0.02318253,0.02314104,0.02301085,0.02278841,0.02247199,0.0220586,0.02154721,0.02093578,0.02022438,0.01941238,0.01850156,0.01749336,0.01639185,0.01520095,0.01392723,0.01257734,0.01116045,0.009685616,0.008164532,0.006599098,0.005021806,0.003450441,0.001847244,0.0002704512,-0.001279603,-0.002791979,-0.004261079
-0.005424033,-0.006647223,-0.007806926,-0.008897769,-0.009916196,-0.01085841,-0.01172489,-0.0125173,-0.01322613,-0.01385666,-0.01440766,-0.01487981,-0.0152727,-0.01558784,-0.01582513,-0.01598649,-0.01607205,-0.01608407,-0.01602296,-0.01589126,-0.01568963,-0.0154209,-0.01508599,-0.01468798,-0.01422802,-0.01370944,-0.01313365,-0.01250419,-0.01182267,-0.01109288,-0.01031666,-0.009497972,-0.008638862,-0.007743477,-0.006814022,-0.005854819,-0.004868238,-0.003858728,-0.002828754,-0.001782822,-0.0007234665,0.0003447485,0.001419239,0.002495453,0.003570858,0.004640988,0.005703374,0.006753622,0.00778933,0.008806241,0.00980211,0.01077286,0.01171637,0.01262869,0.01350782,0.01434996,0.01515324,0.01591403,0.01663051,0.01729912,0.01791809,0.0184839,0.01899477,0.01944718,0.0198393,0.02016754,0.02042997,0.02062297,0.02074452,0.02079094,0.02076016,0.0206486,0.02045437,0.02017418,0.0198065,0.01934864,0.01879988,0.01815865,0.01742561,0.0166008,0.01568672,0.01468555,0.01360208,0.01244114,0.01121006,0.009916237,0.008569508,0.007179142,0.005764788,0.004319557,0.002850593,0.001414034,-1.997577e-05,-0.001430835,-0.002808989,-0.004141885
-0.005074893,-0.006166229,-0.007197481,-0.008165453,-0.00906693,-0.00990068,-0.01066295,-0.01135029,-0.01196965,-0.01251605,-0.01299073,-0.01339375,-0.01372646,-0.01398897,-0.01418297,-0.01430876,-0.01436832,-0.01436214,-0.01429242,-0.01415985,-0.01396684,-0.01371428,-0.01340478,-0.01303942,-0.01262101,-0.01215079,-0.01163179,-0.01106542,-0.01045489,-0.009801782,-0.009109464,-0.008379688,-0.007615976,-0.006820243,-0.005996153,-0.005145742,-0.004272768,-0.003379366,-0.002469389,-0.001545061,-0.0006102766,0.000332727,0.001280075,0.002229538,0.003177255,0.004121016,0.005057037,0.005983206,0.006895866,0.007792999,0.00867104,0.009528056,0.01036062,0.01116693,0.0119437,0.01268922,0.01340029,0.01407524,0.01471095,0.01530582,0.01585675,0.01636211,0.01681879,0.01722507,0.0175778,0.01787516,0.01811389,0.01829203,0.01840623,0.01845446,0.01843334,0.01834084,0.01817364,0.01792991,0.01760674,0.01720283,0.01671604,0.01614599,0.01549175,0.01475442,0.01393489,0.01303631,0.01206179,0.01101679,0.009906925,0.008740055,0.007524062,0.006269126,0.004977866,0.003676981,0.002381179,0.001062854,-0.0002314208,-0.00150065,-0.002735039,-0.003929592
-0.004650406,-0.0056121,-0.006519243,-0.007367722,-0.008155096,-0.008878725,-0.009539422,-0.01013881,-0.01067023,-0.01113819,-0.01154225,-0.01188342,-0.01216187,-0.01237916,-0.01253566,-0.01263316,-0.01267212,-0.01265455,-0.01258104,-0.01245374,-0.0122734,-0.01204232,-0.01176137,-0.01143303,-0.01105829,-0.01063979,-0.01017867,-0.009677685,-0.009138127,-0.008562894,-0.00795341,-0.007312707,-0.006642329,-0.005945414,-0.005223615,-0.004480179,-0.003716865,-0.002936994,-0.002142377,-0.001336366,-0.0005208043,0.000300926,0.001126955,0.001953922,0.002780005,0.003601916,0.004417883,0.005224673,0.006020566,0.006802426,0.007568644,0.008316207,0.009043588,0.009747854,0.01042753,0.01107979,0.01170323,0.01229508,0.01285398,0.01337716,0.01386322,0.01430939,0.01471423,0.01507489,0.01538981,0.01565603,0.01587186,0.01603425,0.01614133,0.01618996,0.01617817,0.01610281,0.015962,0.01575276,0.01547347,0.01512159,0.01469614,0.01419549,0.01361981,0.01296882,0.01224428,0.01144776,0.01058306,0.00965407,0.008666844,0.007627586,0.00654459,0.005425799,0.004287258,0.003124703,0.001945041,0.0007919116,-0.0003565191,-0.001483257,-0.002580401,-0.003637628
-0.004172229,-0.005007583,-0.005793111,-0.006526581,-0.007205745,-0.007830019,-0.008396929,-0.008904398,-0.009357913,-0.009754255,-0.01009475,-0.01037988,-0.010611,-0.01078857,-0.01091413,-0.01098823,-0.01101257,-0.01098777,-0.01091565,-0.0107969,-0.01063346,-0.01042613,-0.01017696,-0.009886837,-0.00955793,-0.009191237,-0.008789035,-0.008352433,-0.007883821,-0.007384407,-0.006856683,-0.006301956,-0.005722819,-0.005120683,-0.004498226,-0.003856931,-0.003199535,-0.002527577,-0.001843852,-0.001149951,-0.000448688,0.0002583464,0.0009683599,0.001679777,0.002389822,0.003096937,0.003798402,0.004492736,0.005177308,0.005850699,0.006510342,0.007154869,0.007781798,0.008389847,0.008976619,0.009540873,0.01008025,0.01059351,0.01107832,0.01153345,0.01195656,0.01234636,0.01270042,0.01301736,0.01329467,0.01353082,0.01372318,0.01387005,0.01396866,0.01401722,0.01401286,0.01395373,0.01383699,0.01366086,0.0134228,0.01312142,0.01275476,0.01232218,0.01182266,0.01125681,0.01062511,0.009929881,0.009173502,0.008360262,0.007494697,0.006583184,0.005632224,0.004650188,0.00363992,0.002622249,0.001608822,0.0005804697,-0.0004274372,-0.001413526,-0.002369667,-0.003291711
-0.00366184,-0.004376133,-0.00504691,-0.005671242,-0.006247597,-0.006774286,-0.007252229,-0.00768286,-0.008061804,-0.008392656,-0.008675431,-0.008911169,-0.009100317,-0.009244266,-0.009343535,-0.009399632,-0.009413104,-0.00938555,-0.009317561,-0.00921081,-0.00906595,-0.00888473,-0.008667869,-0.008417201,-0.008133519,-0.007818745,-0.007473751,-0.00710054,-0.006700065,-0.006274413,-0.005824621,-0.00535286,-0.004860234,-0.004348981,-0.003820272,-0.003276409,-0.002718629,-0.002149278,-0.001569619,-0.000982012,-0.0003877357,0.0002108361,0.0008124121,0.001414639,0.002016263,0.002614984,0.003209586,0.003797808,0.004378468,0.004949368,0.005509401,0.006056447,0.006589447,0.007106323,0.007606043,0.008086578,0.008546932,0.008985101,0.009400077,0.009789835,0.01015331,0.01048844,0.01079409,0.0110681,0.01130921,0.01151515,0.01168449,0.01181484,0.01190464,0.01195134,0.01195327,0.01190784,0.01181339,0.01166742,0.01146844,0.01121427,0.01090389,0.01053581,0.01010991,0.009625787,0.009084575,0.008487377,0.007837004,0.007136443,0.006390395,0.005603759,0.004783095,0.003934775,0.003071128,0.00218987,0.001297002,0.0004245381,-0.0004425776,-0.001291166,-0.002115116,-0.0029065
-0.003138632,-0.003738159,-0.004299612,-0.004821542,-0.005302506,-0.005742326,-0.006139506,-0.006492918,-0.006806596,-0.007078625,-0.007310186,-0.007501873,-0.007654851,-0.007769667,-0.007847577,-0.007889135,-0.007895669,-0.007867741,-0.00780672,-0.007713199,-0.007588594,-0.007433537,-0.007249502,-0.007037172,-0.006798077,-0.006532956,-0.006243406,-0.005930225,-0.005595078,-0.005238819,-0.004863175,-0.004469057,-0.004058251,-0.003631731,-0.003191337,-0.002738083,-0.002273841,-0.001799658,-0.001317438,-0.0008282578,-0.0003340313,0.0001641714,0.0006644559,0.001165766,0.001666219,0.002164774,0.002659588,0.003149668,0.003633233,0.004109331,0.004576216,0.005032963,0.005477879,0.005910088,0.006327941,0.006730577,0.007116355,0.0074844,0.007833069,0.00816147,0.008467923,0.008751467,0.009010344,0.009243489,0.00944905,0.009625834,0.009771855,0.009885768,0.009965459,0.01000946,0.01001556,0.009982214,0.009907188,0.00978898,0.009625527,0.009415608,0.00915757,0.008850739,0.008494195,0.008088188,0.007632958,0.007130089,0.006581298,0.005989736,0.005358817,0.004693355,0.003998336,0.003280142,0.002541389,0.001797256,0.001056388,0.0003063285,-0.0004278247,-0.001144608,-0.001837832,-0.002504316
-0.002620572,-0.003113006,-0.003573752,-0.004000881,-0.004393529,-0.004750702,-0.005073217,-0.005362171,-0.005614959,-0.005834165,-0.006019996,-0.006173331,-0.006294663,-0.006385063,-0.006445036,-0.006475698,-0.006477537,-0.006451701,-0.006398678,-0.006319643,-0.006215103,-0.00608626,-0.005933653,-0.005758524,-0.005561446,-0.00534371,-0.00510593,-0.004849442,-0.004574904,-0.004283702,-0.003976541,-0.003654855,-0.003319387,-0.002971611,-0.002612308,-0.002242989,-0.001864473,-0.001478295,-0.001085289,-0.000686994,-0.0002842492,0.000121398,0.0005291047,0.0009373386,0.001345284,0.001751442,0.002155024,0.002554556,0.002949267,0.003337725,0.003719206,0.004092318,0.004456365,0.004809977,0.005152463,0.005482476,0.005799338,0.006101702,0.006388866,0.006659452,0.006912705,0.007147196,0.0073621,0.007555904,0.00772767,0.007875778,0.00799916,0.008096081,0.008165343,0.008205084,0.008214002,0.008190177,0.008132285,0.008038453,0.007907455,0.007737625,0.007528064,0.007277593,0.006985952,0.006652748,0.006278659,0.005864401,0.005411902,0.004923283,0.004401901,0.003851318,0.003276296,0.002681519,0.002075674,0.001457873,0.0008328259,0.0002220194,-0.0003839852,-0.0009757553,-0.001548983,-0.002098071
-0.002122838,-0.002516735,-0.002884415,-0.003225014,-0.003537691,-0.003822462,-0.004078505,-0.004305283,-0.004505483,-0.004678078,-0.004823956,-0.004943641,-0.005037994,-0.005107487,-0.005153013,-0.005175022,-0.005174427,-0.005151663,-0.005107647,-0.005042816,-0.004958102,-0.004853951,-0.004731323,-0.004590683,-0.004433018,-0.004258821,-0.004069113,-0.003864419,-0.003645797,-0.003413801,-0.003169524,-0.002913552,-0.00264701,-0.00237052,-0.002085238,-0.001791806,-0.001491398,-0.001184673,-0.0008728239,-0.0005565253,-0.000236972,8.516658e-05,0.0004087091,0.0007329968,0.001056858,0.001379641,0.001700199,0.002017914,0.002331672,0.00264088,0.002944445,0.003241784,0.003531834,0.003814037,0.004087348,0.004351215,0.004604587,0.004846891,0.005077065,0.005294512,0.005498132,0.005687268,0.005860756,0.006017854,0.006157317,0.006278303,0.006379457,0.006459821,0.006517935,0.006552735,0.00656268,0.006546636,0.006503025,0.006430725,0.00632826,0.006194683,0.006028784,0.005829987,0.005597578,0.005331619,0.005032199,0.004700315,0.004337091,0.003944638,0.003525287,0.003082328,0.00261922,0.002140356,0.001647799,0.001151625,0.000657669,0.0001585361,-0.000329548,-0.0008052863,-0.001264452,-0.001704835
-0.001658679,-0.001963545,-0.002247999,-0.002510886,-0.002751788,-0.002970179,-0.003166635,-0.003341829,-0.003494488,-0.003626183,-0.003737153,-0.003828007,-0.003899157,-0.003951299,-0.003984832,-0.00400046,-0.003998558,-0.003979831,-0.00394464,-0.003893694,-0.003827353,-0.003746337,-0.003651014,-0.003542121,-0.00342004,-0.003285532,-0.003138999,-0.002981224,-0.002812632,-0.002634033,-0.002445875,-0.002248994,-0.002043859,-0.001831327,-0.001611885,-0.001386413,-0.001155418,-0.0009197898,-0.0006800422,-0.0004370689,-0.0001913843,5.611523e-05,0.0003049142,0.0005541263,0.0008032525,0.001051425,0.001298162,0.001542609,0.001784295,0.002022389,0.002256443,0.002485649,0.002709572,0.002927412,0.003138734,0.003342745,0.003539011,0.00372673,0.003905448,0.004074336,0.004232895,0.004380258,0.004515872,0.004638803,0.004748421,0.00484371,0.004923949,0.004988035,0.005035152,0.005064106,0.005074001,0.005063593,0.005031958,0.004977867,0.004900452,0.004798605,0.004671659,0.004518813,0.004339804,0.004134337,0.003902765,0.003645514,0.003363761,0.003058858,0.00273293,0.002388281,0.002027971,0.001655057,0.001274891,0.0008875119,0.0004962457,0.000113453,-0.0002657497,-0.0006353628,-0.0009927322,-0.001334351
-0.001238604,-0.00146471,-0.001675259,-0.001869793,-0.002047881,-0.002209589,-0.00235452,-0.00248246,-0.002594958,-0.002691536,-0.002772745,-0.002838949,-0.002890677,-0.002928254,-0.002952215,-0.002962857,-0.002960719,-0.002946076,-0.002919459,-0.002881141,-0.002831652,-0.002771262,-0.002700513,-0.002619681,-0.00252932,-0.002429716,-0.002321439,-0.002204791,-0.00208036,-0.001948463,-0.001809703,-0.001664413,-0.001513215,-0.001356457,-0.001194778,-0.001028536,-0.0008583775,-0.0006846704,-0.0005080685,-0.0003289482,-0.0001479641,3.451212e-05,0.0002178335,0.0004016348,0.0005852745,0.0007683918,0.0009503587,0.001130832,0.001309201,0.001485136,0.001658035,0.001827574,0.001993164,0.002154491,0.002310975,0.0024623,0.002607879,0.002747379,0.002880203,0.003005997,0.003124136,0.003234227,0.003335601,0.003427809,0.003510127,0.003582041,0.003642756,0.003691682,0.003727954,0.003750912,0.003759635,0.003753413,0.003731295,0.003692571,0.00363634,0.003561991,0.003468772,0.003356288,0.003224083,0.003072137,0.002900472,0.002709634,0.00250027,0.002273601,0.002031006,0.001774429,0.001505939,0.001228141,0.0009423854,0.0006544907,0.0003678649,7.866886e-05,-0.0002039672,-0.0004791066,-0.0007442695,-0.0009981248
-0.0008712733,-0.001029532,-0.00117691,-0.001312809,-0.001437088,-0.001549503,-0.001650355,-0.001739887,-0.00181779,-0.001884734,-0.001940914,-0.001986648,-0.002022224,-0.00204798,-0.002064191,-0.002071191,-0.002069236,-0.002058655,-0.002039689,-0.002012667,-0.001977825,-0.001935491,-0.001885904,-0.001829398,-0.001766216,-0.001696703,-0.001621109,-0.001539791,-0.001453006,-0.001361124,-0.001264413,-0.001163255,-0.001057927,-0.0009488225,-0.0008362255,-0.0007205394,-0.0006020571,-0.0004811873,-0.0003582254,-0.0002335823,-0.000107553,1.94511e-05,0.0001471358,0.0002750949,0.0004030424,0.0005305797,0.0006574293,0.0007832,0.0009076211,0.001030311,0.00115101,0.001269345,0.001385062,0.00149779,0.001607276,0.001713148,0.001815151,0.001912905,0.002006142,0.002094464,0.002177579,0.002255064,0.002326593,0.002391705,0.002450031,0.002501062,0.002544376,0.002579413,0.002605696,0.002622613,0.002629641,0.002626132,0.002611548,0.00258524,0.002546695,0.002495327,0.002430729,0.002352471,0.002260359,0.002154234,0.002034235,0.001900592,0.001753894,0.001594867,0.00142462,0.001244399,0.00105582,0.0008605488,0.0006611583,0.0004582692,0.0002539847,5.329358e-05,-0.0001451467,-0.0003382233,-0.0005246408,-0.0007025959
-0.0005631068,-0.0006650732,-0.0007598702,-0.0008473019,-0.0009271913,-0.0009995861,-0.001064331,-0.00112136,-0.001171371,-0.001214188,-0.001250069,-0.001279198,-0.001301827,-0.001318116,-0.001328314,-0.001332567,-0.001331121,-0.001324111,-0.001311774,-0.001294241,-0.001271749,-0.001244424,-0.001212506,-0.001176123,-0.001135519,-0.001090826,-0.001042293,-0.0009900582,-0.0009343785,-0.0008753972,-0.0008133778,-0.0007484696,-0.0006809437,-0.0006109565,-0.000538785,-0.0004645899,-0.0003886518,-0.0003111342,-0.0002323211,-0.0001523795,-7.159349e-05,9.872397e-06,9.173748e-05,0.0001738404,0.0002559026,0.0003377648,0.0004191544,0.0004999193,0.0005797947,0.0006586337,0.0007361749,0.0008122729,0.0008866714,0.0009592292,0.001029692,0.001097917,0.001163644,0.001226723,0.001286887,0.001343975,0.001397705,0.001447896,0.001494244,0.001536542,0.001574458,0.001607752,0.001636059,0.001659101,0.001676478,0.001687877,0.001692871,0.00169112,0.001682181,0.001665713,0.001641291,0.001608617,0.001567335,0.001517244,0.001458121,0.001389942,0.001312705,0.001226646,0.001132057,0.001029491,0.0009195833,0.0008032249,0.0006813771,0.0005552389,0.0004254765,0.0002947213,0.0001645224,3.329817e-05,-9.491571e-05,-0.0002196209,-0.0003396881,-0.0004544937
-0.0003190658,-0.0003766876,-0.0004302938,-0.0004796458,-0.0005247536,-0.0005655324,-0.0006020513,-0.000634204,-0.0006623176,-0.0006863839,-0.0007065415,-0.0007228685,-0.0007355417,-0.0007446241,-0.0007502873,-0.0007525884,-0.000751693,-0.0007476542,-0.0007406301,-0.0007306735,-0.0007179384,-0.0007024778,-0.0006844449,-0.0006638955,-0.0006409821,-0.0006157648,-0.0005883976,-0.0005589449,-0.0005275632,-0.0004943216,-0.0004593787,-0.0004228083,-0.0003847715,-0.0003453471,-0.0003046984,-0.0002629079,-0.0002201398,-0.0001764791,-0.0001320906,-8.706183e-05,-4.155684e-05,4.336893e-06,5.045797e-05,9.672008e-05,0.0001429643,0.0001891049,0.0002349867,0.0002805268,0.0003255748,0.0003700503,0.0004138058,0.0004567612,0.0004987719,0.0005397588,0.000579579,0.0006181516,0.0006553318,0.0006910329,0.0007251064,0.0007574583,0.0007879321,0.0008164219,0.0008427591,0.0008668209,0.0008884236,0.0009074252,0.0009236223,0.0009368508,0.000946888,0.0009535484,0.0009565932,0.0009558212,0.0009509855,0.0009418813,0.0009282739,0.0009099799,0.0008868049,0.0008586195,0.0008253084,0.0007868386,0.0007432238,0.0006945768,0.0006410821,0.0005830312,0.0005208096,0.0004549002,0.0003858749,0.0003143924,0.0002410262,0.0001667295,9.272377e-05,1.876896e-05,-5.400331e-05,-0.0001245884,-0.0001926441,-0.0002575752
-0.0001425011,-0.0001682186,-0.0001921058,-0.0002141148,-0.0002342035,-0.0002523864,-0.0002686279,-0.0002829169,-0.0002954276,-0.0003061225,-0.0003150679,-0.0003223134,-0.0003279236,-0.000331942,-0.0003344318,-0.000335432,-0.0003350047,-0.0003331854,-0.000330034,-0.0003255843,-0.0003198957,-0.0003130008,-0.0003049593,-0.0002958041,-0.0002855957,-0.0002743677,-0.000262182,-0.0002490734,-0.0002351055,-0.0002203147,-0.0002047657,-0.0001884965,-0.0001715737,-0.0001540367,-0.0001359537,-0.0001173651,-9.833996e-05,-7.891923e-05,-5.917277e-05,-3.91424e-05,-1.889791e-05,1.519501e-06,2.204087e-05,4.262584e-05,6.320603e-05,8.374148e-05,0.0001041653,0.0001244395,0.0001444987,0.0001643063,0.0001837978,0.0002029367,0.0002216598,0.0002399314,0.0002576885,0.000274895,0.0002914864,0.0003074242,0.0003226419,0.0003370981,0.0003507224,0.000363468,0.0003752586,0.0003860403,0.0003957296,0.0004042639,0.0004115506,0.0004175174,0.0004220624,0.0004251041,0.0004265331,0.0004262609,0.0004241731,0.0004201807,0.000414174,0.0004060742,0.0003957886,0.0003832633,0.0003684398,0.0003513087,0.0003318683,0.0003101766,0.0002863066,0.0002603984,0.0002326138,0.0002031799,0.0001723432,0.0001404095,0.0001075557,7.44464e-05,4.147302e-05,8.261885e-06,-2.418455e-05,-5.572723e-05,-8.608055e-05,-0.0001150832
-3.5742e-05,-4.215102e-05,-4.812948e-05,-5.361402e-05,-5.868241e-05,-6.331773e-05,-6.745997e-05,-7.080824e-05,-7.400865e-05,-7.668632e-05,-7.894571e-05,-8.07305e-05,-8.215461e-05,-8.313073e-05,-8.377431e-05,-8.399436e-05,-8.390837e-05,-8.342396e-05,-8.265657e-05,-8.151509e-05,-8.011312e-05,-7.836086e-05,-7.637058e-05,-7.405397e-05,-7.152202e-05,-6.868774e-05,-6.566118e-05,-6.235729e-05,-5.888547e-05,-5.516209e-05,-5.129506e-05,-4.720206e-05,-4.29906e-05,-3.858094e-05,-3.408004e-05,-2.940891e-05,-2.467223e-05,-1.979208e-05,-1.487316e-05,-9.840528e-06,-4.797915e-06,3.298924e-07,5.442449e-06,1.061414e-05,1.574424e-05,2.090398e-05,2.599421e-05,3.108718e-05,3.608758e-05,4.106656e-05,4.592837e-05,5.074081e-05,5.54101e-05,6.00048e-05,6.443441e-05,6.876538e-05,7.290657e-05,7.692086e-05,8.071886e-05,8.436255e-05,8.776403e-05,9.098144e-05,9.39261e-05,9.665233e-05,9.907244e-05,0.0001012371,0.0001030576,0.0001045792,0.0001057133,0.0001065019,0.0001068576,0.0001068174,0.0001062931,0.0001053177,0.0001038091,0.0001018025,9.922369e-05,9.610839e-05,9.23914e-05,8.811561e-05,8.323704e-05,7.781426e-05,7.182783e-05,6.534574e-05,5.837811e-05,5.101067e-05,4.326732e-05,3.528053e-05,2.657638e-05,1.825829e-05,1.109332e-05,2.115713e-06,-6.256201e-06,-1.413694e-05,-2.167205e-05,-2.889453e-05
0,0,0,0,0,0,0,0,0,0,0,0,0,0,0,0,0,0,0,0,0,0,0,0,0,0,0,0,0,0,0,0,0,0,0,0,0,0,0,0,0,0,0,0,0,0,0,0,0,0,0,0,0,0,0,0,0,0,0,0,0,0,0,0,0,0,0,0,0,0,0,0,0,0,0,0,0,0,0,0,0,0,0,0,0,0,0,0,0,0,0,0,0,0,0,0
