NaN,NaN,NaN,NaN,NaN,NaN,NaN,NaN,NaN,NaN,NaN,NaN,NaN,NaN,NaN,0,0,0,0,0,0,0,0,0,0,0,0,0,0,0,0,0,0,0,0,0,0,0,0,0,0,0,0,0,0,0,0,0,0,0,0,0,0,0,0,0,0,0,0,0,0,0,0,0,0,0,0,0,0,0,0,0,0,0,0,0,0,0,0,0,0,0,NaN,NaN,NaN,NaN,NaN,NaN,NaN,NaN,NaN,NaN,NaN,NaN,NaN,NaN
NaN,NaN,NaN,NaN,NaN,NaN,NaN,NaN,NaN,NaN,NaN,NaN,NaN,NaN,NaN,-3.517902e-06,-3.244315e-06,-3.62643e-06,-4.154464e-06,-4.653384e-06,-5.024091e-06,-5.30578e-06,-5.460503e-06,-5.539897e-06,-5.501348e-06,-5.392716e-06,-5.164618e-06,-4.864667e-06,-4.439839e-06,-3.940627e-06,-3.313085e-06,-2.61253e-06,-1.785162e-06,-8.912862e-07,1.228836e-07,1.192177e-06,2.370084e-06,3.586727e-06,4.895671e-06,6.222976e-06,7.6228e-06,9.017658e-06,1.046265e-05,1.187734e-05,1.331833e-05,1.470266e-05,1.608885e-05,1.739219e-05,1.867425e-05,1.984976e-05,2.098411e-05,2.199141e-05,2.294059e-05,2.374529e-05,2.447886e-05,2.505513e-05,2.555223e-05,2.588387e-05,2.613279e-05,2.621276e-05,2.621219e-05,2.604542e-05,2.580728e-05,2.5413e-05,2.496507e-05,2.43803e-05,2.376902e-05,2.304539e-05,2.231972e-05,2.148809e-05,2.064061e-05,1.962839e-05,1.849795e-05,1.704162e-05,1.528663e-05,1.304886e-05,1.052794e-05,7.853058e-06,5.710531e-06,4.417259e-06,3.710377e-06,6.727391e-07,NaN,NaN,NaN,NaN,NaN,NaN,NaN,NaN,NaN,NaN,NaN,NaN,NaN,NaN
NaN,NaN,NaN,NaN,NaN,NaN,NaN,NaN,NaN,NaN,NaN,NaN,NaN,NaN,NaN,-1.306638e-05,-1.207546e-05,-1.347533e-05,-1.548209e-05,-1.731718e-05,-1.874402e-05,-1.974354e-05,-2.035044e-05,-2.057983e-05,-2.046107e-05,-1.998007e-05,-1.915134e-05,-1.79494e-05,-1.638551e-05,-1.443634e-05,-1.211703e-05,-9.413918e-06,-6.349437e-06,-2.922931e-06,8.365396e-07,4.91679e-06,9.283383e-06,1.391176e-05,1.876333e-05,2.380183e-05,2.898695e-05,3.42729e-05,3.962014e-05,4.49749e-05,5.03001e-05,5.553514e-05,6.064792e-05,6.557412e-05,7.029095e-05,7.473346e-05,7.889079e-05,8.269789e-05,8.615635e-05,8.92013e-05,9.184887e-05,9.403544e-05,9.579375e-05,9.706135e-05,9.788817e-05,9.821283e-05,9.810518e-05,9.750582e-05,9.650855e-05,9.505789e-05,9.327679e-05,9.111474e-05,8.872412e-05,8.604338e-05,8.322626e-05,8.014158e-05,7.686912e-05,7.310603e-05,6.877379e-05,6.334753e-05,5.668684e-05,4.835334e-05,3.887049e-05,2.896985e-05,2.099804e-05,1.625903e-05,1.368697e-05,2.438487e-06,NaN,NaN,NaN,NaN,NaN,NaN,NaN,NaN,NaN,NaN,NaN,NaN,NaN,NaN
NaN,NaN,NaN,NaN,NaN,NaN,NaN,NaN,NaN,NaN,NaN,NaN,NaN,NaN,NaN,-2.598138e-05,-2.403438e-05,-2.68833e-05,-3.096966e-05,-3.469853e-05,-3.757048e-05,-3.955268e-05,-4.071315e-05,-4.109782e-05,-4.076257e-05,-3.969168e-05,-3.790661e-05,-3.536681e-05,-3.208562e-05,-2.802829e-05,-2.321615e-05,-1.76346e-05,-1.131792e-05,-4.277698e-06,3.438876e-06,1.179267e-05,2.072571e-05,3.01736e-05,4.007141e-05,5.033088e-05,6.088401e-05,7.162245e-05,8.248045e-05,9.333362e-05,0.0001041221,0.000114707,0.000125039,0.0001349716,0.0001444757,0.0001534034,0.0001617502,0.0001693668,0.0001762746,0.000182325,0.0001875703,0.0001918643,0.0001952927,0.0001977104,0.0001992389,0.0001997355,0.0001993635,0.0001979832,0.0001958064,0.0001927004,0.0001889373,0.0001843935,0.0001794005,0.0001738098,0.0001679553,0.0001615463,0.0001547674,0.0001469788,0.0001380456,0.0001268828,0.0001132458,9.625067e-05,7.70334e-05,5.710781e-05,4.126815e-05,3.204904e-05,2.711602e-05,4.815822e-06,NaN,NaN,NaN,NaN,NaN,NaN,NaN,NaN,NaN,NaN,NaN,NaN,NaN,NaN
NaN,NaN,NaN,NaN,NaN,NaN,NaN,NaN,NaN,NaN,NaN,NaN,NaN,NaN,NaN,-3.923652e-05,-3.635607e-05,-4.084798e-05,-4.729366e-05,-5.315797e-05,-5.760636e-05,-6.057711e-05,-6.220512e-05,-6.257351e-05,-6.178996e-05,-5.983078e-05,-5.674379e-05,-5.246366e-05,-4.702358e-05,-4.036403e-05,-3.252907e-05,-2.349021e-05,-1.331421e-05,-2.014017e-06,1.032313e-05,2.364394e-05,3.78447e-05,5.283322e-05,6.849299e-05,8.469549e-05,0.0001013195,0.0001182076,0.0001352415,0.0001522396,0.0001690924,0.0001855978,0.0002016631,0.0002170758,0.0002317731,0.000245542,0.0002583582,0.0002700099,0.0002805129,0.0002896569,0.000297504,0.0003038494,0.0003088075,0.0003121791,0.0003141327,0.0003144736,0.0003134329,0.0003108236,0.0003069518,0.0003016438,0.0002952959,0.0002877494,0.0002794894,0.0002703199,0.0002607228,0.0002502773,0.0002392243,0.0002266019,0.0002121566,0.000194255,0.0001725024,0.0001456507,0.0001155555,8.481985e-05,6.091817e-05,4.756384e-05,4.070108e-05,7.22891e-06,NaN,NaN,NaN,NaN,NaN,NaN,NaN,NaN,NaN,NaN,NaN,NaN,NaN,NaN
NaN,NaN,NaN,NaN,NaN,NaN,NaN,NaN,NaN,NaN,NaN,NaN,NaN,NaN,NaN,-5.047861e-05,-4.694939e-05,-5.320858e-05,-6.222587e-05,-7.034339e-05,-7.635892e-05,-8.01147e-05,-8.190926e-05,-8.183372e-05,-8.014333e-05,-7.675365e-05,-7.181965e-05,-6.51837e-05,-5.697821e-05,-4.705244e-05,-3.555697e-05,-2.2381e-05,-7.704104e-06,8.530908e-06,2.611491e-05,4.504803e-05,6.509716e-05,8.621126e-05,0.0001081424,0.0001307914,0.0001539039,0.000177341,0.0002008544,0.0002242744,0.0002473665,0.0002699335,0.0002917651,0.0003126516,0.0003324278,0.0003508849,0.0003679112,0.000383298,0.0003969909,0.0004087862,0.0004186974,0.0004265279,0.000432363,0.0004360108,0.0004376348,0.0004370507,0.0004345117,0.0004298413,0.0004233958,0.0004150143,0.0004051797,0.0003937475,0.000381319,0.0003676863,0.0003534424,0.0003380609,0.0003218027,0.0003033922,0.0002824266,0.0002567446,0.0002258508,0.0001882769,0.0001468628,0.000105625,7.490237e-05,5.917185e-05,5.181661e-05,9.316836e-06,NaN,NaN,NaN,NaN,NaN,NaN,NaN,NaN,NaN,NaN,NaN,NaN,NaN,NaN
NaN,NaN,NaN,NaN,NaN,NaN,NaN,NaN,NaN,NaN,NaN,NaN,NaN,NaN,NaN,-5.862872e-05,-5.489522e-05,-6.33747e-05,-7.554032e-05,-8.64109e-05,-9.404323e-05,-9.830218e-05,-9.960757e-05,-9.827172e-05,-9.460779e-05,-8.865022e-05,-8.05345e-05,-7.018686e-05,-5.769431e-05,-4.298786e-05,-2.61679e-05,-7.22243e-06,1.370966e-05,3.656476e-05,6.116984e-05,8.738946e-05,0.000115024,0.0001438693,0.0001737061,0.0002042681,0.0002353324,0.0002665851,0.0002978141,0.0003286673,0.0003589534,0.0003882899,0.0004165216,0.0004432533,0.0004683891,0.0004915389,0.0005126815,0.0005314356,0.0005478564,0.0005615711,0.0005727211,0.0005809487,0.0005864928,0.0005890099,0.0005888388,0.0005856481,0.0005798899,0.0005712507,0.0005603167,0.0005467986,0.0005314374,0.000513964,0.0004952601,0.0004749686,0.000453932,0.0004313597,0.0004076301,0.0003809835,0.0003509562,0.0003147401,0.0002719316,0.0002210088,0.000166453,0.0001144603,7.885439e-05,6.399162e-05,5.908523e-05,1.104903e-05,NaN,NaN,NaN,NaN,NaN,NaN,NaN,NaN,NaN,NaN,NaN,NaN,NaN,NaN
NaN,NaN,NaN,NaN,NaN,NaN,NaN,NaN,NaN,NaN,NaN,NaN,NaN,NaN,NaN,-6.376157e-05,-6.064995e-05,-7.271722e-05,-9.009893e-05,-0.0001052356,-0.0001151071,-0.0001193407,-0.0001189506,-0.0001143731,-0.0001064093,-9.498437e-05,-8.057311e-05,-6.28936e-05,-4.233828e-05,-1.862349e-05,7.834844e-06,3.724987e-05,6.915757e-05,0.0001036762,0.0001402922,0.0001790244,0.0002193215,0.0002611159,0.0003038367,0.0003473388,0.000391049,0.000434762,0.0004779263,0.000520294,0.0005613501,0.0006008109,0.0006382171,0.0006732767,0.0007056233,0.0007349796,0.0007610859,0.0007836788,0.000802611,0.0008176405,0.0008287496,0.0008357187,0.0008386645,0.0008373854,0.0008321432,0.0008227588,0.0008096572,0.0007926796,0.0007724338,0.0007487881,0.0007225628,0.0006936369,0.0006630024,0.0006303773,0.0005966676,0.0005609583,0.0005235037,0.0004820577,0.0004358016,0.000381256,0.0003181355,0.0002454821,0.0001707844,0.0001045654,6.605846e-05,5.823323e-05,6.154011e-05,1.250895e-05,NaN,NaN,NaN,NaN,NaN,NaN,NaN,NaN,NaN,NaN,NaN,NaN,NaN,NaN
NaN,NaN,NaN,NaN,NaN,NaN,NaN,NaN,NaN,NaN,NaN,NaN,NaN,NaN,-8.798511e-05,-6.656805e-05,-6.552562e-05,-8.526152e-05,-0.0001134103,-0.0001371401,-0.0001507182,-0.0001539403,-0.0001487088,-0.0001362925,-0.0001179861,-9.406258e-05,-6.514598e-05,-3.114196e-05,7.509791e-06,5.091327e-05,9.861976e-05,0.0001506113,0.0002063693,0.000265718,0.0003280769,0.0003931242,0.000460236,0.0005289566,0.0005986383,0.0006687125,0.0007385448,0.0008074901,0.0008749603,0.0009402564,0.00100286,0.001062037,0.001117371,0.001168131,0.00121405,0.001254438,0.001289205,0.001317708,0.00134004,0.001355601,0.001364681,0.001366733,0.001362261,0.00135077,0.001332983,0.00130845,0.001278134,0.001241638,0.001200199,0.001153471,0.001102982,0.00104839,0.0009914285,0.0009314731,0.0008700227,0.0008054204,0.000738075,0.0006643432,0.0005831247,0.0004893562,0.0003835373,0.0002659806,0.0001510984,5.881847e-05,1.976472e-05,3.259239e-05,5.74558e-05,1.392948e-05,-0.0001304532,NaN,NaN,NaN,NaN,NaN,NaN,NaN,NaN,NaN,NaN,NaN,NaN,NaN
NaN,NaN,NaN,NaN,NaN,NaN,NaN,NaN,NaN,NaN,NaN,NaN,NaN,NaN,-8.990117e-05,-6.808212e-05,-7.289244e-05,-0.0001112726,-0.0001643716,-0.0002057957,-0.0002255257,-0.0002238892,-0.0002057649,-0.0001734765,-0.0001301691,-7.601425e-05,-1.278899e-05,6.007092e-05,0.0001411273,0.0002309561,0.0003280849,0.00043288,0.0005437516,0.0006608024,0.0007823283,0.0009081742,0.001036559,0.001167111,0.001298026,0.001428757,0.001557532,0.001683693,0.001805572,0.001922448,0.0020328,0.002135871,0.002230342,0.002315501,0.002390319,0.002454188,0.002506414,0.002546491,0.002574068,0.002588755,0.002590572,0.002579245,0.002555178,0.002518198,0.002469113,0.002407858,0.00233568,0.002252613,0.002160381,0.002059105,0.001951005,0.001836175,0.001717107,0.001593287,0.001466657,0.001334759,0.001197509,0.001048973,0.000886652,0.0007028363,0.0004992451,0.0002800321,7.468799e-05,-7.458282e-05,-0.0001103987,-4.167638e-05,3.973527e-05,1.491762e-05,-0.000131859,NaN,NaN,NaN,NaN,NaN,NaN,NaN,NaN,NaN,NaN,NaN,NaN,NaN
NaN,NaN,NaN,NaN,NaN,NaN,NaN,NaN,NaN,NaN,NaN,NaN,NaN,NaN,-9.052527e-05,-6.948737e-05,-9.042917e-05,-0.0001762051,-0.0002828724,-0.0003546625,-0.0003784311,-0.0003594025,-0.0003081299,-0.0002294119,-0.0001288729,-7.100955e-06,0.0001328144,0.0002914503,0.0004663,0.0006578607,0.0008635651,0.00108345,0.001314724,0.001556892,0.00180697,0.002063984,0.002324833,0.002588132,0.002850749,0.003110989,0.003365822,0.00361338,0.003850863,0.004076323,0.004287271,0.004481753,0.004657699,0.00481329,0.004947035,0.005057368,0.005143468,0.00520404,0.005238932,0.005247118,0.005229155,0.005184293,0.005113836,0.005017297,0.004896733,0.004751911,0.004585704,0.004398135,0.00419295,0.003970388,0.003735045,0.003487098,0.003231498,0.002967192,0.002697802,0.002418453,0.00212868,0.00181718,0.001479204,0.001101174,0.0006877345,0.000250155,-0.0001517519,-0.000429555,-0.0004609531,-0.0002513166,-1.502876e-05,1.38295e-05,-0.0001304682,NaN,NaN,NaN,NaN,NaN,NaN,NaN,NaN,NaN,NaN,NaN,NaN,NaN
NaN,NaN,NaN,NaN,NaN,NaN,NaN,NaN,NaN,NaN,NaN,NaN,NaN,NaN,-9.094327e-05,-7.33042e-05,-0.0001407586,-0.0003337303,-0.0005234912,-0.0006205507,-0.0006283606,-0.0005626514,-0.0004431391,-0.000275402,-6.931863e-05,0.0001759062,0.0004538967,0.0007667975,0.00110886,0.001481822,0.001879695,0.002303336,0.002746347,0.003208642,0.00368347,0.00416989,0.004660936,0.005154976,0.005645019,0.006128924,0.006599905,0.007055568,0.007489574,0.007899467,0.008279502,0.008627285,0.008937862,0.009209161,0.009437323,0.009620818,0.009757009,0.009844926,0.009883166,0.009871337,0.009809338,0.009697349,0.009536595,0.009327789,0.009073526,0.008775059,0.008436443,0.008059449,0.007649658,0.007209275,0.006745329,0.006259896,0.005760437,0.005246687,0.004723405,0.004183348,0.003623728,0.003025967,0.002379918,0.001663857,0.000885014,6.569165e-05,-0.0006913976,-0.001226439,-0.001296625,-0.0008222089,-0.0001857737,3.843107e-06,-0.0001279274,NaN,NaN,NaN,NaN,NaN,NaN,NaN,NaN,NaN,NaN,NaN,NaN,NaN
NaN,NaN,NaN,NaN,NaN,NaN,NaN,NaN,NaN,NaN,NaN,NaN,NaN,NaN,-9.097139e-05,-8.692417e-05,-0.0002779064,-0.0006348352,-0.0008797981,-0.0009581624,-0.0009115054,-0.0007634692,-0.0005399612,-0.0002446243,0.0001092283,0.000524484,0.0009913592,0.001513469,0.002081466,0.002697924,0.00335304,0.00404788,0.004771999,0.005524949,0.006295776,0.007082733,0.007874577,0.008668508,0.009453259,0.01022531,0.01097374,0.01169474,0.01237813,0.01302009,0.0136114,0.01414847,0.01462333,0.01503303,0.0153713,0.01563617,0.01582329,0.01593173,0.01595904,0.01590532,0.01577012,0.01555456,0.01526022,0.01488923,0.0144452,0.01393128,0.01335322,0.01271516,0.0120251,0.01128802,0.01051391,0.009707676,0.008879557,0.008030873,0.007167095,0.006278733,0.005359039,0.00438148,0.003327975,0.002168252,0.0009103133,-0.0004110525,-0.001651543,-0.002579015,-0.002818285,-0.002091867,-0.0007039313,-4.011941e-05,-0.0001234005,NaN,NaN,NaN,NaN,NaN,NaN,NaN,NaN,NaN,NaN,NaN,NaN,NaN
NaN,NaN,NaN,NaN,NaN,NaN,NaN,NaN,NaN,NaN,NaN,NaN,NaN,NaN,-9.164921e-05,-0.0001348993,-0.0005674248,-0.001028345,-0.001247957,-0.001259922,-0.00112993,-0.0008750336,-0.0005267678,-8.158122e-05,0.0004411401,0.001049853,0.001728195,0.002484277,0.003301829,0.004187122,0.005123126,0.006113997,0.007141815,0.008208753,0.009296142,0.01040449,0.01151465,0.01262589,0.01371896,0.01479235,0.01582724,0.01682193,0.01775851,0.01863558,0.01943643,0.02016027,0.02079195,0.02133189,0.02176714,0.02209978,0.02231928,0.0224295,0.0224223,0.02230334,0.02206694,0.0217206,0.02126102,0.02069753,0.02002924,0.01926735,0.01841348,0.01748071,0.01647314,0.01540558,0.01428412,0.01312403,0.01193078,0.01071526,0.009475191,0.008207523,0.006892079,0.005504142,0.004007289,0.00237437,0.0006026118,-0.001247935,-0.003009969,-0.004377954,-0.004899131,-0.004121946,-0.001970147,-0.0002087506,-0.0001187084,NaN,NaN,NaN,NaN,NaN,NaN,NaN,NaN,NaN,NaN,NaN,NaN,NaN
NaN,NaN,NaN,NaN,NaN,NaN,NaN,NaN,NaN,NaN,NaN,NaN,NaN,-0.0001222769,-9.388327e-05,-0.0002805242,-0.0009661039,-0.001394388,-0.00154032,-0.001461803,-0.001231246,-0.0008551644,-0.0003679894,0.0002389272,0.0009433078,0.001755693,0.002656702,0.003654933,0.00473091,0.005890563,0.007113359,0.008402643,0.009736544,0.01111621,0.01251855,0.01394311,0.01536586,0.01678528,0.01817681,0.01953857,0.02084603,0.02209786,0.02327013,0.02436265,0.02535241,0.02624082,0.02700623,0.02765244,0.02815978,0.02853514,0.02876108,0.02884776,0.02877986,0.0285709,0.02820757,0.02770691,0.02705747,0.02627991,0.02536449,0.02433567,0.0231853,0.02194189,0.02059862,0.01918802,0.01770358,0.01618044,0.01460855,0.01302004,0.01139172,0.009741415,0.008019651,0.006222052,0.004274836,0.002178094,-0.0001060086,-0.002462075,-0.004736362,-0.006517624,-0.007347981,-0.006618766,-0.004096792,-0.0007843372,-0.0001199921,-0.0003579189,NaN,NaN,NaN,NaN,NaN,NaN,NaN,NaN,NaN,NaN,NaN,NaN
NaN,NaN,NaN,NaN,NaN,NaN,NaN,NaN,NaN,NaN,NaN,NaN,NaN,-0.0001252361,-0.000107278,-0.0005856958,-0.001345647,-0.00167522,-0.001724735,-0.001542667,-0.001194327,-0.000687717,-4.68148e-05,0.0007286884,0.001626923,0.002647211,0.003779959,0.005021543,0.00636139,0.007793047,0.009303829,0.01088505,0.01252157,0.01420318,0.01591231,0.01763796,0.01936043,0.02106876,0.02274149,0.02436861,0.02592757,0.02741039,0.02879409,0.03007354,0.0312256,0.03224861,0.03311969,0.03384163,0.03439257,0.03478059,0.03498496,0.03501941,0.03486411,0.03453865,0.03402383,0.0333454,0.03248439,0.03147295,0.03029196,0.0289805,0.02751886,0.02595355,0.02426355,0.02250308,0.02064806,0.01875916,0.01680386,0.01484315,0.01282384,0.01079514,0.008666852,0.006469537,0.004077533,0.00153824,-0.001241266,-0.004064241,-0.006823723,-0.00897114,-0.01010371,-0.00941204,-0.006753851,-0.002206572,-0.0001689893,-0.0003626044,NaN,NaN,NaN,NaN,NaN,NaN,NaN,NaN,NaN,NaN,NaN,NaN
NaN,NaN,NaN,NaN,NaN,NaN,NaN,NaN,NaN,NaN,NaN,NaN,NaN,-0.0001261848,-0.0001585626,-0.0009698959,-0.001638326,-0.001855457,-0.001782413,-0.001490135,-0.001003359,-0.0003617081,0.0004491224,0.001395114,0.002499329,0.003726338,0.005098703,0.006578637,0.008185495,0.009879725,0.01167662,0.01353558,0.01546766,0.01743205,0.01943574,0.02143856,0.02344378,0.0254127,0.02734546,0.02920587,0.03099173,0.03267058,0.03423863,0.03566806,0.0369539,0.03807369,0.0390217,0.03978189,0.04034854,0.04071301,0.04086984,0.04081818,0.04055246,0.04007985,0.0393943,0.03851133,0.03742393,0.03615629,0.03469989,0.03308822,0.03131066,0.02941065,0.02737445,0.02525581,0.02303552,0.02077628,0.01844693,0.01611236,0.01371511,0.01130918,0.008792253,0.006201589,0.003392375,0.0004281866,-0.002802537,-0.006060136,-0.009246979,-0.01173063,-0.0131247,-0.0124852,-0.009724831,-0.004460469,-0.0003834872,-0.0003531169,NaN,NaN,NaN,NaN,NaN,NaN,NaN,NaN,NaN,NaN,NaN,NaN
NaN,NaN,NaN,NaN,NaN,NaN,NaN,NaN,NaN,NaN,NaN,NaN,NaN,-0.000126488,-0.0003210514,-0.001318685,-0.001824393,-0.00192333,-0.00170431,-0.001292677,-0.0006528704,0.0001317019,0.001121149,0.002242587,0.003556252,0.004990938,0.006601219,0.008315765,0.01018263,0.01213038,0.01420086,0.0163229,0.01853262,0.02075956,0.02303478,0.0252892,0.02754962,0.02974902,0.03191067,0.03397048,0.03594941,0.03778753,0.03950463,0.04104577,0.04243002,0.04360794,0.04459862,0.04535918,0.04590979,0.04621493,0.04629618,0.04612561,0.0457261,0.04507735,0.0442033,0.04309129,0.041766,0.0402225,0.03848591,0.03655932,0.03446798,0.03222321,0.02984969,0.02736679,0.02479653,0.02216382,0.01948143,0.01677141,0.01402277,0.01123946,0.008368583,0.005388754,0.002211403,-0.001164007,-0.004774626,-0.008443595,-0.0119676,-0.0147811,-0.01635805,-0.0158409,-0.01292633,-0.007246905,-0.00113522,-0.0003376227,NaN,NaN,NaN,NaN,NaN,NaN,NaN,NaN,NaN,NaN,NaN,NaN
NaN,NaN,NaN,NaN,NaN,NaN,NaN,NaN,NaN,NaN,NaN,NaN,NaN,-0.0001306311,-0.0006308878,-0.001591878,-0.001898112,-0.001862677,-0.001486862,-0.0009383332,-0.0001419943,0.0007994683,0.001965616,0.003271633,0.004787769,0.006433784,0.008269756,0.01021646,0.01232561,0.01451805,0.01683888,0.01920871,0.02166742,0.02413543,0.02664872,0.02912782,0.03160599,0.03400419,0.03635418,0.03857813,0.04070788,0.04266781,0.04449131,0.0461056,0.0475465,0.0487444,0.04973857,0.05046327,0.0509625,0.05117499,0.05115032,0.05083153,0.05027401,0.04942467,0.04834481,0.0469847,0.04541172,0.04357893,0.04156015,0.03931075,0.03691144,0.03431918,0.03162172,0.02877607,0.02587595,0.02287407,0.01986478,0.01678533,0.0137177,0.01056486,0.007381366,0.004025312,0.0005374208,-0.003225131,-0.007134143,-0.01118156,-0.01494473,-0.01807817,-0.01975874,-0.01944308,-0.01632406,-0.0104917,-0.002857364,-0.0003493412,NaN,NaN,NaN,NaN,NaN,NaN,NaN,NaN,NaN,NaN,NaN,NaN
NaN,NaN,NaN,NaN,NaN,NaN,NaN,NaN,NaN,NaN,NaN,NaN,-0.0001645706,-0.0001450443,-0.0009504114,-0.001760415,-0.001863391,-0.001660592,-0.001132419,-0.0004217249,0.0005235649,0.001640342,0.00297153,0.004473876,0.006175911,0.008038039,0.01007757,0.01225421,0.01457783,0.01700586,0.01954344,0.0221451,0.0248136,0.0275006,0.0302081,0.03288467,0.03553288,0.03809848,0.04058643,0.04294039,0.04516945,0.04721582,0.04909442,0.05074666,0.05219465,0.05337913,0.05433053,0.05498917,0.05539545,0.05548965,0.05532334,0.05483625,0.0540917,0.05302795,0.05172072,0.05010564,0.04827134,0.04614945,0.04384265,0.04127749,0.03857204,0.03564582,0.03263327,0.02944381,0.02622849,0.02288049,0.01956375,0.01614115,0.01277862,0.009286653,0.005822307,0.002129404,-0.001622659,-0.005717271,-0.009858593,-0.01421593,-0.0181455,-0.02154835,-0.02329939,-0.02321076,-0.01993386,-0.01409933,-0.005236626,-0.000434375,-0.0006874863,NaN,NaN,NaN,NaN,NaN,NaN,NaN,NaN,NaN,NaN,NaN
NaN,NaN,NaN,NaN,NaN,NaN,NaN,NaN,NaN,NaN,NaN,NaN,-0.0001650373,-0.0001937201,-0.001202859,-0.001800063,-0.001717457,-0.001311683,-0.0006395782,0.0002547871,0.001340339,0.002644832,0.004128832,0.005831715,0.007702331,0.009777284,0.01199744,0.0143933,0.01690192,0.01954732,0.02226593,0.02507514,0.02791249,0.03078861,0.03364403,0.03648322,0.03925145,0.04194707,0.04452112,0.04696628,0.04924149,0.05133521,0.05321642,0.05486964,0.0562748,0.05741239,0.05827468,0.05883865,0.0591107,0.05906435,0.05872129,0.05805106,0.05709141,0.0558067,0.05425135,0.05238313,0.05027408,0.04787387,0.04527329,0.04241206,0.03940128,0.03616858,0.03284704,0.02934854,0.02582853,0.02217552,0.01856418,0.01484493,0.01120233,0.007425394,0.003699873,-0.0002620737,-0.0042479,-0.008584683,-0.01291427,-0.01747112,-0.02153021,-0.02510205,-0.02695087,-0.02704298,-0.0237688,-0.01791832,-0.008061832,-0.0007297985,-0.0006764524,NaN,NaN,NaN,NaN,NaN,NaN,NaN,NaN,NaN,NaN,NaN
NaN,NaN,NaN,NaN,NaN,NaN,NaN,NaN,NaN,NaN,NaN,NaN,-0.0001618093,-0.0003610415,-0.001406283,-0.001707788,-0.00145445,-0.0008224286,-8.962002e-06,0.001077844,0.002300203,0.003792317,0.005421347,0.00731712,0.009342387,0.01161481,0.01399434,0.01658693,0.01925258,0.02208684,0.02495181,0.02793382,0.03089869,0.03392453,0.03688207,0.03984193,0.0426807,0.04546221,0.04807009,0.05056239,0.0528314,0.0549308,0.05676331,0.05837911,0.0596923,0.06074981,0.06147807,0.06192129,0.06201956,0.06181479,0.06126164,0.06039944,0.05919798,0.05769324,0.05587029,0.05376051,0.05136449,0.0487078,0.04580735,0.04268182,0.03936535,0.0358679,0.03224149,0.02848423,0.02466557,0.02076535,0.01686605,0.01291576,0.008999606,0.005013451,0.001035514,-0.003102249,-0.007305359,-0.01176487,-0.01625896,-0.02087103,-0.02505245,-0.02865092,-0.03067009,-0.03084174,-0.02781474,-0.02183466,-0.01158462,-0.001803464,-0.0006366011,NaN,NaN,NaN,NaN,NaN,NaN,NaN,NaN,NaN,NaN,NaN
NaN,NaN,NaN,NaN,NaN,NaN,NaN,NaN,NaN,NaN,NaN,NaN,-0.0001637433,-0.000661814,-0.001536137,-0.001496896,-0.001060201,-0.0002066389,0.0007616659,0.002028106,0.003396197,0.005056655,0.00683304,0.00889577,0.01107052,0.0135077,0.0160335,0.01878346,0.02158539,0.0245633,0.02754698,0.0306516,0.03371023,0.0368318,0.03985308,0.04287751,0.04574537,0.04855606,0.05115471,0.05363868,0.05585881,0.05791167,0.05965472,0.06118552,0.06236929,0.06330557,0.06386735,0.0641567,0.06405487,0.06366758,0.06288488,0.06181664,0.0603614,0.05863309,0.05653812,0.05419401,0.05151397,0.04861873,0.04542809,0.04206637,0.0384596,0.03473505,0.03082339,0.02685339,0.02275785,0.01866357,0.01449857,0.01037768,0.006210478,0.002085261,-0.002119848,-0.006346683,-0.0107334,-0.01520396,-0.01982102,-0.02435542,-0.02863395,-0.03213311,-0.03437154,-0.03454776,-0.03197603,-0.02582853,-0.01581368,-0.004168575,-0.0006430163,NaN,NaN,NaN,NaN,NaN,NaN,NaN,NaN,NaN,NaN,NaN
NaN,NaN,NaN,NaN,NaN,NaN,NaN,NaN,NaN,NaN,NaN,NaN,-0.0001707129,-0.0008974258,-0.001544992,-0.001184204,-0.0005313804,0.0005200415,0.001662414,0.003083787,0.004608385,0.006409054,0.008334965,0.0105308,0.0128483,0.01541057,0.01806807,0.02092982,0.02384512,0.02691474,0.02998739,0.03315906,0.03627752,0.03943634,0.04248274,0.04551044,0.04836652,0.05114618,0.05369575,0.05611335,0.05824557,0.06019648,0.0618142,0.06321051,0.0642347,0.06500722,0.06537835,0.06547888,0.06516006,0.06456447,0.06354386,0.06225376,0.06054534,0.05858776,0.05622995,0.05365532,0.05070872,0.04758864,0.04413381,0.04055896,0.03669456,0.03277315,0.02861394,0.02446801,0.02013776,0.01589156,0.01150531,0.007259853,0.002888496,-0.001323214,-0.005702134,-0.009953406,-0.01445819,-0.01885723,-0.02351809,-0.02788055,-0.03218423,-0.03551182,-0.03795017,-0.03813184,-0.03610657,-0.02993339,-0.02044543,-0.006980236,-0.0007140397,NaN,NaN,NaN,NaN,NaN,NaN,NaN,NaN,NaN,NaN,NaN
NaN,NaN,NaN,NaN,NaN,NaN,NaN,NaN,NaN,NaN,NaN,-0.000203869,-0.0001790479,-0.001011149,-0.00140332,-0.0007762546,0.0001302877,0.001344025,0.002680762,0.004223242,0.005915266,0.007819435,0.009897266,0.01218447,0.01463864,0.01727779,0.02005232,0.02297139,0.02597873,0.02908097,0.0322157,0.03539066,0.03853709,0.04166655,0.04470432,0.04766852,0.05047852,0.05316042,0.05562691,0.05791377,0.0599277,0.06171728,0.06318419,0.06439194,0.06523668,0.06579825,0.06596656,0.0658396,0.06530041,0.0644669,0.06321421,0.06168188,0.05973558,0.05753776,0.05494226,0.05213569,0.04895727,0.04561938,0.04194349,0.03816988,0.03409891,0.03000162,0.02565275,0.02135634,0.01685404,0.01248397,0.007943282,0.003603511,-0.0009002946,-0.005164988,-0.009637733,-0.0138724,-0.01840057,-0.02267546,-0.02726883,-0.03140312,-0.03561889,-0.0387468,-0.04130399,-0.04154965,-0.04006742,-0.03412995,-0.02520365,-0.009936646,-0.0008657716,-0.001120553,NaN,NaN,NaN,NaN,NaN,NaN,NaN,NaN,NaN,NaN
NaN,NaN,NaN,NaN,NaN,NaN,NaN,NaN,NaN,NaN,NaN,-0.0002017267,-0.0002202998,-0.001085698,-0.00111261,-0.0002778823,0.0009101763,0.002249848,0.003792415,0.005422273,0.007284028,0.009255517,0.01147965,0.01381747,0.01639457,0.01906303,0.02193255,0.0248552,0.02792707,0.03100409,0.03416892,0.03728481,0.04042331,0.04345869,0.04645167,0.04928798,0.05201663,0.05453667,0.05688662,0.05898125,0.06084859,0.06242047,0.0637147,0.06468293,0.06533349,0.06563969,0.06559937,0.06520843,0.06445321,0.06335378,0.06188392,0.06008952,0.05793066,0.05548085,0.05268413,0.04964215,0.04627923,0.04272654,0.03888628,0.03492218,0.03071086,0.0264505,0.02198656,0.01755419,0.01296104,0.008481571,0.003874436,-0.0005463592,-0.005087338,-0.009392998,-0.01385277,-0.01805667,-0.02248353,-0.02661773,-0.03099915,-0.03489501,-0.03886385,-0.04181436,-0.04433705,-0.0447661,-0.04371964,-0.03838006,-0.02990081,-0.01377058,-0.001355088,-0.001053496,NaN,NaN,NaN,NaN,NaN,NaN,NaN,NaN,NaN,NaN
NaN,NaN,NaN,NaN,NaN,NaN,NaN,NaN,NaN,NaN,NaN,-0.0001932979,-0.0003849668,-0.001138589,-0.0006961824,0.000320363,0.001782796,0.00323243,0.004963971,0.006665987,0.008675897,0.01069553,0.01303776,0.01539931,0.01806482,0.0207295,0.02365536,0.02654185,0.0296338,0.03263845,0.03578616,0.03879347,0.04187809,0.04476765,0.04766924,0.05032302,0.05292621,0.05523188,0.0574276,0.05928024,0.06096881,0.06227573,0.06337281,0.06405973,0.06450193,0.06451732,0.0642647,0.06358054,0.06261645,0.0612282,0.05956012,0.05748826,0.05514891,0.05243871,0.04948433,0.04620315,0.04271036,0.03894434,0.03500673,0.03085766,0.026583,0.02216573,0.01767282,0.0131106,0.008522148,0.003937087,-0.000632685,-0.00513513,-0.009599588,-0.01395157,-0.01827191,-0.02245538,-0.0266356,-0.03064323,-0.03464238,-0.03832723,-0.0418578,-0.04469732,-0.04697817,-0.04774498,-0.04693303,-0.04259941,-0.03439902,-0.01898961,-0.003217744,-0.0009299485,NaN,NaN,NaN,NaN,NaN,NaN,NaN,NaN,NaN,NaN
NaN,NaN,NaN,NaN,NaN,NaN,NaN,NaN,NaN,NaN,NaN,-0.0001935207,-0.0006669913,-0.001106056,-0.0001941355,0.001026342,0.00271143,0.00428382,0.006153844,0.007936832,0.01004372,0.01211431,0.01452018,0.01690077,0.01959562,0.02224382,0.02516251,0.02799335,0.03103919,0.033947,0.03701,0.03988046,0.04284372,0.04555752,0.04830265,0.05074406,0.05316034,0.05522291,0.05720812,0.05879307,0.06025376,0.0612745,0.06213372,0.06252368,0.06272638,0.0624416,0.06195566,0.06097544,0.05979231,0.05811977,0.05625495,0.05391722,0.05140982,0.04845703,0.04536838,0.04187197,0.03828356,0.03433316,0.03034201,0.02604028,0.02175495,0.01721537,0.01275425,0.008097305,0.003581301,-0.001075515,-0.005533775,-0.01008668,-0.01439371,-0.01876412,-0.02285567,-0.02699425,-0.03082705,-0.03468727,-0.03818806,-0.04164808,-0.04460853,-0.04734188,-0.04923589,-0.05039042,-0.04968848,-0.04658742,-0.03872748,-0.02516444,-0.007199904,-0.0009395133,NaN,NaN,NaN,NaN,NaN,NaN,NaN,NaN,NaN,NaN
NaN,NaN,NaN,NaN,NaN,NaN,NaN,NaN,NaN,NaN,NaN,-0.0001982438,-0.0008118802,-0.0009141763,0.0003774569,0.001833194,0.003676784,0.00538414,0.007337901,0.009208136,0.01135856,0.01347977,0.01589437,0.01828754,0.02095316,0.02357041,0.02641797,0.02917271,0.03210694,0.03489539,0.03780748,0.04051536,0.04328975,0.04580149,0.04832591,0.05053191,0.05270103,0.05449951,0.05621725,0.05751733,0.05869993,0.05942439,0.06000369,0.0600934,0.06002199,0.05944061,0.05869513,0.05743079,0.05601216,0.05407621,0.05200727,0.0494321,0.04675727,0.04359798,0.04038467,0.03671742,0.03305094,0.02896651,0.02494507,0.02054627,0.0162795,0.01167845,0.007282789,0.002595088,-0.001812239,-0.006474327,-0.0107828,-0.01531786,-0.0194287,-0.02374796,-0.02757151,-0.03159362,-0.0350404,-0.03868062,-0.04164624,-0.04480377,-0.04715348,-0.04968768,-0.05115264,-0.05259397,-0.05201552,-0.05011369,-0.04293395,-0.03134632,-0.01125512,-0.001095168,NaN,NaN,NaN,NaN,NaN,NaN,NaN,NaN,NaN,NaN
NaN,NaN,NaN,NaN,NaN,NaN,NaN,NaN,NaN,NaN,NaN,-0.0001983012,-0.0007934977,-0.000546223,0.001006556,0.002725241,0.004653009,0.006510622,0.008483436,0.0104535,0.0125856,0.01476516,0.01712383,0.01953034,0.02209811,0.02468013,0.02738554,0.03005566,0.03280414,0.03546071,0.03814679,0.04067961,0.04319235,0.04549081,0.04772358,0.04968423,0.05153864,0.05306711,0.05445553,0.05547014,0.05631891,0.05675224,0.05700258,0.05680398,0.05641717,0.0555592,0.05452156,0.05300144,0.05132237,0.04915857,0.0468679,0.04409926,0.04124787,0.03793453,0.03459404,0.03081475,0.02707295,0.02292002,0.01887667,0.01445268,0.01021656,0.005630478,0.001314654,-0.003323208,-0.00760596,-0.01218905,-0.01633153,-0.02076151,-0.02466127,-0.02884035,-0.03238484,-0.03620096,-0.03925704,-0.0425876,-0.04502082,-0.04778017,-0.04952179,-0.05173572,-0.0527643,-0.05433193,-0.05390066,-0.05305793,-0.04688426,-0.03707782,-0.01480979,-0.001334032,NaN,NaN,NaN,NaN,NaN,NaN,NaN,NaN,NaN,NaN
NaN,NaN,NaN,NaN,NaN,NaN,NaN,NaN,NaN,NaN,-0.0002368739,-0.0002015658,-0.0007442879,-8.81155e-06,0.001682932,0.003693136,0.005617521,0.007648104,0.009564511,0.01165584,0.01369888,0.01595335,0.01818322,0.02061235,0.02300663,0.02555845,0.02804504,0.03063187,0.03311549,0.03563808,0.0380189,0.0403755,0.04255027,0.04463627,0.04650304,0.04822107,0.04968987,0.05095612,0.05194998,0.05269283,0.05314748,0.05330918,0.05317589,0.05271623,0.05196653,0.05086797,0.04949729,0.04776533,0.04579053,0.04345094,0.04090934,0.03800843,0.03495715,0.03155916,0.02807199,0.02425723,0.02042401,0.01628697,0.01220858,0.007850667,0.003632854,-0.0008411147,-0.005089483,-0.009574152,-0.01374594,-0.01814126,-0.02213416,-0.02634432,-0.03005346,-0.03397333,-0.03726939,-0.04076022,-0.04347088,-0.04636939,-0.04832992,-0.05055804,-0.05176242,-0.05348886,-0.05414287,-0.0555908,-0.05537209,-0.05530036,-0.05046047,-0.04223047,-0.01949461,-0.001836604,-0.001590895,NaN,NaN,NaN,NaN,NaN,NaN,NaN,NaN,NaN
NaN,NaN,NaN,NaN,NaN,NaN,NaN,NaN,NaN,NaN,-0.0002345256,-0.0002799251,-0.0006980354,0.000647287,0.002416495,0.004694148,0.006570243,0.008755189,0.01058043,0.01277637,0.01469497,0.01700662,0.01906976,0.02150336,0.02368115,0.02618141,0.02839958,0.03088158,0.03304896,0.03541969,0.03744186,0.03960626,0.041387,0.04324928,0.0446952,0.04616724,0.04719707,0.04820495,0.04875161,0.04923443,0.0492439,0.04915537,0.0485905,0.04790254,0.04674502,0.04544878,0.04370103,0.04181036,0.03949842,0.03704899,0.03421746,0.03126064,0.02796934,0.02457287,0.02089912,0.01714717,0.01318206,0.009169052,0.005011384,0.0008372968,-0.003410097,-0.007643521,-0.01187756,-0.01607049,-0.02019124,-0.02424895,-0.02816079,-0.03199044,-0.0355902,-0.03907925,-0.0422254,-0.04520972,-0.04770142,-0.04997984,-0.05162945,-0.05311605,-0.05396943,-0.05493444,-0.05540623,-0.05634303,-0.0565541,-0.0567255,-0.05369186,-0.04662435,-0.02665179,-0.003820363,-0.001229224,NaN,NaN,NaN,NaN,NaN,NaN,NaN,NaN,NaN
NaN,NaN,NaN,NaN,NaN,NaN,NaN,NaN,NaN,NaN,-0.0002281929,-0.0005067718,-0.0005450631,0.001354331,0.003248685,0.005671208,0.007542854,0.009779772,0.01156076,0.01376948,0.01560578,0.01788702,0.01981751,0.02217012,0.02415735,0.02652333,0.02849219,0.03079042,0.03265507,0.0348,0.03647276,0.03837713,0.03976979,0.04134815,0.04237787,0.0435531,0.04414774,0.04485519,0.04495692,0.04514763,0.04471504,0.04435608,0.04336306,0.0424366,0.04087359,0.03938081,0.03725985,0.03522453,0.03257918,0.03004396,0.026924,0.02394615,0.02041589,0.0170676,0.01320616,0.009573185,0.005471074,0.001648039,-0.002597842,-0.006512213,-0.01080324,-0.01471072,-0.01895065,-0.02275651,-0.02685363,-0.03046811,-0.03433506,-0.03766793,-0.04120618,-0.04413824,-0.04719993,-0.04954504,-0.05191211,-0.05343585,-0.05490632,-0.05550181,-0.05615824,-0.05615275,-0.05658957,-0.05669289,-0.0574662,-0.0574068,-0.05644555,-0.05025717,-0.03563859,-0.009742896,-0.001088996,NaN,NaN,NaN,NaN,NaN,NaN,NaN,NaN,NaN
NaN,NaN,NaN,NaN,NaN,NaN,NaN,NaN,NaN,NaN,-0.0002256355,-0.000669636,-0.0001717974,0.002083642,0.004179446,0.00660251,0.008532736,0.01070636,0.01250583,0.0146259,0.01643816,0.01859218,0.02043951,0.02261488,0.02445419,0.02659304,0.02835188,0.03037698,0.03197389,0.03380606,0.03516186,0.03672465,0.03776228,0.03898137,0.03962797,0.04043635,0.04062962,0.04097359,0.04066701,0.04051016,0.0396745,0.03899596,0.03761571,0.03640826,0.0344841,0.03275992,0.03031367,0.02810507,0.02517644,0.02253192,0.0191762,0.01615935,0.01244567,0.009132046,0.005139999,0.001615437,-0.00256536,-0.006206274,-0.01048064,-0.01414108,-0.01841499,-0.02200091,-0.02618495,-0.0296074,-0.03361829,-0.03679298,-0.04055085,-0.04338995,-0.04680157,-0.04918376,-0.05210114,-0.05382638,-0.05601996,-0.05682638,-0.0580813,-0.05784116,-0.05826196,-0.05733479,-0.0576413,-0.05689916,-0.05800582,-0.0576359,-0.05839818,-0.05340037,-0.04405233,-0.01722259,-0.001389182,NaN,NaN,NaN,NaN,NaN,NaN,NaN,NaN,NaN
NaN,NaN,NaN,NaN,NaN,NaN,NaN,NaN,NaN,NaN,-0.0002178309,-0.0006088347,0.0004501393,0.002856273,0.00519498,0.007498553,0.009535588,0.01155261,0.0134236,0.01536894,0.01720663,0.01914796,0.02095814,0.02287104,0.02460554,0.02643171,0.02802164,0.02968886,0.03105908,0.03249576,0.03357701,0.03471834,0.03544555,0.03622803,0.03653813,0.03690508,0.03674806,0.03665926,0.03600115,0.03543054,0.03425138,0.03318873,0.0314862,0.02993823,0.02772482,0.025712,0.02301579,0.02057708,0.01744585,0.01463785,0.01113311,0.008023258,0.004216341,0.0008820606,-0.003146054,-0.006618377,-0.01077914,-0.01429643,-0.01849701,-0.02196484,-0.02611548,-0.02944469,-0.03346285,-0.03657048,-0.04038028,-0.04318763,-0.0467162,-0.04913915,-0.0522988,-0.05421745,-0.05686411,-0.05807365,-0.05997231,-0.06019212,-0.06111604,-0.06020168,-0.06026329,-0.05858753,-0.05857379,-0.05711937,-0.05820955,-0.05759674,-0.05949738,-0.05598507,-0.05053515,-0.02249596,-0.0019297,NaN,NaN,NaN,NaN,NaN,NaN,NaN,NaN,NaN
NaN,NaN,NaN,NaN,NaN,NaN,NaN,NaN,NaN,-0.0002737737,-0.0001975185,-0.0004778379,0.00131788,0.003668206,0.006302979,0.008357234,0.01057032,0.0123288,0.01434269,0.01601715,0.01794666,0.01957979,0.02141675,0.02297225,0.02466391,0.0260806,0.02756248,0.0287755,0.02998388,0.0309311,0.03180582,0.03243001,0.03291697,0.03316765,0.03321917,0.03305256,0.03262965,0.0320142,0.03109351,0.03001522,0.02859089,0.02705198,0.02513294,0.0231494,0.02075801,0.01835974,0.01553353,0.01276696,0.009560284,0.006487153,0.002966526,-0.0003421516,-0.004102741,-0.007568299,-0.01148694,-0.01502293,-0.01901186,-0.02252773,-0.02649778,-0.02990317,-0.03376839,-0.0369781,-0.0406609,-0.04359796,-0.0470295,-0.04962214,-0.05273661,-0.05490678,-0.05762168,-0.05925191,-0.06142518,-0.06231235,-0.06371307,-0.06357798,-0.06397498,-0.06265758,-0.06214376,-0.06000696,-0.05939087,-0.0575011,-0.0581446,-0.05749329,-0.0597988,-0.05795549,-0.0550973,-0.02830801,-0.00269256,-0.002149931,NaN,NaN,NaN,NaN,NaN,NaN,NaN,NaN
NaN,NaN,NaN,NaN,NaN,NaN,NaN,NaN,NaN,-0.0002865443,-0.000229582,-0.0002668469,0.002364018,0.004594352,0.007470053,0.009259363,0.01162282,0.01312112,0.01526235,0.0166607,0.01867276,0.01998225,0.02184091,0.02301203,0.02466425,0.02563749,0.02702667,0.02774323,0.02881492,0.02922088,0.02992661,0.02997543,0.03027407,0.02992675,0.029784,0.02900858,0.02839824,0.02717385,0.02608449,0.02440815,0.02284659,0.02073169,0.01871803,0.01618966,0.01375614,0.0108533,0.008046999,0.004823158,0.001703905,-0.001776126,-0.005138124,-0.008799824,-0.01232646,-0.01608949,-0.01969907,-0.02347985,-0.02708696,-0.03079776,-0.03431478,-0.03786862,-0.04121311,-0.04453088,-0.04763004,-0.05064159,-0.05343123,-0.05607209,-0.05849048,-0.06068995,-0.06265741,-0.0643066,-0.06568474,-0.0665927,-0.06715368,-0.06705353,-0.06655971,-0.06529395,-0.06380883,-0.06173326,-0.06002843,-0.05825811,-0.05775671,-0.05761687,-0.05921692,-0.05962737,-0.05781592,-0.03791141,-0.005628846,-0.001377188,NaN,NaN,NaN,NaN,NaN,NaN,NaN,NaN
NaN,NaN,NaN,NaN,NaN,NaN,NaN,NaN,NaN,-0.0002679081,-0.0004040766,0.0002980927,0.003455899,0.005783832,0.008605845,0.01035479,0.01263417,0.01408387,0.0161448,0.01745201,0.0193575,0.02050422,0.02221504,0.02314235,0.02460494,0.02525711,0.02642315,0.02674998,0.02757398,0.0275305,0.02797525,0.02752764,0.02756535,0.02668615,0.02629331,0.02496184,0.02412572,0.0223353,0.02105732,0.01881485,0.01711031,0.01443863,0.0123393,0.00927577,0.006824187,0.00341511,0.0006637477,-0.003031945,-0.006017296,-0.009929443,-0.01307504,-0.01712753,-0.02035413,-0.02446589,-0.0276912,-0.03178037,-0.0349217,-0.03890501,-0.04187745,-0.04567182,-0.04839504,-0.05192688,-0.05433187,-0.05753893,-0.05956518,-0.06239094,-0.06397782,-0.06635906,-0.06742725,-0.06926822,-0.06968395,-0.07081411,-0.07035216,-0.07052583,-0.06894195,-0.06802075,-0.0653465,-0.06368353,-0.06061105,-0.0593369,-0.05725414,-0.05797113,-0.05807438,-0.0609898,-0.059161,-0.0501093,-0.01575038,-0.001128603,NaN,NaN,NaN,NaN,NaN,NaN,NaN,NaN
NaN,NaN,NaN,NaN,NaN,NaN,NaN,NaN,NaN,-0.0002327131,-0.0004693455,0.001419744,0.004606409,0.007304434,0.009755665,0.01172418,0.01366999,0.01530671,0.01706195,0.01848605,0.02007332,0.02124565,0.02261159,0.02347197,0.02456091,0.02505845,0.02582688,0.02592427,0.02633859,0.02600477,0.02603588,0.02524613,0.02487472,0.02361661,0.0228342,0.02110269,0.01990632,0.01770424,0.01610385,0.01345138,0.01147453,0.008406547,0.006092428,0.002654152,5.235511e-05,-0.003700328,-0.006530303,-0.0105326,-0.01352224,-0.01770049,-0.02077349,-0.02504883,-0.02812584,-0.03241802,-0.03541793,-0.03964566,-0.04248716,-0.04657077,-0.04917402,-0.05303654,-0.05532468,-0.05889602,-0.06080167,-0.06402458,-0.06549061,-0.06831616,-0.06928575,-0.07165921,-0.07205483,-0.07388835,-0.07357752,-0.07471809,-0.07349044,-0.07372577,-0.07134774,-0.07055227,-0.06702101,-0.06552394,-0.0614614,-0.06037701,-0.0571175,-0.05818248,-0.05711405,-0.06147754,-0.06016921,-0.06003598,-0.02879629,-0.002016668,NaN,NaN,NaN,NaN,NaN,NaN,NaN,NaN
NaN,NaN,NaN,NaN,NaN,NaN,NaN,NaN,NaN,-0.0001706256,-0.0002016813,0.003084718,0.005960667,0.009143151,0.01106619,0.01339052,0.01487845,0.01682694,0.01814979,0.01980986,0.02094825,0.02226678,0.02314938,0.02406809,0.02463948,0.02512151,0.02534587,0.02536597,0.02521426,0.02475279,0.02420611,0.02325532,0.02230588,0.02086524,0.0195115,0.01758825,0.01583957,0.01345256,0.01132968,0.008508835,0.00604568,0.002835574,8.026212e-05,-0.003463904,-0.006455357,-0.01027129,-0.01343408,-0.01745065,-0.02071312,-0.0248556,-0.02814235,-0.0323308,-0.0355597,-0.0397112,-0.04280264,-0.04684132,-0.04972007,-0.05356992,-0.05615683,-0.05974223,-0.06196435,-0.06522214,-0.0670175,-0.06989437,-0.07120725,-0.07365748,-0.07443382,-0.0764076,-0.0765733,-0.077991,-0.07742392,-0.07814994,-0.07665561,-0.07649806,-0.07386006,-0.0727119,-0.06892718,-0.0670931,-0.06271576,-0.06122795,-0.05751749,-0.05813045,-0.05664248,-0.06110594,-0.06105827,-0.06563776,-0.03799134,-0.003318256,NaN,NaN,NaN,NaN,NaN,NaN,NaN,NaN
NaN,NaN,NaN,NaN,NaN,NaN,NaN,NaN,-0.0003459032,-0.000121008,0.0006650956,0.005148182,0.007802571,0.01122434,0.01281199,0.01531446,0.01651518,0.01862708,0.01964152,0.0214185,0.02218718,0.02357017,0.02401387,0.02495274,0.02501751,0.02548383,0.02513966,0.0251218,0.02435181,0.02384429,0.02263808,0.02164223,0.02000076,0.01852939,0.01646459,0.01453819,0.01206929,0.009715999,0.006873377,0.004134008,0.0009614179,-0.002111556,-0.005559435,-0.008904242,-0.01256403,-0.01611228,-0.01991527,-0.02359409,-0.02746628,-0.03119791,-0.03506121,-0.03876614,-0.04254168,-0.0461401,-0.04974877,-0.05316341,-0.05653103,-0.05969093,-0.0627472,-0.06558248,-0.06825736,-0.07070352,-0.07293763,-0.07494445,-0.07668985,-0.07821313,-0.07941983,-0.08040802,-0.08100963,-0.08138528,-0.08127441,-0.08090825,-0.07991791,-0.07863487,-0.07658824,-0.07428537,-0.07119614,-0.06812616,-0.06452131,-0.06159893,-0.05870624,-0.0575552,-0.05709506,-0.05962381,-0.06236571,-0.06682666,-0.04976248,-0.007084746,-0.001198813,NaN,NaN,NaN,NaN,NaN,NaN,NaN
NaN,NaN,NaN,NaN,NaN,NaN,NaN,NaN,-0.0002639608,-1.191357e-05,0.002789999,0.00739699,0.0104954,0.01344358,0.01531503,0.01743878,0.01886404,0.02065791,0.02178375,0.02326437,0.02401898,0.02511502,0.02542125,0.02608017,0.02589795,0.02610067,0.02541678,0.02515623,0.02396341,0.02323896,0.02154327,0.02036849,0.01818623,0.01657918,0.01393159,0.01191957,0.00884136,0.006463349,0.002996969,0.0002984829,-0.003503965,-0.006464987,-0.01053979,-0.01369812,-0.01797699,-0.02126125,-0.02566808,-0.02900171,-0.03346115,-0.03677136,-0.04120824,-0.04441474,-0.04874491,-0.05176604,-0.05591517,-0.05868271,-0.06258367,-0.06502609,-0.06860671,-0.0706545,-0.07385424,-0.07545058,-0.07821685,-0.079307,-0.08159219,-0.08212972,-0.08389388,-0.08382685,-0.08501182,-0.08425826,-0.08477417,-0.08321098,-0.08292301,-0.08038135,-0.07915197,-0.0755318,-0.07341621,-0.06892725,-0.06643984,-0.06184786,-0.06018126,-0.05691735,-0.05794496,-0.05782962,-0.06351292,-0.06570897,-0.06369638,-0.02341415,-0.001202966,NaN,NaN,NaN,NaN,NaN,NaN,NaN
NaN,NaN,NaN,NaN,NaN,NaN,NaN,-0.0002509924,-0.0001191659,0.0008611882,0.00630984,0.01010231,0.01404114,0.01607703,0.01859184,0.01999667,0.02194231,0.02310924,0.02460875,0.02549333,0.02648085,0.02699753,0.02742587,0.02752335,0.02736882,0.02701803,0.02627976,0.02547985,0.02417701,0.02293641,0.02108673,0.019416,0.01704676,0.014973,0.01212474,0.009682919,0.006399862,0.00363185,-3.216142e-05,-0.0030739,-0.007057635,-0.01031356,-0.01454773,-0.01794767,-0.02235537,-0.02582665,-0.03033303,-0.03380292,-0.03832972,-0.04172011,-0.04618811,-0.0494239,-0.05375804,-0.05676385,-0.06088791,-0.06359018,-0.06743711,-0.06977265,-0.07328162,-0.07518564,-0.07829525,-0.0797082,-0.08237077,-0.08324434,-0.08541728,-0.08569984,-0.08734053,-0.08698086,-0.08804465,-0.08696815,-0.08737095,-0.0854511,-0.08507531,-0.08217116,-0.08092719,-0.07695992,-0.07490974,-0.07005077,-0.06767796,-0.0626175,-0.06105852,-0.05708013,-0.0581653,-0.05698211,-0.06320418,-0.06503368,-0.07258078,-0.04414356,-0.003003465,-0.001998615,NaN,NaN,NaN,NaN,NaN,NaN
NaN,NaN,NaN,NaN,NaN,NaN,NaN,-0.0002817743,0.0002930851,0.00378571,0.01055065,0.0140346,0.01800641,0.01974095,0.02230824,0.0234878,0.02546496,0.02637041,0.0278581,0.02841765,0.02936009,0.02948545,0.02984896,0.02949513,0.0292701,0.02841477,0.02760909,0.02625754,0.02490114,0.02307252,0.0211941,0.01890664,0.0165402,0.01382872,0.0110242,0.00793375,0.004743204,0.001322314,-0.002194981,-0.005887005,-0.009664402,-0.01356334,-0.01752944,-0.02156199,-0.02563698,-0.02972716,-0.03383645,-0.03791333,-0.04198069,-0.04596483,-0.04990915,-0.05372635,-0.05747891,-0.06106185,-0.06454992,-0.06782269,-0.0709751,-0.07387749,-0.07664283,-0.07912221,-0.08144205,-0.08343598,-0.08525586,-0.08671977,-0.08800359,-0.08889636,-0.08959797,-0.08986532,-0.08993161,-0.08951003,-0.08886553,-0.08765229,-0.0861849,-0.08406428,-0.08169305,-0.07862797,-0.07541643,-0.07159918,-0.06796671,-0.06405639,-0.06099638,-0.05822814,-0.057359,-0.05750416,-0.06117616,-0.06576674,-0.0740221,-0.06184394,-0.009688814,-0.0006732778,NaN,NaN,NaN,NaN,NaN,NaN
NaN,NaN,NaN,NaN,NaN,0.0001764763,5.51226e-05,3.040863e-06,0.002780324,0.009757792,0.01523009,0.0195575,0.0222739,0.0246934,0.02636358,0.02808505,0.02931863,0.0305746,0.0314045,0.03215267,0.03251101,0.03269241,0.03253224,0.03212231,0.03143098,0.0304329,0.02921887,0.02765264,0.02593972,0.02383742,0.02165753,0.01905591,0.01644629,0.0133904,0.01039958,0.006944766,0.003628573,-0.0001652373,-0.003746145,-0.007813088,-0.01159161,-0.01586086,-0.01976568,-0.02416181,-0.02811616,-0.03256058,-0.0364887,-0.0409074,-0.04473678,-0.04905502,-0.05271008,-0.05685356,-0.06026439,-0.0641668,-0.06726701,-0.07086044,-0.07358218,-0.07680556,-0.07909484,-0.08190027,-0.08370595,-0.08604024,-0.08730667,-0.08912339,-0.08980905,-0.09107376,-0.091135,-0.09180055,-0.09117636,-0.09118322,-0.08979812,-0.08906877,-0.08682194,-0.08526906,-0.08208065,-0.0797001,-0.07563434,-0.07265187,-0.06807713,-0.06513059,-0.06088766,-0.05917225,-0.0566428,-0.0579911,-0.05915753,-0.06605529,-0.07193437,-0.07560342,-0.03808532,-0.001841205,-0.0007855538,0.0005369672,NaN,NaN,NaN,NaN
0.0002630448,0.0004687385,0.0002185888,0.0004261324,0.000110055,0.000258333,5.136562e-05,0.001934643,0.009223147,0.01708214,0.02151653,0.02561382,0.02771951,0.03009523,0.03139649,0.03307139,0.03397076,0.03511505,0.03559998,0.03618898,0.03619166,0.03618836,0.03566215,0.03505469,0.0339877,0.03279141,0.03119598,0.0294403,0.02734188,0.02506582,0.02250014,0.01974956,0.01675935,0.01358615,0.01022279,0.006687284,0.003010129,-0.0008224579,-0.004749788,-0.008810473,-0.01291935,-0.017135,-0.02135345,-0.0256489,-0.02990226,-0.03420003,-0.03841264,-0.04263781,-0.04673866,-0.05082053,-0.05473971,-0.05860733,-0.06227594,-0.06586299,-0.06921813,-0.07246274,-0.07544318,-0.07828604,-0.08083697,-0.0832289,-0.08530403,-0.08719876,-0.08874944,-0.09009952,-0.09108128,-0.09184773,-0.0922211,-0.09236084,-0.09207207,-0.09152395,-0.09050231,-0.08919284,-0.08735941,-0.0852183,-0.08252134,-0.07955227,-0.07607554,-0.07249429,-0.06860596,-0.06499022,-0.06147438,-0.05888131,-0.05701835,-0.05708638,-0.05875223,-0.06391803,-0.07108399,-0.07896785,-0.06472336,-0.01282416,-1.808897e-06,0.0003602557,0.0003479535,0.0005430775,0.0003300483,0.0005206966
0.0004264103,0.0003954822,0.0003867709,0.0004511522,0.0005639862,0.001029408,0.003251815,0.01138717,0.01929652,0.02503507,0.02917252,0.03196591,0.03412697,0.03574355,0.03716451,0.03823981,0.03918127,0.03978245,0.04022983,0.04031825,0.04022693,0.0397647,0.03910494,0.03807731,0.03684868,0.03526961,0.03349484,0.03139326,0.02910537,0.02651943,0.02376161,0.02073889,0.01756177,0.01415543,0.01061551,0.006885802,0.003047015,-0.0009401328,-0.005010352,-0.009186463,-0.01341763,-0.01771083,-0.02202995,-0.02636732,-0.03070083,-0.03500829,-0.03928154,-0.04348606,-0.04762881,-0.05166332,-0.05560955,-0.05940789,-0.06309126,-0.06658921,-0.06994897,-0.07308895,-0.07606876,-0.07879504,-0.08134132,-0.08360475,-0.08567321,-0.08743151,-0.08897904,-0.09018709,-0.0911694,-0.09178553,-0.09216376,-0.09214647,-0.09187276,-0.0911643,-0.09017474,-0.0887072,-0.08693766,-0.0846554,-0.08207694,-0.07899729,-0.07570996,-0.07204352,-0.06840767,-0.06468322,-0.06142954,-0.05858621,-0.05689693,-0.05636499,-0.05799141,-0.06187969,-0.06912395,-0.07765917,-0.07797208,-0.04657838,-0.007330549,-0.000101059,0.0005585986,0.0006626332,0.000584623,0.0004874197
0.001951133,0.002221773,0.002722514,0.003594254,0.005845009,0.01053894,0.01720623,0.02402196,0.02973742,0.03375399,0.03674088,0.03876358,0.04044394,0.04168281,0.04279334,0.04356799,0.04421283,0.04452239,0.04466996,0.04447211,0.04408571,0.04334787,0.0424061,0.04111687,0.03962333,0.03779741,0.03577771,0.03344595,0.03093664,0.02813912,0.0251858,0.02197162,0.01862757,0.01505219,0.01137629,0.007501019,0.003557819,-0.0005512311,-0.004693896,-0.008968219,-0.01324035,-0.01760927,-0.02193946,-0.02633192,-0.03064889,-0.03499362,-0.03922588,-0.04345262,-0.0475322,-0.05157606,-0.05543995,-0.05923877,-0.06282497,-0.06631814,-0.06956857,-0.07270098,-0.07556238,-0.07828195,-0.08070377,-0.08296328,-0.08490241,-0.08666169,-0.08807812,-0.08929575,-0.0901471,-0.09078185,-0.09102861,-0.09104063,-0.09063841,-0.08997621,-0.08886714,-0.08747143,-0.08560152,-0.08343287,-0.08078972,-0.07788279,-0.07457422,-0.07114059,-0.06750983,-0.06404771,-0.06076482,-0.05812987,-0.05624972,-0.05571549,-0.056759,-0.06014976,-0.06618661,-0.07473055,-0.08078443,-0.07056196,-0.03717246,-0.01116487,-0.00151914,0.001117874,0.001569126,0.001777138
0.009074213,0.01133596,0.01365575,0.01630842,0.01982267,0.02456477,0.03039633,0.03520225,0.0390053,0.04161293,0.04354301,0.04495727,0.04614616,0.0470677,0.04783511,0.04834807,0.04868081,0.04873892,0.04858853,0.04814846,0.04748101,0.04651593,0.04531437,0.04381731,0.04208742,0.04007521,0.03784337,0.03534829,0.03265181,0.0297154,0.02660073,0.02327353,0.01979474,0.01613319,0.01234923,0.008414778,0.004389632,0.0002480102,-0.003951478,-0.008232813,-0.01253847,-0.01689073,-0.02123348,-0.02558783,-0.02989926,-0.03418747,-0.03839957,-0.04255456,-0.04660231,-0.05056169,-0.05438495,-0.05808985,-0.06163055,-0.06502405,-0.06822746,-0.07125723,-0.07407294,-0.07668979,-0.07907027,-0.08122937,-0.08313342,-0.08479626,-0.08618632,-0.08731444,-0.08815122,-0.0887054,-0.0889505,-0.08889176,-0.08850369,-0.08778602,-0.08671527,-0.08528888,-0.0834923,-0.08132952,-0.07880872,-0.07595781,-0.07283082,-0.06950308,-0.06609876,-0.06275889,-0.0596933,-0.05711733,-0.0553362,-0.05464351,-0.05545818,-0.05815825,-0.06321521,-0.07059093,-0.0780551,-0.07742977,-0.06014275,-0.0330126,-0.01365828,-0.003109744,0.002812242,0.00637671
0.01143388,0.01634193,0.02083085,0.02523277,0.02978656,0.03424537,0.03893991,0.04285806,0.04543023,0.04719818,0.04848249,0.04951969,0.0503776,0.05107347,0.05158874,0.05190509,0.05200425,0.05187219,0.05149972,0.05087768,0.05000332,0.04887076,0.04748304,0.04583842,0.04394608,0.04180812,0.03943828,0.03684058,0.03403173,0.03101703,0.0278159,0.02443469,0.02089507,0.01720394,0.01338466,0.009444474,0.00540818,0.001283023,-0.002905188,-0.007149528,-0.01142346,-0.01572059,-0.02001392,-0.02429778,-0.02854489,-0.03275035,-0.03688672,-0.04095028,-0.04491402,-0.04877588,-0.05250935,-0.05611365,-0.05956241,-0.06285612,-0.06596878,-0.06890232,-0.07163102,-0.07415816,-0.07645848,-0.07853719,-0.08036995,-0.08196356,-0.08329334,-0.08436638,-0.08515704,-0.08567306,-0.08588826,-0.08581064,-0.08541224,-0.08470046,-0.08364619,-0.08225974,-0.08051717,-0.07844088,-0.07602417,-0.07331751,-0.07035062,-0.0672232,-0.06402097,-0.06090851,-0.05803791,-0.05564377,-0.05394584,-0.05324735,-0.05382625,-0.05604066,-0.06015134,-0.06619846,-0.07320158,-0.07706092,-0.06954794,-0.05074097,-0.03023689,-0.01401541,-0.002548747,0.005405463
0.007302645,0.01475331,0.02129207,0.02729045,0.03290156,0.03795329,0.0423602,0.04566136,0.04794704,0.04946569,0.05062178,0.05155697,0.05234773,0.05296462,0.0534075,0.05363544,0.05364998,0.05342226,0.05295946,0.05224231,0.0512807,0.05006183,0.04859784,0.04688224,0.04492998,0.04274017,0.0403294,0.03770061,0.03487103,0.0318469,0.02864602,0.02527746,0.02175906,0.01810204,0.01432404,0.01043826,0.006462019,0.002410041,-0.001701163,-0.005855735,-0.01003806,-0.01423132,-0.018421,-0.02258963,-0.02672397,-0.0308059,-0.03482349,-0.03875836,-0.04260043,-0.04633142,-0.04994312,-0.0534171,-0.05674687,-0.05991394,-0.06291373,-0.06572764,-0.06835273,-0.07077005,-0.07297865,-0.07495993,-0.07671539,-0.07822633,-0.07949574,-0.08050364,-0.08125404,-0.08172569,-0.08192381,-0.08182552,-0.08143701,-0.08073364,-0.07972394,-0.07838444,-0.0767316,-0.07475134,-0.0724801,-0.06992776,-0.06716783,-0.06425075,-0.06130298,-0.05842748,-0.05581168,-0.05361306,-0.05207695,-0.05140176,-0.05187224,-0.05367626,-0.05702255,-0.0618472,-0.06748641,-0.07174867,-0.07063091,-0.06003897,-0.04366655,-0.0271345,-0.01294384,-0.001707552
-0.0006208997,0.008654864,0.01678684,0.02403973,0.03047409,0.03592909,0.04041935,0.04392037,0.04633159,0.04810158,0.0494749,0.05061986,0.05156144,0.05231505,0.05285097,0.05316698,0.05323818,0.05306819,0.05264134,0.05196555,0.05103132,0.0498491,0.04841422,0.0467396,0.04482505,0.04268572,0.04032502,0.03775943,0.03499493,0.03204873,0.02892894,0.02565336,0.02223198,0.01868286,0.01501744,0.01125371,0.007404212,0.003486694,-0.0004854497,-0.004494958,-0.008527888,-0.01256772,-0.01660017,-0.02060957,-0.0245814,-0.02850096,-0.03235371,-0.03612616,-0.03980395,-0.04337505,-0.04682553,-0.05014485,-0.05331945,-0.05634024,-0.05919393,-0.0618728,-0.06436376,-0.06666046,-0.06875011,-0.0706281,-0.07228223,-0.07370955,-0.07489785,-0.07584495,-0.07653785,-0.07697498,-0.07714262,-0.07703994,-0.07665249,-0.07598057,-0.07501036,-0.07374665,-0.0721816,-0.07033242,-0.0682074,-0.06584896,-0.06329604,-0.06063133,-0.05793737,-0.05534634,-0.05298843,-0.05104334,-0.04968024,-0.04910883,-0.0495004,-0.0510368,-0.05377608,-0.05760072,-0.06208701,-0.06598726,-0.06645533,-0.06159057,-0.05112696,-0.03757464,-0.02381534,-0.01137559
-0.009762431,5.73582e-05,0.008917003,0.01684877,0.02384477,0.02982298,0.03468984,0.03840654,0.04129421,0.04351161,0.04531979,0.04682852,0.0481014,0.04913143,0.0499239,0.05045753,0.05073636,0.05074585,0.05049436,0.04997399,0.04919576,0.0481562,0.04686826,0.04533241,0.04356351,0.04156541,0.03935418,0.036936,0.0343276,0.03153716,0.02858195,0.02547182,0.02222421,0.01885021,0.01536725,0.01178758,0.008128472,0.004402939,0.0006277804,-0.003183506,-0.00701472,-0.01085201,-0.01467996,-0.01848462,-0.0222515,-0.02596658,-0.02961639,-0.03318712,-0.03666663,-0.04004152,-0.04330105,-0.0464322,-0.04942566,-0.05226897,-0.05495434,-0.05746968,-0.05980841,-0.06195857,-0.06391501,-0.06566636,-0.06720918,-0.06853258,-0.06963435,-0.07050326,-0.07113788,-0.07152636,-0.07166792,-0.07155015,-0.07117342,-0.07052565,-0.06961029,-0.06841855,-0.06696171,-0.06524123,-0.06328598,-0.06111925,-0.05880022,-0.05638578,-0.05397537,-0.05166606,-0.04959945,-0.04790876,-0.04676576,-0.04631454,-0.0467182,-0.04805499,-0.05034655,-0.05342477,-0.0567808,-0.05960296,-0.06091567,-0.05865039,-0.05240837,-0.04301329,-0.031883,-0.0205237
-0.01711263,-0.007967458,0.0006289087,0.008522443,0.01556175,0.0216109,0.02666388,0.03083138,0.03409659,0.03676508,0.03899652,0.04091316,0.04254878,0.04392666,0.04503383,0.04587446,0.04643425,0.04672022,0.04672464,0.04645815,0.04591808,0.04511738,0.04405712,0.04275198,0.04120601,0.03943521,0.03744608,0.0352554,0.0328714,0.03031114,0.0275842,0.02470786,0.02169293,0.01855678,0.01531116,0.01197322,0.008555362,0.005074417,0.001543291,-0.002021681,-0.005607359,-0.009198145,-0.01278083,-0.01634064,-0.01986442,-0.02333836,-0.02674955,-0.03008532,-0.03333311,-0.03648154,-0.0395186,-0.04243436,-0.04521743,-0.0478593,-0.05034915,-0.0526798,-0.05484085,-0.05682642,-0.05862653,-0.06023666,-0.06164737,-0.06285568,-0.06385247,-0.06463579,-0.06519622,-0.06553242,-0.06563462,-0.06550244,-0.06512628,-0.06450781,-0.06363942,-0.06252816,-0.06117318,-0.05959339,-0.05780276,-0.05584184,-0.05375005,-0.05160017,-0.04946524,-0.04745457,-0.0456739,-0.04426148,-0.04334025,-0.04305107,-0.04348533,-0.0447164,-0.04669172,-0.04920956,-0.05192424,-0.05416099,-0.05482435,-0.05368553,-0.05002501,-0.04378327,-0.03566352,-0.02650871
-0.02154384,-0.01386345,-0.006291581,0.0009042622,0.007532584,0.01344241,0.01851673,0.02269248,0.0262231,0.0291793,0.03172234,0.03393652,0.0358774,0.03754804,0.03895618,0.04008706,0.04094445,0.04151752,0.04181421,0.04182996,0.04157627,0.04105312,0.04027438,0.03924349,0.03797614,0.0364784,0.03476691,0.03284948,0.03074324,0.02845741,0.02600941,0.02340955,0.02067525,0.01781761,0.01485392,0.01179602,0.008660967,0.005461041,0.002212767,-0.001071382,-0.004375497,-0.007687025,-0.01099085,-0.01427457,-0.01752401,-0.020727,-0.0238704,-0.02694247,-0.02993136,-0.03282592,-0.03561562,-0.03828987,-0.04083956,-0.0432549,-0.04552831,-0.04765064,-0.04961555,-0.05141426,-0.05304167,-0.05448961,-0.05575443,-0.0568285,-0.05770938,-0.05838962,-0.0588677,-0.05913602,-0.05919385,-0.05903352,-0.05865588,-0.05805464,-0.05723442,-0.05619328,-0.05494381,-0.05349405,-0.0518722,-0.05010507,-0.0482456,-0.04634722,-0.04449337,-0.04276656,-0.04127825,-0.04013145,-0.03944844,-0.03932194,-0.03984043,-0.04100876,-0.04276649,-0.0449115,-0.04700297,-0.04856636,-0.04931769,-0.04836548,-0.0457501,-0.04154234,-0.03582592,-0.02901267
-0.02280126,-0.01668905,-0.01045522,-0.004325519,0.001465795,0.006734758,0.01140468,0.01552464,0.01900096,0.02201402,0.02465722,0.02701145,0.02910476,0.03095694,0.03255761,0.03390749,0.03499136,0.03581157,0.03635891,0.03664048,0.03665309,0.03640773,0.03590575,0.03516076,0.0341774,0.03297103,0.03154872,0.0299269,0.02811427,0.02612765,0.02397687,0.02167892,0.01924463,0.01669105,0.01402966,0.0112773,0.008445835,0.00555173,0.002607163,-0.0003719536,-0.003373426,-0.006382118,-0.009385987,-0.01237076,-0.01532469,-0.01823454,-0.02108903,-0.02387614,-0.02658513,-0.02920527,-0.03172654,-0.03413966,-0.03643542,-0.03860597,-0.04064284,-0.0425396,-0.04428849,-0.04588436,-0.04732,-0.04859148,-0.04969208,-0.05061923,-0.05136672,-0.05193314,-0.05231242,-0.05250401,-0.0525019,-0.05230678,-0.0519134,-0.05132499,-0.05053912,-0.04956477,-0.04840659,-0.04708466,-0.04561674,-0.04404109,-0.04239605,-0.04074505,-0.03915161,-0.03770502,-0.03648954,-0.03560913,-0.03514975,-0.03520076,-0.03580048,-0.03695971,-0.03858119,-0.04045385,-0.04230721,-0.04366099,-0.04385923,-0.04309685,-0.0411021,-0.03787426,-0.03363235,-0.02852626
-0.02195395,-0.01716572,-0.01218089,-0.007179745,-0.002316037,0.002262461,0.006421252,0.01004071,0.01328273,0.01614108,0.0186967,0.02100027,0.02308969,0.02496602,0.02663244,0.02807237,0.02928316,0.03024978,0.03097329,0.03144508,0.03167111,0.03164852,0.03138723,0.03088887,0.03016633,0.02922455,0.02807819,0.02673442,0.02520893,0.02351054,0.0216556,0.0196541,0.01752252,0.01527162,0.01291789,0.01047271,0.007952397,0.005368628,0.002737207,6.986507e-05,-0.00261824,-0.005315468,-0.008007498,-0.01068303,-0.01332874,-0.01593379,-0.01848598,-0.02097509,-0.02339028,-0.02572208,-0.02796101,-0.03009837,-0.03212609,-0.0340364,-0.03582279,-0.03747832,-0.03899782,-0.04037492,-0.04160571,-0.04268443,-0.04360846,-0.04437259,-0.04497537,-0.04541201,-0.04568217,-0.04578132,-0.0457102,-0.0454647,-0.04504742,-0.04445615,-0.04369764,-0.04277439,-0.04170094,-0.04048911,-0.03916704,-0.03776223,-0.0363226,-0.034896,-0.03355275,-0.03236047,-0.03140652,-0.03076715,-0.03052738,-0.03074072,-0.03144809,-0.03261385,-0.03414812,-0.03586127,-0.03739221,-0.03843576,-0.03888061,-0.03811076,-0.03633248,-0.03373126,-0.03036917,-0.02640698
-0.01974019,-0.01585884,-0.01184015,-0.007781046,-0.003820959,-8.016966e-05,0.003377876,0.006585834,0.009410431,0.0119548,0.01426333,0.01637906,0.01831674,0.02008857,0.021683,0.02309642,0.02431044,0.02532095,0.02611369,0.0266889,0.02703844,0.02716738,0.02707304,0.02676438,0.02624292,0.02552048,0.02460181,0.0235007,0.02222417,0.02078708,0.01919799,0.01747238,0.01562002,0.01365677,0.01159316,0.009444978,0.00722318,0.004943278,0.002616478,0.0002577863,-0.002121674,-0.004507689,-0.006889424,-0.009253578,-0.01158976,-0.0138858,-0.01613197,-0.01831734,-0.02043292,-0.02246914,-0.02441787,-0.02627107,-0.02802153,-0.02966264,-0.03118807,-0.03259266,-0.03387093,-0.03501912,-0.03603241,-0.03690822,-0.03764223,-0.03823308,-0.03867704,-0.03897393,-0.03912043,-0.03911746,-0.03896219,-0.03865706,-0.03820042,-0.03759748,-0.03684972,-0.03596809,-0.03496087,-0.03384909,-0.03265236,-0.03140666,-0.03014772,-0.0289306,-0.027809,-0.02685521,-0.02613431,-0.02572291,-0.0256775,-0.02605085,-0.026847,-0.02804429,-0.02953386,-0.03112684,-0.03262652,-0.03367353,-0.03379332,-0.03323577,-0.03179688,-0.02953149,-0.02668218,-0.02337372
-0.017077,-0.01383419,-0.01049615,-0.007154486,-0.003873014,-0.0007273934,0.002198669,0.004797508,0.007204273,0.009385987,0.011381,0.01321779,0.01492033,0.01648726,0.01791959,0.01920097,0.02032578,0.02127654,0.02204917,0.02263084,0.02302177,0.02321459,0.02321389,0.02301727,0.02263305,0.02206282,0.02131754,0.02040169,0.01932804,0.01810332,0.01674156,0.01525107,0.01364649,0.01193714,0.01013796,0.008259041,0.006315336,0.004317306,0.002279483,0.0002123611,-0.001870131,-0.003957668,-0.006037169,-0.008098763,-0.01013043,-0.01212289,-0.01406531,-0.01594918,-0.01776505,-0.01950535,-0.02116205,-0.02272844,-0.02419796,-0.0255649,-0.02682428,-0.02797134,-0.02900244,-0.02991352,-0.03070225,-0.03136528,-0.03190149,-0.03230807,-0.03258504,-0.03273008,-0.0327444,-0.03262625,-0.03237816,-0.03199919,-0.03149395,-0.03086366,-0.0301171,-0.02926009,-0.0283086,-0.02727677,-0.02619213,-0.02508154,-0.02398799,-0.02295323,-0.02203588,-0.02128994,-0.02078268,-0.02056821,-0.02070325,-0.0212132,-0.02210929,-0.0233363,-0.02479982,-0.02633776,-0.02765974,-0.02857123,-0.02903911,-0.02854539,-0.0272795,-0.02539644,-0.0229665,-0.0201587
-0.01415826,-0.01134871,-0.008496307,-0.00565979,-0.002924976,-0.0003540366,0.002029548,0.004280946,0.006274319,0.008088235,0.009751905,0.01129186,0.01271797,0.01404055,0.01525088,0.01634641,0.01731045,0.01813775,0.01881294,0.01933302,0.01968703,0.01987593,0.0198936,0.01974483,0.01942775,0.01895034,0.01831434,0.0175302,0.01660241,0.01554303,0.01435847,0.0130619,0.01166124,0.01017038,0.008598215,0.006958798,0.005261559,0.003520428,0.001745124,-5.084936e-05,-0.00185788,-0.003663234,-0.005457661,-0.007229365,-0.008969652,-0.0106679,-0.01231619,-0.0139052,-0.01542785,-0.01687624,-0.01824427,-0.01952558,-0.02071511,-0.02180797,-0.0228,-0.02368776,-0.02446804,-0.02513881,-0.02569763,-0.02614363,-0.02647493,-0.02669184,-0.02679306,-0.02678009,-0.02665212,-0.02641188,-0.02605934,-0.02559897,-0.02503217,-0.02436626,-0.02360575,-0.0227633,-0.0218496,-0.0208861,-0.0198929,-0.0189034,-0.01794988,-0.01707968,-0.01633708,-0.01577977,-0.01545633,-0.01542163,-0.01570957,-0.01634749,-0.0173184,-0.01858566,-0.02004395,-0.02153393,-0.02291846,-0.02391918,-0.02416847,-0.02392635,-0.02298846,-0.02137385,-0.01928186,-0.0168299
-0.01137286,-0.00895033,-0.006479413,-0.004043195,-0.001682618,0.0005559509,0.002620715,0.004422543,0.006093894,0.007602342,0.008972443,0.01022735,0.01138785,0.0124558,0.01343551,0.01431565,0.01509342,0.01575406,0.01629387,0.01670026,0.01697189,0.01710002,0.01708668,0.01692729,0.01662724,0.01618568,0.01561067,0.01490431,0.01407672,0.01313243,0.01208309,0.01093504,0.009700791,0.008387853,0.007009249,0.005573363,0.004093363,0.00257804,0.001040235,-0.0005112387,-0.002064112,-0.003609787,-0.005136856,-0.006637259,-0.008100691,-0.009519785,-0.01088546,-0.01219123,-0.01342946,-0.01459465,-0.01568064,-0.0166829,-0.01759675,-0.01841875,-0.01914578,-0.01977537,-0.02030577,-0.02073528,-0.02106343,-0.02128929,-0.02141362,-0.02143606,-0.02135842,-0.02118088,-0.02090648,-0.02053605,-0.02007407,-0.01952239,-0.01888769,-0.01817407,-0.01739212,-0.01655016,-0.0156651,-0.01475224,-0.01383804,-0.01294774,-0.01211945,-0.01138874,-0.01080382,-0.01040661,-0.0102478,-0.01036372,-0.01079,-0.01153261,-0.01258502,-0.01388449,-0.01534272,-0.01682614,-0.01809955,-0.01904226,-0.01966551,-0.01951174,-0.01874886,-0.01748366,-0.01574706,-0.01367753
-0.008624578,-0.006526545,-0.004392841,-0.002281162,-0.0002698547,0.001593051,0.003294612,0.004897601,0.006283393,0.007519363,0.008631234,0.0096399,0.01055611,0.01139254,0.0121462,0.01281938,0.01340085,0.01388875,0.01427093,0.01454569,0.01470323,0.01474418,0.01466217,0.01446065,0.01413667,0.01369636,0.01313994,0.01247587,0.01170692,0.01084319,0.009889355,0.008856677,0.007751371,0.006585486,0.005366246,0.00410592,0.002812257,0.001497435,0.0001694541,-0.001159924,-0.002482864,-0.003788398,-0.005069136,-0.006315094,-0.007519538,-0.008673716,-0.00977177,-0.01080631,-0.0117724,-0.01266408,-0.01347751,-0.0142083,-0.01485372,-0.01541086,-0.01587793,-0.01625348,-0.01653669,-0.01672751,-0.01682592,-0.01683304,-0.01674945,-0.01657741,-0.0163181,-0.01597492,-0.0155496,-0.01504678,-0.01446902,-0.01382279,-0.01311218,-0.01234639,-0.01153241,-0.0106842,-0.009814026,-0.008943188,-0.008091403,-0.007289172,-0.006564956,-0.005958908,-0.00550667,-0.005253486,-0.005234174,-0.005486596,-0.006027889,-0.006868167,-0.007978459,-0.009316819,-0.01078737,-0.01225848,-0.01363757,-0.01470058,-0.01514993,-0.01524894,-0.01479473,-0.01377776,-0.01234868,-0.01059096
-0.006155039,-0.004400603,-0.002585997,-0.0007911118,0.0009471767,0.002586931,0.004083448,0.005350009,0.006510226,0.007530598,0.00842638,0.009217627,0.009923603,0.01054942,0.0111033,0.01157967,0.01198039,0.01229565,0.01252507,0.01265918,0.01269837,0.01263545,0.01247288,0.01220647,0.01184117,0.01137573,0.01081724,0.01016695,0.009433694,0.008620877,0.00773873,0.006792276,0.005792534,0.004745592,0.003662908,0.002551348,0.001422462,0.0002834237,-0.0008545981,-0.001984511,-0.003095781,-0.00418164,-0.005232483,-0.006242194,-0.00720235,-0.008107642,-0.00895095,-0.009727943,-0.01043299,-0.01106287,-0.01161344,-0.01208251,-0.01246748,-0.01276729,-0.0129809,-0.01310826,-0.01314969,-0.01310593,-0.01297858,-0.01276916,-0.01248046,-0.01211463,-0.01167546,-0.01116562,-0.0105901,-0.009952244,-0.00925847,-0.00851317,-0.007724888,-0.006900137,-0.006051014,-0.005187657,-0.004327466,-0.003486155,-0.002688646,-0.001958041,-0.00132764,-0.0008270653,-0.0004953988,-0.000364125,-0.0004704532,-0.0008368348,-0.001483503,-0.002403581,-0.003580527,-0.0049507,-0.006435622,-0.007926441,-0.009229153,-0.01027313,-0.01109551,-0.01128184,-0.01098859,-0.01029111,-0.009189009,-0.007785584
-0.003825863,-0.002374651,-0.0008710772,0.0006341315,0.002068051,0.003387521,0.004579396,0.005703619,0.006641639,0.007448772,0.008145486,0.008746583,0.009261625,0.009703723,0.01007348,0.01037694,0.01060771,0.01076782,0.01084917,0.01085293,0.01077203,0.01060883,0.01035854,0.01002537,0.009607026,0.009109695,0.008533607,0.007886768,0.007171525,0.006397177,0.005567648,0.004693175,0.003778974,0.002835888,0.001869941,0.0008920493,-9.141752e-05,-0.00106976,-0.002036522,-0.00298154,-0.003898674,-0.004778665,-0.005615962,-0.006402396,-0.007133208,-0.007801563,-0.008403704,-0.008934236,-0.009390443,-0.009768424,-0.01006663,-0.01028278,-0.01041651,-0.01046703,-0.01043497,-0.01032099,-0.01012672,-0.009854226,-0.009505949,-0.009085103,-0.008594728,-0.008039146,-0.007421999,-0.006748697,-0.006023413,-0.005252732,-0.004441663,-0.003598506,-0.002729698,-0.001846044,-0.0009564609,-7.581764e-05,0.0007826911,0.001598346,0.002352389,0.003017385,0.003568789,0.003973017,0.004202104,0.004221283,0.004006898,0.0035342,0.002798109,0.001799844,0.0005744876,-0.0008358254,-0.002346118,-0.003848001,-0.005281325,-0.006458599,-0.007130892,-0.007561689,-0.007552092,-0.007077635,-0.006255209,-0.005139619
-0.001843252,-0.0007176107,0.0004826265,0.001687004,0.002865487,0.003980133,0.004989715,0.005807161,0.006546102,0.007169782,0.007684484,0.008105473,0.008448439,0.008718653,0.008925563,0.009066819,0.009147356,0.009161134,0.009110768,0.008989942,0.008801308,0.008539922,0.008209703,0.007807865,0.007340115,0.006805933,0.006212611,0.00556158,0.004861471,0.00411546,0.00333325,0.0025193,0.001683843,0.0008321273,-2.540042e-05,-0.0008829574,-0.001730196,-0.002561243,-0.003366308,-0.004139795,-0.0048727,-0.005559935,-0.006193567,-0.006769321,-0.007280574,-0.007724009,-0.008094416,-0.008389591,-0.008605909,-0.008742369,-0.008796911,-0.008769667,-0.008660136,-0.008469637,-0.008199258,-0.007851372,-0.007428415,-0.006933588,-0.006370583,-0.005743396,-0.00505689,-0.004315634,-0.003525476,-0.002691488,-0.001820622,-0.0009186058,6.298379e-06,0.0009474246,0.001894587,0.002839284,0.003768278,0.004670149,0.005527428,0.006324523,0.00703833,0.007648156,0.008125303,0.008445635,0.008578022,0.008499715,0.008184331,0.007620002,0.006797548,0.005732009,0.00444507,0.002997974,0.0014589,-8.328799e-05,-0.00146487,-0.00264989,-0.003690075,-0.004203217,-0.004340224,-0.004156366,-0.00363163,-0.002843042
-5.39166e-05,0.0007868911,0.001691102,0.002618034,0.003502873,0.004308499,0.005022818,0.005703294,0.006231851,0.006654444,0.006986472,0.007236797,0.007412202,0.007524176,0.007574233,0.007569844,0.007507301,0.007391015,0.007215735,0.006984843,0.006693649,0.006346185,0.005939386,0.005478587,0.004962618,0.004398277,0.003786386,0.003135155,0.002447094,0.00173136,0.0009916852,0.0002378659,-0.0005253833,-0.001287917,-0.002044494,-0.002785125,-0.003504474,-0.004192981,-0.004845454,-0.00545306,-0.006011129,-0.006511902,-0.006951491,-0.00732338,-0.007624643,-0.007850233,-0.007998382,-0.008065597,-0.008051281,-0.007953533,-0.007773028,-0.00750956,-0.007165047,-0.006740816,-0.006239839,-0.005664899,-0.005020014,-0.004309372,-0.003537817,-0.002710656,-0.001833334,-0.0009122122,4.668709e-05,0.001035981,0.002049166,0.003077784,0.004114602,0.005149639,0.006174457,0.00717695,0.008146714,0.009068366,0.009928258,0.01070658,0.01138589,0.01194183,0.01235365,0.01259368,0.01264062,0.01246841,0.01206227,0.01140743,0.01050731,0.009370411,0.008034361,0.006539072,0.004959205,0.003384575,0.001852029,0.0005243184,-0.0003850385,-0.001137531,-0.001538268,-0.0015561,-0.001285068,-0.000759514
0.001369544,0.001904927,0.002522137,0.003161104,0.003799542,0.004404753,0.004939714,0.005319109,0.005649672,0.005892807,0.006048584,0.006128227,0.006143836,0.006099542,0.006004442,0.005857459,0.005664933,0.005422997,0.005136098,0.004800034,0.004419085,0.003990017,0.003517976,0.003001409,0.002446826,0.00185449,0.001232118,0.0005815282,-8.855171e-05,-0.0007749033,-0.001468015,-0.002163693,-0.002852155,-0.003528698,-0.004183568,-0.00481179,-0.005403934,-0.005955179,-0.006456855,-0.006904644,-0.007290856,-0.007611886,-0.007861281,-0.008036437,-0.008132368,-0.008147595,-0.008078679,-0.007925399,-0.007686016,-0.007361643,-0.006952199,-0.006460025,-0.005886652,-0.005235678,-0.004510252,-0.003715076,-0.002854666,-0.001934585,-0.0009605986,6.093497e-05,0.001123118,0.002219039,0.003340875,0.004481257,0.005631351,0.006783225,0.007926903,0.009053705,0.01015204,0.01121178,0.01221887,0.01316104,0.01402109,0.01478389,0.01542833,0.01593619,0.01628307,0.01644977,0.01641199,0.01615419,0.01565859,0.01492129,0.01394099,0.01273772,0.01133549,0.009791829,0.008165566,0.006530019,0.005026696,0.003667068,0.00239214,0.001559302,0.001020019,0.0007332306,0.0007309373,0.0009550255
0.002598681,0.002868637,0.003207097,0.003582869,0.003939307,0.004245414,0.004491437,0.004733654,0.004856171,0.004899301,0.004875134,0.004788401,0.004643561,0.004450342,0.004210216,0.003931014,0.003610415,0.00325412,0.002858632,0.002428741,0.001961333,0.001461611,0.0009277296,0.0003658656,-0.0002243143,-0.0008354985,-0.001466383,-0.002108545,-0.002759309,-0.003409571,-0.004055719,-0.004688252,-0.005302843,-0.005889873,-0.006444739,-0.006958196,-0.007425787,-0.007838904,-0.008193459,-0.008481765,-0.008700468,-0.008843133,-0.008907379,-0.008888179,-0.00878429,-0.008592298,-0.008312276,-0.00794249,-0.007484328,-0.006937755,-0.006305551,-0.005589454,-0.004793563,-0.003921202,-0.002977589,-0.001967536,-0.0008973565,0.0002267221,0.001397543,0.002607784,0.003849696,0.005114947,0.006395244,0.007681316,0.008964465,0.01023449,0.01148213,0.0126959,0.01386565,0.01497824,0.01602213,0.01698171,0.01784324,0.01858804,0.01920013,0.01965818,0.01994497,0.02003809,0.01992191,0.01957758,0.01899732,0.01817393,0.01711677,0.01583898,0.01437878,0.01277303,0.01108753,0.009397659,0.007723664,0.006211619,0.005048113,0.003975362,0.003185346,0.002711115,0.002474904,0.002456883
0.003491076,0.003475192,0.003544041,0.003647073,0.003769003,0.003882302,0.003954057,0.003902105,0.003828649,0.003694515,0.003496265,0.003242535,0.002942868,0.00260037,0.002223569,0.001811984,0.00137267,0.0009031042,0.0004088795,-0.0001127964,-0.0006565595,-0.001224475,-0.001810561,-0.00241553,-0.003032327,-0.003660171,-0.004291079,-0.004923007,-0.00554721,-0.006160512,-0.006753609,-0.007322601,-0.007858124,-0.008355998,-0.008807097,-0.009207193,-0.009547678,-0.009824703,-0.0100306,-0.01016224,-0.01021309,-0.01018094,-0.01006067,-0.009851223,-0.009549108,-0.009154554,-0.008665752,-0.008084333,-0.007410307,-0.006646774,-0.005795495,-0.004860896,-0.003846419,-0.002757821,-0.001600212,-0.0003805197,0.0008947481,0.002217767,0.003580784,0.004975178,0.006392091,0.007822365,0.009256275,0.01068427,0.01209573,0.01348067,0.01482755,0.01612588,0.01736286,0.01852703,0.01960376,0.02058024,0.02143973,0.02216784,0.02274545,0.02315678,0.02338135,0.02340434,0.02320727,0.02278052,0.02211318,0.0212073,0.02006725,0.01871609,0.01717866,0.01550858,0.01375687,0.01198508,0.01031843,0.008750794,0.007220952,0.006066558,0.005139756,0.004410846,0.003919065,0.003620241
0.004229364,0.003965447,0.003772461,0.003627398,0.003481054,0.003307916,0.003100985,0.002915739,0.002639295,0.002308913,0.001934591,0.001518511,0.001063616,0.0005783546,6.406236e-05,-0.0004713028,-0.001029172,-0.00160299,-0.002195035,-0.002799529,-0.003418464,-0.004045806,-0.004682548,-0.005321936,-0.005963753,-0.006600375,-0.007230232,-0.007844832,-0.008441496,-0.009011265,-0.009550757,-0.01005082,-0.01050757,-0.01091193,-0.01125997,-0.01154314,-0.01175787,-0.01189644,-0.01195582,-0.0119294,-0.01181505,-0.01160758,-0.01130602,-0.01090671,-0.01040999,-0.009813954,-0.009120402,-0.008329232,-0.007443697,-0.006465506,-0.005399414,-0.004248981,-0.003020376,-0.001718805,-0.0003516429,0.00107436,0.002550679,0.004069136,0.005620349,0.007195047,0.008783253,0.01037472,0.01195897,0.01352491,0.01506176,0.01655767,0.0180015,0.01938042,0.02068275,0.02189452,0.02300329,0.02399346,0.02485138,0.02555963,0.02610372,0.02646522,0.02663012,0.02658064,0.02630598,0.02579325,0.02504022,0.02404551,0.02282265,0.02138785,0.01977895,0.01802989,0.01619927,0.01435153,0.01249524,0.01076539,0.009327214,0.007928094,0.006758468,0.005850381,0.005138467,0.004613331
0.004690421,0.004157774,0.003711191,0.003308515,0.002940433,0.002584147,0.002210383,0.001740834,0.001274499,0.0007720934,0.000228477,-0.0003493138,-0.0009534183,-0.001581443,-0.002225294,-0.002885062,-0.003553203,-0.004231264,-0.004912798,-0.005599539,-0.006285298,-0.006971264,-0.007650832,-0.008324112,-0.008983677,-0.00962843,-0.01025025,-0.01084704,-0.01141014,-0.01193654,-0.01241722,-0.01284868,-0.01322201,-0.01353362,-0.01377502,-0.01394277,-0.01402905,-0.01403098,-0.01394186,-0.01375969,-0.01347906,-0.01309905,-0.01261582,-0.01202975,-0.01133875,-0.01054467,-0.009647198,-0.008649726,-0.007553902,-0.006364693,-0.005085594,-0.003723006,-0.002282181,-0.0007709549,0.0008036786,0.002432637,0.004107489,0.005818214,0.007555125,0.009307384,0.01106421,0.01281424,0.01454588,0.01624746,0.01790665,0.01951148,0.02104894,0.02250688,0.02387142,0.02512992,0.02626739,0.02727063,0.02812354,0.02881251,0.02932043,0.02963378,0.0297357,0.02961516,0.02925872,0.02866159,0.02781842,0.02673583,0.02542237,0.02390298,0.02220273,0.02037174,0.01845487,0.01650501,0.01463545,0.01282721,0.01102052,0.009536726,0.008227764,0.007074051,0.006118976,0.005329014
0.005057199,0.004291003,0.003597591,0.002960777,0.002338013,0.001708543,0.001068239,0.0004717176,-0.0001905447,-0.0008826843,-0.001596212,-0.002330465,-0.003083467,-0.003847632,-0.004621733,-0.005397737,-0.006176419,-0.006950582,-0.007721563,-0.008482799,-0.009235401,-0.009972669,-0.01069494,-0.011395,-0.01207226,-0.01271886,-0.01333312,-0.01390655,-0.01443656,-0.01491443,-0.01533709,-0.01569576,-0.01598708,-0.01620254,-0.01633889,-0.01638832,-0.0163481,-0.01621139,-0.01597619,-0.01563691,-0.01519262,-0.01463926,-0.01397721,-0.0132041,-0.01232176,-0.01132968,-0.01023131,-0.009028072,-0.007724989,-0.006325413,-0.004835984,-0.003261995,-0.001611612,0.0001081257,0.00188774,0.003718578,0.005589951,0.007491752,0.009412386,0.01134064,0.01326431,0.01517124,0.01704877,0.018884,0.0206641,0.02237563,0.02400562,0.02553998,0.02696564,0.0282679,0.02943357,0.03044719,0.03129533,0.03196184,0.03243374,0.03269527,0.03273534,0.03254029,0.03210344,0.0314169,0.0304829,0.02930471,0.02789888,0.02628385,0.02449679,0.02256925,0.02055427,0.01850819,0.01643157,0.01445227,0.01271786,0.01098225,0.009435544,0.008106899,0.00694108,0.005936283
0.00521529,0.004194742,0.003261524,0.002380805,0.001548218,0.0007452421,-5.429042e-05,-0.0009243904,-0.001768546,-0.002626068,-0.003502602,-0.004392138,-0.005287917,-0.006188039,-0.00708473,-0.0079778,-0.008859345,-0.009730171,-0.01058316,-0.0114192,-0.01223143,-0.01302033,-0.01377878,-0.01450642,-0.01519552,-0.01584477,-0.01644597,-0.01699704,-0.01748943,-0.01792038,-0.01828118,-0.01856874,-0.01877464,-0.0188959,-0.01892463,-0.01885817,-0.01868949,-0.01841662,-0.01803377,-0.01754002,-0.01693101,-0.01620703,-0.01536542,-0.01440794,-0.01333379,-0.01214634,-0.01084671,-0.009439957,-0.007929276,-0.006321434,-0.004621581,-0.002838046,-0.0009778589,0.0009490873,0.002933925,0.004965421,0.007033215,0.009125072,0.01122933,0.0133329,0.01542303,0.0174861,0.01950864,0.02147684,0.02337662,0.02519409,0.02691477,0.02852489,0.0300096,0.03135519,0.03254638,0.03356972,0.03440983,0.03505391,0.03548678,0.03569707,0.0356712,0.0354015,0.03487892,0.03410273,0.03307223,0.0317976,0.03029078,0.02857793,0.02668432,0.0246572,0.02253688,0.02037007,0.01826129,0.01618216,0.01407707,0.01225327,0.01056208,0.008993627,0.007593313,0.006336058
0.005339338,0.004096884,0.00292957,0.001826751,0.0007518133,-0.0003119418,-0.001365774,-0.002356183,-0.003389145,-0.004429088,-0.005468793,-0.006508435,-0.007546649,-0.008576435,-0.009596642,-0.0105992,-0.0115844,-0.01254456,-0.01348027,-0.01438435,-0.01525718,-0.01609153,-0.01688717,-0.01763653,-0.01833869,-0.01898563,-0.01957558,-0.02010008,-0.02055668,-0.02093687,-0.0212379,-0.02145138,-0.02157444,-0.0215991,-0.02152277,-0.02133831,-0.0210438,-0.0206332,-0.02010548,-0.01945595,-0.0186848,-0.01778902,-0.01677026,-0.01562731,-0.01436342,-0.01297939,-0.01148024,-0.009868843,-0.008151937,-0.00633446,-0.004424912,-0.002430307,-0.0003608265,0.001774636,0.003964457,0.006198047,0.008462485,0.01074566,0.01303368,0.01531329,0.01756997,0.01978958,0.02195721,0.02405811,0.02607736,0.0279999,0.02981094,0.03149519,0.03303822,0.0344247,0.03564081,0.0366713,0.03750302,0.03812114,0.03851413,0.03866879,0.03857666,0.03822781,0.03761914,0.03674714,0.03561772,0.03423806,0.03262709,0.03080509,0.02880864,0.02666762,0.02443105,0.02214937,0.01981794,0.01756024,0.01550866,0.01342493,0.01149971,0.009757949,0.008153251,0.006689324
0.005316486,0.003831511,0.0024358,0.001100905,-0.0001735649,-0.001402284,-0.002608845,-0.003862633,-0.005069304,-0.006268247,-0.007464767,-0.008653541,-0.009828522,-0.01098815,-0.01212489,-0.01323834,-0.01432035,-0.01537115,-0.01638311,-0.01735644,-0.01828373,-0.01916488,-0.01999234,-0.02076533,-0.02147588,-0.02212248,-0.02269687,-0.02319698,-0.02361439,-0.02394654,-0.024185,-0.02432705,-0.0243647,-0.02429548,-0.0241121,-0.02381254,-0.02339047,-0.02284475,-0.02217039,-0.02136745,-0.02043248,-0.01936693,-0.01816916,-0.01684226,-0.01538662,-0.01380705,-0.01210607,-0.01029034,-0.008364588,-0.006337371,-0.004215515,-0.00200933,0.0002723126,0.002617377,0.005015036,0.007451799,0.009915261,0.01239083,0.01486473,0.01732147,0.01974621,0.02212298,0.02443634,0.02667021,0.02880877,0.03083611,0.03273634,0.03449409,0.03609358,0.03752014,0.0387583,0.03979447,0.04061401,0.04120501,0.04155422,0.04165226,0.04148865,0.04105876,0.04035749,0.03938764,0.03815254,0.0366654,0.03494103,0.03300666,0.03088793,0.02863002,0.02627004,0.02385052,0.02146952,0.01909181,0.016668,0.01449246,0.01241592,0.01043812,0.008604893,0.006898102
0.005307564,0.003609687,0.001990314,0.0004431812,-0.00106303,-0.002541634,-0.003991092,-0.00535941,-0.006748834,-0.008123362,-0.009476992,-0.01081025,-0.01212214,-0.01340605,-0.01466087,-0.01587852,-0.01705893,-0.01819404,-0.01928388,-0.02032075,-0.02130446,-0.02222731,-0.02308861,-0.02388046,-0.02460164,-0.02524398,-0.0258056,-0.02627805,-0.02665899,-0.02694003,-0.02711869,-0.02718688,-0.02714214,-0.02697689,-0.0266891,-0.02627218,-0.0257249,-0.02504189,-0.02422295,-0.0232642,-0.02216681,-0.02092872,-0.01955274,-0.01803876,-0.01639139,-0.01461271,-0.01270927,-0.01068541,-0.008549621,-0.006308471,-0.003972414,-0.0015503,0.000945539,0.003504217,0.006111811,0.008755627,0.01142032,0.0140916,0.01675308,0.0193893,0.02198326,0.02451872,0.02697839,0.02934562,0.03160331,0.03373475,0.03572339,0.03755274,0.03920712,0.04067069,0.04192909,0.04296741,0.04377288,0.04433206,0.04463485,0.04467056,0.04443324,0.0439164,0.04312021,0.04204508,0.04070016,0.0390961,0.0372539,0.03519563,0.03295753,0.03056862,0.02807515,0.02552341,0.02290573,0.02034307,0.01795427,0.01551027,0.01320267,0.01105123,0.009017708,0.007109713
0.00519696,0.003266068,0.001427361,-0.0003420342,-0.002039436,-0.003676083,-0.005273497,-0.006896168,-0.008451905,-0.00998024,-0.01148552,-0.01296291,-0.01440681,-0.01581587,-0.01718272,-0.0185068,-0.01977975,-0.0210014,-0.02216368,-0.02326628,-0.02430131,-0.02526818,-0.02615894,-0.02697245,-0.02770048,-0.02834132,-0.02888659,-0.02933419,-0.02967572,-0.02990874,-0.03002498,-0.03002201,-0.02989208,-0.02963316,-0.02923833,-0.02870614,-0.02803076,-0.02721176,-0.02624482,-0.02513084,-0.02386721,-0.02245638,-0.02089776,-0.01919565,-0.01735165,-0.01537205,-0.01326076,-0.01102616,-0.008674592,-0.006216542,-0.003660682,-0.001019495,0.00169611,0.004471743,0.007294403,0.01014811,0.01301818,0.01588743,0.01873977,0.02155711,0.02432238,0.02701711,0.02962378,0.03212402,0.03450019,0.03673439,0.03880936,0.04070822,0.04241442,0.04391243,0.04518677,0.04622383,0.04700989,0.04753399,0.04778487,0.04775513,0.0474373,0.04682959,0.04593059,0.0447463,0.04328375,0.04155882,0.03958906,0.03740274,0.03502624,0.0325034,0.02986929,0.02716379,0.02448019,0.0217783,0.01901661,0.01647698,0.01400996,0.01162488,0.009366682,0.007223193
0.005128579,0.002991429,0.0009373372,-0.001036621,-0.002957015,-0.004834414,-0.006664604,-0.00839757,-0.01013158,-0.01182978,-0.01348744,-0.01510504,-0.01668182,-0.01821137,-0.01969259,-0.0211174,-0.0224854,-0.02378827,-0.02502556,-0.02618914,-0.02727834,-0.028285,-0.02920801,-0.03003914,-0.03077685,-0.03141275,-0.03194477,-0.03236439,-0.03266923,-0.03285093,-0.03290712,-0.03282983,-0.03261685,-0.03226086,-0.03176022,-0.0311087,-0.03030564,-0.02934619,-0.02823086,-0.02695647,-0.02552513,-0.02393567,-0.02219204,-0.02029529,-0.01825141,-0.01606387,-0.01374088,-0.01128841,-0.008716876,-0.006034723,-0.003254602,-0.0003874631,0.002551946,0.005550478,0.008591638,0.01166035,0.0147386,0.01780964,0.02085439,0.02385504,0.02679196,0.0296467,0.03239954,0.03503187,0.03752445,0.03985903,0.04201735,0.04398192,0.04573598,0.04726338,0.0485494,0.04957967,0.05034199,0.05082444,0.05101847,0.0509159,0.05051321,0.04980729,0.04880131,0.04749939,0.04591364,0.04405794,0.04195527,0.03962954,0.03711702,0.03444657,0.03166267,0.02880887,0.02587605,0.02298393,0.02023881,0.01742232,0.01472684,0.01216629,0.009710208,0.007368818
0.004981776,0.002619191,0.0003527329,-0.001835563,-0.003940776,-0.005971068,-0.007946356,-0.009925989,-0.01182017,-0.01366856,-0.0154741,-0.01723237,-0.01893796,-0.02058964,-0.02218013,-0.02370869,-0.02516684,-0.02655398,-0.02786172,-0.02908923,-0.03022822,-0.03127758,-0.03222898,-0.03308085,-0.03382463,-0.03445831,-0.0349733,-0.03536731,-0.03563181,-0.03576432,-0.03575654,-0.03560613,-0.03530544,-0.03485267,-0.03424112,-0.03346974,-0.03253312,-0.0314314,-0.03016085,-0.02872318,-0.02711661,-0.02534466,-0.02340782,-0.02131175,-0.01905941,-0.01665875,-0.01411532,-0.01143945,-0.008639393,-0.00572789,-0.002715781,0.0003819601,0.00355206,0.006777468,0.0100427,0.01332901,0.01661917,0.01989317,0.02313246,0.02631621,0.02942504,0.03243794,0.03533532,0.03809655,0.04070229,0.04313284,0.04536972,0.04739481,0.04919101,0.0507422,0.05203316,0.05305046,0.05378158,0.05421666,0.05434654,0.05416588,0.0536702,0.05286045,0.05173874,0.05031407,0.04859694,0.04660575,0.04436069,0.04189116,0.03922467,0.03640425,0.03346394,0.03044211,0.02742835,0.02437916,0.021262,0.01834607,0.01548245,0.01269001,0.01001167,0.007440549
0.004882045,0.002318092,-0.0001571503,-0.002544177,-0.004865254,-0.007128785,-0.009328024,-0.01141545,-0.01348498,-0.01549879,-0.01745344,-0.01934909,-0.02118506,-0.02295501,-0.02465778,-0.02628523,-0.02783667,-0.0293035,-0.03068478,-0.03197202,-0.03316395,-0.03425201,-0.03523457,-0.03610296,-0.03685521,-0.03748257,-0.03798265,-0.03834665,-0.03857197,-0.0386501,-0.03857856,-0.03834934,-0.03796028,-0.03740418,-0.03667964,-0.03578072,-0.03470722,-0.03345479,-0.03202466,-0.03041441,-0.02862716,-0.0266628,-0.02452663,-0.02222104,-0.01975371,-0.01712978,-0.01435948,-0.01145073,-0.008416277,-0.005266814,-0.002017573,0.001318033,0.004722501,0.008180098,0.01167146,0.01517888,0.01868142,0.02215978,0.02559206,0.02895804,0.0322355,0.03540381,0.03844094,0.04132647,0.04403928,0.0465598,0.04886838,0.05094684,0.05277764,0.05434467,0.05563315,0.05662958,0.05732254,0.05770187,0.05776067,0.05749339,0.05689891,0.0559774,0.05473489,0.05317904,0.05132468,0.04918879,0.0467962,0.04417282,0.04135516,0.03837252,0.03526837,0.03208447,0.02881156,0.02556873,0.02245049,0.01925064,0.01616165,0.01319133,0.01031675,0.007549715
0.004703426,0.001920569,-0.0007614177,-0.003356136,-0.005857152,-0.008269842,-0.01061291,-0.01294031,-0.01516507,-0.01732685,-0.01942683,-0.02146095,-0.0234238,-0.02531416,-0.02712471,-0.02885447,-0.03049477,-0.03204456,-0.03349506,-0.0348449,-0.03608529,-0.03721451,-0.03822372,-0.03911078,-0.03986666,-0.04048886,-0.04096838,-0.04130252,-0.04148246,-0.04150544,-0.041363,-0.04105268,-0.04056684,-0.03990375,-0.03905692,-0.03802567,-0.03680501,-0.03539574,-0.03379485,-0.03200505,-0.03002559,-0.02786136,-0.02551423,-0.02299158,-0.02029813,-0.01744387,-0.01443643,-0.01128853,-0.008010781,-0.004618584,-0.001125355,0.002451084,0.006094768,0.009785705,0.01350569,0.01723301,0.02094777,0.02462712,0.02825003,0.03179305,0.03523457,0.03855127,0.04172171,0.0447233,0.04753536,0.05013673,0.05250816,0.05463064,0.05648695,0.05806075,0.05933743,0.06030414,0.06094974,0.06126575,0.06124525,0.06088499,0.06018346,0.05914424,0.05777283,0.05608097,0.05408245,0.05179795,0.04925023,0.04646983,0.04348564,0.04034027,0.03706742,0.03370471,0.03033874,0.02692401,0.02343774,0.02013575,0.01687086,0.0136711,0.01057653,0.007585049
0.004553723,0.001573877,-0.001310888,-0.004099384,-0.006809911,-0.009449184,-0.01200808,-0.01444202,-0.01684012,-0.01916361,-0.02141031,-0.02357981,-0.02567135,-0.02767849,-0.02959986,-0.03142717,-0.03315929,-0.03478727,-0.03630957,-0.03771717,-0.03900814,-0.04017331,-0.04121036,-0.04211003,-0.04286969,-0.04348006,-0.04393817,-0.04423479,-0.0443669,-0.04432568,-0.04410839,-0.04370692,-0.0431191,-0.04233785,-0.04136204,-0.04018616,-0.03881058,-0.03723171,-0.03545176,-0.0334694,-0.03128912,-0.0289123,-0.02634599,-0.02359445,-0.02066749,-0.01757244,-0.01432198,-0.01092654,-0.007401587,-0.003760512,-2.147281e-05,0.00379933,0.007681399,0.01160621,0.0155514,0.01949655,0.02341788,0.02729357,0.03109912,0.0348121,0.03840797,0.04186429,0.04515712,0.04826466,0.05116437,0.05383584,0.05625854,0.05841408,0.06028462,0.06185448,0.06310928,0.06403667,0.06462633,0.06487004,0.06476267,0.06430132,0.0634872,0.06232362,0.06081923,0.05898497,0.05683812,0.05439851,0.05169266,0.0487484,0.04560263,0.04228542,0.03883966,0.03530598,0.03167595,0.02806813,0.02456581,0.02097649,0.01749152,0.01411264,0.01082436,0.00763918
0.004303645,0.001111985,-0.001973771,-0.004963261,-0.007849111,-0.01063412,-0.01333603,-0.01600315,-0.01855182,-0.02102138,-0.02341099,-0.02571684,-0.0279333,-0.03005895,-0.03208626,-0.03401379,-0.03583254,-0.03754081,-0.03912931,-0.04059585,-0.04193102,-0.04313227,-0.04419006,-0.04510143,-0.04585671,-0.04645268,-0.04687976,-0.0471347,-0.04720826,-0.04709731,-0.0467932,-0.04629337,-0.04559028,-0.04468242,-0.04356373,-0.0422341,-0.04068935,-0.03893127,-0.03695804,-0.03477378,-0.03237936,-0.02978149,-0.02698405,-0.02399662,-0.02082625,-0.01748551,-0.0139846,-0.0103391,-0.006562372,-0.002672825,0.001313263,0.005375036,0.009493689,0.01364625,0.0178118,0.0219658,0.02608588,0.03014663,0.03412487,0.03799492,0.04173343,0.04531524,0.04871761,0.0519166,0.05489074,0.05761803,0.06007899,0.06225429,0.06412707,0.06568128,0.06690329,0.06778117,0.06830543,0.0684691,0.06826757,0.06769964,0.06676664,0.06547455,0.06383195,0.06185298,0.05955436,0.05695874,0.05409117,0.0509832,0.04766508,0.04417918,0.04055919,0.03684251,0.03311297,0.02932429,0.02546373,0.02177284,0.01810763,0.01450468,0.01100057,0.007597663
0.004046519,0.000663792,-0.002617431,-0.005794808,-0.008882881,-0.01188701,-0.0147958,-0.01756797,-0.02028714,-0.02291378,-0.02544685,-0.02788501,-0.03022718,-0.03246659,-0.03460139,-0.03662293,-0.03852933,-0.04031109,-0.04196582,-0.04348378,-0.04486207,-0.04609077,-0.04716658,-0.04807951,-0.04882605,-0.04939627,-0.0497865,-0.04998703,-0.04999439,-0.04979951,-0.04939952,-0.04878639,-0.04795817,-0.04690824,-0.04563612,-0.04413715,-0.0424128,-0.04046074,-0.03828472,-0.03588514,-0.03326845,-0.03043814,-0.02740361,-0.02417157,-0.0207545,-0.01716243,-0.01341094,-0.009513338,-0.00548811,-0.001351576,0.002875072,0.007172792,0.01151815,0.01588994,0.02026307,0.0246147,0.02891859,0.0331509,0.03728504,0.04129696,0.04516042,0.04885183,0.05234599,0.05562047,0.05865195,0.06141988,0.06390347,0.06608467,0.06794588,0.06947236,0.07065046,0.0714693,0.07191987,0.07199595,0.07169421,0.07101422,0.06995932,0.06853563,0.06675404,0.0646283,0.06217771,0.05942451,0.05639652,0.05312327,0.04964187,0.04598323,0.04218984,0.0383015,0.03431126,0.0303368,0.02645081,0.02247584,0.01860052,0.01482099,0.01112903,0.007537198
0.003654511,7.003183e-05,-0.00340392,-0.006773272,-0.01003008,-0.01317466,-0.01622381,-0.01921989,-0.02208307,-0.02485173,-0.0275228,-0.03009249,-0.03255463,-0.03490724,-0.03714231,-0.0392576,-0.04124352,-0.04309737,-0.04480912,-0.04637549,-0.04778625,-0.04903774,-0.0501196,-0.05102789,-0.05175224,-0.05228859,-0.05262691,-0.05276338,-0.05268857,-0.05239917,-0.05188668,-0.05114878,-0.05017849,-0.04897502,-0.04753328,-0.04585437,-0.04393553,-0.0417802,-0.03938844,-0.03676648,-0.03391743,-0.03085049,-0.0275721,-0.02409461,-0.02042788,-0.01658742,-0.01258639,-0.008443378,-0.004174709,0.0001982252,0.004656328,0.009175897,0.01373553,0.01830964,0.02287502,0.02740487,0.03187491,0.03625785,0.04052905,0.04466137,0.04863046,0.05241014,0.05597714,0.05930698,0.06237811,0.06516842,0.06765883,0.06983031,0.07166687,0.07315315,0.0742769,0.07502728,0.07539662,0.07537942,0.07497331,0.07417889,0.07299999,0.07144458,0.0695238,0.06725366,0.06465323,0.06174657,0.05856058,0.05512737,0.05147839,0.04765555,0.04369266,0.039627,0.03553962,0.0313845,0.02715882,0.02308877,0.0190354,0.0150428,0.0111438,0.007344994
0.003212058,-0.0005531663,-0.004211177,-0.00775875,-0.01120673,-0.01455923,-0.01780263,-0.02089902,-0.02392571,-0.02684264,-0.02964948,-0.03234357,-0.03492318,-0.03738081,-0.03971373,-0.0419126,-0.04397447,-0.045889,-0.04765262,-0.04925469,-0.05069113,-0.05195115,-0.05303037,-0.05391808,-0.05460989,-0.0550954,-0.05537039,-0.055425,-0.0552556,-0.05485339,-0.0542158,-0.05333549,-0.05221134,-0.05083791,-0.049216,-0.04734261,-0.04522095,-0.04285077,-0.04023804,-0.03738559,-0.03430244,-0.0309948,-0.02747489,-0.02375232,-0.01984253,-0.01575854,-0.01151894,-0.00713993,-0.002642929,0.001952995,0.006623944,0.0113484,0.01610053,0.02085698,0.02559062,0.03027689,0.03488793,0.03939867,0.04378131,0.04801102,0.05206082,0.05590676,0.05952334,0.06288824,0.0659782,0.06877319,0.07125282,0.07339994,0.0751977,0.07663259,0.07769203,0.07836673,0.07864901,0.07853457,0.07802165,0.07711197,0.07581053,0.07412574,0.07207012,0.06965958,0.06691475,0.06385963,0.06052275,0.05693485,0.05313283,0.04914826,0.04502306,0.04079624,0.03646276,0.03213866,0.02788666,0.02354557,0.01929933,0.01513944,0.01106459,0.007087104
0.002599707,-0.001351097,-0.005187781,-0.00891267,-0.01251735,-0.01599958,-0.019375,-0.02267968,-0.02583794,-0.02888632,-0.03181929,-0.03463268,-0.03731935,-0.03987636,-0.04229483,-0.04457131,-0.04669534,-0.04866294,-0.05046313,-0.05209139,-0.05353659,-0.05479395,-0.05585241,-0.05670715,-0.05734737,-0.05776852,-0.0579605,-0.05791942,-0.05763625,-0.05710811,-0.05632737,-0.05529268,-0.05399843,-0.05244528,-0.05062998,-0.04855553,-0.04622145,-0.0436335,-0.04079435,-0.03771285,-0.03439498,-0.03085278,-0.02709566,-0.02313893,-0.01899542,-0.01468356,-0.01021939,-0.005624258,-0.000917138,0.003878062,0.00873994,0.01364261,0.01856275,0.02347301,0.0283487,0.03316169,0.03788672,0.04249561,0.04696319,0.05126188,0.05536724,0.05925303,0.06289632,0.06627291,0.06936193,0.07214186,0.07459457,0.07670188,0.07844901,0.07982167,0.08080905,0.08140154,0.08159313,0.0813797,0.08076065,0.07973806,0.07831766,0.07650878,0.07432441,0.07178168,0.06890123,0.06570783,0.06222945,0.05849825,0.05454632,0.05041478,0.04613736,0.04175109,0.03733392,0.03284112,0.02827912,0.02385779,0.01944517,0.01509154,0.01082606,0.006659308
0.001900489,-0.002212829,-0.006214426,-0.01010019,-0.01387717,-0.0175481,-0.02109706,-0.02448933,-0.02779497,-0.03097356,-0.03402486,-0.03694448,-0.03972952,-0.04237143,-0.04486619,-0.04720347,-0.04937895,-0.05138136,-0.05320578,-0.05484075,-0.05628105,-0.05751523,-0.0585381,-0.05933863,-0.059912,-0.0602479,-0.06034217,-0.06018555,-0.05977498,-0.05910275,-0.05816741,-0.05696322,-0.05549068,-0.05374638,-0.05173321,-0.04945059,-0.04690418,-0.04409646,-0.04103611,-0.03772888,-0.03418667,-0.03041866,-0.02643998,-0.02226317,-0.01790648,-0.01338569,-0.008721971,-0.003934021,0.0009544568,0.005922296,0.01094369,0.01599548,0.02105034,0.02608375,0.03106754,0.03597647,0.04078214,0.04545924,0.04997985,0.05431933,0.05845094,0.06235132,0.06599551,0.06936207,0.07242851,0.07517592,0.07758486,0.07963946,0.08132394,0.08262619,0.08353478,0.08404192,0.08414114,0.08382969,0.08310699,0.08197632,0.0804438,0.07851931,0.07621628,0.07355191,0.07054735,0.06722751,0.0636209,0.05975875,0.05567722,0.05140808,0.04699232,0.04246801,0.03783219,0.0331982,0.0286196,0.02395233,0.01937353,0.01487139,0.01045099,0.006124404
0.001011522,-0.00326146,-0.007417867,-0.0114564,-0.01536801,-0.01914773,-0.02280956,-0.02638287,-0.02979635,-0.03308362,-0.03623652,-0.03925001,-0.04211562,-0.04482905,-0.04738029,-0.04976447,-0.05197016,-0.05399209,-0.05581844,-0.05744363,-0.05885599,-0.06005,-0.06101444,-0.06174419,-0.06222876,-0.06246381,-0.06244006,-0.06215439,-0.06159907,-0.06077253,-0.05966897,-0.05828885,-0.05662879,-0.05469165,-0.05247677,-0.0499897,-0.04723277,-0.04421451,-0.04094055,-0.03742257,-0.03366951,-0.02969621,-0.02551494,-0.02114364,-0.01659775,-0.01189807,-0.007062922,-0.002115679,0.002922843,0.008027147,0.01317445,0.01833774,0.02349281,0.02861163,0.03366917,0.03863707,0.04349018,0.04820053,0.05274343,0.05709187,0.06122225,0.06510918,0.06873079,0.07206392,0.07508898,0.07778553,0.08013685,0.08212586,0.08373922,0.08496376,0.08579009,0.08620965,0.08621781,0.0858114,0.08499115,0.08375995,0.08212472,0.08009541,0.07768596,0.07491381,0.07180024,0.06836988,0.06465099,0.06067504,0.05647413,0.05208806,0.04755012,0.0428968,0.03820246,0.03342465,0.02857794,0.02385518,0.01913334,0.01446733,0.009883059,0.005394854
2.215471e-05,-0.004383423,-0.008673781,-0.01284364,-0.01689613,-0.02083223,-0.02463363,-0.02826835,-0.03179833,-0.035183,-0.03842153,-0.04150748,-0.0444365,-0.04719876,-0.0497888,-0.05219531,-0.05441267,-0.0564289,-0.05823809,-0.05982839,-0.06119397,-0.06232345,-0.0632115,-0.06384765,-0.06422748,-0.06434173,-0.06418723,-0.06375627,-0.0630473,-0.06205466,-0.06077883,-0.05921654,-0.05737056,-0.05524025,-0.05283106,-0.05014532,-0.04719141,-0.04397479,-0.04050689,-0.03679636,-0.03285775,-0.02870296,-0.02434953,-0.01981244,-0.01511204,-0.01026614,-0.005297649,-0.0002268137,0.004921406,0.01012477,0.0153567,0.02059348,0.0258075,0.03097417,0.03606551,0.04105667,0.04591982,0.05063045,0.05516153,0.05948953,0.06358884,0.0674374,0.07101155,0.07429128,0.07725543,0.07988653,0.08216644,0.08408073,0.08561478,0.08675785,0.0874995,0.08783319,0.08775325,0.08725806,0.08634762,0.0850261,0.08329999,0.08117983,0.0786791,0.07581537,0.07260947,0.06908631,0.06527361,0.06120227,0.05690714,0.05241964,0.04777937,0.0430232,0.03815028,0.03327003,0.02842793,0.02349739,0.01864688,0.01386272,0.0091558,0.00453812
-0.001146313,-0.00567238,-0.01007988,-0.01436383,-0.0185142,-0.02252314,-0.02640236,-0.0301744,-0.03377232,-0.03722594,-0.04052446,-0.04366172,-0.04662781,-0.04941701,-0.0520183,-0.05442559,-0.05662685,-0.05861592,-0.06038083,-0.06191555,-0.0632087,-0.06425485,-0.06504358,-0.06557041,-0.06582619,-0.06580776,-0.06550764,-0.06492439,-0.06405254,-0.06289261,-0.0614414,-0.05970175,-0.05767312,-0.05536094,-0.0527675,-0.049901,-0.0467667,-0.04337576,-0.03973659,-0.03586332,-0.03176744,-0.02746597,-0.02297336,-0.01830937,-0.0134912,-0.008541052,-0.003478493,0.001672195,0.006889443,0.01214737,0.01742294,0.02268926,0.02792235,0.03309475,0.03818212,0.04315706,0.04799546,0.05267062,0.05715919,0.0614356,0.06547778,0.06926189,0.07276769,0.07597353,0.07886142,0.08141237,0.08361113,0.08544192,0.08689269,0.08795134,0.08860958,0.08885965,0.0886978,0.08812133,0.08713162,0.08573174,0.08392898,0.08173313,0.0791582,0.07622109,0.07294282,0.06934708,0.06546158,0.06131644,0.05694308,0.05237949,0.04765812,0.04281454,0.03791905,0.03293237,0.02787592,0.02292516,0.01796772,0.01306157,0.008230021,0.003490888
-0.002392567,-0.007006535,-0.01150184,-0.01587169,-0.02011515,-0.02423109,-0.02819889,-0.03198887,-0.03565424,-0.03915476,-0.04248855,-0.04564723,-0.04862506,-0.05141117,-0.05399901,-0.05637682,-0.05853821,-0.06047128,-0.06216988,-0.06362272,-0.06482429,-0.0657643,-0.0664383,-0.06683741,-0.06695858,-0.06679465,-0.06634423,-0.0656021,-0.06456888,-0.06324162,-0.06162326,-0.05971336,-0.05751729,-0.05503728,-0.05228137,-0.04925469,-0.04596808,-0.04242963,-0.03865298,-0.03464912,-0.03043449,-0.02602293,-0.02143346,-0.01668254,-0.01179156,-0.006779284,-0.001669136,0.003518185,0.008757707,0.01402727,0.01930077,0.02455506,0.02976343,0.03490231,0.03994498,0.04486795,0.04964494,0.05425305,0.058667,0.06286497,0.06682319,0.07052138,0.07393764,0.07705367,0.07984995,0.08231058,0.08441879,0.08616151,0.08752524,0.08850029,0.08907701,0.0892496,0.08901284,0.08836554,0.08730777,0.08584382,0.08397984,0.08172619,0.07909565,0.07610526,0.07277478,0.06912826,0.06519199,0.0609958,0.0565727,0.05195323,0.04717522,0.04227406,0.03725106,0.03221051,0.02719103,0.02208357,0.01704621,0.01206506,0.007156056,0.002331558
-0.003767424,-0.008447384,-0.01300601,-0.01743472,-0.02172222,-0.02585775,-0.02985036,-0.03371589,-0.03739208,-0.04090442,-0.04423998,-0.0473916,-0.05034839,-0.05310364,-0.05564601,-0.05796887,-0.06006046,-0.06191465,-0.06352029,-0.06487192,-0.06595955,-0.06677884,-0.06732123,-0.06758381,-0.0675597,-0.06724773,-0.06664302,-0.06574637,-0.06455509,-0.06307215,-0.06129722,-0.05923561,-0.0568896,-0.05426705,-0.05137292,-0.04821763,-0.0448089,-0.04115983,-0.03728091,-0.03318787,-0.02889384,-0.024417,-0.01977297,-0.01498219,-0.0100625,-0.005036273,7.679738e-05,0.005252779,0.0104705,0.01570489,0.02093381,0.02613158,0.03127551,0.03633975,0.04130155,0.04613538,0.05081897,0.05532762,0.05963993,0.06373237,0.06758486,0.07117552,0.07448599,0.07749641,0.08019046,0.08255069,0.08456326,0.08621357,0.08749068,0.08838326,0.08888377,0.08898485,0.08868305,0.0879757,0.08686411,0.08535092,0.08344305,0.08114943,0.07848332,0.07546039,0.07210059,0.06842607,0.06446321,0.06024029,0.0557875,0.05114061,0.0463309,0.04139275,0.03639204,0.03129353,0.02612407,0.02104179,0.01594649,0.01089763,0.005916775,0.001024877
-0.005157327,-0.009864996,-0.01444944,-0.01890212,-0.02321824,-0.02739443,-0.03140822,-0.03523202,-0.03891042,-0.04240431,-0.04571088,-0.04882046,-0.0517265,-0.05441793,-0.05688789,-0.05912513,-0.06112352,-0.06287226,-0.06436603,-0.06559517,-0.06655551,-0.06723886,-0.06764251,-0.06776003,-0.06759047,-0.06712933,-0.06637753,-0.06533267,-0.06399773,-0.06237262,-0.0604626,-0.05826996,-0.05580226,-0.05306425,-0.05006595,-0.04681471,-0.04332301,-0.03960077,-0.03566289,-0.03152174,-0.02719454,-0.02269603,-0.01804554,-0.01325988,-0.008360241,-0.00336523,0.001702426,0.006822711,0.0119718,0.01712868,0.0222688,0.02737053,0.03240907,0.03736268,0.04220677,0.04691989,0.05147802,0.0558604,0.06004402,0.06400921,0.06773436,0.0712012,0.07438982,0.07728372,0.07986503,0.08211938,0.0840313,0.08558885,0.08677944,0.08759407,0.08802355,0.08806238,0.08770531,0.08695101,0.08579909,0.08425328,0.08231882,0.08000515,0.07732372,0.07429035,0.07092312,0.06724457,0.06327903,0.05905474,0.0546025,0.04995162,0.04513788,0.04019507,0.03512669,0.03003089,0.0249408,0.01976463,0.0146488,0.00958073,0.00458061,-0.000338385
-0.006588112,-0.01129314,-0.01587234,-0.02031392,-0.02460536,-0.02873347,-0.03270459,-0.03652871,-0.04014884,-0.0435863,-0.04682704,-0.04986361,-0.05268506,-0.05528463,-0.05765167,-0.05978006,-0.06165945,-0.06328472,-0.06464663,-0.06574126,-0.0665609,-0.06710312,-0.06736194,-0.06733659,-0.06702297,-0.06642216,-0.0655321,-0.06435585,-0.06289349,-0.06115013,-0.05912803,-0.05683449,-0.05427408,-0.05145636,-0.04838825,-0.04508153,-0.04154546,-0.03779408,-0.03383896,-0.02969629,-0.02537978,-0.02090762,-0.01629546,-0.01156325,-0.006728367,-0.001812183,0.003166546,0.008185332,0.01322439,0.01826048,0.02327321,0.02823904,0.03313733,0.03794457,0.04264027,0.04720134,0.05160786,0.05583756,0.05987135,0.06368806,0.06726976,0.07059672,0.0736525,0.07641908,0.07888175,0.08102451,0.08283474,0.08429884,0.08540665,0.0861474,0.08651383,0.08649864,0.08609822,0.08530942,0.08413295,0.08257055,0.08062809,0.07831314,0.0756376,0.07261539,0.06926478,0.06560595,0.06166346,0.05746341,0.05303435,0.04840967,0.04361931,0.03869626,0.03370178,0.02860558,0.02343846,0.01834176,0.0132285,0.008158216,0.003151541,-0.001767921
-0.007941455,-0.01260185,-0.0171329,-0.02152445,-0.02576854,-0.02985991,-0.0337752,-0.03748921,-0.04103868,-0.04438687,-0.0475307,-0.05046027,-0.05316926,-0.05564746,-0.05788882,-0.05988367,-0.06162714,-0.06311054,-0.06433025,-0.06527908,-0.06595486,-0.06635208,-0.06647021,-0.06630559,-0.06585948,-0.06513013,-0.06412062,-0.06283115,-0.06126671,-0.05942955,-0.0573267,-0.05496248,-0.05234591,-0.04948343,-0.04638609,-0.04306252,-0.03952582,-0.03578669,-0.0318602,-0.02775901,-0.02350005,-0.01909781,-0.01457084,-0.009935244,-0.00521095,-0.0004153863,0.004430414,0.009308026,0.01419568,0.01907431,0.0239217,0.02871846,0.03344232,0.03807393,0.04259134,0.04697557,0.05120525,0.05526201,0.0591254,0.06277802,0.06620056,0.06937681,0.07228887,0.07492193,0.07725979,0.07928933,0.08099631,0.08236964,0.0833974,0.08407099,0.08438136,0.08432289,0.08388998,0.08308072,0.08189382,0.08033198,0.07839907,0.07610311,0.07345382,0.07046526,0.06715346,0.063539,0.059644,0.05549472,0.05111961,0.04654652,0.0418091,0.03693951,0.03194354,0.0269124,0.02187515,0.01675663,0.01169074,0.006667421,0.001710242,-0.003166526
-0.0092287,-0.01380933,-0.01825815,-0.02256101,-0.02670468,-0.03067454,-0.03447472,-0.03811079,-0.04153189,-0.04475593,-0.04776914,-0.05056475,-0.05313287,-0.05546778,-0.05756059,-0.05940663,-0.06099784,-0.06233092,-0.06339925,-0.06420095,-0.06473105,-0.06498929,-0.06497242,-0.06468184,-0.06411604,-0.06327815,-0.06216851,-0.060792,-0.05915083,-0.05725162,-0.05509844,-0.05269974,-0.05006152,-0.04719408,-0.04410533,-0.04080739,-0.03731005,-0.0336272,-0.02977048,-0.02575547,-0.02159544,-0.01730752,-0.01290646,-0.008410691,-0.003836244,0.0007974142,0.005473282,0.01017112,0.01487322,0.01955889,0.02421005,0.02880588,0.03332822,0.03775639,0.04207243,0.04625608,0.05028991,0.05415434,0.05783266,0.06130619,0.06455912,0.06757392,0.07033596,0.07282905,0.07503988,0.07695383,0.07855926,0.07984343,0.08079669,0.08140859,0.08167188,0.08157904,0.08112595,0.08030871,0.07912704,0.07758144,0.07567635,0.07341768,0.0708155,0.06788172,0.06463258,0.06108601,0.05726445,0.05319172,0.04889448,0.04440371,0.03974791,0.03495867,0.03009256,0.02512492,0.02008919,0.01511057,0.01011591,0.005163495,0.0002735758,-0.004528308
-0.01034,-0.01479921,-0.01912243,-0.02329853,-0.02731751,-0.03117305,-0.0348423,-0.0383031,-0.04158562,-0.04465692,-0.04751446,-0.0501494,-0.0525566,-0.05472777,-0.05665851,-0.05834154,-0.05977391,-0.0609496,-0.0618671,-0.06252192,-0.06291403,-0.0630406,-0.06290312,-0.06250045,-0.06183567,-0.06090927,-0.05972593,-0.05828774,-0.05660098,-0.05466944,-0.05250103,-0.05010123,-0.04747955,-0.04464315,-0.04160317,-0.03836849,-0.03495185,-0.03136376,-0.02761847,-0.02372799,-0.01970798,-0.01557186,-0.01133649,-0.007016458,-0.00262964,0.001808416,0.006279067,0.01076608,0.01525033,0.01971515,0.02414119,0.0285116,0.03280704,0.03701079,0.04110382,0.04506972,0.04888993,0.05254857,0.05602778,0.0593124,0.06238548,0.06523273,0.06783821,0.07018872,0.07226957,0.0740688,0.07557323,0.07677242,0.07765502,0.07821257,0.07843602,0.0783194,0.07785657,0.07704475,0.07588159,0.07436844,0.07250762,0.07030541,0.0677696,0.0649122,0.06174704,0.05829246,0.05456826,0.05059853,0.04640935,0.042027,0.03748298,0.03280786,0.02800972,0.02317222,0.01832157,0.0133983,0.008523115,0.003689286,-0.001077339,-0.005761439
-0.01128671,-0.01558988,-0.01975555,-0.02376855,-0.02761579,-0.03128254,-0.03477164,-0.03808589,-0.04118154,-0.04407399,-0.04675109,-0.04920765,-0.05143579,-0.0534316,-0.0551886,-0.05670414,-0.05797284,-0.05899349,-0.05976215,-0.06027902,-0.06054169,-0.06055177,-0.06030839,-0.05981458,-0.0590709,-0.05808182,-0.05684939,-0.05537949,-0.05367564,-0.05174511,-0.04959288,-0.04722764,-0.04465587,-0.04188773,-0.03893117,-0.03579774,-0.03249683,-0.02904136,-0.02544212,-0.02171328,-0.01786691,-0.01391828,-0.009880564,-0.005770008,-0.001600679,0.00261043,0.006848569,0.01109622,0.01533815,0.01955656,0.02373598,0.02785857,0.03190886,0.03586913,0.03972409,0.04345636,0.04705103,0.05049126,0.05376265,0.05684898,0.05973653,0.06240987,0.06485608,0.0670607,0.06901174,0.07069586,0.07210226,0.07321901,0.07403678,0.07454542,0.07473753,0.07460528,0.07414391,0.07334867,0.07221815,0.0707515,0.06895156,0.06682245,0.06437227,0.06161079,0.05855203,0.05521164,0.05160974,0.04776785,0.04371063,0.03946663,0.03506288,0.03052945,0.0259182,0.02121048,0.01644099,0.01171955,0.00698679,0.0022984,-0.002325611,-0.006858786
-0.01198173,-0.01609247,-0.02006248,-0.02388056,-0.02753611,-0.0310228,-0.03431975,-0.03740852,-0.04031412,-0.04300854,-0.04549051,-0.04775313,-0.04979314,-0.05160468,-0.05318541,-0.05453068,-0.05563962,-0.05650881,-0.05713868,-0.0575272,-0.05767608,-0.05758468,-0.05725595,-0.05669057,-0.0558928,-0.05486459,-0.05361138,-0.05213638,-0.05044627,-0.04854555,-0.04644213,-0.04414181,-0.0416537,-0.03898486,-0.03614568,-0.03314451,-0.02999293,-0.02670052,-0.02327998,-0.01974204,-0.01610043,-0.01236689,-0.008556059,-0.004680522,-0.0007556294,0.00320534,0.0071865,0.0111741,0.01515192,0.01910593,0.02301978,0.02687929,0.03066817,0.03437234,0.03797572,0.04146447,0.04482282,0.04803729,0.05109259,0.05397571,0.05667195,0.05916888,0.06145247,0.06351097,0.06533121,0.06690228,0.06821203,0.06925063,0.07000726,0.07047357,0.07064055,0.0705018,0.07005067,0.06928348,0.06819683,0.06679069,0.06506582,0.0630267,0.06067917,0.05803309,0.05510008,0.05189613,0.04843872,0.04474963,0.0408526,0.03677215,0.03253762,0.02817792,0.0237032,0.01918902,0.01465955,0.01006965,0.005526314,0.0010263,-0.003403567,-0.007747371
-0.0124486,-0.01633811,-0.02008756,-0.02368213,-0.0271099,-0.03035737,-0.03342696,-0.03632019,-0.03900107,-0.04148323,-0.04375704,-0.04581934,-0.04766473,-0.04929133,-0.05069521,-0.05187572,-0.05282998,-0.05355864,-0.05406003,-0.05433594,-0.05438596,-0.05421299,-0.05381779,-0.05320433,-0.05237445,-0.05133318,-0.05008347,-0.0486314,-0.04698102,-0.04513941,-0.04311168,-0.040906,-0.03852861,-0.03598874,-0.03329373,-0.03045386,-0.02747753,-0.02437603,-0.0211588,-0.01783806,-0.01442416,-0.01093016,-0.00736719,-0.003749001,-8.740059e-05,0.00360336,0.007310982,0.01102085,0.01472032,0.01839458,0.02203083,0.02561423,0.02913197,0.03256929,0.03591348,0.03914999,0.04226636,0.04524836,0.04808383,0.05075895,0.05326191,0.05557939,0.05770007,0.05961121,0.06130205,0.06276055,0.06397676,0.06493956,0.06564003,0.06606836,0.06621705,0.06607813,0.06564621,0.06491587,0.06388457,0.06255028,0.06091429,0.058979,0.05675057,0.05423668,0.0514491,0.04840121,0.04511072,0.04159686,0.03788213,0.03399259,0.02995359,0.02579348,0.02155923,0.01723807,0.01286457,0.008533738,0.004199221,-8.72468e-05,-0.004306186,-0.008431504
-0.01263192,-0.01627323,-0.01977377,-0.02312326,-0.0263118,-0.02933393,-0.03217195,-0.03481149,-0.0372735,-0.0395355,-0.04159775,-0.04345568,-0.04510797,-0.04655123,-0.04778505,-0.04880713,-0.04961827,-0.05021721,-0.0506058,-0.05078383,-0.0507541,-0.05051741,-0.05007747,-0.04943606,-0.04859779,-0.04756535,-0.04634421,-0.04493794,-0.04335288,-0.04159355,-0.03966719,-0.03757923,-0.03533781,-0.0329493,-0.03042273,-0.02776543,-0.02498733,-0.02209663,-0.0191041,-0.01601876,-0.01285213,-0.009613979,-0.006316463,-0.002969978,0.0004128181,0.003821037,0.007241637,0.01066339,0.01407301,0.01745908,0.0208082,0.02410883,0.02734758,0.03051297,0.03359172,0.03657245,0.03944208,0.04218939,0.04480154,0.04726757,0.04957498,0.05171309,0.05366977,0.05543469,0.05699619,0.05834445,0.05946844,0.06035899,0.06100598,0.06140128,0.06153606,0.06140371,0.06099727,0.06031234,0.05934469,0.05809304,0.05655684,0.05473886,0.05264314,0.05027749,0.04765137,0.04477841,0.04167378,0.03835682,0.03484882,0.03117237,0.02735438,0.02342179,0.01938637,0.01531492,0.01122991,0.007098743,0.003014152,-0.00102398,-0.004989302,-0.00886608
-0.01257271,-0.01594654,-0.01918344,-0.02227018,-0.02519677,-0.0279519,-0.03053812,-0.03295681,-0.03517963,-0.03721887,-0.03906769,-0.0407249,-0.04218746,-0.0434553,-0.04452666,-0.04540245,-0.04608176,-0.04656648,-0.04685659,-0.04695478,-0.04686194,-0.04658152,-0.0461152,-0.04546718,-0.04463986,-0.04363815,-0.04246525,-0.04112678,-0.03962668,-0.03797131,-0.03616534,-0.03421589,-0.03212845,-0.02991092,-0.02756957,-0.02511305,-0.02254841,-0.01988503,-0.01713071,-0.0142955,-0.01138786,-0.008418433,-0.005396265,-0.002332484,0.0007633924,0.003879859,0.007007048,0.01013319,0.01324816,0.01634002,0.01939854,0.02241173,0.02536929,0.02825927,0.03107138,0.03379377,0.03641623,0.03892706,0.04131619,0.04357207,0.04568479,0.04764302,0.04943705,0.05105585,0.05248996,0.05372871,0.05476309,0.05558297,0.05618,0.05654492,0.05667039,0.05654852,0.05617361,0.05553982,0.05464381,0.05348261,0.05205619,0.05036554,0.04841499,0.04621033,0.04376114,0.04107859,0.03817794,0.03507603,0.03179297,0.02835215,0.02477684,0.0210932,0.01734293,0.01351855,0.009652973,0.005826759,0.002005248,-0.001765169,-0.00546614,-0.009073276
-0.01224786,-0.01533877,-0.01829559,-0.02110969,-0.02377273,-0.02628068,-0.02861957,-0.03077902,-0.03277653,-0.03459513,-0.03623641,-0.03769793,-0.03898001,-0.04008126,-0.04100269,-0.04174376,-0.04230638,-0.04269072,-0.04289939,-0.04293329,-0.04279563,-0.04248798,-0.04201414,-0.04137632,-0.0405789,-0.03962468,-0.03851863,-0.03726412,-0.0358667,-0.03433042,-0.03266145,-0.03086445,-0.02894624,-0.02691214,-0.02476961,-0.02252465,-0.02018535,-0.01775838,-0.01525238,-0.01267461,-0.01003429,-0.007339184,-0.004598969,-0.001821866,0.0009820913,0.003804321,0.006634509,0.009463821,0.01228176,0.01507933,0.01784591,0.0205724,0.02324816,0.02586406,0.02840947,0.03087527,0.03325089,0.03552723,0.03769379,0.03974156,0.04166014,0.04344056,0.04507258,0.04654733,0.04785476,0.04898622,0.04993194,0.05068363,0.05123206,0.05156961,0.05168796,0.05158056,0.05124051,0.05066302,0.0498434,0.04877947,0.04746968,0.04591538,0.0441191,0.04208674,0.03982577,0.03734747,0.03466469,0.03179419,0.02875461,0.02556621,0.02225306,0.01883964,0.01533849,0.011807,0.008265774,0.004692663,0.001165667,-0.002312969,-0.005718801,-0.00903716
-0.01171313,-0.01451272,-0.01718557,-0.01972076,-0.02211057,-0.02434633,-0.0264309,-0.0283659,-0.03013011,-0.03173447,-0.03317462,-0.03445094,-0.03556226,-0.03650973,-0.03729315,-0.03791439,-0.03837379,-0.03867385,-0.03881549,-0.03880171,-0.03863398,-0.03831576,-0.03784901,-0.03723766,-0.03648411,-0.03559272,-0.03456643,-0.03341006,-0.03212703,-0.03072264,-0.02920082,-0.02756741,-0.02582688,-0.0239856,-0.02204864,-0.02002286,-0.01791388,-0.01572909,-0.01347464,-0.01115839,-0.008786955,-0.006368631,-0.003910435,-0.001421021,0.001092255,0.003620468,0.006156002,0.008689729,0.01121383,0.01371904,0.01619742,0.01863964,0.02103768,0.02338216,0.025665,0.02787683,0.03000955,0.0320538,0.03400147,0.0358432,0.03757085,0.0391751,0.04064785,0.04197979,0.04316286,0.04418791,0.04504702,0.0457313,0.04623318,0.04654431,0.04665779,0.04656623,0.04626394,0.04574513,0.045006,0.0440431,0.04285542,0.04144287,0.03980827,0.03795576,0.03589285,0.0336286,0.03117574,0.02854861,0.02576462,0.02284412,0.01980782,0.01667901,0.01349357,0.01024828,0.006972932,0.003733902,0.0005064291,-0.002669591,-0.005777667,-0.008796282
-0.01097109,-0.0134754,-0.01585946,-0.01811659,-0.0202404,-0.02222833,-0.02407014,-0.02575887,-0.02730891,-0.02870815,-0.02995902,-0.0310607,-0.03201456,-0.03282059,-0.03348058,-0.03399508,-0.03436645,-0.03459565,-0.03468547,-0.03463727,-0.03445419,-0.03413798,-0.0336921,-0.03311868,-0.03242153,-0.03160316,-0.0306677,-0.02961804,-0.0284587,-0.02719299,-0.02582584,-0.024361,-0.02280382,-0.0211585,-0.01943084,-0.01762552,-0.01574877,-0.01380573,-0.01180303,-0.009746218,-0.007642325,-0.005497263,-0.003318392,-0.001111936,0.001114479,0.003354366,0.005599894,0.007844378,0.01007984,0.01229945,0.01449512,0.01665991,0.01878565,0.02086533,0.02289075,0.02485483,0.02674931,0.02856704,0.03029974,0.03194018,0.03348003,0.03491201,0.03622775,0.0374199,0.03848008,0.03940096,0.04017425,0.04079273,0.04124836,0.04153432,0.04164315,0.04156875,0.04130471,0.04084624,0.04018867,0.03932931,0.03826605,0.03699918,0.03553007,0.03386292,0.03200343,0.02996059,0.02774492,0.02537038,0.02285276,0.02020951,0.01746135,0.01462961,0.01172663,0.008799807,0.005867397,0.002915449,7.023837e-06,-0.002854194,-0.005646877,-0.008358198
-0.0100843,-0.01229519,-0.01439615,-0.01637883,-0.01823776,-0.01996678,-0.02156886,-0.02304588,-0.02438276,-0.02558881,-0.02666164,-0.02760253,-0.02841153,-0.02909042,-0.02963989,-0.03006215,-0.03035818,-0.03053054,-0.03058052,-0.03051092,-0.03032336,-0.03002086,-0.02960531,-0.02907999,-0.02844703,-0.02770997,-0.02687124,-0.02593468,-0.02490303,-0.02378042,-0.02256993,-0.02127604,-0.0199022,-0.01845325,-0.01693301,-0.0153467,-0.01369852,-0.01199402,-0.01023777,-0.008435667,-0.006592607,-0.004714768,-0.002807342,-0.0008767581,0.001071549,0.00303095,0.004995819,0.006959369,0.008915811,0.01085824,0.01278074,0.01467634,0.01653901,0.01836171,0.0201383,0.02186167,0.02352561,0.02512292,0.02664731,0.02809148,0.02944901,0.03071251,0.03187547,0.03293039,0.03387068,0.03468881,0.03537815,0.03593125,0.03634163,0.03660211,0.03670659,0.03664857,0.0364228,0.03602393,0.03544818,0.03469203,0.03375394,0.03263314,0.03133126,0.02985109,0.02819825,0.02637981,0.02440594,0.02228834,0.02004144,0.01768216,0.01522805,0.01269888,0.01012419,0.007503721,0.004862935,0.002254304,-0.0003389455,-0.00288418,-0.005367434,-0.007770875
-0.009070938,-0.01099433,-0.01281721,-0.01453478,-0.01614258,-0.01763924,-0.01901778,-0.02027392,-0.02141896,-0.02244481,-0.02335416,-0.02414717,-0.02482565,-0.02539033,-0.02584322,-0.02618536,-0.02641907,-0.02654558,-0.0265674,-0.02648598,-0.02630397,-0.026023,-0.02564591,-0.02517452,-0.02461183,-0.02395988,-0.02322188,-0.02240008,-0.02149792,-0.02051791,-0.01946376,-0.01833827,-0.01714541,-0.01588828,-0.01457115,-0.01319745,-0.01177174,-0.01029775,-0.008780317,-0.007223457,-0.00563227,-0.004011025,-0.002365054,-0.0006988451,0.0009820847,0.002673056,0.004368397,0.006063281,0.007751912,0.009429341,0.01108967,0.01272784,0.01433785,0.01591455,0.01745188,0.01894457,0.02038646,0.02177216,0.0230954,0.02435066,0.02553157,0.02663246,0.02764682,0.02856882,0.02939186,0.03011001,0.03071658,0.03120565,0.03157063,0.03180574,0.03190473,0.03186232,0.03167295,0.03133228,0.03083604,0.03018152,0.02936643,0.02839042,0.02725403,0.02596009,0.02451273,0.02291877,0.02118642,0.01932674,0.01735243,0.0152777,0.01311947,0.01089529,0.008616302,0.006319691,0.004020762,0.00171155,-0.0005595232,-0.002788225,-0.004957182,-0.007055921
-0.00799131,-0.009637553,-0.01119545,-0.01265908,-0.01402484,-0.01528873,-0.01645347,-0.01752092,-0.01848101,-0.01934116,-0.02010028,-0.02075997,-0.02132089,-0.02178491,-0.02215307,-0.02242745,-0.0226092,-0.02270056,-0.02270281,-0.02261827,-0.02244837,-0.02219552,-0.02186129,-0.02144821,-0.02095794,-0.02039316,-0.01975571,-0.01904843,-0.01827336,-0.0174335,-0.01653109,-0.01556936,-0.0145508,-0.01347886,-0.01235627,-0.01118673,-0.009973227,-0.008719679,-0.007429312,-0.00610628,-0.004754023,-0.003376893,-0.001978529,-0.0005634545,0.0008645213,0.002300731,0.003741227,0.005181222,0.006616637,0.008042587,0.00945489,0.01084857,0.01221935,0.01356216,0.0148726,0.01614552,0.01737641,0.01855998,0.01969162,0.02076591,0.02177805,0.02272249,0.02359428,0.02438771,0.02509768,0.02571837,0.02624455,0.02667038,0.02699064,0.02719957,0.0272922,0.02726317,0.02710806,0.02682233,0.0264026,0.02584572,0.02514998,0.02431435,0.02333959,0.02222748,0.020982,0.01960832,0.01811415,0.01650848,0.01480255,0.01300962,0.01114361,0.009220253,0.007262398,0.005271567,0.00326802,0.001290879,-0.0006704296,-0.002590824,-0.004459304,-0.006262088
-0.006869507,-0.008252279,-0.009557765,-0.01078279,-0.01192447,-0.01298226,-0.01395173,-0.01483051,-0.01562686,-0.0163358,-0.01695973,-0.01749927,-0.01795617,-0.01833141,-0.01862678,-0.01884339,-0.01898318,-0.01904733,-0.01903782,-0.0189559,-0.01880362,-0.01858228,-0.01829398,-0.01794013,-0.01752292,-0.01704385,-0.01650521,-0.01590863,-0.01525652,-0.01455068,-0.01379367,-0.01298745,-0.01213478,-0.01123779,-0.01029943,-0.009322036,-0.008308744,-0.007262096,-0.006185399,-0.005081383,-0.003953523,-0.002804723,-0.001638611,-0.000458235,0.0007326472,0.001930853,0.003132518,0.004334348,0.005532381,0.006723229,0.00790284,0.009067721,0.01021374,0.01133731,0.0124342,0.01350072,0.01453254,0.01552582,0.01647611,0.01737945,0.01823124,0.01902734,0.01976299,0.02043391,0.02103518,0.02156235,0.02201042,0.02237484,0.02265059,0.02283318,0.02291776,0.02290012,0.02277586,0.0225414,0.02219325,0.021729,0.02114657,0.02044534,0.01962533,0.01868832,0.01763712,0.01647658,0.01521269,0.01385362,0.01240889,0.01088929,0.009307635,0.00767734,0.006007526,0.004325432,0.002642965,0.0009561686,-0.000700224,-0.002322182,-0.003896654,-0.005415726
-0.005756552,-0.006892716,-0.007964197,-0.008967099,-0.009899286,-0.01075836,-0.01154647,-0.01226513,-0.01290823,-0.01348111,-0.01398341,-0.01441662,-0.01478154,-0.01507977,-0.01531232,-0.01548084,-0.01558637,-0.01563061,-0.01561461,-0.0155401,-0.01540817,-0.01522056,-0.01497842,-0.01468352,-0.01433705,-0.01394087,-0.01349624,-0.01300509,-0.01246882,-0.01188945,-0.01126847,-0.01060805,-0.009909838,-0.009176122,-0.008408716,-0.007610051,-0.006782092,-0.00592742,-0.005048152,-0.00414701,-0.003226251,-0.002288722,-0.001336809,-0.0003734728,0.0005987894,0.001576918,0.002558321,0.003539854,0.004518826,0.005492017,0.006456655,0.007409442,0.008347522,0.009267514,0.01016645,0.01104087,0.0118877,0.01270336,0.01348465,0.01422787,0.01492966,0.01558617,0.0161939,0.01674884,0.01724733,0.01768522,0.01805873,0.01836362,0.01859607,0.01875185,0.01882722,0.01881821,0.01872142,0.01853339,0.01825144,0.01787304,0.0173967,0.01682138,0.01614735,0.01537563,0.01450883,0.01355049,0.01250597,0.01138168,0.01018567,0.008927473,0.007617258,0.00626648,0.004891373,0.003494231,0.002089822,0.000704855,-0.0006665317,-0.0020066,-0.003307445,-0.004559284
-0.004675507,-0.005584515,-0.006440073,-0.007240242,-0.007983335,-0.008669227,-0.00929536,-0.009860549,-0.0103703,-0.01082182,-0.01121689,-0.01155624,-0.01184122,-0.01207272,-0.01225209,-0.01238025,-0.01245861,-0.01248809,-0.01247007,-0.01240548,-0.01229571,-0.0121417,-0.01194485,-0.01170612,-0.01142695,-0.01110835,-0.0107518,-0.01035836,-0.009929596,-0.009466646,-0.008971157,-0.008444378,-0.007888046,-0.007303522,-0.006692654,-0.006056925,-0.005398298,-0.004718373,-0.004019219,-0.003302549,-0.002570538,-0.001825004,-0.001068217,-0.0003020861,0.0004710364,0.001249154,0.002029842,0.002811031,0.003590225,0.004365286,0.005133653,0.005893104,0.006641014,0.007375089,0.008092618,0.008791219,0.00946809,0.01012073,0.01074624,0.01134201,0.01190499,0.01243244,0.01292119,0.01336833,0.01377056,0.01412485,0.01442776,0.01467618,0.01486663,0.01499596,0.01506079,0.01505811,0.0149848,0.01483825,0.01461591,0.01431592,0.01393671,0.0134776,0.01293843,0.0123202,0.01162467,0.01085498,0.0100151,0.009110554,0.008147799,0.007134233,0.006078667,0.004990353,0.003875937,0.002753576,0.001631625,0.0005085061,-0.0005930844,-0.001669869,-0.002713007,-0.003717077
-0.003664572,-0.004368115,-0.005029821,-0.005647388,-0.006219691,-0.00674546,-0.007226065,-0.007662471,-0.008051584,-0.008396654,-0.008697689,-0.008955769,-0.009171593,-0.009346269,-0.009480583,-0.00957564,-0.009632215,-0.009651409,-0.009633981,-0.009581018,-0.009493276,-0.009371832,-0.009217452,-0.009031218,-0.008813908,-0.008566633,-0.008290206,-0.007985778,-0.007654217,-0.007296722,-0.006914223,-0.00650799,-0.006079033,-0.0056287,-0.005158087,-0.004668625,-0.004161495,-0.003638213,-0.003100048,-0.002548599,-0.001985213,-0.001411564,-0.0008290764,-0.0002394889,0.0003557049,0.0009547048,0.001555959,0.002157612,0.002758047,0.003355358,0.003947874,0.004533627,0.005110888,0.005677629,0.00623204,0.006772026,0.007295697,0.007800869,0.008285558,0.008747481,0.009184535,0.009594331,0.009974647,0.01032297,0.01063695,0.01091397,0.01115157,0.01134704,0.01149789,0.01160137,0.01165501,0.01165621,0.01160268,0.01149211,0.01132265,0.01109256,0.01080074,0.01044638,0.01002952,0.009550659,0.009011342,0.008413749,0.007761206,0.007057778,0.006308596,0.00551976,0.004697843,0.003850252,0.002987104,0.002110822,0.001230957,0.0003632581,-0.000494584,-0.001331501,-0.002142479,-0.002921342
-0.00274219,-0.003263926,-0.00375385,-0.004210914,-0.004634251,-0.005023887,-0.005378518,-0.005697637,-0.005984415,-0.006237482,-0.006457955,-0.006646369,-0.006803602,-0.006930265,-0.007027213,-0.007095054,-0.007134648,-0.00714658,-0.007131684,-0.007090536,-0.007023952,-0.006932497,-0.006816982,-0.006677977,-0.006516301,-0.006332538,-0.006127526,-0.005901874,-0.00565645,-0.005391908,-0.005109158,-0.004808903,-0.004492104,-0.004159519,-0.003812169,-0.003450877,-0.003076724,-0.002690597,-0.002293632,-0.001886777,-0.001471227,-0.001047986,-0.0006183032,-0.0001832313,0.0002559339,0.0006980883,0.001141895,0.001586207,0.002029642,0.002471013,0.002908895,0.003342047,0.003769004,0.004188473,0.004598934,0.004999035,0.005387193,0.005761978,0.006121737,0.006464961,0.006789907,0.007094976,0.00737833,0.007638263,0.007872848,0.008080287,0.00825856,0.008405797,0.008519935,0.008599076,0.008641182,0.008644423,0.008606895,0.008526983,0.008403107,0.00823408,0.008018876,0.007757004,0.007448279,0.007093195,0.006692709,0.006248601,0.005763171,0.005239631,0.004681786,0.004094018,0.003481555,0.002849894,0.002203163,0.001551874,0.0009010609,0.0002503208,-0.0003874458,-0.001010024,-0.001612251,-0.002190903
-0.001933492,-0.002298625,-0.002641384,-0.00296062,-0.003255861,-0.003526567,-0.00377333,-0.003996486,-0.00419515,-0.004370717,-0.004523326,-0.004653584,-0.004761954,-0.004849033,-0.004915313,-0.004961372,-0.004987689,-0.004994827,-0.004983241,-0.00495348,-0.004905989,-0.004841301,-0.004759857,-0.004662188,-0.004548735,-0.004420036,-0.004276546,-0.004118818,-0.00394733,-0.003762659,-0.003565308,-0.003355887,-0.003134938,-0.002903108,-0.002660978,-0.002409236,-0.002148505,-0.001879515,-0.001602932,-0.001319525,-0.001029998,-0.0007351604,-0.0004357536,-0.0001326199,0.0001734647,0.0004816247,0.0007910545,0.001100848,0.001410166,0.001718073,0.002023699,0.002326073,0.002624293,0.002917351,0.003204298,0.003484088,0.003755722,0.004018101,0.004270174,0.004510779,0.004738797,0.004953001,0.005152202,0.005335097,0.005500425,0.005646813,0.005772932,0.005877357,0.005958717,0.006015566,0.00604654,0.006050241,0.006025395,0.005970754,0.005885263,0.005767969,0.005618205,0.005435514,0.005219824,0.004971377,0.004690916,0.00437958,0.004039082,0.00367158,0.003279789,0.002866932,0.002436541,0.001992595,0.001540085,0.00108125,0.0006212332,0.0001668424,-0.0002816027,-0.0007185833,-0.001141482,-0.001547078
-0.001251421,-0.001486618,-0.001707127,-0.001912495,-0.002102362,-0.002276772,-0.002435188,-0.002577441,-0.002704955,-0.002817194,-0.002914685,-0.002997711,-0.003066697,-0.003121952,-0.003163883,-0.003192791,-0.00320908,-0.003213031,-0.003205031,-0.003185355,-0.003154372,-0.003112349,-0.003059651,-0.002996541,-0.002923384,-0.002840447,-0.0027481,-0.002646618,-0.002536385,-0.002417691,-0.002290937,-0.002156434,-0.002014603,-0.00186578,-0.001710408,-0.001548851,-0.001381581,-0.001208986,-0.001031562,-0.0008497253,-0.0006639956,-0.0004748135,-0.0002827232,-8.818671e-05,0.0001082309,0.0003060447,0.0005046709,0.0007036042,0.0009022403,0.001100054,0.001296421,0.001490791,0.001682517,0.001871024,0.002055639,0.002235758,0.002410673,0.002579744,0.002742228,0.002897443,0.003044603,0.003182979,0.003311739,0.0034301,0.003537184,0.00363216,0.003714103,0.003782144,0.00383533,0.003872776,0.003893532,0.003896739,0.003881502,0.003847055,0.003792646,0.0037177,0.003621716,0.003504435,0.003365743,0.003205834,0.003025125,0.002824404,0.002604715,0.002367517,0.002114556,0.001847848,0.001569806,0.001282964,0.0009892874,0.000693538,0.0003980595,0.0001028482,-0.0001863447,-0.0004683957,-0.0007409574,-0.001002536
-0.0007100485,-0.0008429686,-0.0009675932,-0.001083521,-0.001190663,-0.001288907,-0.00137823,-0.001458433,-0.001530097,-0.001593215,-0.001647962,-0.001694536,-0.001733177,-0.001764062,-0.001787437,-0.001803464,-0.001812386,-0.001814355,-0.001809602,-0.001798275,-0.001780594,-0.001756701,-0.001726812,-0.001691069,-0.001649684,-0.001602801,-0.001550637,-0.001493338,-0.001431128,-0.001364163,-0.001292673,-0.001216828,-0.001136869,-0.001052978,-0.0009654086,-0.0008743601,-0.0007800998,-0.0006828412,-0.0005828656,-0.0004804015,-0.0003757431,-0.0002691335,-0.0001608796,-5.123727e-05,5.947517e-05,0.0001709889,0.000282975,0.0003951529,0.000507182,0.00061877,0.000729565,0.0008392598,0.0009474904,0.001053935,0.001158212,0.001259984,0.001358852,0.001454453,0.001546369,0.001634215,0.001717544,0.001795945,0.001868945,0.001936101,0.001996912,0.002050906,0.002097556,0.002136367,0.002166796,0.002188334,0.002200442,0.002202624,0.002194369,0.002175235,0.00214479,0.0021027,0.002048675,0.001982559,0.001904286,0.001813954,0.0017118,0.001598263,0.001473938,0.001339645,0.001196382,0.001045307,0.0008877571,0.0007252389,0.0005590458,0.0003911709,0.0002235892,5.673876e-05,-0.0001072651,-0.0002669118,-0.0004212745,-0.0005692338
-0.0003174138,-0.0003767136,-0.0004322598,-0.0004839407,-0.0005316706,-0.0005754647,-0.0006151955,-0.0006508298,-0.0006827242,-0.0007107575,-0.0007350647,-0.0007557243,-0.0007728468,-0.0007865159,-0.000796837,-0.0008038902,-0.0008077792,-0.0008085785,-0.0008063862,-0.0008012741,-0.0007933361,-0.0007826405,-0.0007692795,-0.0007533203,-0.0007348541,-0.0007139487,-0.0006906966,-0.000665167,-0.0006374549,-0.0006076336,-0.000575802,-0.000542038,-0.0005064456,-0.0004691084,-0.0004301362,-0.0003896191,-0.0003476737,-0.0003043962,-0.0002599093,-0.0002143158,-0.0001677441,-0.0001203034,-7.212793e-05,-2.333235e-05,2.594388e-05,7.558038e-05,0.0001254329,0.0001753759,0.0002252598,0.0002749539,0.0003243032,0.0003731704,0.0004213949,0.0004688327,0.0005153158,0.0005606925,0.0006047862,0.000647435,0.0006884529,0.0007276671,0.0007648796,0.0007999057,0.0008325346,0.000862567,0.0008897801,0.0009139616,0.0009348756,0.0009522995,0.0009659894,0.0009757173,0.0009812397,0.0009823343,0.0009787703,0.000970348,0.0009568725,0.0009381921,0.0009141749,0.0008847498,0.0008498831,0.0008096193,0.0007640604,0.0007134039,0.0006579126,0.0005979568,0.0005339806,0.0004664983,0.0003961261,0.0003235112,0.0002491658,0.0001742925,9.94932e-05,2.47959e-05,-4.836214e-05,-0.0001196765,-0.0001885535,-0.0002546097
-7.942879e-05,-9.424808e-05,-0.0001081387,-0.0001210679,-0.0001331193,-0.0001443815,-0.0001544915,-0.0001629463,-0.0001710642,-0.0001780804,-0.0001841779,-0.0001893166,-0.0001936093,-0.0001969994,-0.0001995909,-0.0002013219,-0.0002023041,-0.0002024714,-0.0002019321,-0.0002006226,-0.0001986468,-0.0001959421,-0.0001926098,-0.0001885895,-0.0001839811,-0.0001787262,-0.0001729225,-0.0001665126,-0.0001595935,-0.000152111,-0.0001441623,-0.0001356959,-0.0001268079,-0.0001174489,-0.0001077152,-9.756123e-05,-8.708408e-05,-7.624082e-05,-6.512807e-05,-5.370557e-05,-4.207046e-05,-3.018569e-05,-1.81486e-05,-5.924383e-06,6.38966e-06,1.882534e-05,3.128513e-05,4.379844e-05,5.626814e-05,6.872138e-05,8.106048e-05,9.330895e-05,0.0001053688,0.0001172614,0.0001288886,0.0001402686,0.0001513017,0.0001620015,0.0001722676,0.0001821098,0.0001914268,0.0002002235,0.0002083962,0.0002159447,0.0002227641,0.0002288494,0.0002340939,0.0002384877,0.0002419239,0.0002443901,0.0002457819,0.000246086,0.0002452017,0.0002431183,0.0002397474,0.0002350903,0.0002290772,0.0002217252,0.0002129897,0.0002029152,0.0001914909,0.0001788057,0.0001648876,0.0001498655,0.000133846,0.0001169163,9.926116e-05,8.109801e-05,6.178172e-05,4.314771e-05,2.552175e-05,6.018103e-06,-1.232029e-05,-3.009289e-05,-4.724186e-05,-6.374062e-05
0,0,0,0,0,0,0,0,0,0,0,0,0,0,0,0,0,0,0,0,0,0,0,0,0,0,0,0,0,0,0,0,0,0,0,0,0,0,0,0,0,0,0,0,0,0,0,0,0,0,0,0,0,0,0,0,0,0,0,0,0,0,0,0,0,0,0,0,0,0,0,0,0,0,0,0,0,0,0,0,0,0,0,0,0,0,0,0,0,0,0,0,0,0,0,0
