NaN,NaN,NaN,NaN,NaN,NaN,NaN,NaN,NaN,NaN,NaN,NaN,NaN,NaN,NaN,0,0,0,0,0,0,0,0,0,0,0,0,0,0,0,0,0,0,0,0,0,0,0,0,0,0,0,0,0,0,0,0,0,0,0,0,0,0,0,0,0,0,0,0,0,0,0,0,0,0,0,0,0,0,0,0,0,0,0,0,0,0,0,0,0,0,0,NaN,NaN,NaN,NaN,NaN,NaN,NaN,NaN,NaN,NaN,NaN,NaN,NaN,NaN
NaN,NaN,NaN,NaN,NaN,NaN,NaN,NaN,NaN,NaN,NaN,NaN,NaN,NaN,NaN,-1.721697e-09,-3.909521e-10,1.547686e-10,1.489772e-10,-4.764882e-11,-2.594293e-10,-4.644946e-10,-6.48057e-10,-8.218083e-10,-9.879707e-10,-1.149957e-09,-1.3126e-09,-1.470237e-09,-1.63037e-09,-1.780799e-09,-1.932366e-09,-2.068273e-09,-2.20258e-09,-2.315043e-09,-2.423063e-09,-2.503913e-09,-2.578267e-09,-2.621495e-09,-2.656939e-09,-2.658407e-09,-2.651972e-09,-2.610313e-09,-2.561699e-09,-2.477522e-09,-2.387673e-09,-2.262692e-09,-2.134699e-09,-1.974088e-09,-1.814507e-09,-1.625374e-09,-1.440887e-09,-1.229549e-09,-1.026605e-09,-8.004498e-10,-5.868987e-10,-3.538476e-10,-1.371958e-10,9.535388e-11,3.076413e-10,5.316931e-10,7.319744e-10,9.401736e-10,1.121268e-09,1.305275e-09,1.457557e-09,1.606215e-09,1.720296e-09,1.828929e-09,1.911861e-09,2.006036e-09,2.11226e-09,2.278022e-09,2.524716e-09,2.884026e-09,3.356041e-09,3.867333e-09,4.312269e-09,4.43681e-09,4.215955e-09,3.838586e-09,5.263793e-09,9.994106e-09,NaN,NaN,NaN,NaN,NaN,NaN,NaN,NaN,NaN,NaN,NaN,NaN,NaN,NaN
NaN,NaN,NaN,NaN,NaN,NaN,NaN,NaN,NaN,NaN,NaN,NaN,NaN,NaN,NaN,-2.694957e-08,-5.131023e-09,1.633136e-09,3.002778e-09,-1.498703e-09,-3.332258e-09,-7.856578e-09,-9.343436e-09,-1.329475e-08,-1.459015e-08,-1.827188e-08,-1.958923e-08,-2.312581e-08,-2.448126e-08,-2.782791e-08,-2.911787e-08,-3.216436e-08,-3.326332e-08,-3.588619e-08,-3.665237e-08,-3.871477e-08,-3.902161e-08,-4.043919e-08,-4.022603e-08,-4.095073e-08,-4.016163e-08,-4.014901e-08,-3.876546e-08,-3.804009e-08,-3.610622e-08,-3.470795e-08,-3.225303e-08,-3.022976e-08,-2.734382e-08,-2.482568e-08,-2.164426e-08,-1.873513e-08,-1.533442e-08,-1.211632e-08,-8.614323e-09,-5.230848e-09,-1.770216e-09,1.668803e-09,4.994304e-09,8.388368e-09,1.145213e-08,1.467285e-08,1.735035e-08,2.0287e-08,2.244119e-08,2.493117e-08,2.639577e-08,2.83685e-08,2.925334e-08,3.11342e-08,3.226395e-08,3.536645e-08,3.849137e-08,4.470024e-08,5.110882e-08,5.981465e-08,6.556537e-08,6.849059e-08,6.375485e-08,5.927054e-08,7.933215e-08,1.527375e-07,NaN,NaN,NaN,NaN,NaN,NaN,NaN,NaN,NaN,NaN,NaN,NaN,NaN,NaN
NaN,NaN,NaN,NaN,NaN,NaN,NaN,NaN,NaN,NaN,NaN,NaN,NaN,NaN,NaN,-1.204106e-07,-2.889418e-08,1.271434e-08,9.389341e-09,-2.498596e-09,-2.079331e-08,-3.332759e-08,-4.91944e-08,-5.940748e-08,-7.376294e-08,-8.317415e-08,-9.709169e-08,-1.062622e-07,-1.19834e-07,-1.285637e-07,-1.413622e-07,-1.491169e-07,-1.605143e-07,-1.666538e-07,-1.760205e-07,-1.799695e-07,-1.867763e-07,-1.880843e-07,-1.91948e-07,-1.903357e-07,-1.910822e-07,-1.864732e-07,-1.840711e-07,-1.76479e-07,-1.709876e-07,-1.605699e-07,-1.522638e-07,-1.394164e-07,-1.287425e-07,-1.139383e-07,-1.013692e-07,-8.510714e-08,-7.115827e-08,-5.398632e-08,-3.918532e-08,-2.163686e-08,-6.519532e-09,1.082764e-08,2.569002e-08,4.225584e-08,5.635322e-08,7.162663e-08,8.444245e-08,9.778805e-08,1.086313e-07,1.192568e-07,1.274983e-07,1.350741e-07,1.412564e-07,1.476414e-07,1.557697e-07,1.671886e-07,1.857275e-07,2.108382e-07,2.457415e-07,2.811759e-07,3.137907e-07,3.200918e-07,3.041558e-07,2.73342e-07,3.746262e-07,7.06873e-07,NaN,NaN,NaN,NaN,NaN,NaN,NaN,NaN,NaN,NaN,NaN,NaN,NaN,NaN
NaN,NaN,NaN,NaN,NaN,NaN,NaN,NaN,NaN,NaN,NaN,NaN,NaN,NaN,NaN,-3.463096e-07,-7.528439e-08,3.212868e-08,3.225969e-08,-1.391721e-08,-5.760212e-08,-1.045635e-07,-1.41245e-07,-1.803673e-07,-2.128655e-07,-2.488473e-07,-2.804432e-07,-3.150638e-07,-3.460616e-07,-3.787544e-07,-4.078655e-07,-4.371136e-07,-4.625769e-07,-4.866094e-07,-5.065834e-07,-5.23685e-07,-5.365944e-07,-5.455485e-07,-5.504198e-07,-5.505037e-07,-5.467659e-07,-5.376467e-07,-5.251833e-07,-5.07044e-07,-4.862175e-07,-4.595719e-07,-4.310541e-07,-3.968906e-07,-3.619783e-07,-3.21841e-07,-2.821008e-07,-2.374371e-07,-1.942046e-07,-1.464395e-07,-1.012873e-07,-5.212854e-08,-6.758703e-09,4.218754e-08,8.626078e-08,1.334305e-07,1.746357e-07,2.184527e-07,2.552273e-07,2.939936e-07,3.24411e-07,3.559062e-07,3.780427e-07,4.014092e-07,4.169294e-07,4.378492e-07,4.583422e-07,4.948764e-07,5.445387e-07,6.216827e-07,7.171168e-07,8.243456e-07,9.096519e-07,9.312948e-07,8.719934e-07,7.871525e-07,1.058807e-06,2.007295e-06,NaN,NaN,NaN,NaN,NaN,NaN,NaN,NaN,NaN,NaN,NaN,NaN,NaN,NaN
NaN,NaN,NaN,NaN,NaN,NaN,NaN,NaN,NaN,NaN,NaN,NaN,NaN,NaN,NaN,-7.307442e-07,-1.675497e-07,8.345067e-08,6.20909e-08,-2.616438e-08,-1.45452e-07,-2.350882e-07,-3.350484e-07,-4.061545e-07,-4.944312e-07,-5.586624e-07,-6.43316e-07,-7.049098e-07,-7.867927e-07,-8.445758e-07,-9.209755e-07,-9.715857e-07,-1.038574e-06,-1.078035e-06,-1.13167e-06,-1.156372e-06,-1.193346e-06,-1.200554e-06,-1.218609e-06,-1.206722e-06,-1.204858e-06,-1.173463e-06,-1.151586e-06,-1.10096e-06,-1.059683e-06,-9.910127e-07,-9.321736e-07,-8.480248e-07,-7.745712e-07,-6.781408e-07,-5.933003e-07,-4.878951e-07,-3.949806e-07,-2.840801e-07,-1.865186e-07,-7.36454e-08,2.50153e-08,1.361504e-07,2.322967e-07,3.380433e-07,4.283807e-07,5.254356e-07,6.066397e-07,6.910517e-07,7.588373e-07,8.257596e-07,8.763277e-07,9.241049e-07,9.615092e-07,1.002844e-06,1.053357e-06,1.128555e-06,1.246032e-06,1.409246e-06,1.628346e-06,1.851929e-06,2.043476e-06,2.065005e-06,1.929464e-06,1.706026e-06,2.283263e-06,4.287977e-06,NaN,NaN,NaN,NaN,NaN,NaN,NaN,NaN,NaN,NaN,NaN,NaN,NaN,NaN
NaN,NaN,NaN,NaN,NaN,NaN,NaN,NaN,NaN,NaN,NaN,NaN,NaN,NaN,NaN,-1.317799e-06,-2.765415e-07,1.562805e-07,1.283407e-07,-7.550523e-08,-2.927493e-07,-4.928978e-07,-6.67157e-07,-8.245684e-07,-9.735855e-07,-1.11402e-06,-1.255285e-06,-1.388043e-06,-1.523643e-06,-1.646697e-06,-1.771478e-06,-1.878598e-06,-1.985318e-06,-2.069233e-06,-2.150513e-06,-2.204454e-06,-2.254147e-06,-2.273314e-06,-2.287605e-06,-2.26931e-06,-2.246373e-06,-2.189864e-06,-2.129748e-06,-2.036084e-06,-1.940528e-06,-1.812235e-06,-1.684664e-06,-1.526524e-06,-1.372781e-06,-1.1914e-06,-1.018122e-06,-8.198583e-07,-6.331261e-07,-4.244029e-07,-2.309539e-07,-1.885963e-08,1.742615e-07,3.82835e-07,5.690286e-07,7.673423e-07,9.401318e-07,1.121753e-06,1.274769e-06,1.432604e-06,1.55802e-06,1.683313e-06,1.774183e-06,1.864702e-06,1.929797e-06,2.011295e-06,2.101428e-06,2.251165e-06,2.467617e-06,2.786154e-06,3.188095e-06,3.611858e-06,3.935825e-06,3.949219e-06,3.620976e-06,3.157518e-06,4.105477e-06,7.686309e-06,NaN,NaN,NaN,NaN,NaN,NaN,NaN,NaN,NaN,NaN,NaN,NaN,NaN,NaN
NaN,NaN,NaN,NaN,NaN,NaN,NaN,NaN,NaN,NaN,NaN,NaN,NaN,NaN,NaN,-2.067539e-06,-4.193866e-07,3.15662e-07,2.086031e-07,-1.574623e-07,-6.042243e-07,-9.506883e-07,-1.297868e-06,-1.553093e-06,-1.842793e-06,-2.062341e-06,-2.331459e-06,-2.534631e-06,-2.788145e-06,-2.971959e-06,-3.201283e-06,-3.355037e-06,-3.54775e-06,-3.659029e-06,-3.802888e-06,-3.860615e-06,-3.945634e-06,-3.941857e-06,-3.961804e-06,-3.892494e-06,-3.845274e-06,-3.710236e-06,-3.596757e-06,-3.398205e-06,-3.22185e-06,-2.964967e-06,-2.73291e-06,-2.42715e-06,-2.150134e-06,-1.8071e-06,-1.496822e-06,-1.128282e-06,-7.963367e-07,-4.142696e-07,-7.2483e-08,3.109921e-07,6.504629e-07,1.022866e-06,1.347969e-06,1.697248e-06,1.997029e-06,2.312306e-06,2.575933e-06,2.844738e-06,3.058985e-06,3.267001e-06,3.421757e-06,3.567342e-06,3.680974e-06,3.812295e-06,3.977422e-06,4.23183e-06,4.624859e-06,5.170215e-06,5.876602e-06,6.568778e-06,7.08008e-06,6.968209e-06,6.266054e-06,5.266741e-06,6.596703e-06,1.216551e-05,NaN,NaN,NaN,NaN,NaN,NaN,NaN,NaN,NaN,NaN,NaN,NaN,NaN,NaN
NaN,NaN,NaN,NaN,NaN,NaN,NaN,NaN,NaN,NaN,NaN,NaN,NaN,NaN,-4.427282e-06,-3.012722e-06,-4.893815e-07,5.939671e-07,3.71201e-07,-4.091996e-07,-1.231699e-06,-1.929502e-06,-2.523831e-06,-3.017012e-06,-3.485547e-06,-3.896685e-06,-4.318156e-06,-4.688127e-06,-5.073961e-06,-5.398769e-06,-5.734588e-06,-5.996525e-06,-6.26194e-06,-6.440889e-06,-6.615987e-06,-6.694197e-06,-6.763355e-06,-6.729157e-06,-6.683823e-06,-6.532269e-06,-6.37047e-06,-6.102893e-06,-5.828264e-06,-5.450942e-06,-5.071697e-06,-4.59534e-06,-4.125102e-06,-3.567246e-06,-3.026311e-06,-2.40901e-06,-1.819328e-06,-1.163788e-06,-5.458085e-07,1.268443e-07,7.516612e-07,1.419438e-06,2.029393e-06,2.670932e-06,3.245523e-06,3.840258e-06,4.36018e-06,4.889297e-06,5.336171e-06,5.779599e-06,6.132297e-06,6.468202e-06,6.712922e-06,6.944743e-06,7.120873e-06,7.341317e-06,7.616322e-06,8.067212e-06,8.74003e-06,9.691124e-06,1.086055e-05,1.198093e-05,1.264743e-05,1.218333e-05,1.05696e-05,8.478904e-06,9.821595e-06,1.77063e-05,2.766599e-05,NaN,NaN,NaN,NaN,NaN,NaN,NaN,NaN,NaN,NaN,NaN,NaN,NaN
NaN,NaN,NaN,NaN,NaN,NaN,NaN,NaN,NaN,NaN,NaN,NaN,NaN,NaN,-6.065639e-06,-4.058817e-06,-4.034389e-07,1.259668e-06,5.767719e-07,-1.069258e-06,-2.809617e-06,-4.154844e-06,-5.333384e-06,-6.212757e-06,-7.102667e-06,-7.798758e-06,-8.572652e-06,-9.172111e-06,-9.854768e-06,-1.035153e-05,-1.091781e-05,-1.12809e-05,-1.16959e-05,-1.189158e-05,-1.212298e-05,-1.212317e-05,-1.214699e-05,-1.193449e-05,-1.173954e-05,-1.131018e-05,-1.08984e-05,-1.025997e-05,-9.642767e-06,-8.810654e-06,-8.007046e-06,-7.005376e-06,-6.045198e-06,-4.910245e-06,-3.833577e-06,-2.607688e-06,-1.456811e-06,-1.81631e-07,1.003027e-06,2.286806e-06,3.465378e-06,4.717671e-06,5.850409e-06,7.031394e-06,8.080132e-06,9.152404e-06,1.008312e-05,1.101382e-05,1.179453e-05,1.254903e-05,1.314521e-05,1.369085e-05,1.408822e-05,1.444567e-05,1.473361e-05,1.509085e-05,1.559067e-05,1.639359e-05,1.763029e-05,1.931e-05,2.134101e-05,2.310164e-05,2.385099e-05,2.229634e-05,1.857049e-05,1.389896e-05,1.420124e-05,2.422524e-05,3.78196e-05,NaN,NaN,NaN,NaN,NaN,NaN,NaN,NaN,NaN,NaN,NaN,NaN,NaN
NaN,NaN,NaN,NaN,NaN,NaN,NaN,NaN,NaN,NaN,NaN,NaN,NaN,NaN,-7.89105e-06,-5.22285e-06,3.499012e-07,2.709609e-06,6.734391e-07,-3.252208e-06,-6.918128e-06,-9.765403e-06,-1.205054e-05,-1.384594e-05,-1.5498e-05,-1.68875e-05,-1.827264e-05,-1.942894e-05,-2.059093e-05,-2.149713e-05,-2.238477e-05,-2.298123e-05,-2.353051e-05,-2.375709e-05,-2.39119e-05,-2.372149e-05,-2.344402e-05,-2.281271e-05,-2.209157e-05,-2.102133e-05,-1.987021e-05,-1.838612e-05,-1.6838e-05,-1.4981e-05,-1.308365e-05,-1.091001e-05,-8.729916e-06,-6.31819e-06,-3.941955e-06,-1.382874e-06,1.099727e-06,3.719657e-06,6.225436e-06,8.823212e-06,1.127019e-05,1.376428e-05,1.60726e-05,1.838512e-05,2.048024e-05,2.253873e-05,2.435379e-05,2.609527e-05,2.757003e-05,2.893294e-05,3.000816e-05,3.094339e-05,3.161109e-05,3.218978e-05,3.266085e-05,3.329212e-05,3.42238e-05,3.578655e-05,3.815218e-05,4.135531e-05,4.4999e-05,4.790181e-05,4.829369e-05,4.397821e-05,3.511511e-05,2.471572e-05,2.097179e-05,3.189495e-05,4.93492e-05,NaN,NaN,NaN,NaN,NaN,NaN,NaN,NaN,NaN,NaN,NaN,NaN,NaN
NaN,NaN,NaN,NaN,NaN,NaN,NaN,NaN,NaN,NaN,NaN,NaN,NaN,NaN,-9.952757e-06,-6.191344e-06,2.815344e-06,5.552991e-06,-1.002376e-06,-9.843247e-06,-1.750451e-05,-2.304867e-05,-2.761354e-05,-3.105744e-05,-3.437169e-05,-3.702492e-05,-3.976472e-05,-4.190671e-05,-4.41155e-05,-4.568142e-05,-4.72439e-05,-4.81085e-05,-4.890059e-05,-4.895039e-05,-4.887213e-05,-4.802581e-05,-4.701706e-05,-4.524142e-05,-4.329644e-05,-4.061331e-05,-3.777962e-05,-3.425851e-05,-3.062121e-05,-2.636124e-05,-2.203388e-05,-1.71661e-05,-1.230092e-05,-6.999551e-06,-1.784907e-06,3.755803e-06,9.12735e-06,1.472123e-05,2.007037e-05,2.554174e-05,3.069767e-05,3.587907e-05,4.067736e-05,4.540837e-05,4.969551e-05,5.382988e-05,5.747235e-05,6.088637e-05,6.376621e-05,6.634332e-05,6.83538e-05,7.001992e-05,7.118042e-05,7.213031e-05,7.292566e-05,7.405023e-05,7.584887e-05,7.891771e-05,8.356587e-05,8.974643e-05,9.646038e-05,0.0001012653,0.0001003585,8.977639e-05,6.979611e-05,4.768763e-05,3.38984e-05,4.136361e-05,6.231663e-05,NaN,NaN,NaN,NaN,NaN,NaN,NaN,NaN,NaN,NaN,NaN,NaN,NaN
NaN,NaN,NaN,NaN,NaN,NaN,NaN,NaN,NaN,NaN,NaN,NaN,NaN,NaN,-1.22579e-05,-6.136062e-06,9.211878e-06,8.101843e-06,-9.31902e-06,-2.650945e-05,-4.043297e-05,-5.019526e-05,-5.842424e-05,-6.473462e-05,-7.086735e-05,-7.586233e-05,-8.090299e-05,-8.489354e-05,-8.880521e-05,-9.158718e-05,-9.411837e-05,-9.543505e-05,-9.635362e-05,-9.599567e-05,-9.512788e-05,-9.295685e-05,-9.02113e-05,-8.618664e-05,-8.157943e-05,-7.576849e-05,-6.941838e-05,-6.198134e-05,-5.408104e-05,-4.523623e-05,-3.603183e-05,-2.60558e-05,-1.586404e-05,-5.114188e-06,5.679463e-06,1.680823e-05,2.781393e-05,3.894804e-05,4.980687e-05,6.059659e-05,7.096822e-05,8.108257e-05,9.064426e-05,9.977199e-05,0.000108226,0.0001160849,0.0001231727,0.0001295269,0.0001350264,0.0001396643,0.0001433889,0.0001462021,0.000148237,0.0001496717,0.0001510319,0.0001528894,0.0001562519,0.0001619048,0.0001706165,0.0001819064,0.0001938103,0.000201478,0.0001976144,0.0001752876,0.0001345487,9.216424e-05,6.104933e-05,5.560262e-05,7.624994e-05,NaN,NaN,NaN,NaN,NaN,NaN,NaN,NaN,NaN,NaN,NaN,NaN,NaN
NaN,NaN,NaN,NaN,NaN,NaN,NaN,NaN,NaN,NaN,NaN,NaN,NaN,NaN,-1.553087e-05,-1.657046e-06,1.956464e-05,3.132071e-06,-3.137356e-05,-5.933582e-05,-8.122859e-05,-9.663426e-05,-0.0001099919,-0.0001205721,-0.0001309188,-0.000139543,-0.0001480498,-0.0001548901,-0.0001612821,-0.000165864,-0.0001696457,-0.0001714991,-0.0001722664,-0.0001710397,-0.0001685111,-0.0001639891,-0.0001580341,-0.0001501774,-0.0001408589,-0.0001298235,-0.0001173884,-0.0001034941,-8.83167e-05,-7.198223e-05,-5.452997e-05,-3.627838e-05,-1.71421e-05,2.366903e-06,2.24839e-05,4.253057e-05,6.291953e-05,8.282119e-05,0.0001028308,0.0001219551,0.0001409782,0.0001587332,0.000176197,0.0001920255,0.0002074044,0.0002208062,0.0002336523,0.0002442128,0.0002541476,0.0002615029,0.0002682313,0.0002722284,0.0002759756,0.000277477,0.0002801452,0.0002823999,0.0002887605,0.0002975963,0.0003132708,0.0003313231,0.0003517993,0.0003620911,0.0003542433,0.0003114934,0.0002393323,0.0001614362,0.0001122133,8.299104e-05,9.022357e-05,NaN,NaN,NaN,NaN,NaN,NaN,NaN,NaN,NaN,NaN,NaN,NaN,NaN
NaN,NaN,NaN,NaN,NaN,NaN,NaN,NaN,NaN,NaN,NaN,NaN,NaN,-1.529962e-05,-1.948831e-05,1.132603e-05,2.695296e-05,-1.967893e-05,-7.18685e-05,-0.0001134385,-0.0001433106,-0.0001667892,-0.0001857811,-0.0002029899,-0.0002182051,-0.0002325851,-0.0002450381,-0.0002564314,-0.0002653774,-0.0002729027,-0.0002774616,-0.0002803587,-0.0002798775,-0.0002776149,-0.0002716662,-0.0002639437,-0.0002523558,-0.0002391609,-0.0002220775,-0.0002037129,-0.0001815767,-0.0001586095,-0.0001320703,-0.0001052264,-7.507895e-05,-4.524437e-05,-1.247634e-05,1.924636e-05,5.346864e-05,8.588434e-05,0.0001203943,0.0001523768,0.0001861079,0.0002166166,0.0002485794,0.0002766458,0.0003059176,0.0003306379,0.0003563778,0.0003769404,0.0003984372,0.0004141727,0.0004308419,0.0004411773,0.0004525966,0.0004573299,0.0004639685,0.0004645789,0.0004696562,0.0004714457,0.0004827161,0.0004948708,0.0005210573,0.0005469921,0.0005800585,0.0005916039,0.0005790322,0.0005046435,0.0003903382,0.0002531068,0.0001872457,0.0001346489,0.0001070923,0.0001347869,NaN,NaN,NaN,NaN,NaN,NaN,NaN,NaN,NaN,NaN,NaN,NaN
NaN,NaN,NaN,NaN,NaN,NaN,NaN,NaN,NaN,NaN,NaN,NaN,NaN,-1.797765e-05,-1.916196e-05,3.08492e-05,1.754885e-05,-6.514125e-05,-0.0001354073,-0.0001917552,-0.0002304752,-0.0002635387,-0.0002893734,-0.0003149279,-0.0003362271,-0.0003579458,-0.0003752531,-0.0003923628,-0.0004042406,-0.0004152687,-0.000420325,-0.0004241232,-0.0004213969,-0.0004172111,-0.0004061119,-0.0003935502,-0.0003738805,-0.0003529854,-0.0003250244,-0.0002963166,-0.0002607961,-0.0002251904,-0.0001831472,-0.0001417892,-9.447274e-05,-4.874629e-05,2.308949e-06,5.070822e-05,0.0001037155,0.000152964,0.0002061387,0.0002545164,0.0003062297,0.0003521621,0.0004009197,0.0004429531,0.0004873648,0.0005241442,0.000562947,0.000593269,0.0006254053,0.0006482879,0.0006728982,0.0006875241,0.0007040256,0.0007101884,0.000719394,0.0007194641,0.0007263382,0.0007283881,0.0007445362,0.0007621239,0.0008000412,0.0008373705,0.0008839057,0.0008981454,0.0008755059,0.0007619852,0.0005877082,0.0003720385,0.0002689206,0.0002151496,0.0001416621,0.0001553005,NaN,NaN,NaN,NaN,NaN,NaN,NaN,NaN,NaN,NaN,NaN,NaN
NaN,NaN,NaN,NaN,NaN,NaN,NaN,NaN,NaN,NaN,NaN,NaN,NaN,-2.439945e-05,-8.570411e-06,4.67167e-05,-2.05569e-05,-0.0001349799,-0.0002268596,-0.000296472,-0.0003464877,-0.0003891659,-0.0004240861,-0.0004586703,-0.0004880225,-0.0005178019,-0.000541435,-0.0005646044,-0.0005802111,-0.0005944567,-0.0006000402,-0.0006036996,-0.0005979658,-0.0005900102,-0.0005722154,-0.0005521523,-0.0005221157,-0.0004900788,-0.0004482966,-0.0004051006,-0.0003527062,-0.0002997234,-0.0002382802,-0.0001772049,-0.0001085664,-4.141532e-05,3.217597e-05,0.000102956,0.0001789075,0.0002506988,0.0003264339,0.0003967821,0.0004699539,0.0005366213,0.0006050828,0.0006660225,0.0007277919,0.0007811168,0.0008343919,0.0008784337,0.0009217027,0.0009551294,0.0009871795,0.001008937,0.001028977,0.001038946,0.001048215,0.001050016,0.001055632,0.00106092,0.001079124,0.001106925,0.001154443,0.001209816,0.001266365,0.001288555,0.001244643,0.001090039,0.0008292954,0.000526,0.0003402319,0.0003169078,0.0002081096,0.0001679116,NaN,NaN,NaN,NaN,NaN,NaN,NaN,NaN,NaN,NaN,NaN,NaN
NaN,NaN,NaN,NaN,NaN,NaN,NaN,NaN,NaN,NaN,NaN,NaN,NaN,-3.133643e-05,1.107199e-05,4.477597e-05,-9.169074e-05,-0.0002331198,-0.0003492341,-0.0004304705,-0.000494066,-0.0005459475,-0.000592421,-0.0006360749,-0.0006758499,-0.0007135976,-0.000745493,-0.0007740996,-0.0007947058,-0.00081079,-0.0008173918,-0.0008186772,-0.0008096161,-0.0007947744,-0.0007691713,-0.0007376283,-0.0006953678,-0.0006474034,-0.0005892877,-0.000526114,-0.0004538096,-0.0003773867,-0.0002931269,-0.0002058388,-0.0001122404,-1.689832e-05,8.291126e-05,0.0001829427,0.0002853897,0.0003865311,0.000488064,0.0005869598,0.0006843501,0.000777972,0.0008682925,0.0009538952,0.001034446,0.001109509,0.001177838,0.001240162,0.001294221,0.001342086,0.001380243,0.001412356,0.001433597,0.001450034,0.001456153,0.001462135,0.001462852,0.001474398,0.001491389,0.001533962,0.001588586,0.001667938,0.001730787,0.001764871,0.001688866,0.001489489,0.001117801,0.0007141649,0.0004025441,0.0004145479,0.0003061815,0.0001803033,NaN,NaN,NaN,NaN,NaN,NaN,NaN,NaN,NaN,NaN,NaN,NaN
NaN,NaN,NaN,NaN,NaN,NaN,NaN,NaN,NaN,NaN,NaN,NaN,NaN,-3.127328e-05,3.174566e-05,7.056407e-06,-0.0001948323,-0.0003656674,-0.0005033531,-0.0005975368,-0.0006741937,-0.0007365884,-0.0007952577,-0.0008491077,-0.0009003157,-0.0009466276,-0.0009875958,-0.001021427,-0.001047293,-0.001064052,-0.00107122,-0.001067984,-0.001054372,-0.00102953,-0.0009941247,-0.0009470908,-0.0008899004,-0.0008211975,-0.0007434107,-0.0006547649,-0.000558706,-0.0004528365,-0.0003415743,-0.0002217262,-9.87868e-05,3.127423e-05,0.0001617142,0.0002975093,0.0004307052,0.000567505,0.0006987716,0.0008321604,0.0009572415,0.001083246,0.001198307,0.001313364,0.001414895,0.001515754,0.001600572,0.00168441,0.001749873,0.001814526,0.001858567,0.001902488,0.001923915,0.00194745,0.001948826,0.001959103,0.001953264,0.001971296,0.001986185,0.002044581,0.002106659,0.002211353,0.002280411,0.00232447,0.002211208,0.001956119,0.001458956,0.0009302841,0.0004673872,0.0004750016,0.0004284245,0.0002136221,NaN,NaN,NaN,NaN,NaN,NaN,NaN,NaN,NaN,NaN,NaN,NaN
NaN,NaN,NaN,NaN,NaN,NaN,NaN,NaN,NaN,NaN,NaN,NaN,-2.422053e-05,-2.147119e-05,4.182892e-05,-7.787719e-05,-0.0003313577,-0.0005364002,-0.0006906978,-0.0007998877,-0.000887925,-0.000962441,-0.001033168,-0.001098434,-0.001161408,-0.001216844,-0.001267022,-0.001305769,-0.001336455,-0.001352595,-0.001359107,-0.001349067,-0.001328866,-0.001290848,-0.00124281,-0.001176279,-0.00110056,-0.001006394,-0.0009046913,-0.0007853171,-0.0006607553,-0.0005198024,-0.0003764088,-0.0002181649,-6.055795e-05,0.0001100424,0.0002764706,0.0004536633,0.0006228543,0.0008005708,0.0009665326,0.001139103,0.001296415,0.00145878,0.00160261,0.001750267,0.001876224,0.00200508,0.002109191,0.0022157,0.002294705,0.002376194,0.002427627,0.002482276,0.002504876,0.002533345,0.002530694,0.002542256,0.002530877,0.002552044,0.002566954,0.002637884,0.00271106,0.002837076,0.002916247,0.002962151,0.002812549,0.002484274,0.001857049,0.001169643,0.0005438268,0.0004809645,0.0005539079,0.0002839325,0.00026195,NaN,NaN,NaN,NaN,NaN,NaN,NaN,NaN,NaN,NaN,NaN
NaN,NaN,NaN,NaN,NaN,NaN,NaN,NaN,NaN,NaN,NaN,NaN,-3.264036e-05,-7.189116e-06,2.882389e-05,-0.0002108992,-0.0005058123,-0.0007462961,-0.000913273,-0.001038128,-0.001135962,-0.001223687,-0.001305878,-0.001383688,-0.001457928,-0.001523213,-0.001581609,-0.001625291,-0.001658988,-0.001673704,-0.001676829,-0.00165836,-0.001627898,-0.0015743,-0.001509064,-0.001419977,-0.001320381,-0.001197166,-0.001065512,-0.0009114218,-0.000751779,-0.0005715632,-0.0003891157,-0.0001882975,1.110068e-05,0.0002262606,0.0004358448,0.0006580935,0.0008703086,0.001092051,0.001299461,0.00151362,0.001709519,0.001909797,0.002088255,0.0022691,0.002424793,0.002581177,0.002709309,0.002836879,0.002933564,0.00302908,0.003091506,0.003152863,0.003179829,0.003208076,0.003204476,0.003211244,0.003197775,0.003215417,0.003234812,0.003311255,0.003401304,0.003540435,0.003635794,0.003671461,0.003489878,0.003068794,0.002312501,0.001432057,0.000635202,0.000433859,0.0006408908,0.0003917087,0.000274017,NaN,NaN,NaN,NaN,NaN,NaN,NaN,NaN,NaN,NaN,NaN
NaN,NaN,NaN,NaN,NaN,NaN,NaN,NaN,NaN,NaN,NaN,NaN,-3.792676e-05,6.046628e-06,-2.546053e-05,-0.0003892167,-0.0007230255,-0.0009946697,-0.001172737,-0.001311442,-0.001418476,-0.001519101,-0.001612433,-0.001703032,-0.001787834,-0.001863117,-0.001928214,-0.001976484,-0.002010644,-0.002022941,-0.002019071,-0.001990523,-0.001945171,-0.001873738,-0.001785752,-0.001671365,-0.001541554,-0.001386174,-0.001217561,-0.001025411,-0.0008231874,-0.0006003312,-0.0003710252,-0.0001243946,0.0001247424,0.0003873838,0.0006480421,0.0009177828,0.001180769,0.001448335,0.001704617,0.001961351,0.002202806,0.002441066,0.002660616,0.002873718,0.00306504,0.003246928,0.003404369,0.003549844,0.003668923,0.003774152,0.003851742,0.003914344,0.003949461,0.00397099,0.003970101,0.003964729,0.003953072,0.003959227,0.003987659,0.004061064,0.004173222,0.004315601,0.004432389,0.004445135,0.004236117,0.003705101,0.002822388,0.001720563,0.0007426903,0.000342075,0.0006474548,0.0005264509,0.0002811574,NaN,NaN,NaN,NaN,NaN,NaN,NaN,NaN,NaN,NaN,NaN
NaN,NaN,NaN,NaN,NaN,NaN,NaN,NaN,NaN,NaN,NaN,NaN,-3.238966e-05,8.148943e-06,-0.0001426714,-0.0006094967,-0.0009866764,-0.001279744,-0.001469748,-0.001617822,-0.001734609,-0.001846233,-0.001950845,-0.002053327,-0.002147983,-0.002232464,-0.002302505,-0.002354277,-0.002386022,-0.002394277,-0.002379385,-0.002338558,-0.002273328,-0.002181421,-0.002064893,-0.001922153,-0.001755608,-0.001564711,-0.001352118,-0.001118454,-0.0008663064,-0.0005973725,-0.0003136955,-1.801099e-05,0.0002883377,0.0006013354,0.0009203505,0.001239957,0.001560654,0.001875776,0.002187405,0.002487705,0.00278061,0.003056968,0.003322809,0.003567368,0.003798835,0.004004524,0.004195069,0.004355763,0.004500261,0.00461157,0.004706696,0.004766082,0.004811162,0.00482079,0.004824035,0.004800831,0.004792247,0.004780842,0.004819433,0.004883214,0.005018232,0.005156374,0.005294614,0.00527598,0.005039332,0.004389855,0.003379586,0.002041958,0.0008652018,0.0002193915,0.0005550451,0.0006651279,0.0002999569,NaN,NaN,NaN,NaN,NaN,NaN,NaN,NaN,NaN,NaN,NaN
NaN,NaN,NaN,NaN,NaN,NaN,NaN,NaN,NaN,NaN,NaN,NaN,-1.814172e-05,-1.481699e-05,-0.0003310006,-0.0008724632,-0.001296519,-0.001600125,-0.001802702,-0.001954774,-0.002081977,-0.002201632,-0.002317869,-0.002430048,-0.002534174,-0.00262561,-0.002699268,-0.00275183,-0.002778853,-0.002779757,-0.002750649,-0.002693644,-0.002604586,-0.002487788,-0.002338188,-0.002162294,-0.001954075,-0.001722577,-0.001460805,-0.001180398,-0.0008730636,-0.0005528404,-0.0002096448,0.0001401426,0.0005085479,0.0008766259,0.00125838,0.001632165,0.002014398,0.002380882,0.002750963,0.003097987,0.003444608,0.003761559,0.004075099,0.004352933,0.004625019,0.004855616,0.005078783,0.005255158,0.00542366,0.005540924,0.00565125,0.005706822,0.005758725,0.005755598,0.00575914,0.005717154,0.005707088,0.005677088,0.005720268,0.005773026,0.005923753,0.006055823,0.006206917,0.006156263,0.005883967,0.005119886,0.003974368,0.002404222,0.001001716,8.321153e-05,0.0003679885,0.0007621392,0.000347624,NaN,NaN,NaN,NaN,NaN,NaN,NaN,NaN,NaN,NaN,NaN
NaN,NaN,NaN,NaN,NaN,NaN,NaN,NaN,NaN,NaN,NaN,-2.837299e-05,-6.208135e-06,-7.574203e-05,-0.000583002,-0.001182077,-0.001648108,-0.001955077,-0.002167125,-0.002319838,-0.002455856,-0.002581615,-0.002708172,-0.00282824,-0.002940231,-0.003036336,-0.003111398,-0.003161672,-0.003181088,-0.0031708,-0.003124097,-0.003046409,-0.002929712,-0.002782877,-0.002596111,-0.002381506,-0.002127517,-0.001849597,-0.001534595,-0.001201372,-0.0008349957,-0.0004574074,-5.132695e-05,0.0003584789,0.000791741,0.001220632,0.001667242,0.002100603,0.002545625,0.002968451,0.003397312,0.003795608,0.004195265,0.00455686,0.00491632,0.00523099,0.005540816,0.005799463,0.006051271,0.006246104,0.006433514,0.006559234,0.006678577,0.006732742,0.006784291,0.006770956,0.00676667,0.00670871,0.006687847,0.006642132,0.006678735,0.006723013,0.006875698,0.007004186,0.007152459,0.007075417,0.006753538,0.005889292,0.004596946,0.002813287,0.001153503,-4.680401e-05,9.144853e-05,0.0007474113,0.0004315593,0.000378243,NaN,NaN,NaN,NaN,NaN,NaN,NaN,NaN,NaN,NaN
NaN,NaN,NaN,NaN,NaN,NaN,NaN,NaN,NaN,NaN,NaN,-3.483621e-05,-3.596407e-06,-0.0001889794,-0.0008914386,-0.001538815,-0.002036862,-0.002341322,-0.00255823,-0.002708319,-0.002851154,-0.002980452,-0.003116157,-0.003241055,-0.003359633,-0.003456422,-0.003531344,-0.003574482,-0.003584492,-0.00355724,-0.003490816,-0.003385858,-0.003239353,-0.003055409,-0.00282946,-0.002568614,-0.002266981,-0.001934757,-0.001565049,-0.001171048,-0.0007447168,-0.000301757,0.0001675214,0.000645275,0.001142887,0.001640249,0.00215027,0.002650583,0.003156004,0.003642242,0.004126451,0.004582701,0.00503082,0.005443336,0.005842992,0.006200436,0.00654115,0.006833514,0.007105977,0.007324731,0.00752194,0.007661505,0.007779686,0.007837949,0.007877981,0.007860278,0.007835994,0.00776827,0.007723029,0.007667793,0.007681896,0.007723235,0.007858746,0.007989084,0.008113594,0.00802005,0.007631282,0.006688747,0.005238073,0.003271308,0.001325342,-0.0001528132,-0.0002697067,0.0005566683,0.000547279,0.0003982795,NaN,NaN,NaN,NaN,NaN,NaN,NaN,NaN,NaN,NaN
NaN,NaN,NaN,NaN,NaN,NaN,NaN,NaN,NaN,NaN,NaN,-3.491914e-05,-1.67047e-05,-0.0003734896,-0.00124966,-0.001940776,-0.002456681,-0.002754205,-0.002969728,-0.003114609,-0.003261364,-0.003391702,-0.003534658,-0.00366101,-0.003784322,-0.003877337,-0.003950126,-0.00398073,-0.003979222,-0.003928806,-0.003840487,-0.003701429,-0.003523044,-0.003294762,-0.003027831,-0.002713284,-0.002362595,-0.001968507,-0.001543176,-0.001080851,-0.0005942624,-7.853952e-05,0.0004534911,0.001006308,0.001566983,0.002139584,0.002710815,0.003284432,0.003847083,0.004402671,0.004938101,0.005457826,0.005949263,0.00641774,0.006851398,0.00725626,0.007620725,0.007951169,0.008236231,0.008483022,0.008681082,0.008838502,0.008945803,0.009012233,0.00903032,0.009012518,0.008957107,0.008884053,0.008802099,0.008741209,0.00871808,0.008758859,0.008859362,0.008993194,0.009075235,0.008971417,0.008503438,0.007502257,0.005892015,0.00377215,0.001528517,-0.0002257881,-0.000693961,0.0001622102,0.0006537117,0.0004127671,NaN,NaN,NaN,NaN,NaN,NaN,NaN,NaN,NaN,NaN
NaN,NaN,NaN,NaN,NaN,NaN,NaN,NaN,NaN,NaN,NaN,-2.169621e-05,-5.977598e-05,-0.0006473124,-0.001650398,-0.002384876,-0.002899039,-0.00318849,-0.003393225,-0.003533001,-0.003678116,-0.003808954,-0.003954629,-0.004080719,-0.004204441,-0.004290863,-0.004357084,-0.004371367,-0.004353838,-0.004275918,-0.004161372,-0.003983557,-0.003769119,-0.003491624,-0.003179845,-0.002806817,-0.002403723,-0.001943213,-0.001459423,-0.0009244836,-0.0003753916,0.000216976,0.0008133062,0.001444551,0.002069041,0.002719625,0.003351993,0.004001087,0.004620151,0.005246692,0.005831711,0.006415864,0.006948179,0.007473011,0.007937515,0.008389656,0.00877401,0.009141926,0.009435155,0.009709051,0.009903048,0.01007711,0.01016822,0.01024149,0.0102321,0.01021283,0.01012041,0.01004034,0.009914993,0.009845673,0.009776601,0.009811549,0.009865359,0.009995585,0.01002379,0.009907227,0.009358084,0.008309759,0.006553655,0.004303658,0.001774474,-0.0002601134,-0.001149601,-0.000388051,0.000670707,0.0004272554,NaN,NaN,NaN,NaN,NaN,NaN,NaN,NaN,NaN,NaN
NaN,NaN,NaN,NaN,NaN,NaN,NaN,NaN,NaN,NaN,NaN,-2.229543e-06,-0.0001520815,-0.001007901,-0.002090497,-0.002862648,-0.003356401,-0.00363606,-0.003820613,-0.003955834,-0.004092837,-0.004224599,-0.004366826,-0.004492168,-0.004609676,-0.004688249,-0.004740921,-0.004737282,-0.004696573,-0.004589438,-0.004441424,-0.004223274,-0.003965643,-0.003637726,-0.003274184,-0.002842001,-0.002379938,-0.001853011,-0.001304576,-0.0006977249,-8.033209e-05,0.0005871467,0.001253033,0.001960223,0.002653277,0.003378479,0.004076251,0.004796478,0.005475671,0.006167883,0.006805835,0.007448345,0.008024531,0.008598749,0.009096675,0.009588286,0.009994891,0.01039183,0.01069551,0.01098748,0.01117971,0.01136087,0.0114382,0.01150833,0.01147411,0.01144302,0.01131653,0.0112184,0.01105218,0.01096146,0.01084724,0.01086009,0.0108657,0.01097339,0.01094744,0.01080304,0.01018386,0.00908765,0.007216761,0.004849414,0.002072306,-0.0002534142,-0.001597023,-0.001032313,0.0004990213,0.0004463037,NaN,NaN,NaN,NaN,NaN,NaN,NaN,NaN,NaN,NaN
NaN,NaN,NaN,NaN,NaN,NaN,NaN,NaN,NaN,NaN,NaN,8.826099e-06,-0.0003076149,-0.001437106,-0.002568508,-0.003361417,-0.003821993,-0.004086034,-0.004244678,-0.004373403,-0.004497942,-0.004629238,-0.004762973,-0.004885721,-0.004990828,-0.005059404,-0.005091645,-0.005068208,-0.004997111,-0.004859325,-0.004670341,-0.004411007,-0.004102676,-0.003724435,-0.003301824,-0.002811563,-0.002283348,-0.001692091,-0.001072105,-0.0003966472,0.000295612,0.001033752,0.001775557,0.002553099,0.003320745,0.004113642,0.00488248,0.00566573,0.00641059,0.007159319,0.007855636,0.008546235,0.009171634,0.009783951,0.01032071,0.01083956,0.01127393,0.01168674,0.01200668,0.0123029,0.0124997,0.01267349,0.01274388,0.01279565,0.01274414,0.0126854,0.01253317,0.01240002,0.01220127,0.01206969,0.01191743,0.01188467,0.01184748,0.01190551,0.01183284,0.01163624,0.01096741,0.009812572,0.007871018,0.005390239,0.00242555,-0.000208312,-0.001991231,-0.001768546,3.067723e-05,0.0004836154,NaN,NaN,NaN,NaN,NaN,NaN,NaN,NaN,NaN,NaN
NaN,NaN,NaN,NaN,NaN,NaN,NaN,NaN,NaN,NaN,-2.343406e-05,5.262356e-06,-0.0005395974,-0.00192025,-0.003076851,-0.003869457,-0.004286108,-0.004528443,-0.004656391,-0.004777248,-0.004884572,-0.005014644,-0.005133498,-0.005252833,-0.005337744,-0.005395724,-0.005398748,-0.005355446,-0.005244658,-0.005077119,-0.004837742,-0.004539242,-0.004170715,-0.003745295,-0.003254205,-0.002710359,-0.002106875,-0.001457179,-0.0007567575,-1.987568e-05,0.0007559168,0.001556186,0.002382278,0.003220283,0.004070655,0.004920094,0.005767926,0.006601749,0.007420008,0.00821167,0.008974194,0.009698424,0.01038103,0.01101594,0.01159953,0.01212916,0.01259966,0.01301128,0.01335638,0.01363904,0.01384978,0.0139978,0.0140715,0.01408611,0.01402835,0.01392239,0.01375606,0.01356725,0.01334788,0.01315253,0.01297284,0.01286737,0.01279601,0.01277366,0.01266476,0.01238798,0.0116923,0.0104646,0.008498872,0.005908247,0.002823837,-0.0001237104,-0.002307199,-0.002594773,-0.0008245579,0.0005151123,0.0004597849,NaN,NaN,NaN,NaN,NaN,NaN,NaN,NaN,NaN
NaN,NaN,NaN,NaN,NaN,NaN,NaN,NaN,NaN,NaN,-2.491595e-05,-2.178227e-05,-0.0008612935,-0.002444301,-0.003605,-0.004374633,-0.004738083,-0.004953618,-0.005046558,-0.00515917,-0.00524403,-0.005372849,-0.005469562,-0.005585252,-0.005641281,-0.00568861,-0.005653034,-0.005590443,-0.005430474,-0.005234702,-0.004935658,-0.004600561,-0.004162948,-0.003694054,-0.003126142,-0.002533597,-0.001847099,-0.001145026,-0.0003570985,0.00043393,0.001299667,0.002153759,0.003070069,0.003959278,0.004897684,0.005793293,0.0067248,0.007598,0.008494067,0.00931688,0.01014972,0.01089516,0.01163886,0.01228359,0.01291792,0.01344525,0.01395567,0.01435268,0.01472678,0.01498255,0.01521146,0.01532054,0.01540203,0.01536642,0.01530714,0.01514095,0.01496526,0.01470747,0.01447163,0.01419802,0.01399306,0.01379743,0.0136906,0.01356793,0.01342131,0.01304894,0.01233402,0.01103371,0.009070058,0.006393794,0.0032357,1.147534e-05,-0.002553971,-0.003452601,-0.00209448,0.0004158838,0.0005224415,NaN,NaN,NaN,NaN,NaN,NaN,NaN,NaN,NaN
NaN,NaN,NaN,NaN,NaN,NaN,NaN,NaN,NaN,NaN,-1.151545e-05,-9.31075e-05,-0.00128604,-0.002991968,-0.004143985,-0.004860816,-0.00517087,-0.005348952,-0.005410089,-0.005507984,-0.005571843,-0.005692969,-0.005766854,-0.005871886,-0.005897051,-0.005926703,-0.005850384,-0.005762027,-0.005551186,-0.005321451,-0.004961843,-0.004585287,-0.00407864,-0.003562231,-0.002918565,-0.002274208,-0.001506998,-0.0007504045,0.0001216201,0.0009682252,0.001919526,0.002828116,0.003829189,0.004769563,0.005789699,0.006730972,0.007739088,0.008650617,0.009616637,0.01046918,0.01136407,0.0121293,0.01292562,0.0135788,0.01425513,0.01477878,0.01532012,0.01570124,0.01609533,0.01632344,0.01656178,0.01663175,0.0167123,0.0166266,0.01655699,0.01633134,0.01613748,0.01581176,0.01554949,0.01519761,0.01495486,0.01466733,0.01450927,0.01428314,0.01408099,0.01361344,0.01286709,0.0115103,0.00955293,0.006834654,0.003626712,0.0001955731,-0.002744545,-0.00427702,-0.003616495,-5.626808e-05,0.0005945115,NaN,NaN,NaN,NaN,NaN,NaN,NaN,NaN,NaN
NaN,NaN,NaN,NaN,NaN,NaN,NaN,NaN,NaN,NaN,1.15451e-05,-0.0002405045,-0.001807803,-0.003548986,-0.00468206,-0.005313084,-0.005577796,-0.005702346,-0.005743804,-0.005812672,-0.005866207,-0.005963619,-0.006023924,-0.006100817,-0.006104103,-0.006097921,-0.005990569,-0.00585828,-0.005607667,-0.005326106,-0.0049186,-0.004483064,-0.003921733,-0.003340785,-0.002637497,-0.00192478,-0.001094625,-0.0002673983,0.0006693001,0.00158704,0.002602927,0.003581214,0.004644879,0.005651402,0.006730014,0.007731634,0.008792098,0.009756343,0.01076725,0.01166379,0.0125953,0.0133948,0.0142183,0.01489451,0.01558723,0.01612176,0.01666849,0.01704861,0.01743758,0.01765313,0.01787614,0.01792232,0.01797782,0.01785784,0.01775439,0.01748505,0.01724965,0.01687132,0.01655898,0.01614309,0.01583765,0.01547004,0.01523348,0.01491295,0.01462709,0.01407427,0.01327409,0.01188073,0.009924294,0.007205045,0.003970414,0.0003989187,-0.002874755,-0.005041267,-0.005120306,-0.001123999,0.0005815381,NaN,NaN,NaN,NaN,NaN,NaN,NaN,NaN,NaN
NaN,NaN,NaN,NaN,NaN,NaN,NaN,NaN,NaN,NaN,2.628145e-05,-0.0004900956,-0.002398169,-0.004109263,-0.005199756,-0.005723948,-0.005947901,-0.006008675,-0.006041091,-0.006068442,-0.006122146,-0.00617934,-0.006236488,-0.00626595,-0.006258887,-0.00619605,-0.006071101,-0.005873312,-0.005598688,-0.005243462,-0.004806307,-0.004289871,-0.003694494,-0.003027057,-0.002287079,-0.001484136,-0.0006161776,0.0003034119,0.001277589,0.00228802,0.003339419,0.004408871,0.00550458,0.006598868,0.007704212,0.008787804,0.009867655,0.0109062,0.01192822,0.01289065,0.01382462,0.01468062,0.01549684,0.01621871,0.01689347,0.01746211,0.01798013,0.01838275,0.01873253,0.01895932,0.01913344,0.01918042,0.01917822,0.01904905,0.01887945,0.01859137,0.01828212,0.01787599,0.01748142,0.0170257,0.01662435,0.01619851,0.01584787,0.01545214,0.015046,0.01442708,0.01354019,0.01213548,0.01016011,0.007482891,0.004230652,0.0005948624,-0.002969749,-0.005703309,-0.006573041,-0.002930101,0.0004595832,NaN,NaN,NaN,NaN,NaN,NaN,NaN,NaN,NaN
NaN,NaN,NaN,NaN,NaN,NaN,NaN,NaN,NaN,5.426681e-07,2.852126e-05,-0.0008654671,-0.00303079,-0.004662972,-0.005680023,-0.006087101,-0.006272844,-0.006264893,-0.006297219,-0.006272492,-0.006335986,-0.006336855,-0.006401378,-0.006363728,-0.006358829,-0.006217747,-0.006090337,-0.005804498,-0.005523836,-0.005072001,-0.004626004,-0.004005577,-0.003399595,-0.002622553,-0.001871758,-0.0009555207,-7.78131e-05,0.0009570873,0.001938559,0.003064291,0.004119122,0.005302357,0.006396821,0.00760171,0.008699263,0.009887519,0.01095116,0.01208701,0.01308419,0.0141359,0.01503571,0.01597168,0.01674388,0.0175359,0.01815666,0.01878469,0.01923779,0.01968825,0.0199628,0.0202271,0.02031724,0.02039212,0.02029743,0.0201865,0.01991642,0.01963761,0.01922052,0.01881442,0.01830316,0.01783478,0.01730249,0.01684436,0.01634299,0.01589544,0.01533057,0.01466721,0.01365648,0.01226475,0.01024277,0.00764595,0.004375242,0.000748537,-0.00306287,-0.006255961,-0.008030963,-0.005568024,0.0001633548,0.0002834623,NaN,NaN,NaN,NaN,NaN,NaN,NaN,NaN
NaN,NaN,NaN,NaN,NaN,NaN,NaN,NaN,NaN,-2.824125e-06,2.886439e-07,-0.001384443,-0.003685101,-0.005194247,-0.006112507,-0.006394879,-0.006550097,-0.00646808,-0.006511143,-0.006423281,-0.006505827,-0.006435398,-0.006515721,-0.006394535,-0.006400487,-0.006165022,-0.006044713,-0.005655804,-0.005379679,-0.004817864,-0.004374791,-0.003638915,-0.003034929,-0.002138363,-0.001389853,-0.0003522869,0.0005211019,0.001677269,0.002651667,0.003897465,0.004941449,0.006241438,0.007319703,0.008636463,0.009711987,0.01100603,0.01204032,0.01327323,0.01423206,0.01537129,0.01622475,0.01723935,0.01795727,0.01881742,0.01937453,0.02005901,0.02043946,0.02093514,0.02112876,0.02142718,0.02142884,0.02152734,0.02133783,0.02124048,0.02086983,0.02059447,0.02007144,0.01965761,0.01903317,0.01854117,0.01788324,0.01737868,0.01673507,0.01621643,0.01550294,0.01476659,0.01364611,0.01223171,0.01019281,0.007639841,0.004416786,0.0007750997,-0.003135541,-0.006801176,-0.009355452,-0.008948268,-0.0007771038,0.000487948,NaN,NaN,NaN,NaN,NaN,NaN,NaN,NaN
NaN,NaN,NaN,NaN,NaN,NaN,NaN,NaN,NaN,1.492711e-05,-0.0001176325,-0.002050216,-0.004330062,-0.00569827,-0.006478284,-0.006656238,-0.006765541,-0.00663308,-0.006667821,-0.006537918,-0.006614287,-0.006493552,-0.006560278,-0.006378849,-0.006363614,-0.006060419,-0.005913454,-0.005452176,-0.005145804,-0.004508637,-0.004032473,-0.003219241,-0.002580511,-0.001606404,-0.0008231365,0.0002908822,0.001198263,0.002428649,0.003434479,0.004750008,0.005821252,0.00718599,0.008287604,0.009663721,0.01075698,0.0121023,0.01314665,0.01442193,0.0153835,0.01655623,0.01740448,0.0184425,0.01914704,0.02002103,0.02055746,0.02124576,0.02159707,0.02208502,0.02224123,0.02252143,0.02247951,0.0225503,0.02231193,0.02217712,0.0217528,0.02142956,0.02084799,0.02037405,0.01968512,0.01911658,0.01838355,0.01777684,0.01704157,0.01639142,0.01558171,0.01470696,0.01353108,0.01201883,0.01002172,0.007432754,0.00434518,0.0006270678,-0.003216833,-0.007381272,-0.01047283,-0.01239487,-0.003093923,0.0007525913,NaN,NaN,NaN,NaN,NaN,NaN,NaN,NaN
NaN,NaN,NaN,NaN,NaN,NaN,NaN,NaN,NaN,4.391697e-05,-0.0004132976,-0.002829693,-0.00493552,-0.006176093,-0.006755131,-0.006891988,-0.006898839,-0.006786693,-0.006744129,-0.006644636,-0.006635861,-0.006540431,-0.006508378,-0.006346675,-0.006221668,-0.005935438,-0.005671165,-0.005226167,-0.004797573,-0.004177473,-0.003576249,-0.0027815,-0.002016071,-0.0010621,-0.0001521553,0.0009388218,0.001970607,0.00317413,0.00430079,0.005585266,0.006772233,0.008100751,0.009311553,0.01064628,0.01184185,0.01314042,0.0142784,0.01549981,0.01654463,0.01765642,0.01857818,0.01954923,0.02031754,0.02111821,0.02170808,0.02231667,0.02271105,0.02311273,0.0233013,0.02348882,0.02346946,0.02344255,0.02321825,0.02298119,0.02256239,0.02213173,0.02154646,0.02095831,0.02025383,0.01955977,0.01879382,0.01804341,0.01725202,0.01643707,0.01555467,0.01451418,0.01328812,0.01166065,0.0096905,0.007071047,0.004086656,0.0003562662,-0.00345077,-0.007897097,-0.01154478,-0.01497877,-0.007195346,0.0004961361,NaN,NaN,NaN,NaN,NaN,NaN,NaN,NaN
NaN,NaN,NaN,NaN,NaN,NaN,NaN,NaN,NaN,6.838613e-05,-0.0009730704,-0.003663447,-0.005494825,-0.006610987,-0.006946326,-0.00710454,-0.006953649,-0.00693464,-0.006741121,-0.006748813,-0.006569996,-0.006581057,-0.006359723,-0.006303426,-0.005975506,-0.005795603,-0.005320067,-0.004983916,-0.00433968,-0.003831476,-0.003012597,-0.00233244,-0.001349422,-0.0005129658,0.0006122554,0.001582798,0.002825955,0.003906031,0.005237856,0.006394864,0.007778805,0.008976227,0.01037557,0.01157641,0.01295087,0.01411197,0.01541744,0.01649768,0.01769803,0.01866522,0.01972978,0.02055288,0.02145134,0.02210213,0.02281023,0.02326731,0.02376669,0.02401436,0.02429427,0.02432643,0.02438576,0.02420323,0.02404508,0.02365285,0.0232879,0.02270294,0.02215745,0.02141357,0.02073058,0.01987613,0.01910786,0.01818739,0.01736167,0.01636454,0.01541844,0.01420495,0.01291801,0.01117851,0.009195657,0.006569622,0.003621482,-3.681664e-05,-0.003884483,-0.008366714,-0.01260129,-0.01675557,-0.01290594,-0.0006275129,NaN,NaN,NaN,NaN,NaN,NaN,NaN,NaN
NaN,NaN,NaN,NaN,NaN,NaN,NaN,NaN,3.030195e-05,2.354495e-05,-0.00182853,-0.004511987,-0.005995661,-0.006991182,-0.007064143,-0.007287392,-0.006950097,-0.007063597,-0.006682352,-0.006830294,-0.006444231,-0.006590382,-0.006146295,-0.006220558,-0.005661766,-0.005610254,-0.004901434,-0.004693001,-0.003817002,-0.003436568,-0.002389887,-0.00183748,-0.0006322826,7.638644e-05,0.001416486,0.002259051,0.003708476,0.004660139,0.00618793,0.007215154,0.008783128,0.009849435,0.01142093,0.01249035,0.01402479,0.01505377,0.01650563,0.01745272,0.01878562,0.01961926,0.02080223,0.02149133,0.02249363,0.02301104,0.02380957,0.02413542,0.0247114,0.02482913,0.02517008,0.02507385,0.02517928,0.02487214,0.02474567,0.02423365,0.0238847,0.02318486,0.02263713,0.02178238,0.0210742,0.02011059,0.01928661,0.01825475,0.01733306,0.0162228,0.01513977,0.01383313,0.012391,0.01062927,0.008507922,0.005984847,0.002912883,-0.0005084457,-0.004580716,-0.008777649,-0.01374319,-0.01794165,-0.01968837,-0.003383956,9.719933e-05,NaN,NaN,NaN,NaN,NaN,NaN,NaN
NaN,NaN,NaN,NaN,NaN,NaN,NaN,NaN,8.601035e-05,-0.0003079821,-0.00290791,-0.0053119,-0.0064583,-0.007269461,-0.007168878,-0.007384116,-0.006960789,-0.007103777,-0.006646747,-0.006810435,-0.006342796,-0.006484764,-0.005957098,-0.006012154,-0.005373433,-0.00529248,-0.004511091,-0.004266579,-0.003327696,-0.002906802,-0.00180745,-0.00121138,3.571737e-05,0.0007895387,0.002160433,0.003049178,0.004518991,0.00551687,0.007053218,0.00812424,0.009688413,0.01079659,0.01235371,0.01346339,0.01497221,0.01603843,0.01745347,0.01843586,0.01972199,0.02058871,0.02171336,0.02243215,0.02336521,0.02391141,0.02463187,0.02498638,0.02547401,0.02561931,0.02586106,0.02579253,0.02578804,0.02550937,0.02526148,0.02478027,0.02429856,0.02363288,0.02293737,0.02211757,0.02124099,0.02031212,0.01929311,0.01829246,0.01713805,0.01605448,0.01469981,0.01343652,0.01170336,0.01004554,0.007641459,0.005334124,0.001992393,-0.001075366,-0.005490061,-0.0092285,-0.01491109,-0.01882886,-0.02532408,-0.009431099,0.0005126459,NaN,NaN,NaN,NaN,NaN,NaN,NaN
NaN,NaN,NaN,NaN,NaN,NaN,NaN,5.831477e-06,0.0001409901,-0.001147409,-0.004074714,-0.005973547,-0.006935215,-0.007370652,-0.007347177,-0.00731406,-0.007072959,-0.006971793,-0.006716035,-0.006608554,-0.006342121,-0.0061903,-0.005863708,-0.005612159,-0.005176798,-0.004784484,-0.004210263,-0.003655159,-0.00292742,-0.002200182,-0.001315439,-0.0004198928,0.0006095449,0.001653938,0.002805111,0.003974677,0.005223754,0.006491119,0.007805002,0.009131992,0.01047224,0.0118232,0.01315676,0.01449605,0.0157814,0.0170629,0.01825534,0.01944015,0.02050646,0.0215625,0.02246851,0.0233616,0.02407763,0.02478558,0.0252938,0.02579866,0.02607791,0.02636014,0.02639665,0.02645226,0.02624721,0.02608042,0.02563647,0.02525396,0.02458071,0.02400003,0.02311701,0.02236565,0.02130252,0.02042001,0.01921058,0.01822678,0.01687412,0.01577428,0.0142194,0.01291509,0.01100214,0.009303086,0.006780355,0.004462224,0.001098721,-0.00195526,-0.006304373,-0.01008664,-0.01567492,-0.02009801,-0.02774845,-0.01852753,-0.001228184,-0.001593557,NaN,NaN,NaN,NaN,NaN,NaN
NaN,NaN,NaN,NaN,NaN,NaN,NaN,0.0001045911,-0.0001164106,-0.002514387,-0.00521173,-0.006468259,-0.007397274,-0.00732285,-0.00756589,-0.007120928,-0.007232691,-0.006723571,-0.006820456,-0.006293524,-0.006361511,-0.005787947,-0.005777361,-0.005111981,-0.004977312,-0.004187027,-0.003900229,-0.002966497,-0.002513029,-0.001429427,-0.0008081999,0.0004186665,0.001196018,0.002548743,0.003460943,0.004914188,0.005933738,0.007457919,0.008553335,0.01011423,0.01124866,0.01280802,0.01394366,0.01546463,0.01656395,0.01800667,0.01902735,0.0203498,0.02125354,0.02242251,0.02317938,0.02416589,0.02474729,0.02552514,0.02590977,0.02646195,0.02663464,0.02694537,0.02689166,0.02695098,0.02666955,0.02648243,0.02598176,0.02555533,0.02484393,0.02418937,0.02328759,0.02243078,0.02137079,0.02034097,0.01915119,0.01796565,0.01665486,0.01529463,0.01381612,0.01218449,0.01040642,0.008321768,0.006052352,0.00330122,0.0003691453,-0.003214109,-0.006894348,-0.01143547,-0.01595495,-0.02184203,-0.0275729,-0.02888561,-0.007163734,-0.0004494691,NaN,NaN,NaN,NaN,NaN,NaN
NaN,NaN,NaN,NaN,NaN,0.0001353249,-6.979571e-05,0.0001837678,-0.001116477,-0.004038083,-0.006148098,-0.006920138,-0.007643387,-0.00733982,-0.007595029,-0.007035714,-0.007192779,-0.006593674,-0.006710964,-0.006100123,-0.006157432,-0.005509134,-0.005463519,-0.004738181,-0.004551236,-0.003719272,-0.003367747,-0.002411741,-0.001884105,-0.0007981168,-9.638838e-05,0.001112565,0.001975289,0.003291679,0.00429418,0.005693497,0.006805927,0.008257893,0.009448078,0.01092094,0.01215309,0.01360903,0.01484283,0.01624405,0.01744282,0.01875356,0.01987791,0.02105673,0.02206579,0.02307776,0.02394255,0.0247621,0.02545639,0.02605653,0.0265565,0.02691912,0.02721254,0.02732574,0.0274003,0.02725117,0.02710189,0.0266929,0.02633134,0.02567216,0.02510871,0.02420605,0.02345808,0.0223334,0.02143427,0.02011253,0.01908802,0.01757561,0.01643251,0.01470548,0.01340738,0.01137118,0.009806035,0.007287598,0.005301493,0.002101842,-0.0004299963,-0.004491546,-0.007612137,-0.01272794,-0.01641422,-0.02314238,-0.02728985,-0.03509468,-0.0179943,-0.001301571,-0.002458795,-0.0007336119,NaN,NaN,NaN,NaN
-0.0003008213,-0.0003361797,-0.0001469781,-0.0001758512,-2.210396e-05,-6.316751e-05,0.0001443644,-0.0004457302,-0.002831454,-0.005382645,-0.006715127,-0.007417358,-0.007553968,-0.007524998,-0.007328575,-0.007136697,-0.006869055,-0.006634021,-0.006329786,-0.00605684,-0.005699201,-0.005361971,-0.004916787,-0.00448016,-0.003915758,-0.003353643,-0.002650368,-0.001947637,-0.001095939,-0.0002483884,0.0007486436,0.00173272,0.002861915,0.003966706,0.005207721,0.006408594,0.007731828,0.008997551,0.01037111,0.0116701,0.01305968,0.01435444,0.01571992,0.01697179,0.01827712,0.01945183,0.02066031,0.02171803,0.02278905,0.02369391,0.02459823,0.02532577,0.02603881,0.02656317,0.0270604,0.02736301,0.02763223,0.02770384,0.02773421,0.027563,0.02734661,0.02693365,0.02647985,0.0258375,0.02515651,0.02429347,0.02339767,0.02233419,0.02124995,0.02001179,0.01875747,0.01735226,0.01592412,0.01433253,0.01268743,0.01083281,0.00885924,0.006601736,0.004147913,0.001335613,-0.001733566,-0.005222373,-0.008997224,-0.01325461,-0.0178123,-0.02307384,-0.02855691,-0.03477062,-0.03051155,-0.00920767,-0.001351594,-0.001864247,-0.0009522188,-0.001020847,-0.0005560119,-0.0005780978
-0.0002494647,-0.0003904276,-0.0001055828,-0.0002139811,3.00111e-05,-9.292999e-05,-0.0002752023,-0.002044667,-0.004429038,-0.006337322,-0.007104721,-0.007642036,-0.00746897,-0.007514141,-0.007122732,-0.007048939,-0.006612974,-0.006480361,-0.006015942,-0.005818996,-0.005309534,-0.00502506,-0.004441467,-0.004040767,-0.003355412,-0.002817139,-0.002012256,-0.001324822,-0.0003919362,0.0004463698,0.001504382,0.002483857,0.003654282,0.004757718,0.006020956,0.007223489,0.008551597,0.009821736,0.01118324,0.01248832,0.01384981,0.01515307,0.01647643,0.01773936,0.01898866,0.02017649,0.02131667,0.0223918,0.02338489,0.02431186,0.02512782,0.02588103,0.02649593,0.02705131,0.02744227,0.02778142,0.02793534,0.02804899,0.02795624,0.02783468,0.0274874,0.02713034,0.02653494,0.02595424,0.02512112,0.02432749,0.02326726,0.02227865,0.0210118,0.01985168,0.01839218,0.01706794,0.01540655,0.01389939,0.01199049,0.01023479,0.007974067,0.005852569,0.003098136,0.0004880984,-0.002890125,-0.006073329,-0.01017556,-0.01395994,-0.01888137,-0.02326956,-0.02915528,-0.03370826,-0.03665075,-0.02231499,-0.005155062,-0.00195189,-0.0009267099,-0.001147539,-0.0005198824,-0.0006493121
-0.0004555848,-0.0002178807,-0.0002953883,-0.0001421455,-0.0003727233,-0.0005023677,-0.001626534,-0.003594242,-0.00545406,-0.006831401,-0.007353632,-0.00757194,-0.0074203,-0.007286581,-0.006984918,-0.006763484,-0.006415386,-0.006140135,-0.005747359,-0.005409859,-0.004955534,-0.004535911,-0.003995381,-0.003469749,-0.002819887,-0.002170099,-0.001396056,-0.0006124387,0.0002920404,0.001210066,0.002240937,0.003283596,0.00442764,0.005577805,0.006815041,0.008048394,0.009351267,0.01063725,0.01197447,0.01328074,0.01461893,0.01590969,0.01721169,0.01844953,0.01967978,0.02083028,0.02195441,0.02298168,0.02396365,0.02483357,0.02564352,0.02632996,0.02694396,0.02742359,0.02782016,0.02807514,0.02824134,0.02826193,0.028189,0.02796641,0.02764785,0.02718067,0.02662154,0.02591914,0.02513019,0.02420308,0.02319613,0.02205916,0.02085207,0.01952262,0.01812793,0.0166096,0.01501959,0.01328992,0.01146323,0.009457306,0.007305027,0.00491492,0.002320079,-0.0005688257,-0.003708219,-0.007179181,-0.01092367,-0.01500365,-0.01935455,-0.02398972,-0.02878789,-0.03343146,-0.03636578,-0.03148709,-0.01581591,-0.004750103,-0.002754917,-0.001089275,-0.0008634859,-0.0004154944
-0.0007654555,-0.0005768308,-0.0005471346,-0.0005917597,-0.000988542,-0.001648892,-0.002771095,-0.004538285,-0.006055089,-0.00701997,-0.007358115,-0.007420418,-0.007240432,-0.007040577,-0.006737805,-0.006464123,-0.006110147,-0.005782166,-0.005374515,-0.00498203,-0.004505352,-0.004030574,-0.003464314,-0.002886943,-0.002211973,-0.001516465,-0.0007206144,0.0001009535,0.001021919,0.001969106,0.003010245,0.00407325,0.005220944,0.006382544,0.007616503,0.008852926,0.01014629,0.01142801,0.01274976,0.01404459,0.01536146,0.01663463,0.01791076,0.01912612,0.02032622,0.02144943,0.02253957,0.02353642,0.02448259,0.02532055,0.0260931,0.0267456,0.02732041,0.02776505,0.02812186,0.02834159,0.02846723,0.028452,0.02833808,0.0280804,0.02772143,0.02721974,0.02661922,0.02588123,0.02504906,0.02408547,0.02303338,0.02185768,0.02060055,0.01922673,0.01777414,0.01620397,0.0145471,0.01275823,0.01085773,0.008790858,0.006567311,0.004127655,0.001479227,-0.001431641,-0.004590314,-0.008038187,-0.01174667,-0.01573011,-0.01993538,-0.02430427,-0.02866625,-0.0326479,-0.03540997,-0.03369437,-0.0239046,-0.01258504,-0.006664385,-0.003034142,-0.00167274,-0.001011264
-0.00194013,-0.001525795,-0.001376036,-0.001430504,-0.0018616,-0.002622543,-0.003757915,-0.005186512,-0.006322466,-0.007021442,-0.007233739,-0.007209476,-0.007006704,-0.006761647,-0.006446393,-0.006128766,-0.005758056,-0.005383672,-0.004954506,-0.004513592,-0.004012012,-0.00348871,-0.002897072,-0.002274029,-0.00157624,-0.0008402746,-2.62705e-05,0.0008289731,0.001761926,0.002734968,0.003781152,0.004861964,0.006007676,0.007179145,0.008404142,0.009642774,0.01092066,0.01219767,0.01349812,0.01478197,0.01607221,0.01732873,0.01857369,0.01976769,0.02093294,0.02203076,0.02308298,0.02405131,0.0249577,0.02576533,0.02649721,0.027118,0.02765135,0.0280631,0.02837818,0.02856444,0.02864846,0.02859937,0.02844425,0.02815294,0.02775389,0.02721895,0.02657874,0.02580658,0.02493411,0.02393499,0.02284176,0.02162824,0.02032713,0.01891032,0.01740834,0.01578839,0.01407648,0.01223186,0.01027334,0.008149843,0.005874298,0.003389333,0.0007098732,-0.002219819,-0.005372349,-0.008796017,-0.01243925,-0.01632733,-0.02035831,-0.02448382,-0.02843305,-0.03186971,-0.03400169,-0.03352245,-0.02788086,-0.01889558,-0.01187719,-0.006842176,-0.004096017,-0.00265736
-0.003864483,-0.003105715,-0.002695048,-0.002655763,-0.002967202,-0.003665128,-0.004578796,-0.005647152,-0.00649913,-0.006972244,-0.007091764,-0.007004833,-0.00677422,-0.006490704,-0.006148908,-0.005791651,-0.005391162,-0.004975826,-0.004515272,-0.004033,-0.003499823,-0.002936151,-0.002314825,-0.00165454,-0.0009311865,-0.0001629095,0.0006709142,0.001552208,0.002498057,0.00349008,0.004541773,0.005634368,0.006778162,0.007954228,0.009170002,0.01040648,0.01166853,0.01293739,0.01421598,0.0154861,0.01674895,0.01798703,0.01920014,0.02037193,0.02150143,0.02257367,0.02358683,0.02452728,0.02539269,0.0261713,0.02686087,0.02745178,0.0279418,0.02832345,0.02859487,0.02875123,0.02879127,0.02871248,0.02851341,0.02819346,0.02775123,0.02718887,0.02650562,0.02570636,0.02479015,0.02376381,0.02262557,0.02138382,0.02003489,0.01858717,0.01703274,0.01537803,0.01360848,0.0117265,0.009708351,0.007551261,0.005222742,0.002719521,6.457164e-06,-0.002911041,-0.006062349,-0.009424557,-0.01301146,-0.01676042,-0.02064127,-0.02448837,-0.02811916,-0.03107693,-0.03284715,-0.0323885,-0.02894969,-0.02291624,-0.01648542,-0.01115337,-0.007440693,-0.005215866
-0.006328256,-0.005133295,-0.004442841,-0.004152889,-0.004266456,-0.00470492,-0.005391257,-0.00612843,-0.006689166,-0.006989815,-0.00701973,-0.006869435,-0.006602147,-0.006271129,-0.005895143,-0.005490084,-0.005054535,-0.004592487,-0.00409758,-0.003570957,-0.003005138,-0.002400539,-0.001749613,-0.001053274,-0.0003048635,0.0004932969,0.001346488,0.002250609,0.003209355,0.004216591,0.005274323,0.006374447,0.007517535,0.008693744,0.009902384,0.01113201,0.01238095,0.01363661,0.01489684,0.01614818,0.01738811,0.01860247,0.01978875,0.02093268,0.02203228,0.0230733,0.02405419,0.02496075,0.0257923,0.02653529,0.02719035,0.02774466,0.02820002,0.02854442,0.02878135,0.02890016,0.02890623,0.02878986,0.02855766,0.02820053,0.02772656,0.02712774,0.02641402,0.02557839,0.02463225,0.02356896,0.02240086,0.02112089,0.01974116,0.01825251,0.01666518,0.01496612,0.01316204,0.01123391,0.009183177,0.00698376,0.004633386,0.002102728,-0.0006080167,-0.003524108,-0.006633363,-0.009948747,-0.01343268,-0.0170648,-0.02074749,-0.02436857,-0.02766665,-0.03028996,-0.031675,-0.03137729,-0.02888697,-0.02456391,-0.01960617,-0.01479155,-0.0109302,-0.008163531
-0.008825102,-0.007347146,-0.006358724,-0.0058262,-0.005671255,-0.005854996,-0.006220804,-0.006660814,-0.007002311,-0.007135928,-0.00706809,-0.00685078,-0.006528698,-0.006147658,-0.005721052,-0.005267773,-0.004783314,-0.004275609,-0.003735148,-0.00316654,-0.00255946,-0.00191731,-0.00123034,-0.0005018351,0.000276456,0.001100582,0.001976775,0.002900051,0.003874436,0.004893725,0.005959669,0.007064846,0.0082089,0.009383386,0.0105861,0.01180776,0.01304458,0.01428676,0.01552926,0.01676211,0.01797935,0.01917104,0.0203306,0.0214485,0.02251792,0.02353002,0.02447792,0.0253536,0.02615038,0.02686139,0.02748046,0.02800213,0.02842084,0.02873267,0.02893292,0.02901959,0.02898901,0.02884096,0.02857248,0.02818478,0.02767547,0.0270475,0.02629927,0.02543553,0.0244552,0.02336438,0.02216184,0.02085426,0.01943906,0.01792212,0.01629774,0.01456956,0.01272728,0.01077114,0.008684916,0.006465085,0.004090467,0.001557705,-0.001154057,-0.004040057,-0.007112248,-0.01034793,-0.01373779,-0.01721814,-0.02072542,-0.02409747,-0.02713207,-0.02946063,-0.03069602,-0.03032084,-0.02837142,-0.025193,-0.02127185,-0.01731159,-0.01375447,-0.01093986
-0.01102552,-0.009402497,-0.008244161,-0.007482983,-0.007097148,-0.006999768,-0.007121557,-0.007307301,-0.007426026,-0.007416789,-0.007250702,-0.006958568,-0.006577105,-0.006136556,-0.005656442,-0.005146387,-0.004610836,-0.004049907,-0.003462296,-0.002845459,-0.002196215,-0.001511704,-0.0007883377,-2.40858e-05,0.0007841424,0.001636821,0.002536028,0.003480354,0.004470611,0.00550334,0.006578004,0.007689175,0.008835113,0.0100086,0.01120684,0.01242101,0.01364752,0.01487634,0.01610343,0.01731784,0.01851528,0.01968408,0.02082007,0.02191135,0.02295424,0.0239368,0.02485592,0.02569975,0.0264661,0.02714369,0.02773155,0.028219,0.02860632,0.0288836,0.02905268,0.02910484,0.02904369,0.02886149,0.0285633,0.02814209,0.02760437,0.02694393,0.0261688,0.02527347,0.02426735,0.02314532,0.02191769,0.02057883,0.0191388,0.01759,0.0159409,0.01418065,0.01231512,0.01032901,0.008224959,0.005983075,0.003604462,0.00106797,-0.001621522,-0.004479823,-0.007489136,-0.01065055,-0.01391905,-0.01726017,-0.0205687,-0.02372645,-0.02649808,-0.0286062,-0.02965911,-0.02945584,-0.0278353,-0.02517029,-0.0220665,-0.01879957,-0.01575931,-0.01312915
-0.01270343,-0.01111168,-0.009872872,-0.008996344,-0.008429553,-0.008142929,-0.008023266,-0.007996399,-0.007952427,-0.00780732,-0.007545391,-0.007181851,-0.006737043,-0.006240069,-0.005701761,-0.005137348,-0.004545562,-0.003932798,-0.003292753,-0.00262838,-0.001932039,-0.001205515,-0.0004414305,0.0003584387,0.001200302,0.00208166,0.003007024,0.003972794,0.004981574,0.006028496,0.007114205,0.008232574,0.009382391,0.01055642,0.01175183,0.01296048,0.01417816,0.01539608,0.01660893,0.01780762,0.01898606,0.02013511,0.02124822,0.02231648,0.0233332,0.02428998,0.02518027,0.02599643,0.0267322,0.02738095,0.027937,0.02839495,0.02874985,0.02899769,0.02913444,0.02915768,0.02906445,0.02885397,0.02852424,0.02807588,0.02750763,0.02682151,0.02601697,0.02509743,0.02406289,0.02291785,0.02166234,0.02030127,0.01883361,0.01726345,0.01558728,0.0138073,0.01191658,0.009914952,0.007791764,0.00554488,0.003161232,0.0006401634,-0.00202916,-0.004838885,-0.007789363,-0.01085407,-0.01401002,-0.01719118,-0.02032262,-0.02325643,-0.02581469,-0.02772287,-0.02872515,-0.02852055,-0.02721425,-0.02506538,-0.02238864,-0.01964139,-0.01700918,-0.01468567
-0.0139245,-0.01240696,-0.01119345,-0.01025761,-0.009597025,-0.009156377,-0.008895048,-0.00870854,-0.008511803,-0.008259481,-0.007915793,-0.007486002,-0.0069865,-0.006434996,-0.005845918,-0.005227613,-0.004585037,-0.003919418,-0.003230437,-0.002516489,-0.00177509,-0.001004023,-0.000200212,0.0006379667,0.001513241,0.002425917,0.003377823,0.004367581,0.005395833,0.006459346,0.007557489,0.008685228,0.009840757,0.01101738,0.01221226,0.01341722,0.01462863,0.01583717,0.01703871,0.01822308,0.01938587,0.02051629,0.02160999,0.02265598,0.02365031,0.02458201,0.02544766,0.02623648,0.02694594,0.02756581,0.02809466,0.02852293,0.02885039,0.02906827,0.02917777,0.02917123,0.02905144,0.02881176,0.02845642,0.02797964,0.02738705,0.02667366,0.02584639,0.02490086,0.0238451,0.02267511,0.02139971,0.02001452,0.01852819,0.01693479,0.01524172,0.0134405,0.01153666,0.009518678,0.007390318,0.005137582,0.002764418,0.0002574348,-0.002374588,-0.005138517,-0.008012373,-0.01098707,-0.0140139,-0.01704981,-0.01999338,-0.02273496,-0.02508279,-0.02683488,-0.02773414,-0.02769379,-0.02661741,-0.02474749,-0.02250444,-0.02010469,-0.01781261,-0.01572383
-0.01477897,-0.01337228,-0.01219844,-0.01127313,-0.01056201,-0.01005185,-0.009666539,-0.00936376,-0.00907215,-0.008730724,-0.008318942,-0.007836748,-0.007289479,-0.006695139,-0.006060381,-0.005398083,-0.004708164,-0.003997245,-0.003261026,-0.002502789,-0.001716625,-0.00090444,-6.023703e-05,0.000814272,0.001724248,0.002667415,0.003647528,0.004661321,0.005710877,0.006791751,0.00790428,0.009042808,0.01020598,0.01138706,0.0125832,0.01378676,0.01499365,0.01619553,0.01738732,0.0185603,0.01970871,0.02082375,0.02189926,0.0229266,0.0238995,0.02480982,0.02565147,0.026417,0.02710071,0.02769608,0.02819799,0.02860106,0.028901,0.02909371,0.02917582,0.02914466,0.0289979,0.02873439,0.02835279,0.02785338,0.02723564,0.02650112,0.02565,0.02468499,0.02360679,0.02241899,0.02112236,0.01972088,0.01821455,0.01660679,0.01489576,0.01308347,0.01116562,0.009142841,0.007008689,0.004763329,0.002399844,-7.885794e-05,-0.002676006,-0.005379756,-0.008182208,-0.01105309,-0.01396171,-0.01684246,-0.01962073,-0.02216915,-0.02434532,-0.02595347,-0.02683324,-0.02680048,-0.02595546,-0.02444943,-0.02247149,-0.02037543,-0.01831466,-0.01644092
-0.01542223,-0.01409385,-0.0129833,-0.01206875,-0.01134782,-0.01078018,-0.01034195,-0.009962559,-0.009586807,-0.009184367,-0.008723265,-0.008199302,-0.00761772,-0.006987972,-0.006319686,-0.005619758,-0.004892965,-0.004141676,-0.003366535,-0.002567357,-0.001742612,-0.0008912572,-1.095886e-05,0.0008990559,0.001840999,0.002814643,0.003821492,0.004859908,0.005930355,0.00702957,0.008156858,0.009307343,0.01047921,0.01166608,0.01286514,0.01406866,0.01527304,0.0164695,0.01765395,0.0188168,0.01995367,0.02105443,0.02211473,0.02312429,0.02407908,0.02496889,0.02579022,0.02653311,0.02719487,0.02776613,0.02824522,0.02862347,0.02890036,0.02906804,0.02912734,0.02907147,0.0289027,0.02861522,0.02821273,0.02769034,0.02705306,0.02629684,0.02542789,0.02444271,0.02334847,0.02214203,0.02083121,0.01941266,0.01789417,0.01627126,0.01455094,0.01272694,0.01080507,0.008777154,0.006648377,0.004409671,0.002067747,-0.0003843977,-0.002934362,-0.005581851,-0.008301477,-0.01107718,-0.01385907,-0.01660141,-0.01921187,-0.02159653,-0.02360585,-0.02509901,-0.02590877,-0.02600681,-0.02532341,-0.02401469,-0.02235918,-0.02050553,-0.0186711,-0.01694874
-0.01590865,-0.0146678,-0.01359946,-0.01271651,-0.01198853,-0.01140531,-0.01090953,-0.01047601,-0.010056,-0.009605758,-0.009106774,-0.008554028,-0.007945483,-0.007292053,-0.006596836,-0.005870374,-0.005112886,-0.004331105,-0.00352227,-0.002690344,-0.001831043,-0.000946925,-3.338754e-05,0.0009073881,0.001879471,0.002880327,0.003912922,0.004973917,0.006064867,0.007181405,0.008323562,0.00948587,0.01066685,0.01186002,0.01306255,0.01426711,0.01546972,0.01666239,0.01784025,0.01899491,0.02012088,0.02120969,0.02225553,0.02325004,0.02418736,0.02505958,0.02586105,0.02658457,0.02722491,0.02777571,0.02823236,0.02858959,0.02884362,0.02899042,0.02902714,0.02895105,0.02876032,0.02845362,0.02803015,0.02748992,0.02683298,0.02606057,0.02517346,0.02417395,0.02306329,0.02184455,0.0205191,0.01909039,0.01755929,0.01592899,0.01419913,0.01237206,0.01044584,0.008422267,0.006298434,0.004076817,0.001755416,-0.0006595894,-0.003165494,-0.005747024,-0.008390398,-0.01106314,-0.01373093,-0.01633168,-0.01879689,-0.02102112,-0.02289525,-0.02428228,-0.02508333,-0.02518043,-0.02466328,-0.02362251,-0.02216621,-0.02055074,-0.0188946,-0.01733434
-0.01630689,-0.01513115,-0.01411723,-0.01325064,-0.01252912,-0.01191988,-0.01140595,-0.01093541,-0.0104696,-0.009987534,-0.0094624,-0.008886979,-0.008260975,-0.00758873,-0.006876134,-0.006128405,-0.005349638,-0.004542682,-0.003708825,-0.002849002,-0.001962646,-0.001049857,-0.0001092248,0.0008590772,0.001856497,0.002882129,0.003936902,0.005018761,0.006127771,0.007260496,0.008415987,0.009589389,0.01077875,0.01197787,0.01318387,0.01438934,0.01559068,0.01677953,0.0179518,0.01909841,0.02021502,0.02129207,0.02232523,0.02330485,0.02422689,0.0250818,0.02586607,0.02657045,0.02719221,0.02772269,0.02816014,0.02849659,0.02873141,0.02885749,0.02887545,0.02877922,0.02857075,0.02824496,0.02780512,0.02724708,0.02657539,0.02578675,0.02488682,0.02387288,0.0227515,0.0215203,0.02018645,0.01874749,0.01721069,0.01557289,0.01384102,0.01201081,0.01008867,0.008069362,0.00595955,0.003754241,0.001462556,-0.0009174456,-0.003370445,-0.005890782,-0.008450836,-0.01103037,-0.01358055,-0.01605689,-0.01837847,-0.02046843,-0.02221242,-0.02351402,-0.02426328,-0.02446119,-0.02405345,-0.02314928,-0.02193959,-0.02051748,-0.01905012,-0.01761886
-0.01661624,-0.01552053,-0.01454695,-0.01371185,-0.01299198,-0.0123807,-0.01183305,-0.01133295,-0.01084434,-0.01033441,-0.009787043,-0.009195729,-0.008554828,-0.007870733,-0.007143803,-0.006382334,-0.005586202,-0.004761785,-0.0039072,-0.003026826,-0.002117618,-0.001182752,-0.0002188481,0.0007713301,0.001790799,0.002836581,0.003910816,0.005009884,0.006134747,0.007280908,0.008448021,0.009630619,0.01082703,0.01203087,0.01323927,0.01444506,0.01564438,0.01682943,0.01799553,0.01913454,0.02024126,0.02130747,0.02232768,0.02329382,0.02420036,0.02503967,0.02580652,0.02649391,0.02709706,0.02760981,0.02802802,0.02834655,0.0285621,0.02867072,0.02867001,0.0285573,0.02833115,0.0279902,0.02753404,0.02696257,0.02627626,0.02547615,0.02456345,0.02354023,0.0224082,0.02117016,0.01982797,0.01838486,0.01684246,0.01520397,0.01347031,0.01164441,0.00972637,0.007719247,0.005623097,0.00344247,0.001179239,-0.001157757,-0.003561407,-0.006013981,-0.008497902,-0.01098011,-0.01342558,-0.01577767,-0.01797641,-0.01993648,-0.02157591,-0.02279894,-0.02354478,-0.02373428,-0.02344676,-0.02273881,-0.02167434,-0.02044111,-0.01912357,-0.01783513
-0.01686968,-0.01583796,-0.01491813,-0.01410367,-0.01339611,-0.01277092,-0.01221697,-0.01169492,-0.01117661,-0.01064668,-0.01008275,-0.00947681,-0.008825746,-0.008130691,-0.007394738,-0.006621437,-0.005813912,-0.004974889,-0.004105848,-0.003208323,-0.002282416,-0.001329034,-0.0003475661,0.0006610432,0.001697485,0.002760231,0.003849572,0.004963023,0.006100151,0.007257293,0.008433136,0.009622783,0.01082403,0.0120308,0.01324006,0.01444466,0.01564091,0.01682081,0.01798026,0.01911061,0.02020752,0.02126199,0.02226968,0.02322151,0.02411348,0.02493664,0.02568748,0.02635741,0.02694368,0.02743829,0.02783944,0.02813985,0.02833878,0.02842979,0.02841336,0.02828405,0.02804361,0.02768756,0.02721888,0.02663405,0.02593726,0.02512581,0.02420495,0.02317263,0.02203496,0.02079025,0.01944523,0.01799826,0.01645632,0.01481742,0.01308856,0.01126721,0.009360477,0.007365607,0.005290627,0.003133855,0.0009063301,-0.001390012,-0.003737814,-0.00612769,-0.008531047,-0.01092569,-0.01326543,-0.01550928,-0.01758798,-0.01944022,-0.02097896,-0.02213842,-0.02284477,-0.02311305,-0.02289875,-0.02228428,-0.02140596,-0.02032183,-0.01915961,-0.01798426
-0.017057,-0.01610051,-0.01522271,-0.01444244,-0.01374348,-0.01312377,-0.01254867,-0.01200883,-0.0114768,-0.01092776,-0.01034799,-0.009730979,-0.009069521,-0.008367197,-0.007622436,-0.0068416,-0.006023957,-0.005175233,-0.004293912,-0.003384448,-0.002444595,-0.001477907,-0.0004819192,0.0005401527,0.001590465,0.002665632,0.003767074,0.004890864,0.006037415,0.007202047,0.008384033,0.009577841,0.01078158,0.01198891,0.01319688,0.01439846,0.01558979,0.0167633,0.01791443,0.01903529,0.02012089,0.02116327,0.02215723,0.02309497,0.02397131,0.02477886,0.02551276,0.02616627,0.02673499,0.02721301,0.02759656,0.02788072,0.02806257,0.02813832,0.02810596,0.02796286,0.02770798,0.02733997,0.02685875,0.02626416,0.02555702,0.02473826,0.02380943,0.02277246,0.02162942,0.02038298,0.01903545,0.01758999,0.0160489,0.01441555,0.01269194,0.01088162,0.008986391,0.007010494,0.004956374,0.002830308,0.0006371297,-0.00161235,-0.003907947,-0.006230498,-0.008560352,-0.01086519,-0.01311119,-0.015248,-0.01722455,-0.01897251,-0.02043064,-0.02153145,-0.02223728,-0.02249275,-0.02236756,-0.02189757,-0.02112266,-0.0201843,-0.01914199,-0.01808769
-0.01720196,-0.01630431,-0.01547817,-0.01472194,-0.01404026,-0.01341561,-0.01284178,-0.01228899,-0.01173685,-0.01117416,-0.01058255,-0.009954464,-0.009285675,-0.008575498,-0.007825175,-0.007036907,-0.006212898,-0.005355494,-0.004466115,-0.003546518,-0.002597207,-0.001619573,-0.0006135918,0.0004192612,0.001479055,0.002563804,0.00367323,0.004804518,0.005956764,0.007126123,0.008310922,0.009506234,0.0107096,0.01191504,0.01311935,0.01431564,0.0155001,0.01666509,0.01780644,0.01891597,0.0199893,0.02101795,0.0219976,0.02291973,0.02378035,0.0245711,0.02528849,0.02592454,0.02647651,0.02693703,0.02730426,0.02757156,0.02773812,0.02779814,0.02775196,0.02759474,0.02732804,0.02694797,0.02645726,0.02585293,0.02513888,0.02431297,0.02338009,0.02233874,0.02119469,0.01994687,0.01860167,0.01715821,0.01562331,0.01399599,0.01228339,0.0104845,0.008606991,0.006650206,0.004623256,0.002527084,0.0003741192,-0.00183085,-0.004069273,-0.006329404,-0.008582761,-0.01080679,-0.01295889,-0.01500257,-0.01687929,-0.01854076,-0.01992042,-0.0209731,-0.021648,-0.02196596,-0.02188915,-0.02148349,-0.02084916,-0.02002287,-0.0191037,-0.01814242
-0.01729365,-0.01646189,-0.01567512,-0.01495279,-0.01428379,-0.01366954,-0.0130835,-0.01252119,-0.01196146,-0.01138573,-0.01078264,-0.01014651,-0.009469836,-0.008754664,-0.007998295,-0.007205665,-0.006375519,-0.005512915,-0.004616484,-0.003690578,-0.00273347,-0.001748907,-0.0007350809,0.00030449,0.001371305,0.002461679,0.003576458,0.004711481,0.005866709,0.007037316,0.00822226,0.00941596,0.01061635,0.01181713,0.01301529,0.01420391,0.01537921,0.01653378,0.01766322,0.01875987,0.01981895,0.02083278,0.02179642,0.02270235,0.02354573,0.02431943,0.02501895,0.02563781,0.02617197,0.02661576,0.0269658,0.02721736,0.02736792,0.02741382,0.02735339,0.02718415,0.02690535,0.02651569,0.02601538,0.02540427,0.02468342,0.02385375,0.02291705,0.02187516,0.02073048,0.01948559,0.0181432,0.01670648,0.0151783,0.01356225,0.01186126,0.01007944,0.008219953,0.006288039,0.004288009,0.002227451,0.0001133756,-0.002042097,-0.004226797,-0.006421017,-0.008604331,-0.01074608,-0.01281474,-0.01476629,-0.01655786,-0.01813487,-0.0194514,-0.02045913,-0.02113443,-0.02143702,-0.02142797,-0.02112937,-0.02056796,-0.01985309,-0.0190268,-0.01816376
-0.01735009,-0.01656841,-0.01582751,-0.01512867,-0.01447844,-0.01386458,-0.01328443,-0.01271528,-0.01214258,-0.01155814,-0.01094713,-0.01030298,-0.009621312,-0.008900597,-0.008141007,-0.007343826,-0.00651058,-0.005643232,-0.004743095,-0.003811985,-0.002850672,-0.001860827,-0.0008428744,0.0002013651,0.001271465,0.00236513,0.003481613,0.004617881,0.005772632,0.006941924,0.008123772,0.009313276,0.01050775,0.01170137,0.01289079,0.01406936,0.01523322,0.01637506,0.01749071,0.0185724,0.0196158,0.02061289,0.02155943,0.0224474,0.02327289,0.02402809,0.02470958,0.02530996,0.02582651,0.02625247,0.02658599,0.02682104,0.02695675,0.02698792,0.0269148,0.02673309,0.02644422,0.0260448,0.02553738,0.02491948,0.02419474,0.02336148,0.02242432,0.02138226,0.02024074,0.01899926,0.01766395,0.01623458,0.01471785,0.0131137,0.01142938,0.009665128,0.007829078,0.005922244,0.003954519,0.00192885,-0.0001414536,-0.002249605,-0.004376584,-0.006509342,-0.008620315,-0.01068763,-0.01267269,-0.01454364,-0.01625132,-0.0177578,-0.01901165,-0.01998151,-0.02063142,-0.0209837,-0.02100536,-0.02075154,-0.02029696,-0.01966538,-0.0189351,-0.0181457
-0.01736015,-0.01663367,-0.01592683,-0.01525874,-0.01462199,-0.01402039,-0.01343355,-0.0128604,-0.01228434,-0.01169162,-0.01107294,-0.01042367,-0.009736666,-0.009013201,-0.00825004,-0.007451145,-0.006614927,-0.005745891,-0.004842756,-0.003909727,-0.00294545,-0.001953769,-0.0009333759,0.0001120126,0.001183384,0.002276847,0.003392796,0.004526909,0.005678795,0.00684354,0.008019865,0.009202183,0.01038831,0.01157202,0.0127503,0.01391637,0.01506653,0.01619358,0.0172933,0.01835827,0.01938395,0.02036294,0.02129058,0.02215967,0.02296566,0.02370176,0.02436377,0.02494553,0.02544333,0.02585178,0.02616784,0.02638704,0.02650716,0.02652475,0.02643845,0.02624591,0.02594667,0.02553951,0.02502489,0.02440269,0.02367418,0.02284026,0.02190296,0.02086407,0.01972621,0.01849195,0.01716432,0.01574653,0.01424193,0.01265433,0.01098738,0.009245666,0.007433454,0.005556707,0.003621138,0.001635242,-0.0003924639,-0.002449132,-0.00452146,-0.006589893,-0.008634128,-0.01062571,-0.01253591,-0.01432662,-0.0159621,-0.01739858,-0.01860131,-0.01953502,-0.02018457,-0.02051977,-0.02059389,-0.02041937,-0.02001592,-0.01946956,-0.01881026,-0.01809901
-0.01733759,-0.01665224,-0.01598453,-0.01533747,-0.01471878,-0.01412016,-0.01354143,-0.01296519,-0.01238128,-0.01178364,-0.0111604,-0.01050605,-0.009816526,-0.009089975,-0.008326015,-0.007525341,-0.00668903,-0.005818727,-0.004915665,-0.003981648,-0.00301765,-0.002025513,-0.001006016,3.87899e-05,0.001108075,0.002199337,0.003311447,0.00444124,0.005587089,0.006745024,0.007912809,0.009085625,0.01026062,0.01143215,0.01259677,0.01374813,0.01488234,0.01599245,0.01707431,0.0181206,0.01912702,0.02008608,0.0209936,0.02184211,0.02262777,0.02334334,0.02398548,0.02454736,0.02502635,0.02541623,0.0257152,0.02591779,0.02602314,0.02602657,0.0259283,0.02572454,0.02541659,0.02500157,0.02448185,0.02385541,0.02312565,0.02229135,0.02135686,0.02032161,0.01919079,0.01796436,0.01664824,0.01524278,0.01375454,0.01218424,0.01053918,0.008820645,0.007037039,0.005190694,0.003291968,0.001345283,-0.000635633,-0.00264269,-0.004656972,-0.006664909,-0.008640393,-0.01056282,-0.01239766,-0.01411742,-0.01568085,-0.01705807,-0.01820881,-0.01911093,-0.01973834,-0.02011251,-0.02020428,-0.02006131,-0.01973947,-0.01925474,-0.01866993,-0.0180161
-0.01727179,-0.01663199,-0.01599293,-0.01537287,-0.0147671,-0.01418105,-0.01359908,-0.01302253,-0.01243808,-0.01183584,-0.01120816,-0.01055147,-0.009859213,-0.009132325,-0.00836739,-0.007567711,-0.006731516,-0.005862866,-0.004960554,-0.004028627,-0.003066022,-0.002076619,-0.001059503,-1.851753e-05,0.001046916,0.002132771,0.003239082,0.004361427,0.005499143,0.00664728,0.007804386,0.008964919,0.01012662,0.01128339,0.01243223,0.01356656,0.01468279,0.01577396,0.01683604,0.0178619,0.01884725,0.01978498,0.02067076,0.02149769,0.02226157,0.02295591,0.02357687,0.02411859,0.02457773,0.02494916,0.02523021,0.02541665,0.02550658,0.02549676,0.02538612,0.02517248,0.02485564,0.02443448,0.02390968,0.02328116,0.02255041,0.02171831,0.02078708,0.01975847,0.01863533,0.01742017,0.01611632,0.01472699,0.01325595,0.01170715,0.01008484,0.008393909,0.006639461,0.004827953,0.002966087,0.001062886,-0.0008721749,-0.002826007,-0.004784826,-0.006729732,-0.008641135,-0.01049304,-0.01225963,-0.01390808,-0.01540861,-0.01672592,-0.01783331,-0.01870457,-0.01932961,-0.01968537,-0.01981815,-0.01973331,-0.01944705,-0.01902778,-0.01849706,-0.01790512
-0.01717372,-0.01656749,-0.01596157,-0.01536001,-0.01477112,-0.01418958,-0.01361692,-0.01303979,-0.01245145,-0.01184732,-0.011218,-0.01055899,-0.009866729,-0.00913932,-0.008376137,-0.007577507,-0.006744225,-0.005877682,-0.004979054,-0.004050097,-0.003091943,-0.002106527,-0.001094912,-5.929538e-05,0.000999164,0.002077839,0.003175285,0.004288275,0.005414917,0.006551269,0.007694901,0.00884112,0.009986945,0.01112696,0.01225768,0.01337305,0.01446918,0.01553954,0.01658002,0.01758374,0.01854652,0.01946135,0.02032417,0.02112806,0.02186929,0.02254118,0.02314049,0.02366098,0.02410009,0.02445219,0.02471555,0.02488522,0.02496037,0.02493685,0.02481485,0.02459109,0.02426678,0.02383949,0.02331146,0.02268108,0.02195156,0.02112209,0.02019678,0.01917545,0.01806305,0.01685996,0.01557185,0.0141996,0.01274961,0.01122323,0.009627748,0.007965241,0.006244234,0.00446804,0.002647198,0.0007871522,-0.001098344,-0.003000442,-0.004900777,-0.006785804,-0.008631197,-0.01041793,-0.01211534,-0.01369985,-0.01513676,-0.01640237,-0.01746471,-0.01830784,-0.0189124,-0.01929783,-0.01943827,-0.01937596,-0.01915216,-0.01877835,-0.01830552,-0.01775827
-0.01703401,-0.01646549,-0.01588379,-0.01530602,-0.01472943,-0.01416047,-0.01358725,-0.0130127,-0.01242606,-0.01182046,-0.01118966,-0.01053099,-0.009838629,-0.009113397,-0.008351925,-0.007557059,-0.006726967,-0.005865345,-0.004971065,-0.004048006,-0.003095332,-0.00211691,-0.001112139,-8.49254e-05,0.000964985,0.002033488,0.003120334,0.004221058,0.005334785,0.00645658,0.007584868,0.00871419,0.009842268,0.01096314,0.01207389,0.01316814,0.01424244,0.01529012,0.01630734,0.01728729,0.01822595,0.01911655,0.01995505,0.02073492,0.02145227,0.02210099,0.02267756,0.02317648,0.02359473,0.02392753,0.02417252,0.02432576,0.02438564,0.02434918,0.02421559,0.02398285,0.02365104,0.02321913,0.02268805,0.02205774,0.02132989,0.02050539,0.01958662,0.01857532,0.01747448,0.0162866,0.01501521,0.01366354,0.01223563,0.01073552,0.009167892,0.007537836,0.005851008,0.004114135,0.002334553,0.0005214876,-0.001315077,-0.003162202,-0.005006105,-0.006828889,-0.008612035,-0.01033208,-0.01196598,-0.0134856,-0.01486599,-0.01607849,-0.01710222,-0.01791735,-0.01851679,-0.01888281,-0.01905537,-0.01903459,-0.0188353,-0.01851205,-0.01808057,-0.01758247
-0.01686188,-0.01632108,-0.01576778,-0.0152066,-0.01464601,-0.01408292,-0.01351999,-0.01294706,-0.01235997,-0.01175526,-0.01112558,-0.01046735,-0.009777565,-0.009054472,-0.00829739,-0.007506439,-0.006682252,-0.005826027,-0.0049389,-0.004022561,-0.003078261,-0.00210797,-0.001112974,-9.554518e-05,0.0009428942,0.001999657,0.003073046,0.004159829,0.005257905,0.006363408,0.007473758,0.008584427,0.009692351,0.01079237,0.01188097,0.01295244,0.01400295,0.01502635,0.01601862,0.01697335,0.01788648,0.01875151,0.01956452,0.02031914,0.02101177,0.02163629,0.02218963,0.02266609,0.02306326,0.02337605,0.02360282,0.02373915,0.02378428,0.02373459,0.02359024,0.02334846,0.0230104,0.02257406,0.02204157,0.02141172,0.02068757,0.01986866,0.01895889,0.01795844,0.01687201,0.01570035,0.01444889,0.01311893,0.01171667,0.01024397,0.008707968,0.007111375,0.005462638,0.003765766,0.002031215,0.0002650784,-0.001519197,-0.003312427,-0.005097131,-0.00686016,-0.008579149,-0.01023674,-0.0118059,-0.01326639,-0.01458896,-0.01575462,-0.01673763,-0.01752624,-0.01810587,-0.01849334,-0.01866587,-0.01866149,-0.01850981,-0.01821999,-0.01783368,-0.01737062
-0.01664959,-0.01614041,-0.01560805,-0.01506825,-0.01451973,-0.01396943,-0.01340842,-0.0128407,-0.01225743,-0.01165422,-0.01102594,-0.01037077,-0.009683606,-0.008965313,-0.008212702,-0.007428321,-0.006610367,-0.005762243,-0.004882906,-0.003976066,-0.003041075,-0.002081743,-0.001097716,-9.291089e-05,0.0009326704,0.001974902,0.003033315,0.004103448,0.005184272,0.006270905,0.0073617,0.008451311,0.009537473,0.0106144,0.01167928,0.01272597,0.01375119,0.01474855,0.01571446,0.01664242,0.0175287,0.01836689,0.01915327,0.01988165,0.02054853,0.02114814,0.02167733,0.02213095,0.02250635,0.02279906,0.02300708,0.02312675,0.0231568,0.02309449,0.02293932,0.02268949,0.0223453,0.02190588,0.02137234,0.02074473,0.02002489,0.01921373,0.01831379,0.01732676,0.01625578,0.01510329,0.01387296,0.012568,0.01119264,0.009750923,0.008247793,0.006688385,0.005078699,0.003425502,0.001736468,2.073683e-05,-0.001711558,-0.003447941,-0.005174978,-0.006876013,-0.008533792,-0.01012733,-0.01163618,-0.01303623,-0.01430648,-0.01542347,-0.01637058,-0.01713253,-0.01770397,-0.01807138,-0.01826894,-0.01829289,-0.01815791,-0.01790733,-0.01755285,-0.01712911
-0.01640514,-0.01591936,-0.01541182,-0.01488742,-0.01435443,-0.01381148,-0.01326182,-0.01269782,-0.01211738,-0.01151775,-0.01089335,-0.01024142,-0.009559507,-0.008846099,-0.008100586,-0.007323001,-0.006513906,-0.00567436,-0.004805485,-0.0039089,-0.002985941,-0.002038578,-0.001068263,-7.729425e-05,0.0009327058,0.001959041,0.002999819,0.00405185,0.005112874,0.006179139,0.007247959,0.008314999,0.009377152,0.01042953,0.01146863,0.01248911,0.01348719,0.01445714,0.01539506,0.016295,0.01715306,0.01796325,0.01872182,0.01942294,0.02006318,0.020637,0.02114148,0.02157152,0.02192484,0.02219691,0.02238621,0.02248888,0.02250423,0.02242916,0.02226389,0.02200609,0.0216569,0.02121476,0.02068168,0.02005689,0.01934326,0.01854071,0.0176529,0.01668036,0.01562751,0.01449544,0.01328929,0.0120107,0.01066561,0.009256243,0.007789507,0.006268524,0.004701501,0.003092886,0.00145282,-0.0002122724,-0.001889519,-0.003569735,-0.00523656,-0.00687749,-0.008472198,-0.010005,-0.01145214,-0.01279623,-0.01401256,-0.01508571,-0.0159947,-0.01673066,-0.01728247,-0.01766409,-0.01785573,-0.01789197,-0.01779294,-0.01756685,-0.01724783,-0.01685194
-0.01612251,-0.01566371,-0.01517481,-0.01467009,-0.01414932,-0.01361956,-0.01307427,-0.012518,-0.01194345,-0.01134823,-0.01072809,-0.01008196,-0.00940545,-0.008699524,-0.00796128,-0.007193063,-0.006393182,-0.005564801,-0.004706983,-0.003823273,-0.002913182,-0.001980434,-0.001024877,-5.038851e-05,0.0009428252,0.001950666,0.002972495,0.004003901,0.005043742,0.00608723,0.007132677,0.008174889,0.009211637,0.01023735,0.01124931,0.01224166,0.01321129,0.01415213,0.01506082,0.01593122,0.0167599,0.0175408,0.01827055,0.01894336,0.01955606,0.02010329,0.02058229,0.02098825,0.02131892,0.02157017,0.02174035,0.02182614,0.02182661,0.02173929,0.02156399,0.02129911,0.02094522,0.0205016,0.01996958,0.01934928,0.01864272,0.01785082,0.01697625,0.01602065,0.01498724,0.01387841,0.0126979,0.01144881,0.01013549,0.008761859,0.007332982,0.005853892,0.004330723,0.00277008,0.001179713,-0.0004315729,-0.00205378,-0.003675145,-0.005282831,-0.006861573,-0.008395473,-0.009865928,-0.01125483,-0.01254153,-0.01370823,-0.01473559,-0.01561014,-0.01631991,-0.01686049,-0.01722184,-0.01743278,-0.01748677,-0.01739906,-0.01720355,-0.01690932,-0.0165452
-0.01580872,-0.01537019,-0.01490343,-0.01441346,-0.01390811,-0.01338725,-0.01285439,-0.01230393,-0.01173529,-0.01114626,-0.01053271,-0.009892613,-0.00922404,-0.008525765,-0.007797319,-0.007038742,-0.006250588,-0.005433833,-0.0045896,-0.003719445,-0.002824773,-0.001907526,-0.0009692824,-1.232799e-05,0.0009615649,0.001949729,0.002950129,0.003959649,0.004975921,0.005995327,0.007015121,0.008031177,0.009040383,0.01003813,0.01102098,0.01198392,0.01292328,0.01383377,0.01471161,0.01555134,0.01634921,0.01709978,0.01779948,0.01844303,0.01902723,0.01954709,0.0199999,0.02038116,0.02068875,0.02091873,0.02106972,0.02113844,0.02112431,0.02102476,0.02084006,0.02056839,0.02021086,0.01976635,0.01923683,0.01862187,0.01792423,0.01714413,0.01628503,0.01534773,0.01433638,0.01325232,0.01210039,0.01088246,0.009604108,0.008267821,0.006880124,0.005444391,0.003968416,0.00245686,0.000919337,-0.0006376602,-0.002202056,-0.003764916,-0.005311173,-0.00682913,-0.008300501,-0.009711194,-0.01104045,-0.01227327,-0.01338871,-0.01437408,-0.0152121,-0.01589585,-0.01641683,-0.01678608,-0.01698677,-0.01705043,-0.01698937,-0.01681182,-0.0165456,-0.01620403
-0.01545931,-0.01504421,-0.01459453,-0.01412305,-0.01363032,-0.01312318,-0.01259704,-0.01205663,-0.01149589,-0.01091401,-0.0103075,-0.009675871,-0.009015436,-0.008327288,-0.007608862,-0.006862376,-0.006086307,-0.005283623,-0.00445352,-0.003599379,-0.002720864,-0.001821588,-0.0009015715,3.53844e-05,0.000988906,0.001954964,0.002932786,0.003918049,0.004909531,0.005902571,0.006895466,0.007883198,0.008863598,0.009831323,0.0107838,0.01171543,0.01262333,0.01350173,0.01434755,0.01515502,0.01592101,0.01663986,0.01730856,0.01792172,0.01847656,0.01896815,0.01939411,0.01975005,0.0200341,0.02024253,0.02037408,0.02042578,0.02039705,0.02028573,0.02009195,0.01981434,0.01945374,0.0190096,0.01848345,0.01787551,0.01718796,0.01642171,0.0155795,0.01466293,0.01367526,0.01261875,0.01149714,0.01031337,0.009071762,0.007776014,0.006431175,0.005042018,0.003614623,0.002155249,0.0006714918,-0.0008283836,-0.002334749,-0.003836737,-0.005322291,-0.006777617,-0.008188201,-0.009537683,-0.01081003,-0.01198761,-0.01305519,-0.01399674,-0.0148011,-0.01545877,-0.01596578,-0.01631507,-0.01653037,-0.01660334,-0.01655007,-0.01639643,-0.01614984,-0.01583423
-0.01508036,-0.01468332,-0.01425376,-0.01379677,-0.01331951,-0.0128228,-0.01231009,-0.01177747,-0.01122547,-0.01065223,-0.01005486,-0.009431939,-0.008782029,-0.008104212,-0.007398194,-0.006664084,-0.005902469,-0.005114291,-0.004300689,-0.003463174,-0.002603201,-0.00172268,-0.0008232791,9.27466e-05,0.001023519,0.00196642,0.00291932,0.003879193,0.004843602,0.005809085,0.006772869,0.007731048,0.008680535,0.009617014,0.01053713,0.01143623,0.01231078,0.01315592,0.01396802,0.01474213,0.0154747,0.01616083,0.01679719,0.01737907,0.0179035,0.01836611,0.01876442,0.01909454,0.01935457,0.01954118,0.01965318,0.01968787,0.01964483,0.01952204,0.01931984,0.01903689,0.01867433,0.01823148,0.01771022,0.01711052,0.01643496,0.01568404,0.014861,0.01396686,0.01300548,0.01197834,0.01088993,0.009742232,0.008540397,0.007287016,0.005988127,0.004647178,0.003271396,0.001865451,0.0004382497,-0.001003865,-0.00244979,-0.003891033,-0.005313936,-0.006707695,-0.008056037,-0.009346351,-0.01056057,-0.01168572,-0.01270399,-0.01360476,-0.0143737,-0.01500519,-0.01549274,-0.01584448,-0.01604659,-0.01612767,-0.0160936,-0.01595322,-0.01572892,-0.01543203
-0.01466884,-0.01429248,-0.013879,-0.0134396,-0.01297547,-0.012493,-0.01198919,-0.01146866,-0.01092639,-0.01036284,-0.009775079,-0.009163124,-0.008523955,-0.007858776,-0.007165406,-0.006445969,-0.005699157,-0.004927776,-0.004131181,-0.003312593,-0.002471832,-0.001612383,-0.0007344239,0.0001583468,0.001065412,0.001982843,0.002909756,0.00384195,0.004778142,0.005713828,0.006647306,0.007573764,0.008491108,0.009394252,0.01028077,0.01114537,0.01198538,0.0127954,0.01357264,0.0143117,0.0150098,0.01566174,0.01626484,0.01681421,0.01730747,0.01774015,0.01811029,0.01841397,0.01864972,0.01881425,0.01890671,0.01892453,0.0188675,0.01873379,0.01852383,0.01823653,0.01787297,0.0174328,0.01691772,0.01632804,0.01566603,0.01493259,0.0141305,0.01326126,0.01232809,0.01133307,0.01027985,0.009171098,0.008011008,0.006802959,0.005551828,0.00426199,0.0029393,0.001589503,0.0002198567,-0.001162089,-0.002547252,-0.003925802,-0.005286571,-0.00661728,-0.00790477,-0.009134774,-0.0102931,-0.01136469,-0.01233641,-0.01319491,-0.0139307,-0.01453617,-0.01500746,-0.01534008,-0.01555295,-0.01563669,-0.01560829,-0.01548664,-0.01527825,-0.01500281
-0.0142299,-0.01387002,-0.01347508,-0.01305013,-0.01260156,-0.01213092,-0.01164138,-0.01113046,-0.01059944,-0.0100467,-0.009470413,-0.008869654,-0.008243414,-0.007591094,-0.006912585,-0.006208112,-0.005478317,-0.004724157,-0.003946789,-0.003147708,-0.002328405,-0.001490766,-0.0006365188,0.0002321144,0.001113185,0.002004137,0.002902778,0.003806185,0.004711893,0.005616597,0.006517537,0.007411037,0.008294071,0.009162628,0.01001347,0.01084233,0.01164583,0.01241955,0.01316011,0.01386304,0.01452507,0.01514184,0.01571033,0.01622641,0.01668745,0.01708966,0.01743089,0.01770785,0.01791895,0.01806145,0.01813444,0.01813577,0.01806522,0.0179213,0.01770448,0.01741387,0.01705064,0.01661451,0.01610731,0.01552929,0.01488288,0.01416878,0.01339,0.01254767,0.0116453,0.01068447,0.009669191,0.008601465,0.007485924,0.006325131,0.005124521,0.00388746,0.002620475,0.001328067,1.829035e-05,-0.001302836,-0.00262531,-0.00394122,-0.005238376,-0.006506912,-0.007732498,-0.008903876,-0.01000541,-0.01102577,-0.01194983,-0.01276852,-0.01346987,-0.0140491,-0.01450128,-0.01483174,-0.01502967,-0.01512072,-0.01510552,-0.01499383,-0.01480332,-0.01454385
-0.01376179,-0.0134204,-0.01304084,-0.01263276,-0.01219784,-0.01174186,-0.01126317,-0.01076605,-0.01024638,-0.009705585,-0.009141215,-0.00855369,-0.007940602,-0.007303254,-0.006639866,-0.005952491,-0.005240076,-0.004505283,-0.003747654,-0.002970258,-0.002173082,-0.001359472,-0.000529762,0.0003124746,0.001166586,0.002028773,0.002898053,0.003770377,0.004644416,0.005515852,0.006383006,0.007241302,0.008088741,0.008920531,0.009734416,0.01052546,0.01129123,0.01202674,0.01272949,0.01339456,0.01401954,0.01459971,0.01513281,0.01561446,0.01604273,0.01641367,0.01672578,0.01697561,0.01716218,0.01728264,0.0173366,0.01732187,0.01723862,0.01708536,0.01686283,0.01657017,0.01620874,0.0157783,0.01528072,0.01471634,0.01408748,0.01339498,0.01264159,0.01182864,0.01095924,0.0100352,0.009059982,0.008035914,0.006966935,0.005855995,0.004707678,0.003525836,0.002315954,0.001083129,-0.0001658699,-0.001424333,-0.002683854,-0.003935723,-0.00516973,-0.006375101,-0.007539977,-0.008652022,-0.00969864,-0.01066704,-0.01154572,-0.01232355,-0.01299226,-0.01354569,-0.01397984,-0.01429247,-0.01449792,-0.01458649,-0.01457583,-0.0144788,-0.01430152,-0.01405997
-0.01326872,-0.01294268,-0.01258034,-0.01218674,-0.01176742,-0.0113245,-0.01086072,-0.01037482,-0.009868542,-0.009340475,-0.00878965,-0.008215582,-0.007617625,-0.006995501,-0.006349274,-0.005679328,-0.004986369,-0.004271409,-0.003535633,-0.002780546,-0.002007667,-0.001218874,-0.0004159325,0.0003989651,0.001223832,0.002056172,0.002893771,0.003733817,0.004573853,0.005410746,0.006241796,0.00706357,0.007873158,0.008666872,0.009441649,0.01019362,0.01091966,0.01161581,0.01227897,0.01290522,0.01349163,0.01403443,0.01453094,0.01497769,0.01537239,0.01571191,0.01599445,0.01621737,0.01637939,0.01647841,0.01651378,0.01648393,0.01638884,0.01622751,0.01600052,0.01570743,0.01534941,0.01492652,0.01444048,0.01389178,0.01328263,0.0126139,0.01188825,0.01110689,0.0102729,0.009387814,0.008455131,0.007476766,0.006456743,0.005397474,0.0043037,0.003178573,0.002027811,0.0008556113,-0.0003309293,-0.001526243,-0.002721508,-0.003909477,-0.005079444,-0.006222486,-0.007326111,-0.008380287,-0.009371549,-0.01028992,-0.01112257,-0.01186156,-0.01249684,-0.01302414,-0.01343976,-0.01374636,-0.01393612,-0.01403159,-0.01402926,-0.01393993,-0.01377706,-0.01354947
-0.01275016,-0.01244078,-0.01209331,-0.01171592,-0.0113107,-0.01088272,-0.01043148,-0.00996074,-0.009467235,-0.008953087,-0.008416248,-0.007857466,-0.007274899,-0.006669932,-0.006041192,-0.005390674,-0.004717613,-0.004024542,-0.003311219,-0.002580568,-0.001832757,-0.001070988,-0.0002957515,0.0004895229,0.001284057,0.002084207,0.002888911,0.003694303,0.004499033,0.005299013,0.006092614,0.006875547,0.007645946,0.008399369,0.009133772,0.009844632,0.0105298,0.01118477,0.0118074,0.01239329,0.01294045,0.01344469,0.01390425,0.01431528,0.01467636,0.01498408,0.01523741,0.01543346,0.01557168,0.01564973,0.0156676,0.01562354,0.01551804,0.01534994,0.01512024,0.01482832,0.01447569,0.01406223,0.01358988,0.01305896,0.01247175,0.01182901,0.01113335,0.01038587,0.009589462,0.008745602,0.007857485,0.006927,0.00595775,0.004952171,0.003914443,0.002847808,0.001757269,0.0006471838,-0.0004762731,-0.001607307,-0.00273827,-0.003861605,-0.004968083,-0.00604839,-0.007091886,-0.008088001,-0.009025528,-0.009893622,-0.01068211,-0.01138168,-0.01198494,-0.01248681,-0.01288308,-0.01317346,-0.01336787,-0.01345698,-0.01345869,-0.01338073,-0.01322913,-0.0130166
-0.01220948,-0.01191454,-0.01158313,-0.01122026,-0.01083057,-0.01041669,-0.009980773,-0.009522697,-0.009044395,-0.00854466,-0.008023231,-0.007479996,-0.006914623,-0.00632715,-0.005717807,-0.005087165,-0.004436001,-0.003765419,-0.003076636,-0.002371195,-0.001650634,-0.0009168376,-0.000171585,0.0005829579,0.001344802,0.002111523,0.002880929,0.003650337,0.004417356,0.005179054,0.005932853,0.006675601,0.007404576,0.008116454,0.008808425,0.00947707,0.01011956,0.01073248,0.01131308,0.01185804,0.0123648,0.01283024,0.01325211,0.01362757,0.01395475,0.01423118,0.01445545,0.01462553,0.01474052,0.01479889,0.01480026,0.01474359,0.01462904,0.01445604,0.01422527,0.01393663,0.01359127,0.01318947,0.01273283,0.01222197,0.01165883,0.01104434,0.01038079,0.009669339,0.00891258,0.008111937,0.007270321,0.00638947,0.005472742,0.004522304,0.003542142,0.00253509,0.001506005,0.0004586775,-0.0006008025,-0.0016674,-0.0027335,-0.003792561,-0.004835334,-0.005853802,-0.006837201,-0.007776584,-0.008660425,-0.009479865,-0.01022401,-0.01088577,-0.01145667,-0.01193272,-0.01231115,-0.0125922,-0.01277089,-0.01286658,-0.01287263,-0.01280076,-0.01266075,-0.01246066
-0.01164733,-0.01136744,-0.01105046,-0.01070314,-0.01032791,-0.009929107,-0.009507213,-0.00906536,-0.008601114,-0.008117062,-0.007611522,-0.007085498,-0.006537683,-0.005969516,-0.005380048,-0.004771216,-0.004142569,-0.003496522,-0.002833074,-0.002155002,-0.001462667,-0.0007591111,-4.497895e-05,0.0006764744,0.001404362,0.002135241,0.002867998,0.003599009,0.004326942,0.005048007,0.005760673,0.006461014,0.007147348,0.007815663,0.008464183,0.009088871,0.009687928,0.01025738,0.01079552,0.01129851,0.01176481,0.01219087,0.01257537,0.0129151,0.01320909,0.01345454,0.01365087,0.01379572,0.01388897,0.01392876,0.01391542,0.01384758,0.01372602,0.01354982,0.0133202,0.0130367,0.01270091,0.01231276,0.01187415,0.01138535,0.01084853,0.01026425,0.009634915,0.008961339,0.008246133,0.007490377,0.006696912,0.005867159,0.005004301,0.004110218,0.003188611,0.002242069,0.001275037,0.0002911013,-0.0007042237,-0.001706079,-0.002707611,-0.003702404,-0.004682198,-0.005639053,-0.006563468,-0.007446462,-0.008278037,-0.009049029,-0.009750342,-0.01037416,-0.01091372,-0.01136481,-0.01172293,-0.01198942,-0.01217011,-0.01225651,-0.01226638,-0.01220309,-0.01207282,-0.01188537
-0.01106641,-0.01080019,-0.01049817,-0.01016536,-0.009805524,-0.009421666,-0.009015392,-0.008587543,-0.008140072,-0.007672005,-0.007183649,-0.006675221,-0.00614666,-0.005598319,-0.005030579,-0.004444222,-0.003840091,-0.003219415,-0.002583431,-0.001933739,-0.001271877,-0.0005997324,8.093745e-05,0.0007680089,0.001459547,0.002153225,0.002846946,0.003538197,0.004224734,0.004903874,0.005573251,0.006230049,0.006871822,0.007495664,0.008099106,0.008679223,0.009233587,0.009759327,0.01025415,0.01071532,0.01114076,0.01152796,0.01187515,0.01218012,0.01244143,0.01265724,0.01282652,0.01294784,0.01302061,0.01304381,0.01301731,0.0129405,0.01281367,0.01263661,0.01241002,0.01213405,0.01180976,0.01143758,0.01101889,0.01055436,0.01004564,0.009493601,0.008900101,0.008266189,0.007593937,0.006884576,0.006140417,0.005362946,0.00455484,0.003717956,0.002855511,0.001969963,0.001065294,0.0001448396,-0.0007863184,-0.001723718,-0.00266092,-0.003592102,-0.004509394,-0.005405647,-0.006271679,-0.007099515,-0.007879343,-0.008603234,-0.009261952,-0.009849045,-0.01035733,-0.01078297,-0.0111239,-0.01137819,-0.01154358,-0.01163607,-0.01164691,-0.01158849,-0.01146739,-0.01129112
-0.01046862,-0.01021598,-0.009927986,-0.009610063,-0.009264972,-0.008896293,-0.008505364,-0.00809465,-0.007662514,-0.007211823,-0.006741248,-0.006251995,-0.005743255,-0.005216509,-0.004671223,-0.00410928,-0.003530551,-0.002937333,-0.002329867,-0.001710768,-0.001080579,-0.000442149,0.0002037534,0.0008540988,0.001507937,0.002162092,0.002815456,0.003464726,0.004108655,0.004743834,0.005368901,0.005980378,0.006576833,0.007154761,0.007712711,0.00824721,0.008756845,0.009238247,0.009690135,0.01010932,0.01049471,0.01084336,0.01115446,0.01142537,0.0116556,0.01184287,0.01198704,0.01208624,0.01214071,0.01214898,0.01211167,0.01202771,0.01189806,0.01172203,0.0115009,0.01123432,0.01092386,0.01056943,0.01017283,0.009734186,0.009255489,0.008737067,0.00818105,0.007587922,0.006959954,0.006297819,0.00560396,0.004879316,0.004126615,0.003347178,0.002544191,0.001719595,0.0008772524,1.998517e-05,-0.0008473693,-0.00172086,-0.002594428,-0.003462743,-0.004318476,-0.005154961,-0.005963742,-0.006737259,-0.007466578,-0.008143986,-0.008761276,-0.009311884,-0.009789533,-0.01019065,-0.01051052,-0.01075177,-0.01091653,-0.01099756,-0.01101197,-0.01095967,-0.01084699,-0.01068122
-0.009856278,-0.009616588,-0.009342542,-0.009039113,-0.008709266,-0.00835631,-0.007981309,-0.007585956,-0.007172093,-0.006739018,-0.006287484,-0.005818007,-0.005330756,-0.004826388,-0.004305416,-0.003768831,-0.003217533,-0.00265287,-0.002076074,-0.001488792,-0.0008925105,-0.0002890972,0.0003197803,0.0009320847,0.001546014,0.002159399,0.002770329,0.003376521,0.003975978,0.00456633,0.00514552,0.005711122,0.006261057,0.006792884,0.007304548,0.007793649,0.008258214,0.008695944,0.009105017,0.009483301,0.00982919,0.01014079,0.01041676,0.01065548,0.01085594,0.01101683,0.01113748,0.01121693,0.01125489,0.01125073,0.01120451,0.01111592,0.01098534,0.01081278,0.01059894,0.01034407,0.0100491,0.009714504,0.009341411,0.008930463,0.008482947,0.007999631,0.007481934,0.006930721,0.006347552,0.005733422,0.005090057,0.004418657,0.003721243,0.002999338,0.00225542,0.00149155,0.0007108808,-8.372904e-05,-0.0008881515,-0.001698501,-0.002509447,-0.003315867,-0.004111169,-0.004889018,-0.005641667,-0.00636201,-0.007041754,-0.00767376,-0.008250223,-0.00876519,-0.00921257,-0.009588595,-0.009891747,-0.01011826,-0.01026834,-0.01035463,-0.01036716,-0.01031866,-0.010213,-0.01005727
-0.009232617,-0.009005204,-0.008744818,-0.008455724,-0.00814094,-0.007803352,-0.007445008,-0.00706773,-0.006670643,-0.006256741,-0.005825042,-0.005376903,-0.004911975,-0.004431752,-0.003936095,-0.003426812,-0.002904074,-0.002370032,-0.001825136,-0.001271801,-0.000710701,-0.0001444325,0.0004261745,0.0009983913,0.001571277,0.002142009,0.002709563,0.003271045,0.003825368,0.004369591,0.004902585,0.005421394,0.00592489,0.006410134,0.006876031,0.007319711,0.007740161,0.008134635,0.008502276,0.008840514,0.009148688,0.009424461,0.009667412,0.009875483,0.01004854,0.01018482,0.0102845,0.01034613,0.01037018,0.01035554,0.01030299,0.01021167,0.01008265,0.009915343,0.009711047,0.00946942,0.00919194,0.008878437,0.008530533,0.008148201,0.007733168,0.00728552,0.006807068,0.006297977,0.005760149,0.005193873,0.004601179,0.003982557,0.003340275,0.002675138,0.001989823,0.001285668,0.000565963,-0.0001671788,-0.000909583,-0.001658137,-0.002407553,-0.003153495,-0.003889516,-0.004610105,-0.005307771,-0.005976214,-0.006607453,-0.007195032,-0.007731515,-0.008211398,-0.008628799,-0.00898067,-0.009262136,-0.009476846,-0.009623684,-0.009696926,-0.00971262,-0.009668006,-0.009569556,-0.00942244
-0.008599932,-0.008384862,-0.008137604,-0.007863077,-0.007563534,-0.007242515,-0.006900602,-0.006540216,-0.006163002,-0.00576856,-0.005357981,-0.004932036,-0.004491082,-0.004036042,-0.003567522,-0.00308669,-0.002594457,-0.00209225,-0.001581242,-0.001063071,-0.0005391033,-1.112173e-05,0.0005193803,0.001050524,0.001580735,0.002108073,0.002630906,0.003147254,0.003655451,0.004153499,0.004639721,0.005112121,0.005569045,0.006008529,0.006428971,0.006828492,0.007205586,0.007558495,0.007885866,0.008186106,0.008458058,0.008700353,0.00891206,0.009092054,0.009239664,0.009354025,0.00943475,0.00948126,0.009493438,0.009470964,0.009413982,0.009322408,0.009196629,0.009036789,0.00884347,0.00861699,0.008358086,0.008067195,0.007745182,0.007392588,0.007010352,0.006599084,0.006159787,0.00569312,0.005200166,0.004681673,0.004138838,0.003572575,0.002984311,0.002375241,0.001747182,0.00110181,0.0004415229,-0.0002312765,-0.0009133309,-0.001601307,-0.002290887,-0.002977611,-0.003656046,-0.004320616,-0.004964866,-0.00558248,-0.006166509,-0.006710516,-0.007207938,-0.007653257,-0.008041317,-0.00836842,-0.008633452,-0.00883122,-0.008964064,-0.009041423,-0.009052848,-0.009011056,-0.008917759,-0.008779641
-0.007962897,-0.007759082,-0.007525292,-0.007264799,-0.006980808,-0.006675602,-0.006351793,-0.006010612,-0.005651892,-0.005278622,-0.004890151,-0.004487928,-0.004071994,-0.003643816,-0.003203582,-0.002752983,-0.002292422,-0.00182385,-0.001347852,-0.0008665745,-0.0003807404,0.000107382,0.0005969867,0.001085728,0.001572759,0.002055688,0.00253365,0.003004233,0.003466567,0.003918234,0.004358381,0.004784608,0.005196103,0.005590511,0.005967085,0.006323548,0.006659259,0.006972062,0.007261469,0.007525485,0.007763797,0.007974605,0.008157807,0.008311828,0.008436804,0.008531391,0.008595967,0.008629425,0.008632381,0.008603957,0.00854499,0.008454803,0.008334427,0.008183364,0.008002801,0.007792386,0.007553429,0.007285666,0.00699049,0.006667709,0.006318766,0.00594352,0.005543455,0.005118452,0.004670055,0.004198217,0.003704577,0.003189242,0.002654048,0.002099357,0.00152737,0.0009389056,0.000336714,-0.0002777105,-0.0009008202,-0.001530246,-0.002161427,-0.002790917,-0.0034131,-0.004023489,-0.004615497,-0.005183931,-0.005721693,-0.006223422,-0.006682386,-0.007093995,-0.007452746,-0.007756029,-0.007998935,-0.008185839,-0.008312966,-0.008376222,-0.008390254,-0.008350441,-0.008263279,-0.008132203
-0.007324112,-0.007132272,-0.006911132,-0.006665505,-0.006397052,-0.006109454,-0.005802901,-0.005480377,-0.005143289,-0.004791538,-0.004426431,-0.004048932,-0.003659524,-0.003259315,-0.00284894,-0.002429668,-0.002002349,-0.001568409,-0.001128883,-0.0006853202,-0.0002388828,0.0002088149,0.0006565364,0.001102638,0.00154585,0.001984524,0.002417377,0.002842774,0.003259432,0.003665745,0.004060448,0.004441975,0.004809098,0.005160311,0.005494449,0.005810103,0.006106202,0.006381458,0.006634931,0.006865484,0.007072338,0.007254547,0.007411513,0.007542485,0.007647066,0.00772471,0.007775231,0.007798302,0.007793925,0.007761965,0.007702597,0.007615855,0.007502079,0.007361457,0.007194442,0.007001329,0.006782653,0.006538776,0.0062703,0.005977635,0.005661401,0.005322042,0.004960191,0.004576308,0.004171067,0.003744991,0.003298821,0.002833218,0.002349105,0.001847386,0.001329309,0.0007962045,0.0002498193,-0.0003078649,-0.0008743523,-0.001446826,-0.002021864,-0.002595629,-0.00316372,-0.003721278,-0.00426299,-0.004783287,-0.005276403,-0.005736564,-0.006158298,-0.006536508,-0.006866862,-0.007145778,-0.007372449,-0.007540695,-0.007654593,-0.007720662,-0.007728615,-0.00769081,-0.007607317,-0.007484423
-0.006689626,-0.006508456,-0.006300888,-0.006069377,-0.005817235,-0.005546232,-0.005259377,-0.004957392,-0.004640714,-0.004312201,-0.003971491,-0.00362004,-0.003258179,-0.002887279,-0.00250775,-0.002121099,-0.001727855,-0.0013297,-0.0009272551,-0.0005223251,-0.000115592,0.0002910733,0.0006969701,0.001100195,0.001500058,0.001894647,0.002283301,0.002664112,0.003036454,0.003398437,0.003749478,0.004087719,0.00441264,0.004722429,0.005016642,0.005293543,0.005552789,0.005792748,0.006013216,0.006212684,0.0063911,0.006547105,0.006680815,0.006791041,0.006878086,0.006940931,0.006980057,0.006994611,0.006985243,0.006951259,0.006893466,0.006811292,0.00670568,0.006576162,0.006423777,0.006248137,0.00605035,0.00583006,0.005588418,0.005325087,0.005041233,0.004736528,0.00441215,0.004067759,0.00370457,0.003322281,0.002922178,0.002504072,0.002069418,0.001618229,0.001152281,0.0006719732,0.0001795679,-0.0003239576,-0.000835631,-0.001353718,-0.00187434,-0.002394821,-0.002910328,-0.003417276,-0.003909929,-0.004384071,-0.004833443,-0.005253643,-0.005638629,-0.005984611,-0.006286493,-0.006542054,-0.0067465,-0.006904667,-0.007010765,-0.007062305,-0.007072331,-0.007035079,-0.006956934,-0.006839989
-0.006062452,-0.005893247,-0.005698297,-0.005482241,-0.005246265,-0.004994078,-0.004725562,-0.004444075,-0.004150751,-0.003845744,-0.003530445,-0.00320592,-0.002872686,-0.002531927,-0.002184227,-0.001830842,-0.001472486,-0.001110486,-0.000745666,-0.0003793981,-1.257597e-05,0.0003534228,0.0007176725,0.001078815,0.00143592,0.001787664,0.002133126,0.002471023,0.002800452,0.00312018,0.00342933,0.003726723,0.00401152,0.004282609,0.004539204,0.004780288,0.005005153,0.005212889,0.005402887,0.005574362,0.005726831,0.005859658,0.005972492,0.006064849,0.006136518,0.006187171,0.006216743,0.006225062,0.006212187,0.006178079,0.006122902,0.006046732,0.005949836,0.005832385,0.005694699,0.005537012,0.005359671,0.005162943,0.004947198,0.004712718,0.004459855,0.004188899,0.003900184,0.003594004,0.003270705,0.002930622,0.002574138,0.002201705,0.001813846,0.001411221,0.0009946217,0.0005650787,0.000123803,-0.0003275994,-0.0007872788,-0.00125289,-0.001721787,-0.002190715,-0.002656181,-0.003114,-0.003559878,-0.003988956,-0.004396523,-0.004777455,-0.005127251,-0.005441263,-0.0057159,-0.005947774,-0.006136328,-0.006274831,-0.006368673,-0.006421856,-0.006424735,-0.006389016,-0.00631362,-0.006204415
-0.005449635,-0.00529102,-0.005110068,-0.004908577,-0.004689856,-0.004455244,-0.004207961,-0.003948288,-0.003677116,-0.003397058,-0.003107955,-0.002811175,-0.002507208,-0.002197249,-0.00188181,-0.001562137,-0.001238781,-0.0009130911,-0.0005856341,-0.0002578274,6.976067e-05,0.000395686,0.0007194034,0.001039462,0.001355361,0.001665655,0.001969892,0.002266643,0.002555505,0.002835071,0.003104991,0.003363885,0.003611469,0.003846401,0.004068467,0.004276384,0.004470028,0.004648195,0.004810872,0.004956947,0.005086524,0.005198597,0.005293399,0.005370044,0.005428906,0.005469208,0.005491456,0.005494975,0.005480389,0.005447125,0.005395909,0.005326239,0.005238927,0.00513352,0.005010884,0.004870602,0.004713575,0.004539378,0.004348932,0.004141795,0.003918884,0.003679743,0.003425282,0.003155017,0.00286988,0.002569399,0.002254565,0.001924984,0.00158179,0.001224747,0.0008552677,0.0004734348,8.108011e-05,-0.0003212285,-0.0007310396,-0.001147145,-0.001566294,-0.001986475,-0.002403589,-0.002814837,-0.0032153,-0.003601619,-0.003968352,-0.004311954,-0.004627076,-0.004910646,-0.005158034,-0.005367386,-0.005534174,-0.005663456,-0.005748101,-0.005787077,-0.005791749,-0.005755821,-0.005685433,-0.00558169
-0.004854339,-0.004708019,-0.004540024,-0.004354732,-0.004152943,-0.00393826,-0.003710323,-0.003472641,-0.003226049,-0.002970864,-0.002708426,-0.002439792,-0.002165422,-0.001886455,-0.001603344,-0.001317236,-0.001028642,-0.0007387135,-0.0004480161,-0.0001576932,0.0001316558,0.0004189218,0.0007034939,0.0009843073,0.00126076,0.001531834,0.001796942,0.002055118,0.002305788,0.002548043,0.002781329,0.003004788,0.003217896,0.003419854,0.003610179,0.003788153,0.003953347,0.00410513,0.004243141,0.004366848,0.004475977,0.004570109,0.004649058,0.004712518,0.004760393,0.004792487,0.004808801,0.004809247,0.004793895,0.00476275,0.004715937,0.004653533,0.00457572,0.004482631,0.004374461,0.004251376,0.004113568,0.003961209,0.003794488,0.003613578,0.003418625,0.0032098,0.002987216,0.002751038,0.002501375,0.002238419,0.001962297,0.0016733,0.001371657,0.001057836,0.0007322808,0.0003957758,4.91066e-05,-0.0003064467,-0.0006695667,-0.001038335,-0.001410766,-0.001784147,-0.002155774,-0.002522108,-0.002879754,-0.003224547,-0.003552718,-0.003859798,-0.004142165,-0.004395667,-0.004617393,-0.004804241,-0.00495587,-0.005065407,-0.005139124,-0.005178987,-0.005176314,-0.005141928,-0.005074035,-0.004978043
-0.004283849,-0.004148413,-0.00399498,-0.003824814,-0.003641096,-0.003444786,-0.003239112,-0.003023976,-0.002800539,-0.002571069,-0.00233551,-0.002095046,-0.001850206,-0.001601941,-0.001350753,-0.001097588,-0.0008429316,-0.0005877779,-0.0003325828,-7.837588e-05,0.0001744195,0.0004247667,0.0006722833,0.0009159354,0.001155393,0.001389629,0.001618365,0.001840588,0.002056068,0.002263804,0.002463619,0.002654527,0.002836408,0.003008301,0.003170146,0.003321019,0.003460933,0.003589018,0.003705373,0.003809187,0.003900647,0.00397901,0.004044557,0.004096625,0.004135595,0.004160869,0.00417292,0.004171208,0.004156282,0.004127662,0.004085965,0.004030741,0.00396266,0.003881282,0.003787308,0.003680307,0.003560989,0.003428899,0.003284752,0.003128055,0.002959513,0.002778607,0.002586028,0.002381217,0.002164884,0.001936464,0.001696714,0.001445125,0.001182568,0.0009086566,0.000624497,0.0003299539,2.648913e-05,-0.0002856391,-0.0006044439,-0.0009291396,-0.001257056,-0.001586736,-0.001914776,-0.002239056,-0.002555441,-0.002861331,-0.003152089,-0.003424937,-0.003675241,-0.003900587,-0.004096872,-0.004262604,-0.004393659,-0.004495107,-0.004559123,-0.004585904,-0.004585146,-0.004550515,-0.004487773,-0.004397337
-0.00374087,-0.003618167,-0.003478107,-0.003324692,-0.003158401,-0.002982586,-0.002796685,-0.00260414,-0.002405465,-0.002201036,-0.001992032,-0.001779397,-0.001563466,-0.001345241,-0.001124996,-0.0009037007,-0.000681646,-0.0004597635,-0.0002383689,-1.836084e-05,0.000199931,0.0004156558,0.0006284768,0.0008375937,0.001042676,0.00124297,0.001438153,0.00162752,0.001810753,0.001987196,0.002156543,0.002318181,0.002471819,0.002616894,0.002753139,0.002880055,0.002997408,0.003104767,0.003201938,0.003288564,0.003364508,0.003429493,0.003483436,0.003526143,0.003557579,0.003577628,0.003586315,0.003583593,0.003569522,0.003544116,0.003507456,0.003459601,0.003400659,0.003330717,0.003249874,0.003158233,0.003055868,0.002942884,0.002819335,0.002685314,0.00254083,0.00238597,0.0022207,0.0020451,0.001859124,0.001662872,0.001456299,0.001239588,0.001012767,0.0007761639,0.0005299717,0.0002747806,1.105264e-05,-0.0002602094,-0.000538115,-0.0008211272,-0.001107813,-0.001395962,-0.001683549,-0.001967655,-0.002245672,-0.002514118,-0.002770067,-0.003009719,-0.003230249,-0.003428051,-0.003600852,-0.003745912,-0.003863089,-0.003945729,-0.004000561,-0.004028018,-0.00402056,-0.003987951,-0.003928031,-0.003845691
-0.003231955,-0.003120472,-0.002995304,-0.002857268,-0.002709287,-0.002551973,-0.002388371,-0.002218059,-0.002042296,-0.001862931,-0.001679927,-0.001494223,-0.001306294,-0.001116822,-0.0009262296,-0.0007351607,-0.0005439954,-0.0003533982,-0.0001636997,2.441442e-05,0.0002106577,0.0003943409,0.0005752188,0.0007526026,0.0009262959,0.001095607,0.001260387,0.001419949,0.001574183,0.001722406,0.001864549,0.001999936,0.002128544,0.002249707,0.002363448,0.002469122,0.002566809,0.002655895,0.002736523,0.002808113,0.002870875,0.002924264,0.002968557,0.003003259,0.003028715,0.003044465,0.003050915,0.003047631,0.00303507,0.003012828,0.002981406,0.002940403,0.002890352,0.002830844,0.002762426,0.002684682,0.002598158,0.002502404,0.002397967,0.002284352,0.002162094,0.002030667,0.001890592,0.001741302,0.001583332,0.0014161,0.001240181,0.001055026,0.000861304,0.0006585527,0.000447632,0.0002282733,1.624654e-06,-0.0002322754,-0.000471849,-0.0007166401,-0.000964506,-0.00121445,-0.001463715,-0.001710767,-0.001952219,-0.00218614,-0.002408687,-0.002617767,-0.002809483,-0.002982018,-0.003131862,-0.003257875,-0.003356441,-0.003432463,-0.003478001,-0.003494194,-0.003489144,-0.003456831,-0.003402523,-0.003326176
-0.002758642,-0.002660062,-0.002548335,-0.002426984,-0.002296205,-0.00215897,-0.002014551,-0.001866128,-0.001713907,-0.001558232,-0.001400054,-0.001240143,-0.001078679,-0.0009164776,-0.0007536372,-0.000590924,-0.0004284342,-0.0002668825,-0.0001063777,5.240337e-05,0.0002093423,0.0003638084,0.0005156713,0.0006643462,0.000809701,0.0009511883,0.001088675,0.001221653,0.001349986,0.001473206,0.001591176,0.001703464,0.001809934,0.001910194,0.00200412,0.002091366,0.002171828,0.002245208,0.002311422,0.002370225,0.002421565,0.002465258,0.002501279,0.002529499,0.002549917,0.002562457,0.002567151,0.002563967,0.002552949,0.002534106,0.002507481,0.002473111,0.002431046,0.002381338,0.002324016,0.00225914,0.002186706,0.002106771,0.002019309,0.001924361,0.001821856,0.001711832,0.001594171,0.00146891,0.001335913,0.001195229,0.001046718,0.0008904955,0.0007264672,0.0005548664,0.0003757189,0.0001894648,-3.667123e-06,-0.000202906,-0.0004076932,-0.0006168276,-0.0008293285,-0.001043447,-0.001257734,-0.001469851,-0.001677882,-0.001879004,-0.002071041,-0.00225087,-0.00241638,-0.002564555,-0.002693709,-0.002801526,-0.002888045,-0.002947113,-0.002985523,-0.003002656,-0.002992158,-0.002962613,-0.002911751,-0.002843881
-0.002325881,-0.002238487,-0.002141356,-0.002034926,-0.001921745,-0.001802113,-0.001678736,-0.001550944,-0.001419946,-0.001287155,-0.001152503,-0.00101667,-0.0008800312,-0.0007430165,-0.0006059465,-0.0004692045,-0.0003330648,-0.0001979199,-6.399411e-05,6.829982e-05,0.0001987804,0.0003270264,0.00045289,0.0005759444,0.0006960806,0.0008128604,0.0009262135,0.001035696,0.001141269,0.001242485,0.001339335,0.00143137,0.001518616,0.001600625,0.00167746,0.001748677,0.001814381,0.001874145,0.00192812,0.001975895,0.002017668,0.002053042,0.002082262,0.002104961,0.002121428,0.002131308,0.002134935,0.002131958,0.002122743,0.002106955,0.002084983,0.002056484,0.002021868,0.001980771,0.00193361,0.001880008,0.001820379,0.00175431,0.001682213,0.001603631,0.001518969,0.00142774,0.001330335,0.001226229,0.001115829,0.0009985873,0.0008749422,0.0007443664,0.0006073696,0.0004634823,0.0003133651,0.0001566868,-5.666934e-06,-0.0001737998,-0.0003464894,-0.0005235252,-0.0007032367,-0.0008849989,-0.001066647,-0.001247143,-0.001423803,-0.001595275,-0.001758485,-0.001911945,-0.002052498,-0.002178865,-0.00228816,-0.002379582,-0.002450085,-0.002504243,-0.002534489,-0.00254259,-0.002535146,-0.002506697,-0.002461907,-0.002400431
-0.001933544,-0.001858603,-0.001774286,-0.001683555,-0.001586365,-0.001485217,-0.001379263,-0.001271283,-0.001161227,-0.001049351,-0.0009363606,-0.0008228385,-0.0007088226,-0.0005949389,-0.0004811446,-0.0003680185,-0.0002555147,-0.0001441608,-3.392397e-05,7.470051e-05,0.0001817342,0.0002867191,0.0003896585,0.0004901317,0.0005881324,0.0006832674,0.0007755227,0.0008645356,0.000950281,0.001032428,0.001110944,0.001185526,0.001256134,0.001322496,0.001384575,0.001442132,0.001495138,0.001543389,0.00158686,0.001625388,0.001658964,0.001687463,0.00171089,0.001729158,0.001742277,0.001750197,0.001752943,0.001750494,0.001742873,0.001730086,0.001712144,0.001689071,0.001660876,0.00162759,0.001589198,0.001545736,0.001497154,0.001443486,0.001384661,0.0013207,0.001251491,0.001177053,0.001097234,0.001012053,0.0009213405,0.0008251246,0.0007232237,0.0006157203,0.0005024587,0.0003836111,0.0002591044,0.0001292665,-5.832429e-06,-0.0001456108,-0.0002897583,-0.0004373635,-0.0005878053,-0.0007397461,-0.0008922155,-0.001043409,-0.001192002,-0.001335793,-0.00147326,-0.001601937,-0.001720349,-0.00182608,-0.001917966,-0.001994147,-0.00205482,-0.00209452,-0.002119767,-0.002129306,-0.00211791,-0.002092914,-0.002052115,-0.001999179
-0.00158449,-0.001520043,-0.001449173,-0.001372006,-0.001290644,-0.001205121,-0.001117711,-0.001027587,-0.0009358208,-0.0008434127,-0.0007502588,-0.0006568031,-0.0005633198,-0.0004700352,-0.0003771773,-0.0002849334,-0.0001934938,-0.0001030529,-1.376001e-05,7.416736e-05,0.0001606159,0.0002453541,0.0003282928,0.00040919,0.0004879856,0.0005644205,0.000638465,0.0007098488,0.0007785648,0.0008443339,0.0009071738,0.0009667967,0.001023247,0.001076231,0.001125821,0.001171721,0.001214033,0.001252466,0.001287156,0.001317816,0.001344614,0.001367267,0.001385974,0.001400465,0.001410971,0.001417222,0.001419478,0.001417462,0.001411457,0.001401192,0.001386961,0.001368479,0.001346057,0.001319385,0.001288778,0.001253912,0.001215098,0.001171981,0.001124871,0.001073375,0.001017799,0.0009577236,0.0008934466,0.0008245147,0.0007512392,0.0006731451,0.0005905683,0.0005030429,0.0004109573,0.0003138801,0.0002123135,0.0001059177,-4.638159e-06,-0.0001195358,-0.000237856,-0.0003595586,-0.0004833866,-0.0006090008,-0.0007347689,-0.000860051,-0.0009828107,-0.001102179,-0.001215802,-0.001322709,-0.001420456,-0.001508229,-0.001583762,-0.001646564,-0.001694177,-0.001730694,-0.001749309,-0.0017521,-0.001744267,-0.001721064,-0.001686469,-0.001639945
-0.001276836,-0.001223619,-0.001164128,-0.001100734,-0.001033199,-0.0009635219,-0.0008907939,-0.0008173329,-0.0007429022,-0.0006676575,-0.0005920876,-0.000516603,-0.0004411437,-0.0003661674,-0.0002915462,-0.0002177033,-0.0001445123,-7.235355e-05,-1.117231e-06,6.884049e-05,0.0001376158,0.00020488,0.0002707076,0.0003347989,0.0003972137,0.0004576728,0.0005162244,0.0005726118,0.0006268693,0.0006787648,0.0007283222,0.0007753289,0.0008197997,0.0008615444,0.0009005744,0.0009367255,0.000970007,0.00100028,0.001027553,0.001051712,0.001072773,0.00109065,0.001105358,0.001116839,0.001125105,0.001130123,0.001131908,0.001130446,0.001125746,0.00111781,0.001106632,0.001092227,0.001074582,0.001053716,0.001029593,0.001002238,0.0009715826,0.0009376525,0.0009003609,0.0008597247,0.0008156234,0.0007680757,0.000716927,0.0006621983,0.0006037186,0.0005415167,0.0004754077,0.0004054617,0.000331505,0.0002536732,0.0001718445,8.62653e-05,-3.092744e-06,-9.579868e-05,-0.0001917188,-0.0002901829,-0.0003908443,-0.00049272,-0.0005952213,-0.0006970164,-0.000797264,-0.0008943301,-0.0009872384,-0.001074134,-0.00115408,-0.001225235,-0.001286883,-0.001337611,-0.001377732,-0.001402575,-0.001418113,-0.001422794,-0.001412388,-0.001392978,-0.001362537,-0.001324052
-0.001011338,-0.0009672201,-0.0009192223,-0.0008672355,-0.0008128989,-0.0007560514,-0.0006984964,-0.000639362,-0.0005795342,-0.0005196668,-0.0004596353,-0.0003997009,-0.0003400541,-0.0002807799,-0.0002220375,-0.000163886,-0.000106458,-4.982078e-05,5.922643e-06,6.068106e-05,0.0001143797,0.0001669101,0.0002182145,0.000268172,0.0003167456,0.000363796,0.0004093094,0.0004531333,0.0004952709,0.0005355589,0.000574019,0.0006104774,0.0006449759,0.0006773327,0.0007076088,0.0007356158,0.0007614369,0.0007848836,0.000806061,0.0008247788,0.0008411648,0.0008550239,0.0008665074,0.0008754239,0.000881944,0.0008858726,0.0008873994,0.0008863181,0.0008828348,0.0008767414,0.0008682527,0.0008571464,0.0008436476,0.0008275115,0.0008089687,0.0007877611,0.0007641166,0.0007377511,0.0007088954,0.0006772343,0.0006429975,0.0006058495,0.0005660155,0.000523133,0.0004774395,0.0004285518,0.0003767271,0.000321584,0.0002634162,0.0002018598,0.0001372895,6.939645e-05,-1.328048e-06,-7.509186e-05,-0.0001512292,-0.0002298036,-0.0003099105,-0.0003914136,-0.0004731411,-0.0005547561,-0.0006347911,-0.0007127571,-0.0007869463,-0.0008568031,-0.0009205358,-0.0009777037,-0.001026625,-0.001067063,-0.001097126,-0.001120297,-0.001130811,-0.001130765,-0.001124071,-0.001106796,-0.001082174,-0.001049568
-0.0007846592,-0.0007498785,-0.0007111727,-0.0006703426,-0.0006270268,-0.0005827408,-0.0005365844,-0.0004904065,-0.0004438717,-0.0003970423,-0.0003502428,-0.0003037465,-0.0002574433,-0.0002116569,-0.000166227,-0.0001214567,-7.719179e-05,-3.370205e-05,9.147539e-06,5.110477e-05,9.229062e-05,0.0001324723,0.0001717493,0.0002099112,0.0002470418,0.0002829456,0.000317694,0.0003511086,0.0003832466,0.0004139485,0.0004432602,0.000471037,0.0004973145,0.0005219647,0.0005450171,0.0005663625,0.0005860249,0.0006039133,0.0006200449,0.0006343479,0.00064684,0.0006574679,0.0006662458,0.0006731381,0.0006781505,0.000681265,0.0006824872,0.0006818114,0.0006792338,0.0006747608,0.0006683724,0.0006600854,0.0006498728,0.0006377542,0.0006236837,0.0006076857,0.0005896894,0.000569722,0.0005476979,0.00052364,0.000497437,0.0004691159,0.0004385381,0.0004057357,0.0003705561,0.0003330377,0.0002930142,0.0002505546,0.0002054941,0.0001579473,0.0001077778,5.517453e-05,5.521469e-08,-5.726496e-05,-0.0001167687,-0.0001779787,-0.0002407451,-0.0003043766,-0.0003685709,-0.000432393,-0.000495378,-0.0005563758,-0.0006148411,-0.0006694544,-0.000719706,-0.0007642679,-0.0008027785,-0.0008342271,-0.0008589966,-0.0008732385,-0.0008821827,-0.0008842279,-0.0008759971,-0.0008623801,-0.0008415827,-0.0008159236
-0.0005958056,-0.0005682203,-0.0005385294,-0.0005064866,-0.0004732875,-0.0004386647,-0.000403962,-0.0003683697,-0.0003325746,-0.0002969636,-0.0002614186,-0.0002260742,-0.0001910599,-0.0001563789,-0.0001221435,-8.834228e-05,-5.507092e-05,-2.23268e-05,9.814476e-06,4.133406e-05,7.217743e-05,0.0001023088,0.0001316859,0.000160261,0.0001880064,0.0002148582,0.000240806,0.0002657732,0.0002897621,0.0003126858,0.0003345602,0.0003552885,0.0003749012,0.000393293,0.0004105084,0.0004264341,0.0004411301,0.0004544802,0.0004665593,0.0004772463,0.0004866316,0.0004945871,0.0005012188,0.0005063983,0.0005102439,0.0005126212,0.0005136617,0.0005132194,0.0005114375,0.0005081663,0.0005035548,0.000497441,0.0004899821,0.0004809977,0.0004706504,0.0004587494,0.0004454565,0.0004305619,0.0004142315,0.000396232,0.0003767314,0.0003554816,0.000332649,0.0003079653,0.0002816078,0.0002532909,0.0002232068,0.0001910675,0.0001570893,0.0001209906,8.304173e-05,4.298973e-05,1.180684e-06,-4.258065e-05,-8.783532e-05,-0.0001346944,-0.0001825423,-0.0002313697,-0.0002803857,-0.0003294604,-0.0003776034,-0.0004245961,-0.00046928,-0.0005114002,-0.0005497304,-0.0005840968,-0.0006133323,-0.0006373812,-0.0006548687,-0.0006685743,-0.0006739447,-0.0006728445,-0.0006680455,-0.0006564815,-0.0006406214,-0.0006198161
-0.0004405148,-0.000420004,-0.0003972076,-0.0003734247,-0.0003482398,-0.0003227463,-0.000296119,-0.0002697728,-0.000243347,-0.0002168375,-0.0001904566,-0.0001643769,-0.000138478,-0.0001129829,-8.773778e-05,-6.29553e-05,-3.849005e-05,-1.453026e-05,9.05119e-06,3.20791e-05,5.466772e-05,7.665574e-05,9.813911e-05,0.0001189735,0.0001392404,0.0001588071,0.0001777437,0.0001959303,0.0002134246,0.000230121,0.0002460669,0.0002611679,0.0002754614,0.0002888655,0.000301411,0.0003130294,0.0003237449,0.0003335017,0.0003423158,0.0003501452,0.0003570034,0.0003628608,0.0003677256,0.0003715801,0.0003744231,0.0003762493,0.0003770551,0.0003768439,0.0003756032,0.0003733448,0.0003700424,0.0003657164,0.0003603344,0.0003539199,0.0003464259,0.0003378809,0.0003282192,0.000317474,0.0003055687,0.0002925357,0.00027828,0.000262839,0.000246098,0.0002281007,0.0002087209,0.000188008,0.0001658239,0.0001422394,0.0001171126,9.054509e-05,6.240639e-05,3.28448e-05,1.75632e-06,-3.06305e-05,-6.436621e-05,-9.912073e-05,-0.0001348728,-0.0001711573,-0.0002078694,-0.0002443867,-0.0002805134,-0.0003154853,-0.0003490699,-0.0003803826,-0.0004092237,-0.0004346895,-0.0004566727,-0.0004744934,-0.0004885577,-0.0004958112,-0.0005006242,-0.0005015057,-0.0004958148,-0.0004873513,-0.0004745802,-0.0004592136
-0.00031658,-0.0003011842,-0.0002847962,-0.0002671299,-0.000248991,-0.0002300926,-0.000211362,-0.0001921372,-0.0001729095,-0.0001538818,-0.0001349624,-0.0001162081,-9.770594e-05,-7.942287e-05,-6.143888e-05,-4.371458e-05,-2.63199e-05,-9.223266e-06,7.518232e-06,2.391961e-05,3.993866e-05,5.557658e-05,7.079995e-05,8.56003e-05,9.995429e-05,0.000113841,0.0001272492,0.0001401479,0.0001525349,0.0001643708,0.0001756632,0.0001863645,0.0001964924,0.0002059921,0.0002148907,0.0002231265,0.000230737,0.0002376565,0.0002439323,0.0002494938,0.0002543982,0.000258568,0.0002620708,0.0002648268,0.0002669116,0.0002682397,0.0002688951,0.0002687831,0.000267996,0.0002664348,0.0002641964,0.0002611727,0.0002574662,0.0002529561,0.0002477498,0.0002417191,0.0002349721,0.0002273677,0.0002190183,0.0002097671,0.0001997298,0.0001887395,0.0001769124,0.0001640679,0.0001503308,0.0001355077,0.0001197339,0.000102812,8.48926e-05,6.577813e-05,4.565237e-05,2.432985e-05,2.03941e-06,-2.137643e-05,-4.562241e-05,-7.08136e-05,-9.656171e-05,-0.0001229185,-0.0001493913,-0.0001759699,-0.0002020396,-0.0002275473,-0.0002517718,-0.0002746457,-0.0002953991,-0.0003140182,-0.000329759,-0.0003426686,-0.0003518195,-0.0003592525,-0.0003616669,-0.000360526,-0.0003576506,-0.0003508334,-0.0003418065,-0.0003299946
-0.0002193896,-0.000208801,-0.0001969817,-0.0001848204,-0.0001719128,-0.0001590097,-0.0001454138,-0.0001321591,-0.0001189138,-0.0001056402,-9.24773e-05,-7.952815e-05,-6.668733e-05,-5.41043e-05,-4.165329e-05,-2.947959e-05,-1.746545e-05,-5.739042e-06,5.802191e-06,1.704022e-05,2.806687e-05,3.877436e-05,4.924052e-05,5.937012e-05,6.922934e-05,7.8732e-05,8.793485e-05,9.676131e-05,0.0001052583,0.0001133597,0.000121104,0.0001284334,0.000135378,0.0001418892,0.0001479908,0.0001536439,0.000158866,0.0001636269,0.0001679366,0.0001717743,0.0001751466,0.0001780413,0.0001804594,0.0001823966,0.0001838458,0.0001848112,0.0001852828,0.0001852713,0.0001847592,0.0001837631,0.0001822551,0.0001802589,0.0001777416,0.0001747306,0.0001711826,0.0001671292,0.0001625146,0.0001573757,0.0001516488,0.0001453728,0.0001384714,0.0001309884,0.0001228343,0.0001140593,0.0001045651,9.440719e-05,8.347738e-05,7.18459e-05,5.939869e-05,4.622542e-05,3.221373e-05,1.748062e-05,1.922597e-06,-1.429626e-05,-3.12565e-05,-4.873589e-05,-6.678417e-05,-8.510172e-05,-0.0001037016,-0.0001221916,-0.0001405443,-0.000158282,-0.0001753699,-0.0001912515,-0.000205921,-0.0002188,-0.0002299357,-0.0002388969,-0.0002460695,-0.0002491401,-0.0002515563,-0.0002520403,-0.0002486118,-0.0002440923,-0.0002372266,-0.0002292141
-0.0001460783,-0.0001386841,-0.0001309116,-0.0001225124,-0.000113975,-0.0001050601,-9.634552e-05,-8.736072e-05,-7.842088e-05,-6.961813e-05,-6.089293e-05,-5.226124e-05,-4.377903e-05,-3.540777e-05,-2.720203e-05,-1.912097e-05,-1.12135e-05,-3.444704e-06,4.144388e-06,1.157779e-05,1.882401e-05,2.58976e-05,3.277306e-05,3.945823e-05,4.593412e-05,5.220031e-05,5.824558e-05,6.406264e-05,6.964624e-05,7.498317e-05,8.007445e-05,8.490118e-05,8.947083e-05,9.37594e-05,9.778023e-05,0.0001015041,0.0001049509,0.000108088,0.0001109412,0.0001134739,0.0001157178,0.0001176313,0.0001192523,0.0001205368,0.0001215276,0.0001221765,0.0001225313,0.0001225374,0.0001222482,0.0001216058,0.0001206666,0.0001193671,0.0001177675,0.0001157962,0.0001135173,0.0001108547,0.0001078738,0.0001044907,0.0001007743,9.663142e-05,9.213429e-05,8.71833e-05,8.18523e-05,7.603333e-05,6.980602e-05,6.305428e-05,5.586467e-05,4.811715e-05,3.9907e-05,3.111186e-05,2.184521e-05,1.198782e-05,1.677084e-06,-9.195772e-06,-2.045886e-05,-3.220388e-05,-4.421026e-05,-5.654245e-05,-6.892537e-05,-8.139804e-05,-9.362012e-05,-0.0001056154,-0.0001169839,-0.0001277483,-0.0001374775,-0.0001462267,-0.0001535719,-0.0001595937,-0.000163729,-0.0001673194,-0.0001682225,-0.0001674344,-0.0001660449,-0.0001626221,-0.0001582519,-0.0001524969
-9.219487e-05,-8.765252e-05,-8.250401e-05,-7.731868e-05,-7.175771e-05,-6.630591e-05,-6.043136e-05,-5.484037e-05,-4.926596e-05,-4.366539e-05,-3.812758e-05,-3.270992e-05,-2.733378e-05,-2.209496e-05,-1.690332e-05,-1.185336e-05,-6.861183e-06,-2.010018e-06,2.773028e-06,7.41253e-06,1.197321e-05,1.638718e-05,2.070952e-05,2.488108e-05,2.894855e-05,3.285961e-05,3.665383e-05,4.028577e-05,4.378793e-05,4.712219e-05,5.03147e-05,5.333336e-05,5.619794e-05,5.888271e-05,6.140252e-05,6.373817e-05,6.589953e-05,6.787296e-05,6.966254e-05,7.126089e-05,7.266876e-05,7.388473e-05,7.490486e-05,7.573263e-05,7.635805e-05,7.67906e-05,7.701729e-05,7.705249e-05,7.687771e-05,7.651133e-05,7.592794e-05,7.51512e-05,7.415198e-05,7.295758e-05,7.153197e-05,6.9906e-05,6.803576e-05,6.595685e-05,6.362021e-05,6.106428e-05,5.823197e-05,5.516612e-05,5.180131e-05,4.818587e-05,4.424817e-05,4.004103e-05,3.548554e-05,3.064392e-05,2.543171e-05,1.992279e-05,1.402971e-05,7.841214e-06,1.269705e-06,-5.570951e-06,-1.276252e-05,-2.016115e-05,-2.784102e-05,-3.561881e-05,-4.355897e-05,-5.142924e-05,-5.928351e-05,-6.684267e-05,-7.416851e-05,-8.093504e-05,-8.722746e-05,-9.269993e-05,-9.746544e-05,-0.000101266,-0.0001044277,-0.0001053199,-0.0001064427,-0.0001068041,-0.0001050307,-0.0001030703,-9.997348e-05,-9.652711e-05
-5.471159e-05,-5.184793e-05,-4.888804e-05,-4.566225e-05,-4.242615e-05,-3.902103e-05,-3.575857e-05,-3.23568e-05,-2.8989e-05,-2.56908e-05,-2.242974e-05,-1.920535e-05,-1.605016e-05,-1.293537e-05,-9.89419e-06,-6.89721e-06,-3.974699e-06,-1.10098e-06,1.698106e-06,4.442275e-06,7.110925e-06,9.718482e-06,1.224795e-05,1.470979e-05,1.709076e-05,1.939674e-05,2.161879e-05,2.375886e-05,2.581141e-05,2.777494e-05,2.964739e-05,3.142398e-05,3.310623e-05,3.468632e-05,3.616894e-05,3.754317e-05,3.881716e-05,3.997778e-05,4.103642e-05,4.197744e-05,4.281523e-05,4.353113e-05,4.414289e-05,4.463009e-05,4.501324e-05,4.526931e-05,4.542145e-05,4.544316e-05,4.536056e-05,4.514519e-05,4.482521e-05,4.436895e-05,4.380676e-05,4.310287e-05,4.229012e-05,4.133015e-05,4.025722e-05,3.902895e-05,3.768181e-05,3.616877e-05,3.452862e-05,3.271103e-05,3.075626e-05,2.860963e-05,2.631474e-05,2.381254e-05,2.115055e-05,1.826693e-05,1.521361e-05,1.192641e-05,8.465795e-06,4.767235e-06,9.020005e-07,-3.192353e-06,-7.429489e-06,-1.186736e-05,-1.639829e-05,-2.107187e-05,-2.575664e-05,-3.04955e-05,-3.512784e-05,-3.96945e-05,-4.400661e-05,-4.810881e-05,-5.179552e-05,-5.512824e-05,-5.790089e-05,-6.018128e-05,-6.167668e-05,-6.314581e-05,-6.33889e-05,-6.297571e-05,-6.248377e-05,-6.110603e-05,-5.942631e-05,-5.716848e-05
-2.973618e-05,-2.827457e-05,-2.654659e-05,-2.48797e-05,-2.30373e-05,-2.130127e-05,-1.93229e-05,-1.753026e-05,-1.574169e-05,-1.392631e-05,-1.213552e-05,-1.03984e-05,-8.665474e-06,-6.992466e-06,-5.324005e-06,-3.715547e-06,-2.115705e-06,-5.733169e-07,9.562195e-07,2.42941e-06,3.885452e-06,5.285885e-06,6.664093e-06,7.987019e-06,9.282834e-06,1.052303e-05,1.173111e-05,1.2883e-05,1.399773e-05,1.50558e-05,1.607215e-05,1.703109e-05,1.794343e-05,1.879744e-05,1.960062e-05,2.034527e-05,2.103549e-05,2.166689e-05,2.223977e-05,2.275353e-05,2.320597e-05,2.36002e-05,2.393079e-05,2.420371e-05,2.44097e-05,2.455841e-05,2.463839e-05,2.466256e-05,2.461593e-05,2.451392e-05,2.433749e-05,2.410555e-05,2.379664e-05,2.343251e-05,2.298758e-05,2.248612e-05,2.189817e-05,2.125144e-05,2.051288e-05,1.97128e-05,1.881353e-05,1.784848e-05,1.677541e-05,1.563161e-05,1.437089e-05,1.303386e-05,1.156965e-05,1.002429e-05,8.342875e-06,6.577801e-06,4.670342e-06,2.680265e-06,5.457747e-07,-1.661505e-06,-4.00459e-06,-6.398273e-06,-8.907606e-06,-1.143001e-05,-1.403213e-05,-1.658887e-05,-1.916923e-05,-2.162539e-05,-2.403779e-05,-2.623394e-05,-2.831039e-05,-3.008026e-05,-3.165337e-05,-3.288768e-05,-3.401648e-05,-3.402745e-05,-3.449845e-05,-3.476807e-05,-3.400515e-05,-3.339302e-05,-3.230732e-05,-3.121055e-05
-1.449458e-05,-1.37107e-05,-1.292452e-05,-1.204826e-05,-1.118891e-05,-1.026631e-05,-9.415797e-06,-8.503675e-06,-7.605743e-06,-6.73358e-06,-5.872822e-06,-5.019874e-06,-4.190218e-06,-3.36847e-06,-2.570971e-06,-1.78223e-06,-1.017286e-06,-2.624941e-07,4.691689e-07,1.188816e-06,1.885752e-06,2.568803e-06,3.229013e-06,3.87338e-06,4.494675e-06,5.097917e-06,5.677763e-06,6.237476e-06,6.773279e-06,7.286834e-06,7.775922e-06,8.240726e-06,8.680609e-06,9.094345e-06,9.482677e-06,9.842945e-06,1.017737e-05,1.04822e-05,1.07611e-05,1.10091e-05,1.123109e-05,1.142073e-05,1.158433e-05,1.171467e-05,1.181932e-05,1.188981e-05,1.193481e-05,1.194438e-05,1.192852e-05,1.187635e-05,1.179893e-05,1.168396e-05,1.154352e-05,1.136364e-05,1.115762e-05,1.091038e-05,1.063611e-05,1.031808e-05,9.971522e-06,9.577902e-06,9.153687e-06,8.678943e-06,8.171059e-06,7.608289e-06,7.009529e-06,6.351232e-06,5.65404e-06,4.892941e-06,4.090412e-06,3.220009e-06,2.307386e-06,1.325182e-06,3.028793e-07,-7.874045e-07,-1.911126e-06,-3.096108e-06,-4.300618e-06,-5.55149e-06,-6.799035e-06,-8.070124e-06,-9.305157e-06,-1.053263e-05,-1.168248e-05,-1.278682e-05,-1.376844e-05,-1.466648e-05,-1.540193e-05,-1.601265e-05,-1.637858e-05,-1.684346e-05,-1.686616e-05,-1.670377e-05,-1.661036e-05,-1.621694e-05,-1.577443e-05,-1.514714e-05
-5.943625e-06,-5.669273e-06,-5.298277e-06,-4.981481e-06,-4.595197e-06,-4.270666e-06,-3.832881e-06,-3.486021e-06,-3.13652e-06,-2.769241e-06,-2.407715e-06,-2.064114e-06,-1.714503e-06,-1.3849e-06,-1.048894e-06,-7.324767e-07,-4.111685e-07,-1.07878e-07,1.986406e-07,4.882897e-07,7.795556e-07,1.054955e-06,1.330222e-06,1.590497e-06,1.84899e-06,2.093182e-06,2.333925e-06,2.560924e-06,2.782843e-06,2.991626e-06,3.193884e-06,3.383472e-06,3.564935e-06,3.734064e-06,3.893712e-06,4.041647e-06,4.178955e-06,4.304991e-06,4.418946e-06,4.521983e-06,4.611949e-06,4.691843e-06,4.757823e-06,4.814245e-06,4.855417e-06,4.887468e-06,4.90352e-06,4.911411e-06,4.902498e-06,4.885856e-06,4.850968e-06,4.808686e-06,4.747259e-06,4.679138e-06,4.590643e-06,4.495521e-06,4.378162e-06,4.254157e-06,4.106397e-06,3.952034e-06,3.771831e-06,3.584571e-06,3.368991e-06,3.145934e-06,2.892169e-06,2.630359e-06,2.334945e-06,2.031095e-06,1.691119e-06,1.343026e-06,9.566272e-07,5.629573e-07,1.29386e-07,-3.084848e-07,-7.854545e-07,-1.260918e-06,-1.772862e-06,-2.274559e-06,-2.807285e-06,-3.315923e-06,-3.845923e-06,-4.3332e-06,-4.830947e-06,-5.26464e-06,-5.695868e-06,-6.042393e-06,-6.371182e-06,-6.617737e-06,-6.907358e-06,-6.749183e-06,-6.913841e-06,-7.065167e-06,-6.811674e-06,-6.71581e-06,-6.462394e-06,-6.268083e-06
-1.902804e-06,-1.794289e-06,-1.694259e-06,-1.574267e-06,-1.463641e-06,-1.336927e-06,-1.232706e-06,-1.110022e-06,-9.904523e-07,-8.767742e-07,-7.647164e-07,-6.524633e-07,-5.448416e-07,-4.368076e-07,-3.335633e-07,-2.300547e-07,-1.310956e-07,-3.221829e-08,6.23987e-08,1.565344e-07,2.466503e-07,3.358952e-07,4.212735e-07,5.05386e-07,5.857576e-07,6.644378e-07,7.394876e-07,8.124539e-07,8.81862e-07,9.487829e-07,1.012194e-06,1.072739e-06,1.129852e-06,1.183759e-06,1.234284e-06,1.281228e-06,1.324828e-06,1.364554e-06,1.401056e-06,1.433431e-06,1.462666e-06,1.487453e-06,1.509173e-06,1.526245e-06,1.540426e-06,1.549764e-06,1.556315e-06,1.557714e-06,1.556404e-06,1.549749e-06,1.540539e-06,1.525734e-06,1.508409e-06,1.485097e-06,1.459254e-06,1.427104e-06,1.392429e-06,1.351002e-06,1.306925e-06,1.255517e-06,1.201284e-06,1.139158e-06,1.073984e-06,1.000198e-06,9.230831e-07,8.365973e-07,7.465339e-07,6.463727e-07,5.424118e-07,4.276279e-07,3.090871e-07,1.793295e-07,4.629493e-08,-9.797895e-08,-2.444903e-07,-4.016466e-07,-5.589314e-07,-7.251373e-07,-8.880896e-07,-1.05734e-06,-1.218631e-06,-1.382601e-06,-1.532504e-06,-1.68053e-06,-1.807941e-06,-1.928837e-06,-2.023655e-06,-2.104801e-06,-2.140563e-06,-2.232622e-06,-2.220677e-06,-2.180046e-06,-2.185854e-06,-2.127007e-06,-2.074094e-06,-1.9847e-06
-3.697119e-07,-3.602542e-07,-3.296238e-07,-3.167791e-07,-2.874809e-07,-2.758849e-07,-2.346479e-07,-2.174692e-07,-1.986421e-07,-1.742997e-07,-1.504336e-07,-1.300167e-07,-1.067253e-07,-8.7343e-08,-6.49416e-08,-4.630573e-08,-2.501645e-08,-7.059265e-09,1.31381e-08,3.037577e-08,4.946818e-08,6.5942e-08,8.389085e-08,9.953984e-08,1.163131e-07,1.310818e-07,1.46626e-07,1.604228e-07,1.746676e-07,1.874358e-07,2.003673e-07,2.120571e-07,2.235859e-07,2.340675e-07,2.44119e-07,2.533849e-07,2.619948e-07,2.700154e-07,2.770648e-07,2.836885e-07,2.891262e-07,2.94419e-07,2.983409e-07,3.022915e-07,3.04554e-07,3.070008e-07,3.075802e-07,3.086393e-07,3.076503e-07,3.072941e-07,3.0456e-07,3.02615e-07,2.981095e-07,2.946713e-07,2.884453e-07,2.834189e-07,2.752533e-07,2.684507e-07,2.582715e-07,2.496818e-07,2.373911e-07,2.268178e-07,2.121635e-07,1.994199e-07,1.82255e-07,1.671811e-07,1.472377e-07,1.295864e-07,1.066761e-07,8.638937e-08,6.041582e-08,3.736735e-08,8.144328e-09,-1.759885e-08,-4.977217e-08,-7.761997e-08,-1.12225e-07,-1.415433e-07,-1.779044e-07,-2.074109e-07,-2.439631e-07,-2.715766e-07,-3.065448e-07,-3.303423e-07,-3.615866e-07,-3.795867e-07,-4.042671e-07,-4.189262e-07,-4.589416e-07,-3.940075e-07,-4.291161e-07,-4.726911e-07,-4.231436e-07,-4.276962e-07,-4.007147e-07,-3.987324e-07
-2.34823e-08,-2.235801e-08,-2.09067e-08,-1.961918e-08,-1.81039e-08,-1.678568e-08,-1.509866e-08,-1.369954e-08,-1.231778e-08,-1.086832e-08,-9.448052e-09,-8.088246e-09,-6.719061e-09,-5.41636e-09,-4.102805e-09,-2.854058e-09,-1.599305e-09,-4.039565e-10,7.922253e-10,1.932602e-09,3.068779e-09,4.15222e-09,5.225754e-09,6.249138e-09,7.25722e-09,8.217013e-09,9.156009e-09,1.004812e-08,1.091399e-08,1.173455e-08,1.252407e-08,1.326938e-08,1.39783e-08,1.464364e-08,1.526806e-08,1.585055e-08,1.638834e-08,1.688531e-08,1.733272e-08,1.774007e-08,1.809464e-08,1.841164e-08,1.867317e-08,1.889855e-08,1.906403e-08,1.919443e-08,1.926254e-08,1.929843e-08,1.926943e-08,1.92093e-08,1.907935e-08,1.891886e-08,1.868551e-08,1.842337e-08,1.80841e-08,1.77156e-08,1.726333e-08,1.678085e-08,1.620913e-08,1.560632e-08,1.490668e-08,1.417327e-08,1.333391e-08,1.245797e-08,1.146731e-08,1.043667e-08,9.280675e-09,8.081932e-09,6.748605e-09,5.372274e-09,3.853733e-09,2.294133e-09,5.872799e-10,-1.150655e-09,-3.031426e-09,-4.922339e-09,-6.943725e-09,-8.942482e-09,-1.104748e-08,-1.307765e-08,-1.517254e-08,-1.712188e-08,-1.908793e-08,-2.082711e-08,-2.252666e-08,-2.39203e-08,-2.521202e-08,-2.619316e-08,-2.727944e-08,-2.683618e-08,-2.734427e-08,-2.789048e-08,-2.697214e-08,-2.654104e-08,-2.55625e-08,-2.474748e-08
0,0,0,0,0,0,0,0,0,0,0,0,0,0,0,0,0,0,0,0,0,0,0,0,0,0,0,0,0,0,0,0,0,0,0,0,0,0,0,0,0,0,0,0,0,0,0,0,0,0,0,0,0,0,0,0,0,0,0,0,0,0,0,0,0,0,0,0,0,0,0,0,0,0,0,0,0,0,0,0,0,0,0,0,0,0,0,0,0,0,0,0,0,0,0,0
