NaN,NaN,NaN,NaN,NaN,NaN,NaN,NaN,NaN,NaN,NaN,NaN,NaN,NaN,NaN,NaN,NaN,0,0,0,0,0,0,0,0,0,0,0,0,0,0,0,0,0,0,0,0,0,0,0,0,0,0,0,0,0,0,0,0,0,0,0,0,0,0,0,0,0,0,0,0,0,0,0,0,0,0,0,0,0,0,0,0,0,0,0,0,0,0,0,0,0,0,0,0,0,0,0,0,0,0,0,NaN,NaN,NaN,NaN,NaN,NaN,NaN,NaN,NaN,NaN,NaN,NaN,NaN,NaN,NaN,NaN
NaN,NaN,NaN,NaN,NaN,NaN,NaN,NaN,NaN,NaN,NaN,NaN,NaN,NaN,NaN,NaN,NaN,2.131031e-08,-1.18588e-09,-5.606273e-08,-2.638138e-07,-5.500053e-07,-8.300003e-07,-1.048881e-06,-1.23225e-06,-1.368706e-06,-1.485231e-06,-1.562625e-06,-1.625404e-06,-1.648912e-06,-1.65917e-06,-1.628818e-06,-1.585284e-06,-1.49812e-06,-1.397269e-06,-1.251034e-06,-1.092704e-06,-8.889781e-07,-6.770499e-07,-4.24464e-07,-1.731469e-07,1.098847e-07,3.786229e-07,6.66989e-07,9.262034e-07,1.193054e-06,1.417856e-06,1.64179e-06,1.815102e-06,1.983934e-06,2.098325e-06,2.209055e-06,2.265805e-06,2.323127e-06,2.328324e-06,2.338985e-06,2.301221e-06,2.275378e-06,2.204471e-06,2.15209e-06,2.059923e-06,1.995428e-06,1.897169e-06,1.833924e-06,1.739826e-06,1.68495e-06,1.595365e-06,1.538724e-06,1.434524e-06,1.353416e-06,1.213814e-06,1.096808e-06,9.275561e-07,8.024318e-07,6.47502e-07,5.594088e-07,4.436609e-07,3.746007e-07,2.214828e-07,4.482244e-08,-2.86724e-07,-6.672936e-07,-1.175007e-06,-1.611221e-06,-1.953545e-06,-1.873171e-06,-1.353599e-06,-3.675603e-07,3.392397e-07,4.519843e-07,2.886111e-07,2.005728e-07,NaN,NaN,NaN,NaN,NaN,NaN,NaN,NaN,NaN,NaN,NaN,NaN,NaN,NaN,NaN,NaN
NaN,NaN,NaN,NaN,NaN,NaN,NaN,NaN,NaN,NaN,NaN,NaN,NaN,NaN,NaN,NaN,NaN,4.992869e-08,-1.097894e-08,-2.546501e-07,-1.067241e-06,-2.244145e-06,-3.336476e-06,-4.236197e-06,-4.93533e-06,-5.505044e-06,-5.934717e-06,-6.267936e-06,-6.480175e-06,-6.599864e-06,-6.601556e-06,-6.505719e-06,-6.290137e-06,-5.968607e-06,-5.52448e-06,-4.968381e-06,-4.293041e-06,-3.508495e-06,-2.620742e-06,-1.64402e-06,-5.997397e-07,4.959193e-07,1.608376e-06,2.721916e-06,3.793856e-06,4.818068e-06,5.752308e-06,6.603249e-06,7.33037e-06,7.958138e-06,8.450617e-06,8.846572e-06,9.109259e-06,9.288938e-06,9.346883e-06,9.342404e-06,9.230203e-06,9.076972e-06,8.833394e-06,8.575646e-06,8.249885e-06,7.941519e-06,7.590803e-06,7.287982e-06,6.958295e-06,6.686833e-06,6.374416e-06,6.095589e-06,5.727977e-06,5.349963e-06,4.841386e-06,4.31832e-06,3.692975e-06,3.134093e-06,2.567833e-06,2.156916e-06,1.749423e-06,1.409481e-06,8.547685e-07,8.685509e-08,-1.173401e-06,-2.767356e-06,-4.740184e-06,-6.556031e-06,-7.851362e-06,-7.610103e-06,-5.456879e-06,-1.594682e-06,1.322536e-06,1.645783e-06,1.069978e-06,6.231273e-07,NaN,NaN,NaN,NaN,NaN,NaN,NaN,NaN,NaN,NaN,NaN,NaN,NaN,NaN,NaN,NaN
NaN,NaN,NaN,NaN,NaN,NaN,NaN,NaN,NaN,NaN,NaN,NaN,NaN,NaN,NaN,NaN,NaN,9.58777e-08,-3.43719e-08,-6.178718e-07,-2.545736e-06,-5.277846e-06,-7.765153e-06,-9.790115e-06,-1.135614e-05,-1.262513e-05,-1.357992e-05,-1.431177e-05,-1.477132e-05,-1.501567e-05,-1.499519e-05,-1.474795e-05,-1.42315e-05,-1.346939e-05,-1.243268e-05,-1.113769e-05,-9.576291e-06,-7.764833e-06,-5.72519e-06,-3.482043e-06,-1.091971e-06,1.41332e-06,3.947905e-06,6.483696e-06,8.919345e-06,1.124494e-05,1.335669e-05,1.527802e-05,1.691521e-05,1.83272e-05,1.942668e-05,2.030612e-05,2.088154e-05,2.127149e-05,2.13834e-05,2.13528e-05,2.107744e-05,2.071139e-05,2.014014e-05,1.953707e-05,1.877983e-05,1.806323e-05,1.725118e-05,1.654812e-05,1.578587e-05,1.515633e-05,1.443467e-05,1.378835e-05,1.294209e-05,1.207087e-05,1.090364e-05,9.700019e-06,8.265395e-06,6.978928e-06,5.677806e-06,4.727528e-06,3.79012e-06,3.003927e-06,1.7329e-06,-2.791681e-08,-2.905376e-06,-6.554099e-06,-1.107465e-05,-1.525505e-05,-1.824341e-05,-1.77301e-05,-1.28223e-05,-3.951505e-06,2.80697e-06,3.456946e-06,2.063969e-06,1.168059e-06,NaN,NaN,NaN,NaN,NaN,NaN,NaN,NaN,NaN,NaN,NaN,NaN,NaN,NaN,NaN,NaN
NaN,NaN,NaN,NaN,NaN,NaN,NaN,NaN,NaN,NaN,NaN,NaN,NaN,NaN,NaN,NaN,NaN,1.292428e-07,-8.613525e-08,-1.329352e-06,-5.19963e-06,-1.037896e-05,-1.485018e-05,-1.845192e-05,-2.119357e-05,-2.343679e-05,-2.509284e-05,-2.637248e-05,-2.71358e-05,-2.752737e-05,-2.74123e-05,-2.690035e-05,-2.587567e-05,-2.441879e-05,-2.244102e-05,-2.000864e-05,-1.707482e-05,-1.370273e-05,-9.902617e-06,-5.754015e-06,-1.331838e-06,3.277724e-06,7.945669e-06,1.259001e-05,1.704955e-05,2.128397e-05,2.513498e-05,2.861715e-05,3.158039e-05,3.411342e-05,3.608496e-05,3.764301e-05,3.865268e-05,3.930903e-05,3.946785e-05,3.936087e-05,3.881628e-05,3.809589e-05,3.701054e-05,3.586111e-05,3.443976e-05,3.308589e-05,3.156716e-05,3.024302e-05,2.881873e-05,2.763209e-05,2.628598e-05,2.507339e-05,2.349985e-05,2.187367e-05,1.970934e-05,1.747268e-05,1.481418e-05,1.242124e-05,1.00042e-05,8.228187e-06,6.478642e-06,5.009941e-06,2.657773e-06,-5.924177e-07,-5.906596e-06,-1.26549e-05,-2.103249e-05,-2.882175e-05,-3.44861e-05,-3.374011e-05,-2.483925e-05,-8.215972e-06,4.910105e-06,6.064945e-06,3.044603e-06,1.641566e-06,NaN,NaN,NaN,NaN,NaN,NaN,NaN,NaN,NaN,NaN,NaN,NaN,NaN,NaN,NaN,NaN
NaN,NaN,NaN,NaN,NaN,NaN,NaN,NaN,NaN,NaN,NaN,NaN,NaN,NaN,NaN,NaN,NaN,1.470428e-07,-2.246673e-07,-2.889472e-06,-1.020588e-05,-1.880434e-05,-2.567629e-05,-3.115187e-05,-3.528054e-05,-3.870677e-05,-4.119922e-05,-4.313622e-05,-4.422005e-05,-4.473436e-05,-4.440178e-05,-4.345083e-05,-4.163804e-05,-3.914991e-05,-3.578998e-05,-3.172219e-05,-2.68162e-05,-2.12375e-05,-1.494785e-05,-8.135269e-06,-8.643243e-07,6.657309e-06,1.428045e-05,2.181161e-05,2.906001e-05,3.588908e-05,4.210441e-05,4.766985e-05,5.242368e-05,5.643474e-05,5.956181e-05,6.197129e-05,6.35313e-05,6.448276e-05,6.466937e-05,6.437936e-05,6.342579e-05,6.214951e-05,6.032961e-05,5.836213e-05,5.600318e-05,5.370999e-05,5.120094e-05,4.896185e-05,4.661675e-05,4.460913e-05,4.239657e-05,4.034819e-05,3.77711e-05,3.505194e-05,3.151267e-05,2.779126e-05,2.344147e-05,1.945762e-05,1.549596e-05,1.251282e-05,9.645518e-06,7.170665e-06,3.3325e-06,-2.038428e-06,-1.070077e-05,-2.181882e-05,-3.559843e-05,-4.861194e-05,-5.820794e-05,-5.757618e-05,-4.344874e-05,-1.573244e-05,8.135383e-06,1.06221e-05,4.204539e-06,1.938468e-06,NaN,NaN,NaN,NaN,NaN,NaN,NaN,NaN,NaN,NaN,NaN,NaN,NaN,NaN,NaN,NaN
NaN,NaN,NaN,NaN,NaN,NaN,NaN,NaN,NaN,NaN,NaN,NaN,NaN,NaN,NaN,NaN,NaN,1.588526e-07,-5.846342e-07,-6.571525e-06,-1.921606e-05,-3.154855e-05,-4.070896e-05,-4.808723e-05,-5.364692e-05,-5.835634e-05,-6.173002e-05,-6.435713e-05,-6.572093e-05,-6.62699e-05,-6.554878e-05,-6.392384e-05,-6.101197e-05,-5.710566e-05,-5.190423e-05,-4.566153e-05,-3.818978e-05,-2.973147e-05,-2.024431e-05,-1.000437e-05,8.716164e-07,1.209882e-05,2.34312e-05,3.460398e-05,4.529712e-05,5.535421e-05,6.446409e-05,7.260959e-05,7.950026e-05,8.529955e-05,8.975909e-05,9.318577e-05,9.531918e-05,9.657832e-05,9.66749e-05,9.611467e-05,9.453972e-05,9.2528e-05,8.967592e-05,8.665609e-05,8.301852e-05,7.953066e-05,7.568188e-05,7.228976e-05,6.869165e-05,6.565441e-05,6.226477e-05,5.918113e-05,5.525105e-05,5.117028e-05,4.580463e-05,4.023332e-05,3.365034e-05,2.767786e-05,2.165673e-05,1.716806e-05,1.276937e-05,9.058024e-06,3.244432e-06,-4.745623e-06,-1.776612e-05,-3.438313e-05,-5.516549e-05,-7.485344e-05,-8.985864e-05,-8.977196e-05,-6.971494e-05,-2.749828e-05,1.303301e-05,2.035523e-05,6.07363e-06,2.202264e-06,NaN,NaN,NaN,NaN,NaN,NaN,NaN,NaN,NaN,NaN,NaN,NaN,NaN,NaN,NaN,NaN
NaN,NaN,NaN,NaN,NaN,NaN,NaN,NaN,NaN,NaN,NaN,NaN,NaN,NaN,NaN,NaN,NaN,1.268789e-07,-1.710399e-06,-1.465018e-05,-3.296564e-05,-4.82508e-05,-5.92524e-05,-6.847387e-05,-7.539819e-05,-8.144083e-05,-8.563297e-05,-8.894437e-05,-9.043659e-05,-9.091427e-05,-8.955249e-05,-8.703992e-05,-8.266042e-05,-7.700812e-05,-6.948923e-05,-6.06421e-05,-5.002768e-05,-3.817946e-05,-2.486039e-05,-1.063821e-05,4.507989e-06,1.998412e-05,3.563835e-05,5.092246e-05,6.560281e-05,7.926253e-05,9.166223e-05,0.000102601,0.000111904,0.00011959,0.0001255201,0.0001299141,0.000132643,0.0001340782,0.0001340326,0.0001329739,0.0001306437,0.0001276181,0.0001235636,0.0001191717,0.0001140571,0.0001090404,0.0001036558,9.878773e-05,9.377289e-05,8.94122e-05,8.469626e-05,8.027676e-05,7.482799e-05,6.903966e-05,6.16098e-05,5.374905e-05,4.462544e-05,3.619078e-05,2.782418e-05,2.14214e-05,1.530043e-05,9.98577e-06,1.943125e-06,-9.239834e-06,-2.719438e-05,-5.033982e-05,-7.920795e-05,-0.0001069036,-0.000128163,-0.0001290698,-0.0001023453,-4.3546e-05,1.95261e-05,4.01947e-05,1.129032e-05,2.325885e-06,NaN,NaN,NaN,NaN,NaN,NaN,NaN,NaN,NaN,NaN,NaN,NaN,NaN,NaN,NaN,NaN
NaN,NaN,NaN,NaN,NaN,NaN,NaN,NaN,NaN,NaN,NaN,NaN,NaN,NaN,NaN,NaN,3.415965e-07,6.022994e-08,-5.223228e-06,-2.850222e-05,-5.027192e-05,-6.773535e-05,-8.034465e-05,-9.141946e-05,-9.966845e-05,-0.0001070323,-0.0001119511,-0.0001158442,-0.0001173085,-0.0001175196,-0.000115276,-0.0001115842,-0.0001054262,-9.765322e-05,-8.743529e-05,-7.553446e-05,-6.135484e-05,-4.562032e-05,-2.801882e-05,-9.312969e-06,1.051175e-05,3.07023e-05,5.103787e-05,7.083057e-05,8.972742e-05,0.0001072599,0.0001230881,0.0001370129,0.0001487237,0.0001583554,0.0001656581,0.0001710297,0.0001741826,0.0001757179,0.0001752804,0.0001736297,0.0001702718,0.0001661008,0.0001605273,0.0001546225,0.0001477046,0.0001410246,0.0001337828,0.0001273298,0.0001205839,0.0001148154,0.0001084805,0.0001026623,9.537394e-05,8.777391e-05,7.789416e-05,6.759318e-05,5.547977e-05,4.440629e-05,3.323943e-05,2.479368e-05,1.653178e-05,9.543537e-06,-1.158175e-06,-1.570604e-05,-3.932423e-05,-6.94979e-05,-0.0001074388,-0.0001436898,-0.0001720274,-0.0001737063,-0.0001398349,-6.24587e-05,2.640321e-05,7.250151e-05,2.660202e-05,2.898328e-06,-4.195295e-07,NaN,NaN,NaN,NaN,NaN,NaN,NaN,NaN,NaN,NaN,NaN,NaN,NaN,NaN,NaN
NaN,NaN,NaN,NaN,NaN,NaN,NaN,NaN,NaN,NaN,NaN,NaN,NaN,NaN,NaN,NaN,3.533268e-07,-3.066363e-07,-1.454259e-05,-4.651695e-05,-6.983771e-05,-8.931581e-05,-0.0001034655,-0.000116424,-0.0001258917,-0.0001345447,-0.0001400082,-0.0001443821,-0.0001455422,-0.0001453165,-0.0001418488,-0.000136753,-0.0001283997,-0.0001182285,-0.0001048464,-8.958641e-05,-7.133616e-05,-5.140766e-05,-2.903634e-05,-5.569609e-06,1.940014e-05,4.450777e-05,6.988558e-05,9.427408e-05,0.0001176826,0.00013909,0.0001585004,0.0001752607,0.0001894774,0.0002008579,0.0002095553,0.0002156003,0.0002191497,0.0002204731,0.000219619,0.0002170069,0.0002125608,0.000206872,0.0001997375,0.0001919339,0.0001831736,0.0001744423,0.0001653236,0.0001569062,0.0001484552,0.0001409202,0.0001330058,0.0001254125,0.0001163313,0.0001065163,9.420012e-05,8.097582e-05,6.584641e-05,5.160613e-05,3.762154e-05,2.661252e-05,1.626196e-05,7.085687e-06,-6.23221e-06,-2.475369e-05,-5.404929e-05,-9.205639e-05,-0.0001393227,-0.0001850476,-0.0002202454,-0.0002228065,-0.0001804755,-8.375975e-05,3.331731e-05,0.0001115306,6.575327e-05,4.458744e-06,-3.905829e-07,NaN,NaN,NaN,NaN,NaN,NaN,NaN,NaN,NaN,NaN,NaN,NaN,NaN,NaN,NaN
NaN,NaN,NaN,NaN,NaN,NaN,NaN,NaN,NaN,NaN,NaN,NaN,NaN,NaN,NaN,NaN,4.678765e-07,-1.584345e-06,-3.087162e-05,-6.648718e-05,-9.120807e-05,-0.0001124444,-0.0001283103,-0.0001428982,-0.0001536735,-0.0001633047,-0.0001692989,-0.0001737822,-0.000174563,-0.0001734845,-0.0001686437,-0.0001616828,-0.0001509465,-0.0001378929,-0.0001211216,-0.0001020049,-7.946682e-05,-5.48666e-05,-2.752007e-05,1.123181e-06,3.1347e-05,6.169744e-05,9.216314e-05,0.000121378,0.000149193,0.0001745571,0.0001973957,0.0002170362,0.0002334905,0.0002465456,0.0002563381,0.0002629981,0.0002666357,0.0002676275,0.0002660143,0.0002623528,0.0002565163,0.0002492042,0.0002401944,0.0002303953,0.0002195035,0.0002086383,0.000197382,0.0001869377,0.0001765325,0.0001671753,0.0001574714,0.0001480623,0.0001369663,0.0001248455,0.0001098407,9.356351e-05,7.513368e-05,5.754543e-05,4.045037e-05,2.667893e-05,1.396477e-05,2.425138e-06,-1.370363e-05,-3.639404e-05,-7.166328e-05,-0.0001178497,-0.0001746319,-0.0002300302,-0.0002719561,-0.000275079,-0.0002231844,-0.0001062101,4.053833e-05,0.000152282,0.0001305248,1.120937e-05,-7.08634e-07,NaN,NaN,NaN,NaN,NaN,NaN,NaN,NaN,NaN,NaN,NaN,NaN,NaN,NaN,NaN
NaN,NaN,NaN,NaN,NaN,NaN,NaN,NaN,NaN,NaN,NaN,NaN,NaN,NaN,NaN,NaN,4.577451e-07,-6.808375e-06,-5.11397e-05,-8.756958e-05,-0.0001142734,-0.0001366568,-0.0001546143,-0.0001703111,-0.0001825834,-0.0001926969,-0.0001992864,-0.0002033982,-0.0002037396,-0.0002013352,-0.0001949943,-0.0001857194,-0.0001723977,-0.0001560334,-0.0001356378,-0.0001122868,-8.519919e-05,-5.56244e-05,-2.309031e-05,1.093112e-05,4.659539e-05,8.225511e-05,0.0001178716,0.0001518172,0.0001840743,0.0002132167,0.0002393992,0.000261572,0.000280203,0.0002945843,0.0003054004,0.0003122229,0.0003158947,0.0003161373,0.0003137953,0.00030861,0.0003014225,0.0002920245,0.0002812612,0.0002689872,0.0002561309,0.0002426357,0.0002294635,0.000216479,0.0002044247,0.0001927224,0.0001815684,0.0001697605,0.000157041,0.0001419851,0.0001247044,0.0001046315,8.332526e-05,6.154797e-05,4.180106e-05,2.434238e-05,9.823095e-06,-5.079424e-06,-2.336827e-05,-5.128185e-05,-9.160178e-05,-0.0001470437,-0.0002122968,-0.0002784799,-0.0003252479,-0.0003295828,-0.000265517,-0.0001296623,4.947669e-05,0.000192208,0.0002064282,3.73215e-05,-5.879869e-07,NaN,NaN,NaN,NaN,NaN,NaN,NaN,NaN,NaN,NaN,NaN,NaN,NaN,NaN,NaN
NaN,NaN,NaN,NaN,NaN,NaN,NaN,NaN,NaN,NaN,NaN,NaN,NaN,NaN,NaN,NaN,2.45944e-07,-2.057078e-05,-7.33058e-05,-0.0001092587,-0.0001386562,-0.0001614064,-0.0001819558,-0.0001980266,-0.0002121764,-0.0002220306,-0.0002294828,-0.0002324723,-0.0002325984,-0.0002281278,-0.0002204481,-0.0002081247,-0.0001923681,-0.0001719914,-0.0001481072,-0.0001198585,-8.840089e-05,-5.326107e-05,-1.574977e-05,2.412798e-05,6.489095e-05,0.000106213,0.0001465862,0.0001855126,0.0002216615,0.0002546714,0.0002836585,0.0003084689,0.0003286553,0.0003443593,0.0003556102,0.0003626719,0.0003658419,0.0003653637,0.0003617554,0.0003551498,0.0003461721,0.0003347847,0.0003218387,0.0003072081,0.0002920136,0.0002760266,0.0002606134,0.0002452421,0.0002312243,0.0002173189,0.0002044538,0.0001903998,0.0001757909,0.0001578915,0.000138063,0.000114258,8.978972e-05,6.381331e-05,4.110231e-05,1.987276e-05,3.219994e-06,-1.511512e-05,-3.57254e-05,-6.882318e-05,-0.0001142525,-0.0001787955,-0.0002520508,-0.0003284098,-0.0003791162,-0.0003838686,-0.0003064175,-0.000151586,6.021411e-05,0.0002321584,0.000284005,0.0001057177,4.693626e-07,NaN,NaN,NaN,NaN,NaN,NaN,NaN,NaN,NaN,NaN,NaN,NaN,NaN,NaN,NaN
NaN,NaN,NaN,NaN,NaN,NaN,NaN,NaN,NaN,NaN,NaN,NaN,NaN,NaN,NaN,NaN,-5.565316e-07,-4.02628e-05,-9.658209e-05,-0.0001316706,-0.000163741,-0.0001865962,-0.000209698,-0.0002258317,-0.0002417454,-0.0002510053,-0.0002591776,-0.0002607123,-0.0002604212,-0.0002535591,-0.0002443444,-0.0002286831,-0.0002102734,-0.0001856253,-0.0001580604,-0.0001247247,-8.872207e-05,-4.791941e-05,-5.360777e-06,4.036021e-05,8.624751e-05,0.0001330832,0.0001780799,0.000221685,0.000261592,0.0002981424,0.0003296757,0.0003566472,0.0003782079,0.0003948456,0.0004063669,0.000413203,0.0004157467,0.0004141929,0.0004093168,0.0004009047,0.0003901377,0.0003764351,0.0003614072,0.0003441109,0.0003267175,0.0003079404,0.0002904645,0.0002724122,0.0002566794,0.0002402899,0.0002259561,0.0002093288,0.0001931044,0.0001720374,0.0001499358,0.0001219999,9.461612e-05,6.397755e-05,3.850474e-05,1.297286e-05,-5.60074e-06,-2.791098e-05,-5.056744e-05,-8.919895e-05,-0.0001389906,-0.0002125272,-0.0002927347,-0.0003787438,-0.0004315178,-0.0004357142,-0.0003436232,-0.0001706172,7.295212e-05,0.0002725188,0.0003610457,0.0001975707,3.998451e-06,NaN,NaN,NaN,NaN,NaN,NaN,NaN,NaN,NaN,NaN,NaN,NaN,NaN,NaN,NaN
NaN,NaN,NaN,NaN,NaN,NaN,NaN,NaN,NaN,NaN,NaN,NaN,NaN,NaN,NaN,1.112709e-06,-3.296155e-06,-6.235999e-05,-0.0001196218,-0.0001548188,-0.0001885825,-0.0002120707,-0.0002370077,-0.0002534618,-0.000270572,-0.000279322,-0.0002877234,-0.0002877706,-0.0002866948,-0.0002773438,-0.0002662888,-0.0002471334,-0.0002258753,-0.0001967845,-0.0001654267,-0.0001268223,-8.630529e-05,-3.968762e-05,7.788401e-06,5.943617e-05,0.000110104,0.0001624678,0.0002116649,0.0002599401,0.0003029701,0.000342951,0.0003764198,0.0004055866,0.0004277949,0.0004453544,0.0004564479,0.0004632513,0.0004645115,0.0004620873,0.0004552362,0.0004453993,0.0004322169,0.0004166429,0.0003988589,0.0003794418,0.0003591812,0.0003382585,0.0003180408,0.0002980438,0.0002798355,0.0002617539,0.0002451687,0.0002268669,0.0002081426,0.0001848378,0.0001594807,0.00012845,9.704229e-05,6.280891e-05,3.326088e-05,4.524984e-06,-1.749939e-05,-4.247394e-05,-6.863228e-05,-0.0001109684,-0.000166473,-0.0002464062,-0.0003342416,-0.0004260887,-0.0004816753,-0.000481251,-0.0003768577,-0.0001828059,8.617193e-05,0.0003157704,0.0004318798,0.0002965176,1.704803e-05,-5.973201e-06,NaN,NaN,NaN,NaN,NaN,NaN,NaN,NaN,NaN,NaN,NaN,NaN,NaN,NaN
NaN,NaN,NaN,NaN,NaN,NaN,NaN,NaN,NaN,NaN,NaN,NaN,NaN,NaN,NaN,1.163437e-06,-1.457014e-05,-8.692673e-05,-0.000141894,-0.0001788535,-0.0002125563,-0.0002378883,-0.0002632226,-0.0002809383,-0.0002979462,-0.0003069853,-0.0003144616,-0.000313739,-0.000310799,-0.0002996191,-0.0002857736,-0.0002637636,-0.0002387803,-0.0002058649,-0.0001699557,-0.0001267237,-8.101708e-05,-2.927152e-05,2.361594e-05,8.044878e-05,0.0001363166,0.0001933922,0.0002469966,0.0002990357,0.0003454041,0.0003879913,0.0004234482,0.0004538905,0.0004768932,0.00049466,0.0005054693,0.0005114993,0.0005116319,0.0005078029,0.0004992435,0.0004874674,0.0004720848,0.0004542591,0.0004340035,0.0004121701,0.0003893205,0.0003660317,0.0003433243,0.000321223,0.0003008135,0.0002809662,0.0002623061,0.0002422631,0.0002211847,0.0001956879,0.000167155,0.0001330796,9.75939e-05,5.984178e-05,2.598686e-05,-5.880796e-06,-3.172553e-05,-5.915439e-05,-8.916607e-05,-0.0001344272,-0.0001953295,-0.0002798028,-0.0003745063,-0.0004693666,-0.0005265192,-0.0005184456,-0.000403122,-0.000188037,0.0001002866,0.0003599159,0.0004962512,0.0003977422,7.014274e-05,-6.926212e-06,NaN,NaN,NaN,NaN,NaN,NaN,NaN,NaN,NaN,NaN,NaN,NaN,NaN,NaN
NaN,NaN,NaN,NaN,NaN,NaN,NaN,NaN,NaN,NaN,NaN,NaN,NaN,NaN,NaN,7.791782e-07,-3.410212e-05,-0.0001126369,-0.000163101,-0.000203023,-0.0002353181,-0.0002634594,-0.0002880204,-0.0003077542,-0.0003236416,-0.0003335807,-0.0003392437,-0.0003382707,-0.0003327448,-0.0003201826,-0.0003029339,-0.0002784643,-0.0002492938,-0.0002129163,-0.0001721028,-0.000124588,-7.351863e-05,-1.699247e-05,4.137839e-05,0.0001030033,0.0001639098,0.0002252768,0.0002830694,0.0003384836,0.0003877592,0.0004325061,0.0004695796,0.0005010673,0.0005243808,0.0005421135,0.000552196,0.0005574709,0.0005560781,0.0005509008,0.0005401727,0.0005267222,0.0005087576,0.0004890398,0.0004658762,0.0004421117,0.0004162233,0.00039118,0.0003655258,0.000342052,0.0003188553,0.0002980262,0.000276683,0.0002558311,0.0002316679,0.0002049511,0.0001724092,0.0001364168,9.588664e-05,5.574981e-05,1.634721e-05,-1.752101e-05,-4.866556e-05,-7.715476e-05,-0.0001122731,-0.0001583072,-0.0002254092,-0.0003110764,-0.0004122757,-0.0005053951,-0.0005640693,-0.0005443743,-0.0004212423,-0.0001846058,0.0001146809,0.000402844,0.0005512607,0.0004965201,0.0001593643,-4.120755e-06,NaN,NaN,NaN,NaN,NaN,NaN,NaN,NaN,NaN,NaN,NaN,NaN,NaN,NaN
NaN,NaN,NaN,NaN,NaN,NaN,NaN,NaN,NaN,NaN,NaN,NaN,NaN,NaN,NaN,-1.847934e-07,-5.504715e-05,-0.0001383095,-0.0001838491,-0.0002268132,-0.0002571016,-0.0002884168,-0.0003114591,-0.000333636,-0.0003476341,-0.0003589749,-0.0003620609,-0.0003613783,-0.0003525306,-0.0003392154,-0.0003178717,-0.0002916027,-0.0002575745,-0.0002184704,-0.0001721553,-0.0001211475,-6.413222e-05,-3.716068e-06,6.058502e-05,0.0001260381,0.0001924207,0.0002570247,0.0003193092,0.0003769583,0.0004295096,0.0004753365,0.0005143274,0.00054571,0.0005697742,0.0005864834,0.00059634,0.0005998507,0.0005975015,0.0005901135,0.0005779267,0.0005619526,0.0005421361,0.0005197541,0.0004945172,0.0004681064,0.000440087,0.0004126049,0.0003849206,0.0003593845,0.0003344184,0.0003119509,0.0002888918,0.0002665037,0.0002402873,0.0002116858,0.0001762046,0.0001375513,9.300855e-05,4.962451e-05,5.598019e-06,-3.130531e-05,-6.681406e-05,-9.738033e-05,-0.0001363289,-0.0001835033,-0.0002541758,-0.0003401348,-0.0004441279,-0.0005339106,-0.0005898743,-0.0005586163,-0.0004274064,-0.0001756694,0.0001298535,0.0004373963,0.0005979431,0.0005805327,0.0002483662,-8.616597e-07,NaN,NaN,NaN,NaN,NaN,NaN,NaN,NaN,NaN,NaN,NaN,NaN,NaN,NaN
NaN,NaN,NaN,NaN,NaN,NaN,NaN,NaN,NaN,NaN,NaN,NaN,NaN,NaN,NaN,-1.86723e-06,-7.811573e-05,-0.0001619388,-0.0002044445,-0.0002489781,-0.0002782005,-0.0003117775,-0.0003339101,-0.0003578174,-0.0003703684,-0.0003825176,-0.0003834569,-0.0003826263,-0.0003708572,-0.0003563811,-0.0003313653,-0.0003030179,-0.0002645868,-0.0002225017,-0.0001711402,-0.0001164852,-5.408482e-05,1.03234e-05,7.999403e-05,0.0001492796,0.0002204531,0.0002882349,0.0003543279,0.0004141387,0.0004692224,0.0005160234,0.0005562675,0.0005875464,0.0006117214,0.0006274284,0.0006365121,0.0006384163,0.000634664,0.0006252597,0.0006112072,0.0005930034,0.0005710467,0.0005463542,0.0005188055,0.0004901541,0.0004598294,0.0004303701,0.0004005608,0.000373447,0.0003465848,0.0003229368,0.0002981034,0.0002746612,0.0002463441,0.0002163267,0.0001779243,0.0001370635,8.849037e-05,4.219572e-05,-6.563025e-06,-4.645622e-05,-8.654926e-05,-0.0001190076,-0.00016126,-0.0002085653,-0.000281225,-0.0003652451,-0.000468435,-0.0005516547,-0.0006019612,-0.0005590389,-0.0004213371,-0.0001615199,0.000143135,0.0004578978,0.0006288353,0.0006415452,0.000336305,6.759124e-06,NaN,NaN,NaN,NaN,NaN,NaN,NaN,NaN,NaN,NaN,NaN,NaN,NaN,NaN
NaN,NaN,NaN,NaN,NaN,NaN,NaN,NaN,NaN,NaN,NaN,NaN,NaN,NaN,NaN,-1.087365e-05,-0.0001055652,-0.0001830702,-0.0002256686,-0.0002691787,-0.0002991931,-0.0003332791,-0.0003558212,-0.0003801224,-0.000392246,-0.0004042199,-0.000403835,-0.0004021115,-0.0003881122,-0.0003720107,-0.0003439034,-0.00031316,-0.0002707935,-0.0002256257,-0.000169653,-0.0001113947,-4.392531e-05,2.424998e-05,9.89317e-05,0.0001716728,0.0002473822,0.0003178321,0.0003874754,0.0004488011,0.0005062988,0.0005534256,0.0005948753,0.0006252933,0.0006497328,0.0006637556,0.0006723754,0.0006719073,0.0006672033,0.0006550857,0.0006398583,0.0006186455,0.0005953227,0.0005675621,0.0005387253,0.000507043,0.0004755571,0.000443252,0.0004126444,0.0003830319,0.0003557265,0.0003298083,0.0003047907,0.0002791262,0.0002504956,0.0002177413,0.0001783842,0.0001339169,8.350462e-05,3.243709e-05,-1.898217e-05,-6.402201e-05,-0.0001062532,-0.0001429246,-0.0001854239,-0.0002345227,-0.0003038242,-0.0003860104,-0.0004816948,-0.0005587779,-0.0005964501,-0.0005461538,-0.0004008769,-0.0001474447,0.0001516076,0.0004541585,0.0006385143,0.0006662818,0.0004218412,3.740792e-05,NaN,NaN,NaN,NaN,NaN,NaN,NaN,NaN,NaN,NaN,NaN,NaN,NaN,NaN
NaN,NaN,NaN,NaN,NaN,NaN,NaN,NaN,NaN,NaN,NaN,NaN,NaN,NaN,1.724284e-06,-3.272816e-05,-0.0001340661,-0.0002020067,-0.0002463696,-0.0002873635,-0.0003197234,-0.0003528663,-0.0003770976,-0.0004004767,-0.0004134933,-0.0004240921,-0.0004235924,-0.0004198443,-0.0004049309,-0.0003861944,-0.0003562348,-0.0003221286,-0.0002771385,-0.0002280211,-0.0001687252,-0.0001060332,-3.489424e-05,3.779119e-05,0.0001161503,0.0001930239,0.0002717569,0.0003454882,0.0004173062,0.0004808401,0.0005392113,0.0005871821,0.0006285494,0.0006589627,0.0006822866,0.0006952808,0.0007021908,0.0007003568,0.0006936227,0.0006796318,0.0006620357,0.0006389476,0.0006133969,0.0005836404,0.0005525352,0.0005189991,0.000485609,0.0004517385,0.0004195253,0.0003886089,0.0003601444,0.0003332646,0.0003073279,0.0002806668,0.0002510515,0.0002169529,0.000176105,0.0001293148,7.637061e-05,2.184354e-05,-3.293735e-05,-8.223009e-05,-0.0001276285,-0.0001672936,-0.0002099753,-0.0002583506,-0.0003231557,-0.0003995812,-0.0004842726,-0.0005501985,-0.0005742512,-0.0005171133,-0.0003704756,-0.0001328049,0.0001455929,0.0004212726,0.0006078952,0.0006505435,0.0004772825,0.0001099087,-1.370328e-05,NaN,NaN,NaN,NaN,NaN,NaN,NaN,NaN,NaN,NaN,NaN,NaN,NaN
NaN,NaN,NaN,NaN,NaN,NaN,NaN,NaN,NaN,NaN,NaN,NaN,NaN,NaN,7.016075e-07,-5.331867e-05,-0.000162006,-0.0002199602,-0.0002667144,-0.0003043356,-0.0003397115,-0.0003711733,-0.0003978958,-0.0004196472,-0.0004340802,-0.0004427179,-0.0004428461,-0.0004367714,-0.0004213708,-0.0003996508,-0.0003684476,-0.0003309254,-0.0002837766,-0.0002306216,-0.0001684976,-0.0001015225,-2.713237e-05,4.983722e-05,0.0001313028,0.0002119873,0.0002934402,0.0003700549,0.000443436,0.0005085491,0.000567687,0.0006162885,0.0006570836,0.0006866885,0.0007089297,0.0007207206,0.0007259782,0.0007220752,0.00071336,0.0006973091,0.0006779119,0.000652399,0.0006249081,0.0005928748,0.0005602727,0.0005245831,0.0004899895,0.0004541818,0.000421275,0.0003887315,0.0003600855,0.0003317729,0.000305957,0.0002778142,0.0002484499,0.0002125508,0.0001716097,0.0001219982,6.801858e-05,9.240219e-06,-4.760621e-05,-0.0001021891,-0.0001492675,-0.0001929064,-0.0002336885,-0.0002811484,-0.0003368916,-0.0004052923,-0.0004736768,-0.0005269556,-0.000533453,-0.0004731228,-0.0003304404,-0.0001243534,0.0001185612,0.0003466978,0.0005226212,0.0005755681,0.0004806757,0.0001550233,-9.287906e-06,NaN,NaN,NaN,NaN,NaN,NaN,NaN,NaN,NaN,NaN,NaN,NaN,NaN
NaN,NaN,NaN,NaN,NaN,NaN,NaN,NaN,NaN,NaN,NaN,NaN,NaN,NaN,-3.021742e-07,-7.303465e-05,-0.000187409,-0.000236785,-0.0002857171,-0.0003202139,-0.000358923,-0.0003884518,-0.0004179797,-0.0004377612,-0.0004542852,-0.000460591,-0.0004618455,-0.0004528657,-0.0004379131,-0.0004128558,-0.0003811723,-0.0003396233,-0.0002912954,-0.0002337146,-0.0001698168,-9.804356e-05,-2.159643e-05,6.011904e-05,0.0001435388,0.0002284123,0.0003110534,0.0003909605,0.0004647728,0.0005320953,0.0005902713,0.0006396966,0.0006788808,0.0007087049,0.0007283513,0.0007393687,0.0007416841,0.0007369355,0.0007251663,0.0007078766,0.0006852754,0.0006586859,0.0006283278,0.0005953203,0.0005600938,0.0005237004,0.0004868825,0.0004507337,0.0004161937,0.0003837292,0.0003536741,0.0003255496,0.000298822,0.0002711805,0.0002409456,0.0002051127,0.0001629648,0.0001129004,5.687975e-05,-4.100686e-06,-6.461646e-05,-0.0001224374,-0.0001728656,-0.0002179753,-0.0002578713,-0.0003003918,-0.0003466299,-0.0004007544,-0.000450935,-0.000485423,-0.0004765958,-0.0004136152,-0.0002870494,-0.0001230558,6.023788e-05,0.000222649,0.000362077,0.0004260074,0.0004051696,0.000168591,-6.302461e-06,NaN,NaN,NaN,NaN,NaN,NaN,NaN,NaN,NaN,NaN,NaN,NaN,NaN
NaN,NaN,NaN,NaN,NaN,NaN,NaN,NaN,NaN,NaN,NaN,NaN,NaN,NaN,-2.48202e-06,-0.0001003079,-0.0002099643,-0.0002543019,-0.0003031451,-0.0003364291,-0.0003771558,-0.0004059971,-0.0004372271,-0.0004560862,-0.0004737936,-0.0004787417,-0.0004803901,-0.0004694932,-0.0004542442,-0.0004267571,-0.0003940133,-0.0003494744,-0.0002994215,-0.0002384149,-0.0001722712,-9.682036e-05,-1.79303e-05,6.728897e-05,0.0001529344,0.0002407641,0.0003249653,0.0004068183,0.000481184,0.0005493112,0.0006070421,0.000656147,0.0006939243,0.0007225528,0.0007402326,0.0007494913,0.0007495094,0.0007427226,0.0007286255,0.0007092056,0.0006843756,0.0006558381,0.0006236336,0.0005888505,0.0005520902,0.0005143357,0.0004766771,0.0004396013,0.0004044943,0.0003712903,0.000341369,0.0003129921,0.0002865134,0.0002585089,0.0002288552,0.0001929263,0.0001512953,0.0001001734,4.346735e-05,-1.991949e-05,-8.250606e-05,-0.0001443148,-0.000197031,-0.0002440664,-0.0002809899,-0.0003173913,-0.0003502751,-0.0003873941,-0.0004146435,-0.0004281069,-0.0004029503,-0.0003422397,-0.000241386,-0.0001369204,-3.593391e-05,3.654784e-05,0.0001137036,0.0001757365,0.0002257437,0.0001386447,-1.39914e-06,NaN,NaN,NaN,NaN,NaN,NaN,NaN,NaN,NaN,NaN,NaN,NaN,NaN
NaN,NaN,NaN,NaN,NaN,NaN,NaN,NaN,NaN,NaN,NaN,NaN,NaN,NaN,-1.318915e-05,-0.0001362928,-0.0002274559,-0.0002729854,-0.0003179204,-0.000353628,-0.0003934315,-0.0004244038,-0.0004552986,-0.0004753733,-0.0004923518,-0.0004976509,-0.0004984427,-0.0004872473,-0.0004704403,-0.0004416929,-0.0004070956,-0.0003608044,-0.0003084182,-0.0002449561,-0.00017621,-9.812172e-05,-1.670519e-05,7.108009e-05,0.0001587765,0.000248652,0.0003341514,0.000417146,0.0004915228,0.0005596777,0.0006165322,0.0006649378,0.0007006692,0.0007276489,0.0007428716,0.0007504359,0.00074767,0.0007389089,0.0007219301,0.0007009192,0.0006735211,0.0006435975,0.0006089541,0.0005733731,0.0005347304,0.0004967468,0.0004575521,0.0004207944,0.0003846072,0.0003522643,0.0003214494,0.0002942541,0.0002671151,0.0002407458,0.0002106133,0.0001766308,0.000134388,8.490472e-05,2.641525e-05,-3.674913e-05,-0.00010319,-0.0001662401,-0.0002233254,-0.000269055,-0.0003047537,-0.0003301454,-0.0003501615,-0.0003632163,-0.0003675503,-0.0003535924,-0.000317381,-0.0002593255,-0.0002001479,-0.0001653269,-0.0001763321,-0.0002152988,-0.0002408946,-0.0001922901,-8.52987e-05,3.408513e-05,-2.321971e-06,NaN,NaN,NaN,NaN,NaN,NaN,NaN,NaN,NaN,NaN,NaN,NaN,NaN
NaN,NaN,NaN,NaN,NaN,NaN,NaN,NaN,NaN,NaN,NaN,NaN,NaN,3.116711e-06,-4.671239e-05,-0.000174119,-0.0002438512,-0.0002921037,-0.0003319347,-0.0003718341,-0.0004092599,-0.0004439326,-0.0004728521,-0.000495774,-0.0005106502,-0.0005180068,-0.0005162312,-0.0005062139,-0.00048652,-0.0004584223,-0.0004204453,-0.0003740414,-0.0003179198,-0.0002540562,-0.0001815223,-0.0001028699,-1.769847e-05,7.044867e-05,0.0001612317,0.0002507071,0.0003384119,0.0004201455,0.0004957165,0.0005615131,0.0006183862,0.0006635747,0.0006987273,0.0007219721,0.0007361036,0.0007397256,0.0007358399,0.000723247,0.0007052851,0.0006808096,0.0006528388,0.0006198115,0.0005849418,0.0005469556,0.0005088029,0.0004689856,0.0004306053,0.0003925287,0.0003578066,0.0003247154,0.0002953414,0.0002674519,0.0002422115,0.0002158594,0.00018792,0.0001540775,0.0001140849,6.496232e-05,8.038884e-06,-5.677557e-05,-0.0001242687,-0.0001904066,-0.0002486214,-0.0002951477,-0.0003263735,-0.0003421314,-0.000343379,-0.0003318007,-0.0003078733,-0.0002688981,-0.0002189636,-0.0001720635,-0.0001611598,-0.0002161071,-0.000356072,-0.0005405351,-0.0006976424,-0.0007046684,-0.000542013,-0.0002198124,-3.065691e-05,-2.406906e-05,NaN,NaN,NaN,NaN,NaN,NaN,NaN,NaN,NaN,NaN,NaN,NaN
NaN,NaN,NaN,NaN,NaN,NaN,NaN,NaN,NaN,NaN,NaN,NaN,NaN,2.103556e-06,-6.883861e-05,-0.0002060251,-0.0002593851,-0.0003103303,-0.0003449861,-0.0003902503,-0.0004249851,-0.0004641748,-0.0004903185,-0.0005169415,-0.0005291806,-0.0005393387,-0.0005343051,-0.0005261308,-0.0005031727,-0.0004763166,-0.0004345535,-0.000388698,-0.0003288168,-0.0002652827,-0.0001889749,-0.0001105052,-2.21391e-05,6.539586e-05,0.000158846,0.0002470409,0.0003360448,0.0004155071,0.0004915603,0.0005544213,0.0006104014,0.0006515566,0.0006855469,0.0007051214,0.0007175219,0.0007170241,0.0007115469,0.0006957873,0.0006767121,0.0006491958,0.0006201371,0.0005851905,0.0005502404,0.0005108383,0.0004727199,0.0004323183,0.0003947866,0.0003568581,0.0003229519,0.0002901932,0.0002619514,0.0002350264,0.0002108799,0.0001857703,0.00015935,0.0001277603,8.964022e-05,4.263118e-05,-1.357313e-05,-7.736654e-05,-0.0001462462,-0.0002136448,-0.0002746134,-0.0003198441,-0.0003470047,-0.0003499492,-0.0003332855,-0.0002936378,-0.0002403244,-0.0001727901,-0.0001137047,-8.11982e-05,-0.0001289851,-0.0002833013,-0.0005727342,-0.0009274384,-0.001254363,-0.001359585,-0.001170008,-0.0006600589,-0.0001363143,-1.983147e-05,NaN,NaN,NaN,NaN,NaN,NaN,NaN,NaN,NaN,NaN,NaN,NaN
NaN,NaN,NaN,NaN,NaN,NaN,NaN,NaN,NaN,NaN,NaN,NaN,NaN,5.022089e-07,-8.366228e-05,-0.0002334753,-0.0002753173,-0.0003283198,-0.0003593281,-0.0004089712,-0.0004415694,-0.0004849093,-0.0005091302,-0.0005389484,-0.000548531,-0.0005610897,-0.0005534166,-0.0005471943,-0.0005206752,-0.0004949049,-0.0004496695,-0.0004049322,-0.0003413463,-0.0002786258,-0.0001988452,-0.0001216493,-3.033325e-05,5.525813e-05,0.0001506451,0.0002361114,0.0003263394,0.0004019781,0.0004776918,0.000535698,0.0005912569,0.0006276062,0.0006601328,0.0006741062,0.0006857112,0.0006807244,0.0006747858,0.0006545185,0.0006354618,0.000604647,0.0005767474,0.0005389883,0.0005055526,0.0004641863,0.0004285307,0.0003868566,0.0003523282,0.0003134714,0.0002827288,0.0002491403,0.000224461,0.0001969028,0.0001763,0.0001506445,0.0001285698,9.742913e-05,6.443272e-05,1.765187e-05,-3.410691e-05,-9.906756e-05,-0.0001653921,-0.0002366637,-0.0002962532,-0.0003439154,-0.0003631085,-0.0003571395,-0.0003165123,-0.0002525396,-0.0001642985,-7.432322e-05,-1.012598e-06,6.942598e-06,-9.730249e-05,-0.0003686221,-0.0008097929,-0.001363641,-0.001875034,-0.002150939,-0.001971061,-0.001331538,-0.0003475411,-2.353897e-05,NaN,NaN,NaN,NaN,NaN,NaN,NaN,NaN,NaN,NaN,NaN,NaN
NaN,NaN,NaN,NaN,NaN,NaN,NaN,NaN,NaN,NaN,NaN,NaN,NaN,-1.098522e-06,-0.0001041979,-0.0002548847,-0.0002915199,-0.0003436567,-0.0003755219,-0.0004261943,-0.0004604525,-0.0005044126,-0.0005302032,-0.0005598055,-0.0005703981,-0.0005820019,-0.0005747898,-0.0005669415,-0.0005405247,-0.0005128954,-0.0004675326,-0.0004207188,-0.0003570687,-0.0002926346,-0.0002133497,-0.0001350968,-4.493682e-05,4.095584e-05,0.0001340711,0.0002185399,0.0003053343,0.0003791272,0.0004507143,0.0005061022,0.0005567362,0.0005901991,0.0006182655,0.0006298713,0.0006373681,0.0006306043,0.0006215887,0.0006006355,0.0005795719,0.0005490457,0.0005201917,0.0004834811,0.0004499682,0.0004105949,0.0003759044,0.000336597,0.0003032032,0.0002668519,0.000238039,0.000207109,0.0001837286,0.0001580527,0.000139531,0.0001165195,9.71253e-05,6.851434e-05,3.911874e-05,-4.236274e-06,-5.193943e-05,-0.0001159074,-0.000180867,-0.000253805,-0.0003127109,-0.0003615808,-0.0003744608,-0.0003594788,-0.000296064,-0.0002071458,-8.465211e-05,2.652096e-05,0.0001128177,9.34909e-05,-6.680442e-05,-0.0004566509,-0.001047908,-0.001816972,-0.002533646,-0.003033137,-0.002923666,-0.002232049,-0.000758572,-2.625377e-05,NaN,NaN,NaN,NaN,NaN,NaN,NaN,NaN,NaN,NaN,NaN,NaN
NaN,NaN,NaN,NaN,NaN,NaN,NaN,NaN,NaN,NaN,NaN,NaN,NaN,-5.644576e-06,-0.0001472823,-0.0002695744,-0.0003132459,-0.0003548726,-0.0003962966,-0.0004405667,-0.0004841288,-0.0005216218,-0.0005551216,-0.0005782961,-0.0005959583,-0.0006009192,-0.0005993114,-0.0005844614,-0.0005634665,-0.0005292466,-0.0004886509,-0.0004354366,-0.0003768468,-0.0003071059,-0.0002334033,-0.0001508851,-6.723437e-05,2.141771e-05,0.0001070649,0.0001928559,0.0002710495,0.0003449731,0.0004076607,0.0004626884,0.0005042758,0.0005371817,0.0005572743,0.0005694067,0.0005701894,0.0005648075,0.000550799,0.0005327401,0.0005085095,0.0004818689,0.0004512531,0.0004194783,0.0003857056,0.0003517527,0.0003176358,0.0002839862,0.000251964,0.0002210398,0.0001936154,0.0001673163,0.0001455455,0.000123922,0.0001070783,8.762065e-05,7.096512e-05,4.643269e-05,2.119993e-05,-1.823308e-05,-6.144988e-05,-0.000123194,-0.0001853212,-0.0002598881,-0.0003177665,-0.0003690204,-0.000375713,-0.0003543923,-0.0002690859,-0.0001589539,-2.774772e-06,0.0001256452,0.0002268656,0.0001787439,-3.056915e-05,-0.0005353351,-0.001262328,-0.002247245,-0.00318246,-0.003943756,-0.003983846,-0.003332616,-0.001493488,-7.069216e-05,NaN,NaN,NaN,NaN,NaN,NaN,NaN,NaN,NaN,NaN,NaN,NaN
NaN,NaN,NaN,NaN,NaN,NaN,NaN,NaN,NaN,NaN,NaN,NaN,NaN,-3.521461e-05,-0.0002022805,-0.0002800908,-0.0003352108,-0.0003642544,-0.0004182709,-0.0004538232,-0.0005087848,-0.0005380127,-0.0005815356,-0.000596086,-0.0006224469,-0.0006184168,-0.0006250018,-0.0006011928,-0.0005877091,-0.0005443085,-0.0005115086,-0.0004500838,-0.0004000304,-0.0003229426,-0.0002587316,-0.0001703465,-9.795457e-05,-5.25158e-06,6.789213e-05,0.0001565831,0.0002210759,0.0002967381,0.0003451102,0.0004019993,0.0004300372,0.000465625,0.0004732613,0.0004898133,0.0004803461,0.0004814868,0.0004594414,0.0004501925,0.0004201496,0.0004040033,0.000369146,0.0003496262,0.0003131695,0.0002920635,0.0002555767,0.0002352554,0.0002014308,0.0001836435,0.0001534494,0.0001392627,0.0001145331,0.0001047423,8.401744e-05,7.565678e-05,5.55703e-05,4.339324e-05,1.570724e-05,-1.142583e-05,-5.766272e-05,-0.000107476,-0.0001744175,-0.0002409607,-0.0003079273,-0.0003523449,-0.0003651787,-0.0003289418,-0.0002384918,-9.927106e-05,7.405759e-05,0.000232764,0.0003315763,0.0002749776,7.471985e-06,-0.00057422,-0.001440249,-0.002587792,-0.003760277,-0.004775908,-0.005110515,-0.004555908,-0.002627746,-0.000396932,NaN,NaN,NaN,NaN,NaN,NaN,NaN,NaN,NaN,NaN,NaN,NaN
NaN,NaN,NaN,NaN,NaN,NaN,NaN,NaN,NaN,NaN,NaN,NaN,1.900457e-06,-8.566729e-05,-0.000252195,-0.0002921553,-0.0003562895,-0.0003742023,-0.0004412529,-0.0004675635,-0.0005337013,-0.0005542733,-0.0006081393,-0.0006135151,-0.0006485462,-0.0006351479,-0.0006501426,-0.0006171083,-0.0006112162,-0.0005590271,-0.0005346444,-0.0004656857,-0.0004247635,-0.0003416766,-0.0002884795,-0.0001965007,-0.0001366898,-4.222322e-05,1.626398e-05,0.0001047244,0.0001538296,0.0002286336,0.0002613484,0.0003173837,0.000331328,0.0003682287,0.0003639962,0.0003837866,0.000365924,0.0003740298,0.0003470199,0.000347143,0.0003150298,0.0003112919,0.0002773375,0.0002714329,0.0002369157,0.0002306941,0.0001975374,0.0001920214,0.0001609653,0.0001571152,0.0001294467,0.0001282307,0.0001044533,0.0001057855,8.547665e-05,8.792277e-05,6.813086e-05,6.643736e-05,3.964439e-05,2.394304e-05,-2.098237e-05,-6.127434e-05,-0.0001299773,-0.0001903444,-0.0002628363,-0.000304913,-0.0003247062,-0.0002816489,-0.0001875014,-2.812536e-05,0.0001582837,0.0003389734,0.0004395436,0.0003778187,6.9829e-05,-0.0005695563,-0.001538591,-0.002810449,-0.004177426,-0.005454909,-0.006152681,-0.005850434,-0.003998022,-0.001064583,-1.556542e-05,NaN,NaN,NaN,NaN,NaN,NaN,NaN,NaN,NaN,NaN,NaN
NaN,NaN,NaN,NaN,NaN,NaN,NaN,NaN,NaN,NaN,NaN,NaN,4.197184e-07,-0.0001025206,-0.0002886535,-0.0003016923,-0.0003760915,-0.0003819812,-0.0004632575,-0.0004796104,-0.0005587616,-0.0005685521,-0.0006335023,-0.0006281014,-0.000673743,-0.0006494037,-0.0006736202,-0.0006295534,-0.0006336354,-0.0005718109,-0.0005577088,-0.0004802775,-0.0004514322,-0.0003626668,-0.0003238554,-0.0002288197,-0.000185757,-9.099421e-05,-5.126665e-05,3.523155e-05,6.427089e-05,0.0001364059,0.0001500917,0.0002044809,0.0002011054,0.0002384832,0.000221395,0.0002461568,0.0002197991,0.0002367112,0.0002061828,0.0002197573,0.0001886401,0.0002015888,0.0001717148,0.0001848791,0.000156784,0.0001708995,0.0001450033,0.0001596573,0.0001353411,0.0001506599,0.0001288154,0.0001451395,0.0001248442,0.0001414928,0.000123434,0.0001403651,0.00012182,0.0001338605,0.0001082161,0.0001070935,6.32763e-05,3.59706e-05,-3.529285e-05,-8.671025e-05,-0.0001675367,-0.0002059736,-0.0002387305,-0.0001916669,-0.0001058174,6.851725e-05,0.0002561775,0.0004577589,0.000554308,0.0005005703,0.000163344,-0.0004926712,-0.001529289,-0.002870413,-0.004409651,-0.005875136,-0.006961417,-0.007031037,-0.005521727,-0.001629192,-2.807789e-05,NaN,NaN,NaN,NaN,NaN,NaN,NaN,NaN,NaN,NaN,NaN
NaN,NaN,NaN,NaN,NaN,NaN,NaN,NaN,NaN,NaN,NaN,NaN,-3.048333e-06,-0.0001071625,-0.0003141241,-0.0003129943,-0.0003919013,-0.0003931235,-0.0004803526,-0.0004941849,-0.0005776846,-0.0005846575,-0.000652003,-0.0006436615,-0.0006907905,-0.0006634966,-0.0006888254,-0.0006424346,-0.0006481222,-0.0005850164,-0.0005739247,-0.000497659,-0.0004744605,-0.0003899756,-0.0003597289,-0.0002724262,-0.0002414625,-0.0001584529,-0.0001333315,-6.059619e-05,-4.720062e-05,1.007755e-05,8.757837e-06,5.013743e-05,3.565599e-05,6.40361e-05,4.062697e-05,6.188817e-05,3.601708e-05,5.601247e-05,3.238471e-05,5.512865e-05,3.662709e-05,6.379199e-05,5.077907e-05,8.221305e-05,7.369534e-05,0.0001077549,0.0001018098,0.0001371795,0.0001325187,0.0001676778,0.000162345,0.000196273,0.0001904373,0.0002233819,0.0002158177,0.0002466719,0.0002365973,0.000263351,0.0002448107,0.0002577837,0.0002185093,0.0002057745,0.0001354477,9.378857e-05,4.055559e-06,-3.146338e-05,-8.216553e-05,-3.527643e-05,2.977835e-05,0.0002110883,0.0003841737,0.0006053431,0.0006888801,0.0006604057,0.0003011979,-0.0003237204,-0.00139806,-0.00271998,-0.00439222,-0.005953195,-0.007460956,-0.007934918,-0.007109654,-0.002457449,-6.334358e-05,NaN,NaN,NaN,NaN,NaN,NaN,NaN,NaN,NaN,NaN,NaN
NaN,NaN,NaN,NaN,NaN,NaN,NaN,NaN,NaN,NaN,NaN,NaN,-3.409645e-06,-0.0001424043,-0.0003125768,-0.0003392686,-0.0003837993,-0.0004203843,-0.0004759396,-0.0005229178,-0.0005738271,-0.0006123986,-0.000648188,-0.0006690496,-0.0006848152,-0.000685274,-0.0006816225,-0.0006625843,-0.0006410388,-0.0006053393,-0.0005711271,-0.0005244223,-0.0004825416,-0.0004301077,-0.0003867112,-0.0003355338,-0.0002971849,-0.0002532342,-0.000225165,-0.0001937564,-0.0001803731,-0.000163745,-0.0001645923,-0.0001600449,-0.0001710646,-0.0001729145,-0.0001867418,-0.0001862118,-0.0001953612,-0.0001862809,-0.0001857722,-0.0001637694,-0.000151563,-0.0001166408,-9.462739e-05,-4.861463e-05,-1.961519e-05,3.368411e-05,6.506503e-05,0.0001221502,0.0001523468,0.0002098938,0.0002352771,0.0002911593,0.0003103567,0.000363969,0.0003756217,0.0004268472,0.000430611,0.0004782759,0.0004687749,0.0005043638,0.0004694379,0.0004805272,0.000406708,0.0003859187,0.0002792748,0.0002574682,0.0001726268,0.0002270055,0.0002441885,0.0004383997,0.0005634034,0.000818457,0.0008561677,0.0008892363,0.0004916342,-2.899447e-05,-0.001139158,-0.002319831,-0.004082772,-0.005614047,-0.007561454,-0.008404095,-0.008571738,-0.003922728,-0.000129288,NaN,NaN,NaN,NaN,NaN,NaN,NaN,NaN,NaN,NaN,NaN
NaN,NaN,NaN,NaN,NaN,NaN,NaN,NaN,NaN,NaN,NaN,NaN,-1.355329e-05,-0.0002298842,-0.0002916585,-0.0003778063,-0.0003596638,-0.000456193,-0.0004550554,-0.0005573216,-0.000552719,-0.0006426345,-0.0006241202,-0.0006940506,-0.0006575019,-0.0007058862,-0.0006517234,-0.000680112,-0.000611381,-0.0006250518,-0.0005479947,-0.0005531404,-0.0004739179,-0.0004778912,-0.0004044684,-0.0004150389,-0.0003532373,-0.0003752636,-0.000330273,-0.0003681862,-0.0003409847,-0.0003926778,-0.0003794038,-0.0004390399,-0.0004314451,-0.0004882554,-0.0004754406,-0.0005191655,-0.000491417,-0.0005130689,-0.0004649412,-0.0004619602,-0.0003927619,-0.0003653031,-0.0002779508,-0.0002317749,-0.0001333044,-7.376202e-05,3.006986e-05,9.57126e-05,0.0001968233,0.0002626877,0.0003568862,0.000419462,0.0005019069,0.0005581848,0.0006286979,0.0006800984,0.0007375985,0.0007817395,0.0008221753,0.000853664,0.0008660007,0.0008686382,0.0008353752,0.0008000634,0.0007236105,0.0006720414,0.0005975825,0.0006041498,0.0006177272,0.000757246,0.0008762929,0.001087763,0.001142429,0.001166587,0.000826543,0.0003443235,-0.0006498842,-0.001755684,-0.003385478,-0.004955482,-0.006979371,-0.008449511,-0.009407029,-0.006470168,-0.0005435649,NaN,NaN,NaN,NaN,NaN,NaN,NaN,NaN,NaN,NaN,NaN
NaN,NaN,NaN,NaN,NaN,NaN,NaN,NaN,NaN,NaN,NaN,NaN,-8.643372e-05,-0.0003100644,-0.0002789283,-0.0003957559,-0.000343196,-0.0004715411,-0.0004379299,-0.0005689347,-0.0005318974,-0.0006478001,-0.00059582,-0.0006915746,-0.0006226216,-0.0006976015,-0.0006116,-0.0006686139,-0.0005713955,-0.0006175427,-0.0005154785,-0.0005583702,-0.0004607943,-0.0005102503,-0.0004256958,-0.0004890695,-0.0004243662,-0.0005079255,-0.0004666552,-0.0005704119,-0.0005501399,-0.0006693615,-0.0006618502,-0.000784463,-0.0007752167,-0.0008861853,-0.0008605085,-0.0009452751,-0.0008897321,-0.0009381535,-0.0008466769,-0.000855722,-0.0007279025,-0.0007002963,-0.0005420326,-0.0004855546,-0.0003055986,-0.0002300019,-3.903147e-05,4.504003e-05,0.0002369793,0.000320323,0.0005047214,0.0005799003,0.000750894,0.0008143641,0.0009699342,0.001020655,0.001160169,0.001197201,0.001317999,0.001335355,0.001426213,0.001407377,0.001450411,0.001380681,0.001370407,0.001262023,0.00123642,0.001155679,0.001198708,0.001225518,0.001375467,0.001474839,0.001596665,0.001540275,0.00134232,0.0008366182,9.09297e-05,-0.0009997054,-0.002317248,-0.003946775,-0.005754649,-0.007887576,-0.009480384,-0.009033279,-0.002798844,NaN,NaN,NaN,NaN,NaN,NaN,NaN,NaN,NaN,NaN,NaN
NaN,NaN,NaN,NaN,NaN,NaN,NaN,NaN,NaN,NaN,NaN,-4.472784e-06,-0.0001287208,-0.0003538634,-0.00027305,-0.0003992087,-0.0003276491,-0.000471376,-0.0004177008,-0.0005600721,-0.0005003234,-0.000626842,-0.0005523988,-0.0006587311,-0.0005672118,-0.0006543234,-0.0005488321,-0.0006215845,-0.0005076466,-0.0005738307,-0.0004616413,-0.0005323184,-0.0004324443,-0.0005182081,-0.0004414757,-0.0005522113,-0.0005064725,-0.0006468224,-0.0006330333,-0.0008008717,-0.0008136673,-0.0009990415,-0.001022873,-0.00120678,-0.00122121,-0.001383631,-0.001367477,-0.001487525,-0.001423235,-0.001489567,-0.001369621,-0.001378058,-0.001201837,-0.001157045,-0.0009331685,-0.0008459496,-0.0005860548,-0.0004702048,-0.0001892771,-5.968946e-05,0.0002283376,0.0003577567,0.0006395553,0.0007576497,0.001025898,0.001126373,0.001374808,0.001454176,0.001683573,0.001742239,0.00194906,0.001978307,0.002152082,0.00213882,0.002260839,0.002181304,0.002237191,0.002095756,0.002114368,0.001963728,0.00202054,0.001942226,0.002097081,0.002086712,0.002246343,0.00211834,0.002044724,0.001548541,0.001047343,4.773764e-05,-0.0009282238,-0.002492138,-0.004066764,-0.006557914,-0.008760356,-0.0102669,-0.004083327,3.970816e-05,NaN,NaN,NaN,NaN,NaN,NaN,NaN,NaN,NaN,NaN
NaN,NaN,NaN,NaN,NaN,NaN,NaN,NaN,NaN,NaN,NaN,-7.119442e-06,-0.0001109574,-0.0003610147,-0.0002659671,-0.0003834325,-0.0003118758,-0.0004462764,-0.0003920381,-0.0005190473,-0.0004569945,-0.0005655992,-0.0004890946,-0.0005778287,-0.000486109,-0.0005581985,-0.000455797,-0.0005175897,-0.000411778,-0.0004740823,-0.0003780833,-0.000454003,-0.0003803312,-0.0004830574,-0.0004458863,-0.0005878781,-0.0005951137,-0.0007788533,-0.0008297949,-0.001051973,-0.001136415,-0.00137949,-0.001473373,-0.00171185,-0.001788005,-0.001994194,-0.002022058,-0.00216879,-0.002126876,-0.002199515,-0.002076603,-0.002069358,-0.001864732,-0.001783482,-0.001507461,-0.001366231,-0.001034176,-0.0008501062,-0.0004805002,-0.0002742733,0.0001122651,0.0003217138,0.0007094566,0.0009071456,0.001281206,0.001454217,0.001808373,0.001954,0.002285241,0.002398349,0.002702791,0.002778899,0.003048595,0.003069653,0.003280303,0.003221558,0.00335611,0.003208351,0.00327794,0.003077739,0.003150232,0.002976658,0.003124679,0.003000126,0.003181165,0.002977018,0.0030182,0.002534467,0.002283385,0.001398847,0.0008021843,-0.0006263813,-0.001847047,-0.004510901,-0.007063279,-0.01032657,-0.004716404,-7.50313e-05,NaN,NaN,NaN,NaN,NaN,NaN,NaN,NaN,NaN,NaN
NaN,NaN,NaN,NaN,NaN,NaN,NaN,NaN,NaN,NaN,NaN,-3.985459e-06,-0.0001414377,-0.000299365,-0.0003043577,-0.000309256,-0.0003378297,-0.0003573641,-0.0003947527,-0.0004056267,-0.000428633,-0.0004230333,-0.000426736,-0.0004068512,-0.000394277,-0.0003656183,-0.0003424241,-0.0003131505,-0.0002908786,-0.0002751648,-0.0002684847,-0.0002812764,-0.0003072581,-0.0003664857,-0.0004417258,-0.0005596896,-0.0006923217,-0.0008741426,-0.00106319,-0.00129884,-0.00152526,-0.001792327,-0.002027493,-0.002291672,-0.002494599,-0.002716809,-0.002852737,-0.003002484,-0.003039513,-0.003091704,-0.00301641,-0.002966781,-0.002777428,-0.002628603,-0.002334917,-0.002104863,-0.001727476,-0.001436233,-0.0009965949,-0.000670338,-0.0001951143,0.0001417364,0.0006309688,0.000956522,0.001439329,0.001737138,0.002203333,0.002464476,0.002906367,0.003123977,0.003538626,0.003708161,0.00408455,0.004183334,0.00449849,0.004503115,0.004732674,0.004616039,0.004753937,0.00453732,0.004643055,0.004392955,0.004536622,0.004296833,0.004498935,0.004208901,0.004359104,0.003868968,0.003870743,0.003103472,0.002901949,0.001647764,0.0008690561,-0.00179282,-0.004437112,-0.009319807,-0.005955785,-0.0002153949,NaN,NaN,NaN,NaN,NaN,NaN,NaN,NaN,NaN,NaN
NaN,NaN,NaN,NaN,NaN,NaN,NaN,NaN,NaN,NaN,NaN,-4.493012e-07,-0.0002600852,-0.0001925959,-0.0003712042,-0.0001964484,-0.0003805138,-0.0002245666,-0.0003999485,-0.0002361441,-0.0003850059,-0.0002095483,-0.0003336811,-0.0001506798,-0.0002568979,-7.456536e-05,-0.0001731177,-2.544823e-06,-0.0001079185,3.438911e-05,-9.650685e-05,-2.093346e-06,-0.0001791282,-0.0001529111,-0.0003951147,-0.0004533829,-0.0007719077,-0.0009176724,-0.001305773,-0.001525963,-0.001963612,-0.00222766,-0.002672885,-0.002933576,-0.003340071,-0.00355303,-0.003873883,-0.003990463,-0.004187202,-0.004182959,-0.004238111,-0.004097591,-0.004002992,-0.003730298,-0.003501336,-0.003113846,-0.00276732,-0.002287635,-0.001854283,-0.001314109,-0.0008232758,-0.0002514638,0.000266525,0.000840119,0.001360247,0.001914581,0.002417342,0.002936163,0.003411381,0.003887362,0.004326695,0.004747549,0.005137638,0.005489487,0.005808502,0.006054522,0.006264874,0.006376321,0.006465529,0.006440961,0.006432205,0.006320562,0.006297456,0.006171964,0.006173685,0.006026182,0.006020824,0.005807619,0.005745523,0.005412655,0.005205694,0.004583994,0.003793993,0.001842751,-0.001337096,-0.006549699,-0.008785009,-0.0009865351,NaN,NaN,NaN,NaN,NaN,NaN,NaN,NaN,NaN,NaN
NaN,NaN,NaN,NaN,NaN,NaN,NaN,NaN,NaN,NaN,NaN,-5.708118e-05,-0.0003385863,-0.0001733325,-0.0003745653,-0.0001579943,-0.0003525499,-0.0001457534,-0.0003211127,-9.643611e-05,-0.0002414059,6.618469e-07,-0.000122918,0.0001279737,1.433031e-05,0.0002612781,0.0001419024,0.000369922,0.0002280677,0.0004159915,0.0002268729,0.0003511059,9.267672e-05,0.0001293526,-0.0002229591,-0.000293987,-0.0007503488,-0.0009286135,-0.001482521,-0.001753276,-0.002377593,-0.002698681,-0.003343227,-0.003659188,-0.0042688,-0.004521005,-0.005035832,-0.00516733,-0.00554236,-0.005517142,-0.005724674,-0.00552154,-0.005550826,-0.00517,-0.005031548,-0.00448872,-0.004203113,-0.003522869,-0.00312024,-0.002337715,-0.001855933,-0.00100645,-0.0004788748,0.0004036596,0.0009402869,0.001823181,0.002345725,0.003212011,0.003700349,0.004530424,0.004970493,0.005756674,0.006135434,0.006854098,0.007139395,0.00776067,0.007917407,0.00839921,0.008387221,0.008712619,0.00853985,0.008743254,0.008462055,0.008620848,0.008305594,0.008481397,0.008151642,0.008373699,0.008038631,0.008331107,0.007919,0.008102505,0.00707103,0.006124969,0.00240313,-0.002395304,-0.01025891,-0.00517142,NaN,NaN,NaN,NaN,NaN,NaN,NaN,NaN,NaN,NaN
NaN,NaN,NaN,NaN,NaN,NaN,NaN,NaN,NaN,NaN,-1.142239e-05,-0.0001011762,-0.0003622669,-0.000234734,-0.0003533889,-0.0001844642,-0.0002907109,-0.000110408,-0.000188331,2.707212e-05,-1.956222e-05,0.0002242581,0.0001937019,0.0004500569,0.0004169833,0.0006667206,0.0006108935,0.0008334735,0.0007315024,0.0008998585,0.0007241371,0.0008115071,0.000534628,0.00051156,0.0001061497,-4.659406e-05,-0.00059101,-0.0008760489,-0.001552661,-0.001946584,-0.002719549,-0.003175949,-0.003990581,-0.004442606,-0.005226775,-0.005603529,-0.006293294,-0.006530198,-0.007061493,-0.007107195,-0.007447356,-0.007277617,-0.007405678,-0.007008577,-0.006929636,-0.00632378,-0.006057909,-0.005262238,-0.004838568,-0.003894393,-0.003355405,-0.002299796,-0.001683221,-0.0005597708,8.920472e-05,0.001243991,0.001895736,0.003052565,0.00367625,0.004810792,0.005389472,0.006487655,0.006998379,0.008031314,0.008445043,0.009385234,0.009657588,0.01044987,0.01052717,0.01114373,0.01101271,0.01145897,0.01113906,0.01148763,0.01107649,0.011428,0.01099265,0.01143619,0.01106509,0.01168691,0.01134089,0.01195251,0.01109274,0.01067228,0.007117561,0.002394781,-0.0075336,-0.005828995,0.0001154277,NaN,NaN,NaN,NaN,NaN,NaN,NaN,NaN,NaN
NaN,NaN,NaN,NaN,NaN,NaN,NaN,NaN,NaN,NaN,-2.810412e-06,-0.0001912412,-0.0003998961,-0.0004051921,-0.0003574743,-0.0003083899,-0.0002329299,-0.0001470499,-3.296408e-05,0.0001106407,0.0002586795,0.0004450472,0.0006025214,0.0008071589,0.0009478744,0.001142524,0.001237804,0.001394765,0.001415925,0.001501291,0.001414045,0.001396661,0.001171523,0.00101891,0.0006249829,0.0003136281,-0.0002592121,-0.0007271562,-0.001466722,-0.002070634,-0.002940304,-0.003623811,-0.004551857,-0.005239759,-0.006153626,-0.006771084,-0.007583586,-0.008042506,-0.008686417,-0.008938278,-0.009364885,-0.009360911,-0.009535843,-0.009266253,-0.009195057,-0.008664487,-0.008351301,-0.007579741,-0.007061129,-0.006089045,-0.005402906,-0.004268065,-0.003458165,-0.0022115,-0.001329008,-1.324634e-05,0.0009048709,0.002251958,0.003165476,0.004510446,0.005394499,0.006714067,0.007538411,0.008803646,0.00953911,0.01071278,0.01130348,0.01232907,0.01272416,0.01355966,0.01370315,0.0143138,0.01422329,0.01468601,0.01442949,0.01482125,0.01452042,0.01502736,0.01484613,0.01554858,0.01545137,0.01624075,0.01578093,0.01559242,0.01256149,0.008040342,-0.002148524,-0.004598962,-6.501774e-05,NaN,NaN,NaN,NaN,NaN,NaN,NaN,NaN,NaN
NaN,NaN,NaN,NaN,NaN,NaN,NaN,NaN,NaN,NaN,-1.648538e-06,-0.0004662044,-0.000521654,-0.0007156435,-0.0004697799,-0.0005520455,-0.0002670655,-0.0002743138,6.070617e-05,0.0001400875,0.0005160075,0.0006530784,0.001036014,0.001194629,0.001550317,0.001690038,0.001978767,0.002060807,0.002247751,0.002231719,0.002275936,0.002123565,0.00199358,0.001669843,0.001333557,0.0008127484,0.00026338,-0.0004531182,-0.001203533,-0.002091837,-0.002995117,-0.003994874,-0.004980522,-0.006012647,-0.006988374,-0.007959438,-0.008838668,-0.009664135,-0.01035681,-0.01095827,-0.01140785,-0.01174003,-0.01190138,-0.01192741,-0.01178682,-0.01151562,-0.01108181,-0.01051585,-0.009807775,-0.008990472,-0.008054259,-0.007021224,-0.005892731,-0.004696349,-0.00343894,-0.002131036,-0.0007803648,0.0005972667,0.001986206,0.003384948,0.004782688,0.006178569,0.007547954,0.008892401,0.01019509,0.01146099,0.01264855,0.01376058,0.01475983,0.01566496,0.01642672,0.01707038,0.01755314,0.0179534,0.01824335,0.01849994,0.01871697,0.01899301,0.01935313,0.01982584,0.0203911,0.02088666,0.02118883,0.02072315,0.018829,0.0140253,0.005297303,-0.003562111,-0.0006058525,NaN,NaN,NaN,NaN,NaN,NaN,NaN,NaN,NaN
NaN,NaN,NaN,NaN,NaN,NaN,NaN,NaN,NaN,-1.977077e-05,-0.0002171293,-0.0008803996,-0.0009607117,-0.001141571,-0.0008902545,-0.0009077039,-0.0005786113,-0.0004925244,-7.722337e-05,0.0001096785,0.000592321,0.0008404826,0.001347405,0.001606958,0.002088269,0.002304615,0.002709969,0.002835251,0.003116722,0.003096619,0.003209757,0.003007377,0.002915815,0.002487231,0.002157267,0.001482422,0.0009113759,-8.846938e-06,-0.0008089847,-0.001948603,-0.002929891,-0.004221518,-0.005300213,-0.006657586,-0.007751283,-0.009081733,-0.01007255,-0.01126022,-0.01207104,-0.01305082,-0.01359542,-0.01427899,-0.01450136,-0.0148667,-0.01475078,-0.01476649,-0.01429005,-0.01397099,-0.0131657,-0.01253637,-0.01142474,-0.0105173,-0.009146405,-0.008019524,-0.006444742,-0.005142431,-0.003407205,-0.001988467,-0.0001569805,0.001331073,0.003229223,0.004744865,0.006648545,0.008143568,0.01003615,0.01147014,0.01326322,0.01455586,0.01621615,0.01731852,0.0187325,0.01951803,0.02067505,0.02120768,0.02210536,0.02234754,0.02312897,0.02337631,0.02430185,0.02461085,0.02567306,0.02607369,0.02705828,0.02641755,0.02534868,0.02066204,0.0133404,3.37541e-05,-0.002633398,0.0004799611,NaN,NaN,NaN,NaN,NaN,NaN,NaN,NaN
NaN,NaN,NaN,NaN,NaN,NaN,NaN,NaN,NaN,-1.630148e-05,-0.0006254078,-0.001552033,-0.001735578,-0.001863188,-0.001650065,-0.001558065,-0.001213758,-0.0009830826,-0.0005056172,-0.0001577659,0.0004193161,0.0008371059,0.001455716,0.001877262,0.002477013,0.002837632,0.003341381,0.003567047,0.003927969,0.003976745,0.004129352,0.003933911,0.003843413,0.003383004,0.003017032,0.002255192,0.001605146,0.000559166,-0.0003598883,-0.001667123,-0.002798775,-0.004291784,-0.005568733,-0.007168966,-0.008477171,-0.01005558,-0.0113035,-0.01278486,-0.01385356,-0.015101,-0.01590806,-0.01688017,-0.01736156,-0.01796151,-0.01805578,-0.01829417,-0.01801034,-0.01784241,-0.01715498,-0.01662184,-0.01558275,-0.01469913,-0.01331609,-0.01213525,-0.01048842,-0.009054884,-0.00716955,-0.005546964,-0.003501636,-0.001736938,0.0004360688,0.002284648,0.004514548,0.006407348,0.008668389,0.01053619,0.01274221,0.01453229,0.01663656,0.01824915,0.0201272,0.02148703,0.02311258,0.02414923,0.02544552,0.02620917,0.02734826,0.02800172,0.02910903,0.02982173,0.0311156,0.03187843,0.03285202,0.03266998,0.03188923,0.02814898,0.02129686,0.008014078,-0.0004283796,0.0002925642,NaN,NaN,NaN,NaN,NaN,NaN,NaN,NaN
NaN,NaN,NaN,NaN,NaN,NaN,NaN,NaN,-3.122069e-05,-0.0001550379,-0.001591085,-0.002552453,-0.002956599,-0.002983769,-0.002871136,-0.002620849,-0.002293145,-0.001882303,-0.001366036,-0.0008136091,-0.000155312,0.0004763894,0.001201076,0.001833039,0.002540808,0.003093434,0.003695796,0.00408071,0.004505098,0.004671225,0.004854407,0.004728625,0.004617777,0.00417931,0.003753685,0.002972405,0.002210036,0.001098951,3.11287e-05,-0.001374602,-0.00270293,-0.004336774,-0.005850101,-0.007622608,-0.009206154,-0.01099329,-0.01255099,-0.01426422,-0.01566767,-0.01716493,-0.01831953,-0.01954488,-0.02037535,-0.02121825,-0.02164104,-0.02209314,-0.02211099,-0.02211867,-0.02168038,-0.02126023,-0.02041453,-0.01958568,-0.0183236,-0.01710678,-0.01550263,-0.01396782,-0.0120486,-0.0102258,-0.008057037,-0.006022582,-0.003663897,-0.001459979,0.001048,0.003362158,0.005941181,0.008295612,0.01090245,0.01324899,0.01579149,0.01800289,0.02037981,0.0224052,0.02454453,0.02623522,0.02803224,0.02944772,0.03103444,0.03225003,0.03369309,0.03490114,0.03645893,0.03762443,0.03877836,0.03905451,0.03856029,0.03561886,0.029611,0.01786246,0.005876599,0.001100945,0.0004931936,NaN,NaN,NaN,NaN,NaN,NaN,NaN
NaN,NaN,NaN,NaN,NaN,NaN,NaN,NaN,-7.984685e-05,-0.001177192,-0.003194299,-0.003866803,-0.004627952,-0.004502274,-0.00458761,-0.00414485,-0.003898409,-0.003269742,-0.002769148,-0.001974453,-0.001280752,-0.0003921026,0.0003986466,0.001291312,0.002069565,0.002865861,0.003534043,0.004143901,0.004601389,0.004942633,0.005126094,0.005142917,0.004987854,0.004637097,0.004121328,0.003392054,0.00249841,0.001392186,0.0001511084,-0.001286551,-0.002833356,-0.004542517,-0.006308256,-0.008190691,-0.0100797,-0.01203001,-0.0139169,-0.01581007,-0.0175892,-0.01931708,-0.0208648,-0.02231471,-0.0235478,-0.02464733,-0.02548068,-0.02614766,-0.0265401,-0.02676012,-0.02667735,-0.02640912,-0.02584763,-0.02512025,-0.02409863,-0.0229084,-0.02144452,-0.01985672,-0.0180122,-0.01604884,-0.01385237,-0.01158579,-0.009119199,-0.006596187,-0.003885753,-0.001167532,0.001691755,0.004535617,0.007506299,0.01041377,0.01339156,0.01625091,0.01914474,0.02186465,0.0245559,0.02701206,0.02941036,0.03156456,0.0336873,0.03560943,0.03756456,0.03937443,0.04125073,0.04291845,0.04443844,0.04522992,0.04508325,0.04291384,0.03800393,0.02812119,0.01544138,0.007589562,0.0008552928,NaN,NaN,NaN,NaN,NaN,NaN,NaN
NaN,NaN,NaN,NaN,NaN,NaN,-5.087576e-05,-4.832491e-05,-0.0007427773,-0.002843404,-0.004581723,-0.005655773,-0.006261047,-0.006495378,-0.006426857,-0.006213918,-0.005777439,-0.005260934,-0.00454902,-0.003791627,-0.002879263,-0.001964171,-0.0009524262,7.386408e-06,0.0009954699,0.001879685,0.00273155,0.003431655,0.004039707,0.004459698,0.004746647,0.00481932,0.004722419,0.004400071,0.003892999,0.00316162,0.00223337,0.001093866,-0.0002291138,-0.001732643,-0.003401841,-0.005210932,-0.00714707,-0.009168149,-0.01127192,-0.01339745,-0.0155483,-0.01765742,-0.0197427,-0.02171883,-0.02361138,-0.02533598,-0.02694164,-0.02833194,-0.02955423,-0.03051016,-0.03128723,-0.03178145,-0.03207072,-0.03204307,-0.03181215,-0.03127254,-0.03053831,-0.02947726,-0.02822807,-0.0266798,-0.02497734,-0.02297465,-0.02083449,-0.01842169,-0.01591575,-0.01315325,-0.0103203,-0.007257332,-0.004175059,-0.0008842661,0.002392986,0.005843136,0.009214249,0.0127214,0.01609939,0.01956205,0.02279522,0.02606814,0.02907418,0.03210811,0.0348225,0.03759026,0.04007392,0.04270396,0.04501181,0.04738389,0.04919878,0.05076081,0.05100159,0.04993373,0.04583307,0.03839707,0.02631517,0.01734615,0.007713905,0.0006275197,0.0001347943,NaN,NaN,NaN,NaN,NaN
-1.283766e-05,-0.0001449785,1.121413e-05,-0.0001223505,2.245733e-05,-9.530917e-05,-7.248461e-06,-0.0004652244,-0.001759497,-0.004206334,-0.005391415,-0.007040791,-0.007492369,-0.008248013,-0.008081664,-0.00824098,-0.007678319,-0.007410915,-0.006543373,-0.005949519,-0.004857755,-0.004043673,-0.002835434,-0.001933567,-0.0007382651,0.0001136163,0.001171066,0.001846756,0.002650149,0.0030395,0.003502503,0.003529147,0.003585826,0.003192334,0.002810214,0.001980994,0.001153882,-0.0001140071,-0.001367977,-0.003033873,-0.004662687,-0.006669516,-0.008600492,-0.01086029,-0.012998,-0.0154082,-0.01763496,-0.02007206,-0.02227495,-0.02462805,-0.02668093,-0.02881945,-0.03061336,-0.03245172,-0.03389398,-0.0353185,-0.03631466,-0.03727862,-0.03778876,-0.03822535,-0.03818578,-0.03807234,-0.03749051,-0.03682113,-0.03566819,-0.03443752,-0.0327536,-0.03100214,-0.02880182,-0.02654786,-0.02387779,-0.02118197,-0.01809369,-0.01499899,-0.01154568,-0.0081187,-0.004371062,-0.0006865611,0.003269898,0.007122117,0.01119196,0.01509269,0.01912857,0.02294241,0.02684326,0.03047309,0.03413577,0.03751891,0.04095688,0.04414189,0.04733894,0.05019326,0.05287806,0.05490235,0.05610893,0.05575896,0.05321194,0.0474914,0.03779889,0.02782657,0.02198207,0.006971407,0.0005408388,0.0002209623,-4.846594e-05,-0.00015442,-5.059849e-05,-0.0001625958
0.0003229794,0.0002229284,0.0003123397,0.0002156224,0.0003869493,0.0004956233,0.001082335,-0.0001790514,-0.001461674,-0.003555799,-0.004944926,-0.006686393,-0.007592171,-0.008588878,-0.008851042,-0.009221972,-0.008981223,-0.008873825,-0.008231195,-0.007755307,-0.006808378,-0.006080394,-0.004951544,-0.004110816,-0.002940563,-0.002132303,-0.001059169,-0.0004185642,0.0004304663,0.0007853934,0.001311157,0.001296688,0.001426295,0.0009801899,0.0006708973,-0.0002287607,-0.0009870239,-0.002343746,-0.003540499,-0.005321416,-0.006909948,-0.009060639,-0.01097558,-0.01341517,-0.01556654,-0.01819825,-0.02047873,-0.02318472,-0.02547873,-0.02814762,-0.03033671,-0.03284165,-0.03480779,-0.03704898,-0.03869632,-0.04056514,-0.04178809,-0.04320875,-0.04395016,-0.04485546,-0.04504333,-0.04538396,-0.04499705,-0.04475559,-0.04376334,-0.04291641,-0.041326,-0.03989581,-0.03771943,-0.03571546,-0.03297859,-0.03044335,-0.02719113,-0.02416589,-0.02044207,-0.01698171,-0.01285087,-0.009028245,-0.004569402,-0.000469178,0.004224484,0.008485355,0.01327555,0.01756058,0.02233082,0.02652152,0.03114976,0.03514928,0.03959509,0.04338398,0.04758549,0.05100958,0.05470888,0.05730411,0.05967657,0.06012212,0.05932832,0.05525977,0.04866403,0.03900759,0.03433019,0.02808762,0.01721978,0.004832339,0.0008746141,0.0004451825,0.0003771264,0.0002710913
0.01100603,0.009921405,0.009373475,0.00843997,0.007907717,0.006818536,0.005855126,0.003994226,0.002250989,0.000225466,-0.001592313,-0.003531162,-0.005036324,-0.006437155,-0.007320703,-0.008105084,-0.008409034,-0.008665729,-0.008484163,-0.008315527,-0.007757209,-0.007281389,-0.006477129,-0.00583519,-0.004932781,-0.004272805,-0.003418256,-0.002880326,-0.002207824,-0.00191494,-0.001533041,-0.001577342,-0.001566652,-0.002015537,-0.002427466,-0.003313253,-0.004166926,-0.005497993,-0.006789272,-0.008543916,-0.01023689,-0.01236807,-0.01440464,-0.01684183,-0.01914203,-0.02179674,-0.02426171,-0.02702652,-0.02954737,-0.03231287,-0.03477437,-0.03742008,-0.03970614,-0.04212603,-0.04413344,-0.04621888,-0.04784202,-0.04950401,-0.05066621,-0.05182721,-0.05245179,-0.05304928,-0.05309178,-0.05308805,-0.05250908,-0.05187161,-0.05065647,-0.04938277,-0.04753011,-0.04562091,-0.04314171,-0.04061998,-0.03754395,-0.03444188,-0.03080474,-0.02716545,-0.02302034,-0.01890668,-0.01432385,-0.009812373,-0.004879761,-7.85254e-05,0.0050773,0.0100392,0.01529347,0.02028739,0.02550739,0.03041869,0.03552148,0.04027998,0.04516365,0.04960464,0.05401281,0.05770963,0.06093135,0.06279527,0.06334493,0.06147278,0.05728849,0.05026348,0.04438376,0.0428647,0.03738133,0.02798512,0.02038777,0.01568474,0.01360468,0.01186519
0.02593713,0.0237759,0.0222839,0.02046889,0.01904449,0.01704778,0.01498044,0.01262052,0.01037611,0.008042418,0.005819613,0.003459612,0.00136707,-0.0006369752,-0.002227922,-0.003664609,-0.004679031,-0.005555757,-0.00604537,-0.006439866,-0.006500999,-0.006524425,-0.006282432,-0.006071177,-0.005669625,-0.005369725,-0.004953495,-0.004705663,-0.00440912,-0.004338448,-0.004274116,-0.004479447,-0.004733563,-0.005288679,-0.005920108,-0.006867961,-0.007905786,-0.009264317,-0.01071373,-0.01247316,-0.01431032,-0.01643574,-0.01861439,-0.02104764,-0.02349884,-0.02616241,-0.02880011,-0.03159954,-0.03432344,-0.03715524,-0.03985757,-0.0426097,-0.04517867,-0.0477437,-0.05007416,-0.05234547,-0.0543324,-0.05621372,-0.05776943,-0.05917528,-0.06021677,-0.06107402,-0.06154111,-0.0617968,-0.06163877,-0.06124869,-0.06043456,-0.05937805,-0.05789088,-0.05615505,-0.05399124,-0.05158278,-0.04875601,-0.0456927,-0.04222644,-0.03853936,-0.03447346,-0.03021121,-0.02560336,-0.02083191,-0.01575963,-0.01057293,-0.005148083,0.0003337006,0.005988961,0.01163942,0.0173919,0.02308504,0.02882604,0.03446215,0.04006828,0.04547332,0.05069029,0.05548243,0.05970746,0.06299765,0.06501576,0.06536059,0.06357845,0.0596257,0.05455779,0.05166512,0.04944374,0.046847,0.04163968,0.03533181,0.03136135,0.02803893
0.04188756,0.03930784,0.03708203,0.03482467,0.03271833,0.03036654,0.02790113,0.02526898,0.02271567,0.02008267,0.017458,0.01470664,0.01205572,0.009455744,0.007124956,0.004959689,0.003122184,0.001472979,0.0001459015,-0.001014968,-0.001891319,-0.002647515,-0.003175789,-0.003644856,-0.003952405,-0.004266996,-0.004487562,-0.004779772,-0.00504104,-0.00543148,-0.005843929,-0.006432088,-0.007084284,-0.007947563,-0.008903977,-0.01009341,-0.01139263,-0.0129356,-0.01459314,-0.01649243,-0.01849846,-0.02073243,-0.02305387,-0.02557853,-0.02816142,-0.0309131,-0.03368401,-0.0365815,-0.039454,-0.04240522,-0.04528043,-0.04818179,-0.05095582,-0.05370509,-0.05627521,-0.05876773,-0.06103133,-0.0631706,-0.06503545,-0.06673051,-0.06810898,-0.06928018,-0.07010175,-0.07068442,-0.07088847,-0.07082896,-0.07037163,-0.06963404,-0.0684846,-0.06704364,-0.06518452,-0.06303104,-0.06046022,-0.05759783,-0.05432471,-0.05077,-0.04681994,-0.04260691,-0.03802208,-0.03320187,-0.02804605,-0.02269822,-0.01706536,-0.01129319,-0.005295088,0.0007804041,0.007017524,0.01327401,0.0196347,0.02595545,0.03230418,0.03851974,0.04462494,0.05039545,0.05574902,0.06035725,0.06401197,0.0662812,0.06698018,0.06587414,0.06318144,0.06046112,0.05858668,0.0573229,0.05550788,0.0517336,0.04805067,0.044654
0.05694386,0.05465262,0.05248891,0.05023166,0.04802515,0.04562562,0.04313303,0.04053446,0.03794749,0.03523441,0.03245649,0.0294817,0.02649028,0.02344937,0.02054837,0.01773201,0.01515082,0.01271553,0.01054548,0.00852963,0.006767895,0.005135889,0.003721218,0.002391883,0.001228799,9.704678e-05,-0.000924742,-0.001970968,-0.002962122,-0.004029486,-0.005090265,-0.006271244,-0.007485698,-0.008855405,-0.01028857,-0.0119013,-0.01359712,-0.01548715,-0.01746971,-0.01964991,-0.02192106,-0.02438308,-0.0269241,-0.02963826,-0.03240896,-0.03532592,-0.0382688,-0.04132286,-0.04436439,-0.0474757,-0.0505304,-0.05360805,-0.05658136,-0.05952936,-0.06232463,-0.06504552,-0.06756529,-0.06996378,-0.07211583,-0.0741014,-0.07579713,-0.07728608,-0.07844856,-0.07936962,-0.07993177,-0.08022334,-0.08013152,-0.07974727,-0.07895999,-0.07786328,-0.07635079,-0.07451942,-0.07226586,-0.0696893,-0.06669017,-0.06337106,-0.05963656,-0.05559306,-0.05114998,-0.04641813,-0.04131347,-0.03595387,-0.030263,-0.02436298,-0.01818151,-0.01184497,-0.005285251,0.001372488,0.008197631,0.01506315,0.02202574,0.02893925,0.03582939,0.04250442,0.04891329,0.05477887,0.059953,0.06413592,0.06710466,0.06862789,0.06873219,0.06745132,0.06589393,0.06533066,0.06489533,0.06343945,0.06147205,0.05917018
0.06879674,0.06753039,0.06611612,0.06450251,0.06276834,0.06083005,0.05877342,0.05654308,0.05425463,0.05178025,0.04914406,0.04626089,0.04324117,0.04006935,0.03689426,0.03369718,0.03060646,0.02757863,0.02471785,0.02195809,0.01938444,0.01691462,0.01462034,0.01240845,0.01034264,0.008323954,0.006412415,0.004506808,0.002666611,0.0007913776,-0.001057448,-0.002978105,-0.004906389,-0.006937358,-0.009002965,-0.01119451,-0.01344012,-0.01582721,-0.01827969,-0.02088084,-0.0235501,-0.02636618,-0.02924383,-0.03225735,-0.03531708,-0.03849265,-0.0416899,-0.04497533,-0.04825184,-0.05158211,-0.05486524,-0.05816149,-0.0613687,-0.06454589,-0.06758916,-0.07055671,-0.07334548,-0.07601458,-0.07846078,-0.08074331,-0.08276031,-0.08457328,-0.08608238,-0.08735082,-0.08828109,-0.08893952,-0.08923139,-0.08922556,-0.0888297,-0.08811532,-0.08699289,-0.08553673,-0.08366008,-0.08144004,-0.07879252,-0.07579784,-0.07237569,-0.0686101,-0.06442457,-0.05990791,-0.0549897,-0.04976523,-0.0441695,-0.03830303,-0.03210677,-0.02568585,-0.01898323,-0.01210447,-0.004994076,0.00223793,0.009639544,0.01708924,0.02461082,0.03204271,0.03935755,0.04633244,0.05288108,0.05868788,0.06369066,0.06759364,0.07028825,0.07169052,0.07188523,0.07145907,0.07135358,0.07111126,0.07062103,0.06981719
0.07750573,0.07733808,0.07697641,0.07631814,0.07545861,0.07431152,0.07297163,0.07142395,0.06973166,0.06779365,0.06564119,0.06316812,0.06047055,0.05751887,0.05444119,0.05121871,0.04797426,0.04467663,0.04143197,0.03819306,0.03504957,0.03193986,0.02894009,0.02597777,0.02311949,0.02028578,0.01753747,0.01479154,0.01210628,0.009397811,0.00672412,0.004002255,0.001291209,-0.001490133,-0.004280877,-0.007159603,-0.01006314,-0.01306738,-0.01610638,-0.0192527,-0.0224375,-0.02573012,-0.02905829,-0.03248716,-0.03594057,-0.03948005,-0.04302623,-0.04663669,-0.05022862,-0.05385672,-0.05743545,-0.06101632,-0.06451126,-0.06796982,-0.07130289,-0.07455904,-0.07764851,-0.08061982,-0.08338369,-0.08598848,-0.08834531,-0.09050352,-0.09237589,-0.09401315,-0.09532972,-0.09637846,-0.09707663,-0.0974791,-0.09750499,-0.0972112,-0.09651954,-0.09548914,-0.09404394,-0.09224516,-0.09001959,-0.08743103,-0.08440922,-0.0810213,-0.0772011,-0.07301965,-0.06841546,-0.06346504,-0.05811338,-0.0524418,-0.04639905,-0.04007063,-0.03340982,-0.02650384,-0.01930652,-0.01190658,-0.004265022,0.003517642,0.01146405,0.01945086,0.02746083,0.0353243,0.04296764,0.0502138,0.05689654,0.06279653,0.06778602,0.07146598,0.0739354,0.07553028,0.07638802,0.0768317,0.0772,0.0774086
0.0833072,0.08410996,0.08472094,0.08507029,0.08518007,0.08500043,0.08459519,0.08391205,0.08302304,0.08184585,0.08038834,0.07858314,0.07648243,0.07405899,0.07140527,0.0685109,0.06547168,0.06227321,0.05900433,0.05564058,0.05226054,0.04882877,0.04541357,0.0419696,0.03855686,0.03512265,0.03172119,0.02829493,0.0248947,0.0214606,0.01804236,0.01457928,0.01112104,0.007607284,0.004088576,0.0005054739,-0.00309019,-0.006756451,-0.01043979,-0.01419668,-0.01797161,-0.0218189,-0.02568067,-0.02960899,-0.03354322,-0.03753215,-0.04151172,-0.04552839,-0.04951576,-0.05351719,-0.05746303,-0.06139428,-0.06523929,-0.06903701,-0.07271344,-0.07630609,-0.07974076,-0.08305494,-0.08617369,-0.08913425,-0.09186195,-0.0943947,-0.09665834,-0.09869158,-0.1004216,-0.101889,-0.1030225,-0.1038647,-0.1043459,-0.1045106,-0.1042909,-0.103733,-0.1027707,-0.1014522,-0.09971315,-0.09760397,-0.09506304,-0.0921435,-0.08878656,-0.08504922,-0.08087718,-0.07633211,-0.07136352,-0.06603769,-0.06030939,-0.05424884,-0.04781253,-0.04107233,-0.03398694,-0.02663175,-0.01896862,-0.01107791,-0.002933546,0.005362439,0.01381252,0.02228328,0.0307477,0.0389934,0.04699929,0.05450732,0.06134011,0.06728368,0.07205206,0.07545311,0.07799793,0.07980398,0.08117962,0.0823141
0.08632006,0.08803456,0.08955442,0.09080645,0.09183738,0.09257288,0.09306467,0.09328688,0.09327139,0.09294144,0.09232181,0.091324,0.08999789,0.08830264,0.08631445,0.08401035,0.08147507,0.07868806,0.07573187,0.07258263,0.0693173,0.06590594,0.06241865,0.05881916,0.05517099,0.0514322,0.04766095,0.04381116,0.03993742,0.0359911,0.03202465,0.02798842,0.02393401,0.01981152,0.01567238,0.011467,0.007247028,0.002963423,-0.001331581,-0.00568592,-0.01004663,-0.01446082,-0.01887456,-0.02333324,-0.02778119,-0.03226208,-0.03671862,-0.04119189,-0.04562213,-0.05004865,-0.05441004,-0.05874323,-0.06298443,-0.06716847,-0.07123027,-0.07520332,-0.07902121,-0.0827167,-0.08622353,-0.08957417,-0.0927021,-0.09563977,-0.0983212,-0.1007793,-0.1029487,-0.1048632,-0.1064593,-0.1077722,-0.1087395,-0.1093978,-0.1096863,-0.1096431,-0.1092086,-0.108422,-0.1072256,-0.10566,-0.1036696,-0.1012973,-0.09849016,-0.0952939,-0.09165888,-0.08763442,-0.0831755,-0.07833492,-0.07307038,-0.06743786,-0.06139875,-0.05501079,-0.04823599,-0.04113242,-0.03366577,-0.0259001,-0.01780818,-0.009462323,-0.0008546584,0.007919462,0.01683236,0.02579111,0.03466959,0.04329471,0.05152405,0.05897005,0.06557164,0.07124507,0.0757484,0.07923169,0.08203719,0.08432332
0.08565749,0.08848388,0.0909878,0.09318139,0.09510791,0.09674627,0.09814047,0.09923876,0.1000855,0.1006194,0.1008412,0.1006976,0.10021,0.09934131,0.09814081,0.09658863,0.09474348,0.09259014,0.0901899,0.08752715,0.08466202,0.08157628,0.07832711,0.07489249,0.07132608,0.06760204,0.06377069,0.05980282,0.05574611,0.05156903,0.04731773,0.04295929,0.0385391,0.03402369,0.02945829,0.0248092,0.02012169,0.01536216,0.01057612,0.005730037,0.0008698337,-0.004037621,-0.008946007,-0.01388835,-0.01881783,-0.02376638,-0.02868564,-0.03360672,-0.03848031,-0.04333585,-0.04812213,-0.05286739,-0.05751931,-0.0621047,-0.06656931,-0.07093851,-0.07515747,-0.07925122,-0.0831641,-0.08692085,-0.09046584,-0.09382402,-0.09693963,-0.09983774,-0.1024631,-0.1048416,-0.1069186,-0.1087213,-0.1101963,-0.1113718,-0.1121953,-0.1126963,-0.1128233,-0.1126068,-0.1119962,-0.1110233,-0.1096389,-0.1078768,-0.1056893,-0.1031126,-0.1001021,-0.09669697,-0.09285472,-0.08861744,-0.08394644,-0.07888649,-0.07339963,-0.06753175,-0.06124659,-0.05459233,-0.04753314,-0.04011783,-0.03231499,-0.02418412,-0.01570231,-0.006943528,0.002101909,0.01129208,0.02063954,0.02994499,0.03904729,0.04775847,0.05577175,0.06277512,0.06896388,0.07422893,0.07866265,0.08241426
0.08099417,0.08502702,0.08864192,0.09184481,0.09472331,0.09725747,0.099505,0.101457,0.1031411,0.1045048,0.1055718,0.1062717,0.1066318,0.1066089,0.1062446,0.1055085,0.1044517,0.10305,0.1013576,0.0993525,0.0970894,0.09454649,0.09177775,0.08876039,0.08554672,0.08211239,0.07850774,0.07470689,0.07075848,0.0666353,0.06238472,0.05797886,0.05346453,0.0488137,0.04407296,0.03921443,0.03428471,0.02925603,0.02417505,0.01901443,0.01382088,0.008567035,0.003299516,-0.002008752,-0.007311075,-0.01263461,-0.01793285,-0.02323205,-0.0284847,-0.03371662,-0.03888002,-0.04399974,-0.04902688,-0.05398529,-0.05882557,-0.06357086,-0.06817067,-0.07264732,-0.07695042,-0.08110216,-0.08505203,-0.0888221,-0.09236213,-0.09569436,-0.09876872,-0.1016077,-0.1041622,-0.1064553,-0.1084388,-0.1101366,-0.1115014,-0.1125581,-0.1132601,-0.1136327,-0.1136303,-0.1132791,-0.1125343,-0.1114231,-0.1099028,-0.1080018,-0.1056791,-0.1029654,-0.0998224,-0.09628297,-0.09230997,-0.08793773,-0.08313183,-0.07792772,-0.07229086,-0.0662557,-0.05978928,-0.05292866,-0.04564267,-0.03796825,-0.02988256,-0.02143275,-0.01261936,-0.003478509,0.00589838,0.01539532,0.02490694,0.03411641,0.0429511,0.05127275,0.05875637,0.06538132,0.07126348,0.0764185
0.07235488,0.07754368,0.08224651,0.08649235,0.09034301,0.09381425,0.09696343,0.09976799,0.102276,0.10446,0.1063262,0.1078423,0.1090204,0.1098268,0.110287,0.1103775,0.110131,0.1095288,0.1086076,0.107351,0.1057977,0.1039323,0.1017947,0.09936932,0.0966963,0.09375977,0.09059961,0.08719926,0.08359809,0.07977892,0.07578092,0.07158652,0.06723485,0.06270835,0.05804658,0.05323224,0.04830533,0.0432489,0.03810341,0.03285206,0.02753574,0.02213804,0.01670008,0.01120519,0.005694258,0.0001506075,-0.005384571,-0.01092841,-0.01644005,-0.02193619,-0.02737528,-0.03277397,-0.0380908,-0.04334228,-0.04848617,-0.05353847,-0.05845695,-0.06325763,-0.06789769,-0.07239307,-0.07670122,-0.08083841,-0.08476213,-0.08848882,-0.09197632,-0.09524164,-0.09824273,-0.1009972,-0.1034638,-0.105661,-0.1075481,-0.1091441,-0.1104089,-0.1113624,-0.1119646,-0.112236,-0.1121374,-0.11169,-0.1108552,-0.1096556,-0.1080542,-0.106075,-0.1036817,-0.1009,-0.09769575,-0.0940959,-0.09006597,-0.08563334,-0.0807643,-0.07548743,-0.06976783,-0.06363244,-0.05704672,-0.05004235,-0.04258535,-0.0347128,-0.0263942,-0.01772389,-0.00866135,0.0006540249,0.01010593,0.01956962,0.02878209,0.03745479,0.04569288,0.05331887,0.06028808,0.06661464
0.06068927,0.06675634,0.07236999,0.07751658,0.08225814,0.08658575,0.09055327,0.09417096,0.09747123,0.1004291,0.1030769,0.105369,0.1073286,0.1089221,0.1101761,0.111062,0.1116115,0.1118,0.1116619,0.1111753,0.1103761,0.1092444,0.1078171,0.1060756,0.1040574,0.1017447,0.09917537,0.09633186,0.09325223,0.08991925,0.0863709,0.0825903,0.07861566,0.07443061,0.07007378,0.06552955,0.06083717,0.05598171,0.051003,0.04588698,0.04067399,0.0353504,0.0299569,0.02448044,0.018962,0.01338832,0.007799742,0.002183217,-0.003420691,-0.009025393,-0.01459089,-0.02013051,-0.02560406,-0.03102485,-0.03635324,-0.04160284,-0.0467338,-0.05175954,-0.05664073,-0.06139102,-0.06597121,-0.07039513,-0.07462418,-0.07867259,-0.08250206,-0.08612712,-0.08951019,-0.09266627,-0.09555818,-0.09820139,-0.1005596,-0.1026487,-0.104433,-0.1059286,-0.1071001,-0.1079642,-0.1084859,-0.1086821,-0.1085185,-0.1080127,-0.107131,-0.1058915,-0.1042625,-0.1022627,-0.09986031,-0.09707455,-0.09387509,-0.09028146,-0.08626253,-0.08183604,-0.07697121,-0.07168649,-0.06595024,-0.05977678,-0.05313715,-0.04604889,-0.03849855,-0.03048472,-0.02207112,-0.0133212,-0.004292175,0.004779395,0.01385677,0.02282786,0.03137834,0.03944265,0.04704174,0.05410925
0.04701227,0.05363139,0.05984896,0.06565946,0.07108215,0.07612037,0.08081032,0.08513507,0.08913459,0.09279693,0.09613295,0.0991293,0.1017971,0.1041133,0.1060939,0.1077202,0.109011,0.1099498,0.1105583,0.1108216,0.1107634,0.1103702,0.1096673,0.1086423,0.1073217,0.1056943,0.1037875,0.1015906,0.09913193,0.09640125,0.09342752,0.09020091,0.08675097,0.08306842,0.07918362,0.07508796,0.07081269,0.06635009,0.06173233,0.05695231,0.05204308,0.04699845,0.04185233,0.03659886,0.03127231,0.02586732,0.02041872,0.01492081,0.009407878,0.003874266,-0.001645428,-0.007157213,-0.01262707,-0.01806151,-0.02342648,-0.0287287,-0.03393486,-0.0390524,-0.04404807,-0.04892963,-0.05366435,-0.05826064,-0.06268616,-0.06694984,-0.07101993,-0.07490605,-0.07857677,-0.08204228,-0.08527176,-0.08827601,-0.09102453,-0.09352861,-0.09575824,-0.09772519,-0.09939946,-0.1007932,-0.1018769,-0.1026627,-0.103121,-0.1032646,-0.1030646,-0.1025344,-0.1016444,-0.1004086,-0.09879877,-0.09682922,-0.09447046,-0.09173646,-0.08859786,-0.08506935,-0.08111951,-0.07676004,-0.07195785,-0.06672671,-0.0610304,-0.05488301,-0.0482453,-0.04117897,-0.0336247,-0.02567044,-0.01738839,-0.008836596,-0.0002185509,0.008238337,0.01662358,0.02476318,0.03256341,0.0399843
0.03269142,0.03947919,0.04596866,0.05211927,0.05795145,0.06343718,0.06860055,0.07344204,0.07797948,0.08219128,0.0861055,0.08968887,0.09295991,0.09589402,0.09850936,0.1007827,0.1027347,0.1043445,0.105634,0.1065845,0.1072192,0.1075211,0.1075147,0.1071844,0.106556,0.1056153,0.104389,0.1028639,0.1010677,0.09898833,0.09665385,0.09405303,0.09121466,0.0881283,0.08482334,0.08129025,0.07755924,0.07362171,0.06950872,0.06521278,0.06076578,0.05616099,0.05143102,0.04657021,0.04161204,0.0365513,0.03142146,0.02621794,0.02097474,0.01568707,0.01038841,0.005073938,-0.0002228079,-0.005506784,-0.01074529,-0.01594398,-0.02107043,-0.0261306,-0.03109304,-0.03596435,-0.04071357,-0.04534775,-0.04983674,-0.05418827,-0.05837279,-0.06239855,-0.06623691,-0.06989672,-0.07334979,-0.07660535,-0.07963593,-0.08245119,-0.08502405,-0.08736431,-0.08944534,-0.09127709,-0.09283308,-0.09412334,-0.09512178,-0.0958383,-0.09624672,-0.09635697,-0.09614377,-0.09561691,-0.09475028,-0.09355341,-0.09200111,-0.09010258,-0.0878314,-0.08519451,-0.08216523,-0.07875028,-0.0749209,-0.07067791,-0.06599256,-0.06086503,-0.05527676,-0.04920229,-0.04268651,-0.03575185,-0.02841477,-0.02084129,-0.01302387,-0.005024801,0.002883328,0.01064173,0.01824192,0.02559351
0.01876017,0.02540305,0.0318331,0.03802322,0.04396485,0.04964102,0.0550596,0.06019005,0.06505138,0.06963064,0.0739274,0.07793175,0.08164823,0.08505822,0.08816938,0.09096598,0.09345761,0.09563013,0.09749549,0.09904085,0.10028,0.1012015,0.1018208,0.1021277,0.1021393,0.1018465,0.1012679,0.1003954,0.0992487,0.0978208,0.09613241,0.09417728,0.09197699,0.08952595,0.08684665,0.08393425,0.08081212,0.07747626,0.07395106,0.07023319,0.06634796,0.06229305,0.05809472,0.0537512,0.04928944,0.04470854,0.04003654,0.03527271,0.03044506,0.02555328,0.02062592,0.01566252,0.01069122,0.00571115,0.0007504919,-0.004191875,-0.009088608,-0.01394173,-0.01872423,-0.02343871,-0.02805894,-0.03258836,-0.03700124,-0.04130173,-0.0454649,-0.04949578,-0.05336986,-0.05709289,-0.06064112,-0.06402097,-0.06720897,-0.07021196,-0.07300688,-0.07560109,-0.07797159,-0.08012598,-0.08204143,-0.08372568,-0.08515566,-0.0863393,-0.08725368,-0.08790673,-0.08827461,-0.08836524,-0.08815535,-0.08765273,-0.08683251,-0.08570176,-0.08423539,-0.08244071,-0.08029019,-0.07778786,-0.07490367,-0.07164232,-0.06796882,-0.06388566,-0.05935079,-0.05440646,-0.04898115,-0.04312655,-0.03688015,-0.03024762,-0.02337623,-0.01643091,-0.009307807,-0.002150991,0.004944234,0.01192795
0.006282267,0.01249022,0.01859122,0.02453415,0.03031803,0.03590206,0.04128631,0.04645788,0.05141543,0.05613323,0.06062549,0.06485927,0.06884322,0.07255436,0.07600169,0.07916329,0.08205055,0.08464406,0.08695662,0.08897091,0.09070125,0.09213216,0.09327945,0.09412938,0.09469911,0.09497644,0.09497979,0.09469842,0.09415193,0.09333079,0.09225552,0.09091774,0.08933882,0.08751129,0.08545725,0.08317015,0.08067286,0.07795966,0.07505418,0.07195172,0.06867672,0.06522513,0.06162202,0.05786439,0.05397818,0.04996096,0.04583891,0.04161046,0.03730271,0.03291431,0.02847213,0.02397504,0.0194502,0.01489658,0.01034074,0.005781107,0.001244039,-0.003272269,-0.007742354,-0.01216876,-0.01652664,-0.02081904,-0.02502195,-0.02913917,-0.03314735,-0.03705091,-0.04082748,-0.0444821,-0.04799298,-0.05136568,-0.05457911,-0.05763928,-0.06052543,-0.06324375,-0.06577402,-0.06812251,-0.07026905,-0.07222003,-0.07395562,-0.07548191,-0.07677869,-0.07785181,-0.07868166,-0.07927366,-0.07960696,-0.07968629,-0.07949148,-0.07902679,-0.07827058,-0.07722461,-0.07586668,-0.07419809,-0.07219426,-0.06984977,-0.06713877,-0.0640533,-0.06057432,-0.0566636,-0.0523543,-0.04764208,-0.04251457,-0.03708682,-0.03131234,-0.02520776,-0.018997,-0.01271331,-0.006361055,-2.265506e-05
-0.004169245,0.001419687,0.006973344,0.01246049,0.01785715,0.0231395,0.02829739,0.03329375,0.03812956,0.04278708,0.04725349,0.05151723,0.05557301,0.05940246,0.06300377,0.06636187,0.06947713,0.07233632,0.07494236,0.07728369,0.07936533,0.08117738,0.08272678,0.08400507,0.08502099,0.08576753,0.08625507,0.08647788,0.08644772,0.08616008,0.08562808,0.08484817,0.08383455,0.08258455,0.08111336,0.07941909,0.07751781,0.07540841,0.07310788,0.07061567,0.06794959,0.06510994,0.06211535,0.05896657,0.05568272,0.05226531,0.04873452,0.04509213,0.04135842,0.03753573,0.0336451,0.02968898,0.0256882,0.02164501,0.01758049,0.01349683,0.009414554,0.005335141,0.001278907,-0.002753129,-0.006741329,-0.01068547,-0.01456643,-0.01838462,-0.02212168,-0.02577887,-0.02933827,-0.03280188,-0.03615252,-0.03939291,-0.04250621,-0.04549561,-0.04834471,-0.0510572,-0.05361678,-0.05602743,-0.05827307,-0.06035779,-0.06226526,-0.06399976,-0.06554503,-0.06690524,-0.06806304,-0.06902241,-0.0697664,-0.07029869,-0.07060053,-0.07067476,-0.07050228,-0.0700861,-0.0694046,-0.06845736,-0.06722003,-0.06569247,-0.06384479,-0.06167337,-0.05913887,-0.05627185,-0.05299709,-0.04934235,-0.04532414,-0.04091119,-0.03621077,-0.03133565,-0.02616204,-0.02079577,-0.01531599,-0.009759895
-0.01210004,-0.007271206,-0.002400009,0.002466753,0.007316088,0.01210707,0.01682752,0.02146141,0.02599476,0.03039733,0.03467284,0.03878855,0.04274318,0.04651444,0.05010227,0.05348589,0.05666777,0.05962974,0.06237592,0.06489052,0.0671794,0.06922876,0.07104607,0.07261951,0.0739581,0.07505174,0.07591081,0.07652687,0.07691165,0.07705817,0.07697923,0.07666914,0.07614182,0.07539266,0.07443642,0.07326949,0.07190746,0.07034756,0.06860606,0.06668115,0.06458978,0.06233073,0.05992147,0.05736161,0.05466935,0.05184473,0.04890601,0.04585401,0.04270782,0.03946851,0.03615502,0.03276873,0.02932898,0.02583735,0.02231278,0.01875649,0.01518741,0.01160672,0.008032651,0.004465858,0.0009241233,-0.002592302,-0.006066382,-0.009498515,-0.01287224,-0.01618847,-0.01943166,-0.02260336,-0.02568853,-0.0286892,-0.03159108,-0.03439671,-0.03709221,-0.03968027,-0.04214756,-0.04449696,-0.04671531,-0.04880559,-0.05075495,-0.05256614,-0.05422605,-0.05573715,-0.05708683,-0.05827703,-0.05929393,-0.06013878,-0.06079829,-0.06127306,-0.06154836,-0.06162236,-0.06147979,-0.06111816,-0.06051977,-0.05967555,-0.05856626,-0.05717938,-0.05550044,-0.05348395,-0.05116043,-0.04850858,-0.04550144,-0.04221816,-0.03858985,-0.03459691,-0.03042425,-0.02607375,-0.02153556,-0.01687216
-0.01749051,-0.01346337,-0.009355334,-0.005190944,-0.0009972618,0.003203728,0.007395166,0.01154023,0.01563082,0.019648,0.02357102,0.02738825,0.03108741,0.0346508,0.03806964,0.04132975,0.04442465,0.04734203,0.05007802,0.05262207,0.05497245,0.05712033,0.05906594,0.06080198,0.0623305,0.06364574,0.06475146,0.06564325,0.06632636,0.06679767,0.06706391,0.06712306,0.06698302,0.06664281,0.06611147,0.06538884,0.0644849,0.06340036,0.06214605,0.06072324,0.05914353,0.05740895,0.05553186,0.05351463,0.05136999,0.04910092,0.04672103,0.04423347,0.0416518,0.03897963,0.03623124,0.03341033,0.03053104,0.02759688,0.02462229,0.02161088,0.01857664,0.01552262,0.01246276,0.009399818,0.006347228,0.003307087,0.0002924389,-0.002695168,-0.005643335,-0.008551253,-0.01140691,-0.01421016,-0.0169497,-0.01962605,-0.02222826,-0.02475734,-0.02720285,-0.02956635,-0.03183751,-0.0340183,-0.03609866,-0.03808075,-0.0399543,-0.04172172,-0.04337291,-0.0449102,-0.04632244,-0.04761178,-0.04876749,-0.04979139,-0.05067099,-0.05140722,-0.05198722,-0.05241209,-0.05266654,-0.05274836,-0.05263954,-0.05233822,-0.05182093,-0.05108199,-0.05008742,-0.04886226,-0.04733295,-0.04551427,-0.04341266,-0.04097488,-0.0382837,-0.03541468,-0.03222943,-0.02880066,-0.02518708,-0.02140635
-0.02035221,-0.01713968,-0.01380478,-0.01038427,-0.0068887,-0.003353788,0.0002055808,0.003774002,0.00733341,0.01085531,0.01433781,0.01774944,0.02108395,0.02432024,0.0274535,0.03046401,0.03334942,0.03609263,0.03869287,0.04113526,0.04342074,0.04553632,0.04748452,0.04925422,0.0508494,0.05226062,0.05349321,0.05453933,0.05540566,0.05608576,0.05658742,0.05690555,0.05704907,0.05701402,0.05681022,0.05643478,0.05589837,0.05519897,0.05434795,0.05334422,0.05219981,0.05091417,0.04949982,0.04795697,0.04629878,0.04452582,0.04265121,0.04067613,0.03861443,0.03646743,0.03424876,0.03195997,0.02961504,0.02721572,0.02477563,0.02229619,0.01979102,0.01726161,0.01472101,0.01217026,0.009622074,0.007077177,0.004547654,0.002033686,-0.0004531637,-0.002913177,-0.005335619,-0.007721335,-0.01006009,-0.01235319,-0.01459115,-0.0167758,-0.01889807,-0.02096008,-0.02295335,-0.02488023,-0.0267325,-0.02851267,-0.03021295,-0.03183571,-0.0333729,-0.0348267,-0.03618966,-0.0374635,-0.03863957,-0.03971891,-0.04069339,-0.04156348,-0.04231965,-0.0429599,-0.04347419,-0.04386004,-0.04410519,-0.04420083,-0.04413319,-0.04389,-0.04346153,-0.04280153,-0.04194067,-0.04085077,-0.03949832,-0.03794365,-0.03610406,-0.03393989,-0.03160675,-0.02908369,-0.02634578,-0.02343334
-0.0210481,-0.01859243,-0.01600799,-0.0133091,-0.01051693,-0.00764658,-0.004714627,-0.001753866,0.001225595,0.00420841,0.007171341,0.01010431,0.01299261,0.01582036,0.01857592,0.02124667,0.02382308,0.02629426,0.02865315,0.03089039,0.03300089,0.03497686,0.036815,0.03850886,0.04005679,0.04145373,0.04269961,0.04379058,0.04472793,0.04550901,0.04613648,0.04660875,0.04692961,0.04709841,0.04712008,0.04699482,0.04672847,0.04632203,0.04578221,0.04511056,0.04431452,0.04339635,0.04236418,0.04122061,0.0399741,0.03862777,0.0371909,0.03566668,0.03406427,0.03238722,0.03064531,0.02884212,0.02698722,0.02508397,0.02314221,0.02116537,0.01916288,0.01713764,0.01509903,0.01304968,0.01099854,0.00894763,0.006905545,0.004873814,0.002860406,0.000866138,-0.001101373,-0.00304194,-0.004948641,-0.006821993,-0.00865543,-0.01044999,-0.01219962,-0.01390599,-0.0155633,-0.01717362,-0.01873147,-0.0202392,-0.02169126,-0.0230903,-0.02443094,-0.02571585,-0.02693868,-0.02810202,-0.0291999,-0.03023459,-0.03119844,-0.03209289,-0.03290989,-0.03365104,-0.03430592,-0.03487302,-0.0353395,-0.03570432,-0.03594946,-0.03607028,-0.03603819,-0.03587747,-0.035518,-0.03496994,-0.03423609,-0.03325402,-0.03209222,-0.03080421,-0.02924297,-0.02745987,-0.02549672,-0.02335299
-0.01986195,-0.01810445,-0.01620523,-0.01418906,-0.01206174,-0.009849888,-0.007565888,-0.00521929,-0.002827608,-0.0004151707,0.002015327,0.004436306,0.006839931,0.009208243,0.01153457,0.01380195,0.01600585,0.01813161,0.02017606,0.02212658,0.02398144,0.02572969,0.02737094,0.0288959,0.03030543,0.03159167,0.03275663,0.03379383,0.03470648,0.03548932,0.03614649,0.03667393,0.03707677,0.03735199,0.0375055,0.03753525,0.03744794,0.03724231,0.03692569,0.03649769,0.03596624,0.03533143,0.03460163,0.03377762,0.03286836,0.03187495,0.03080626,0.0296639,0.02845741,0.02718848,0.02586633,0.02449281,0.02307741,0.02162215,0.0201361,0.0186209,0.01708559,0.01553185,0.01396814,0.01239566,0.01082251,0.009249585,0.007684345,0.006127113,0.004584839,0.003057364,0.001550796,6.439073e-05,-0.00139626,-0.002832392,-0.004239191,-0.005618451,-0.006965845,-0.008283489,-0.00956769,-0.01082088,-0.01203966,-0.0132267,-0.01437906,-0.01549932,-0.01658434,-0.01763654,-0.01865341,-0.01963694,-0.02058345,-0.02149425,-0.02236621,-0.02320004,-0.02399118,-0.02473797,-0.02543539,-0.02608135,-0.02666882,-0.02718978,-0.02763603,-0.02799629,-0.02826623,-0.02840061,-0.0284333,-0.02833359,-0.02806785,-0.0276862,-0.02710181,-0.02626508,-0.02531408,-0.02421237,-0.02292516,-0.02147635
-0.01729373,-0.01613701,-0.01485378,-0.01344764,-0.01193491,-0.01032189,-0.008621241,-0.006857682,-0.005039849,-0.003178569,-0.001296034,0.0006021126,0.002501123,0.00438895,0.006253238,0.008084761,0.009872863,0.01160972,0.01328681,0.01489764,0.01643538,0.01789485,0.01927074,0.02055899,0.02175569,0.02285791,0.02386307,0.02476922,0.02557492,0.02627921,0.0268818,0.02738258,0.02778219,0.02808132,0.02828158,0.02838433,0.02839194,0.0283065,0.0281311,0.02786827,0.02752171,0.02709458,0.02659121,0.02601497,0.02537047,0.02466151,0.02389343,0.02307007,0.02219655,0.02127698,0.02031701,0.01932071,0.01829342,0.01723894,0.01616278,0.01506873,0.01396184,0.01284529,0.01172401,0.01060085,0.009480244,0.008364374,0.007257243,0.006160481,0.005077432,0.00400898,0.00295804,0.001924811,0.0009114781,-8.248841e-05,-0.001055315,-0.002008105,-0.002939659,-0.00385172,-0.004743344,-0.005616747,-0.00647135,-0.007309649,-0.008130979,-0.008938136,-0.009730677,-0.01051139,-0.01127884,-0.0120357,-0.01278092,-0.01351683,-0.01424066,-0.01495384,-0.0156532,-0.01634029,-0.01700966,-0.01765982,-0.01828304,-0.01887861,-0.019434,-0.01994521,-0.02038945,-0.02079069,-0.02108418,-0.02127847,-0.0213775,-0.02131451,-0.02115381,-0.02093469,-0.02050993,-0.0199174,-0.01918815,-0.01831012
-0.01367272,-0.01304322,-0.01229103,-0.01143085,-0.01046354,-0.00940726,-0.008269929,-0.007054504,-0.005775377,-0.00445137,-0.00308355,-0.001694315,-0.0002906023,0.00111385,0.002512733,0.003892798,0.005249415,0.006571271,0.007854792,0.009090386,0.01027568,0.0114025,0.01246956,0.01347007,0.01440375,0.015265,0.01605444,0.01676762,0.01740607,0.01796633,0.01845067,0.01885658,0.01918709,0.0194405,0.01962046,0.01972602,0.01976144,0.01972639,0.01962559,0.01945943,0.01923307,0.01894727,0.01860747,0.01821501,0.0177758,0.01729139,0.01676749,0.01620605,0.01561334,0.01499128,0.01434572,0.01367861,0.01299596,0.01229977,0.01159553,0.01088475,0.01017276,0.009461007,0.008754133,0.008052983,0.007361739,0.006680821,0.006013674,0.005360061,0.004722819,0.00410115,0.003496976,0.002908848,0.002338111,0.001782775,0.00124337,0.0007173141,0.0002046217,-0.0002976251,-0.0007900298,-0.00127582,-0.001755882,-0.002233643,-0.002710387,-0.003189391,-0.003671696,-0.004160366,-0.004656957,-0.005164003,-0.005681837,-0.006212257,-0.006756006,-0.007314173,-0.007886013,-0.008470218,-0.009065565,-0.009670326,-0.01028139,-0.0108914,-0.01149638,-0.01208608,-0.01266043,-0.01317574,-0.01366934,-0.01410996,-0.01446642,-0.01478411,-0.01497645,-0.01499119,-0.0149569,-0.01482817,-0.0145661,-0.01418424
-0.009455733,-0.009264473,-0.008975646,-0.008585583,-0.008104665,-0.007532347,-0.006877208,-0.006157785,-0.005379329,-0.004546821,-0.00367975,-0.002779327,-0.001858165,-0.0009242504,1.157209e-05,0.0009436231,0.001862339,0.002763066,0.003638051,0.004483677,0.005293617,0.006065328,0.00679376,0.007477242,0.008111877,0.008696891,0.009229469,0.009709581,0.0101353,0.01050733,0.01082468,0.01108866,0.01129896,0.01145747,0.01156461,0.01162274,0.01163283,0.01159773,0.01151895,0.01139958,0.01124156,0.01104843,0.01082257,0.01056759,0.01028596,0.009981582,0.009657489,0.00931745,0.00896416,0.008601476,0.008232459,0.007860773,0.007489026,0.007120439,0.006757621,0.006403627,0.006060449,0.005730371,0.005415103,0.005116451,0.004835458,0.004573131,0.004329956,0.00410625,0.003901724,0.003715846,0.003547823,0.003396368,0.003259894,0.003136342,0.003023689,0.002919303,0.002820602,0.002724334,0.002627702,0.002527065,0.002419356,0.002300749,0.002168371,0.00201823,0.001847393,0.001652042,0.001430349,0.001178783,0.000895317,0.0005769335,0.000223483,-0.0001670304,-0.0005942023,-0.001060003,-0.001561648,-0.002098121,-0.002664481,-0.003260555,-0.003876901,-0.004510393,-0.005141829,-0.005795679,-0.006410637,-0.006996075,-0.007557174,-0.008027445,-0.008469473,-0.008915343,-0.009220009,-0.009416363,-0.009529743,-0.009541225
-0.004897759,-0.005092773,-0.005199729,-0.00522715,-0.005171319,-0.005044357,-0.00485039,-0.004587422,-0.004266389,-0.003900349,-0.003487658,-0.003046027,-0.002579946,-0.002099006,-0.001607496,-0.001114974,-0.000624439,-0.0001438716,0.0003245075,0.000774161,0.001203825,0.001608142,0.001986717,0.002335345,0.002654419,0.002940679,0.003195191,0.003415607,0.003603684,0.003757823,0.003880259,0.003970104,0.004030126,0.004060014,0.004062897,0.004038986,0.003991785,0.003921881,0.003833024,0.003726276,0.003605624,0.003472269,0.003330263,0.003181177,0.003029321,0.002876246,0.002725875,0.002579953,0.00244272,0.002315686,0.002202472,0.002104396,0.002025028,0.001965506,0.001928662,0.001914939,0.001926811,0.001964416,0.00202935,0.002120973,0.002240208,0.002385814,0.00255783,0.002754214,0.002974263,0.003215258,0.003475508,0.003751591,0.004041195,0.004340326,0.004645875,0.004953297,0.005259033,0.005558277,0.005846963,0.006120122,0.006373578,0.006602337,0.006802032,0.006968041,0.007096478,0.007183171,0.007223976,0.007215502,0.007155077,0.007040277,0.006868279,0.006637606,0.00634714,0.005997947,0.005589532,0.005123474,0.004601187,0.004029683,0.003411041,0.002754841,0.002059169,0.00136632,0.0006369221,-9.769319e-05,-0.0008087531,-0.001539895,-0.002205676,-0.002755823,-0.003313141,-0.003828264,-0.004262107,-0.004622867
-0.0003580413,-0.0008817049,-0.001343433,-0.001735338,-0.002064663,-0.002326041,-0.002525041,-0.002674778,-0.002777519,-0.002833687,-0.002859664,-0.002852299,-0.002821562,-0.002771288,-0.002710039,-0.00263969,-0.002567854,-0.00249566,-0.002429176,-0.00236872,-0.002319166,-0.002279976,-0.002254952,-0.002242881,-0.002246633,-0.002264316,-0.002297943,-0.002345097,-0.002407134,-0.002481134,-0.002567772,-0.002663768,-0.002769338,-0.002880874,-0.002998135,-0.003117286,-0.003237784,-0.003355566,-0.003469802,-0.003576437,-0.003674479,-0.003759684,-0.003830872,-0.003883997,-0.003918044,-0.003928941,-0.003915387,-0.003873698,-0.003803189,-0.003700359,-0.003564443,-0.003392404,-0.003184202,-0.002937513,-0.002652577,-0.002327504,-0.001963405,-0.001559411,-0.001117162,-0.0006364982,-0.0001199372,0.0004316911,0.001015133,0.001628718,0.002268296,0.00293126,0.003612882,0.004309765,0.005016385,0.005728606,0.006440525,0.007147525,0.007843268,0.008522686,0.009179414,0.009808212,0.0104027,0.01095774,0.01146743,0.01192678,0.01233018,0.01267315,0.0129515,0.0131614,0.01329879,0.01336071,0.01334528,0.01325084,0.01307637,0.0128205,0.01248477,0.01207093,0.01158266,0.01102086,0.01039353,0.00970428,0.008970316,0.008167783,0.007355881,0.006524512,0.005667569,0.004850764,0.004011002,0.003121329,0.002322477,0.001582452,0.0008787974,0.0002328751
0.003986622,0.003153768,0.002374216,0.00164314,0.000965487,0.0003334789,-0.0002543445,-0.0007917804,-0.001287036,-0.001749175,-0.002173793,-0.002574107,-0.002952014,-0.003312974,-0.003658916,-0.003995491,-0.004323582,-0.004647485,-0.004967515,-0.005286731,-0.005604689,-0.005923452,-0.006241901,-0.006561144,-0.006879479,-0.007197277,-0.007512377,-0.007824459,-0.008130908,-0.008430898,-0.008721575,-0.009001648,-0.009267989,-0.009518995,-0.009751441,-0.009963471,-0.01015176,-0.01031436,-0.01044798,-0.01055048,-0.01061864,-0.01065047,-0.01064298,-0.01059414,-0.01050099,-0.01036185,-0.01017448,-0.009937308,-0.009648122,-0.009305925,-0.008909447,-0.008458212,-0.007951334,-0.007388853,-0.006770935,-0.006098615,-0.005372718,-0.004594875,-0.003767057,-0.002891916,-0.001972313,-0.001011702,-1.400288e-05,0.001016396,0.002074742,0.003155902,0.004254107,0.005363528,0.00647783,0.007590708,0.008695155,0.009784481,0.01085143,0.01188931,0.01289065,0.01384888,0.01475678,0.01560813,0.01639591,0.01711469,0.01775836,0.01832236,0.01880075,0.0191902,0.01948666,0.01968814,0.01979084,0.01979411,0.01969621,0.01949928,0.01920244,0.01880853,0.0183187,0.01774113,0.01707747,0.01633817,0.01552076,0.0146676,0.01373816,0.01276505,0.01177469,0.010725,0.009699761,0.008746039,0.007743849,0.006745377,0.005787388,0.004863571
0.007846685,0.006730184,0.005644249,0.004598783,0.003587854,0.002619693,0.001690678,0.00079137,-7.786071e-05,-0.0009140566,-0.001730744,-0.002520901,-0.003291809,-0.004043422,-0.004781683,-0.005504716,-0.006217681,-0.006918119,-0.00760983,-0.008289716,-0.008960562,-0.009618578,-0.01026567,-0.01089757,-0.01151546,-0.01211459,-0.0126955,-0.01325317,-0.01378772,-0.01429386,-0.01477131,-0.01521467,-0.01562348,-0.0159923,-0.01632049,-0.01660269,-0.01683826,-0.0170219,-0.01715303,-0.01722666,-0.01724238,-0.01719537,-0.01708536,-0.01690809,-0.01666381,-0.0163486,-0.01596282,-0.01550331,-0.01497142,-0.01436455,-0.01368435,-0.01292908,-0.0121015,-0.01120091,-0.01023071,-0.009190987,-0.008086323,-0.006918121,-0.005691762,-0.004409606,-0.00307812,-0.001700826,-0.0002850714,0.001164682,0.002640136,0.004135891,0.005643099,0.007155644,0.008664008,0.01016152,0.01163848,0.01308801,0.01450027,0.01586826,0.0171825,0.01843624,0.01962042,0.02072887,0.02175348,0.02268874,0.02352735,0.02426481,0.02489578,0.02541686,0.02582333,0.02611318,0.0262843,0.02633637,0.02626847,0.02608097,0.02577579,0.02535656,0.02482733,0.02419096,0.02345568,0.02262674,0.02172096,0.02071607,0.01967073,0.01857436,0.01742098,0.01627535,0.01507351,0.01379272,0.01256899,0.01136893,0.0101714,0.008998197
0.01108557,0.009679546,0.008299356,0.006941769,0.005612778,0.004306584,0.003023597,0.001772418,0.0005469701,-0.0006580055,-0.001835773,-0.002995888,-0.004137424,-0.005262155,-0.006369242,-0.007460703,-0.008534729,-0.009592124,-0.01063065,-0.01165004,-0.01264745,-0.01362179,-0.01456974,-0.01548946,-0.01637726,-0.0172308,-0.01804614,-0.01882053,-0.01954984,-0.02023108,-0.02086015,-0.02143391,-0.02194829,-0.02240012,-0.02278558,-0.02310158,-0.02334451,-0.02351155,-0.02359947,-0.02360561,-0.0235272,-0.02336212,-0.02310821,-0.02276368,-0.02232684,-0.02179668,-0.02117259,-0.02045413,-0.01964115,-0.01873418,-0.01773443,-0.01664337,-0.01546299,-0.01419565,-0.01284476,-0.01141402,-0.00990779,-0.008330664,-0.006688412,-0.004986845,-0.003232801,-0.001433029,0.0004044983,0.002272066,0.004160876,0.006062528,0.007967333,0.009866365,0.01174959,0.01360785,0.01543077,0.01720916,0.01893282,0.02059297,0.02217965,0.02368477,0.02509914,0.02641555,0.02762561,0.0287235,0.02970229,0.03055757,0.03128321,0.03187659,0.03233397,0.03265455,0.03283533,0.03287732,0.03277995,0.03254732,0.03217995,0.03168283,0.03105867,0.03031757,0.02946256,0.02850567,0.02744558,0.02632529,0.02510439,0.02381724,0.02248871,0.021078,0.01966795,0.01830118,0.01686007,0.01539854,0.01394997,0.01250841
0.01344948,0.0117607,0.01008032,0.008418719,0.006771108,0.005146868,0.00354371,0.001954875,0.0003828145,-0.001166456,-0.002703834,-0.00421902,-0.005716497,-0.007192668,-0.008650536,-0.0100847,-0.01149745,-0.01288291,-0.01424214,-0.01556878,-0.01686305,-0.01811809,-0.01933348,-0.02050208,-0.02162298,-0.02268885,-0.0236984,-0.0246443,-0.02552515,-0.02633366,-0.02706834,-0.02772213,-0.0282937,-0.02877629,-0.02916876,-0.02946477,-0.02966357,-0.02975929,-0.02975158,-0.0296353,-0.02941072,-0.02907324,-0.02862372,-0.02805855,-0.02737956,-0.02658394,-0.02567404,-0.02464828,-0.02351045,-0.02225996,-0.02090135,-0.0194353,-0.01786781,-0.01620101,-0.0144419,-0.01259368,-0.01066485,-0.008660132,-0.006589029,-0.0044574,-0.00227593,-5.16911e-05,0.002203749,0.004482429,0.006771934,0.009063531,0.01134447,0.01360558,0.01583376,0.01801966,0.02015042,0.02221692,0.02420668,0.02611103,0.02791838,0.02962092,0.0312081,0.03267332,0.03400765,0.03520575,0.03626013,0.03716712,0.03792174,0.03852202,0.03896416,0.03924808,0.03937303,0.03934108,0.03915302,0.03881191,0.0383216,0.03768848,0.03691852,0.03601728,0.03499452,0.03385789,0.03262497,0.03127562,0.029869,0.02839395,0.02684558,0.02528775,0.02365538,0.0219297,0.02024213,0.01855621,0.01685219,0.01515092
0.01482483,0.01283898,0.01086169,0.008890521,0.006931772,0.004981289,0.003040836,0.001121099,-0.000782193,-0.002671148,-0.004536587,-0.006384756,-0.008211757,-0.01001591,-0.01179338,-0.01354272,-0.01525917,-0.01694017,-0.01858069,-0.02017726,-0.02172444,-0.0232182,-0.02465285,-0.02602388,-0.02732552,-0.02855305,-0.0297008,-0.03076394,-0.03173695,-0.03261514,-0.03339338,-0.03406718,-0.03463182,-0.03508323,-0.03541727,-0.03563036,-0.03571903,-0.03568035,-0.03551166,-0.03521065,-0.03477556,-0.03420506,-0.03349844,-0.03265519,-0.03167554,-0.03056019,-0.02931094,-0.02792951,-0.02641859,-0.02478132,-0.02302216,-0.02114558,-0.01915717,-0.01706265,-0.01486933,-0.01258451,-0.01021669,-0.007774237,-0.005267154,-0.002705112,-9.919391e-05,0.002540032,0.005200452,0.007870693,0.01053804,0.0131907,0.01581541,0.01840023,0.02093199,0.02339901,0.02578828,0.02808868,0.03028795,0.03237602,0.03434156,0.03617581,0.0378689,0.03941365,0.04080169,0.04202785,0.0430859,0.04397273,0.04468348,0.04521741,0.04557259,0.04575054,0.04575054,0.04557632,0.0452299,0.04471827,0.04404467,0.04321702,0.04224072,0.0411285,0.03988568,0.03852634,0.03705114,0.03550399,0.03384504,0.03211091,0.03032482,0.02844717,0.02656025,0.0247016,0.02275578,0.02077835,0.01879884,0.01681089
0.01500034,0.01272354,0.01044365,0.008171337,0.005902203,0.003647375,0.001405569,-0.0008276476,-0.003047355,-0.005245355,-0.007429508,-0.009586385,-0.01171755,-0.01381604,-0.01588173,-0.01790589,-0.01988779,-0.0218183,-0.02369569,-0.02551056,-0.0272606,-0.0289362,-0.03053469,-0.03204651,-0.03346886,-0.03479234,-0.03601415,-0.03712524,-0.03812312,-0.03899919,-0.03975127,-0.04037142,-0.04085803,-0.0412039,-0.04140804,-0.04146411,-0.04137196,-0.04112616,-0.04072745,-0.04017158,-0.03946033,-0.03859049,-0.03756492,-0.03638186,-0.03504556,-0.03355554,-0.03191706,-0.03013127,-0.02820529,-0.02614166,-0.02394862,-0.02163032,-0.01919679,-0.01665385,-0.01401278,-0.01128067,-0.008470381,-0.005590618,-0.00265527,0.0003258843,0.003337862,0.006369842,0.009406179,0.01243544,0.01544149,0.01841251,0.02133248,0.02418966,0.02696821,0.02965679,0.03224043,0.0347087,0.03704768,0.03924806,0.04129755,0.04318842,0.04491014,0.04645691,0.04782047,0.04899699,0.04998026,0.05076877,0.05135937,0.05175271,0.05194735,0.05194632,0.05175157,0.05136848,0.05080077,0.05005503,0.04913807,0.04805967,0.04682838,0.04545298,0.0439454,0.04231587,0.040583,0.03872885,0.0368135,0.03482483,0.03275939,0.03067942,0.02851898,0.02626313,0.02403878,0.02180578,0.01954572,0.01727846
0.01391886,0.01134595,0.008775544,0.006206018,0.003644138,0.001087345,-0.001460845,-0.003987984,-0.006496193,-0.008984502,-0.01144122,-0.01386933,-0.01626182,-0.0186137,-0.02091812,-0.02317034,-0.02536269,-0.02748953,-0.02954315,-0.0315173,-0.03340418,-0.03519732,-0.03688905,-0.03847281,-0.03994124,-0.04128801,-0.04250628,-0.04359005,-0.04453307,-0.04532994,-0.04597526,-0.04646427,-0.04679244,-0.04695591,-0.04695121,-0.0467754,-0.04642614,-0.04590166,-0.04520086,-0.04432307,-0.04326854,-0.04203804,-0.04063336,-0.03905652,-0.03731069,-0.03539954,-0.03332821,-0.03110175,-0.02872657,-0.02620952,-0.02355904,-0.02078354,-0.01789284,-0.01489678,-0.01180699,-0.008634976,-0.005393553,-0.002095243,0.001245725,0.004615713,0.007999651,0.01138329,0.01475088,0.01808778,0.02137811,0.02460733,0.02775957,0.03082075,0.03377575,0.03661142,0.0393135,0.0418701,0.0442685,0.04649858,0.04854928,0.05041255,0.05207951,0.05354439,0.05480045,0.0558446,0.05667282,0.0572846,0.05767782,0.05785479,0.05781673,0.05756851,0.05711282,0.05645693,0.0556064,0.05457168,0.05335948,0.05198096,0.05044468,0.04876605,0.046953,0.04502147,0.04297422,0.04085566,0.03862651,0.03632549,0.03397379,0.03153262,0.02908392,0.02665947,0.0241461,0.0216013,0.01905028,0.01648648
0.0114658,0.008618562,0.005768591,0.002926942,9.035319e-05,-0.002729002,-0.005530655,-0.008316503,-0.01107907,-0.01380769,-0.01650722,-0.01916113,-0.02176812,-0.02431796,-0.02680761,-0.02922519,-0.03156729,-0.03382193,-0.03598498,-0.0380446,-0.03999646,-0.04182891,-0.04353774,-0.04511182,-0.04654724,-0.04783349,-0.04896719,-0.04993867,-0.05074533,-0.05137841,-0.05183614,-0.05211091,-0.052202,-0.05210301,-0.05181432,-0.05133086,-0.05065434,-0.04978104,-0.04871401,-0.04745118,-0.04599707,-0.04435109,-0.04251927,-0.04050286,-0.03830969,-0.03594263,-0.03341087,-0.03071924,-0.02787906,-0.02489675,-0.02178498,-0.01855195,-0.01521219,-0.01177565,-0.008258077,-0.004670624,-0.001030515,0.002649683,0.006351969,0.010063,0.01376405,0.01744118,0.02107546,0.02465287,0.02815458,0.03156685,0.0348716,0.03805583,0.04110239,0.04399944,0.04673147,0.04928827,0.05165613,0.05382679,0.05578887,0.05753641,0.05906048,0.0603577,0.06142202,0.06225257,0.06284589,0.06320387,0.06332652,0.06321824,0.06288099,0.06232181,0.06154613,0.0605634,0.05938073,0.05800869,0.05645719,0.05473964,0.05286718,0.05085165,0.04870681,0.04644526,0.04408624,0.04161372,0.03908812,0.03649562,0.03383434,0.03116469,0.02841901,0.02558665,0.02278944,0.01998336,0.01715212,0.01431418
0.007705358,0.004601747,0.001506644,-0.001580354,-0.004651597,-0.007708068,-0.01074408,-0.01374485,-0.01671048,-0.01963671,-0.0225093,-0.02532814,-0.02808327,-0.03076671,-0.03336892,-0.03588234,-0.0382969,-0.04060455,-0.04279559,-0.04486177,-0.04679377,-0.04858365,-0.05022272,-0.05170348,-0.05301804,-0.05415965,-0.0551215,-0.05589769,-0.05648248,-0.05687107,-0.05705909,-0.05704292,-0.05681951,-0.05638657,-0.05574261,-0.05488675,-0.05381904,-0.05254017,-0.0510519,-0.04935642,-0.04745723,-0.04535836,-0.04306515,-0.04058323,-0.03791967,-0.03508203,-0.03207955,-0.02892139,-0.02561825,-0.02218121,-0.01862307,-0.01495648,-0.01119562,-0.007354478,-0.003448892,0.0005057009,0.004492549,0.008495495,0.01249677,0.01647955,0.02042573,0.02431841,0.02813941,0.03187208,0.0354988,0.03900372,0.04236997,0.04558294,0.04862726,0.05149002,0.05415751,0.05661884,0.0588626,0.06088039,0.06266318,0.06420532,0.06550053,0.06654599,0.06733815,0.06787727,0.06816291,0.06819823,0.067985,0.06752947,0.0668368,0.06591579,0.06477311,0.06341988,0.06186545,0.0601237,0.05820471,0.05612267,0.05388904,0.05152131,0.0490295,0.04643077,0.04372946,0.04096976,0.03811224,0.03519738,0.03224349,0.02921291,0.02618644,0.02318975,0.02011233,0.01701383,0.01391516,0.01080956
0.002681008,-0.0006317099,-0.003934981,-0.007216989,-0.01047933,-0.01370804,-0.01690089,-0.02005711,-0.0231664,-0.02621592,-0.0292074,-0.03212169,-0.0349549,-0.03769421,-0.04033405,-0.04286034,-0.04526758,-0.04754204,-0.04967801,-0.05166238,-0.05348982,-0.05514797,-0.05663218,-0.05793113,-0.05904106,-0.05995183,-0.06066073,-0.06115898,-0.06144517,-0.06151197,-0.06135925,-0.0609813,-0.06037953,-0.05954985,-0.05849521,-0.05721329,-0.05570872,-0.05398091,-0.05203621,-0.04987602,-0.04750847,-0.04493673,-0.04217072,-0.03921569,-0.03608356,-0.03278135,-0.02932251,-0.02571611,-0.02197774,-0.01811806,-0.01415398,-0.01009782,-0.005968192,-0.001778902,0.002450511,0.006705348,0.01096499,0.01521382,0.01943093,0.0236005,0.02770151,0.03171817,0.03562998,0.03942182,0.043074,0.04657244,0.04989902,0.05304118,0.0559825,0.05871236,0.06121673,0.0634874,0.06551281,0.06728738,0.06880253,0.07005551,0.0710407,0.0717584,0.07220622,0.0723873,0.0723021,0.07195675,0.07135525,0.07050626,0.06941575,0.06809493,0.066553,0.06480328,0.06285625,0.06072599,0.05842525,0.05597028,0.05337422,0.05065116,0.04781597,0.04488265,0.04187021,0.0387638,0.03562349,0.03243288,0.02919157,0.02595717,0.02266065,0.01929558,0.01597866,0.01266183,0.009331818,0.006005975
-0.003376726,-0.00685325,-0.01030403,-0.01372796,-0.01711558,-0.02046571,-0.02377046,-0.02701325,-0.03019186,-0.03329891,-0.03631816,-0.03924704,-0.04207307,-0.04478621,-0.04737497,-0.0498302,-0.0521403,-0.05429616,-0.05628708,-0.05810441,-0.05973843,-0.06118135,-0.06242464,-0.06346153,-0.06428491,-0.0648893,-0.06526913,-0.06542028,-0.0653388,-0.06502216,-0.06446816,-0.06367586,-0.06264483,-0.06137586,-0.05987041,-0.05813102,-0.05616099,-0.05396476,-0.05154763,-0.04891575,-0.04607638,-0.04303772,-0.03980905,-0.03640029,-0.0328225,-0.02908762,-0.02520887,-0.02119974,-0.01707486,-0.01284949,-0.008540132,-0.004163403,0.000263149,0.004721918,0.009194104,0.01366115,0.01810386,0.02250352,0.02684055,0.03109622,0.03525131,0.03928775,0.04318702,0.04693209,0.05050577,0.0538926,0.05707695,0.06004539,0.06278455,0.0652834,0.06753097,0.06951895,0.07123926,0.07268664,0.07385591,0.07474497,0.07535182,0.07567745,0.07572278,0.0754921,0.07498954,0.07422231,0.0731967,0.07192284,0.07041027,0.06867135,0.06671676,0.06456073,0.06221614,0.05969936,0.05702341,0.05420417,0.05125533,0.04819517,0.04503516,0.04179222,0.03847168,0.03511602,0.03168559,0.02822182,0.02473949,0.02120132,0.01768782,0.01421762,0.01068398,0.007148535,0.003628168,0.000117121
-0.01025029,-0.01381966,-0.01735674,-0.02084881,-0.02429517,-0.02768032,-0.03099993,-0.03425106,-0.03742074,-0.04049454,-0.04347175,-0.04633147,-0.04906806,-0.05166721,-0.05412193,-0.05641733,-0.05854705,-0.06049704,-0.06226141,-0.06382738,-0.06519004,-0.06633792,-0.06726736,-0.06796852,-0.06843916,-0.06867111,-0.06866365,-0.06841046,-0.06791256,-0.06716543,-0.0661718,-0.06492911,-0.06344192,-0.06170963,-0.05973861,-0.05753023,-0.0550928,-0.05242964,-0.04955094,-0.04646213,-0.0431753,-0.03969774,-0.03604338,-0.03222159,-0.02824827,-0.02413447,-0.01989751,-0.01555033,-0.01111218,-0.006597308,-0.002025942,0.002586362,0.007218105,0.01185275,0.01646839,0.02104817,0.02556972,0.03001595,0.03436492,0.03860002,0.04269996,0.04664899,0.05042712,0.05402004,0.05740934,0.06058258,0.06352365,0.06622234,0.06866497,0.07084394,0.07274856,0.07437422,0.07571322,0.07676399,0.07752214,0.07798924,0.07816409,0.07805141,0.07765328,0.07697731,0.07602832,0.07481682,0.07335091,0.07164327,0.06970362,0.06754682,0.06518524,0.06263523,0.05990981,0.0570255,0.05399687,0.05084176,0.04757416,0.04420915,0.04076157,0.03724567,0.03367919,0.03004763,0.02640988,0.02274626,0.01905795,0.0153989,0.01169913,0.007956871,0.004283059,0.0006262641,-0.003022733,-0.006647526
-0.01756364,-0.02116024,-0.02470446,-0.02819326,-0.0316161,-0.03496984,-0.03824439,-0.04142158,-0.04449768,-0.04746322,-0.05030073,-0.05300611,-0.05556571,-0.05796873,-0.06020322,-0.06225971,-0.06412676,-0.06579563,-0.0672564,-0.06850135,-0.06952209,-0.0703124,-0.07086559,-0.07117695,-0.07124168,-0.0710568,-0.07061944,-0.06992841,-0.06898277,-0.06778319,-0.06633083,-0.0646282,-0.06267842,-0.06048594,-0.05805595,-0.05539477,-0.05250959,-0.04940872,-0.04610134,-0.04259757,-0.03890856,-0.03504642,-0.03102422,-0.02685569,-0.02255558,-0.0181394,-0.01362382,-0.009025647,-0.004362582,0.0003471561,0.00508442,0.009830161,0.01456472,0.01926861,0.02392155,0.02850376,0.03299529,0.0373769,0.04162898,0.04573307,0.04967074,0.05342495,0.05697875,0.06031691,0.06342456,0.06628879,0.06889696,0.07123883,0.07330464,0.07508711,0.07657938,0.07777731,0.07867731,0.07927852,0.07958046,0.07958552,0.07929642,0.07871864,0.07785773,0.07672227,0.0753208,0.07366443,0.0717635,0.06963166,0.06728186,0.06472931,0.06198758,0.0590731,0.05600091,0.05278873,0.04945095,0.04600409,0.04246255,0.03884415,0.03516041,0.031427,0.02764925,0.02386706,0.0200399,0.01620981,0.01238735,0.008536581,0.00473646,0.0009991033,-0.002777395,-0.006528933,-0.010243,-0.01392392
-0.02498536,-0.02852643,-0.03200513,-0.03540768,-0.03873223,-0.04196172,-0.04509047,-0.04811358,-0.0510166,-0.05378503,-0.05641627,-0.05888916,-0.06119778,-0.06332789,-0.06527262,-0.06701773,-0.06855767,-0.06987973,-0.07097942,-0.07184573,-0.07247572,-0.07286023,-0.07299804,-0.07288198,-0.07251261,-0.07188479,-0.07100096,-0.06985806,-0.06846049,-0.06680721,-0.06490453,-0.06275349,-0.06036237,-0.05773423,-0.05487921,-0.05180243,-0.04851598,-0.04502685,-0.04134901,-0.0374915,-0.03347006,-0.02929543,-0.02498504,-0.02055148,-0.01601388,-0.01138621,-0.006688695,-0.001936826,0.002847727,0.007648651,0.0124438,0.01721613,0.02194285,0.02660659,0.03118483,0.03566059,0.04001161,0.04422143,0.04826899,0.05213912,0.05581215,0.05927454,0.06250865,0.06550311,0.06824254,0.07071808,0.07291722,0.07483387,0.07645843,0.07778789,0.07881598,0.07954289,0.07996551,0.08008721,0.07990821,0.07943492,0.07867055,0.07762456,0.07630318,0.07471833,0.07287861,0.07079835,0.06848884,0.06596604,0.06324212,0.06033455,0.05725742,0.05402895,0.05066311,0.04717755,0.04358693,0.0399095,0.03615849,0.03234883,0.0284938,0.02460716,0.02070416,0.01677046,0.01286256,0.008957504,0.005058073,0.001214484,-0.002644162,-0.006514329,-0.01029106,-0.014028,-0.01773037,-0.02138266
-0.03208897,-0.03550451,-0.03883705,-0.04208192,-0.04522761,-0.04826958,-0.05119667,-0.05399016,-0.05664592,-0.0591534,-0.06149551,-0.06366813,-0.06565792,-0.06745492,-0.06904823,-0.07042976,-0.07158969,-0.07252126,-0.07321663,-0.07367054,-0.07387716,-0.07383305,-0.07353443,-0.07297973,-0.07216726,-0.07109743,-0.0697707,-0.0681894,-0.06635602,-0.06427489,-0.06195063,-0.05938946,-0.05659796,-0.05358428,-0.05035702,-0.04692616,-0.04330221,-0.039497,-0.03552291,-0.03139342,-0.02712265,-0.02272582,-0.01821873,-0.0136179,-0.008940437,-0.004204306,0.0005719322,0.00536952,0.01016934,0.01495177,0.01969688,0.02438486,0.02899592,0.03351048,0.03790884,0.0421719,0.04628102,0.05021835,0.05396638,0.05750879,0.06082998,0.06391574,0.06675261,0.0693288,0.07163355,0.07365786,0.07539366,0.07683508,0.07797726,0.07881751,0.07935406,0.07958744,0.07951915,0.0791529,0.07849311,0.07754654,0.07632051,0.07482447,0.07306819,0.0710637,0.06882317,0.06636049,0.06368902,0.06082446,0.05778202,0.05457813,0.05122792,0.04774827,0.04415503,0.04046551,0.03669416,0.03285641,0.0289662,0.02503943,0.02108678,0.01712151,0.01314846,0.009203911,0.005246783,0.001319131,-0.002572832,-0.006463303,-0.01027476,-0.01400163,-0.0177395,-0.02142256,-0.0250421,-0.0286003
-0.03854859,-0.04176281,-0.04488394,-0.04789824,-0.0508015,-0.0535771,-0.05621871,-0.05872129,-0.06106985,-0.06325061,-0.06526128,-0.06708205,-0.06870797,-0.07012644,-0.07133208,-0.07231303,-0.07306574,-0.07358019,-0.07385433,-0.07388031,-0.07365791,-0.07318135,-0.0724523,-0.07146719,-0.07022969,-0.0687383,-0.06699861,-0.06501126,-0.06278386,-0.06031903,-0.0576262,-0.05471005,-0.05158189,-0.04824828,-0.04472233,-0.04101247,-0.03713356,-0.03309577,-0.02891558,-0.02460492,-0.02018182,-0.01565956,-0.01105752,-0.006390454,-0.001679,0.00306115,0.007808753,0.01254714,0.0172542,0.02191308,0.0265018,0.03100345,0.03539608,0.03966318,0.04378378,0.04774245,0.05151921,0.05509991,0.05846646,0.06160667,0.0645045,0.06714999,0.06952969,0.07163631,0.07345911,0.07499368,0.07623249,0.07717415,0.0778142,0.07815442,0.07819363,0.07793676,0.07738559,0.07654794,0.07542858,0.07403801,0.07238358,0.07047828,0.06833185,0.06595916,0.06337163,0.06058585,0.05761506,0.05447665,0.05118407,0.04775548,0.04420536,0.04055183,0.03680849,0.03299233,0.02911692,0.02519913,0.02125044,0.01728427,0.01331175,0.009345043,0.005396521,0.001451627,-0.002435868,-0.006292235,-0.01011259,-0.01385128,-0.01757815,-0.02128468,-0.02487306,-0.02839836,-0.03186001,-0.03524383
-0.04401504,-0.04697251,-0.04981897,-0.05254893,-0.05515036,-0.0576187,-0.05994263,-0.06210449,-0.06410085,-0.06592134,-0.06755104,-0.06898706,-0.07021777,-0.07123537,-0.07203135,-0.07260019,-0.07293479,-0.0730313,-0.07288482,-0.07249331,-0.07185406,-0.07096695,-0.06983137,-0.06844916,-0.06682184,-0.06495323,-0.06284689,-0.06050852,-0.05794367,-0.05515992,-0.05216479,-0.04896759,-0.04557766,-0.04200609,-0.038264,-0.03436411,-0.03031921,-0.02614361,-0.02185168,-0.01745905,-0.0129815,-0.008436044,-0.003839686,0.0007896556,0.005434142,0.01007493,0.01469329,0.01927016,0.02378685,0.02822405,0.03256295,0.03678472,0.04087136,0.04480493,0.04856823,0.05214451,0.05551828,0.0586747,0.06160005,0.06428161,0.0667081,0.06886938,0.07075678,0.07236294,0.07368217,0.07471011,0.07544398,0.0758826,0.07602637,0.07587722,0.07543842,0.07471486,0.07371274,0.07243969,0.07090436,0.0691169,0.06708831,0.06483077,0.06235702,0.05968107,0.05681732,0.0537808,0.05058632,0.0472499,0.04378739,0.04021476,0.03654708,0.03280003,0.02898874,0.02512857,0.02123276,0.01731433,0.01338573,0.009459928,0.005546165,0.001654595,-0.002210614,-0.006017418,-0.009806832,-0.01353727,-0.01720665,-0.02084672,-0.02438183,-0.02781242,-0.03122681,-0.0345584,-0.03780165,-0.04095654
-0.04828686,-0.05093585,-0.05346655,-0.05586581,-0.0581297,-0.06024217,-0.06219749,-0.06399132,-0.06560958,-0.06704134,-0.06828486,-0.0693231,-0.07015331,-0.07076567,-0.07115725,-0.07131931,-0.07125106,-0.07094581,-0.07040445,-0.06962246,-0.0686026,-0.06734245,-0.06584672,-0.06411506,-0.06215407,-0.05996539,-0.05755745,-0.05493387,-0.05210488,-0.04907591,-0.04585886,-0.042461,-0.03889589,-0.03517243,-0.03130574,-0.02730634,-0.02319079,-0.01897104,-0.01466496,-0.01028587,-0.005852806,-0.001380034,0.003112511,0.00760957,0.01209045,0.01653954,0.02093606,0.02526402,0.02950245,0.03363578,0.03764381,0.04151155,0.04521948,0.04875372,0.05209632,0.0552351,0.05815371,0.06084184,0.06328554,0.06547692,0.06740451,0.06906301,0.0704438,0.07154447,0.07235925,0.07288872,0.07313028,0.07308743,0.07276046,0.07215577,0.07127658,0.07013198,0.06872766,0.06707512,0.0651824,0.06306303,0.06072694,0.05818944,0.05546206,0.0525612,0.04949924,0.04629347,0.04295728,0.03950797,0.03595837,0.03232591,0.02862369,0.02486844,0.02107178,0.01724891,0.01341088,0.009572469,0.005742309,0.001931878,-0.00185069,-0.005594844,-0.009291583,-0.01295522,-0.01653554,-0.02006111,-0.02352501,-0.02688614,-0.03021277,-0.03349132,-0.03663128,-0.03968758,-0.04265574,-0.0455231
-0.05118692,-0.05349981,-0.05568229,-0.05772851,-0.05962868,-0.06137794,-0.06296638,-0.06437802,-0.06561142,-0.06665813,-0.06750557,-0.06815303,-0.06859162,-0.06881646,-0.06882197,-0.06860555,-0.06816319,-0.0674941,-0.06659652,-0.06547132,-0.06411882,-0.06254182,-0.06074263,-0.05872581,-0.0564956,-0.0540584,-0.05142032,-0.04858943,-0.04557355,-0.04238244,-0.03902566,-0.03551447,-0.03185998,-0.02807494,-0.024172,-0.02016521,-0.01606856,-0.01189738,-0.007666834,-0.003393199,0.0009073702,0.005217666,0.009520783,0.01379912,0.01803545,0.0222118,0.02631067,0.03031448,0.03420631,0.03796896,0.04158606,0.04504146,0.04832022,0.05140764,0.05429016,0.05695484,0.05939032,0.06158599,0.0635327,0.06522229,0.06664833,0.06780545,0.06868991,0.06929923,0.06963263,0.06969053,0.0694749,0.06898905,0.0682378,0.06722712,0.06596425,0.06445754,0.06271654,0.06075171,0.05857441,0.05619685,0.05363196,0.05089319,0.04799447,0.04495022,0.04177515,0.03848392,0.03509095,0.03161116,0.02805927,0.02444944,0.02079511,0.01710963,0.01340601,0.009696781,0.005992859,0.002304292,-0.001358739,-0.004986446,-0.008571525,-0.01210687,-0.01558918,-0.01899062,-0.02235156,-0.02563108,-0.02883101,-0.03197991,-0.03500524,-0.03791244,-0.04078099,-0.04354475,-0.04620273,-0.04875255
-0.05269852,-0.05465627,-0.05648182,-0.05816363,-0.05969814,-0.06107138,-0.06227906,-0.06331842,-0.06417739,-0.06484807,-0.06533036,-0.0656106,-0.06568855,-0.06555749,-0.06521708,-0.06466183,-0.06389356,-0.06290871,-0.06171071,-0.06029804,-0.05867588,-0.05684458,-0.05481108,-0.05257763,-0.05015282,-0.04754066,-0.04475134,-0.0417906,-0.03867021,-0.03539745,-0.03198552,-0.02844325,-0.02478523,-0.02102165,-0.01716836,-0.0132368,-0.009243951,-0.005202303,-0.00112976,0.002960231,0.007049065,0.01112279,0.01516238,0.01915344,0.02307672,0.02691801,0.03065856,0.03428435,0.03777701,0.04112357,0.04430692,0.04731524,0.05013268,0.05274899,0.05515038,0.05732874,0.05927227,0.06097506,0.06242797,0.06362771,0.06456772,0.0652474,0.06566299,0.06581669,0.06570743,0.06534015,0.0647166,0.06384426,0.06272727,0.06137548,0.05979533,0.05799872,0.05599391,0.05379445,0.05141022,0.04885606,0.04614292,0.04328662,0.04029886,0.03719578,0.03398915,0.0306953,0.02732626,0.02389771,0.02042058,0.01691017,0.01337706,0.009835478,0.006294198,0.002765738,-0.0007418526,-0.00421657,-0.007652795,-0.01104133,-0.01437698,-0.01765094,-0.02085736,-0.02401,-0.0270625,-0.0300449,-0.03294821,-0.03573612,-0.03847402,-0.04114408,-0.04366421,-0.04608813,-0.04840768,-0.0506124
-0.05283703,-0.05444307,-0.05591225,-0.05723955,-0.05841581,-0.05943839,-0.06029903,-0.06098466,-0.06149602,-0.06182598,-0.06196601,-0.06191738,-0.06167397,-0.06123356,-0.06059347,-0.05975367,-0.05871287,-0.05747271,-0.0560339,-0.05439968,-0.05257259,-0.05055755,-0.04835879,-0.04598285,-0.04343566,-0.04072529,-0.0378593,-0.03484719,-0.03169798,-0.02842262,-0.02503157,-0.02153701,-0.01795068,-0.01428595,-0.01055574,-0.006774416,-0.002955861,0.0008846603,0.004732508,0.008571886,0.01238762,0.01616346,0.01988401,0.0235331,0.02709554,0.03055535,0.03389761,0.03710727,0.04017052,0.04307318,0.04580252,0.0483459,0.05069244,0.05283135,0.05475352,0.05645024,0.05791486,0.05914118,0.06012488,0.06086228,0.06135175,0.06159228,0.06158483,0.06133101,0.06083442,0.06009917,0.05913118,0.05793694,0.0565246,0.05490266,0.05308104,0.05106991,0.04888078,0.04652515,0.04401559,0.04136457,0.03858545,0.03569112,0.03269518,0.02961076,0.02645154,0.02323022,0.01995963,0.01665217,0.01332046,0.009975653,0.006628825,0.003290012,-3.034925e-05,-0.003323227,-0.006580194,-0.00979458,-0.01295841,-0.01606525,-0.01910944,-0.02208693,-0.02499486,-0.02780978,-0.03057027,-0.03323701,-0.03581483,-0.03832874,-0.04070986,-0.04296806,-0.04517476,-0.04726599,-0.04924283,-0.05110179
-0.0517517,-0.05301738,-0.0541501,-0.05514067,-0.05598582,-0.05667453,-0.05720419,-0.05757414,-0.05777436,-0.05779995,-0.05765257,-0.05732191,-0.05680979,-0.05611224,-0.05523097,-0.05416324,-0.0529127,-0.05147827,-0.04986503,-0.0480737,-0.04611091,-0.04397897,-0.04168603,-0.03923606,-0.03663863,-0.0338992,-0.03102871,-0.02803409,-0.02492761,-0.02171748,-0.01841715,-0.01503608,-0.01158882,-0.008085873,-0.004542705,-0.0009707265,0.002613827,0.006198919,0.009767795,0.0133079,0.01680225,0.02023825,0.02359897,0.02687189,0.03004037,0.03309258,0.03601284,0.03879001,0.0414093,0.04386104,0.04613209,0.04821433,0.05009624,0.0517716,0.05323115,0.05447101,0.05548403,0.05626861,0.05682025,0.05713985,0.05722534,0.0570801,0.05670457,0.05610455,0.05528274,0.05424722,0.0530029,0.0515598,0.04992458,0.04810893,0.0461211,0.04397409,0.04167721,0.03924439,0.03668577,0.03401583,0.03124503,0.02838808,0.02545549,0.02246166,0.01941658,0.0163343,0.01322449,0.01010017,0.006969586,0.003845043,0.0007341448,-0.002352025,-0.005407734,-0.008423459,-0.01139418,-0.01431071,-0.01717025,-0.0199658,-0.02269477,-0.02534991,-0.0279281,-0.03044216,-0.0328499,-0.03518179,-0.03742713,-0.03955437,-0.04162498,-0.04361822,-0.04546116,-0.04720548,-0.04883992,-0.05035672
-0.0495973,-0.0505503,-0.05137232,-0.0520592,-0.05260458,-0.05300668,-0.05325942,-0.05335225,-0.05328794,-0.05306154,-0.05266712,-0.05210767,-0.05137946,-0.05048239,-0.04941585,-0.04818162,-0.04678032,-0.04521522,-0.04348864,-0.0416052,-0.03956884,-0.03738562,-0.03506095,-0.03260226,-0.0300164,-0.02731215,-0.02449772,-0.02158308,-0.01857766,-0.01549262,-0.01233855,-0.009127563,-0.005871217,-0.002582511,0.0007261857,0.00404123,0.00734968,0.01063741,0.01389112,0.01709661,0.02024049,0.02330857,0.02628771,0.02916426,0.03192577,0.03455921,0.03705288,0.03939506,0.04157555,0.04358388,0.04541125,0.04704902,0.04849046,0.04972898,0.05075975,0.0515783,0.05218228,0.05256963,0.0527402,0.05269424,0.05243402,0.05196213,0.05128299,0.05040135,0.04932378,0.04805693,0.04660908,0.04498857,0.04320524,0.04126872,0.0391899,0.03697935,0.03464882,0.0322095,0.02967346,0.02705215,0.02435775,0.02160149,0.01879523,0.01594985,0.01307679,0.01018606,0.007287945,0.004391787,0.00150736,-0.001357412,-0.004194348,-0.006996689,-0.009756856,-0.01246906,-0.01512744,-0.01772824,-0.02026568,-0.02273609,-0.02513532,-0.02746177,-0.02971295,-0.03186935,-0.03396714,-0.03596895,-0.0378821,-0.03972808,-0.04144281,-0.04303951,-0.04458069,-0.0460062,-0.04732048,-0.0485189
-0.04661351,-0.04728537,-0.04783459,-0.04825413,-0.04854276,-0.04869115,-0.04869844,-0.04856527,-0.04828381,-0.04785219,-0.04727249,-0.04653731,-0.04564987,-0.04460827,-0.04341539,-0.04207039,-0.04057791,-0.03893853,-0.03715814,-0.0352388,-0.03318776,-0.03100849,-0.02870955,-0.0262958,-0.02377705,-0.0211594,-0.01845383,-0.01566767,-0.01281299,-0.009898106,-0.006936016,-0.003935988,-0.0009118107,0.002126548,0.005164727,0.008192235,0.01119433,0.0141603,0.01707528,0.01992851,0.02270531,0.02539531,0.02798431,0.03046244,0.03281625,0.03503693,0.0371123,0.03903463,0.04079294,0.04238124,0.0437904,0.04501616,0.04605113,0.04689305,0.04753679,0.04798232,0.04822652,0.04827149,0.04811647,0.04776574,0.04722061,0.0464874,0.04556943,0.04447492,0.04320888,0.04178116,0.04019831,0.03847147,0.03660823,0.03462072,0.0325174,0.030311,0.02801036,0.0256285,0.02317443,0.02066107,0.01809714,0.0154953,0.01286381,0.01021459,0.007554985,0.004896267,0.002245179,-0.0003882527,-0.002998822,-0.005577257,-0.008119072,-0.01061614,-0.01306569,-0.01546085,-0.01779938,-0.02007448,-0.02228579,-0.02442802,-0.02650078,-0.02849796,-0.03041879,-0.0322747,-0.03402791,-0.03570817,-0.03730376,-0.03878797,-0.04021779,-0.04157063,-0.04278225,-0.04390137,-0.04491645,-0.0458219
-0.04300863,-0.04343916,-0.04375407,-0.04395015,-0.04402302,-0.0439721,-0.04379304,-0.04347756,-0.04302984,-0.04244618,-0.04172298,-0.04086405,-0.03986733,-0.03873394,-0.03746465,-0.03606215,-0.03452824,-0.03286694,-0.03108152,-0.02917717,-0.02715853,-0.0250321,-0.02280379,-0.02048126,-0.01807164,-0.01558376,-0.01302588,-0.01040779,-0.007738712,-0.005029365,-0.002289834,0.0004684941,0.003234902,0.005997463,0.008745007,0.01146533,0.01414709,0.01677798,0.01934673,0.02184134,0.02425085,0.02656368,0.02876952,0.03085769,0.03281889,0.03464338,0.03632294,0.03784938,0.03921615,0.0404165,0.04144542,0.04229807,0.0429715,0.04346283,0.04377097,0.04389501,0.04383608,0.04359536,0.04317586,0.04258071,0.04181485,0.04088322,0.03979244,0.03854901,0.03716106,0.03563635,0.03398409,0.03221305,0.03033332,0.02835431,0.0262865,0.0241396,0.02192434,0.01965042,0.01732835,0.01496757,0.01257821,0.01016904,0.007749503,0.005327706,0.002912389,0.0005105645,-0.001870277,-0.004223909,-0.006543431,-0.008824022,-0.0110602,-0.01324817,-0.01538287,-0.0174613,-0.01947971,-0.02143675,-0.02332834,-0.02515305,-0.02690783,-0.02859294,-0.03020603,-0.03173118,-0.03320152,-0.03458226,-0.03588242,-0.03712012,-0.03823692,-0.03924829,-0.04020859,-0.04106253,-0.0418167,-0.0424662
-0.03902842,-0.03925652,-0.03937986,-0.0393935,-0.03929608,-0.03908115,-0.03874876,-0.03830092,-0.03773108,-0.03703877,-0.03622694,-0.03529006,-0.03423192,-0.03305183,-0.03175328,-0.03033652,-0.02880654,-0.02716482,-0.02541747,-0.02356731,-0.02162162,-0.01958444,-0.0174642,-0.01526615,-0.01299978,-0.01067136,-0.008291357,-0.00586699,-0.003409559,-0.0009270246,0.001568685,0.004068988,0.006561489,0.009037261,0.01148369,0.01389168,0.01624862,0.01854559,0.02077022,0.0229139,0.0249648,0.02691506,0.02875366,0.03047355,0.03206469,0.03352136,0.03483499,0.03600109,0.03701242,0.0378663,0.03855737,0.0390846,0.03944432,0.03963739,0.03966216,0.03952146,0.03921534,0.03874844,0.03812272,0.03734454,0.03641744,0.03534929,0.03414508,0.03281398,0.03136204,0.02979946,0.0281332,0.02637408,0.02452952,0.02261071,0.02062533,0.01858464,0.01649615,0.01437091,0.01221608,0.01004224,0.007855894,0.005667004,0.003481342,0.001307926,-0.0008485166,-0.002979737,-0.005081732,-0.007147462,-0.009174358,-0.01115604,-0.01309056,-0.01497248,-0.01680126,-0.01857237,-0.02028557,-0.02193607,-0.02352516,-0.02504899,-0.02650862,-0.02789892,-0.02922071,-0.03048399,-0.03165535,-0.03276318,-0.03379524,-0.03472919,-0.03561695,-0.03643551,-0.03713008,-0.03774549,-0.03826916,-0.03869809
-0.03485958,-0.03492533,-0.03489574,-0.03476835,-0.03453986,-0.03421066,-0.03377771,-0.03323453,-0.03258583,-0.03182851,-0.03096074,-0.02998645,-0.0289046,-0.02771685,-0.02642472,-0.02503126,-0.02353887,-0.0219518,-0.02027374,-0.01851002,-0.01666554,-0.01474676,-0.01275968,-0.01071177,-0.008610047,-0.006462938,-0.004278327,-0.002065392,0.000167293,0.002409917,0.004653358,0.006887437,0.009102742,0.01128889,0.01343637,0.01553487,0.01757504,0.01954684,0.02144133,0.02324906,0.02496174,0.02657061,0.0280683,0.02944716,0.03070102,0.03182334,0.03280915,0.03365353,0.03435319,0.03490462,0.03530604,0.03555571,0.03565374,0.03560013,0.03539655,0.03504468,0.03454803,0.03390995,0.03313539,0.03222914,0.03119758,0.03004676,0.02878417,0.02741684,0.02595318,0.02440091,0.02276892,0.02106536,0.01929947,0.01747946,0.01561448,0.01371257,0.01178267,0.009832387,0.007870105,0.005902825,0.003938285,0.001982614,4.269426e-05,-0.001876151,-0.003767811,-0.005628075,-0.007452012,-0.00923615,-0.01097607,-0.01266953,-0.01431325,-0.01590579,-0.01744404,-0.01892713,-0.02035287,-0.02172161,-0.02303052,-0.02427974,-0.02546696,-0.02659373,-0.02765771,-0.02864609,-0.02958859,-0.03045354,-0.03125088,-0.03199562,-0.03263537,-0.03318701,-0.03369736,-0.03411685,-0.03445292,-0.03470079
-0.03069481,-0.03063424,-0.03048929,-0.03025649,-0.02993525,-0.02952035,-0.02901242,-0.02841381,-0.02771913,-0.02692912,-0.02604636,-0.02506685,-0.02399439,-0.02282906,-0.02157437,-0.02023127,-0.01880467,-0.01729659,-0.01571296,-0.014057,-0.01233568,-0.01055327,-0.008717775,-0.006834438,-0.004912124,-0.0029569,-0.0009783497,0.001016773,0.003018312,0.005019078,0.00700858,0.00897934,0.01092071,0.01282519,0.01468225,0.01648455,0.01822185,0.01988729,0.02147118,0.02296723,0.02436654,0.02566377,0.02685099,0.02792387,0.02887557,0.02970314,0.03040123,0.03096812,0.03139978,0.03169619,0.03185497,0.03187763,0.03176324,0.03151491,0.0311334,0.03062339,0.02998697,0.02923019,0.02835656,0.02737337,0.02628518,0.02510027,0.0238241,0.02246571,0.02103109,0.01952975,0.01796807,0.0163557,0.01469898,0.01300749,0.01128739,0.009547956,0.00779482,0.006036725,0.004278718,0.002528824,0.000791266,-0.0009266644,-0.002621592,-0.004287171,-0.005921058,-0.007517632,-0.009075223,-0.01058926,-0.01205931,-0.01348124,-0.01485509,-0.01617738,-0.01744925,-0.01866778,-0.01983416,-0.02094501,-0.02200268,-0.02300427,-0.02395178,-0.02484079,-0.02567322,-0.0264575,-0.02716463,-0.02782083,-0.02841406,-0.02892604,-0.02940325,-0.02982327,-0.0301396,-0.03039288,-0.03057118,-0.03067302
-0.02665845,-0.02650446,-0.02627577,-0.0259703,-0.02558639,-0.02512419,-0.02458152,-0.02395283,-0.02324313,-0.02244998,-0.02157219,-0.02061353,-0.0195736,-0.01845427,-0.01725742,-0.01598614,-0.01464312,-0.01323258,-0.01175835,-0.01022562,-0.008639283,-0.007005505,-0.005330089,-0.003620039,-0.001881955,-0.0001235534,0.001647947,0.00342434,0.005197992,0.006960351,0.008703551,0.01041897,0.01209874,0.01373433,0.01531809,0.01684183,0.01829834,0.01967993,0.02098004,0.02219178,0.02330939,0.02432686,0.02523945,0.0260423,0.02673194,0.02730461,0.02775802,0.02808995,0.02829962,0.02838607,0.02834987,0.02819156,0.02791328,0.02751699,0.02700607,0.02638376,0.02565484,0.02482377,0.02389631,0.02287789,0.0217752,0.02059442,0.01934286,0.01802719,0.01665516,0.01523365,0.01377044,0.01227242,0.01074731,0.009201703,0.007642905,0.006077022,0.004510895,0.002949981,0.001400394,-0.0001331571,-0.001645303,-0.003132242,-0.004589453,-0.006013932,-0.007401873,-0.008751268,-0.01005931,-0.01132458,-0.01254463,-0.01371904,-0.01484621,-0.01592624,-0.01695749,-0.01794039,-0.01887388,-0.01975929,-0.02059471,-0.02138115,-0.02211685,-0.02280406,-0.02344048,-0.02401592,-0.0245565,-0.02503393,-0.02545847,-0.02584245,-0.02613993,-0.02636788,-0.02656577,-0.02669011,-0.02674943,-0.02673886
-0.02286931,-0.02264976,-0.02236529,-0.02201345,-0.02159388,-0.02110245,-0.02053993,-0.01990866,-0.01920403,-0.01842732,-0.01758079,-0.01666143,-0.01567285,-0.01461556,-0.01349294,-0.01230634,-0.01106042,-0.009757493,-0.008403139,-0.007000723,-0.005556739,-0.004075427,-0.002564111,-0.0010278,0.0005255234,0.002090286,0.003658028,0.005222766,0.006775736,0.008310799,0.009819129,0.01129458,0.01272845,0.01411484,0.01544537,0.01671457,0.0179146,0.01904061,0.02008547,0.0210451,0.02191323,0.0226868,0.02336057,0.02393249,0.02439841,0.02475761,0.02500724,0.02514772,0.0251774,0.02509811,0.02490963,0.02461502,0.02421521,0.02371453,0.0231152,0.02242273,0.02164025,0.02077423,0.01982876,0.01881108,0.01772591,0.01658101,0.01538156,0.01413565,0.01284855,0.01152847,0.01018065,0.008813106,0.007430739,0.006041205,0.004648979,0.003261177,0.001881589,0.0005166743,-0.0008304813,-0.002154188,-0.003452202,-0.004719554,-0.005954809,-0.007153846,-0.008316135,-0.009438148,-0.0105199,-0.0115587,-0.01255552,-0.01350792,-0.01441717,-0.01528122,-0.01610212,-0.01687811,-0.01761112,-0.01829877,-0.0189439,-0.01954425,-0.0201023,-0.02061417,-0.02108242,-0.021514,-0.02188411,-0.02221637,-0.02249938,-0.02271844,-0.0229144,-0.02306618,-0.02313504,-0.02315681,-0.02312048,-0.02302575
-0.01938451,-0.01912235,-0.01880405,-0.0184278,-0.01799216,-0.01749768,-0.01694261,-0.01632251,-0.01564183,-0.01489833,-0.01409169,-0.01322519,-0.01229887,-0.0113146,-0.01027446,-0.009181445,-0.008038357,-0.006849211,-0.005617816,-0.004349036,-0.003047555,-0.001719048,-0.0003689077,0.0009965659,0.002371421,0.00374888,0.005122625,0.006485634,0.007831442,0.009152937,0.01044367,0.0116967,0.01290582,0.01406439,0.01516663,0.01620642,0.01717857,0.0180776,0.0188991,0.01963843,0.02029206,0.02085623,0.02132843,0.02170601,0.02198759,0.02217156,0.02225759,0.02224537,0.02213588,0.02192984,0.02162929,0.02123618,0.02075378,0.02018507,0.01953423,0.01880515,0.01800299,0.01713245,0.01619928,0.01520873,0.01416708,0.01307994,0.01195382,0.01079445,0.009608434,0.008401381,0.00717966,0.005948614,0.004714287,0.003481527,0.00225581,0.001041371,-0.0001569028,-0.001335496,-0.002490265,-0.003618446,-0.004716608,-0.005782827,-0.006814424,-0.00781016,-0.008767941,-0.009687353,-0.01056708,-0.01140712,-0.01220636,-0.01296556,-0.01368414,-0.01436319,-0.01500193,-0.0156016,-0.01616173,-0.01668418,-0.01716756,-0.01761338,-0.01802018,-0.01839055,-0.01872221,-0.01900719,-0.01926799,-0.0194799,-0.01965288,-0.01979685,-0.01987224,-0.01989544,-0.01989947,-0.01984678,-0.01974546,-0.01959115
-0.01625684,-0.0159707,-0.01563632,-0.01525194,-0.01481692,-0.01432814,-0.01378635,-0.01319382,-0.01254648,-0.01184574,-0.01109364,-0.01028797,-0.009431995,-0.008526532,-0.00757474,-0.006578218,-0.005541252,-0.004466285,-0.003358421,-0.00222097,-0.001059784,0.0001211411,0.001315324,0.002518227,0.003722933,0.004924572,0.006115978,0.007292113,0.008445746,0.009571907,0.01066351,0.01171578,0.01272195,0.01367767,0.01457665,0.01541509,0.01618732,0.01689027,0.01751903,0.01807131,0.01854306,0.01893298,0.01923798,0.01945768,0.01958998,0.01963562,0.01959365,0.01946574,0.01925189,0.01895496,0.01857604,0.01811893,0.01758556,0.01698067,0.01630712,0.01557046,0.01477412,0.01392423,0.0130248,0.01208241,0.01110132,0.01008831,0.009047776,0.00798651,0.006908766,0.005821172,0.004727734,0.003634692,0.002545546,0.001466056,0.000399176,-0.000649939,-0.001679055,-0.002683685,-0.003662285,-0.004611085,-0.005529303,-0.006413801,-0.007264491,-0.00807893,-0.008857762,-0.009598981,-0.01030363,-0.01097031,-0.01160078,-0.01219373,-0.01275103,-0.01327158,-0.01375781,-0.01420866,-0.01462636,-0.01500918,-0.01536001,-0.01567709,-0.01596295,-0.01621426,-0.01643377,-0.01662713,-0.01677347,-0.01689356,-0.01697696,-0.01701203,-0.01703384,-0.01702338,-0.01694889,-0.01684124,-0.01669027,-0.01649647
-0.01349131,-0.01319515,-0.01285796,-0.01247807,-0.01205456,-0.01158773,-0.01107624,-0.01051634,-0.009912137,-0.009261681,-0.008565011,-0.007825046,-0.007042108,-0.006218046,-0.005354971,-0.004455704,-0.003523011,-0.002560597,-0.001572061,-0.0005618061,0.0004658864,0.001505994,0.002553735,0.003603665,0.004650662,0.005689022,0.006713475,0.007718273,0.008698201,0.00964761,0.01056149,0.0114345,0.01226202,0.01303916,0.01376179,0.01442563,0.0150272,0.01556289,0.01603,0.01642573,0.01674821,0.01699545,0.01716651,0.01726037,0.01727705,0.01721639,0.0170793,0.01686667,0.01658044,0.01622229,0.01579498,0.0153011,0.01474428,0.01412787,0.01345611,0.01273291,0.01196317,0.01115127,0.0103024,0.009421201,0.008513088,0.007582776,0.006635674,0.005676382,0.004710174,0.003741354,0.002774812,0.00181445,0.0008647295,-7.101976e-05,-0.0009889402,-0.001886333,-0.002759926,-0.003607705,-0.00442708,-0.005216706,-0.005974612,-0.006700163,-0.007391998,-0.008050029,-0.008673335,-0.009262465,-0.00981706,-0.01033794,-0.01082481,-0.01127901,-0.01170061,-0.01209109,-0.01245022,-0.01277951,-0.01307886,-0.01335024,-0.0135926,-0.0138076,-0.01399401,-0.01415441,-0.0142867,-0.01438465,-0.01446724,-0.01451341,-0.01453234,-0.01453193,-0.01447881,-0.014388,-0.01428651,-0.0141427,-0.0139641,-0.01374667
-0.01109481,-0.01079983,-0.01046977,-0.01010333,-0.009700075,-0.00925734,-0.00877578,-0.00825729,-0.007698643,-0.007101353,-0.006466997,-0.005794118,-0.005085612,-0.004342489,-0.003567607,-0.002762678,-0.001931526,-0.001076553,-0.0002022577,0.0006882746,0.001589974,0.00249927,0.003410656,0.004320218,0.005222205,0.006112571,0.006985499,0.007836953,0.008661209,0.009454451,0.01021123,0.01092806,0.01159988,0.01222371,0.01279504,0.01331146,0.01376907,0.0141662,0.01449967,0.01476852,0.01497036,0.0151051,0.01517117,0.01516927,0.01509864,0.01496091,0.01475624,0.01448698,0.01415402,0.0137606,0.01330843,0.01280144,0.01224191,0.0116344,0.01098184,0.0102893,0.009559999,0.008799342,0.008010861,0.007200124,0.006370698,0.005528151,0.00467597,0.003819568,0.002962142,0.002108814,0.001262424,0.0004276351,-0.000393256,-0.001196094,-0.001979135,-0.002738807,-0.003474031,-0.004181833,-0.004861746,-0.005511411,-0.006130997,-0.006718655,-0.007275107,-0.007799042,-0.008291745,-0.008752193,-0.009181936,-0.009580377,-0.009949572,-0.01028889,-0.0106004,-0.01088353,-0.01114072,-0.01137133,-0.01157756,-0.0117581,-0.01191567,-0.01204881,-0.01215995,-0.0122462,-0.01231028,-0.01235668,-0.01236819,-0.01236253,-0.01233053,-0.0122631,-0.0121897,-0.01209365,-0.01194925,-0.01178245,-0.01158455,-0.01135625
-0.009041329,-0.008755008,-0.008439276,-0.008092671,-0.007714596,-0.007305227,-0.0068635,-0.006386379,-0.005877436,-0.005335123,-0.004759718,-0.004153747,-0.003517736,-0.002853426,-0.002162849,-0.001448564,-0.000713146,4.01211e-05,0.0008080105,0.001586702,0.00237247,0.003161061,0.003948428,0.004730071,0.005501778,0.006258954,0.006997396,0.007712601,0.008400544,0.00905693,0.00967804,0.01025996,0.01079941,0.01129294,0.01173781,0.01213116,0.01247087,0.0127547,0.01298122,0.01314895,0.01325716,0.01330506,0.01329269,0.01322006,0.01308802,0.01289722,0.01264921,0.01234546,0.01198828,0.01157973,0.01112271,0.01061989,0.01007482,0.009490659,0.008871309,0.008220292,0.007541892,0.006839867,0.0061186,0.005381906,0.004634206,0.003879234,0.003121253,0.002363769,0.001610803,0.0008654902,0.0001314281,-0.0005886843,-0.001291694,-0.001975453,-0.002637371,-0.003275875,-0.003888897,-0.004475456,-0.00503406,-0.005564286,-0.006065139,-0.006536763,-0.006978631,-0.007391301,-0.007774555,-0.008129416,-0.008456063,-0.008755667,-0.009028384,-0.009275742,-0.00949809,-0.009697015,-0.009872522,-0.01002615,-0.01015794,-0.01026974,-0.01036075,-0.01043254,-0.01048409,-0.01051776,-0.01053167,-0.01052105,-0.0105015,-0.01045552,-0.01039123,-0.01031478,-0.01019872,-0.01005623,-0.009908934,-0.009730759,-0.009528404,-0.009298281
-0.007312567,-0.00704102,-0.00674444,-0.006421877,-0.006072811,-0.005695281,-0.005289822,-0.00485814,-0.004397518,-0.003909447,-0.003395311,-0.002854144,-0.002288466,-0.001699343,-0.001089284,-0.0004599434,0.0001853872,0.0008445136,0.001513625,0.002190025,0.002869493,0.003549013,0.004224089,0.004891523,0.00554672,0.006186476,0.006806248,0.007402954,0.007972236,0.008511297,0.009016104,0.00948423,0.009912057,0.01029765,0.01063791,0.01093145,0.01117575,0.01137004,0.01151243,0.01160279,0.01163987,0.01162427,0.01155542,0.01143452,0.01126164,0.01103873,0.01076655,0.01044757,0.01008309,0.009676243,0.009228899,0.008744661,0.00822577,0.007676243,0.00709873,0.006497554,0.005875495,0.005237015,0.004585018,0.003923992,0.003256742,0.002587638,0.00191931,0.001255893,0.000599681,-4.552001e-05,-0.0006777922,-0.001293776,-0.001892064,-0.002469765,-0.003025964,-0.003558279,-0.004066364,-0.004548335,-0.005004351,-0.005433019,-0.005835003,-0.006209301,-0.006557001,-0.006877497,-0.007172286,-0.007440946,-0.007685135,-0.007904716,-0.008101693,-0.008275831,-0.008429084,-0.008561188,-0.008674347,-0.008768179,-0.008844621,-0.008902702,-0.008944765,-0.008969652,-0.00897947,-0.008971836,-0.008949193,-0.008915048,-0.008855544,-0.008785338,-0.008696677,-0.008582574,-0.008467078,-0.00833616,-0.008169454,-0.007988157,-0.007784871,-0.007560462
-0.005869256,-0.005615876,-0.005341795,-0.00504578,-0.004727351,-0.004386725,-0.004023104,-0.003634169,-0.003222839,-0.002787919,-0.002329895,-0.001850869,-0.001351463,-0.00083323,-0.0002980066,0.0002520012,0.0008145333,0.001386819,0.001966117,0.00254927,0.003133197,0.003714451,0.00428977,0.004855589,0.0054086,0.005945244,0.00646231,0.006956401,0.007424538,0.007863576,0.008270857,0.00864362,0.008979634,0.009276577,0.009532707,0.009746217,0.009915917,0.01004054,0.01011948,0.01015206,0.01013829,0.01007804,0.009971909,0.009820421,0.009624771,0.009385985,0.009105774,0.008785766,0.008428233,0.008035199,0.007609337,0.007153106,0.006669607,0.006161599,0.005632391,0.005084925,0.004522731,0.00394884,0.003366764,0.002779483,0.002190446,0.001602478,0.001018813,0.0004420126,-0.0001249576,-0.0006799039,-0.001220259,-0.001744235,-0.002249666,-0.002735246,-0.003199289,-0.00364097,-0.004059035,-0.004453142,-0.004822497,-0.005167195,-0.005486824,-0.005781916,-0.006052402,-0.006299114,-0.006522192,-0.0067228,-0.006901347,-0.007059067,-0.007196294,-0.007314502,-0.007414123,-0.007496627,-0.007562112,-0.007611974,-0.007646289,-0.00766667,-0.007672469,-0.007665082,-0.007643644,-0.007610216,-0.007563162,-0.007498916,-0.007429904,-0.007342063,-0.007242219,-0.007135062,-0.006998674,-0.006844124,-0.006688297,-0.006510363,-0.006315892,-0.006101893
-0.004683023,-0.004450824,-0.00420105,-0.003933046,-0.003646368,-0.003339539,-0.003013017,-0.002668229,-0.002303089,-0.001918929,-0.001516892,-0.001096404,-0.0006595571,-0.0002073688,0.000258069,0.0007352801,0.001221568,0.001715056,0.00221267,0.00271218,0.003210237,0.003704416,0.004191208,0.004668112,0.005131607,0.005579261,0.006007659,0.006414536,0.006796692,0.007152151,0.007478029,0.007772699,0.00803366,0.008259723,0.008448835,0.008600275,0.008712475,0.008785239,0.008817506,0.008809584,0.00876094,0.008672445,0.008544077,0.008377191,0.008172246,0.007931142,0.007654844,0.007345636,0.007004851,0.006635238,0.006238533,0.005817786,0.005374964,0.004913376,0.004435237,0.003944027,0.003441987,0.002932633,0.002418227,0.001902231,0.00138676,0.0008751105,0.0003691955,-0.0001279317,-0.0006146816,-0.001088307,-0.00154756,-0.001990085,-0.002415066,-0.002820541,-0.003206106,-0.003570211,-0.003912905,-0.004233033,-0.004531041,-0.004806147,-0.005059185,-0.00528966,-0.005498717,-0.005686146,-0.005853386,-0.006000336,-0.006128524,-0.006238036,-0.006330635,-0.006406282,-0.006466663,-0.006511675,-0.006543165,-0.006560893,-0.00656647,-0.006559157,-0.006540876,-0.00651071,-0.006470399,-0.006418027,-0.006355656,-0.006285968,-0.006198116,-0.006103815,-0.005996764,-0.005871719,-0.005747685,-0.005613308,-0.005452875,-0.00528317,-0.005098204,-0.004898806
-0.003713015,-0.003503068,-0.003278804,-0.003039248,-0.002784139,-0.002513596,-0.002227063,-0.001922785,-0.00160317,-0.001267327,-0.0009157538,-0.0005501631,-0.0001711585,0.0002199485,0.0006216165,0.00103204,0.001449368,0.001871376,0.002295872,0.002720366,0.003142442,0.003559434,0.003968835,0.004367935,0.004754247,0.005125118,0.005478192,0.005810992,0.00612139,0.006407154,0.006666454,0.006897394,0.007098512,0.007268287,0.007405666,0.007509554,0.007579345,0.007614376,0.007614506,0.007579544,0.007509807,0.007405531,0.007267492,0.007096397,0.006893473,0.006659792,0.006396946,0.006106439,0.005790261,0.005450176,0.005088441,0.004707108,0.004308714,0.003895491,0.003470082,0.003034804,0.002592416,0.002145244,0.001695977,0.001246847,0.0008004393,0.0003588154,-7.565211e-05,-0.0005011503,-0.0009155526,-0.001317367,-0.001704806,-0.002076716,-0.002431643,-0.002768824,-0.003087185,-0.003386345,-0.003665567,-0.003924842,-0.004163782,-0.00438271,-0.004581523,-0.004760866,-0.00492088,-0.005062425,-0.00518578,-0.005292036,-0.005381647,-0.005455734,-0.005514663,-0.005559708,-0.005591277,-0.005610611,-0.00561783,-0.005614095,-0.005599477,-0.00557529,-0.005541021,-0.005497819,-0.005444981,-0.005384187,-0.005314101,-0.005232118,-0.005147776,-0.00505021,-0.004944883,-0.004835259,-0.004704503,-0.004561437,-0.004418802,-0.004260601,-0.004091321,-0.003908539
-0.002930256,-0.002743735,-0.002545132,-0.002334018,-0.002110062,-0.001872189,-0.00162077,-0.001356949,-0.001079192,-0.0007886204,-0.0004861218,-0.0001713881,0.0001539348,0.0004889676,0.0008320665,0.001182011,0.001536714,0.001894672,0.002253531,0.002611553,0.002966204,0.003315634,0.003657226,0.003989112,0.004308703,0.004614223,0.004903206,0.005174041,0.005424457,0.005653101,0.005857975,0.006038019,0.006191552,0.00631787,0.006415654,0.006484574,0.00652369,0.006533083,0.0065122,0.00646151,0.00638086,0.006271137,0.006132569,0.005966398,0.005773199,0.005554607,0.005311556,0.005045944,0.004758955,0.004452809,0.004128957,0.003789811,0.003436959,0.003072969,0.002699578,0.002319441,0.001934271,0.001546709,0.001158443,0.0007720318,0.0003890109,1.178023e-05,-0.0003583122,-0.0007190821,-0.001069454,-0.0014075,-0.001732424,-0.002042612,-0.002337611,-0.002616114,-0.002877987,-0.003122241,-0.003349086,-0.003557829,-0.003748976,-0.003922111,-0.004078025,-0.004216506,-0.004338571,-0.004444207,-0.004534635,-0.004609906,-0.004671291,-0.004718958,-0.004754335,-0.00477747,-0.004789712,-0.004791038,-0.004782896,-0.004765135,-0.004739011,-0.004703976,-0.004661516,-0.00461093,-0.004553574,-0.004487975,-0.004415759,-0.004338916,-0.004249279,-0.004155815,-0.004053635,-0.00393894,-0.003826134,-0.003706437,-0.003568187,-0.003424159,-0.003269724,-0.003105601
-0.002298994,-0.002135625,-0.001962601,-0.0017792,-0.001585258,-0.001380891,-0.00116572,-0.0009385117,-0.0007010745,-0.0004528002,-0.0001941369,7.360671e-05,0.0003499123,0.0006337494,0.0009239163,0.001219027,0.00151766,0.001818134,0.002118797,0.002417791,0.002713323,0.003003428,0.003286274,0.003559893,0.003822496,0.004072185,0.004307298,0.004526093,0.004727103,0.004908794,0.005069939,0.005209274,0.005325866,0.005418743,0.005487292,0.005530864,0.005549189,0.005541946,0.005509209,0.005451011,0.005367762,0.005259807,0.005127891,0.004972694,0.004795282,0.004596591,0.004377943,0.004140569,0.003886061,0.003615823,0.003331618,0.003035033,0.002728011,0.002412246,0.002089728,0.001762183,0.001431657,0.001099854,0.0007687367,0.00043991,0.0001152349,-0.0002038376,-0.0005156263,-0.0008188852,-0.001112135,-0.001394382,-0.001664412,-0.001921494,-0.00216467,-0.002393503,-0.00260732,-0.002805972,-0.002989031,-0.003156625,-0.003308579,-0.00344526,-0.003566701,-0.003673497,-0.003765853,-0.003844513,-0.003909771,-0.00396253,-0.004003198,-0.004032686,-0.00405132,-0.004060109,-0.004059392,-0.004050137,-0.004032454,-0.004007237,-0.003974546,-0.003935378,-0.003889344,-0.003837327,-0.003778786,-0.003715004,-0.003644951,-0.003566797,-0.003487519,-0.00339914,-0.003305774,-0.00320988,-0.003099135,-0.002980182,-0.002862231,-0.002733602,-0.002597664,-0.002452591
-0.001794736,-0.001654473,-0.001506155,-0.001349526,-0.001184326,-0.001009845,-0.0008263562,-0.0006347354,-0.000433879,-0.0002246664,-7.750014e-06,0.0002170196,0.0004484308,0.0006857922,0.0009278986,0.001173817,0.001422031,0.001671417,0.001920279,0.002167341,0.002410793,0.002649299,0.002881006,0.003104585,0.003318224,0.00352068,0.003710249,0.003885826,0.004045865,0.004189462,0.004315283,0.004422652,0.004510474,0.004578342,0.004625429,0.004651607,0.004656329,0.004639766,0.004601653,0.00454244,0.00446215,0.004361531,0.004240874,0.004101175,0.003942967,0.003767517,0.003575604,0.003368671,0.003147659,0.002914225,0.002669485,0.002415216,0.00215261,0.00188354,0.001609284,0.001331753,0.001052188,0.0007724717,0.0004938045,0.0002179889,-5.390194e-05,-0.0003201966,-0.0005799738,-0.0008317311,-0.001074756,-0.001307741,-0.001530184,-0.00174101,-0.001939971,-0.002126217,-0.002299732,-0.002459894,-0.002606936,-0.002740447,-0.002860872,-0.002967995,-0.003062462,-0.0031442,-0.003214011,-0.003271959,-0.003318983,-0.003355184,-0.003381532,-0.003398202,-0.00340626,-0.003405784,-0.003397778,-0.003382253,-0.003360272,-0.003331742,-0.003297578,-0.003257394,-0.003212268,-0.003161692,-0.003106653,-0.003046084,-0.002981182,-0.002913342,-0.002836759,-0.002757904,-0.002673193,-0.002580038,-0.002488713,-0.002392823,-0.002284217,-0.002172091,-0.002053027,-0.001927618
-0.001389854,-0.00127156,-0.001146996,-0.001015665,-0.0008774761,-0.0007325163,-0.0005805438,-0.0004207366,-0.0002543688,-8.104366e-05,9.88891e-05,0.0002844985,0.0004753874,0.0006708091,0.0008698999,0.00107167,0.001275109,0.00147903,0.001682269,0.001883527,0.002081554,0.002274988,0.002462567,0.002642938,0.002814882,0.002977108,0.003128498,0.003267885,0.003394297,0.003506721,0.003604365,0.003686413,0.003752287,0.003801381,0.003833345,0.003847808,0.003844661,0.003823764,0.003785253,0.003729231,0.003656069,0.003566086,0.003459883,0.003338008,0.003201278,0.003050415,0.002886402,0.002710158,0.002522846,0.00232549,0.00211936,0.001905598,0.001685584,0.001460519,0.001231806,0.001000652,0.0007684838,0.0005364805,0.0003059975,7.813066e-05,-0.0001458483,-0.0003649614,-0.0005780729,-0.0007843566,-0.0009828253,-0.001172837,-0.001353593,-0.001524641,-0.001685362,-0.001835513,-0.001974676,-0.002102806,-0.002219659,-0.00232538,-0.002419901,-0.002503533,-0.002576348,-0.002638815,-0.002691122,-0.002733838,-0.002767207,-0.002791906,-0.002808251,-0.002816916,-0.002818156,-0.002812706,-0.002800819,-0.002783195,-0.002759918,-0.002731631,-0.002698373,-0.002660851,-0.002618791,-0.002572817,-0.002522543,-0.002468878,-0.002411084,-0.002347947,-0.002284249,-0.002214518,-0.002141623,-0.002067218,-0.00198284,-0.001893139,-0.001804397,-0.001708633,-0.001608183,-0.001501774
-0.001066412,-0.0009691551,-0.0008667822,-0.0007591578,-0.0006461001,-0.0005271671,-0.0004025389,-0.0002728123,-0.0001372707,3.467787e-06,0.0001489756,0.0002992994,0.0004536256,0.0006114593,0.000771991,0.0009345637,0.001098163,0.001262012,0.00142498,0.001586194,0.001744455,0.001898856,0.002048179,0.002191531,0.002327727,0.002455942,0.00257507,0.002684388,0.002782904,0.002870035,0.002944939,0.003007192,0.003056116,0.003091475,0.003112774,0.003119967,0.003112752,0.003091283,0.003055451,0.003005598,0.002941806,0.002864616,0.002774287,0.002671527,0.002556751,0.002430844,0.002294379,0.002148355,0.001993447,0.00183079,0.001661165,0.00148578,0.001305463,0.001121474,0.0009346885,0.0007463857,0.0005574068,0.000369002,0.0001819764,-2.481488e-06,-0.0001836602,-0.0003604662,-0.0005322966,-0.0006981767,-0.0008576487,-0.001009873,-0.001154537,-0.00129096,-0.001419,-0.001538131,-0.001648367,-0.001749336,-0.001841218,-0.001923783,-0.001997352,-0.002061825,-0.002117658,-0.002164844,-0.002203945,-0.00223504,-0.002258781,-0.002275271,-0.002285179,-0.002288652,-0.002286419,-0.002278558,-0.002265751,-0.002248027,-0.0022261,-0.002199921,-0.002170103,-0.002136398,-0.002099523,-0.00205914,-0.00201591,-0.001969123,-0.001919584,-0.001868176,-0.001811147,-0.001752753,-0.001690571,-0.00162303,-0.001556792,-0.001487563,-0.001410196,-0.001330746,-0.00124687,-0.001159017
-0.0008055131,-0.0007275589,-0.0006457802,-0.0005598663,-0.00046977,-0.0003755462,-0.0002770503,-0.0001737759,-6.654055e-05,4.489619e-05,0.0001602967,0.0002790588,0.000400912,0.0005253677,0.0006518629,0.0007797551,0.0009083886,0.001036998,0.001164834,0.001291062,0.001414882,0.001535426,0.001651889,0.001763412,0.001869225,0.001968515,0.002060579,0.002144688,0.00222024,0.002286607,0.002343306,0.002389839,0.002425863,0.00245102,0.002465114,0.00246794,0.00245946,0.002439616,0.002408529,0.002366299,0.002313196,0.002249457,0.0021755,0.002091706,0.00199863,0.00189676,0.001786756,0.001669228,0.001544944,0.001414581,0.001278969,0.001138853,0.0009951313,0.0008485814,0.000700108,0.0005504901,0.0004006412,0.0002513157,0.0001033764,-4.248005e-05,-0.0001854498,-0.0003249161,-0.000460166,-0.0005906834,-0.0007158536,-0.000835281,-0.0009484739,-0.001055159,-0.001154963,-0.001247747,-0.001333265,-0.001411507,-0.001482339,-0.001545873,-0.001602087,-0.001651198,-0.001693275,-0.001728636,-0.001757423,-0.001780017,-0.001796596,-0.001807607,-0.001813272,-0.001814036,-0.001810078,-0.001801879,-0.001789614,-0.001773737,-0.001754312,-0.001731753,-0.00170609,-0.001677775,-0.001646635,-0.001613069,-0.00157683,-0.0015385,-0.001497598,-0.001453385,-0.00140886,-0.001360595,-0.001310403,-0.001259314,-0.001201999,-0.00114142,-0.001081522,-0.001017317,-0.0009502666,-0.0008795683
-0.0005958431,-0.0005355926,-0.0004723501,-0.0004060621,-0.0003366009,-0.0002637385,-0.0001875678,-0.0001084354,-2.593457e-05,5.955233e-05,0.0001477889,0.0002387541,0.0003319728,0.0004271266,0.0005237358,0.0006213809,0.0007194618,0.0008174881,0.0009147902,0.001010823,0.001104877,0.001196389,0.001284641,0.001369081,0.001449013,0.001523931,0.001593188,0.001656343,0.001712819,0.001762263,0.001804192,0.001838351,0.001864359,0.001882074,0.001891229,0.001891801,0.001883636,0.001866837,0.001841367,0.001807442,0.001765142,0.001714803,0.00165661,0.001590999,0.001518252,0.00143891,0.001353344,0.001262164,0.001165803,0.001064949,0.0009600951,0.00085197,0.0007410944,0.0006282259,0.0005139089,0.0003989086,0.0002837474,0.0001691701,5.567299e-05,-5.603952e-05,-0.0001655305,-0.0002721547,-0.000375544,-0.0004751269,-0.0005706241,-0.0006615473,-0.0007477071,-0.0008287122,-0.0009044769,-0.0009747031,-0.001039401,-0.001098366,-0.00115171,-0.001199312,-0.00124137,-0.001277844,-0.001309011,-0.001334889,-0.00135582,-0.001371872,-0.00138344,-0.001390608,-0.001393782,-0.00139307,-0.001388909,-0.001381366,-0.001370852,-0.001357401,-0.001341436,-0.001322939,-0.001302276,-0.001279312,-0.001254465,-0.001227541,-0.001198926,-0.001168214,-0.001135878,-0.001102365,-0.001065656,-0.001028108,-0.0009882955,-0.0009454791,-0.0009032753,-0.0008591634,-0.0008104895,-0.000760634,-0.0007081678,-0.0006533962
-0.0004261826,-0.0003814912,-0.0003347151,-0.0002856832,-0.0002343717,-0.000180811,-0.0001249232,-6.643457e-05,-5.798207e-06,5.71142e-05,0.0001221643,0.0001890143,0.0002575053,0.0003273606,0.0003982605,0.0004698416,0.0005417328,0.0006135022,0.000684727,0.000754938,0.0008236848,0.0008904799,0.0009548716,0.00101638,0.001074575,0.001129001,0.001179269,0.001224974,0.001265781,0.001301345,0.0013314,0.001355675,0.001373983,0.001386133,0.001392023,0.001391547,0.001384693,0.001371441,0.001351866,0.001326037,0.001294116,0.001256247,0.001212674,0.001163624,0.001109417,0.001050338,0.0009867658,0.000919054,0.0008476395,0.0007729118,0.0006953421,0.0006153573,0.0005334637,0.0004501051,0.0003657911,0.0002809637,0.0001961355,0.0001117334,2.823972e-05,-5.395276e-05,-0.0001343964,-0.0002127446,-0.0002886021,-0.0003616798,-0.0004316388,-0.0004982584,-0.0005612691,-0.0006205202,-0.0006758086,-0.0007270596,-0.0007741426,-0.0008170552,-0.0008557296,-0.0008902325,-0.0009205595,-0.0009468368,-0.0009691108,-0.0009875647,-0.001002287,-0.001013496,-0.0010213,-0.001025955,-0.001027594,-0.00102647,-0.001022692,-0.001016533,-0.001008097,-0.0009976416,-0.0009852069,-0.0009710265,-0.0009551199,-0.0009377395,-0.0009187906,-0.0008984953,-0.0008767163,-0.0008537789,-0.0008294088,-0.0008032129,-0.0007768339,-0.0007483987,-0.000718901,-0.0006889058,-0.0006554737,-0.0006202477,-0.0005854056,-0.00054822,-0.0005094795,-0.0004687463
-0.0002905764,-0.0002593812,-0.0002266821,-0.0001924773,-0.0001566783,-0.0001192162,-8.011332e-05,-3.950743e-05,2.763185e-06,4.650897e-05,9.164299e-05,0.000138095,0.0001856541,0.0002341405,0.0002833273,0.0003329781,0.000382808,0.0004325455,0.0004818686,0.0005304794,0.0005780356,0.0006242311,0.0006687185,0.0007111995,0.0007513389,0.0007888609,0.0008234562,0.0008548834,0.0008828702,0.0009072208,0.0009277095,0.0009441918,0.0009564952,0.000964534,0.0009681933,0.0009674483,0.0009622438,0.0009526183,0.0009385761,0.0009202156,0.0008976,0.0008708879,0.0008401966,0.0008057372,0.0007676756,0.0007262747,0.0006817449,0.0006343852,0.0005844388,0.0005322418,0.0004780657,0.0004222679,0.0003651341,0.0003070365,0.0002482701,0.0001892092,0.0001301387,7.142254e-05,1.332975e-05,-4.379733e-05,-9.971994e-05,-0.0001541263,-0.0002068138,-0.0002575087,-0.0003060538,-0.0003522182,-0.0003958914,-0.0004368922,-0.0004751623,-0.0005105683,-0.0005431018,-0.0005726775,-0.0005993373,-0.00062304,-0.0006438722,-0.0006618327,-0.0006770491,-0.0006895509,-0.0006994986,-0.0007069475,-0.0007120838,-0.0007149713,-0.0007158061,-0.0007146617,-0.0007117444,-0.0007071095,-0.0007009534,-0.0006933151,-0.0006843896,-0.0006741863,-0.0006628743,-0.0006504132,-0.0006369883,-0.0006225192,-0.0006071804,-0.0005908028,-0.0005736041,-0.0005556768,-0.0005363771,-0.0005165421,-0.0004955426,-0.0004732876,-0.0004509893,-0.0004275229,-0.0004021792,-0.0003761975,-0.0003488911,-0.0003204319
-0.0001834689,-0.0001633827,-0.0001423867,-0.0001204062,-9.743141e-05,-7.347474e-05,-4.850239e-05,-2.23965e-05,4.644941e-06,3.267698e-05,6.163702e-05,9.137622e-05,0.0001218219,0.0001528513,0.0001843215,0.0002160713,0.0002479348,0.0002797205,0.0003112398,0.0003422846,0.0003726542,0.0004021327,0.0004305192,0.0004576013,0.0004831871,0.0005070769,0.0005290965,0.0005490679,0.0005668429,0.0005822698,0.0005952309,0.0006056079,0.0006133188,0.0006182807,0.0006204494,0.0006197809,0.0006162706,0.0006099126,0.0006007418,0.0005887921,0.0005741362,0.0005568424,0.0005370198,0.0005147728,0.0004902442,0.0004635652,0.000434904,0.0004044213,0.0003723117,0.0003387514,0.0003039498,0.0002680992,0.0002314246,0.0001941254,0.0001564276,0.0001185296,8.065832e-05,4.300505e-05,5.782965e-06,-3.083214e-05,-6.664292e-05,-0.0001014943,-0.0001352125,-0.000167668,-0.0001987124,-0.0002282467,-0.0002561534,-0.0002823647,-0.0003067928,-0.0003294036,-0.0003501417,-0.0003690053,-0.0003859667,-0.0004010551,-0.0004142711,-0.0004256705,-0.0004352767,-0.0004431708,-0.0004493953,-0.0004540471,-0.0004571774,-0.0004589,-0.000459277,-0.0004584212,-0.0004563839,-0.000453286,-0.0004491768,-0.0004441702,-0.0004382865,-0.0004316283,-0.0004242064,-0.0004161313,-0.0004073627,-0.0003979976,-0.0003879765,-0.0003774422,-0.0003662716,-0.0003542996,-0.0003422367,-0.0003292745,-0.0003158418,-0.0003021846,-0.0002870201,-0.0002710675,-0.0002552779,-0.0002384723,-0.0002209842,-0.0002026264
-0.000102409,-9.109145e-05,-7.922387e-05,-6.683441e-05,-5.386021e-05,-4.03399e-05,-2.624675e-05,-1.156804e-05,3.684657e-06,1.945701e-05,3.576455e-05,5.250131e-05,6.963818e-05,8.708767e-05,0.0001047934,0.0001226418,0.00014056,0.0001584218,0.0001761389,0.0001935772,0.0002106401,0.0002271908,0.0002431308,0.0002583269,0.0002726845,0.0002860785,0.0002984235,0.0003096073,0.0003195582,0.0003281802,0.0003354176,0.0003411939,0.0003454728,0.0003481988,0.000349356,0.0003489114,0.0003468708,0.0003432237,0.000337997,0.0003312031,0.00032289,0.0003130905,0.0003018719,0.0002892874,0.0002754231,0.0002603488,0.0002441636,0.0002269536,0.0002088325,0.0001898966,0.0001702672,0.0001500494,0.0001293723,0.0001083464,8.7101e-05,6.574617e-05,4.441047e-05,2.320104e-05,2.238411e-06,-1.837874e-05,-3.853973e-05,-5.815657e-05,-7.713243e-05,-9.539339e-05,-0.0001128578,-0.0001294675,-0.0001451591,-0.0001598918,-0.0001736196,-0.0001863194,-0.0001979644,-0.0002085489,-0.000218063,-0.0002265169,-0.0002339179,-0.0002402904,-0.0002456555,-0.0002500501,-0.0002535078,-0.0002560738,-0.0002577883,-0.0002587021,-0.0002588638,-0.0002583244,-0.0002571285,-0.0002553257,-0.0002529628,-0.0002500836,-0.0002467252,-0.0002429177,-0.0002386955,-0.0002340851,-0.0002291105,-0.0002237739,-0.0002181022,-0.0002120909,-0.0002057882,-0.0001990259,-0.0001921319,-0.0001848639,-0.0001771595,-0.0001693746,-0.0001610472,-0.0001520204,-0.0001429303,-0.0001335038,-0.000123589,-0.0001132512
-4.525418e-05,-4.020454e-05,-3.492948e-05,-2.94105e-05,-2.364527e-05,-1.763666e-05,-1.137627e-05,-4.835299e-06,1.937488e-06,8.955568e-06,1.620312e-05,2.364329e-05,3.125754e-05,3.901537e-05,4.688096e-05,5.481404e-05,6.277305e-05,7.071022e-05,7.857828e-05,8.632534e-05,9.39011e-05,0.0001012517,0.0001083268,0.0001150735,0.0001214437,0.0001273876,0.0001328616,0.0001378215,0.00014223,0.0001460495,0.0001492504,0.0001518036,0.0001536884,0.0001548844,0.0001553806,0.0001551663,0.0001542404,0.0001526017,0.000150259,0.0001472213,0.0001435066,0.0001391326,0.0001341265,0.000128515,0.0001223336,0.0001156158,0.0001084035,0.0001007374,9.266602e-05,8.423393e-05,7.54934e-05,6.649292e-05,5.728859e-05,4.793068e-05,3.847553e-05,2.897311e-05,1.947994e-05,1.00442e-05,7.189317e-07,-8.451586e-06,-1.741831e-05,-2.614215e-05,-3.457997e-05,-4.269912e-05,-5.046279e-05,-5.784595e-05,-6.481958e-05,-7.136643e-05,-7.746488e-05,-8.310618e-05,-8.827677e-05,-9.297598e-05,-9.719725e-05,-0.0001009476,-0.0001042276,-0.0001070511,-0.0001094242,-0.0001113671,-0.0001128908,-0.0001140195,-0.0001147665,-0.00011516,-0.0001152162,-0.0001149631,-0.0001144141,-0.0001135993,-0.0001125314,-0.0001112389,-0.0001097271,-0.0001080217,-0.0001061255,-0.0001040659,-0.0001018333,-9.945146e-05,-9.690584e-05,-9.423183e-05,-9.139843e-05,-8.836611e-05,-8.530886e-05,-8.2029e-05,-7.863135e-05,-7.517643e-05,-7.134777e-05,-6.732308e-05,-6.333714e-05,-5.910111e-05,-5.469514e-05,-5.007384e-05
-1.130828e-05,-1.005244e-05,-8.714628e-06,-7.33691e-06,-5.868977e-06,-4.404185e-06,-2.891104e-06,-1.238024e-06,4.530727e-07,2.197106e-06,4.061712e-06,5.921365e-06,7.839554e-06,9.774423e-06,1.175551e-05,1.372997e-05,1.573189e-05,1.770716e-05,1.968482e-05,2.161211e-05,2.351607e-05,2.534365e-05,2.712145e-05,2.879783e-05,3.039921e-05,3.187472e-05,3.325121e-05,3.448024e-05,3.55904e-05,3.653451e-05,3.734208e-05,3.796915e-05,3.844756e-05,3.873543e-05,3.88663e-05,3.880141e-05,3.857684e-05,3.815554e-05,3.757595e-05,3.680521e-05,3.588359e-05,3.47786e-05,3.353252e-05,3.211764e-05,3.057976e-05,2.888994e-05,2.709197e-05,2.516296e-05,2.315234e-05,2.103435e-05,1.885567e-05,1.659339e-05,1.429875e-05,1.194963e-05,9.593488e-06,7.206418e-06,4.839921e-06,2.471158e-06,1.476571e-07,-2.15514e-06,-4.389154e-06,-6.579631e-06,-8.681064e-06,-1.072065e-05,-1.265297e-05,-1.450741e-05,-1.624233e-05,-1.788835e-05,-1.9404e-05,-2.082241e-05,-2.210564e-05,-2.328905e-05,-2.433483e-05,-2.528025e-05,-2.609055e-05,-2.680418e-05,-2.738665e-05,-2.787972e-05,-2.82511e-05,-2.85416e-05,-2.871608e-05,-2.881971e-05,-2.882465e-05,-2.877155e-05,-2.862164e-05,-2.842241e-05,-2.814358e-05,-2.783258e-05,-2.744501e-05,-2.702294e-05,-2.653116e-05,-2.60319e-05,-2.546626e-05,-2.487964e-05,-2.422337e-05,-2.35775e-05,-2.290559e-05,-2.190026e-05,-2.13955e-05,-2.058542e-05,-1.970372e-05,-1.933566e-05,-1.815753e-05,-1.650845e-05,-1.57157e-05,-1.471878e-05,-1.364877e-05,-1.251123e-05
0,0,0,0,0,0,0,0,0,0,0,0,0,0,0,0,0,0,0,0,0,0,0,0,0,0,0,0,0,0,0,0,0,0,0,0,0,0,0,0,0,0,0,0,0,0,0,0,0,0,0,0,0,0,0,0,0,0,0,0,0,0,0,0,0,0,0,0,0,0,0,0,0,0,0,0,0,0,0,0,0,0,0,0,0,0,0,0,0,0,0,0,0,0,0,0,0,0,0,0,0,0,0,0,0,0,0,0
