NaN,NaN,NaN,NaN,NaN,NaN,NaN,NaN,NaN,NaN,NaN,NaN,NaN,NaN,NaN,NaN,NaN,NaN,NaN,NaN,0,0,0,0,0,0,0,0,0,0,0,0,0,0,0,0,0,0,0,0,0,0,0,0,0,0,0,0,0,0,0,0,0,0,0,0,0,0,0,0,0,0,0,0,0,0,0,0,0,0,0,0,0,0,0,0,0,0,0,0,0,0,0,0,0,0,0,0,0,0,0,0,0,0,0,0,0,0,0,0,0,NaN,NaN,NaN,NaN,NaN,NaN,NaN,NaN,NaN,NaN,NaN,NaN,NaN,NaN,NaN,NaN,NaN,NaN,NaN
NaN,NaN,NaN,NaN,NaN,NaN,NaN,NaN,NaN,NaN,NaN,NaN,NaN,NaN,NaN,NaN,NaN,NaN,NaN,NaN,5.941032e-09,3.816559e-08,8.241499e-08,2.57546e-07,4.832577e-07,7.259492e-07,8.886275e-07,1.053247e-06,1.151352e-06,1.248748e-06,1.26194e-06,1.282578e-06,1.276059e-06,1.357175e-06,1.433511e-06,1.478209e-06,1.260809e-06,7.729741e-07,3.255449e-09,-7.717898e-07,-1.391116e-06,-1.612078e-06,-1.467904e-06,-9.155067e-07,-9.610331e-08,1.001688e-06,2.223907e-06,3.543353e-06,4.727563e-06,5.692375e-06,6.223741e-06,6.339109e-06,5.959706e-06,5.231122e-06,4.130003e-06,2.758577e-06,1.063566e-06,-7.684212e-07,-2.709254e-06,-4.577041e-06,-6.398886e-06,-7.990857e-06,-9.331328e-06,-1.030791e-05,-1.103195e-05,-1.139465e-05,-1.143321e-05,-1.100617e-05,-1.020519e-05,-9.03094e-06,-7.760103e-06,-6.409749e-06,-5.138195e-06,-3.882951e-06,-2.79476e-06,-1.742313e-06,-8.155217e-07,1.461905e-07,1.154913e-06,2.47949e-06,4.045705e-06,5.846898e-06,7.502984e-06,9.025932e-06,1.023373e-05,1.133282e-05,1.222745e-05,1.301309e-05,1.359633e-05,1.418295e-05,1.471616e-05,1.532825e-05,1.55716e-05,1.549148e-05,1.469778e-05,1.321632e-05,1.050285e-05,6.671081e-06,3.330578e-06,2.088515e-06,1.920348e-06,NaN,NaN,NaN,NaN,NaN,NaN,NaN,NaN,NaN,NaN,NaN,NaN,NaN,NaN,NaN,NaN,NaN,NaN,NaN
NaN,NaN,NaN,NaN,NaN,NaN,NaN,NaN,NaN,NaN,NaN,NaN,NaN,NaN,NaN,NaN,NaN,NaN,NaN,NaN,1.732773e-08,1.164925e-07,3.212398e-07,1.000703e-06,1.942382e-06,2.879984e-06,3.571595e-06,4.188675e-06,4.624701e-06,4.965706e-06,5.071067e-06,5.106316e-06,5.136216e-06,5.40135e-06,5.76372e-06,5.874769e-06,5.059149e-06,3.02465e-06,-8.530063e-10,-3.182751e-06,-5.596789e-06,-6.561706e-06,-5.911538e-06,-3.77998e-06,-4.185172e-07,3.89718e-06,8.868975e-06,1.406819e-05,1.889852e-05,2.268386e-05,2.491665e-05,2.530998e-05,2.389046e-05,2.089134e-05,1.657365e-05,1.10147e-05,4.365551e-06,-3.057216e-06,-1.072996e-05,-1.830876e-05,-2.548355e-05,-3.192265e-05,-3.719444e-05,-4.121267e-05,-4.401745e-05,-4.556819e-05,-4.562079e-05,-4.401272e-05,-4.069732e-05,-3.609133e-05,-3.09125e-05,-2.565943e-05,-2.046939e-05,-1.555721e-05,-1.107131e-05,-6.99263e-06,-3.230226e-06,5.090267e-07,4.702023e-06,9.955361e-06,1.634087e-05,2.331422e-05,3.00645e-05,3.606507e-05,4.11146e-05,4.533869e-05,4.88657e-05,5.188406e-05,5.444379e-05,5.678117e-05,5.896371e-05,6.095868e-05,6.218218e-05,6.184669e-05,5.897606e-05,5.255814e-05,4.141808e-05,2.603107e-05,1.284541e-05,7.655576e-06,6.69059e-06,NaN,NaN,NaN,NaN,NaN,NaN,NaN,NaN,NaN,NaN,NaN,NaN,NaN,NaN,NaN,NaN,NaN,NaN,NaN
NaN,NaN,NaN,NaN,NaN,NaN,NaN,NaN,NaN,NaN,NaN,NaN,NaN,NaN,NaN,NaN,NaN,NaN,NaN,NaN,3.203621e-08,2.322191e-07,7.006836e-07,2.297286e-06,4.48267e-06,6.626196e-06,8.186503e-06,9.580649e-06,1.056127e-05,1.133608e-05,1.157101e-05,1.165753e-05,1.172682e-05,1.233928e-05,1.315319e-05,1.338297e-05,1.14695e-05,6.77524e-06,-1.892218e-07,-7.485567e-06,-1.302825e-05,-1.52408e-05,-1.37745e-05,-8.906106e-06,-1.23817e-06,8.631689e-06,1.998714e-05,3.188153e-05,4.292371e-05,5.160857e-05,5.674137e-05,5.770286e-05,5.451097e-05,4.772496e-05,3.789453e-05,2.524247e-05,1.009315e-05,-6.786839e-06,-2.426614e-05,-4.151978e-05,-5.788796e-05,-7.255442e-05,-8.459554e-05,-9.376839e-05,-0.0001001981,-0.0001037268,-0.0001038455,-0.0001001472,-9.259209e-05,-8.208129e-05,-7.029617e-05,-5.832244e-05,-4.653938e-05,-3.537059e-05,-2.519685e-05,-1.590013e-05,-7.333613e-06,1.231003e-06,1.083111e-05,2.289031e-05,3.749387e-05,5.341526e-05,6.875248e-05,8.241416e-05,9.389625e-05,0.0001035539,0.0001115365,0.0001183586,0.0001241423,0.0001295238,0.0001345682,0.0001391156,0.0001418116,0.0001411106,0.0001347616,0.0001204678,9.489391e-05,5.880299e-05,2.721046e-05,1.477004e-05,1.273883e-05,NaN,NaN,NaN,NaN,NaN,NaN,NaN,NaN,NaN,NaN,NaN,NaN,NaN,NaN,NaN,NaN,NaN,NaN,NaN
NaN,NaN,NaN,NaN,NaN,NaN,NaN,NaN,NaN,NaN,NaN,NaN,NaN,NaN,NaN,NaN,NaN,NaN,NaN,NaN,4.673165e-08,3.468636e-07,1.30783e-06,4.456665e-06,8.627546e-06,1.250261e-05,1.529577e-05,1.774577e-05,1.951282e-05,2.088186e-05,2.132467e-05,2.145425e-05,2.160351e-05,2.271361e-05,2.421654e-05,2.455361e-05,2.092847e-05,1.212724e-05,-8.018055e-07,-1.433786e-05,-2.458063e-05,-2.870362e-05,-2.600929e-05,-1.706742e-05,-2.931027e-06,1.524433e-05,3.619489e-05,5.81198e-05,7.851249e-05,9.456163e-05,0.0001041266,0.0001060106,0.0001002779,8.788619e-05,6.989479e-05,4.668541e-05,1.890124e-05,-1.208783e-05,-4.414422e-05,-7.580894e-05,-0.0001058335,-0.0001328033,-0.0001549667,-0.0001718928,-0.0001837282,-0.0001902227,-0.0001904043,-0.0001835833,-0.0001696605,-0.0001503703,-0.0001287418,-0.0001068107,-8.521962e-05,-6.48131e-05,-4.620724e-05,-2.922427e-05,-1.346188e-05,2.366648e-06,2.018245e-05,4.245558e-05,6.935739e-05,9.862268e-05,0.0001268368,0.0001518749,0.0001728862,0.0001904615,0.0002051075,0.0002176722,0.0002283499,0.000238199,0.0002474506,0.0002560561,0.0002615927,0.0002610658,0.000250519,0.000225768,0.0001803246,0.000112439,4.85755e-05,2.199002e-05,1.766432e-05,NaN,NaN,NaN,NaN,NaN,NaN,NaN,NaN,NaN,NaN,NaN,NaN,NaN,NaN,NaN,NaN,NaN,NaN,NaN
NaN,NaN,NaN,NaN,NaN,NaN,NaN,NaN,NaN,NaN,NaN,NaN,NaN,NaN,NaN,NaN,NaN,NaN,NaN,NaN,5.32758e-08,4.982466e-07,2.444185e-06,8.344782e-06,1.535988e-05,2.140044e-05,2.564349e-05,2.937011e-05,3.210849e-05,3.422189e-05,3.491446e-05,3.508899e-05,3.536075e-05,3.715908e-05,3.959244e-05,3.997938e-05,3.383791e-05,1.914955e-05,-2.218416e-06,-2.454108e-05,-4.136505e-05,-4.817364e-05,-4.376827e-05,-2.916066e-05,-5.996529e-06,2.376288e-05,5.810265e-05,9.400769e-05,0.0001274625,0.0001538237,0.0001696635,0.0001729554,0.000163837,0.0001437665,0.0001145047,7.666439e-05,3.142731e-05,-1.903925e-05,-7.124248e-05,-0.0001228684,-0.0001718243,-0.0002158188,-0.0002520201,-0.0002797494,-0.000299136,-0.00030975,-0.0003099693,-0.0002987644,-0.0002760005,-0.0002445648,-0.000209344,-0.0001736981,-0.0001386441,-0.000105573,-7.538682e-05,-4.779042e-05,-2.207959e-05,3.870488e-06,3.322617e-05,6.987929e-05,0.0001140084,0.0001617116,0.0002076103,0.0002483146,0.0002825632,0.000311205,0.0003348823,0.0003551758,0.0003726451,0.0003890774,0.0004047609,0.0004192225,0.0004292388,0.0004306327,0.0004177536,0.0003840681,0.0003169802,0.0002060925,8.598722e-05,3.010724e-05,2.170607e-05,NaN,NaN,NaN,NaN,NaN,NaN,NaN,NaN,NaN,NaN,NaN,NaN,NaN,NaN,NaN,NaN,NaN,NaN,NaN
NaN,NaN,NaN,NaN,NaN,NaN,NaN,NaN,NaN,NaN,NaN,NaN,NaN,NaN,NaN,NaN,NaN,NaN,NaN,NaN,6.612925e-08,7.714419e-07,4.952298e-06,1.522522e-05,2.555123e-05,3.373102e-05,3.941221e-05,4.446242e-05,4.830059e-05,5.126586e-05,5.225951e-05,5.245453e-05,5.288126e-05,5.556451e-05,5.91581e-05,5.948801e-05,4.988736e-05,2.743996e-05,-4.920856e-06,-3.854745e-05,-6.382936e-05,-7.403176e-05,-6.744763e-05,-4.554134e-05,-1.085584e-05,3.37588e-05,8.519545e-05,0.0001390218,0.0001891369,0.000228755,0.0002526586,0.0002579406,0.0002446272,0.0002149564,0.0001714085,0.0001150879,4.762602e-05,-2.750979e-05,-0.0001052781,-0.0001820852,-0.0002550405,-0.0003206359,-0.0003747891,-0.0004162419,-0.0004452711,-0.0004610196,-0.0004612932,-0.0004444124,-0.0004104603,-0.0003636281,-0.0003113406,-0.0002583539,-0.0002064336,-0.0001574439,-0.0001128566,-7.190938e-05,-3.355896e-05,5.51754e-06,4.971263e-05,0.0001047848,0.0001706973,0.0002420033,0.0003103536,0.0003708779,0.0004214868,0.000463852,0.0004991018,0.0005295452,0.0005556211,0.0005802187,0.0006038247,0.0006268949,0.0006440852,0.0006500836,0.0006375025,0.0005998665,0.0005199593,0.0003697763,0.0001653501,4.33719e-05,2.34281e-05,NaN,NaN,NaN,NaN,NaN,NaN,NaN,NaN,NaN,NaN,NaN,NaN,NaN,NaN,NaN,NaN,NaN,NaN,NaN
NaN,NaN,NaN,NaN,NaN,NaN,NaN,NaN,NaN,NaN,NaN,NaN,NaN,NaN,NaN,NaN,NaN,NaN,NaN,1.025182e-08,6.949582e-08,1.505628e-06,1.022431e-05,2.572325e-05,3.887664e-05,4.881791e-05,5.584411e-05,6.22045e-05,6.726144e-05,7.111733e-05,7.249128e-05,7.268689e-05,7.339175e-05,7.707329e-05,8.201495e-05,8.200511e-05,6.809358e-05,3.611829e-05,-9.352247e-06,-5.644744e-05,-9.158002e-05,-0.0001057675,-9.645415e-05,-6.59668e-05,-1.758488e-05,4.447351e-05,0.0001160927,0.0001908666,0.0002606097,0.0003157308,0.0003492658,0.0003569492,0.0003389774,0.000298117,0.0002379559,0.0001599278,6.668282e-05,-3.721073e-05,-0.0001446578,-0.0002509198,-0.0003517823,-0.0004425316,-0.0005175032,-0.0005750917,-0.0006153495,-0.0006371335,-0.0006372701,-0.0006137527,-0.0005666951,-0.0005021109,-0.000430056,-0.0003572401,-0.000285923,-0.0002187909,-0.0001575556,-0.0001012295,-4.816824e-05,6.209732e-06,6.808298e-05,0.000144986,0.0002366782,0.0003351121,0.0004293011,0.0005125866,0.0005824548,0.0006408553,0.0006890775,0.0007306967,0.0007668584,0.0008015438,0.0008352083,0.0008675376,0.0008928103,0.0009050416,0.0008963966,0.0008609903,0.0007797268,0.0006133144,0.0003277221,7.761669e-05,2.607946e-05,2.135897e-05,NaN,NaN,NaN,NaN,NaN,NaN,NaN,NaN,NaN,NaN,NaN,NaN,NaN,NaN,NaN,NaN,NaN,NaN
NaN,NaN,NaN,NaN,NaN,NaN,NaN,NaN,NaN,NaN,NaN,NaN,NaN,NaN,NaN,NaN,NaN,NaN,NaN,1.962448e-10,1.121121e-07,3.61858e-06,1.915586e-05,3.879994e-05,5.418184e-05,6.565279e-05,7.405158e-05,8.172113e-05,8.811319e-05,9.295416e-05,9.479606e-05,9.500741e-05,9.603463e-05,0.00010089,0.0001072516,0.0001066372,8.738667e-05,4.435137e-05,-1.613716e-05,-7.826534e-05,-0.0001243562,-0.0001426973,-0.0001302127,-8.985252e-05,-2.614978e-05,5.556488e-05,0.0001496339,0.0002478592,0.0003392698,0.0004117047,0.000455817,0.0004663655,0.0004431863,0.0003900882,0.0003113738,0.0002093882,8.728077e-05,-4.838398e-05,-0.0001887687,-0.000327291,-0.0004590074,-0.0005774598,-0.0006756573,-0.0007509362,-0.0008036668,-0.0008318194,-0.0008318505,-0.0008007702,-0.0007394491,-0.000655366,-0.0005620273,-0.0004674932,-0.0003753372,-0.000288464,-0.0002095094,-0.0001363545,-6.706658e-05,4.773744e-06,8.63768e-05,0.0001876422,0.0003074642,0.0004362456,0.0005587897,0.0006670589,0.0007571753,0.0008327317,0.0008954464,0.0009500337,0.0009970063,0.001042143,0.00108575,0.001129457,0.001163906,0.001182724,0.001176534,0.001143969,0.001068886,0.0009101785,0.0005945457,0.000173482,2.898482e-05,2.208077e-05,NaN,NaN,NaN,NaN,NaN,NaN,NaN,NaN,NaN,NaN,NaN,NaN,NaN,NaN,NaN,NaN,NaN,NaN
NaN,NaN,NaN,NaN,NaN,NaN,NaN,NaN,NaN,NaN,NaN,NaN,NaN,NaN,NaN,NaN,NaN,NaN,NaN,2.965232e-08,2.51917e-07,8.58463e-06,3.050538e-05,5.308212e-05,7.068239e-05,8.358793e-05,9.352624e-05,0.000102446,0.0001103636,0.0001161294,0.0001186161,0.0001188002,0.0001204012,0.0001264289,0.0001343231,0.0001325089,0.0001070329,5.125071e-05,-2.576026e-05,-0.0001043903,-0.0001619549,-0.0001845602,-0.0001680492,-0.0001167736,-3.597976e-05,6.710184e-05,0.0001857131,0.0003090719,0.0004239249,0.0005147369,0.0005703108,0.0005837154,0.0005550169,0.0004884254,0.0003895528,0.0002612398,0.0001080955,-6.19642e-05,-0.0002376995,-0.0004111846,-0.0005759416,-0.0007240613,-0.0008469012,-0.0009412836,-0.001007253,-0.001042254,-0.001041819,-0.001002664,-0.0009260625,-0.0008215512,-0.0007057831,-0.0005887786,-0.0004748311,-0.0003675101,-0.0002697801,-0.0001788472,-9.223252e-05,-1.680099e-06,0.0001016127,0.000229538,0.0003800059,0.0005405302,0.0006927678,0.0008272476,0.0009393754,0.001033459,0.001110727,0.001178216,0.001236847,0.001294236,0.001349519,0.001403434,0.001445865,0.001470767,0.001467905,0.001438481,0.001367073,0.001220433,0.0009183665,0.0003958542,4.406429e-05,2.17175e-05,NaN,NaN,NaN,NaN,NaN,NaN,NaN,NaN,NaN,NaN,NaN,NaN,NaN,NaN,NaN,NaN,NaN,NaN
NaN,NaN,NaN,NaN,NaN,NaN,NaN,NaN,NaN,NaN,NaN,NaN,NaN,NaN,NaN,NaN,NaN,NaN,NaN,-1.117832e-08,1.005212e-06,1.625033e-05,4.293073e-05,6.792356e-05,8.810966e-05,0.0001022538,0.0001139449,0.0001239128,0.0001335501,0.000140193,0.0001435269,0.000143616,0.0001459297,0.000153215,0.0001626397,0.0001590649,0.0001261307,5.606292e-05,-3.898259e-05,-0.000134985,-0.000204347,-0.0002306859,-0.000209311,-0.000145659,-4.638725e-05,7.984831e-05,0.0002244591,0.0003745693,0.0005137375,0.0006238021,0.0006908451,0.0007071279,0.0006719853,0.0005909493,0.0004700361,0.0003136667,0.0001267663,-7.978928e-05,-0.0002933227,-0.0005032392,-0.0007029559,-0.0008820274,-0.001031124,-0.001145096,-0.001225059,-0.001266583,-0.001265888,-0.001217871,-0.001125909,-0.001000189,-0.0008621186,-0.0007218078,-0.000586184,-0.0004576932,-0.0003414775,-0.0002318604,-0.0001272533,-1.599169e-05,0.0001100045,0.0002663367,0.0004479865,0.0006426163,0.0008253583,0.0009873549,0.001120625,0.001233704,0.001326371,0.00140897,0.001479064,0.001548782,0.001614144,0.001681357,0.001731865,0.001762831,0.001758259,0.001729957,0.0016621,0.00152989,0.001247319,0.0007306595,9.980994e-05,2.232858e-05,NaN,NaN,NaN,NaN,NaN,NaN,NaN,NaN,NaN,NaN,NaN,NaN,NaN,NaN,NaN,NaN,NaN,NaN
NaN,NaN,NaN,NaN,NaN,NaN,NaN,NaN,NaN,NaN,NaN,NaN,NaN,NaN,NaN,NaN,NaN,NaN,NaN,-8.319601e-08,3.652246e-06,2.464127e-05,5.59464e-05,8.304824e-05,0.0001062858,0.0001212431,0.0001350576,0.000145642,0.0001573879,0.0001644897,0.0001691097,0.0001688029,0.0001724099,0.000180612,0.0001917772,0.0001852443,0.0001440195,5.772908e-05,-5.612766e-05,-0.000170452,-0.0002509089,-0.0002805039,-0.0002525346,-0.0001754275,-5.569413e-05,9.478958e-05,0.0002669918,0.000444286,0.0006085995,0.0007376009,0.0008161852,0.0008343318,0.0007920536,0.0006947432,0.0005500991,0.0003630635,0.0001406704,-0.0001046883,-0.0003576642,-0.000606111,-0.0008419224,-0.001052914,-0.001228548,-0.001362799,-0.001456825,-0.001505083,-0.001503653,-0.001446777,-0.001339279,-0.001192698,-0.001032482,-0.0008695879,-0.0007125328,-0.0005632672,-0.0004282272,-0.0002996529,-0.0001765895,-4.407713e-05,0.0001059534,0.0002921524,0.0005064766,0.0007348483,0.0009478948,0.001137387,0.001293057,0.001426076,0.001533303,0.001630248,0.001712614,0.001797062,0.001874667,0.001952903,0.002009215,0.002045539,0.002040376,0.002013687,0.001942919,0.001821855,0.001556628,0.001085553,0.0002887727,2.323962e-05,NaN,NaN,NaN,NaN,NaN,NaN,NaN,NaN,NaN,NaN,NaN,NaN,NaN,NaN,NaN,NaN,NaN,NaN
NaN,NaN,NaN,NaN,NaN,NaN,NaN,NaN,NaN,NaN,NaN,NaN,NaN,NaN,NaN,NaN,NaN,NaN,NaN,-2.753383e-07,8.923114e-06,3.313089e-05,6.947863e-05,9.846283e-05,0.0001249526,0.0001404851,0.0001564562,0.0001673788,0.0001812898,0.0001887726,0.0001948398,0.0001940683,0.0001990927,0.0002082411,0.0002209409,0.0002105653,0.0001595544,5.56144e-05,-7.796942e-05,-0.0002104693,-0.0003011955,-0.000332448,-0.0002962855,-0.0002038333,-6.226692e-05,0.0001138577,0.0003143066,0.0005192927,0.0007082607,0.0008556781,0.0009444915,0.0009633966,0.0009121465,0.000796863,0.0006260845,0.0004062895,0.0001454709,-0.000140752,-0.0004352002,-0.000722935,-0.0009958015,-0.001239155,-0.001441978,-0.001596198,-0.001704284,-0.001758678,-0.001756742,-0.001690942,-0.00156876,-0.001402059,-0.001221111,-0.001036295,-0.0008588727,-0.0006893263,-0.0005363483,-0.0003888857,-0.0002467498,-9.181216e-05,8.291117e-05,0.0002990211,0.0005455677,0.0008084188,0.001052063,0.001268603,0.00144526,0.001597087,0.001720809,0.001833816,0.001929242,0.002026889,0.002115783,0.00220794,0.002272059,0.002311908,0.002301298,0.002271343,0.002200871,0.002090629,0.001840181,0.00140946,0.0006285434,3.199965e-05,NaN,NaN,NaN,NaN,NaN,NaN,NaN,NaN,NaN,NaN,NaN,NaN,NaN,NaN,NaN,NaN,NaN,NaN
NaN,NaN,NaN,NaN,NaN,NaN,NaN,NaN,NaN,NaN,NaN,NaN,NaN,NaN,NaN,NaN,NaN,NaN,4.862784e-07,-3.886805e-07,1.456545e-05,4.223069e-05,8.298354e-05,0.000114553,0.0001436021,0.0001600803,0.0001775779,0.0001891033,0.0002046974,0.0002127472,0.0002199796,0.0002190816,0.0002255397,0.0002357357,0.0002493766,0.0002340661,0.0001718185,4.897113e-05,-0.000104688,-0.0002547359,-0.0003539807,-0.0003849037,-0.000338166,-0.0002285964,-6.336965e-05,0.0001391971,0.0003684342,0.0006002956,0.0008131528,0.0009770467,0.001074631,0.001091781,0.001029698,0.0008933303,0.0006938755,0.0004376842,0.0001365517,-0.0001933022,-0.0005304526,-0.0008596086,-0.00116957,-0.001445714,-0.001674521,-0.001849162,-0.001970266,-0.002031485,-0.002028088,-0.001954892,-0.001818255,-0.001634069,-0.001433065,-0.001229469,-0.001031994,-0.0008445148,-0.0006725921,-0.0005076607,-0.0003452761,-0.0001694723,3.198155e-05,0.0002770421,0.0005579115,0.000851456,0.001125916,0.00136659,0.001567448,0.00173687,0.001878008,0.00200348,0.002115928,0.002227452,0.002334036,0.0024335,0.002506461,0.002545142,0.002536488,0.002499142,0.002427325,0.002316036,0.002087969,0.001689281,0.0009915461,7.336536e-05,1.488235e-05,NaN,NaN,NaN,NaN,NaN,NaN,NaN,NaN,NaN,NaN,NaN,NaN,NaN,NaN,NaN,NaN,NaN
NaN,NaN,NaN,NaN,NaN,NaN,NaN,NaN,NaN,NaN,NaN,NaN,NaN,NaN,NaN,NaN,NaN,NaN,5.283198e-07,-7.076628e-08,1.943976e-05,5.274524e-05,9.624349e-05,0.0001319043,0.0001617564,0.0001804774,0.000197756,0.0002110246,0.0002267212,0.0002366519,0.0002437266,0.0002440016,0.0002506028,0.0002630992,0.0002758674,0.000255684,0.0001793234,3.781973e-05,-0.0001369565,-0.0003017685,-0.0004082707,-0.000434834,-0.0003759969,-0.0002459524,-5.670487e-05,0.0001740061,0.0004307661,0.0006893303,0.0009230623,0.001101747,0.001204273,0.001217402,0.001140436,0.0009802736,0.0007479533,0.0004525719,0.0001068521,-0.0002690073,-0.0006513136,-0.00102212,-0.001369623,-0.001678258,-0.001932951,-0.00212705,-0.002260566,-0.002328123,-0.002323722,-0.002244363,-0.002095139,-0.001896177,-0.00167751,-0.001457534,-0.001241406,-0.001037794,-0.0008476959,-0.0006665644,-0.0004827505,-0.0002861613,-5.724146e-05,0.0002145472,0.0005288703,0.0008520142,0.001157992,0.001420485,0.001644561,0.001828739,0.001991618,0.002130785,0.002263299,0.00238522,0.00251051,0.002619833,0.002707477,0.00274072,0.002731494,0.002677713,0.002614878,0.002498157,0.002297461,0.001910794,0.001307924,0.0002562852,1.58017e-05,NaN,NaN,NaN,NaN,NaN,NaN,NaN,NaN,NaN,NaN,NaN,NaN,NaN,NaN,NaN,NaN,NaN
NaN,NaN,NaN,NaN,NaN,NaN,NaN,NaN,NaN,NaN,NaN,NaN,NaN,NaN,NaN,NaN,NaN,NaN,1.992454e-07,2.124715e-06,2.343967e-05,6.512754e-05,0.0001092065,0.0001507793,0.0001793286,0.0002016193,0.0002167812,0.0002330066,0.0002471449,0.000260042,0.0002655738,0.0002683708,0.0002741578,0.0002898466,0.0002998279,0.0002742492,0.0001815331,2.172257e-05,-0.0001740049,-0.0003504411,-0.0004615301,-0.0004796289,-0.0004061156,-0.000252771,-3.851989e-05,0.0002210011,0.0005039255,0.000787221,0.001038546,0.001228491,0.001331912,0.001336953,0.001240816,0.001052249,0.0007822897,0.0004429008,4.927432e-05,-0.0003758568,-0.0008053216,-0.001219747,-0.001604693,-0.00194531,-0.002224142,-0.002437478,-0.002582338,-0.002657011,-0.002651385,-0.002568409,-0.002408427,-0.002198731,-0.001964581,-0.001732467,-0.001498941,-0.001281786,-0.001072867,-0.0008768605,-0.0006712308,-0.0004557028,-0.0001984491,9.884423e-05,0.0004473956,0.0007956262,0.001131692,0.001413522,0.001663801,0.001863264,0.002047775,0.002198471,0.002354929,0.00249129,0.002642072,0.002755907,0.00285771,0.002883978,0.002882101,0.002812221,0.002752869,0.002622628,0.002454115,0.002080041,0.001576534,0.0005941128,1.94535e-05,NaN,NaN,NaN,NaN,NaN,NaN,NaN,NaN,NaN,NaN,NaN,NaN,NaN,NaN,NaN,NaN,NaN
NaN,NaN,NaN,NaN,NaN,NaN,NaN,NaN,NaN,NaN,NaN,NaN,NaN,NaN,NaN,NaN,NaN,NaN,-4.837972e-09,5.745447e-06,2.788312e-05,7.921158e-05,0.000123047,0.0001709077,0.0001969335,0.000223193,0.0002349175,0.000254566,0.0002658831,0.000282596,0.0002855352,0.0002918304,0.0002956659,0.0003154346,0.0003206712,0.0002894381,0.0001778317,9.171825e-07,-0.0002150771,-0.0003984804,-0.0005111701,-0.0005154134,-0.0004249732,-0.0002447436,-5.71862e-06,0.0002834308,0.0005895416,0.0008956495,0.0011591,0.00135664,0.00145448,0.001447172,0.001325046,0.001103608,0.0007892997,0.0004019002,-4.606778e-05,-0.0005233416,-0.001003756,-0.001461393,-0.001884727,-0.002255832,-0.002559141,-0.002789475,-0.002946055,-0.003026613,-0.003022223,-0.002936852,-0.002770903,-0.00255322,-0.00230887,-0.002066234,-0.001819124,-0.001588428,-0.001363783,-0.001152043,-0.0009259447,-0.0006892155,-0.000406439,-8.404592e-05,0.0002935386,0.0006689733,0.001032167,0.001334918,0.001606157,0.001822824,0.002030461,0.002200827,0.00238025,0.002533834,0.002705578,0.002836134,0.00295303,0.002977703,0.002971497,0.002887462,0.002833789,0.002702975,0.002554995,0.002197001,0.001765527,0.000912745,2.908814e-05,NaN,NaN,NaN,NaN,NaN,NaN,NaN,NaN,NaN,NaN,NaN,NaN,NaN,NaN,NaN,NaN,NaN
NaN,NaN,NaN,NaN,NaN,NaN,NaN,NaN,NaN,NaN,NaN,NaN,NaN,NaN,NaN,NaN,NaN,NaN,-5.714906e-07,9.987953e-06,3.440106e-05,9.436614e-05,0.0001389879,0.0001915273,0.0002156038,0.0002441502,0.0002529888,0.0002746995,0.0002837577,0.0003029917,0.000303991,0.0003131167,0.0003160764,0.000338678,0.0003387695,0.0002993726,0.0001690921,-2.488861e-05,-0.0002573298,-0.000444208,-0.0005525178,-0.0005392579,-0.0004273604,-0.0002190098,4.633194e-05,0.0003631332,0.0006904616,0.001014129,0.001285048,0.001483132,0.00156964,0.00154264,0.00138835,0.001126308,0.0007610201,0.000318424,-0.0001883804,-0.0007225256,-0.001256613,-0.001759833,-0.002221424,-0.002621979,-0.002948068,-0.003194619,-0.003362686,-0.003449667,-0.003448048,-0.003362918,-0.003195533,-0.002973826,-0.002724249,-0.002474451,-0.002217429,-0.001973522,-0.001734688,-0.001505813,-0.001262097,-0.001003471,-0.0006982187,-0.0003488803,5.434028e-05,0.0004556659,0.000839941,0.001166124,0.001457925,0.001699141,0.001924997,0.002119767,0.002321696,0.00250624,0.002701285,0.002851564,0.002975651,0.003009324,0.0030004,0.002918082,0.002850391,0.002728293,0.002588467,0.00227745,0.00188529,0.001179869,7.424152e-05,NaN,NaN,NaN,NaN,NaN,NaN,NaN,NaN,NaN,NaN,NaN,NaN,NaN,NaN,NaN,NaN,NaN
NaN,NaN,NaN,NaN,NaN,NaN,NaN,NaN,NaN,NaN,NaN,NaN,NaN,NaN,NaN,NaN,NaN,5.908036e-07,-1.469249e-06,1.369085e-05,4.499773e-05,0.0001102556,0.0001586467,0.0002120688,0.0002362687,0.0002639096,0.0002715704,0.0002926085,0.0003009739,0.0003207119,0.0003214152,0.0003316976,0.0003351385,0.0003588213,0.0003540528,0.0003040556,0.0001557457,-5.462685e-05,-0.0002984497,-0.0004841687,-0.0005814882,-0.0005465809,-0.0004090186,-0.0001713785,0.0001206306,0.0004625001,0.0008075598,0.001142928,0.001414653,0.001605502,0.001672637,0.001617735,0.001422838,0.001112067,0.0006875895,0.0001828912,-0.0003900134,-0.0009857031,-0.001577527,-0.002126752,-0.002627235,-0.003055882,-0.003404859,-0.003665395,-0.003845792,-0.003938186,-0.003942872,-0.003859508,-0.003697388,-0.00347479,-0.003227334,-0.002971457,-0.002709813,-0.002451121,-0.002202661,-0.001954199,-0.001695949,-0.001411455,-0.001089116,-0.000712111,-0.0002914605,0.0001405153,0.0005410173,0.0008954278,0.001200385,0.001471869,0.001717106,0.001950081,0.002172402,0.002395198,0.00260688,0.002797144,0.002929292,0.002984883,0.00295788,0.002886363,0.002806352,0.002716609,0.002567879,0.002315512,0.001925578,0.001407469,0.0002983062,4.295602e-06,NaN,NaN,NaN,NaN,NaN,NaN,NaN,NaN,NaN,NaN,NaN,NaN,NaN,NaN,NaN,NaN
NaN,NaN,NaN,NaN,NaN,NaN,NaN,NaN,NaN,NaN,NaN,NaN,NaN,NaN,NaN,NaN,NaN,4.776835e-07,-1.973448e-06,1.761723e-05,6.022888e-05,0.0001273191,0.0001821994,0.0002325563,0.0002590367,0.0002818824,0.0002907805,0.0003078157,0.0003178887,0.0003348243,0.0003378028,0.0003467236,0.0003536558,0.0003751077,0.0003669359,0.0003023543,0.0001394182,-8.702927e-05,-0.0003341333,-0.0005152776,-0.0005927641,-0.0005338569,-0.0003645323,-9.927489e-05,0.0002210827,0.0005823054,0.0009424009,0.001279525,0.001546219,0.001718363,0.001759454,0.001664313,0.001421107,0.001049484,0.000558731,-1.871018e-05,-0.0006619439,-0.001326496,-0.001977879,-0.002577624,-0.00311555,-0.003572474,-0.003940951,-0.00421623,-0.004407674,-0.004507715,-0.004519069,-0.004441854,-0.004288883,-0.004071407,-0.003830321,-0.003574084,-0.003310455,-0.003038635,-0.002779838,-0.002511891,-0.002240804,-0.001932421,-0.001594399,-0.001190322,-0.0007534034,-0.0002953037,0.0001181262,0.0005010833,0.0008238676,0.001131595,0.001395955,0.00166916,0.001918091,0.002192136,0.002431856,0.002660889,0.002801497,0.002887369,0.002858028,0.002810127,0.002708287,0.002649402,0.00249827,0.002319986,0.001933663,0.001565172,0.0005944049,8.838206e-06,NaN,NaN,NaN,NaN,NaN,NaN,NaN,NaN,NaN,NaN,NaN,NaN,NaN,NaN,NaN,NaN
NaN,NaN,NaN,NaN,NaN,NaN,NaN,NaN,NaN,NaN,NaN,NaN,NaN,NaN,NaN,NaN,NaN,2.558986e-07,3.420796e-07,2.281061e-05,8.06023e-05,0.0001466327,0.0002096427,0.0002533068,0.0002834633,0.0002985138,0.0003100214,0.000320378,0.0003336962,0.0003456968,0.0003526147,0.0003585845,0.0003707325,0.0003880198,0.0003767926,0.0002955997,0.0001207588,-0.000118874,-0.0003617717,-0.0005319522,-0.0005817415,-0.0004953502,-0.0002910106,1.435883e-06,0.0003486708,0.0007236198,0.001093093,0.001423404,0.001675632,0.001817045,0.001820623,0.001674097,0.001372157,0.0009283355,0.0003614494,-0.0002976442,-0.001018973,-0.001758687,-0.002473434,-0.003124485,-0.003699127,-0.004184264,-0.004571909,-0.004860422,-0.005062309,-0.005169588,-0.00518969,-0.005120991,-0.004982354,-0.004775329,-0.004547134,-0.004293721,-0.004031266,-0.00374707,-0.003480281,-0.003193833,-0.002909864,-0.002577251,-0.002225869,-0.001799157,-0.001350807,-0.0008660748,-0.0004391211,-2.759799e-05,0.0003114991,0.0006558757,0.0009494576,0.001272566,0.001555421,0.00188142,0.002152684,0.002437528,0.002603178,0.002726371,0.002694027,0.002668848,0.002569288,0.0025509,0.002404824,0.002284162,0.001908204,0.001660481,0.0008236741,2.052826e-05,NaN,NaN,NaN,NaN,NaN,NaN,NaN,NaN,NaN,NaN,NaN,NaN,NaN,NaN,NaN,NaN
NaN,NaN,NaN,NaN,NaN,NaN,NaN,NaN,NaN,NaN,NaN,NaN,NaN,NaN,NaN,NaN,NaN,4.050528e-08,4.321557e-06,3.178811e-05,0.0001050675,0.0001694641,0.0002396945,0.0002751153,0.0003082577,0.0003138201,0.0003282398,0.0003303876,0.0003477162,0.0003531105,0.0003655192,0.0003672328,0.000386339,0.000397222,0.0003840635,0.0002847122,0.0001021545,-0.0001471275,-0.0003762676,-0.0005298732,-0.0005438434,-0.0004273791,-0.0001841147,0.0001325053,0.000505412,0.0008865925,0.001258745,0.001568922,0.001797005,0.001893859,0.001850142,0.00163635,0.00126483,0.0007346924,8.276466e-05,-0.0006703445,-0.001473545,-0.002295046,-0.003074544,-0.003782641,-0.004392724,-0.004905444,-0.005307024,-0.00560983,-0.005819723,-0.005936869,-0.005963172,-0.005907461,-0.005784283,-0.005595045,-0.005381449,-0.005140519,-0.004879942,-0.00458865,-0.004308902,-0.004008267,-0.003710353,-0.003361987,-0.00299406,-0.002551112,-0.002086752,-0.001587847,-0.00114458,-0.0007115249,-0.0003424771,3.753144e-05,0.0003685996,0.0007347412,0.001069326,0.001453836,0.001783303,0.002113273,0.002320735,0.002482448,0.002485588,0.002485816,0.002399668,0.002403316,0.002296792,0.002224269,0.001900503,0.001681772,0.001016859,2.932242e-05,NaN,NaN,NaN,NaN,NaN,NaN,NaN,NaN,NaN,NaN,NaN,NaN,NaN,NaN,NaN,NaN
NaN,NaN,NaN,NaN,NaN,NaN,NaN,NaN,NaN,NaN,NaN,NaN,NaN,NaN,NaN,NaN,NaN,-1.950285e-07,1.106061e-05,4.624131e-05,0.0001332763,0.000197174,0.0002711112,0.000298656,0.0003316503,0.0003284893,0.0003436464,0.0003386801,0.0003582662,0.000358144,0.0003747523,0.0003738918,0.0003991434,0.0004046291,0.0003876834,0.0002720493,8.443675e-05,-0.0001661166,-0.0003745424,-0.0005022405,-0.00047568,-0.0003241282,-4.280011e-05,0.0002973737,0.0006893344,0.001070212,0.001434039,0.00171384,0.001902716,0.001941556,0.00183443,0.00154037,0.001084108,0.0004562162,-0.0002917932,-0.001145891,-0.002040774,-0.002948964,-0.003796839,-0.00456034,-0.005204985,-0.005744096,-0.006158883,-0.006472776,-0.00668854,-0.006813475,-0.006845036,-0.006802473,-0.006696778,-0.006531255,-0.00633708,-0.006113762,-0.005856542,-0.005562526,-0.005270358,-0.004961254,-0.004646969,-0.004287884,-0.003902631,-0.003454333,-0.002975664,-0.002467882,-0.002002525,-0.001554972,-0.001152964,-0.0007448947,-0.0003583663,5.397091e-05,0.0004558789,0.000892018,0.001294388,0.001682807,0.001964018,0.002166388,0.002222282,0.002242244,0.00221377,0.002236115,0.002196256,0.002139759,0.00190485,0.001663613,0.001228856,0.0001061335,NaN,NaN,NaN,NaN,NaN,NaN,NaN,NaN,NaN,NaN,NaN,NaN,NaN,NaN,NaN,NaN
NaN,NaN,NaN,NaN,NaN,NaN,NaN,NaN,NaN,NaN,NaN,NaN,NaN,NaN,NaN,NaN,NaN,-3.889137e-07,1.946531e-05,6.81539e-05,0.0001643519,0.0002300785,0.0003017976,0.000323598,0.0003519915,0.0003424958,0.0003548844,0.0003450548,0.0003643064,0.0003605629,0.0003795602,0.000378827,0.000409289,0.0004106619,0.0003882288,0.0002595507,7.101846e-05,-0.0001721007,-0.0003519437,-0.000444165,-0.0003720974,-0.0001827104,0.0001349505,0.0004959112,0.0008997896,0.001270998,0.001614409,0.001850993,0.001984878,0.001948845,0.001761072,0.001372711,0.000818413,7.993883e-05,-0.0007761742,-0.001740576,-0.002731177,-0.003729277,-0.00464688,-0.005466865,-0.006143606,-0.006706296,-0.007130072,-0.007452261,-0.007668996,-0.007799358,-0.007831908,-0.007802711,-0.007712747,-0.007575714,-0.007402467,-0.007205496,-0.00695311,-0.006662986,-0.006356274,-0.006045265,-0.005715923,-0.005356474,-0.0049534,-0.004507186,-0.004011907,-0.003509451,-0.003023219,-0.002569323,-0.002123339,-0.0016877,-0.001242995,-0.0007918749,-0.0003079195,0.0001910344,0.0006924266,0.001134196,0.001507026,0.00176257,0.001912996,0.001968062,0.002006334,0.00204259,0.002097382,0.002068318,0.001946454,0.001638666,0.001408192,0.0004173718,NaN,NaN,NaN,NaN,NaN,NaN,NaN,NaN,NaN,NaN,NaN,NaN,NaN,NaN,NaN,NaN
NaN,NaN,NaN,NaN,NaN,NaN,NaN,NaN,NaN,NaN,NaN,NaN,NaN,NaN,NaN,NaN,1.083377e-06,1.639449e-07,3.25523e-05,9.679939e-05,0.0001985089,0.0002669038,0.0003318622,0.0003488996,0.0003683581,0.0003547936,0.0003608197,0.0003488402,0.0003645123,0.0003609006,0.0003801657,0.0003828573,0.0004151206,0.0004157847,0.0003862815,0.0002517222,6.442302e-05,-0.0001593176,-0.0003044694,-0.0003501891,-0.000231821,5.565817e-07,0.0003485465,0.0007283567,0.001132745,0.001487823,0.001792017,0.001971716,0.002029607,0.001906786,0.001618559,0.001121758,0.0004505966,-0.0004058894,-0.001382802,-0.002461281,-0.003555964,-0.004640451,-0.005630309,-0.006501106,-0.00721112,-0.007789048,-0.008219214,-0.008540236,-0.008754851,-0.008881665,-0.0089134,-0.00889113,-0.008817472,-0.008706135,-0.008557316,-0.008390331,-0.008151414,-0.00786791,-0.007551953,-0.00724128,-0.006905243,-0.006550685,-0.006137755,-0.005699793,-0.005198562,-0.004702993,-0.004201105,-0.003743372,-0.003264584,-0.002805031,-0.002297016,-0.001795821,-0.001228792,-0.0006653304,-6.441658e-05,0.0004632574,0.0009505481,0.001283608,0.001530914,0.001639884,0.001778807,0.001863494,0.002011837,0.00201497,0.0019906,0.001667545,0.001548065,0.0006605574,-3.294081e-06,NaN,NaN,NaN,NaN,NaN,NaN,NaN,NaN,NaN,NaN,NaN,NaN,NaN,NaN,NaN
NaN,NaN,NaN,NaN,NaN,NaN,NaN,NaN,NaN,NaN,NaN,NaN,NaN,NaN,NaN,NaN,8.497886e-07,3.577833e-06,4.93058e-05,0.0001331845,0.0002346286,0.0003067207,0.0003589254,0.0003733146,0.0003789174,0.0003638067,0.0003601599,0.0003496291,0.0003587691,0.0003580588,0.0003750789,0.0003855154,0.0004186692,0.0004213342,0.0003831178,0.0002481081,6.88052e-05,-0.0001232905,-0.0002262808,-0.0002172448,-5.09762e-05,0.0002257458,0.0005986974,0.0009914858,0.001384473,0.0017112,0.001959525,0.002066315,0.002028355,0.001800478,0.001393021,0.000773165,-2.946168e-05,-0.001013466,-0.002118533,-0.003314031,-0.004515215,-0.00568424,-0.006742447,-0.007659139,-0.008397031,-0.008981732,-0.009409133,-0.009720337,-0.009925401,-0.01004265,-0.01006278,-0.01003893,-0.009975203,-0.009892019,-0.009769662,-0.009634434,-0.009410175,-0.009141046,-0.008823264,-0.008523365,-0.008187762,-0.007847898,-0.007433075,-0.007012151,-0.006512695,-0.006036324,-0.005528367,-0.005075058,-0.004565146,-0.004083843,-0.003523001,-0.002979441,-0.002327135,-0.001683815,-0.0009645103,-0.0003510342,0.0002599653,0.000695239,0.001084815,0.00128759,0.001524258,0.001662515,0.00192324,0.002005007,0.002098286,0.001748886,0.001655728,0.0007945689,1.216231e-05,NaN,NaN,NaN,NaN,NaN,NaN,NaN,NaN,NaN,NaN,NaN,NaN,NaN,NaN,NaN
NaN,NaN,NaN,NaN,NaN,NaN,NaN,NaN,NaN,NaN,NaN,NaN,NaN,NaN,NaN,NaN,1.01951e-06,1.258211e-05,7.1599e-05,0.0001765333,0.0002724321,0.0003482308,0.0003814043,0.0003948939,0.0003822064,0.0003693999,0.0003515607,0.0003465663,0.0003452044,0.0003528598,0.0003642603,0.0003882525,0.0004182146,0.0004285433,0.0003791453,0.0002546261,8.696034e-05,-5.918688e-05,-0.0001159589,-4.058741e-05,0.0001707724,0.0004943171,0.0008818074,0.00128346,0.001646869,0.001933287,0.002104755,0.00212636,0.001968069,0.001618814,0.001068152,0.0003168472,-0.0006318188,-0.001746153,-0.002987661,-0.004295371,-0.005606777,-0.006852084,-0.007974124,-0.008919643,-0.009676911,-0.01025766,-0.0106776,-0.01096267,-0.01114629,-0.0112368,-0.01124087,-0.01120408,-0.01114525,-0.0110816,-0.01098692,-0.01087934,-0.01067895,-0.0104278,-0.01012503,-0.009842096,-0.009522562,-0.00920326,-0.008806238,-0.008409628,-0.007932599,-0.007476022,-0.006980926,-0.006535706,-0.006019441,-0.005519442,-0.00491968,-0.004327434,-0.003605831,-0.002879179,-0.002052971,-0.00131536,-0.0005665777,6.044898e-06,0.0005326197,0.0008615383,0.001232266,0.001479973,0.001846843,0.002023727,0.002209961,0.001921301,0.001776686,0.0009745862,2.298294e-05,NaN,NaN,NaN,NaN,NaN,NaN,NaN,NaN,NaN,NaN,NaN,NaN,NaN,NaN,NaN
NaN,NaN,NaN,NaN,NaN,NaN,NaN,NaN,NaN,NaN,NaN,NaN,NaN,NaN,NaN,NaN,8.486128e-07,2.991899e-05,9.855375e-05,0.0002258795,0.000309808,0.0003881788,0.0003981032,0.0004112285,0.0003775895,0.0003685576,0.000334669,0.0003374346,0.0003243255,0.0003437171,0.0003494519,0.0003898989,0.0004150244,0.0004358825,0.0003778898,0.0002733659,0.0001244784,3.51566e-05,3.176833e-05,0.0001796281,0.000435567,0.0008024274,0.001194953,0.00159468,0.00191542,0.002147452,0.002219583,0.002133925,0.00183538,0.001348818,0.0006394251,-0.0002564274,-0.00135865,-0.002605736,-0.003985053,-0.005402983,-0.006813566,-0.008121478,-0.00929339,-0.01025523,-0.01101871,-0.01157999,-0.01197593,-0.01221894,-0.0123632,-0.01241063,-0.01239052,-0.0123324,-0.0122679,-0.01220717,-0.01213036,-0.01205465,-0.01189217,-0.0116645,-0.01138584,-0.01112312,-0.01084889,-0.0105686,-0.01021218,-0.009841061,-0.009403514,-0.008981827,-0.00852931,-0.008098233,-0.007596548,-0.007080662,-0.006476414,-0.005843401,-0.00507477,-0.004249087,-0.00332142,-0.002450769,-0.001571774,-0.0008214334,-0.0001313154,0.0003804973,0.0008733916,0.001274041,0.001751052,0.002093027,0.002359349,0.00218058,0.001901379,0.001273294,5.620478e-05,NaN,NaN,NaN,NaN,NaN,NaN,NaN,NaN,NaN,NaN,NaN,NaN,NaN,NaN,NaN
NaN,NaN,NaN,NaN,NaN,NaN,NaN,NaN,NaN,NaN,NaN,NaN,NaN,NaN,NaN,NaN,6.48744e-06,5.424052e-05,0.0001347298,0.0002762438,0.0003480973,0.0004218254,0.0004107718,0.0004181514,0.0003659872,0.0003570003,0.0003105771,0.0003196117,0.0002979301,0.0003287944,0.0003316716,0.0003888457,0.0004111515,0.0004439063,0.00038197,0.000304335,0.0001848488,0.0001632416,0.0002202232,0.0004430098,0.0007416096,0.001146519,0.001533948,0.001918781,0.002179591,0.002339751,0.00229187,0.002079768,0.001620904,0.000981623,9.925116e-05,-0.0009497661,-0.002211086,-0.003586391,-0.005095397,-0.006609724,-0.008108501,-0.009459466,-0.01066207,-0.01161857,-0.01237192,-0.01288851,-0.01323954,-0.01341741,-0.01351246,-0.0135023,-0.01344007,-0.01333584,-0.01325662,-0.01319219,-0.01313887,-0.01307368,-0.01295008,-0.01274943,-0.01252903,-0.01230535,-0.01209535,-0.01185594,-0.01157141,-0.01124662,-0.01088999,-0.01050051,-0.01011046,-0.009702596,-0.009263686,-0.008756319,-0.008170153,-0.007491588,-0.00671009,-0.005802387,-0.004809533,-0.003767997,-0.002750835,-0.001790958,-0.0009506704,-0.0002156089,0.0004357016,0.001050746,0.001631294,0.002174764,0.002517824,0.002538077,0.00209202,0.001676663,0.000286835,NaN,NaN,NaN,NaN,NaN,NaN,NaN,NaN,NaN,NaN,NaN,NaN,NaN,NaN,NaN
NaN,NaN,NaN,NaN,NaN,NaN,NaN,NaN,NaN,NaN,NaN,NaN,NaN,NaN,NaN,NaN,1.976427e-05,8.410832e-05,0.000177861,0.0003263437,0.0003862604,0.0004467013,0.0004166659,0.0004124285,0.0003465324,0.0003327494,0.0002796898,0.0002908769,0.0002673531,0.0003055531,0.0003122491,0.0003831507,0.000410077,0.0004514661,0.00039501,0.0003466611,0.0002738624,0.0003245506,0.0004530492,0.0007453097,0.001087357,0.001518018,0.001896003,0.002245392,0.002431307,0.002492455,0.00231314,0.001951969,0.001320734,0.000507581,-0.0005516651,-0.001761762,-0.003174175,-0.004673954,-0.006290916,-0.007885502,-0.009444429,-0.01082015,-0.01202062,-0.01294849,-0.01365852,-0.01410873,-0.01438621,-0.01447954,-0.01450146,-0.01442127,-0.01429515,-0.014131,-0.01401803,-0.01394431,-0.01390633,-0.01384187,-0.01375141,-0.0135912,-0.01344923,-0.01329243,-0.01316575,-0.01299238,-0.01280392,-0.0125505,-0.01229323,-0.01197043,-0.01167097,-0.0113169,-0.01095092,-0.01047409,-0.009950346,-0.009281234,-0.008508915,-0.007526774,-0.006455285,-0.005286898,-0.004143056,-0.002970051,-0.001917046,-0.000923324,-0.0001026228,0.0007260751,0.001467728,0.00224828,0.002734235,0.002917682,0.002389694,0.002042677,0.0007709177,NaN,NaN,NaN,NaN,NaN,NaN,NaN,NaN,NaN,NaN,NaN,NaN,NaN,NaN,NaN
NaN,NaN,NaN,NaN,NaN,NaN,NaN,NaN,NaN,NaN,NaN,NaN,NaN,NaN,NaN,NaN,3.105406e-05,0.0001199045,0.0002281654,0.000374441,0.0004213428,0.0004617529,0.0004137338,0.0003933932,0.000317398,0.0002964556,0.0002402502,0.000251078,0.0002305199,0.0002760987,0.0002921952,0.000374437,0.0004080743,0.0004587785,0.0004180169,0.0004083145,0.0003922892,0.000520294,0.0007258689,0.001086415,0.001468344,0.001912381,0.002267632,0.00256427,0.002659105,0.002601608,0.002271859,0.00174274,0.000926877,-6.999854e-05,-0.001309498,-0.002677968,-0.004228578,-0.005835983,-0.007533884,-0.00917915,-0.01076871,-0.01213938,-0.01330066,-0.01415398,-0.01477917,-0.01514519,-0.01533038,-0.01531185,-0.01522125,-0.01503955,-0.01485276,-0.01463035,-0.0144682,-0.01434999,-0.01430058,-0.01424562,-0.0142086,-0.01409821,-0.01404081,-0.01395912,-0.01395489,-0.01388846,-0.01382832,-0.01366676,-0.01352885,-0.01330578,-0.01313503,-0.01286527,-0.0126094,-0.0121986,-0.01176877,-0.01114414,-0.01042123,-0.00941376,-0.008300605,-0.007001022,-0.005724716,-0.004339688,-0.003090269,-0.001835102,-0.0007727995,0.0003249176,0.001257282,0.002258928,0.002909337,0.003331322,0.002817333,0.002417234,0.001003586,NaN,NaN,NaN,NaN,NaN,NaN,NaN,NaN,NaN,NaN,NaN,NaN,NaN,NaN,NaN
NaN,NaN,NaN,NaN,NaN,NaN,NaN,NaN,NaN,NaN,NaN,NaN,NaN,NaN,NaN,1.466992e-06,3.739754e-05,0.0001625903,0.0002812974,0.0004195606,0.000448498,0.0004649074,0.0004001058,0.0003607216,0.000277134,0.0002458681,0.000191482,0.0002001786,0.0001885414,0.0002393866,0.0002709511,0.0003610107,0.0004070622,0.0004659911,0.0004538386,0.0004876741,0.0005423134,0.0007488809,0.001038619,0.001459858,0.001880443,0.002318654,0.002640506,0.002861544,0.002855602,0.00265682,0.00216338,0.001445027,0.0004430237,-0.0007454539,-0.002154015,-0.003676004,-0.005338645,-0.007033743,-0.008774468,-0.01043827,-0.01200227,-0.01332657,-0.01439982,-0.01515052,-0.0156484,-0.01589074,-0.01593999,-0.01578897,-0.01556551,-0.01527505,-0.01500222,-0.01471072,-0.01448079,-0.01431187,-0.01423894,-0.01419181,-0.0142017,-0.01415759,-0.01419924,-0.0142278,-0.01436778,-0.01444101,-0.01453354,-0.0145082,-0.01452423,-0.0144417,-0.0144176,-0.01427179,-0.01416267,-0.01388076,-0.01357779,-0.01303728,-0.0123977,-0.01142232,-0.0103104,-0.008921654,-0.007514851,-0.005931755,-0.004462991,-0.002941646,-0.00162501,-0.0002423131,0.0009357843,0.002206211,0.003086415,0.003731197,0.003309944,0.002816498,0.001163016,-2.293084e-06,NaN,NaN,NaN,NaN,NaN,NaN,NaN,NaN,NaN,NaN,NaN,NaN,NaN,NaN
NaN,NaN,NaN,NaN,NaN,NaN,NaN,NaN,NaN,NaN,NaN,NaN,NaN,NaN,NaN,1.69102e-06,5.388011e-05,0.000206643,0.0003416217,0.0004543593,0.0004715788,0.0004513833,0.0003790917,0.0003097084,0.0002283408,0.0001776961,0.0001362913,0.0001357745,0.0001440126,0.0001932762,0.0002493585,0.0003405477,0.0004092752,0.0004738451,0.000503933,0.0005821074,0.0007243154,0.001009656,0.001389038,0.001856795,0.00231083,0.002726838,0.003007944,0.003130244,0.00300874,0.002645102,0.001983151,0.001064204,-0.0001210371,-0.001500171,-0.003059048,-0.004719248,-0.006462354,-0.008212231,-0.009949146,-0.01158435,-0.01306029,-0.01428229,-0.01521503,-0.01583032,-0.01616242,-0.01622426,-0.01609039,-0.01578251,-0.01542669,-0.01502977,-0.01463459,-0.01424513,-0.0139386,-0.0137366,-0.01365601,-0.01359013,-0.01362418,-0.01366177,-0.01384215,-0.01403367,-0.01432318,-0.01454553,-0.01481977,-0.01499062,-0.01521758,-0.01530472,-0.01544403,-0.01546461,-0.01554802,-0.01545371,-0.01531516,-0.01490292,-0.01439577,-0.01351258,-0.0124544,-0.01100886,-0.009500673,-0.007746391,-0.00607777,-0.004284182,-0.002676314,-0.0009796186,0.0004669045,0.002028475,0.003179271,0.004119777,0.003858928,0.003295189,0.001419988,2.391019e-05,NaN,NaN,NaN,NaN,NaN,NaN,NaN,NaN,NaN,NaN,NaN,NaN,NaN,NaN
NaN,NaN,NaN,NaN,NaN,NaN,NaN,NaN,NaN,NaN,NaN,NaN,NaN,NaN,NaN,1.647967e-06,8.753738e-05,0.0002482365,0.0004058061,0.0004768581,0.000491177,0.0004194105,0.0003489403,0.0002383282,0.0001713977,9.142817e-05,7.595855e-05,5.649785e-05,9.835181e-05,0.0001352927,0.000228927,0.0003104999,0.000416818,0.0004795759,0.0005712677,0.0006898936,0.0009407203,0.001295408,0.001773266,0.002265869,0.002753621,0.00312355,0.00336104,0.003356136,0.003114526,0.002562273,0.001737268,0.0006052136,-0.0007453403,-0.002310212,-0.00398491,-0.005763783,-0.007539187,-0.009306985,-0.0109716,-0.01252591,-0.01384867,-0.01492063,-0.01564542,-0.01606757,-0.01617136,-0.01603345,-0.01568607,-0.01520442,-0.01467151,-0.01415393,-0.01363695,-0.01317444,-0.01277636,-0.01253202,-0.01241411,-0.01236554,-0.01243385,-0.01258615,-0.01288862,-0.01326683,-0.01373133,-0.01417687,-0.01464811,-0.01505083,-0.01547621,-0.01582567,-0.01618157,-0.01644009,-0.01669556,-0.01681485,-0.01689655,-0.01674156,-0.01639522,-0.01564212,-0.01460663,-0.01323599,-0.01169463,-0.009838792,-0.007906852,-0.005843247,-0.003946976,-0.001987772,-0.0001835141,0.001686665,0.003206408,0.004383799,0.004444649,0.003783342,0.002015326,5.70515e-05,NaN,NaN,NaN,NaN,NaN,NaN,NaN,NaN,NaN,NaN,NaN,NaN,NaN,NaN
NaN,NaN,NaN,NaN,NaN,NaN,NaN,NaN,NaN,NaN,NaN,NaN,NaN,NaN,NaN,8.877745e-06,0.0001453102,0.0002907908,0.0004707561,0.0004895275,0.0005004626,0.0003738756,0.0003053372,0.0001526371,0.0001013082,-6.392271e-06,5.323166e-06,-3.223783e-05,4.536115e-05,7.155251e-05,0.0002052385,0.0002753655,0.0004209475,0.0004868235,0.0006522139,0.0008204628,0.001182711,0.001602978,0.002174668,0.002686055,0.003197672,0.003503796,0.003679874,0.00353491,0.003164731,0.002418817,0.00142858,9.143272e-05,-0.001408183,-0.003132521,-0.004890129,-0.00674526,-0.008505721,-0.01023553,-0.01175902,-0.01315936,-0.01427556,-0.01514041,-0.01559436,-0.01574747,-0.01556359,-0.01521001,-0.01463143,-0.01395828,-0.01320686,-0.0125495,-0.01192686,-0.01142687,-0.01093458,-0.01063863,-0.0104582,-0.0104734,-0.01060128,-0.01090305,-0.01131641,-0.01189934,-0.0125566,-0.01329013,-0.0139748,-0.01466405,-0.01530075,-0.01596894,-0.01656461,-0.01712653,-0.01759676,-0.01801184,-0.01830015,-0.01844375,-0.01828287,-0.01779061,-0.01685498,-0.01559,-0.01398732,-0.01211018,-0.009984022,-0.007758707,-0.005468559,-0.003226812,-0.001003837,0.00109443,0.003051165,0.004509847,0.005077357,0.004291991,0.00292552,0.0002981646,NaN,NaN,NaN,NaN,NaN,NaN,NaN,NaN,NaN,NaN,NaN,NaN,NaN,NaN
NaN,NaN,NaN,NaN,NaN,NaN,NaN,NaN,NaN,NaN,NaN,NaN,NaN,NaN,NaN,5.662246e-05,0.0002058481,0.0003446657,0.0005218695,0.000501913,0.000487016,0.0003233499,0.0002397167,6.220579e-05,1.020336e-05,-0.0001079822,-8.296934e-05,-0.0001219943,-2.209157e-05,7.452618e-06,0.0001677695,0.0002400674,0.0004166828,0.0005034161,0.000739781,0.0009736525,0.001439048,0.001930815,0.002580696,0.003110853,0.003624612,0.003859324,0.00395424,0.003667154,0.003157631,0.002223885,0.001069551,-0.0004489453,-0.002076043,-0.003920565,-0.005719458,-0.007588081,-0.009276683,-0.01090576,-0.01224272,-0.01342267,-0.01423907,-0.01481302,-0.0149413,-0.01480877,-0.01431255,-0.01367405,-0.01280876,-0.01193993,-0.01099294,-0.01022345,-0.00946393,-0.008921038,-0.008347167,-0.008045874,-0.007835723,-0.007929177,-0.00811109,-0.008591941,-0.009146946,-0.009988301,-0.01084098,-0.01186849,-0.01278359,-0.01381991,-0.01473664,-0.01575873,-0.01659646,-0.01749849,-0.01823632,-0.01903101,-0.01955218,-0.0199932,-0.02004266,-0.01987741,-0.01914037,-0.01805089,-0.01640742,-0.01455403,-0.01226759,-0.009940214,-0.007304335,-0.004777239,-0.002102211,0.0002879164,0.002730849,0.004468281,0.005585565,0.004837606,0.003891806,0.001357564,NaN,NaN,NaN,NaN,NaN,NaN,NaN,NaN,NaN,NaN,NaN,NaN,NaN,NaN
NaN,NaN,NaN,NaN,NaN,NaN,NaN,NaN,NaN,NaN,NaN,NaN,NaN,NaN,NaN,9.211776e-05,0.0002685422,0.0004028607,0.0005652963,0.0005063791,0.0004605826,0.0002631725,0.0001602331,-3.792973e-05,-9.470801e-05,-0.0002174093,-0.0001834747,-0.0002165435,-0.0001009512,-6.134635e-05,0.0001165701,0.0002013353,0.000405919,0.0005290356,0.0008310494,0.001141718,0.001703741,0.002272981,0.002982072,0.003524535,0.004017787,0.004183265,0.004180975,0.00375464,0.003095292,0.001990929,0.0006821623,-0.0009799883,-0.002705592,-0.004614256,-0.006411324,-0.008220647,-0.009777611,-0.01122809,-0.01232986,-0.01322158,-0.0136683,-0.01386752,-0.01362561,-0.01317071,-0.01235026,-0.01137804,-0.01020325,-0.00912712,-0.008011331,-0.007139668,-0.006247442,-0.005658029,-0.005043922,-0.004772885,-0.004588845,-0.00476651,-0.00503241,-0.005709105,-0.006459052,-0.00758085,-0.008656338,-0.00997076,-0.01115932,-0.01255907,-0.0138167,-0.01521216,-0.01635478,-0.01761607,-0.01866051,-0.01982094,-0.02064725,-0.021419,-0.02174408,-0.02188125,-0.02137349,-0.02050965,-0.018973,-0.0171828,-0.01479766,-0.01232229,-0.009419896,-0.006617418,-0.003552586,-0.0007858169,0.002127737,0.004292079,0.005898223,0.005456499,0.004640846,0.001932641,NaN,NaN,NaN,NaN,NaN,NaN,NaN,NaN,NaN,NaN,NaN,NaN,NaN,NaN
NaN,NaN,NaN,NaN,NaN,NaN,NaN,NaN,NaN,NaN,NaN,NaN,NaN,NaN,1.645764e-06,0.000111764,0.0003311203,0.0004586524,0.0005995736,0.0005019301,0.0004255194,0.0001927431,6.914252e-05,-0.000147921,-0.0002096565,-0.0003358446,-0.0002935279,-0.0003188043,-0.0001895768,-0.0001397515,5.36426e-05,0.0001545185,0.0003897677,0.0005565553,0.0009263043,0.001317381,0.001973531,0.002613868,0.003369058,0.003910817,0.004373909,0.004466246,0.004359479,0.003794514,0.00299214,0.001739337,0.0003022632,-0.001466236,-0.003242928,-0.005151101,-0.00688503,-0.008578924,-0.009944133,-0.01114022,-0.01191501,-0.0124473,-0.01250242,-0.01229486,-0.01163554,-0.0107824,-0.009602189,-0.008323866,-0.006862838,-0.005575581,-0.004274789,-0.003294803,-0.00232005,-0.001726185,-0.001115322,-0.0008922602,-0.0007673872,-0.001079103,-0.001493331,-0.002397688,-0.003363448,-0.004755301,-0.006097498,-0.007748038,-0.009248666,-0.01100011,-0.01258245,-0.01439967,-0.01594288,-0.01760364,-0.0189479,-0.02041903,-0.02160118,-0.02279136,-0.02343195,-0.02384071,-0.0235138,-0.02295623,-0.02166577,-0.0200069,-0.01753604,-0.01489598,-0.01181371,-0.008803968,-0.005350933,-0.002161351,0.001240622,0.003834524,0.005999623,0.006020307,0.005353074,0.00215897,-4.826916e-05,NaN,NaN,NaN,NaN,NaN,NaN,NaN,NaN,NaN,NaN,NaN,NaN,NaN
NaN,NaN,NaN,NaN,NaN,NaN,NaN,NaN,NaN,NaN,NaN,NaN,NaN,NaN,3.078141e-06,0.0001256854,0.0003968831,0.0005131355,0.0006273341,0.0004909125,0.0003802525,0.0001176481,-3.245546e-05,-0.0002618175,-0.0003354036,-0.0004561991,-0.0004153958,-0.000426788,-0.0002943662,-0.0002247316,-2.39881e-05,0.0001015373,0.0003586593,0.0005847459,0.001019794,0.001503751,0.002231745,0.002941347,0.003721865,0.004269224,0.004682382,0.004705476,0.004481921,0.003801495,0.002861686,0.001500911,-3.928884e-05,-0.001852739,-0.00363918,-0.005468789,-0.00708152,-0.008581946,-0.009707852,-0.01057165,-0.01095821,-0.01105256,-0.01070417,-0.01005716,-0.00896829,-0.007666971,-0.006128413,-0.004556919,-0.002848023,-0.001348057,0.000115937,0.001201441,0.002196246,0.002769083,0.003312896,0.003468068,0.003471463,0.002984757,0.002346548,0.001194153,-3.619615e-05,-0.001700994,-0.003347105,-0.005333965,-0.007184004,-0.009306573,-0.01127022,-0.01348411,-0.01543287,-0.01749413,-0.01923305,-0.02108257,-0.0225716,-0.02407116,-0.02503076,-0.02581351,-0.0258354,-0.02549045,-0.02434992,-0.02283987,-0.0204936,-0.01787191,-0.01455401,-0.01122389,-0.007427336,-0.003898198,-7.520278e-05,0.003098978,0.005891197,0.006498457,0.005985304,0.002446294,-9.973408e-06,NaN,NaN,NaN,NaN,NaN,NaN,NaN,NaN,NaN,NaN,NaN,NaN,NaN
NaN,NaN,NaN,NaN,NaN,NaN,NaN,NaN,NaN,NaN,NaN,NaN,NaN,NaN,3.234622e-06,0.0001565338,0.0004486871,0.0005772042,0.0006344978,0.0004885427,0.0003129455,5.265769e-05,-0.0001535591,-0.0003649483,-0.0004806861,-0.0005668332,-0.0005580579,-0.0005309657,-0.0004250652,-0.0003120004,-0.0001301822,4.750283e-05,0.0003072643,0.0006194458,0.00109816,0.001692122,0.002459433,0.003248465,0.004025345,0.00459486,0.004929622,0.004899297,0.004548606,0.003792458,0.002725989,0.001310119,-0.0003042861,-0.002086726,-0.003839011,-0.005520617,-0.006961721,-0.008163333,-0.008985947,-0.009455518,-0.009459957,-0.009079391,-0.008265433,-0.007123648,-0.005626802,-0.003910071,-0.002056703,-0.0001764124,0.001746366,0.003436,0.005002731,0.006178334,0.007133792,0.007656476,0.008058383,0.008117804,0.007934476,0.007227219,0.006282496,0.00486485,0.003319471,0.00136927,-0.0006306804,-0.002935488,-0.005160565,-0.007652583,-0.01006138,-0.01267096,-0.01502078,-0.017459,-0.01961459,-0.02187259,-0.02370251,-0.02544792,-0.02670026,-0.0278176,-0.02823235,-0.02815911,-0.02717135,-0.02581199,-0.02358447,-0.02105501,-0.01763472,-0.01402198,-0.009874938,-0.005960472,-0.001687216,0.001997877,0.005449955,0.006725615,0.006616001,0.002924262,3.672992e-05,NaN,NaN,NaN,NaN,NaN,NaN,NaN,NaN,NaN,NaN,NaN,NaN,NaN
NaN,NaN,NaN,NaN,NaN,NaN,NaN,NaN,NaN,NaN,NaN,NaN,NaN,NaN,6.638575e-06,0.0002405967,0.0004810383,0.0006576872,0.0006186645,0.0005002553,0.0002276196,4.706881e-06,-0.0002889277,-0.0004515486,-0.0006421284,-0.0006671451,-0.0007228095,-0.0006291561,-0.0005830543,-0.000401071,-0.0002715139,-7.078092e-06,0.0002318154,0.000661169,0.001145995,0.001870652,0.002643599,0.003531941,0.004263867,0.004872325,0.005103475,0.00505929,0.004567739,0.003786476,0.002601548,0.001203178,-0.0004569491,-0.0021207,-0.003794661,-0.00524,-0.006476142,-0.007293001,-0.007768868,-0.00777455,-0.007395138,-0.006506015,-0.00523964,-0.003568487,-0.001714603,0.0004127803,0.002511224,0.004693479,0.006743736,0.008609181,0.01016647,0.01141883,0.0122621,0.01275262,0.01290504,0.0128231,0.01231971,0.01142126,0.01008998,0.008421768,0.006440697,0.004222053,0.001801895,-0.0007606608,-0.003440949,-0.00624394,-0.009154306,-0.01209404,-0.01495122,-0.01770673,-0.02030969,-0.022802,-0.02507767,-0.0270787,-0.02872501,-0.02997172,-0.0306786,-0.03082884,-0.03028411,-0.02904849,-0.02697244,-0.02426714,-0.02093826,-0.01713355,-0.01285177,-0.008375078,-0.003713017,0.0006754692,0.004537211,0.006804832,0.006952871,0.004289248,0.0001681614,NaN,NaN,NaN,NaN,NaN,NaN,NaN,NaN,NaN,NaN,NaN,NaN,NaN
NaN,NaN,NaN,NaN,NaN,NaN,NaN,NaN,NaN,NaN,NaN,NaN,NaN,NaN,5.947201e-05,0.0003555657,0.0005091479,0.0007316333,0.0005987617,0.0005089064,0.0001505023,-4.358752e-05,-0.000412703,-0.0005381902,-0.0007935179,-0.000776027,-0.0008881487,-0.0007432121,-0.0007487745,-0.0005117361,-0.0004254118,-8.428616e-05,0.0001443798,0.0006805029,0.001174159,0.00201362,0.0027931,0.003761316,0.004444192,0.005072525,0.005217956,0.005173451,0.004571184,0.003784324,0.002528667,0.001196021,-0.0004437119,-0.001939032,-0.00345799,-0.004590631,-0.005549049,-0.005967306,-0.006069508,-0.005576056,-0.004763336,-0.003347815,-0.001685775,0.0004857017,0.002653583,0.005162986,0.007427156,0.00986337,0.01197265,0.01397069,0.01539684,0.0166306,0.01731873,0.01779909,0.0176325,0.01732072,0.01636209,0.01526561,0.01353336,0.01159787,0.009117368,0.006603752,0.003734151,0.0009176038,-0.002244986,-0.005336647,-0.008728257,-0.01197402,-0.01537446,-0.01843414,-0.02148074,-0.02412593,-0.02682837,-0.02908513,-0.03113413,-0.03246231,-0.0334038,-0.03370165,-0.03364484,-0.03252431,-0.030656,-0.02772659,-0.0245279,-0.02055228,-0.01622083,-0.0111761,-0.006206213,-0.001062284,0.003211846,0.006656445,0.007119321,0.006003221,0.001319109,NaN,NaN,NaN,NaN,NaN,NaN,NaN,NaN,NaN,NaN,NaN,NaN,NaN
NaN,NaN,NaN,NaN,NaN,NaN,NaN,NaN,NaN,NaN,NaN,NaN,NaN,NaN,0.0001693752,0.0004430577,0.0005635297,0.0007771965,0.0006045724,0.0004975304,0.0001050897,-0.0001027598,-0.0005017212,-0.0006364801,-0.0009144648,-0.0008998701,-0.001034045,-0.0008889376,-0.0009101531,-0.0006575051,-0.0005719936,-0.0001992321,4.973532e-05,0.0006538204,0.001193673,0.002106386,0.002902709,0.003905968,0.004567518,0.005194231,0.005287408,0.005228859,0.004574226,0.003797248,0.002544506,0.001308557,-0.0002266089,-0.001513547,-0.002797905,-0.003575898,-0.00418365,-0.004182649,-0.003888367,-0.002894536,-0.001644961,0.0002926951,0.002294112,0.004906034,0.007330803,0.01018501,0.01256668,0.01513335,0.01717396,0.01921905,0.02049483,0.02167843,0.02208478,0.02241976,0.02188554,0.02133832,0.01994267,0.01853283,0.01631367,0.0140623,0.01112387,0.008314204,0.004980367,0.001861182,-0.00175172,-0.005159448,-0.009027631,-0.01256235,-0.01637987,-0.01972282,-0.02324388,-0.02621138,-0.02919607,-0.03150588,-0.03381813,-0.03540673,-0.03680427,-0.0371305,-0.03715319,-0.03608663,-0.03459004,-0.03184955,-0.02858944,-0.02422027,-0.01974784,-0.01442241,-0.009245333,-0.003332761,0.001608299,0.00607277,0.007179327,0.007097569,0.002992656,NaN,NaN,NaN,NaN,NaN,NaN,NaN,NaN,NaN,NaN,NaN,NaN,NaN
NaN,NaN,NaN,NaN,NaN,NaN,NaN,NaN,NaN,NaN,NaN,NaN,NaN,NaN,0.0002202475,0.0005092726,0.0006183225,0.0008138601,0.0006179322,0.0004907337,7.597054e-05,-0.0001476133,-0.0005691078,-0.0007207916,-0.001018921,-0.001019128,-0.00117207,-0.001044276,-0.001076332,-0.0008275876,-0.0007314313,-0.0003411153,-5.711792e-05,0.0005910437,0.001185603,0.002138705,0.002953059,0.003964006,0.004622284,0.005244865,0.005314049,0.005236416,0.004579864,0.003843581,0.002667186,0.001564899,0.0002095284,-0.0008193848,-0.001803581,-0.002212121,-0.002431609,-0.001969274,-0.00125077,0.0002188418,0.001850013,0.004267388,0.006577411,0.009540485,0.01215385,0.01526334,0.01775177,0.02030801,0.02213813,0.02408783,0.02520247,0.02631785,0.02634321,0.02633702,0.025396,0.02457483,0.02281082,0.02098685,0.0182149,0.01559224,0.01223767,0.009134326,0.005348382,0.00187787,-0.002144079,-0.005856628,-0.01014094,-0.0139981,-0.01818619,-0.02179631,-0.0256663,-0.02891962,-0.03222509,-0.0346406,-0.03714243,-0.03884628,-0.04053978,-0.04105417,-0.04120409,-0.04016417,-0.03879424,-0.03618103,-0.0330475,-0.02841719,-0.02371979,-0.0180187,-0.01256984,-0.006121083,-0.0004976375,0.004951815,0.007030933,0.007763507,0.003659631,NaN,NaN,NaN,NaN,NaN,NaN,NaN,NaN,NaN,NaN,NaN,NaN,NaN
NaN,NaN,NaN,NaN,NaN,NaN,NaN,NaN,NaN,NaN,NaN,NaN,NaN,8.677954e-07,0.0002315493,0.0005703287,0.0006711737,0.0008530802,0.0006345173,0.0004988656,6.597358e-05,-0.0001659255,-0.0006090517,-0.000776708,-0.001102434,-0.001127369,-0.001304568,-0.001195874,-0.001243709,-0.001008347,-0.0009112241,-0.0005038991,-0.0001824297,0.0004976747,0.001128512,0.002102632,0.002938933,0.003948945,0.004600632,0.005210727,0.005285648,0.005224525,0.004606112,0.003944194,0.002891855,0.001974605,0.0008618771,0.0001405064,-0.0004982656,-0.0005083988,-0.0003252606,0.0006054937,0.001747819,0.003662975,0.005609026,0.00841031,0.01101215,0.01425509,0.01700337,0.02014995,0.02260601,0.02512041,0.026792,0.02850706,0.02925672,0.03002437,0.0297559,0.02946274,0.02811291,0.02679153,0.02451046,0.02230809,0.0191453,0.01612737,0.01230332,0.008799247,0.004655414,0.0008723101,-0.003516125,-0.007550363,-0.01215859,-0.01631256,-0.02087176,-0.02477573,-0.02887894,-0.03223326,-0.03582212,-0.03856022,-0.04130129,-0.04299402,-0.04460306,-0.04530462,-0.04586994,-0.04500108,-0.04356952,-0.04066692,-0.03760811,-0.03313179,-0.02834121,-0.02219611,-0.01616534,-0.009222538,-0.003105944,0.003245991,0.006523206,0.008266514,0.003879449,-9.285151e-05,NaN,NaN,NaN,NaN,NaN,NaN,NaN,NaN,NaN,NaN,NaN,NaN
NaN,NaN,NaN,NaN,NaN,NaN,NaN,NaN,NaN,NaN,NaN,NaN,NaN,2.362619e-06,0.0002390473,0.0006120669,0.0007291113,0.0008771934,0.0006694483,0.0005097509,9.677921e-05,-0.000170759,-0.0005981883,-0.0008161581,-0.001136235,-0.001229331,-0.001404833,-0.001357754,-0.001391103,-0.001205279,-0.001077134,-0.0006990898,-0.0003190507,0.0003479456,0.0010372,0.001989024,0.002873803,0.003844803,0.00452086,0.005082072,0.005215692,0.005183329,0.004678712,0.004095107,0.003236361,0.002525131,0.00173157,0.001319875,0.001083051,0.001473056,0.002099056,0.003445432,0.005007816,0.007293832,0.009525637,0.01254821,0.01543587,0.01883864,0.02170144,0.02466947,0.02696085,0.02931376,0.03088707,0.03222542,0.03252528,0.03268042,0.03212035,0.03150326,0.02977386,0.02785148,0.02501775,0.02235644,0.01889897,0.0154599,0.01125447,0.007305052,0.00285635,-0.001246081,-0.005914049,-0.01027817,-0.0151387,-0.01955997,-0.02436057,-0.02853702,-0.03287399,-0.03643341,-0.04015017,-0.04307938,-0.04596958,-0.0478402,-0.04953398,-0.05028495,-0.05094666,-0.05020622,-0.04887401,-0.04594636,-0.04273566,-0.03820034,-0.03325861,-0.02688893,-0.02042675,-0.01291726,-0.006102732,0.001128766,0.005606846,0.008250944,0.004188588,-2.178233e-05,NaN,NaN,NaN,NaN,NaN,NaN,NaN,NaN,NaN,NaN,NaN,NaN
NaN,NaN,NaN,NaN,NaN,NaN,NaN,NaN,NaN,NaN,NaN,NaN,NaN,3.064914e-06,0.0002963004,0.000614405,0.0008127083,0.0008709033,0.0007513121,0.0005075493,0.0001897077,-0.0001716892,-0.0005130278,-0.0008487827,-0.001099059,-0.001322084,-0.001441768,-0.001531203,-0.001499305,-0.001424088,-0.001206641,-0.0009257513,-0.0004535919,0.0001349443,0.0009287053,0.001801166,0.002757232,0.003633642,0.004389535,0.004888977,0.005139496,0.005100623,0.004784535,0.004285929,0.003713757,0.003209553,0.002791617,0.002670772,0.002887262,0.003651621,0.004764688,0.006430131,0.008386345,0.01092206,0.01351278,0.01665797,0.01970715,0.02294899,0.02589026,0.02867972,0.0309728,0.03279707,0.0340053,0.03477054,0.03484892,0.03450866,0.03348372,0.03211606,0.03001413,0.02757503,0.02449994,0.02119973,0.01735649,0.0134126,0.009037474,0.004690599,3.78749e-05,-0.004467545,-0.009267018,-0.0140011,-0.01902672,-0.02373984,-0.02852607,-0.03296294,-0.037474,-0.04151256,-0.0452161,-0.04814823,-0.05098334,-0.05324895,-0.0553021,-0.05616631,-0.05642875,-0.05571742,-0.05455859,-0.05218161,-0.04870749,-0.04372688,-0.03836031,-0.03201077,-0.02536908,-0.01736234,-0.009507901,-0.001521517,0.004209178,0.007700786,0.00508978,0.0001023459,NaN,NaN,NaN,NaN,NaN,NaN,NaN,NaN,NaN,NaN,NaN,NaN
NaN,NaN,NaN,NaN,NaN,NaN,NaN,NaN,NaN,NaN,NaN,NaN,NaN,2.914973e-05,0.0004152355,0.0005829743,0.000908612,0.0008481005,0.0008627742,0.0005124658,0.0003275019,-0.00014487,-0.0003718707,-0.0008414342,-0.001006308,-0.001381448,-0.001426617,-0.001671086,-0.001564917,-0.001634953,-0.001325707,-0.001157231,-0.0005787743,-0.0001018559,0.000788614,0.001545786,0.002585853,0.003346906,0.004204474,0.004644141,0.005054685,0.005001558,0.004918007,0.004518575,0.004291968,0.00399478,0.004000263,0.004151873,0.004852984,0.005916771,0.007538147,0.009439454,0.01179465,0.01442552,0.01736508,0.02046732,0.0236678,0.02654431,0.02950265,0.03190226,0.03416956,0.03535211,0.03617223,0.03620443,0.03600129,0.03504203,0.03362751,0.03142332,0.02898672,0.0258991,0.02264129,0.01872861,0.01465082,0.0101746,0.005719434,0.0009514172,-0.003742708,-0.008682024,-0.01348509,-0.01855206,-0.02348398,-0.02858635,-0.03336957,-0.03816682,-0.04250215,-0.04676106,-0.05051409,-0.05397525,-0.05677159,-0.0591873,-0.06090154,-0.06230712,-0.06269668,-0.06233313,-0.06073022,-0.05839053,-0.05485687,-0.05023704,-0.04433003,-0.03775075,-0.03029501,-0.02238029,-0.0135227,-0.005060444,0.002540722,0.006653847,0.006849812,0.0007793119,NaN,NaN,NaN,NaN,NaN,NaN,NaN,NaN,NaN,NaN,NaN,NaN
NaN,NaN,NaN,NaN,NaN,NaN,NaN,NaN,NaN,NaN,NaN,NaN,NaN,0.0001805809,0.0005082362,0.0005852273,0.0009696874,0.0008651922,0.0009477785,0.0005754114,0.0004621843,-3.734265e-05,-0.000220844,-0.0007393727,-0.000892424,-0.001347587,-0.001398457,-0.001720045,-0.001616688,-0.001761536,-0.001450065,-0.001336197,-0.0007328066,-0.0003104142,0.0005903941,0.001282114,0.002347363,0.003056137,0.00395355,0.004367737,0.004900782,0.004935615,0.005075275,0.004826052,0.004897623,0.004837219,0.005288548,0.005740611,0.006900328,0.008174605,0.01021293,0.01235299,0.01514344,0.01778158,0.02085995,0.02363358,0.02702889,0.0296733,0.03254442,0.03423052,0.03601813,0.03669867,0.0373731,0.03669426,0.035901,0.03398941,0.03226892,0.02956018,0.02680387,0.02299249,0.01933149,0.01497876,0.01085339,0.005993593,0.001420146,-0.003702267,-0.00837789,-0.01357962,-0.01837805,-0.02367652,-0.02848329,-0.03376513,-0.038573,-0.04364426,-0.04791231,-0.05225271,-0.05596833,-0.05990989,-0.06283244,-0.06550062,-0.06695172,-0.06859477,-0.06928766,-0.06938659,-0.06765983,-0.06508698,-0.06125245,-0.05715765,-0.05112046,-0.04433032,-0.03580849,-0.0275493,-0.01815222,-0.009230549,3.484658e-05,0.00543307,0.008231254,0.003393957,NaN,NaN,NaN,NaN,NaN,NaN,NaN,NaN,NaN,NaN,NaN,NaN
NaN,NaN,NaN,NaN,NaN,NaN,NaN,NaN,NaN,NaN,NaN,NaN,NaN,0.0002688175,0.0005260544,0.0006157775,0.0009820807,0.0009161706,0.001007916,0.0006896007,0.0005934552,0.0001349126,-5.06151e-05,-0.0005569115,-0.0007425505,-0.00121452,-0.001325961,-0.001680396,-0.001635947,-0.001796962,-0.001532459,-0.001441316,-0.0008935614,-0.0004868608,0.0003737817,0.001047148,0.002070843,0.002759865,0.003661518,0.004096115,0.004723218,0.004877584,0.00523588,0.005167061,0.005548415,0.005730541,0.006602341,0.007313159,0.008906546,0.01038324,0.01279917,0.01505261,0.01814052,0.0207218,0.02393341,0.02640313,0.0297034,0.03192365,0.03452732,0.03565334,0.03700713,0.03697029,0.03714546,0.03575376,0.03452233,0.03193343,0.02970082,0.02632344,0.02320728,0.01895036,0.01508477,0.01031,0.006048906,0.0009425069,-0.003623595,-0.008933507,-0.01357676,-0.01887399,-0.02357958,-0.02902411,-0.03383502,-0.03914292,-0.04370961,-0.04883988,-0.05324322,-0.05805211,-0.06167601,-0.06550737,-0.0684026,-0.07164766,-0.07373023,-0.07552651,-0.07579546,-0.07599989,-0.07471283,-0.07299554,-0.06890456,-0.06426708,-0.05785193,-0.05125479,-0.04270224,-0.03378756,-0.02320356,-0.01354233,-0.003225202,0.003348266,0.008264558,0.004725709,NaN,NaN,NaN,NaN,NaN,NaN,NaN,NaN,NaN,NaN,NaN,NaN
NaN,NaN,NaN,NaN,NaN,NaN,NaN,NaN,NaN,NaN,NaN,NaN,1.444135e-06,0.0002672008,0.0005308926,0.0006343676,0.0009894782,0.0009640142,0.001081927,0.0008162743,0.0007482228,0.0003349048,0.0001632771,-0.0003257822,-0.0005350485,-0.00101324,-0.001172105,-0.001552336,-0.001571961,-0.001758633,-0.001554821,-0.001471796,-0.0009894691,-0.0006021367,0.0001871844,0.0008380925,0.001798981,0.002466871,0.003363423,0.0038523,0.004579843,0.004821871,0.005380712,0.005502878,0.006230611,0.006661046,0.007878256,0.008799438,0.01074657,0.01247763,0.01522742,0.01747981,0.02058372,0.0230845,0.02639241,0.02876661,0.03161354,0.0331868,0.03528486,0.03601855,0.03701444,0.03619567,0.03550654,0.03343783,0.03177953,0.02881082,0.02602264,0.0219696,0.01846173,0.01392465,0.009966365,0.004973818,0.0005899664,-0.004608771,-0.009105623,-0.01440722,-0.01897054,-0.02424359,-0.02882122,-0.03418536,-0.0388588,-0.04417869,-0.04865244,-0.05379533,-0.05810831,-0.06299587,-0.06680855,-0.07090485,-0.07395886,-0.07737456,-0.07966414,-0.08198047,-0.0825744,-0.08304028,-0.08185168,-0.08047413,-0.0767708,-0.07217311,-0.06548905,-0.05858468,-0.04979139,-0.04063164,-0.02922588,-0.01859728,-0.007109477,0.0009830495,0.007544677,0.004824227,-0.0002148876,NaN,NaN,NaN,NaN,NaN,NaN,NaN,NaN,NaN,NaN,NaN
NaN,NaN,NaN,NaN,NaN,NaN,NaN,NaN,NaN,NaN,NaN,NaN,7.37872e-07,0.0002590484,0.0004943815,0.0006585433,0.0009678141,0.001027166,0.001129037,0.0009697276,0.0008900764,0.0005801553,0.0003755889,-2.926599e-05,-0.0003014586,-0.0007258568,-0.0009715732,-0.001312002,-0.001433518,-0.001598565,-0.001509971,-0.001397389,-0.001011752,-0.0006122061,5.408733e-05,0.0006913367,0.001564449,0.002246119,0.003100659,0.003635555,0.004416592,0.004801904,0.00555065,0.005881605,0.006840932,0.007502408,0.009028465,0.01028055,0.01243057,0.01431389,0.01705444,0.01949925,0.02261826,0.02509577,0.02798272,0.0299781,0.03241654,0.03379497,0.0352294,0.03526483,0.03526144,0.03403832,0.03282278,0.03028051,0.02783073,0.02429041,0.02107823,0.0168927,0.01304374,0.008316082,0.004109798,-0.0007989254,-0.005164968,-0.01021914,-0.01464114,-0.01968331,-0.02412332,-0.02925116,-0.03373406,-0.03880013,-0.04315897,-0.04833277,-0.05294428,-0.05808238,-0.06226681,-0.06684373,-0.07087732,-0.075547,-0.07903187,-0.08251816,-0.08464362,-0.08743504,-0.08907632,-0.09023501,-0.0891517,-0.08735622,-0.08407743,-0.08051816,-0.07418984,-0.06680851,-0.0569863,-0.04755282,-0.03609621,-0.02470942,-0.01179226,-0.00188703,0.006228947,0.004794158,-0.0001109157,NaN,NaN,NaN,NaN,NaN,NaN,NaN,NaN,NaN,NaN,NaN
NaN,NaN,NaN,NaN,NaN,NaN,NaN,NaN,NaN,NaN,NaN,NaN,6.888137e-06,0.000329,0.000397487,0.000702921,0.0008991935,0.00112039,0.001132974,0.001150118,0.0009909059,0.0008601742,0.0005638191,0.0003195782,-6.432922e-05,-0.0003543109,-0.0007374708,-0.0009732028,-0.001242641,-0.001305103,-0.001359625,-0.00118527,-0.0009667463,-0.0005099542,3.902009e-06,0.0006822721,0.001398305,0.002127911,0.002880993,0.003506431,0.004259402,0.004843395,0.005687885,0.006300769,0.007355596,0.008334694,0.009966682,0.0116326,0.01377269,0.01591779,0.01843305,0.02105972,0.02389126,0.02639595,0.02873326,0.03050747,0.03218714,0.03328098,0.03383804,0.03347128,0.0325147,0.03086054,0.02879334,0.02596973,0.0228385,0.01915706,0.01535491,0.0111958,0.006979546,0.002488461,-0.001918434,-0.006459075,-0.01085963,-0.015409,-0.01984242,-0.0244038,-0.02874957,-0.03324458,-0.03766487,-0.04233323,-0.04688184,-0.05145841,-0.05589658,-0.06060392,-0.06529237,-0.07009569,-0.07428372,-0.07839875,-0.08228562,-0.08633489,-0.08989102,-0.09260131,-0.09427477,-0.09554109,-0.09591145,-0.09526783,-0.09231515,-0.08806026,-0.08223946,-0.07521895,-0.06612338,-0.05541886,-0.0433461,-0.03085175,-0.01764478,-0.005712075,0.003796297,0.005616974,0.000107993,NaN,NaN,NaN,NaN,NaN,NaN,NaN,NaN,NaN,NaN,NaN
NaN,NaN,NaN,NaN,NaN,NaN,NaN,NaN,NaN,NaN,NaN,NaN,9.80459e-05,0.0004061833,0.0002780216,0.0007328968,0.000805265,0.001195302,0.001120823,0.001313898,0.001074449,0.00110975,0.0007400286,0.0006525246,0.0001841282,2.657871e-05,-0.0004559481,-0.0005808725,-0.0009645693,-0.0009458392,-0.001122312,-0.0008731494,-0.0007830494,-0.0002863803,7.420337e-05,0.0007792552,0.001339906,0.00210842,0.002744851,0.003492037,0.004192554,0.0049432,0.005762634,0.006688552,0.007798012,0.009187986,0.01071043,0.01267177,0.01466878,0.01715642,0.01951758,0.02210199,0.02429924,0.0266921,0.02858255,0.03032857,0.0310796,0.03152518,0.03116182,0.03047573,0.02886992,0.02675062,0.0237551,0.02067182,0.01707472,0.01347719,0.009295551,0.005211597,0.0008354,-0.003263289,-0.007608447,-0.01166676,-0.01593298,-0.0198812,-0.02407181,-0.0279984,-0.03219998,-0.03611282,-0.04036246,-0.0443738,-0.04875921,-0.05297868,-0.05753729,-0.06190156,-0.06658989,-0.07103593,-0.07582005,-0.08016476,-0.08463092,-0.08856368,-0.09263607,-0.09605052,-0.09893935,-0.100589,-0.1016075,-0.1013154,-0.09990874,-0.09607367,-0.09081063,-0.08343618,-0.07498389,-0.0641477,-0.05172888,-0.03767963,-0.02394046,-0.01028294,0.0001724681,0.006528771,0.002015072,NaN,NaN,NaN,NaN,NaN,NaN,NaN,NaN,NaN,NaN,NaN
NaN,NaN,NaN,NaN,NaN,NaN,NaN,NaN,NaN,NaN,NaN,NaN,0.0001989354,0.0003598669,0.0002165869,0.0006910319,0.0007594075,0.001190919,0.001134957,0.001384931,0.001174429,0.001267716,0.0009267601,0.0008929029,0.0004498813,0.000340745,-0.0001289033,-0.0002208351,-0.0006072233,-0.0005721829,-0.0007712049,-0.0005199023,-0.0004721679,1.15324e-05,0.0002834737,0.0009605266,0.001419449,0.002203053,0.002743091,0.003551953,0.004157667,0.005088473,0.00588385,0.007089413,0.008110034,0.009739966,0.01121817,0.01349446,0.01534258,0.01781396,0.01973456,0.02231459,0.02419898,0.02634823,0.02747628,0.02860046,0.02874959,0.02889845,0.02777596,0.02641385,0.02391369,0.0215326,0.01820172,0.01496565,0.0109876,0.007337632,0.003159895,-0.0005839356,-0.004801141,-0.008477647,-0.01249883,-0.01595779,-0.01983478,-0.02317884,-0.02691664,-0.03014218,-0.0339021,-0.0373298,-0.04126497,-0.04476163,-0.04875894,-0.05256684,-0.0571099,-0.06131354,-0.06602683,-0.07027906,-0.07524115,-0.07994544,-0.08497743,-0.08928713,-0.09373376,-0.09762968,-0.1017486,-0.1044424,-0.1063894,-0.1062998,-0.1057618,-0.1035044,-0.09952755,-0.09239593,-0.08337599,-0.07244051,-0.06075944,-0.04624062,-0.03118517,-0.01524412,-0.003321987,0.005290874,0.003231006,NaN,NaN,NaN,NaN,NaN,NaN,NaN,NaN,NaN,NaN,NaN
NaN,NaN,NaN,NaN,NaN,NaN,NaN,NaN,NaN,NaN,NaN,5.476184e-06,0.00022346,0.000251379,0.000172739,0.0005670239,0.0007274175,0.001122175,0.001158013,0.001371699,0.001247422,0.001319932,0.001075144,0.001029009,0.0006793548,0.0005622626,0.000177351,6.815114e-05,-0.0002495432,-0.0002253603,-0.0003625284,-0.0001491532,-0.000107227,0.0003391465,0.0005863294,0.001234444,0.001610621,0.002371497,0.002832561,0.003695633,0.004226318,0.005258306,0.005978757,0.00736204,0.008343101,0.01013331,0.01150764,0.01379647,0.01548603,0.01788502,0.01955975,0.02180057,0.02313851,0.024818,0.02545092,0.02615307,0.02558428,0.02502171,0.0232279,0.0214513,0.01856744,0.01583177,0.01215943,0.008878089,0.004943437,0.001534937,-0.002448454,-0.005769491,-0.009539715,-0.01260468,-0.01610584,-0.01888834,-0.02210632,-0.02470654,-0.02788083,-0.03052451,-0.03373326,-0.0364467,-0.039893,-0.0429742,-0.04683791,-0.05022372,-0.05435842,-0.05827991,-0.06317316,-0.06778642,-0.07288557,-0.07738819,-0.08270188,-0.08773171,-0.0935182,-0.09799099,-0.1022813,-0.1055874,-0.1091168,-0.1112128,-0.1116941,-0.1093182,-0.1060977,-0.1004902,-0.09348582,-0.08234247,-0.06948064,-0.05427872,-0.03907289,-0.02254081,-0.008282281,0.003445934,0.003657223,-0.0003444421,NaN,NaN,NaN,NaN,NaN,NaN,NaN,NaN,NaN,NaN
NaN,NaN,NaN,NaN,NaN,NaN,NaN,NaN,NaN,NaN,NaN,8.452381e-06,0.0002424473,9.063273e-05,0.0001412046,0.0004220684,0.0006950113,0.0009904872,0.001148875,0.001287913,0.001280652,0.001276306,0.001139456,0.001041973,0.0008143077,0.0006622888,0.0003904405,0.0002566679,4.221882e-05,3.735938e-05,-3.088214e-05,0.0001683144,0.0002557156,0.0006665713,0.0009019452,0.001501436,0.001842465,0.002570387,0.002987505,0.003858841,0.004353971,0.005388984,0.006052707,0.007448396,0.008440748,0.01020422,0.01150568,0.01356656,0.01511794,0.01723434,0.01868782,0.02041267,0.0212686,0.02232115,0.02249142,0.02259175,0.0215084,0.02029256,0.01807017,0.01581611,0.01274387,0.009825648,0.006251275,0.003038353,-0.0005637149,-0.003649312,-0.007012784,-0.009796313,-0.01281011,-0.01522075,-0.01785734,-0.01993581,-0.0223316,-0.02427231,-0.02661267,-0.02857638,-0.03111386,-0.03342567,-0.03631827,-0.03892372,-0.04214902,-0.04538805,-0.04946353,-0.05339507,-0.05799177,-0.06236929,-0.0677397,-0.07305118,-0.07885261,-0.08410712,-0.08976866,-0.09535087,-0.1013538,-0.106051,-0.1100819,-0.1123512,-0.1146134,-0.1149558,-0.1132804,-0.1080951,-0.1007813,-0.09113659,-0.0796233,-0.06435469,-0.04761429,-0.02928608,-0.01372034,-0.0003148193,0.003114019,-0.0001932519,NaN,NaN,NaN,NaN,NaN,NaN,NaN,NaN,NaN,NaN
NaN,NaN,NaN,NaN,NaN,NaN,NaN,NaN,NaN,NaN,NaN,6.561937e-05,0.0002990431,-0.0001394486,0.000122684,0.0001945036,0.000665461,0.0007993111,0.00112944,0.0011082,0.001241406,0.001111055,0.001120613,0.0009113329,0.0008279452,0.0005954276,0.0004722053,0.0002687318,0.0001898232,0.0001405612,0.0001986182,0.0003419281,0.0005087464,0.0008528786,0.001159924,0.001676124,0.002054716,0.002690923,0.003146034,0.003921573,0.004436257,0.005369776,0.0060799,0.00732092,0.008296303,0.00976419,0.01105448,0.01282061,0.01422119,0.0158075,0.01687661,0.01807445,0.01862077,0.01900997,0.01866248,0.01804163,0.01664016,0.01496724,0.01252476,0.009949015,0.006912531,0.004026114,0.0008595865,-0.002043133,-0.005006126,-0.007550144,-0.01005844,-0.01212359,-0.01415667,-0.01579493,-0.0174272,-0.01873779,-0.02014972,-0.02140554,-0.0228951,-0.02432706,-0.02606553,-0.02787002,-0.03011912,-0.03251118,-0.03538171,-0.03838732,-0.04193313,-0.04585245,-0.05047587,-0.05540157,-0.06063801,-0.06597826,-0.07191599,-0.07819822,-0.0849788,-0.09121548,-0.09722725,-0.1030135,-0.1087343,-0.1136085,-0.1166567,-0.1176471,-0.1172173,-0.1146546,-0.109619,-0.1005331,-0.08849726,-0.0737458,-0.05701657,-0.03858066,-0.02032673,-0.004824563,0.002631793,-0.000410744,NaN,NaN,NaN,NaN,NaN,NaN,NaN,NaN,NaN,NaN
NaN,NaN,NaN,NaN,NaN,NaN,NaN,NaN,NaN,NaN,1.735113e-05,0.0001363632,0.0002418106,-0.0003617131,7.323648e-05,-1.481286e-05,0.0005933392,0.0005783289,0.001023443,0.0008899897,0.001119152,0.0008708783,0.0009521556,0.0006587492,0.0006700927,0.0003737022,0.0003507169,0.0001042398,0.0001256738,3.551706e-05,0.0001887037,0.0002906098,0.0005665903,0.0008334417,0.001238928,0.001644321,0.002112315,0.002610941,0.003151862,0.003795262,0.004410434,0.005126014,0.005834811,0.006798404,0.007796015,0.008976393,0.01009534,0.01131736,0.01247409,0.01362054,0.01447434,0.01497286,0.0149924,0.01474806,0.01412012,0.01308065,0.01137911,0.009293533,0.006854702,0.004304247,0.001629958,-0.0009405217,-0.003488191,-0.005788769,-0.007900998,-0.009629323,-0.01108775,-0.01221483,-0.01319648,-0.01391503,-0.01452171,-0.01494401,-0.01543774,-0.01596271,-0.01665528,-0.01743409,-0.01852743,-0.01991396,-0.02169703,-0.02369878,-0.02608459,-0.02893548,-0.03244995,-0.03640263,-0.04083142,-0.04557748,-0.05105344,-0.05710785,-0.06353368,-0.07002706,-0.0767268,-0.08397189,-0.09164325,-0.09883352,-0.1051955,-0.1104556,-0.1155193,-0.1194325,-0.1210094,-0.1194711,-0.1150301,-0.1082898,-0.09835126,-0.08433574,-0.06685661,-0.04722651,-0.02799255,-0.01085708,0.0002301122,-0.0003434407,-0.0006378641,NaN,NaN,NaN,NaN,NaN,NaN,NaN,NaN,NaN
NaN,NaN,NaN,NaN,NaN,NaN,NaN,NaN,NaN,NaN,1.799227e-05,8.659984e-05,-5.281274e-06,-0.0005229454,-9.037785e-05,-0.0001870834,0.000404096,0.0004104528,0.0008084145,0.0006658762,0.0008283916,0.0005905596,0.0006243156,0.0003171772,0.0003099497,2.207631e-05,-4.920864e-07,-0.0002654798,-0.0002091289,-0.0003069337,-8.157924e-05,-4.692088e-05,0.0003197224,0.0004897792,0.001038647,0.001302508,0.001893242,0.002211979,0.002902747,0.003317285,0.004037145,0.004466514,0.005272174,0.005858148,0.006799901,0.007437735,0.008456889,0.009175041,0.01014549,0.01059473,0.01109076,0.01097248,0.01084619,0.01001828,0.009175035,0.007621169,0.006019099,0.003812134,0.001769106,-0.0005998262,-0.002542892,-0.004619144,-0.00617541,-0.007719549,-0.008601084,-0.009390431,-0.009596511,-0.009834013,-0.009568374,-0.009391156,-0.008831585,-0.00852515,-0.008060679,-0.007993602,-0.007851948,-0.00819807,-0.008629103,-0.009715055,-0.01094298,-0.01280773,-0.01487881,-0.01769384,-0.02083659,-0.0248019,-0.02917136,-0.03440584,-0.03988615,-0.04602258,-0.05243644,-0.05971517,-0.06740202,-0.0754234,-0.08314183,-0.09117642,-0.09904238,-0.1068361,-0.113069,-0.1179822,-0.1210997,-0.1224908,-0.1208453,-0.1155469,-0.1063218,-0.09375275,-0.0773227,-0.0580674,-0.03670974,-0.017642,-0.00324387,-0.00123815,-0.0006060502,NaN,NaN,NaN,NaN,NaN,NaN,NaN,NaN,NaN
NaN,NaN,NaN,NaN,NaN,NaN,NaN,NaN,NaN,NaN,3.159628e-05,-6.438404e-05,-0.0004623883,-0.0005918471,-0.0003932461,-0.0002371678,8.395261e-05,0.000291389,0.0004414911,0.000468164,0.0004136584,0.0002838575,0.0001356532,-8.450833e-05,-0.0002424328,-0.0004731922,-0.0005834573,-0.0007987224,-0.000801613,-0.0009042352,-0.000707552,-0.0006934712,-0.0002825353,-0.0001736075,0.0004160682,0.0005648604,0.001242717,0.00143719,0.002201084,0.002409169,0.00315342,0.003341681,0.004138554,0.004362531,0.005137678,0.005307113,0.006113139,0.006327881,0.007003042,0.006890446,0.007106459,0.006514234,0.006223032,0.005016179,0.004128524,0.002424959,0.001121862,-0.0008856834,-0.002282933,-0.0041122,-0.005079197,-0.006343247,-0.006670194,-0.007195777,-0.006730987,-0.006494316,-0.005390798,-0.004631421,-0.003103348,-0.002073762,-0.0004864789,0.0004521977,0.001836617,0.002416298,0.003261229,0.00317087,0.003269872,0.002392988,0.001627418,-0.0001661602,-0.001921748,-0.00481933,-0.007749107,-0.01184602,-0.0160142,-0.02140458,-0.02691182,-0.03352147,-0.0400791,-0.0477604,-0.05557072,-0.06451929,-0.07294472,-0.08200002,-0.09054492,-0.09988806,-0.1080251,-0.1148427,-0.1192453,-0.122707,-0.123812,-0.121855,-0.1137899,-0.1024773,-0.08686571,-0.06924567,-0.04721553,-0.02599658,-0.00779697,-0.002999574,-0.002908772,NaN,NaN,NaN,NaN,NaN,NaN,NaN,NaN,NaN
NaN,NaN,NaN,NaN,NaN,NaN,NaN,NaN,NaN,1.674841e-05,-0.0004103082,-0.0004321059,-0.001132836,-0.0006161909,-0.0008180898,-0.0002063426,-0.0003300615,0.0001824815,-3.126653e-05,0.0002542658,-8.903215e-05,-5.454162e-05,-0.0004680193,-0.0005433144,-0.0009454095,-0.001082452,-0.00137885,-0.001465275,-0.001636881,-0.001698279,-0.001703618,-0.001612843,-0.001318309,-0.00113286,-0.0007212831,-0.0005256979,1.397964e-05,0.0002716398,0.0008456499,0.001073568,0.001605515,0.001768356,0.002211605,0.002302133,0.002662026,0.002706618,0.00300657,0.002952966,0.003084327,0.002838815,0.002689472,0.002038604,0.001408489,0.0003381655,-0.0005829358,-0.001820592,-0.002839487,-0.004025884,-0.004770982,-0.005470741,-0.005536818,-0.005428277,-0.004617557,-0.003691649,-0.0021438,-0.0005566826,0.001575979,0.003583032,0.005966941,0.008010301,0.01023305,0.01196235,0.01378911,0.0149636,0.01607774,0.01639912,0.01663974,0.01608386,0.01539297,0.01379011,0.01199492,0.00925249,0.006303915,0.002280141,-0.002022918,-0.007376878,-0.01292005,-0.01965298,-0.02661571,-0.03459495,-0.04248171,-0.05150826,-0.06090488,-0.07123176,-0.08079562,-0.09026285,-0.09929176,-0.1089809,-0.1163962,-0.1216371,-0.1231778,-0.1236818,-0.1201674,-0.111859,-0.09694315,-0.07866021,-0.05736005,-0.03613288,-0.0153119,-0.005582145,-0.006568551,-0.000784338,NaN,NaN,NaN,NaN,NaN,NaN,NaN,NaN
NaN,NaN,NaN,NaN,NaN,NaN,NaN,NaN,-5.182105e-05,-6.001183e-05,-0.00126038,-0.001304837,-0.001731197,-0.0009129653,-0.001084609,-0.0004048991,-0.0005742522,-0.000128809,-0.0003465882,-0.0001655842,-0.0005025703,-0.0005762152,-0.001007331,-0.001178196,-0.001628166,-0.001843448,-0.002219549,-0.002343722,-0.00261818,-0.00270797,-0.002884359,-0.002802893,-0.002720824,-0.002464669,-0.002296977,-0.001987526,-0.001747414,-0.001350722,-0.001114954,-0.0007506493,-0.0006261471,-0.0003693951,-0.0004143698,-0.0002823854,-0.0004782094,-0.0004269916,-0.0007125227,-0.0007334212,-0.001127732,-0.001236666,-0.001781583,-0.002106122,-0.002916171,-0.003408636,-0.00423061,-0.004551561,-0.005106045,-0.005023035,-0.005012345,-0.004166908,-0.003274443,-0.001472263,0.0003300431,0.002916022,0.005342531,0.008455513,0.01126552,0.01458269,0.01739798,0.02052423,0.02293188,0.02550591,0.0272836,0.02912867,0.03004309,0.03092362,0.03083117,0.03073999,0.02966247,0.02851928,0.02630343,0.02396769,0.02057714,0.01700891,0.01226877,0.007306525,0.001244693,-0.005014219,-0.01247596,-0.02016637,-0.028911,-0.03774184,-0.04776423,-0.05806277,-0.06911935,-0.07941971,-0.08987979,-0.1000068,-0.1100675,-0.1175638,-0.1222076,-0.1236411,-0.1234455,-0.1182385,-0.1070046,-0.08886266,-0.06827515,-0.04601762,-0.02513628,-0.009161901,-0.01006137,-0.002863786,-5.788092e-06,NaN,NaN,NaN,NaN,NaN,NaN,NaN
NaN,NaN,NaN,NaN,NaN,NaN,NaN,-2.742095e-05,-3.764238e-05,-0.001445211,-0.002227049,-0.002666761,-0.002192723,-0.001608816,-0.001133258,-0.0008643018,-0.0006378992,-0.0006184633,-0.0005443698,-0.0007211891,-0.0008446518,-0.001204754,-0.001505426,-0.001928226,-0.00228363,-0.002693068,-0.003042501,-0.003370637,-0.003667854,-0.003908496,-0.004135247,-0.004232866,-0.004308966,-0.004191274,-0.004134509,-0.00389697,-0.003803087,-0.003515851,-0.003433339,-0.003183541,-0.003230285,-0.003148498,-0.00338637,-0.003461648,-0.003834401,-0.004004434,-0.004418253,-0.00458508,-0.004949036,-0.005051801,-0.005375802,-0.005494434,-0.005813606,-0.005807393,-0.005804984,-0.005312773,-0.004720891,-0.003549081,-0.002141875,-3.299376e-05,0.002355798,0.00541273,0.008629825,0.01231853,0.01596364,0.01993908,0.02371224,0.02760926,0.03108949,0.03452243,0.03736531,0.04005541,0.04206891,0.04383637,0.04484357,0.04558494,0.04555619,0.04527081,0.04419745,0.04287775,0.04072019,0.03826265,0.03490618,0.03123832,0.02660262,0.0216252,0.01566547,0.009366023,0.002002132,-0.005737617,-0.01455056,-0.0236017,-0.03372927,-0.04419518,-0.05574862,-0.06712861,-0.0787908,-0.0897354,-0.1009414,-0.1106609,-0.1186509,-0.1226021,-0.1242149,-0.1217814,-0.1146842,-0.09954241,-0.07969151,-0.05672336,-0.03550146,-0.01587775,-0.01204263,-0.01349121,-0.0005245369,-3.495183e-05,NaN,NaN,NaN,NaN,NaN,NaN
NaN,NaN,NaN,7.03818e-07,-3.272851e-05,-4.213091e-06,-2.403787e-05,-2.219345e-07,-0.001040592,-0.002371759,-0.003259799,-0.003608813,-0.002958132,-0.002135163,-0.001442663,-0.001113796,-0.0009141913,-0.0008901956,-0.0009349465,-0.001091742,-0.001357618,-0.00168217,-0.002129681,-0.002548928,-0.003048337,-0.003460126,-0.003950041,-0.004325169,-0.004782164,-0.005110049,-0.005503598,-0.005739809,-0.006005531,-0.006068349,-0.006155506,-0.006081483,-0.006080468,-0.005973693,-0.005975552,-0.005939356,-0.006063172,-0.006202726,-0.006482128,-0.006756901,-0.007114897,-0.007415957,-0.007697346,-0.007831268,-0.007869558,-0.007743078,-0.007531577,-0.00717016,-0.006671359,-0.005894084,-0.004790345,-0.003255546,-0.001303907,0.001120323,0.004010606,0.007403352,0.01123193,0.01544265,0.0198989,0.0244869,0.02910344,0.0336846,0.03810669,0.0422543,0.04608572,0.0495408,0.0525658,0.05507559,0.05707743,0.05852846,0.05947944,0.05989797,0.05980415,0.05916041,0.05805026,0.05643752,0.05434363,0.05165071,0.04842668,0.04459748,0.04020672,0.03514199,0.02947946,0.02312964,0.01612246,0.008327156,-0.0001873912,-0.009452128,-0.01932335,-0.03003039,-0.04149311,-0.05370233,-0.06603393,-0.0781941,-0.09003329,-0.1015519,-0.1118467,-0.1193685,-0.1229878,-0.1232376,-0.1191981,-0.1090286,-0.09110185,-0.06872442,-0.04580479,-0.02568637,-0.01412886,-0.02043744,-0.01458293,-0.0005282144,2.502379e-05,2.363264e-05,1.463218e-05,4.114334e-05,NaN,NaN
8.139035e-05,0.000120041,8.453605e-05,0.0001200059,8.9778e-05,0.0002343034,0.0006909515,0.0007514639,-0.0007143393,-0.001946386,-0.003308075,-0.003827533,-0.003485715,-0.002503293,-0.00177807,-0.001286332,-0.001173127,-0.001117301,-0.001287501,-0.001446279,-0.001812092,-0.002152744,-0.002680873,-0.003146404,-0.003731601,-0.004205575,-0.004774245,-0.005235504,-0.005793122,-0.006258312,-0.006795079,-0.007211693,-0.007646589,-0.007910973,-0.008157763,-0.008250586,-0.008367528,-0.008395156,-0.008505516,-0.008586734,-0.008795667,-0.008993066,-0.009293026,-0.009522773,-0.009783243,-0.009877289,-0.009893873,-0.009618865,-0.009174841,-0.008405312,-0.007484822,-0.006245473,-0.00480567,-0.002903833,-0.0006281089,0.00222844,0.005484147,0.009302072,0.01348572,0.01817861,0.0231149,0.02837332,0.03363689,0.03895672,0.04404275,0.0490101,0.05356901,0.05780572,0.06149361,0.06481004,0.06751778,0.06978251,0.07139102,0.07253375,0.07304375,0.07316475,0.07270005,0.07184497,0.07042702,0.06867564,0.06637186,0.06368652,0.06038754,0.05667217,0.05230913,0.047484,0.04197409,0.03593004,0.02910145,0.02165885,0.01339753,0.004487921,-0.005315136,-0.01585187,-0.02731048,-0.03939767,-0.05216774,-0.06517442,-0.07818089,-0.0907319,-0.1025266,-0.1125851,-0.1196722,-0.1227787,-0.1216674,-0.1151623,-0.101463,-0.08097818,-0.05774663,-0.0362597,-0.02036556,-0.01970416,-0.02585855,-0.01508005,-0.003943805,-0.0002600607,4.69843e-05,7.551145e-05,6.582803e-05,0.0001081892
0.004563805,0.004950822,0.005076001,0.005096949,0.004940339,0.00478097,0.004370681,0.003587958,0.002214971,0.0005168953,-0.001225806,-0.002630145,-0.002902392,-0.002411442,-0.001743911,-0.001339976,-0.001216471,-0.001268673,-0.001467291,-0.001733736,-0.00212191,-0.002550264,-0.003093239,-0.00364226,-0.004260234,-0.004822334,-0.005431331,-0.005985558,-0.006607196,-0.007193329,-0.007846521,-0.008427151,-0.009019444,-0.009456629,-0.009847851,-0.01006588,-0.0102782,-0.01038075,-0.01054567,-0.01064607,-0.0108305,-0.01093752,-0.01107944,-0.01106032,-0.01097584,-0.01061811,-0.01007621,-0.009136694,-0.007915626,-0.00627489,-0.004375787,-0.002078684,0.0005086415,0.003614474,0.007161726,0.01129655,0.01583176,0.02085113,0.02616165,0.03182684,0.03759732,0.04348261,0.04921372,0.05480193,0.06001521,0.06491019,0.06928087,0.07318227,0.0764704,0.07929,0.08149608,0.083205,0.08429986,0.08490361,0.08493623,0.08458273,0.08373787,0.08252905,0.08085937,0.0788817,0.07645973,0.07369044,0.07043749,0.06679773,0.06262565,0.05800461,0.05280267,0.04709793,0.04069151,0.03365088,0.02581899,0.0173135,0.007992943,-0.002151735,-0.01329942,-0.02530317,-0.03806377,-0.0512737,-0.06487686,-0.07847211,-0.09170115,-0.1036102,-0.1132982,-0.1196213,-0.1217964,-0.1189361,-0.1095145,-0.09255833,-0.07044318,-0.04801622,-0.029483,-0.02113066,-0.02600364,-0.02721399,-0.01562145,-0.005630748,-0.0009141458,0.001614443,0.003003981,0.003982839
0.009586911,0.01081522,0.01141095,0.0117652,0.01168789,0.01143953,0.01058795,0.009428434,0.007941581,0.006012616,0.003578385,0.0011489,-0.000385657,-0.0008952856,-0.0008580009,-0.0007617178,-0.0008401113,-0.001028457,-0.001351994,-0.001706251,-0.002174556,-0.002662461,-0.003259312,-0.003851597,-0.004515505,-0.005125396,-0.005777218,-0.006379044,-0.007047638,-0.007697375,-0.008424821,-0.00910392,-0.009795272,-0.01034188,-0.0108083,-0.0110827,-0.01129496,-0.01138053,-0.01146882,-0.01145815,-0.01143129,-0.01125912,-0.01099827,-0.01049387,-0.009785358,-0.008721383,-0.007350839,-0.005519591,-0.00330094,-0.0006206406,0.002401266,0.00583906,0.009618505,0.01389811,0.01862212,0.02385616,0.02942765,0.03534555,0.04142431,0.04765751,0.0538245,0.05988669,0.0656276,0.07104129,0.07594921,0.08037858,0.08418771,0.08743518,0.09003028,0.09211569,0.09360478,0.09460594,0.09503476,0.09500612,0.09446659,0.09360319,0.0923359,0.09077469,0.08883412,0.08665724,0.08412742,0.08133924,0.07814883,0.07465073,0.07070252,0.0663955,0.0615769,0.05630352,0.05038399,0.04389263,0.03666908,0.028778,0.02001246,0.01043984,-0.0001378647,-0.0115754,-0.0240139,-0.03722482,-0.05109052,-0.06518835,-0.07924781,-0.09260994,-0.1045771,-0.1138417,-0.1193626,-0.119952,-0.1147539,-0.1022845,-0.08313658,-0.06082827,-0.04060801,-0.02651106,-0.02461655,-0.02942552,-0.02569364,-0.01480546,-0.005132481,0.001217348,0.005128085,0.007865231
0.0136986,0.01636113,0.01807057,0.01920028,0.01970976,0.01978699,0.01919868,0.01815653,0.0167128,0.0146471,0.01172775,0.008281892,0.005229124,0.003172582,0.001971786,0.001262727,0.0006583348,0.0001244574,-0.0004532149,-0.0009827074,-0.001580068,-0.00216336,-0.002832603,-0.00347968,-0.004181438,-0.004824711,-0.005495919,-0.006113287,-0.006784036,-0.007433567,-0.008153611,-0.008832833,-0.009518766,-0.01005878,-0.01048528,-0.01068667,-0.01076928,-0.01068103,-0.01052741,-0.01020566,-0.009760203,-0.009064993,-0.008159917,-0.00690882,-0.005339883,-0.003336916,-0.0009581513,0.00191784,0.005221999,0.008994853,0.01312421,0.01764482,0.02247794,0.02773943,0.03336299,0.03936561,0.04557335,0.05195408,0.05832181,0.06463244,0.07069827,0.07645916,0.08174361,0.08654863,0.09074882,0.0943557,0.09728874,0.09961755,0.1013115,0.1024936,0.1031381,0.1033205,0.1030174,0.1023077,0.1011909,0.09980462,0.09812845,0.09622568,0.09406304,0.09172089,0.08914191,0.08635775,0.08330295,0.07999054,0.07635028,0.0723862,0.06802697,0.06326622,0.0579684,0.05210454,0.04556896,0.038373,0.03043046,0.02164295,0.01185276,0.001030733,-0.01077008,-0.02345908,-0.03703705,-0.05131879,-0.06598406,-0.08035306,-0.09375343,-0.1053774,-0.1140583,-0.1184472,-0.117209,-0.1093239,-0.09431868,-0.07410544,-0.05309466,-0.03593542,-0.02633603,-0.02759955,-0.02979427,-0.02327761,-0.01249644,-0.002591062,0.00468639,0.01000896
0.01594539,0.02081819,0.02434395,0.02687867,0.02851619,0.02942693,0.02952509,0.02902251,0.02796913,0.02616192,0.02313665,0.01908415,0.0147106,0.01094244,0.008058816,0.00599874,0.004409057,0.003167184,0.002083088,0.001190057,0.0003487178,-0.0004154185,-0.001212027,-0.001955452,-0.002714337,-0.003391644,-0.004066234,-0.004663582,-0.005285952,-0.005860857,-0.006477257,-0.007027951,-0.007564653,-0.00793754,-0.008168921,-0.008129509,-0.007916945,-0.007465824,-0.006877357,-0.006026794,-0.004949179,-0.003500634,-0.001742304,0.00045874,0.003042014,0.006112015,0.009552405,0.01348122,0.01779878,0.0225552,0.02760206,0.03297447,0.03854685,0.04443982,0.05053386,0.05684813,0.06317044,0.06950498,0.0756195,0.08150309,0.08695453,0.09197164,0.09636725,0.1002074,0.1033509,0.105878,0.107695,0.1089557,0.1096024,0.10982,0.1095452,0.1089145,0.1078491,0.1065018,0.1048132,0.1029777,0.1009178,0.09875821,0.09639923,0.09397987,0.09138093,0.08869968,0.085792,0.08274926,0.07942851,0.07591709,0.07204636,0.06787095,0.06319875,0.0580823,0.05233996,0.04600872,0.03887895,0.03100627,0.02215809,0.01237898,0.001437119,-0.01055738,-0.02361691,-0.03749378,-0.05209398,-0.06696271,-0.08157867,-0.09494293,-0.1061736,-0.1138476,-0.1167124,-0.113346,-0.1031403,-0.08646557,-0.06651253,-0.04751231,-0.03352673,-0.02730773,-0.0286796,-0.02797057,-0.02015174,-0.00917147,0.001109892,0.009512522
0.0148884,0.02258922,0.02861228,0.03325445,0.03664305,0.03899884,0.0403417,0.04090064,0.04070637,0.03959549,0.03710101,0.03311668,0.02809728,0.02300886,0.01846763,0.01477953,0.01180014,0.009456628,0.007513333,0.005972828,0.00466527,0.003574314,0.002536861,0.001617125,0.0007354288,-7.36525e-06,-0.0006948122,-0.00125189,-0.001782475,-0.002210957,-0.00262341,-0.002918233,-0.00315179,-0.003186321,-0.003042911,-0.002588361,-0.001905672,-0.000920327,0.0002882803,0.001844372,0.003730313,0.006072521,0.008807594,0.01202635,0.01565119,0.0197354,0.02413839,0.02893389,0.03403495,0.0394687,0.04509762,0.050913,0.05679007,0.06281183,0.06886959,0.07494808,0.0808558,0.08658794,0.09194872,0.09690969,0.1013307,0.1052058,0.1084063,0.1109936,0.1128813,0.1141442,0.1147542,0.1148627,0.1144608,0.1136996,0.1125574,0.1111329,0.109391,0.1074546,0.1053075,0.1030802,0.1007403,0.09837596,0.09592792,0.09347726,0.09094886,0.08839034,0.08571898,0.08296814,0.08004374,0.07697094,0.07364559,0.07008363,0.06613182,0.06176873,0.05684804,0.0513907,0.04527226,0.03842853,0.03065179,0.02187946,0.01203317,0.001134346,-0.0109672,-0.02419238,-0.0384564,-0.05329437,-0.06830288,-0.08282317,-0.09602349,-0.1066456,-0.1131872,-0.1141854,-0.108763,-0.09671093,-0.07953808,-0.06074171,-0.04397594,-0.03260127,-0.02842484,-0.02831467,-0.02513736,-0.01648095,-0.005399575,0.005502963
0.01009291,0.02051459,0.02938166,0.03666579,0.04241687,0.0468126,0.04994711,0.05208898,0.05328701,0.05346174,0.05212641,0.04904228,0.04434945,0.03885702,0.03330001,0.02825275,0.02386175,0.02021114,0.01715321,0.0146717,0.01264423,0.01101115,0.009585927,0.00835875,0.00726098,0.006367264,0.005630652,0.005094886,0.004680472,0.004436698,0.004306448,0.004361559,0.004559402,0.004998149,0.005666479,0.006671168,0.007959502,0.00959339,0.0115305,0.01387648,0.01663145,0.01987624,0.02354517,0.02768075,0.03218287,0.03704978,0.04212246,0.04743384,0.05291289,0.0585842,0.06431562,0.07006898,0.075721,0.08133371,0.08680496,0.09211832,0.09709933,0.1017589,0.1059321,0.1096006,0.1126658,0.1151457,0.116947,0.1181481,0.1186848,0.1186527,0.1180578,0.1170679,0.1156776,0.1140316,0.1121088,0.1100124,0.1076955,0.105295,0.1027899,0.1002974,0.0977727,0.09531014,0.09284079,0.09044283,0.08803748,0.08567582,0.08325949,0.08084493,0.0783262,0.07574821,0.07297642,0.07002827,0.06676818,0.06319563,0.0591589,0.05464152,0.04947461,0.0436779,0.03705624,0.02956552,0.02094686,0.01118495,0.0001993882,-0.01194225,-0.02528404,-0.03964066,-0.05470965,-0.06978649,-0.0842151,-0.09691157,-0.1066692,-0.1117757,-0.1110585,-0.1038599,-0.09082843,-0.07395852,-0.05682692,-0.0420584,-0.0326368,-0.02908468,-0.02724821,-0.02212674,-0.01282793,-0.001384498
0.001991938,0.01411874,0.0254741,0.03553762,0.0440208,0.05097736,0.05644762,0.06070877,0.0638164,0.06575848,0.06621329,0.06481364,0.06146682,0.05673301,0.05126388,0.04572554,0.0404627,0.03577074,0.03165906,0.0281743,0.02526075,0.02292532,0.02096297,0.0193178,0.01789085,0.01675722,0.01588446,0.01532713,0.01499744,0.01494466,0.01510959,0.01555712,0.01622669,0.01720166,0.01844998,0.02005956,0.02198167,0.0242795,0.0269185,0.03000021,0.03351378,0.03749808,0.04186365,0.04662643,0.05165178,0.05689664,0.0621916,0.06753972,0.07288212,0.07826232,0.08355894,0.08871408,0.09361339,0.09830326,0.1026963,0.106792,0.1104526,0.1136893,0.1163892,0.118536,0.1200822,0.1210539,0.1214024,0.1212101,0.1204473,0.1192011,0.1175197,0.115562,0.1133397,0.1109565,0.1084104,0.1057803,0.1030467,0.1003179,0.09759888,0.09495582,0.09236455,0.0898942,0.08749896,0.08521417,0.08299123,0.08085068,0.07874033,0.07667736,0.07458806,0.07247166,0.07024854,0.06791615,0.06536589,0.06254681,0.05933399,0.05571691,0.05159565,0.04689033,0.04143022,0.03510544,0.02780899,0.01945964,0.009856929,-0.00106036,-0.01333759,-0.02676693,-0.04117463,-0.05619878,-0.07126372,-0.08546956,-0.09759376,-0.1061661,-0.1097734,-0.1074674,-0.09914771,-0.08592319,-0.06999321,-0.0544878,-0.04162343,-0.03340212,-0.02953224,-0.02604212,-0.01963048,-0.00975874
-0.007603228,0.004467405,0.01708068,0.02926281,0.04030992,0.04994793,0.05803605,0.06476314,0.07020387,0.07438247,0.07706196,0.07796501,0.07682148,0.07393035,0.0697828,0.06495813,0.05986429,0.05490844,0.05029038,0.04614504,0.04250667,0.0394908,0.03697892,0.03488433,0.03309692,0.03166564,0.03058846,0.02993598,0.02963668,0.02971827,0.03013249,0.03092538,0.03202092,0.03346851,0.03523136,0.03735995,0.03981632,0.04264871,0.04581705,0.04940698,0.05339538,0.05777568,0.06243186,0.06736621,0.07242062,0.07752299,0.08251017,0.08736669,0.09203609,0.09659885,0.1009498,0.105029,0.1087288,0.1120958,0.1150471,0.1176187,0.1197153,0.12136,0.1224667,0.1230429,0.1230575,0.1225711,0.1215468,0.1200912,0.118181,0.1159169,0.1133422,0.1106291,0.1077666,0.1048488,0.1018556,0.09887896,0.09588377,0.09299007,0.09017837,0.0875203,0.08496323,0.08258734,0.08032464,0.07822109,0.07621472,0.07434284,0.07252892,0.07082774,0.0691456,0.0675106,0.06580292,0.06403808,0.06211757,0.06003231,0.05764429,0.05492041,0.05171236,0.04803537,0.04372764,0.03872355,0.03275415,0.02573549,0.01753392,0.008110453,-0.002696575,-0.01489969,-0.02841773,-0.04285338,-0.05784461,-0.07266629,-0.08645717,-0.09774948,-0.1051311,-0.1073108,-0.1038548,-0.094977,-0.08225099,-0.06753538,-0.05358012,-0.04228264,-0.03479958,-0.03016178,-0.02530655,-0.01785927
-0.01741528,-0.006894092,0.005317267,0.01830016,0.03104425,0.04294439,0.05356042,0.06284094,0.07079585,0.07742741,0.08261021,0.08616076,0.0877662,0.08749799,0.08566531,0.08272039,0.07898198,0.07487186,0.07066543,0.06662524,0.06282122,0.05948778,0.05664177,0.05425873,0.05221572,0.05056064,0.04928267,0.04849867,0.04816398,0.0483078,0.04886841,0.04989338,0.05127025,0.05302046,0.05509885,0.05753457,0.06027955,0.06338234,0.06677084,0.07050891,0.07454877,0.07885717,0.08329448,0.08785977,0.09239469,0.09681012,0.1009707,0.1048527,0.1083949,0.1117045,0.1147155,0.1173745,0.1195849,0.121387,0.1227183,0.1236423,0.1241241,0.1241773,0.1237483,0.1228594,0.1214936,0.1197237,0.1175367,0.1150398,0.1122327,0.1092028,0.1059935,0.1027601,0.09949349,0.0962477,0.09301324,0.0898594,0.08677697,0.08385977,0.08109241,0.07851606,0.07609285,0.07388034,0.07182156,0.06993268,0.06817278,0.06656624,0.06506997,0.06371307,0.06242531,0.06120267,0.05996967,0.05873738,0.05742069,0.05598122,0.05430179,0.05237407,0.05010401,0.04742408,0.04418937,0.04030059,0.03563885,0.030086,0.02339728,0.01545293,0.006104264,-0.004606153,-0.01671197,-0.03010219,-0.04451452,-0.05940533,-0.07396574,-0.08706497,-0.09736037,-0.1035074,-0.104604,-0.1004759,-0.09165813,-0.07979304,-0.06655627,-0.05400551,-0.04392239,-0.03675073,-0.03142032,-0.02548837
-0.02671964,-0.01825955,-0.007731086,0.004457829,0.01747614,0.03052651,0.04293656,0.05435127,0.06462252,0.07370026,0.08138676,0.08761667,0.09214669,0.09488247,0.09595074,0.09567893,0.09427599,0.09205945,0.08929831,0.08630229,0.08319033,0.08020069,0.07751388,0.0752064,0.07320512,0.07154521,0.07022397,0.06935945,0.06898116,0.06912306,0.06972984,0.07083205,0.07230987,0.07412204,0.07624233,0.07867881,0.08138388,0.08439305,0.08762106,0.09108149,0.09470817,0.09844757,0.1021617,0.1058378,0.1093558,0.1126263,0.1155469,0.1180988,0.1202154,0.1220112,0.1234602,0.1245401,0.1251621,0.1253581,0.1250828,0.1244283,0.1234115,0.1220469,0.1202832,0.1181714,0.1156835,0.1129124,0.1098514,0.1066113,0.103195,0.0996914,0.0961208,0.09262374,0.08917448,0.08581261,0.0825201,0.07936848,0.07634062,0.07353424,0.07090891,0.06851044,0.06628749,0.06429808,0.06247124,0.06082863,0.05932372,0.05799489,0.05678117,0.05574134,0.05480054,0.05397641,0.05316091,0.05237545,0.05155415,0.05069756,0.04969028,0.04849471,0.04698278,0.04517141,0.04293685,0.04022074,0.03677332,0.03248956,0.02721111,0.02084843,0.0131792,0.00406342,-0.006577435,-0.01858918,-0.03188461,-0.04609737,-0.06076271,-0.07484414,-0.08717319,-0.09638751,-0.1014936,-0.101797,-0.09755166,-0.08924036,-0.07847947,-0.06673099,-0.05560412,-0.04639693,-0.03934484,-0.03334297
-0.03624335,-0.02921584,-0.020704,-0.0103488,0.001524628,0.01433408,0.0273562,0.04004265,0.05198881,0.06303003,0.0729332,0.08157959,0.0888117,0.09450353,0.09859834,0.1013134,0.1027606,0.1031402,0.102622,0.1015001,0.0999091,0.09805512,0.09616574,0.09445786,0.09291617,0.09160215,0.09051017,0.08975736,0.08940835,0.08955607,0.09014385,0.09119798,0.09259805,0.09425743,0.09614365,0.09828237,0.1006069,0.103156,0.1058416,0.1086372,0.1114413,0.114206,0.116802,0.1192113,0.12136,0.1232009,0.1246484,0.1256993,0.1262859,0.1265108,0.1263787,0.125917,0.1250474,0.1237813,0.122092,0.1200917,0.1178376,0.1153424,0.1125566,0.1095434,0.1062721,0.1028295,0.09922672,0.09556152,0.09184597,0.08815023,0.08448642,0.08095581,0.07753634,0.07424039,0.07105784,0.06804448,0.0652005,0.06260008,0.0602059,0.05803842,0.05606465,0.05432434,0.05275795,0.05136187,0.05010614,0.04902618,0.04808945,0.04732759,0.04669153,0.04617456,0.04571251,0.0453229,0.04494725,0.04456186,0.04407591,0.04348511,0.04271085,0.041692,0.04031943,0.03851521,0.03618053,0.03319607,0.02931244,0.02438563,0.01823193,0.01079393,0.001911261,-0.008488361,-0.02038261,-0.03355042,-0.04758178,-0.06179392,-0.07520075,-0.08660218,-0.09486084,-0.09916674,-0.09911516,-0.09512824,-0.08774061,-0.0781806,-0.0679056,-0.05806586,-0.04965984,-0.04263092
-0.04648697,-0.03991026,-0.03282059,-0.02447283,-0.01456877,-0.003249447,0.009003425,0.02168508,0.03427552,0.04646523,0.05791229,0.06841471,0.07781613,0.08601032,0.09284754,0.09839557,0.1027183,0.105897,0.1080046,0.1092315,0.1097236,0.1096284,0.1091428,0.1085437,0.10791,0.1073099,0.1067717,0.1063951,0.1062573,0.1064878,0.1070691,0.1080083,0.1092238,0.110593,0.1120649,0.1136846,0.1153869,0.1171971,0.1190582,0.1209116,0.1226289,0.1241784,0.1254571,0.1264361,0.1270837,0.127422,0.1273804,0.1269604,0.1261066,0.1248977,0.1233571,0.1215622,0.1194536,0.1170222,0.1142459,0.1112469,0.1081003,0.1048357,0.1013938,0.09784071,0.0941383,0.09037007,0.08655111,0.08277159,0.0790352,0.07540506,0.07187415,0.06851314,0.06528727,0.06221101,0.05926216,0.05650395,0.05392541,0.05160154,0.04948144,0.04758983,0.04588231,0.04440124,0.04308278,0.04193009,0.04090624,0.04006048,0.03934597,0.03881578,0.03842263,0.03818333,0.03800629,0.03791324,0.03786573,0.03787618,0.03786084,0.03778658,0.03754722,0.03716209,0.03654398,0.03565488,0.03427972,0.03232665,0.02964823,0.02613801,0.02156648,0.0157357,0.008481428,-0.0001982445,-0.01040313,-0.02204453,-0.0349974,-0.04868134,-0.06234306,-0.07491303,-0.08540032,-0.09279829,-0.0966647,-0.09660418,-0.09316193,-0.08687218,-0.0787027,-0.0698041,-0.06117244,-0.05338663
-0.05754893,-0.05089125,-0.04442685,-0.03749862,-0.02956255,-0.0202858,-0.009763043,0.001754031,0.01381609,0.02604586,0.03807567,0.04961713,0.06041056,0.07036343,0.07929266,0.08716021,0.09394557,0.09968041,0.104322,0.1079648,0.1106949,0.1126492,0.1139245,0.1147964,0.1153924,0.1158158,0.1160902,0.11634,0.1166253,0.1170891,0.1177378,0.1185847,0.1195821,0.1206389,0.1216468,0.1226731,0.1236548,0.1246161,0.1255277,0.1263388,0.126889,0.1271832,0.1271525,0.1267714,0.1260201,0.1249903,0.1236395,0.1219643,0.1199225,0.1175689,0.1149379,0.1121431,0.1091476,0.1059317,0.1024715,0.09887836,0.09522624,0.09156092,0.08783264,0.08408913,0.08029506,0.07651309,0.0727677,0.06913446,0.06561518,0.06225145,0.05902898,0.05598219,0.05307845,0.05032628,0.04770412,0.04526421,0.04300838,0.04099081,0.03917184,0.03755825,0.03611839,0.03488238,0.03380164,0.03286377,0.03204087,0.03138309,0.03087006,0.0305265,0.03032449,0.0302659,0.03030399,0.03045794,0.0306874,0.03098341,0.03128238,0.03159386,0.0318555,0.03201424,0.0319903,0.03173606,0.03118253,0.03023384,0.02866723,0.02634329,0.02308455,0.0188009,0.01327517,0.006336345,-0.002136449,-0.01214122,-0.02356562,-0.03612947,-0.04928321,-0.06219773,-0.07392024,-0.08356239,-0.09034409,-0.09400538,-0.0942908,-0.09156288,-0.08646993,-0.07969717,-0.07222019,-0.06466927
-0.06821347,-0.06177592,-0.05557377,-0.04941807,-0.04288879,-0.03552453,-0.02709095,-0.01751467,-0.006977939,0.0042637,0.01582278,0.02740216,0.03868337,0.04949426,0.05965963,0.06906619,0.07762527,0.08531239,0.09203213,0.09777156,0.1025515,0.1064611,0.1095389,0.1119814,0.1139426,0.1155366,0.1167847,0.1178028,0.1186793,0.1195222,0.1203578,0.1211969,0.1220345,0.1228367,0.1234599,0.1239495,0.1242767,0.1244515,0.1244748,0.1243175,0.1238213,0.1230074,0.1218586,0.1203632,0.1185076,0.1164088,0.1140711,0.1114836,0.1086167,0.1055029,0.1021804,0.09878201,0.09529302,0.09169739,0.08796332,0.08417614,0.08039083,0.07667439,0.07298706,0.0693596,0.06575101,0.06221589,0.05877175,0.05548633,0.05234895,0.04939433,0.04659089,0.04395547,0.04144461,0.03908018,0.03683003,0.03474836,0.03282683,0.03112218,0.02959176,0.02825119,0.02705695,0.02604155,0.02515784,0.02440748,0.02375524,0.02325777,0.02288406,0.02267735,0.02260885,0.02270489,0.0228953,0.0232008,0.02359892,0.02411417,0.02468804,0.02530004,0.0258655,0.0264096,0.02687197,0.02724013,0.02733806,0.02710222,0.02642031,0.025196,0.02322204,0.02029871,0.01623865,0.0109652,0.004285561,-0.003877817,-0.01362172,-0.02471568,-0.0368155,-0.04926565,-0.0613566,-0.07219243,-0.08116657,-0.08751547,-0.09117116,-0.09197872,-0.09016777,-0.08625867,-0.0808931,-0.07470985
-0.07708666,-0.07160894,-0.06599355,-0.06038878,-0.05474783,-0.04875356,-0.0421217,-0.03456945,-0.02603617,-0.01656162,-0.006358387,0.004314729,0.0151411,0.02589708,0.03636869,0.04643025,0.05591879,0.06477536,0.07286316,0.08011796,0.08647446,0.09197792,0.09660388,0.1004761,0.1037164,0.1064555,0.108694,0.1105258,0.1120461,0.1133633,0.1144863,0.1154405,0.116225,0.1168892,0.1172752,0.1173915,0.1172356,0.1168278,0.1161668,0.1152645,0.1139894,0.1123698,0.1104212,0.1081683,0.1056012,0.1028332,0.09990009,0.09680456,0.09351683,0.09005725,0.08645756,0.08285736,0.07925873,0.07565305,0.07200654,0.06837346,0.06478085,0.06130055,0.05791458,0.05463696,0.05142604,0.04831987,0.04533346,0.04252088,0.03986906,0.03739737,0.03506719,0.03287931,0.03079534,0.02883456,0.0269698,0.02524069,0.02364767,0.02223304,0.0209697,0.01986368,0.01888373,0.01805326,0.01733751,0.01673186,0.01620939,0.01582368,0.01556756,0.01545899,0.01547992,0.01564532,0.01592914,0.01635224,0.01688237,0.01752383,0.0182327,0.01903346,0.01988159,0.02073423,0.02153202,0.02225572,0.02286991,0.02330855,0.02339128,0.02300461,0.02199972,0.02029756,0.01767869,0.01394202,0.008909498,0.00247144,-0.005434297,-0.01479557,-0.02542028,-0.03687745,-0.04856133,-0.05979209,-0.06982888,-0.07822327,-0.08438154,-0.08815479,-0.08956286,-0.0887033,-0.08604429,-0.08201047
-0.08270022,-0.07893664,-0.0745266,-0.06980523,-0.06495092,-0.05994334,-0.05465449,-0.04883227,-0.04225871,-0.03479781,-0.0264691,-0.01739944,-0.00781575,0.002066133,0.01201293,0.0218683,0.03145501,0.04065171,0.04932304,0.05736381,0.06467105,0.0712221,0.07696941,0.08194028,0.08621904,0.08991091,0.0930316,0.09562358,0.09776414,0.09955785,0.1010252,0.1021907,0.1030569,0.1037073,0.1040297,0.1039741,0.1035662,0.1028382,0.101786,0.1004389,0.09873121,0.09668127,0.09432279,0.09170755,0.08884514,0.0858259,0.08269939,0.0794877,0.07616536,0.07274336,0.0692447,0.06579644,0.0624198,0.05910744,0.05582832,0.05260934,0.04945291,0.0464258,0.04352149,0.0407476,0.03806044,0.03549155,0.0330467,0.03076598,0.02863261,0.02666121,0.02480657,0.02306319,0.0213931,0.0198192,0.01831552,0.01691694,0.01561603,0.01445563,0.01341433,0.01250717,0.01169938,0.01101326,0.01041858,0.009923384,0.009502113,0.009201935,0.009008443,0.008955161,0.009025023,0.009249949,0.009584269,0.01004533,0.01062169,0.01134346,0.01217458,0.01309963,0.01405955,0.01508427,0.01613512,0.01721543,0.018192,0.01902747,0.019656,0.02000417,0.0199064,0.01918752,0.01768364,0.01529891,0.01182315,0.007105729,0.000944874,-0.006640278,-0.01558791,-0.02560522,-0.03632405,-0.04713588,-0.05756023,-0.06685733,-0.07477324,-0.08085047,-0.08488145,-0.08687878,-0.08697095,-0.0854783
-0.08442434,-0.0827764,-0.0801445,-0.07680235,-0.07304867,-0.06900249,-0.06474296,-0.06019974,-0.05521485,-0.04961329,-0.04325753,-0.0360909,-0.02824404,-0.01983675,-0.01107812,-0.002126172,0.006826915,0.01564241,0.02415452,0.03226615,0.03984246,0.04683539,0.05316815,0.05881806,0.06378401,0.0681507,0.07192934,0.07515186,0.07782789,0.08005547,0.08186307,0.08329551,0.08434267,0.08509791,0.08550071,0.08548184,0.0850485,0.08426499,0.08311914,0.08165222,0.07985234,0.07774629,0.07535922,0.07276566,0.06998386,0.06709017,0.06412665,0.06113805,0.0581004,0.05502542,0.05192592,0.04890764,0.04600004,0.04319786,0.04047193,0.03783431,0.03526667,0.03281947,0.03049573,0.0283002,0.02619409,0.02419583,0.02230754,0.02055557,0.0189255,0.017423,0.01600661,0.01466496,0.01337064,0.01213798,0.0109504,0.009830771,0.008779166,0.007824874,0.006962266,0.00620062,0.005521922,0.004941421,0.004438662,0.004015412,0.00365711,0.003404153,0.003261993,0.003240952,0.003331579,0.003551585,0.003897563,0.004387112,0.004996227,0.005731501,0.006570381,0.00753967,0.008617376,0.009766533,0.0109471,0.01215251,0.01338475,0.01459945,0.01566605,0.01650025,0.0169986,0.01710669,0.0166408,0.01540812,0.013238,0.009983112,0.005515549,-0.0002967373,-0.007472845,-0.01587998,-0.02522809,-0.03513634,-0.04507513,-0.05469766,-0.06340069,-0.07089414,-0.07691785,-0.08122724,-0.08383405,-0.08482765
-0.0820581,-0.08259189,-0.08197163,-0.08040077,-0.07812478,-0.07532517,-0.0721537,-0.06871434,-0.06498276,-0.06085028,-0.05621998,-0.05092102,-0.04493167,-0.03829862,-0.03113033,-0.02356459,-0.01577122,-0.007902916,-0.0001246328,0.00745106,0.01470693,0.02156177,0.02794236,0.03379555,0.03906776,0.04377947,0.04794797,0.05159015,0.05468016,0.05726161,0.05937885,0.06108089,0.06237257,0.06331497,0.06390305,0.06407535,0.0638198,0.06319878,0.06221789,0.06091275,0.05931382,0.05745625,0.05536237,0.05310404,0.05070819,0.04823235,0.04571327,0.04320107,0.04068217,0.03816758,0.03566619,0.03325751,0.03097202,0.02880674,0.02673073,0.02474727,0.02282876,0.02101102,0.01929348,0.01768193,0.01614237,0.01469137,0.01332219,0.01205244,0.010865,0.009768223,0.008723816,0.007722909,0.006738356,0.005786359,0.004851544,0.003957399,0.003095839,0.002298848,0.001562519,0.0009083906,0.000316736,-0.0001953737,-0.000646122,-0.001021435,-0.001335046,-0.001554438,-0.001686377,-0.001702172,-0.001611742,-0.001384025,-0.001047028,-0.0005858031,-4.485737e-06,0.0007263804,0.001588754,0.002567533,0.003624483,0.004795606,0.006057783,0.00742064,0.008787089,0.01014246,0.01146357,0.01270485,0.01374642,0.0144485,0.01469094,0.01439303,0.01336986,0.01146173,0.008445085,0.004243543,-0.001229794,-0.007913996,-0.01570113,-0.02427112,-0.03336601,-0.0424368,-0.05128913,-0.05945347,-0.06661428,-0.07256561,-0.07711335,-0.08026527
-0.07617086,-0.07861547,-0.07994542,-0.08022281,-0.07964465,-0.07833822,-0.07645275,-0.07413347,-0.07151052,-0.06858142,-0.06533069,-0.06162092,-0.05735102,-0.05247574,-0.0470379,-0.04108574,-0.03476215,-0.02819142,-0.02154074,-0.01491504,-0.008430881,-0.002158737,0.003806798,0.009423442,0.01461029,0.01934852,0.02361942,0.02744251,0.0307682,0.03360571,0.03597104,0.03792172,0.0394656,0.04064921,0.04147955,0.04193997,0.04199531,0.0417002,0.04106539,0.0401351,0.03894643,0.03755401,0.0359732,0.0342705,0.03246479,0.03060254,0.02870969,0.02683799,0.02497596,0.02313974,0.02133135,0.01961594,0.01801291,0.01652325,0.01511324,0.0137826,0.012499,0.01128446,0.01013617,0.009059792,0.008029059,0.007054251,0.006125828,0.005257147,0.004432457,0.003658126,0.002903851,0.002163811,0.001417264,0.0006750594,-7.256515e-05,-0.0008071538,-0.001531128,-0.002220209,-0.002870756,-0.003462757,-0.004001587,-0.004472215,-0.004887879,-0.005239388,-0.00553494,-0.005743848,-0.005860654,-0.005875579,-0.005795839,-0.005603994,-0.00529345,-0.004845481,-0.004281589,-0.003594924,-0.002796781,-0.001855895,-0.0007830766,0.000394589,0.001647729,0.002978623,0.00441275,0.005927437,0.007429335,0.008868667,0.01018109,0.01134683,0.0122239,0.01265529,0.01250162,0.01163096,0.009910167,0.00716392,0.003274442,-0.001787923,-0.007944283,-0.0150518,-0.02281631,-0.03107598,-0.03936914,-0.04746722,-0.05510126,-0.06194509,-0.06781413,-0.0725607
-0.06750503,-0.07143129,-0.07436923,-0.07633109,-0.07739461,-0.07766251,-0.07722509,-0.0761928,-0.07471895,-0.0728774,-0.07075096,-0.06832218,-0.06549109,-0.06217031,-0.05834455,-0.05401473,-0.04923863,-0.04412034,-0.0387871,-0.03334721,-0.02789536,-0.02250677,-0.01726459,-0.01222567,-0.007450368,-0.002984239,0.001135212,0.00489836,0.008268151,0.0112221,0.01375513,0.01589985,0.01767545,0.0191066,0.02020808,0.02098644,0.02142006,0.02153694,0.02135653,0.02091788,0.02026593,0.0194553,0.01850723,0.01746889,0.01635754,0.01520107,0.01402076,0.01285568,0.01170119,0.01057081,0.009466706,0.008438621,0.007500959,0.006652107,0.005859969,0.005116776,0.004395457,0.003709214,0.003049375,0.00241976,0.001800968,0.001205183,0.0006205332,5.636901e-05,-0.0005018882,-0.001044884,-0.001595262,-0.002154338,-0.002741688,-0.003344203,-0.00397006,-0.004600082,-0.005241203,-0.005865401,-0.006469201,-0.00702325,-0.007534061,-0.007986335,-0.008389831,-0.008726886,-0.009005375,-0.009203697,-0.009328933,-0.009354923,-0.009287515,-0.009100929,-0.008816124,-0.008419381,-0.007909783,-0.00726171,-0.006484623,-0.005591455,-0.004608953,-0.003495772,-0.002264147,-0.000901784,0.0005169662,0.001996974,0.003545288,0.005143506,0.006709959,0.008141709,0.009363513,0.0103266,0.01088588,0.01090821,0.01019282,0.008646171,0.006128469,0.002588165,-0.002016123,-0.007561986,-0.01398287,-0.02093381,-0.0283601,-0.03590713,-0.04333186,-0.05042186,-0.05690847,-0.06264722
-0.05717031,-0.06202755,-0.06612507,-0.06938643,-0.07184242,-0.07351499,-0.074461,-0.07472472,-0.07444305,-0.07371337,-0.07262752,-0.0712458,-0.0695777,-0.06753788,-0.06509286,-0.062209,-0.05889813,-0.05519601,-0.05121154,-0.04701957,-0.04271363,-0.03834597,-0.0340009,-0.02972701,-0.02559168,-0.0216236,-0.01787536,-0.01436504,-0.01113858,-0.008213584,-0.005624881,-0.003358301,-0.001412536,0.0002400548,0.001601096,0.002693946,0.003502673,0.004051798,0.004351214,0.004442807,0.004361993,0.004166557,0.003870928,0.003514112,0.003101683,0.002654248,0.002179374,0.001707562,0.001230059,0.0007605749,0.0003007791,-0.0001080867,-0.0004605746,-0.0007573,-0.00102958,-0.001286922,-0.001555051,-0.001826062,-0.002108954,-0.002400739,-0.002715088,-0.003042786,-0.003392343,-0.003754323,-0.004138894,-0.004538656,-0.004968553,-0.005426321,-0.005923836,-0.006450783,-0.007011117,-0.007590309,-0.008187659,-0.008781469,-0.009362234,-0.009904818,-0.01040329,-0.01084463,-0.01123527,-0.01156536,-0.01183882,-0.01203422,-0.0121474,-0.01217247,-0.01211369,-0.01196037,-0.01170188,-0.01132229,-0.01083859,-0.01024852,-0.009558052,-0.008733776,-0.007779254,-0.006718659,-0.00557004,-0.004327931,-0.002951792,-0.001450973,0.0001090893,0.001704604,0.003305285,0.00491978,0.006447952,0.007772308,0.008795308,0.009418443,0.009538333,0.008988666,0.007633487,0.005375682,0.002189465,-0.001926706,-0.00684242,-0.01255586,-0.0187609,-0.02536113,-0.03218075,-0.03895766,-0.0455074,-0.05161929
-0.04609756,-0.05137513,-0.05611305,-0.06023199,-0.06368191,-0.06646253,-0.06857762,-0.07003185,-0.0708879,-0.07122163,-0.07113507,-0.0707019,-0.06998024,-0.06897129,-0.06763808,-0.06595332,-0.0638976,-0.06146767,-0.05871808,-0.05571691,-0.05252812,-0.04920265,-0.04579513,-0.04236156,-0.0389623,-0.03563443,-0.03240331,-0.02929509,-0.02635167,-0.0235995,-0.02107089,-0.01878161,-0.01673926,-0.01493106,-0.01335164,-0.01198903,-0.01084446,-0.009905036,-0.009158967,-0.008574995,-0.0081185,-0.007745476,-0.007440569,-0.007180619,-0.006961101,-0.006773647,-0.006618606,-0.00648246,-0.006372018,-0.006281123,-0.00620266,-0.006107478,-0.005992508,-0.005859796,-0.005737014,-0.005637267,-0.005579927,-0.005559576,-0.005586609,-0.005658334,-0.005784406,-0.00595188,-0.00616659,-0.006420593,-0.006721004,-0.007057651,-0.007439723,-0.007861325,-0.008331312,-0.00883512,-0.009376235,-0.009939825,-0.01052744,-0.01111431,-0.01169053,-0.01222546,-0.01271681,-0.01315184,-0.01353498,-0.01385141,-0.01410502,-0.01428385,-0.01439548,-0.01441904,-0.01435758,-0.01419435,-0.0139484,-0.01361053,-0.01317438,-0.01262007,-0.0119545,-0.01119108,-0.01034774,-0.009384578,-0.008303442,-0.007092491,-0.005811058,-0.004442608,-0.002959929,-0.001363947,0.0002949199,0.001942332,0.003543501,0.005080559,0.006451571,0.007558537,0.008243992,0.008432919,0.007992182,0.006834024,0.004855989,0.002073335,-0.001558848,-0.005840924,-0.01084027,-0.01633567,-0.02219701,-0.02829218,-0.03441121,-0.04040572
-0.03525407,-0.04047783,-0.04540497,-0.0499065,-0.05393164,-0.05741872,-0.06035588,-0.06270578,-0.06450339,-0.06578401,-0.06661213,-0.06703687,-0.06713618,-0.06695153,-0.06650332,-0.06575993,-0.06471872,-0.06333975,-0.06164784,-0.05968066,-0.05750255,-0.05513307,-0.05262068,-0.05000284,-0.04735154,-0.04469412,-0.04205509,-0.03943328,-0.03687752,-0.03440329,-0.03205055,-0.02983691,-0.02779281,-0.02590684,-0.02418638,-0.0226187,-0.02121672,-0.01996205,-0.01885407,-0.01785902,-0.01695825,-0.01611303,-0.01531893,-0.01455453,-0.01382625,-0.0131266,-0.01247117,-0.01185301,-0.01128745,-0.01076705,-0.01028849,-0.009824804,-0.009381348,-0.008956009,-0.008575753,-0.008248862,-0.007995958,-0.007811523,-0.007704079,-0.007665961,-0.007705684,-0.007810517,-0.007983341,-0.008211616,-0.008500143,-0.008837975,-0.009232148,-0.009671352,-0.01015811,-0.01067717,-0.01123159,-0.01180772,-0.01240132,-0.01299191,-0.01356704,-0.01410035,-0.01458289,-0.0150003,-0.01535994,-0.0156547,-0.01588872,-0.01604576,-0.01612528,-0.016124,-0.01604859,-0.01589433,-0.01565292,-0.01531092,-0.01488459,-0.0143735,-0.01378553,-0.01308627,-0.01227643,-0.01137959,-0.01040702,-0.009349543,-0.00816035,-0.006839685,-0.005437871,-0.003959884,-0.00241297,-0.0007654179,0.0009142992,0.0025456,0.004068121,0.005421536,0.006539502,0.007288721,0.00755261,0.007227418,0.006249663,0.004554531,0.002184324,-0.0009512673,-0.004662502,-0.008965096,-0.01377975,-0.01894243,-0.02434873,-0.02982644
-0.02523595,-0.03007463,-0.03479392,-0.03929408,-0.04348261,-0.04730275,-0.05070882,-0.05365202,-0.05611416,-0.05809924,-0.0596537,-0.06081132,-0.06160706,-0.06209868,-0.06233053,-0.06231172,-0.06203885,-0.06148669,-0.06063675,-0.05951617,-0.05817258,-0.05662578,-0.05489472,-0.05301895,-0.0510529,-0.04903029,-0.04696758,-0.04486479,-0.04274418,-0.04062703,-0.03853653,-0.03649691,-0.03453549,-0.03266381,-0.03088911,-0.02921273,-0.02764558,-0.02618117,-0.02481493,-0.02352692,-0.02230041,-0.02111532,-0.01996649,-0.0188441,-0.01775233,-0.01669442,-0.01568958,-0.01474396,-0.0138711,-0.01306846,-0.01233269,-0.01164638,-0.01101228,-0.01043113,-0.00992384,-0.009498733,-0.009169788,-0.008933065,-0.00879509,-0.008746102,-0.008790637,-0.008913234,-0.009113746,-0.009380694,-0.009715922,-0.01010595,-0.0105534,-0.01104475,-0.0115788,-0.01213766,-0.01272359,-0.01332202,-0.01393025,-0.01452549,-0.01509637,-0.01561413,-0.01607568,-0.01646673,-0.01679467,-0.01704959,-0.01723675,-0.01735,-0.0173998,-0.01736766,-0.01726006,-0.01706702,-0.01681064,-0.01648415,-0.01608099,-0.01558371,-0.01500213,-0.01435115,-0.01364435,-0.0128427,-0.0119439,-0.01093525,-0.009869419,-0.008720477,-0.007453295,-0.006057057,-0.004562814,-0.003021823,-0.0014404,0.000190678,0.00180363,0.003336315,0.00467271,0.005770421,0.006524278,0.006854925,0.006647697,0.005878334,0.004453182,0.002494032,-0.0001440689,-0.003329427,-0.007021718,-0.01117227,-0.01566185,-0.02039729
-0.01655396,-0.02076215,-0.02501461,-0.02919143,-0.0332251,-0.03702641,-0.04055122,-0.04373572,-0.0465554,-0.04899159,-0.05104259,-0.05272311,-0.05406433,-0.05508707,-0.05584677,-0.05635868,-0.05665189,-0.05670335,-0.0564974,-0.05602471,-0.05533616,-0.05444063,-0.05335796,-0.05210589,-0.05073592,-0.04926258,-0.04771712,-0.04609899,-0.04442193,-0.0426896,-0.04092269,-0.03912648,-0.03733297,-0.03555611,-0.03382161,-0.03213217,-0.03051033,-0.0289468,-0.02744396,-0.02598532,-0.02456903,-0.02318053,-0.02182335,-0.02048866,-0.01918875,-0.01792832,-0.0167334,-0.01561152,-0.01458175,-0.01363883,-0.01278651,-0.01201049,-0.01131546,-0.01070066,-0.01018384,-0.00976738,-0.009464606,-0.009271746,-0.009190328,-0.009206521,-0.009321515,-0.009522972,-0.009807559,-0.01016014,-0.0105794,-0.01105262,-0.01157913,-0.01214304,-0.01273654,-0.0133446,-0.01396695,-0.01459017,-0.01520516,-0.01579417,-0.01634536,-0.01683812,-0.01726264,-0.01760486,-0.01787524,-0.0180741,-0.01820721,-0.01826524,-0.01824932,-0.01815982,-0.01800678,-0.0177926,-0.01751039,-0.01715071,-0.01673008,-0.0162517,-0.01572414,-0.0151167,-0.01442783,-0.01368247,-0.01288678,-0.01203117,-0.0110657,-0.00998758,-0.008837451,-0.007610847,-0.006298744,-0.00485632,-0.003328083,-0.001767533,-0.0002041144,0.001332527,0.002811581,0.0041336,0.005215776,0.005972475,0.00634217,0.006243559,0.005686176,0.004536598,0.002922749,0.0007625243,-0.001923696,-0.005055512,-0.008603116,-0.01246104
-0.009347186,-0.01282431,-0.01643189,-0.02009696,-0.02372976,-0.02726814,-0.03064916,-0.03381837,-0.03672013,-0.03932449,-0.04162071,-0.04360911,-0.04529385,-0.04669003,-0.04782196,-0.04871559,-0.04939394,-0.04986881,-0.05011562,-0.05012253,-0.04990987,-0.04950698,-0.04892086,-0.04817059,-0.04727977,-0.04626744,-0.04515078,-0.04395295,-0.04267499,-0.04132188,-0.03989312,-0.03838759,-0.03681807,-0.03521225,-0.0335965,-0.03199131,-0.03041099,-0.02885974,-0.02733349,-0.02583083,-0.02435063,-0.02289381,-0.02146022,-0.02005344,-0.01868386,-0.01736717,-0.01612331,-0.01496745,-0.01391242,-0.01295881,-0.01210971,-0.01136171,-0.01071298,-0.01016703,-0.009733615,-0.009416137,-0.009218712,-0.009139282,-0.009174934,-0.009313388,-0.009549425,-0.009870804,-0.01027044,-0.0107362,-0.01126236,-0.01183598,-0.01244901,-0.01308727,-0.01374035,-0.01439464,-0.01504566,-0.01568019,-0.01628969,-0.01685556,-0.0173678,-0.0178086,-0.01817256,-0.01845037,-0.01864924,-0.01876945,-0.01881651,-0.01879485,-0.01871385,-0.01856137,-0.01834434,-0.01806224,-0.01773567,-0.01736389,-0.01693826,-0.01644896,-0.01590347,-0.01532349,-0.01471664,-0.01404873,-0.0133121,-0.01249856,-0.0116541,-0.01075208,-0.00974961,-0.008634569,-0.007421832,-0.006152198,-0.004808556,-0.003366897,-0.001864995,-0.0003415991,0.001126349,0.002522616,0.003778406,0.004833592,0.005591003,0.006017822,0.006013598,0.005660507,0.0047864,0.0034754,0.001719396,-0.0004933857,-0.003106873,-0.006088475
-0.003704394,-0.006408786,-0.009319406,-0.01235099,-0.01545218,-0.01854274,-0.02157628,-0.02449385,-0.02725477,-0.02981769,-0.03214706,-0.03422431,-0.03606267,-0.03765207,-0.03901223,-0.04014519,-0.04107675,-0.04181649,-0.04236671,-0.0426999,-0.04282846,-0.04276961,-0.04254852,-0.04216857,-0.04165046,-0.0409983,-0.04023329,-0.03937144,-0.0384322,-0.03740873,-0.03630221,-0.03509226,-0.03378683,-0.03240088,-0.03097187,-0.02951992,-0.02806728,-0.02661509,-0.0251703,-0.02372877,-0.02230115,-0.02088749,-0.0194969,-0.01813241,-0.01681517,-0.01555978,-0.01438791,-0.01330951,-0.01234091,-0.01148014,-0.01073603,-0.01010522,-0.009589364,-0.009188202,-0.0089098,-0.008750627,-0.008715159,-0.008798458,-0.008994154,-0.009286658,-0.009669384,-0.01013244,-0.01066756,-0.01125737,-0.01189439,-0.01256547,-0.01326054,-0.01396321,-0.01466236,-0.01534682,-0.01601,-0.01663739,-0.01721699,-0.01773393,-0.01818122,-0.01855026,-0.01883158,-0.01901723,-0.01911758,-0.0191414,-0.01909681,-0.01898341,-0.01880327,-0.01856274,-0.01827279,-0.01794252,-0.01756404,-0.01713333,-0.01666701,-0.01617425,-0.01566092,-0.01510097,-0.01449166,-0.01386074,-0.0132104,-0.01253242,-0.01177571,-0.01094079,-0.01005919,-0.009123112,-0.008112461,-0.006977804,-0.005747312,-0.004457005,-0.003112088,-0.001721921,-0.0002886864,0.001115593,0.002441236,0.003626424,0.004628715,0.005372238,0.005861267,0.005949679,0.005744076,0.005132531,0.004109288,0.002703737,0.0009019467,-0.001243233
0.0005570128,-0.001433077,-0.003640989,-0.006028035,-0.008528148,-0.01109669,-0.01367883,-0.01623142,-0.01869834,-0.021038,-0.02322324,-0.02523042,-0.0270478,-0.02867455,-0.03010593,-0.0313525,-0.0324123,-0.03330398,-0.03402577,-0.03456889,-0.03491962,-0.03509971,-0.03512521,-0.03501052,-0.03475796,-0.03438139,-0.03388686,-0.03329378,-0.03261805,-0.03186872,-0.03103545,-0.03010405,-0.02906281,-0.02792778,-0.02672325,-0.02547891,-0.02420797,-0.02292405,-0.02163305,-0.02034136,-0.01905278,-0.01777624,-0.01651802,-0.01529241,-0.01411785,-0.01301651,-0.01200267,-0.01109063,-0.0102887,-0.009601464,-0.009033767,-0.008589022,-0.008264104,-0.008061232,-0.007981738,-0.008023338,-0.00818216,-0.008453023,-0.008826892,-0.009290565,-0.009833038,-0.01044374,-0.01111099,-0.01182001,-0.01255932,-0.01331538,-0.01407275,-0.0148174,-0.0155404,-0.01623178,-0.01688081,-0.01747238,-0.01799644,-0.01843854,-0.01879444,-0.01905918,-0.01923145,-0.01930934,-0.01929868,-0.01920636,-0.01904105,-0.01881572,-0.01854158,-0.01821239,-0.01783493,-0.01741417,-0.01697059,-0.0165078,-0.01601724,-0.01549484,-0.01494577,-0.01439506,-0.01384776,-0.0132729,-0.01266228,-0.01200988,-0.01135908,-0.01068536,-0.009941439,-0.009114443,-0.008211016,-0.007265334,-0.006247217,-0.005123605,-0.003911834,-0.002633625,-0.00133866,-2.112066e-05,0.001278849,0.002523889,0.003640699,0.004604249,0.005321808,0.005863258,0.006053949,0.005961727,0.005554937,0.004794975,0.003703336,0.002275247
0.003578344,0.002234171,0.0006555158,-0.001104801,-0.003019587,-0.005031221,-0.007107396,-0.009203928,-0.01128804,-0.0133164,-0.01524857,-0.0170556,-0.01873523,-0.02026996,-0.02165846,-0.02289494,-0.02398535,-0.02492449,-0.02572545,-0.02637381,-0.02686366,-0.02719218,-0.02738456,-0.02744335,-0.02737935,-0.02719609,-0.02691015,-0.02652276,-0.02605642,-0.02551765,-0.02490925,-0.02421304,-0.02342235,-0.02253519,-0.02157471,-0.0205586,-0.01950837,-0.01843243,-0.01734793,-0.01625795,-0.01517304,-0.01409533,-0.01303934,-0.01201676,-0.0110538,-0.01016718,-0.009374377,-0.008683339,-0.008105836,-0.007643145,-0.007303313,-0.007084964,-0.006989454,-0.007013561,-0.007158428,-0.007415344,-0.007782548,-0.008250393,-0.008808444,-0.009439969,-0.01013476,-0.01088326,-0.01167312,-0.01248366,-0.01330221,-0.01411454,-0.01490756,-0.0156657,-0.01638233,-0.01704871,-0.0176536,-0.01817995,-0.01861582,-0.01895236,-0.01918921,-0.01932926,-0.01937226,-0.019317,-0.01917293,-0.01895239,-0.01866771,-0.01832456,-0.01792896,-0.01749239,-0.01702557,-0.01654,-0.01602914,-0.01549311,-0.01494976,-0.01441082,-0.01388013,-0.01333296,-0.01276781,-0.01221296,-0.01167114,-0.01113369,-0.01055086,-0.009928225,-0.009292063,-0.008630726,-0.007919876,-0.007107949,-0.006215598,-0.005267044,-0.004252451,-0.003166193,-0.001992957,-0.0007827844,0.0004385596,0.001632318,0.002777072,0.003811424,0.004743955,0.005433654,0.005983459,0.006273334,0.006290904,0.006043348,0.005498291,0.004678959
0.005663605,0.004843903,0.003819437,0.002601442,0.001233384,-0.0002633814,-0.001850045,-0.003499975,-0.005169116,-0.006822696,-0.008434495,-0.009980037,-0.01143648,-0.01279973,-0.01405162,-0.01519576,-0.0162237,-0.0171382,-0.01793411,-0.01861429,-0.01916122,-0.01957721,-0.01986628,-0.02004047,-0.02009746,-0.02005317,-0.01991444,-0.01968994,-0.01938393,-0.01901529,-0.01858277,-0.01808431,-0.01750659,-0.01685279,-0.01612771,-0.01535003,-0.01453019,-0.01368725,-0.01283145,-0.01197623,-0.0111255,-0.01028849,-0.009472961,-0.008698988,-0.00798546,-0.007353966,-0.006815353,-0.006382477,-0.006059151,-0.00585235,-0.005763646,-0.00579566,-0.005943565,-0.006206653,-0.00657927,-0.007055977,-0.007627058,-0.008283118,-0.009011449,-0.009798907,-0.01063087,-0.01149622,-0.01237888,-0.01326232,-0.01412922,-0.01496608,-0.01575793,-0.01649471,-0.017171,-0.01777893,-0.01830411,-0.01873113,-0.01905001,-0.01925555,-0.01934912,-0.0193369,-0.01922939,-0.0190321,-0.01874872,-0.01838827,-0.01796257,-0.0174908,-0.01698718,-0.01645079,-0.01588651,-0.01530145,-0.01471755,-0.01414247,-0.01356737,-0.0129905,-0.01241525,-0.0118684,-0.01135265,-0.01083857,-0.01031996,-0.009793073,-0.009298501,-0.008814969,-0.008294876,-0.007724866,-0.007107469,-0.006473063,-0.005784664,-0.00500587,-0.004141495,-0.003201664,-0.002217883,-0.001168947,-7.482937e-05,0.001045606,0.002142266,0.003201937,0.00414452,0.00503939,0.005720099,0.006253033,0.006598806,0.00671277,0.006603558,0.006247592
0.007004894,0.006614659,0.00602997,0.005280386,0.004374061,0.003346915,0.002215148,0.001007179,-0.0002574197,-0.001546517,-0.002825859,-0.00407099,-0.005273587,-0.006415066,-0.007488996,-0.008481362,-0.009396208,-0.01022193,-0.01096312,-0.01161085,-0.01216307,-0.01260577,-0.01294649,-0.01318249,-0.01332159,-0.0133675,-0.01333786,-0.01323251,-0.01305964,-0.01282452,-0.01253929,-0.01219997,-0.01180754,-0.01135536,-0.01085076,-0.01029726,-0.009710681,-0.0091016,-0.008486509,-0.007872252,-0.00727169,-0.006688247,-0.006135619,-0.005626924,-0.005185127,-0.00482407,-0.004558498,-0.00439437,-0.004340078,-0.004397107,-0.004569413,-0.004852482,-0.005244907,-0.005740095,-0.006332938,-0.007012323,-0.007771655,-0.008597166,-0.009475919,-0.01039129,-0.01132981,-0.01227911,-0.01322428,-0.01414389,-0.01502018,-0.01583914,-0.01659261,-0.01727173,-0.01787191,-0.01838427,-0.0187966,-0.01909364,-0.01926574,-0.01931372,-0.01924381,-0.01906841,-0.01879937,-0.01844251,-0.0180063,-0.01750295,-0.0169479,-0.01635071,-0.01572082,-0.01507403,-0.01441955,-0.01376848,-0.01311625,-0.01246703,-0.01183896,-0.01124287,-0.01068116,-0.0101305,-0.009589971,-0.009086999,-0.008624926,-0.008196113,-0.00775083,-0.007299181,-0.00686636,-0.006438722,-0.005989783,-0.005468148,-0.004891393,-0.004277024,-0.003607344,-0.002867228,-0.002030627,-0.001132551,-0.0001823449,0.0007983799,0.001806374,0.002795441,0.003780578,0.004631436,0.005454947,0.006132252,0.00665556,0.007025332,0.007206833,0.007208151
0.007888901,0.007807237,0.007574997,0.007185628,0.006666515,0.006020551,0.005272229,0.004433672,0.003536104,0.002600527,0.001644851,0.0006869759,-0.0002489388,-0.001159394,-0.002026643,-0.002849027,-0.003613957,-0.004324671,-0.004969461,-0.005552616,-0.006061726,-0.006496364,-0.006844558,-0.00711196,-0.007294536,-0.007405831,-0.007449066,-0.007436915,-0.007366153,-0.007248023,-0.007084301,-0.00688456,-0.006644982,-0.006371186,-0.00605937,-0.005717436,-0.005347797,-0.004968085,-0.004585232,-0.004213918,-0.003858997,-0.003532733,-0.003241455,-0.003004068,-0.002833042,-0.0027462,-0.002750729,-0.002857625,-0.003067151,-0.003384991,-0.003807191,-0.004332758,-0.004952671,-0.005663401,-0.006453015,-0.007314838,-0.008233602,-0.009197176,-0.01019097,-0.01120291,-0.01221402,-0.01320902,-0.01417076,-0.01508474,-0.01592907,-0.01669184,-0.01736544,-0.0179498,-0.01843867,-0.01882298,-0.01908861,-0.01922634,-0.01923018,-0.01910433,-0.01885687,-0.01850349,-0.01806285,-0.0175483,-0.01696271,-0.01631503,-0.01561858,-0.01489605,-0.01416263,-0.01342156,-0.01267595,-0.01193281,-0.01121486,-0.01053267,-0.009876504,-0.009244182,-0.008637952,-0.008086796,-0.0075906,-0.007120906,-0.006671966,-0.00624336,-0.005871624,-0.00553681,-0.005194881,-0.004834723,-0.004455951,-0.004086744,-0.003686791,-0.003220129,-0.002685283,-0.00208627,-0.001442037,-0.0007221318,6.741647e-05,0.000920281,0.001804478,0.002717432,0.003591534,0.004498653,0.005283586,0.006017602,0.006661596,0.00717561,0.007566267,0.007801848
0.008460051,0.008608712,0.008622915,0.008518336,0.00829074,0.007960729,0.007531927,0.007020637,0.006435011,0.005794239,0.00512244,0.004436397,0.003742722,0.0030581,0.002386412,0.001742602,0.001127094,0.0005502903,1.034477e-05,-0.0004838114,-0.0009341491,-0.001328091,-0.001663721,-0.00193243,-0.002141551,-0.002291289,-0.002392578,-0.002447384,-0.002463982,-0.002441055,-0.002388289,-0.002307793,-0.002207933,-0.002086416,-0.001948602,-0.001792634,-0.001627647,-0.001459481,-0.00130106,-0.001158545,-0.001043755,-0.0009619682,-0.0009263328,-0.0009469891,-0.001039963,-0.00121411,-0.001480241,-0.001841593,-0.002303144,-0.002862678,-0.003518261,-0.004260846,-0.00508526,-0.005981539,-0.00693953,-0.007946441,-0.008990468,-0.01005553,-0.01112856,-0.01219341,-0.01323231,-0.01422781,-0.01516653,-0.01603032,-0.01679964,-0.01746265,-0.0180214,-0.01847684,-0.01882249,-0.01904716,-0.0191412,-0.01909821,-0.01891565,-0.01860133,-0.01816976,-0.01764087,-0.0170307,-0.01635157,-0.01561374,-0.01482914,-0.01401404,-0.01317837,-0.0123322,-0.01149424,-0.01067337,-0.009878949,-0.009106189,-0.008361422,-0.007662422,-0.007017552,-0.006428172,-0.005872623,-0.005351137,-0.004890028,-0.004491072,-0.004147808,-0.003810145,-0.003490051,-0.003213979,-0.00296956,-0.002729537,-0.002443501,-0.002128313,-0.001797754,-0.001431565,-0.00101025,-0.0005016997,6.869566e-05,0.0007030137,0.001391639,0.002142978,0.002922925,0.00375283,0.004513392,0.005316581,0.006048059,0.006709817,0.007303284,0.00779718,0.008192518
0.008926943,0.009211895,0.009405007,0.00949077,0.009486559,0.009383501,0.009195503,0.008924811,0.008592539,0.008207934,0.00777934,0.007317312,0.006841685,0.006353084,0.005866671,0.005382498,0.00491507,0.004460876,0.004032332,0.003624556,0.003247852,0.00290017,0.00259652,0.002333993,0.002117872,0.001937815,0.001796798,0.001683062,0.001598281,0.001532994,0.001489522,0.001456584,0.001434834,0.001414977,0.001400141,0.001383157,0.001365661,0.001334992,0.001288203,0.001212035,0.001104259,0.0009522941,0.0007513223,0.0004857655,0.0001499873,-0.000268955,-0.0007737096,-0.001372296,-0.00206019,-0.002837962,-0.003694951,-0.004626218,-0.005619218,-0.006667074,-0.007753425,-0.008869997,-0.009996173,-0.01111883,-0.01222376,-0.01329961,-0.01432271,-0.01527437,-0.01614016,-0.01691051,-0.0175646,-0.01809522,-0.01850503,-0.01880167,-0.01897611,-0.01901898,-0.01892003,-0.01868135,-0.01830487,-0.01780094,-0.01718524,-0.01647912,-0.01570213,-0.01487286,-0.01399683,-0.01308432,-0.01214767,-0.01120865,-0.01028077,-0.009369601,-0.008478472,-0.007613625,-0.006795491,-0.006034608,-0.005319991,-0.004648899,-0.0040228,-0.003471768,-0.002994433,-0.002563413,-0.002171942,-0.001821415,-0.001545176,-0.001322345,-0.001113294,-0.0009111632,-0.00071487,-0.0005509883,-0.0003776258,-0.0001611469,0.000101744,0.0004089404,0.0007494614,0.001158705,0.001640213,0.002196427,0.0028063,0.003473731,0.004142773,0.004888688,0.005566018,0.006252775,0.006913239,0.007516659,0.008069534,0.0085384
0.009353609,0.009726443,0.01001927,0.01024147,0.01038185,0.01045165,0.01044577,0.01037292,0.01023291,0.01003556,0.009795968,0.009523593,0.009220037,0.008898465,0.008560692,0.00821937,0.007873966,0.0075347,0.007199353,0.006875587,0.006560693,0.006265598,0.005990711,0.005743918,0.005519793,0.005321747,0.00514204,0.004980847,0.004829873,0.004689921,0.004553276,0.004418617,0.004277514,0.004130572,0.003971055,0.003800281,0.003610551,0.003400051,0.003159229,0.002884645,0.002566816,0.002201873,0.001779307,0.001293469,0.0007338045,9.654055e-05,-0.0006249576,-0.00142957,-0.0023166,-0.003277193,-0.004303425,-0.005382819,-0.006507702,-0.007663728,-0.008838058,-0.0100154,-0.01118039,-0.01231611,-0.01341033,-0.0144469,-0.01540522,-0.01626699,-0.017023,-0.01765975,-0.01816294,-0.01852798,-0.01876581,-0.01887984,-0.01886266,-0.01870533,-0.01840516,-0.01796588,-0.01739325,-0.01670059,-0.01590892,-0.01504018,-0.01411096,-0.01313641,-0.01213074,-0.01110743,-0.01008096,-0.009057658,-0.008046268,-0.00706621,-0.006127429,-0.005237349,-0.004388144,-0.003585088,-0.002844939,-0.00217481,-0.001575218,-0.001024421,-0.000525333,-0.0001030947,0.000242565,0.0005189592,0.0007748872,0.0009976464,0.001160285,0.001273196,0.001361832,0.001474667,0.001594642,0.001710323,0.001840843,0.00200681,0.002242477,0.00252848,0.002874278,0.003279114,0.003756827,0.004280624,0.004876781,0.005437618,0.006079019,0.006691527,0.007288051,0.007872483,0.008416628,0.008919465
0.009860569,0.010258,0.01061098,0.01090088,0.01113967,0.01131142,0.01142362,0.01147249,0.01147228,0.01142414,0.01132948,0.01119237,0.01102734,0.01083135,0.01061806,0.01038508,0.01014471,0.009892198,0.009638865,0.009377787,0.009119801,0.008861592,0.008615145,0.008374199,0.008146342,0.007924284,0.007712547,0.007500375,0.007291161,0.007074613,0.006853395,0.006616646,0.006367247,0.00609499,0.005802839,0.005482536,0.005137154,0.004756325,0.004340407,0.003878858,0.003372074,0.002809121,0.002189696,0.001502868,0.0007482871,-8.282324e-05,-0.0009881433,-0.001970599,-0.003018447,-0.004126168,-0.005277596,-0.006466412,-0.007677051,-0.008898369,-0.01011227,-0.01130839,-0.01246378,-0.01356543,-0.01459871,-0.01555319,-0.01640461,-0.01713771,-0.01774165,-0.01821217,-0.01853654,-0.01871821,-0.01876347,-0.0186786,-0.01845583,-0.01809267,-0.01758731,-0.0169504,-0.0161903,-0.01532351,-0.01436857,-0.01334754,-0.01228015,-0.01118707,-0.01007601,-0.00895943,-0.007846487,-0.006755884,-0.005697983,-0.004678345,-0.003700384,-0.002769744,-0.001902606,-0.001106466,-0.0003683864,0.0003128349,0.0009364787,0.001473205,0.001925549,0.002319232,0.00266192,0.00295238,0.003158799,0.003302275,0.003419636,0.003514189,0.003585831,0.003607794,0.003622874,0.003661325,0.003725845,0.003813629,0.003918518,0.004077707,0.004300724,0.004595397,0.004947191,0.00536221,0.005793604,0.006320213,0.006805941,0.007335242,0.007875583,0.008403841,0.008925533,0.009409199
0.01043665,0.0108378,0.01119934,0.0115283,0.01181016,0.01205019,0.01223914,0.01238102,0.01247062,0.01251133,0.01251272,0.01247797,0.0124047,0.0123025,0.01217214,0.0120235,0.01185376,0.01167091,0.01147057,0.01125845,0.01103276,0.0108031,0.01056657,0.01032758,0.01008263,0.009836919,0.009583333,0.009322641,0.009048005,0.0087603,0.008451229,0.008119319,0.007758595,0.007369582,0.00694629,0.006489406,0.005993027,0.005457354,0.004875669,0.004247327,0.003565377,0.002828508,0.002031249,0.001172862,0.0002477045,-0.000743934,-0.001803288,-0.00292271,-0.004094524,-0.005304644,-0.006541435,-0.007792058,-0.009045483,-0.01028322,-0.01149232,-0.0126555,-0.01375734,-0.01478111,-0.0157133,-0.01653956,-0.01724294,-0.01781191,-0.01824026,-0.01851922,-0.01864573,-0.01862649,-0.01847086,-0.01817844,-0.01774681,-0.01717727,-0.01647642,-0.01565342,-0.01471966,-0.01369326,-0.01259551,-0.01144811,-0.01026779,-0.009070635,-0.00787209,-0.006686232,-0.005524308,-0.004389303,-0.003287551,-0.002236852,-0.001246104,-0.000321178,0.0005495638,0.001363724,0.002106406,0.002769944,0.003354733,0.00388319,0.004351605,0.004735298,0.005036233,0.005263429,0.005463116,0.005620178,0.005709154,0.005739208,0.0057333,0.005735981,0.005729393,0.005703059,0.005673725,0.005661295,0.005699992,0.005773503,0.005895415,0.006069833,0.006313457,0.006603711,0.006969156,0.007312069,0.007752918,0.008186582,0.008635386,0.009102302,0.009562067,0.01001415
0.01113102,0.0114974,0.01185167,0.01217472,0.01247555,0.01273371,0.01295471,0.013131,0.01327298,0.01337617,0.01343838,0.01345871,0.01344847,0.01340162,0.01333097,0.01323097,0.01311198,0.01296627,0.01280238,0.01261174,0.01240636,0.01218063,0.01194403,0.0116876,0.01142101,0.01113653,0.0108394,0.01051913,0.01018042,0.009812801,0.009419029,0.008987355,0.00852294,0.008015433,0.007469954,0.00687771,0.006244573,0.005561547,0.004832596,0.004049071,0.003214941,0.002322227,0.001376421,0.0003703375,-0.0006908314,-0.001812346,-0.002985051,-0.004205605,-0.005455791,-0.006727062,-0.008000575,-0.009270782,-0.01051751,-0.01172782,-0.01288354,-0.01397377,-0.01497642,-0.01588023,-0.01666823,-0.01733398,-0.01786059,-0.01824209,-0.01846859,-0.0185413,-0.01845993,-0.01823813,-0.01787575,-0.01737675,-0.0167406,-0.01597764,-0.01509324,-0.01410261,-0.01301773,-0.01185855,-0.01064102,-0.009387808,-0.008117458,-0.006851115,-0.005595441,-0.004362787,-0.003158557,-0.002000137,-0.0008938424,0.0001569682,0.0011517,0.002085174,0.002945515,0.00372864,0.004449521,0.005107368,0.005702318,0.006205588,0.00662365,0.006979624,0.007281919,0.007529417,0.007690893,0.007785791,0.007849729,0.0078832,0.007885028,0.007826835,0.007751072,0.007682948,0.007624432,0.007571313,0.00752043,0.007507898,0.007546092,0.007644094,0.007792485,0.007998076,0.008220762,0.008540247,0.00882983,0.009179818,0.009558819,0.009947713,0.01035153,0.01074262
0.01187985,0.01221009,0.01252608,0.01283426,0.01311829,0.01337963,0.0136087,0.01380658,0.01396547,0.01408457,0.01417069,0.01422277,0.01423676,0.0142199,0.01417207,0.01409956,0.0139978,0.0138716,0.01371364,0.01352882,0.01331598,0.01308203,0.01282201,0.01253935,0.01223212,0.01190392,0.01154806,0.01116591,0.01075141,0.01030519,0.009819278,0.00929241,0.008719455,0.008101421,0.007434581,0.006720414,0.005955594,0.005141966,0.004276427,0.003360515,0.002391156,0.001371359,0.0003008088,-0.0008179049,-0.001985446,-0.003197142,-0.004447096,-0.005721883,-0.007009683,-0.008294485,-0.009563852,-0.01080497,-0.01200274,-0.01313931,-0.01420177,-0.01517266,-0.01603951,-0.01678842,-0.01740484,-0.01787908,-0.01820554,-0.01838167,-0.01840111,-0.01826071,-0.01797077,-0.01754389,-0.01698236,-0.01628577,-0.01546085,-0.01452064,-0.01347731,-0.01234323,-0.01113263,-0.009864514,-0.008557144,-0.0072317,-0.005903051,-0.004586283,-0.003295498,-0.002042883,-0.00083653,0.0003221337,0.001429707,0.002472018,0.003443756,0.004341128,0.005179125,0.00595679,0.006660652,0.007283868,0.007827953,0.008315149,0.0087431,0.00908749,0.009351802,0.009545674,0.009712031,0.009832558,0.009884386,0.009875613,0.009826825,0.009778322,0.009709998,0.009610305,0.009493988,0.009380782,0.009303131,0.009245067,0.009220839,0.009235801,0.0093087,0.009420952,0.009601933,0.009760804,0.01002113,0.01028142,0.01057117,0.01088998,0.01121631,0.01155145
0.01268701,0.0129588,0.01323627,0.01350126,0.01376029,0.01399124,0.01419995,0.01437684,0.01453003,0.01465177,0.01473806,0.01478577,0.01480467,0.01478749,0.01474557,0.0146699,0.01456885,0.01443179,0.01426489,0.01405952,0.01382738,0.01356031,0.01326633,0.01293686,0.01258251,0.01219344,0.01177546,0.01131854,0.01082812,0.01029309,0.009717119,0.009090103,0.008417178,0.007688533,0.006911654,0.006079452,0.005200421,0.004267251,0.003287748,0.002255628,0.001179551,5.625415e-05,-0.001104168,-0.002306342,-0.003540223,-0.004806245,-0.006088042,-0.007378477,-0.008656895,-0.009914281,-0.01113209,-0.01230427,-0.01340788,-0.0144337,-0.01536242,-0.01618385,-0.01688019,-0.01744521,-0.01786313,-0.01813308,-0.01825032,-0.01821624,-0.01802023,-0.01767087,-0.01717945,-0.01656131,-0.0158106,-0.01493498,-0.01394246,-0.01285262,-0.01167438,-0.01042603,-0.009120593,-0.007777573,-0.006409306,-0.005037066,-0.003676348,-0.00234643,-0.001051481,0.0001980152,0.001399697,0.00253719,0.003608327,0.00461352,0.005556032,0.006432724,0.007235,0.007959752,0.008622895,0.009224461,0.009765809,0.01021857,0.01059296,0.01091008,0.01117899,0.01139726,0.01153373,0.01160664,0.01165054,0.01166371,0.01164327,0.01155977,0.01145353,0.01134322,0.01123069,0.01111169,0.0109837,0.01087941,0.01081043,0.01078453,0.01079648,0.01085463,0.01092458,0.01108472,0.0112146,0.01140919,0.01163623,0.01188007,0.01214553,0.01241
0.01346217,0.01368502,0.01390574,0.01413084,0.01434213,0.0145409,0.01471833,0.01487409,0.0149986,0.01508917,0.01515093,0.01518151,0.0151763,0.01514197,0.01507634,0.01498245,0.01485365,0.01469233,0.01448993,0.01425191,0.01397557,0.01366606,0.01331718,0.01293417,0.01251489,0.01206148,0.01156748,0.01103511,0.01045842,0.009837952,0.009166646,0.00844657,0.007671871,0.006844902,0.005963353,0.005031673,0.004048341,0.003018221,0.001941145,0.0008222355,-0.0003371996,-0.001528866,-0.002750373,-0.003996002,-0.005262458,-0.006539224,-0.007815105,-0.00907412,-0.01030406,-0.01148909,-0.01261906,-0.0136793,-0.01465533,-0.01553395,-0.01630089,-0.01693977,-0.0174445,-0.0178071,-0.01801799,-0.01807302,-0.01797763,-0.01773311,-0.01733457,-0.01678718,-0.01610983,-0.01531253,-0.014396,-0.01336533,-0.01223502,-0.0110229,-0.009744191,-0.008412849,-0.007043582,-0.005653175,-0.004257131,-0.002872887,-0.001512124,-0.0001866845,0.00109118,0.002312035,0.003470057,0.004566521,0.005600563,0.006562735,0.00745122,0.008266325,0.00902419,0.009722836,0.0103497,0.01090176,0.01138204,0.01181312,0.01219175,0.01249545,0.0127286,0.01289987,0.01304872,0.01315553,0.0131995,0.0131883,0.01313886,0.01308801,0.01301216,0.01289809,0.01275894,0.01261553,0.01249556,0.01238168,0.01228563,0.01221239,0.01218126,0.01217902,0.01223535,0.01226501,0.01239077,0.01251336,0.01266726,0.01284972,0.013043,0.01325092
0.01418934,0.01434962,0.01452191,0.01468871,0.01485397,0.0149979,0.0151271,0.01523116,0.01531607,0.01537292,0.01539664,0.01538436,0.01534501,0.01527165,0.01517262,0.01503645,0.01486946,0.01465941,0.01441239,0.01412059,0.01379348,0.01342159,0.01301236,0.01255961,0.01207313,0.01154226,0.01097323,0.01035667,0.009698144,0.008986722,0.008227864,0.007414584,0.006552156,0.005632542,0.004664436,0.003643574,0.002580312,0.001470932,0.0003260601,-0.0008566704,-0.002064163,-0.003295421,-0.004538786,-0.005795541,-0.007051634,-0.00830231,-0.009527785,-0.01072,-0.01185854,-0.01293654,-0.01393867,-0.0148573,-0.01567273,-0.01638041,-0.01695947,-0.01740296,-0.0176996,-0.01785002,-0.01784613,-0.01769371,-0.01739484,-0.01695226,-0.01635973,-0.01563522,-0.01479307,-0.01384441,-0.01278527,-0.01163034,-0.01039291,-0.00909418,-0.007744745,-0.006364009,-0.004963805,-0.003560957,-0.002164908,-0.0007925213,0.0005445126,0.001830718,0.003064224,0.004236627,0.00534784,0.006384472,0.007347968,0.008242859,0.009075855,0.009847143,0.01054824,0.01117585,0.01174698,0.01226434,0.01273098,0.01312031,0.01344289,0.01371924,0.01395806,0.01415433,0.01427737,0.01434644,0.0143942,0.01441759,0.01441073,0.01434349,0.01425313,0.01415265,0.01404427,0.01392368,0.01378554,0.01365804,0.01355036,0.01346772,0.01340689,0.01337908,0.01335561,0.01341264,0.01343301,0.01351429,0.01362131,0.0137433,0.01388496,0.014029
0.01477492,0.01488691,0.01499941,0.01511763,0.01522235,0.01531786,0.01539654,0.01545721,0.01548867,0.01548769,0.01545878,0.0153996,0.01530593,0.0151845,0.01502995,0.01484339,0.01461689,0.01435181,0.0140407,0.01368971,0.01329392,0.01285727,0.01237376,0.01185114,0.01128598,0.01068062,0.01002907,0.009334253,0.008590172,0.007798435,0.006954297,0.006062118,0.005117126,0.004124478,0.003082724,0.001998812,0.0008729734,-0.0002857774,-0.001475264,-0.002685986,-0.00391311,-0.005145143,-0.006379244,-0.007605459,-0.008817329,-0.01000015,-0.01114186,-0.01222591,-0.01324171,-0.01417726,-0.01502663,-0.01577417,-0.01641115,-0.01692678,-0.01730699,-0.01754083,-0.01762865,-0.01756848,-0.01736073,-0.01700789,-0.01651837,-0.01589349,-0.01513614,-0.014259,-0.0132793,-0.01220248,-0.01103472,-0.009787421,-0.008478374,-0.007124131,-0.005741031,-0.00434239,-0.002941206,-0.001550947,-0.0001847143,0.00114541,0.00243149,0.00366588,0.004838006,0.005941083,0.006971278,0.00793403,0.008830613,0.009656225,0.01041275,0.01110371,0.011743,0.01232823,0.01284892,0.01330567,0.01370343,0.01406619,0.0143875,0.01464794,0.0148511,0.01500357,0.01514207,0.01524798,0.01530223,0.015312,0.01529018,0.01526989,0.01522407,0.01513943,0.01502815,0.01491014,0.01480541,0.01469499,0.01458792,0.01448761,0.01441123,0.01435131,0.01433872,0.01429292,0.01433414,0.01436347,0.01441832,0.01449404,0.01457747,0.01467444
0.01520428,0.01525854,0.01532319,0.01537985,0.01543183,0.01546342,0.01548201,0.01547674,0.01545187,0.01539824,0.01531078,0.01518747,0.01503743,0.01485369,0.01464115,0.01438776,0.01409904,0.01376261,0.01338638,0.01296297,0.0125,0.01198689,0.01143225,0.01083164,0.01019367,0.009508613,0.008783649,0.008009763,0.0071929,0.006323843,0.00541094,0.004448096,0.003443029,0.002390643,0.001301096,0.0001715718,-0.0009850753,-0.002169295,-0.00336778,-0.004579359,-0.0057878,-0.006990888,-0.008175948,-0.009340522,-0.01046794,-0.01155172,-0.01257238,-0.01352218,-0.01438346,-0.01515535,-0.01582615,-0.01638956,-0.01683206,-0.01714949,-0.01732312,-0.01735416,-0.01723612,-0.01697549,-0.01657415,-0.01604429,-0.01538713,-0.01460687,-0.01370612,-0.01270735,-0.01161913,-0.01045031,-0.009203549,-0.007898935,-0.006550072,-0.005176263,-0.0037876,-0.00240208,-0.001028556,0.0003187923,0.0016336,0.002903525,0.004121117,0.005274608,0.006364494,0.007384358,0.008336467,0.009210951,0.01001279,0.01075032,0.01143418,0.01206475,0.0126316,0.01313336,0.01358893,0.01400193,0.01437747,0.01469128,0.01495388,0.01518565,0.0153933,0.0155684,0.01568152,0.01575421,0.01581755,0.01586664,0.01589328,0.01586624,0.01581974,0.01576341,0.01570053,0.01562308,0.01552128,0.01541936,0.01532463,0.01523874,0.0151577,0.01509453,0.01502756,0.01502995,0.01498768,0.01499898,0.01502427,0.01505683,0.01510206,0.01514722
0.0153985,0.01541073,0.01541939,0.01542741,0.01541752,0.01539685,0.01535838,0.0153005,0.01521134,0.01508791,0.01493503,0.01475065,0.01453185,0.01428399,0.01399922,0.01367896,0.01331524,0.01290991,0.01245794,0.01196538,0.01142606,0.01084326,0.01021285,0.009543204,0.008829978,0.008077291,0.00728018,0.006442044,0.005557625,0.004631135,0.003660219,0.002649851,0.001598239,0.0005134745,-0.0006044661,-0.001747223,-0.002911999,-0.004087184,-0.005268396,-0.006443223,-0.007604759,-0.008741263,-0.009848705,-0.01091413,-0.01193012,-0.01288198,-0.01375888,-0.01454526,-0.01523563,-0.01582443,-0.01630877,-0.0166764,-0.01692455,-0.01704069,-0.01701587,-0.0168479,-0.01654147,-0.01609967,-0.01553183,-0.01484478,-0.01404488,-0.01313636,-0.01213047,-0.01103966,-0.009874769,-0.008641374,-0.007352503,-0.006022162,-0.004667001,-0.003301198,-0.001939701,-0.0005927372,0.0007292504,0.002015484,0.003255807,0.004442648,0.0055719,0.006639091,0.007635719,0.008557878,0.009404098,0.0101833,0.01089906,0.01155117,0.012145,0.01268307,0.01317708,0.01362663,0.01402328,0.0143689,0.01467028,0.01495232,0.01520751,0.0154195,0.01558945,0.01572143,0.01584968,0.01595732,0.01602746,0.01606572,0.01608266,0.01610751,0.01611008,0.01607921,0.01602595,0.01596538,0.01591028,0.01584118,0.01576456,0.01568164,0.01560519,0.01553112,0.01549217,0.01541279,0.01541066,0.01538646,0.01537917,0.01538052,0.01538237,0.01539159
0.01535925,0.01532197,0.01528766,0.01523764,0.01517733,0.01509354,0.01499319,0.01486573,0.01471496,0.01453255,0.01431406,0.01405892,0.01377635,0.01345768,0.01310611,0.01271117,0.01227834,0.01179706,0.01127732,0.01071145,0.01010613,0.009451354,0.008757623,0.008020008,0.007246786,0.006430514,0.005579326,0.004684924,0.003754669,0.002782297,0.001777787,0.0007359141,-0.0003323484,-0.001429973,-0.002545399,-0.003679926,-0.004818048,-0.005958772,-0.007086901,-0.008199405,-0.009278544,-0.01032303,-0.01131878,-0.01226222,-0.01313696,-0.01393809,-0.01464716,-0.01525955,-0.01576421,-0.01616662,-0.01645677,-0.01663402,-0.01668887,-0.01661549,-0.01640229,-0.0160586,-0.01558179,-0.01498372,-0.01427217,-0.01346154,-0.01255086,-0.01154837,-0.01046234,-0.009312052,-0.008100548,-0.006839569,-0.00553658,-0.004212136,-0.002877311,-0.001549454,-0.0002357841,0.001048864,0.002298405,0.003500936,0.004653461,0.005747043,0.006777879,0.007736717,0.008626659,0.009444008,0.01019372,0.01086832,0.01147653,0.01203033,0.01254232,0.01301006,0.01342351,0.01378445,0.0141119,0.01440896,0.01468201,0.01490855,0.01510207,0.01528234,0.01545319,0.0156031,0.0157038,0.01577874,0.01585726,0.01593222,0.01599514,0.01601401,0.01602023,0.01602203,0.01602242,0.01600699,0.01596385,0.01591418,0.01586285,0.01580791,0.01574335,0.01568095,0.01560508,0.01558705,0.01551665,0.01549213,0.01546881,0.01544229,0.01541795,0.0153869
0.01503406,0.01496268,0.01487921,0.01478591,0.01466936,0.01453697,0.01438128,0.01420119,0.01398561,0.01373281,0.01344867,0.01313207,0.01278036,0.01239636,0.01197228,0.01151096,0.01100519,0.01045934,0.009870138,0.009242965,0.00857149,0.007860565,0.007107504,0.006319505,0.00549276,0.004633645,0.003737883,0.002810172,0.001847165,0.0008559983,-0.0001651183,-0.001209343,-0.002275754,-0.003354769,-0.004445695,-0.005537981,-0.006627016,-0.007700189,-0.008752292,-0.009769199,-0.01074389,-0.01166605,-0.01253129,-0.01332681,-0.01404724,-0.01467919,-0.0152135,-0.01563986,-0.01596077,-0.01617515,-0.01628163,-0.01627398,-0.01615155,-0.01590146,-0.01552362,-0.01502136,-0.01440408,-0.01367952,-0.01285987,-0.01195138,-0.01095996,-0.009893171,-0.008764892,-0.00758266,-0.006354922,-0.005090747,-0.00380586,-0.002512303,-0.001224402,4.624957e-05,0.001287805,0.002493564,0.003654969,0.004764088,0.005813561,0.006799174,0.007719408,0.008571925,0.009350521,0.01005515,0.0106869,0.01125701,0.01177158,0.01223412,0.01264995,0.01302042,0.01335816,0.01366406,0.01392937,0.01415666,0.01435309,0.01454415,0.01472446,0.01487982,0.01500876,0.01511388,0.0152268,0.01533158,0.01541227,0.01547305,0.01552394,0.01559105,0.0156422,0.01566909,0.01567926,0.0156825,0.01568777,0.01567552,0.0156485,0.01560613,0.01555675,0.01549694,0.01545824,0.01537198,0.01535353,0.01530355,0.0152618,0.01521545,0.01515994,0.01510225
0.01444946,0.01433757,0.01421835,0.0140749,0.01391517,0.01372617,0.0135139,0.01326927,0.01299661,0.01268951,0.01234493,0.01196398,0.01155428,0.01110577,0.01062218,0.0100949,0.009530348,0.008921468,0.008278867,0.007594552,0.006875595,0.00611439,0.005321899,0.004492257,0.003634923,0.0027442,0.001828808,0.000882278,-8.57366e-05,-0.001079347,-0.002088438,-0.003115687,-0.004148165,-0.005188269,-0.006223881,-0.007254044,-0.008262258,-0.009247347,-0.01019374,-0.01109709,-0.01194095,-0.01272641,-0.01343977,-0.01407917,-0.01463085,-0.01509077,-0.01544316,-0.01569102,-0.01583087,-0.01587099,-0.01580257,-0.01563062,-0.01534539,-0.01494392,-0.01442335,-0.01379631,-0.01306478,-0.01224485,-0.01134357,-0.0103732,-0.009333226,-0.008234562,-0.007084993,-0.00589968,-0.00468159,-0.003445546,-0.00219905,-0.0009601054,0.0002629669,0.001455536,0.002613769,0.003725342,0.004786403,0.005787743,0.006729105,0.00760385,0.008410314,0.009141242,0.00980248,0.01039376,0.01092268,0.01138386,0.01178974,0.01215322,0.01248523,0.01278342,0.01304064,0.01325934,0.01345643,0.01363456,0.01379973,0.0139319,0.01404903,0.01416895,0.01429336,0.01440957,0.01449083,0.01456064,0.01464474,0.01473476,0.01482296,0.01487764,0.01492885,0.01498339,0.01504137,0.01508364,0.01509945,0.01510664,0.01510677,0.01509474,0.0150637,0.01502227,0.01495673,0.01493758,0.01485936,0.01481977,0.01476918,0.0147057,0.0146327,0.01454417
0.01358422,0.01344639,0.01328688,0.01310876,0.01290192,0.01267261,0.01241349,0.0121245,0.0117962,0.01142897,0.01103035,0.01059948,0.0101327,0.009631624,0.009090243,0.008512401,0.007893206,0.007239931,0.006549598,0.005827313,0.00506819,0.004279063,0.003457252,0.002609653,0.001734049,0.0008375694,-8.311859e-05,-0.001021233,-0.001977762,-0.002944611,-0.003923253,-0.004904044,-0.005885185,-0.006857211,-0.007818898,-0.008757609,-0.009668889,-0.01054047,-0.01136716,-0.01213395,-0.01283717,-0.01346915,-0.01402681,-0.01449999,-0.01488586,-0.01517117,-0.01535194,-0.01542621,-0.01540299,-0.0152818,-0.01506296,-0.01474392,-0.01432296,-0.01379278,-0.0131612,-0.01243286,-0.0116217,-0.01073751,-0.009789662,-0.00878114,-0.007719246,-0.006613008,-0.005474253,-0.004307639,-0.003123434,-0.001931857,-0.0007473312,0.0004212157,0.001561942,0.002666599,0.003725972,0.004735632,0.005688768,0.006580447,0.0074054,0.008161623,0.008848917,0.009466902,0.01001205,0.01048808,0.01089858,0.01125755,0.01157299,0.0118478,0.01208533,0.01228985,0.01247558,0.01264183,0.01277868,0.01288897,0.012979,0.01307595,0.01317647,0.01326702,0.01334475,0.01341296,0.01350153,0.01359364,0.0136723,0.01374124,0.01381031,0.0139036,0.01398927,0.01406051,0.01411946,0.01417356,0.01423032,0.01426956,0.01429002,0.01428972,0.01427447,0.01424046,0.01421446,0.01413442,0.01411349,0.01405202,0.01399082,0.01391378,0.01381844,0.01371056
0.01249076,0.0123216,0.01213518,0.01191728,0.01167728,0.01140244,0.01109857,0.01075792,0.01038628,0.009979678,0.009536528,0.009058347,0.008550626,0.008003934,0.007423382,0.006802023,0.006148635,0.005458788,0.004742468,0.003992423,0.003217155,0.002410757,0.001583832,0.0007313433,-0.0001363157,-0.001024513,-0.001923297,-0.002836905,-0.003753861,-0.004678382,-0.005599369,-0.006517178,-0.007419116,-0.008308228,-0.009171473,-0.01000659,-0.01079815,-0.01154601,-0.01223432,-0.01285938,-0.0134096,-0.01388884,-0.01428499,-0.01459965,-0.01482012,-0.01494343,-0.01496121,-0.01488441,-0.01471371,-0.01445665,-0.01410621,-0.01366903,-0.01313435,-0.01250713,-0.01179013,-0.01099685,-0.01013227,-0.009212471,-0.008240214,-0.00722478,-0.006166623,-0.005077766,-0.003963521,-0.002837926,-0.001705419,-0.0005806597,0.0005310875,0.001614446,0.00266417,0.003668668,0.004626398,0.005526406,0.006367086,0.007141679,0.007851985,0.008492677,0.009063434,0.009559193,0.009988789,0.01035462,0.01066689,0.01092346,0.01113851,0.01132116,0.01148115,0.01161924,0.01173047,0.01181574,0.01189002,0.01195469,0.01201509,0.01205473,0.01209373,0.01214683,0.0122153,0.01228747,0.01233918,0.01239186,0.01246664,0.01255497,0.01264964,0.01272027,0.01279743,0.01288482,0.01297912,0.01305982,0.01311832,0.01316853,0.01320927,0.01323273,0.01323322,0.01321594,0.01316706,0.01315434,0.01307704,0.01303069,0.01296227,0.012874,0.01276663,0.01263593
0.01117635,0.01098952,0.01077308,0.01053123,0.01025623,0.009953965,0.009617783,0.00924818,0.008838366,0.008390828,0.007914159,0.00740643,0.0068635,0.006287547,0.00567471,0.005030102,0.004351884,0.003648223,0.002916023,0.002161192,0.001380578,0.00058174,-0.0002376103,-0.0010696,-0.001916158,-0.002770063,-0.003632972,-0.004496179,-0.005359673,-0.006216194,-0.007065431,-0.007896543,-0.008708862,-0.00949374,-0.01024878,-0.01096105,-0.01162801,-0.01223851,-0.01278715,-0.01326155,-0.0136639,-0.01398852,-0.01423451,-0.01439472,-0.01446617,-0.01443865,-0.01431721,-0.01410577,-0.01381512,-0.01344293,-0.01299155,-0.01245784,-0.0118408,-0.01114129,-0.01037071,-0.009534423,-0.008647672,-0.007717467,-0.006749045,-0.005742945,-0.004707502,-0.003652126,-0.00258687,-0.001515994,-0.0004506901,0.0006002037,0.00162436,0.002615671,0.003565124,0.004467482,0.00531507,0.006104924,0.006831975,0.007493743,0.008086564,0.008609894,0.009064431,0.00945201,0.009772047,0.01003093,0.01023487,0.01040115,0.01053651,0.0106404,0.01071599,0.01077091,0.01081958,0.01085915,0.01087944,0.01088245,0.01087431,0.01088356,0.01090602,0.01092834,0.01094771,0.01096974,0.01102324,0.01108929,0.01114994,0.01120908,0.01127595,0.01137351,0.01147147,0.01156261,0.01164487,0.01172616,0.01181259,0.01188318,0.01193359,0.01196109,0.01197062,0.01195825,0.01194567,0.01187511,0.01185563,0.01178654,0.01171095,0.01161134,0.01148787,0.01134422
0.00971311,0.009504428,0.009271207,0.009002264,0.008707298,0.00837496,0.008010899,0.007608663,0.007175954,0.00671092,0.006212219,0.005681143,0.005122038,0.004527516,0.003904014,0.003247036,0.002567014,0.001860076,0.001135713,0.0003882349,-0.0003730464,-0.001152972,-0.001940463,-0.002739596,-0.003540784,-0.004348506,-0.005151493,-0.005952165,-0.006739545,-0.007518312,-0.008275494,-0.009011464,-0.009715464,-0.01039098,-0.01102388,-0.01161272,-0.01214457,-0.01262007,-0.01302373,-0.01335671,-0.01361298,-0.01379756,-0.01390077,-0.01392608,-0.01386013,-0.01370595,-0.0134638,-0.01314805,-0.01275847,-0.01230067,-0.01176922,-0.01116911,-0.01049225,-0.009750773,-0.008949058,-0.008101456,-0.007211852,-0.006292123,-0.005341395,-0.004367654,-0.003372095,-0.002366897,-0.00135636,-0.0003544617,0.0006346814,0.001597938,0.002532076,0.003424255,0.004272208,0.005066743,0.005807674,0.006485222,0.007099838,0.007646692,0.008129139,0.0085428,0.00888839,0.009163382,0.009379587,0.009541262,0.009661239,0.009739795,0.009789158,0.009814788,0.009826499,0.009826595,0.009810979,0.009779805,0.009746849,0.009711931,0.009680764,0.009638615,0.00960468,0.009591099,0.009599796,0.009621164,0.009633443,0.009655342,0.0097046,0.0097732,0.009854022,0.009918642,0.009997558,0.01009069,0.01019371,0.01028688,0.0103628,0.01043186,0.01049115,0.01053143,0.01054893,0.01054609,0.01050986,0.01050284,0.01042696,0.01037421,0.01029026,0.01018276,0.01005104,0.009892197
0.008127729,0.007910081,0.007658636,0.007378711,0.007063922,0.006720525,0.006342561,0.005931411,0.005482859,0.005000635,0.004493158,0.003957555,0.003390451,0.002795303,0.002170406,0.001522539,0.0008511617,0.0001637335,-0.0005423798,-0.001260435,-0.00199257,-0.002730458,-0.003475427,-0.004219917,-0.004966418,-0.00570663,-0.006440942,-0.007159695,-0.007864353,-0.008547514,-0.009207312,-0.009834282,-0.01042983,-0.01098536,-0.01149778,-0.0119561,-0.01236028,-0.01269946,-0.01297,-0.01316592,-0.0132937,-0.01334792,-0.0133302,-0.01323351,-0.01305554,-0.0127941,-0.01246099,-0.01206094,-0.01160183,-0.01107945,-0.01049732,-0.009850511,-0.00914263,-0.008379425,-0.007572886,-0.006728601,-0.005859028,-0.004965945,-0.004052407,-0.003118589,-0.002173988,-0.001227424,-0.0002884362,0.0006390357,0.001544376,0.002420511,0.00325684,0.004050014,0.004793223,0.005483532,0.006114287,0.006684214,0.007189767,0.007630511,0.008003953,0.008310812,0.008552322,0.008732845,0.008854692,0.008926527,0.008956724,0.008963022,0.008948456,0.00891149,0.008854938,0.008787178,0.008721601,0.008655103,0.008577907,0.00849169,0.008402861,0.008338293,0.008291243,0.008249414,0.008210657,0.008183035,0.008193285,0.008220979,0.008248751,0.008281245,0.008326804,0.008407542,0.008493318,0.008576732,0.008654614,0.008736419,0.00882583,0.00890184,0.008958071,0.008992689,0.009009629,0.009005753,0.00899894,0.008934142,0.008913393,0.008835373,0.008746312,0.008628758,0.00848649,0.008320789
0.006500826,0.00627157,0.006014926,0.005722447,0.005403145,0.005047463,0.004660903,0.004239003,0.003790544,0.003314793,0.002809696,0.002277076,0.001721073,0.001136802,0.000531763,-9.636684e-05,-0.0007379029,-0.001396624,-0.002063255,-0.00274227,-0.003424056,-0.004111822,-0.004794739,-0.005477506,-0.006151019,-0.006818059,-0.007466925,-0.008099692,-0.008707794,-0.00929448,-0.009846619,-0.01036655,-0.01084578,-0.01128703,-0.01167651,-0.01201527,-0.01229265,-0.01250924,-0.01265332,-0.01273257,-0.01274337,-0.0126905,-0.01256635,-0.01237326,-0.01210105,-0.01176109,-0.01135755,-0.01090331,-0.01039401,-0.009833876,-0.009217926,-0.008550487,-0.007828821,-0.00706776,-0.006271449,-0.005453518,-0.004613737,-0.00375943,-0.002888693,-0.002010107,-0.001125949,-0.0002475462,0.0006211348,0.001466757,0.002286128,0.003067713,0.003809981,0.004502477,0.005144816,0.005729728,0.006258161,0.006722161,0.007123961,0.007460427,0.007736014,0.007947204,0.008095404,0.008180916,0.008218106,0.008213153,0.008180019,0.008117744,0.008036036,0.007939586,0.007837055,0.007729838,0.007613785,0.0074902,0.007372153,0.007259336,0.007157208,0.007049852,0.006954525,0.006881911,0.006835011,0.006805811,0.006773542,0.006755,0.006766337,0.006800685,0.00685087,0.006890302,0.006947466,0.007020223,0.007105856,0.007185858,0.007253067,0.007315284,0.007369168,0.007405653,0.007422158,0.007419351,0.007385967,0.007378377,0.007299557,0.007238102,0.007139765,0.007018086,0.006871382,0.006697822
0.004865944,0.004637231,0.004375254,0.004085665,0.003762856,0.003413344,0.003032209,0.002622191,0.002180481,0.001711005,0.00122158,0.0007092754,0.0001721922,-0.0003848865,-0.0009620055,-0.001552041,-0.002156133,-0.002767296,-0.003387773,-0.004010526,-0.004636531,-0.005256693,-0.005873072,-0.006479401,-0.0070774,-0.007657812,-0.008220609,-0.008757366,-0.009271304,-0.00975338,-0.01020264,-0.0106122,-0.01098506,-0.01131178,-0.01159041,-0.01181292,-0.01198061,-0.01208313,-0.01212224,-0.01209741,-0.01201537,-0.01187052,-0.01166558,-0.01139241,-0.01105441,-0.01065611,-0.01021029,-0.009718418,-0.009184055,-0.008602035,-0.007975964,-0.007301768,-0.006588225,-0.005841719,-0.005073596,-0.004287501,-0.003491564,-0.002683965,-0.001868105,-0.001045371,-0.0002263439,0.0005815274,0.001369164,0.00213348,0.002864561,0.003557143,0.004202298,0.0047988,0.005340986,0.005827862,0.006254017,0.006620474,0.006925041,0.007169174,0.007351289,0.00747314,0.007536343,0.007547806,0.007512168,0.007440214,0.007339973,0.007226425,0.00710022,0.006960633,0.006808788,0.006651716,0.006501205,0.006355541,0.006205963,0.006055093,0.005908084,0.005787951,0.005685648,0.005590621,0.005501622,0.005427998,0.005393239,0.005376744,0.005363038,0.005357637,0.005368061,0.005415093,0.005467928,0.005520865,0.005571445,0.005630406,0.005698816,0.005756659,0.005796972,0.00581982,0.005827409,0.0058181,0.005806591,0.005740197,0.005712556,0.005623831,0.005523491,0.00539432,0.005243066,0.00506834
0.003299174,0.003069656,0.002814311,0.002526556,0.002214403,0.001869867,0.001498709,0.001098479,0.0006777966,0.000236239,-0.0002288451,-0.0007144907,-0.001216402,-0.001737156,-0.00226922,-0.002814541,-0.003365183,-0.003924266,-0.00448331,-0.005045621,-0.005601039,-0.006152078,-0.006690184,-0.007220215,-0.007732417,-0.008228567,-0.008697629,-0.009143428,-0.009558541,-0.009944379,-0.01029024,-0.01060072,-0.01086857,-0.0110954,-0.01126976,-0.01139509,-0.01146167,-0.01147148,-0.01141909,-0.01131529,-0.01115534,-0.01094394,-0.01067367,-0.01034695,-0.009960785,-0.00953033,-0.009058286,-0.008553057,-0.008006691,-0.007422991,-0.006797076,-0.006135434,-0.005439443,-0.004723247,-0.00398982,-0.003249902,-0.002499461,-0.001743983,-0.0009826482,-0.0002254976,0.0005246567,0.001257784,0.001970422,0.002650346,0.003295252,0.003895456,0.004451043,0.0049531,0.005402317,0.00579311,0.00612798,0.006401259,0.006616815,0.00677317,0.006875699,0.006921506,0.006912836,0.006852408,0.00675617,0.00663144,0.006490369,0.006329443,0.006157513,0.005978887,0.005800216,0.005620543,0.005435693,0.005248826,0.005072987,0.004908446,0.004758669,0.00460582,0.0044655,0.004347393,0.004255695,0.004182708,0.004108,0.004047403,0.004016429,0.004009129,0.004018457,0.0040191,0.004037684,0.004072016,0.004121586,0.004168727,0.004206792,0.004242135,0.00427247,0.004289271,0.004290617,0.00427591,0.004235719,0.004219858,0.004133062,0.0040619,0.003953191,0.003825032,0.003673701,0.003498168
0.001828208,0.001608604,0.001360073,0.001087743,0.0007868075,0.000463668,0.0001149206,-0.0002559856,-0.0006513437,-0.00106763,-0.00149718,-0.001942802,-0.002404697,-0.002877518,-0.003360895,-0.00384921,-0.004344055,-0.00483886,-0.00533586,-0.005827398,-0.006313316,-0.006785796,-0.007248644,-0.007695554,-0.00812704,-0.008533979,-0.008917189,-0.009270788,-0.009597444,-0.009887675,-0.01014314,-0.01035934,-0.01053933,-0.0106734,-0.0107622,-0.01079971,-0.01078751,-0.01071824,-0.01059918,-0.0104306,-0.01021727,-0.009953834,-0.00964245,-0.009277224,-0.008868175,-0.008420543,-0.007943766,-0.007434598,-0.006894148,-0.006317425,-0.005708431,-0.005066095,-0.004401768,-0.003720391,-0.003031604,-0.002335912,-0.001638744,-0.0009377874,-0.0002381396,0.0004573757,0.001138148,0.001798123,0.002429011,0.003028734,0.003588372,0.004104678,0.004570343,0.004985333,0.005344848,0.005649514,0.005895749,0.006086838,0.006222005,0.006304521,0.006333693,0.006311999,0.006241839,0.006131695,0.005987348,0.005819855,0.005634687,0.005444301,0.005248366,0.005046358,0.004837343,0.004626147,0.00442344,0.004229044,0.004035801,0.003846835,0.003664904,0.003509495,0.003369991,0.003237434,0.003111352,0.003000991,0.002926771,0.002868871,0.002813799,0.002767235,0.002736132,0.002739708,0.002748009,0.002757912,0.002767596,0.002788449,0.002820011,0.002844368,0.002855237,0.002854193,0.002841824,0.002817994,0.002794013,0.0027195,0.002680943,0.002582577,0.002476511,0.002344581,0.002195011,0.002023912
0.0005131041,0.0003025089,7.064998e-05,-0.0001878116,-0.0004658194,-0.000769995,-0.00109417,-0.001439766,-0.001798909,-0.002171973,-0.002561726,-0.002964249,-0.003375104,-0.003795704,-0.004219856,-0.004650292,-0.005080215,-0.005512504,-0.005939392,-0.006362401,-0.006771823,-0.007171627,-0.007555199,-0.007926055,-0.008274343,-0.008601837,-0.008899661,-0.00917308,-0.009413899,-0.009623761,-0.009795153,-0.00993414,-0.01003329,-0.01009424,-0.01010852,-0.01008046,-0.01000116,-0.009876226,-0.009704338,-0.009494684,-0.009241034,-0.008948018,-0.008608038,-0.00822726,-0.007807501,-0.007361837,-0.006888753,-0.006392215,-0.005863401,-0.005306704,-0.004718335,-0.004107658,-0.003477241,-0.002839347,-0.002194932,-0.001551788,-0.000904634,-0.0002597439,0.0003819834,0.001009589,0.00162078,0.002206645,0.002764501,0.00328346,0.00376255,0.004194058,0.004579429,0.00491079,0.005189903,0.005412609,0.005583299,0.005698354,0.005763317,0.00577826,0.005749362,0.005674285,0.005556514,0.005399783,0.005219915,0.005023056,0.004818654,0.004601897,0.004381152,0.004159462,0.003941405,0.003723784,0.00350301,0.003283559,0.003078643,0.002888116,0.00271329,0.002535523,0.002369068,0.002222475,0.002100644,0.001995318,0.001887043,0.001791002,0.001721794,0.001673635,0.001639878,0.001596799,0.001570695,0.001559714,0.001564912,0.001569212,0.001567594,0.001566114,0.001564274,0.001553589,0.001533131,0.001500869,0.001448627,0.00141979,0.001323668,0.001245618,0.001133713,0.001008423,0.0008632322,0.0006982943
-0.0006339042,-0.00082708,-0.001042656,-0.001276477,-0.001532468,-0.001804492,-0.002094643,-0.002399818,-0.002722018,-0.003058205,-0.003400705,-0.003752383,-0.004112038,-0.004475217,-0.004842234,-0.005209378,-0.005578038,-0.005942815,-0.006305028,-0.006656288,-0.006997025,-0.00732218,-0.007635674,-0.007930508,-0.008206894,-0.008456964,-0.008683319,-0.008881127,-0.009051691,-0.009187331,-0.009292086,-0.009362756,-0.009401293,-0.009399271,-0.009359474,-0.009276467,-0.009152811,-0.008985319,-0.008782797,-0.008543083,-0.008269728,-0.0079574,-0.007608635,-0.007222209,-0.006809893,-0.006373374,-0.00591744,-0.005435763,-0.004929638,-0.004395285,-0.003838155,-0.003259674,-0.002671018,-0.002075218,-0.001479715,-0.0008830467,-0.0002904942,0.0002988269,0.0008782439,0.001444431,0.001987722,0.002503193,0.002983651,0.003428205,0.003829596,0.004186435,0.004492776,0.004749596,0.004953214,0.005105606,0.005205107,0.005256784,0.00526133,0.005223516,0.005143393,0.005024255,0.004869441,0.004687411,0.004483092,0.004265639,0.004038376,0.003812314,0.00358608,0.003358451,0.003126729,0.002894278,0.002671039,0.002457717,0.002248376,0.00204547,0.001850079,0.00167934,0.001521684,0.001369326,0.001221814,0.001087763,0.0009854392,0.0008960062,0.0008071501,0.0007240286,0.0006533346,0.0006134635,0.0005767626,0.0005421601,0.000507976,0.0004861102,0.0004759239,0.0004624094,0.0004401937,0.0004118657,0.000376978,0.0003363302,0.0002974626,0.0002130819,0.0001647325,6.201819e-05,-4.183279e-05,-0.0001670468,-0.0003045124,-0.0004597334
-0.001575666,-0.001752653,-0.001944942,-0.002156924,-0.002382472,-0.002626907,-0.002884322,-0.003155865,-0.003434474,-0.003720464,-0.004016807,-0.004318792,-0.004622469,-0.004929436,-0.005235609,-0.005544166,-0.005849246,-0.00615382,-0.006449634,-0.006737119,-0.007009056,-0.007270877,-0.007516065,-0.007746957,-0.007954655,-0.008141886,-0.008301998,-0.008439729,-0.008546735,-0.008626339,-0.008673585,-0.008694466,-0.008681028,-0.008636087,-0.008553108,-0.008436137,-0.008278425,-0.008088609,-0.007865136,-0.007614236,-0.007329411,-0.007014851,-0.006664777,-0.006289002,-0.00588875,-0.005472571,-0.005035043,-0.004578223,-0.004094728,-0.003590299,-0.003063053,-0.002523733,-0.001974135,-0.001424481,-0.0008739692,-0.0003291858,0.0002141218,0.0007480322,0.001270508,0.00177091,0.002248025,0.00269397,0.003107087,0.003478199,0.003808163,0.004091062,0.004329297,0.004516275,0.004655003,0.004742638,0.004785122,0.004780505,0.00473573,0.004651971,0.004535924,0.004386119,0.004207006,0.00400181,0.003784069,0.00355752,0.003329847,0.003095653,0.00286223,0.002630841,0.002404658,0.002179509,0.001952355,0.001728071,0.001519243,0.001324729,0.00114482,0.0009611697,0.0007869721,0.0006294883,0.0004934467,0.000370111,0.000241591,0.0001221959,2.494405e-05,-5.609543e-05,-0.0001268453,-0.0002086155,-0.0002750232,-0.0003279276,-0.0003651864,-0.000402857,-0.0004435501,-0.0004809762,-0.0005140909,-0.0005513313,-0.0005924541,-0.0006413361,-0.0007052254,-0.0007457933,-0.000846886,-0.0009251171,-0.001031633,-0.001145103,-0.001274319,-0.001417367
-0.002319417,-0.002474658,-0.002645178,-0.002827913,-0.003025909,-0.003233481,-0.003452279,-0.003679905,-0.003918056,-0.004164238,-0.00441107,-0.004661446,-0.004913748,-0.005165396,-0.005417733,-0.005668279,-0.005918322,-0.006163255,-0.006402527,-0.006628708,-0.006844217,-0.007045558,-0.00723535,-0.007406747,-0.007560495,-0.007690639,-0.007800587,-0.00788528,-0.007945908,-0.007977266,-0.007984759,-0.007964909,-0.007918835,-0.007840042,-0.007731873,-0.007589189,-0.00741657,-0.007212998,-0.006985166,-0.006728949,-0.006447497,-0.006135631,-0.005798086,-0.005435997,-0.00505833,-0.004662671,-0.004250671,-0.003815891,-0.003361336,-0.002885001,-0.002393895,-0.001890203,-0.001383671,-0.0008756797,-0.0003722763,0.0001280071,0.0006185971,0.001098855,0.001561492,0.002003809,0.002417459,0.002798705,0.003141731,0.003447119,0.003709677,0.003929675,0.004102258,0.004229602,0.004309325,0.004344614,0.004335226,0.004287521,0.004203216,0.004087904,0.003942143,0.003770168,0.003575698,0.003365899,0.003143134,0.002914245,0.00268127,0.002453844,0.00222916,0.002005136,0.001778323,0.001551735,0.001334304,0.001126782,0.000923496,0.0007262225,0.0005354686,0.0003667873,0.0002082642,5.296817e-05,-0.0001001738,-0.0002430679,-0.0003592618,-0.0004666863,-0.0005771454,-0.0006860129,-0.0007865771,-0.0008607198,-0.0009337866,-0.001005388,-0.001077055,-0.001135965,-0.001182319,-0.00122826,-0.001278542,-0.001329491,-0.001382528,-0.001436473,-0.001487074,-0.001576889,-0.001628633,-0.001727474,-0.001820894,-0.001931086,-0.002047758,-0.002177352
-0.002851689,-0.002987143,-0.003132021,-0.003289839,-0.003455392,-0.003633081,-0.003818071,-0.004011245,-0.0042064,-0.00440396,-0.004607208,-0.004810869,-0.005012487,-0.005214341,-0.005414421,-0.005615592,-0.005813124,-0.006008937,-0.006194318,-0.006370689,-0.006533661,-0.006688239,-0.00682755,-0.006953665,-0.007059312,-0.007148059,-0.007214268,-0.007261731,-0.00728328,-0.007283865,-0.007259891,-0.007215828,-0.007143992,-0.007048206,-0.006922465,-0.006770876,-0.006589282,-0.006386353,-0.006158394,-0.005909923,-0.005634633,-0.005336852,-0.005013484,-0.004674337,-0.004317412,-0.003947486,-0.003557725,-0.003150846,-0.00272185,-0.002277876,-0.001818555,-0.001354297,-0.0008857158,-0.0004214495,3.977734e-05,0.0004910539,0.0009348392,0.001362227,0.001771066,0.002152044,0.002505114,0.00282371,0.003107431,0.00334912,0.003551519,0.003710464,0.003829093,0.003902268,0.00393416,0.00392315,0.003876037,0.003792121,0.003678989,0.003538218,0.003376681,0.003193741,0.002994104,0.002779596,0.002560384,0.002338041,0.002118844,0.001896703,0.001677467,0.00146105,0.001250228,0.001040786,0.0008297918,0.0006216264,0.0004275376,0.0002459366,7.689869e-05,-9.700959e-05,-0.0002633985,-0.0004162632,-0.0005514714,-0.0006779896,-0.0008122608,-0.0009410246,-0.001053012,-0.001154004,-0.001249059,-0.001357016,-0.001452064,-0.001536074,-0.001605746,-0.001675491,-0.001745685,-0.001809971,-0.001866097,-0.001922161,-0.001977224,-0.002036976,-0.002107037,-0.002152561,-0.002250338,-0.002320559,-0.002413896,-0.002508452,-0.002614367,-0.002728012
-0.003197279,-0.003310299,-0.003432262,-0.003561076,-0.003699011,-0.003841355,-0.003989804,-0.004142481,-0.004300963,-0.004463462,-0.004622911,-0.004782573,-0.004941338,-0.005098565,-0.005256212,-0.005412393,-0.005568197,-0.005718501,-0.005862004,-0.005994042,-0.006118177,-0.006230775,-0.006333416,-0.006420206,-0.006492628,-0.006546009,-0.006583636,-0.006600528,-0.006598628,-0.006574844,-0.006534374,-0.006472609,-0.00639064,-0.006283224,-0.006153295,-0.005996826,-0.005819796,-0.005620533,-0.005403249,-0.005163264,-0.004903432,-0.004619685,-0.004318313,-0.003999347,-0.003668128,-0.003319961,-0.00295605,-0.002571818,-0.002172185,-0.001756673,-0.001332955,-0.0009028066,-0.0004745838,-4.88202e-05,0.0003686104,0.0007781318,0.001171973,0.00154887,0.001901996,0.002229939,0.002525788,0.002787306,0.003010292,0.003196905,0.003343964,0.003453285,0.00352115,0.003550809,0.003540998,0.003495839,0.003415877,0.003308172,0.003174746,0.003021225,0.002848325,0.002660864,0.002462352,0.00225816,0.002047822,0.001836162,0.00162391,0.001419091,0.001217647,0.00101727,0.0008145979,0.0006127242,0.0004192581,0.000234374,5.232515e-05,-0.0001251866,-0.0002977661,-0.0004510462,-0.0005968023,-0.0007412125,-0.0008860828,-0.001023926,-0.001140165,-0.001251742,-0.001369935,-0.00149031,-0.001606231,-0.001700206,-0.001795747,-0.00189112,-0.001987279,-0.002070395,-0.00214046,-0.002207191,-0.002274797,-0.002338652,-0.002401451,-0.002461491,-0.002516393,-0.002603237,-0.00264987,-0.002736795,-0.002813356,-0.002902631,-0.002993117,-0.003091977
-0.00336173,-0.003454973,-0.003552982,-0.003658359,-0.003766931,-0.003882746,-0.004002083,-0.004125453,-0.004247776,-0.004369647,-0.004494457,-0.004617138,-0.004737167,-0.00485738,-0.004977023,-0.005098226,-0.005216832,-0.005332918,-0.005439235,-0.00553903,-0.005629196,-0.005713234,-0.005784618,-0.005845557,-0.005890181,-0.005922111,-0.005936421,-0.00593635,-0.00591647,-0.005882572,-0.005830795,-0.005763811,-0.005674889,-0.005567845,-0.005437024,-0.005287262,-0.00511564,-0.00492878,-0.004721663,-0.004498025,-0.004252004,-0.003988711,-0.003706128,-0.00341156,-0.003100577,-0.002776403,-0.002433298,-0.002075687,-0.001700748,-0.001316362,-0.0009227485,-0.0005292774,-0.0001358699,0.0002496085,0.0006278779,0.0009913788,0.001341305,0.001668881,0.001972714,0.002245288,0.00248775,0.002695198,0.002868637,0.003002987,0.003102553,0.003164811,0.003193707,0.003185385,0.003144718,0.003070958,0.002971105,0.002845133,0.002700503,0.00253852,0.002365745,0.002181992,0.001991721,0.001795218,0.001599549,0.001404391,0.001214382,0.001022765,0.0008342775,0.0006482931,0.0004676343,0.0002882863,0.0001071835,-7.21906e-05,-0.0002398431,-0.0003972891,-0.0005444528,-0.000697528,-0.0008447623,-0.0009812285,-0.001103473,-0.00122068,-0.001348,-0.001473167,-0.001586241,-0.001692574,-0.001796638,-0.001915421,-0.002024221,-0.00212456,-0.002211824,-0.002298856,-0.00238449,-0.00246249,-0.002529573,-0.002593672,-0.002653576,-0.002715858,-0.002783629,-0.002825281,-0.002911423,-0.002967165,-0.003042067,-0.003113569,-0.003192718,-0.003274454
-0.003380987,-0.003454285,-0.003531849,-0.003612367,-0.00369766,-0.003784283,-0.003873759,-0.003964739,-0.004058975,-0.004155212,-0.00424671,-0.004337715,-0.004427851,-0.004518014,-0.004609787,-0.004701548,-0.004793363,-0.004879766,-0.004960711,-0.005033976,-0.005102602,-0.005162511,-0.005214923,-0.005254949,-0.005284259,-0.005299068,-0.005302453,-0.005289878,-0.005264272,-0.005223513,-0.0051711,-0.005101678,-0.005016586,-0.004911039,-0.004787884,-0.004644499,-0.004486462,-0.004310599,-0.004119772,-0.003909351,-0.003682222,-0.003435589,-0.003175277,-0.002899259,-0.002610852,-0.002305437,-0.001985535,-0.001648793,-0.001301381,-0.0009436252,-0.0005829998,-0.0002207356,0.0001356465,0.0004856347,0.00082303,0.001147355,0.001450607,0.001731823,0.001985375,0.002211319,0.002404335,0.002563868,0.002687426,0.00277862,0.002835931,0.002862432,0.002855652,0.002819559,0.002753515,0.002662032,0.002545917,0.002412215,0.002262691,0.002102355,0.001931674,0.001755569,0.001576995,0.001399634,0.001220881,0.001043602,0.0008671157,0.0006979898,0.0005316128,0.00036597,0.0001979913,3.077984e-05,-0.0001293391,-0.0002827821,-0.0004350949,-0.0005844657,-0.0007305142,-0.0008598524,-0.0009837602,-0.001107742,-0.001234286,-0.001356621,-0.001461899,-0.001565871,-0.001678897,-0.001796697,-0.001913115,-0.002011863,-0.002114693,-0.00221846,-0.002323433,-0.002415465,-0.002494638,-0.002568575,-0.002641043,-0.002707063,-0.002770329,-0.002827842,-0.002878187,-0.002953727,-0.002988502,-0.00305837,-0.003114658,-0.003180472,-0.003243528,-0.003311413
-0.003271497,-0.003327801,-0.00338592,-0.003447639,-0.003510018,-0.003576831,-0.003645109,-0.003715246,-0.00378336,-0.003849949,-0.003918612,-0.003985115,-0.004050647,-0.004118073,-0.004186844,-0.004258133,-0.004327578,-0.004394583,-0.004454677,-0.004511754,-0.004562674,-0.004609687,-0.00464706,-0.004676886,-0.004694241,-0.004702762,-0.004698081,-0.004683176,-0.004654306,-0.004616584,-0.004564974,-0.004501071,-0.004419117,-0.00432248,-0.00420649,-0.004076336,-0.003928799,-0.003768499,-0.00359022,-0.003397215,-0.003184526,-0.002957542,-0.002713755,-0.00245823,-0.002186125,-0.001901039,-0.001599369,-0.001286936,-0.0009623154,-0.0006333482,-0.0003003304,2.828761e-05,0.000352654,0.0006651679,0.0009658858,0.001247204,0.001510017,0.001746556,0.001956624,0.002134559,0.002282777,0.002398149,0.002483052,0.002534313,0.002557298,0.002550785,0.00251944,0.002460361,0.002378516,0.002273503,0.002151983,0.002013984,0.00186629,0.001709521,0.001549562,0.0013863,0.001223603,0.001060526,0.0009018068,0.0007453771,0.0005943071,0.0004415578,0.0002912901,0.000142735,-1.277391e-06,-0.0001445827,-0.0002902572,-0.0004355048,-0.0005712839,-0.0006989999,-0.0008184973,-0.000944562,-0.001066045,-0.001179017,-0.001280678,-0.001380215,-0.001491444,-0.00160295,-0.001705671,-0.001804625,-0.001904081,-0.002019625,-0.00212771,-0.002229268,-0.002318827,-0.002408224,-0.002495217,-0.0025738,-0.002640105,-0.002702183,-0.002758155,-0.002814406,-0.00287179,-0.002902613,-0.002971971,-0.003010211,-0.003064642,-0.003112508,-0.003165457,-0.003217246
-0.003071938,-0.003112768,-0.003155022,-0.003198177,-0.003243862,-0.003289613,-0.003336621,-0.003384301,-0.003434468,-0.003486098,-0.003533204,-0.003581095,-0.003629903,-0.003681162,-0.003735388,-0.003790914,-0.003846573,-0.003898121,-0.003947099,-0.003992162,-0.004035107,-0.004071898,-0.00410354,-0.004125816,-0.00414045,-0.004144566,-0.004140693,-0.00412509,-0.004101141,-0.004066177,-0.004021756,-0.003962658,-0.003890311,-0.003800439,-0.003696257,-0.003575759,-0.003443095,-0.003294286,-0.003131612,-0.002950817,-0.002755073,-0.002542108,-0.002316417,-0.002075086,-0.001821231,-0.001551736,-0.001270662,-0.0009772655,-0.0006780748,-0.0003736723,-7.103207e-05,0.0002288182,0.0005187896,0.0007981189,0.001060612,0.00130563,0.001525927,0.001721424,0.001887975,0.002026973,0.002134779,0.002212451,0.002259085,0.002279432,0.002273174,0.002244162,0.002190966,0.002117824,0.00202424,0.001914554,0.001789405,0.001655187,0.001513038,0.001367091,0.001217402,0.001068545,0.0009226844,0.0007822132,0.0006431995,0.0005067957,0.000371203,0.0002419099,0.0001142936,-1.327943e-05,-0.0001436448,-0.0002737935,-0.0003983506,-0.0005179625,-0.0006377968,-0.0007560456,-0.0008722553,-0.000973932,-0.001071724,-0.001170633,-0.001273601,-0.001374411,-0.001461718,-0.001549882,-0.001648155,-0.00175264,-0.001857949,-0.001949142,-0.002045979,-0.002144208,-0.002243944,-0.002331435,-0.002406873,-0.00247621,-0.002543161,-0.002602635,-0.002658359,-0.002705785,-0.002744702,-0.002803906,-0.002823874,-0.002875044,-0.002910828,-0.002954093,-0.002992085,-0.003032644
-0.002801022,-0.002829031,-0.002857527,-0.002887781,-0.002918,-0.002951427,-0.002985785,-0.003021582,-0.003055738,-0.003088591,-0.003124255,-0.00315933,-0.003196091,-0.003236577,-0.003280002,-0.003326429,-0.003371633,-0.003415802,-0.003456564,-0.003497077,-0.003533942,-0.003568655,-0.003596196,-0.003618364,-0.003631286,-0.003638392,-0.00363555,-0.003625776,-0.003606052,-0.003579624,-0.003540723,-0.003490637,-0.003424475,-0.003345446,-0.003250001,-0.003142711,-0.003019736,-0.002884532,-0.00273223,-0.002565897,-0.002381558,-0.002184113,-0.001970575,-0.001745183,-0.001504171,-0.001252219,-0.0009875759,-0.0007166292,-0.0004386266,-0.0001609512,0.0001160501,0.0003845857,0.0006446092,0.0008888814,0.001117289,0.001323002,0.001507368,0.001664112,0.001794257,0.001893819,0.001966383,0.002010467,0.002029589,0.00202212,0.001993952,0.0019447,0.001879352,0.001795559,0.001697903,0.001585894,0.001465444,0.001336164,0.001203813,0.001068343,0.0009348607,0.0008029786,0.0006757557,0.0005514562,0.0004332181,0.0003177355,0.0002068824,9.373262e-05,-1.790473e-05,-0.0001288431,-0.0002363565,-0.0003440405,-0.0004547018,-0.0005659204,-0.0006695335,-0.0007668686,-0.0008576022,-0.0009550835,-0.001048927,-0.001136117,-0.001214272,-0.001292236,-0.001382461,-0.001474264,-0.001559336,-0.001642534,-0.001728044,-0.001830015,-0.001926033,-0.002016758,-0.002096661,-0.002176846,-0.0022543,-0.002323562,-0.002380703,-0.00243349,-0.002478812,-0.002522741,-0.002564951,-0.00258198,-0.002633251,-0.002654069,-0.002688978,-0.002715677,-0.002745986,-0.002772997
-0.002492755,-0.002510303,-0.002528041,-0.002546285,-0.002566417,-0.002586619,-0.002607931,-0.002630443,-0.002655674,-0.002682929,-0.002707255,-0.002734584,-0.002764969,-0.002799691,-0.002838211,-0.002878701,-0.002919686,-0.002958862,-0.002998199,-0.003036209,-0.003073634,-0.003106781,-0.003136356,-0.003158828,-0.003176081,-0.003185623,-0.00318934,-0.003184352,-0.003173304,-0.003152424,-0.003122181,-0.003078107,-0.003021692,-0.00294951,-0.002864876,-0.002765624,-0.002654659,-0.002528005,-0.002387702,-0.002230188,-0.002058766,-0.001871273,-0.001671408,-0.001456726,-0.001231057,-0.0009929516,-0.0007473559,-0.0004943426,-0.0002402071,1.439632e-05,0.0002629801,0.0005045189,0.0007323663,0.0009457673,0.00113915,0.001312388,0.001459605,0.001581835,0.001676355,0.001745597,0.001787439,0.001804263,0.001796458,0.001769457,0.001723674,0.001663239,0.00158732,0.001499983,0.001400539,0.001292757,0.001176818,0.001058075,0.0009368957,0.0008166292,0.0006969304,0.0005817068,0.0004722546,0.0003700717,0.0002706037,0.000173878,7.740682e-05,-1.413938e-05,-0.0001051912,-0.0001970463,-0.0002923188,-0.0003880673,-0.0004795523,-0.0005674253,-0.0006564729,-0.0007449135,-0.0008321643,-0.0009066717,-0.0009784718,-0.001052083,-0.001130554,-0.001208082,-0.001274624,-0.001343045,-0.001421595,-0.001506885,-0.001594238,-0.001669843,-0.001751487,-0.001834572,-0.001919565,-0.001993409,-0.002056484,-0.002113656,-0.002168701,-0.002216026,-0.002258879,-0.002291922,-0.002316575,-0.002358485,-0.002363968,-0.002397448,-0.002415078,-0.002439142,-0.002456748,-0.002476017
-0.00216176,-0.002170727,-0.002180152,-0.00219098,-0.002202244,-0.002216609,-0.002232561,-0.002250529,-0.002267913,-0.002285166,-0.002306851,-0.002330035,-0.002357199,-0.002389143,-0.002424903,-0.002463692,-0.002502335,-0.002541863,-0.002580666,-0.002620711,-0.002658619,-0.002695353,-0.002726548,-0.00275389,-0.002774384,-0.002790683,-0.00279901,-0.002802151,-0.002796726,-0.002784242,-0.002759199,-0.002723002,-0.002671672,-0.002608442,-0.002530396,-0.002441051,-0.00233645,-0.002219495,-0.002085965,-0.001938958,-0.001775291,-0.001599292,-0.001408308,-0.001206725,-0.0009922908,-0.0007704477,-0.0005405631,-0.0003088812,-7.49567e-05,0.0001544054,0.0003787597,0.0005909635,0.0007909124,0.0009721467,0.001134914,0.0012737,0.001390651,0.001481134,0.001547179,0.001586175,0.001602526,0.001596064,0.001571067,0.001526977,0.001469726,0.00139935,0.001320673,0.001231558,0.001135889,0.001032827,0.0009272801,0.0008182649,0.0007104413,0.0006032962,0.0005011588,0.0004032286,0.000311734,0.0002244961,0.000143664,6.536594e-05,-9.34064e-06,-8.705493e-05,-0.0001643082,-0.0002418968,-0.0003172127,-0.0003934898,-0.000473136,-0.0005540006,-0.0006287704,-0.0006986168,-0.0007630507,-0.000834083,-0.0009022321,-0.0009651511,-0.001020669,-0.001077068,-0.001145388,-0.001215686,-0.001280479,-0.001344436,-0.001411459,-0.001494089,-0.001571415,-0.001644366,-0.001707811,-0.001772122,-0.001833963,-0.001888698,-0.001932322,-0.001971721,-0.002002857,-0.00203202,-0.002058396,-0.002062171,-0.002096635,-0.002102227,-0.002120632,-0.00213036,-0.002143205,-0.002152072
-0.001833171,-0.001836141,-0.001839275,-0.001843567,-0.001850044,-0.00185746,-0.00186677,-0.001878351,-0.001893392,-0.001911714,-0.001929236,-0.001951874,-0.001979012,-0.002011449,-0.002047878,-0.002086655,-0.002126785,-0.002167272,-0.002209533,-0.002251781,-0.002294085,-0.00233317,-0.002369532,-0.002400411,-0.002427466,-0.002448154,-0.002463945,-0.002472242,-0.002474319,-0.002465924,-0.002447383,-0.002415199,-0.002370991,-0.00231214,-0.002241547,-0.002156835,-0.002060238,-0.001948246,-0.001822904,-0.00168148,-0.001527235,-0.001358341,-0.001178434,-0.0009861228,-0.0007859292,-0.0005775396,-0.0003660533,-0.0001518442,5.927797e-05,0.0002666351,0.0004642785,0.0006512734,0.0008216925,0.0009751719,0.001107204,0.001218499,0.001304748,0.00136804,0.00140685,0.001424293,0.00141937,0.00139533,0.001353427,0.001299285,0.001233653,0.001160549,0.001079327,0.0009935773,0.0009022386,0.000808294,0.0007113247,0.0006155751,0.0005207328,0.0004295169,0.0003412529,0.0002591153,0.0001836471,0.0001157325,5.073163e-05,-1.188145e-05,-7.49275e-05,-0.0001344229,-0.0001945329,-0.0002562381,-0.0003218699,-0.0003885406,-0.0004520367,-0.0005129612,-0.0005756695,-0.0006383695,-0.0007004102,-0.0007512762,-0.0008003186,-0.0008514902,-0.0009077455,-0.0009636336,-0.001010196,-0.001058881,-0.001117103,-0.001181865,-0.001248908,-0.00130547,-0.001367749,-0.00143144,-0.001497444,-0.001553586,-0.001600629,-0.001642644,-0.001683086,-0.0017158,-0.001743941,-0.001762206,-0.001773377,-0.001799699,-0.001792863,-0.001811355,-0.001814606,-0.001823903,-0.001826697,-0.001831251
-0.001514791,-0.001512685,-0.001511832,-0.001512858,-0.001515387,-0.001521626,-0.001530626,-0.001542521,-0.001555215,-0.00156939,-0.001589656,-0.001613105,-0.001641848,-0.001675654,-0.001713542,-0.001754467,-0.001796518,-0.001840819,-0.001885808,-0.001932446,-0.001977623,-0.002021897,-0.002061619,-0.002098332,-0.00212938,-0.00215653,-0.002176444,-0.002191084,-0.002196584,-0.002193622,-0.002177671,-0.002150336,-0.00210853,-0.002055318,-0.001988038,-0.001909387,-0.001815809,-0.001709981,-0.001588541,-0.001454655,-0.001305865,-0.001146254,-0.0009740282,-0.0007939109,-0.0006048643,-0.0004124694,-0.0002166124,-2.302815e-05,0.0001685693,0.0003520438,0.0005269602,0.0006870175,0.0008323318,0.0009575591,0.001063573,0.001146329,0.00120878,0.001247813,0.001266168,0.001262263,0.001240847,0.001202594,0.001152082,0.001089353,0.001020014,0.0009442175,0.0008662925,0.0007841128,0.0007007471,0.0006148962,0.0005303918,0.0004457268,0.0003645894,0.0002861706,0.0002140922,0.0001472179,8.708541e-05,3.132285e-05,-1.849731e-05,-6.63127e-05,-0.0001115875,-0.0001604757,-0.000209852,-0.000260424,-0.0003096872,-0.0003604849,-0.0004148617,-0.0004709025,-0.0005220467,-0.0005692646,-0.0006120017,-0.0006610243,-0.0007077382,-0.0007502493,-0.0007865388,-0.0008241393,-0.0008726746,-0.0009230797,-0.0009687327,-0.001013878,-0.00106188,-0.001123808,-0.001180746,-0.001234096,-0.001279231,-0.001325837,-0.001370616,-0.001409618,-0.001438566,-0.001463563,-0.001480444,-0.00149586,-0.001508468,-0.00150129,-0.001521573,-0.001515314,-0.00152108,-0.001518535,-0.001519313,-0.001516378
-0.001222237,-0.001217524,-0.001213636,-0.001212002,-0.001213321,-0.001216847,-0.001223295,-0.001233136,-0.001247404,-0.001266323,-0.001286331,-0.001312786,-0.00134431,-0.001381366,-0.001422227,-0.0014658,-0.001511529,-0.001558878,-0.001608466,-0.001658411,-0.001708381,-0.001755556,-0.001800314,-0.001840407,-0.001876867,-0.001907156,-0.0019323,-0.00194954,-0.001959144,-0.001957271,-0.001944556,-0.001918404,-0.001880494,-0.001828737,-0.001765469,-0.001688452,-0.001599677,-0.00149633,-0.001380606,-0.001250578,-0.001109477,-0.0009560979,-0.0007942728,-0.000623566,-0.0004487392,-0.0002700364,-9.225319e-05,8.417477e-05,0.0002540476,0.0004167744,0.0005671266,0.0007044676,0.0008238472,0.0009254935,0.001006089,0.001067169,0.001105881,0.001125125,0.001124299,0.001106845,0.001072438,0.001024676,0.0009652232,0.0008994637,0.0008281973,0.0007550751,0.0006794147,0.0006041931,0.0005279742,0.0004529014,0.0003779829,0.0003064726,0.0002375864,0.0001735291,0.0001134121,5.978013e-05,1.264057e-05,-2.752986e-05,-6.51487e-05,-0.0001009473,-0.0001378107,-0.0001723424,-0.00020837,-0.0002465763,-0.0002889844,-0.0003328334,-0.0003744165,-0.0004142492,-0.0004561849,-0.0004984614,-0.0005404606,-0.0005727343,-0.000603808,-0.0006370578,-0.0006752286,-0.0007131628,-0.0007428792,-0.0007745829,-0.0008148815,-0.0008609347,-0.0009087507,-0.0009468126,-0.0009900326,-0.001034593,-0.001081739,-0.001120379,-0.001151632,-0.001178715,-0.001204604,-0.001223165,-0.001237848,-0.001243577,-0.001243802,-0.00125733,-0.001241222,-0.001248169,-0.001241118,-0.001240117,-0.001233287,-0.001228797
-0.0009568704,-0.000949555,-0.0009446016,-0.0009423299,-0.0009428172,-0.0009478359,-0.0009567423,-0.0009694237,-0.0009843111,-0.001002143,-0.001027166,-0.001056276,-0.001091128,-0.001130812,-0.001174518,-0.001221291,-0.001270051,-0.001321492,-0.001373996,-0.001427852,-0.001480325,-0.00153169,-0.001578927,-0.001623177,-0.001661841,-0.001696012,-0.001722619,-0.00174271,-0.001752517,-0.001752663,-0.001739734,-0.001715426,-0.001677375,-0.001628276,-0.001565732,-0.001492018,-0.001404256,-0.001305077,-0.001192024,-0.001068292,-0.0009321591,-0.000787648,-0.0006338309,-0.0004755067,-0.0003123558,-0.0001496264,1.2603e-05,0.0001692597,0.0003205956,0.000461288,0.0005911094,0.0007047884,0.0008028374,0.0008811105,0.0009410923,0.0009800688,0.00100159,0.001003781,0.0009897945,0.0009587441,0.0009152909,0.0008604779,0.0007987579,0.0007303972,0.0006604356,0.000588969,0.0005196902,0.0004504396,0.0003835131,0.0003171995,0.0002543369,0.0001930686,0.0001363008,8.306542e-05,3.638495e-05,-5.054814e-06,-4.02102e-05,-7.146683e-05,-9.761941e-05,-0.0001224026,-0.0001455832,-0.0001727749,-0.000201171,-0.0002313613,-0.0002609824,-0.0002925294,-0.0003277306,-0.0003648612,-0.0003980459,-0.0004281007,-0.0004544895,-0.000486765,-0.0005171668,-0.0005441293,-0.0005657306,-0.0005886485,-0.0006212104,-0.0006553427,-0.0006851648,-0.0007142999,-0.0007455748,-0.0007888717,-0.0008274504,-0.0008630711,-0.0008916391,-0.0009221598,-0.0009514276,-0.0009759517,-0.000991425,-0.00100359,-0.00100855,-0.001012955,-0.001014786,-0.0009995528,-0.001008844,-0.0009943572,-0.0009912789,-0.00098077,-0.0009740589,-0.0009643745
-0.0007265342,-0.000718832,-0.0007128361,-0.0007102315,-0.0007114472,-0.0007160658,-0.000724503,-0.0007373208,-0.0007554194,-0.0007791638,-0.0008052437,-0.0008382412,-0.0008762356,-0.0009195194,-0.0009662519,-0.001015902,-0.001067978,-0.001122,-0.001177944,-0.001234033,-0.00128969,-0.001342539,-0.001392766,-0.001438323,-0.001479605,-0.001514214,-0.001542659,-0.001562157,-0.001572672,-0.001571235,-0.00155878,-0.00153342,-0.001496758,-0.001447075,-0.001386322,-0.001312698,-0.001228158,-0.001130659,-0.001022542,-0.0009025948,-0.0007740209,-0.0006362635,-0.0004932062,-0.0003450154,-0.0001962516,-4.735521e-05,9.739683e-05,0.0002376309,0.000368875,0.0004907795,0.0005990106,0.0006933696,0.0007699629,0.0008295771,0.0008699638,0.0008932626,0.0008978031,0.0008869579,0.0008607797,0.0008227267,0.0007727864,0.0007144538,0.0006494352,0.0005825816,0.0005145674,0.0004485495,0.0003837392,0.000322514,0.000263176,0.0002071309,0.0001529565,0.0001030975,5.650596e-05,1.497803e-05,-2.246341e-05,-5.376825e-05,-7.925119e-05,-9.869759e-05,-0.0001161672,-0.0001324311,-0.0001502504,-0.0001667211,-0.0001852737,-0.0002063522,-0.0002317025,-0.0002587718,-0.0002843195,-0.0003087432,-0.0003353977,-0.0003626388,-0.0003899277,-0.0004088545,-0.0004270245,-0.0004472529,-0.0004719713,-0.0004963554,-0.000513402,-0.000532146,-0.0005583205,-0.000589159,-0.0006210271,-0.0006438095,-0.0006711173,-0.0006996018,-0.0007307428,-0.0007545889,-0.0007723999,-0.0007866181,-0.0007999978,-0.0008069039,-0.0008109774,-0.0008072776,-0.0007994722,-0.0008032976,-0.0007811427,-0.0007799113,-0.0007662399,-0.0007587365,-0.0007463731,-0.0007370565
-0.0005281465,-0.0005193254,-0.0005139108,-0.0005119801,-0.0005139252,-0.0005210789,-0.0005329934,-0.0005494061,-0.0005691256,-0.0005927539,-0.0006239427,-0.000659432,-0.0007005041,-0.0007458662,-0.0007949772,-0.0008469771,-0.0009011667,-0.0009577308,-0.001015096,-0.001073141,-0.001129515,-0.001184257,-0.001234779,-0.001281693,-0.0013225,-0.001357803,-0.001384761,-0.001403898,-0.001412077,-0.001410136,-0.001395583,-0.001370066,-0.001331778,-0.001283037,-0.001221881,-0.001150416,-0.001066512,-0.0009728019,-0.0008676283,-0.0007541302,-0.0006312403,-0.0005028555,-0.0003686538,-0.0002331784,-9.644408e-05,3.687033e-05,0.0001666583,0.000288587,0.000403006,0.000505526,0.0005962672,0.0006710424,0.0007307607,0.0007723455,0.0007977035,0.0008051653,0.000798571,0.0007769562,0.0007436056,0.0006980599,0.0006445833,0.0005842271,0.0005210209,0.0004552231,0.0003911865,0.0003288756,0.0002713422,0.0002164444,0.0001658489,0.0001175892,7.368831e-05,3.212602e-05,-4.795026e-06,-3.808699e-05,-6.52158e-05,-8.753431e-05,-0.0001043309,-0.0001178869,-0.0001272668,-0.0001358812,-0.0001436556,-0.0001555974,-0.0001692014,-0.0001849582,-0.0002007036,-0.0002186161,-0.0002401276,-0.0002636836,-0.0002840968,-0.0003020883,-0.0003171634,-0.0003376751,-0.000356663,-0.0003727868,-0.0003841995,-0.0003967545,-0.0004176297,-0.000439706,-0.0004577264,-0.0004747172,-0.0004931102,-0.0005217202,-0.0005458872,-0.0005675408,-0.0005830961,-0.000600769,-0.0006174428,-0.0006301283,-0.0006348737,-0.000637158,-0.0006333505,-0.0006297589,-0.0006238502,-0.0006034868,-0.0006048917,-0.0005854172,-0.0005767185,-0.0005616752,-0.0005508742,-0.0005379969
-0.0003643801,-0.0003563825,-0.0003508904,-0.0003497208,-0.0003530759,-0.0003607432,-0.00037288,-0.0003900962,-0.0004130715,-0.0004421211,-0.0004740824,-0.0005127586,-0.0005559306,-0.0006038314,-0.0006546795,-0.0007082986,-0.0007640616,-0.0008214674,-0.0008800823,-0.0009383341,-0.0009954836,-0.001049518,-0.001100342,-0.001146013,-0.001186482,-0.001219584,-0.001245462,-0.001261679,-0.001268319,-0.001263281,-0.001247627,-0.001220004,-0.001181875,-0.001131899,-0.00107184,-0.001000441,-0.0009196687,-0.0008281865,-0.0007283725,-0.0006195723,-0.0005048737,-0.0003841879,-0.0002612001,-0.0001363523,-1.37414e-05,0.0001061786,0.0002197433,0.0003267287,0.0004234725,0.000509964,0.0005828228,0.0006422921,0.0006854433,0.000713446,0.0007248764,0.000722187,0.0007045528,0.0006754973,0.0006354738,0.0005877346,0.000532337,0.0004723818,0.0004093827,0.0003475223,0.000287277,0.0002312799,0.0001786581,0.0001312745,8.733362e-05,4.76838e-05,1.066713e-05,-2.189735e-05,-5.115316e-05,-7.562136e-05,-9.62661e-05,-0.0001114225,-0.0001215743,-0.0001266743,-0.0001303693,-0.0001334028,-0.0001383036,-0.000142592,-0.0001492793,-0.0001586455,-0.0001721961,-0.0001876274,-0.0002021194,-0.0002159665,-0.0002320786,-0.0002489889,-0.0002662314,-0.0002763915,-0.0002861071,-0.0002976564,-0.0003131357,-0.0003281639,-0.0003366807,-0.0003465355,-0.0003625947,-0.0003822688,-0.0004023775,-0.0004141564,-0.0004297788,-0.0004463064,-0.0004653061,-0.000477927,-0.0004854703,-0.0004898766,-0.0004938342,-0.0004923028,-0.0004888602,-0.0004787448,-0.0004656827,-0.0004627322,-0.0004373937,-0.000430838,-0.0004135102,-0.0004023683,-0.0003873793,-0.0003760385
-0.0002299679,-0.000221566,-0.0002173479,-0.0002172279,-0.0002217991,-0.0002319972,-0.0002475049,-0.0002679264,-0.0002922833,-0.0003209455,-0.0003568932,-0.0003968449,-0.0004417931,-0.0004902905,-0.0005420431,-0.0005962082,-0.0006522517,-0.0007099712,-0.0007679401,-0.0008257852,-0.0008815053,-0.0009349099,-0.0009837128,-0.001028084,-0.001065755,-0.001097016,-0.0011194,-0.001133303,-0.001136375,-0.001129615,-0.001111212,-0.001082701,-0.001042735,-0.0009933629,-0.0009331394,-0.0008640863,-0.0007847507,-0.0006976987,-0.0006018854,-0.0005002745,-0.0003922773,-0.0002815003,-0.0001679491,-5.568624e-05,5.516034e-05,0.0001605736,0.0002605112,0.0003514115,0.0004338006,0.0005042401,0.0005632156,0.00060754,0.0006383989,0.0006535583,0.0006551031,0.0006420921,0.0006183545,0.0005835254,0.0005407932,0.0004899275,0.0004346283,0.0003757518,0.0003167494,0.000257776,0.0002024829,0.0001507047,0.0001049168,6.307913e-05,2.6396e-05,-7.166456e-06,-3.619437e-05,-6.27068e-05,-8.486174e-05,-0.0001036288,-0.0001168746,-0.0001258947,-0.0001302031,-0.0001319066,-0.000130286,-0.0001283841,-0.000126211,-0.0001281455,-0.0001319833,-0.0001381425,-0.0001446941,-0.000153514,-0.0001657651,-0.0001800801,-0.0001919731,-0.000202092,-0.0002099729,-0.0002227931,-0.0002343702,-0.0002435353,-0.0002485655,-0.0002545555,-0.0002676124,-0.0002814977,-0.0002915724,-0.0003003907,-0.0003100564,-0.00032829,-0.0003423528,-0.0003541745,-0.0003606151,-0.0003690077,-0.0003764442,-0.0003805341,-0.0003778123,-0.0003733594,-0.0003637962,-0.0003549572,-0.0003440659,-0.0003211397,-0.0003172978,-0.0002954411,-0.0002836079,-0.0002665205,-0.0002539337,-0.0002401172
-0.0001247767,-0.0001176828,-0.0001136741,-0.0001146093,-0.0001205193,-0.0001313066,-0.0001469031,-0.0001678797,-0.0001946405,-0.0002273574,-0.0002630087,-0.0003046812,-0.0003500685,-0.0003994097,-0.0004510491,-0.0005049937,-0.0005604725,-0.0006170061,-0.0006739366,-0.0007299187,-0.0007841056,-0.0008347663,-0.000881546,-0.0009226667,-0.0009578483,-0.0009852536,-0.001004899,-0.001014904,-0.001015551,-0.001005415,-0.0009855566,-0.0009550487,-0.0009152227,-0.0008651415,-0.0008064659,-0.0007384398,-0.0006629919,-0.0005793267,-0.0004897158,-0.0003938838,-0.000294666,-0.0001922299,-8.986971e-05,1.1905e-05,0.0001095754,0.000202764,0.0002884488,0.0003665976,0.0004343543,0.000492042,0.000537163,0.0005703027,0.0005893185,0.0005955509,0.0005881393,0.0005695759,0.0005395745,0.0005015431,0.0004561305,0.0004062391,0.0003518748,0.000295613,0.0002386727,0.000184551,0.0001335374,8.777796e-05,4.637868e-05,1.079108e-05,-2.072884e-05,-4.770429e-05,-7.1842e-05,-9.178744e-05,-0.0001086587,-0.0001212253,-0.0001303709,-0.0001347385,-0.0001348829,-0.000130866,-0.0001259031,-0.0001206906,-0.0001174817,-0.0001141813,-0.0001133866,-0.0001152715,-0.000121122,-0.0001289041,-0.0001361944,-0.0001432233,-0.0001525008,-0.0001627504,-0.0001735542,-0.00017845,-0.0001831107,-0.000189349,-0.0001989612,-0.0002080774,-0.0002114993,-0.0002159184,-0.0002254326,-0.0002377305,-0.0002500728,-0.0002549157,-0.0002628976,-0.0002714322,-0.0002820385,-0.0002869654,-0.0002875538,-0.0002854165,-0.0002831146,-0.0002761811,-0.0002679843,-0.0002540917,-0.0002381693,-0.0002309227,-0.0002046887,-0.0001950457,-0.0001762702,-0.0001634951,-0.0001477846,-0.0001360786
-4.309107e-05,-3.583137e-05,-3.321048e-05,-3.505978e-05,-4.207431e-05,-5.483031e-05,-7.307139e-05,-9.62679e-05,-0.0001235463,-0.0001550188,-0.0001930069,-0.0002343544,-0.0002798431,-0.0003280365,-0.0003788217,-0.000431357,-0.0004852112,-0.0005399549,-0.0005943584,-0.0006479016,-0.0006988836,-0.000746926,-0.0007900193,-0.0008280665,-0.0008591345,-0.0008833744,-0.0008988141,-0.000905893,-0.0009029503,-0.0008910194,-0.0008688082,-0.0008377226,-0.0007968209,-0.0007479542,-0.0006901547,-0.0006253371,-0.0005525743,-0.0004742541,-0.0003897448,-0.0003017182,-0.000209878,-0.0001174044,-2.44348e-05,6.55528e-05,0.0001524299,0.0002328589,0.0003069039,0.0003717449,0.0004280798,0.0004733323,0.0005082697,0.0005305402,0.0005414477,0.0005393696,0.0005263509,0.0005019042,0.0004696095,0.0004294523,0.0003843565,0.0003341918,0.0002820402,0.0002284958,0.0001763958,0.000125784,7.966802e-05,3.779745e-05,2.164315e-06,-2.909128e-05,-5.508603e-05,-7.776185e-05,-9.61295e-05,-0.0001120805,-0.000124127,-0.0001331402,-0.0001373233,-0.0001378553,-0.0001344071,-0.0001288748,-0.0001207238,-0.0001126246,-0.0001046425,-0.0001005399,-9.84141e-05,-9.862585e-05,-9.949479e-05,-0.0001026131,-0.0001089181,-0.0001172499,-0.0001238047,-0.0001291495,-0.0001328374,-0.0001409171,-0.0001479876,-0.0001530523,-0.0001545676,-0.0001569021,-0.0001651563,-0.0001739508,-0.0001792943,-0.0001833409,-0.0001878561,-0.0001994359,-0.0002071319,-0.0002127475,-0.0002135446,-0.0002159549,-0.0002173884,-0.0002160095,-0.0002088174,-0.0002003834,-0.0001876401,-0.0001758862,-0.0001623173,-0.0001388791,-0.0001318844,-0.0001096131,-9.645006e-05,-7.901256e-05,-6.60807e-05,-5.258856e-05
1.638638e-05,2.227032e-05,2.472811e-05,2.194019e-05,1.402e-05,1.032016e-06,-1.676243e-05,-3.982159e-05,-6.827123e-05,-0.0001021059,-0.0001384939,-0.0001799035,-0.0002241217,-0.0002714213,-0.0003203091,-0.0003708859,-0.0004223167,-0.0004741903,-0.0005257567,-0.0005758871,-0.0006236823,-0.0006676572,-0.0007073001,-0.000741082,-0.0007686568,-0.0007885746,-0.0008008751,-0.0008042238,-0.0007990323,-0.0007843669,-0.0007612287,-0.0007290387,-0.0006890137,-0.0006405807,-0.0005852892,-0.0005227627,-0.000454799,-0.0003809646,-0.0003033035,-0.0002217566,-0.0001388008,-5.469978e-05,2.773985e-05,0.0001080505,0.0001833174,0.0002532775,0.0003155267,0.0003702095,0.00041519,0.0004510377,0.0004759878,0.0004908252,0.0004940017,0.0004868486,0.0004688507,0.0004423342,0.0004073151,0.0003668977,0.0003217781,0.0002744352,0.0002247864,0.0001748709,0.0001256059,7.985307e-05,3.777015e-05,1.086171e-06,-3.104347e-05,-5.748433e-05,-7.982297e-05,-9.780668e-05,-0.000113047,-0.0001245271,-0.0001332613,-0.0001382198,-0.0001401657,-0.0001379943,-0.0001322673,-0.0001231222,-0.0001133475,-0.0001035924,-9.582601e-05,-8.831293e-05,-8.325235e-05,-8.074947e-05,-8.188564e-05,-8.491155e-05,-8.778973e-05,-9.071474e-05,-9.581727e-05,-0.0001019991,-0.0001088726,-0.0001108978,-0.0001128371,-0.000116128,-0.0001222944,-0.0001279945,-0.0001288303,-0.0001304218,-0.000136189,-0.0001441222,-0.0001518673,-0.0001529958,-0.0001565859,-0.000160371,-0.000165743,-0.0001660608,-0.0001626564,-0.00015686,-0.0001510048,-0.0001412069,-0.0001305492,-0.0001150494,-9.818668e-05,-8.862258e-05,-6.321471e-05,-5.21643e-05,-3.35018e-05,-2.041867e-05,-5.146942e-06,6.064452e-06
5.883086e-05,6.485093e-05,6.607625e-05,6.271804e-05,5.409507e-05,3.993321e-05,2.048394e-05,-3.599418e-06,-3.149694e-05,-6.308318e-05,-0.0001001053,-0.0001396756,-0.0001824371,-0.0002270728,-0.0002735924,-0.0003211902,-0.0003695335,-0.0004180988,-0.0004658658,-0.0005122452,-0.0005558038,-0.0005960522,-0.0006312797,-0.0006612769,-0.0006844932,-0.00070105,-0.0007094718,-0.0007102498,-0.0007022475,-0.0006864512,-0.000661975,-0.0006300893,-0.0005901923,-0.0005439431,-0.0004907461,-0.0004323443,-0.0003681734,-0.0003003426,-0.0002284739,-0.0001548669,-7.937802e-05,-4.692295e-06,6.903119e-05,0.0001389194,0.000204892,0.00026426,0.0003171899,0.0003615187,0.0003980488,0.0004249149,0.0004430369,0.0004507144,0.0004492273,0.0004373774,0.000417015,0.0003879063,0.0003532248,0.00031313,0.0002701773,0.0002242648,0.0001778751,0.0001313599,8.698327e-05,4.471071e-05,6.992022e-06,-2.644872e-05,-5.401034e-05,-7.731506e-05,-9.569924e-05,-0.0001109054,-0.0001222302,-0.0001313541,-0.0001370688,-0.0001401152,-0.0001389859,-0.0001347077,-0.0001270619,-0.0001177201,-0.0001063109,-9.514508e-05,-8.433085e-05,-7.704311e-05,-7.16768e-05,-6.854106e-05,-6.620755e-05,-6.601046e-05,-6.870458e-05,-7.333727e-05,-7.674135e-05,-7.939003e-05,-8.085334e-05,-8.612999e-05,-9.061521e-05,-9.34921e-05,-9.341995e-05,-9.406963e-05,-9.962702e-05,-0.0001055651,-0.00010853,-0.0001102967,-0.0001122848,-0.0001199857,-0.0001241421,-0.0001263586,-0.0001242822,-0.0001234377,-0.0001215758,-0.0001173083,-0.0001080715,-9.787727e-05,-8.402645e-05,-7.121882e-05,-5.679038e-05,-3.439205e-05,-2.584448e-05,-4.586265e-06,8.659795e-06,2.534892e-05,3.777293e-05,5.030884e-05
8.581336e-05,9.057023e-05,9.178615e-05,8.778411e-05,7.88199e-05,6.495389e-05,4.660893e-05,2.348328e-05,-4.31666e-06,-3.662512e-05,-7.089313e-05,-0.0001090803,-0.0001492048,-0.0001915692,-0.0002348756,-0.0002792781,-0.00032397,-0.0003686303,-0.000412509,-0.0004546737,-0.0004942369,-0.0005299515,-0.0005612603,-0.0005869255,-0.0006066321,-0.0006193044,-0.0006250415,-0.0006229462,-0.000613479,-0.0005960579,-0.0005716002,-0.0005397947,-0.0005017375,-0.0004571309,-0.0004073682,-0.0003523176,-0.0002935653,-0.0002308912,-0.00016604,-9.905117e-05,-3.199277e-05,3.487059e-05,9.924042e-05,0.0001607378,0.0002170249,0.0002679529,0.0003116684,0.0003484373,0.0003767111,0.0003971877,0.000408661,0.0004119807,0.000406028,0.0003920031,0.0003695834,0.0003408036,0.0003058204,0.0002673255,0.0002259685,0.0001837857,0.0001406167,9.801982e-05,5.665595e-05,1.882726e-05,-1.538019e-05,-4.457785e-05,-6.95043e-05,-8.926608e-05,-0.0001052314,-0.000117272,-0.0001268142,-0.0001330876,-0.0001369604,-0.0001375697,-0.0001355382,-0.0001299698,-0.0001213931,-0.000109998,-9.81638e-05,-8.649375e-05,-7.667857e-05,-6.731792e-05,-6.023662e-05,-5.549538e-05,-5.398638e-05,-5.425176e-05,-5.46226e-05,-5.526798e-05,-5.795096e-05,-6.173763e-05,-6.627106e-05,-6.691134e-05,-6.758678e-05,-6.943027e-05,-7.370744e-05,-7.760656e-05,-7.749036e-05,-7.800026e-05,-8.193345e-05,-8.757039e-05,-9.290461e-05,-9.2551e-05,-9.406506e-05,-9.549082e-05,-9.80456e-05,-9.616464e-05,-9.108378e-05,-8.386819e-05,-7.656123e-05,-6.587638e-05,-5.454907e-05,-3.912009e-05,-2.277451e-05,-1.24163e-05,1.093881e-05,2.216898e-05,3.967226e-05,5.220978e-05,6.635546e-05,7.666276e-05
0.0001015984,0.0001065108,0.000106751,0.0001025729,9.340202e-05,7.918589e-05,6.020123e-05,3.719583e-05,1.093544e-05,-1.828609e-05,-5.176633e-05,-8.69982e-05,-0.0001245339,-0.0001632346,-0.000203192,-0.0002436835,-0.0002844789,-0.0003250518,-0.0003645831,-0.0004024756,-0.0004375459,-0.0004692715,-0.0004962567,-0.0005182737,-0.0005341398,-0.0005439828,-0.0005467472,-0.0005429292,-0.0005317748,-0.0005141768,-0.0004895624,-0.0004590507,-0.0004222962,-0.0003807397,-0.0003340439,-0.0002837194,-0.0002294312,-0.0001729527,-0.0001140509,-5.46198e-05,5.415749e-06,6.387619e-05,0.0001206292,0.000173378,0.0002220983,0.0002646859,0.000301373,0.0003305426,0.0003530115,0.000367463,0.0003748415,0.0003739338,0.000365893,0.0003498152,0.0003272691,0.0002981472,0.0002651358,0.0002284582,0.0001902531,0.0001504171,0.0001108893,7.183821e-05,3.502932e-05,3.922136e-07,-3.009796e-05,-5.669136e-05,-7.810118e-05,-9.56788e-05,-0.0001089148,-0.0001192947,-0.0001263098,-0.0001313854,-0.000133543,-0.0001333795,-0.0001296413,-0.0001231834,-0.0001138668,-0.0001031333,-9.075498e-05,-7.869653e-05,-6.710079e-05,-5.859138e-05,-5.185145e-05,-4.714087e-05,-4.327994e-05,-4.136841e-05,-4.201052e-05,-4.444388e-05,-4.608485e-05,-4.730962e-05,-4.7722e-05,-5.136588e-05,-5.442994e-05,-5.626645e-05,-5.574646e-05,-5.58857e-05,-6.005751e-05,-6.455516e-05,-6.662196e-05,-6.767138e-05,-6.880117e-05,-7.445926e-05,-7.699431e-05,-7.777223e-05,-7.48084e-05,-7.270862e-05,-6.955311e-05,-6.430442e-05,-5.482151e-05,-4.452702e-05,-3.11222e-05,-1.865566e-05,-4.732342e-06,1.552056e-05,2.443707e-05,4.370292e-05,5.619493e-05,7.14399e-05,8.285199e-05,9.411872e-05
0.0001076336,0.0001114575,0.000111853,0.0001073813,9.841356e-05,8.502128e-05,6.772974e-05,4.640361e-05,2.129637e-05,-7.331706e-06,-3.730094e-05,-7.016032e-05,-0.0001042367,-0.0001398415,-0.0001758979,-0.0002125905,-0.0002492106,-0.0002855262,-0.000320849,-0.0003544209,-0.0003854248,-0.0004128438,-0.0004361558,-0.0004544052,-0.0004673434,-0.0004742064,-0.0004751341,-0.0004695452,-0.0004578932,-0.0004398421,-0.0004162053,-0.0003868558,-0.000352748,-0.0003137633,-0.0002710972,-0.000224752,-0.000176056,-0.0001249016,-7.270968e-05,-1.954697e-05,3.292896e-05,8.44977e-05,0.0001333416,0.0001791794,0.0002201914,0.0002563185,0.0002861677,0.0003100596,0.0003268958,0.0003373924,0.0003407446,0.0003377631,0.0003276338,0.0003113617,0.0002887244,0.0002614079,0.0002296124,0.0001955727,0.0001598436,0.0001240378,8.794611e-05,5.272673e-05,1.884397e-05,-1.188023e-05,-3.938699e-05,-6.256299e-05,-8.200778e-05,-9.701245e-05,-0.0001087018,-0.0001170121,-0.000123142,-0.0001265065,-0.0001278124,-0.0001263405,-0.000122569,-0.0001157766,-0.0001064339,-9.476259e-05,-8.275125e-05,-7.095328e-05,-6.079076e-05,-5.117044e-05,-4.357195e-05,-3.802694e-05,-3.52548e-05,-3.408054e-05,-3.317667e-05,-3.268694e-05,-3.402556e-05,-3.641477e-05,-3.954179e-05,-3.963357e-05,-3.985995e-05,-4.109659e-05,-4.436873e-05,-4.738559e-05,-4.722773e-05,-4.763974e-05,-5.084399e-05,-5.539856e-05,-5.963159e-05,-5.914093e-05,-6.004096e-05,-6.067589e-05,-6.205765e-05,-5.962975e-05,-5.446526e-05,-4.738657e-05,-4.011552e-05,-2.995305e-05,-1.924354e-05,-5.089236e-06,9.707297e-06,1.974544e-05,4.023644e-05,5.079389e-05,6.645224e-05,7.789593e-05,9.050471e-05,9.969466e-05
0.0001072174,0.0001112079,0.0001109115,0.0001066243,9.791594e-05,8.488066e-05,6.781804e-05,4.751344e-05,2.464262e-05,-4.254124e-07,-2.865422e-05,-5.797922e-05,-8.887826e-05,-0.0001204161,-0.0001527361,-0.0001852344,-0.0002177764,-0.0002498862,-0.0002809273,-0.0003103395,-0.0003371729,-0.0003609305,-0.0003805201,-0.0003957367,-0.0004057138,-0.0004105793,-0.0004096029,-0.0004032386,-0.000391006,-0.000373675,-0.0003509017,-0.0003236335,-0.0002916992,-0.0002562964,-0.0002172527,-0.0001758115,-0.0001317767,-8.656958e-05,-4.003903e-05,6.321504e-06,5.255941e-05,9.697233e-05,0.0001394659,0.0001782638,0.0002133822,0.0002432209,0.0002680309,0.0002866297,0.0002997689,0.0003065379,0.0003078066,0.000302719,0.0002922418,0.0002756841,0.0002543015,0.0002280432,0.000199086,0.0001676573,0.0001354744,0.0001024282,6.998498e-05,3.819506e-05,8.404915e-06,-1.945686e-05,-4.382166e-05,-6.488182e-05,-8.160937e-05,-9.507575e-05,-0.0001048861,-0.0001122487,-0.0001167953,-0.0001196824,-0.0001201299,-0.0001185903,-0.0001140384,-0.0001071524,-9.785088e-05,-8.734271e-05,-7.551857e-05,-6.400846e-05,-5.297993e-05,-4.454593e-05,-3.76632e-05,-3.254275e-05,-2.824229e-05,-2.56455e-05,-2.522866e-05,-2.639635e-05,-2.709675e-05,-2.761616e-05,-2.761349e-05,-3.027544e-05,-3.255311e-05,-3.394614e-05,-3.353979e-05,-3.374529e-05,-3.721999e-05,-4.102049e-05,-4.294156e-05,-4.406679e-05,-4.521805e-05,-4.988523e-05,-5.192894e-05,-5.245111e-05,-4.981598e-05,-4.77193e-05,-4.456337e-05,-3.958065e-05,-3.103697e-05,-2.174864e-05,-9.833845e-06,1.342128e-06,1.381887e-05,3.122534e-05,3.967388e-05,5.633309e-05,6.75138e-05,8.087277e-05,9.095758e-05,0.0001007767
0.0001015082,0.0001046,0.0001045911,0.0001003328,9.225728e-05,8.044473e-05,6.545937e-05,4.729691e-05,2.626177e-05,2.638711e-06,-2.181157e-05,-4.829639e-05,-7.547642e-05,-0.0001036482,-0.0001319653,-0.0001606245,-0.0001890514,-0.0002170873,-0.0002441412,-0.0002696093,-0.0002927843,-0.000312863,-0.0003293998,-0.0003416828,-0.0003495303,-0.0003524144,-0.0003504857,-0.0003433785,-0.0003315027,-0.0003146846,-0.0002936147,-0.0002682761,-0.0002394635,-0.0002071584,-0.0001723377,-0.0001350621,-9.639052e-05,-5.626864e-05,-1.580306e-05,2.494664e-05,6.470396e-05,0.0001033049,0.0001393611,0.0001726768,0.0002018771,0.0002269592,0.0002469,0.0002620164,0.0002715422,0.0002761313,0.000275256,0.0002696213,0.0002586328,0.00024308,0.0002227924,0.0001991,0.0001721957,0.0001438587,0.0001145333,8.544858e-05,5.638066e-05,2.816688e-05,1.129552e-06,-2.331988e-05,-4.512443e-05,-6.339892e-05,-7.859406e-05,-9.014844e-05,-9.894308e-05,-0.0001049464,-0.0001091198,-0.000111025,-0.0001112101,-0.0001090854,-0.0001049936,-9.836317e-05,-8.959241e-05,-7.891179e-05,-6.793663e-05,-5.716078e-05,-4.77488e-05,-3.888307e-05,-3.172936e-05,-2.629983e-05,-2.31562e-05,-2.138546e-05,-1.996815e-05,-1.902129e-05,-1.96378e-05,-2.119095e-05,-2.342516e-05,-2.338252e-05,-2.35456e-05,-2.456786e-05,-2.725548e-05,-2.981329e-05,-2.998592e-05,-3.070091e-05,-3.366019e-05,-3.769128e-05,-4.145229e-05,-4.146081e-05,-4.249681e-05,-4.318714e-05,-4.432755e-05,-4.229264e-05,-3.796181e-05,-3.19375e-05,-2.560928e-05,-1.683533e-05,-7.55055e-06,4.577625e-06,1.718677e-05,2.616361e-05,4.333164e-05,5.265242e-05,6.604383e-05,7.602573e-05,8.683997e-05,9.477779e-05
9.289023e-05,9.613406e-05,9.569091e-05,9.187898e-05,8.44073e-05,7.344253e-05,5.929078e-05,4.269757e-05,2.420952e-05,4.196303e-06,-1.805858e-05,-4.094094e-05,-6.485364e-05,-8.906786e-05,-0.0001137528,-0.0001384372,-0.0001630635,-0.0001872315,-0.000210463,-0.0002322644,-0.0002518999,-0.0002689313,-0.000282539,-0.0002925506,-0.0002983543,-0.000300061,-0.0002971811,-0.0002900942,-0.0002785108,-0.0002630587,-0.0002435515,-0.0002207509,-0.0001945941,-0.0001660273,-0.000134977,-0.0001024135,-6.822477e-05,-3.349479e-05,1.877714e-06,3.676784e-05,7.121016e-05,0.0001039286,0.0001348602,0.0001626802,0.0001874225,0.0002079077,0.0002243651,0.0002359507,0.0002432972,0.0002457886,0.0002441586,0.0002378133,0.0002275109,0.0002127253,0.0001944071,0.000172529,0.0001487776,0.0001233563,9.758546e-05,7.13588e-05,4.574457e-05,2.072798e-05,-2.691228e-06,-2.456541e-05,-4.367868e-05,-6.015501e-05,-7.318722e-05,-8.357979e-05,-9.102876e-05,-9.647108e-05,-9.964551e-05,-0.0001014494,-0.0001012784,-9.945308e-05,-9.515763e-05,-8.890167e-05,-8.064377e-05,-7.135959e-05,-6.102697e-05,-5.095394e-05,-4.13195e-05,-3.377056e-05,-2.751521e-05,-2.271632e-05,-1.86499e-05,-1.600083e-05,-1.513519e-05,-1.560126e-05,-1.582599e-05,-1.601824e-05,-1.590635e-05,-1.791781e-05,-1.970932e-05,-2.090354e-05,-2.079274e-05,-2.123936e-05,-2.427512e-05,-2.764845e-05,-2.965741e-05,-3.109832e-05,-3.256904e-05,-3.670328e-05,-3.87549e-05,-3.955454e-05,-3.779762e-05,-3.631603e-05,-3.382916e-05,-2.977243e-05,-2.279546e-05,-1.511408e-05,-5.262665e-06,4.083463e-06,1.455978e-05,2.877854e-05,3.621229e-05,4.993904e-05,5.945867e-05,7.065786e-05,7.92095e-05,8.747145e-05
8.214891e-05,8.466803e-05,8.457815e-05,8.102263e-05,7.443463e-05,6.488644e-05,5.292288e-05,3.861219e-05,2.223711e-05,4.059473e-06,-1.458464e-05,-3.460657e-05,-5.498944e-05,-7.599654e-05,-9.700139e-05,-0.0001181942,-0.0001391406,-0.0001597371,-0.0001795045,-0.0001979749,-0.0002145706,-0.0002286799,-0.000239946,-0.0002478558,-0.000252281,-0.0002528652,-0.0002497445,-0.0002426955,-0.0002320602,-0.0002177644,-0.0002003623,-0.0001798926,-0.0001569813,-0.0001316589,-0.000104681,-7.612447e-05,-4.679014e-05,-1.66493e-05,1.347752e-05,4.354706e-05,7.261944e-05,0.0001005803,0.000126411,0.0001499793,0.000170283,0.0001873428,0.0002004286,0.0002098122,0.0002149712,0.0002164472,0.0002139029,0.000207903,0.0001980193,0.0001848328,0.0001682073,0.0001491378,0.0001277904,0.0001055168,8.265534e-05,6.010244e-05,3.764955e-05,1.588112e-05,-4.979737e-06,-2.38749e-05,-4.073933e-05,-5.488574e-05,-6.66242e-05,-7.551979e-05,-8.222544e-05,-8.672684e-05,-8.975705e-05,-9.100015e-05,-9.085841e-05,-8.886481e-05,-8.524401e-05,-7.955684e-05,-7.212152e-05,-6.315646e-05,-5.392049e-05,-4.483746e-05,-3.682567e-05,-2.930918e-05,-2.317034e-05,-1.840843e-05,-1.544157e-05,-1.359202e-05,-1.211176e-05,-1.109132e-05,-1.133402e-05,-1.235761e-05,-1.396843e-05,-1.395638e-05,-1.418553e-05,-1.511711e-05,-1.73589e-05,-1.957232e-05,-2.010305e-05,-2.114451e-05,-2.393647e-05,-2.756758e-05,-3.101541e-05,-3.16468e-05,-3.302953e-05,-3.405535e-05,-3.531342e-05,-3.403185e-05,-3.089254e-05,-2.630204e-05,-2.132567e-05,-1.433583e-05,-6.861901e-06,2.888556e-06,1.301566e-05,2.051396e-05,3.419179e-05,4.194432e-05,5.285319e-05,6.113938e-05,7.001303e-05,7.661005e-05
7.084337e-05,7.346393e-05,7.312923e-05,7.014458e-05,6.433265e-05,5.586982e-05,4.504445e-05,3.249335e-05,1.861815e-05,3.744302e-06,-1.265515e-05,-2.938578e-05,-4.677016e-05,-6.427339e-05,-8.206549e-05,-9.980316e-05,-0.0001174799,-0.0001347793,-0.0001513561,-0.0001668009,-0.0001805676,-0.0001922944,-0.0002013931,-0.0002077238,-0.0002108713,-0.0002109183,-0.0002075481,-0.0002010516,-0.0001912667,-0.0001786729,-0.0001631846,-0.0001453779,-0.0001252508,-0.0001035082,-8.01325e-05,-5.58381e-05,-3.056476e-05,-5.095235e-06,2.063753e-05,4.582903e-05,7.050401e-05,9.37506e-05,0.0001155264,0.0001348856,0.0001518609,0.0001656166,0.0001763356,0.0001834342,0.000187402,0.000187835,0.000185304,0.0001794085,0.0001707047,0.0001588025,0.0001443795,0.0001274189,0.0001091624,8.977854e-05,7.023376e-05,5.04351e-05,3.112578e-05,1.226393e-05,-5.435517e-06,-2.200017e-05,-3.652211e-05,-4.906386e-05,-5.901213e-05,-6.693492e-05,-7.260428e-05,-7.670876e-05,-7.907101e-05,-8.035301e-05,-8.010665e-05,-7.854235e-05,-7.503689e-05,-6.994996e-05,-6.326573e-05,-5.573274e-05,-4.738281e-05,-3.921926e-05,-3.14164e-05,-2.520396e-05,-2.001108e-05,-1.595536e-05,-1.250622e-05,-1.016998e-05,-9.217941e-06,-9.320335e-06,-9.324912e-06,-9.376772e-06,-9.27706e-06,-1.079486e-05,-1.221481e-05,-1.326011e-05,-1.341211e-05,-1.40469e-05,-1.665716e-05,-1.960005e-05,-2.162186e-05,-2.327948e-05,-2.499448e-05,-2.865941e-05,-3.07743e-05,-3.19154e-05,-3.109008e-05,-3.03507e-05,-2.87221e-05,-2.579187e-05,-2.056119e-05,-1.467984e-05,-7.075554e-06,2.394326e-07,8.48846e-06,1.947691e-05,2.558346e-05,3.629465e-05,4.396855e-05,5.288042e-05,5.978415e-05,6.643347e-05
5.937858e-05,6.141111e-05,6.141415e-05,5.878835e-05,5.392002e-05,4.685514e-05,3.807295e-05,2.766e-05,1.58437e-05,2.837356e-06,-1.041721e-05,-2.457045e-05,-3.889472e-05,-5.36088e-05,-6.827714e-05,-8.306836e-05,-9.767283e-05,-0.0001120279,-0.0001257649,-0.0001385387,-0.0001499028,-0.0001594156,-0.0001668039,-0.0001717158,-0.0001740589,-0.0001736029,-0.000170451,-0.0001644752,-0.0001559342,-0.0001448121,-0.0001315207,-0.0001161218,-9.907404e-05,-8.042876e-05,-6.073118e-05,-4.005678e-05,-1.897192e-05,2.534707e-06,2.38921e-05,4.506801e-05,6.541052e-05,8.483916e-05,0.0001026467,0.0001187409,0.000132428,0.0001437272,0.0001521409,0.0001578724,0.0001605814,0.0001606743,0.0001579469,0.0001528132,0.0001449791,0.0001348393,0.0001222908,0.0001080303,9.219494e-05,7.575198e-05,5.894993e-05,4.240424e-05,2.594631e-05,9.96253e-06,-5.391509e-06,-1.936355e-05,-3.187977e-05,-4.243197e-05,-5.120867e-05,-5.789117e-05,-6.292967e-05,-6.63227e-05,-6.859366e-05,-6.953192e-05,-6.941176e-05,-6.788475e-05,-6.507913e-05,-6.067609e-05,-5.491141e-05,-4.797641e-05,-4.079454e-05,-3.37121e-05,-2.741357e-05,-2.152931e-05,-1.668783e-05,-1.288117e-05,-1.039825e-05,-8.767767e-06,-7.474995e-06,-6.585897e-06,-6.647068e-06,-7.310514e-06,-8.440078e-06,-8.494515e-06,-8.788243e-06,-9.618968e-06,-1.141604e-05,-1.324877e-05,-1.399268e-05,-1.519294e-05,-1.768592e-05,-2.080837e-05,-2.38346e-05,-2.490204e-05,-2.650085e-05,-2.777403e-05,-2.912714e-05,-2.856298e-05,-2.657907e-05,-2.341468e-05,-1.983346e-05,-1.467125e-05,-9.072185e-06,-1.738859e-06,5.883638e-06,1.174583e-05,2.200052e-05,2.804952e-05,3.643213e-05,4.291486e-05,4.980421e-05,5.501314e-05
4.863384e-05,5.068532e-05,5.055072e-05,4.848821e-05,4.440185e-05,3.843736e-05,3.084112e-05,2.210105e-05,1.248472e-05,2.250984e-06,-8.974598e-06,-2.036399e-05,-3.215746e-05,-4.398983e-05,-5.600985e-05,-6.798543e-05,-7.993576e-05,-9.162731e-05,-0.000102823,-0.0001132065,-0.000122395,-0.0001301101,-0.0001359529,-0.0001398144,-0.000141427,-0.000140843,-0.0001378677,-0.0001327035,-0.0001252687,-0.0001159022,-0.0001045763,-9.169582e-05,-7.728678e-05,-6.183876e-05,-4.536202e-05,-2.834727e-05,-1.076649e-05,6.851281e-06,2.45473e-05,4.17817e-05,5.856955e-05,7.429751e-05,8.893516e-05,0.0001018448,0.0001130486,0.0001219849,0.0001287822,0.0001330555,0.0001351516,0.0001348175,0.0001324613,0.000127826,0.0001212901,0.0001125788,0.0001021427,8.997046e-05,7.692068e-05,6.312313e-05,4.924312e-05,3.520858e-05,2.150676e-05,8.092174e-06,-4.550873e-06,-1.642951e-05,-2.690249e-05,-3.598816e-05,-4.324503e-05,-4.904592e-05,-5.322816e-05,-5.626564e-05,-5.804559e-05,-5.902693e-05,-5.889733e-05,-5.7783e-05,-5.523522e-05,-5.148953e-05,-4.654414e-05,-4.093637e-05,-3.472156e-05,-2.862326e-05,-2.279442e-05,-1.810103e-05,-1.415721e-05,-1.104105e-05,-8.386723e-06,-6.546227e-06,-5.710329e-06,-5.650815e-06,-5.572943e-06,-5.57133e-06,-5.513626e-06,-6.614835e-06,-7.695056e-06,-8.55931e-06,-8.852016e-06,-9.531855e-06,-1.163626e-05,-1.403821e-05,-1.586903e-05,-1.74947e-05,-1.920034e-05,-2.226223e-05,-2.42541e-05,-2.553753e-05,-2.540491e-05,-2.524434e-05,-2.436192e-05,-2.246335e-05,-1.885801e-05,-1.469211e-05,-9.240132e-06,-3.913877e-06,2.130379e-06,1.007479e-05,1.472693e-05,2.254408e-05,2.832767e-05,3.496538e-05,4.01937e-05,4.522914e-05
3.871361e-05,4.027567e-05,4.039789e-05,3.868647e-05,3.545233e-05,3.070519e-05,2.482944e-05,1.789502e-05,1.007145e-05,1.511658e-06,-7.182763e-06,-1.643487e-05,-2.576159e-05,-3.533174e-05,-4.486215e-05,-5.449019e-05,-6.400585e-05,-7.337907e-05,-8.233973e-05,-9.065649e-05,-9.800241e-05,-0.0001040871,-0.0001087074,-0.0001116438,-0.0001128235,-0.0001121135,-0.0001095735,-0.0001051432,-9.899202e-05,-9.113899e-05,-8.185652e-05,-7.121348e-05,-5.951159e-05,-4.681127e-05,-3.346748e-05,-1.955091e-05,-5.423373e-06,8.907143e-06,2.308059e-05,3.706458e-05,5.044742e-05,6.316479e-05,7.476727e-05,8.518193e-05,9.396841e-05,0.0001011277,0.0001063495,0.0001097593,0.0001111579,0.0001108126,0.0001086169,0.0001048386,9.929807e-05,9.223237e-05,8.357708e-05,7.377502e-05,6.294114e-05,5.170938e-05,4.025823e-05,2.897241e-05,1.773952e-05,6.792335e-06,-3.757764e-06,-1.342145e-05,-2.211936e-05,-2.950752e-05,-3.567691e-05,-4.041901e-05,-4.401209e-05,-4.646835e-05,-4.812586e-05,-4.886496e-05,-4.885091e-05,-4.784908e-05,-4.591309e-05,-4.283415e-05,-3.876901e-05,-3.387458e-05,-2.876844e-05,-2.37173e-05,-1.918844e-05,-1.498277e-05,-1.150579e-05,-8.747633e-06,-6.883696e-06,-5.619117e-06,-4.63334e-06,-3.970961e-06,-3.955973e-06,-4.360437e-06,-5.094656e-06,-5.197599e-06,-5.506118e-06,-6.183656e-06,-7.502188e-06,-8.882505e-06,-9.651342e-06,-1.07952e-05,-1.280616e-05,-1.524846e-05,-1.765773e-05,-1.885334e-05,-2.039406e-05,-2.166216e-05,-2.290836e-05,-2.282521e-05,-2.174852e-05,-1.978341e-05,-1.742434e-05,-1.39141e-05,-1.004332e-05,-4.951272e-06,3.40462e-07,4.600769e-06,1.168542e-05,1.605808e-05,2.20197e-05,2.671508e-05,3.167562e-05,3.549838e-05
3.001009e-05,3.149993e-05,3.152697e-05,3.028061e-05,2.771651e-05,2.393378e-05,1.911899e-05,1.360366e-05,7.547867e-06,1.136093e-06,-5.879822e-06,-1.297354e-05,-2.030716e-05,-2.765358e-05,-3.512539e-05,-4.257946e-05,-5.004122e-05,-5.735318e-05,-6.436423e-05,-7.08526e-05,-7.657093e-05,-8.132434e-05,-8.486304e-05,-8.710832e-05,-8.790007e-05,-8.726581e-05,-8.509401e-05,-8.151106e-05,-7.648141e-05,-7.022189e-05,-6.273286e-05,-5.42731e-05,-4.487474e-05,-3.484809e-05,-2.421275e-05,-1.327673e-05,-2.030602e-06,9.198014e-06,2.043137e-05,3.133685e-05,4.192125e-05,5.180498e-05,6.096569e-05,6.900686e-05,7.593912e-05,8.141316e-05,8.550811e-05,8.798802e-05,8.907391e-05,8.861855e-05,8.688579e-05,8.372292e-05,7.936447e-05,7.363258e-05,6.680091e-05,5.88626e-05,5.036203e-05,4.139053e-05,3.236904e-05,2.324873e-05,1.432388e-05,5.557709e-06,-2.747006e-06,-1.058569e-05,-1.75417e-05,-2.36094e-05,-2.849657e-05,-3.242629e-05,-3.529156e-05,-3.739106e-05,-3.865945e-05,-3.938893e-05,-3.938008e-05,-3.870068e-05,-3.705444e-05,-3.45816e-05,-3.128612e-05,-2.751999e-05,-2.333847e-05,-1.921936e-05,-1.528085e-05,-1.208349e-05,-9.387901e-06,-7.240751e-06,-5.410308e-06,-4.121299e-06,-3.497653e-06,-3.393418e-06,-3.304705e-06,-3.288058e-06,-3.26489e-06,-4.002618e-06,-4.75609e-06,-5.397133e-06,-5.702581e-06,-6.287001e-06,-7.814957e-06,-9.576402e-06,-1.101853e-05,-1.236247e-05,-1.37888e-05,-1.60866e-05,-1.77125e-05,-1.886699e-05,-1.908965e-05,-1.92379e-05,-1.886144e-05,-1.776244e-05,-1.550497e-05,-1.281576e-05,-9.25046e-06,-5.712693e-06,-1.675222e-06,3.576904e-06,6.794773e-06,1.200609e-05,1.598123e-05,2.049341e-05,2.410958e-05,2.759723e-05
2.245651e-05,2.353614e-05,2.371164e-05,2.27414e-05,2.085203e-05,1.801795e-05,1.451775e-05,1.039004e-05,5.759709e-06,7.165621e-07,-4.411407e-06,-9.856419e-06,-1.533063e-05,-2.095278e-05,-2.655231e-05,-3.22323e-05,-3.785547e-05,-4.341976e-05,-4.873687e-05,-5.367842e-05,-5.801883e-05,-6.1599e-05,-6.426934e-05,-6.591971e-05,-6.648416e-05,-6.590773e-05,-6.420386e-05,-6.136425e-05,-5.747196e-05,-5.256964e-05,-4.680213e-05,-4.024079e-05,-3.304779e-05,-2.529074e-05,-1.716047e-05,-8.726758e-06,-1.80126e-07,8.447669e-06,1.696892e-05,2.534024e-05,3.334438e-05,4.091813e-05,4.782014e-05,5.398107e-05,5.916514e-05,6.334699e-05,6.636646e-05,6.827432e-05,6.898234e-05,6.862971e-05,6.718406e-05,6.478309e-05,6.134483e-05,5.697984e-05,5.166728e-05,4.564369e-05,3.90114e-05,3.212788e-05,2.512137e-05,1.819319e-05,1.129394e-05,4.539712e-06,-1.98501e-06,-8.010412e-06,-1.345518e-05,-1.812219e-05,-2.202912e-05,-2.506975e-05,-2.738396e-05,-2.899974e-05,-3.00986e-05,-3.063734e-05,-3.069167e-05,-3.013108e-05,-2.895461e-05,-2.705154e-05,-2.45082e-05,-2.144713e-05,-1.822057e-05,-1.502056e-05,-1.212131e-05,-9.459103e-06,-7.250861e-06,-5.489373e-06,-4.254275e-06,-3.395512e-06,-2.74715e-06,-2.336476e-06,-2.301551e-06,-2.516584e-06,-2.924368e-06,-3.046069e-06,-3.319436e-06,-3.803462e-06,-4.636544e-06,-5.528038e-06,-6.171582e-06,-7.090482e-06,-8.493826e-06,-1.014379e-05,-1.179154e-05,-1.283632e-05,-1.406436e-05,-1.507981e-05,-1.600841e-05,-1.613432e-05,-1.565923e-05,-1.458889e-05,-1.318846e-05,-1.104454e-05,-8.63696e-06,-5.472698e-06,-2.202104e-06,6.261154e-07,4.945825e-06,7.800999e-06,1.158427e-05,1.463109e-05,1.782358e-05,2.033404e-05
1.615213e-05,1.709218e-05,1.718403e-05,1.654405e-05,1.515599e-05,1.307509e-05,1.042088e-05,7.386316e-06,4.054616e-06,5.387744e-07,-3.306141e-06,-7.186645e-06,-1.119739e-05,-1.521482e-05,-1.931026e-05,-2.340624e-05,-2.752301e-05,-3.156801e-05,-3.545618e-05,-3.905311e-05,-4.221845e-05,-4.483404e-05,-4.676199e-05,-4.795281e-05,-4.832156e-05,-4.787953e-05,-4.656995e-05,-4.446092e-05,-4.154017e-05,-3.792831e-05,-3.363413e-05,-2.880175e-05,-2.345678e-05,-1.777111e-05,-1.176221e-05,-5.599341e-06,7.182742e-07,7.012552e-06,1.329333e-05,1.938046e-05,2.52755e-05,3.077171e-05,3.585404e-05,4.03053e-05,4.412832e-05,4.713147e-05,4.935601e-05,5.06739e-05,5.120724e-05,5.087991e-05,4.984006e-05,4.800751e-05,4.550945e-05,4.224514e-05,3.836045e-05,3.385179e-05,2.902189e-05,2.392653e-05,1.879967e-05,1.361332e-05,8.524302e-06,3.508957e-06,-1.266068e-06,-5.793072e-06,-9.834888e-06,-1.337904e-05,-1.625648e-05,-1.858416e-05,-2.030047e-05,-2.157044e-05,-2.236094e-05,-2.283527e-05,-2.288205e-05,-2.253271e-05,-2.161636e-05,-2.0206e-05,-1.830619e-05,-1.611794e-05,-1.368194e-05,-1.127356e-05,-8.969625e-06,-7.088152e-06,-5.498644e-06,-4.22523e-06,-3.139044e-06,-2.365965e-06,-1.976783e-06,-1.889291e-06,-1.822943e-06,-1.8074e-06,-1.802534e-06,-2.234128e-06,-2.689097e-06,-3.092946e-06,-3.322884e-06,-3.724891e-06,-4.672956e-06,-5.774266e-06,-6.720124e-06,-7.62824e-06,-8.600461e-06,-1.006492e-05,-1.116094e-05,-1.198306e-05,-1.227022e-05,-1.248632e-05,-1.237654e-05,-1.182322e-05,-1.058585e-05,-9.067217e-06,-7.03042e-06,-4.98085e-06,-2.630784e-06,4.005278e-07,2.329333e-06,5.357663e-06,7.730599e-06,1.039785e-05,1.256979e-05,1.466814e-05
1.09811e-05,1.15948e-05,1.173992e-05,1.127999e-05,1.036437e-05,8.940513e-06,7.188037e-06,5.11396e-06,2.815317e-06,3.241126e-07,-2.234304e-06,-4.942786e-06,-7.658538e-06,-1.045572e-05,-1.324068e-05,-1.608516e-05,-1.890069e-05,-2.17092e-05,-2.438478e-05,-2.688653e-05,-2.90673e-05,-3.087553e-05,-3.219909e-05,-3.301481e-05,-3.325557e-05,-3.292864e-05,-3.200494e-05,-3.051741e-05,-2.847431e-05,-2.593657e-05,-2.294224e-05,-1.956545e-05,-1.585398e-05,-1.188358e-05,-7.713483e-06,-3.41737e-06,9.487781e-07,5.327556e-06,9.664189e-06,1.389808e-05,1.796091e-05,2.178117e-05,2.527681e-05,2.837279e-05,3.099067e-05,3.307763e-05,3.458991e-05,3.551436e-05,3.584862e-05,3.562548e-05,3.486856e-05,3.360921e-05,3.184543e-05,2.959218e-05,2.687191e-05,2.37644e-05,2.036782e-05,1.68253e-05,1.323205e-05,9.651509e-06,6.093887e-06,2.590681e-06,-7.881266e-07,-3.944819e-06,-6.79843e-06,-9.274045e-06,-1.133816e-05,-1.297264e-05,-1.421341e-05,-1.510494e-05,-1.570537e-05,-1.60318e-05,-1.609054e-05,-1.583869e-05,-1.523785e-05,-1.425894e-05,-1.293107e-05,-1.134791e-05,-9.648851e-06,-7.963052e-06,-6.406047e-06,-5.014979e-06,-3.858043e-06,-2.933431e-06,-2.245401e-06,-1.755053e-06,-1.411609e-06,-1.229532e-06,-1.201495e-06,-1.282451e-06,-1.434418e-06,-1.552887e-06,-1.763788e-06,-2.05078e-06,-2.446446e-06,-2.880622e-06,-3.325571e-06,-3.945219e-06,-4.730604e-06,-5.603116e-06,-6.477287e-06,-7.21277e-06,-7.996421e-06,-8.623578e-06,-9.124839e-06,-9.257918e-06,-9.121025e-06,-8.652852e-06,-7.936493e-06,-6.830136e-06,-5.559402e-06,-3.919406e-06,-2.262032e-06,-5.978929e-07,1.495115e-06,3.100414e-06,5.082877e-06,6.743019e-06,8.446796e-06,9.819152e-06
6.902528e-06,7.359666e-06,7.432367e-06,7.175136e-06,6.583892e-06,5.682098e-06,4.528035e-06,3.209055e-06,1.759459e-06,2.32736e-07,-1.437657e-06,-3.122335e-06,-4.864395e-06,-6.610604e-06,-8.395244e-06,-1.018503e-05,-1.199086e-05,-1.37702e-05,-1.548514e-05,-1.707253e-05,-1.846955e-05,-1.962062e-05,-2.046534e-05,-2.097966e-05,-2.112756e-05,-2.091226e-05,-2.031055e-05,-1.935125e-05,-1.803154e-05,-1.640417e-05,-1.447602e-05,-1.231032e-05,-9.921084e-06,-7.383459e-06,-4.707537e-06,-1.966886e-06,8.371272e-07,3.627719e-06,6.408119e-06,9.100828e-06,1.17055e-05,1.413272e-05,1.637463e-05,1.833679e-05,2.001902e-05,2.13378e-05,2.230993e-05,2.288005e-05,2.310122e-05,2.294184e-05,2.246728e-05,2.164395e-05,2.05265e-05,1.907005e-05,1.733641e-05,1.532414e-05,1.316633e-05,1.088942e-05,8.596285e-06,6.274558e-06,3.990867e-06,1.73387e-06,-4.237147e-07,-2.476537e-06,-4.31832e-06,-5.940109e-06,-7.265197e-06,-8.342393e-06,-9.143835e-06,-9.741644e-06,-1.012246e-05,-1.035841e-05,-1.040043e-05,-1.026011e-05,-9.860088e-06,-9.230595e-06,-8.374435e-06,-7.381716e-06,-6.273823e-06,-5.175252e-06,-4.12383e-06,-3.261726e-06,-2.532471e-06,-1.945928e-06,-1.445413e-06,-1.086627e-06,-9.014625e-07,-8.532918e-07,-8.185812e-07,-8.097056e-07,-8.105367e-07,-1.008017e-06,-1.220946e-06,-1.415181e-06,-1.537237e-06,-1.740946e-06,-2.192518e-06,-2.719908e-06,-3.18688e-06,-3.643347e-06,-4.135039e-06,-4.846177e-06,-5.397583e-06,-5.824176e-06,-6.009684e-06,-6.153114e-06,-6.141061e-06,-5.91863e-06,-5.380978e-06,-4.704415e-06,-3.788952e-06,-2.857607e-06,-1.785892e-06,-4.127855e-07,4.866059e-07,1.865264e-06,2.968588e-06,4.199111e-06,5.213933e-06,6.195765e-06
3.830316e-06,4.064633e-06,4.135529e-06,3.972076e-06,3.665334e-06,3.146305e-06,2.518348e-06,1.76446e-06,9.676781e-07,1.154343e-07,-7.994149e-07,-1.75684e-06,-2.70973e-06,-3.698721e-06,-4.677128e-06,-5.693099e-06,-6.687394e-06,-7.700191e-06,-8.647489e-06,-9.552939e-06,-1.032254e-05,-1.098213e-05,-1.14427e-05,-1.174281e-05,-1.181104e-05,-1.169936e-05,-1.134615e-05,-1.081448e-05,-1.005728e-05,-9.149291e-06,-8.051247e-06,-6.840779e-06,-5.48395e-06,-4.064497e-06,-2.549024e-06,-1.017253e-06,5.683027e-07,2.128156e-06,3.698796e-06,5.202724e-06,6.673346e-06,8.028333e-06,9.29443e-06,1.038809e-05,1.133893e-05,1.207181e-05,1.262381e-05,1.29353e-05,1.306382e-05,1.2966e-05,1.270412e-05,1.223394e-05,1.161099e-05,1.07859e-05,9.816343e-06,8.676448e-06,7.465103e-06,6.17859e-06,4.892856e-06,3.578679e-06,2.292725e-06,1.011161e-06,-2.025332e-07,-1.369789e-06,-2.410724e-06,-3.338952e-06,-4.088922e-06,-4.70795e-06,-5.162693e-06,-5.511515e-06,-5.727006e-06,-5.868131e-06,-5.893432e-06,-5.823681e-06,-5.597342e-06,-5.244593e-06,-4.754238e-06,-4.199626e-06,-3.571037e-06,-2.952293e-06,-2.345424e-06,-1.854577e-06,-1.444719e-06,-1.119769e-06,-8.317259e-07,-6.171762e-07,-5.015334e-07,-4.909272e-07,-4.776687e-07,-4.728131e-07,-4.476204e-07,-5.542176e-07,-7.03592e-07,-8.312452e-07,-8.960553e-07,-9.766119e-07,-1.23271e-06,-1.581888e-06,-1.866482e-06,-2.119811e-06,-2.365e-06,-2.783449e-06,-3.150953e-06,-3.405304e-06,-3.512305e-06,-3.562532e-06,-3.583641e-06,-3.474387e-06,-3.19076e-06,-2.779822e-06,-2.28561e-06,-1.701629e-06,-1.171615e-06,-3.290628e-07,1.955737e-07,9.092095e-07,1.598385e-06,2.251436e-06,2.870283e-06,3.394403e-06
1.680816e-06,1.801783e-06,1.825578e-06,1.766201e-06,1.623146e-06,1.402013e-06,1.118197e-06,7.93736e-07,4.367441e-07,6.112673e-08,-3.501184e-07,-7.64825e-07,-1.193913e-06,-1.624362e-06,-2.065135e-06,-2.508095e-06,-2.956261e-06,-3.398765e-06,-3.826111e-06,-4.221953e-06,-4.570522e-06,-4.857416e-06,-5.067677e-06,-5.194938e-06,-5.230465e-06,-5.174748e-06,-5.022289e-06,-4.780034e-06,-4.447691e-06,-4.038274e-06,-3.553975e-06,-3.010435e-06,-2.411584e-06,-1.775979e-06,-1.106523e-06,-4.213149e-07,2.790107e-07,9.756587e-07,1.669228e-06,2.340771e-06,2.990005e-06,3.594983e-06,4.153522e-06,4.642356e-06,5.061164e-06,5.389336e-06,5.630779e-06,5.771899e-06,5.825716e-06,5.784691e-06,5.665049e-06,5.458726e-06,5.179058e-06,4.814835e-06,4.380995e-06,3.87722e-06,3.336522e-06,2.765783e-06,2.190539e-06,1.607732e-06,1.033527e-06,4.649768e-07,-7.996391e-08,-5.996361e-07,-1.067345e-06,-1.480292e-06,-1.819057e-06,-2.095314e-06,-2.302026e-06,-2.457007e-06,-2.557145e-06,-2.620396e-06,-2.634581e-06,-2.602206e-06,-2.503727e-06,-2.34632e-06,-2.130811e-06,-1.879821e-06,-1.599215e-06,-1.320436e-06,-1.053534e-06,-8.341702e-07,-6.484825e-07,-4.987835e-07,-3.710054e-07,-2.79028e-07,-2.308989e-07,-2.174406e-07,-2.079696e-07,-2.054426e-07,-2.061316e-07,-2.563783e-07,-3.112937e-07,-3.621557e-07,-3.957795e-07,-4.506318e-07,-5.682525e-07,-7.060614e-07,-8.301697e-07,-9.526636e-07,-1.085092e-06,-1.272476e-06,-1.420637e-06,-1.537093e-06,-1.59279e-06,-1.636259e-06,-1.639162e-06,-1.587324e-06,-1.454902e-06,-1.285486e-06,-1.054992e-06,-8.188766e-07,-5.465565e-07,-1.992149e-07,3.250934e-08,3.823252e-07,6.660774e-07,9.809485e-07,1.242744e-06,1.496255e-06
4.283646e-07,4.478698e-07,4.607124e-07,4.27431e-07,4.078226e-07,3.255513e-07,2.425738e-07,1.291345e-07,6.307661e-08,7.443131e-09,-1.100581e-07,-2.169108e-07,-3.134767e-07,-4.22397e-07,-5.190229e-07,-6.389312e-07,-7.363586e-07,-8.615073e-07,-9.51351e-07,-1.064024e-06,-1.132288e-06,-1.222726e-06,-1.257187e-06,-1.306591e-06,-1.296135e-06,-1.3015e-06,-1.243377e-06,-1.201064e-06,-1.098006e-06,-1.016664e-06,-8.770653e-07,-7.593757e-07,-5.869414e-07,-4.485778e-07,-2.62868e-07,-1.13882e-07,8.39679e-08,2.383596e-07,4.324457e-07,5.783731e-07,7.614051e-07,8.919537e-07,1.052248e-06,1.152868e-06,1.278757e-06,1.342273e-06,1.422261e-06,1.43459e-06,1.467931e-06,1.439128e-06,1.430479e-06,1.358356e-06,1.308574e-06,1.199336e-06,1.108125e-06,9.558257e-07,8.429921e-07,6.911055e-07,5.674626e-07,3.961229e-07,2.591861e-07,1.054056e-07,-3.916632e-09,-1.513009e-07,-2.576375e-07,-3.832092e-07,-4.471099e-07,-5.316929e-07,-5.689982e-07,-6.254033e-07,-6.295766e-07,-6.619977e-07,-6.567344e-07,-6.681553e-07,-6.237253e-07,-5.849218e-07,-5.197253e-07,-4.911377e-07,-4.125416e-07,-3.440819e-07,-2.284649e-07,-2.032899e-07,-1.80561e-07,-1.678172e-07,-9.02517e-08,-2.264803e-08,-2.828926e-08,-1.092455e-07,-1.064684e-07,-5.982884e-08,5.614072e-08,-4.139236e-08,-1.535647e-07,-1.925769e-07,-7.939837e-08,3.251815e-08,-1.109756e-07,-3.01942e-07,-3.072285e-07,-2.180191e-07,-1.113499e-07,-3.345864e-07,-4.540535e-07,-4.840183e-07,-3.572824e-07,-3.366526e-07,-4.1401e-07,-4.698163e-07,-3.945852e-07,-3.324329e-07,-2.325261e-07,-1.894608e-07,-2.404597e-07,1.767811e-07,-1.109378e-07,1.379401e-07,1.49311e-07,2.712766e-07,3.162729e-07,3.855808e-07
0,0,0,0,0,0,0,0,0,0,0,0,0,0,0,0,0,0,0,0,0,0,0,0,0,0,0,0,0,0,0,0,0,0,0,0,0,0,0,0,0,0,0,0,0,0,0,0,0,0,0,0,0,0,0,0,0,0,0,0,0,0,0,0,0,0,0,0,0,0,0,0,0,0,0,0,0,0,0,0,0,0,0,0,0,0,0,0,0,0,0,0,0,0,0,0,0,0,0,0,0,0,0,0,0,0,0,0,0,0,0,0,0,0,0,0,0,0,0,0
