NaN,NaN,NaN,NaN,NaN,NaN,NaN,NaN,NaN,NaN,NaN,NaN,NaN,NaN,NaN,NaN,NaN,0,0,0,0,0,0,0,0,0,0,0,0,0,0,0,0,0,0,0,0,0,0,0,0,0,0,0,0,0,0,0,0,0,0,0,0,0,0,0,0,0,0,0,0,0,0,0,0,0,0,0,0,0,0,0,0,0,0,0,0,0,0,0,0,0,0,0,0,0,0,0,0,0,0,0,NaN,NaN,NaN,NaN,NaN,NaN,NaN,NaN,NaN,NaN,NaN,NaN,NaN,NaN,NaN,NaN
NaN,NaN,NaN,NaN,NaN,NaN,NaN,NaN,NaN,NaN,NaN,NaN,NaN,NaN,NaN,NaN,NaN,-1.355837e-07,-3.849247e-07,-1.785712e-06,-6.265954e-06,-1.317476e-05,-1.991261e-05,-2.566227e-05,-3.035384e-05,-3.426988e-05,-3.739143e-05,-3.982325e-05,-4.141634e-05,-4.2173e-05,-4.190503e-05,-4.058968e-05,-3.805658e-05,-3.431025e-05,-2.924612e-05,-2.294412e-05,-1.539924e-05,-6.787152e-06,2.784311e-06,1.303303e-05,2.37562e-05,3.460783e-05,4.533528e-05,5.557533e-05,6.50869e-05,7.355597e-05,8.080586e-05,8.660544e-05,9.087212e-05,9.348078e-05,9.444552e-05,9.373442e-05,9.144552e-05,8.762501e-05,8.243119e-05,7.59577e-05,6.839913e-05,5.987735e-05,5.059792e-05,4.068698e-05,3.034943e-05,1.970856e-05,8.961002e-06,-1.778045e-06,-1.231834e-05,-2.255233e-05,-3.230679e-05,-4.150022e-05,-4.999216e-05,-5.774408e-05,-6.46608e-05,-7.07357e-05,-7.58666e-05,-8.000383e-05,-8.297047e-05,-8.462559e-05,-8.473431e-05,-8.322659e-05,-8.010485e-05,-7.569244e-05,-7.04193e-05,-6.492309e-05,-5.966602e-05,-5.493828e-05,-5.041057e-05,-4.52607e-05,-3.799576e-05,-2.753501e-05,-1.524948e-05,-6.640058e-06,-3.645892e-06,-3.020086e-06,NaN,NaN,NaN,NaN,NaN,NaN,NaN,NaN,NaN,NaN,NaN,NaN,NaN,NaN,NaN,NaN
NaN,NaN,NaN,NaN,NaN,NaN,NaN,NaN,NaN,NaN,NaN,NaN,NaN,NaN,NaN,NaN,NaN,-3.015691e-07,-1.284749e-06,-6.881661e-06,-2.498692e-05,-5.273395e-05,-7.970548e-05,-0.0001026121,-0.0001212738,-0.0001367778,-0.0001491147,-0.0001586424,-0.0001648341,-0.0001676343,-0.0001663609,-0.0001608555,-0.0001505177,-0.0001352999,-0.0001148704,-8.947392e-05,-5.917863e-05,-2.461587e-05,1.368477e-05,5.468541e-05,9.747753e-05,0.0001407724,0.0001834605,0.0002241954,0.0002619116,0.0002954709,0.0003240675,0.0003469006,0.0003635267,0.0003735775,0.0003769982,0.0003737988,0.0003642437,0.0003486557,0.0003275391,0.0003014192,0.0002709266,0.0002366973,0.0001994061,0.0001597165,0.0001182852,7.57669e-05,3.27786e-05,-1.004562e-05,-5.212627e-05,-9.285432e-05,-0.0001317263,-0.0001682266,-0.0002019982,-0.0002326836,-0.0002601113,-0.000284043,-0.0003043115,-0.0003204888,-0.0003320904,-0.0003383236,-0.0003385232,-0.0003321503,-0.0003194735,-0.0003014927,-0.0002802385,-0.0002579829,-0.0002368884,-0.0002177539,-0.0001996727,-0.0001789984,-0.0001501468,-0.0001082717,-5.925603e-05,-2.468565e-05,-1.314292e-05,-1.06506e-05,NaN,NaN,NaN,NaN,NaN,NaN,NaN,NaN,NaN,NaN,NaN,NaN,NaN,NaN,NaN,NaN
NaN,NaN,NaN,NaN,NaN,NaN,NaN,NaN,NaN,NaN,NaN,NaN,NaN,NaN,NaN,NaN,NaN,-6.030451e-07,-2.649489e-06,-1.574724e-05,-5.844452e-05,-0.0001226297,-0.00018391,-0.000235443,-0.000277206,-0.000311779,-0.0003391414,-0.0003600882,-0.0003734045,-0.0003789568,-0.0003751933,-0.0003617643,-0.0003373202,-0.0003017776,-0.0002544078,-0.0001957999,-0.0001261423,-4.691129e-05,4.066105e-05,0.000134188,0.0002315828,0.0003298939,0.0004265962,0.0005186342,0.0006036043,0.0006789303,0.0007428046,0.0007934399,0.0008298684,0.0008512783,0.000857581,0.0008488279,0.0008256572,0.0007888239,0.0007395018,0.0006789032,0.0006084847,0.0005296979,0.0004440933,0.0003531845,0.0002584762,0.0001614489,6.350856e-05,-3.390891e-05,-0.0001294777,-0.0002218315,-0.0003098274,-0.0003923059,-0.0004684526,-0.0005374754,-0.0005989885,-0.00065247,-0.0006975446,-0.000733271,-0.0007585537,-0.0007716114,-0.0007709385,-0.0007553424,-0.0007254371,-0.0006835159,-0.0006342026,-0.0005827345,-0.0005341083,-0.0004902498,-0.0004491876,-0.0004027399,-0.0003381006,-0.0002435923,-0.0001312358,-5.097375e-05,-2.488032e-05,-1.989285e-05,NaN,NaN,NaN,NaN,NaN,NaN,NaN,NaN,NaN,NaN,NaN,NaN,NaN,NaN,NaN,NaN
NaN,NaN,NaN,NaN,NaN,NaN,NaN,NaN,NaN,NaN,NaN,NaN,NaN,NaN,NaN,NaN,NaN,-8.250639e-07,-4.422155e-06,-3.111843e-05,-0.0001165915,-0.0002374071,-0.0003479547,-0.0004393101,-0.0005129587,-0.0005738099,-0.0006217505,-0.0006580399,-0.0006803909,-0.0006884465,-0.000679387,-0.0006525314,-0.0006054802,-0.0005380887,-0.0004491282,-0.0003397191,-0.000210323,-6.368825e-05,9.781517e-05,0.0002697709,0.0004482805,0.0006279382,0.0008040874,0.0009711587,0.001124759,0.001260248,0.001374375,0.001463946,0.001527255,0.001562913,0.001570837,0.001551204,0.001505247,0.00143442,0.001340931,0.001227044,0.001095471,0.0009489043,0.0007902136,0.0006221732,0.0004475577,0.000269075,8.931752e-05,-8.911593e-05,-0.0002638001,-0.0004322584,-0.0005923859,-0.0007421087,-0.0008799348,-0.001004465,-0.001114987,-0.001210615,-0.001290666,-0.001353486,-0.001397077,-0.001418275,-0.001414321,-0.001383109,-0.001325747,-0.001246559,-0.001154053,-0.001058031,-0.0009678095,-0.0008874009,-0.0008136361,-0.0007321457,-0.0006193783,-0.0004515618,-0.0002434679,-8.668829e-05,-3.592025e-05,-2.784224e-05,NaN,NaN,NaN,NaN,NaN,NaN,NaN,NaN,NaN,NaN,NaN,NaN,NaN,NaN,NaN,NaN
NaN,NaN,NaN,NaN,NaN,NaN,NaN,NaN,NaN,NaN,NaN,NaN,NaN,NaN,NaN,NaN,NaN,-1.033353e-06,-7.371963e-06,-6.268082e-05,-0.0002233913,-0.0004231896,-0.0005942315,-0.0007332592,-0.0008453057,-0.00093819,-0.001011119,-0.001065638,-0.001097727,-0.001106597,-0.001087604,-0.001039606,-0.0009587803,-0.0008449579,-0.0006962917,-0.0005147117,-0.0003011563,-6.023311e-05,0.0002040344,0.0004843943,0.0007743808,0.001065179,0.001349174,0.001617406,0.001862781,0.002077893,0.002257541,0.002396752,0.002492882,0.002543873,0.002549702,0.002510856,0.00242944,0.002307979,0.002150119,0.001959686,0.001741112,0.001498864,0.001237603,0.0009619233,0.0006762964,0.0003851623,9.266189e-05,-0.0001969367,-0.0004797592,-0.000751777,-0.001009672,-0.001250049,-0.001470584,-0.001668999,-0.001844259,-0.001994919,-0.002120014,-0.002216888,-0.002282439,-0.00231154,-0.002299883,-0.002244087,-0.002146123,-0.002013018,-0.001858856,-0.001699854,-0.001551857,-0.001422153,-0.001307021,-0.001184844,-0.001018846,-0.0007663043,-0.0004307353,-0.0001455157,-4.611458e-05,-3.323226e-05,NaN,NaN,NaN,NaN,NaN,NaN,NaN,NaN,NaN,NaN,NaN,NaN,NaN,NaN,NaN,NaN
NaN,NaN,NaN,NaN,NaN,NaN,NaN,NaN,NaN,NaN,NaN,NaN,NaN,NaN,NaN,NaN,NaN,-1.250507e-06,-1.433106e-05,-0.0001349793,-0.0004121544,-0.000698917,-0.0009301369,-0.001118076,-0.001270936,-0.001398627,-0.001498532,-0.001572007,-0.001612556,-0.001618699,-0.001583445,-0.001505087,-0.001378054,-0.001202246,-0.0009751359,-0.000699845,-0.0003780142,-1.673367e-05,0.000377808,0.0007946099,0.001223984,0.001652758,0.002069695,0.002461506,0.002817869,0.003127944,0.003384355,0.00357989,0.003710994,0.00377481,0.003771684,0.003702477,0.003570653,0.003380038,0.003136348,0.002845246,0.002513574,0.002147903,0.001755362,0.001342612,0.0009164728,0.0004833486,4.956404e-05,-0.0003788196,-0.0007959172,-0.00119602,-0.001574028,-0.001925241,-0.002246047,-0.002533423,-0.002785649,-0.003000995,-0.003177844,-0.003312701,-0.003400811,-0.003435102,-0.003408972,-0.003317913,-0.003164603,-0.002960098,-0.002725154,-0.002484753,-0.002262767,-0.002072087,-0.001908939,-0.001745353,-0.001530711,-0.001202531,-0.000736076,-0.0002637372,-5.957438e-05,-3.624372e-05,NaN,NaN,NaN,NaN,NaN,NaN,NaN,NaN,NaN,NaN,NaN,NaN,NaN,NaN,NaN,NaN
NaN,NaN,NaN,NaN,NaN,NaN,NaN,NaN,NaN,NaN,NaN,NaN,NaN,NaN,NaN,NaN,NaN,-1.580605e-06,-3.445395e-05,-0.0002900153,-0.0006946768,-0.001052096,-0.001335533,-0.001570529,-0.00176415,-0.001927008,-0.002053359,-0.002144154,-0.002189742,-0.002187925,-0.002128913,-0.002010521,-0.001825197,-0.001573154,-0.00125119,-0.0008640158,-0.0004142411,8.792122e-05,0.000633657,0.001207557,0.001796118,0.00238109,0.002947059,0.003475912,0.003953723,0.004365875,0.004702583,0.004954404,0.005116894,0.005186551,0.005164242,0.005051558,0.004853606,0.004575948,0.004226675,0.003813817,0.003346922,0.002835135,0.002288328,0.001715731,0.001126716,0.0005300482,-6.565893e-05,-0.0006521114,-0.001221293,-0.001765488,-0.002277823,-0.00275194,-0.003182998,-0.003566993,-0.003901719,-0.00418496,-0.00441469,-0.004586361,-0.004693619,-0.004726982,-0.00467762,-0.00453964,-0.004316873,-0.004024728,-0.003691989,-0.003353789,-0.003044009,-0.002782088,-0.002565322,-0.00235979,-0.002102891,-0.00171734,-0.001156233,-0.0004949435,-9.085491e-05,-3.782902e-05,NaN,NaN,NaN,NaN,NaN,NaN,NaN,NaN,NaN,NaN,NaN,NaN,NaN,NaN,NaN,NaN
NaN,NaN,NaN,NaN,NaN,NaN,NaN,NaN,NaN,NaN,NaN,NaN,NaN,NaN,NaN,NaN,3.199973e-06,-2.751125e-06,-9.737814e-05,-0.0005513764,-0.001042978,-0.00145386,-0.001785139,-0.002066388,-0.002299981,-0.002496798,-0.002647131,-0.002751619,-0.002796991,-0.002780479,-0.002689227,-0.00252078,-0.002265496,-0.001924219,-0.001493158,-0.000979133,-0.0003859651,0.0002724418,0.0009842908,0.001729018,0.002489008,0.003240351,0.003963293,0.004634353,0.005236009,0.005749614,0.006163302,0.006465172,0.006650341,0.006714644,0.006660102,0.006489009,0.00620879,0.005826749,0.005354097,0.004801119,0.004180833,0.003504852,0.002786517,0.002037327,0.001269932,0.0004951395,-0.0002753804,-0.001031625,-0.001762753,-0.002459546,-0.003112537,-0.003714433,-0.004258387,-0.00474024,-0.005156478,-0.005505412,-0.005783694,-0.005986731,-0.006105565,-0.006129435,-0.006045961,-0.00584907,-0.005542589,-0.005148339,-0.004702439,-0.004252809,-0.003842574,-0.003500952,-0.003224537,-0.00297567,-0.002677028,-0.002243358,-0.001618585,-0.0008460515,-0.0001775202,-3.950194e-05,-3.4359e-05,NaN,NaN,NaN,NaN,NaN,NaN,NaN,NaN,NaN,NaN,NaN,NaN,NaN,NaN,NaN
NaN,NaN,NaN,NaN,NaN,NaN,NaN,NaN,NaN,NaN,NaN,NaN,NaN,NaN,NaN,NaN,3.322737e-06,-7.436166e-06,-0.0002601548,-0.0008829083,-0.001425713,-0.0018849,-0.002262799,-0.002588919,-0.002860659,-0.003088239,-0.003258553,-0.003371079,-0.003409692,-0.003370226,-0.003237628,-0.003008423,-0.002671917,-0.002228967,-0.001676376,-0.001022515,-0.0002737479,0.0005527086,0.001440717,0.002365139,0.003302895,0.004224991,0.005106149,0.005918466,0.00663989,0.007248756,0.007730233,0.008071324,0.008266038,0.008310853,0.008208243,0.007962625,0.007583086,0.007080017,0.006467008,0.005757985,0.004968632,0.004114243,0.003210784,0.002273289,0.001316762,0.0003551367,-0.0005978948,-0.001529446,-0.00242681,-0.003278271,-0.004072891,-0.004801346,-0.005455876,-0.006031184,-0.006523635,-0.006931073,-0.00725006,-0.007475062,-0.007595561,-0.007598439,-0.007468938,-0.007199945,-0.006796504,-0.006286032,-0.005713555,-0.005139861,-0.004619362,-0.004190558,-0.003850252,-0.003556022,-0.003215489,-0.002735298,-0.002055112,-0.001230264,-0.0003770454,-4.527402e-05,-3.487442e-05,NaN,NaN,NaN,NaN,NaN,NaN,NaN,NaN,NaN,NaN,NaN,NaN,NaN,NaN,NaN
NaN,NaN,NaN,NaN,NaN,NaN,NaN,NaN,NaN,NaN,NaN,NaN,NaN,NaN,NaN,NaN,3.568735e-06,-2.700075e-05,-0.0005400878,-0.00124349,-0.001830211,-0.002333666,-0.002757362,-0.003123951,-0.003431208,-0.003683569,-0.003868965,-0.003981591,-0.004006257,-0.003933969,-0.003750888,-0.003449632,-0.003021564,-0.002465103,-0.001780598,-0.0009759625,-6.287758e-05,0.0009400282,0.002009694,0.003117999,0.004234187,0.005325988,0.006360742,0.007307847,0.008139149,0.008831945,0.009367299,0.009732891,0.009920528,0.009929214,0.009760958,0.009423953,0.008928012,0.008288175,0.007519526,0.006640926,0.005669846,0.004626534,0.003528654,0.002395748,0.001244254,9.223543e-05,-0.001045436,-0.002152267,-0.003214654,-0.004217557,-0.005149339,-0.005998067,-0.006755918,-0.007415879,-0.007974978,-0.008430145,-0.008778586,-0.009013284,-0.009123032,-0.009091976,-0.008903617,-0.00854922,-0.008035879,-0.007396474,-0.006686143,-0.005978176,-0.005339542,-0.004818138,-0.004411914,-0.00407178,-0.003690321,-0.003164241,-0.002430795,-0.001566414,-0.0006629215,-6.864782e-05,-3.42159e-05,NaN,NaN,NaN,NaN,NaN,NaN,NaN,NaN,NaN,NaN,NaN,NaN,NaN,NaN,NaN
NaN,NaN,NaN,NaN,NaN,NaN,NaN,NaN,NaN,NaN,NaN,NaN,NaN,NaN,NaN,NaN,4.248902e-06,-0.0001063314,-0.0008744606,-0.001615445,-0.00224772,-0.002787851,-0.003256431,-0.003656136,-0.003995647,-0.004264459,-0.004459379,-0.00456243,-0.00456567,-0.004449808,-0.004207504,-0.003822985,-0.003294353,-0.002613884,-0.001789672,-0.0008259178,0.0002565341,0.001440378,0.002692209,0.003983796,0.005273627,0.00652881,0.007706675,0.008776913,0.009703089,0.01046428,0.01103528,0.01140757,0.01156888,0.01152349,0.01127097,0.01082606,0.01019733,0.009407024,0.008469578,0.007411378,0.006249409,0.005011224,0.003713838,0.002383787,0.001036467,-0.0003036369,-0.001623151,-0.002899434,-0.004120602,-0.005265906,-0.006325959,-0.0072835,-0.008133644,-0.008864891,-0.009478183,-0.009966474,-0.01033116,-0.0105606,-0.01064654,-0.01056671,-0.01030719,-0.00985379,-0.009220315,-0.008440258,-0.007584225,-0.006733158,-0.005973404,-0.005355205,-0.004884939,-0.004497686,-0.004080053,-0.003506263,-0.002725094,-0.001817382,-0.0009198064,-0.0001515734,-3.393251e-05,NaN,NaN,NaN,NaN,NaN,NaN,NaN,NaN,NaN,NaN,NaN,NaN,NaN,NaN,NaN
NaN,NaN,NaN,NaN,NaN,NaN,NaN,NaN,NaN,NaN,NaN,NaN,NaN,NaN,NaN,NaN,1.42777e-06,-0.0003171212,-0.001228603,-0.001991707,-0.002669146,-0.003237603,-0.003747773,-0.00417236,-0.00453878,-0.004815049,-0.005012368,-0.005096026,-0.00506945,-0.004899809,-0.004589489,-0.00411208,-0.003474913,-0.002662603,-0.001692959,-0.0005656568,0.0006878656,0.002052255,0.00348286,0.004951439,0.006405524,0.007811913,0.00911832,0.01029471,0.01129716,0.01210665,0.01269314,0.01305145,0.01316661,0.01304779,0.01269367,0.01212468,0.01134962,0.0103969,0.009281866,0.008036906,0.006680175,0.005244932,0.00374919,0.002224437,0.0006867663,-0.0008349194,-0.002326804,-0.003762525,-0.005130108,-0.006405368,-0.007578995,-0.008631054,-0.009557447,-0.01034482,-0.01099569,-0.01150185,-0.01186638,-0.01207576,-0.01212241,-0.01198081,-0.01163696,-0.01107408,-0.01031008,-0.009382362,-0.008374383,-0.007377281,-0.006493886,-0.005780037,-0.005247627,-0.004816707,-0.004364992,-0.003744727,-0.002916726,-0.001964035,-0.001083336,-0.0003209624,-3.549321e-05,NaN,NaN,NaN,NaN,NaN,NaN,NaN,NaN,NaN,NaN,NaN,NaN,NaN,NaN,NaN
NaN,NaN,NaN,NaN,NaN,NaN,NaN,NaN,NaN,NaN,NaN,NaN,NaN,NaN,NaN,NaN,-6.582436e-06,-0.0006100056,-0.00158678,-0.002366203,-0.003081136,-0.003672896,-0.004216621,-0.004659726,-0.005044338,-0.005320548,-0.005510852,-0.005566871,-0.005500888,-0.005269356,-0.004882187,-0.004305006,-0.003552432,-0.002604109,-0.001485697,-0.0001948416,0.001228292,0.002767663,0.004369464,0.006003445,0.007608433,0.009148815,0.01056525,0.01182651,0.01288409,0.01371913,0.01429935,0.01462163,0.01467115,0.0144601,0.01398881,0.0132815,0.01234982,0.01122604,0.009928833,0.0084943,0.00694404,0.005314388,0.003626634,0.001914727,0.0001977128,-0.001493957,-0.003143865,-0.004724574,-0.006221517,-0.007610171,-0.008879008,-0.01000828,-0.01099208,-0.0118183,-0.01248834,-0.0129959,-0.013343,-0.01351774,-0.01351001,-0.01329453,-0.01285427,-0.01217403,-0.01127217,-0.01019361,-0.009030278,-0.007888346,-0.006882635,-0.006078421,-0.005486745,-0.005017745,-0.004532796,-0.003868867,-0.002989819,-0.001992661,-0.001126314,-0.0004584627,-4.194152e-05,NaN,NaN,NaN,NaN,NaN,NaN,NaN,NaN,NaN,NaN,NaN,NaN,NaN,NaN,NaN
NaN,NaN,NaN,NaN,NaN,NaN,NaN,NaN,NaN,NaN,NaN,NaN,NaN,NaN,NaN,1.350893e-05,-4.139184e-05,-0.0009293047,-0.001935953,-0.002736161,-0.0034725,-0.004086954,-0.004650936,-0.005108958,-0.005499384,-0.005770343,-0.005941903,-0.005964522,-0.005848423,-0.005549762,-0.005076948,-0.004396707,-0.003523092,-0.002438815,-0.001170404,0.000279064,0.001867218,0.003570836,0.00533323,0.007115782,0.008855046,0.0105076,0.01201358,0.01333508,0.0144254,0.01526098,0.015814,0.01607794,0.01604437,0.01572325,0.01512286,0.01426549,0.0131716,0.01187153,0.01039322,0.008770171,0.007033481,0.005216286,0.003349167,0.001461651,-0.0004180518,-0.002264681,-0.004052612,-0.005760773,-0.007365521,-0.008849253,-0.01019096,-0.01137911,-0.01239853,-0.01324658,-0.01391541,-0.01440943,-0.01472078,-0.01484842,-0.01477075,-0.01447312,-0.01392533,-0.01312457,-0.01207849,-0.0108519,-0.009532397,-0.00825374,-0.007127239,-0.006243592,-0.005594573,-0.005097757,-0.00457522,-0.003873289,-0.002930418,-0.001893081,-0.001022395,-0.0004800694,-6.660481e-05,-2.912782e-05,NaN,NaN,NaN,NaN,NaN,NaN,NaN,NaN,NaN,NaN,NaN,NaN,NaN,NaN
NaN,NaN,NaN,NaN,NaN,NaN,NaN,NaN,NaN,NaN,NaN,NaN,NaN,NaN,NaN,1.552219e-05,-0.0001824786,-0.001265794,-0.002264933,-0.003093197,-0.003832101,-0.004470107,-0.005039032,-0.00550966,-0.005892417,-0.006154453,-0.006295213,-0.006280495,-0.006104322,-0.005735824,-0.005170274,-0.004386633,-0.003388946,-0.0021724,-0.0007563077,0.0008430353,0.00258792,0.004441136,0.006349342,0.008260407,0.01011412,0.0118548,0.01342717,0.01478337,0.01588319,0.01669532,0.01720038,0.01738609,0.01725377,0.01680878,0.01607009,0.01505603,0.01379793,0.01232206,0.01066734,0.00886321,0.006951186,0.004959371,0.002928578,0.0008828782,-0.001139851,-0.0031209,-0.005025399,-0.006839137,-0.008529071,-0.01008544,-0.01147822,-0.01270416,-0.0137391,-0.01458984,-0.01523991,-0.01570402,-0.01596523,-0.01603298,-0.01587494,-0.01548653,-0.01482586,-0.01390212,-0.01271334,-0.01134248,-0.009873223,-0.008465935,-0.007228773,-0.006275081,-0.005576035,-0.005056088,-0.00449607,-0.003753338,-0.002737081,-0.001651098,-0.0007623028,-0.0003554093,-0.0001319468,-2.934269e-05,NaN,NaN,NaN,NaN,NaN,NaN,NaN,NaN,NaN,NaN,NaN,NaN,NaN,NaN
NaN,NaN,NaN,NaN,NaN,NaN,NaN,NaN,NaN,NaN,NaN,NaN,NaN,NaN,NaN,1.073886e-05,-0.0004342487,-0.001607361,-0.00257393,-0.003429002,-0.004156386,-0.004814852,-0.00537641,-0.005855135,-0.006218752,-0.006467173,-0.006567677,-0.006512152,-0.006268492,-0.005828382,-0.005166348,-0.004281209,-0.003160175,-0.001817524,-0.0002599301,0.00147751,0.003366765,0.005352174,0.007388121,0.009405503,0.01135149,0.01315526,0.01476979,0.01613549,0.01722233,0.01798927,0.01842749,0.01851805,0.01827483,0.01769689,0.01681498,0.0156422,0.01422234,0.01257682,0.01075559,0.008782449,0.006710143,0.004561509,0.002387016,0.0002044944,-0.001939055,-0.004031075,-0.006028181,-0.007923041,-0.009674915,-0.01128066,-0.01270263,-0.01394483,-0.01497632,-0.01581156,-0.01642758,-0.01684698,-0.01704657,-0.01704351,-0.01679845,-0.01631345,-0.01553932,-0.014493,-0.01316792,-0.01165976,-0.01005351,-0.008528193,-0.007194248,-0.00617951,-0.005440851,-0.004898645,-0.004301809,-0.003507836,-0.002410519,-0.001253913,-0.0003374396,-4.963349e-05,-0.0001286811,-3.264422e-05,NaN,NaN,NaN,NaN,NaN,NaN,NaN,NaN,NaN,NaN,NaN,NaN,NaN,NaN
NaN,NaN,NaN,NaN,NaN,NaN,NaN,NaN,NaN,NaN,NaN,NaN,NaN,NaN,NaN,2.216576e-06,-0.0006960238,-0.001933117,-0.002860024,-0.003731674,-0.004440868,-0.00511203,-0.00565793,-0.006137837,-0.00647522,-0.006704647,-0.006758516,-0.006658172,-0.006344159,-0.005832258,-0.005073927,-0.004090313,-0.002851089,-0.001390821,0.0002975716,0.002159463,0.00417656,0.006275531,0.008418314,0.01051921,0.01253246,0.01437522,0.01600822,0.01736156,0.01841258,0.01911519,0.0194713,0.0194567,0.01909275,0.01837747,0.0173509,0.01602514,0.01444999,0.01264628,0.01067048,0.008547334,0.006332841,0.004050152,0.001752629,-0.0005407283,-0.002782185,-0.004957873,-0.007024988,-0.008973997,-0.01076633,-0.01239599,-0.01382876,-0.01506484,-0.01607842,-0.01687926,-0.01745132,-0.0178114,-0.0179445,-0.0178598,-0.01752772,-0.01694056,-0.01606033,-0.01489238,-0.01344593,-0.01180724,-0.01008508,-0.008450883,-0.007042156,-0.005970111,-0.005207395,-0.004635013,-0.004007271,-0.003138392,-0.001957402,-0.0006918273,0.0002537475,0.0004686486,4.085703e-05,-3.281572e-05,NaN,NaN,NaN,NaN,NaN,NaN,NaN,NaN,NaN,NaN,NaN,NaN,NaN,NaN
NaN,NaN,NaN,NaN,NaN,NaN,NaN,NaN,NaN,NaN,NaN,NaN,NaN,NaN,NaN,-1.615572e-05,-0.0009793947,-0.002228412,-0.003128661,-0.003994177,-0.004687966,-0.005357062,-0.005887216,-0.006356574,-0.006665774,-0.006867284,-0.006874963,-0.006725312,-0.006342387,-0.005756999,-0.004908342,-0.003830471,-0.002483112,-0.0009140096,0.0008900742,0.002862047,0.004987514,0.007180486,0.009405756,0.01156867,0.01362565,0.01548545,0.01711185,0.01843263,0.0194308,0.02005754,0.02031723,0.02018913,0.01970099,0.01885194,0.01768432,0.01621373,0.01449371,0.01254916,0.01043655,0.008184277,0.005848446,0.003456918,0.00106028,-0.00131725,-0.003631961,-0.005864348,-0.007977809,-0.009955839,-0.01176695,-0.01339759,-0.01482327,-0.01603471,-0.01701714,-0.0177696,-0.01828937,-0.01858052,-0.0186435,-0.01847266,-0.01805571,-0.01736683,-0.01638866,-0.0151067,-0.01355563,-0.01180059,-0.009983414,-0.00825473,-0.006790768,-0.005669389,-0.00489209,-0.004281752,-0.00361999,-0.002655242,-0.001378833,3.360222e-05,0.001026184,0.001213741,0.0004119308,-3.194078e-05,NaN,NaN,NaN,NaN,NaN,NaN,NaN,NaN,NaN,NaN,NaN,NaN,NaN,NaN
NaN,NaN,NaN,NaN,NaN,NaN,NaN,NaN,NaN,NaN,NaN,NaN,NaN,NaN,NaN,-0.0001069137,-0.00129302,-0.002482519,-0.003375279,-0.004209508,-0.004895883,-0.005545884,-0.006063802,-0.006509797,-0.006794065,-0.006958927,-0.006923923,-0.006719774,-0.006274814,-0.005616223,-0.004686859,-0.003519246,-0.002077764,-0.0004101407,0.0014912,0.003558053,0.005769375,0.008038071,0.01032193,0.01252618,0.01460149,0.01645929,0.01805913,0.01933326,0.02026139,0.02080234,0.0209588,0.02071805,0.02010494,0.01912829,0.01782728,0.01622726,0.01437708,0.01231185,0.01008171,0.007724968,0.005290476,0.002817191,0.0003461261,-0.002088015,-0.004452543,-0.00671549,-0.008852315,-0.01083443,-0.01264559,-0.01425753,-0.01566091,-0.01683149,-0.01777278,-0.01846679,-0.01892986,-0.01914658,-0.01913935,-0.01888159,-0.01838495,-0.01759938,-0.01653518,-0.0151515,-0.01351462,-0.01166138,-0.009772236,-0.007967635,-0.006466029,-0.005302489,-0.004514816,-0.003858915,-0.003153521,-0.002071609,-0.0006782877,0.0009133781,0.001990874,0.002186021,0.001031709,5.84019e-06,NaN,NaN,NaN,NaN,NaN,NaN,NaN,NaN,NaN,NaN,NaN,NaN,NaN,NaN
NaN,NaN,NaN,NaN,NaN,NaN,NaN,NaN,NaN,NaN,NaN,NaN,NaN,NaN,3.020765e-05,-0.0003394039,-0.001610837,-0.002706801,-0.003594433,-0.004384518,-0.005065714,-0.005685923,-0.006191744,-0.006606335,-0.006867775,-0.006991512,-0.006916995,-0.006657111,-0.006157261,-0.005429376,-0.004429368,-0.003180259,-0.001659138,9.379123e-05,0.002074562,0.004218834,0.006494275,0.008819143,0.01114079,0.01336593,0.01543811,0.01727609,0.01883494,0.02005087,0.02089819,0.02134607,0.02139954,0.02105007,0.02031778,0.01922149,0.01780117,0.0160892,0.01412942,0.01196269,0.009638033,0.007201624,0.004695953,0.002164764,-0.0003546614,-0.002821528,-0.005208962,-0.007480505,-0.009617748,-0.01158633,-0.01337646,-0.01495546,-0.01632116,-0.01744351,-0.01833297,-0.01896561,-0.01936601,-0.01951242,-0.01943413,-0.01909658,-0.01852227,-0.01765493,-0.01651395,-0.01505037,-0.0133418,-0.0114192,-0.009475185,-0.00762186,-0.006089175,-0.00489888,-0.004090386,-0.003389102,-0.002612609,-0.001406102,0.0001435133,0.001927945,0.003161105,0.003376815,0.001960611,0.0002371612,-2.730158e-05,NaN,NaN,NaN,NaN,NaN,NaN,NaN,NaN,NaN,NaN,NaN,NaN,NaN
NaN,NaN,NaN,NaN,NaN,NaN,NaN,NaN,NaN,NaN,NaN,NaN,NaN,NaN,2.341902e-05,-0.0005543976,-0.001901464,-0.002902859,-0.003779672,-0.004520244,-0.005193444,-0.005779554,-0.006274383,-0.006653652,-0.006892307,-0.006972986,-0.00686527,-0.006553317,-0.006004791,-0.005212657,-0.004154486,-0.002835043,-0.001249328,0.0005746243,0.002615423,0.004820617,0.00714195,0.009502416,0.01183783,0.01406796,0.01612407,0.01792911,0.01942904,0.02057606,0.02134302,0.02170384,0.02165076,0.02119387,0.02035488,0.01915811,0.01763447,0.01582603,0.01377601,0.01153389,0.009140705,0.006647686,0.004094689,0.001531217,-0.001011671,-0.003488105,-0.0058757,-0.008134728,-0.01025276,-0.01219198,-0.01394537,-0.01547882,-0.01679572,-0.01786397,-0.01869667,-0.01926838,-0.0196053,-0.01968463,-0.01953801,-0.01913259,-0.01848868,-0.01755305,-0.01634604,-0.01482642,-0.01306722,-0.01110421,-0.009121818,-0.007244283,-0.00569012,-0.004484167,-0.00364027,-0.002886768,-0.002012187,-0.0006742352,0.001070144,0.003058423,0.004514233,0.004780927,0.003217839,0.0006858594,-2.927111e-05,NaN,NaN,NaN,NaN,NaN,NaN,NaN,NaN,NaN,NaN,NaN,NaN,NaN
NaN,NaN,NaN,NaN,NaN,NaN,NaN,NaN,NaN,NaN,NaN,NaN,NaN,NaN,1.152876e-05,-0.0007572243,-0.002162276,-0.003074916,-0.003935029,-0.004623998,-0.005289409,-0.005836789,-0.006320861,-0.006661912,-0.006883075,-0.006920909,-0.006784837,-0.006422389,-0.005836898,-0.004988508,-0.003884632,-0.00250461,-0.0008710175,0.001010092,0.003092884,0.005341613,0.007686855,0.01006923,0.01240434,0.01462328,0.0166438,0.01840601,0.01984516,0.02092312,0.02160204,0.02187263,0.02172582,0.02117789,0.02024274,0.01895647,0.01734851,0.01546711,0.01335089,0.01105414,0.008616337,0.006090122,0.003514783,0.0009412318,-0.001599528,-0.004065846,-0.006433659,-0.008665645,-0.01074372,-0.01263929,-0.01434272,-0.01582707,-0.01708472,-0.01809723,-0.01886725,-0.01938423,-0.01965752,-0.01968197,-0.01946884,-0.01900851,-0.0182995,-0.01731837,-0.01605734,-0.01450938,-0.01271189,-0.01074233,-0.008739212,-0.006869049,-0.005288313,-0.004077254,-0.003175643,-0.002371829,-0.001362644,0.0001048192,0.002084463,0.004273912,0.006037316,0.006380684,0.004800551,0.001385974,-1.669807e-05,NaN,NaN,NaN,NaN,NaN,NaN,NaN,NaN,NaN,NaN,NaN,NaN,NaN
NaN,NaN,NaN,NaN,NaN,NaN,NaN,NaN,NaN,NaN,NaN,NaN,NaN,NaN,-4.330287e-06,-0.001006542,-0.002377518,-0.003226441,-0.004052304,-0.004700357,-0.005351974,-0.005864987,-0.006334692,-0.006641377,-0.006846499,-0.006846838,-0.006686834,-0.006281022,-0.005667228,-0.004772615,-0.003634932,-0.002207045,-0.0005407199,0.001382886,0.003491024,0.005767926,0.008119555,0.01050917,0.01282925,0.01502616,0.01700011,0.01871327,0.02008669,0.02109657,0.02168916,0.02187625,0.02164437,0.02101977,0.02000209,0.01864381,0.01696988,0.01503914,0.01287844,0.01054855,0.008085996,0.005552846,0.002978643,0.0004156089,-0.002106653,-0.004543142,-0.006872012,-0.009059709,-0.01108828,-0.01293091,-0.01457345,-0.01599943,-0.01719578,-0.01815302,-0.01886214,-0.01932655,-0.01954175,-0.01951982,-0.01925017,-0.01874558,-0.01798365,-0.01697207,-0.01567401,-0.01411957,-0.01230887,-0.01035953,-0.008355591,-0.006508561,-0.00491038,-0.003694536,-0.002719019,-0.001848162,-0.0006855296,0.0009150603,0.003138318,0.005539215,0.007655616,0.008154014,0.006656168,0.002481957,8.493233e-06,NaN,NaN,NaN,NaN,NaN,NaN,NaN,NaN,NaN,NaN,NaN,NaN,NaN
NaN,NaN,NaN,NaN,NaN,NaN,NaN,NaN,NaN,NaN,NaN,NaN,NaN,NaN,-8.100592e-05,-0.001319698,-0.002549239,-0.003369291,-0.004140563,-0.004763178,-0.005386231,-0.005878101,-0.006328541,-0.006610633,-0.006793696,-0.006765923,-0.00658616,-0.006150979,-0.005511184,-0.004582287,-0.003420515,-0.001960868,-0.000272522,0.001676886,0.003796301,0.006087551,0.008437254,0.01081629,0.01310514,0.01527285,0.01720224,0.01886257,0.02016108,0.0210997,0.02162097,0.02174265,0.0214282,0.02073121,0.019651,0.0182466,0.01652595,0.01456027,0.01237321,0.01003659,0.007573635,0.005051476,0.00249529,-3.62611e-05,-0.002522144,-0.004912667,-0.007190292,-0.00931948,-0.01128804,-0.01306903,-0.01464745,-0.01600858,-0.01714242,-0.01804334,-0.01869845,-0.01911486,-0.01928073,-0.01921588,-0.01890296,-0.01836577,-0.01756732,-0.01653451,-0.0152198,-0.0136767,-0.01188223,-0.009971204,-0.007992564,-0.006177744,-0.004574162,-0.003339493,-0.002284337,-0.001321378,-6.157046e-06,0.0017416,0.004187139,0.006806785,0.009252531,0.01004884,0.008712588,0.004111322,0.0002299467,NaN,NaN,NaN,NaN,NaN,NaN,NaN,NaN,NaN,NaN,NaN,NaN,NaN
NaN,NaN,NaN,NaN,NaN,NaN,NaN,NaN,NaN,NaN,NaN,NaN,NaN,5.317047e-05,-0.0003195134,-0.001624869,-0.002693963,-0.003488391,-0.004203827,-0.004808976,-0.005402291,-0.005878184,-0.006306795,-0.006571675,-0.006736702,-0.006690104,-0.006492013,-0.006035558,-0.005379578,-0.004430154,-0.003252985,-0.001773681,-7.50472e-05,0.001886975,0.004006055,0.006296148,0.008629193,0.01099225,0.01324657,0.01537565,0.01724821,0.01885526,0.02008837,0.02096545,0.02141177,0.02146997,0.02109163,0.02034628,0.01921422,0.01777666,0.01602537,0.01405023,0.01185572,0.009533106,0.007085066,0.004594967,0.002070636,-0.0004091508,-0.002844893,-0.005172218,-0.007393658,-0.009452563,-0.01135474,-0.01305933,-0.01457614,-0.01586936,-0.0169462,-0.01778533,-0.01839538,-0.01876465,-0.01889763,-0.01879386,-0.0184542,-0.01788554,-0.01707201,-0.01602541,-0.01472215,-0.01319844,-0.01145052,-0.009587209,-0.007669356,-0.005887565,-0.004294351,-0.003014103,-0.001885534,-0.0008008602,0.0006442258,0.002551781,0.005161069,0.008010752,0.01074771,0.01195777,0.01085437,0.006208321,0.001085967,-4.331901e-05,NaN,NaN,NaN,NaN,NaN,NaN,NaN,NaN,NaN,NaN,NaN,NaN
NaN,NaN,NaN,NaN,NaN,NaN,NaN,NaN,NaN,NaN,NaN,NaN,NaN,4.498099e-05,-0.000517847,-0.001877266,-0.002835365,-0.003585803,-0.004258271,-0.004843025,-0.00541731,-0.005874156,-0.006286392,-0.006534541,-0.006690579,-0.006628618,-0.006420041,-0.005947333,-0.00528655,-0.004324127,-0.003142765,-0.001653347,4.227542e-05,0.002007668,0.004115834,0.006395073,0.008698096,0.01103908,0.01325544,0.01534198,0.01715169,0.01870533,0.01987892,0.02070244,0.02107784,0.02107802,0.0206514,0.01987538,0.01870498,0.01724625,0.01548248,0.0135192,0.01133756,0.009041533,0.006623721,0.004185655,0.001712973,-0.0007045965,-0.003079448,-0.005332895,-0.007483413,-0.009464976,-0.01129696,-0.01292441,-0.01437149,-0.01559628,-0.01661763,-0.01740236,-0.01796943,-0.01829822,-0.01840462,-0.01827643,-0.01791878,-0.01732936,-0.01651076,-0.01546784,-0.01418977,-0.01270339,-0.01101923,-0.009226711,-0.007384407,-0.005644824,-0.004062486,-0.002734882,-0.001521388,-0.0003088322,0.001259306,0.003290129,0.006002991,0.009037649,0.01204718,0.01371244,0.01298448,0.00856383,0.002055917,-3.898803e-05,NaN,NaN,NaN,NaN,NaN,NaN,NaN,NaN,NaN,NaN,NaN,NaN
NaN,NaN,NaN,NaN,NaN,NaN,NaN,NaN,NaN,NaN,NaN,NaN,NaN,3.614723e-05,-0.0006569177,-0.002084414,-0.002953146,-0.003669,-0.004301179,-0.004871371,-0.005422038,-0.005871408,-0.006269159,-0.006510005,-0.006652421,-0.006585121,-0.006371944,-0.005898133,-0.005231803,-0.004268006,-0.003088856,-0.001604051,8.389475e-05,0.002037316,0.004126703,0.006387015,0.008663215,0.01096509,0.01313187,0.01517446,0.01693622,0.01843502,0.0195411,0.02030593,0.02063472,0.02059801,0.02012415,0.01931445,0.01812777,0.0166715,0.01491379,0.01296938,0.01081606,0.00856602,0.006199304,0.003824381,0.00141735,-0.0009253605,-0.003227796,-0.005399445,-0.007469733,-0.009365273,-0.01112248,-0.01267348,-0.01405128,-0.01520309,-0.01617048,-0.0169041,-0.01743913,-0.01773316,-0.01782193,-0.01767045,-0.01731159,-0.01671455,-0.01590808,-0.01487092,-0.01363603,-0.012198,-0.01060648,-0.008890952,-0.007143198,-0.005443099,-0.00389095,-0.002499523,-0.001210559,0.0001447272,0.001791775,0.003926213,0.006644349,0.009793949,0.01292685,0.01514866,0.01492742,0.01108605,0.0031292,-1.560058e-05,NaN,NaN,NaN,NaN,NaN,NaN,NaN,NaN,NaN,NaN,NaN,NaN
NaN,NaN,NaN,NaN,NaN,NaN,NaN,NaN,NaN,NaN,NaN,NaN,NaN,1.978983e-05,-0.0008302856,-0.002271099,-0.003050867,-0.00375432,-0.004336003,-0.004912925,-0.005425108,-0.005887049,-0.006255817,-0.006510964,-0.00662916,-0.006578554,-0.006348248,-0.005894042,-0.005215792,-0.004274935,-0.003090592,-0.001632319,5.405005e-05,0.001974027,0.004050623,0.006268313,0.008522192,0.01077195,0.01290218,0.01488258,0.01660147,0.01803547,0.01909617,0.01979909,0.02009195,0.02000982,0.01951562,0.01867967,0.01749843,0.01604613,0.01431863,0.0124005,0.01030085,0.008106464,0.005815498,0.003506278,0.001182223,-0.001077829,-0.003285598,-0.00537304,-0.007356036,-0.009168306,-0.01083646,-0.01230715,-0.01361571,-0.0147044,-0.01561637,-0.01630128,-0.01680709,-0.01707616,-0.01715769,-0.01699328,-0.01664388,-0.01604641,-0.01526718,-0.014247,-0.01307543,-0.01169187,-0.01020816,-0.008573139,-0.006946969,-0.005289118,-0.00377631,-0.00230217,-0.0009609334,0.0005365447,0.002202799,0.004412874,0.007017075,0.01020475,0.01329626,0.0160719,0.01642338,0.01356748,0.004714165,3.072875e-05,NaN,NaN,NaN,NaN,NaN,NaN,NaN,NaN,NaN,NaN,NaN,NaN
NaN,NaN,NaN,NaN,NaN,NaN,NaN,NaN,NaN,NaN,NaN,NaN,NaN,-9.824258e-06,-0.001098873,-0.002427015,-0.003137594,-0.003829931,-0.004360257,-0.004959174,-0.005431668,-0.005917231,-0.006246054,-0.006531554,-0.00662199,-0.006606335,-0.006348202,-0.005930361,-0.005237026,-0.004339882,-0.00314332,-0.001732011,-4.310842e-05,0.001824282,0.003896229,0.006049146,0.008281414,0.01046573,0.01257593,0.01447659,0.01615471,0.01751111,0.01854999,0.01918923,0.01945447,0.01931288,0.01882782,0.01797635,0.01682034,0.01536724,0.01369524,0.01181643,0.009799397,0.007660319,0.005465132,0.003232874,0.001018299,-0.001159312,-0.003256968,-0.005257993,-0.007134196,-0.008866502,-0.01043957,-0.01183586,-0.01306172,-0.01409598,-0.01495213,-0.01560143,-0.0160737,-0.01632913,-0.01640791,-0.01625252,-0.01591614,-0.01533301,-0.01458939,-0.01360888,-0.01250618,-0.01119309,-0.009821622,-0.008287301,-0.006783851,-0.005180147,-0.003708309,-0.00217017,-0.0007796429,0.0008316613,0.002480296,0.004670327,0.007059733,0.0101592,0.01314074,0.01625978,0.01727352,0.01561979,0.007219586,0.0002162222,NaN,NaN,NaN,NaN,NaN,NaN,NaN,NaN,NaN,NaN,NaN,NaN
NaN,NaN,NaN,NaN,NaN,NaN,NaN,NaN,NaN,NaN,NaN,NaN,NaN,-0.0001554862,-0.001440669,-0.0025579,-0.003235242,-0.003897604,-0.00440503,-0.005005492,-0.005456748,-0.005955544,-0.006265076,-0.006570125,-0.006642839,-0.006654399,-0.006387363,-0.006005752,-0.005305616,-0.004448836,-0.003253628,-0.001892278,-0.0002118459,0.001597859,0.003654146,0.005743614,0.007952256,0.01005808,0.01213405,0.01395744,0.01560532,0.01688224,0.01788825,0.0184583,0.01871626,0.01853283,0.01805918,0.01718805,0.01607822,0.0146426,0.01304861,0.01121569,0.009301843,0.00722911,0.005155512,0.003009421,0.0009285274,-0.001163411,-0.003132197,-0.005048082,-0.006795064,-0.00845029,-0.009913331,-0.01125253,-0.01238042,-0.01337174,-0.01415689,-0.014795,-0.0152245,-0.01549411,-0.01555525,-0.01543915,-0.01510812,-0.01458459,-0.01386339,-0.01296302,-0.0119093,-0.01071417,-0.009431834,-0.008046191,-0.006627331,-0.00513008,-0.003664053,-0.00213541,-0.0006564142,0.0009715156,0.002628143,0.004634012,0.006795987,0.009534442,0.01236719,0.01552566,0.01741262,0.01691109,0.01037334,0.001443426,NaN,NaN,NaN,NaN,NaN,NaN,NaN,NaN,NaN,NaN,NaN,NaN
NaN,NaN,NaN,NaN,NaN,NaN,NaN,NaN,NaN,NaN,NaN,NaN,7.434528e-05,-0.0004104761,-0.001723045,-0.002681287,-0.003318796,-0.003959405,-0.004457531,-0.005052739,-0.005490994,-0.005997415,-0.006301503,-0.006619622,-0.006686007,-0.006718564,-0.006456458,-0.006105981,-0.005412549,-0.004593899,-0.003415922,-0.002101608,-0.0004435382,0.001309269,0.003331645,0.005357175,0.007530422,0.009560293,0.01158448,0.01333172,0.01493959,0.01614396,0.01710732,0.0176152,0.01786444,0.0176565,0.01719348,0.0163182,0.01526362,0.01387244,0.01236593,0.01059899,0.008799389,0.006825882,0.004890195,0.002847731,0.0009070607,-0.001072615,-0.002898667,-0.00471318,-0.006332853,-0.007898958,-0.009244905,-0.0105158,-0.01155567,-0.0125032,-0.01322065,-0.01384478,-0.01424296,-0.0145346,-0.0145907,-0.01452056,-0.01421277,-0.01376757,-0.01308727,-0.01228206,-0.01129456,-0.01023346,-0.009048992,-0.007819209,-0.006493359,-0.005124141,-0.003674698,-0.002177643,-0.0006344659,0.0009516733,0.002569116,0.004315733,0.006181886,0.00838263,0.0108744,0.01387528,0.01653983,0.01729372,0.01301381,0.003571103,-0.0001171272,NaN,NaN,NaN,NaN,NaN,NaN,NaN,NaN,NaN,NaN,NaN
NaN,NaN,NaN,NaN,NaN,NaN,NaN,NaN,NaN,NaN,NaN,NaN,6.413628e-05,-0.0005643336,-0.001935513,-0.002809523,-0.003403002,-0.004028036,-0.004513177,-0.005112863,-0.00554271,-0.006054098,-0.006348723,-0.006681626,-0.006750681,-0.006806465,-0.006547296,-0.006226141,-0.005551008,-0.004775454,-0.003620425,-0.002356414,-0.000732058,0.0009604833,0.002940686,0.004891558,0.007008508,0.008964538,0.01093675,0.01259878,0.01414233,0.01527219,0.01620082,0.01665965,0.01688545,0.01664869,0.01621185,0.01536389,0.01437033,0.01303659,0.01163026,0.009962948,0.008297314,0.006447838,0.004663056,0.002755188,0.0009710594,-0.0008713845,-0.002543077,-0.004231829,-0.005716992,-0.007179163,-0.008408451,-0.009594188,-0.01054598,-0.01144602,-0.01210755,-0.01271367,-0.01308756,-0.01339986,-0.0134718,-0.01346181,-0.01319706,-0.01283479,-0.01222437,-0.01153639,-0.01064465,-0.009724299,-0.008653343,-0.007587011,-0.006380346,-0.005149572,-0.003740404,-0.002298722,-0.0007388336,0.000763743,0.002282025,0.003703218,0.005185374,0.006770561,0.008794681,0.01136694,0.01447606,0.01645634,0.01455956,0.004630391,-8.831957e-05,NaN,NaN,NaN,NaN,NaN,NaN,NaN,NaN,NaN,NaN,NaN
NaN,NaN,NaN,NaN,NaN,NaN,NaN,NaN,NaN,NaN,NaN,NaN,5.261601e-05,-0.0006769288,-0.00209376,-0.002916912,-0.003485772,-0.004088617,-0.004573494,-0.005164515,-0.005601083,-0.006105412,-0.006407386,-0.006740159,-0.006825186,-0.006890091,-0.006654521,-0.006353054,-0.00571255,-0.004967449,-0.003857051,-0.002636722,-0.00107059,0.0005660166,0.002478512,0.004363283,0.006398797,0.008276952,0.01016459,0.01175018,0.01321091,0.01427314,0.0151381,0.01555827,0.0157524,0.01551453,0.01509363,0.01429693,0.01336455,0.01212461,0.01082675,0.009300971,0.007779232,0.006089528,0.004465158,0.002741014,0.001130546,-0.0005397699,-0.00205424,-0.00358145,-0.004918782,-0.006244814,-0.007363394,-0.008448303,-0.009311275,-0.01014241,-0.0107584,-0.01134093,-0.01170473,-0.0120333,-0.01213759,-0.01219161,-0.0119954,-0.01173388,-0.0112253,-0.01067267,-0.009903688,-0.009145106,-0.008218695,-0.007334806,-0.006260411,-0.005182991,-0.003855475,-0.002520311,-0.0009835323,0.0003920967,0.001772202,0.002792917,0.003839413,0.004723451,0.00621061,0.008110042,0.01138658,0.01426551,0.01492203,0.005443538,-1.860105e-05,NaN,NaN,NaN,NaN,NaN,NaN,NaN,NaN,NaN,NaN,NaN
NaN,NaN,NaN,NaN,NaN,NaN,NaN,NaN,NaN,NaN,NaN,NaN,2.906854e-05,-0.0008476421,-0.002276917,-0.002980434,-0.003600269,-0.004121853,-0.004677355,-0.005188381,-0.00568749,-0.006126269,-0.006498798,-0.00677242,-0.006923629,-0.006941873,-0.006788687,-0.006459177,-0.005902435,-0.005141569,-0.004132419,-0.002917216,-0.001462733,0.0001515235,0.001936688,0.003784036,0.005686081,0.007508746,0.009248313,0.01078095,0.01211399,0.013135,0.01388463,0.01428965,0.0144252,0.01423178,0.01379805,0.01308521,0.01220607,0.01111604,0.00992589,0.008585177,0.007210124,0.005740339,0.004294568,0.002798322,0.001371049,-7.448425e-05,-0.00140975,-0.002735217,-0.003916118,-0.005071976,-0.006060489,-0.007018638,-0.007792368,-0.008541021,-0.009101668,-0.009652761,-0.01000865,-0.01036201,-0.01049827,-0.01062747,-0.01051046,-0.01038576,-0.009991242,-0.009613904,-0.008984542,-0.008440447,-0.007667458,-0.007014337,-0.006076564,-0.005221623,-0.003982225,-0.002836468,-0.001336676,-0.000195066,0.001058834,0.001601355,0.002261387,0.002312963,0.003231573,0.004270371,0.007522913,0.01080546,0.01399291,0.006818076,9.75216e-05,NaN,NaN,NaN,NaN,NaN,NaN,NaN,NaN,NaN,NaN,NaN
NaN,NaN,NaN,NaN,NaN,NaN,NaN,NaN,NaN,NaN,NaN,NaN,-1.936108e-05,-0.00114505,-0.002432019,-0.00303257,-0.003702823,-0.00413766,-0.004767331,-0.005194482,-0.005769133,-0.006123648,-0.00657264,-0.006772073,-0.007010596,-0.006966809,-0.006906386,-0.006527191,-0.006081297,-0.005293996,-0.004410856,-0.003186852,-0.001876104,-0.0002761166,0.001343726,0.003151586,0.00487263,0.006647212,0.008200936,0.00967613,0.01082857,0.0118127,0.01242036,0.01282928,0.01287179,0.01273596,0.01227702,0.01169108,0.01085867,0.009958854,0.008874858,0.007772698,0.006554308,0.005367374,0.004110554,0.002903155,0.001670265,0.0005191426,-0.0006233603,-0.00167959,-0.002700969,-0.003623324,-0.004481915,-0.005248399,-0.005944063,-0.006556974,-0.007085268,-0.007551844,-0.007929821,-0.008259214,-0.008474312,-0.00864029,-0.008662172,-0.008635309,-0.008433592,-0.008207291,-0.007817061,-0.007459941,-0.006944587,-0.006488425,-0.005812747,-0.005151166,-0.004139083,-0.003141126,-0.001847339,-0.0008880491,6.757606e-05,0.0002707284,0.0003870013,-0.0001803347,-0.0001020882,0.0002764046,0.002847367,0.006547729,0.0113092,0.009100238,0.0006582596,NaN,NaN,NaN,NaN,NaN,NaN,NaN,NaN,NaN,NaN,NaN
NaN,NaN,NaN,NaN,NaN,NaN,NaN,NaN,NaN,NaN,NaN,NaN,-0.0002513057,-0.001497202,-0.002551111,-0.003112667,-0.003768553,-0.004177767,-0.004810951,-0.005212694,-0.005803303,-0.006124686,-0.006591115,-0.006763335,-0.007036661,-0.006975039,-0.00695944,-0.006575033,-0.006200376,-0.005429355,-0.004637524,-0.003452425,-0.002265205,-0.0007332735,0.0007372271,0.00245334,0.003995291,0.005657001,0.007026311,0.008389488,0.009360919,0.01025514,0.01072624,0.01110162,0.01106207,0.01095479,0.01049762,0.01003219,0.009274078,0.008560556,0.007623099,0.00678343,0.005769019,0.004881351,0.003855894,0.002984374,0.002003736,0.001185417,0.0002774006,-0.0004585668,-0.00126753,-0.001903669,-0.002603046,-0.003131115,-0.003715798,-0.004142178,-0.00462851,-0.004968993,-0.005367463,-0.005629028,-0.00594057,-0.006111234,-0.006305092,-0.006344369,-0.006395855,-0.006305661,-0.006235452,-0.006050597,-0.005897889,-0.005633388,-0.005344261,-0.004854684,-0.00422302,-0.003367082,-0.00245632,-0.001615042,-0.001118393,-0.001129188,-0.001705349,-0.00264993,-0.003546256,-0.003652931,-0.002214447,0.001711982,0.007177491,0.01032923,0.00341776,NaN,NaN,NaN,NaN,NaN,NaN,NaN,NaN,NaN,NaN,NaN
NaN,NaN,NaN,NaN,NaN,NaN,NaN,NaN,NaN,NaN,NaN,8.592662e-05,-0.0004449458,-0.001729399,-0.002645623,-0.003167353,-0.003788813,-0.004198913,-0.004811842,-0.005201062,-0.005768591,-0.006083825,-0.006541399,-0.006708076,-0.006975393,-0.006917893,-0.006922837,-0.006564447,-0.006226056,-0.005499837,-0.004781472,-0.003678388,-0.002599773,-0.001183519,0.0001384112,0.001702497,0.003064552,0.004546975,0.005715006,0.006900211,0.00769038,0.008436534,0.008763068,0.009047524,0.008942439,0.008836491,0.008397929,0.008017451,0.007369197,0.006836949,0.006093226,0.0055102,0.004751747,0.004177795,0.003454522,0.002937475,0.002279331,0.001824365,0.001233376,0.0008523514,0.0003370722,2.380028e-05,-0.0004320293,-0.0006877366,-0.0010863,-0.001297153,-0.001668738,-0.00186204,-0.002222018,-0.00240795,-0.002763135,-0.002935218,-0.003263873,-0.003395159,-0.003679187,-0.003760202,-0.00400591,-0.00406218,-0.004297346,-0.004310972,-0.004435648,-0.004225097,-0.004034124,-0.003447388,-0.002965496,-0.00235083,-0.002313296,-0.002594295,-0.003765039,-0.005092095,-0.006777165,-0.007466381,-0.007056884,-0.003541152,0.002160805,0.008506477,0.004233194,-0.0002067053,NaN,NaN,NaN,NaN,NaN,NaN,NaN,NaN,NaN,NaN
NaN,NaN,NaN,NaN,NaN,NaN,NaN,NaN,NaN,NaN,NaN,7.040017e-05,-0.0005586891,-0.001896478,-0.002708537,-0.003205942,-0.003771025,-0.00418863,-0.004753502,-0.005146152,-0.005666511,-0.005983057,-0.006398338,-0.006571664,-0.006810229,-0.006772217,-0.006765856,-0.006445329,-0.006124705,-0.005471373,-0.00481138,-0.003821775,-0.002847103,-0.001592693,-0.000429133,0.0009201582,0.00208092,0.003322236,0.004268698,0.005204085,0.005784845,0.006319091,0.006490394,0.006633167,0.006456312,0.006305517,0.005890472,0.005566822,0.005050373,0.00468498,0.004163625,0.003827271,0.003368659,0.003127295,0.002769006,0.002619088,0.002348183,0.0022974,0.002114812,0.002131816,0.001993787,0.002051332,0.001944398,0.002018546,0.001896755,0.001944379,0.001784115,0.001782173,0.001547056,0.00146446,0.001143132,0.0009851365,0.0005855269,0.0003623606,-0.0001019543,-0.0003827114,-0.0009244531,-0.001280011,-0.001896139,-0.002274427,-0.002850828,-0.003057238,-0.003344591,-0.003162607,-0.003162048,-0.00293251,-0.00334941,-0.003966385,-0.005601941,-0.007340771,-0.009640874,-0.01091686,-0.0113429,-0.008659931,-0.003380702,0.004449092,0.003219316,-0.0001611039,NaN,NaN,NaN,NaN,NaN,NaN,NaN,NaN,NaN,NaN
NaN,NaN,NaN,NaN,NaN,NaN,NaN,NaN,NaN,NaN,NaN,4.998754e-05,-0.0006706738,-0.00200494,-0.002687983,-0.003207409,-0.003673287,-0.004122328,-0.00458975,-0.005014624,-0.005445909,-0.005785991,-0.006112489,-0.006315277,-0.006484828,-0.006488552,-0.006428519,-0.006170371,-0.00583937,-0.005291304,-0.004664924,-0.003828655,-0.002954506,-0.001922793,-0.0009270997,0.0001451621,0.001081395,0.001997983,0.00269049,0.003302431,0.003643596,0.003892796,0.003882373,0.003823896,0.003554028,0.003302816,0.002905329,0.002605924,0.002217771,0.001983952,0.001696399,0.001604336,0.001476704,0.00156058,0.00159819,0.001846896,0.002034066,0.002420629,0.002711505,0.003180543,0.003521004,0.00402161,0.004357153,0.004827736,0.005097576,0.005488358,0.005644972,0.005903136,0.00589645,0.005986053,0.005794469,0.005703407,0.005316544,0.005039158,0.004458668,0.003993851,0.00320144,0.002531456,0.001536882,0.0007318714,-0.0003233865,-0.001037414,-0.001875121,-0.002242494,-0.002799605,-0.003077381,-0.00397836,-0.005009929,-0.007046812,-0.009189899,-0.01194868,-0.01375966,-0.01486313,-0.01317501,-0.008769458,-0.0006607391,0.001725408,-8.270408e-05,NaN,NaN,NaN,NaN,NaN,NaN,NaN,NaN,NaN,NaN
NaN,NaN,NaN,NaN,NaN,NaN,NaN,NaN,NaN,NaN,NaN,2.372126e-05,-0.0008923812,-0.002067132,-0.002621319,-0.003136272,-0.003497361,-0.003967073,-0.004331466,-0.004765623,-0.005087573,-0.005441536,-0.005670054,-0.005888755,-0.005965131,-0.005998066,-0.005877479,-0.005683391,-0.005325662,-0.004882266,-0.004296254,-0.003640557,-0.002884782,-0.002107185,-0.00131216,-0.0005758317,8.344124e-05,0.0006163763,0.001003645,0.001224666,0.00127102,0.001172664,0.0009325656,0.0006130032,0.0002078383,-0.000195443,-0.0006094759,-0.0009361879,-0.001221023,-0.001361558,-0.001424732,-0.001304128,-0.001098158,-0.0007040655,-0.000239478,0.0004106505,0.001100922,0.001945176,0.002786529,0.003752242,0.004668975,0.005668472,0.006563886,0.007508058,0.008308674,0.009119308,0.009734415,0.01033341,0.01070716,0.01104569,0.01112735,0.0111616,0.01092896,0.01065164,0.01008266,0.009455451,0.0085201,0.00753151,0.006239199,0.004950436,0.003449701,0.00211876,0.000726674,-0.0003596684,-0.001501511,-0.002469165,-0.003844108,-0.005450708,-0.007799274,-0.01039761,-0.01335873,-0.01578522,-0.01739429,-0.0168153,-0.01334197,-0.006050533,6.772195e-05,-1.506716e-05,NaN,NaN,NaN,NaN,NaN,NaN,NaN,NaN,NaN,NaN
NaN,NaN,NaN,NaN,NaN,NaN,NaN,NaN,NaN,NaN,NaN,-7.489718e-05,-0.001100571,-0.00203157,-0.00248463,-0.002934811,-0.003225364,-0.003647533,-0.003935722,-0.0043237,-0.004566132,-0.004872392,-0.005019543,-0.005198382,-0.005207096,-0.005221121,-0.005057197,-0.004877449,-0.004523835,-0.004160995,-0.003655005,-0.003161748,-0.002576059,-0.00206094,-0.00154231,-0.001166119,-0.000858762,-0.0007405462,-0.0007491683,-0.0009602705,-0.001290542,-0.001774281,-0.002327011,-0.00295222,-0.003567253,-0.004161247,-0.004670618,-0.005073267,-0.005318676,-0.005399042,-0.005297447,-0.005004418,-0.004509654,-0.003811301,-0.002935676,-0.00189447,-0.0007059657,0.0006291946,0.002061015,0.003571474,0.005113193,0.006687473,0.00824295,0.009766803,0.01119562,0.01253946,0.01374842,0.01482514,0.01571121,0.01642417,0.01691922,0.01722027,0.01727615,0.01711228,0.01668301,0.0160119,0.01504451,0.01381763,0.01230713,0.01059048,0.008683519,0.006714444,0.004741822,0.002884691,0.001092435,-0.0006776523,-0.002616425,-0.004860342,-0.007535166,-0.01059349,-0.01377385,-0.01668139,-0.01865802,-0.01907794,-0.01682285,-0.01093443,-0.002803251,-1.433102e-05,NaN,NaN,NaN,NaN,NaN,NaN,NaN,NaN,NaN,NaN
NaN,NaN,NaN,NaN,NaN,NaN,NaN,NaN,NaN,NaN,7.436067e-05,-0.0001870376,-0.001198003,-0.001920132,-0.002261718,-0.00260006,-0.002828538,-0.003152193,-0.003370075,-0.003661614,-0.003828643,-0.004037877,-0.004106324,-0.004198936,-0.004143343,-0.004094815,-0.003892245,-0.00369422,-0.003364358,-0.003059598,-0.002658419,-0.002322112,-0.001956112,-0.001721372,-0.001535229,-0.001539462,-0.001655708,-0.001998502,-0.002472953,-0.003153207,-0.003933695,-0.004853816,-0.005795168,-0.006774109,-0.007679506,-0.008527847,-0.009213793,-0.009746926,-0.01004208,-0.01013284,-0.00995143,-0.009531216,-0.008817499,-0.007868598,-0.00665393,-0.00523094,-0.003569478,-0.001743898,0.0002533446,0.002344879,0.004543839,0.006771101,0.009024745,0.01122068,0.01336807,0.01539234,0.01729442,0.01899905,0.02051754,0.02178883,0.02282908,0.02357789,0.02405106,0.02419588,0.02403429,0.02350678,0.02262643,0.02134708,0.01971306,0.01771932,0.0154577,0.01297657,0.01041615,0.00783076,0.005298228,0.002742024,0.0001110222,-0.002762482,-0.00591393,-0.009370751,-0.01287598,-0.01609374,-0.01853605,-0.01969898,-0.01877781,-0.0144917,-0.006848753,-0.001295063,-0.0002118828,NaN,NaN,NaN,NaN,NaN,NaN,NaN,NaN,NaN
NaN,NaN,NaN,NaN,NaN,NaN,NaN,NaN,NaN,NaN,6.570197e-05,-0.0002602695,-0.001163961,-0.001712906,-0.001883687,-0.002124616,-0.00222146,-0.002464532,-0.002546938,-0.002753742,-0.002776125,-0.002900717,-0.002828984,-0.002845396,-0.002662264,-0.002563054,-0.002277832,-0.002084045,-0.001732586,-0.001511947,-0.001200314,-0.001069759,-0.0009148105,-0.001006327,-0.00116205,-0.001621315,-0.002181293,-0.003038535,-0.003998475,-0.005223992,-0.006490397,-0.007916824,-0.00928016,-0.01069332,-0.01194703,-0.01314221,-0.01406826,-0.01482882,-0.01525229,-0.015457,-0.01528209,-0.01483856,-0.01399137,-0.01287951,-0.01139904,-0.00967432,-0.007605682,-0.00533549,-0.002803048,-0.0001466464,0.002695695,0.005592098,0.008575849,0.01151439,0.01443909,0.01723649,0.01992529,0.02239966,0.02467525,0.02667141,0.02839452,0.02977561,0.03082056,0.0314885,0.03175906,0.03158811,0.0309494,0.02984386,0.0282517,0.02620605,0.02370882,0.02089653,0.0178287,0.01466892,0.01139008,0.008114948,0.004699231,0.001220553,-0.002540295,-0.006342201,-0.01025845,-0.01374617,-0.01677926,-0.01851256,-0.01891647,-0.01635191,-0.01076061,-0.003689375,-0.0002640824,NaN,NaN,NaN,NaN,NaN,NaN,NaN,NaN,NaN
NaN,NaN,NaN,NaN,NaN,NaN,NaN,NaN,NaN,NaN,9.800691e-05,-0.0003636519,-0.001039393,-0.001436443,-0.001373953,-0.00151215,-0.001418545,-0.001570258,-0.001457595,-0.001569958,-0.001391883,-0.00141949,-0.001146591,-0.00108046,-0.0007203306,-0.0005745308,-0.0001529546,2.746635e-05,0.0004306282,0.0005327171,0.0007878462,0.0006775172,0.0006388156,0.0001578192,-0.0003267323,-0.001290673,-0.002271814,-0.003721148,-0.005160243,-0.006998184,-0.008728506,-0.01074684,-0.01254191,-0.01449838,-0.01610185,-0.01775469,-0.0189574,-0.0201012,-0.02069065,-0.02116087,-0.02104151,-0.0207571,-0.01983459,-0.01873237,-0.01702624,-0.01518041,-0.01274169,-0.01018681,-0.007125134,-0.004047653,-0.0005407188,0.002913482,0.006694877,0.0102955,0.01410051,0.01763289,0.02126868,0.02451064,0.02773886,0.03048464,0.03313248,0.03521413,0.03711119,0.03836732,0.03936945,0.03965844,0.03960892,0.03878215,0.03757453,0.03557827,0.03323028,0.03019124,0.02696,0.02324658,0.01953209,0.01548283,0.0115222,0.007261289,0.00308624,-0.001349148,-0.005510464,-0.009548422,-0.01280934,-0.0154844,-0.0167837,-0.01645362,-0.01292795,-0.007709548,-0.0008608248,NaN,NaN,NaN,NaN,NaN,NaN,NaN,NaN,NaN
NaN,NaN,NaN,NaN,NaN,NaN,NaN,NaN,NaN,7.362421e-05,0.0002636274,-0.0003594466,-0.0009754224,-0.001000923,-0.0008408637,-0.0006882221,-0.0005079906,-0.0003897132,-0.0001690228,-2.570904e-05,0.0002819807,0.0004999485,0.0009086556,0.001187494,0.001669503,0.001976332,0.002471383,0.002724486,0.003124592,0.003183569,0.003319095,0.00301666,0.002729112,0.001908555,0.001049107,-0.0003904928,-0.001839121,-0.003838189,-0.005780593,-0.008215712,-0.01046056,-0.01306492,-0.01532094,-0.0178283,-0.01986583,-0.0220427,-0.02358154,-0.02515322,-0.02602261,-0.02688198,-0.02693752,-0.02690543,-0.02602437,-0.02509035,-0.023318,-0.02147313,-0.01877021,-0.01608089,-0.01262635,-0.009259156,-0.005164351,-0.001253109,0.003255855,0.007428025,0.01210562,0.01634457,0.02095642,0.02495733,0.02922039,0.03277069,0.03648499,0.03934021,0.04225537,0.04423648,0.04621837,0.047111,0.04789629,0.04753235,0.0470477,0.04532342,0.04344131,0.04036742,0.03736496,0.03332205,0.02948709,0.02476038,0.02051322,0.01548618,0.0110446,0.005864298,0.001581435,-0.003190337,-0.006647119,-0.01040132,-0.01230067,-0.01428289,-0.01278152,-0.01142844,-0.005065567,4.431273e-05,NaN,NaN,NaN,NaN,NaN,NaN,NaN,NaN
NaN,NaN,NaN,NaN,NaN,NaN,NaN,NaN,NaN,8.967614e-05,7.692577e-05,-0.0004930884,-0.001019883,-0.0006230769,-0.000352116,0.0001677328,0.0004544921,0.0009278612,0.001272543,0.001760364,0.002213493,0.00276683,0.003311059,0.003887687,0.004486482,0.005039547,0.005577873,0.005967338,0.006331005,0.006425857,0.00639032,0.005958376,0.005369599,0.004294544,0.003009124,0.001186354,-0.0007700237,-0.003222635,-0.005743253,-0.00866387,-0.01146463,-0.01454958,-0.01739161,-0.02038725,-0.02294136,-0.02552815,-0.02759106,-0.02959382,-0.03091186,-0.03209147,-0.03253395,-0.03279268,-0.03222394,-0.03144185,-0.02984148,-0.02804733,-0.02539682,-0.02260104,-0.01903392,-0.01539649,-0.01101601,-0.006663044,-0.001710344,0.003060724,0.00836702,0.01337206,0.01872501,0.02359603,0.02873078,0.03325882,0.03788949,0.04173702,0.04561969,0.04862513,0.05150337,0.05333484,0.05500471,0.0555433,0.05578895,0.05475226,0.05346042,0.05097146,0.04828153,0.0443826,0.04053275,0.0357512,0.03124081,0.02586783,0.02098599,0.01547864,0.01078987,0.005625815,0.001593608,-0.002802561,-0.00581623,-0.009334061,-0.01048314,-0.01177535,-0.007159831,-0.0002025449,NaN,NaN,NaN,NaN,NaN,NaN,NaN,NaN
NaN,NaN,NaN,NaN,NaN,NaN,NaN,NaN,5.037539e-05,0.0002056568,-0.0003933561,-0.001029213,-0.001269037,-0.0005914491,-3.92688e-05,0.0007977166,0.001358585,0.002141432,0.002746779,0.003581866,0.004296352,0.005190738,0.005962275,0.006859686,0.007626256,0.008446754,0.009074308,0.009645999,0.009960836,0.0101239,0.009923873,0.009438758,0.008520178,0.007264079,0.005548179,0.003469927,0.0009647065,-0.001822893,-0.004920129,-0.008177622,-0.01160156,-0.0150423,-0.01851245,-0.02184907,-0.0250382,-0.02794751,-0.03063924,-0.03296878,-0.03491851,-0.03636225,-0.03737972,-0.03788391,-0.0378922,-0.03726017,-0.03607759,-0.03433229,-0.03208829,-0.02922639,-0.02584896,-0.02194932,-0.01766359,-0.01293624,-0.0078728,-0.002466497,0.003104481,0.008847965,0.01462927,0.02045866,0.02617579,0.03177286,0.0370831,0.04211876,0.04675628,0.05100936,0.05468253,0.05779239,0.06022432,0.0620154,0.06299819,0.06318572,0.06248603,0.06103446,0.05875424,0.05572624,0.05196517,0.04770542,0.04295164,0.03789416,0.03253668,0.02717685,0.02181871,0.01671748,0.01176878,0.007188081,0.002685894,-0.001605933,-0.005713985,-0.008801527,-0.008622697,-0.001215626,0.0003162705,NaN,NaN,NaN,NaN,NaN,NaN,NaN
NaN,NaN,NaN,NaN,NaN,NaN,NaN,NaN,7.853374e-05,-0.000156979,-0.001522854,-0.002321658,-0.002097454,-0.001294296,-0.0002602197,0.0007932085,0.001831428,0.002873218,0.003937719,0.005074512,0.006212943,0.007415877,0.008568013,0.009759765,0.01081778,0.01186869,0.012694,0.01342877,0.01379623,0.01399098,0.01371682,0.01317392,0.01204079,0.01060517,0.008567924,0.006250928,0.00334199,0.0002564555,-0.003281455,-0.006853702,-0.01076628,-0.01454309,-0.01849738,-0.0221658,-0.02589277,-0.02917648,-0.03238668,-0.0350621,-0.03758123,-0.03941572,-0.04098523,-0.04182521,-0.04237769,-0.04209568,-0.04142039,-0.03990856,-0.03808989,-0.03541216,-0.03236652,-0.02849429,-0.02439598,-0.0195671,-0.01454648,-0.008846525,-0.00313869,0.00306367,0.009161012,0.01565305,0.02185338,0.02826546,0.03422577,0.04026313,0.04566368,0.05098631,0.05554053,0.05987265,0.0632299,0.06623077,0.06816129,0.06965006,0.06989589,0.06959928,0.06809073,0.06616663,0.06301918,0.05953175,0.05501881,0.05049682,0.04516566,0.04007631,0.03441029,0.02935179,0.02383596,0.01898105,0.01338308,0.008280069,0.001912925,-0.003085163,-0.007891535,-0.004961683,0.0002104311,NaN,NaN,NaN,NaN,NaN,NaN,NaN
NaN,NaN,NaN,NaN,NaN,NaN,8.942922e-05,5.17177e-05,-0.0002265361,-0.002316464,-0.003928625,-0.004704726,-0.004089861,-0.003079201,-0.001601461,-0.0002337422,0.00129003,0.002716057,0.004273141,0.005811198,0.007419481,0.009009126,0.0105875,0.01212486,0.01354589,0.0148658,0.01594917,0.0168445,0.01736732,0.01761227,0.01736816,0.01675525,0.01555405,0.01395449,0.01176684,0.009214758,0.006111638,0.002743056,-0.001029772,-0.004915118,-0.009071917,-0.01318861,-0.01741516,-0.02145434,-0.02547563,-0.02917123,-0.03271381,-0.03583131,-0.03870926,-0.04104131,-0.04301263,-0.04436295,-0.04531036,-0.04556657,-0.04531876,-0.04432344,-0.04285033,-0.04064154,-0.03791718,-0.0344516,-0.03054187,-0.02598229,-0.0210395,-0.01550363,-0.009703683,-0.00346733,0.002903486,0.009591731,0.01625142,0.02304899,0.02966286,0.03627472,0.04251972,0.04856054,0.05408944,0.05929852,0.06381162,0.06780023,0.07094257,0.07347699,0.07505923,0.07588487,0.07564749,0.07469453,0.07275093,0.07012799,0.06659395,0.06259164,0.05795246,0.05312616,0.04789988,0.04271748,0.03727664,0.03189893,0.02598483,0.0197555,0.01240875,0.00494122,-0.002614618,-0.005272098,0.000132143,0.0004182472,0.0002308782,NaN,NaN,NaN,NaN,NaN
6.196481e-05,4.606622e-05,5.548459e-05,3.720043e-05,3.503003e-05,1.942308e-05,-5.112784e-05,-0.00104807,-0.003937468,-0.006811032,-0.00816728,-0.008694758,-0.007812115,-0.006505588,-0.004669564,-0.002869054,-0.0008859105,0.001040657,0.00309704,0.005134331,0.007232613,0.009291727,0.01133066,0.01327912,0.01509821,0.01674169,0.01813863,0.01925578,0.01999239,0.0203435,0.02021371,0.01961316,0.01844873,0.016778,0.01455941,0.01188801,0.008731254,0.005211485,0.001347669,-0.002716004,-0.006975796,-0.01129201,-0.01565135,-0.01992342,-0.02411622,-0.02809997,-0.03186729,-0.03531151,-0.03846251,-0.04120072,-0.04352362,-0.04532356,-0.04664658,-0.04740683,-0.047615,-0.04715927,-0.04611153,-0.04442339,-0.0421431,-0.03919381,-0.03565783,-0.03151458,-0.02686632,-0.02167805,-0.01605376,-0.00999682,-0.003638457,0.003019655,0.009838715,0.01680259,0.02377591,0.03074707,0.03755444,0.04416094,0.05044051,0.05639197,0.06185262,0.06677884,0.07103292,0.07463466,0.07746422,0.07949559,0.08060129,0.08085857,0.08022413,0.07875915,0.07643125,0.07339142,0.06970875,0.06556427,0.0609993,0.05615221,0.05100245,0.04554138,0.0395084,0.03268679,0.02466708,0.01562183,0.00597423,-0.0009001009,0.0005917201,0.002020884,0.0004108907,0.0002307225,0.0001295,7.6738e-05,7.13978e-05,5.251269e-05
-9.453172e-05,-0.000161178,-0.0002235069,-0.0003212613,-0.0005309089,-0.001621022,-0.005114325,-0.008650934,-0.0113439,-0.01346082,-0.0144965,-0.01457524,-0.01355233,-0.01192493,-0.009824879,-0.007575993,-0.005168903,-0.002716006,-0.0001715846,0.002396383,0.004990364,0.007553569,0.01006431,0.01246341,0.01470113,0.01671996,0.01846236,0.01986933,0.02087058,0.02142126,0.02147401,0.02099955,0.01996175,0.01836588,0.01622874,0.01359676,0.01050405,0.007012858,0.003195344,-0.0008611277,-0.005091431,-0.009419802,-0.01377915,-0.01809932,-0.02233098,-0.02641376,-0.03028863,-0.03390087,-0.0372199,-0.04019758,-0.04277974,-0.04491186,-0.0465688,-0.04772571,-0.04834554,-0.04837498,-0.04779971,-0.04662335,-0.04484094,-0.04243425,-0.03940623,-0.03578086,-0.03159381,-0.02687076,-0.02164124,-0.01595312,-0.009867444,-0.003443951,0.003252804,0.0101526,0.0171857,0.02427846,0.03134684,0.03829744,0.0450569,0.0515541,0.05770472,0.06340686,0.06858014,0.07315847,0.07708542,0.08027566,0.08266231,0.08420948,0.08491903,0.08477018,0.08378153,0.08199038,0.07949942,0.07638516,0.0727505,0.06863549,0.06408036,0.05896947,0.05314103,0.04626488,0.03807298,0.0283021,0.01745879,0.007462723,0.00355089,0.005501159,0.005312968,0.001765916,0.0003848649,0.0001368509,4.125302e-05,-3.685474e-05
-0.004019384,-0.005613689,-0.007078141,-0.00865569,-0.01032501,-0.01253457,-0.01517952,-0.01828521,-0.02051956,-0.02184652,-0.02246878,-0.02219636,-0.02109129,-0.01928573,-0.01702517,-0.01445722,-0.01171661,-0.008835682,-0.005870664,-0.002838771,0.0002043385,0.00322977,0.006181229,0.009013453,0.01166125,0.01406763,0.0161705,0.01790715,0.01921801,0.02004628,0.02035772,0.02011355,0.01930355,0.01791758,0.01599179,0.01355254,0.01066344,0.007367515,0.003753721,-0.0001197018,-0.004161625,-0.008323335,-0.01251803,-0.0167072,-0.02081644,-0.02481692,-0.02863247,-0.03224063,-0.03557888,-0.03863082,-0.04132356,-0.04363725,-0.04551167,-0.04694438,-0.04787302,-0.04828477,-0.04812625,-0.04741409,-0.04610958,-0.04422786,-0.04173559,-0.03867156,-0.0350265,-0.03085178,-0.02614251,-0.02096255,-0.01532706,-0.009317719,-0.002959581,0.003657801,0.01050354,0.01747935,0.02454017,0.031576,0.03854553,0.04534421,0.05192204,0.05816029,0.06401013,0.06936882,0.07419769,0.0783882,0.08190249,0.08466024,0.08665834,0.08783881,0.08822274,0.08779974,0.0866476,0.08479785,0.08233382,0.07926497,0.07560735,0.0712511,0.06602205,0.05961759,0.05169734,0.04206743,0.03080166,0.01934997,0.01098671,0.008918912,0.009078117,0.006869324,0.003937191,0.001404635,-0.0005632886,-0.002418367
-0.007520442,-0.01072366,-0.01370648,-0.01672124,-0.01972462,-0.02274908,-0.02495889,-0.02737362,-0.02936164,-0.03036494,-0.0307743,-0.03045937,-0.02942312,-0.02771762,-0.02549371,-0.02289415,-0.02002154,-0.01695803,-0.01374626,-0.01044741,-0.007096801,-0.003760316,-0.0004748014,0.002683875,0.005670959,0.00840399,0.01083855,0.01289188,0.01452298,0.01566035,0.01628424,0.0163457,0.01584966,0.0147792,0.0131786,0.01106727,0.008514959,0.005560467,0.002293092,-0.001235063,-0.004935619,-0.00876363,-0.01263815,-0.01652262,-0.0203487,-0.02408996,-0.02768277,-0.03110415,-0.03429926,-0.0372491,-0.03989475,-0.04221401,-0.04415556,-0.04570656,-0.04681615,-0.04746545,-0.04761069,-0.04725083,-0.04635331,-0.04491817,-0.04292059,-0.04037813,-0.03728525,-0.03366932,-0.02953185,-0.02491294,-0.019832,-0.0143418,-0.008472437,-0.002285949,0.004178094,0.01084948,0.01767656,0.02457869,0.03150058,0.03836408,0.04510609,0.05163718,0.05789112,0.06378857,0.06926872,0.07424902,0.07866552,0.08245448,0.08557682,0.08798666,0.08966167,0.09059351,0.09080297,0.09031606,0.08915997,0.08734568,0.0848418,0.08155147,0.07728317,0.0717769,0.06471782,0.05581178,0.04510809,0.03332287,0.02253891,0.01576899,0.01278171,0.01084105,0.007511239,0.003316434,-0.0005358026,-0.004200965
-0.00762512,-0.01217337,-0.01646866,-0.02062424,-0.0246135,-0.02833458,-0.03131083,-0.03374194,-0.03565671,-0.03690727,-0.03753885,-0.03756818,-0.0369281,-0.03565966,-0.03382355,-0.03154661,-0.02890589,-0.02600065,-0.02287242,-0.01960313,-0.01622704,-0.01282621,-0.009436208,-0.006144293,-0.0029919,-7.045754e-05,0.00257861,0.004866315,0.006757331,0.008174806,0.009103062,0.009489016,0.00934384,0.008645904,0.007441843,0.005743382,0.003624058,0.001116099,-0.00169146,-0.004757321,-0.007991396,-0.01135788,-0.01477532,-0.01821875,-0.02161821,-0.02495744,-0.02817241,-0.03125389,-0.03414444,-0.03683604,-0.03926848,-0.04143292,-0.04327347,-0.04478587,-0.04591392,-0.04665154,-0.04694715,-0.04680452,-0.04617969,-0.04508042,-0.04346956,-0.04136694,-0.03874908,-0.0356466,-0.03204483,-0.02798395,-0.02346206,-0.01853261,-0.01320457,-0.007539649,-0.001555181,0.004677095,0.01112783,0.01771692,0.0244112,0.03112612,0.03782012,0.04440157,0.05082657,0.05700562,0.06289423,0.06840057,0.07348208,0.07805716,0.08209419,0.08552488,0.08833452,0.09048139,0.09197952,0.09281208,0.09299874,0.09250715,0.09130551,0.08927659,0.08625583,0.08198107,0.0761471,0.06853089,0.05899945,0.04805879,0.03678815,0.02718369,0.02069187,0.01630958,0.01211158,0.007201206,0.002126909,-0.00287451
-0.003325247,-0.00896205,-0.0143347,-0.01947331,-0.02429243,-0.02866081,-0.03220562,-0.03517363,-0.03763599,-0.03948322,-0.04078883,-0.0415385,-0.04167094,-0.04119846,-0.04014146,-0.03859474,-0.03660837,-0.03427895,-0.03164708,-0.02879948,-0.02577388,-0.02265659,-0.01948755,-0.01635664,-0.01330826,-0.01043441,-0.007779392,-0.005431994,-0.003430065,-0.001849169,-0.0007083056,-6.002426e-05,0.0001027159,-0.00024176,-0.001053091,-0.002321296,-0.003980815,-0.00600178,-0.008302893,-0.01084511,-0.01354753,-0.01637683,-0.01925996,-0.02217264,-0.02505274,-0.02788645,-0.03061962,-0.03324375,-0.03570988,-0.03801227,-0.04010075,-0.04196792,-0.04356539,-0.04488847,-0.04588863,-0.0465593,-0.04685475,-0.04677543,-0.04628048,-0.04537242,-0.04401568,-0.04222289,-0.0399695,-0.03727589,-0.0341242,-0.03054489,-0.02653187,-0.02212504,-0.01732691,-0.0121864,-0.006715059,-0.0009704491,0.005026625,0.0112092,0.01754989,0.02397809,0.0304598,0.03691552,0.0433066,0.04955427,0.05562026,0.06142205,0.06691817,0.07203181,0.07673305,0.08095265,0.08466976,0.08783248,0.09044231,0.09246235,0.09389631,0.09469073,0.09480749,0.09411355,0.09246554,0.08961324,0.0853331,0.0793067,0.07150485,0.06201756,0.05160151,0.04135728,0.03252543,0.02578303,0.02006614,0.01430731,0.00842209,0.002481433
0.00543244,-0.0008374108,-0.006904371,-0.01271931,-0.01817896,-0.02316003,-0.02752607,-0.03124748,-0.0343993,-0.03710667,-0.03931656,-0.0410393,-0.04220062,-0.04280139,-0.04283048,-0.04234792,-0.04138552,-0.04001886,-0.03828254,-0.03625545,-0.03397527,-0.03152498,-0.02894619,-0.02632634,-0.02371114,-0.02119093,-0.01881149,-0.01666028,-0.01477616,-0.01323508,-0.01205888,-0.01130188,-0.01096034,-0.01106005,-0.01156691,-0.0124778,-0.01373304,-0.01530909,-0.01713215,-0.01917116,-0.02135035,-0.0236422,-0.02597856,-0.02834199,-0.03067453,-0.03296731,-0.03516979,-0.03728096,-0.03925589,-0.04109499,-0.04275259,-0.04422873,-0.04547841,-0.04650191,-0.04725327,-0.04773247,-0.04789516,-0.047744,-0.0472376,-0.04638159,-0.04513847,-0.04351963,-0.04149473,-0.03908285,-0.03626126,-0.03305569,-0.02945114,-0.0254828,-0.02114434,-0.01647786,-0.0114841,-0.006213699,-0.0006767772,0.005069004,0.01100808,0.01707596,0.02324975,0.02945982,0.03567972,0.04183683,0.04790083,0.05379684,0.05949547,0.06492406,0.0700547,0.07482086,0.07920396,0.08314937,0.08664933,0.08965823,0.0921664,0.09411174,0.09544421,0.0960421,0.09576763,0.09440251,0.09171034,0.08749817,0.08158828,0.0741104,0.06535015,0.05595823,0.04684459,0.03857539,0.03137443,0.0247268,0.01825435,0.01181297
0.01742987,0.01088818,0.004501231,-0.001689196,-0.007563784,-0.01301345,-0.01787053,-0.02225846,-0.02623673,-0.02978351,-0.03293389,-0.03567151,-0.03793395,-0.03970323,-0.04095074,-0.04171006,-0.04198611,-0.0418346,-0.0412758,-0.0403745,-0.0391606,-0.03770714,-0.03605205,-0.03427525,-0.03242071,-0.03057208,-0.02877498,-0.02711161,-0.02562274,-0.0243804,-0.02341064,-0.02276655,-0.02245173,-0.02249311,-0.0228665,-0.02357182,-0.02456174,-0.02581708,-0.02727555,-0.02890881,-0.03065299,-0.03248311,-0.0343413,-0.03621008,-0.03804067,-0.03982517,-0.04152321,-0.04313273,-0.04461817,-0.04598093,-0.04718615,-0.04823425,-0.04908989,-0.0497533,-0.05018819,-0.0503934,-0.05033311,-0.05000854,-0.04938537,-0.0484654,-0.04721671,-0.04564606,-0.04372714,-0.04147134,-0.03885705,-0.03590272,-0.03259444,-0.02895679,-0.02498189,-0.02070134,-0.01611432,-0.01125904,-0.00614133,-0.0008069929,0.00473171,0.01042462,0.01625404,0.02216277,0.02812837,0.03409188,0.04002966,0.04587903,0.05161275,0.05716942,0.06252719,0.06762698,0.07245009,0.07694434,0.08110027,0.08486834,0.08823409,0.09113044,0.09351048,0.09524961,0.0962321,0.09625927,0.0951727,0.09271001,0.08881608,0.08338295,0.07667084,0.06898171,0.06077563,0.05270703,0.04501377,0.03773679,0.03081027,0.02405924
0.03124424,0.02474287,0.01836097,0.01212602,0.00612631,0.0004387506,-0.004884469,-0.009797253,-0.01431386,-0.01856034,-0.02248992,-0.02610637,-0.02934512,-0.03218562,-0.03458517,-0.03655356,-0.03808104,-0.03919965,-0.03991386,-0.04027065,-0.04028726,-0.04002304,-0.03950592,-0.03880491,-0.03795597,-0.03703451,-0.03608003,-0.03516854,-0.03433638,-0.03365274,-0.03314253,-0.03285917,-0.03280786,-0.03301974,-0.0334761,-0.03418446,-0.03510402,-0.0362237,-0.03748934,-0.03888184,-0.04034316,-0.0418551,-0.04336472,-0.04486167,-0.04630124,-0.04768034,-0.04896116,-0.05014813,-0.05120911,-0.05215101,-0.05294254,-0.05359101,-0.0540649,-0.05437029,-0.05447402,-0.05438135,-0.054059,-0.05351221,-0.05270841,-0.0516541,-0.05031814,-0.04870892,-0.04679834,-0.04459924,-0.04208858,-0.03928318,-0.0361646,-0.03275598,-0.02904498,-0.02505955,-0.02079235,-0.01627742,-0.0115141,-0.006541454,-0.001363457,0.003974755,0.009463517,0.01505425,0.02073411,0.02645088,0.03218775,0.03789091,0.04354415,0.04909351,0.05452111,0.05977595,0.06484494,0.06968161,0.07427474,0.0785787,0.08257528,0.0862021,0.08940866,0.09209214,0.09414508,0.0954046,0.09569712,0.09488823,0.09280966,0.08947098,0.08487098,0.07918654,0.07273979,0.06572115,0.058576,0.05149699,0.04458736,0.03784525
0.04514128,0.03890924,0.03275874,0.02669995,0.02080666,0.01513426,0.009783476,0.004671896,-0.0002352738,-0.004907551,-0.009368419,-0.01360903,-0.0175781,-0.02125112,-0.02458077,-0.02756613,-0.03017983,-0.03243907,-0.03433397,-0.03589481,-0.03712553,-0.03806922,-0.03874236,-0.03919932,-0.03946655,-0.03960603,-0.03964971,-0.03966229,-0.03967552,-0.03974956,-0.03990772,-0.04019813,-0.04062889,-0.04122965,-0.04198814,-0.04291337,-0.04397456,-0.04516485,-0.04644023,-0.0477846,-0.04915068,-0.05052344,-0.05185916,-0.05314792,-0.05435283,-0.05547195,-0.05647581,-0.0573677,-0.05812273,-0.05874845,-0.05922215,-0.05955155,-0.05971346,-0.059715,-0.0595317,-0.0591687,-0.05860063,-0.05783328,-0.05684134,-0.05562996,-0.05417423,-0.05248142,-0.05052918,-0.04832672,-0.04585369,-0.04312367,-0.04012145,-0.03686431,-0.03334064,-0.02957251,-0.02555321,-0.02130923,-0.01683803,-0.01217144,-0.007311798,-0.002294101,0.002875704,0.008157343,0.01354112,0.01898527,0.02447956,0.02997958,0.03547182,0.04091207,0.04629079,0.05156433,0.0567234,0.06172631,0.06656723,0.07120217,0.07561758,0.0797528,0.08356979,0.08696736,0.08986393,0.09211362,0.09361761,0.09417552,0.09374908,0.09218326,0.08956106,0.08590151,0.08130733,0.07604498,0.07022427,0.06405059,0.05774951,0.05142103
0.05760459,0.05196431,0.0463099,0.04067469,0.03512194,0.02968609,0.02438471,0.01926248,0.01433628,0.00950244,0.004801061,0.0002276162,-0.004169847,-0.008371252,-0.01233004,-0.01603503,-0.01945662,-0.02259841,-0.02544124,-0.02800181,-0.03027301,-0.0322841,-0.03403966,-0.03558025,-0.03692047,-0.03810965,-0.03916891,-0.04015164,-0.04107997,-0.04200557,-0.04294523,-0.04394183,-0.04500001,-0.04614834,-0.04737554,-0.04869379,-0.05007567,-0.05151907,-0.05298584,-0.05446683,-0.05591954,-0.05733398,-0.05867055,-0.05992489,-0.06106367,-0.06208827,-0.06297102,-0.06371982,-0.06431235,-0.06475951,-0.06504101,-0.06516936,-0.06512482,-0.06491904,-0.06453083,-0.06397083,-0.06321688,-0.06227838,-0.06113284,-0.05979013,-0.05822803,-0.05645641,-0.05445381,-0.05223222,-0.04977305,-0.04709003,-0.04416675,-0.04102099,-0.03764039,-0.0340456,-0.03022731,-0.02621005,-0.02198883,-0.0175911,-0.01301485,-0.008291885,-0.003424008,0.001555286,0.006642294,0.01180076,0.01702403,0.0222755,0.02754989,0.03281033,0.03804936,0.04323222,0.04835449,0.0533831,0.05831189,0.06310571,0.06775068,0.07219744,0.07640742,0.08030499,0.08381561,0.0868277,0.08922163,0.0909174,0.09177847,0.09179126,0.09086584,0.08901286,0.08632187,0.08275054,0.07852457,0.07375475,0.06859044,0.06316704
0.06725579,0.06247569,0.05755573,0.05254696,0.04752426,0.04253196,0.03764826,0.03281452,0.0280083,0.02327076,0.01858567,0.01395623,0.009418777,0.004991058,0.0007160811,-0.00339603,-0.007309852,-0.0110242,-0.01451529,-0.0177905,-0.02083608,-0.02366933,-0.02628704,-0.02871649,-0.03096387,-0.03306431,-0.03503053,-0.03690221,-0.03869445,-0.0404461,-0.04216878,-0.04389518,-0.0456284,-0.04739003,-0.04917054,-0.0509783,-0.0527916,-0.05460802,-0.05639636,-0.05814707,-0.05982602,-0.06142392,-0.06290876,-0.06427468,-0.06549483,-0.06656986,-0.06747925,-0.06822818,-0.06880012,-0.06920454,-0.06942799,-0.06948137,-0.06935182,-0.0690505,-0.06856401,-0.06790202,-0.06704999,-0.06601737,-0.06478901,-0.06337336,-0.06175504,-0.05994344,-0.0579242,-0.05570704,-0.05327797,-0.05064909,-0.04780937,-0.04477268,-0.04152981,-0.03809766,-0.03447008,-0.03066642,-0.02668266,-0.0225415,-0.0182419,-0.01380802,-0.009240672,-0.004567455,0.0002085934,0.005059491,0.009982716,0.01494887,0.0199533,0.02496735,0.02999008,0.03499297,0.03997463,0.04490694,0.0497899,0.05459155,0.05930443,0.06388345,0.06830417,0.07249314,0.07639883,0.07992199,0.08300918,0.08551356,0.08742107,0.08858572,0.08903813,0.08871136,0.08757342,0.08572274,0.08312201,0.07984949,0.07604418,0.07180452
0.07339615,0.06968394,0.06571218,0.0615435,0.05725477,0.05288552,0.04845862,0.04402954,0.03963682,0.03519981,0.03075687,0.02630486,0.02187787,0.01748936,0.01317622,0.008951886,0.004846047,0.0008644622,-0.00296785,-0.006653131,-0.01017375,-0.01354028,-0.01674316,-0.01980113,-0.0227122,-0.02550221,-0.02817481,-0.03075989,-0.03326294,-0.03571402,-0.03811648,-0.04049579,-0.04284834,-0.04519126,-0.0475116,-0.04981679,-0.05208395,-0.05431144,-0.05646971,-0.05855297,-0.06052875,-0.06239044,-0.06410766,-0.06567822,-0.06707684,-0.06830604,-0.0693453,-0.07020285,-0.07086316,-0.07133745,-0.07161264,-0.07170245,-0.07159545,-0.07130568,-0.07082144,-0.07015663,-0.06929897,-0.06826092,-0.06702955,-0.06561756,-0.06401208,-0.06222525,-0.06024404,-0.05808166,-0.05572677,-0.05319293,-0.05046924,-0.04757141,-0.04449102,-0.04124517,-0.03782685,-0.03425524,-0.03052577,-0.02665877,-0.02265095,-0.01852519,-0.01428024,-0.009938978,-0.005500585,-0.0009894038,0.003593598,0.008224882,0.01290586,0.01761347,0.02234717,0.02708586,0.03183162,0.03656423,0.04128299,0.04596502,0.05060289,0.05516317,0.05962056,0.06392542,0.06802987,0.07186306,0.0753444,0.07843572,0.08103047,0.08312394,0.08461101,0.08545949,0.08567643,0.08513834,0.08394968,0.08211803,0.07969788,0.07675879
0.07576126,0.07313918,0.07017926,0.06693596,0.06348469,0.05987591,0.05618994,0.05239417,0.048483,0.04451394,0.04048201,0.03639153,0.03227081,0.0281311,0.02400663,0.01990555,0.01585957,0.01187313,0.007970697,0.004152271,0.0004364873,-0.003182457,-0.006692458,-0.01010565,-0.01341608,-0.01664102,-0.01977895,-0.02285025,-0.02585522,-0.02881391,-0.03172451,-0.03460335,-0.03744354,-0.04025476,-0.04302253,-0.04574861,-0.04841153,-0.0510071,-0.05350851,-0.05590754,-0.05817626,-0.06030747,-0.06227533,-0.06407546,-0.06568624,-0.06710894,-0.06832764,-0.06934769,-0.07015682,-0.07076453,-0.07116184,-0.07136026,-0.07135224,-0.07115065,-0.07074864,-0.07015878,-0.06937382,-0.06840651,-0.06724919,-0.06591362,-0.06439175,-0.06269605,-0.06081913,-0.05877329,-0.05655074,-0.05416502,-0.05161004,-0.04889978,-0.04602847,-0.04301164,-0.03984512,-0.0365454,-0.03310886,-0.02955368,-0.02587755,-0.02209857,-0.01821462,-0.01424559,-0.0101902,-0.00606748,-0.001874451,0.002369528,0.006666243,0.01099766,0.01536964,0.01976446,0.02418726,0.0286202,0.03306933,0.03751307,0.04195136,0.04635266,0.05070584,0.05495978,0.05908678,0.06302069,0.06673978,0.07013468,0.07321299,0.07584924,0.07806707,0.07978363,0.08093172,0.08154996,0.08154125,0.08090891,0.07970712,0.0779678
0.07466579,0.07307336,0.0711079,0.06881285,0.06625138,0.06345802,0.06045679,0.05730924,0.05407109,0.05068393,0.04719085,0.04359469,0.03992467,0.03619096,0.03242285,0.02863115,0.02484079,0.02105748,0.0173042,0.01358164,0.009908494,0.006280412,0.002711457,-0.0008075263,-0.004266847,-0.007679842,-0.01103991,-0.01436244,-0.01764137,-0.02089163,-0.02410523,-0.0272936,-0.03044382,-0.03356186,-0.03662886,-0.03964499,-0.04258552,-0.04544551,-0.0481971,-0.05083401,-0.05332761,-0.05567206,-0.05784121,-0.05983342,-0.06162712,-0.06322485,-0.06460925,-0.06578813,-0.06674893,-0.06750245,-0.06803866,-0.06837102,-0.06849168,-0.06841532,-0.06813484,-0.06766577,-0.06700138,-0.06615663,-0.0651246,-0.06392065,-0.06253798,-0.06099136,-0.05927372,-0.05740058,-0.05536605,-0.05318537,-0.05085224,-0.04838291,-0.04577231,-0.04303684,-0.04017157,-0.03719361,-0.03409908,-0.03090484,-0.02760689,-0.02422319,-0.02075027,-0.01720471,-0.01358219,-0.009899587,-0.006153215,-0.002358172,0.001492273,0.00538403,0.009322358,0.01329528,0.01731049,0.02135653,0.02543817,0.02954167,0.03366659,0.03779141,0.04190268,0.04596961,0.04996476,0.05384432,0.05755465,0.06108416,0.06435087,0.06736313,0.07002451,0.07229821,0.07417479,0.07551257,0.07637007,0.07670739,0.07652134,0.0758265
0.07057582,0.06984057,0.06873327,0.0672834,0.06554154,0.06354497,0.06136161,0.05896749,0.05636278,0.05361298,0.05072201,0.04769815,0.04456706,0.04133811,0.03803964,0.03467777,0.0312789,0.0278469,0.02440252,0.02094686,0.01749691,0.01405034,0.0106202,0.007200531,0.003800936,0.0004128919,-0.00295605,-0.006315497,-0.009658139,-0.01299223,-0.01630792,-0.01961003,-0.0228846,-0.02613145,-0.02933129,-0.03247864,-0.03555004,-0.03853697,-0.04141345,-0.04416936,-0.04677945,-0.049236,-0.05151664,-0.05361673,-0.05551793,-0.05722085,-0.0587125,-0.05999735,-0.06106585,-0.06192655,-0.0625733,-0.06301677,-0.06325246,-0.06329282,-0.06313472,-0.06279112,-0.06225926,-0.06155304,-0.06066988,-0.0596231,-0.05840989,-0.05704421,-0.05552381,-0.05386237,-0.05205689,-0.05012177,-0.04805507,-0.04587088,-0.04356663,-0.04115684,-0.03863938,-0.03602864,-0.03332192,-0.03053403,-0.02766239,-0.02472054,-0.02170488,-0.01862955,-0.0154906,-0.01230035,-0.00905226,-0.00575812,-0.002411918,0.0009763012,0.004416847,0.00790011,0.01143566,0.01501357,0.01864423,0.0223145,0.02602995,0.02977,0.03353322,0.03728513,0.0410141,0.04467677,0.04827129,0.05171395,0.0550271,0.05810537,0.06097748,0.06356781,0.06580832,0.06772368,0.06920248,0.07021976,0.07078689,0.07089681
0.06420851,0.06416152,0.06376796,0.06304625,0.06203379,0.06074681,0.05919737,0.05744042,0.05553122,0.05341996,0.05114771,0.04872136,0.04616611,0.04349165,0.04072107,0.03786392,0.03493967,0.03195345,0.02892362,0.02585138,0.02275212,0.01962368,0.01647867,0.01331212,0.01013436,0.00693832,0.003733176,0.0005115559,-0.002716455,-0.005956687,-0.009196504,-0.01243816,-0.01566452,-0.01887319,-0.02204248,-0.02516589,-0.02821779,-0.03118855,-0.03405127,-0.03679683,-0.0393992,-0.04185094,-0.04412931,-0.04623152,-0.04813964,-0.04985506,-0.05136387,-0.05267253,-0.05377186,-0.05467132,-0.05536436,-0.05586318,-0.05616349,-0.05627885,-0.05620603,-0.05595987,-0.05553798,-0.05495512,-0.05420914,-0.05331551,-0.0522724,-0.05109467,-0.04978003,-0.04834378,-0.04678452,-0.04511696,-0.04333872,-0.04146478,-0.03949325,-0.03743847,-0.03529776,-0.03308518,-0.03079809,-0.02844937,-0.02603534,-0.02356893,-0.02104603,-0.01847729,-0.01585688,-0.01319487,-0.01048535,-0.00773603,-0.004937451,-0.002095945,0.0007966399,0.003736051,0.006732816,0.009783152,0.01289471,0.01606181,0.01928808,0.02256236,0.02587866,0.02922072,0.03257352,0.03591265,0.03920081,0.04244508,0.04557941,0.04862547,0.05149843,0.05417265,0.05663917,0.05876504,0.06059302,0.06207058,0.0631711,0.06388018
0.05620151,0.05663569,0.05676233,0.05659103,0.05614823,0.05545425,0.05455965,0.05343849,0.05208387,0.05055875,0.04886608,0.04701405,0.04502353,0.04290217,0.04067236,0.03833863,0.03592175,0.03342481,0.03086366,0.02823935,0.02556495,0.02283929,0.02007284,0.01726232,0.01441631,0.01153052,0.008613011,0.005659766,0.002679799,-0.0003286812,-0.003353578,-0.006393012,-0.009430922,-0.01246094,-0.01546249,-0.01842499,-0.02132484,-0.02414969,-0.02687472,-0.02948721,-0.03196413,-0.03429607,-0.0364637,-0.03846127,-0.04027383,-0.04190106,-0.04333342,-0.04457458,-0.04561849,-0.0464729,-0.04713529,-0.04761574,-0.04791344,-0.04804027,-0.04799687,-0.04779574,-0.04743807,-0.04693739,-0.04629522,-0.04552468,-0.04462706,-0.04361596,-0.04249295,-0.04127099,-0.03995055,-0.0385448,-0.0370547,-0.03549256,-0.03385806,-0.03216323,-0.03040742,-0.02860175,-0.02674421,-0.02484555,-0.02290309,-0.0209256,-0.01890869,-0.01686097,-0.01477704,-0.01266313,-0.01051078,-0.008325238,-0.006098184,-0.003832932,-0.00151687,0.0008470777,0.003270715,0.005750766,0.008299899,0.01091203,0.01359602,0.01634026,0.01914936,0.02200137,0.0248944,0.02780119,0.03073167,0.03362065,0.03649976,0.03928106,0.04200026,0.04459603,0.04700856,0.04926647,0.05126057,0.05296123,0.05436335,0.05544285
0.04727595,0.04803128,0.048527,0.04876508,0.04876398,0.04852576,0.04804913,0.04737792,0.04655949,0.04554489,0.04436784,0.04303392,0.04156215,0.03995982,0.03824372,0.03642121,0.03450632,0.03250263,0.03042374,0.02827011,0.02605317,0.02377094,0.02143313,0.0190361,0.01658847,0.01408571,0.01153642,0.008936776,0.006297131,0.003615892,0.000906363,-0.001829316,-0.004573445,-0.007319581,-0.01004599,-0.01274279,-0.01538509,-0.01796065,-0.02044405,-0.02282425,-0.02507738,-0.02719467,-0.02915602,-0.03095775,-0.03258498,-0.03403855,-0.03530787,-0.03639898,-0.03730625,-0.03803898,-0.03859435,-0.0389846,-0.03920931,-0.03928217,-0.03920383,-0.0389892,-0.0386397,-0.03817005,-0.03758181,-0.03689024,-0.03609699,-0.03521648,-0.03424951,-0.03321045,-0.03210042,-0.03093268,-0.02970682,-0.02843571,-0.02711882,-0.02576775,-0.02438056,-0.0229679,-0.02152717,-0.02006725,-0.01858392,-0.01708551,-0.01556681,-0.01403342,-0.01247797,-0.01090508,-0.009306958,-0.007685635,-0.006029659,-0.004339608,-0.0026053,-0.0008253647,0.001012569,0.002910227,0.004877217,0.006913763,0.009026357,0.01121125,0.01346758,0.01578915,0.01816914,0.02059596,0.02304298,0.02552957,0.02800159,0.03049148,0.03292621,0.03529256,0.0375893,0.03969856,0.04166243,0.04343002,0.0449677,0.04625151
0.03797816,0.03888591,0.03958274,0.04006658,0.04034844,0.04043834,0.04037145,0.04011669,0.03965885,0.03905498,0.03830377,0.03740977,0.03638763,0.03524159,0.03398799,0.03262873,0.03117906,0.02964021,0.0280233,0.02632822,0.02456406,0.02272924,0.02083114,0.01886697,0.01684315,0.01475681,0.01261469,0.01041492,0.008165804,0.005868116,0.003533464,0.001166358,-0.001217771,-0.003610259,-0.005991572,-0.008349309,-0.0106614,-0.01291415,-0.01508474,-0.01715942,-0.01911741,-0.02094853,-0.0226359,-0.0241733,-0.02554845,-0.02676074,-0.02780364,-0.02868082,-0.02938951,-0.02993779,-0.03032666,-0.03056679,-0.03066115,-0.03062236,-0.03045488,-0.0301719,-0.02977822,-0.02928787,-0.02870576,-0.02804517,-0.02731037,-0.02651466,-0.02566216,-0.02476503,-0.02382562,-0.02285564,-0.0218573,-0.02084087,-0.01980667,-0.01876402,-0.01771232,-0.01665944,-0.01560285,-0.01454952,-0.01349575,-0.01244607,-0.0113947,-0.01034564,-0.009291822,-0.008234657,-0.007163835,-0.006079698,-0.004972041,-0.003839348,-0.002667267,-0.001454021,-0.0001862499,0.001137311,0.002530902,0.003993371,0.005535894,0.007152994,0.008853335,0.01062343,0.01246775,0.01436953,0.01634605,0.01834473,0.02040395,0.02244936,0.02452407,0.02657942,0.02856754,0.03052499,0.03235323,0.03402742,0.03553776,0.03685777
0.02886038,0.0298128,0.03060442,0.03122854,0.03169205,0.0319884,0.03210663,0.0320816,0.03195265,0.0316695,0.03125789,0.03072054,0.03006983,0.02931005,0.02845171,0.02749961,0.02646235,0.02534164,0.02414633,0.02287567,0.02153701,0.02012788,0.01865456,0.01711368,0.01551118,0.01384351,0.01211719,0.0103299,0.008490318,0.006598567,0.004666361,0.00269746,0.0007077373,-0.001295075,-0.003291462,-0.005270645,-0.007210373,-0.009097846,-0.01091046,-0.01263671,-0.01425564,-0.01575802,-0.01712657,-0.01835712,-0.01943767,-0.02036866,-0.02114257,-0.02176523,-0.0222343,-0.02255924,-0.02274083,-0.0227917,-0.02271529,-0.02252593,-0.02222822,-0.02183766,-0.02135953,-0.02080895,-0.020191,-0.01952098,-0.01880362,-0.01805288,-0.01727215,-0.01647471,-0.01566365,-0.01485054,-0.01403627,-0.01323135,-0.01243593,-0.01165869,-0.01089782,-0.01016048,-0.009443687,-0.008752391,-0.008081578,-0.007435269,-0.006807118,-0.006198176,-0.005599772,-0.005011859,-0.00442526,-0.003837353,-0.003235415,-0.002615539,-0.001966416,-0.001282421,-0.0005502991,0.0002357443,0.001086214,0.002005645,0.003002054,0.004076997,0.005232534,0.006469346,0.007785399,0.009177591,0.01062576,0.01215743,0.01372645,0.01537372,0.01703563,0.01871084,0.02040627,0.02201995,0.02359864,0.02509939,0.02649041,0.02774778
0.02025837,0.02114977,0.02192425,0.02257506,0.02310348,0.02351324,0.02382971,0.02401972,0.02406099,0.02400476,0.0238445,0.02358169,0.02322483,0.02277528,0.02224347,0.02162901,0.02094174,0.02018137,0.01935428,0.01845939,0.01750164,0.01647904,0.01539546,0.01424829,0.01304101,0.01177146,0.01044391,0.009057564,0.007618463,0.006128544,0.004597081,0.003029543,0.001438725,-0.0001661386,-0.001768583,-0.003356056,-0.004909893,-0.006416474,-0.007856539,-0.009216469,-0.01047891,-0.0116336,-0.01266691,-0.01357233,-0.01434063,-0.01497081,-0.01545936,-0.01580968,-0.01602216,-0.01610475,-0.01606189,-0.0159044,-0.01563889,-0.01527831,-0.01483089,-0.0143102,-0.01372479,-0.01308888,-0.01241083,-0.01170382,-0.01097517,-0.0102376,-0.009497745,-0.008766634,-0.0080486,-0.007353582,-0.006685129,-0.006051146,-0.005452722,-0.004896242,-0.004381327,-0.003912406,-0.00348676,-0.003107479,-0.002770247,-0.002475454,-0.002216454,-0.001992881,-0.001796661,-0.001624793,-0.001466036,-0.001316397,-0.001164843,-0.00100571,-0.000824151,-0.0006145217,-0.0003631838,-6.515796e-05,0.0002939793,0.0007169437,0.001215522,0.001788925,0.002447466,0.003183682,0.004004945,0.004901712,0.005894642,0.006940092,0.008079701,0.009249493,0.01049764,0.01178679,0.01307896,0.01442012,0.01572199,0.01696935,0.01815485,0.01925529
0.0124839,0.01327106,0.01398262,0.01460944,0.0151516,0.01559843,0.01593362,0.01618716,0.01639183,0.01649621,0.01651932,0.01646163,0.01632975,0.01612562,0.0158542,0.01551822,0.01512142,0.01466405,0.0141506,0.01357941,0.01295397,0.01227141,0.01153468,0.01074049,0.009891878,0.008985807,0.008026235,0.007011583,0.005948049,0.004836486,0.003685973,0.002500703,0.001293524,7.217643e-05,-0.001147306,-0.002354568,-0.003531211,-0.0046651,-0.005737571,-0.006737767,-0.007648541,-0.008461052,-0.009161511,-0.009745773,-0.01020501,-0.01053945,-0.01074455,-0.0108258,-0.01078383,-0.01062785,-0.0103617,-0.009997899,-0.009543142,-0.009011758,-0.008411698,-0.007758521,-0.007060848,-0.006333746,-0.00558542,-0.004830837,-0.004077551,-0.003338819,-0.002620358,-0.00193425,-0.001285413,-0.0006836987,-0.0001312951,0.0003635747,0.0008000255,0.001172145,0.001481475,0.001724078,0.001903098,0.002017192,0.002071827,0.002066873,0.002009353,0.001902239,0.001754952,0.001571569,0.001361952,0.001132602,0.00089671,0.0006618167,0.0004394323,0.0002384835,7.212774e-05,-5.07544e-05,-0.0001198266,-0.0001274168,-6.535713e-05,7.161871e-05,0.0002865575,0.0005846652,0.0009658413,0.00143233,0.001967038,0.002602463,0.00329674,0.004096555,0.004944192,0.005848072,0.006820953,0.007775083,0.00876233,0.009749476,0.01071025,0.01162544
0.005639544,0.006281308,0.006879161,0.007426232,0.007919568,0.00836108,0.008770008,0.009112424,0.009361753,0.009565513,0.009713223,0.009804031,0.009841559,0.009824903,0.009759773,0.009643911,0.009482821,0.009274808,0.009022441,0.008723708,0.008380167,0.007989353,0.00755215,0.007065891,0.006531468,0.005946953,0.005314262,0.00463299,0.003906853,0.003138058,0.002333338,0.001498099,0.0006421837,-0.0002257188,-0.001092587,-0.001946863,-0.002773678,-0.003560658,-0.004292487,-0.004956781,-0.005539946,-0.006032683,-0.006424776,-0.006710273,-0.006882967,-0.006942028,-0.006886617,-0.006720087,-0.006445345,-0.0060702,-0.00560157,-0.005050151,-0.004425121,-0.003739337,-0.003003623,-0.002231504,-0.001434073,-0.0006254,0.0001837187,0.0009804837,0.001755409,0.002496468,0.003195246,0.003841789,0.00443041,0.004952716,0.005404272,0.005779164,0.006075862,0.00629043,0.006423229,0.006472659,0.006441758,0.006330589,0.006144073,0.005885172,0.005561277,0.005176213,0.004738828,0.004255534,0.003738204,0.003194048,0.002634505,0.00206818,0.001509963,0.000968094,0.0004559486,-1.912765e-05,-0.0004431369,-0.0008109753,-0.001111113,-0.001341562,-0.001491747,-0.001565626,-0.001554984,-0.001465322,-0.001275184,-0.001022961,-0.0006660743,-0.000262111,0.0002399523,0.0008099116,0.001417415,0.002115449,0.002824907,0.003540005,0.004257625,0.00496112
-0.0001738106,0.0003366046,0.0008315707,0.001302674,0.001748729,0.002158357,0.002512666,0.002838538,0.00316452,0.003439935,0.003679215,0.003881121,0.004048102,0.004180255,0.004278429,0.004343683,0.004376032,0.004374395,0.004339919,0.004270058,0.004165349,0.004022394,0.003841552,0.003619353,0.003356569,0.003050215,0.002702164,0.002310975,0.001880734,0.001412296,0.0009123802,0.0003848257,-0.0001603187,-0.0007161482,-0.001269904,-0.001812511,-0.002329233,-0.0028095,-0.003238433,-0.003606724,-0.003900884,-0.004113373,-0.004233698,-0.004258582,-0.004182047,-0.004004768,-0.003724647,-0.00334726,-0.002875403,-0.002318165,-0.001681417,-0.0009774546,-0.0002149252,0.0005920822,0.001433686,0.002294631,0.003164443,0.004028427,0.004876647,0.005694709,0.006473561,0.007200765,0.007869387,0.008468501,0.008992354,0.009432603,0.009786582,0.01004797,0.0102158,0.01028639,0.01026154,0.01013988,0.00992509,0.009618617,0.00922664,0.008751987,0.008202516,0.007584156,0.006907083,0.006178226,0.005408079,0.004605762,0.003784752,0.002954821,0.002127481,0.001313551,0.0005258007,-0.0002253382,-0.00093007,-0.001579218,-0.002165048,-0.002680606,-0.003122896,-0.00348469,-0.003765722,-0.003961487,-0.004088056,-0.004111176,-0.004070937,-0.003918058,-0.003707307,-0.003424162,-0.003052569,-0.002670147,-0.002220416,-0.001729115,-0.001216496,-0.0006953541
-0.005013442,-0.004625307,-0.004234001,-0.003844226,-0.003459743,-0.003078024,-0.002683043,-0.002307743,-0.001980799,-0.001656466,-0.001348024,-0.001057509,-0.0007848186,-0.0005322584,-0.0002977248,-8.476579e-05,0.0001086609,0.0002798558,0.0004282864,0.0005512548,0.0006475611,0.0007143723,0.0007501384,0.000752117,0.0007190295,0.0006490779,0.0005421443,0.0003980062,0.0002183064,5.273347e-06,-0.000236685,-0.0005024844,-0.0007850215,-0.001076391,-0.001366779,-0.001645849,-0.001902294,-0.002125224,-0.002303043,-0.002424867,-0.002480688,-0.002462457,-0.002363204,-0.002177831,-0.001902923,-0.001538023,-0.00108463,-0.0005460771,7.274171e-05,0.0007643526,0.001520094,0.002329794,0.003182681,0.004066542,0.004969068,0.005877477,0.006779296,0.007661324,0.008511524,0.009318124,0.01007059,0.01075815,0.0113716,0.01190251,0.01234465,0.01269148,0.01293835,0.01308145,0.01311934,0.01305048,0.01287557,0.01259564,0.01221425,0.01173425,0.01116121,0.01050095,0.009761483,0.008949458,0.008074253,0.007144905,0.006173561,0.005169755,0.004144877,0.003109489,0.002077977,0.001060133,6.846608e-05,-0.0008884303,-0.001797696,-0.002653105,-0.00344428,-0.004167983,-0.004814655,-0.005386716,-0.00587679,-0.00628867,-0.006602114,-0.006853051,-0.006999977,-0.007097372,-0.007093572,-0.00701532,-0.006888273,-0.00665541,-0.006389597,-0.006089087,-0.005753066,-0.005391828
-0.008884117,-0.008566133,-0.008228294,-0.007876375,-0.00751222,-0.007145679,-0.006795986,-0.006436382,-0.006041178,-0.005660216,-0.0052818,-0.00490769,-0.004538517,-0.0041751,-0.003819895,-0.003472819,-0.003137013,-0.002814317,-0.00250652,-0.002216647,-0.001946815,-0.001700598,-0.001480016,-0.001288454,-0.001127296,-0.0009992529,-0.0009044904,-0.0008441365,-0.0008161987,-0.0008196456,-0.0008500849,-0.0009038203,-0.0009735165,-0.001052823,-0.001132114,-0.001203262,-0.00125501,-0.001277983,-0.001260897,-0.001195643,-0.001072228,-0.000884086,-0.0006238852,-0.0002889089,0.0001241117,0.0006144003,0.001181808,0.001821114,0.00252769,0.003293155,0.004110107,0.004967225,0.005854555,0.006759173,0.007670055,0.008573256,0.0094573,0.01030895,0.01111742,0.01186995,0.0125568,0.01316735,0.0136942,0.01412845,0.01446413,0.01469514,0.01481881,0.01483131,0.01473187,0.0145195,0.01419635,0.01376387,0.01322624,0.01258777,0.01185517,0.01103409,0.01013286,0.009160095,0.008126224,0.007040623,0.005913729,0.004756761,0.00358273,0.002403045,0.001228322,7.058922e-05,-0.001058697,-0.002148289,-0.003189976,-0.004173963,-0.005094167,-0.005943024,-0.006719077,-0.007414477,-0.008030416,-0.008561801,-0.009025749,-0.009387963,-0.009689295,-0.009879612,-0.01001389,-0.01007367,-0.01004295,-0.009992178,-0.0098628,-0.00967504,-0.009444747,-0.009179364
-0.01188426,-0.0115994,-0.01128681,-0.010948,-0.01058747,-0.0102004,-0.009772356,-0.009334191,-0.008915032,-0.008470442,-0.008015482,-0.007552344,-0.007083614,-0.006612278,-0.006139154,-0.00566854,-0.00520134,-0.004740885,-0.004290449,-0.003853119,-0.003432593,-0.003031839,-0.00265465,-0.002303659,-0.001982175,-0.001691716,-0.001434323,-0.001209891,-0.001018731,-0.0008584054,-0.0007266682,-0.000618495,-0.0005292663,-0.0004514932,-0.0003782189,-0.0002998649,-0.0002082608,-9.346495e-05,5.287154e-05,0.0002406788,0.0004768486,0.0007687203,0.001120467,0.001536867,0.00201898,0.002567429,0.003178844,0.003850514,0.004576101,0.005349159,0.006159939,0.0069996,0.007856544,0.008720133,0.009577441,0.01041743,0.01122717,0.01199539,0.01270973,0.01336051,0.01393703,0.01443075,0.0148325,0.01513623,0.01533591,0.01542755,0.01540685,0.01527271,0.01502413,0.01466239,0.01418875,0.01360708,0.01292147,0.01213765,0.01126166,0.01030204,0.009267085,0.008165965,0.007008097,0.00580472,0.004567592,0.003308011,0.002036565,0.0007651611,-0.0004931663,-0.001727802,-0.002928007,-0.004084699,-0.00518714,-0.006228867,-0.00720179,-0.008102455,-0.008923643,-0.009667485,-0.01032897,-0.01091156,-0.01139788,-0.01182301,-0.01214805,-0.01242639,-0.01260745,-0.01271716,-0.01277892,-0.01273399,-0.01265213,-0.01252564,-0.01235182,-0.01213602
-0.0140093,-0.01369039,-0.0133358,-0.0129488,-0.0125306,-0.01208951,-0.01164422,-0.0111679,-0.01063679,-0.0100994,-0.009545729,-0.008977886,-0.008398702,-0.007809729,-0.007215945,-0.006618145,-0.006021988,-0.005430095,-0.004846653,-0.004275266,-0.003720219,-0.003185418,-0.002674806,-0.002191867,-0.001739696,-0.001320929,-0.0009373165,-0.0005898464,-0.000278123,-1.053164e-06,0.0002440105,0.000460613,0.0006540791,0.0008303169,0.000996654,0.001160509,0.001330617,0.001515489,0.001723834,0.001962951,0.002240401,0.002562175,0.002933503,0.003356934,0.00383409,0.004364497,0.004946834,0.005576665,0.006248647,0.006955596,0.007689769,0.008441376,0.009200421,0.009955763,0.01069656,0.01141084,0.01208749,0.0127154,0.01328427,0.0137836,0.0142043,0.0145381,0.01477834,0.01491859,0.01495373,0.01488022,0.01469629,0.01440072,0.01399369,0.01347683,0.01285321,0.01212684,0.01130276,0.01038772,0.009389089,0.008314769,0.007173512,0.005975879,0.004732357,0.003453848,0.002150466,0.0008344985,-0.000481901,-0.00178681,-0.00307092,-0.004322161,-0.005530878,-0.00668624,-0.007782145,-0.008809461,-0.009764383,-0.01064015,-0.01143757,-0.01214967,-0.01277992,-0.01332424,-0.01380159,-0.0141791,-0.01449946,-0.01471309,-0.0148767,-0.01496961,-0.01497767,-0.01496686,-0.0148781,-0.01472879,-0.01453193,-0.01429109
-0.01530619,-0.01490996,-0.01447744,-0.01400798,-0.01350497,-0.01296271,-0.01236777,-0.0117498,-0.01113786,-0.01048756,-0.009815985,-0.009125581,-0.008421007,-0.007705948,-0.006983564,-0.006259061,-0.005535713,-0.004817729,-0.004110579,-0.00341806,-0.00274583,-0.002097323,-0.00147804,-0.0008908386,-0.0003405016,0.0001714171,0.0006415574,0.001070082,0.001455401,0.001799977,0.002104687,0.002374433,0.002612282,0.002825388,0.003018942,0.003201994,0.003380806,0.003564714,0.003760154,0.003976527,0.004219001,0.00449466,0.004806299,0.005158846,0.00555243,0.005988308,0.006462676,0.006973934,0.007515756,0.008083227,0.008667003,0.009260121,0.009851678,0.01043317,0.01099258,0.01152119,0.01200714,0.0124416,0.0128134,0.01311536,0.01333804,0.0134755,0.01351983,0.01346762,0.0133141,0.01305791,0.012696,0.01222986,0.01165967,0.01098918,0.0102207,0.009360466,0.008413434,0.007387409,0.006289086,0.005128814,0.003915177,0.00265877,0.0013689,5.781195e-05,-0.001263352,-0.00258281,-0.003891096,-0.005176301,-0.006427066,-0.00763331,-0.008786418,-0.009878206,-0.01090043,-0.01184778,-0.01271486,-0.01349945,-0.0141971,-0.01481112,-0.01533929,-0.01578614,-0.01613748,-0.01642895,-0.01662437,-0.01677774,-0.01683963,-0.01683717,-0.0167922,-0.01664645,-0.0164681,-0.01624605,-0.01597656,-0.01566182
-0.01570363,-0.01516689,-0.01459152,-0.01397925,-0.01333078,-0.01265351,-0.01196598,-0.01124115,-0.01045769,-0.009663063,-0.008848601,-0.008017179,-0.007173575,-0.006320263,-0.005464483,-0.004608074,-0.003758978,-0.002920757,-0.002099743,-0.001300286,-0.0005285735,0.0002110179,0.0009129239,0.001573463,0.002188175,0.002754459,0.003269394,0.00373217,0.0041421,0.004500486,0.004808878,0.005070954,0.005290832,0.005474429,0.00562774,0.005758084,0.005872796,0.005980268,0.006087868,0.006202925,0.00633188,0.006481037,0.006654873,0.006856676,0.00708778,0.007348927,0.007638985,0.007955203,0.00829289,0.008646962,0.009010694,0.009376717,0.009736343,0.01008109,0.01040159,0.0106887,0.0109329,0.01112596,0.01125922,0.01132509,0.01131611,0.01122689,0.01105235,0.01078887,0.01043282,0.009983347,0.00944005,0.00880422,0.008077249,0.007263072,0.006365734,0.005391289,0.004345481,0.003236808,0.002072961,0.0008632211,-0.0003836799,-0.001656256,-0.002944525,-0.004237156,-0.005524999,-0.00679583,-0.008039012,-0.009243269,-0.01040127,-0.01150202,-0.01253831,-0.01350082,-0.01438616,-0.01518697,-0.01590227,-0.01652717,-0.01706525,-0.01751144,-0.01787191,-0.01814445,-0.01835015,-0.01845818,-0.01851341,-0.01846728,-0.01837886,-0.01822575,-0.01799667,-0.01775452,-0.01744037,-0.01707097,-0.01665745,-0.0162011
-0.01518213,-0.0144719,-0.01372735,-0.01294638,-0.01213327,-0.01128098,-0.0103779,-0.009452872,-0.008535065,-0.007581307,-0.006610793,-0.005626352,-0.004634978,-0.00364124,-0.002650742,-0.001669683,-0.0007037679,0.0002418802,0.001159568,0.002044857,0.002890141,0.003691644,0.004442243,0.005139066,0.005776012,0.006351792,0.006861973,0.007307187,0.007684925,0.007998222,0.008247081,0.008436988,0.008570114,0.008654159,0.008693366,0.008697304,0.008671298,0.008625263,0.008564816,0.008500119,0.008435769,0.008379946,0.008335261,0.00830816,0.008299033,0.008311131,0.008341393,0.008390671,0.008453791,0.008528681,0.008607498,0.008686412,0.008756256,0.008811839,0.008843025,0.008844503,0.008806308,0.008723017,0.008585338,0.008389432,0.008127601,0.007797105,0.007391645,0.006910827,0.006351274,0.005714395,0.004998292,0.004206975,0.003341453,0.002407699,0.001408527,0.0003520285,-0.0007567232,-0.001908434,-0.003096683,-0.004310075,-0.005540789,-0.006777626,-0.00801249,-0.009233018,-0.01042983,-0.01159154,-0.01271091,-0.01377686,-0.0147808,-0.01571393,-0.01657077,-0.01734472,-0.01803093,-0.01862588,-0.01912768,-0.01953584,-0.01984943,-0.02007331,-0.02020862,-0.02026111,-0.02022021,-0.02012214,-0.01993348,-0.01970898,-0.01940035,-0.01903662,-0.01863829,-0.01814817,-0.01763402,-0.01708184,-0.01648834,-0.0158537
-0.0136285,-0.01269991,-0.01173883,-0.01074624,-0.009724054,-0.008678894,-0.007629894,-0.006550613,-0.00542256,-0.004293621,-0.003156397,-0.002015021,-0.000876508,0.0002553643,0.001370952,0.002467193,0.003533796,0.004566208,0.005555969,0.006498038,0.007384445,0.008210503,0.008969246,0.009657063,0.01026845,0.01080122,0.01125172,0.01161984,0.01190435,0.01210743,0.01223024,0.01227741,0.01225271,0.01216305,0.01201413,0.0118143,0.01157067,0.01129277,0.01098793,0.01066485,0.0103302,0.009992007,0.009655345,0.009325645,0.009005307,0.00869766,0.008403059,0.008121757,0.007850952,0.007588898,0.007331039,0.007073572,0.006810153,0.006535975,0.006244076,0.005928971,0.0055835,0.005202992,0.004780998,0.004313286,0.003794397,0.003222059,0.002592885,0.00190605,0.001159309,0.0003542698,-0.0005084814,-0.001425593,-0.002395067,-0.003411313,-0.004470114,-0.005564205,-0.006688097,-0.00783253,-0.008990544,-0.01015256,-0.01131102,-0.0124546,-0.01357502,-0.0146616,-0.01570728,-0.01670095,-0.01763455,-0.01849841,-0.01928811,-0.01999457,-0.02061383,-0.02113883,-0.02156956,-0.02190098,-0.02213548,-0.02227048,-0.02231275,-0.02225931,-0.02211923,-0.02189225,-0.02160152,-0.02121812,-0.02078894,-0.02026599,-0.01971093,-0.01909937,-0.01842323,-0.01774256,-0.01699924,-0.01620983,-0.01538467,-0.01452361
-0.01101444,-0.009856742,-0.008674841,-0.007466423,-0.00623696,-0.004979925,-0.003685827,-0.002384224,-0.001104695,0.0001942199,0.001490301,0.002779817,0.004053165,0.005304501,0.006525683,0.00770926,0.008847224,0.009933406,0.01095816,0.0119164,0.01279899,0.01360193,0.01431702,0.01494163,0.01546899,0.01589847,0.01622536,0.01645126,0.01657367,0.01659685,0.01652102,0.01635301,0.01609536,0.01575723,0.0153433,0.01486474,0.01432742,0.01374302,0.01311793,0.0124643,0.0117878,0.01109893,0.01040176,0.009705478,0.009012296,0.008328613,0.007653608,0.00699164,0.006340072,0.005700599,0.005068132,0.004442759,0.003818132,0.003192992,0.002559973,0.001917586,0.001258453,0.0005807539,-0.0001224754,-0.0008517905,-0.001612932,-0.002405737,-0.003234951,-0.004098491,-0.004998658,-0.005932049,-0.006899949,-0.007896828,-0.008921581,-0.009967218,-0.01103132,-0.01210525,-0.01318483,-0.01426073,-0.01532787,-0.01637527,-0.01739695,-0.01838257,-0.01932629,-0.02021699,-0.02104799,-0.02180959,-0.02249757,-0.02310279,-0.02362004,-0.0240428,-0.02436918,-0.02459488,-0.02471878,-0.02473968,-0.02465934,-0.02447936,-0.02420228,-0.02383468,-0.02338078,-0.02284753,-0.02222751,-0.02155733,-0.02080566,-0.02002795,-0.01917618,-0.0182816,-0.01736283,-0.01636424,-0.01535357,-0.01431437,-0.01324438,-0.01214286
-0.00726558,-0.005861146,-0.004438146,-0.002998172,-0.001544268,-8.476267e-05,0.001360268,0.002815883,0.004296565,0.005753881,0.007193338,0.008608738,0.009990751,0.01133387,0.01262615,0.0138631,0.01503238,0.0161284,0.01714106,0.01806476,0.01889038,0.0196132,0.02022562,0.0207245,0.02110423,0.02136357,0.02149917,0.02151224,0.02140225,0.02117298,0.02082652,0.02036933,0.01980631,0.01914634,0.01839639,0.01756693,0.01666653,0.01570701,0.01469735,0.01364882,0.01257003,0.01147188,0.01036172,0.009248197,0.008136358,0.00703309,0.005941689,0.00486623,0.003807094,0.002766533,0.001743259,0.000737493,-0.0002538669,-0.001231714,-0.002199948,-0.003160387,-0.004117418,-0.005072409,-0.006029454,-0.006989934,-0.007957418,-0.008931846,-0.009915274,-0.01090676,-0.01190776,-0.01291548,-0.01392913,-0.01494475,-0.0159607,-0.01697132,-0.01797329,-0.01895982,-0.0199268,-0.02086591,-0.02177206,-0.02263705,-0.02345554,-0.02421801,-0.02491875,-0.02554925,-0.02610531,-0.0265782,-0.02696301,-0.02725276,-0.02744631,-0.02753734,-0.02752531,-0.02740601,-0.02718275,-0.02685323,-0.02642295,-0.02589185,-0.02526932,-0.02455463,-0.02375901,-0.0228841,-0.02195415,-0.02094189,-0.01989553,-0.01876728,-0.01762084,-0.01642909,-0.01518758,-0.01395349,-0.0126692,-0.01135226,-0.01001252,-0.008649622
-0.002437298,-0.0008033738,0.0008365653,0.002483909,0.00413121,0.005783556,0.007447264,0.009091442,0.01068553,0.01226863,0.01381512,0.01531991,0.01677072,0.01816026,0.01947806,0.02071546,0.02186259,0.02291244,0.02385408,0.02468217,0.02538685,0.02596446,0.02640666,0.02671173,0.02687334,0.02689229,0.02676476,0.02649423,0.02607951,0.02552706,0.02483867,0.02402367,0.02308635,0.02203855,0.02088693,0.01964544,0.01832209,0.01693159,0.01548264,0.01399064,0.01246382,0.0109162,0.009354698,0.00779229,0.006234309,0.004691177,0.003165415,0.001665588,0.0001924868,-0.001247949,-0.002657395,-0.004031606,-0.005373698,-0.006681021,-0.007958019,-0.009202653,-0.01041983,-0.01160834,-0.01277321,-0.01391253,-0.01503076,-0.01612589,-0.01720202,-0.0182559,-0.01928983,-0.02029992,-0.0212881,-0.02224894,-0.0231826,-0.02408277,-0.02494883,-0.02577333,-0.02655439,-0.02728427,-0.02796059,-0.02857431,-0.02912252,-0.02959709,-0.02999545,-0.03030888,-0.03053422,-0.03066434,-0.0306986,-0.03063044,-0.03045837,-0.03017851,-0.02979259,-0.02929878,-0.02869947,-0.02799571,-0.02719248,-0.02629319,-0.02530327,-0.02423056,-0.0230817,-0.02186418,-0.02057307,-0.01924467,-0.01784898,-0.01644177,-0.01497448,-0.01348067,-0.01197645,-0.01040826,-0.008843563,-0.007264188,-0.005669465,-0.004058659
0.003415638,0.005266376,0.007113087,0.008952684,0.01077987,0.01258497,0.01434579,0.01608532,0.01781363,0.01948093,0.02109117,0.02263569,0.02410312,0.02548618,0.02677115,0.02795234,0.02901607,0.02995623,0.03076195,0.03142771,0.03194429,0.03230772,0.03251094,0.03255221,0.03242701,0.03213603,0.03167759,0.03105529,0.03027061,0.02933011,0.02823821,0.0270044,0.02563613,0.02414547,0.02254211,0.02083992,0.01905029,0.01718859,0.01526681,0.01329991,0.01129975,0.009281086,0.007254684,0.005233257,0.003225439,0.001242312,-0.0007091637,-0.002620697,-0.004488238,-0.006305405,-0.008069997,-0.009777914,-0.01142907,-0.01302087,-0.01455449,-0.01602878,-0.01744598,-0.01880512,-0.02010881,-0.02135682,-0.02255193,-0.0236932,-0.02478266,-0.02581923,-0.02680505,-0.02773785,-0.02861824,-0.02944344,-0.03021377,-0.0309253,-0.03157717,-0.03216482,-0.03268693,-0.0331378,-0.03351546,-0.03381453,-0.03403298,-0.03416425,-0.03420607,-0.03415299,-0.03400419,-0.03375396,-0.0334008,-0.03294078,-0.03237595,-0.03170286,-0.03092401,-0.0300379,-0.02905057,-0.02796204,-0.02678013,-0.02550676,-0.02415306,-0.02271985,-0.02121953,-0.01965499,-0.01805056,-0.01638013,-0.01469227,-0.01293889,-0.01118541,-0.009401727,-0.007586748,-0.005794802,-0.003969334,-0.002129594,-0.000284958,0.001564595
0.01008239,0.01210454,0.01410584,0.01608587,0.01803486,0.0199561,0.02185235,0.02369034,0.02543902,0.02713467,0.02874818,0.03027345,0.03169589,0.03300721,0.03419527,0.03525079,0.03616296,0.0369248,0.03752514,0.03795933,0.03821797,0.03829881,0.03819468,0.03790586,0.0374278,0.03676386,0.03591254,0.03488034,0.03366875,0.0322876,0.03074167,0.02904389,0.02720173,0.02523081,0.02314106,0.02095035,0.01867009,0.01631896,0.01390919,0.01146024,0.008983947,0.006498531,0.004014596,0.00154937,-0.000888102,-0.003283137,-0.005629533,-0.007914558,-0.01013394,-0.0122778,-0.01434464,-0.01632667,-0.01822429,-0.02003183,-0.02175163,-0.02337927,-0.02491826,-0.02636577,-0.02772617,-0.02899675,-0.03018212,-0.03128028,-0.03229626,-0.03322755,-0.0340782,-0.03484576,-0.03553453,-0.03614109,-0.03666856,-0.03711314,-0.03747758,-0.03775725,-0.03795395,-0.03806303,-0.03808588,-0.03801664,-0.03785627,-0.03759978,-0.03724834,-0.03679626,-0.03624403,-0.0355874,-0.03482917,-0.03396531,-0.03299762,-0.03192453,-0.03075068,-0.02947614,-0.02810589,-0.02664245,-0.02509294,-0.02346172,-0.021756,-0.01998393,-0.01815347,-0.01627179,-0.01433556,-0.01238001,-0.01037571,-0.008378387,-0.006338366,-0.00429208,-0.002252007,-0.0001676068,0.001893144,0.003949828,0.0060015,0.008048212
0.01734094,0.01949553,0.02161573,0.02369634,0.0257294,0.02770277,0.0295926,0.03141953,0.03318916,0.03485066,0.03640683,0.03784698,0.03915839,0.04033275,0.04135549,0.04222068,0.04291439,0.04343113,0.04376046,0.04389817,0.04383622,0.04357267,0.04310232,0.04242607,0.04154185,0.04045355,0.0391624,0.03767563,0.03599801,0.03414,0.03210956,0.0299203,0.02758333,0.02511494,0.02252859,0.01984238,0.01707152,0.01423564,0.01135053,0.00843545,0.005506055,0.002581361,-0.000324102,-0.003193433,-0.006014301,-0.008771573,-0.01145481,-0.01405193,-0.01655568,-0.01895629,-0.02124883,-0.02342633,-0.02548657,-0.02742475,-0.02924064,-0.03093166,-0.0324994,-0.03394231,-0.03526326,-0.03646225,-0.03754315,-0.03850611,-0.03935504,-0.04009076,-0.04071797,-0.04123694,-0.04165145,-0.04196181,-0.04217191,-0.04228129,-0.04229297,-0.04220604,-0.04202321,-0.04174247,-0.04136589,-0.0408917,-0.04032166,-0.03965267,-0.03888605,-0.03801949,-0.03705538,-0.03599085,-0.03482727,-0.03356326,-0.03220324,-0.03074585,-0.02919559,-0.02755269,-0.02582468,-0.02401282,-0.02212592,-0.02016675,-0.01814685,-0.01606755,-0.01394123,-0.01177115,-0.009580608,-0.007344236,-0.005110192,-0.002829867,-0.0005701537,0.001702345,0.003984392,0.00622476,0.008478214,0.01072337,0.01295042,0.01515805
0.02483064,0.02705312,0.02922165,0.03133365,0.033376,0.03534955,0.03725397,0.03905429,0.04071926,0.04228243,0.04371218,0.04500221,0.04613651,0.04710678,0.04790037,0.04850866,0.04892116,0.04913213,0.04913153,0.04891676,0.0484803,0.04782256,0.04693884,0.04583273,0.04450271,0.04295594,0.04119432,0.0392285,0.03706373,0.03471423,0.03218868,0.02950449,0.02667315,0.02371481,0.02064338,0.01748123,0.01424368,0.01095387,0.007627858,0.004289444,0.0009541316,-0.002355629,-0.0056257,-0.008834834,-0.01197072,-0.01501494,-0.01795832,-0.02078478,-0.02348758,-0.02605403,-0.02848073,-0.03075771,-0.03288422,-0.0348532,-0.03666663,-0.03831954,-0.03981599,-0.04115347,-0.04233778,-0.04336737,-0.04424922,-0.04498329,-0.04557769,-0.0460326,-0.04635581,-0.04654812,-0.04661803,-0.04656575,-0.04639891,-0.04611756,-0.04572905,-0.04523264,-0.04463473,-0.04393433,-0.0431372,-0.04224089,-0.04125042,-0.04016376,-0.03898566,-0.03771294,-0.03634929,-0.03489248,-0.03334793,-0.03171306,-0.02999191,-0.02818392,-0.02629539,-0.0243268,-0.02228441,-0.02017068,-0.01799362,-0.01575696,-0.01346853,-0.01113544,-0.008766029,-0.00636598,-0.003933036,-0.001500373,0.000960872,0.003395524,0.005854326,0.008297848,0.01071637,0.0131567,0.0155513,0.01792035,0.02025894,0.02256554
0.03221437,0.034453,0.03662201,0.03871392,0.04071775,0.04261937,0.04439335,0.04605879,0.04761707,0.04901726,0.05026232,0.05134022,0.05223824,0.05294806,0.05345577,0.05375642,0.05383733,0.05369482,0.05332042,0.05271245,0.05186551,0.05078079,0.04945629,0.0478966,0.0461033,0.04408438,0.04184505,0.0393969,0.03674892,0.03391609,0.03091066,0.02775078,0.02445186,0.02103469,0.01751689,0.01392096,0.01026613,0.006576233,0.002870867,-0.0008267133,-0.00449725,-0.008118021,-0.01167122,-0.01513655,-0.01849874,-0.02173971,-0.02484656,-0.0278048,-0.0306053,-0.03323651,-0.03569235,-0.03796485,-0.04005146,-0.04194721,-0.04365242,-0.04516525,-0.04648874,-0.047623,-0.04857323,-0.04934193,-0.04993608,-0.0503591,-0.05061873,-0.05071965,-0.05067085,-0.05047686,-0.05014609,-0.04968337,-0.04909728,-0.04839188,-0.04757479,-0.04664947,-0.04562293,-0.04449717,-0.04327812,-0.04196754,-0.04057046,-0.03908673,-0.03752039,-0.03587151,-0.03414451,-0.03233823,-0.03045556,-0.0284963,-0.02646572,-0.02436304,-0.02219312,-0.01995641,-0.01766019,-0.01530554,-0.01290064,-0.01044782,-0.007957562,-0.005430668,-0.002878327,-0.0003035299,0.002272377,0.00487413,0.007454558,0.01006251,0.01262964,0.01519241,0.01774221,0.02023081,0.02271078,0.0251576,0.0275601,0.02991488
0.03907614,0.04126327,0.04336029,0.04536212,0.047254,0.04903473,0.05070106,0.05221664,0.05355147,0.05473733,0.05574105,0.05655724,0.05717,0.05757222,0.05775228,0.05770331,0.05741677,0.05688927,0.05611348,0.05508978,0.05381388,0.05228976,0.05051646,0.04850153,0.04624755,0.04376595,0.04106298,0.03815375,0.03504795,0.0317643,0.02831596,0.02472478,0.02100659,0.01718582,0.01328058,0.009317267,0.005315134,0.001301089,-0.002705186,-0.006676458,-0.01059397,-0.01443222,-0.01817422,-0.02179614,-0.02528333,-0.02861533,-0.03178122,-0.03476351,-0.03755445,-0.04014071,-0.04251866,-0.04467854,-0.04662026,-0.04833785,-0.04983486,-0.05110832,-0.0521648,-0.0530046,-0.05363685,-0.05406364,-0.05429596,-0.05433805,-0.05420256,-0.05389434,-0.05342611,-0.05280357,-0.0520402,-0.05114108,-0.05011876,-0.04897795,-0.04773059,-0.04638014,-0.04493712,-0.04340416,-0.04179047,-0.04009653,-0.03833014,-0.03649145,-0.03458722,-0.0326157,-0.03058198,-0.02848457,-0.02632955,-0.02411438,-0.02184329,-0.01951524,-0.01713619,-0.01470558,-0.01222907,-0.009707733,-0.007148691,-0.004554024,-0.0019307,0.0007160124,0.003378482,0.006052929,0.008741106,0.0114121,0.01409428,0.01673279,0.01937917,0.02199001,0.02455947,0.02712869,0.02962952,0.03208148,0.03447712,0.03681276
0.04508947,0.04717754,0.04916057,0.05102874,0.05277029,0.0543691,0.05579919,0.05707812,0.05820446,0.05912911,0.05985573,0.06037213,0.06066721,0.06073386,0.06056027,0.06014349,0.05947355,0.05854964,0.05736651,0.05592579,0.05422579,0.05227152,0.0500651,0.04761519,0.04492772,0.04201496,0.03888667,0.03555878,0.03204479,0.02836398,0.02453305,0.02057431,0.01650739,0.01235696,0.008144624,0.00389645,-0.0003647049,-0.004611846,-0.008822162,-0.01296965,-0.01703229,-0.02098514,-0.0248082,-0.02847951,-0.03198218,-0.03529713,-0.0384106,-0.04130786,-0.04397964,-0.04641503,-0.04860869,-0.05055419,-0.05225059,-0.05369538,-0.05489139,-0.05584011,-0.0565479,-0.057019,-0.05726267,-0.0572862,-0.05710116,-0.05671619,-0.056144,-0.05539473,-0.05448239,-0.05341696,-0.05221175,-0.05087681,-0.04942523,-0.04786581,-0.04621015,-0.0444658,-0.04264297,-0.04074699,-0.03878624,-0.03676491,-0.03468953,-0.03256164,-0.03038601,-0.02816359,-0.02589866,-0.02359023,-0.02124046,-0.01884884,-0.01641916,-0.01394982,-0.01144389,-0.008900731,-0.006325464,-0.003717894,-0.00108387,0.001575478,0.004252121,0.006946115,0.009648538,0.01235659,0.01505165,0.0177571,0.02042739,0.02311048,0.02573676,0.02834486,0.030921,0.03341942,0.0358879,0.03829842,0.04064032,0.04290748
0.04992329,0.05185836,0.05367089,0.05535384,0.05689088,0.05827941,0.05951473,0.06056016,0.06138848,0.06203002,0.06245171,0.06265045,0.06261154,0.06233028,0.06179718,0.06100828,0.05995794,0.05864605,0.05706876,0.05523016,0.05312983,0.05077574,0.04817105,0.04532754,0.04225207,0.03896033,0.03546293,0.0317792,0.02792311,0.0239175,0.01977955,0.01553502,0.01120349,0.00681296,0.002384922,-0.002051071,-0.006472827,-0.01085074,-0.0151627,-0.01937933,-0.02348005,-0.02743778,-0.03123431,-0.03484495,-0.03825459,-0.04144264,-0.04439848,-0.04710531,-0.04955659,-0.05174058,-0.05365572,-0.05529471,-0.05666047,-0.05775034,-0.05857168,-0.05912565,-0.05942336,-0.05946988,-0.05927944,-0.05885936,-0.05822613,-0.05738943,-0.05636748,-0.05517052,-0.05381674,-0.05231696,-0.05068969,-0.0489446,-0.04709872,-0.04516061,-0.04314588,-0.04106098,-0.03891918,-0.03672517,-0.0344899,-0.03221498,-0.02990909,-0.02757256,-0.02521214,-0.02282546,-0.02041694,-0.0179838,-0.01553077,-0.01305339,-0.01055431,-0.008030194,-0.005485077,-0.002915847,-0.0003262069,0.002285369,0.004913631,0.007559101,0.01021624,0.01288222,0.01555028,0.01821883,0.02088879,0.02353176,0.02617473,0.02876335,0.03134897,0.03388394,0.03636558,0.03882834,0.04120426,0.04351176,0.04573953,0.04788158
0.05339531,0.05514942,0.05677025,0.05824675,0.05956443,0.06070718,0.06164981,0.06241007,0.0629843,0.06332575,0.06344081,0.06331804,0.06294895,0.06232841,0.06144774,0.06030682,0.05889909,0.05722715,0.05528934,0.05309115,0.05063477,0.0479292,0.04498055,0.04180164,0.03840244,0.03479938,0.03100614,0.02704272,0.02292641,0.01868032,0.01432465,0.009885239,0.005384855,0.0008513049,-0.003691139,-0.008213763,-0.01269154,-0.01709542,-0.02140103,-0.02558092,-0.02961216,-0.0334691,-0.03713156,-0.04057762,-0.043791,-0.0467535,-0.04945284,-0.05187608,-0.05401629,-0.05586519,-0.05742074,-0.05868,-0.0596461,-0.06032082,-0.06071179,-0.06082545,-0.06067351,-0.06026565,-0.05961684,-0.05874003,-0.05765256,-0.05636873,-0.05490688,-0.05328251,-0.05151477,-0.04961842,-0.04761133,-0.04550758,-0.04332388,-0.04107213,-0.0387666,-0.03641689,-0.0340348,-0.03162668,-0.02920142,-0.02676329,-0.02431834,-0.02186731,-0.01941373,-0.01695699,-0.0144994,-0.01203786,-0.009572142,-0.007099312,-0.00462033,-0.002130998,0.0003684939,0.002881325,0.005405307,0.007943021,0.01049135,0.01305112,0.01561681,0.01818972,0.02076294,0.02333395,0.0258864,0.02844189,0.03095626,0.0334759,0.03592985,0.03835825,0.04074002,0.04303303,0.04528129,0.04745367,0.0495364,0.05152102
0.05536588,0.05691063,0.0583095,0.05955429,0.06062741,0.06152605,0.06224488,0.06274857,0.06301343,0.06306866,0.06288289,0.06245594,0.06177516,0.06083885,0.05964031,0.05817894,0.05645237,0.05446397,0.05221356,0.04970891,0.04695344,0.04395884,0.04073217,0.03728896,0.03363994,0.02980448,0.02579685,0.02163991,0.01735108,0.01295641,0.008476204,0.003939027,-0.0006328337,-0.005209021,-0.009765887,-0.01427209,-0.0187039,-0.02303054,-0.02722901,-0.03126955,-0.03513144,-0.03878794,-0.04222155,-0.04540873,-0.04833597,-0.05098474,-0.05334685,-0.05540846,-0.05716641,-0.05861272,-0.05975003,-0.06057559,-0.06109723,-0.0613175,-0.06124924,-0.06089925,-0.06028451,-0.05941597,-0.05831379,-0.05699115,-0.05547033,-0.0537665,-0.05190321,-0.0498956,-0.0477665,-0.04553084,-0.0432108,-0.04081916,-0.03837559,-0.03589063,-0.03338139,-0.03085512,-0.02832552,-0.02579694,-0.0232797,-0.02077413,-0.01828747,-0.01581788,-0.01336991,-0.01093844,-0.00852529,-0.006124479,-0.003737771,-0.001357252,0.001017317,0.003392715,0.005767792,0.008149032,0.01053523,0.01293102,0.01533323,0.0177451,0.02016241,0.02258467,0.02500561,0.02742545,0.02984368,0.03223428,0.0346218,0.03695264,0.03927673,0.04154232,0.04374918,0.04592452,0.04800199,0.04999827,0.05189776,0.05369235
0.05585951,0.05719319,0.05837516,0.0593937,0.0602351,0.06088319,0.06131416,0.06154584,0.06157345,0.06135485,0.06089849,0.06019431,0.05923713,0.05802417,0.05655022,0.05481793,0.05282438,0.05057533,0.04807281,0.04532557,0.04233951,0.03912699,0.0356978,0.032068,0.02825117,0.02426683,0.02013206,0.01586971,0.01150014,0.007048982,0.002539141,-0.00200149,-0.006547943,-0.0110709,-0.01554446,-0.01993904,-0.02422866,-0.02838414,-0.03238093,-0.03619222,-0.03979569,-0.04316721,-0.04628811,-0.04913887,-0.05170559,-0.05397335,-0.0559332,-0.05757635,-0.05889997,-0.05990072,-0.06058138,-0.06094463,-0.06099895,-0.0607522,-0.06021773,-0.05940829,-0.05834139,-0.05703299,-0.05550371,-0.05377244,-0.05186164,-0.04979094,-0.04758309,-0.04525808,-0.04283843,-0.04034235,-0.03779,-0.03519772,-0.03258327,-0.02995959,-0.02734075,-0.02473626,-0.02215656,-0.01960685,-0.01709376,-0.0146195,-0.01218701,-0.009794435,-0.00744167,-0.005125056,-0.002842858,-0.0005887651,0.001641466,0.003853907,0.006051698,0.008241937,0.01042818,0.0126161,0.01480698,0.01700537,0.01921114,0.02142636,0.02364807,0.02587786,0.02811073,0.03034336,0.03256174,0.0347843,0.03696875,0.03915817,0.04128114,0.04337803,0.04542201,0.04737401,0.04927191,0.05108195,0.05279094,0.05438816
0.05494206,0.05606237,0.05702437,0.05781913,0.05843134,0.05885742,0.0590921,0.05910129,0.05886609,0.05841534,0.05771932,0.05678098,0.05559009,0.05414802,0.05245085,0.05050102,0.04829938,0.0458523,0.04316301,0.04024221,0.03709675,0.03374124,0.03018611,0.02644963,0.02254575,0.01849638,0.0143188,0.01003807,0.00567427,0.00125527,-0.003196419,-0.007650915,-0.01208427,-0.01646543,-0.02076974,-0.02496589,-0.02902988,-0.03293173,-0.03664904,-0.04015369,-0.04342644,-0.0464431,-0.04918851,-0.05164263,-0.05379523,-0.05563211,-0.05714919,-0.05833774,-0.05919947,-0.05973221,-0.05994396,-0.05983822,-0.0594286,-0.05872412,-0.05774349,-0.05649995,-0.0550162,-0.05330924,-0.05140445,-0.04932048,-0.04708406,-0.04471492,-0.04223999,-0.03967788,-0.03705372,-0.03438464,-0.03169379,-0.02899482,-0.02630717,-0.02364099,-0.02101189,-0.01842561,-0.01589333,-0.01341695,-0.01100344,-0.008649992,-0.006359974,-0.004127888,-0.001954085,0.0001704059,0.002247951,0.004288348,0.006293979,0.008276372,0.0102394,0.0121931,0.01413961,0.01608824,0.01804038,0.02000294,0.02197468,0.02396059,0.02595748,0.02796608,0.02998029,0.03200109,0.03402624,0.03603146,0.03803822,0.03999356,0.04194517,0.04383767,0.04567448,0.04747431,0.04917188,0.05078177,0.05228796,0.05368061
0.05281231,0.05373957,0.05450888,0.05510863,0.05552552,0.05574441,0.05574381,0.05554185,0.05513325,0.05448043,0.05359412,0.0524658,0.05109341,0.04947629,0.04761247,0.04550698,0.04316005,0.04058011,0.03777216,0.03474765,0.03151544,0.02809045,0.02448533,0.02071859,0.0168064,0.0127705,0.008630287,0.004410489,0.0001333886,-0.004173977,-0.008487269,-0.01277774,-0.01701961,-0.02118338,-0.02524311,-0.02916975,-0.0329381,-0.03652044,-0.03989383,-0.04303381,-0.0459206,-0.04853337,-0.05085691,-0.05287587,-0.05458062,-0.05596127,-0.05701393,-0.05773547,-0.05812866,-0.05819633,-0.05794726,-0.0573905,-0.05654062,-0.05541186,-0.0540235,-0.05239432,-0.05054722,-0.04850361,-0.04628875,-0.04392601,-0.04144141,-0.03885798,-0.03620085,-0.03349208,-0.0307552,-0.02800917,-0.02527384,-0.02256498,-0.0198987,-0.01728619,-0.01473878,-0.01226323,-0.009866305,-0.007549766,-0.005315986,-0.003163202,-0.001089733,0.0009103852,0.002841921,0.004712604,0.006528765,0.008300465,0.01003608,0.01174497,0.01343411,0.01511329,0.01678923,0.01846964,0.0201585,0.02186165,0.02358103,0.02531922,0.02707484,0.02884906,0.03063792,0.03243678,0.03423322,0.0360419,0.03782247,0.03961385,0.04134499,0.04305562,0.04471346,0.0462833,0.04779733,0.0492205,0.05053918,0.05174141
0.04967202,0.05042239,0.0510144,0.05143925,0.05168087,0.05173705,0.05160335,0.05124858,0.05065788,0.04985802,0.04882277,0.04755759,0.04605433,0.04431689,0.04234375,0.04013995,0.03770883,0.03505912,0.03219673,0.02913467,0.02588234,0.02245654,0.01887009,0.01514328,0.01129223,0.007340576,0.003307417,-0.0007808343,-0.00490271,-0.009029491,-0.01313786,-0.01719772,-0.02118497,-0.02506908,-0.02882607,-0.03242597,-0.03584633,-0.03905942,-0.04204529,-0.04477902,-0.04724477,-0.04942241,-0.05130106,-0.05286558,-0.05411084,-0.05502822,-0.05561928,-0.05588141,-0.0558224,-0.05544639,-0.05476759,-0.05379583,-0.05255077,-0.05104743,-0.04931008,-0.04735736,-0.04521677,-0.04290974,-0.04046541,-0.03790571,-0.03525993,-0.03254971,-0.02980316,-0.02703942,-0.02428343,-0.02155147,-0.01886513,-0.01623594,-0.01368065,-0.01120619,-0.008824538,-0.006537434,-0.004351807,-0.002264984,-0.0002793265,0.001612704,0.00341238,0.005129951,0.006769544,0.008344547,0.0098613,0.01133359,0.01276733,0.01417747,0.01557056,0.01695951,0.01834853,0.01974918,0.02116412,0.02260191,0.02406191,0.0255502,0.02706333,0.02860284,0.03016167,0.03174128,0.03333674,0.03492581,0.03652577,0.03808562,0.03964939,0.04115972,0.04262133,0.0440465,0.04537442,0.04661757,0.04775627,0.04878012
0.04580004,0.04640596,0.04685816,0.04714573,0.0472553,0.04717337,0.04688106,0.04639699,0.04571517,0.0448026,0.04367179,0.04231564,0.04073466,0.03892984,0.03690186,0.03465752,0.03219956,0.02953834,0.02668117,0.02364142,0.02043013,0.01706406,0.01355782,0.00993153,0.006203073,0.002395491,-0.001470505,-0.005369309,-0.009277848,-0.01316875,-0.01701751,-0.02079573,-0.02447824,-0.02803669,-0.03144658,-0.03468089,-0.03771678,-0.0405295,-0.04309942,-0.04540591,-0.04743339,-0.04916577,-0.05059284,-0.05170469,-0.0524973,-0.05296678,-0.0531153,-0.05294601,-0.05246785,-0.05168997,-0.0506272,-0.04929463,-0.04771241,-0.04590021,-0.04388216,-0.04168154,-0.03932505,-0.03683749,-0.03424665,-0.03157792,-0.02885846,-0.02611193,-0.02336316,-0.02063343,-0.01794454,-0.01531336,-0.01275685,-0.01028756,-0.007917658,-0.005654273,-0.00350412,-0.001469352,0.0004482906,0.002251847,0.003944046,0.005531424,0.007020592,0.008421896,0.009744594,0.01100031,0.01219937,0.01335504,0.0144789,0.0155828,0.01667641,0.01777125,0.01887598,0.0199993,0.02114661,0.02232411,0.02353455,0.02478025,0.02606033,0.02737495,0.02872038,0.03009039,0.03147358,0.03288063,0.0342734,0.03568614,0.03704946,0.03840165,0.03970577,0.04093137,0.0421056,0.04319356,0.0441807,0.0450544
0.04142977,0.04191472,0.04224913,0.04242451,0.0424272,0.04225492,0.04190362,0.04134443,0.04056658,0.03959546,0.03840724,0.03700932,0.0353954,0.0335713,0.03153731,0.02930037,0.02686574,0.02424383,0.02144257,0.0184765,0.01535694,0.01210201,0.00872629,0.005251131,0.001694109,-0.001920472,-0.005572479,-0.009235332,-0.01288707,-0.01649945,-0.02004936,-0.02350792,-0.02685205,-0.03005328,-0.03308952,-0.03593381,-0.03856651,-0.04096377,-0.04310934,-0.04498313,-0.04657381,-0.04786677,-0.04885629,-0.0495334,-0.0498986,-0.04994973,-0.04969416,-0.04913579,-0.04828819,-0.04716174,-0.04577598,-0.04414642,-0.04229736,-0.04024863,-0.0380281,-0.03565808,-0.03316847,-0.03058301,-0.02793182,-0.02523773,-0.02252957,-0.01982843,-0.0171605,-0.01454303,-0.01199786,-0.009538169,-0.007181336,-0.004934926,-0.002810765,-0.0008112167,0.001057094,0.002797279,0.004407815,0.005896199,0.007265293,0.008527089,0.009687614,0.01076111,0.01175585,0.01268849,0.01356871,0.01441286,0.01522956,0.01603555,0.0168392,0.01765457,0.01848711,0.01934897,0.02024331,0.02117882,0.02215487,0.02317733,0.02424219,0.02535069,0.02649483,0.02767568,0.02888604,0.03010529,0.03134669,0.0325616,0.03379012,0.03497435,0.03612144,0.03723688,0.0382639,0.03921309,0.0400654,0.04080997
0.0368216,0.03721905,0.03747321,0.03757405,0.03751075,0.03727041,0.03683612,0.03622558,0.03543293,0.03443041,0.03323055,0.03182756,0.03022395,0.02842195,0.02642423,0.02423877,0.02187028,0.01933038,0.01662813,0.01377809,0.0107929,0.007690342,0.004486379,0.001201855,-0.002144382,-0.005528982,-0.008930744,-0.01232432,-0.0156868,-0.01899174,-0.02221554,-0.02533154,-0.02831632,-0.03114417,-0.03379318,-0.03623992,-0.03846503,-0.04044819,-0.04217413,-0.04362736,-0.04479737,-0.04567386,-0.04625218,-0.04652857,-0.0465048,-0.04618325,-0.04557187,-0.04467987,-0.04352157,-0.04211168,-0.04046976,-0.03861564,-0.03657321,-0.03436581,-0.03202007,-0.02956165,-0.02701838,-0.02441601,-0.021782,-0.01914123,-0.01651907,-0.01393733,-0.01141779,-0.008978659,-0.006637531,-0.004407295,-0.002299966,-0.0003234548,0.001515533,0.00321477,0.00477311,0.00619328,0.007478952,0.008637672,0.009677128,0.01060786,0.01144084,0.0121896,0.01286697,0.01348705,0.01406302,0.01460974,0.01514078,0.01566891,0.01620527,0.01676153,0.0173472,0.01797059,0.01863764,0.01935364,0.02012158,0.02094255,0.02181584,0.02273995,0.02371128,0.02472177,0.0257612,0.02683613,0.02791139,0.02901603,0.03008405,0.03115135,0.03217968,0.03314207,0.03405984,0.0348993,0.03564833,0.03629405
0.03216019,0.03249128,0.03268529,0.03273417,0.03262564,0.03235789,0.03192731,0.03130763,0.03049134,0.0295014,0.0283169,0.02694631,0.02538484,0.02363961,0.02171231,0.01961119,0.01734292,0.01491903,0.01234893,0.009648053,0.006829038,0.003910661,0.0009085254,-0.00215573,-0.00526391,-0.008391932,-0.0115196,-0.01462117,-0.01767531,-0.02065536,-0.02353961,-0.02630162,-0.02892055,-0.03137124,-0.03363472,-0.03568821,-0.03751601,-0.03909919,-0.04042618,-0.04148246,-0.04226191,-0.04275589,-0.04296418,-0.04288397,-0.04252129,-0.04187997,-0.0409726,-0.03980863,-0.03840627,-0.03678069,-0.03495514,-0.03294889,-0.0307888,-0.02849719,-0.02610315,-0.02363012,-0.02110776,-0.01855946,-0.01601368,-0.01349155,-0.01101894,-0.008613963,-0.006298729,-0.004086532,-0.001994358,-3.072364e-05,0.001792423,0.003472481,0.005003178,0.006387136,0.007623141,0.008718978,0.009678064,0.01051206,0.01122811,0.0118416,0.01236205,0.01280634,0.01318541,0.01351767,0.01381458,0.01409356,0.01436438,0.01464413,0.01494157,0.01527068,0.01563693,0.01605198,0.01651856,0.01704471,0.01762917,0.01827706,0.01898352,0.01974925,0.02056528,0.02143222,0.02234097,0.02327279,0.02423713,0.02518877,0.02616345,0.02710466,0.02802099,0.02891289,0.02972889,0.0304776,0.03114034,0.03170657
0.02763085,0.02792281,0.02808677,0.02811349,0.0279917,0.0277106,0.02725573,0.02664427,0.02586962,0.02490784,0.02377197,0.02245717,0.02096737,0.01930558,0.01747606,0.01548749,0.01334609,0.01106425,0.008652197,0.006125212,0.003496825,0.0007852637,-0.00199299,-0.004817068,-0.007668099,-0.01052325,-0.01336193,-0.01615997,-0.01889582,-0.02154499,-0.02408602,-0.02649505,-0.02875165,-0.0308337,-0.03272314,-0.03440085,-0.03585203,-0.03706138,-0.03801871,-0.03871397,-0.0391421,-0.03929846,-0.03918396,-0.03880038,-0.03815478,-0.03725477,-0.03611309,-0.03474346,-0.03316411,-0.03139332,-0.02945353,-0.02736693,-0.02515897,-0.02285401,-0.02047888,-0.01805881,-0.01562041,-0.01318765,-0.01078547,-0.008435669,-0.006159958,-0.003976105,-0.001901365,5.084059e-05,0.001868051,0.00354251,0.005067495,0.006440297,0.007659422,0.00872755,0.0096483,0.01042877,0.01107678,0.01160348,0.01201989,0.01233939,0.0125754,0.01274336,0.01285773,0.01293372,0.01298545,0.01302813,0.01307554,0.01314029,0.01323342,0.01336596,0.0135469,0.01378368,0.01408166,0.01444514,0.01487645,0.01537567,0.01594164,0.01657172,0.01726207,0.01800359,0.0187869,0.01961547,0.02045729,0.02133686,0.02219264,0.02305795,0.02389316,0.02467652,0.02542532,0.02610789,0.02671131,0.02722347
0.02333742,0.02360415,0.02375027,0.02376806,0.02364579,0.0233821,0.02297396,0.022398,0.02164898,0.02074698,0.01967416,0.01843948,0.01703944,0.01548195,0.01376981,0.01191217,0.009916645,0.007795451,0.005558909,0.003222842,0.0008005236,-0.001689276,-0.004230727,-0.006802687,-0.009387284,-0.01196156,-0.0145063,-0.0169976,-0.01941585,-0.021737,-0.02394189,-0.02600745,-0.02791616,-0.02964699,-0.03118498,-0.03251215,-0.03361736,-0.03448694,-0.03511425,-0.03549034,-0.03561413,-0.0354825,-0.03510012,-0.03446943,-0.03360094,-0.03250308,-0.03119213,-0.02968132,-0.02799159,-0.02614073,-0.02415348,-0.0220505,-0.0198588,-0.0176007,-0.01530408,-0.01299102,-0.01068867,-0.008417796,-0.006203196,-0.004062371,-0.002016643,-7.968422e-05,0.001731555,0.003408616,0.004939897,0.006321843,0.00754786,0.00862004,0.009537044,0.0103057,0.01092912,0.01141855,0.01178091,0.01203053,0.01217717,0.01223794,0.0122241,0.01215347,0.01203795,0.01189608,0.01173956,0.01158543,0.01144326,0.01132933,0.0112517,0.0112234,0.01124912,0.01133944,0.01149622,0.01172655,0.01202836,0.01240596,0.01285377,0.01337208,0.01395134,0.01459194,0.0152835,0.01600953,0.01677621,0.0175427,0.0183402,0.01911539,0.01987709,0.0206226,0.02130644,0.02193557,0.02249125,0.0229634
0.01937933,0.01963921,0.01978748,0.01981575,0.0197142,0.01947273,0.01907856,0.01854739,0.01787283,0.01703512,0.01604638,0.01490294,0.01360963,0.01217016,0.01058986,0.008877881,0.00704142,0.005093212,0.00304412,0.0009095136,-0.001296828,-0.003556993,-0.00585476,-0.008170129,-0.0104851,-0.01277834,-0.01503084,-0.01722066,-0.01932854,-0.02133297,-0.02321555,-0.02495606,-0.02653784,-0.02794308,-0.02915799,-0.03016824,-0.03096373,-0.03153424,-0.03187446,-0.03197943,-0.03184887,-0.03148307,-0.03088734,-0.03006783,-0.02903537,-0.02780116,-0.02638085,-0.0247907,-0.02305068,-0.02118047,-0.01920298,-0.01714047,-0.01501757,-0.01285738,-0.01068462,-0.008522049,-0.006392983,-0.004317927,-0.00231759,-0.0004094732,0.001389587,0.003066574,0.004609389,0.006009546,0.007259767,0.008357005,0.009299343,0.01008835,0.01072676,0.01122082,0.01157757,0.01180685,0.01191904,0.01192707,0.01184364,0.01168307,0.01145964,0.01118886,0.01088533,0.0105638,0.01023801,0.009922195,0.00962932,0.009370806,0.009156856,0.00899712,0.008899663,0.00887064,0.00891471,0.009034975,0.009233286,0.009508776,0.009860163,0.01028393,0.01077643,0.01132807,0.01193071,0.01258537,0.01326381,0.01398619,0.01469671,0.01542549,0.0161344,0.01680514,0.01745091,0.01804289,0.01856965,0.01901946
0.015787,0.01604594,0.01620098,0.01624493,0.01616823,0.0159689,0.01564381,0.01517194,0.01455046,0.01379715,0.01289645,0.01185753,0.01067804,0.009366383,0.007926146,0.006366965,0.004696992,0.002928603,0.001072481,-0.0008558453,-0.002843151,-0.004871484,-0.00692559,-0.008985749,-0.01103529,-0.01305335,-0.01502261,-0.01692197,-0.01873436,-0.02043925,-0.02202066,-0.02345967,-0.02474245,-0.02585261,-0.02677931,-0.02750951,-0.02803639,-0.0283513,-0.02845188,-0.02833409,-0.02800084,-0.02745345,-0.02670003,-0.02574681,-0.02460692,-0.02329166,-0.02181887,-0.02020359,-0.01846716,-0.01662791,-0.01470974,-0.01273258,-0.01072138,-0.008696513,-0.006682652,-0.004698913,-0.002768295,-0.0009077342,0.0008628002,0.002530116,0.0040781,0.005497627,0.006777026,0.007912229,0.008896592,0.009730577,0.01041206,0.01094643,0.01133605,0.01159025,0.01171497,0.01172303,0.01162327,0.01143072,0.01115619,0.01081662,0.01042355,0.009994057,0.009539731,0.009077792,0.008619183,0.008179402,0.007767183,0.007397039,0.007076059,0.006815674,0.006619789,0.00649756,0.006450208,0.006483703,0.006595706,0.006789712,0.00706011,0.007406881,0.007820743,0.008301917,0.008839914,0.009420424,0.01004739,0.01068457,0.01135898,0.01202152,0.01268198,0.01333428,0.0139385,0.01450002,0.01500252,0.01543616
0.01259495,0.01286304,0.01303634,0.0131072,0.01306673,0.01290599,0.01261383,0.01220422,0.011671,0.01099811,0.01019677,0.009264298,0.008206108,0.00702637,0.005731104,0.00432951,0.002829327,0.001243044,-0.0004184427,-0.002140382,-0.003909477,-0.005708958,-0.007523688,-0.009335419,-0.01112788,-0.01288215,-0.01458158,-0.01620727,-0.01774298,-0.01917081,-0.02047589,-0.0216421,-0.02265673,-0.02350636,-0.0241814,-0.02467201,-0.02497233,-0.02507657,-0.02498339,-0.0246919,-0.02420534,-0.02352752,-0.02266656,-0.02163128,-0.02043439,-0.01908877,-0.01761092,-0.01601758,-0.01432838,-0.01256232,-0.01074079,-0.008884208,-0.00701454,-0.005152011,-0.003317765,-0.001530785,0.0001898984,0.001828085,0.003367798,0.004796148,0.006101143,0.007274297,0.008308136,0.009198395,0.009941977,0.01053941,0.01099222,0.0113048,0.01148249,0.01153344,0.0114664,0.01129218,0.01102198,0.01066884,0.01024549,0.00976569,0.009243069,0.008691992,0.008125941,0.007558221,0.007001287,0.006467684,0.005968927,0.005514892,0.005114555,0.004776107,0.004506553,0.004310926,0.004193242,0.004155793,0.004200136,0.004325011,0.004529282,0.004809235,0.005161719,0.005577455,0.006049684,0.006577914,0.007137868,0.007745994,0.008352913,0.00898529,0.009607513,0.01020467,0.01078652,0.01132717,0.01181624,0.01224289
0.009788173,0.0100648,0.01025471,0.01035105,0.01034463,0.01023405,0.01001656,0.009674079,0.009204766,0.008623711,0.007918398,0.007097597,0.006160019,0.005114072,0.003963879,0.00271901,0.001387694,-1.816229e-05,-0.001488147,-0.003007762,-0.00456458,-0.006142256,-0.007726925,-0.009301088,-0.01085007,-0.01235585,-0.01380369,-0.01517588,-0.01645844,-0.01763472,-0.01869223,-0.01961623,-0.02039665,-0.02102143,-0.02148353,-0.02177424,-0.02189036,-0.02182726,-0.02158585,-0.02116564,-0.02057217,-0.01980959,-0.01888781,-0.01781502,-0.01660521,-0.01527053,-0.01382857,-0.01229415,-0.01068725,-0.00902484,-0.007328354,-0.005615362,-0.003907415,-0.002221657,-0.0005785938,0.001006484,0.002515224,0.00393489,0.00525034,0.006452581,0.00753021,0.008478072,0.009288818,0.009961786,0.01049398,0.01088858,0.01114633,0.01127444,0.01127721,0.01116491,0.01094451,0.0106289,0.01022711,0.009753468,0.009218317,0.008637205,0.008020709,0.007384168,0.006737885,0.006097076,0.005471231,0.00487391,0.004312565,0.003799827,0.003341616,0.002947872,0.002621743,0.002371225,0.002197112,0.00210468,0.00209162,0.002161117,0.002307945,0.002532301,0.002825646,0.003188496,0.003610835,0.00408088,0.004600866,0.005139677,0.005720207,0.006298707,0.006884041,0.007469478,0.008020652,0.008541427,0.009016113,0.009435805
0.007365378,0.007654299,0.007865216,0.007991121,0.008023529,0.007954827,0.007775674,0.007498418,0.00711714,0.006618856,0.006013929,0.005300543,0.004484304,0.003569549,0.002562523,0.001472023,0.0003057395,-0.0009246797,-0.002208986,-0.003533735,-0.004886857,-0.006253442,-0.007620177,-0.008971252,-0.01029279,-0.01156883,-0.01278563,-0.0139277,-0.01498212,-0.01593472,-0.01677422,-0.01748841,-0.01806825,-0.01850425,-0.01879039,-0.01892053,-0.01889208,-0.01870256,-0.01835339,-0.01784631,-0.01718666,-0.0163801,-0.01543595,-0.0143639,-0.01317687,-0.01188762,-0.01051182,-0.009064988,-0.007564863,-0.006028266,-0.004473777,-0.002918732,-0.001381515,0.0001213675,0.001572893,0.002958229,0.004262723,0.005474416,0.006581689,0.007575759,0.00844868,0.0091956,0.009812512,0.01029817,0.01065222,0.01087737,0.01097698,0.01095674,0.010823,0.01058429,0.01024944,0.009828915,0.009333253,0.008774415,0.008163897,0.007513954,0.006836585,0.006144293,0.005448744,0.004761368,0.004092844,0.003453871,0.002854277,0.002302446,0.001806075,0.00137213,0.001006667,0.0007139847,0.0004976579,0.0003596694,0.0003015454,0.000322208,0.0004209289,0.0005944499,0.0008403304,0.001150325,0.001519081,0.001945462,0.002409085,0.002923368,0.003445628,0.003999035,0.004550962,0.005089816,0.00562266,0.006126685,0.006591902,0.00700843
0.005291888,0.005588376,0.005814599,0.005964231,0.006029378,0.006008376,0.00589873,0.005685026,0.00536665,0.00495629,0.004443761,0.003837309,0.003136411,0.002349093,0.001479559,0.0005368217,-0.0004714048,-0.001534259,-0.002642273,-0.003782595,-0.004944282,-0.006113207,-0.007277516,-0.008422457,-0.00953585,-0.01060289,-0.01161173,-0.01254821,-0.01340154,-0.0141588,-0.01481083,-0.01534668,-0.01575952,-0.01604097,-0.01618698,-0.01619221,-0.01605599,-0.01577654,-0.0153567,-0.01479815,-0.01410758,-0.01329042,-0.01235686,-0.01131544,-0.01017945,-0.008960416,-0.007674175,-0.006334006,-0.004957259,-0.003558462,-0.002155613,-0.0007631695,0.0006013353,0.001924349,0.003189733,0.004385969,0.005499148,0.006520266,0.00743841,0.008247945,0.008941246,0.009515982,0.009967936,0.01029848,0.01050693,0.01059767,0.01057292,0.01044021,0.0102044,0.009875254,0.009459583,0.008969012,0.008411735,0.007800324,0.007143798,0.006455514,0.00574449,0.005023751,0.004301972,0.003592003,0.002901783,0.002242764,0.001621195,0.001047814,0.000527624,6.917971e-05,-0.000324771,-0.0006472088,-0.0008973149,-0.001070285,-0.001167892,-0.001187041,-0.001132018,-0.001002231,-0.0008048868,-0.0005390963,-0.000213676,0.0001619632,0.0005891096,0.001041633,0.001538662,0.002042199,0.002560508,0.003085972,0.003589602,0.004073961,0.004525196,0.004934886
0.003552167,0.003856126,0.004097928,0.004271354,0.004369318,0.004384859,0.004310062,0.004155298,0.003915689,0.003581084,0.003160346,0.002652473,0.002062822,0.001395605,0.0006567481,-0.0001457855,-0.001004946,-0.001910459,-0.002853314,-0.003821922,-0.004805986,-0.005792961,-0.006771798,-0.007729506,-0.008654886,-0.009535136,-0.01035949,-0.01111587,-0.0117945,-0.01238468,-0.01287827,-0.01326646,-0.0135432,-0.01370214,-0.01373989,-0.01365301,-0.01344104,-0.01310361,-0.0126436,-0.01206409,-0.01137106,-0.01057071,-0.009672127,-0.008684576,-0.007619813,-0.00648929,-0.005306657,-0.004085239,-0.002839941,-0.001584694,-0.0003346421,0.0008963206,0.002093665,0.003244607,0.004336137,0.005357205,0.006297071,0.007147307,0.007899869,0.008549079,0.009090001,0.009520206,0.009837955,0.01004368,0.01013851,0.01012593,0.0100099,0.009796121,0.009490737,0.009101507,0.008636369,0.008104391,0.007514685,0.006877345,0.006202072,0.00549905,0.004778289,0.004050091,0.003324148,0.002609862,0.001916143,0.001251842,0.0006252415,4.334768e-05,-0.0004871926,-0.0009604425,-0.001371001,-0.001715062,-0.001989172,-0.002191388,-0.002319889,-0.002375288,-0.002357605,-0.002269353,-0.002111997,-0.001892437,-0.001614505,-0.001279537,-0.000904036,-0.0004772535,-3.506164e-05,0.0004420503,0.0009258538,0.001406579,0.001889113,0.002353789,0.002792118,0.003194918
0.002108441,0.002413293,0.002663389,0.002853034,0.002975529,0.003029223,0.003011836,0.002910574,0.002725521,0.002467148,0.002127378,0.001713529,0.001225573,0.0006706917,5.279705e-05,-0.0006201725,-0.001341458,-0.002101754,-0.002892988,-0.003704417,-0.004526965,-0.005349082,-0.006161192,-0.00695149,-0.007710392,-0.008426312,-0.00909019,-0.009691231,-0.01022145,-0.01067129,-0.0110343,-0.01130271,-0.01147214,-0.01153702,-0.01149536,-0.01134413,-0.01108413,-0.01071523,-0.01024105,-0.009664225,-0.008991382,-0.008228047,-0.007383497,-0.006465573,-0.005485805,-0.004454149,-0.003383887,-0.002286045,-0.001174771,-6.173675e-05,0.001038753,0.00211545,0.003154767,0.004146511,0.005078518,0.005942497,0.006728299,0.007429838,0.008039505,0.008554012,0.008968421,0.00928208,0.00949273,0.0096026,0.009612113,0.00952576,0.009346109,0.009079955,0.00873179,0.008309993,0.007820406,0.007272722,0.006673727,0.006033731,0.005360068,0.004663605,0.003951617,0.003234684,0.002519818,0.001817513,0.001134247,0.0004794669,-0.0001416134,-0.0007199848,-0.001251333,-0.001728297,-0.002148281,-0.002505047,-0.002797492,-0.003021099,-0.003176851,-0.003261585,-0.003278386,-0.003226158,-0.003110512,-0.00293014,-0.002692288,-0.002404154,-0.002064927,-0.001695943,-0.001281522,-0.0008537127,-0.0004052206,5.631987e-05,0.0005068296,0.0009477816,0.001367166,0.001757351
0.0009426362,0.001246285,0.001502651,0.001706247,0.001850764,0.001930556,0.001939147,0.001885123,0.001764159,0.001568443,0.001305549,0.0009748482,0.000581146,0.0001281423,-0.0003789322,-0.0009333558,-0.001529099,-0.00215766,-0.00281159,-0.003481486,-0.004159051,-0.004834305,-0.005498555,-0.006141667,-0.006755038,-0.007328883,-0.007855142,-0.008324794,-0.008730743,-0.009065232,-0.009322609,-0.009496749,-0.009583784,-0.009579623,-0.009482589,-0.009290952,-0.009005382,-0.008626586,-0.008157838,-0.007602527,-0.00696631,-0.006254906,-0.005476287,-0.004638435,-0.003751214,-0.002824108,-0.001868225,-0.0008942691,8.594002e-05,0.001061504,0.002020696,0.002952919,0.003847189,0.004694025,0.005483859,0.006208755,0.006861092,0.007435114,0.0079254,0.008328393,0.008641118,0.00886254,0.008992124,0.009030974,0.008980685,0.008844616,0.008626428,0.008331051,0.007963695,0.007530747,0.007038682,0.006494781,0.005906335,0.005281348,0.004627519,0.003952886,0.003265397,0.002573217,0.001884099,0.001205561,0.0005448427,-9.085132e-05,-0.0006946424,-0.001260677,-0.001783236,-0.002257176,-0.00267764,-0.003041089,-0.003344119,-0.003584622,-0.003760443,-0.003871534,-0.003917213,-0.003899047,-0.003817576,-0.003678121,-0.003483181,-0.00323386,-0.002943141,-0.002602432,-0.002241022,-0.001842909,-0.001432125,-0.001016182,-0.0005920096,-0.0001761636,0.0002236487,0.0005994852
2.035565e-05,0.0003158904,0.0005708505,0.0007802123,0.0009381885,0.001043387,0.001093877,0.001079396,0.001000187,0.0008645462,0.0006663196,0.0004115852,0.0001005403,-0.0002608208,-0.0006691652,-0.001117966,-0.00160169,-0.002112851,-0.00264499,-0.003189632,-0.003739675,-0.004286165,-0.004821768,-0.005337491,-0.005826147,-0.006279068,-0.006689618,-0.007049879,-0.007354178,-0.00759568,-0.00777,-0.007871781,-0.007898323,-0.007846035,-0.007714121,-0.007500978,-0.007207996,-0.006835807,-0.006387953,-0.00586715,-0.005279201,-0.004628972,-0.003924193,-0.003171379,-0.002379848,-0.001557575,-0.0007150415,0.0001391586,0.0009940817,0.001840843,0.002668586,0.003468955,0.004231834,0.00494985,0.00561413,0.006218901,0.006756939,0.007224233,0.007615561,0.007929077,0.008161591,0.008313238,0.008382807,0.008372565,0.008283251,0.008118744,0.007881299,0.007576442,0.007207783,0.00678195,0.006303484,0.005779942,0.005216528,0.004621236,0.003999677,0.003360291,0.002708673,0.002053105,0.001399058,0.0007548589,0.0001256797,-0.0004808375,-0.001060371,-0.001605459,-0.002112347,-0.002574727,-0.002990069,-0.003352819,-0.003661538,-0.003911949,-0.004104224,-0.004235122,-0.004306525,-0.004316861,-0.004270141,-0.004164691,-0.004006092,-0.003799546,-0.00354446,-0.003257655,-0.002926612,-0.002577425,-0.002204176,-0.001813691,-0.001425462,-0.001038881,-0.0006643491,-0.0003084778
-0.0006762556,-0.0003915082,-0.0001408697,7.098088e-05,0.0002388161,0.0003579235,0.0004231598,0.000441255,0.0004087093,0.00031952,0.0001797909,-1.089692e-05,-0.0002485634,-0.000530223,-0.0008516101,-0.001207412,-0.001592838,-0.002001264,-0.00242691,-0.002862567,-0.003301923,-0.003737441,-0.004162625,-0.004569939,-0.004953069,-0.005304853,-0.005619493,-0.005890501,-0.006112895,-0.006281225,-0.006391673,-0.006440087,-0.006424047,-0.006340979,-0.006190152,-0.005970797,-0.005683958,-0.005330699,-0.004914014,-0.004436954,-0.00390426,-0.003320672,-0.002692591,-0.002026374,-0.001329731,-0.0006100206,0.0001242487,0.000864938,0.001603153,0.002330764,0.003039096,0.003720381,0.004366635,0.004971052,0.005526812,0.00602835,0.006470376,0.006849008,0.007160624,0.007402984,0.007574281,0.00767412,0.007702466,0.007660442,0.007549519,0.007372426,0.007132087,0.006832309,0.006477089,0.006071252,0.005619687,0.005127835,0.004601176,0.004045693,0.003467188,0.002871698,0.002265285,0.001654166,0.001044352,0.0004416732,-0.0001481179,-0.0007192849,-0.001266202,-0.001784038,-0.00226791,-0.002713392,-0.003116134,-0.003472847,-0.003780206,-0.004035964,-0.004237709,-0.004384796,-0.004475959,-0.004511881,-0.004492313,-0.004421049,-0.00429946,-0.004128272,-0.003917301,-0.00365979,-0.003378847,-0.003061774,-0.002728094,-0.002383742,-0.002026848,-0.001670961,-0.001322585,-0.0009885671
-0.001178096,-0.0009101262,-0.0006705499,-0.0004636035,-0.000293873,-0.0001627924,-7.197872e-05,-2.949498e-05,-3.490341e-05,-8.197821e-05,-0.0001754009,-0.0003103875,-0.0004867362,-0.0006997681,-0.0009468879,-0.001223074,-0.001524099,-0.001844302,-0.002178826,-0.002521351,-0.002866621,-0.003208049,-0.003540289,-0.003856807,-0.004152446,-0.004420986,-0.004657748,-0.00485713,-0.005015222,-0.005127273,-0.005190368,-0.005200887,-0.005157188,-0.005056981,-0.004900047,-0.004685568,-0.004414945,-0.004089002,-0.003710707,-0.003282392,-0.002808659,-0.002293379,-0.001742514,-0.001161076,-0.0005561174,6.635841e-05,0.0006985359,0.001334066,0.001964896,0.002584564,0.003185181,0.003760771,0.004304075,0.004809917,0.005272015,0.00568642,0.006048093,0.006354399,0.006601768,0.006789144,0.006914416,0.00697793,0.006978972,0.00691939,0.006799828,0.006623236,0.006391295,0.006108102,0.005776267,0.005400646,0.004984496,0.004533339,0.004050917,0.003543083,0.003013919,0.002469673,0.001914476,0.001354548,0.0007940364,0.0002393206,-0.0003055495,-0.0008345742,-0.001344208,-0.001828433,-0.002283995,-0.002705621,-0.003090867,-0.003434917,-0.003736069,-0.003990407,-0.004197421,-0.004353955,-0.004460833,-0.004516209,-0.004522639,-0.004478277,-0.004387089,-0.00425263,-0.004074345,-0.003864996,-0.003614911,-0.003344492,-0.003048997,-0.002734473,-0.002416074,-0.002093816,-0.001776066,-0.001468519
-0.001503389,-0.001254392,-0.001028476,-0.0008294859,-0.0006615607,-0.0005285158,-0.0004343323,-0.0003740269,-0.000350342,-0.0003677864,-0.0004217271,-0.0005125193,-0.0006371062,-0.0007932854,-0.0009778275,-0.001186815,-0.001416693,-0.001662613,-0.001920354,-0.0021847,-0.002451099,-0.002714157,-0.002969248,-0.00321103,-0.003435063,-0.003636324,-0.003810787,-0.003953954,-0.004062422,-0.004132472,-0.004161565,-0.004146934,-0.004087067,-0.003980348,-0.003826486,-0.003625173,-0.003377392,-0.003084148,-0.002747817,-0.002370819,-0.00195676,-0.001509241,-0.001033025,-0.000532835,-1.432084e-05,0.000517137,0.00105538,0.001594527,0.002128212,0.002650631,0.003155642,0.003637758,0.004091386,0.004511775,0.004894207,0.005234845,0.005530085,0.005777302,0.005974079,0.006118942,0.006210745,0.0062493,0.006234683,0.006167732,0.006049543,0.005882054,0.005667351,0.005408088,0.005107083,0.004767693,0.004393358,0.003987874,0.003555121,0.003099315,0.002624613,0.00213533,0.001635894,0.00113084,0.0006246658,0.000121734,-0.0003735236,-0.000856682,-0.001323265,-0.001769397,-0.002191019,-0.002584432,-0.002945857,-0.00327235,-0.003560805,-0.003808995,-0.004014446,-0.00417612,-0.004292402,-0.004363297,-0.004388011,-0.004369017,-0.004306828,-0.004201801,-0.004061,-0.003879259,-0.00367403,-0.003435656,-0.003179244,-0.002909375,-0.002625016,-0.002336816,-0.002049996,-0.001770202
-0.001680784,-0.001455107,-0.001247942,-0.001062718,-0.0009030335,-0.0007701188,-0.0006652985,-0.0005946109,-0.000557759,-0.000550298,-0.0005756433,-0.0006303236,-0.0007142061,-0.0008239073,-0.0009575586,-0.001111565,-0.001282899,-0.001467554,-0.001662087,-0.00186206,-0.002063789,-0.002262684,-0.002455034,-0.002636323,-0.002803005,-0.002950811,-0.003076555,-0.003176426,-0.003247796,-0.003287465,-0.003293515,-0.003263549,-0.003196554,-0.003091067,-0.002947076,-0.002764154,-0.002543422,-0.002285605,-0.001992913,-0.001667113,-0.001311553,-0.0009290599,-0.0005239122,-9.970562e-05,0.0003385481,0.0007865926,0.001238919,0.001691074,0.002137424,0.002573476,0.002993748,0.003394126,0.003769599,0.004116633,0.00443092,0.004709799,0.004949831,0.005149266,0.00530568,0.005418409,0.005486015,0.005508778,0.005486193,0.00541955,0.005309252,0.005157313,0.004964817,0.004734553,0.004468232,0.004169158,0.003839485,0.003482998,0.003102212,0.002701178,0.002282702,0.001851179,0.001409523,0.0009621947,0.0005122155,6.42693e-05,-0.00037858,-0.0008118079,-0.001232598,-0.00163629,-0.002020166,-0.002379996,-0.002713552,-0.003016846,-0.003288115,-0.003523965,-0.003723468,-0.003883761,-0.004004902,-0.004085016,-0.004125497,-0.004124541,-0.004084725,-0.004008311,-0.003894746,-0.003753231,-0.00357662,-0.003380063,-0.003160062,-0.002921456,-0.002675534,-0.002422678,-0.002169422,-0.001920319
-0.001729696,-0.00152847,-0.001341704,-0.00117241,-0.001023761,-0.0008986343,-0.0007999691,-0.0007243267,-0.0006738347,-0.0006517295,-0.0006547038,-0.0006831169,-0.0007347919,-0.0008082531,-0.0009012279,-0.001011037,-0.001135214,-0.001270444,-0.001413826,-0.001561816,-0.001711312,-0.001858669,-0.002000755,-0.002133982,-0.002255363,-0.002361542,-0.002449827,-0.002517228,-0.002561486,-0.00258015,-0.002571553,-0.002533894,-0.002466209,-0.002367483,-0.002237586,-0.002076392,-0.001884638,-0.001663092,-0.001413438,-0.001137406,-0.0008375072,-0.000516267,-0.0001769772,0.0001770869,0.0005420464,0.0009141992,0.001289342,0.001663452,0.002032207,0.002391662,0.002737666,0.003066505,0.00337442,0.003658207,0.003914708,0.00414134,0.004335701,0.004496022,0.004620691,0.004708703,0.004759282,0.00477227,0.00474769,0.004686042,0.004588014,0.004454823,0.004287804,0.004088639,0.003859146,0.00360148,0.003317888,0.003010837,0.002682901,0.002336871,0.00197556,0.001601881,0.001218905,0.0008297783,0.0004377044,4.579808e-05,-0.0003426825,-0.0007244776,-0.001096194,-0.001454863,-0.001797283,-0.002120515,-0.002421469,-0.002697667,-0.002946426,-0.003165727,-0.003353296,-0.003507946,-0.003628011,-0.003713082,-0.003762119,-0.003776558,-0.003756362,-0.003701616,-0.003617087,-0.003499018,-0.003359838,-0.003192613,-0.003008409,-0.002810506,-0.002598456,-0.002380179,-0.002159698,-0.001941358
-0.001677301,-0.001502866,-0.00133953,-0.001189901,-0.001056616,-0.0009407015,-0.0008431798,-0.0007683419,-0.0007160246,-0.0006832932,-0.000672512,-0.0006813693,-0.0007098075,-0.0007555753,-0.0008174305,-0.0008929927,-0.0009802426,-0.001076539,-0.001179598,-0.001286505,-0.001394827,-0.001501563,-0.001604274,-0.001700017,-0.001786469,-0.001860857,-0.0019211,-0.00196473,-0.001990037,-0.001994953,-0.001978238,-0.001938352,-0.00187465,-0.00178621,-0.001673046,-0.001534917,-0.001372588,-0.001186575,-0.0009783633,-0.0007491547,-0.0005011846,-0.0002363535,4.249223e-05,0.0003329531,0.0006317044,0.0009359176,0.001241948,0.001546851,0.001846909,0.002139161,0.002419996,0.002686711,0.002936009,0.003165573,0.003372568,0.003555248,0.003711342,0.003839694,0.003938687,0.004007863,0.004046234,0.00405394,0.00403058,0.003976936,0.003893185,0.003780562,0.00363967,0.003472248,0.003279305,0.003062917,0.002824396,0.002566151,0.002289757,0.001997835,0.001692195,0.001375741,0.001050414,0.0007192254,0.0003842615,4.876626e-05,-0.0002850653,-0.0006140147,-0.0009359717,-0.001247538,-0.00154659,-0.001829945,-0.002095744,-0.002340905,-0.002563832,-0.002761808,-0.002933778,-0.003077373,-0.003192225,-0.00327666,-0.003331274,-0.003354497,-0.003347837,-0.003312606,-0.003248289,-0.003161097,-0.003046077,-0.002913738,-0.002761688,-0.002593518,-0.002417119,-0.002233027,-0.002045985,-0.001859419
-0.001543934,-0.001396037,-0.001256401,-0.001127211,-0.001010699,-0.0009089186,-0.0008238843,-0.000753495,-0.0006992546,-0.0006633105,-0.0006435262,-0.0006402234,-0.0006519895,-0.0006779265,-0.0007165648,-0.00076622,-0.0008253081,-0.0008917328,-0.0009636417,-0.001038797,-0.001115223,-0.001190624,-0.001263012,-0.001330128,-0.001390079,-0.001440755,-0.001480452,-0.001507289,-0.001519835,-0.001516549,-0.001496375,-0.001458182,-0.001401355,-0.001325263,-0.001229822,-0.001114963,-0.0009811552,-0.0008288983,-0.0006592657,-0.0004733706,-0.0002728144,-5.921751e-05,0.0001653208,0.0003987019,0.0006384545,0.0008822103,0.001127294,0.001371134,0.001610982,0.001844321,0.002068511,0.002281183,0.002479945,0.002662748,0.002827577,0.002972774,0.003096794,0.003198487,0.003276797,0.003331041,0.003360682,0.003365556,0.003345614,0.003301093,0.003232347,0.003140057,0.003024978,0.002888075,0.002730408,0.002553247,0.002357936,0.002145956,0.001918884,0.001678438,0.001426383,0.001164558,0.0008949443,0.0006195845,0.0003406053,6.009035e-05,-0.0002197296,-0.0004966108,-0.000768168,-0.001032281,-0.00128662,-0.001529026,-0.001757185,-0.00196919,-0.002162949,-0.002336824,-0.002488966,-0.002618276,-0.002723304,-0.00280349,-0.002857828,-0.002887023,-0.002890776,-0.002869042,-0.00282475,-0.002755417,-0.002669163,-0.00256144,-0.002439706,-0.002306138,-0.002160687,-0.002008792,-0.001853272,-0.001697251
-0.00135474,-0.001233663,-0.001118587,-0.001011315,-0.0009136156,-0.000826267,-0.0007499966,-0.0006876129,-0.0006390546,-0.0006025605,-0.0005796408,-0.0005689077,-0.0005703515,-0.000582616,-0.0006049481,-0.0006359132,-0.000674276,-0.0007184439,-0.0007670218,-0.0008182517,-0.0008706495,-0.000922405,-0.0009720318,-0.001017755,-0.00105816,-0.001091571,-0.001116719,-0.001132111,-0.001136699,-0.00112923,-0.001108938,-0.001074887,-0.001026672,-0.0009637279,-0.0008860507,-0.0007934892,-0.000686497,-0.0005653862,-0.0004310504,-0.0002842201,-0.0001262501,4.169953e-05,0.0002178988,0.0004008821,0.0005886254,0.0007793989,0.0009709809,0.001161571,0.001348903,0.001531163,0.001706146,0.001872195,0.002027292,0.002170009,0.002298601,0.002411986,0.002508753,0.002588167,0.002649206,0.00269155,0.002714545,0.002718221,0.002702268,0.002667096,0.002612734,0.002539857,0.002448746,0.00234038,0.002215286,0.002074652,0.001919199,0.001750331,0.001568948,0.001376607,0.001174381,0.0009640354,0.0007467612,0.0005244326,0.0002983749,7.06558e-05,-0.0001572805,-0.0003833321,-0.0006060563,-0.0008231862,-0.001033219,-0.001233978,-0.001424082,-0.001601376,-0.00176461,-0.001911831,-0.002042112,-0.002153709,-0.002246126,-0.002318071,-0.002369683,-0.002399765,-0.002409093,-0.002398343,-0.002367095,-0.002319179,-0.002251462,-0.002170587,-0.002075081,-0.001967353,-0.001852447,-0.001730885,-0.001605794,-0.001479526
-0.001129511,-0.001033625,-0.0009419319,-0.0008558472,-0.0007767897,-0.0007060409,-0.0006448237,-0.0005920961,-0.0005488282,-0.0005161987,-0.0004930409,-0.000479576,-0.0004750038,-0.0004788279,-0.0004902015,-0.0005081727,-0.000531823,-0.0005599565,-0.0005915056,-0.000625189,-0.000659869,-0.000694229,-0.0007271234,-0.0007572558,-0.0007835343,-0.0008047438,-0.0008198983,-0.000827912,-0.0008279532,-0.0008191263,-0.0008008119,-0.0007723474,-0.000733367,-0.0006834923,-0.0006226617,-0.0005508217,-0.0004682301,-0.0003751628,-0.0002722289,-0.0001600585,-3.956987e-05,8.830936e-05,0.0002223695,0.0003614054,0.0005039892,0.0006487553,0.0007941531,0.0009386991,0.001080799,0.001218994,0.00135175,0.00147769,0.001595418,0.001703737,0.001801463,0.001887619,0.001961285,0.00202177,0.002068426,0.002100826,0.002118611,0.002121644,0.002109837,0.002083275,0.0020421,0.001986643,0.00191727,0.001834478,0.00173881,0.00163094,0.001511583,0.001381547,0.001241694,0.001092987,0.0009364182,0.0007730485,0.0006040249,0.0004305535,0.0002538992,7.533139e-05,-0.0001037843,-0.0002820509,-0.0004579792,-0.0006302032,-0.0007972226,-0.000957619,-0.001109873,-0.001252687,-0.001384641,-0.001504579,-0.001611214,-0.0017037,-0.001780985,-0.001842561,-0.00188766,-0.001916532,-0.001928844,-0.00192456,-0.0019052,-0.001869434,-0.001821817,-0.001759862,-0.001687984,-0.001607411,-0.001518407,-0.001424246,-0.001326709,-0.001227788
-0.0008900179,-0.0008177964,-0.0007483959,-0.0006828989,-0.0006223454,-0.0005672288,-0.0005180009,-0.0004762684,-0.0004420327,-0.0004143669,-0.0003941158,-0.0003805569,-0.0003736985,-0.0003728271,-0.0003775418,-0.000387084,-0.0004007886,-0.0004178096,-0.0004373954,-0.0004586094,-0.0004806509,-0.0005025539,-0.0005235153,-0.0005425861,-0.0005589993,-0.0005718569,-0.0005804675,-0.0005840273,-0.0005819617,-0.0005735917,-0.0005584916,-0.0005361499,-0.0005063331,-0.0004687278,-0.000423315,-0.0003700027,-0.0003090198,-0.0002405244,-0.0001649841,-8.278368e-05,5.357554e-06,9.882008e-05,0.0001966791,0.0002981479,0.0004021395,0.0005077216,0.0006136965,0.0007190921,0.0008226827,0.0009234857,0.001020305,0.001112239,0.001198187,0.001277367,0.001348823,0.001411953,0.001465975,0.001510469,0.001544858,0.001568938,0.001582325,0.001584998,0.001576748,0.001557758,0.001527995,0.001487779,0.001437213,0.001376778,0.001306709,0.001227606,0.001139811,0.001044049,0.0009407684,0.000830788,0.0007146665,0.0005933529,0.0004674887,0.0003381021,0.0002059315,7.213503e-05,-6.245837e-05,-0.0001966472,-0.0003295773,-0.0004599308,-0.0005867949,-0.0007088779,-0.0008253117,-0.0009347965,-0.001036519,-0.001129278,-0.001212428,-0.001284875,-0.001346214,-0.001395607,-0.001433011,-0.001457657,-0.001469883,-0.001469984,-0.00145768,-0.001435035,-0.00140032,-0.0013572,-0.001304892,-0.001244785,-0.001179704,-0.001110034,-0.001037574,-0.0009637187
-0.0006536281,-0.0006022863,-0.0005527422,-0.0005057519,-0.000462074,-0.0004223394,-0.0003871282,-0.0003561844,-0.0003300307,-0.0003090369,-0.0002927878,-0.0002813567,-0.0002743966,-0.0002716546,-0.0002727296,-0.0002771626,-0.0002845014,-0.0002941662,-0.0003056385,-0.0003182906,-0.0003315696,-0.0003448279,-0.0003575084,-0.0003689719,-0.0003786861,-0.0003860486,-0.0003905772,-0.0003917303,-0.0003891001,-0.0003822347,-0.0003708281,-0.0003545403,-0.0003331893,-0.0003065728,-0.000274657,-0.0002373967,-0.000194917,-0.0001473366,-9.495293e-05,-3.805642e-05,2.289939e-05,8.747327e-05,0.0001550662,0.0002251022,0.0002968727,0.0003697176,0.0004428625,0.0005155911,0.0005871069,0.0006567008,0.0007236002,0.0007871364,0.0008466017,0.000901412,0.0009509596,0.0009947673,0.001032353,0.001063374,0.001087479,0.001104453,0.001114084,0.001116291,0.00111099,0.00109821,0.001077979,0.001050443,0.001015731,0.0009740756,0.0009256969,0.0008709131,0.0008100304,0.0007434392,0.0006715264,0.0005947624,0.0005136079,0.0004285982,0.0003402809,0.0002492706,0.000156187,6.169831e-05,-3.350621e-05,-0.0001286859,-0.0002230829,-0.0003159462,-0.0004064869,-0.0004939213,-0.000577445,-0.0006563165,-0.0007297649,-0.0007971133,-0.0008576553,-0.0009108598,-0.0009561365,-0.0009931371,-0.00102143,-0.001041021,-0.001051677,-0.001053463,-0.001046886,-0.001031603,-0.001009407,-0.0009794872,-0.0009438689,-0.0009030353,-0.0008575106,-0.0008088122,-0.0007578941,-0.0007058069
-0.0004373129,-0.0004039285,-0.0003716039,-0.0003408436,-0.0003121253,-0.000285689,-0.000261752,-0.0002410372,-0.0002235588,-0.0002089296,-0.0001975228,-0.0001890402,-0.0001834899,-0.0001805739,-0.0001801219,-0.0001818143,-0.0001853661,-0.0001904188,-0.0001966495,-0.0002036597,-0.0002111051,-0.0002185732,-0.000225718,-0.0002321332,-0.000237487,-0.0002413938,-0.0002435529,-0.0002436175,-0.0002413357,-0.0002364126,-0.0002286591,-0.0002178508,-0.0002038803,-0.0001866073,-0.0001660162,-0.0001420615,-0.0001148343,-8.43968e-05,-5.094356e-05,-1.46349e-05,2.422502e-05,6.537368e-05,0.0001084168,0.0001530189,0.0001987141,0.0002451024,0.0002916688,0.0003379946,0.000383551,0.0004279132,0.000470563,0.0005111088,0.0005490718,0.0005841101,0.0006158042,0.0006438884,0.000668016,0.0006879975,0.0007035713,0.0007146401,0.0007210227,0.0007226973,0.0007195573,0.0007116657,0.0006989905,0.0006816529,0.0006596771,0.0006332544,0.0006024669,0.0005675569,0.0005286547,0.0004860596,0.0004399513,0.0003906736,0.0003384587,0.0002837133,0.0002267122,0.0001679031,0.0001076108,4.634833e-05,-1.551142e-05,-7.742799e-05,-0.0001390084,-0.0001996525,-0.0002589325,-0.0003162516,-0.0003711936,-0.0004231511,-0.0004717256,-0.0005163475,-0.0005566875,-0.0005922217,-0.0006227251,-0.0006477879,-0.0006673476,-0.0006810294,-0.000688949,-0.000691205,-0.0006876594,-0.0006791916,-0.0006650521,-0.0006468322,-0.0006242077,-0.0005978015,-0.0005688616,-0.0005375931,-0.0005048055,-0.0004711431
-0.0002542966,-0.0002352569,-0.0002167822,-0.000199145,-0.0001826344,-0.0001674075,-0.0001535852,-0.0001414286,-0.0001311341,-0.0001224795,-0.0001155656,-0.0001103187,-0.0001066906,-0.0001045537,-0.000103791,-0.000104239,-0.0001057368,-0.0001080822,-0.0001111016,-0.0001145687,-0.0001182986,-0.0001220559,-0.000125655,-0.0001288631,-0.000131503,-0.0001333527,-0.0001342522,-0.000134,-0.0001324633,-0.0001294695,-0.0001249199,-0.0001186809,-0.0001106986,-0.0001008863,-8.924103e-05,-7.572901e-05,-6.040557e-05,-4.329695e-05,-2.451712e-05,-4.147688e-06,1.76384e-05,4.070209e-05,6.481915e-05,8.98082e-05,0.0001154065,0.0001413976,0.0001674904,0.0001934548,0.0002189939,0.0002438747,0.0002678052,0.0002905688,0.0003118964,0.0003315986,0.0003494387,0.0003652678,0.0003788913,0.0003902021,0.0003990514,0.0004053816,0.0004090904,0.0004101619,0.0004085349,0.0004042371,0.0003972502,0.0003876361,0.0003754071,0.0003606608,0.0003434442,0.0003238834,0.0003020531,0.0002781095,0.0002521581,0.0002243806,0.000194911,0.0001639652,0.0001317081,9.837853e-05,6.416973e-05,2.935406e-05,-5.841805e-06,-4.112565e-05,-7.625639e-05,-0.0001109186,-0.0001448428,-0.0001777105,-0.0002092549,-0.0002391605,-0.0002671621,-0.0002929678,-0.0003163415,-0.0003370317,-0.0003548434,-0.0003696033,-0.0003811888,-0.0003894981,-0.0003944355,-0.0003961912,-0.0003946167,-0.0003901134,-0.000382566,-0.0003723807,-0.0003599213,-0.0003451644,-0.0003288321,-0.0003111957,-0.0002926387,-0.0002735359
-0.0001156966,-0.000107161,-9.885948e-05,-9.09217e-05,-8.346968e-05,-7.656665e-05,-7.02699e-05,-6.476134e-05,-6.004693e-05,-5.603402e-05,-5.281545e-05,-5.032056e-05,-4.855212e-05,-4.743871e-05,-4.693913e-05,-4.697624e-05,-4.748058e-05,-4.836515e-05,-4.955114e-05,-5.09416e-05,-5.245222e-05,-5.398251e-05,-5.544757e-05,-5.674816e-05,-5.780272e-05,-5.851671e-05,-5.881598e-05,-5.861519e-05,-5.785189e-05,-5.645314e-05,-5.437161e-05,-5.155137e-05,-4.796491e-05,-4.357674e-05,-3.838172e-05,-3.236746e-05,-2.555501e-05,-1.795839e-05,-9.624115e-06,-5.903327e-07,9.069368e-06,1.929157e-05,2.998033e-05,4.105408e-05,5.239904e-05,6.391757e-05,7.548344e-05,8.69942e-05,9.831989e-05,0.0001093562,0.0001199755,0.0001300814,0.0001395552,0.0001483126,0.0001562491,0.0001632986,0.0001693741,0.0001744279,0.0001783934,0.0001812452,0.000182936,0.0001834585,0.0001827836,0.0001809241,0.000177869,0.0001736455,0.000168256,0.0001617448,0.0001541287,0.0001454647,0.0001357816,0.0001251507,0.0001136138,0.0001012537,8.812572e-05,7.432929e-05,5.993123e-05,4.504214e-05,2.974251e-05,1.416029e-05,-1.610724e-06,-1.743441e-05,-3.321058e-05,-4.878691e-05,-6.40532e-05,-7.885662e-05,-9.308849e-05,-0.0001065923,-0.0001192626,-0.0001309514,-0.0001415699,-0.0001509809,-0.0001591211,-0.0001658822,-0.0001712417,-0.0001751004,-0.0001774819,-0.0001784053,-0.0001778343,-0.0001759817,-0.000172664,-0.000168272,-0.0001627288,-0.0001561907,-0.0001489681,-0.0001411177,-0.0001328433,-0.0001243097
-2.935288e-05,-2.722925e-05,-2.517465e-05,-2.320524e-05,-2.136587e-05,-1.956337e-05,-1.767731e-05,-1.62254e-05,-1.523145e-05,-1.415776e-05,-1.336912e-05,-1.270065e-05,-1.225222e-05,-1.19465e-05,-1.180334e-05,-1.179642e-05,-1.19035e-05,-1.21008e-05,-1.238001e-05,-1.27047e-05,-1.306691e-05,-1.342723e-05,-1.377917e-05,-1.408381e-05,-1.433613e-05,-1.44964e-05,-1.45618e-05,-1.449518e-05,-1.429876e-05,-1.393623e-05,-1.34128e-05,-1.269653e-05,-1.180015e-05,-1.069591e-05,-9.401061e-06,-7.890748e-06,-6.192199e-06,-4.290885e-06,-2.217402e-06,4.410167e-08,2.451245e-06,5.007886e-06,7.666717e-06,1.043502e-05,1.32622e-05,1.614465e-05,1.902266e-05,2.190094e-05,2.472293e-05,2.748631e-05,3.013146e-05,3.266264e-05,3.502395e-05,3.722042e-05,3.919762e-05,4.097014e-05,4.248685e-05,4.376127e-05,4.474843e-05,4.54746e-05,4.589881e-05,4.604552e-05,4.587428e-05,4.542269e-05,4.466133e-05,4.362296e-05,4.227362e-05,4.06591e-05,3.875302e-05,3.660036e-05,3.417378e-05,3.152635e-05,2.863537e-05,2.555027e-05,2.225196e-05,1.880603e-05,1.519234e-05,1.146785e-05,7.614472e-06,3.70826e-06,-2.583042e-07,-4.220777e-06,-8.204966e-06,-1.212147e-05,-1.597426e-05,-1.969089e-05,-2.329248e-05,-2.66943e-05,-2.990723e-05,-3.285293e-05,-3.555743e-05,-3.793161e-05,-4.000651e-05,-4.171871e-05,-4.312792e-05,-4.409841e-05,-4.462412e-05,-4.498057e-05,-4.469599e-05,-4.45754e-05,-4.352621e-05,-4.259974e-05,-4.130499e-05,-3.936356e-05,-3.760741e-05,-3.565892e-05,-3.361217e-05,-3.14887e-05
0,0,0,0,0,0,0,0,0,0,0,0,0,0,0,0,0,0,0,0,0,0,0,0,0,0,0,0,0,0,0,0,0,0,0,0,0,0,0,0,0,0,0,0,0,0,0,0,0,0,0,0,0,0,0,0,0,0,0,0,0,0,0,0,0,0,0,0,0,0,0,0,0,0,0,0,0,0,0,0,0,0,0,0,0,0,0,0,0,0,0,0,0,0,0,0,0,0,0,0,0,0,0,0,0,0,0,0
