NaN,NaN,NaN,NaN,NaN,NaN,NaN,NaN,NaN,NaN,NaN,NaN,NaN,NaN,NaN,NaN,NaN,NaN,NaN,NaN,0,0,0,0,0,0,0,0,0,0,0,0,0,0,0,0,0,0,0,0,0,0,0,0,0,0,0,0,0,0,0,0,0,0,0,0,0,0,0,0,0,0,0,0,0,0,0,0,0,0,0,0,0,0,0,0,0,0,0,0,0,0,0,0,0,0,0,0,0,0,0,0,0,0,0,0,0,0,0,0,0,NaN,NaN,NaN,NaN,NaN,NaN,NaN,NaN,NaN,NaN,NaN,NaN,NaN,NaN,NaN,NaN,NaN,NaN,NaN
NaN,NaN,NaN,NaN,NaN,NaN,NaN,NaN,NaN,NaN,NaN,NaN,NaN,NaN,NaN,NaN,NaN,NaN,NaN,NaN,9.599825e-07,1.156378e-06,2.150388e-06,4.290819e-06,6.087363e-06,6.316021e-06,5.486399e-06,4.543705e-06,4.042158e-06,3.920667e-06,3.783791e-06,3.317034e-06,2.447573e-06,1.20217e-06,-4.140586e-07,-2.387429e-06,-4.839608e-06,-7.887154e-06,-1.16761e-05,-1.634135e-05,-2.183043e-05,-2.776695e-05,-3.378421e-05,-3.952681e-05,-4.475336e-05,-4.908716e-05,-5.230453e-05,-5.413059e-05,-5.444181e-05,-5.317448e-05,-5.054959e-05,-4.681994e-05,-4.231678e-05,-3.72227e-05,-3.170592e-05,-2.577988e-05,-1.959488e-05,-1.324492e-05,-6.960172e-06,-8.189591e-07,4.936987e-06,1.017739e-05,1.481534e-05,1.901767e-05,2.292746e-05,2.670615e-05,3.032206e-05,3.380139e-05,3.702053e-05,4.002078e-05,4.272951e-05,4.502518e-05,4.667709e-05,4.763239e-05,4.7914e-05,4.779798e-05,4.761901e-05,4.766364e-05,4.793667e-05,4.830643e-05,4.849953e-05,4.832387e-05,4.753085e-05,4.613435e-05,4.421346e-05,4.201443e-05,3.961911e-05,3.71278e-05,3.459198e-05,3.217287e-05,2.983571e-05,2.756488e-05,2.504285e-05,2.229713e-05,1.917021e-05,1.570379e-05,1.161404e-05,7.212932e-06,3.919603e-06,2.652948e-06,2.293066e-06,NaN,NaN,NaN,NaN,NaN,NaN,NaN,NaN,NaN,NaN,NaN,NaN,NaN,NaN,NaN,NaN,NaN,NaN,NaN
NaN,NaN,NaN,NaN,NaN,NaN,NaN,NaN,NaN,NaN,NaN,NaN,NaN,NaN,NaN,NaN,NaN,NaN,NaN,NaN,3.392843e-06,4.209377e-06,8.219743e-06,1.69175e-05,2.416526e-05,2.507572e-05,2.17067e-05,1.781828e-05,1.569368e-05,1.508141e-05,1.44609e-05,1.252317e-05,8.995826e-06,3.953189e-06,-2.528882e-06,-1.045638e-05,-2.025794e-05,-3.246698e-05,-4.760123e-05,-6.626785e-05,-8.818578e-05,-0.0001119269,-0.0001359119,-0.0001588232,-0.0001795935,-0.0001968335,-0.0002095396,-0.0002166999,-0.0002177406,-0.000212527,-0.0002018312,-0.000186764,-0.0001685531,-0.0001480483,-0.0001258211,-0.0001020062,-7.70644e-05,-5.159493e-05,-2.637928e-05,-1.86435e-06,2.11976e-05,4.218875e-05,6.076413e-05,7.749588e-05,9.308429e-05,0.0001081166,0.0001226092,0.0001364193,0.000149222,0.0001610536,0.0001718095,0.0001808575,0.000187381,0.0001910533,0.0001921302,0.000191557,0.0001907834,0.0001908384,0.0001919007,0.0001932978,0.00019403,0.0001931231,0.0001899067,0.0001842392,0.0001766149,0.0001677036,0.0001579859,0.0001479314,0.0001378497,0.0001281702,0.0001187652,0.0001093925,9.936887e-05,8.838614e-05,7.600568e-05,6.190508e-05,4.536042e-05,2.774267e-05,1.464214e-05,9.574357e-06,8.080367e-06,NaN,NaN,NaN,NaN,NaN,NaN,NaN,NaN,NaN,NaN,NaN,NaN,NaN,NaN,NaN,NaN,NaN,NaN,NaN
NaN,NaN,NaN,NaN,NaN,NaN,NaN,NaN,NaN,NaN,NaN,NaN,NaN,NaN,NaN,NaN,NaN,NaN,NaN,NaN,6.380139e-06,8.193331e-06,1.776119e-05,3.846853e-05,5.523478e-05,5.696083e-05,4.875251e-05,3.939021e-05,3.404477e-05,3.221715e-05,3.043059e-05,2.57489e-05,1.748381e-05,5.826028e-06,-9.081296e-06,-2.72268e-05,-4.962282e-05,-7.747694e-05,-0.0001120048,-0.0001545444,-0.0002044575,-0.0002584689,-0.0003129832,-0.0003649532,-0.0004119484,-0.0004507886,-0.0004792159,-0.000494925,-0.0004966494,-0.0004840977,-0.0004590617,-0.0004240618,-0.0003819024,-0.0003345085,-0.0002832177,-0.000228363,-0.0001710177,-0.0001125565,-5.479875e-05,1.242875e-06,5.386173e-05,0.000101721,0.000144041,0.0001821222,0.0002175439,0.0002516485,0.0002844793,0.0003157048,0.000344561,0.0003711508,0.0003952385,0.0004154331,0.000429879,0.0004378633,0.0004399722,0.000438378,0.0004363389,0.0004361899,0.000438315,0.0004411995,0.0004425583,0.0004401713,0.0004325187,0.0004193315,0.0004017242,0.0003812256,0.0003588556,0.000335709,0.0003125315,0.00029032,0.0002687678,0.0002472506,0.000224267,0.0001992376,0.0001711901,0.0001393234,0.0001015896,6.077335e-05,2.998595e-05,1.824632e-05,1.524483e-05,NaN,NaN,NaN,NaN,NaN,NaN,NaN,NaN,NaN,NaN,NaN,NaN,NaN,NaN,NaN,NaN,NaN,NaN,NaN
NaN,NaN,NaN,NaN,NaN,NaN,NaN,NaN,NaN,NaN,NaN,NaN,NaN,NaN,NaN,NaN,NaN,NaN,NaN,NaN,9.002152e-06,1.248516e-05,3.233607e-05,7.398664e-05,0.0001048356,0.0001058524,8.856523e-05,6.967282e-05,5.844487e-05,5.396338e-05,4.975256e-05,4.044383e-05,2.468208e-05,2.85568e-06,-2.483072e-05,-5.834457e-05,-9.960577e-05,-0.0001508285,-0.0002143103,-0.0002924359,-0.0003840067,-0.0004829517,-0.0005826587,-0.0006774823,-0.000762933,-0.0008331626,-0.0008840162,-0.0009113358,-0.0009128849,-0.0008881966,-0.000840581,-0.0007746865,-0.0006956562,-0.0006070236,-0.0005112637,-0.0004090857,-0.000302559,-0.0001942688,-8.751969e-05,1.580733e-05,0.0001126406,0.0002005173,0.0002781258,0.0003478844,0.0004127064,0.0004749896,0.0005347725,0.0005914287,0.0006436267,0.0006915322,0.0007347564,0.0007707602,0.0007962534,0.0008099574,0.0008130032,0.000809339,0.0008049413,0.0008040145,0.0008072308,0.0008117559,0.0008134434,0.0008082833,0.0007935527,0.000768696,0.0007357746,0.0006975389,0.0006560091,0.0006131157,0.0005702032,0.0005290249,0.0004891335,0.0004495659,0.0004076928,0.0003623995,0.0003120775,0.0002551634,0.0001873095,0.0001110828,5.028948e-05,2.656086e-05,2.134125e-05,NaN,NaN,NaN,NaN,NaN,NaN,NaN,NaN,NaN,NaN,NaN,NaN,NaN,NaN,NaN,NaN,NaN,NaN,NaN
NaN,NaN,NaN,NaN,NaN,NaN,NaN,NaN,NaN,NaN,NaN,NaN,NaN,NaN,NaN,NaN,NaN,NaN,NaN,NaN,1.087986e-05,1.773846e-05,5.916972e-05,0.0001369721,0.00018391,0.0001778691,0.0001436562,0.000108887,8.7547e-05,7.789704e-05,6.911685e-05,5.256103e-05,2.572525e-05,-1.067929e-05,-5.643794e-05,-0.0001114323,-0.0001789369,-0.0002625707,-0.000366211,-0.0004935753,-0.0006426656,-0.0008035103,-0.0009652787,-0.001118632,-0.001256205,-0.001368466,-0.001448705,-0.001490224,-0.001489539,-0.001446037,-0.00136519,-0.001254594,-0.001122601,-0.0009749808,-0.0008158573,-0.0006465624,-0.0004705254,-0.0002921277,-0.0001168127,5.230641e-05,0.000210389,0.0003536401,0.0004799965,0.0005933548,0.0006984698,0.0007992074,0.0008957063,0.0009867894,0.00107031,0.00114654,0.00121497,0.001271579,0.001311126,0.001331599,0.001334957,0.001327602,0.001319158,0.001316345,0.001320241,0.001326196,0.001327495,0.001317527,0.001292074,0.001250308,0.001195649,0.001132408,0.001063744,0.0009929133,0.0009223234,0.000854803,0.0007896811,0.0007252038,0.0006578019,0.0005861522,0.0005083239,0.0004218048,0.0003177057,0.0001933995,8.202111e-05,3.450018e-05,2.583568e-05,NaN,NaN,NaN,NaN,NaN,NaN,NaN,NaN,NaN,NaN,NaN,NaN,NaN,NaN,NaN,NaN,NaN,NaN,NaN
NaN,NaN,NaN,NaN,NaN,NaN,NaN,NaN,NaN,NaN,NaN,NaN,NaN,NaN,NaN,NaN,NaN,NaN,NaN,NaN,1.212112e-05,2.750373e-05,0.0001169304,0.0002474417,0.0003013247,0.0002749547,0.0002127267,0.0001540596,0.0001171695,9.891579e-05,8.263296e-05,5.557187e-05,1.363239e-05,-4.194823e-05,-0.0001111126,-0.0001935754,-0.0002945119,-0.0004192601,-0.0005738891,-0.0007636074,-0.0009853975,-0.001224122,-0.001463695,-0.001689931,-0.001891876,-0.002055211,-0.002170048,-0.002226597,-0.002220061,-0.002149671,-0.002023766,-0.001853629,-0.001651747,-0.001426599,-0.001184494,-0.0009276766,-0.0006616783,-0.0003930465,-0.0001299111,0.0001231481,0.0003589751,0.0005720509,0.0007596775,0.0009278199,0.001083486,0.001232268,0.001374151,0.001507493,0.001629165,0.001739614,0.001838092,0.001918812,0.00197426,0.002001644,0.002003929,0.001990642,0.001975973,0.001969736,0.001973305,0.001979706,0.00197903,0.001961775,0.00192165,0.001857421,0.001774096,0.001678151,0.001574553,0.001467884,0.001361637,0.001259991,0.001162315,0.001066689,0.0009679815,0.0008648695,0.0007557711,0.0006389301,0.0005017183,0.0003289029,0.0001438236,4.523399e-05,2.815428e-05,NaN,NaN,NaN,NaN,NaN,NaN,NaN,NaN,NaN,NaN,NaN,NaN,NaN,NaN,NaN,NaN,NaN,NaN,NaN
NaN,NaN,NaN,NaN,NaN,NaN,NaN,NaN,NaN,NaN,NaN,NaN,NaN,NaN,NaN,NaN,NaN,NaN,NaN,1.10451e-05,1.336027e-05,5.341596e-05,0.0002377399,0.0004143316,0.0004515984,0.0003897667,0.0002892463,0.0001991711,0.0001409145,0.0001098341,8.242627e-05,4.146172e-05,-1.944148e-05,-9.831021e-05,-0.0001953857,-0.0003100983,-0.0004500328,-0.0006226147,-0.0008365953,-0.001098701,-0.001404607,-0.001733122,-0.002061871,-0.002370901,-0.002644991,-0.002864367,-0.003015558,-0.003085322,-0.003067503,-0.002961464,-0.002778926,-0.002535527,-0.00224841,-0.001929303,-0.001587134,-0.001225485,-0.0008521735,-0.0004766767,-0.0001103032,0.0002405212,0.0005663914,0.0008602123,0.001118525,0.001349475,0.001562773,0.001765979,0.001959233,0.002139856,0.002303641,0.002451171,0.002581779,0.002687732,0.002759049,0.002792035,0.002791112,0.002769267,0.002745844,0.002733989,0.002735568,0.002740803,0.002736183,0.002708408,0.002649404,0.002557552,0.002439957,0.002305056,0.002159493,0.00200975,0.001861124,0.001719159,0.001583116,0.001449834,0.001313924,0.001174573,0.001031863,0.0008857263,0.0007226325,0.0005185689,0.0002628861,6.978212e-05,3.020291e-05,2.509753e-05,NaN,NaN,NaN,NaN,NaN,NaN,NaN,NaN,NaN,NaN,NaN,NaN,NaN,NaN,NaN,NaN,NaN,NaN
NaN,NaN,NaN,NaN,NaN,NaN,NaN,NaN,NaN,NaN,NaN,NaN,NaN,NaN,NaN,NaN,NaN,NaN,NaN,1.124647e-05,1.627987e-05,0.000128357,0.0004391829,0.0006196311,0.0006194431,0.0005125999,0.000366198,0.0002381212,0.0001525197,0.0001039224,6.116932e-05,2.499995e-06,-8.125757e-05,-0.0001869534,-0.0003155824,-0.0004660298,-0.0006490471,-0.0008741621,-0.001153571,-0.001495141,-0.001893174,-0.002319219,-0.002744266,-0.003141554,-0.00349145,-0.003767822,-0.003953559,-0.004031784,-0.003995538,-0.003844266,-0.003593795,-0.003264341,-0.002878384,-0.002450853,-0.001993863,-0.001512615,-0.001018277,-0.0005231645,-4.21355e-05,0.000416684,0.0008411703,0.001222559,0.001557136,0.001855897,0.002131266,0.002392752,0.002640041,0.002869885,0.003076874,0.00326189,0.003424113,0.003553987,0.003639149,0.003675269,0.003668183,0.003634764,0.003599835,0.00358007,0.003577373,0.003578921,0.003567307,0.003525935,0.003444271,0.003320247,0.003162937,0.002983404,0.002790709,0.002592651,0.002395915,0.00220749,0.002026974,0.001851171,0.001673023,0.001492206,0.001310831,0.001132709,0.000947558,0.0007299627,0.0004446924,0.0001345972,3.245466e-05,2.566182e-05,NaN,NaN,NaN,NaN,NaN,NaN,NaN,NaN,NaN,NaN,NaN,NaN,NaN,NaN,NaN,NaN,NaN,NaN
NaN,NaN,NaN,NaN,NaN,NaN,NaN,NaN,NaN,NaN,NaN,NaN,NaN,NaN,NaN,NaN,NaN,NaN,NaN,1.125412e-05,2.718993e-05,0.0003057338,0.0006912363,0.0008403587,0.0007939002,0.0006370882,0.0004388873,0.000266769,0.000147119,7.537817e-05,1.207687e-05,-6.824769e-05,-0.0001788652,-0.000314654,-0.0004780481,-0.0006667859,-0.0008958207,-0.001176741,-0.001526037,-0.001952028,-0.002447645,-0.002976204,-0.003501587,-0.003989232,-0.004414996,-0.004745901,-0.004961468,-0.005040979,-0.004977213,-0.004770027,-0.004439953,-0.004011953,-0.003514146,-0.002964839,-0.002379902,-0.001766513,-0.0011393,-0.0005141426,9.009546e-05,0.0006634502,0.001191598,0.00166492,0.002079205,0.002448248,0.002787368,0.003108233,0.003410502,0.003689523,0.003938591,0.004158895,0.004350006,0.004500724,0.004596343,0.00463196,0.004615291,0.00456709,0.004517639,0.004487024,0.004477364,0.004472499,0.004450946,0.004391918,0.004283309,0.004122799,0.003921878,0.003693499,0.0034484,0.003196603,0.002946968,0.002707763,0.002478315,0.002253597,0.002027112,0.001799456,0.001575642,0.001362181,0.001151777,0.0009236543,0.0006423183,0.000273968,4.190159e-05,2.56207e-05,NaN,NaN,NaN,NaN,NaN,NaN,NaN,NaN,NaN,NaN,NaN,NaN,NaN,NaN,NaN,NaN,NaN,NaN
NaN,NaN,NaN,NaN,NaN,NaN,NaN,NaN,NaN,NaN,NaN,NaN,NaN,NaN,NaN,NaN,NaN,NaN,NaN,1.127516e-05,7.281823e-05,0.0005834113,0.0009564408,0.001065697,0.0009692662,0.0007597274,0.0005036226,0.0002815865,0.0001203363,1.955044e-05,-7.04277e-05,-0.0001768864,-0.0003188486,-0.0004875036,-0.0006883808,-0.0009168744,-0.001193949,-0.001532458,-0.001954746,-0.002468192,-0.003064834,-0.003697929,-0.004324799,-0.004901614,-0.005400437,-0.005780251,-0.006017946,-0.006088831,-0.005986852,-0.005711925,-0.005290359,-0.004751439,-0.004129737,-0.003446261,-0.002721524,-0.001964774,-0.001195771,-0.0004331727,0.0002997276,0.0009918805,0.001626101,0.002192224,0.002686282,0.003125894,0.003528762,0.003908633,0.004263918,0.004589677,0.00487756,0.005129509,0.005344902,0.0055116,0.005612759,0.00564368,0.005613403,0.005547059,0.005480023,0.005436022,0.005416296,0.005401591,0.005365968,0.005286066,0.005146902,0.004946248,0.00469715,0.00441577,0.00411502,0.00380639,0.003499476,0.003204409,0.002920316,0.0026431,0.002363508,0.002083849,0.001810902,0.001557384,0.001319681,0.001080987,0.0008095097,0.0004609781,7.66244e-05,2.589786e-05,NaN,NaN,NaN,NaN,NaN,NaN,NaN,NaN,NaN,NaN,NaN,NaN,NaN,NaN,NaN,NaN,NaN,NaN
NaN,NaN,NaN,NaN,NaN,NaN,NaN,NaN,NaN,NaN,NaN,NaN,NaN,NaN,NaN,NaN,NaN,NaN,NaN,1.241606e-05,0.000227909,0.0008926355,0.00122075,0.001290547,0.00114095,0.0008770257,0.0005577546,0.0002803482,6.934356e-05,-6.752493e-05,-0.0001911123,-0.000328402,-0.0005059566,-0.0007102248,-0.000950516,-0.001219555,-0.001545114,-0.00194194,-0.002438401,-0.003040673,-0.003738966,-0.004476534,-0.005202834,-0.005864848,-0.006430055,-0.006850292,-0.00709949,-0.007150103,-0.006997168,-0.006642184,-0.006116794,-0.005455461,-0.004698286,-0.003869996,-0.002995462,-0.002087315,-0.001169365,-0.0002647769,0.0005992738,0.001409802,0.002148758,0.002806009,0.003378256,0.003885825,0.004349637,0.004784935,0.005190332,0.005558598,0.005880365,0.006157586,0.006391011,0.006567382,0.00666858,0.00668962,0.006641984,0.00655417,0.006466732,0.006406061,0.006373384,0.006345604,0.006292873,0.006187582,0.006014037,0.005769849,0.005470722,0.005134067,0.004774175,0.004404764,0.004037757,0.003684245,0.003342616,0.003006509,0.002667899,0.002331055,0.002005773,0.001708774,0.001438205,0.001185819,0.0009235972,0.0006219205,0.0001836893,2.644484e-05,NaN,NaN,NaN,NaN,NaN,NaN,NaN,NaN,NaN,NaN,NaN,NaN,NaN,NaN,NaN,NaN,NaN,NaN
NaN,NaN,NaN,NaN,NaN,NaN,NaN,NaN,NaN,NaN,NaN,NaN,NaN,NaN,NaN,NaN,NaN,NaN,NaN,1.86067e-05,0.0005264047,0.00119842,0.001478953,0.001508832,0.001306383,0.0009859757,0.0005998562,0.0002604696,-7.491064e-06,-0.0001885741,-0.0003522394,-0.0005266168,-0.0007434076,-0.0009862065,-0.001266238,-0.001576105,-0.001948773,-0.002403714,-0.002973364,-0.003664459,-0.004462323,-0.005301744,-0.006121926,-0.006862493,-0.007484313,-0.007934159,-0.008181052,-0.008197889,-0.00797983,-0.007532407,-0.006890895,-0.006096833,-0.005193961,-0.004212317,-0.003179601,-0.002114398,-0.001044143,2.51548e-06,0.000996678,0.001922336,0.002762195,0.003504347,0.004149554,0.004719866,0.005240707,0.005726386,0.00617611,0.006579992,0.006929208,0.007224241,0.007468393,0.00764647,0.007741486,0.007747289,0.007678738,0.007566096,0.007456194,0.007376305,0.007328111,0.007283207,0.007209586,0.007075888,0.006866024,0.006575711,0.006224222,0.005829662,0.005410769,0.004979557,0.004550757,0.004134332,0.003731145,0.003333426,0.002932837,0.002532961,0.002148918,0.001801982,0.001497964,0.001229631,0.0009753294,0.0007189386,0.0003493885,3.095447e-05,NaN,NaN,NaN,NaN,NaN,NaN,NaN,NaN,NaN,NaN,NaN,NaN,NaN,NaN,NaN,NaN,NaN,NaN
NaN,NaN,NaN,NaN,NaN,NaN,NaN,NaN,NaN,NaN,NaN,NaN,NaN,NaN,NaN,NaN,NaN,NaN,9.432003e-06,5.290994e-05,0.000865595,0.001488912,0.001729398,0.001714635,0.001464108,0.001082596,0.0006303013,0.0002207963,-0.0001093567,-0.0003454867,-0.0005547102,-0.0007735547,-0.001031544,-0.001316538,-0.001634854,-0.001985739,-0.002401798,-0.002914073,-0.003553409,-0.004331934,-0.005223948,-0.006161023,-0.007066261,-0.00787656,-0.008541389,-0.009007944,-0.009236425,-0.009205372,-0.008906581,-0.008354891,-0.007585147,-0.006649903,-0.005592096,-0.004451334,-0.003254837,-0.002031476,-0.0008077268,0.0003775629,0.001497382,0.002529184,0.003461926,0.00428036,0.004992126,0.005616853,0.006187854,0.006715348,0.007203551,0.007634849,0.008004088,0.008306915,0.008553621,0.008724715,0.008807738,0.008792444,0.008700583,0.00856028,0.008426602,0.008324228,0.008258799,0.008193625,0.008097561,0.007931041,0.007683001,0.007344626,0.006942551,0.006490196,0.006011983,0.005516608,0.005026609,0.004546398,0.004081863,0.003615511,0.003148691,0.002679628,0.002236088,0.001833731,0.001491553,0.001199493,0.0009551222,0.0007400399,0.0004784576,5.342389e-05,1.848937e-05,NaN,NaN,NaN,NaN,NaN,NaN,NaN,NaN,NaN,NaN,NaN,NaN,NaN,NaN,NaN,NaN,NaN
NaN,NaN,NaN,NaN,NaN,NaN,NaN,NaN,NaN,NaN,NaN,NaN,NaN,NaN,NaN,NaN,NaN,NaN,8.756525e-06,0.0002089382,0.001201847,0.001755383,0.001969468,0.001902706,0.001613366,0.001165011,0.0006494669,0.0001604991,-0.0002351567,-0.0005376893,-0.0007969508,-0.001068908,-0.001369414,-0.001699788,-0.002053506,-0.002444515,-0.00289899,-0.003466236,-0.004170224,-0.005032793,-0.006011686,-0.007038928,-0.008017931,-0.008886355,-0.009579235,-0.01004763,-0.01024,-0.01014531,-0.009750652,-0.009083237,-0.008174895,-0.00709133,-0.005872292,-0.004568932,-0.003206079,-0.001825796,-0.0004529892,0.00086281,0.002099256,0.003226399,0.004241216,0.005123058,0.005890461,0.006559637,0.007172885,0.007733531,0.008250836,0.008699711,0.009080143,0.009381438,0.009621767,0.009777033,0.009841728,0.009800903,0.009683395,0.009513706,0.009355527,0.009229632,0.009145235,0.009056852,0.00893533,0.008735222,0.00844917,0.008063167,0.007610479,0.00710108,0.006567087,0.006010513,0.005459954,0.004913812,0.004385018,0.003850051,0.003315186,0.002771811,0.00226134,0.001796122,0.001415518,0.001095951,0.0008594682,0.0006759926,0.0005257982,0.0001417749,1.917744e-05,NaN,NaN,NaN,NaN,NaN,NaN,NaN,NaN,NaN,NaN,NaN,NaN,NaN,NaN,NaN,NaN,NaN
NaN,NaN,NaN,NaN,NaN,NaN,NaN,NaN,NaN,NaN,NaN,NaN,NaN,NaN,NaN,NaN,NaN,NaN,1.16999e-05,0.0005238939,0.001524756,0.001997262,0.002194549,0.002072554,0.00175094,0.001232683,0.0006571921,8.236236e-05,-0.0003828135,-0.0007624233,-0.001077337,-0.001409109,-0.001753503,-0.002130911,-0.002517141,-0.002945449,-0.003432904,-0.004050827,-0.004813563,-0.005753778,-0.006810223,-0.007917913,-0.008958437,-0.009870874,-0.01057487,-0.01102781,-0.01116703,-0.01099296,-0.0104882,-0.00969403,-0.008638882,-0.007401736,-0.006017976,-0.004551111,-0.003024131,-0.001492825,2.12452e-05,0.001456891,0.002796521,0.004003036,0.005083903,0.00601588,0.006826794,0.007528698,0.008172363,0.008755133,0.009292243,0.009749514,0.01013116,0.01042081,0.01064506,0.01077715,0.01081755,0.01074802,0.01060349,0.01040501,0.01022143,0.01007129,0.009966386,0.009854926,0.009707213,0.009472466,0.009147493,0.008716806,0.008217685,0.007657242,0.007068464,0.006453425,0.005844112,0.005236871,0.004644483,0.004037505,0.003428496,0.002808526,0.002228139,0.001697972,0.001267917,0.0009154298,0.0006814444,0.0005297813,0.0004856917,0.0002655136,2.089072e-05,NaN,NaN,NaN,NaN,NaN,NaN,NaN,NaN,NaN,NaN,NaN,NaN,NaN,NaN,NaN,NaN,NaN
NaN,NaN,NaN,NaN,NaN,NaN,NaN,NaN,NaN,NaN,NaN,NaN,NaN,NaN,NaN,NaN,NaN,NaN,1.772634e-05,0.0008534919,0.001818598,0.002218147,0.002397005,0.002225847,0.001872865,0.001288594,0.0006517487,-1.043498e-05,-0.0005513584,-0.001013872,-0.001392025,-0.00178789,-0.002179361,-0.002601991,-0.003018662,-0.003478593,-0.003994385,-0.004655384,-0.00547122,-0.006479883,-0.007605029,-0.008778753,-0.00986754,-0.01080709,-0.01150722,-0.01192654,-0.01199574,-0.01172469,-0.01109861,-0.01016777,-0.008961692,-0.007566632,-0.006019236,-0.004390155,-0.002705757,-0.001031032,0.0006091685,0.002149688,0.003573932,0.004844211,0.005972725,0.006938184,0.007775228,0.008498174,0.009159806,0.009755581,0.01029892,0.01075517,0.0111268,0.01139764,0.01159569,0.01169912,0.01170907,0.01161079,0.01143734,0.01121256,0.01100319,0.01083185,0.0107045,0.01057084,0.01039402,0.01012938,0.009767247,0.009298328,0.008754021,0.008149507,0.007511681,0.006848149,0.006181449,0.005516545,0.004856748,0.004184557,0.003498109,0.00280174,0.002138513,0.001540274,0.001053815,0.0006707589,0.0004246286,0.0003031038,0.000342511,0.0003157948,2.457654e-05,NaN,NaN,NaN,NaN,NaN,NaN,NaN,NaN,NaN,NaN,NaN,NaN,NaN,NaN,NaN,NaN,NaN
NaN,NaN,NaN,NaN,NaN,NaN,NaN,NaN,NaN,NaN,NaN,NaN,NaN,NaN,NaN,NaN,NaN,NaN,5.688028e-05,0.001178648,0.002069275,0.002425004,0.002570349,0.002366889,0.001973757,0.001334723,0.000631476,-0.0001117889,-0.0007381829,-0.001285287,-0.001737302,-0.002196388,-0.002639455,-0.00310212,-0.003548492,-0.004031321,-0.004572062,-0.00526651,-0.006130178,-0.007194282,-0.008377697,-0.009601831,-0.01072707,-0.0116753,-0.01235534,-0.0127206,-0.01270654,-0.01232302,-0.01156678,-0.01049016,-0.00913205,-0.007577605,-0.005871281,-0.004084301,-0.002255064,-0.0004500821,0.001298298,0.00292723,0.004413773,0.005727076,0.006879897,0.00786378,0.00871011,0.009441432,0.01010475,0.01070216,0.01123978,0.0116873,0.01203754,0.01228226,0.01244472,0.01251653,0.01249148,0.01236577,0.01216355,0.0119173,0.01168198,0.01149171,0.01134122,0.01118944,0.01098504,0.01069363,0.01029608,0.009797196,0.009215909,0.008579122,0.007896188,0.007191722,0.006472547,0.005760305,0.005036391,0.004299038,0.003529405,0.002758112,0.002008542,0.001342966,0.0007827349,0.0003648071,9.262122e-05,5.911486e-06,0.0001046288,0.000270792,4.186677e-05,NaN,NaN,NaN,NaN,NaN,NaN,NaN,NaN,NaN,NaN,NaN,NaN,NaN,NaN,NaN,NaN,NaN
NaN,NaN,NaN,NaN,NaN,NaN,NaN,NaN,NaN,NaN,NaN,NaN,NaN,NaN,NaN,NaN,NaN,4.943289e-06,0.0002586596,0.001504984,0.002274252,0.002617876,0.002712106,0.002495201,0.002052405,0.001373534,0.0005960601,-0.0002197461,-0.0009406207,-0.001569452,-0.002105016,-0.002625301,-0.00312465,-0.003619793,-0.004094288,-0.004589824,-0.005152617,-0.005869875,-0.006775753,-0.007881175,-0.009112256,-0.01036872,-0.01151775,-0.012456,-0.01310195,-0.01339406,-0.01328404,-0.01277338,-0.0118814,-0.01065281,-0.00914502,-0.007432756,-0.00557695,-0.003640207,-0.001681743,0.0002383745,0.002069793,0.003765075,0.005288595,0.006625932,0.007780527,0.008763507,0.009598364,0.01032541,0.01097646,0.0115664,0.01208303,0.01251262,0.01283093,0.01304551,0.01316555,0.01320384,0.01314106,0.01299124,0.01276171,0.01249897,0.01223989,0.01203501,0.01186238,0.01169515,0.01146473,0.01115421,0.01072897,0.01020971,0.009598888,0.008939356,0.008224377,0.007491744,0.006728313,0.00597311,0.00518741,0.004393637,0.003544597,0.002697835,0.001852522,0.001112064,0.0004748428,1.802108e-05,-0.0002940473,-0.0003596823,-0.0002238257,0.0001303067,0.0001099265,7.798925e-06,NaN,NaN,NaN,NaN,NaN,NaN,NaN,NaN,NaN,NaN,NaN,NaN,NaN,NaN,NaN,NaN
NaN,NaN,NaN,NaN,NaN,NaN,NaN,NaN,NaN,NaN,NaN,NaN,NaN,NaN,NaN,NaN,NaN,7.579052e-06,0.0005659959,0.001812299,0.002441303,0.002792205,0.002828122,0.002609183,0.002109314,0.001400273,0.0005477666,-0.0003313799,-0.001151634,-0.001861402,-0.002487595,-0.003065313,-0.003620648,-0.004141255,-0.004641382,-0.005142552,-0.005721333,-0.006450599,-0.007390887,-0.008526376,-0.009794541,-0.01106478,-0.01222087,-0.01313266,-0.01373188,-0.01393705,-0.01371666,-0.01306623,-0.01203424,-0.01065457,-0.00900319,-0.007137489,-0.005141512,-0.003069076,-0.001002748,0.001008936,0.002899477,0.004637048,0.006171628,0.007507643,0.008639861,0.009604024,0.01041078,0.0111188,0.01174213,0.01231114,0.01279663,0.01319982,0.01347838,0.01365601,0.01372963,0.01373464,0.01363708,0.01346551,0.01321314,0.01293748,0.01266042,0.01244289,0.01225264,0.01207282,0.01182478,0.0114992,0.01105685,0.01052609,0.0099036,0.009233694,0.008499961,0.007745675,0.006953544,0.006165721,0.005333728,0.004480091,0.003556747,0.002631947,0.001699884,0.0008770967,0.000153395,-0.0003628874,-0.0007176963,-0.0007801876,-0.0006124918,-0.0001200415,0.0001329249,1.04548e-05,NaN,NaN,NaN,NaN,NaN,NaN,NaN,NaN,NaN,NaN,NaN,NaN,NaN,NaN,NaN,NaN
NaN,NaN,NaN,NaN,NaN,NaN,NaN,NaN,NaN,NaN,NaN,NaN,NaN,NaN,NaN,NaN,NaN,1.330698e-05,0.0008402422,0.002082023,0.002586066,0.002941824,0.002921141,0.002701652,0.00214808,0.001414057,0.0004889455,-0.0004484626,-0.001366576,-0.002155059,-0.002871989,-0.003506314,-0.004116087,-0.004655818,-0.005172888,-0.005669927,-0.006262216,-0.006999679,-0.007965995,-0.009115368,-0.01040173,-0.01167516,-0.01282931,-0.01370023,-0.01423195,-0.01433015,-0.01399512,-0.01320371,-0.01202945,-0.01049685,-0.008705799,-0.006700929,-0.004581453,-0.002391705,-0.0002390487,0.001838236,0.003757963,0.00550906,0.007028364,0.00833926,0.009426958,0.01035129,0.01111253,0.01178659,0.01237046,0.01290677,0.01334884,0.01371442,0.01394721,0.01408528,0.01411422,0.01408459,0.01395573,0.01376585,0.01349901,0.01321528,0.01292607,0.01269749,0.01249609,0.01230662,0.01205021,0.01171744,0.0112739,0.01074271,0.01012432,0.009453602,0.008724282,0.007963124,0.007160691,0.006343811,0.005477485,0.004574938,0.003594269,0.002589124,0.001570405,0.0006508726,-0.0001523747,-0.0007447591,-0.001148132,-0.001243493,-0.001053055,-0.0004694003,5.518801e-05,1.413735e-05,NaN,NaN,NaN,NaN,NaN,NaN,NaN,NaN,NaN,NaN,NaN,NaN,NaN,NaN,NaN,NaN
NaN,NaN,NaN,NaN,NaN,NaN,NaN,NaN,NaN,NaN,NaN,NaN,NaN,NaN,NaN,NaN,NaN,2.026143e-05,0.001112658,0.002294858,0.002715309,0.003059739,0.003001482,0.002769163,0.00217157,0.001409302,0.0004236298,-0.0005714898,-0.001578044,-0.002446909,-0.003249303,-0.003938871,-0.004592331,-0.00514726,-0.00567347,-0.006166388,-0.006761268,-0.007500787,-0.00848145,-0.009641612,-0.01093527,-0.01219464,-0.01332256,-0.01414219,-0.0145976,-0.01458637,-0.0141183,-0.01317935,-0.01186208,-0.01019098,-0.008270809,-0.006139917,-0.003910596,-0.001630402,0.0005828703,0.002693088,0.004614071,0.006345487,0.007824915,0.009083265,0.01010758,0.01097053,0.01167288,0.01229567,0.01282913,0.01331674,0.01370937,0.01402649,0.01421112,0.01430157,0.01428877,0.01422716,0.01407847,0.01387198,0.01359811,0.01330673,0.0130169,0.01277942,0.01257549,0.01237834,0.01212705,0.01179383,0.01136612,0.01084597,0.01025661,0.009601365,0.008895307,0.008136208,0.007346983,0.006517563,0.005642741,0.00469104,0.003666919,0.002583388,0.001496652,0.0004728591,-0.0004157216,-0.001110292,-0.001564015,-0.001720287,-0.001512452,-0.000906868,-0.0001171165,1.567219e-05,NaN,NaN,NaN,NaN,NaN,NaN,NaN,NaN,NaN,NaN,NaN,NaN,NaN,NaN,NaN,NaN
NaN,NaN,NaN,NaN,NaN,NaN,NaN,NaN,NaN,NaN,NaN,NaN,NaN,NaN,NaN,NaN,NaN,8.487047e-05,0.001420362,0.002443699,0.002842921,0.003141145,0.003073183,0.002806323,0.002182815,0.001379166,0.0003532929,-0.000701214,-0.001779307,-0.002732158,-0.003607933,-0.004353816,-0.005036099,-0.005604031,-0.006126525,-0.006616361,-0.007205293,-0.007947484,-0.008930707,-0.01009662,-0.01138068,-0.01261694,-0.01370093,-0.01446066,-0.0148233,-0.01469589,-0.01408564,-0.01300309,-0.01154417,-0.009747884,-0.007709301,-0.005472586,-0.003151529,-0.0008119158,0.001432423,0.003538835,0.005432042,0.007109815,0.008524748,0.009704764,0.01064897,0.01142753,0.01205717,0.012612,0.01308799,0.01351385,0.01384761,0.01410292,0.01423765,0.01427869,0.0142318,0.01413792,0.01397755,0.01375833,0.01348723,0.01319214,0.01290929,0.01266655,0.01246764,0.01226783,0.01203216,0.01171241,0.01131882,0.0108269,0.01028313,0.009659809,0.009002626,0.008269438,0.007514556,0.006686862,0.005819956,0.004843127,0.003797101,0.002645691,0.001493805,0.0003628849,-0.0006065481,-0.00141491,-0.001935792,-0.002183617,-0.001986148,-0.001394438,-0.0003783781,2.095783e-05,NaN,NaN,NaN,NaN,NaN,NaN,NaN,NaN,NaN,NaN,NaN,NaN,NaN,NaN,NaN,NaN
NaN,NaN,NaN,NaN,NaN,NaN,NaN,NaN,NaN,NaN,NaN,NaN,NaN,NaN,NaN,NaN,NaN,0.0003845593,0.001731369,0.002547794,0.002964245,0.003195547,0.003129909,0.002813741,0.002178836,0.001329672,0.0002780413,-0.0008361362,-0.001969874,-0.003003161,-0.003937073,-0.004737633,-0.005438338,-0.006014973,-0.006518385,-0.006999379,-0.007584117,-0.008337112,-0.00931504,-0.0104723,-0.01172387,-0.01293768,-0.01397225,-0.01466216,-0.01490654,-0.01464647,-0.0139011,-0.0126905,-0.01109465,-0.009179533,-0.007031274,-0.004718818,-0.002334204,3.154481e-05,0.002276089,0.004340389,0.006175469,0.007768298,0.009094107,0.01016665,0.01101024,0.01168897,0.01223755,0.01270819,0.01311361,0.01346123,0.01373282,0.01391837,0.01400088,0.01398814,0.01391274,0.01379003,0.01362634,0.01339889,0.01313883,0.01284611,0.01257475,0.01233075,0.0121429,0.01195185,0.0117441,0.01145033,0.0111036,0.01066165,0.01018483,0.009619534,0.009027096,0.008344496,0.007646041,0.00685179,0.006015681,0.005035243,0.00398288,0.002787409,0.001586422,0.0003628544,-0.0007036153,-0.001633837,-0.002243088,-0.00259001,-0.002444398,-0.001899621,-0.0007480666,-1.22431e-05,NaN,NaN,NaN,NaN,NaN,NaN,NaN,NaN,NaN,NaN,NaN,NaN,NaN,NaN,NaN,NaN
NaN,NaN,NaN,NaN,NaN,NaN,NaN,NaN,NaN,NaN,NaN,NaN,NaN,NaN,NaN,NaN,2.894155e-06,0.0006492602,0.002002196,0.002628867,0.003060577,0.003229325,0.003167178,0.002798342,0.002155764,0.001264599,0.0001938729,-0.0009734039,-0.002149593,-0.003252344,-0.00423458,-0.005078912,-0.005784149,-0.00635983,-0.00684436,-0.007320957,-0.007894883,-0.00865068,-0.009620271,-0.01077412,-0.01199662,-0.0131614,-0.01411881,-0.0147267,-0.01486167,-0.01447744,-0.01357989,-0.01223432,-0.01051556,-0.008507714,-0.006274866,-0.003904233,-0.001485593,0.000868996,0.003078042,0.005068276,0.006807428,0.008279656,0.009489711,0.01043827,0.01116792,0.01172558,0.01217526,0.01254908,0.01287548,0.01313613,0.01333611,0.01344542,0.01347239,0.01340359,0.01329926,0.01315653,0.01299832,0.01276995,0.0125187,0.01223049,0.01197897,0.01174856,0.01157457,0.01139892,0.01122128,0.01097908,0.01069504,0.01032744,0.009928419,0.00944849,0.008942517,0.008345528,0.007722947,0.006994676,0.006209177,0.005268135,0.004231984,0.003025919,0.001778865,0.0004796851,-0.0006802475,-0.001719789,-0.002449465,-0.002912581,-0.002874079,-0.00238204,-0.001204501,-0.0001430568,-2.456023e-06,NaN,NaN,NaN,NaN,NaN,NaN,NaN,NaN,NaN,NaN,NaN,NaN,NaN,NaN,NaN
NaN,NaN,NaN,NaN,NaN,NaN,NaN,NaN,NaN,NaN,NaN,NaN,NaN,NaN,NaN,NaN,7.27823e-06,0.0008335796,0.002218759,0.002695131,0.003135594,0.00324724,0.003185593,0.002764365,0.002110407,0.00117671,0.0001009075,-0.001105334,-0.002311387,-0.003474778,-0.004493815,-0.00536839,-0.006065044,-0.006631621,-0.007093562,-0.007567573,-0.008132866,-0.008894535,-0.009854893,-0.01099869,-0.01218103,-0.01329009,-0.01416127,-0.0146747,-0.01468646,-0.01417228,-0.01312965,-0.01166266,-0.009834731,-0.007751461,-0.005456467,-0.003055557,-0.0006355094,0.001668196,0.003798297,0.005674057,0.007290622,0.008615405,0.009683669,0.01048331,0.0110809,0.01150438,0.01184357,0.0121072,0.01234327,0.01250783,0.01262947,0.01265643,0.0126239,0.0125021,0.0123734,0.01221037,0.01205542,0.01183241,0.0115967,0.01132438,0.01108929,0.01087607,0.01071919,0.0105767,0.0104417,0.01026382,0.01004916,0.009780143,0.009479975,0.009118281,0.008712572,0.008230766,0.007709134,0.007092614,0.006390432,0.005521895,0.004524362,0.003349008,0.002086447,0.0007470613,-0.0005187636,-0.001667618,-0.002538069,-0.003113182,-0.00322311,-0.002823333,-0.001718534,-0.0003549167,2.661893e-06,NaN,NaN,NaN,NaN,NaN,NaN,NaN,NaN,NaN,NaN,NaN,NaN,NaN,NaN,NaN
NaN,NaN,NaN,NaN,NaN,NaN,NaN,NaN,NaN,NaN,NaN,NaN,NaN,NaN,NaN,NaN,1.407035e-05,0.001024116,0.002372062,0.002756658,0.003193354,0.003253591,0.003174531,0.00270728,0.002044961,0.001081035,5.907792e-07,-0.00123555,-0.0024588,-0.003661844,-0.00470017,-0.005596959,-0.006281061,-0.006829394,-0.007258519,-0.007723361,-0.008297224,-0.009078117,-0.01003193,-0.01114611,-0.01227026,-0.01332618,-0.0141154,-0.01451965,-0.01438573,-0.01372632,-0.01256517,-0.01100059,-0.009081283,-0.006928532,-0.004592349,-0.00220202,0.0001716671,0.002386646,0.004400782,0.00613005,0.007587617,0.008738926,0.009638847,0.01027279,0.0107196,0.01099646,0.01120971,0.01135437,0.01148741,0.01155141,0.01158542,0.01153093,0.01143276,0.01126286,0.0111057,0.01092534,0.01076903,0.01055949,0.0103378,0.01008918,0.009867696,0.009682454,0.009544069,0.00944628,0.009355513,0.009263742,0.009131383,0.008984618,0.008790061,0.00856935,0.008290882,0.007968998,0.007573028,0.007100905,0.006503044,0.005770032,0.004853288,0.003756402,0.002492032,0.001146164,-0.0002039767,-0.00143918,-0.002472401,-0.003174535,-0.003481642,-0.003187373,-0.002240084,-0.0006245201,2.915164e-06,NaN,NaN,NaN,NaN,NaN,NaN,NaN,NaN,NaN,NaN,NaN,NaN,NaN,NaN,NaN
NaN,NaN,NaN,NaN,NaN,NaN,NaN,NaN,NaN,NaN,NaN,NaN,NaN,NaN,NaN,NaN,3.257305e-05,0.001294544,0.002460799,0.002823901,0.003215238,0.003253574,0.003133889,0.002638293,0.001956371,0.0009822424,-0.000107041,-0.001355886,-0.002589548,-0.00380992,-0.00485885,-0.005755324,-0.006418006,-0.006938058,-0.007346526,-0.007809332,-0.00839396,-0.009187572,-0.01014095,-0.01123173,-0.01230768,-0.01327999,-0.01396243,-0.01424377,-0.01398156,-0.01319208,-0.01190992,-0.01024799,-0.008262759,-0.006070423,-0.003730091,-0.001379115,0.0009033748,0.002988747,0.00484506,0.006397901,0.007664237,0.008619167,0.009324729,0.009774391,0.0100508,0.01017571,0.01025009,0.01026817,0.01027858,0.01023491,0.01018308,0.01005807,0.009888628,0.009663262,0.009463869,0.009277572,0.009122342,0.008928833,0.008711286,0.008484183,0.008281584,0.008133428,0.008016956,0.007968298,0.007927769,0.007932636,0.007894667,0.007883623,0.007816915,0.007762947,0.007628878,0.007488162,0.007251612,0.006973173,0.006532099,0.005966779,0.005168261,0.004199728,0.002991276,0.001682329,0.0002637534,-0.001043801,-0.002232513,-0.003069703,-0.003595271,-0.003464548,-0.002729156,-0.0009794179,-2.895487e-08,NaN,NaN,NaN,NaN,NaN,NaN,NaN,NaN,NaN,NaN,NaN,NaN,NaN,NaN,NaN
NaN,NaN,NaN,NaN,NaN,NaN,NaN,NaN,NaN,NaN,NaN,NaN,NaN,NaN,NaN,NaN,0.0001983268,0.001617645,0.002499648,0.002893151,0.003204458,0.003243959,0.003067601,0.002562609,0.001845836,0.0008750666,-0.0002223678,-0.001458875,-0.002698217,-0.003914058,-0.004966636,-0.005839608,-0.006474962,-0.006957941,-0.007360272,-0.007828307,-0.00842947,-0.009232072,-0.01019284,-0.01125914,-0.01228712,-0.0131553,-0.01371973,-0.01386567,-0.01348292,-0.01257188,-0.01117971,-0.009432937,-0.007409329,-0.005207298,-0.002902915,-0.0006229776,0.001523865,0.003438392,0.005092804,0.006440549,0.007484973,0.008221456,0.008708895,0.008967258,0.00906115,0.00901778,0.008932013,0.008818929,0.008705222,0.008561105,0.008410157,0.00821325,0.007970185,0.007699262,0.00745768,0.007256073,0.00709052,0.006911928,0.006701277,0.006496491,0.006311128,0.006195384,0.00610678,0.006106926,0.00612643,0.006231254,0.006303063,0.006431633,0.006508014,0.006628998,0.006674492,0.006738553,0.006699304,0.006638749,0.006402719,0.006055762,0.005440985,0.00464519,0.003545575,0.002307792,0.0008839524,-0.0004754689,-0.001798,-0.002798396,-0.003540991,-0.003626491,-0.003118803,-0.001426329,-7.857579e-05,NaN,NaN,NaN,NaN,NaN,NaN,NaN,NaN,NaN,NaN,NaN,NaN,NaN,NaN,NaN
NaN,NaN,NaN,NaN,NaN,NaN,NaN,NaN,NaN,NaN,NaN,NaN,NaN,NaN,NaN,NaN,0.0005595171,0.001898229,0.002524406,0.002946594,0.003185822,0.003219036,0.002982368,0.002471383,0.001722704,0.0007627824,-0.0003342044,-0.001545357,-0.002778446,-0.003972189,-0.00501132,-0.005851133,-0.006456091,-0.006902712,-0.007295363,-0.007771984,-0.008408829,-0.009238561,-0.01020598,-0.01122617,-0.01218063,-0.01295881,-0.01341273,-0.01341664,-0.01288712,-0.01185197,-0.01039114,-0.008600346,-0.006558695,-0.004365983,-0.002127228,2.624794e-05,0.001990442,0.003691974,0.005110558,0.006219855,0.007022161,0.007521806,0.007775644,0.007824183,0.007722458,0.007503108,0.007251258,0.006999971,0.006757954,0.006512082,0.006264549,0.005998271,0.005685196,0.00536911,0.005087293,0.004857545,0.004675312,0.00450228,0.004305865,0.004118221,0.003947087,0.003846311,0.003793343,0.00383999,0.003936349,0.004125341,0.004315169,0.004578528,0.004823868,0.005124483,0.005372364,0.005648975,0.005849466,0.006035184,0.00606175,0.00596328,0.005600821,0.00502554,0.004119829,0.003001253,0.001627193,0.0002279561,-0.001181072,-0.002343325,-0.003276152,-0.003656664,-0.003389907,-0.001939993,-0.0003502359,NaN,NaN,NaN,NaN,NaN,NaN,NaN,NaN,NaN,NaN,NaN,NaN,NaN,NaN,NaN
NaN,NaN,NaN,NaN,NaN,NaN,NaN,NaN,NaN,NaN,NaN,NaN,NaN,NaN,NaN,NaN,0.0007562012,0.002100002,0.002549879,0.002979871,0.003163295,0.003172235,0.002879068,0.002360294,0.001598826,0.0006587323,-0.0004360746,-0.00162113,-0.002830897,-0.003983367,-0.004989882,-0.005790902,-0.006360997,-0.006776918,-0.007165122,-0.007662285,-0.008342456,-0.009204241,-0.01017438,-0.01114914,-0.01202628,-0.01269813,-0.01302247,-0.01288353,-0.01222077,-0.01108662,-0.009573143,-0.00775977,-0.005728595,-0.003582112,-0.00145055,0.0005272264,0.002263237,0.003713262,0.004867504,0.005714075,0.006251056,0.006497195,0.006504952,0.006333201,0.006027622,0.005628844,0.005206108,0.004815252,0.004440528,0.004093597,0.003757766,0.003433829,0.003055801,0.002687487,0.002358228,0.002099443,0.0019033,0.001726403,0.00153522,0.001347447,0.001192679,0.001101238,0.001083842,0.00116093,0.001327953,0.001597876,0.001915604,0.00230786,0.002722275,0.003196728,0.003670915,0.004178147,0.004644728,0.005092795,0.005419991,0.00562659,0.005584531,0.005285848,0.004632582,0.003689222,0.002452972,0.001072565,-0.000382243,-0.001711031,-0.002834857,-0.003512767,-0.003519567,-0.002426043,-0.0006371394,NaN,NaN,NaN,NaN,NaN,NaN,NaN,NaN,NaN,NaN,NaN,NaN,NaN,NaN,NaN
NaN,NaN,NaN,NaN,NaN,NaN,NaN,NaN,NaN,NaN,NaN,NaN,NaN,NaN,NaN,-3.309154e-06,0.0008461713,0.002235543,0.002578143,0.002994288,0.003122172,0.003105036,0.002770368,0.002244104,0.00147409,0.0005549644,-0.000524513,-0.001674403,-0.002848507,-0.003950897,-0.004910653,-0.00565862,-0.006188491,-0.006584761,-0.00698901,-0.007524553,-0.008240651,-0.009127382,-0.01009614,-0.0110371,-0.01183622,-0.01237589,-0.01254945,-0.01227326,-0.0115072,-0.01030724,-0.008747219,-0.006930795,-0.004944735,-0.002899556,-0.0009265011,0.0008408733,0.002317681,0.003480327,0.004335024,0.004890748,0.005153933,0.005140136,0.004895403,0.004493397,0.003979511,0.003405261,0.00281572,0.002286606,0.001780225,0.001333307,0.0009235582,0.0005512186,0.0001182796,-0.0003100584,-0.0006865246,-0.000976975,-0.001183733,-0.001377693,-0.001571627,-0.001778838,-0.00191928,-0.002015442,-0.002001945,-0.001912425,-0.001682163,-0.001348945,-0.0009053437,-0.0003972828,0.0001900942,0.0008323065,0.001534402,0.002266791,0.003018823,0.00375701,0.004436046,0.004967984,0.005291097,0.005326902,0.005023267,0.004335594,0.003297163,0.001989279,0.0005571371,-0.0008965689,-0.002188466,-0.003192289,-0.0034981,-0.002834552,-0.0008766326,-8.251039e-07,NaN,NaN,NaN,NaN,NaN,NaN,NaN,NaN,NaN,NaN,NaN,NaN,NaN,NaN
NaN,NaN,NaN,NaN,NaN,NaN,NaN,NaN,NaN,NaN,NaN,NaN,NaN,NaN,NaN,5.748224e-06,0.0009568037,0.002319224,0.002598915,0.002994837,0.003066444,0.0030234,0.002654346,0.002127178,0.001349115,0.0004549329,-0.0006003142,-0.001698889,-0.002830364,-0.003869752,-0.004776021,-0.005461098,-0.005957521,-0.006341895,-0.006777742,-0.007356472,-0.008117802,-0.009027217,-0.009991139,-0.01087833,-0.01158259,-0.01199097,-0.01202708,-0.0116168,-0.01075528,-0.009501006,-0.007936026,-0.006155655,-0.004254702,-0.002348,-0.0005789243,0.0009348599,0.002112681,0.00296379,0.003501241,0.003756241,0.003724742,0.0034425,0.002946215,0.002330608,0.001619885,0.0008654651,0.0001082504,-0.0005492445,-0.001166071,-0.001699901,-0.002182326,-0.002601934,-0.003075527,-0.003557227,-0.00397504,-0.004304227,-0.004523337,-0.004743532,-0.00494857,-0.005194493,-0.005331457,-0.005445484,-0.005414193,-0.005334429,-0.005062441,-0.00468258,-0.00412408,-0.003517852,-0.002773571,-0.001983004,-0.001051359,-9.652029e-05,0.0009447598,0.00196899,0.003016131,0.0039173,0.004665016,0.005088274,0.005192867,0.004827745,0.004092475,0.002940689,0.001599149,6.298761e-05,-0.001358566,-0.00266699,-0.003291824,-0.003107513,-0.001125684,-7.0202e-07,NaN,NaN,NaN,NaN,NaN,NaN,NaN,NaN,NaN,NaN,NaN,NaN,NaN,NaN
NaN,NaN,NaN,NaN,NaN,NaN,NaN,NaN,NaN,NaN,NaN,NaN,NaN,NaN,NaN,1.86206e-05,0.001176109,0.002350783,0.002621137,0.002976486,0.003013462,0.002930053,0.002534056,0.002004864,0.001232238,0.0003664824,-0.0006557289,-0.001696142,-0.00277393,-0.003740943,-0.004589209,-0.005210847,-0.005681849,-0.006065432,-0.006539105,-0.00716483,-0.007985054,-0.008916211,-0.009862223,-0.01067058,-0.01126681,-0.01155323,-0.01146141,-0.01092572,-0.00997512,-0.008689299,-0.007169027,-0.0054694,-0.003691511,-0.001957551,-0.0004313472,0.0007789613,0.001625176,0.002146449,0.002360363,0.002308132,0.00198111,0.001431564,0.0006965098,-0.00012662,-0.001015579,-0.001934381,-0.002838559,-0.003614907,-0.004323353,-0.004935938,-0.005477163,-0.005942252,-0.006441571,-0.006966978,-0.007412188,-0.007787668,-0.008031512,-0.008286698,-0.008502031,-0.00878647,-0.008952869,-0.009118938,-0.009093734,-0.009024716,-0.008718095,-0.00833579,-0.007713395,-0.007031,-0.006132382,-0.005193678,-0.004074608,-0.00293421,-0.001614236,-0.0002921316,0.001140127,0.002410508,0.003609054,0.004472086,0.005064508,0.005101666,0.004744645,0.003835164,0.002674769,0.00114141,-0.0003532299,-0.001949292,-0.00291075,-0.003222524,-0.001410849,-3.528575e-06,NaN,NaN,NaN,NaN,NaN,NaN,NaN,NaN,NaN,NaN,NaN,NaN,NaN,NaN
NaN,NaN,NaN,NaN,NaN,NaN,NaN,NaN,NaN,NaN,NaN,NaN,NaN,NaN,NaN,0.0001194532,0.001523597,0.002334004,0.002659536,0.00293083,0.002966903,0.002814894,0.002418004,0.00187274,0.001138029,0.0002941943,-0.0006846577,-0.001679488,-0.002681891,-0.003572312,-0.004346778,-0.004921199,-0.005372716,-0.005774997,-0.006291203,-0.006973819,-0.007844741,-0.008788238,-0.009698414,-0.01043051,-0.01091663,-0.01106754,-0.01083815,-0.01019874,-0.009200225,-0.007929377,-0.006471465,-0.004881214,-0.003269221,-0.001767087,-0.0005311326,0.000351398,0.0008580453,0.001036998,0.0009214669,0.0005598709,-4.638472e-05,-0.0008488506,-0.001800242,-0.00281284,-0.003849002,-0.004908538,-0.005935502,-0.006811718,-0.007587551,-0.0082568,-0.008853651,-0.009360308,-0.009878764,-0.01042408,-0.01088798,-0.01130432,-0.0115952,-0.01188208,-0.01212882,-0.01244614,-0.01267679,-0.01290406,-0.01292536,-0.01288341,-0.01259575,-0.01221788,-0.01157464,-0.01082904,-0.009845673,-0.008788102,-0.007513644,-0.006180911,-0.004630166,-0.003034002,-0.001266121,0.0004165343,0.002072865,0.003428374,0.004521598,0.005054584,0.00516217,0.004629149,0.003711266,0.002282901,0.0007366386,-0.001023525,-0.002357609,-0.003114178,-0.001804561,-7.657436e-05,NaN,NaN,NaN,NaN,NaN,NaN,NaN,NaN,NaN,NaN,NaN,NaN,NaN,NaN
NaN,NaN,NaN,NaN,NaN,NaN,NaN,NaN,NaN,NaN,NaN,NaN,NaN,NaN,NaN,0.0005633697,0.001849449,0.00231692,0.002696814,0.002872394,0.002903395,0.002691756,0.00231255,0.001749983,0.001055525,0.0002295985,-0.0006880276,-0.001636723,-0.002553706,-0.003374115,-0.004065346,-0.004601122,-0.005041405,-0.005483853,-0.0060541,-0.006799241,-0.007699143,-0.008641531,-0.009501594,-0.01015826,-0.01052264,-0.01053438,-0.01017698,-0.009462048,-0.008453732,-0.007232687,-0.005858725,-0.004413943,-0.003013321,-0.001800327,-0.0008934732,-0.0003485911,-0.0001786817,-0.0003430347,-0.0007876693,-0.001452749,-0.002302562,-0.003323383,-0.004458074,-0.005644174,-0.006802774,-0.007945158,-0.009045053,-0.009992725,-0.01084247,-0.01156664,-0.01218501,-0.0126927,-0.0132287,-0.01380481,-0.01432017,-0.0147327,-0.01505383,-0.01536698,-0.01570084,-0.01608738,-0.01638968,-0.01664784,-0.0167521,-0.01678063,-0.01660262,-0.01623669,-0.01559495,-0.01480611,-0.01381047,-0.01268798,-0.01131356,-0.009796165,-0.008069269,-0.006221398,-0.004174238,-0.002093162,-6.849952e-06,0.001874966,0.003505869,0.004632205,0.005241527,0.005191828,0.004606031,0.003435583,0.001905794,5.759748e-05,-0.001645905,-0.002789108,-0.002194786,-0.000510154,NaN,NaN,NaN,NaN,NaN,NaN,NaN,NaN,NaN,NaN,NaN,NaN,NaN,NaN
NaN,NaN,NaN,NaN,NaN,NaN,NaN,NaN,NaN,NaN,NaN,NaN,NaN,NaN,NaN,0.0007857394,0.002038405,0.002326363,0.002702996,0.002820668,0.00282204,0.00257712,0.002203177,0.001643252,0.0009743335,0.0001777518,-0.0006770417,-0.001558974,-0.002395471,-0.003146086,-0.003769752,-0.004267726,-0.004712328,-0.005201613,-0.005836801,-0.006637226,-0.007559764,-0.008481435,-0.009280959,-0.00983867,-0.01007742,-0.00996164,-0.009507687,-0.008738301,-0.00774559,-0.006591975,-0.005351985,-0.0040974,-0.002954423,-0.002049949,-0.001488728,-0.001299237,-0.001479898,-0.00196851,-0.002707867,-0.003633746,-0.004709234,-0.005915768,-0.007190873,-0.008492337,-0.009732295,-0.01091013,-0.01204716,-0.01302344,-0.01392688,-0.01468237,-0.01531822,-0.01580689,-0.01635982,-0.01694934,-0.01752869,-0.01792555,-0.01828308,-0.01862379,-0.01906375,-0.0195339,-0.01993574,-0.0202367,-0.0204569,-0.02057201,-0.02054446,-0.0202428,-0.01966988,-0.01888386,-0.01790859,-0.01674831,-0.0153496,-0.01371954,-0.0118797,-0.009816987,-0.007534743,-0.005096363,-0.002622127,-0.0002214921,0.001946854,0.003705384,0.00490126,0.005446461,0.005296036,0.004488704,0.003080705,0.001253136,-0.0007497905,-0.002270383,-0.002448089,-0.0008629391,NaN,NaN,NaN,NaN,NaN,NaN,NaN,NaN,NaN,NaN,NaN,NaN,NaN,NaN
NaN,NaN,NaN,NaN,NaN,NaN,NaN,NaN,NaN,NaN,NaN,NaN,NaN,NaN,-1.81612e-05,0.0008276891,0.00212974,0.002341255,0.002688807,0.002769418,0.00273953,0.002472489,0.002091192,0.001545727,0.0009001929,0.0001435431,-0.0006514912,-0.001455727,-0.002214082,-0.002894046,-0.003468973,-0.003941276,-0.004404399,-0.004943278,-0.005638149,-0.00648428,-0.007427756,-0.008311633,-0.009032396,-0.009469406,-0.009590306,-0.009367308,-0.008837988,-0.008036911,-0.007082439,-0.006028569,-0.004968383,-0.003940792,-0.003087134,-0.002505895,-0.002297983,-0.002467482,-0.0029884,-0.003773687,-0.004762965,-0.005901477,-0.007165482,-0.008516062,-0.009878567,-0.01121862,-0.012477,-0.01365679,-0.01481064,-0.0157733,-0.01666536,-0.01738609,-0.01807376,-0.0185889,-0.01916128,-0.01969862,-0.02027608,-0.02070976,-0.02118317,-0.02157433,-0.02207668,-0.02256511,-0.02312744,-0.02357641,-0.02394968,-0.02413069,-0.02420821,-0.02405829,-0.0236798,-0.02296711,-0.02202288,-0.02082228,-0.01948473,-0.01786625,-0.01598208,-0.01374658,-0.01125521,-0.008555857,-0.005770896,-0.00289195,-0.0001732409,0.002232912,0.004050192,0.005266591,0.00567932,0.005357945,0.004201008,0.002479132,0.000289059,-0.001585327,-0.002485668,-0.001054414,-3.252948e-06,NaN,NaN,NaN,NaN,NaN,NaN,NaN,NaN,NaN,NaN,NaN,NaN,NaN
NaN,NaN,NaN,NaN,NaN,NaN,NaN,NaN,NaN,NaN,NaN,NaN,NaN,NaN,-1.020749e-05,0.0008548609,0.002164085,0.002355272,0.00266549,0.002714038,0.00265354,0.002366863,0.001978244,0.001450561,0.0008420299,0.0001343962,-0.0006131075,-0.001348957,-0.002028063,-0.002629396,-0.003159398,-0.00363396,-0.004134666,-0.004725828,-0.005469221,-0.00634339,-0.007289886,-0.008121412,-0.008751498,-0.009068749,-0.009077434,-0.008753749,-0.008166045,-0.007365162,-0.006491722,-0.005577399,-0.004708143,-0.003921677,-0.003380595,-0.003152492,-0.003306336,-0.003799691,-0.004615326,-0.005660775,-0.006862302,-0.008164929,-0.009553859,-0.0109824,-0.01237737,-0.01369024,-0.01491284,-0.01603608,-0.01716074,-0.01806797,-0.01891739,-0.01956817,-0.02029953,-0.02084585,-0.0214403,-0.02192435,-0.02249498,-0.02297049,-0.02357046,-0.02403096,-0.02463103,-0.02516318,-0.0258734,-0.02646503,-0.02701286,-0.02733846,-0.0276032,-0.02759515,-0.02740107,-0.02681269,-0.02603682,-0.02493494,-0.02365492,-0.02202857,-0.0201669,-0.01791416,-0.01537618,-0.01243402,-0.009346933,-0.006056491,-0.002882104,0.0001321195,0.002634925,0.004596093,0.005654682,0.005918076,0.005152745,0.003698247,0.001438166,-0.0007309825,-0.002311958,-0.001152772,2.017679e-06,NaN,NaN,NaN,NaN,NaN,NaN,NaN,NaN,NaN,NaN,NaN,NaN,NaN
NaN,NaN,NaN,NaN,NaN,NaN,NaN,NaN,NaN,NaN,NaN,NaN,NaN,NaN,1.55816e-06,0.0009358266,0.002177651,0.002357696,0.002645409,0.002645557,0.0025594,0.002256485,0.001880782,0.001361007,0.0007888867,0.0001221155,-0.000556269,-0.001231413,-0.001832403,-0.002381366,-0.002867239,-0.00335876,-0.003896841,-0.00455206,-0.005336622,-0.006228573,-0.007133206,-0.0079017,-0.008430375,-0.008646506,-0.008536664,-0.008129926,-0.007505067,-0.006746683,-0.005977402,-0.00522683,-0.004554472,-0.004035983,-0.003811828,-0.003945657,-0.004434211,-0.005212743,-0.006266977,-0.007526064,-0.008902244,-0.01032592,-0.01173507,-0.01314247,-0.01451024,-0.01579279,-0.01697278,-0.01792008,-0.01889275,-0.01970998,-0.02056554,-0.02121223,-0.02188325,-0.02237264,-0.02298068,-0.02351147,-0.02417695,-0.02464839,-0.02527849,-0.0258221,-0.02660262,-0.0273117,-0.0281302,-0.02877831,-0.02949678,-0.03004604,-0.03061876,-0.03078047,-0.0307364,-0.03031114,-0.0297736,-0.02889392,-0.02775028,-0.02614314,-0.02436211,-0.02216453,-0.01968976,-0.01663047,-0.01333044,-0.009712175,-0.006125665,-0.002538656,0.0006076725,0.003321866,0.005104456,0.006091519,0.005880507,0.004805198,0.002609487,0.0002598924,-0.00190703,-0.00117645,9.92378e-07,NaN,NaN,NaN,NaN,NaN,NaN,NaN,NaN,NaN,NaN,NaN,NaN,NaN
NaN,NaN,NaN,NaN,NaN,NaN,NaN,NaN,NaN,NaN,NaN,NaN,NaN,NaN,3.442542e-05,0.001232411,0.002145866,0.002371371,0.002594869,0.002581229,0.002451842,0.002154205,0.001778863,0.001281194,0.0007257573,0.000104095,-0.0004980094,-0.001094899,-0.001634305,-0.002153918,-0.002625394,-0.003129619,-0.003700918,-0.004411478,-0.005231468,-0.006128373,-0.006967691,-0.007650027,-0.008069937,-0.008186567,-0.007977869,-0.007511168,-0.006877579,-0.006184991,-0.0055292,-0.004946303,-0.004499736,-0.004269953,-0.004356279,-0.004801527,-0.005572251,-0.006607495,-0.007870775,-0.009268968,-0.01073134,-0.0121892,-0.01358089,-0.01490747,-0.0161835,-0.01734559,-0.01841945,-0.01918344,-0.01996991,-0.02066334,-0.02145332,-0.02207276,-0.02269017,-0.02316253,-0.02377802,-0.02434136,-0.02507241,-0.02561141,-0.02631854,-0.02698753,-0.02790364,-0.02876986,-0.02974572,-0.0305441,-0.03145197,-0.03218608,-0.03298628,-0.0334241,-0.03366764,-0.03349052,-0.03314074,-0.03242441,-0.03153809,-0.03016582,-0.02856031,-0.02641826,-0.02395692,-0.02093982,-0.01763778,-0.01383159,-0.009880019,-0.00575662,-0.002005,0.00142439,0.003985012,0.005762369,0.006241596,0.005695005,0.003763218,0.001338306,-0.001285715,-0.001267344,-1.614916e-05,NaN,NaN,NaN,NaN,NaN,NaN,NaN,NaN,NaN,NaN,NaN,NaN,NaN
NaN,NaN,NaN,NaN,NaN,NaN,NaN,NaN,NaN,NaN,NaN,NaN,NaN,NaN,0.0003116024,0.001616068,0.002095008,0.002387421,0.002517691,0.002514359,0.002338493,0.002058924,0.001666575,0.001203077,0.0006614254,9.768891e-05,-0.0004446926,-0.0009597858,-0.001452928,-0.001941224,-0.002425037,-0.002950193,-0.003561656,-0.004304881,-0.005134819,-0.006011651,-0.006791251,-0.007374479,-0.007677352,-0.007680283,-0.007399749,-0.006908361,-0.006290776,-0.00567338,-0.005135819,-0.004732214,-0.004526321,-0.004571431,-0.004941782,-0.005642937,-0.006646905,-0.007887189,-0.009305447,-0.01076303,-0.01220424,-0.0136028,-0.01495572,-0.01618073,-0.01729522,-0.01822413,-0.01907207,-0.01971643,-0.02034729,-0.02091028,-0.02150032,-0.02200147,-0.02261698,-0.0232084,-0.02383493,-0.02438228,-0.025052,-0.02576634,-0.02668035,-0.02754855,-0.02853355,-0.02946575,-0.03062422,-0.03173209,-0.03285397,-0.03377733,-0.03469191,-0.03544583,-0.03607096,-0.0362337,-0.0360953,-0.0355514,-0.03493249,-0.033932,-0.03256483,-0.03058727,-0.02816996,-0.02530265,-0.02210434,-0.01825977,-0.01403761,-0.009506539,-0.00521037,-0.001134822,0.002259792,0.004859011,0.006150431,0.006223293,0.004810519,0.002434543,-0.0004432231,-0.001381754,-0.0002180261,NaN,NaN,NaN,NaN,NaN,NaN,NaN,NaN,NaN,NaN,NaN,NaN,NaN
NaN,NaN,NaN,NaN,NaN,NaN,NaN,NaN,NaN,NaN,NaN,NaN,NaN,NaN,0.0006944922,0.001846567,0.002070267,0.002373464,0.00243867,0.002427945,0.002223312,0.001946587,0.001545189,0.001111312,0.0006112981,0.0001132824,-0.000393561,-0.0008542879,-0.001305193,-0.001749955,-0.00224401,-0.002813158,-0.003476965,-0.004235448,-0.005049472,-0.005868742,-0.006579833,-0.007064,-0.007256973,-0.007153649,-0.006812572,-0.006308039,-0.005727903,-0.00519854,-0.0048054,-0.004588611,-0.004590132,-0.004859532,-0.005479248,-0.00640707,-0.007600064,-0.00893815,-0.010411,-0.01186006,-0.01323351,-0.01452236,-0.01573198,-0.01678761,-0.01767972,-0.01839054,-0.01898457,-0.01947364,-0.01988206,-0.02031622,-0.02072208,-0.02115916,-0.02171514,-0.02238376,-0.02301552,-0.02364295,-0.02433666,-0.02521099,-0.02625582,-0.02734293,-0.02849837,-0.02965183,-0.03091759,-0.03221428,-0.03351807,-0.03478361,-0.0359922,-0.03698537,-0.03779387,-0.03828898,-0.0385504,-0.03847623,-0.03804442,-0.03722244,-0.03607707,-0.03451643,-0.03246804,-0.0297489,-0.02651481,-0.02271773,-0.01847296,-0.01382733,-0.009011172,-0.004284866,-8.71439e-05,0.003300396,0.005506705,0.006374318,0.005642057,0.003482474,0.000511008,-0.001309297,-0.0006106053,NaN,NaN,NaN,NaN,NaN,NaN,NaN,NaN,NaN,NaN,NaN,NaN,NaN
NaN,NaN,NaN,NaN,NaN,NaN,NaN,NaN,NaN,NaN,NaN,NaN,NaN,NaN,0.0008017584,0.001946263,0.002045952,0.002334805,0.002352115,0.002320799,0.002089842,0.001820549,0.001427749,0.001018484,0.0005522426,0.0001134448,-0.0003380454,-0.000749146,-0.001170959,-0.001603607,-0.00211331,-0.002710203,-0.003410656,-0.004176394,-0.004976052,-0.005721124,-0.006325932,-0.006698936,-0.006794685,-0.006617108,-0.006226162,-0.005709761,-0.005180188,-0.004752844,-0.004506602,-0.004455845,-0.004632414,-0.005092867,-0.005908269,-0.007007339,-0.00830702,-0.009646227,-0.01106634,-0.01244798,-0.01372671,-0.01489502,-0.01581364,-0.01660772,-0.01722617,-0.01780157,-0.01818821,-0.01844182,-0.01852834,-0.01883547,-0.01914626,-0.01963834,-0.02006372,-0.02070316,-0.02133901,-0.02214503,-0.02300717,-0.02403031,-0.02511841,-0.02642241,-0.02779777,-0.02929763,-0.03069568,-0.03211109,-0.03357264,-0.035163,-0.03671251,-0.03802504,-0.03900579,-0.03982852,-0.04042261,-0.04083435,-0.04073361,-0.04018098,-0.03928103,-0.03807817,-0.03639075,-0.03403721,-0.03093694,-0.02729441,-0.02304229,-0.01838294,-0.01326973,-0.00805875,-0.003112028,0.001083928,0.004289791,0.006022371,0.006124073,0.004378326,0.001541511,-0.001041113,-0.000832594,NaN,NaN,NaN,NaN,NaN,NaN,NaN,NaN,NaN,NaN,NaN,NaN,NaN
NaN,NaN,NaN,NaN,NaN,NaN,NaN,NaN,NaN,NaN,NaN,NaN,NaN,-2.378922e-05,0.0007935305,0.001970478,0.002027348,0.002259228,0.002247696,0.002181437,0.00194623,0.001675546,0.001311349,0.0009195047,0.0004875974,8.744634e-05,-0.0002842095,-0.0006428703,-0.001038419,-0.001495112,-0.002033076,-0.002645936,-0.003349351,-0.004109226,-0.0048776,-0.005555026,-0.006041927,-0.006292286,-0.006287722,-0.006048244,-0.00562994,-0.005120595,-0.004644718,-0.004313856,-0.004182174,-0.0042649,-0.004606186,-0.005233234,-0.006168337,-0.007321339,-0.00861178,-0.009931975,-0.01124603,-0.01249338,-0.01353204,-0.01449161,-0.01514423,-0.01571733,-0.01602953,-0.01636152,-0.01646329,-0.01657711,-0.01646934,-0.01665859,-0.01680813,-0.01725926,-0.01766398,-0.01839016,-0.01907785,-0.0199813,-0.02092335,-0.02217894,-0.02348817,-0.0250506,-0.02656072,-0.02822776,-0.02985569,-0.03158799,-0.03327851,-0.03505285,-0.03671998,-0.03840516,-0.03981436,-0.04103585,-0.04183939,-0.04244571,-0.04276987,-0.04280473,-0.04230232,-0.04133663,-0.03976494,-0.03786085,-0.03527705,-0.03197598,-0.02775653,-0.02297643,-0.01773891,-0.0123285,-0.006808397,-0.001820331,0.002391574,0.005095697,0.006162979,0.00508435,0.002541634,-0.0005752267,-0.0008472662,-1.874495e-05,NaN,NaN,NaN,NaN,NaN,NaN,NaN,NaN,NaN,NaN,NaN,NaN
NaN,NaN,NaN,NaN,NaN,NaN,NaN,NaN,NaN,NaN,NaN,NaN,NaN,-1.124206e-05,0.000805383,0.001945697,0.001984525,0.002162796,0.002108996,0.002019496,0.001784437,0.001522238,0.001175018,0.0008155126,0.000427673,8.219407e-05,-0.0002393052,-0.0005548444,-0.0009334034,-0.001390377,-0.0019555,-0.002592685,-0.003305036,-0.004032273,-0.004731792,-0.005317001,-0.005718842,-0.0058598,-0.005757418,-0.005433417,-0.004997885,-0.00451981,-0.004101288,-0.003839794,-0.003792136,-0.003986003,-0.004460843,-0.005189158,-0.006159188,-0.007276058,-0.008469324,-0.009725914,-0.01086119,-0.01191393,-0.01261683,-0.01329222,-0.01370441,-0.01407735,-0.01408734,-0.01411557,-0.01390812,-0.01392863,-0.01373764,-0.01383548,-0.01383499,-0.01419938,-0.01464297,-0.01552559,-0.01631191,-0.01731838,-0.01831594,-0.01980917,-0.02140761,-0.02325035,-0.02493183,-0.02673619,-0.02855192,-0.03061647,-0.03255162,-0.03457629,-0.03638609,-0.03832961,-0.04008661,-0.04169352,-0.04284306,-0.04377108,-0.04438672,-0.04486151,-0.04475274,-0.04422976,-0.04300589,-0.04145645,-0.03924852,-0.03634262,-0.03241557,-0.0277955,-0.0224958,-0.01692874,-0.01096827,-0.005345907,-0.0002389212,0.003469169,0.00567226,0.005497304,0.003472703,5.287553e-05,-0.0007805069,-1.652035e-05,NaN,NaN,NaN,NaN,NaN,NaN,NaN,NaN,NaN,NaN,NaN,NaN
NaN,NaN,NaN,NaN,NaN,NaN,NaN,NaN,NaN,NaN,NaN,NaN,NaN,7.903837e-06,0.0009555905,0.00186855,0.00191387,0.002033992,0.001944302,0.001833335,0.001599758,0.001343646,0.001015799,0.0006988331,0.0003760995,0.0001008448,-0.0001951245,-0.0004857765,-0.0008538208,-0.001291395,-0.001864258,-0.002519918,-0.003247687,-0.003930269,-0.004557537,-0.005019993,-0.005328463,-0.005370504,-0.005193109,-0.004800405,-0.004343469,-0.003869936,-0.003497354,-0.003284144,-0.003315711,-0.003590976,-0.004116359,-0.004859667,-0.00579244,-0.006850666,-0.007895638,-0.00895662,-0.009797333,-0.01060083,-0.01103966,-0.01144521,-0.01154257,-0.011604,-0.01135376,-0.0111584,-0.01078609,-0.01064723,-0.01034598,-0.01036111,-0.01035588,-0.01075993,-0.01124869,-0.01217572,-0.01307377,-0.01427437,-0.01551762,-0.01720089,-0.01894552,-0.02099807,-0.02296735,-0.02511068,-0.02708296,-0.02924061,-0.03135012,-0.03371091,-0.03591469,-0.03804992,-0.0398814,-0.041747,-0.04336478,-0.04490625,-0.04578532,-0.04637046,-0.04655444,-0.04661009,-0.04610065,-0.04491032,-0.04280785,-0.04022142,-0.03681223,-0.03276958,-0.02754194,-0.02172596,-0.0154448,-0.009393543,-0.003573287,0.001177714,0.004551644,0.005439262,0.004171849,0.0008345627,-0.0006244619,-1.76718e-05,NaN,NaN,NaN,NaN,NaN,NaN,NaN,NaN,NaN,NaN,NaN,NaN
NaN,NaN,NaN,NaN,NaN,NaN,NaN,NaN,NaN,NaN,NaN,NaN,NaN,0.0001182426,0.001272931,0.001764197,0.001831431,0.001858215,0.00176063,0.001607314,0.001384174,0.001140958,0.0008632481,0.0005841703,0.0003097124,8.394548e-05,-0.0001394203,-0.0003892848,-0.0007498131,-0.001214012,-0.001795788,-0.002423935,-0.0031197,-0.003761493,-0.004338839,-0.004704299,-0.004877013,-0.00480415,-0.004557895,-0.004135245,-0.00365672,-0.003163003,-0.002803192,-0.002622553,-0.002684328,-0.002981547,-0.003496262,-0.00422095,-0.005048336,-0.005981542,-0.006799268,-0.007579344,-0.008091755,-0.008586155,-0.008808595,-0.008921023,-0.008701159,-0.008409185,-0.007963344,-0.007588904,-0.007148555,-0.006830916,-0.006465821,-0.006427372,-0.006525063,-0.007017693,-0.007602594,-0.008562213,-0.009623537,-0.01101279,-0.01254023,-0.01441974,-0.01636001,-0.01859782,-0.02079681,-0.02316914,-0.02540175,-0.02773594,-0.03005315,-0.03254751,-0.03494768,-0.03738231,-0.03953783,-0.04167741,-0.04349856,-0.04524483,-0.04660599,-0.0476869,-0.04828526,-0.04856125,-0.0483059,-0.04770097,-0.04624091,-0.04410712,-0.04097748,-0.03716807,-0.03237689,-0.02678469,-0.02040654,-0.01389059,-0.007401235,-0.001761418,0.002711793,0.004836616,0.004549929,0.001650096,-0.000494266,-0.0001014638,NaN,NaN,NaN,NaN,NaN,NaN,NaN,NaN,NaN,NaN,NaN,NaN
NaN,NaN,NaN,NaN,NaN,NaN,NaN,NaN,NaN,NaN,NaN,NaN,NaN,0.0005312433,0.001541823,0.001659886,0.001726671,0.001643568,0.001539889,0.001343017,0.001144429,0.000912972,0.0006954627,0.0004586701,0.0002504045,6.702974e-05,-8.259231e-05,-0.0002950972,-0.0006333176,-0.001113996,-0.001691705,-0.00230224,-0.002941148,-0.003532672,-0.004021731,-0.004307699,-0.004366817,-0.004195846,-0.003864672,-0.003396791,-0.00288374,-0.002377284,-0.002000315,-0.001815047,-0.001843029,-0.002105294,-0.002571386,-0.003228544,-0.003900033,-0.004590453,-0.005128857,-0.005604655,-0.005845316,-0.005962782,-0.005920276,-0.005654475,-0.005253026,-0.004695782,-0.004118548,-0.003513017,-0.003006692,-0.002603815,-0.002327395,-0.002281423,-0.002501832,-0.003033402,-0.003813703,-0.004907138,-0.006205267,-0.007730326,-0.009466155,-0.01153128,-0.01379379,-0.01622189,-0.01861939,-0.02104042,-0.02351698,-0.02611682,-0.02870312,-0.03128223,-0.03375338,-0.03635629,-0.03893617,-0.04135967,-0.04343147,-0.04522907,-0.04693618,-0.04853729,-0.04964695,-0.05021196,-0.05016027,-0.04991162,-0.04920333,-0.04764037,-0.04497729,-0.04128139,-0.0368633,-0.03175112,-0.0256248,-0.01882843,-0.01175607,-0.005244188,0.0001767071,0.00365585,0.004480417,0.002393148,-0.0003364178,-0.0004674165,NaN,NaN,NaN,NaN,NaN,NaN,NaN,NaN,NaN,NaN,NaN,NaN
NaN,NaN,NaN,NaN,NaN,NaN,NaN,NaN,NaN,NaN,NaN,NaN,NaN,0.000684702,0.001633165,0.001535573,0.001567865,0.001409043,0.001277433,0.001059031,0.0008851623,0.0006700511,0.0004885189,0.0003113781,0.0002028318,0.0001009372,-1.86451e-05,-0.0002224798,-0.0005299582,-0.000968422,-0.001499378,-0.002114148,-0.002716732,-0.003249137,-0.003612596,-0.003791601,-0.003764637,-0.003534692,-0.003117088,-0.002579655,-0.002003544,-0.001474915,-0.00105487,-0.0008142383,-0.0007704174,-0.0009563136,-0.00132384,-0.001809519,-0.002295599,-0.002689199,-0.002979749,-0.003082453,-0.003038952,-0.002749267,-0.002474085,-0.001878828,-0.0013318,-0.0005409842,0.0001202708,0.0008917546,0.001392212,0.001813481,0.001947332,0.001946165,0.00155571,0.0009332612,-8.560955e-05,-0.001332161,-0.002877514,-0.004572265,-0.006571977,-0.008786755,-0.01126764,-0.01382278,-0.01647417,-0.01907478,-0.02171017,-0.02435514,-0.02711175,-0.02989145,-0.0326859,-0.03533644,-0.03797213,-0.04051805,-0.04303125,-0.04531247,-0.04722554,-0.04880867,-0.05020952,-0.05133706,-0.05210074,-0.05211179,-0.05151347,-0.05028101,-0.04841294,-0.04557259,-0.04152612,-0.03641376,-0.0305139,-0.02385883,-0.01675698,-0.009479852,-0.002994091,0.001851302,0.003909904,0.002862669,-7.66425e-05,-0.0007207498,NaN,NaN,NaN,NaN,NaN,NaN,NaN,NaN,NaN,NaN,NaN,NaN
NaN,NaN,NaN,NaN,NaN,NaN,NaN,NaN,NaN,NaN,NaN,NaN,-2.407425e-05,0.0006827885,0.00161357,0.001403737,0.001360703,0.001144941,0.0009806682,0.0007537809,0.000590736,0.0004038184,0.0002713909,0.0001625911,0.0001341649,0.0001062532,4.821194e-05,-0.0001165375,-0.0003877017,-0.0008034318,-0.001289873,-0.001853923,-0.00238099,-0.002853525,-0.003135485,-0.003227184,-0.003070366,-0.002756019,-0.002266213,-0.001683817,-0.001041137,-0.0004298787,5.880013e-05,0.0003968306,0.0005382011,0.0005181771,0.0002879155,3.051281e-05,-0.0002632746,-0.000330359,-0.0003586821,-5.915501e-05,0.0002661335,0.0009256715,0.001410415,0.002269259,0.002950045,0.003897072,0.004595175,0.005437997,0.005883196,0.006243901,0.006191613,0.006079963,0.005483427,0.004717498,0.003428778,0.002008519,0.0002201949,-0.001647606,-0.003914609,-0.006280737,-0.00892771,-0.01156376,-0.01439348,-0.01713993,-0.01996503,-0.02264609,-0.02552989,-0.02836968,-0.03136415,-0.03415564,-0.03694595,-0.03960202,-0.04230854,-0.04478871,-0.04708048,-0.04891527,-0.05063799,-0.05199298,-0.05317724,-0.05369319,-0.05359781,-0.05274335,-0.0513487,-0.04906303,-0.04574636,-0.04102024,-0.03544824,-0.02888029,-0.02182847,-0.01415101,-0.006876962,-0.0007287866,0.002705955,0.003071317,0.0003116639,-0.0007772851,-7.995748e-05,NaN,NaN,NaN,NaN,NaN,NaN,NaN,NaN,NaN,NaN,NaN
NaN,NaN,NaN,NaN,NaN,NaN,NaN,NaN,NaN,NaN,NaN,NaN,-1.345701e-05,0.0007075492,0.001546154,0.001246609,0.001130785,0.0008411954,0.0006605369,0.0004108344,0.0002681477,0.0001155544,6.459947e-05,9.782966e-06,4.40072e-05,5.76126e-05,0.0001133602,1.460471e-05,-0.0001942037,-0.0006018773,-0.001037165,-0.001532793,-0.001942067,-0.002349424,-0.00253751,-0.00256993,-0.002288208,-0.001883033,-0.001307942,-0.0006738785,4.38009e-05,0.000759954,0.001356285,0.001824957,0.00209725,0.002286682,0.002260885,0.002262681,0.002204547,0.00242375,0.00267892,0.003343653,0.003997911,0.004943295,0.005606669,0.006569235,0.00743236,0.008500382,0.00921542,0.009923679,0.01018398,0.01046889,0.01031898,0.01001744,0.009127492,0.008077826,0.006597543,0.005019937,0.003003043,0.000919973,-0.001539528,-0.00402546,-0.006831014,-0.009573254,-0.01247591,-0.0152054,-0.01815562,-0.02101968,-0.02404224,-0.0268531,-0.02976149,-0.03267759,-0.03580694,-0.0386568,-0.04140529,-0.04376859,-0.04635677,-0.0487363,-0.0508776,-0.0523635,-0.05353604,-0.05448974,-0.05526707,-0.05504508,-0.05398088,-0.05174132,-0.04908678,-0.04537166,-0.04045902,-0.03401616,-0.02677061,-0.0189584,-0.01131873,-0.00407735,0.0008375974,0.002743882,0.0006580217,-0.0007735553,-6.991738e-05,NaN,NaN,NaN,NaN,NaN,NaN,NaN,NaN,NaN,NaN,NaN
NaN,NaN,NaN,NaN,NaN,NaN,NaN,NaN,NaN,NaN,NaN,NaN,1.791004e-05,0.0009098059,0.001390048,0.001047981,0.0008572683,0.0005183713,0.0003096222,5.264439e-05,-5.5594e-05,-0.0001910144,-0.0001951782,-0.0001954104,-4.618191e-05,5.722844e-05,0.0001683285,9.688285e-05,-2.417927e-05,-0.0003305343,-0.0006501214,-0.00111482,-0.001452077,-0.001776138,-0.001820957,-0.001743231,-0.001383942,-0.0009258016,-0.0002607349,0.0004596134,0.00128053,0.002099469,0.00283838,0.003463276,0.003922944,0.004300974,0.004543677,0.004813909,0.005071819,0.005538923,0.006105343,0.006985229,0.007965501,0.009094303,0.01003242,0.01103971,0.01197057,0.01294565,0.01365513,0.01423779,0.01441541,0.01439697,0.01402169,0.01343648,0.01239855,0.01110927,0.009396426,0.007528136,0.005348912,0.003084819,0.0005334141,-0.002093684,-0.004938719,-0.007752567,-0.01069307,-0.0135351,-0.01645486,-0.019309,-0.02231634,-0.02528493,-0.02836033,-0.03125421,-0.03423454,-0.03714475,-0.04018915,-0.04302279,-0.04560446,-0.04786697,-0.05014041,-0.05223031,-0.05417367,-0.05530572,-0.05600163,-0.05615708,-0.05595142,-0.05478668,-0.05243704,-0.0489081,-0.04453648,-0.03890293,-0.03218471,-0.02418151,-0.01599365,-0.007971765,-0.001741686,0.001727742,0.0009027314,-0.0008637499,-0.0001128024,NaN,NaN,NaN,NaN,NaN,NaN,NaN,NaN,NaN,NaN,NaN
NaN,NaN,NaN,NaN,NaN,NaN,NaN,NaN,NaN,NaN,NaN,NaN,0.0003026092,0.001188078,0.001171807,0.0008459619,0.0005260215,0.0001913074,-8.150217e-05,-0.000313004,-0.0004282292,-0.0005017378,-0.0004758452,-0.000397696,-0.0002043564,-9.628933e-06,0.0001830036,0.0002196141,0.0001760601,-2.863277e-05,-0.0002676124,-0.0006044925,-0.0008450757,-0.00105869,-0.001023573,-0.0008429108,-0.0003751341,0.0001748979,0.0009230147,0.001721479,0.00266991,0.00357798,0.004477444,0.005242234,0.005999242,0.006603565,0.007139637,0.007571072,0.008190947,0.008884836,0.009858369,0.01082512,0.01203046,0.01321948,0.01443448,0.01546873,0.01643054,0.01714857,0.01779868,0.01813828,0.01825427,0.01788967,0.0172769,0.01633175,0.01513765,0.01357656,0.01172656,0.009569108,0.007302549,0.004834349,0.002267118,-0.0004809447,-0.00326376,-0.006136048,-0.008982289,-0.01188678,-0.0147542,-0.01767072,-0.02059007,-0.02357033,-0.02655149,-0.0296064,-0.03260339,-0.03563557,-0.03857495,-0.04149138,-0.04428778,-0.04692772,-0.04933259,-0.05156818,-0.05360346,-0.05538626,-0.05655387,-0.05718714,-0.05719358,-0.05663165,-0.05510256,-0.05233943,-0.04837412,-0.04329112,-0.0370601,-0.02960643,-0.02104436,-0.01244154,-0.004874499,-4.436935e-05,0.0008745894,-0.001130338,-0.0009178033,NaN,NaN,NaN,NaN,NaN,NaN,NaN,NaN,NaN,NaN,NaN
NaN,NaN,NaN,NaN,NaN,NaN,NaN,NaN,NaN,NaN,NaN,NaN,0.0004818007,0.001240156,0.0009577279,0.0006049011,0.0001812501,-0.0001712603,-0.0004881119,-0.0007065273,-0.0008362157,-0.0008566504,-0.0007855437,-0.000634007,-0.0004042054,-0.0001382435,0.0001459255,0.0003223227,0.0003792721,0.0003049696,0.0001627792,-2.741088e-05,-0.0001594361,-0.0002459334,-0.0001158309,0.0001675431,0.000749669,0.001399417,0.002253667,0.003095426,0.004165925,0.005182769,0.00632817,0.007218723,0.008221477,0.008952896,0.009905258,0.01060697,0.01158478,0.01234403,0.01351133,0.01464999,0.01617651,0.01738619,0.01862136,0.01941732,0.02046385,0.021105,0.02164149,0.02154672,0.02133672,0.02071316,0.02003957,0.01876217,0.01731985,0.01537858,0.01347062,0.01117879,0.008879757,0.006243158,0.003690483,0.0009021188,-0.00176899,-0.004654895,-0.007362118,-0.01022236,-0.0129638,-0.01594257,-0.01877539,-0.02175112,-0.02455383,-0.02763947,-0.03066623,-0.03381955,-0.03672599,-0.03965734,-0.04246824,-0.04544148,-0.04804434,-0.05054249,-0.05259132,-0.05469001,-0.0564128,-0.0577041,-0.05808803,-0.05776423,-0.05671214,-0.05511763,-0.05199759,-0.04752799,-0.0413496,-0.03442133,-0.02631281,-0.01756713,-0.008798006,-0.00236112,0.000386342,-0.001279849,-0.001631965,NaN,NaN,NaN,NaN,NaN,NaN,NaN,NaN,NaN,NaN,NaN
NaN,NaN,NaN,NaN,NaN,NaN,NaN,NaN,NaN,NaN,NaN,-1.099722e-05,0.0005414193,0.001233361,0.0006850844,0.0003094415,-0.0002026184,-0.0005418691,-0.0009342931,-0.00111503,-0.001255589,-0.001225045,-0.001184388,-0.0009528192,-0.0006617286,-0.0002445955,6.455509e-05,0.0003487617,0.0005110492,0.0006585073,0.000677404,0.0006293089,0.0005645622,0.0006252184,0.0008871495,0.001327102,0.001991425,0.002723505,0.003687954,0.004626122,0.00583031,0.006918916,0.008248352,0.009300261,0.0105803,0.01153514,0.01273893,0.01366044,0.01489693,0.01589728,0.01728814,0.01845016,0.01994686,0.02113256,0.02245371,0.02327393,0.02410842,0.02438677,0.02465365,0.02435496,0.0240292,0.02304793,0.02201167,0.02042655,0.01887422,0.01683197,0.01480154,0.01232415,0.01001411,0.007370689,0.004926596,0.002159984,-0.00037405,-0.003175757,-0.005733128,-0.008567019,-0.01114723,-0.01400844,-0.0166792,-0.01967831,-0.02249356,-0.02553734,-0.02832323,-0.03145803,-0.03443558,-0.03770118,-0.04047711,-0.04333797,-0.04592606,-0.04883981,-0.0514695,-0.05385281,-0.05542433,-0.05702332,-0.05808733,-0.05899009,-0.05836572,-0.05689091,-0.05425761,-0.0509686,-0.04603143,-0.03955387,-0.03120864,-0.02248485,-0.01320373,-0.005760975,-0.0008951075,-0.001416498,-0.001805828,-0.000179443,NaN,NaN,NaN,NaN,NaN,NaN,NaN,NaN,NaN,NaN
NaN,NaN,NaN,NaN,NaN,NaN,NaN,NaN,NaN,NaN,NaN,6.677671e-06,0.0006649189,0.001061914,0.0003919129,-3.029111e-06,-0.0006077521,-0.000940799,-0.001395464,-0.001564679,-0.001764164,-0.001663649,-0.001595775,-0.001285779,-0.001003514,-0.0005198253,-0.0001155796,0.0003691587,0.0006582048,0.0009754178,0.001111755,0.001294865,0.001377505,0.00161104,0.001951457,0.002541854,0.003301805,0.004190161,0.005221195,0.006308246,0.007585868,0.008820962,0.01019702,0.01148729,0.01291823,0.01422182,0.01553578,0.01673212,0.01805775,0.0193325,0.02075108,0.02204016,0.02335711,0.02455655,0.02568614,0.02648201,0.02702949,0.02716051,0.02702976,0.02650187,0.02578245,0.02468733,0.02336626,0.02165477,0.01981507,0.01772247,0.01560367,0.01325378,0.01089902,0.00838057,0.005948489,0.003413504,0.0009697265,-0.001598587,-0.004060759,-0.006637887,-0.009167437,-0.01187928,-0.01452357,-0.01728514,-0.01996053,-0.02290611,-0.02585155,-0.02892765,-0.03183474,-0.03480492,-0.03779065,-0.04094927,-0.043811,-0.04659741,-0.04908114,-0.05181792,-0.05426795,-0.05633958,-0.0575907,-0.05834305,-0.05866906,-0.05846343,-0.05676903,-0.05377563,-0.04914239,-0.04367254,-0.03646401,-0.02788888,-0.01812083,-0.00930159,-0.002967563,-0.001739151,-0.002400038,-0.000213832,NaN,NaN,NaN,NaN,NaN,NaN,NaN,NaN,NaN,NaN
NaN,NaN,NaN,NaN,NaN,NaN,NaN,NaN,NaN,NaN,NaN,0.00015737,0.0008588756,0.0008038008,7.728027e-05,-0.0004033567,-0.001011829,-0.001398698,-0.001874802,-0.002067606,-0.002240836,-0.002163245,-0.002097782,-0.001762418,-0.001385433,-0.0007925676,-0.000335128,0.0002352487,0.0006909334,0.001242009,0.001602843,0.001968767,0.002179922,0.002614792,0.003073973,0.00385739,0.004667514,0.005763477,0.00683349,0.008111399,0.009329277,0.01080794,0.01221566,0.0138107,0.01519276,0.01672815,0.01811676,0.01972761,0.02105394,0.02250118,0.02368101,0.02514775,0.02629462,0.02749929,0.02825944,0.02895047,0.02916669,0.029217,0.02863437,0.02795744,0.02682689,0.02570052,0.02406324,0.02234107,0.02027512,0.01831907,0.01610979,0.01397698,0.01158837,0.009362408,0.006981053,0.004778367,0.002398803,0.000166023,-0.002244103,-0.004523579,-0.007011428,-0.009407455,-0.01202632,-0.01456116,-0.01733595,-0.02001022,-0.02289902,-0.02574401,-0.02884828,-0.03186854,-0.03491287,-0.03774131,-0.04076115,-0.04373664,-0.04689664,-0.04954837,-0.05201362,-0.05420994,-0.0563825,-0.05803411,-0.05883344,-0.05858557,-0.05775756,-0.05583243,-0.05275287,-0.04757498,-0.04091193,-0.03263643,-0.02343149,-0.01378071,-0.00605518,-0.002309318,-0.003276875,-0.00162553,NaN,NaN,NaN,NaN,NaN,NaN,NaN,NaN,NaN,NaN
NaN,NaN,NaN,NaN,NaN,NaN,NaN,NaN,NaN,NaN,-2.426882e-06,0.0003610463,0.0009381155,0.0003963143,-0.0002372951,-0.0008848679,-0.001403294,-0.001920255,-0.002319979,-0.002658991,-0.002790991,-0.002772763,-0.002579339,-0.002284756,-0.001835843,-0.001274929,-0.000640484,3.862919e-05,0.0007047459,0.001390401,0.001970487,0.002564558,0.003001563,0.003630158,0.00422613,0.005195761,0.006073887,0.007328094,0.00844543,0.009963349,0.01124741,0.01283906,0.01413238,0.01591874,0.01742222,0.01929294,0.02057936,0.02219291,0.02350085,0.02521808,0.02645382,0.02773768,0.0284223,0.02950435,0.03015431,0.03088078,0.03062198,0.03030867,0.02939959,0.02870419,0.02740723,0.02614485,0.02420419,0.02253129,0.02045361,0.01871605,0.01651103,0.01459543,0.01230058,0.01040612,0.008170265,0.006304482,0.004051756,0.002139652,-0.0001565761,-0.002135133,-0.004553898,-0.006693792,-0.009260151,-0.01151827,-0.01421352,-0.01671497,-0.01971162,-0.02238392,-0.02542911,-0.02812023,-0.03136588,-0.03435272,-0.0376103,-0.04035215,-0.04338749,-0.0462561,-0.04954685,-0.05208175,-0.05446558,-0.05591406,-0.05767424,-0.05852137,-0.05869948,-0.05706625,-0.05455992,-0.05049829,-0.04532136,-0.03757763,-0.02866994,-0.01828706,-0.009795207,-0.003799278,-0.004086246,-0.003331453,-0.0002495752,NaN,NaN,NaN,NaN,NaN,NaN,NaN,NaN,NaN
NaN,NaN,NaN,NaN,NaN,NaN,NaN,NaN,NaN,NaN,1.36228e-05,0.0004690893,0.0008641682,-6.854313e-05,-0.0006042454,-0.001419733,-0.001815794,-0.002507701,-0.002821001,-0.003261581,-0.003274057,-0.003404611,-0.003197305,-0.002955158,-0.002318889,-0.001697155,-0.001001327,-0.000341074,0.000545938,0.001444021,0.002314018,0.003047764,0.003740635,0.004556091,0.005378747,0.006428872,0.007467714,0.008851029,0.0101474,0.01168325,0.01301165,0.01465479,0.01617099,0.01797304,0.01949215,0.02115058,0.02262619,0.02434687,0.02579653,0.02723175,0.028244,0.02933604,0.03011497,0.03094102,0.03133452,0.03155024,0.03118053,0.03069208,0.02976435,0.02877079,0.02736181,0.02592504,0.02412576,0.02248052,0.02061271,0.01893294,0.01697076,0.01519734,0.01326469,0.01158856,0.009708027,0.008009304,0.006058424,0.004312025,0.002293991,0.0004305181,-0.001723781,-0.003717371,-0.00604997,-0.008276363,-0.01088493,-0.01328734,-0.01596808,-0.0185325,-0.02154943,-0.02448374,-0.02761145,-0.03036261,-0.03344816,-0.03645926,-0.03995249,-0.04296109,-0.04600214,-0.04867606,-0.05163618,-0.05408931,-0.05618601,-0.05723937,-0.0580085,-0.05759059,-0.05636369,-0.05304601,-0.04852762,-0.04177897,-0.0337357,-0.02364228,-0.01406025,-0.006278737,-0.004625234,-0.004637278,-0.0003571372,NaN,NaN,NaN,NaN,NaN,NaN,NaN,NaN,NaN
NaN,NaN,NaN,NaN,NaN,NaN,NaN,NaN,NaN,NaN,0.0001386485,0.0005559663,0.0004912115,-0.0005556422,-0.001120038,-0.001948799,-0.002331781,-0.003040406,-0.003380654,-0.003849132,-0.003905539,-0.004027708,-0.003816874,-0.003555542,-0.002942171,-0.00230568,-0.001482344,-0.000706093,0.0003295949,0.001324748,0.002403342,0.003362962,0.004393976,0.005355102,0.006416071,0.007476561,0.008784306,0.0102036,0.01174569,0.01318881,0.0146828,0.01623623,0.01803002,0.01966308,0.02128313,0.02262163,0.02427836,0.02587453,0.02743746,0.02848971,0.02938243,0.03015443,0.031086,0.03151868,0.03172421,0.03133474,0.03106063,0.03044724,0.02965379,0.02827505,0.02685646,0.02534718,0.02404989,0.02242504,0.0208554,0.01905585,0.017605,0.01605661,0.01466184,0.01302211,0.01153974,0.009923717,0.008460405,0.006738624,0.005110943,0.003252157,0.001478725,-0.000601549,-0.002627631,-0.004880338,-0.007035291,-0.009515097,-0.01199851,-0.01473881,-0.01738307,-0.02025888,-0.0231474,-0.02623844,-0.0291861,-0.03231367,-0.03546118,-0.03889111,-0.04201514,-0.04512375,-0.04801105,-0.05108493,-0.05372061,-0.05557028,-0.05654163,-0.0570713,-0.05685246,-0.05518657,-0.05109964,-0.04542969,-0.03797529,-0.02915582,-0.01885869,-0.009930515,-0.005295789,-0.006123441,-0.002056579,NaN,NaN,NaN,NaN,NaN,NaN,NaN,NaN,NaN
NaN,NaN,NaN,NaN,NaN,NaN,NaN,NaN,NaN,1.014057e-05,0.0002685126,0.0005123361,-0.0001988227,-0.001017918,-0.001827371,-0.002454954,-0.003019778,-0.00347375,-0.003967965,-0.004343712,-0.004686799,-0.00465769,-0.004449741,-0.004046002,-0.003625548,-0.003020255,-0.002125648,-0.001086771,1.259992e-05,0.001099094,0.002285969,0.003501265,0.004786029,0.005922559,0.007209065,0.008432283,0.009911092,0.01126525,0.01290615,0.01442596,0.01623343,0.01769534,0.01933688,0.02075268,0.02249577,0.02396787,0.02551514,0.02663525,0.0279703,0.02899136,0.03009293,0.03054133,0.03098762,0.03103892,0.03126121,0.0309585,0.03052878,0.02957632,0.02875611,0.02753362,0.02645858,0.02499156,0.02380642,0.02235971,0.0212138,0.01976294,0.01862466,0.01726212,0.01622771,0.0148672,0.01375056,0.01228059,0.01107708,0.009486859,0.008117042,0.006342914,0.00478663,0.002779316,0.0009681649,-0.001254224,-0.003205065,-0.00560802,-0.007876037,-0.01063406,-0.0131149,-0.01593371,-0.0185205,-0.02171001,-0.02465187,-0.02792875,-0.03073229,-0.03409985,-0.03743275,-0.04117665,-0.04419792,-0.04717505,-0.04980832,-0.05295124,-0.05492054,-0.05618808,-0.05581685,-0.05536305,-0.05307046,-0.04905292,-0.04203045,-0.03374517,-0.0236099,-0.01447167,-0.007177477,-0.007161874,-0.005364814,-0.0002345948,NaN,NaN,NaN,NaN,NaN,NaN,NaN,NaN
NaN,NaN,NaN,NaN,NaN,NaN,NaN,NaN,-1.818951e-05,5.513956e-05,7.91755e-06,2.273398e-05,-0.001049124,-0.001619759,-0.002595316,-0.003032348,-0.003728874,-0.003986073,-0.004542139,-0.004821228,-0.005299146,-0.005273536,-0.00511381,-0.004640862,-0.004247483,-0.003627494,-0.002779377,-0.001626552,-0.0004688347,0.0007665296,0.002047119,0.003434895,0.00486299,0.006235618,0.007659153,0.00908363,0.01060579,0.01207737,0.01369235,0.01533059,0.01709813,0.01866278,0.02014623,0.02155598,0.02305244,0.02450863,0.02581741,0.02688977,0.0279019,0.02884331,0.02964517,0.03008915,0.03023089,0.03022587,0.03015546,0.02992241,0.02937926,0.02862081,0.02775233,0.02682996,0.02584629,0.02482091,0.02378287,0.02279539,0.02182662,0.02088412,0.01993298,0.01902329,0.01810701,0.01716809,0.01613926,0.01503171,0.01383306,0.01255599,0.01116747,0.00968005,0.008064914,0.006338797,0.004493806,0.002560139,0.0005345117,-0.001607366,-0.003891065,-0.006321362,-0.00884591,-0.01144596,-0.0141131,-0.01695633,-0.01993138,-0.02301425,-0.02608275,-0.02925141,-0.03261496,-0.03623336,-0.03975434,-0.04301381,-0.0459979,-0.04914304,-0.0520241,-0.05413914,-0.05485507,-0.05472207,-0.05376382,-0.05119493,-0.04583395,-0.03804114,-0.02858593,-0.01901746,-0.01066237,-0.007661445,-0.00832046,-0.001272232,7.266898e-05,NaN,NaN,NaN,NaN,NaN,NaN,NaN
NaN,NaN,NaN,NaN,NaN,NaN,NaN,6.107227e-06,-1.032975e-05,-0.0003415912,-0.000632584,-0.001108089,-0.001947304,-0.002551364,-0.003271385,-0.003766667,-0.004309278,-0.004669937,-0.005055662,-0.005373312,-0.005685522,-0.005828313,-0.005688536,-0.00532574,-0.004812461,-0.00418151,-0.003337453,-0.002258991,-0.001044742,0.0002680634,0.001662632,0.003146609,0.004678654,0.006228547,0.007739387,0.009279876,0.01083821,0.01247664,0.01408374,0.01574567,0.01731965,0.01893293,0.02038719,0.0218074,0.02302616,0.02425249,0.02534188,0.02642254,0.02725048,0.02802092,0.02850149,0.02890494,0.0289967,0.02899222,0.02878072,0.02855829,0.02809566,0.02760667,0.02691356,0.02628518,0.02554655,0.0249314,0.02422469,0.02364016,0.02296568,0.02240488,0.02172499,0.02113965,0.02040049,0.01971281,0.01880857,0.01790614,0.01677679,0.01565319,0.01429498,0.01294073,0.01135035,0.009776938,0.007975692,0.006202655,0.004199775,0.002226323,1.192902e-05,-0.002185082,-0.004638407,-0.007056974,-0.009692935,-0.01229733,-0.01518109,-0.0180621,-0.02120755,-0.02427198,-0.02763757,-0.03104878,-0.03477534,-0.03829591,-0.04177872,-0.04494672,-0.0482279,-0.05097774,-0.05306933,-0.05368849,-0.05351582,-0.05193132,-0.04855916,-0.04209894,-0.03359953,-0.02369978,-0.01494475,-0.008996278,-0.009792874,-0.006637091,-9.32597e-05,1.125334e-06,NaN,NaN,NaN,NaN,NaN,NaN
NaN,NaN,NaN,-3.348915e-06,-8.92025e-06,-4.793842e-06,-6.859288e-06,-4.657153e-05,-0.0007336239,-0.001456107,-0.001882227,-0.002597644,-0.003115931,-0.0036535,-0.00405528,-0.004531623,-0.004916006,-0.005327097,-0.00561546,-0.005909877,-0.006090254,-0.006249209,-0.006178229,-0.005898035,-0.005381692,-0.004708246,-0.003882224,-0.002855811,-0.001670675,-0.0003277741,0.001107996,0.002652643,0.004223588,0.00586257,0.007447826,0.00907006,0.01065375,0.01231755,0.01392738,0.01556999,0.01708842,0.01860017,0.01996719,0.02127105,0.02238268,0.0234455,0.02437071,0.02525282,0.02596701,0.02661925,0.02707295,0.02739413,0.02747318,0.0274588,0.02736395,0.02729107,0.02706221,0.0267774,0.02641154,0.0261122,0.02580442,0.02553713,0.02520865,0.02493858,0.0246329,0.02435582,0.02396329,0.0235311,0.02297775,0.02238747,0.02163261,0.02077418,0.01972916,0.01860807,0.01732729,0.01598054,0.01447656,0.01292414,0.0112372,0.00950999,0.00763661,0.005724369,0.003690584,0.00161186,-0.0006326493,-0.002951237,-0.005400366,-0.007866738,-0.01050977,-0.01326453,-0.01625486,-0.01929787,-0.02249322,-0.02582944,-0.02945914,-0.03320035,-0.03694118,-0.04041274,-0.04384356,-0.04709645,-0.05005489,-0.0519017,-0.05249645,-0.0518429,-0.04984087,-0.04539574,-0.03814688,-0.02874794,-0.01942362,-0.01199974,-0.01013984,-0.01093353,-0.004779402,-8.112373e-05,1.793061e-05,7.353567e-06,-6.790994e-06,-1.316398e-05,NaN,NaN
5.893324e-06,1.419229e-06,-6.560991e-06,-1.165084e-05,-2.452318e-05,-7.337845e-05,-0.0005986829,-0.001396983,-0.002185473,-0.002950131,-0.003593755,-0.004257549,-0.004583484,-0.004852036,-0.005024054,-0.005318451,-0.005603113,-0.00593425,-0.00620013,-0.006428969,-0.006557628,-0.006628545,-0.006575597,-0.006333916,-0.005882289,-0.005223454,-0.004413665,-0.003420996,-0.00227897,-0.0009799593,0.0004361227,0.001965071,0.003549717,0.005186661,0.006810949,0.008437293,0.01004538,0.01166556,0.01326429,0.01483045,0.01631059,0.01770742,0.01899507,0.02016006,0.02118875,0.02211327,0.02295297,0.02370537,0.02437362,0.02496016,0.02544193,0.02579115,0.02600043,0.0261026,0.02620575,0.02633224,0.02642441,0.02646322,0.0264942,0.02654868,0.02663417,0.02670513,0.02674782,0.02676412,0.02674437,0.0266487,0.02644416,0.0261093,0.02565278,0.02507588,0.02435621,0.02347857,0.02245289,0.0212976,0.02002755,0.01866027,0.01720075,0.01566287,0.01404902,0.01236886,0.01061356,0.008800206,0.006919321,0.004971165,0.002923678,0.0007886877,-0.001433983,-0.003738712,-0.006168532,-0.0087347,-0.01146212,-0.01433374,-0.01739616,-0.02065491,-0.02414356,-0.02779321,-0.0315876,-0.03540663,-0.03915329,-0.04274039,-0.04607678,-0.04886345,-0.05065164,-0.05110442,-0.05015304,-0.04730637,-0.04184159,-0.03368719,-0.02432345,-0.01595907,-0.01135208,-0.01171008,-0.009527736,-0.003332763,-0.0001402932,6.712969e-05,3.157626e-05,2.139173e-05,1.585535e-05,1.176352e-05
0.000869651,0.0005234369,0.0001790334,-0.00020402,-0.0005689821,-0.001019811,-0.001699964,-0.002704476,-0.003574959,-0.0044302,-0.005269585,-0.005914027,-0.00613717,-0.006167836,-0.006131168,-0.006201475,-0.006358471,-0.006568935,-0.006787191,-0.006960892,-0.007043725,-0.007037545,-0.006942696,-0.006709079,-0.006295851,-0.005685585,-0.004907962,-0.003973804,-0.00287777,-0.001652057,-0.0002939453,0.001155207,0.002694146,0.004274685,0.005880372,0.007467203,0.009055126,0.01061816,0.01217314,0.01365916,0.01507652,0.01638542,0.01760796,0.0186868,0.01966155,0.02052087,0.02133115,0.02206128,0.02276195,0.02339339,0.02397989,0.02446282,0.02488334,0.02521752,0.02558991,0.02599471,0.02643666,0.0268392,0.02726117,0.02766598,0.02809405,0.02845572,0.02877455,0.02899348,0.02914215,0.02913285,0.02899834,0.02866686,0.02820052,0.02755499,0.02678261,0.02582161,0.0247457,0.02351474,0.02221281,0.02080189,0.0193537,0.01781574,0.01626015,0.01463063,0.01299,0.01127712,0.009561558,0.007763679,0.005933639,0.003991694,0.002015545,-6.83251e-05,-0.002229015,-0.004567816,-0.007033515,-0.009688647,-0.01247432,-0.01553934,-0.01883921,-0.02243523,-0.02615527,-0.03001834,-0.03391766,-0.03786797,-0.04164592,-0.04506093,-0.04770043,-0.04933147,-0.04955124,-0.0481738,-0.04442407,-0.03798123,-0.02933093,-0.02059821,-0.01399054,-0.01209366,-0.01149697,-0.007212246,-0.001804904,0.0007622974,0.001436068,0.00153199,0.001400086,0.001153396
0.002599063,0.001924168,0.001205424,0.0004135308,-0.0003809232,-0.001261886,-0.00210188,-0.003175117,-0.004285098,-0.00534149,-0.006399582,-0.007181786,-0.007477471,-0.00744107,-0.007278316,-0.007179596,-0.007184033,-0.00726727,-0.007384266,-0.00750549,-0.007547018,-0.007490039,-0.007323899,-0.007064038,-0.006661203,-0.006106448,-0.005369505,-0.004493262,-0.003460106,-0.002320259,-0.001056065,0.0002914757,0.001734549,0.003224686,0.004757667,0.006283177,0.007815583,0.009320398,0.01081344,0.01224064,0.01360336,0.01486953,0.01605702,0.01712318,0.01810247,0.01899833,0.01985752,0.02067195,0.02148556,0.02227307,0.02304187,0.02375242,0.02443352,0.02507464,0.02575084,0.02647234,0.02723839,0.02799012,0.02873589,0.02944306,0.03011156,0.03067155,0.03112352,0.03143521,0.0316099,0.03158765,0.03138071,0.03096464,0.03037302,0.02960329,0.02868561,0.02760443,0.0264048,0.0250868,0.02369967,0.02224967,0.02077276,0.01925574,0.01772828,0.01617671,0.01462594,0.01305783,0.01148737,0.009884698,0.008254564,0.006570065,0.004842632,0.003030079,0.001128163,-0.0009063656,-0.003066329,-0.00540206,-0.007939065,-0.01072978,-0.01378067,-0.01709904,-0.02067992,-0.02451974,-0.02851121,-0.0325967,-0.03663876,-0.04052036,-0.04395603,-0.04659135,-0.048012,-0.04789712,-0.04582343,-0.04123817,-0.03405133,-0.02553673,-0.01787152,-0.01331587,-0.01218929,-0.009980108,-0.004752612,8.227937e-05,0.002555765,0.003364081,0.003450202,0.003112066
0.005033322,0.004278631,0.00333807,0.002267346,0.00112813,-8.459315e-05,-0.00126457,-0.002517595,-0.003830931,-0.005160658,-0.0064875,-0.007573404,-0.008171992,-0.008338326,-0.008246314,-0.008105668,-0.008019386,-0.007995273,-0.008007518,-0.008047599,-0.008044755,-0.007952342,-0.007741678,-0.007435678,-0.007015327,-0.006480147,-0.005794834,-0.004978109,-0.004019476,-0.002957461,-0.001792862,-0.0005544736,0.0007700998,0.002155595,0.003597147,0.005053559,0.006524361,0.007980981,0.009430307,0.01083113,0.01218125,0.0134591,0.0146821,0.01581536,0.01688773,0.01790717,0.01891255,0.01989946,0.02091049,0.02192322,0.02294056,0.02392247,0.02489293,0.0258428,0.02682067,0.02782443,0.02886141,0.02987036,0.03083978,0.03171757,0.03250064,0.03311788,0.03356815,0.03382173,0.03388954,0.0337216,0.03334362,0.03273919,0.03195238,0.03098245,0.02987801,0.02862623,0.027282,0.02584455,0.0243722,0.02286536,0.02136804,0.01986026,0.01838025,0.01690569,0.01546827,0.01403866,0.01264618,0.01124492,0.00985063,0.008414838,0.006964449,0.005452148,0.003870349,0.00215584,0.0003147367,-0.001691799,-0.00385928,-0.006297422,-0.00902583,-0.01209552,-0.01542773,-0.01904244,-0.02292157,-0.02706429,-0.03133285,-0.03554265,-0.03945699,-0.04288726,-0.04542213,-0.04665138,-0.04606542,-0.04327077,-0.03790219,-0.03044001,-0.02248681,-0.01622321,-0.01292332,-0.01140135,-0.007879988,-0.002459159,0.00194691,0.00438522,0.005369852,0.005460101
0.007646947,0.007197744,0.006343929,0.005202756,0.003896174,0.002455868,0.001035899,-0.0004172215,-0.001944987,-0.003520058,-0.005138213,-0.006622967,-0.007714072,-0.008344388,-0.008597086,-0.008646929,-0.008620273,-0.008587085,-0.008538988,-0.008512232,-0.008464714,-0.008349651,-0.008110467,-0.007770616,-0.007326782,-0.006797693,-0.006144257,-0.005374157,-0.004481723,-0.003496425,-0.002419944,-0.001272745,-4.731927e-05,0.001243406,0.00260439,0.004005845,0.005440834,0.006880506,0.008327504,0.009754152,0.01115716,0.01252008,0.0138556,0.01514254,0.01639452,0.01762282,0.01884765,0.02007088,0.0213239,0.02259566,0.02387406,0.02512608,0.0263572,0.02756869,0.02878025,0.02998372,0.03117239,0.03230716,0.03334684,0.03424489,0.03497852,0.03549892,0.03579328,0.03585554,0.03568925,0.03527398,0.03462635,0.03376467,0.03271957,0.03151682,0.03018948,0.02875403,0.02724728,0.02569523,0.02413297,0.02258308,0.0210675,0.01959012,0.01816327,0.01678719,0.01547092,0.01420809,0.01299482,0.01181638,0.01066202,0.009514269,0.008355791,0.007154609,0.005890648,0.004534569,0.003068647,0.001447639,-0.0003733311,-0.002432787,-0.004773169,-0.00742193,-0.01042572,-0.01379811,-0.01749545,-0.02149112,-0.02572752,-0.03012261,-0.03446935,-0.03849673,-0.04190054,-0.04427524,-0.04515684,-0.04405431,-0.04058315,-0.03471379,-0.02735508,-0.02024049,-0.01514689,-0.01240236,-0.0100397,-0.005721343,-0.0004245724,0.003754736,0.00629609,0.007442262
0.009498202,0.009906945,0.009581489,0.008738972,0.007547991,0.006125327,0.004598246,0.003031661,0.001408491,-0.0003268126,-0.002174042,-0.004035066,-0.005672613,-0.006930045,-0.007764933,-0.008260707,-0.008529122,-0.008661238,-0.008690013,-0.008664872,-0.008606968,-0.008490871,-0.008263187,-0.00791575,-0.007459992,-0.006919807,-0.006291222,-0.00555776,-0.004716039,-0.003781593,-0.002764008,-0.0016765,-0.0005144913,0.0007235762,0.002044322,0.003431854,0.004873474,0.006347728,0.007851033,0.009367645,0.01089344,0.01241506,0.01393989,0.01545158,0.01695031,0.01843705,0.01991961,0.02139505,0.02288803,0.02439148,0.02589084,0.02734925,0.02876145,0.03012487,0.03144969,0.03271696,0.03391122,0.03499911,0.03593937,0.0366795,0.03720421,0.03747386,0.0374839,0.03723431,0.0367386,0.035991,0.0350217,0.03385448,0.03252901,0.03107065,0.02952275,0.02790119,0.02624796,0.02458875,0.02296326,0.0213838,0.01987704,0.01844269,0.01709786,0.0158335,0.01466194,0.01357003,0.01256517,0.01161871,0.01072602,0.009853301,0.008999588,0.0081315,0.007222125,0.006225013,0.005121603,0.003885299,0.002496894,0.0008692151,-0.001049471,-0.003318156,-0.005914921,-0.008873558,-0.01223189,-0.01601214,-0.02016013,-0.0245551,-0.0290465,-0.03347972,-0.03756848,-0.04095525,-0.04311514,-0.04357619,-0.04191949,-0.03792303,-0.03186123,-0.02494073,-0.01867678,-0.01438016,-0.01166251,-0.008537326,-0.003881955,0.001216243,0.005358153,0.008078119
0.009697841,0.01142968,0.01214249,0.01204522,0.01137063,0.01028038,0.008965514,0.007509361,0.005928997,0.004201586,0.002273873,0.000184575,-0.001885701,-0.003737069,-0.005237137,-0.006360217,-0.007137774,-0.0076505,-0.00793953,-0.008069043,-0.008093648,-0.00803606,-0.007859785,-0.007555144,-0.007124359,-0.006597735,-0.005980873,-0.005271672,-0.004459014,-0.003557643,-0.002566217,-0.001494881,-0.000339477,0.000898411,0.002234424,0.003658539,0.005163717,0.006726449,0.008345448,0.01000918,0.01171819,0.01345176,0.01521086,0.01698014,0.01874727,0.0204973,0.02222034,0.02390626,0.02557556,0.02722884,0.02884784,0.03039528,0.03185645,0.03322472,0.03449974,0.03566365,0.0366915,0.0375602,0.03822904,0.03865489,0.03882513,0.03871912,0.03833974,0.03770012,0.03681566,0.0356968,0.03437786,0.03289824,0.0312918,0.02959373,0.02784018,0.02606019,0.02428604,0.0225537,0.0208916,0.01931697,0.01784467,0.01648457,0.01524146,0.01411373,0.01310389,0.01220642,0.01141098,0.01070692,0.01007762,0.009505426,0.008960832,0.008413899,0.007842173,0.007218485,0.006516016,0.005688871,0.004689606,0.003486655,0.00202669,0.0002625851,-0.001881498,-0.004441488,-0.007415956,-0.01081963,-0.01465578,-0.01891038,-0.02346084,-0.02810626,-0.03262831,-0.03672521,-0.03999244,-0.04187867,-0.04191051,-0.03977191,-0.03544465,-0.0294781,-0.02314313,-0.01765627,-0.01380063,-0.01084424,-0.007180538,-0.002402828,0.00258238,0.006745877
0.007777458,0.01099551,0.01310229,0.01419765,0.01446722,0.01411651,0.01332977,0.01227023,0.01100365,0.009496042,0.007713092,0.005642809,0.003401641,0.001172819,-0.0008596938,-0.002585952,-0.003959801,-0.004991706,-0.005713529,-0.006162837,-0.00640668,-0.006503149,-0.006457578,-0.006257807,-0.005906023,-0.00542489,-0.004841574,-0.004161051,-0.003370843,-0.002476217,-0.001480395,-0.0003885648,0.000802741,0.002094993,0.003498145,0.005007999,0.006617859,0.008311632,0.01008371,0.01192675,0.01383866,0.01579468,0.01778405,0.01978873,0.0217829,0.02373506,0.02562271,0.02742314,0.02915207,0.03082095,0.03241512,0.03389432,0.03524055,0.03644056,0.03749042,0.03837722,0.03907878,0.03957022,0.03982784,0.03981233,0.03952854,0.03896509,0.03813912,0.03706981,0.03578107,0.0342874,0.03263496,0.03086232,0.02900959,0.02710405,0.02518919,0.02328906,0.02144064,0.01967317,0.01801896,0.01648273,0.01508327,0.01382383,0.012714,0.01174091,0.01091121,0.01021341,0.009649149,0.009192193,0.008832421,0.00853681,0.008296705,0.008080454,0.007859836,0.007590471,0.007249029,0.006810344,0.006252547,0.005497652,0.004490628,0.003161911,0.001506273,-0.0005315663,-0.003018135,-0.006010548,-0.009509401,-0.01346568,-0.017813,-0.02247135,-0.02724198,-0.03186734,-0.03594139,-0.03900993,-0.04055829,-0.04019294,-0.03770495,-0.03329981,-0.02762681,-0.02189976,-0.01704398,-0.01339869,-0.010161,-0.006189359,-0.001382245,0.003527883
0.004063559,0.008398702,0.01188467,0.01437553,0.01592337,0.01666421,0.01678992,0.0164588,0.0157639,0.01473886,0.01335942,0.01160159,0.009523605,0.007270364,0.005018768,0.002915161,0.001075727,-0.0004498111,-0.001639262,-0.002508475,-0.003086426,-0.003437469,-0.003591949,-0.003565705,-0.003356908,-0.002985273,-0.002466564,-0.001828918,-0.00106622,-0.0001818527,0.0008290379,0.001963007,0.003219937,0.004592043,0.006088008,0.007701717,0.009432014,0.01126207,0.01318465,0.01519027,0.01727472,0.01940326,0.02155326,0.02370464,0.02582066,0.02785569,0.02977698,0.03155158,0.03318755,0.03470955,0.0361102,0.03735071,0.03841158,0.03927836,0.03994231,0.04040091,0.04064234,0.04064669,0.04039864,0.03987434,0.03908393,0.03803598,0.03675227,0.03526226,0.03359154,0.03176171,0.02981682,0.02780445,0.02575617,0.02370259,0.02167851,0.01971589,0.01784344,0.01609376,0.01448761,0.01303401,0.01174037,0.01061565,0.009659505,0.008864794,0.008230076,0.007748719,0.007407729,0.007196987,0.007098167,0.007092182,0.00714528,0.007228652,0.007322784,0.007401707,0.007437247,0.007383766,0.007197782,0.006854132,0.00630297,0.005489246,0.004323566,0.002752507,0.0007535343,-0.001720135,-0.004716881,-0.008280348,-0.01236393,-0.0168565,-0.02163204,-0.02648999,-0.03114327,-0.03513374,-0.03796044,-0.03917218,-0.03847764,-0.03580354,-0.03152103,-0.02630141,-0.02115477,-0.01677223,-0.01318804,-0.009703048,-0.005557063,-0.0007838332
-0.0006782683,0.004107029,0.008526723,0.01225914,0.01513883,0.0171726,0.01844542,0.01910251,0.01927568,0.01899022,0.01826941,0.01710793,0.01553039,0.01362532,0.01154871,0.009445122,0.007444059,0.005648888,0.00412463,0.002902687,0.001986028,0.001345223,0.000944707,0.0007628403,0.0007910238,0.001016672,0.001421192,0.001982619,0.002695432,0.003559817,0.004576945,0.005743898,0.007054589,0.008497499,0.01007195,0.01176895,0.01358547,0.01551074,0.01752973,0.01962802,0.02179306,0.02398514,0.02617047,0.02832386,0.0304054,0.03235739,0.0341482,0.03573653,0.03711979,0.03832906,0.03937468,0.0402217,0.04085186,0.04124928,0.04141007,0.04133909,0.04104298,0.04050004,0.03971215,0.03866541,0.03737892,0.03586832,0.03416462,0.03229976,0.03030656,0.02820557,0.02604115,0.02385535,0.0216842,0.01954754,0.01748455,0.01551776,0.01368084,0.01199718,0.0104885,0.009153585,0.00800375,0.007039689,0.006264703,0.005661447,0.00523149,0.00496506,0.004860091,0.004890879,0.005044897,0.005290701,0.005617152,0.00599569,0.006399391,0.006787704,0.007137176,0.007426918,0.007636626,0.007698431,0.007562951,0.00716302,0.006481148,0.005449692,0.003986168,0.002015413,-0.0005019562,-0.003570369,-0.007192628,-0.01136331,-0.01598162,-0.0208942,-0.02582457,-0.0304304,-0.03424762,-0.03680979,-0.03772655,-0.03682746,-0.03413203,-0.03013068,-0.02543879,-0.02083587,-0.01680741,-0.01324257,-0.009593253,-0.005379785
-0.005623269,-0.001041407,0.003655276,0.008106846,0.01202979,0.01525242,0.01775253,0.01955791,0.02075568,0.02141472,0.02156098,0.02121646,0.02040613,0.01917678,0.01764067,0.01592103,0.01414698,0.0124231,0.01085186,0.009490404,0.008380833,0.007529084,0.006933865,0.006569181,0.006429635,0.006499981,0.006778642,0.007242118,0.007884542,0.008698201,0.009691116,0.01085824,0.01218701,0.01364864,0.0152437,0.01695611,0.01878409,0.02071332,0.02272804,0.02480162,0.02691527,0.02902039,0.03107882,0.03305848,0.03492742,0.03662262,0.03811286,0.03935728,0.04034555,0.04110791,0.04166961,0.04201073,0.04211431,0.04196421,0.04156132,0.04092003,0.04006585,0.03898362,0.03767753,0.03615157,0.03442159,0.03251602,0.03046744,0.02830942,0.02607579,0.02379008,0.02149003,0.01921577,0.01699655,0.01485248,0.01281548,0.01091036,0.009163729,0.007598163,0.006226525,0.005050216,0.004072595,0.003295094,0.002715021,0.002318755,0.002102333,0.002057082,0.002170286,0.002429063,0.002817776,0.00331614,0.00389226,0.004517987,0.005179781,0.005853624,0.00651563,0.007121612,0.007636198,0.008040557,0.008296159,0.008349965,0.008113929,0.007526318,0.006553957,0.00513475,0.003196147,0.0006537077,-0.002500644,-0.006232113,-0.01050156,-0.01521522,-0.02020764,-0.02515534,-0.02964881,-0.03324704,-0.03554172,-0.03622946,-0.03526245,-0.03273777,-0.02912057,-0.0249684,-0.02084588,-0.01708114,-0.0135321,-0.009809862
-0.01038507,-0.00629741,-0.001869382,0.002698148,0.007124766,0.01116313,0.01465132,0.01751606,0.01977916,0.0214618,0.02258913,0.02318986,0.02330684,0.022963,0.02223033,0.02120933,0.01999996,0.01870104,0.01740983,0.01621023,0.01515917,0.01428998,0.01363201,0.01319152,0.01296512,0.01294417,0.01312204,0.01349184,0.0140534,0.01480356,0.0157417,0.01686065,0.01814382,0.01955462,0.02108603,0.02272244,0.02445344,0.02626834,0.02814898,0.03005994,0.03196965,0.03383092,0.03560171,0.03724292,0.0387322,0.04001754,0.04106725,0.04184567,0.0423377,0.04256855,0.04257419,0.04235565,0.04189957,0.04118693,0.04022542,0.03903881,0.03766676,0.03610022,0.03434883,0.03242543,0.03034763,0.02814228,0.0258477,0.02349583,0.02112179,0.01874648,0.01640358,0.01412203,0.01193446,0.00985366,0.00791193,0.006125496,0.00452221,0.003116748,0.001922872,0.0009340202,0.0001561112,-0.0004166538,-0.0007848049,-0.0009694906,-0.000973999,-0.0008076712,-0.0004735755,7.804477e-07,0.0006037886,0.001306284,0.002099726,0.002958443,0.003859099,0.004765796,0.005659513,0.006524592,0.007346175,0.008065889,0.008645772,0.009028069,0.009197129,0.009083726,0.008601136,0.007669867,0.006234727,0.00425776,0.001691025,-0.001516392,-0.005342532,-0.009731754,-0.01453212,-0.01953759,-0.0244037,-0.02872723,-0.0320862,-0.0341634,-0.03472026,-0.03381974,-0.03158715,-0.02842603,-0.02480443,-0.02111952,-0.01758687,-0.01408869
-0.01484904,-0.01125463,-0.007335294,-0.003117808,0.001260377,0.005576634,0.009640282,0.01328896,0.01642453,0.01903424,0.02111572,0.02267146,0.02374409,0.02436333,0.02456361,0.02440912,0.02398986,0.02337315,0.02264599,0.02188114,0.02115303,0.02050421,0.01998608,0.01962581,0.01943908,0.01942139,0.01957989,0.01990754,0.02041156,0.02109297,0.0219546,0.02298528,0.02416943,0.02545891,0.02684244,0.02830691,0.02983783,0.03141947,0.03303975,0.03465662,0.03622857,0.03771185,0.03906627,0.04024764,0.04124018,0.04201563,0.04254052,0.0427849,0.04273654,0.04241391,0.04185598,0.04108603,0.04009872,0.03887334,0.03741691,0.03576109,0.03395464,0.0320039,0.02991292,0.02770194,0.0253849,0.02299375,0.02056483,0.01812762,0.0157123,0.01334111,0.01104105,0.008836216,0.006750247,0.004800539,0.003009167,0.001396163,-2.045221e-05,-0.001226243,-0.002214321,-0.002986899,-0.003547614,-0.003901163,-0.004054264,-0.004021571,-0.003813099,-0.003438285,-0.002910873,-0.002243866,-0.001452151,-0.0005523968,0.0004258416,0.001458735,0.002536349,0.003641293,0.004753805,0.005836062,0.006859454,0.007815149,0.008675813,0.009399896,0.009907163,0.0101425,0.01007013,0.009627901,0.008736284,0.007294572,0.005260164,0.002619631,-0.0006528159,-0.004546958,-0.009006814,-0.01384778,-0.01879749,-0.02351349,-0.02761888,-0.03074894,-0.03268184,-0.03323688,-0.0324972,-0.03062973,-0.02794554,-0.02481814,-0.02153352,-0.01823034
-0.01897319,-0.01577318,-0.01236,-0.008665149,-0.004700987,-0.0005711723,0.003558988,0.007527657,0.01120751,0.01449265,0.01734242,0.01973165,0.02167045,0.02318632,0.02430139,0.02505112,0.0254922,0.02568207,0.02567467,0.02553423,0.02532589,0.02510019,0.0249031,0.02478613,0.02477825,0.02488815,0.02511756,0.0254742,0.02596878,0.02661125,0.0274,0.02832074,0.02936342,0.0304884,0.03166802,0.03289423,0.03414696,0.03541098,0.03667814,0.03790912,0.03904995,0.0400699,0.04093599,0.04160186,0.04205056,0.04227833,0.04226275,0.04197386,0.04140393,0.04056466,0.03949744,0.03824062,0.0367998,0.03515527,0.0333134,0.03130529,0.02918138,0.02695977,0.0246516,0.02227252,0.01983909,0.01737492,0.01491796,0.01249502,0.01013392,0.007852346,0.005672792,0.003610496,0.001691035,-7.256093e-05,-0.001659817,-0.003058939,-0.004251712,-0.005230172,-0.005985516,-0.006525969,-0.006853855,-0.006979883,-0.006910638,-0.006665765,-0.00625544,-0.005689547,-0.004973314,-0.004132234,-0.003179421,-0.002138034,-0.00101415,0.0001729087,0.001401284,0.002643741,0.003885008,0.005118825,0.006334611,0.007486403,0.008546475,0.009473683,0.01025878,0.01084406,0.01114632,0.01109397,0.01063015,0.009708558,0.008256073,0.006192974,0.003488937,0.0001324635,-0.003823872,-0.008297662,-0.01308883,-0.01791373,-0.02242961,-0.0263171,-0.02925479,-0.03110808,-0.03174661,-0.03125317,-0.02978855,-0.02758515,-0.02493134,-0.02202275
-0.02247229,-0.0197169,-0.01676746,-0.0136064,-0.01018907,-0.006534046,-0.002706292,0.00117363,0.004967827,0.008563234,0.01187576,0.01484898,0.01745275,0.0196931,0.02158385,0.02313176,0.02437664,0.02535089,0.02609285,0.02663601,0.02703769,0.02734321,0.02759454,0.02783584,0.02811286,0.02844165,0.0288337,0.02929378,0.02984049,0.03047965,0.03121596,0.03203363,0.0329297,0.03387471,0.03483274,0.03579159,0.03673806,0.03764978,0.03852576,0.03933304,0.0400163,0.04054924,0.0409148,0.04107222,0.04100392,0.04071685,0.04020572,0.03944204,0.03842412,0.03715684,0.03568029,0.03404239,0.03225956,0.03031746,0.02821919,0.02598966,0.02367697,0.02131212,0.0189081,0.01647733,0.01403371,0.01160224,0.00921532,0.006894886,0.004664217,0.002540755,0.0005434087,-0.001315064,-0.003017834,-0.0045497,-0.005897073,-0.007046673,-0.007988062,-0.008714809,-0.009222071,-0.009514822,-0.009602813,-0.009497773,-0.009211256,-0.008757528,-0.008150192,-0.007403979,-0.006532854,-0.005547985,-0.004463125,-0.003291345,-0.002057885,-0.000781767,0.0005316515,0.001871985,0.00322554,0.004561666,0.005859898,0.007121098,0.008330199,0.009459693,0.0104423,0.01123648,0.01181445,0.01212163,0.01208521,0.01160676,0.01063166,0.009121975,0.00701784,0.004276129,0.0008776262,-0.003105722,-0.007537202,-0.0122082,-0.01684388,-0.02112951,-0.0248141,-0.02761731,-0.02944339,-0.03022705,-0.03001409,-0.02895006,-0.02721253,-0.02500685
-0.02496576,-0.02280915,-0.02038372,-0.01773688,-0.01487072,-0.01177332,-0.008466205,-0.004997965,-0.001437864,0.002103655,0.005529572,0.008765599,0.01175802,0.01447247,0.01690877,0.0190659,0.02094768,0.0225769,0.02396987,0.02514695,0.02613959,0.02698428,0.02770972,0.02835718,0.02897225,0.02958102,0.03018718,0.0307997,0.03144215,0.0321234,0.03284156,0.0335825,0.03434619,0.03512739,0.03588225,0.03658983,0.03724254,0.03782201,0.03832454,0.0387294,0.03898717,0.039076,0.03899015,0.0387019,0.03819542,0.0374791,0.0365641,0.03542938,0.03407354,0.03249785,0.03073863,0.02884768,0.0268487,0.02473405,0.02250881,0.02019019,0.01781631,0.01542165,0.01303022,0.01064961,0.008294028,0.005979981,0.003737598,0.001587181,-0.0004495294,-0.002358627,-0.004124874,-0.005739758,-0.007184606,-0.008451324,-0.009526161,-0.01040374,-0.01107286,-0.01153256,-0.01177698,-0.01181684,-0.01165989,-0.01132323,-0.01081972,-0.01016916,-0.009384307,-0.008480529,-0.007464148,-0.006357528,-0.005172892,-0.003929671,-0.002629147,-0.001285163,8.483121e-05,0.001460705,0.00283383,0.004206224,0.00557441,0.00690255,0.008175254,0.009367181,0.01048099,0.01147297,0.01227338,0.01282322,0.01307627,0.01299151,0.01249273,0.01149027,0.009932307,0.007769253,0.004992702,0.001595624,-0.002342691,-0.006669378,-0.01116072,-0.01557406,-0.01961562,-0.02310601,-0.02581819,-0.0276741,-0.02863027,-0.02871597,-0.02804489,-0.02674896
-0.02608235,-0.02470745,-0.02293989,-0.02088084,-0.01857481,-0.01604813,-0.01330375,-0.01036454,-0.007271745,-0.004077622,-0.0008509423,0.002328042,0.005398896,0.008307465,0.01102667,0.01353777,0.01583665,0.01791717,0.01979099,0.02145618,0.02293054,0.02423377,0.02539026,0.02641888,0.02736297,0.02824727,0.02908666,0.02987831,0.03064204,0.03138577,0.03211299,0.03281299,0.03348493,0.03413328,0.0347251,0.0352246,0.03563354,0.03593699,0.03612931,0.03619698,0.03611044,0.03584524,0.03540237,0.03476889,0.03393709,0.03291223,0.03171096,0.03032552,0.02875649,0.02700302,0.02509353,0.02307774,0.02098669,0.01881769,0.01657841,0.01428053,0.01195392,0.009633741,0.007344052,0.005093304,0.002893071,0.0007627088,-0.001274012,-0.003202101,-0.00500222,-0.006659697,-0.008159285,-0.009493435,-0.01065235,-0.01162953,-0.01241538,-0.01300213,-0.0133846,-0.01356381,-0.013539,-0.013319,-0.01291779,-0.01235437,-0.01164559,-0.01080773,-0.009855526,-0.008810577,-0.007687635,-0.006494373,-0.005241276,-0.003939528,-0.002609271,-0.001264592,9.604076e-05,0.001468387,0.002846205,0.004205871,0.005536465,0.006847153,0.008135485,0.009387134,0.01055049,0.01159884,0.01251901,0.01326876,0.01379069,0.01399865,0.01384327,0.01328041,0.01224151,0.01065871,0.008472579,0.005682972,0.002326548,-0.001507838,-0.005663044,-0.009922947,-0.0140905,-0.01790096,-0.02121232,-0.02386373,-0.02576412,-0.02689496,-0.02726662,-0.02697051
-0.02567019,-0.02515561,-0.02416627,-0.02278962,-0.02110473,-0.0191605,-0.01699717,-0.0146401,-0.01209252,-0.009394862,-0.006583396,-0.003710345,-0.0008306252,0.001999509,0.004736845,0.007353658,0.009824389,0.01213327,0.01427255,0.01623944,0.01803144,0.01965687,0.02113021,0.02246405,0.02368156,0.02480621,0.02584769,0.02680833,0.02769395,0.02851347,0.02926964,0.02995706,0.03057275,0.03112944,0.03160608,0.03196079,0.03219051,0.03229424,0.03226243,0.03208685,0.03175557,0.03125047,0.03057073,0.02971463,0.02868048,0.02747351,0.0261116,0.02459865,0.02293554,0.02112263,0.0191821,0.01715608,0.01507939,0.01295427,0.0107926,0.008604013,0.006408391,0.004234749,0.002112607,5.039916e-05,-0.001938222,-0.003841316,-0.005636454,-0.007308168,-0.008837265,-0.01021179,-0.0114188,-0.01245392,-0.01330616,-0.0139769,-0.0144563,-0.01474278,-0.01482939,-0.01472105,-0.01441965,-0.01394083,-0.01329727,-0.01251266,-0.01160527,-0.01059781,-0.009505092,-0.008346903,-0.007131094,-0.005875929,-0.004590253,-0.003291185,-0.001975052,-0.0006499052,0.0006735841,0.001982114,0.003274273,0.004560232,0.005844609,0.007100318,0.008323636,0.009503358,0.01065545,0.01175018,0.01273507,0.0135671,0.01421681,0.01465594,0.01481751,0.01461669,0.01400083,0.01290778,0.01130028,0.009121925,0.006372913,0.003105405,-0.0005677983,-0.004505595,-0.008494854,-0.01239645,-0.01598746,-0.01914473,-0.02174317,-0.02370157,-0.02499278,-0.0256341
-0.02375437,-0.02408581,-0.02390688,-0.02328691,-0.0222906,-0.02098321,-0.01940604,-0.01761242,-0.01563404,-0.01348811,-0.0111942,-0.008779737,-0.006281172,-0.003743325,-0.001206761,0.001284597,0.003707319,0.006027207,0.008229691,0.01029758,0.0122268,0.01401228,0.01566716,0.01719048,0.01859106,0.01987755,0.02106914,0.02216368,0.02315564,0.02404079,0.02483,0.02552268,0.02611805,0.02661923,0.02702314,0.02729082,0.02741484,0.02739558,0.0272298,0.02690948,0.02643882,0.02580427,0.02500554,0.02404586,0.02292922,0.0216589,0.02025103,0.01871593,0.01705987,0.01528327,0.01340474,0.011458,0.009479036,0.007474254,0.005455693,0.00343257,0.001422767,-0.0005487893,-0.002458009,-0.004294737,-0.006044467,-0.007690568,-0.009214395,-0.01060426,-0.01184262,-0.01291728,-0.01381379,-0.01452902,-0.01506186,-0.01541478,-0.01558172,-0.01555845,-0.01534292,-0.01494109,-0.01436242,-0.01362322,-0.01274347,-0.01174961,-0.01066226,-0.009501382,-0.008283945,-0.007035085,-0.005770062,-0.004492783,-0.003208601,-0.001926868,-0.0006627963,0.0005753154,0.001797426,0.003006227,0.004202725,0.00537057,0.006508674,0.007633686,0.008753562,0.009865421,0.01093276,0.01194328,0.01289988,0.01377533,0.0145305,0.01509663,0.01543707,0.01551342,0.01526377,0.01461731,0.0135011,0.01188082,0.00973496,0.007070821,0.003951855,0.00049411,-0.003189031,-0.006900782,-0.01052752,-0.01390441,-0.01690812,-0.01945088,-0.02144649,-0.02288531
-0.02056544,-0.02161962,-0.0221922,-0.02230895,-0.02202158,-0.0213783,-0.02042958,-0.01922795,-0.01780617,-0.01620317,-0.01444508,-0.01254673,-0.01052325,-0.008408208,-0.006232746,-0.004029656,-0.001835529,0.000318577,0.002404203,0.004404014,0.006305584,0.008099658,0.009787777,0.01137235,0.01284951,0.01421737,0.0154828,0.01665018,0.01770808,0.01864496,0.01946386,0.02016695,0.02075656,0.02123393,0.02159928,0.0218284,0.021906,0.02183395,0.02161181,0.02123595,0.02071443,0.02004504,0.01922747,0.01826554,0.01716315,0.01592296,0.01456085,0.01308932,0.01151574,0.009843471,0.008089723,0.006284059,0.004457832,0.002621653,0.000788571,-0.001031334,-0.002823432,-0.004567998,-0.006239351,-0.00782692,-0.009313168,-0.01068642,-0.01192748,-0.01302096,-0.01394978,-0.01470526,-0.01527786,-0.01566719,-0.01587095,-0.01589648,-0.01573953,-0.01540227,-0.01488157,-0.01418552,-0.01332857,-0.01233594,-0.01122901,-0.01003805,-0.008785305,-0.007496559,-0.006189674,-0.004884784,-0.003589805,-0.002319044,-0.001077004,0.0001231627,0.001290035,0.002422445,0.003517097,0.004569339,0.005584725,0.006581559,0.007572399,0.008538638,0.00948494,0.01041199,0.01134738,0.01227465,0.01315802,0.01397211,0.01470407,0.0153419,0.01583195,0.01610189,0.01610859,0.01579518,0.01511735,0.01400203,0.01240926,0.0103303,0.007799368,0.004871555,0.001672615,-0.001726854,-0.005155812,-0.008513805,-0.01167665,-0.01453438,-0.01700182,-0.01902225
-0.01641872,-0.01803036,-0.01921749,-0.01998739,-0.02035631,-0.02036241,-0.02003058,-0.01940828,-0.01854965,-0.01748558,-0.01624671,-0.01486123,-0.01333841,-0.01169628,-0.009956837,-0.008151145,-0.006299641,-0.004440389,-0.002597873,-0.0008001249,0.0009432675,0.002618658,0.004224383,0.005751038,0.007195865,0.008548515,0.009815767,0.01099215,0.01206604,0.01301784,0.01384795,0.01455727,0.01515096,0.01562172,0.01597269,0.01619121,0.01626622,0.01619224,0.01597293,0.01560629,0.0151042,0.01446774,0.01370077,0.0128057,0.01178691,0.01064355,0.00938893,0.008035119,0.006592893,0.005067497,0.003475327,0.001843467,0.0002006875,-0.001440881,-0.003068207,-0.004671558,-0.006232844,-0.007733082,-0.009153008,-0.01048075,-0.01169836,-0.01278705,-0.01372881,-0.01451172,-0.0151208,-0.01554868,-0.01578603,-0.01583471,-0.01570141,-0.0153925,-0.01490903,-0.01425193,-0.01342354,-0.01243424,-0.01130562,-0.01006644,-0.008747285,-0.007380946,-0.00599132,-0.004600964,-0.003228526,-0.001898544,-0.0006246325,0.0005932946,0.001754771,0.002855598,0.003886054,0.004845183,0.005750728,0.006614507,0.007444995,0.00823296,0.008986438,0.009730073,0.01047814,0.0112366,0.01198114,0.01271287,0.01344914,0.01417831,0.01487707,0.01549473,0.01600951,0.01639364,0.01659718,0.01655998,0.01621217,0.01551209,0.01441408,0.01288157,0.01091814,0.008565883,0.005863578,0.002935002,-0.0001619619,-0.003303471,-0.006391722,-0.009334879,-0.01202683,-0.01441
-0.01171028,-0.01367372,-0.01530222,-0.01657234,-0.01748625,-0.01805484,-0.01830051,-0.01824637,-0.01792202,-0.01737214,-0.01663021,-0.01572724,-0.01468182,-0.01350915,-0.01222492,-0.0108468,-0.009397349,-0.007899629,-0.006383037,-0.004867819,-0.003370201,-0.001901922,-0.000473468,0.000907495,0.002232402,0.003494877,0.004688486,0.005807607,0.006839944,0.007769825,0.008586621,0.009287516,0.00987528,0.01034608,0.01069644,0.01092233,0.01101422,0.01096863,0.01078655,0.01046906,0.01002557,0.00946399,0.008787746,0.007998709,0.007098104,0.00608492,0.00496998,0.003764337,0.002476594,0.001115848,-0.0003003978,-0.001746433,-0.00319728,-0.004637809,-0.006053623,-0.007433228,-0.008760585,-0.01001785,-0.0111829,-0.01224203,-0.01317656,-0.01397205,-0.01460893,-0.01507134,-0.01534569,-0.01542887,-0.0153199,-0.01502376,-0.01454508,-0.01389354,-0.01307468,-0.01209678,-0.01096275,-0.009687062,-0.008296125,-0.006829005,-0.005319624,-0.003802085,-0.002302598,-0.0008480203,0.0005430332,0.001853924,0.003079028,0.004208941,0.005243048,0.006176264,0.007023443,0.007791908,0.008484569,0.009107138,0.009673391,0.01020923,0.01073386,0.01123806,0.01173108,0.01222227,0.01274743,0.01330153,0.01386328,0.01442395,0.0149837,0.01554506,0.01606828,0.01649606,0.01679624,0.01692607,0.01684728,0.01648977,0.01580155,0.01474633,0.01331169,0.01149609,0.009358639,0.006910558,0.004262412,0.001466189,-0.00139009,-0.004213816,-0.006924114,-0.009443657
-0.006810213,-0.008938199,-0.01081887,-0.01242448,-0.01373208,-0.01474257,-0.01545248,-0.01587588,-0.01604181,-0.0159718,-0.01569273,-0.01523691,-0.01462975,-0.01389109,-0.0130332,-0.01207676,-0.01103034,-0.009914956,-0.008749043,-0.007557571,-0.006351099,-0.005142782,-0.003940972,-0.002762778,-0.001616597,-0.000511629,0.0005525892,0.00156263,0.002506233,0.00336686,0.004136086,0.004806795,0.005377825,0.005839762,0.00618996,0.00642412,0.006539574,0.006529871,0.006397276,0.006141642,0.005773543,0.005299701,0.004725083,0.004050391,0.003277234,0.002402718,0.001433531,0.0003784851,-0.0007518384,-0.001947917,-0.003189759,-0.004453869,-0.005715531,-0.006957833,-0.008165801,-0.009327037,-0.01042159,-0.01143053,-0.01233546,-0.01312029,-0.01376767,-0.01425701,-0.01456999,-0.01469624,-0.01462522,-0.01435575,-0.01388813,-0.01323051,-0.01239681,-0.01139801,-0.01024526,-0.00894677,-0.007512181,-0.00596186,-0.004328787,-0.002656352,-0.0009875171,0.0006425042,0.002207479,0.003685554,0.005059321,0.006308677,0.007423968,0.008410755,0.009273674,0.01001787,0.01064111,0.01115144,0.01157319,0.0119278,0.01223308,0.01248684,0.01270417,0.01291845,0.01314712,0.01340195,0.01366666,0.01395319,0.0142906,0.01468065,0.0151116,0.01554702,0.01597853,0.0163909,0.01674496,0.01699533,0.01708434,0.016977,0.01662474,0.01597551,0.01500072,0.01369778,0.01205565,0.01014469,0.007969748,0.005605032,0.003107043,0.0005414551,-0.002009081,-0.004485152
-0.002073857,-0.004188308,-0.006149465,-0.007912918,-0.009454392,-0.01075421,-0.0118097,-0.01261539,-0.01317259,-0.01350433,-0.01363127,-0.01357357,-0.01335442,-0.01299929,-0.01252548,-0.0119437,-0.0112716,-0.01051661,-0.009695688,-0.008823984,-0.007916699,-0.006982841,-0.006035054,-0.005084429,-0.004144833,-0.003224645,-0.002332964,-0.001474951,-0.0006616818,9.668469e-05,0.000787501,0.00140119,0.001929849,0.002366972,0.002705026,0.002940606,0.003069002,0.003088466,0.002997656,0.002798432,0.002497217,0.002103941,0.001621538,0.00105066,0.0003904177,-0.0003601309,-0.001196674,-0.002111634,-0.003096919,-0.004140039,-0.005219596,-0.006311672,-0.007394045,-0.008446204,-0.009450747,-0.01039153,-0.01125125,-0.0120119,-0.01265041,-0.01314714,-0.01348582,-0.01365283,-0.01363099,-0.01340666,-0.01297196,-0.01232964,-0.01149014,-0.01046576,-0.009269626,-0.007919646,-0.006431486,-0.004821309,-0.003101823,-0.00129881,0.0005485383,0.00238807,0.004174617,0.005873333,0.007457951,0.008905496,0.01019973,0.01133101,0.01229855,0.013099,0.01373769,0.01422131,0.01457321,0.01481004,0.01494057,0.01498021,0.01495287,0.01489254,0.01482248,0.01474242,0.01466424,0.01460333,0.0145997,0.014656,0.01476231,0.01492289,0.01514644,0.0154457,0.01579136,0.01614147,0.01647325,0.01675788,0.01696877,0.01704779,0.01694587,0.01662154,0.01603935,0.01516726,0.01402396,0.01258257,0.01090458,0.008997706,0.006912229,0.004706787,0.002432131,0.000152462
0.002230622,0.000258158,-0.001634546,-0.003410286,-0.005032005,-0.006478872,-0.007728875,-0.008774795,-0.009620034,-0.01026284,-0.01071233,-0.01098494,-0.01109649,-0.01106721,-0.01091543,-0.01065993,-0.01030801,-0.00987217,-0.009357331,-0.008780492,-0.0081523,-0.007482777,-0.006779252,-0.006058252,-0.005331208,-0.004611644,-0.003904658,-0.003218149,-0.002558064,-0.001934271,-0.00135234,-0.000822868,-0.0003571797,3.067777e-05,0.0003349617,0.0005501056,0.0006744712,0.0007032573,0.0006359909,0.0004726304,0.0002204645,-0.00011495,-0.0005293719,-0.001022548,-0.001593673,-0.002244394,-0.002972308,-0.003771176,-0.00462986,-0.005535258,-0.006465718,-0.007397839,-0.008307186,-0.009172476,-0.009973981,-0.01069339,-0.01130944,-0.01180377,-0.01215726,-0.01234911,-0.01236461,-0.01218712,-0.01180314,-0.0112065,-0.01039365,-0.009369458,-0.008145144,-0.006739057,-0.005176321,-0.003480174,-0.001670698,0.0002350804,0.002215155,0.004237411,0.006255631,0.008216051,0.01006734,0.01177318,0.01331217,0.01466986,0.01583346,0.01679103,0.01753951,0.01809047,0.0184572,0.01865743,0.01869808,0.01859622,0.0183831,0.0180888,0.01774114,0.01734625,0.01692375,0.01651393,0.01613577,0.01580515,0.01551039,0.0152698,0.01512021,0.01507234,0.01512107,0.01524014,0.01542981,0.01568601,0.01597899,0.01627544,0.01653118,0.01672342,0.01681031,0.01674069,0.01647303,0.01598289,0.01523274,0.01426007,0.01303189,0.01158628,0.009945413,0.008142035,0.006224809,0.004234017
0.005885856,0.004157415,0.002441136,0.0007807678,-0.0007944801,-0.002252829,-0.003578988,-0.004753347,-0.005759036,-0.006598989,-0.007274646,-0.007790856,-0.008157672,-0.008388927,-0.008500933,-0.008503851,-0.008415791,-0.008241269,-0.007988038,-0.007660657,-0.00727429,-0.006837447,-0.006360755,-0.005852057,-0.005325975,-0.004793402,-0.004270224,-0.003759758,-0.003264328,-0.002785872,-0.002331591,-0.001910554,-0.001537055,-0.001222133,-0.0009767424,-0.0008046855,-0.0007110815,-0.0006971094,-0.0007666597,-0.0009186649,-0.001150017,-0.001453388,-0.001827005,-0.002269871,-0.002782535,-0.003363284,-0.004008752,-0.004711366,-0.005461482,-0.006242147,-0.007033006,-0.007809239,-0.008546405,-0.00922033,-0.009808271,-0.01028756,-0.01064044,-0.01084985,-0.01089418,-0.01075266,-0.01041175,-0.009864507,-0.009101412,-0.008113861,-0.006902569,-0.005477048,-0.003859448,-0.002075615,-0.0001531855,0.001877289,0.003990829,0.006161106,0.008360326,0.01055193,0.01268475,0.01470084,0.01654968,0.01819603,0.01962272,0.020818,0.02177241,0.02248761,0.02297049,0.0232236,0.02326284,0.0231089,0.02279433,0.02234379,0.02177307,0.0211068,0.02037812,0.01962974,0.01888751,0.01815713,0.0174518,0.01679119,0.01621758,0.0157365,0.01534444,0.01505338,0.0148757,0.01483056,0.01489473,0.01503757,0.01524452,0.01549711,0.01577863,0.0160445,0.01625476,0.01637316,0.01635695,0.01616226,0.0157873,0.01518297,0.01438048,0.01336045,0.01214577,0.01076218,0.009230687,0.007592652
0.008765878,0.007332519,0.005868894,0.004405161,0.002976086,0.001606635,0.0003250167,-0.0008536197,-0.001919947,-0.002857447,-0.003659806,-0.004329029,-0.004870017,-0.005288608,-0.005593768,-0.005799173,-0.005911104,-0.0059418,-0.005892452,-0.00577013,-0.005582043,-0.005340295,-0.005051997,-0.00472969,-0.004383597,-0.00402713,-0.003668185,-0.00331763,-0.002977266,-0.002649577,-0.002334866,-0.002039544,-0.001775188,-0.001557191,-0.001393848,-0.001290759,-0.001250174,-0.001277613,-0.001374767,-0.001542549,-0.001776778,-0.002074871,-0.002434002,-0.002853382,-0.003330707,-0.003863382,-0.004446012,-0.005069659,-0.00572016,-0.006379943,-0.007028975,-0.007643186,-0.008194411,-0.008658062,-0.009009423,-0.009225417,-0.009285021,-0.009171429,-0.008869963,-0.008364873,-0.007644584,-0.006699644,-0.005525852,-0.004124968,-0.002503794,-0.0006764027,0.001333751,0.003491886,0.005756034,0.008091722,0.01046898,0.01285816,0.0152215,0.0175156,0.01968765,0.02168367,0.02345055,0.02495332,0.02618345,0.02714056,0.02782204,0.02822923,0.02836885,0.02825864,0.02792449,0.02739755,0.02669343,0.02583637,0.02486579,0.02382058,0.02273587,0.02162515,0.02051255,0.01944214,0.0184333,0.01750348,0.01664481,0.01587812,0.0152416,0.01474926,0.01439831,0.01416853,0.01406562,0.01409134,0.01422319,0.01443663,0.01469706,0.01499202,0.01529003,0.01554649,0.01571916,0.01577672,0.01567014,0.01541724,0.01496616,0.01433605,0.01352526,0.01254,0.01140241,0.01013195
0.01078356,0.009676777,0.008503539,0.007296253,0.006077588,0.004876952,0.003711208,0.0026035,0.00157663,0.0006381511,-0.0002026152,-0.0009385695,-0.001570586,-0.002101213,-0.002535576,-0.002875239,-0.003132426,-0.003310457,-0.003416664,-0.00344943,-0.003417168,-0.003329132,-0.003197954,-0.003029228,-0.002835029,-0.002624428,-0.002411159,-0.002201419,-0.002000848,-0.001808687,-0.001629395,-0.001466305,-0.00132782,-0.001220768,-0.001155317,-0.00113569,-0.001168443,-0.001256576,-0.00140394,-0.001608388,-0.001868829,-0.002180545,-0.002543053,-0.002953964,-0.003411378,-0.003907857,-0.004434188,-0.004977709,-0.00552481,-0.006054496,-0.006546692,-0.006975962,-0.007314906,-0.00753626,-0.007614012,-0.007523703,-0.00724997,-0.006778301,-0.006094678,-0.005187931,-0.004049945,-0.002680668,-0.001081622,0.0007443135,0.002784236,0.005016326,0.007403111,0.00990188,0.01246962,0.01506733,0.01765799,0.02019965,0.02264973,0.02496084,0.02708202,0.02896237,0.03055396,0.03182769,0.03277972,0.03341451,0.03373566,0.03376121,0.03350947,0.03299036,0.03223197,0.03126835,0.03014004,0.02887793,0.02750557,0.02605704,0.02457067,0.02309473,0.02165825,0.02027057,0.01894615,0.01770512,0.01659138,0.01561114,0.01476016,0.01405196,0.01349918,0.01312311,0.01290422,0.01281793,0.01285434,0.01300204,0.0132503,0.01356305,0.01391075,0.01426487,0.01458416,0.01482432,0.01497432,0.01497358,0.01484069,0.01454339,0.0140865,0.01347299,0.01270435,0.01180273
0.01191488,0.01112958,0.01026303,0.00933247,0.008363505,0.007374571,0.006391565,0.005429729,0.004501238,0.003628017,0.002822696,0.002091497,0.001437959,0.0008639275,0.0003694117,-5.16489e-05,-0.0003971653,-0.0006747837,-0.0008851339,-0.001032764,-0.001117862,-0.00114967,-0.001136424,-0.001090199,-0.001018779,-0.0009335859,-0.0008386882,-0.0007441944,-0.0006580477,-0.0005868474,-0.0005316816,-0.0004946033,-0.0004772002,-0.0004857318,-0.0005236699,-0.0005974254,-0.000711177,-0.0008721955,-0.001081233,-0.001336565,-0.001633283,-0.001970156,-0.002343909,-0.002751096,-0.003185015,-0.003637223,-0.004095664,-0.00454579,-0.004968282,-0.005342429,-0.005645692,-0.005853636,-0.00593688,-0.005869336,-0.005625783,-0.005186045,-0.004533048,-0.003654472,-0.002546116,-0.00120548,0.0003711198,0.002186271,0.004231851,0.006488807,0.008935824,0.01154331,0.01427111,0.01706881,0.01988467,0.02267686,0.02540145,0.02801039,0.0304537,0.03267969,0.03464286,0.0363033,0.03761862,0.03856473,0.03914566,0.03937751,0.03927366,0.038853,0.03813645,0.03715077,0.03593252,0.03452408,0.03294908,0.03123809,0.02943815,0.02759574,0.02574862,0.02391319,0.02211833,0.02040992,0.01880912,0.01733075,0.01596909,0.01474664,0.01369656,0.0128298,0.01214341,0.0116186,0.01126427,0.01108395,0.0110584,0.01116782,0.01138381,0.01169761,0.01208699,0.01251457,0.01294289,0.01334193,0.01365953,0.01390374,0.01401764,0.01401225,0.0138705,0.01358296,0.01315623,0.01259459
0.01214536,0.01167193,0.0111037,0.01045962,0.009752275,0.009002202,0.0082221,0.007433248,0.006657639,0.00590468,0.005187262,0.004517118,0.003900178,0.003339196,0.00283509,0.002391659,0.002003208,0.001672793,0.001395796,0.001175026,0.001006884,0.0008878672,0.0008075018,0.000761055,0.0007379344,0.0007305372,0.0007278968,0.0007269684,0.0007183374,0.0006951284,0.0006491942,0.0005790268,0.0004852853,0.0003721455,0.0002364623,7.460728e-05,-0.0001213141,-0.0003537245,-0.0006243981,-0.0009287436,-0.001263082,-0.001620314,-0.001996328,-0.002384161,-0.002776446,-0.003160471,-0.003521654,-0.003841932,-0.004102458,-0.004279124,-0.004347717,-0.004282229,-0.004057162,-0.003645838,-0.0030258,-0.002180191,-0.00110003,0.0002225457,0.001788641,0.003594483,0.005637323,0.007908762,0.01039163,0.01306201,0.01588906,0.01883418,0.02184344,0.02486235,0.02784505,0.03074584,0.03351146,0.03608083,0.03840146,0.04042564,0.04211446,0.04343744,0.04436902,0.04489557,0.04502312,0.04477129,0.04416119,0.04323016,0.04201242,0.04052863,0.03881398,0.03691203,0.034872,0.03273124,0.03051887,0.02827489,0.02603844,0.02385905,0.02176771,0.01977501,0.017899,0.01615716,0.01459141,0.01320804,0.01199847,0.01097179,0.01013876,0.009518496,0.009092542,0.008839364,0.008750467,0.008817008,0.009030893,0.009357875,0.009775477,0.0102623,0.01078149,0.01129338,0.01178487,0.01219219,0.01253163,0.0127655,0.01288805,0.01288961,0.01276196,0.01251398
0.01149305,0.01130102,0.01101567,0.0106422,0.01019531,0.009684506,0.009129991,0.008544189,0.007937298,0.007330354,0.006736606,0.006165089,0.005623498,0.005117503,0.004650119,0.004219542,0.003831695,0.003484047,0.003179882,0.002916623,0.002696702,0.002517055,0.00237442,0.002259447,0.002165937,0.002083945,0.002010249,0.0019374,0.001857692,0.001758916,0.001635218,0.001484068,0.001308414,0.001110384,0.0008935257,0.0006550003,0.0003920501,0.0001013568,-0.0002139844,-0.0005508461,-0.0009015457,-0.00125831,-0.001610464,-0.001948154,-0.002259339,-0.002531608,-0.002749079,-0.002892119,-0.002936519,-0.002858272,-0.002631402,-0.002232054,-0.001636035,-0.000820595,0.0002318066,0.001529531,0.00308083,0.004887954,0.006940689,0.009225245,0.01173151,0.01445065,0.01735546,0.02040369,0.02355207,0.02675459,0.0299603,0.0331136,0.03616375,0.03906083,0.04174479,0.04415103,0.04622304,0.04791925,0.04921036,0.05008176,0.05052557,0.05053629,0.05012568,0.0493217,0.04815625,0.04666756,0.04489392,0.04287399,0.04064792,0.03826412,0.03575557,0.03316065,0.03053003,0.02791183,0.0253428,0.02283997,0.02043403,0.01816964,0.01607072,0.01414892,0.01239504,0.01083196,0.00948734,0.008365477,0.007460288,0.006751048,0.006246534,0.005950043,0.005843491,0.005908174,0.006117138,0.006460289,0.006919177,0.007462348,0.008057703,0.008679507,0.009278185,0.009860024,0.01036924,0.01081414,0.01116825,0.01141523,0.0115536,0.01157795
0.009964045,0.01003018,0.01000044,0.00988314,0.009680288,0.009404197,0.009061963,0.008671902,0.008251957,0.007809731,0.00735735,0.006908027,0.006469276,0.006046141,0.005640529,0.005259217,0.004899101,0.004566561,0.00426032,0.003986042,0.00374171,0.003529077,0.003343354,0.003183885,0.003042514,0.002914627,0.002789179,0.002663688,0.002531096,0.002384487,0.002212223,0.002010981,0.001780568,0.001528711,0.001257737,0.0009710837,0.0006663135,0.000347822,1.850307e-05,-0.0003147992,-0.0006456296,-0.0009584748,-0.001240125,-0.001476045,-0.001654668,-0.001759897,-0.001773899,-0.001673009,-0.001434679,-0.001032107,-0.0004414777,0.0003595208,0.00138794,0.00266457,0.004200237,0.005997972,0.008053883,0.01036118,0.01290619,0.01566935,0.01863005,0.0217629,0.02503003,0.02838604,0.03177473,0.03514295,0.03843477,0.04160067,0.04459502,0.04736112,0.04983175,0.0519366,0.0536225,0.05486157,0.05563545,0.05594414,0.05580226,0.05521841,0.05420447,0.05278829,0.05100955,0.04892501,0.04658481,0.04402187,0.04127209,0.03838224,0.03541086,0.03240272,0.02938787,0.02640462,0.02349035,0.02069577,0.01804994,0.01556189,0.01325146,0.01113471,0.009245081,0.00758632,0.006147806,0.00493372,0.003949184,0.003208826,0.002691978,0.002378243,0.002259783,0.002328337,0.002572746,0.002957126,0.003459419,0.004062629,0.004733742,0.005439293,0.006168915,0.006862895,0.007538668,0.00815659,0.008704872,0.009168277,0.009533498,0.009801172
0.007580547,0.007870577,0.008072314,0.008182133,0.008205021,0.008143556,0.008012911,0.007822116,0.007577761,0.007298117,0.00699488,0.006677498,0.006353592,0.006029312,0.00570788,0.005389007,0.005080773,0.004782851,0.004501151,0.004235678,0.003990741,0.00376695,0.003566162,0.003383053,0.003215018,0.003056429,0.002905155,0.002752541,0.002593562,0.002420188,0.002226512,0.00200747,0.001762648,0.00149341,0.001206979,0.000908845,0.0006058415,0.0003025211,7.015361e-06,-0.0002731017,-0.0005251456,-0.0007346743,-0.0008831637,-0.0009543495,-0.0009320753,-0.0008002677,-0.0005385035,-0.0001219561,0.0004759906,0.001278455,0.002305589,0.003572,0.005091953,0.006879086,0.008936268,0.01125682,0.01383199,0.01664473,0.01967105,0.02288151,0.02624373,0.02972495,0.03328064,0.03685041,0.04036476,0.04376529,0.04701204,0.05006491,0.05286894,0.05535827,0.05746416,0.05912475,0.0602929,0.06095073,0.06109688,0.06075151,0.0599433,0.05869121,0.05701448,0.05494659,0.05253775,0.04984216,0.04691154,0.04379612,0.04053641,0.03718011,0.03376797,0.03034481,0.02696077,0.02365717,0.02046834,0.01741289,0.01452071,0.01183277,0.009371454,0.007146228,0.005139366,0.003369735,0.001863341,0.0006198448,-0.0003728464,-0.001139518,-0.001673993,-0.001975386,-0.002059907,-0.001945797,-0.001663662,-0.001227482,-0.0006585016,1.232233e-05,0.0007578821,0.001557747,0.00236916,0.003202458,0.004004848,0.004783697,0.005506736,0.006155026,0.006721864,0.007196637
0.004347462,0.004839843,0.005244313,0.005561262,0.005785011,0.005921862,0.00597582,0.005961408,0.005892639,0.005774079,0.005617242,0.005434195,0.005231743,0.005013512,0.004781902,0.004543729,0.004297828,0.004052279,0.003808397,0.003573491,0.003348025,0.003135905,0.002936518,0.002752681,0.002580847,0.002420694,0.002264269,0.002108279,0.001947708,0.001780785,0.001599445,0.001398659,0.0011755,0.0009353438,0.0006827449,0.0004279244,0.0001796423,-4.979902e-05,-0.0002516122,-0.0004122645,-0.0005176247,-0.000548128,-0.0004865256,-0.00031465,-1.624061e-05,0.00042945,0.001046597,0.001862489,0.002898536,0.004174433,0.005702244,0.007490061,0.009544696,0.01187421,0.01447213,0.01732586,0.02040935,0.02369428,0.02715533,0.03075737,0.03445254,0.03818572,0.04190808,0.04556198,0.04906832,0.05236576,0.05542216,0.05821001,0.0606739,0.06273913,0.06433652,0.06541337,0.06593736,0.06590443,0.06533235,0.06425696,0.0627194,0.06075306,0.05838135,0.05563825,0.05257965,0.04927275,0.04577612,0.04213284,0.03838078,0.03456404,0.03074505,0.02697098,0.02326971,0.01967056,0.01620857,0.01293525,0.009877959,0.007042306,0.004444999,0.002099215,2.806268e-05,-0.001772208,-0.00331051,-0.004585124,-0.005596877,-0.006337626,-0.006831589,-0.007100566,-0.007149767,-0.006986963,-0.006629055,-0.006115881,-0.005474817,-0.004726794,-0.003900847,-0.003022441,-0.00209492,-0.001171545,-0.0002320519,0.0006823396,0.001556922,0.002372102,0.003111648,0.003772439
0.0002861588,0.0009523015,0.001538233,0.002033867,0.002438096,0.002748939,0.00298007,0.003136269,0.003221468,0.003250472,0.00323484,0.00318196,0.003098615,0.002988498,0.00285534,0.002698198,0.002527103,0.002342956,0.002154681,0.001963322,0.001776186,0.001594471,0.001423341,0.001260696,0.001109858,0.0009680701,0.0008374009,0.0007100649,0.0005833106,0.0004528229,0.0003188225,0.000176441,2.544593e-05,-0.000134732,-0.0002947481,-0.000445565,-0.0005705624,-0.0006580241,-0.0006920925,-0.0006579425,-0.000533968,-0.0003039956,5.101968e-05,0.000547849,0.001208321,0.002052804,0.003108564,0.004399964,0.005946838,0.007757578,0.009836282,0.01218089,0.01479595,0.01767728,0.02080895,0.02416706,0.02771752,0.03142178,0.0352461,0.03914424,0.0430535,0.04691133,0.05066949,0.0542606,0.05760093,0.06063237,0.0633489,0.06572907,0.06770463,0.06919567,0.07014183,0.07051191,0.07028864,0.06947791,0.06812028,0.06626622,0.0639625,0.06124981,0.05816475,0.05475013,0.05106821,0.0471748,0.04312566,0.03897919,0.03478064,0.03057287,0.02639484,0.02228995,0.01830455,0.01446948,0.01081605,0.007361797,0.004138464,0.001181821,-0.001491242,-0.003877188,-0.00600071,-0.007850251,-0.009399747,-0.0106526,-0.01162464,-0.01234548,-0.01281243,-0.01302913,-0.01300732,-0.01276459,-0.01233558,-0.01173998,-0.01100661,-0.01017521,-0.009268182,-0.008297313,-0.007294282,-0.006245599,-0.005200514,-0.004152464,-0.003137,-0.002176803,-0.001281154,-0.0004609433
-0.00458946,-0.003764805,-0.003021118,-0.002363398,-0.001801748,-0.001332863,-0.0009525524,-0.0006503598,-0.0004152497,-0.0002455904,-0.0001292628,-5.681715e-05,-2.226491e-05,-2.455015e-05,-6.100113e-05,-0.0001258583,-0.0002181061,-0.0003282889,-0.0004520669,-0.0005806764,-0.0007108822,-0.0008390281,-0.0009632375,-0.001076934,-0.001177243,-0.001262863,-0.001338102,-0.001403286,-0.001460489,-0.001509025,-0.001550137,-0.001585847,-0.001616359,-0.001636498,-0.001639033,-0.001611977,-0.001540554,-0.001406339,-0.001192139,-0.0008777193,-0.0004416709,0.0001360037,0.0008707942,0.001779914,0.002884372,0.004207645,0.005777801,0.00761529,0.009727259,0.01211318,0.01476668,0.01768085,0.02085145,0.02426316,0.02789063,0.03170214,0.03564567,0.03967285,0.04374828,0.04781995,0.05181058,0.05564243,0.05926794,0.06262778,0.06564175,0.0682633,0.07049367,0.07231151,0.07365048,0.07443468,0.07461664,0.07418082,0.0731281,0.07148217,0.06930056,0.06664006,0.06355684,0.06010284,0.05632111,0.05225894,0.04797794,0.04353939,0.03900088,0.03441122,0.0298145,0.02524972,0.02077118,0.01641896,0.01221466,0.008179994,0.004346539,0.0007619681,-0.002545688,-0.005574749,-0.008313915,-0.01075769,-0.0128894,-0.0147196,-0.01625634,-0.01750052,-0.01845564,-0.0191182,-0.01951659,-0.019675,-0.0195938,-0.01927968,-0.01875445,-0.01806293,-0.0172415,-0.01632225,-0.01533173,-0.01428366,-0.01317038,-0.01204129,-0.01087506,-0.00971441,-0.008575394,-0.007483089,-0.006452971,-0.005486577
-0.01023632,-0.009275321,-0.008389805,-0.007593382,-0.006890746,-0.00628429,-0.005759996,-0.005316568,-0.004952569,-0.004655214,-0.004413166,-0.004220858,-0.004072708,-0.003966557,-0.003899575,-0.003873066,-0.003874949,-0.003902149,-0.003943023,-0.003993901,-0.004045547,-0.004096985,-0.004141148,-0.004175457,-0.004191032,-0.004189203,-0.004165403,-0.004123424,-0.004062342,-0.003984132,-0.00388222,-0.003755842,-0.003601439,-0.003417777,-0.003192418,-0.002914404,-0.002564473,-0.00212647,-0.001577526,-0.0008976026,-6.142092e-05,0.0009461949,0.002141547,0.00354022,0.005165586,0.007038109,0.00918251,0.01160802,0.01431403,0.01728677,0.02051178,0.02397564,0.0276678,0.03155565,0.03560654,0.03977538,0.0440057,0.04824017,0.05243157,0.05651863,0.06041722,0.06405611,0.06739032,0.07035428,0.07287945,0.07493887,0.07654717,0.07767341,0.07824846,0.07821051,0.077535,0.07622618,0.07429954,0.07179286,0.06877686,0.06531542,0.06147109,0.05730082,0.05285903,0.04820229,0.04339188,0.03847249,0.03349598,0.02852335,0.02360425,0.01877526,0.01406263,0.00949886,0.005121339,0.0009558377,-0.002970983,-0.006646865,-0.01003957,-0.01311776,-0.01587093,-0.01830505,-0.02044697,-0.02228726,-0.02380282,-0.02500091,-0.02589876,-0.02652653,-0.02688516,-0.02698158,-0.02682198,-0.02642263,-0.02582166,-0.02504412,-0.02412864,-0.0231261,-0.02205726,-0.02092334,-0.01974244,-0.01849916,-0.01724391,-0.01597138,-0.01472009,-0.0135147,-0.0123627,-0.01127025
-0.01660138,-0.01551503,-0.01450662,-0.01358355,-0.01275834,-0.01202518,-0.01138014,-0.01081503,-0.01032242,-0.009900803,-0.009539078,-0.009228454,-0.008964873,-0.008747487,-0.008575816,-0.008443126,-0.008346909,-0.008274049,-0.008217785,-0.008165254,-0.008113155,-0.008056698,-0.007992575,-0.007908315,-0.007798364,-0.007658797,-0.007492344,-0.007294618,-0.007064681,-0.006798232,-0.006492039,-0.006139953,-0.005739038,-0.005280004,-0.004753798,-0.004144928,-0.003438259,-0.002612076,-0.00164624,-0.0005167028,0.0007962446,0.002310232,0.00403626,0.005990981,0.008191525,0.01065863,0.01340841,0.01643954,0.01973496,0.02327379,0.02703198,0.03099469,0.03513545,0.03940952,0.04377745,0.04818645,0.05256696,0.05685421,0.06099408,0.06492569,0.068565,0.07184187,0.07470969,0.07711509,0.07900976,0.08038974,0.08125437,0.08156457,0.08126884,0.08033167,0.07874851,0.07653365,0.07371908,0.07036047,0.06653164,0.06230189,0.05774293,0.05292148,0.04789242,0.04271277,0.03743718,0.03211621,0.02679992,0.02153601,0.01636761,0.01132761,0.006454539,0.001773556,-0.002704761,-0.006959823,-0.0109655,-0.01467979,-0.01808074,-0.02116793,-0.02393602,-0.02638805,-0.02850901,-0.03030782,-0.03179578,-0.03297636,-0.03385518,-0.03442828,-0.03472709,-0.03477385,-0.03456481,-0.03410574,-0.03342379,-0.03256636,-0.0315788,-0.03050088,-0.02936119,-0.02816306,-0.02688855,-0.02558148,-0.02422542,-0.02286622,-0.02152193,-0.02021701,-0.01896218,-0.01775379
-0.02358746,-0.02239533,-0.02127652,-0.0202459,-0.01930962,-0.0184643,-0.01769817,-0.01701102,-0.01640488,-0.01586536,-0.01538383,-0.01495368,-0.01457231,-0.01423647,-0.01394701,-0.01370198,-0.01348849,-0.01329852,-0.01311767,-0.01293726,-0.01274998,-0.0125519,-0.01233479,-0.01208958,-0.01180792,-0.01148701,-0.01112089,-0.01070845,-0.01024698,-0.009733487,-0.00915921,-0.008514362,-0.00779281,-0.00698767,-0.006086564,-0.005074338,-0.003932532,-0.002642625,-0.001183609,0.0004661059,0.002324634,0.004402291,0.006708536,0.009258374,0.01206633,0.01514569,0.01849914,0.02211122,0.02595741,0.03000649,0.03422802,0.03860079,0.04308533,0.04762457,0.05217258,0.05666531,0.06103474,0.06521192,0.06912748,0.07271937,0.07591671,0.0786696,0.08092856,0.08263821,0.0837772,0.08436125,0.08438302,0.0837971,0.08256604,0.0806855,0.07817215,0.07505604,0.07138168,0.06721261,0.06262461,0.05769636,0.05250273,0.0471122,0.04158464,0.03597863,0.0303444,0.02471856,0.01914348,0.01367433,0.008352475,0.00320715,-0.001752496,-0.006508709,-0.01103578,-0.01530931,-0.0193095,-0.023028,-0.0264423,-0.02952216,-0.03226424,-0.03468112,-0.03679723,-0.03859676,-0.04006378,-0.04120719,-0.0420459,-0.04260681,-0.04289186,-0.04290342,-0.04264471,-0.0421331,-0.04141106,-0.04050413,-0.0394572,-0.03832409,-0.03712952,-0.03586905,-0.03455193,-0.03315739,-0.03174108,-0.03030125,-0.02888037,-0.02749601,-0.02615115,-0.02484588
-0.03107357,-0.02978676,-0.02857414,-0.02744496,-0.02641078,-0.02545875,-0.0245884,-0.02379192,-0.02306532,-0.02240438,-0.02180063,-0.02124417,-0.02073413,-0.02026876,-0.01985117,-0.01946993,-0.01912129,-0.01878669,-0.01845565,-0.01811076,-0.01775165,-0.01736937,-0.01695905,-0.01650283,-0.01599774,-0.01543476,-0.01481497,-0.01412918,-0.01337566,-0.01254471,-0.01163279,-0.01062647,-0.009519773,-0.008297417,-0.006951977,-0.005464808,-0.003822816,-0.00200335,7.880416e-06,0.002232878,0.00467951,0.007357297,0.01026814,0.01342689,0.01683803,0.02050896,0.02442582,0.02856394,0.03288541,0.03735449,0.04193317,0.04659571,0.05128397,0.05593967,0.06050761,0.06491898,0.06909951,0.07298118,0.07649066,0.07957412,0.08218034,0.08426634,0.08577519,0.08667118,0.08696375,0.08668032,0.08578854,0.08424906,0.0820552,0.07923444,0.07581643,0.07184051,0.06736387,0.06245956,0.05719994,0.05166895,0.04594484,0.0401009,0.03419095,0.02826666,0.02236962,0.01654547,0.01083188,0.005265499,-0.0001246553,-0.005314439,-0.01028323,-0.01501943,-0.01952241,-0.02377461,-0.02775772,-0.03143313,-0.03479309,-0.03783612,-0.04056379,-0.04298164,-0.04507175,-0.04683595,-0.04829152,-0.04944145,-0.05029213,-0.05083771,-0.05110824,-0.05111456,-0.05085256,-0.05033282,-0.04958669,-0.04865747,-0.04759138,-0.04642602,-0.04519714,-0.04390613,-0.04253214,-0.0411115,-0.03963232,-0.03814508,-0.03667007,-0.03522312,-0.03380836,-0.03241867
-0.03888825,-0.03752704,-0.03623199,-0.03502043,-0.03389427,-0.03284452,-0.03186362,-0.03095193,-0.03011243,-0.02932843,-0.02859329,-0.02790034,-0.02724958,-0.02663831,-0.02606955,-0.02553582,-0.02502148,-0.02451367,-0.02399315,-0.02344896,-0.0228753,-0.02226466,-0.02160605,-0.02088849,-0.02010589,-0.01925056,-0.01831406,-0.01729218,-0.01618078,-0.01497271,-0.01365886,-0.01222706,-0.01066693,-0.008967121,-0.007116768,-0.005100898,-0.00290404,-0.0005106599,0.00209285,0.004920459,0.007975922,0.01125723,0.01476493,0.01850856,0.02248762,0.02669435,0.03109912,0.03566615,0.04035467,0.04511996,0.04992148,0.05472139,0.05945368,0.06405929,0.06847268,0.0726158,0.07642592,0.07984065,0.08278294,0.08520314,0.08707594,0.08837529,0.08904078,0.08904529,0.08842786,0.08721703,0.08537939,0.08288706,0.07975386,0.07603075,0.07176327,0.06700581,0.06182317,0.05628802,0.0504729,0.0444647,0.03833856,0.03216313,0.02599266,0.01987461,0.01384615,0.007938314,0.002180235,-0.00338947,-0.008746613,-0.01387509,-0.01878219,-0.02345879,-0.02788678,-0.03205075,-0.03593992,-0.03954948,-0.04286736,-0.0458652,-0.04854664,-0.05092291,-0.05301178,-0.05479106,-0.05625186,-0.05740272,-0.05825929,-0.05884543,-0.05915863,-0.059189,-0.05894056,-0.05843993,-0.05772823,-0.05682415,-0.05576725,-0.05460562,-0.05337038,-0.05206298,-0.05069185,-0.04923268,-0.04774135,-0.04621949,-0.04471144,-0.0432249,-0.04175647,-0.04030498
-0.04683475,-0.04541133,-0.04404997,-0.04276264,-0.04155219,-0.04040493,-0.03932454,-0.03830391,-0.03733778,-0.03642035,-0.03554311,-0.03469855,-0.03388716,-0.0331103,-0.03237007,-0.03164982,-0.03094116,-0.03022162,-0.02947582,-0.02868723,-0.02785406,-0.0269651,-0.02601172,-0.02497864,-0.02386375,-0.02265422,-0.0213479,-0.01993443,-0.01840977,-0.0167621,-0.0149869,-0.0130734,-0.0110116,-0.008784646,-0.006385936,-0.003800725,-0.001020225,0.001969947,0.005175849,0.008606197,0.01225328,0.01611136,0.02017533,0.02444908,0.02891947,0.0335669,0.03834847,0.0432225,0.04813791,0.05304844,0.0579113,0.06267917,0.067279,0.07165817,0.0757388,0.0794426,0.08271012,0.0854893,0.08771671,0.08935698,0.09040408,0.09082821,0.09057093,0.08963847,0.08809112,0.08595081,0.083175,0.07975858,0.07574569,0.07120372,0.06618749,0.06075857,0.0549892,0.04895432,0.04272255,0.0363761,0.02998788,0.02362465,0.01733115,0.01114527,0.005096258,-0.0007789735,-0.006457867,-0.01192431,-0.01716682,-0.02217831,-0.02695128,-0.0314795,-0.03576778,-0.03981159,-0.04360219,-0.04710766,-0.05032635,-0.05325935,-0.05591287,-0.05828677,-0.06035731,-0.06212454,-0.06360848,-0.06481171,-0.06573319,-0.06636508,-0.06673052,-0.06682612,-0.06665123,-0.06622799,-0.0655805,-0.06474103,-0.06374568,-0.06262337,-0.06141473,-0.06013197,-0.05875972,-0.05733136,-0.05583271,-0.05431695,-0.0528013,-0.05129602,-0.04979753,-0.04830161
-0.05467361,-0.05320782,-0.05179142,-0.05044138,-0.0491481,-0.04790708,-0.04671619,-0.045576,-0.04448524,-0.04342598,-0.04239118,-0.04137765,-0.04038664,-0.03942011,-0.03847718,-0.03754494,-0.03660274,-0.03563442,-0.03461771,-0.0335449,-0.03240625,-0.03119254,-0.02988948,-0.02849238,-0.02699464,-0.02538622,-0.02365567,-0.02179914,-0.01980978,-0.01768029,-0.01540095,-0.01296509,-0.01036091,-0.007579503,-0.004610477,-0.001445457,0.001924722,0.005502491,0.009291907,0.01328919,0.01748225,0.02185328,0.02639779,0.03110771,0.03596267,0.04092604,0.04594601,0.05097181,0.05595182,0.06083702,0.06558795,0.07014374,0.07443774,0.0784169,0.08199415,0.08509205,0.0876689,0.08968415,0.09108885,0.09185964,0.09200449,0.09149973,0.09030214,0.0884366,0.08597196,0.0829196,0.07925709,0.0750018,0.07021243,0.06496277,0.05932019,0.0533581,0.04714983,0.04076326,0.03426684,0.02773585,0.02123538,0.01482125,0.008536943,0.002415205,-0.003519066,-0.009248641,-0.01475972,-0.02003665,-0.02507346,-0.02987394,-0.03445219,-0.03880101,-0.04290875,-0.04677586,-0.05040198,-0.05379095,-0.05692891,-0.05979427,-0.06239276,-0.06472664,-0.06680656,-0.06861239,-0.07013812,-0.07139192,-0.0723777,-0.07311419,-0.07359015,-0.07378618,-0.07371181,-0.07340297,-0.07288378,-0.07216085,-0.07126268,-0.07022632,-0.0690817,-0.06784684,-0.06653904,-0.0651348,-0.06368561,-0.06219311,-0.06069608,-0.05919709,-0.05768863,-0.05617386
-0.06215368,-0.06065685,-0.05920023,-0.05779085,-0.05641939,-0.05508143,-0.05378714,-0.05252854,-0.05129508,-0.05007914,-0.0488718,-0.04766926,-0.04647435,-0.04529326,-0.04412124,-0.04293682,-0.04172773,-0.04046836,-0.03914396,-0.03774199,-0.03625624,-0.03467269,-0.03298159,-0.03117566,-0.02925191,-0.0271966,-0.02500641,-0.02267135,-0.02018577,-0.0175392,-0.0147291,-0.01174975,-0.00859406,-0.005251545,-0.001717861,0.00201454,0.005944729,0.01007198,0.01438991,0.01888796,0.02354227,0.02833415,0.033252,0.03827706,0.04337521,0.04850181,0.05359875,0.05861043,0.06347817,0.0681612,0.07262135,0.07679318,0.08061443,0.08403277,0.08695579,0.08932167,0.09109211,0.09223973,0.09274327,0.09260107,0.09182254,0.09037759,0.08824573,0.08548538,0.08215991,0.07827295,0.07381237,0.0688236,0.06338478,0.05757271,0.05145938,0.04512084,0.03862929,0.03205088,0.02544771,0.0188842,0.01241858,0.006100267,-3.865347e-05,-0.005974319,-0.0116907,-0.01716815,-0.02240152,-0.02739759,-0.03216465,-0.03671266,-0.04103513,-0.04512912,-0.04900756,-0.05267869,-0.05614463,-0.05938417,-0.062392,-0.06517578,-0.0677397,-0.07007128,-0.07214307,-0.07396118,-0.0755463,-0.07689809,-0.07800294,-0.07884675,-0.07944283,-0.07978084,-0.07986934,-0.07973187,-0.07936945,-0.07880148,-0.07805483,-0.07714478,-0.07610505,-0.07496338,-0.0737218,-0.07241255,-0.07101958,-0.06959458,-0.06814427,-0.06667475,-0.06518127,-0.06366626
-0.06900344,-0.06749316,-0.06600496,-0.0645452,-0.06309576,-0.06166323,-0.06025233,-0.05886165,-0.05748408,-0.05609948,-0.05470203,-0.05329107,-0.05187247,-0.05045048,-0.0490161,-0.04755272,-0.04603808,-0.04445342,-0.04278144,-0.04101772,-0.03914904,-0.03716203,-0.03504483,-0.03280008,-0.03042035,-0.02789653,-0.02521869,-0.02238314,-0.01938331,-0.01621485,-0.01287312,-0.009355041,-0.005656213,-0.001776888,0.002287992,0.006539324,0.01097291,0.01557635,0.02033855,0.02523739,0.03024479,0.03533373,0.04048887,0.04567818,0.05086196,0.05598601,0.06098832,0.06580577,0.07038611,0.07469539,0.07869896,0.08232868,0.08553553,0.08825747,0.09040587,0.09193564,0.09282412,0.09305616,0.09263237,0.091565,0.0898621,0.08750845,0.08451258,0.08093776,0.07683402,0.07220389,0.06706998,0.06149687,0.05556348,0.04934593,0.04292358,0.03637618,0.0297686,0.02315871,0.01660489,0.01016144,0.003874295,-0.002220207,-0.008092859,-0.01372486,-0.01910614,-0.02423843,-0.02912577,-0.03377514,-0.03820259,-0.04242245,-0.04644542,-0.05026941,-0.05389308,-0.05732544,-0.06057708,-0.06366067,-0.06655884,-0.06925905,-0.07176159,-0.07405464,-0.07614458,-0.0780189,-0.07967544,-0.08111595,-0.08233291,-0.08333509,-0.08410062,-0.08461019,-0.08488327,-0.08494562,-0.08479404,-0.08442575,-0.08386228,-0.08312512,-0.08222993,-0.08120786,-0.08009698,-0.07887564,-0.07759508,-0.07625376,-0.07487887,-0.07346389,-0.07200553,-0.0705134
-0.07496522,-0.07345053,-0.07194123,-0.07043134,-0.06890869,-0.06737944,-0.06585782,-0.06433342,-0.06279147,-0.06122266,-0.05962006,-0.0579826,-0.05631899,-0.05463371,-0.05291346,-0.05113645,-0.04929021,-0.04734851,-0.04530522,-0.04314985,-0.0408738,-0.03845938,-0.03590267,-0.03320119,-0.03035167,-0.02734382,-0.02417804,-0.02084455,-0.01734055,-0.01366063,-0.009809376,-0.005784141,-0.001588718,0.002777379,0.007310035,0.012008,0.01685415,0.02183462,0.02692645,0.03210326,0.03732555,0.04256871,0.04780573,0.05299751,0.05809458,0.06304321,0.06777707,0.07223325,0.07636251,0.08014536,0.0835458,0.08650539,0.08898067,0.09090332,0.09219547,0.09283733,0.09280859,0.09210955,0.09076734,0.08881114,0.08624271,0.08305357,0.07927748,0.07498945,0.07022377,0.06499213,0.05933249,0.05332688,0.04706076,0.04061194,0.03405695,0.02746769,0.02090285,0.01441875,0.008062801,0.001877474,-0.004101739,-0.009845098,-0.01533677,-0.02056717,-0.02553648,-0.03024317,-0.03470148,-0.03893993,-0.04298807,-0.04685739,-0.05053869,-0.05403802,-0.05737645,-0.06056499,-0.0636152,-0.06651301,-0.06925636,-0.07185981,-0.07431882,-0.07660606,-0.07869222,-0.08059219,-0.08232903,-0.08389236,-0.08526132,-0.08641218,-0.08734677,-0.08805799,-0.08856275,-0.08886291,-0.08893608,-0.08879484,-0.08845878,-0.08792677,-0.08721465,-0.08635507,-0.08537417,-0.08430669,-0.08314018,-0.08192385,-0.08064967,-0.07931172,-0.07791024,-0.07645556
-0.07979172,-0.07828653,-0.07676051,-0.07520735,-0.07361301,-0.07199064,-0.07034529,-0.06867377,-0.06696611,-0.06520235,-0.06338039,-0.06150325,-0.0595822,-0.05761473,-0.05558551,-0.05348057,-0.05127857,-0.04896393,-0.04653,-0.0439729,-0.04127779,-0.03843084,-0.0354283,-0.03227412,-0.02896162,-0.02548797,-0.02184782,-0.0180392,-0.01406069,-0.009915386,-0.005605593,-0.001133207,0.003493412,0.008264443,0.0131754,0.01821536,0.02336323,0.02859481,0.03388359,0.0391933,0.04448185,0.04971847,0.05487198,0.05989612,0.06474216,0.06935216,0.07365658,0.07759498,0.08113571,0.08426657,0.08695256,0.08914534,0.0908107,0.0918708,0.09226763,0.09199791,0.09106036,0.08947109,0.08726957,0.08448884,0.08113187,0.0772138,0.07278831,0.06791441,0.06261741,0.05692529,0.05090597,0.04464433,0.03821861,0.03170608,0.02518185,0.01871199,0.01234641,0.006132219,0.0001094343,-0.00569038,-0.01124561,-0.01653885,-0.02155797,-0.02630039,-0.03077317,-0.03499444,-0.03898673,-0.04277837,-0.04640206,-0.04986844,-0.05318862,-0.05636908,-0.0594127,-0.0623289,-0.06513464,-0.06784621,-0.07045544,-0.07295723,-0.07534176,-0.07758413,-0.07968718,-0.08164643,-0.08346242,-0.08512542,-0.0866246,-0.08795792,-0.08909271,-0.09001803,-0.09075437,-0.09129883,-0.09163109,-0.09174503,-0.09165205,-0.09135778,-0.09085784,-0.0901825,-0.08938689,-0.08845925,-0.08745545,-0.08637235,-0.08522233,-0.08398183,-0.08265301,-0.08125233
-0.08327963,-0.08178946,-0.08025363,-0.07865753,-0.07699748,-0.07528078,-0.07351844,-0.0717001,-0.06981026,-0.06784207,-0.06579367,-0.06366988,-0.06148147,-0.05922305,-0.0568781,-0.05442986,-0.05186755,-0.0491736,-0.04635216,-0.04339201,-0.04028429,-0.03701557,-0.03358997,-0.03000352,-0.02625604,-0.02234541,-0.01827632,-0.01404289,-0.009649889,-0.005100934,-0.0004062482,0.004428619,0.00938695,0.01446083,0.01963671,0.02489859,0.03021377,0.03555785,0.04089498,0.04618489,0.05137783,0.05644834,0.06135671,0.06605653,0.07049617,0.07461915,0.07835399,0.08165437,0.08449995,0.08688899,0.08878454,0.09015579,0.09096578,0.0911409,0.09064613,0.08949559,0.08769604,0.08528269,0.08230646,0.07880548,0.07478502,0.07026831,0.06531776,0.05999279,0.05431752,0.04833929,0.04212788,0.03577117,0.02935022,0.02294168,0.01660914,0.01040576,0.004375455,-0.001438968,-0.007011231,-0.0123217,-0.01735878,-0.02211086,-0.02657968,-0.03077341,-0.03470941,-0.03840056,-0.04187982,-0.04519333,-0.04837888,-0.05144409,-0.05438545,-0.05721499,-0.05995119,-0.06260353,-0.06518542,-0.06768675,-0.07012156,-0.07250718,-0.07482895,-0.07704989,-0.07914013,-0.08112083,-0.08301162,-0.0847915,-0.08644029,-0.08792626,-0.08924285,-0.09039031,-0.09137813,-0.09217856,-0.09276266,-0.09313868,-0.09331207,-0.09326679,-0.09300152,-0.09254114,-0.09192082,-0.09118764,-0.09033756,-0.08941916,-0.0884072,-0.08727989,-0.08603833,-0.08469966
-0.0852671,-0.08380173,-0.08225873,-0.08062696,-0.07890328,-0.07709618,-0.07520722,-0.07323487,-0.07116956,-0.06899641,-0.06672119,-0.06435271,-0.06190027,-0.05935068,-0.05668981,-0.05390811,-0.05098898,-0.04793022,-0.04473352,-0.04139335,-0.03789742,-0.03423993,-0.03042338,-0.02644925,-0.02231728,-0.01803238,-0.01359352,-0.009005176,-0.004275471,0.0005839975,0.005566146,0.01065752,0.01583812,0.02109155,0.02640405,0.03174837,0.03709079,0.04239833,0.04763398,0.05274751,0.05769344,0.06244365,0.0669591,0.0711929,0.0750993,0.078615,0.08167332,0.08424401,0.08632763,0.08792262,0.08899546,0.0895262,0.08947845,0.08878716,0.08744328,0.08546693,0.0828895,0.07976126,0.07612932,0.07202553,0.06746554,0.06249298,0.05717185,0.05154512,0.04564588,0.03953648,0.03330051,0.02701841,0.02076237,0.0146034,0.00859795,0.002792085,-0.002779606,-0.008087077,-0.01311267,-0.01784736,-0.02229177,-0.0264456,-0.03031426,-0.03391391,-0.03726836,-0.04040913,-0.04337538,-0.0462063,-0.04893533,-0.05157477,-0.0541434,-0.05664648,-0.05908077,-0.06145367,-0.06377957,-0.0660796,-0.0683628,-0.07062484,-0.07284787,-0.07500269,-0.07709231,-0.07911485,-0.08106419,-0.08292263,-0.08468165,-0.08633182,-0.08783768,-0.0891948,-0.0904066,-0.09144529,-0.09229118,-0.09293239,-0.09336346,-0.09357566,-0.09355155,-0.09331192,-0.09290733,-0.09234291,-0.09168365,-0.09092426,-0.09006108,-0.0890559,-0.08790942,-0.08664167
-0.08566214,-0.08422395,-0.0826795,-0.0810132,-0.07923175,-0.07733536,-0.07533259,-0.07321508,-0.07097017,-0.06859849,-0.0661075,-0.06350601,-0.06079883,-0.05797254,-0.0550147,-0.05191239,-0.0486638,-0.04526721,-0.0417321,-0.03804629,-0.03420706,-0.03021012,-0.02606323,-0.02176179,-0.01731486,-0.01272576,-0.008004517,-0.003153335,0.001811934,0.006881767,0.0120401,0.01726835,0.02254069,0.02784487,0.03315698,0.03844546,0.04366869,0.04879653,0.05378307,0.05857667,0.06313306,0.06743272,0.07143204,0.0750908,0.0783605,0.08117838,0.08348942,0.08528629,0.08657812,0.08736654,0.08762014,0.08733106,0.08645523,0.08495232,0.08283459,0.08013249,0.07688666,0.07316019,0.06899817,0.06443198,0.05948373,0.05420089,0.04864348,0.04286234,0.03690083,0.03083047,0.02472237,0.01865589,0.01270306,0.006928315,0.001373628,-0.003926459,-0.00894512,-0.01365944,-0.01806618,-0.02216661,-0.02596935,-0.02947922,-0.0327157,-0.03570414,-0.03847756,-0.04106235,-0.04350596,-0.04585429,-0.04814165,-0.05038279,-0.05258214,-0.05474479,-0.05688034,-0.05899345,-0.06109235,-0.06317605,-0.06527418,-0.06739885,-0.06953067,-0.07163376,-0.07368415,-0.07570074,-0.07769072,-0.0796284,-0.08149691,-0.08326104,-0.08491756,-0.08646653,-0.08789507,-0.08915856,-0.09023488,-0.09112206,-0.09180792,-0.09226204,-0.0924772,-0.0924662,-0.09225339,-0.09189803,-0.09140754,-0.09082434,-0.09010758,-0.08922742,-0.08818021,-0.08698507
-0.08443613,-0.08303124,-0.08148733,-0.07979419,-0.07795835,-0.07598168,-0.07386515,-0.07160775,-0.06920541,-0.06665303,-0.06396648,-0.06115402,-0.05821738,-0.05513914,-0.05191157,-0.04852847,-0.04498752,-0.04130116,-0.03747382,-0.03350103,-0.02937963,-0.02511139,-0.02070132,-0.01615364,-0.01147778,-0.00668135,-0.001770841,0.003240275,0.008332956,0.01349327,0.01870561,0.02394429,0.02918351,0.03440464,0.03958191,0.04467535,0.04964644,0.05445942,0.05906671,0.06341334,0.0674683,0.07121049,0.07460068,0.07760319,0.08017068,0.08223888,0.08377341,0.08478422,0.08529373,0.08529781,0.08477294,0.08371247,0.08207559,0.07984611,0.07705473,0.07373627,0.069952,0.06576739,0.06121591,0.05632211,0.05111815,0.04566799,0.04002848,0.03424292,0.02836529,0.02246909,0.01663018,0.01091801,0.005391946,0.0001058884,-0.004905535,-0.00961376,-0.01400349,-0.01806592,-0.02180595,-0.02523359,-0.02836765,-0.03122343,-0.0338239,-0.03619968,-0.03838901,-0.04043701,-0.04239109,-0.044281,-0.0461368,-0.04798055,-0.04983551,-0.05169528,-0.05354928,-0.05539742,-0.05724928,-0.05913574,-0.0610746,-0.06305555,-0.0650596,-0.06706403,-0.06907901,-0.07109594,-0.07309692,-0.07506247,-0.07698677,-0.07885844,-0.08065116,-0.08235519,-0.0839496,-0.08539894,-0.08669057,-0.08780058,-0.08870668,-0.08938606,-0.08982091,-0.09002141,-0.09002197,-0.08983711,-0.08953894,-0.08911034,-0.08853625,-0.08777494,-0.08682502,-0.08570531
-0.08164196,-0.08026991,-0.0787314,-0.0770148,-0.07513425,-0.07308686,-0.07088029,-0.06850541,-0.06595894,-0.06325241,-0.06040096,-0.05740951,-0.0542752,-0.05098487,-0.04753285,-0.0439123,-0.04013844,-0.03622051,-0.03216884,-0.0279757,-0.02364812,-0.01918724,-0.01460372,-0.00989931,-0.00509017,-0.0001814804,0.004807681,0.009865822,0.01496846,0.02010601,0.02525102,0.03037596,0.0354531,0.0404686,0.04538539,0.05016367,0.05476137,0.05914699,0.06326427,0.06706753,0.07053328,0.07364765,0.07637049,0.07867375,0.08050166,0.08180405,0.08256995,0.08282606,0.08259259,0.08186568,0.08062698,0.07887192,0.07656202,0.07371243,0.07036494,0.06656671,0.06237882,0.05786502,0.0530547,0.04797489,0.04266164,0.03717886,0.03158196,0.02592756,0.02027283,0.01468944,0.009236346,0.003980559,-0.001023499,-0.005731746,-0.01012333,-0.01418052,-0.01789721,-0.02127188,-0.02432276,-0.02706777,-0.02953168,-0.0317344,-0.03371215,-0.035501,-0.03714637,-0.03868702,-0.04017169,-0.04163107,-0.04309671,-0.04459031,-0.04611833,-0.04767434,-0.04926091,-0.05087246,-0.05251497,-0.05419683,-0.0559496,-0.0577772,-0.05966216,-0.06157894,-0.06351373,-0.06547549,-0.06745949,-0.06944136,-0.07140686,-0.07332353,-0.07519801,-0.07701781,-0.0787504,-0.08035176,-0.08180592,-0.08309673,-0.08419627,-0.08506232,-0.08569221,-0.08608792,-0.08626135,-0.08627196,-0.08612972,-0.08585898,-0.08541045,-0.08475854,-0.08390039,-0.08285408
-0.07739922,-0.07606314,-0.07453287,-0.07280424,-0.07088926,-0.0687895,-0.06650458,-0.0640327,-0.06138127,-0.05855612,-0.05557758,-0.05244754,-0.04916225,-0.04570743,-0.04208313,-0.03829249,-0.03435029,-0.03027455,-0.02607051,-0.02174083,-0.01729074,-0.01272636,-0.008057673,-0.003296223,0.00154541,0.006456431,0.01142079,0.01641581,0.02141849,0.02641462,0.03137597,0.03627252,0.04108002,0.0457775,0.05032658,0.05468438,0.05881574,0.06268261,0.06623084,0.06942347,0.07225192,0.07469751,0.07672847,0.07831681,0.07940735,0.07996619,0.08000616,0.07956071,0.07865163,0.07726894,0.07540337,0.07304506,0.07017286,0.06682262,0.0630455,0.05889462,0.05443943,0.04973285,0.04479568,0.03965268,0.03434882,0.02895955,0.02354078,0.01814242,0.01282295,0.007648767,0.002681932,-0.002023763,-0.006429708,-0.01050396,-0.01423181,-0.01760221,-0.02062085,-0.02329955,-0.02566239,-0.02773427,-0.02954743,-0.03113138,-0.03252398,-0.03376386,-0.03489903,-0.03598234,-0.03705433,-0.03813089,-0.0392383,-0.04040055,-0.0416387,-0.04293708,-0.04428032,-0.04565877,-0.04708241,-0.0485852,-0.05018001,-0.05185197,-0.05358602,-0.05537224,-0.05722722,-0.05913207,-0.06106236,-0.06300293,-0.06494999,-0.06689636,-0.06882267,-0.07070512,-0.07251059,-0.07421049,-0.07579336,-0.07722262,-0.07846161,-0.07948004,-0.08026551,-0.08082072,-0.08116939,-0.08132342,-0.08134631,-0.0811986,-0.08086167,-0.08030283,-0.07952838,-0.0785547
-0.07189948,-0.07059812,-0.0690834,-0.06735199,-0.06541999,-0.06328677,-0.06095729,-0.05842401,-0.05569604,-0.05279397,-0.04973279,-0.04651192,-0.04312522,-0.03956528,-0.03583451,-0.03193961,-0.02790816,-0.02375087,-0.01947973,-0.01509567,-0.01061166,-0.006034235,-0.001380197,0.003342925,0.008118812,0.01293626,0.01776792,0.02259422,0.02739206,0.03214846,0.03682513,0.04139509,0.04583491,0.05012615,0.05422183,0.0580847,0.06167835,0.06496701,0.06789614,0.07044778,0.07261722,0.07438994,0.07573584,0.07662702,0.07700834,0.07687492,0.07625669,0.07519186,0.07368981,0.07174283,0.06934548,0.06649009,0.06317058,0.05944371,0.05536531,0.05099866,0.04640036,0.04161461,0.03666357,0.03157928,0.02641025,0.02122609,0.01608364,0.01104304,0.006157987,0.001488578,-0.002920877,-0.007022104,-0.01078336,-0.01418338,-0.01722026,-0.01989462,-0.02222043,-0.0242158,-0.02591525,-0.02734941,-0.0285533,-0.02956012,-0.03041809,-0.03116894,-0.03186373,-0.03254221,-0.03324202,-0.03398305,-0.03478941,-0.03567874,-0.03665323,-0.03770212,-0.03882294,-0.04000348,-0.04125081,-0.04257091,-0.04398709,-0.04549978,-0.04709679,-0.04876577,-0.05049727,-0.05229082,-0.05413812,-0.05602254,-0.05793234,-0.05984218,-0.06175804,-0.06365365,-0.06549486,-0.06724802,-0.06889512,-0.07040767,-0.07174551,-0.07286501,-0.07376825,-0.07445093,-0.07492083,-0.07522801,-0.07536624,-0.07533491,-0.07508425,-0.07460466,-0.07390419,-0.07299874
-0.06538308,-0.06412011,-0.06262833,-0.06091086,-0.05897956,-0.05683852,-0.05448513,-0.05192232,-0.04916801,-0.04623433,-0.04313855,-0.03987863,-0.03645045,-0.03284665,-0.02907701,-0.0251586,-0.02111272,-0.01695621,-0.01269761,-0.008347424,-0.003915617,0.0005845044,0.005137383,0.009729271,0.01434751,0.01897343,0.0235842,0.02815205,0.03265934,0.03708447,0.04139287,0.04555898,0.04956403,0.05338022,0.05696401,0.06027962,0.06329739,0.06597459,0.06827027,0.0701792,0.07170378,0.07282337,0.07351627,0.07374868,0.07348207,0.07273328,0.07154362,0.06994662,0.06794687,0.06553356,0.06270774,0.05946285,0.05581755,0.05183581,0.04757887,0.04310948,0.03848284,0.03373117,0.02887467,0.02394728,0.01900599,0.01412552,0.009361969,0.004764405,0.0003833839,-0.003729115,-0.007527299,-0.01097941,-0.01406893,-0.01678687,-0.01913659,-0.02112667,-0.02278127,-0.02413017,-0.02521035,-0.02605714,-0.0267095,-0.02720818,-0.02759942,-0.02792616,-0.02823669,-0.02857738,-0.02897565,-0.02944057,-0.02998723,-0.0306312,-0.03138606,-0.03223579,-0.03316236,-0.03415445,-0.03522113,-0.03638688,-0.03765491,-0.03901126,-0.040447,-0.04196395,-0.04357652,-0.04525929,-0.0469906,-0.04876518,-0.05058171,-0.0524381,-0.05430849,-0.05616194,-0.05797186,-0.05972094,-0.0613915,-0.06293754,-0.06431376,-0.06549403,-0.06646727,-0.06723386,-0.06781447,-0.06821201,-0.06846306,-0.06850534,-0.06832438,-0.06790619,-0.06727083,-0.0664293
-0.05813389,-0.05691114,-0.0554537,-0.05376402,-0.05185598,-0.04973148,-0.04739387,-0.04484366,-0.04209787,-0.03917979,-0.03609914,-0.03285464,-0.02944157,-0.02586097,-0.02212495,-0.01825263,-0.01427133,-0.01019087,-0.00602677,-0.001786698,0.002511596,0.006853216,0.01121927,0.01560223,0.01998379,0.02434451,0.02865249,0.0328878,0.03703309,0.04106499,0.04494512,0.04865371,0.05217246,0.05547448,0.05851364,0.06126248,0.06368831,0.06575361,0.06742833,0.06872296,0.06963475,0.07014821,0.07024015,0.06987742,0.06903888,0.06776465,0.06609844,0.0640687,0.06166664,0.05888714,0.05573293,0.05220903,0.04834969,0.04422732,0.03990433,0.03544454,0.03088534,0.02625485,0.02158008,0.0169046,0.01228612,0.00778824,0.00346544,-0.0006278344,-0.004448621,-0.007953647,-0.01111677,-0.01391262,-0.01633085,-0.01837268,-0.02005383,-0.02139453,-0.02242523,-0.02318005,-0.02370303,-0.02403201,-0.02420558,-0.02426544,-0.02426394,-0.02424472,-0.02425313,-0.02431793,-0.02446464,-0.02470647,-0.02505375,-0.02551233,-0.02607709,-0.02674025,-0.02749752,-0.02833873,-0.02926674,-0.03027632,-0.03138178,-0.0325845,-0.03387931,-0.03526258,-0.03672086,-0.03824933,-0.03984471,-0.04150129,-0.04321055,-0.04495106,-0.04671825,-0.04848523,-0.05023057,-0.05193085,-0.05356142,-0.0550857,-0.05646008,-0.05764903,-0.05865336,-0.05946771,-0.06010069,-0.0605883,-0.0608944,-0.06099968,-0.0608625,-0.06049442,-0.05991397,-0.05912952
-0.05045176,-0.04927571,-0.04786323,-0.04622006,-0.04435589,-0.04227579,-0.03997821,-0.03747514,-0.03478879,-0.03193105,-0.02891438,-0.02573776,-0.02240047,-0.01890393,-0.01526731,-0.01151462,-0.007663561,-0.003730774,0.0002719906,0.004328892,0.008423633,0.01253615,0.01665251,0.02075945,0.02483979,0.02886829,0.03281971,0.03667105,0.0404073,0.04399694,0.04741102,0.0506326,0.05364587,0.0564153,0.05890401,0.06108641,0.06293424,0.06440991,0.06550395,0.06623011,0.06658563,0.06655131,0.06610809,0.06522514,0.0639091,0.06220748,0.06016202,0.05778959,0.05508052,0.05202991,0.04864671,0.04494565,0.04097997,0.03681967,0.03252853,0.02816138,0.02375448,0.01933066,0.01491884,0.01056462,0.006329558,0.002278077,-0.001540036,-0.00508484,-0.008318118,-0.01120692,-0.01372586,-0.01586599,-0.01763042,-0.01903127,-0.02008908,-0.02083128,-0.02129628,-0.02152697,-0.02156656,-0.02145432,-0.02123004,-0.02093862,-0.02062634,-0.02033498,-0.02010248,-0.0199619,-0.0199288,-0.0200054,-0.02019251,-0.02049262,-0.02091175,-0.02143801,-0.022055,-0.02275534,-0.02354109,-0.02442412,-0.02539978,-0.02645721,-0.02759469,-0.02881904,-0.0301369,-0.03152191,-0.03296106,-0.03445854,-0.0360159,-0.03763044,-0.03926822,-0.04090573,-0.04253042,-0.04413293,-0.04568857,-0.0471475,-0.04846682,-0.04962928,-0.05062038,-0.05144238,-0.05211474,-0.05262655,-0.05298093,-0.05310585,-0.05299944,-0.05266632,-0.05213302,-0.05139914
-0.04264164,-0.0415168,-0.04016139,-0.038579,-0.03678088,-0.03476927,-0.03255051,-0.03013379,-0.02753769,-0.02478274,-0.02187499,-0.01881572,-0.01560446,-0.01225123,-0.008774661,-0.005195891,-0.001536801,0.002191767,0.005972504,0.009791999,0.01362563,0.01745552,0.02126727,0.02505159,0.02878485,0.03244304,0.03599571,0.03943036,0.04272747,0.04585737,0.0487915,0.05151905,0.05402176,0.05626751,0.05822131,0.0598641,0.06116407,0.06209737,0.06266554,0.06288569,0.06274713,0.06223777,0.06133446,0.06002015,0.05831934,0.05628546,0.05395205,0.05132797,0.04839766,0.04516508,0.04164256,0.03786109,0.03387992,0.02977107,0.02559448,0.02140062,0.01721225,0.01305551,0.008966999,0.004999244,0.001208385,-0.002354436,-0.005644124,-0.008618544,-0.0112492,-0.01351354,-0.01540675,-0.01692452,-0.01807542,-0.01887964,-0.01936931,-0.01958083,-0.01955655,-0.01934043,-0.01897969,-0.01851258,-0.01797648,-0.0174125,-0.01686869,-0.01638328,-0.01598879,-0.01570096,-0.01553407,-0.01549218,-0.0155722,-0.0157671,-0.01606699,-0.01646828,-0.01696935,-0.01756328,-0.01824523,-0.01900077,-0.01983759,-0.02075827,-0.02176455,-0.02285416,-0.02400813,-0.02522202,-0.02649992,-0.02784326,-0.02924615,-0.03068585,-0.03215395,-0.03363458,-0.03512004,-0.03659236,-0.03802281,-0.03937404,-0.04061014,-0.04170345,-0.04265171,-0.04345134,-0.04411042,-0.04464481,-0.04499145,-0.04512924,-0.0450319,-0.04472654,-0.04423074,-0.04354129
-0.03498727,-0.03392057,-0.03263209,-0.03112684,-0.02941254,-0.02749355,-0.02537389,-0.02307156,-0.0206076,-0.01799039,-0.015231,-0.01233042,-0.009293362,-0.006128637,-0.002859034,0.0004948358,0.003919236,0.007397266,0.01091548,0.01445168,0.01798362,0.02149336,0.02497099,0.02839954,0.03175701,0.0350165,0.0381576,0.04116425,0.04401568,0.04668001,0.04913983,0.05138636,0.05340065,0.05514665,0.05660043,0.05774204,0.05854582,0.05899535,0.05910578,0.0588866,0.05832843,0.05741618,0.05613247,0.05447445,0.05248448,0.05020786,0.04766947,0.04486856,0.04179706,0.03846178,0.03488421,0.03110473,0.0271909,0.02320802,0.01921279,0.01524552,0.01133387,0.007503588,0.003792117,0.0002494999,-0.003069955,-0.006115901,-0.008851076,-0.0112495,-0.0132894,-0.01495914,-0.01625494,-0.01718749,-0.01777717,-0.01805227,-0.01804807,-0.01780508,-0.01737076,-0.01679384,-0.01611792,-0.01538,-0.01461653,-0.01386681,-0.01316906,-0.01255599,-0.0120525,-0.01167852,-0.01143799,-0.0113238,-0.01132559,-0.01143509,-0.01165419,-0.01197441,-0.01238425,-0.01287809,-0.01345171,-0.01410923,-0.01484073,-0.01563741,-0.01650275,-0.01744209,-0.01845666,-0.0195225,-0.02063381,-0.02179833,-0.02301872,-0.02428963,-0.02558071,-0.02688184,-0.02819126,-0.02950262,-0.03078941,-0.03200671,-0.0331227,-0.03412541,-0.03499863,-0.03574756,-0.03638615,-0.03688372,-0.03722174,-0.03733633,-0.03724183,-0.03695215,-0.03648826,-0.03583844
-0.02774148,-0.02673705,-0.02552464,-0.02410712,-0.02249315,-0.02068504,-0.01869495,-0.01653535,-0.01422233,-0.01177271,-0.009192207,-0.006484139,-0.003653445,-0.0007154737,0.0023116,0.005412015,0.008567346,0.01176701,0.0149914,0.0182197,0.02142519,0.0245955,0.02771812,0.03077853,0.03375026,0.03661047,0.03933641,0.04191893,0.04433236,0.04655188,0.04856104,0.05035499,0.05191073,0.0532001,0.05420059,0.05489602,0.05526142,0.05529733,0.05501867,0.05443188,0.05352366,0.05228542,0.0507015,0.04878838,0.04659044,0.04414813,0.04147569,0.03857027,0.03542544,0.03205891,0.02849784,0.02479421,0.02101208,0.01721588,0.0134553,0.009768318,0.006174952,0.00270697,-0.0005940514,-0.003677034,-0.006497784,-0.009019502,-0.01121138,-0.0130474,-0.01451751,-0.01562001,-0.01636997,-0.01678081,-0.01687735,-0.01669294,-0.01627168,-0.01565885,-0.01490267,-0.01404919,-0.01314334,-0.01221884,-0.01130787,-0.01044215,-0.009658044,-0.008981866,-0.008433511,-0.008016391,-0.007733731,-0.00757982,-0.007543337,-0.007609192,-0.007765488,-0.008011139,-0.008348366,-0.008770864,-0.009270303,-0.009828524,-0.01044889,-0.01113397,-0.01188846,-0.01270731,-0.01357045,-0.01447523,-0.01542905,-0.016434,-0.01748455,-0.01855862,-0.01965532,-0.02077062,-0.02190516,-0.02304275,-0.02415706,-0.02521898,-0.02620481,-0.02709061,-0.0278748,-0.02855518,-0.02913245,-0.0295993,-0.02988422,-0.02997877,-0.029872,-0.02959511,-0.0291556,-0.02854302
-0.02110776,-0.0201702,-0.01904006,-0.01772085,-0.01621809,-0.01453666,-0.0126862,-0.01068472,-0.008549589,-0.006286615,-0.003907112,-0.001413485,0.001184311,0.003875301,0.006639855,0.00946414,0.01233639,0.01524115,0.0181602,0.02106539,0.02393675,0.02676295,0.02953246,0.032224,0.03481469,0.03728204,0.03961288,0.04179102,0.04379199,0.04559271,0.04718708,0.04856893,0.04971455,0.05059593,0.05119879,0.05150486,0.05150008,0.05119053,0.05059302,0.04970566,0.04852012,0.04702491,0.04521739,0.0431254,0.04079475,0.03825262,0.03550662,0.03255267,0.02939668,0.02606026,0.02258003,0.01901044,0.01541647,0.01185401,0.008368607,0.004992036,0.001752936,-0.001317962,-0.004182362,-0.006797154,-0.009122859,-0.01112429,-0.0127801,-0.01408105,-0.01502481,-0.01561932,-0.01587873,-0.01582973,-0.01550638,-0.01494694,-0.01419512,-0.01329663,-0.01230098,-0.01125516,-0.01019817,-0.009161057,-0.008173169,-0.007261635,-0.006450627,-0.005759685,-0.005201526,-0.00478376,-0.004500164,-0.004336242,-0.004276705,-0.00430813,-0.004429839,-0.00463506,-0.004916525,-0.00526944,-0.005688725,-0.006175395,-0.006716801,-0.007304949,-0.007943533,-0.008634837,-0.009379094,-0.01015489,-0.01095806,-0.01179414,-0.01266506,-0.01356757,-0.01448255,-0.0154104,-0.01635441,-0.01730953,-0.01825432,-0.01915615,-0.01999451,-0.0207601,-0.02143916,-0.02203767,-0.02255648,-0.02294778,-0.02319158,-0.02324157,-0.02312429,-0.0228519,-0.02243502,-0.02185786
-0.01523716,-0.01436833,-0.0133248,-0.01210846,-0.01072527,-0.009179507,-0.007486343,-0.005656493,-0.00370254,-0.001639167,0.0005282949,0.002794403,0.005150644,0.007582033,0.01007623,0.01262285,0.01520615,0.01781565,0.0204256,0.02301202,0.02555478,0.0280461,0.03046995,0.03280866,0.03503758,0.03713968,0.03909786,0.04090063,0.04252235,0.04394876,0.04517351,0.04619044,0.04697377,0.0475049,0.04776759,0.04774793,0.04743665,0.04684989,0.04599607,0.04487335,0.04347192,0.04178811,0.03982636,0.03762415,0.03521733,0.03262789,0.02985837,0.02691048,0.02379447,0.02054225,0.01719407,0.01380834,0.0104421,0.007149405,0.003969843,0.0009363379,-0.001928355,-0.004589913,-0.007010832,-0.009151824,-0.01098497,-0.01248867,-0.01364837,-0.01445593,-0.01492069,-0.01505894,-0.01490023,-0.01447154,-0.01380902,-0.01295287,-0.01195145,-0.01085133,-0.009698941,-0.008535534,-0.007399249,-0.006316762,-0.005311884,-0.004403085,-0.00361097,-0.002948044,-0.002422039,-0.002025925,-0.001754812,-0.001597526,-0.00154036,-0.001565491,-0.001659725,-0.001822927,-0.002059898,-0.002366286,-0.002734879,-0.003147339,-0.003605064,-0.004109642,-0.004664135,-0.00526114,-0.005882273,-0.006525923,-0.00719734,-0.007895228,-0.008613581,-0.009336115,-0.01007202,-0.01082474,-0.01159803,-0.01237806,-0.01314698,-0.0138883,-0.01458772,-0.01522482,-0.01580151,-0.0163134,-0.01674766,-0.01708268,-0.0172563,-0.01727621,-0.01714037,-0.01687463,-0.01647646,-0.01593542
-0.01022135,-0.009422802,-0.008467655,-0.007357879,-0.006097205,-0.004692413,-0.003154097,-0.001496985,0.0002650756,0.002127532,0.004079782,0.006117337,0.008228421,0.01040479,0.01263345,0.01490531,0.01721059,0.01953227,0.02184539,0.02412377,0.02635548,0.02853076,0.03063372,0.03264235,0.03453736,0.03630204,0.03792616,0.0393916,0.04067729,0.04177168,0.04267579,0.04337886,0.04385702,0.0440918,0.0440719,0.04378402,0.0432306,0.04242487,0.04137366,0.04007149,0.0385142,0.03669832,0.03464202,0.03238188,0.02994901,0.0273557,0.0246053,0.02170442,0.01867539,0.01555199,0.01238,0.009213896,0.006109266,0.003111769,0.0002589024,-0.002420175,-0.004895047,-0.007136438,-0.009113943,-0.01079929,-0.01216947,-0.01320533,-0.01390195,-0.01426711,-0.01431655,-0.01407422,-0.01356621,-0.01282982,-0.01190651,-0.0108383,-0.009669255,-0.008443231,-0.00720425,-0.005991545,-0.004835784,-0.003760565,-0.002785776,-0.001924975,-0.001186586,-0.0005765027,-9.580702e-05,0.0002567201,0.0004929603,0.0006295103,0.0006823315,0.0006656115,0.0005819842,0.0004372637,0.0002353734,-2.22355e-05,-0.0003323483,-0.0006955746,-0.00109872,-0.001533808,-0.002001552,-0.002502277,-0.00303625,-0.003583628,-0.004137425,-0.004698937,-0.005269444,-0.005851386,-0.006435357,-0.007027413,-0.007631972,-0.008247563,-0.00886217,-0.009456369,-0.0100171,-0.01053907,-0.011012,-0.01143783,-0.01180207,-0.01205292,-0.0121812,-0.01215739,-0.01201188,-0.01174885,-0.01137197,-0.01086661
-0.006097625,-0.005369087,-0.004502045,-0.003497434,-0.002359595,-0.001094657,0.0002840825,0.001769013,0.003350345,0.00501504,0.00675867,0.008573455,0.01045142,0.0123816,0.0143587,0.01637498,0.01841689,0.02046907,0.0225018,0.02449709,0.02644248,0.02832845,0.03013592,0.03184788,0.03344434,0.03491233,0.03623713,0.03740615,0.03839985,0.03921498,0.03984854,0.04028783,0.04050982,0.04050307,0.04025326,0.03975446,0.03901184,0.03804072,0.03684071,0.03541002,0.03374365,0.03184864,0.02974639,0.02747255,0.02504799,0.02248535,0.01979015,0.01697768,0.01407283,0.01111616,0.008152423,0.005235341,0.002412148,-0.000272652,-0.002785638,-0.005096188,-0.007181713,-0.009013126,-0.01056431,-0.01181263,-0.01274619,-0.01335898,-0.01365209,-0.01363393,-0.01332971,-0.01276929,-0.01199081,-0.01102841,-0.009922354,-0.00871348,-0.007446848,-0.006163944,-0.004902791,-0.00369497,-0.002569083,-0.001544064,-0.0006338154,0.000155922,0.0008197043,0.001358091,0.001773721,0.002079073,0.002282131,0.002394839,0.002430823,0.002407094,0.002337023,0.002219634,0.00204741,0.001820607,0.001544324,0.001234987,0.0008915989,0.0005138264,0.0001018891,-0.0003354278,-0.0007811401,-0.001233597,-0.001693246,-0.002155105,-0.002613302,-0.003058409,-0.003505589,-0.003961292,-0.004430087,-0.00490345,-0.005373856,-0.005835494,-0.006280167,-0.006692796,-0.007077567,-0.007423344,-0.007706121,-0.007903995,-0.007970826,-0.007926078,-0.007768245,-0.007514734,-0.007158291,-0.006690604
-0.002852423,-0.002193087,-0.001412303,-0.0005107945,0.0005082909,0.001637817,0.002869943,0.004193117,0.005596233,0.00707599,0.008622272,0.01022934,0.0118875,0.01359355,0.01534014,0.01712023,0.01892383,0.02072801,0.02250768,0.02424581,0.02593523,0.02756288,0.02911114,0.0305603,0.03189488,0.03310138,0.03417155,0.03508774,0.03583677,0.03641669,0.03682683,0.03705001,0.03706683,0.0368639,0.03643231,0.0357692,0.03488643,0.03379194,0.03248687,0.0309682,0.02923718,0.02730259,0.02519269,0.0229361,0.02055217,0.01805023,0.01544193,0.0127477,0.01000083,0.007239853,0.004510615,0.001860388,-0.000664865,-0.0030279,-0.005196489,-0.007144582,-0.008845271,-0.01027781,-0.01142488,-0.01227493,-0.01282018,-0.01305703,-0.01299521,-0.01265664,-0.01207009,-0.0112701,-0.01028928,-0.009168502,-0.007949138,-0.006670824,-0.005371566,-0.004087714,-0.002852654,-0.001694464,-0.0006339672,0.0003131374,0.001137159,0.001836066,0.002414513,0.00287806,0.003233598,0.003485773,0.003647489,0.003734499,0.003762098,0.003742478,0.003678211,0.003572789,0.003426122,0.003235701,0.00300289,0.002725935,0.002417263,0.002084984,0.001731718,0.001358749,0.0009664669,0.0005739984,0.0001921009,-0.0001771012,-0.0005347756,-0.0008878087,-0.001231601,-0.001573944,-0.001919747,-0.002273293,-0.002631537,-0.002984616,-0.003324823,-0.003651989,-0.00395662,-0.00423329,-0.004458745,-0.004588936,-0.004627218,-0.004554685,-0.004397782,-0.004153225,-0.003822475,-0.003392213
-0.0004319563,0.0001598726,0.000858042,0.001662152,0.002568545,0.003571592,0.004661653,0.005833341,0.007079108,0.008387623,0.009754506,0.01117169,0.01263463,0.01413759,0.01567928,0.01725219,0.01884111,0.02042473,0.02197846,0.02349321,0.02495855,0.02636115,0.02768209,0.02890639,0.0300172,0.03100449,0.03185627,0.03256098,0.03310831,0.03350089,0.0337303,0.03377889,0.03362919,0.03327276,0.03270005,0.0319157,0.03092909,0.02974865,0.0283722,0.02680121,0.02503751,0.02309903,0.0210107,0.01879858,0.01647711,0.01406119,0.01156718,0.009021921,0.00645745,0.003915041,0.001436258,-0.0009336721,-0.003156265,-0.00519487,-0.007021526,-0.008610792,-0.009946113,-0.01100897,-0.01178743,-0.01227497,-0.01247375,-0.01239179,-0.01204308,-0.01144856,-0.01064319,-0.00966417,-0.008552899,-0.007344,-0.006074697,-0.004780688,-0.00349852,-0.002259862,-0.001091036,-1.223271e-05,0.0009579157,0.001808724,0.002535959,0.003143419,0.003636485,0.004024769,0.004316217,0.004524101,0.004656306,0.004724179,0.004740205,0.004718267,0.004669084,0.004588521,0.004465894,0.004298304,0.004088906,0.003851192,0.003583719,0.003287385,0.002965311,0.002627577,0.002290446,0.001956323,0.001628898,0.001315631,0.001022098,0.0007537135,0.0004940499,0.0002365536,-2.449694e-05,-0.0002866538,-0.0005502995,-0.0008162883,-0.001081463,-0.001335958,-0.001582677,-0.001802973,-0.001970174,-0.002070185,-0.002071216,-0.001996848,-0.001840899,-0.001614782,-0.001310054,-0.0009198223
0.001248161,0.001774991,0.002394702,0.003107258,0.003909781,0.004796939,0.005763656,0.00680059,0.007899023,0.009056426,0.01026266,0.01151319,0.01280228,0.01413147,0.01549502,0.0168854,0.01828834,0.01967842,0.02103882,0.02235997,0.02363374,0.02484426,0.02597474,0.02700748,0.02792942,0.02873113,0.02940594,0.02993881,0.03032555,0.03056564,0.03065037,0.03056034,0.03028162,0.02980391,0.02912501,0.02825099,0.02719324,0.02595434,0.02453621,0.02293985,0.02117393,0.01925557,0.01721171,0.0150633,0.01282807,0.01052138,0.008165491,0.005789093,0.003428219,0.001119213,-0.001097567,-0.003183366,-0.005100713,-0.006819907,-0.008315282,-0.009567815,-0.01055933,-0.01128064,-0.011728,-0.01190417,-0.01181426,-0.01146758,-0.01088485,-0.01009724,-0.009140099,-0.008051863,-0.006866405,-0.005621972,-0.004353886,-0.003094275,-0.001871136,-0.0007096911,0.0003687508,0.001347283,0.002214628,0.002963514,0.00359299,0.004108569,0.00452238,0.004845897,0.005088775,0.00525602,0.005359766,0.005414448,0.005433364,0.005424711,0.005387663,0.005321351,0.005222189,0.005085498,0.004910702,0.004694351,0.004447551,0.004178694,0.003892901,0.003593021,0.00328046,0.002973944,0.002686498,0.002422574,0.002181467,0.001955242,0.001747517,0.001550812,0.00135901,0.001163007,0.0009601853,0.000754517,0.0005489096,0.0003400519,0.0001398215,-4.058389e-05,-0.0001779651,-0.0002400304,-0.0002385371,-0.0001576674,-1.728471e-05,0.0001897835,0.0004625111,0.0008130003
0.002291484,0.002756031,0.003302959,0.003931961,0.004640254,0.00542401,0.006276146,0.007192792,0.008168218,0.009191938,0.01025976,0.01136562,0.01250919,0.01368805,0.01490069,0.01613733,0.01737862,0.01860429,0.01979975,0.02095993,0.02207232,0.0231217,0.02409054,0.024965,0.02573159,0.02638443,0.02691247,0.02730769,0.02756704,0.02768955,0.02765915,0.02745874,0.02707631,0.02650699,0.02574949,0.024814,0.02370735,0.02243472,0.02099663,0.0193989,0.01765099,0.0157755,0.01379433,0.0117291,0.009596583,0.007418909,0.005220858,0.003033542,0.0008885647,-0.001177365,-0.003129239,-0.004930403,-0.006550505,-0.007961033,-0.009141893,-0.01007659,-0.01075819,-0.0111798,-0.01134218,-0.01125122,-0.01092029,-0.01036789,-0.009616729,-0.008694896,-0.007640648,-0.006491967,-0.00528828,-0.004059461,-0.002835048,-0.001641502,-0.000504093,0.0005574921,0.001528419,0.002398587,0.003158677,0.003806212,0.004344028,0.004781098,0.005127361,0.005395287,0.005593945,0.005735885,0.005828245,0.005881191,0.005904375,0.005906604,0.005892893,0.005854903,0.005780191,0.005664323,0.005508079,0.005321905,0.005103976,0.004856463,0.004584312,0.004298566,0.004015017,0.003736764,0.003469779,0.00322321,0.00300306,0.002814,0.002641261,0.00247924,0.002320766,0.002164271,0.002005041,0.001838388,0.001663201,0.001486811,0.001309905,0.00115478,0.001043657,0.0009820414,0.0009930106,0.00105548,0.001180102,0.0013584,0.001599052,0.001907048
0.002810264,0.003216337,0.003695774,0.004248866,0.004873496,0.005566275,0.006323547,0.007137758,0.00800181,0.008913036,0.009862261,0.01084763,0.01186711,0.01292353,0.01400936,0.01511429,0.01622036,0.01730758,0.01836766,0.01939255,0.02037117,0.02128707,0.02212445,0.02286741,0.02350693,0.02403714,0.02445093,0.02473827,0.02489854,0.02492462,0.02480187,0.02451411,0.02405267,0.02341255,0.02259914,0.02162106,0.02048646,0.01919747,0.01775933,0.01617807,0.01446879,0.01265091,0.0107483,0.008780916,0.006770557,0.004739344,0.002714745,0.0007262892,-0.001193363,-0.003013514,-0.004701038,-0.006225509,-0.007558035,-0.008677538,-0.00956745,-0.01021848,-0.010623,-0.01078267,-0.01070443,-0.01040094,-0.009886685,-0.009179848,-0.008307505,-0.007304624,-0.006207101,-0.005051395,-0.003867714,-0.00268741,-0.001536447,-0.0004366048,0.0005956241,0.00154672,0.002405979,0.003165655,0.003822958,0.00437797,0.004835139,0.005203116,0.00549532,0.005723529,0.005897494,0.006022095,0.006108349,0.00616833,0.006211392,0.006240008,0.006247935,0.006230202,0.006181517,0.006095872,0.005970255,0.005799789,0.005594703,0.005363639,0.005112967,0.004846652,0.004567131,0.004292277,0.004035808,0.003803987,0.003597489,0.003409955,0.003245992,0.003098988,0.002961931,0.002823549,0.002678625,0.002527373,0.002369301,0.002200896,0.002037134,0.001890235,0.00177827,0.001723656,0.001712572,0.001762133,0.001857462,0.00200719,0.002210289,0.002476694
0.002917401,0.003268447,0.003686984,0.004172692,0.004723944,0.005338074,0.006009439,0.006735303,0.007510706,0.008325632,0.009177262,0.01006222,0.0109828,0.01193592,0.01291748,0.01391407,0.01490587,0.01587963,0.01682729,0.01774258,0.01861078,0.01941656,0.02014372,0.02078054,0.02131841,0.02175282,0.02207287,0.02227498,0.02235581,0.02230654,0.0221088,0.02175052,0.02122529,0.02053403,0.0196818,0.01867877,0.01752985,0.01624134,0.01481775,0.0132699,0.01161251,0.009868566,0.00805845,0.006204862,0.004329121,0.002457862,0.0006177798,-0.001162195,-0.002855202,-0.004431126,-0.005862343,-0.007120786,-0.008184779,-0.009035283,-0.009661851,-0.01005819,-0.01022704,-0.01017134,-0.009900712,-0.009428731,-0.008775834,-0.007966628,-0.007027914,-0.005989636,-0.004888088,-0.003757104,-0.002629877,-0.00152842,-0.0004723924,0.0005225384,0.001442619,0.002279133,0.003026502,0.003682473,0.004245394,0.004718749,0.005108909,0.005425921,0.005679042,0.005879419,0.006035814,0.006159864,0.006257524,0.006336145,0.006400621,0.006453442,0.006493567,0.006509815,0.006489322,0.006426064,0.006318156,0.006173677,0.005991151,0.005773578,0.005526556,0.0052615,0.004993651,0.004726249,0.004466344,0.004224394,0.004007672,0.003822021,0.003655596,0.003503949,0.003359451,0.003219006,0.003076037,0.002923634,0.002758641,0.002588911,0.002418076,0.00226707,0.002151253,0.002070981,0.002046641,0.00206185,0.002129347,0.002242279,0.002408843,0.002631624
0.002718606,0.003019313,0.003382464,0.003808583,0.0042963,0.004843123,0.005446154,0.006099068,0.00679535,0.007532386,0.008303038,0.009107808,0.009945772,0.01081737,0.01171215,0.01261701,0.01351572,0.01439614,0.01525315,0.01607673,0.01685396,0.017569,0.0182074,0.01875678,0.01921201,0.01956696,0.01981487,0.01994916,0.01996558,0.01985076,0.01959088,0.01917611,0.01860339,0.01787395,0.01699707,0.01598059,0.01483195,0.01355591,0.01216164,0.01066016,0.009070068,0.007410942,0.005706242,0.003977939,0.002251074,0.0005498916,-0.001099185,-0.002670707,-0.004138066,-0.005477304,-0.006663009,-0.007673298,-0.008488494,-0.009097033,-0.009492064,-0.009673811,-0.009643919,-0.009412261,-0.008992258,-0.008401765,-0.007660195,-0.006790032,-0.005820181,-0.004784627,-0.003715569,-0.002643703,-0.00159229,-0.0005836794,0.000366594,0.001247459,0.002052957,0.002779103,0.003423237,0.00398445,0.004466054,0.004872477,0.00521021,0.005487563,0.005715602,0.005903935,0.006061598,0.006192947,0.006306999,0.00641162,0.006510646,0.006600612,0.006671008,0.00671444,0.006724404,0.006692985,0.006614953,0.006484919,0.006312724,0.006106661,0.005873363,0.005617334,0.005341716,0.005063097,0.004795199,0.00454572,0.004317319,0.004106367,0.003919137,0.003750173,0.00359283,0.00343573,0.003272765,0.003101974,0.00292227,0.002732273,0.002548062,0.002378881,0.002237256,0.002140311,0.002076897,0.00206551,0.002094351,0.002172532,0.002298455,0.002479803
0.002309364,0.002563539,0.002877931,0.003252173,0.003685357,0.004175057,0.004716641,0.005307777,0.005943599,0.006615164,0.007321468,0.008060725,0.008834616,0.009636988,0.01046078,0.01129079,0.01211166,0.01291617,0.01369737,0.01444626,0.01514754,0.01578664,0.01634963,0.01682828,0.01721657,0.01750843,0.01769448,0.01777195,0.01773267,0.01756412,0.01725211,0.01679116,0.01618052,0.01542623,0.01453572,0.01351819,0.01237963,0.01112918,0.009775585,0.008333773,0.006820997,0.005260017,0.003671762,0.002080428,0.0005090357,-0.001016482,-0.0024726,-0.003835882,-0.005085694,-0.006199153,-0.007156341,-0.00793799,-0.00853138,-0.008927005,-0.009123421,-0.009123072,-0.008936177,-0.008572417,-0.008046108,-0.007374109,-0.006579305,-0.005687968,-0.004726814,-0.003723576,-0.00270933,-0.001711152,-0.0007538393,0.0001494679,0.0009891053,0.001759475,0.002456454,0.003079444,0.003629494,0.004109749,0.004523287,0.004876275,0.005175709,0.00543015,0.005646348,0.005833014,0.005997854,0.006150775,0.006295377,0.006434447,0.006567321,0.006691094,0.006800757,0.006883638,0.006926033,0.006919732,0.006860943,0.006756334,0.006604934,0.006409804,0.006176508,0.005916126,0.005643026,0.005360548,0.005076393,0.004801853,0.004545711,0.004315586,0.004102882,0.003904607,0.003713954,0.003527717,0.003338779,0.00313977,0.002928449,0.002714261,0.002501236,0.002306175,0.002139213,0.002000097,0.001909439,0.001854533,0.001848715,0.001886214,0.001974165,0.002113371
0.001770483,0.001983183,0.002253841,0.002583024,0.002969528,0.003411069,0.003905205,0.0044461,0.005027567,0.005647636,0.006301047,0.0069888,0.007708111,0.008455897,0.0092193,0.009985341,0.01074268,0.01148364,0.01220219,0.01288635,0.01352302,0.01409779,0.01459876,0.01501707,0.01534811,0.01558434,0.01572015,0.01574829,0.01566006,0.01544196,0.0150859,0.01458853,0.01395189,0.01318146,0.0122874,0.01127754,0.01016105,0.00894611,0.007645532,0.0062738,0.004850791,0.003396212,0.001933708,0.0004857855,-0.0009230704,-0.002271167,-0.003536759,-0.004700441,-0.005742393,-0.006645767,-0.007393048,-0.00797081,-0.008368231,-0.008582319,-0.008614228,-0.008471375,-0.008161943,-0.007700674,-0.007103691,-0.006390058,-0.005579786,-0.004695483,-0.003764173,-0.002815644,-0.001876149,-0.000969083,-0.0001096987,0.0006887452,0.001420279,0.002082949,0.002678839,0.003210493,0.003680653,0.004092647,0.004452741,0.004766678,0.005040647,0.005281116,0.005496487,0.005693942,0.005880872,0.006059937,0.006236834,0.006414113,0.006590279,0.006757765,0.006903927,0.00701955,0.007096051,0.007123462,0.007095493,0.007006938,0.006866923,0.006682806,0.006460916,0.006205579,0.005920357,0.005620916,0.005320774,0.005028443,0.00474846,0.004480045,0.004231169,0.003997969,0.003775103,0.003552073,0.003322947,0.003085732,0.00284119,0.002589921,0.00234644,0.00211615,0.001908692,0.00173991,0.001602288,0.001514201,0.001466168,0.001467145,0.00151488,0.001615617
0.001169295,0.001344231,0.001577126,0.001867377,0.002214143,0.002614909,0.003065705,0.003564031,0.004105186,0.004681619,0.005293277,0.005937858,0.00661423,0.007313202,0.00802592,0.008738625,0.009441084,0.01012806,0.01079128,0.0114201,0.01200006,0.01251827,0.01296372,0.01333035,0.01361167,0.01380048,0.01388867,0.01387137,0.01373804,0.01347865,0.01308587,0.01255986,0.01190439,0.01112815,0.01023934,0.009247775,0.008161972,0.006993997,0.005755992,0.004465067,0.003139275,0.001800829,0.0004704524,-0.0008287153,-0.002075754,-0.003249018,-0.004330402,-0.005302916,-0.006152459,-0.006863542,-0.007423844,-0.007822318,-0.008054081,-0.008117341,-0.008017192,-0.007761979,-0.007366396,-0.006843638,-0.006209376,-0.005480323,-0.004677997,-0.003826678,-0.002949971,-0.002070982,-0.001214192,-0.0003992696,0.0003574443,0.00105089,0.001679794,0.002246402,0.002753469,0.003205598,0.003607844,0.003966099,0.004285216,0.004571539,0.004831034,0.005070251,0.005294022,0.005508727,0.005719934,0.005934569,0.006152818,0.006372623,0.00658888,0.0067954,0.006984852,0.007143006,0.007254489,0.007309361,0.007303155,0.007241481,0.007123294,0.006951184,0.006730132,0.006470173,0.00618489,0.005878371,0.005558702,0.005237292,0.004924048,0.004628204,0.004344262,0.004070968,0.003802964,0.003537595,0.003268433,0.002989823,0.002701918,0.002414579,0.002130358,0.001862529,0.001619358,0.001402486,0.001232349,0.001098686,0.001014878,0.0009758459,0.0009877742,0.001050671
0.0005575512,0.0006995848,0.0008987419,0.001155348,0.001467925,0.001834248,0.002252023,0.002715531,0.003219027,0.003761073,0.004337043,0.004946372,0.005583366,0.006242109,0.006909146,0.007574052,0.00822917,0.008867683,0.009481837,0.01005921,0.01058772,0.01105507,0.01145185,0.01177059,0.01200544,0.01214864,0.01219484,0.01213537,0.01196133,0.01166395,0.01124143,0.01069524,0.01003096,0.00925619,0.008381563,0.007416336,0.006372035,0.00525966,0.004094367,0.002892024,0.001672275,0.0004540522,-0.0007404946,-0.001891123,-0.002977068,-0.003981524,-0.004888585,-0.005685171,-0.006358244,-0.006897929,-0.007294104,-0.007540663,-0.007633842,-0.007576741,-0.007375678,-0.007042239,-0.006588133,-0.006029928,-0.005383695,-0.004666906,-0.003897097,-0.00309397,-0.002280341,-0.001480218,-0.0007132756,4.318435e-06,0.0006646218,0.001262031,0.001797928,0.002276901,0.002706275,0.003092447,0.003441014,0.00375703,0.004047216,0.004316806,0.004570735,0.004813777,0.005052543,0.005291988,0.005536858,0.00578709,0.006044497,0.006306955,0.006569273,0.006821672,0.007050199,0.007243412,0.007390362,0.00748001,0.007506027,0.007463315,0.007359552,0.007200736,0.006992264,0.006737862,0.006441841,0.006119632,0.005784245,0.005444279,0.005105619,0.004769906,0.004446445,0.004133129,0.003826219,0.003516743,0.003200261,0.002876634,0.002548757,0.002217713,0.001895599,0.001585953,0.001298376,0.001048584,0.0008315412,0.0006646832,0.0005405403,0.0004675227,0.0004431954,0.000473038
-2.491015e-05,8.73757e-05,0.0002576617,0.0004849397,0.0007681607,0.001104781,0.001491137,0.001924342,0.002399884,0.002911102,0.003457418,0.004034524,0.004638301,0.005257745,0.005884089,0.006506351,0.007117148,0.007710806,0.008278033,0.008808138,0.009288351,0.009707774,0.01005757,0.01033185,0.01052328,0.01062479,0.01062879,0.01052955,0.01031864,0.009991345,0.00954618,0.008987044,0.008320541,0.00755658,0.006704398,0.00577529,0.004780132,0.003732878,0.002647349,0.001540808,0.000430565,-0.000663059,-0.001721577,-0.002725384,-0.003657899,-0.004502999,-0.005248355,-0.005883231,-0.006399778,-0.006789386,-0.007046386,-0.007166303,-0.007149819,-0.007000044,-0.006725658,-0.006337936,-0.005853213,-0.005285543,-0.004649715,-0.003960158,-0.003234715,-0.002493425,-0.001755211,-0.001037663,-0.0003586224,0.0002690377,0.0008361489,0.001343827,0.001796696,0.002202135,0.002567086,0.0028989,0.003204302,0.003489759,0.003759995,0.004020362,0.004275466,0.004530322,0.004788576,0.005054449,0.005330714,0.005620813,0.005921626,0.006227477,0.006530535,0.006822616,0.007094284,0.007329443,0.007511427,0.007629784,0.007679989,0.007666238,0.007586673,0.007442864,0.007238658,0.006982999,0.006689257,0.006362709,0.00601141,0.005646273,0.00527778,0.004916193,0.004558542,0.004205213,0.003852498,0.003498981,0.003140295,0.002773605,0.002400832,0.002031003,0.00166561,0.001316755,0.0009929399,0.0006974667,0.0004495282,0.0002409165,8.466167e-05,-2.370927e-05,-7.861013e-05,-8.032281e-05
-0.0005513041,-0.0004645659,-0.0003203498,-0.0001186963,0.0001386689,0.0004496366,0.0008117289,0.001219152,0.001666429,0.002151905,0.002670241,0.003218444,0.003788446,0.004372904,0.004959497,0.005540428,0.006109461,0.006659416,0.007181801,0.007665072,0.008098694,0.008472401,0.008778212,0.009008724,0.009157507,0.009217546,0.009183786,0.009048439,0.008806,0.008453162,0.007992547,0.007428691,0.006769242,0.006023027,0.005201583,0.0043158,0.003378764,0.002402924,0.001403852,0.0003968756,-0.0006001395,-0.00157057,-0.002495667,-0.003359284,-0.004145661,-0.004843261,-0.005441827,-0.005934072,-0.006313123,-0.006575163,-0.006716121,-0.006735204,-0.006633196,-0.006416428,-0.006093567,-0.005677633,-0.005181326,-0.004620784,-0.004010343,-0.003364383,-0.002696448,-0.002021815,-0.001358169,-0.0007235218,-0.0001314022,0.0004082413,0.0008931662,0.0013233,0.001704765,0.002046041,0.002357188,0.002646289,0.002919776,0.003182702,0.003440952,0.00369865,0.003959555,0.004227253,0.004507001,0.004801742,0.005113438,0.005439424,0.005778292,0.006124763,0.006471381,0.006806838,0.007115716,0.00738445,0.007600743,0.007753651,0.007836972,0.007845115,0.007783549,0.007656396,0.007467793,0.007221245,0.006922226,0.006586005,0.006224739,0.005846713,0.005458637,0.005063761,0.00467198,0.004282745,0.003894072,0.003499288,0.003096469,0.002687624,0.002276733,0.001864853,0.001462868,0.001074736,0.0007108236,0.0003860493,9.706827e-05,-0.0001398215,-0.0003303967,-0.0004668849,-0.0005515881,-0.0005796628
-0.001003301,-0.000939776,-0.0008179697,-0.0006392084,-0.0004045882,-0.0001166461,0.0002208406,0.0006044199,0.001029478,0.001489401,0.001982005,0.0025008,0.003039578,0.003587033,0.004135627,0.004676575,0.005203526,0.005710195,0.006187419,0.006625479,0.00701348,0.007342196,0.007603914,0.007792513,0.007900906,0.007922996,0.007852371,0.00768492,0.007416363,0.007046622,0.006577923,0.006016422,0.005370367,0.004650456,0.003867083,0.003032639,0.002159164,0.00126092,0.0003514699,-0.0005534955,-0.001438879,-0.002287663,-0.003085073,-0.003816133,-0.004469092,-0.005033125,-0.005501097,-0.005867693,-0.006130381,-0.006286157,-0.006334357,-0.006274896,-0.006111522,-0.005849556,-0.005498739,-0.005070876,-0.004581805,-0.004044658,-0.003472107,-0.002875368,-0.002267783,-0.001664364,-0.001079021,-0.0005240762,-1.154479e-05,0.000451228,0.0008604357,0.0012212,0.00154156,0.001831557,0.002100061,0.002355288,0.002604019,0.002852069,0.003103263,0.003361766,0.003631112,0.003915163,0.004216547,0.004537655,0.004878883,0.005240907,0.005618344,0.006003328,0.006386316,0.006757355,0.00710481,0.007411353,0.007660333,0.007841679,0.007950583,0.007989162,0.007954014,0.007845219,0.007665569,0.007423483,0.007132284,0.006798128,0.006428781,0.006034527,0.005625894,0.005213265,0.00479533,0.0043738,0.003946825,0.003514893,0.003076257,0.002630499,0.002180408,0.001734405,0.001294525,0.0008731587,0.0004791116,0.0001164797,-0.0001970529,-0.0004678526,-0.0006835841,-0.0008481237,-0.0009564788,-0.00100919
-0.001372096,-0.00132841,-0.001227292,-0.001068957,-0.0008551134,-0.0005879129,-0.0002704212,9.131434e-05,0.0004916923,0.0009280869,0.001393802,0.001883701,0.002388488,0.002900741,0.003409918,0.003909926,0.004394953,0.004857832,0.005290452,0.00568277,0.0060258,0.00631084,0.006530672,0.00667823,0.006747672,0.006733429,0.00663178,0.006437726,0.006149667,0.005768295,0.005298745,0.004747391,0.004123057,0.003435481,0.002696832,0.001918784,0.00111461,0.0002965654,-0.0005211195,-0.001325128,-0.002100601,-0.002834328,-0.003511875,-0.004121612,-0.00465266,-0.005098128,-0.005452548,-0.005713352,-0.005878587,-0.005948965,-0.005924642,-0.005807984,-0.005601991,-0.005313872,-0.004952494,-0.004530344,-0.004059374,-0.003553936,-0.003025842,-0.002485949,-0.001943573,-0.001409333,-0.0008959202,-0.0004160172,2.191027e-05,0.0004127081,0.0007580209,0.001061236,0.001330932,0.001577278,0.001811115,0.00204067,0.002272001,0.002509387,0.002757508,0.003019453,0.003298098,0.003596066,0.003917321,0.0042633,0.004634062,0.005025426,0.005433931,0.005852378,0.006271683,0.006679047,0.007057733,0.007393119,0.007672931,0.007886833,0.00802827,0.008090417,0.008075933,0.007986928,0.007826691,0.007599027,0.007310249,0.006974983,0.006604528,0.006206881,0.005788991,0.005354692,0.004913614,0.004466482,0.004013206,0.003549842,0.003076968,0.002598104,0.002117839,0.001637956,0.001169476,0.0007175117,0.0002926573,-9.13677e-05,-0.0004363799,-0.0007274637,-0.0009689824,-0.001153993,-0.001284737,-0.001357134
-0.001653809,-0.001628369,-0.00154522,-0.001405672,-0.00121073,-0.0009632098,-0.0006673943,-0.000327412,5.164542e-05,0.0004626197,0.0009014808,0.001360241,0.001831776,0.002305617,0.002775623,0.003234467,0.003676396,0.004095236,0.004482801,0.004830711,0.005129781,0.005372074,0.005550726,0.005660051,0.005694194,0.005648644,0.005519099,0.005304086,0.005002923,0.004618464,0.004155068,0.003620186,0.003022961,0.002374495,0.001685699,0.0009689869,0.0002361267,-0.0004998249,-0.001227039,-0.001932523,-0.002604312,-0.003229346,-0.003796938,-0.004296621,-0.004720942,-0.005063483,-0.005321244,-0.005493045,-0.005580242,-0.005583744,-0.005506041,-0.005349431,-0.00511871,-0.00481946,-0.004460769,-0.004053415,-0.003611448,-0.003146126,-0.002667558,-0.002183697,-0.001703601,-0.001237515,-0.0007948413,-0.0003835281,-1.101881e-05,0.0003193831,0.0006074542,0.00086045,0.001087855,0.001300486,0.00150751,0.0017168,0.00193437,0.002164977,0.002411465,0.002676998,0.002964267,0.003276109,0.003614202,0.003979776,0.004371993,0.004790042,0.005227401,0.005674955,0.006121855,0.00655648,0.006965555,0.007331783,0.007639639,0.007879589,0.008045942,0.008138141,0.00815089,0.008082946,0.007936632,0.007720074,0.007445969,0.007120835,0.00675229,0.006350036,0.005923997,0.005483718,0.00502876,0.004561827,0.004082969,0.00359466,0.00309745,0.002592706,0.002084067,0.001580212,0.001084611,0.0006099357,0.0001648528,-0.0002459971,-0.0006064343,-0.0009213616,-0.001179426,-0.001384172,-0.001531388,-0.001621931
-0.00185086,-0.001840938,-0.001774696,-0.001652253,-0.001475298,-0.001246439,-0.0009695422,-0.0006509901,-0.0002968384,8.899567e-05,0.0004986153,0.0009256133,0.001360625,0.001796977,0.002225888,0.002642435,0.0030413,0.003416032,0.003759527,0.004063353,0.004319896,0.004521756,0.004662553,0.004736254,0.004738363,0.004665171,0.004514886,0.004285417,0.003977986,0.00359564,0.003144811,0.002632893,0.002069216,0.001463849,0.0008287533,0.0001752286,-0.0004845726,-0.001139893,-0.001778938,-0.002391183,-0.002965293,-0.003491714,-0.00396023,-0.004363222,-0.004693883,-0.00494893,-0.005126491,-0.005227323,-0.005252831,-0.005206541,-0.005091073,-0.00491019,-0.004667449,-0.00436943,-0.00402392,-0.003641738,-0.003233167,-0.002810169,-0.002381898,-0.001955937,-0.00153791,-0.001134359,-0.000753733,-0.0004044657,-9.12892e-05,0.0001839642,0.0004252107,0.0006376528,0.0008306489,0.00101452,0.001199597,0.001393373,0.001601021,0.001825905,0.002071601,0.002340371,0.002634347,0.002955284,0.003306042,0.003687321,0.004098477,0.004535024,0.004992445,0.005462382,0.005934465,0.006394736,0.006825965,0.007213729,0.007546557,0.007814622,0.008010431,0.008125509,0.008159731,0.00811371,0.007990378,0.007793719,0.007530118,0.007213221,0.006853698,0.006459187,0.006036147,0.005588131,0.005123876,0.004645063,0.004153314,0.003647233,0.003129385,0.002604426,0.002077769,0.0015526,0.001040382,0.0005471198,8.321374e-05,-0.0003387014,-0.000719171,-0.001044961,-0.001319367,-0.001536642,-0.00169902,-0.00180328
-0.00196783,-0.001972233,-0.00192072,-0.001814386,-0.001654385,-0.001444125,-0.001188478,-0.0008922629,-0.0005612265,-0.0002031579,0.0001765348,0.0005693631,0.0009683086,0.00136433,0.001752557,0.002126917,0.002482477,0.002813816,0.003114058,0.003376187,0.003592521,0.003756321,0.003861766,0.003904238,0.003879531,0.003784926,0.00361831,0.003380409,0.003072845,0.002700035,0.002267475,0.001783185,0.001256504,0.0006982697,0.000118957,-0.0004700588,-0.001058417,-0.001635224,-0.002191127,-0.002716232,-0.003201881,-0.003638809,-0.00401999,-0.004338699,-0.00459084,-0.004773271,-0.004885868,-0.004930146,-0.004909803,-0.004827999,-0.004688797,-0.004495383,-0.004252348,-0.003964433,-0.003639197,-0.003285619,-0.002915414,-0.002537648,-0.002159948,-0.001787438,-0.001425644,-0.001080886,-0.0007589693,-0.0004645709,-0.0002018971,2.83939e-05,0.0002281796,0.0004054677,0.0005698438,0.0007316937,0.000899502,0.001080197,0.001278764,0.001498953,0.001742805,0.002012676,0.002310496,0.002638223,0.002996875,0.003387281,0.003808461,0.004259182,0.004732615,0.005219018,0.005706661,0.006182846,0.006633707,0.007043023,0.007396776,0.007685721,0.007902875,0.008044976,0.00810521,0.008081604,0.007976258,0.007796634,0.007554192,0.007255579,0.006908346,0.006521381,0.0061033,0.005662196,0.00519796,0.004713913,0.00421167,0.00369534,0.003167295,0.002630438,0.002089482,0.001553712,0.001027954,0.0005247321,5.246309e-05,-0.0003837045,-0.0007693337,-0.001108175,-0.001390298,-0.001619151,-0.001791297,-0.00190795
-0.002013174,-0.002029505,-0.001991919,-0.001900471,-0.001757145,-0.001565151,-0.001329082,-0.001055636,-0.0007513494,-0.0004212351,-7.369355e-05,0.000284578,0.000645022,0.001002084,0.001348665,0.001680933,0.001994401,0.00228374,0.00254304,0.002765376,0.002944378,0.003073905,0.003148663,0.003164035,0.003117032,0.003005711,0.002829948,0.002589759,0.002287958,0.001928812,0.00151924,0.001066952,0.0005810917,7.129917e-05,-0.0004515434,-0.0009774361,-0.001496185,-0.001999183,-0.002477435,-0.002923308,-0.003328822,-0.00368766,-0.003993137,-0.004240755,-0.004426752,-0.004550318,-0.004611918,-0.004614246,-0.004560577,-0.004455756,-0.004303483,-0.004107747,-0.003871737,-0.003600703,-0.003300811,-0.002980787,-0.002648947,-0.002314788,-0.001985067,-0.001664659,-0.001356359,-0.00106357,-0.0007914988,-0.0005454553,-0.0003276971,-0.000138017,2.850941e-05,0.0001777386,0.000318739,0.0004610756,0.0006138862,0.0007835747,0.0009743409,0.001188776,0.001429573,0.001698337,0.001996512,0.002325197,0.002686526,0.003081137,0.003508553,0.003964787,0.004444967,0.004940202,0.005439405,0.00592826,0.006390064,0.006811387,0.007181704,0.007491427,0.007731958,0.007893459,0.007973714,0.007972426,0.007892122,0.007736501,0.007511533,0.007229767,0.006901158,0.006532587,0.006129407,0.005694426,0.005235127,0.004753769,0.004253232,0.003734238,0.003200862,0.002658744,0.002114178,0.001571772,0.001043119,0.0005347471,5.676829e-05,-0.0003792375,-0.0007730571,-0.001113168,-0.001402469,-0.001636355,-0.001816976,-0.00194206
-0.001995724,-0.002022864,-0.001997286,-0.001920042,-0.001792758,-0.001619336,-0.001405109,-0.001155465,-0.0008766263,-0.0005766441,-0.0002614707,6.081689e-05,0.000383997,0.0007006829,0.001007208,0.001298795,0.001571552,0.001821084,0.00204183,0.002228028,0.002373359,0.002472287,0.00252018,0.002513677,0.002450112,0.002328267,0.002147669,0.001910369,0.0016192,0.001279236,0.0008963771,0.000478539,3.457213e-05,-0.0004256543,-0.0008928649,-0.001357414,-0.001810923,-0.002244975,-0.002652778,-0.003027345,-0.003362935,-0.003653439,-0.003894687,-0.004082739,-0.004215839,-0.004293005,-0.004315798,-0.004287134,-0.004211731,-0.004093687,-0.003937492,-0.003746328,-0.003523974,-0.003273936,-0.003001995,-0.002715161,-0.002422764,-0.002131778,-0.001847693,-0.001573436,-0.001311912,-0.001066531,-0.0008405044,-0.0006362781,-0.0004559746,-0.0002987473,-0.0001617302,-3.708956e-05,8.406008e-05,0.0002110222,0.0003511477,0.0005102381,0.0006922926,0.0009002534,0.001135569,0.001399938,0.001694626,0.002020971,0.002379718,0.002771813,0.003196743,0.00365346,0.004135404,0.004632839,0.005133848,0.005625591,0.006094584,0.006526185,0.006907822,0.007230366,0.007485674,0.007668465,0.007771197,0.007791547,0.007731164,0.00759646,0.007397443,0.007140658,0.006833248,0.006482847,0.006096319,0.005680078,0.005234044,0.00476177,0.00426597,0.003751917,0.003223355,0.002684467,0.002140904,0.001602359,0.001074625,0.0005696903,9.575086e-05,-0.0003418055,-0.0007306184,-0.001073347,-0.001362126,-0.001600008,-0.001784262,-0.00191649
-0.001926506,-0.001962171,-0.001947826,-0.001883724,-0.001772329,-0.001617247,-0.00142353,-0.001198015,-0.0009473944,-0.0006772027,-0.0003955062,-0.0001085113,0.0001765446,0.000455344,0.000722421,0.0009750283,0.001209688,0.001422252,0.001607953,0.001761196,0.001876756,0.001949705,0.001975904,0.001952096,0.001876549,0.001748618,0.001569236,0.001339643,0.001063341,0.0007450382,0.0003915106,1.014122e-05,-0.0003907274,-0.0008025204,-0.001215998,-0.001622938,-0.002015383,-0.002386956,-0.002731278,-0.003043238,-0.003317631,-0.003550653,-0.003738266,-0.003878153,-0.003968605,-0.004010263,-0.00400484,-0.003955835,-0.003867228,-0.003744102,-0.003590319,-0.003409458,-0.003203975,-0.002977658,-0.002735028,-0.002482758,-0.00222728,-0.001975866,-0.001733294,-0.001502399,-0.001284032,-0.001079438,-0.0008915441,-0.0007235294,-0.0005761802,-0.0004482389,-0.0003346656,-0.0002297148,-0.0001252102,-1.278621e-05,0.0001152569,0.0002641881,0.0004373468,0.0006367536,0.000864426,0.001121459,0.001408743,0.001726985,0.002077964,0.002462601,0.00288095,0.003329884,0.003804695,0.00429664,0.00479471,0.005285163,0.00575261,0.00618493,0.006572471,0.006905863,0.007175809,0.007371936,0.007490775,0.007531372,0.007495581,0.007386536,0.007209613,0.00697599,0.006694467,0.006370748,0.006008782,0.005610506,0.005182024,0.004725844,0.004245626,0.003743672,0.003225043,0.002696037,0.002163538,0.001633216,0.00111638,0.000619761,0.000153013,-0.0002734949,-0.0006592617,-0.0009944086,-0.001281903,-0.001517996,-0.00170458,-0.001840304
-0.001815738,-0.001858733,-0.001853799,-0.001802166,-0.00170598,-0.001569338,-0.001397716,-0.001196769,-0.0009727346,-0.0007333045,-0.000484185,-0.0002324147,1.692783e-05,0.0002581312,0.0004886536,0.0007049895,0.0009043013,0.001083199,0.001237284,0.001361898,0.001451942,0.001503014,0.001511606,0.001475448,0.00139303,0.001264135,0.001089263,0.0008710369,0.0006127379,0.0003194573,-3.094056e-06,-0.0003476665,-0.0007064352,-0.00107097,-0.001433596,-0.001786641,-0.00212378,-0.002438916,-0.002727481,-0.002984879,-0.003207626,-0.003391977,-0.003535755,-0.003636903,-0.003695105,-0.003710605,-0.003685703,-0.00362375,-0.003529538,-0.003407219,-0.003261019,-0.003093675,-0.002908003,-0.002706316,-0.002492759,-0.002272543,-0.002052846,-0.001838852,-0.001634351,-0.00144072,-0.001259087,-0.001090909,-0.0009376872,-0.0008004851,-0.0006802073,-0.0005753383,-0.0004827825,-0.0003954617,-0.0003056102,-0.0002052868,-8.839016e-05,4.979466e-05,0.0002124396,0.0004018764,0.0006191436,0.0008654368,0.001141528,0.001448393,0.001786776,0.002157925,0.002561947,0.002998217,0.003460881,0.003940857,0.004426866,0.004906798,0.005368237,0.005798283,0.00618573,0.006521707,0.006797557,0.007006955,0.007142341,0.007201148,0.007184375,0.007097254,0.006948264,0.006743407,0.00648891,0.006190839,0.005854222,0.005483828,0.005079513,0.004644774,0.004182957,0.003699919,0.003200214,0.00268883,0.002171976,0.001659336,0.001157229,0.0006767714,0.0002257426,-0.0001905729,-0.0005620478,-0.0008904198,-0.00116993,-0.001403105,-0.00158768,-0.001725521
-0.001674607,-0.001722707,-0.001726292,-0.00168598,-0.001604584,-0.001485784,-0.001334703,-0.001157953,-0.0009618762,-0.0007518543,-0.0005349703,-0.000316476,-0.0001020967,0.0001050406,0.000300977,0.0004839371,0.0006514054,0.0008002654,0.0009267412,0.001026375,0.00109496,0.001128651,0.001124338,0.001079835,0.0009942737,0.0008677811,0.0007017757,0.0004980377,0.0002601476,-7.312889e-06,-0.0002981969,-0.0006059401,-0.0009234056,-0.00124344,-0.001558641,-0.001862646,-0.002149595,-0.002415066,-0.002654824,-0.002865706,-0.003044568,-0.003189358,-0.003297847,-0.00336909,-0.003402603,-0.003399692,-0.003362516,-0.003294602,-0.00319986,-0.003082952,-0.002947382,-0.002796063,-0.002630692,-0.002453784,-0.002268453,-0.002079599,-0.001892038,-0.001711175,-0.001540266,-0.001380732,-0.001232233,-0.0010947,-0.0009695907,-0.0008587153,-0.0007620985,-0.0006781191,-0.0006021873,-0.0005291434,-0.0004519995,-0.0003637514,-0.0002581362,-0.000130923,2.053423e-05,0.0001978495,0.000402546,0.0006353578,0.0008968029,0.001187412,0.00150881,0.001862242,0.002248304,0.002664794,0.003107564,0.003568651,0.004037911,0.004502933,0.004950136,0.00536885,0.005750337,0.006085727,0.006365771,0.006580444,0.006725686,0.006800014,0.006804519,0.00674169,0.00661613,0.006437253,0.006212308,0.005945616,0.005639761,0.00529587,0.004918734,0.004510867,0.00407623,0.003618034,0.003141718,0.002653749,0.002161172,0.001670203,0.001191448,0.0007314782,0.0002991833,-9.64697e-05,-0.0004549479,-0.0007680075,-0.00103867,-0.001263872,-0.001445071,-0.001581665
-0.001512729,-0.001564638,-0.001574921,-0.001545035,-0.001477413,-0.001375989,-0.00124601,-0.001092947,-0.0009225126,-0.0007414859,-0.0005547893,-0.0003681311,-0.0001853659,-1.066852e-05,0.0001543832,0.0003073909,0.0004464123,0.0005689,0.0006714238,0.0007502623,0.0008013838,0.0008213674,0.0008076391,0.0007587217,0.0006738582,0.0005533589,0.0003981706,0.0002109507,-5.080991e-06,-0.0002452778,-0.0005045464,-0.0007766827,-0.001055181,-0.001333242,-0.001604861,-0.001864254,-0.002106908,-0.002328649,-0.00252662,-0.002698004,-0.002840886,-0.00295314,-0.00303384,-0.003082087,-0.003098301,-0.003083282,-0.003039421,-0.002969892,-0.002878988,-0.002770413,-0.002647778,-0.00251324,-0.002368742,-0.002215648,-0.002056777,-0.001895861,-0.001738263,-0.001587731,-0.001446789,-0.001315824,-0.00119488,-0.00108423,-0.0009843593,-0.000895567,-0.0008181229,-0.0007503896,-0.0006895103,-0.0006294906,-0.0005638688,-0.0004861376,-0.0003913955,-0.0002758938,-0.0001371212,2.679128e-05,0.0002166202,0.0004332053,0.0006770102,0.0009488174,0.001249463,0.001580438,0.00194237,0.002335076,0.002753705,0.003190362,0.00363509,0.004077164,0.004505679,0.004909574,0.005279089,0.005605998,0.005881915,0.006100356,0.006254247,0.006340892,0.006360662,0.006317605,0.006218551,0.006068538,0.005872555,0.005635056,0.005359413,0.005048948,0.004703468,0.00432619,0.003920611,0.003492523,0.003046692,0.00258837,0.002123851,0.001662305,0.001210102,0.000777119,0.0003704645,-5.025246e-06,-0.0003413868,-0.0006396135,-0.0008958266,-0.001111894,-0.001285906,-0.00141982
-0.001339732,-0.001393324,-0.001409232,-0.001388399,-0.001333674,-0.001248468,-0.001137585,-0.00100697,-0.000862134,-0.0007078094,-0.0005497404,-0.000392061,-0.0002390218,-9.273004e-05,4.413752e-05,0.0001705547,0.0002847957,0.0003845572,0.0004668918,0.0005282915,0.000565443,0.0005754035,0.0005558934,0.0005054809,0.0004238067,0.0003113493,0.0001696054,4.272357e-07,-0.0001929235,-0.000406387,-0.000634756,-0.0008725724,-0.001114078,-0.001353635,-0.001585605,-0.00180531,-0.002008646,-0.002192724,-0.002354898,-0.002493372,-0.002606393,-0.002693018,-0.002752144,-0.002783588,-0.002787488,-0.002765292,-0.002719089,-0.002651988,-0.002567391,-0.00246921,-0.002360353,-0.00224304,-0.002118343,-0.001987806,-0.001853462,-0.001718792,-0.001587303,-0.001462909,-0.001347751,-0.001242355,-0.00114578,-0.001057284,-0.000977453,-0.0009072748,-0.0008464606,-0.0007934461,-0.0007443986,-0.0006950043,-0.0006395771,-0.0005724881,-0.0004888048,-0.0003852037,-0.0002595889,-0.0001106449,6.279651e-05,0.000261239,0.0004849888,0.000734507,0.001011307,0.00131683,0.001652047,0.002015595,0.002404121,0.002810893,0.003227213,0.003642506,0.004045314,0.004426555,0.004778597,0.005093495,0.005362773,0.005577439,0.005733354,0.005828706,0.005863937,0.005840858,0.00576312,0.005638142,0.005471488,0.005266153,0.005023583,0.004744268,0.004431819,0.004088542,0.003718227,0.003324334,0.002912109,0.0024877,0.002057829,0.001628685,0.00120974,0.0008070192,0.0004283603,8.116924e-05,-0.0002340784,-0.0005107105,-0.0007516887,-0.0009544179,-0.001119935,-0.001248197
-0.001163223,-0.001217177,-0.001236896,-0.001223941,-0.001180706,-0.001110636,-0.001018407,-0.0009088444,-0.0007867352,-0.0006576194,-0.0005253872,-0.0003943864,-0.0002673444,-0.0001471439,-3.462909e-05,6.865716e-05,0.0001614488,0.0002418508,0.0003072309,0.0003546624,0.0003810337,0.0003837423,0.0003609399,0.0003116738,0.000235618,0.000133273,5.675747e-06,-0.000144819,-0.0003153787,-0.0005020927,-0.0007007355,-0.0009063284,-0.001113765,-0.001317848,-0.00151411,-0.001698396,-0.001867636,-0.002019123,-0.002151193,-0.002262238,-0.002351333,-0.002417377,-0.002460133,-0.002479336,-0.002475671,-0.002450066,-0.002404627,-0.002342027,-0.002265777,-0.00217891,-0.002084296,-0.001983533,-0.001877876,-0.001768037,-0.001655841,-0.001543877,-0.00143603,-0.001334945,-0.001242245,-0.00115777,-0.001081001,-0.001011596,-0.0009495127,-0.0008946932,-0.0008471285,-0.0008053696,-0.0007670431,-0.0007273782,-0.0006812598,-0.0006235807,-0.0005505317,-0.0004592061,-0.0003476279,-0.0002143,-5.860974e-05,0.0001200435,0.0003219509,0.0005477706,0.0007983973,0.001075396,0.001379709,0.00171151,0.002067064,0.002439984,0.002822067,0.003204387,0.003577843,0.003933331,0.00426271,0.004558825,0.004814217,0.005022899,0.005178667,0.005278901,0.005323502,0.00531537,0.005259646,0.005160213,0.005020776,0.004844351,0.004632975,0.004388787,0.004111574,0.003804073,0.003469503,0.003113044,0.002739168,0.002352877,0.001960062,0.00156887,0.001185235,0.0008174785,0.0004717974,0.0001523147,-0.0001349721,-0.0003904711,-0.0006118706,-0.0008002907,-0.0009542024,-0.00107549
-0.0009901955,-0.001042612,-0.001064965,-0.001058349,-0.001025334,-0.0009687825,-0.0008928523,-0.0008024503,-0.0007019818,-0.0005952594,-0.0004866094,-0.0003790844,-0.000275642,-0.0001776022,-8.664384e-05,-3.294878e-06,7.130746e-05,0.0001354761,0.0001869609,0.0002230606,0.0002412422,0.0002393047,0.0002156185,0.0001692487,0.000100098,8.715946e-06,-0.0001035698,-0.000235122,-0.0003832309,-0.0005445856,-0.0007150615,-0.0008904084,-0.001066241,-0.001238358,-0.001402669,-0.001555897,-0.001695301,-0.001819093,-0.001925717,-0.002014252,-0.002083805,-0.002134058,-0.002164548,-0.002175439,-0.002167101,-0.002140824,-0.00209836,-0.002042186,-0.001975012,-0.001899885,-0.001819056,-0.001734131,-0.001645729,-0.00155473,-0.001462395,-0.001371114,-0.001283366,-0.0012019,-0.001128076,-0.001061926,-0.001002319,-0.0009482929,-0.0008999695,-0.0008578708,-0.0008216459,-0.000790003,-0.0007599796,-0.0007282092,-0.0006903063,-0.0006419552,-0.0005794186,-0.0005001632,-0.0004025496,-0.0002855086,-0.0001481387,9.921222e-06,0.0001888671,0.0003891154,0.000612019,0.0008590267,0.00113127,0.001428048,0.001746872,0.002082459,0.002427873,0.00277465,0.003113633,0.003437472,0.003739865,0.004014168,0.004253211,0.004449479,0.004599177,0.004700433,0.004753224,0.004758711,0.004719545,0.004641186,0.004527623,0.004380742,0.004201166,0.003988944,0.003746649,0.003476198,0.003180844,0.002863788,0.002529642,0.002183806,0.001832213,0.001480479,0.001136565,0.0008056183,0.000494192,0.0002080643,-5.236159e-05,-0.0002818965,-0.0004832805,-0.0006542548,-0.0007955509,-0.0009074765
-0.0008255673,-0.0008752715,-0.0008985912,-0.0008970026,-0.0008725803,-0.0008280587,-0.0007672793,-0.0006941129,-0.0006122353,-0.0005258441,-0.0004377764,-0.0003511436,-0.0002677415,-0.0001894423,-0.0001166069,-5.017623e-05,9.056793e-06,5.969899e-05,9.979063e-05,0.0001270982,0.0001393123,0.0001345123,0.0001114078,6.937807e-05,8.315918e-06,-7.129368e-05,-0.0001685295,-0.0002815188,-0.0004079907,-0.0005449078,-0.0006890077,-0.0008365557,-0.0009837785,-0.00112693,-0.001262849,-0.0013887,-0.00150249,-0.001602554,-0.001687988,-0.001757952,-0.001812073,-0.00184985,-0.001871359,-0.00187663,-0.001866332,-0.001841293,-0.001803161,-0.001753986,-0.001696416,-0.001632756,-0.001565136,-0.001494685,-0.001422163,-0.001347885,-0.001272975,-0.001199169,-0.001129167,-0.001064784,-0.001007022,-0.000955499,-0.0009094984,-0.0008684484,-0.000832091,-0.0008002582,-0.000772853,-0.0007487519,-0.0007261492,-0.000701497,-0.0006709769,-0.0006307886,-0.0005780981,-0.000510736,-0.0004271872,-0.0003262832,-0.000207529,-7.049116e-05,8.502611e-05,0.0002595653,0.0004539863,0.0006697405,0.0009078638,0.001168737,0.00144971,0.001745985,0.00205129,0.002358691,0.002661058,0.002951324,0.003223111,0.003470649,0.00368784,0.003869632,0.004010974,0.004109555,0.004164995,0.004179175,0.00415567,0.004097251,0.00400648,0.003885224,0.00373455,0.003555686,0.003348422,0.003114881,0.002857715,0.002581141,0.002288964,0.001985512,0.00167583,0.001366627,0.001062984,0.0007714605,0.0004971407,0.0002432863,1.417538e-05,-0.000190181,-0.0003686594,-0.0005216941,-0.0006481798,-0.0007497686
-0.000673426,-0.0007189364,-0.0007421405,-0.0007440839,-0.0007268309,-0.0006925451,-0.0006445138,-0.0005864277,-0.0005215129,-0.0004525925,-0.0003826814,-0.0003138889,-0.0002481302,-0.000186172,-0.0001289822,-7.680141e-05,-3.035139e-05,9.159947e-06,4.008556e-05,6.043318e-05,6.835895e-05,6.228148e-05,4.107851e-05,4.143304e-06,-4.851322e-05,-0.0001164219,-0.0001985457,-0.0002936063,-0.000399547,-0.0005138885,-0.0006335984,-0.0007555992,-0.0008767638,-0.0009941534,-0.001104966,-0.001207028,-0.001298594,-0.001378625,-0.00144626,-0.001501081,-0.001542686,-0.001571055,-0.001586047,-0.001587925,-0.001577071,-0.001554486,-0.001521476,-0.00147985,-0.001431583,-0.001378885,-0.001323376,-0.001266155,-0.001207554,-0.001148032,-0.001088329,-0.001030017,-0.0009747716,-0.0009244474,-0.0008798704,-0.0008408574,-0.0008063661,-0.0007754886,-0.0007481463,-0.0007246081,-0.0007045807,-0.0006871172,-0.0006701055,-0.0006511101,-0.0006269653,-0.0005945591,-0.0005512092,-0.0004950767,-0.000424929,-0.0003399301,-0.0002394017,-0.00012308,9.170206e-06,0.0001577047,0.0003236406,0.0005082561,0.000712635,0.0009365267,0.001178244,0.001433966,0.001698583,0.001965813,0.002228833,0.002482097,0.002720782,0.002939768,0.003133488,0.003296146,0.0034246,0.003517175,0.003573589,0.003594469,0.003581565,0.003538617,0.003468283,0.003371621,0.003248749,0.003099465,0.002925465,0.002728175,0.002510115,0.002273904,0.002023231,0.001762424,0.001496266,0.001229374,0.0009679424,0.0007160199,0.0004787127,0.0002602199,6.087174e-05,-0.0001155203,-0.0002712896,-0.0004045205,-0.0005157382,-0.0006054002
-0.0005360906,-0.0005765949,-0.0005983726,-0.0006026422,-0.0005909882,-0.0005653588,-0.0005286171,-0.0004835653,-0.0004327747,-0.0003791598,-0.000324623,-0.0002712314,-0.0002200774,-0.0001722904,-0.0001279671,-8.765209e-05,-5.181828e-05,-2.145455e-05,2.06293e-06,1.712427e-05,2.21225e-05,1.571484e-05,-2.955368e-06,-3.429491e-05,-7.831601e-05,-0.0001346467,-0.0002025771,-0.0002807725,-0.00036758,-0.0004608467,-0.0005582536,-0.0006572172,-0.0007551486,-0.0008495383,-0.000938286,-0.001019577,-0.001092183,-0.001155145,-0.001208006,-0.001250371,-0.001282134,-0.001303114,-0.001313474,-0.001313343,-0.001303243,-0.001283802,-0.001256175,-0.001221795,-0.001182487,-0.001139869,-0.001095402,-0.00104984,-0.00100361,-0.0009568221,-0.0009101261,-0.0008646291,-0.0008220963,-0.0007837157,-0.0007500787,-0.0007207891,-0.0006951662,-0.0006726449,-0.0006529384,-0.0006358926,-0.0006214097,-0.0006087148,-0.0005965498,-0.0005824881,-0.0005638886,-0.0005381224,-0.0005032112,-0.0004576343,-0.0004002953,-0.0003303382,-0.0002473753,-0.0001511039,-4.13885e-05,8.218368e-05,0.0002203422,0.0003742719,0.0005449086,0.0007326811,0.0009358772,0.001151198,0.001374251,0.001600089,0.001823564,0.002039618,0.002243671,0.002431475,0.002598497,0.002740867,0.002854841,0.002938598,0.002991668,0.00301513,0.003011242,0.002981839,0.002928569,0.002852465,0.002753968,0.002633665,0.002491377,0.002328588,0.002147254,0.001950471,0.001741148,0.001522653,0.001298881,0.001074852,0.0008545138,0.0006426055,0.0004429609,0.0002579598,9.04129e-05,-5.941026e-05,-0.0001911753,-0.0003048327,-0.0003996837,-0.000477024
-0.0004151626,-0.0004497876,-0.000469375,-0.0004747627,-0.0004674118,-0.000448772,-0.0004211699,-0.000387094,-0.0003486768,-0.0003078109,-0.0002664091,-0.0002258113,-0.0001871532,-0.0001508433,-0.0001173868,-8.688009e-05,-5.975708e-05,-3.683287e-05,-1.922401e-05,-8.290008e-06,-5.269339e-06,-1.121887e-05,-2.686127e-05,-5.257755e-05,-8.832955e-05,-0.0001337861,-0.0001882322,-0.0002507862,-0.000320044,-0.0003943297,-0.0004716162,-0.0005498726,-0.0006270557,-0.0007012764,-0.0007707587,-0.0008341651,-0.0008904578,-0.0009390721,-0.0009795644,-0.001011778,-0.001035558,-0.00105099,-0.001058063,-0.001057015,-0.001048141,-0.00103212,-0.001009821,-0.0009824362,-0.0009512705,-0.0009177818,-0.0008830395,-0.0008477416,-0.0008120499,-0.0007761826,-0.0007405449,-0.0007061005,-0.0006739086,-0.0006451347,-0.0006202525,-0.0005990399,-0.0005806935,-0.0005645104,-0.0005503614,-0.0005383827,-0.000528375,-0.0005197224,-0.000511059,-0.0005007836,-0.0004868079,-0.0004670744,-0.0004398098,-0.0004037817,-0.0003581333,-0.0003022641,-0.0002356989,-0.0001582532,-6.983367e-05,2.983064e-05,0.0001415639,0.0002663467,0.000405055,0.0005576839,0.0007232047,0.0008991124,0.001082005,0.00126765,0.001451431,0.001629551,0.001798677,0.001955254,0.002095395,0.002215061,0.002311948,0.002384757,0.002433134,0.002457348,0.00245844,0.002438751,0.002399899,0.002342402,0.002266136,0.002170819,0.002057456,0.00192699,0.001781157,0.001621846,0.001451687,0.001273779,0.001091565,0.0009084145,0.0007286806,0.0005552244,0.0003916523,0.0002407428,0.0001027457,-1.97677e-05,-0.0001285691,-0.0002221743,-0.0003009511,-0.0003653423
-0.0003109979,-0.0003394714,-0.0003560935,-0.000361723,-0.0003574062,-0.0003443603,-0.0003244592,-0.0002994983,-0.000271076,-0.0002409877,-0.0002103837,-0.0001805001,-0.000151941,-0.0001253173,-0.0001006228,-7.814913e-05,-5.815401e-05,-4.128574e-05,-2.841395e-05,-2.059104e-05,-1.882061e-05,-2.395724e-05,-3.651861e-05,-5.676424e-05,-8.467366e-05,-0.0001200123,-0.0001623009,-0.000210711,-0.000264176,-0.0003213446,-0.0003807398,-0.0004407648,-0.0004998195,-0.0005563939,-0.0006092145,-0.0006572279,-0.0006997304,-0.0007362233,-0.0007664876,-0.0007903675,-0.0008078533,-0.0008189151,-0.0008236894,-0.0008223056,-0.0008150976,-0.0008024814,-0.0007851679,-0.0007640502,-0.0007402438,-0.0007147696,-0.0006885263,-0.0006619768,-0.0006353345,-0.0006086286,-0.0005821987,-0.0005566985,-0.0005331661,-0.0005123225,-0.0004944924,-0.0004793771,-0.0004664586,-0.0004553008,-0.0004456813,-0.0004375085,-0.0004307113,-0.0004248219,-0.000419048,-0.0004119148,-0.0004017856,-0.0003870287,-0.0003663923,-0.0003389143,-0.00030388,-0.0002607315,-0.000209191,-0.000149067,-8.027052e-05,-2.528111e-06,8.469538e-05,0.0001822308,0.0002907822,0.0004106954,0.0005409939,0.0006796615,0.0008239667,0.0009707622,0.00111673,0.001258651,0.001393621,0.001518872,0.00163143,0.001728662,0.001808134,0.001868613,0.001909692,0.001931892,0.001936459,0.001924512,0.001897025,0.00185449,0.001797007,0.001724759,0.001637645,0.001536578,0.001422823,0.001298361,0.001165138,0.001025447,0.0008819277,0.0007378652,0.0005959714,0.000459269,0.0003303159,0.0002106927,0.0001019964,4.619981e-06,-8.153492e-05,-0.0001561868,-0.0002189681,-0.0002707565
-0.0002235128,-0.0002456779,-0.0002590459,-0.0002641671,-0.0002619212,-0.000253138,-0.0002392289,-0.0002216401,-0.0002015935,-0.0001801911,-0.0001584938,-0.0001372508,-0.0001170557,-9.810265e-05,-8.06223e-05,-6.464843e-05,-5.041626e-05,-3.841232e-05,-2.92991e-05,-2.388781e-05,-2.290616e-05,-2.697533e-05,-3.650772e-05,-5.172063e-05,-7.258284e-05,-9.890044e-05,-0.0001302522,-0.0001661182,-0.0002056714,-0.0002479319,-0.0002917213,-0.0003358718,-0.0003792146,-0.0004206836,-0.0004592852,-0.0004942887,-0.0005251419,-0.0005515686,-0.0005733626,-0.0005904804,-0.0006028764,-0.0006106374,-0.0006137888,-0.0006124891,-0.0006069217,-0.0005974812,-0.0005846653,-0.0005691551,-0.0005516997,-0.0005331385,-0.0005140883,-0.0004949421,-0.0004757709,-0.0004566653,-0.0004378244,-0.0004197746,-0.0004031088,-0.0003884774,-0.0003761254,-0.0003658835,-0.0003572392,-0.0003497449,-0.0003432957,-0.0003379573,-0.0003336178,-0.0003299327,-0.000326133,-0.0003213028,-0.00031424,-0.0003037564,-0.0002888249,-0.0002687225,-0.0002429302,-0.0002110754,-0.0001728675,-0.0001281925,-7.699254e-05,-1.909367e-05,4.602124e-05,0.0001189823,0.0002003723,0.0002902691,0.0003881282,0.000492524,0.0006014921,0.0007125632,0.0008230265,0.0009306358,0.001033405,0.001129209,0.00121571,0.001290486,0.001352097,0.001399704,0.001433018,0.001452116,0.00145754,0.001450574,0.001432086,0.001402284,0.001360999,0.001307991,0.001243778,0.001168892,0.001084359,0.0009913361,0.0008914245,0.0007865187,0.0006787331,0.0005701605,0.0004634338,0.0003602897,0.0002629229,0.0001729349,9.048713e-05,1.709611e-05,-4.83795e-05,-0.0001049611,-0.0001528774,-0.0001924531
-0.000151945,-0.000168145,-0.0001780956,-0.0001822841,-0.0001812736,-0.0001756945,-0.0001665485,-0.0001548041,-0.0001412918,-0.0001269171,-0.0001122793,-9.799603e-05,-8.436084e-05,-7.164159e-05,-5.982534e-05,-4.904504e-05,-3.941411e-05,-3.129901e-05,-2.515236e-05,-2.155763e-05,-2.10312e-05,-2.40341e-05,-3.082715e-05,-4.156276e-05,-5.621367e-05,-7.466521e-05,-9.664045e-05,-0.0001217272,-0.0001493495,-0.0001788092,-0.0002093104,-0.0002400315,-0.0002701387,-0.0002988761,-0.0003255795,-0.0003497357,-0.000370988,-0.000389124,-0.0004040407,-0.0004156981,-0.0004240992,-0.0004292713,-0.0004312838,-0.0004302284,-0.000426269,-0.0004196405,-0.0004107023,-0.000399924,-0.0003878654,-0.0003750752,-0.0003620101,-0.0003489197,-0.0003358855,-0.00032292,-0.0003101708,-0.0002979758,-0.0002868338,-0.0002771286,-0.0002690164,-0.0002623335,-0.0002567626,-0.0002520347,-0.0002480214,-0.0002446994,-0.0002420227,-0.0002397591,-0.0002374713,-0.0002344243,-0.0002297708,-0.0002226658,-0.0002124353,-0.0001985696,-0.0001806808,-0.0001584743,-0.0001317791,-0.0001004968,-6.457797e-05,-2.387981e-05,2.192299e-05,7.329924e-05,0.000130672,0.0001942304,0.0002635203,0.00033752,0.0004148214,0.0004937497,0.0005725042,0.0006493937,0.0007229129,0.000791571,0.0008537509,0.0009079372,0.0009528574,0.0009878502,0.001012661,0.001027472,0.001032813,0.001029302,0.001017462,0.0009974714,0.0009692886,0.0009328833,0.000888268,0.0008359086,0.0007764805,0.0007110024,0.0006405366,0.0005663832,0.0004900105,0.0004131566,0.0003373833,0.0002642606,0.0001951914,0.0001311099,7.266906e-05,2.028809e-05,-2.630013e-05,-6.67877e-05,-0.0001010409,-0.0001295315
-9.540134e-05,-0.0001061788,-0.0001129374,-0.0001159478,-0.0001156182,-0.000112318,-0.0001067079,-9.944366e-05,-9.107356e-05,-8.209966e-05,-7.29867e-05,-6.406682e-05,-5.558797e-05,-4.762557e-05,-4.026437e-05,-3.351433e-05,-2.747804e-05,-2.238322e-05,-1.853703e-05,-1.63173e-05,-1.605873e-05,-1.804785e-05,-2.247084e-05,-2.942692e-05,-3.89001e-05,-5.080331e-05,-6.494407e-05,-8.10848e-05,-9.884619e-05,-0.0001177814,-0.0001373543,-0.0001570379,-0.0001763063,-0.0001946842,-0.000211731,-0.0002271282,-0.0002406393,-0.0002521537,-0.0002615925,-0.0002689498,-0.0002742172,-0.0002774447,-0.0002786527,-0.0002779184,-0.0002753276,-0.0002710585,-0.0002653337,-0.0002584586,-0.0002507701,-0.0002426477,-0.0002343709,-0.0002261153,-0.0002179067,-0.0002097757,-0.0002018019,-0.0001942149,-0.0001872783,-0.0001812803,-0.0001763239,-0.0001723201,-0.0001690218,-0.0001662135,-0.000163839,-0.0001619251,-0.0001604236,-0.0001591836,-0.0001578645,-0.0001560552,-0.0001532127,-0.0001487987,-0.0001423457,-0.0001335216,-0.0001220822,-0.0001078491,-9.068452e-05,-7.053372e-05,-4.73687e-05,-2.110478e-05,8.506202e-06,4.177106e-05,7.898004e-05,0.0001201968,0.0001651932,0.0002133328,0.0002637288,0.000315256,0.0003666736,0.0004169473,0.0004651587,0.0005103226,0.0005513511,0.0005871156,0.0006169286,0.000640379,0.0006573064,0.0006677189,0.0006718397,0.0006702279,0.0006632532,0.0006509795,0.0006332964,0.0006100683,0.0005815052,0.000547843,0.000509551,0.0004671736,0.0004214611,0.0003733057,0.0003237057,0.0002736578,0.0002243946,0.0001767302,0.0001316976,9.002119e-05,5.177995e-05,1.767428e-05,-1.285553e-05,-3.932093e-05,-6.183192e-05,-8.056e-05
-5.279963e-05,-5.906051e-05,-6.302282e-05,-6.48748e-05,-6.482151e-05,-6.309573e-05,-6.005156e-05,-5.607829e-05,-5.148185e-05,-4.655005e-05,-4.152616e-05,-3.661775e-05,-3.194181e-05,-2.755904e-05,-2.348741e-05,-1.976562e-05,-1.641606e-05,-1.359773e-05,-1.146218e-05,-1.024912e-05,-1.012928e-05,-1.128313e-05,-1.379583e-05,-1.774545e-05,-2.310566e-05,-2.984559e-05,-3.783436e-05,-4.695234e-05,-5.697382e-05,-6.765976e-05,-7.869215e-05,-8.978246e-05,-0.0001006203,-0.0001109549,-0.0001205252,-0.0001291647,-0.0001367287,-0.0001431701,-0.0001484361,-0.0001525361,-0.0001554563,-0.0001572378,-0.0001578864,-0.0001574533,-0.0001559788,-0.0001535705,-0.0001503483,-0.0001464937,-0.0001421863,-0.0001376483,-0.0001330314,-0.0001284427,-0.0001238875,-0.0001193877,-0.0001149808,-0.0001108039,-0.000106997,-0.0001037223,-0.0001010367,-9.889444e-05,-9.715036e-05,-9.567977e-05,-9.443691e-05,-9.345105e-05,-9.269112e-05,-9.208007e-05,-9.141581e-05,-9.046662e-05,-8.892845e-05,-8.650126e-05,-8.291529e-05,-7.798254e-05,-7.155768e-05,-6.35453e-05,-5.38608e-05,-4.247515e-05,-2.936888e-05,-1.450075e-05,2.280096e-06,2.11498e-05,4.228528e-05,6.571715e-05,9.131615e-05,0.0001187327,0.0001474717,0.0001768962,0.0002062882,0.0002350462,0.0002626705,0.0002886003,0.0003122207,0.0003328581,0.0003501076,0.0003637619,0.0003737277,0.0003800072,0.0003826838,0.0003820661,0.0003784016,0.0003717167,0.0003619403,0.0003489519,0.0003328749,0.0003138766,0.00029221,0.0002681901,0.0002422144,0.0002148215,0.000186587,0.0001580866,0.0001299984,0.00010284,7.713443e-05,5.336509e-05,3.153548e-05,1.204094e-05,-5.406052e-06,-2.057364e-05,-3.347136e-05,-4.424864e-05
-2.318268e-05,-2.602367e-05,-2.784339e-05,-2.87135e-05,-2.873856e-05,-2.801043e-05,-2.669948e-05,-2.497144e-05,-2.29639e-05,-2.080433e-05,-1.86077e-05,-1.6457e-05,-1.441171e-05,-1.248911e-05,-1.070764e-05,-9.06921e-06,-7.599258e-06,-6.356708e-06,-5.420451e-06,-4.887799e-06,-4.844281e-06,-5.363302e-06,-6.491958e-06,-8.255638e-06,-1.065012e-05,-1.365368e-05,-1.721748e-05,-2.128126e-05,-2.574845e-05,-3.050564e-05,-3.541698e-05,-4.03495e-05,-4.517065e-05,-4.976142e-05,-5.401167e-05,-5.784265e-05,-6.119641e-05,-6.40471e-05,-6.63767e-05,-6.818567e-05,-6.947356e-05,-7.025456e-05,-7.053493e-05,-7.033497e-05,-6.967663e-05,-6.860472e-05,-6.717504e-05,-6.546417e-05,-6.355694e-05,-6.154924e-05,-5.951173e-05,-5.748864e-05,-5.548556e-05,-5.35088e-05,-5.157696e-05,-4.974685e-05,-4.808441e-05,-4.666176e-05,-4.550378e-05,-4.458626e-05,-4.384447e-05,-4.322208e-05,-4.270364e-05,-4.22956e-05,-4.198632e-05,-4.173853e-05,-4.146745e-05,-4.106976e-05,-4.040846e-05,-3.934727e-05,-3.776761e-05,-3.558465e-05,-3.27351e-05,-2.91723e-05,-2.486035e-05,-1.978489e-05,-1.393852e-05,-7.298919e-06,1.988382e-07,8.635656e-06,1.808905e-05,2.857963e-05,4.005285e-05,5.234938e-05,6.524574e-05,7.845658e-05,9.166622e-05,0.0001046107,0.000117055,0.0001287468,0.0001394064,0.0001487436,0.0001565791,0.0001628041,0.0001673733,0.0001702843,0.0001715903,0.0001714289,0.00016989,0.000166985,0.0001626806,0.0001569381,0.0001498068,0.0001413452,0.0001316723,0.0001209288,0.0001093081,9.704075e-05,8.43855e-05,7.160183e-05,5.900761e-05,4.681299e-05,3.528528e-05,2.460766e-05,1.480087e-05,6.044552e-06,-1.809821e-06,-8.631249e-06,-1.444855e-05,-1.93091e-05
-5.752791e-06,-6.472138e-06,-6.934238e-06,-7.161819e-06,-7.170888e-06,-6.996115e-06,-6.647366e-06,-6.217022e-06,-5.74615e-06,-5.205874e-06,-4.666213e-06,-4.129872e-06,-3.635528e-06,-3.146466e-06,-2.707162e-06,-2.311796e-06,-1.938166e-06,-1.634188e-06,-1.392748e-06,-1.270819e-06,-1.259174e-06,-1.391282e-06,-1.662498e-06,-2.111818e-06,-2.714377e-06,-3.481429e-06,-4.357978e-06,-5.37451e-06,-6.487398e-06,-7.693912e-06,-8.922386e-06,-1.015565e-05,-1.134901e-05,-1.250518e-05,-1.356428e-05,-1.452967e-05,-1.535744e-05,-1.607601e-05,-1.665041e-05,-1.710699e-05,-1.741638e-05,-1.76203e-05,-1.768706e-05,-1.764418e-05,-1.746752e-05,-1.719981e-05,-1.684054e-05,-1.642578e-05,-1.594282e-05,-1.544654e-05,-1.493287e-05,-1.443683e-05,-1.392893e-05,-1.344169e-05,-1.296243e-05,-1.253062e-05,-1.210658e-05,-1.174175e-05,-1.14469e-05,-1.124365e-05,-1.108428e-05,-1.092607e-05,-1.077036e-05,-1.067394e-05,-1.061196e-05,-1.058329e-05,-1.050221e-05,-1.039105e-05,-1.022258e-05,-9.975664e-06,-9.589395e-06,-9.043362e-06,-8.322145e-06,-7.437985e-06,-6.354914e-06,-5.081241e-06,-3.613864e-06,-1.966969e-06,-8.809759e-08,2.036041e-06,4.440091e-06,7.057019e-06,9.911034e-06,1.298988e-05,1.62627e-05,1.962772e-05,2.292997e-05,2.613441e-05,2.926599e-05,3.225322e-05,3.501233e-05,3.732172e-05,3.924019e-05,4.081088e-05,4.204083e-05,4.285973e-05,4.313747e-05,4.303569e-05,4.267521e-05,4.202317e-05,4.10162e-05,3.950617e-05,3.768541e-05,3.557291e-05,3.320295e-05,3.052044e-05,2.756709e-05,2.447079e-05,2.132498e-05,1.808308e-05,1.494403e-05,1.187246e-05,8.915508e-06,6.325148e-06,3.773827e-06,1.629352e-06,-3.736992e-07,-2.074757e-06,-3.55043e-06,-4.771444e-06
0,0,0,0,0,0,0,0,0,0,0,0,0,0,0,0,0,0,0,0,0,0,0,0,0,0,0,0,0,0,0,0,0,0,0,0,0,0,0,0,0,0,0,0,0,0,0,0,0,0,0,0,0,0,0,0,0,0,0,0,0,0,0,0,0,0,0,0,0,0,0,0,0,0,0,0,0,0,0,0,0,0,0,0,0,0,0,0,0,0,0,0,0,0,0,0,0,0,0,0,0,0,0,0,0,0,0,0,0,0,0,0,0,0,0,0,0,0,0,0
