NaN,NaN,NaN,NaN,NaN,NaN,NaN,NaN,NaN,NaN,NaN,NaN,NaN,NaN,NaN,2.932408e-11,1.265757e-11,-6.476865e-12,3.830892e-12,-3.177153e-11,9.264398e-13,-2.337473e-11,-2.106392e-11,-5.878014e-12,1.794612e-11,-3.520386e-11,4.723765e-11,2.705586e-11,2.732488e-11,-2.079777e-11,-1.070126e-11,2.073036e-11,1.402496e-11,1.463453e-12,-3.776098e-11,2.821058e-11,1.920818e-11,3.233424e-11,2.767012e-11,2.859019e-12,3.615648e-12,1.854113e-11,-1.486384e-11,2.115617e-11,5.161285e-11,-4.367215e-12,-1.575324e-11,-2.931533e-11,-2.219227e-12,1.72543e-11,-1.229364e-11,-1.778798e-11,-2.4427e-11,-3.042102e-12,-7.151081e-12,-3.192491e-11,8.702623e-12,-2.24033e-11,4.088885e-11,1.252548e-11,1.491628e-11,-2.350795e-11,-7.788636e-12,4.127919e-11,2.861904e-11,6.605645e-12,-1.667218e-11,2.899439e-11,5.841104e-12,2.009051e-11,5.62695e-11,5.446143e-13,9.407496e-12,1.305649e-11,-1.83166e-11,-1.49308e-11,3.474205e-11,3.475709e-12,1.113156e-11,-8.534004e-12,3.337459e-11,4.676762e-13,NaN,NaN,NaN,NaN,NaN,NaN,NaN,NaN,NaN,NaN,NaN,NaN,NaN,NaN
NaN,NaN,NaN,NaN,NaN,NaN,NaN,NaN,NaN,NaN,NaN,NaN,NaN,NaN,NaN,-1.270977e-05,-1.246033e-05,-1.214527e-05,-1.185742e-05,-1.151715e-05,-1.113079e-05,-1.065903e-05,-1.013683e-05,-9.547676e-06,-8.926903e-06,-8.261841e-06,-7.58195e-06,-6.875858e-06,-6.167475e-06,-5.446347e-06,-4.73201e-06,-4.015592e-06,-3.313732e-06,-2.619368e-06,-1.946354e-06,-1.289038e-06,-6.589901e-07,-5.229779e-08,5.212407e-07,1.064109e-06,1.568739e-06,2.03676e-06,2.462539e-06,2.846539e-06,3.185142e-06,3.478235e-06,3.724575e-06,3.923768e-06,4.076924e-06,4.183226e-06,4.246231e-06,4.264959e-06,4.245504e-06,4.186667e-06,4.096859e-06,3.974545e-06,3.830434e-06,3.662401e-06,3.48307e-06,3.289355e-06,3.095568e-06,2.897304e-06,2.710141e-06,2.527967e-06,2.367216e-06,2.219514e-06,2.101961e-06,2.003397e-06,1.941399e-06,1.901622e-06,1.901989e-06,1.92427e-06,1.98622e-06,2.06471e-06,2.176769e-06,2.292739e-06,2.427304e-06,2.542676e-06,2.656994e-06,2.745942e-06,2.872226e-06,3.04699e-06,NaN,NaN,NaN,NaN,NaN,NaN,NaN,NaN,NaN,NaN,NaN,NaN,NaN,NaN
NaN,NaN,NaN,NaN,NaN,NaN,NaN,NaN,NaN,NaN,NaN,NaN,NaN,NaN,NaN,-4.55958e-05,-4.465798e-05,-4.368984e-05,-4.263826e-05,-4.157081e-05,-4.015164e-05,-3.856895e-05,-3.663356e-05,-3.459088e-05,-3.228088e-05,-2.994065e-05,-2.740814e-05,-2.490331e-05,-2.226106e-05,-1.968904e-05,-1.702259e-05,-1.446029e-05,-1.18387e-05,-9.349602e-06,-6.832335e-06,-4.473856e-06,-2.116208e-06,5.86325e-08,2.206809e-06,4.15081e-06,6.044381e-06,7.714214e-06,9.312954e-06,1.06728e-05,1.194645e-05,1.297172e-05,1.390135e-05,1.457921e-05,1.51594e-05,1.549254e-05,1.573438e-05,1.574234e-05,1.567373e-05,1.539273e-05,1.505812e-05,1.454035e-05,1.399871e-05,1.33091e-05,1.263061e-05,1.184355e-05,1.110534e-05,1.029923e-05,9.579307e-06,8.830437e-06,8.201846e-06,7.578701e-06,7.103627e-06,6.661014e-06,6.385442e-06,6.159394e-06,6.107572e-06,6.109649e-06,6.2783e-06,6.487835e-06,6.833166e-06,7.176834e-06,7.586715e-06,7.912505e-06,8.218643e-06,8.437687e-06,8.778371e-06,9.334435e-06,NaN,NaN,NaN,NaN,NaN,NaN,NaN,NaN,NaN,NaN,NaN,NaN,NaN,NaN
NaN,NaN,NaN,NaN,NaN,NaN,NaN,NaN,NaN,NaN,NaN,NaN,NaN,NaN,NaN,-9.240541e-05,-9.06039e-05,-8.856817e-05,-8.664199e-05,-8.446562e-05,-8.17707e-05,-7.852715e-05,-7.474636e-05,-7.055727e-05,-6.599601e-05,-6.11993e-05,-5.617213e-05,-5.104074e-05,-4.578147e-05,-4.051358e-05,-3.519389e-05,-2.994117e-05,-2.469999e-05,-1.959183e-05,-1.45513e-05,-9.702084e-06,-4.970919e-06,-4.853262e-07,3.834391e-06,7.858049e-06,1.167324e-05,1.514904e-05,1.838095e-05,2.123741e-05,2.382265e-05,2.600698e-05,2.790555e-05,2.939209e-05,3.059314e-05,3.138623e-05,3.191004e-05,3.204708e-05,3.194844e-05,3.150113e-05,3.086795e-05,2.993955e-05,2.888937e-05,2.76101e-05,2.628365e-05,2.480212e-05,2.335352e-05,2.182682e-05,2.041335e-05,1.89955e-05,1.776494e-05,1.659429e-05,1.567303e-05,1.486091e-05,1.434302e-05,1.39634e-05,1.390058e-05,1.39789e-05,1.436571e-05,1.485782e-05,1.560276e-05,1.635518e-05,1.722464e-05,1.791422e-05,1.854947e-05,1.89902e-05,1.97285e-05,2.091339e-05,NaN,NaN,NaN,NaN,NaN,NaN,NaN,NaN,NaN,NaN,NaN,NaN,NaN,NaN
NaN,NaN,NaN,NaN,NaN,NaN,NaN,NaN,NaN,NaN,NaN,NaN,NaN,NaN,NaN,-0.0001373067,-0.0001346531,-0.000132115,-0.0001295868,-0.000126929,-0.0001231523,-0.0001186894,-0.0001131058,-0.0001070587,-0.0001001915,-9.313399e-05,-8.550466e-05,-7.788035e-05,-6.985808e-05,-6.197915e-05,-5.3834e-05,-4.594087e-05,-3.788895e-05,-3.018076e-05,-2.240926e-05,-1.506598e-05,-7.748244e-06,-9.366244e-07,5.769002e-06,1.189798e-05,1.784684e-05,2.315493e-05,2.821848e-05,3.258988e-05,3.666805e-05,4.001961e-05,4.304697e-05,4.533256e-05,4.728547e-05,4.850611e-05,4.941134e-05,4.961982e-05,4.955626e-05,4.88575e-05,4.795575e-05,4.650449e-05,4.4941e-05,4.293301e-05,4.092025e-05,3.858161e-05,3.635515e-05,3.392638e-05,3.172679e-05,2.944433e-05,2.74991e-05,2.557722e-05,2.408258e-05,2.269558e-05,2.17993e-05,2.106465e-05,2.084822e-05,2.080686e-05,2.126199e-05,2.184494e-05,2.282027e-05,2.376532e-05,2.484907e-05,2.558512e-05,2.614964e-05,2.640376e-05,2.715431e-05,2.874919e-05,NaN,NaN,NaN,NaN,NaN,NaN,NaN,NaN,NaN,NaN,NaN,NaN,NaN,NaN
NaN,NaN,NaN,NaN,NaN,NaN,NaN,NaN,NaN,NaN,NaN,NaN,NaN,NaN,NaN,-0.0001791701,-0.000176034,-0.0001731816,-0.0001709857,-0.000168284,-0.0001642279,-0.0001587869,-0.0001519776,-0.0001441769,-0.0001354548,-0.0001261725,-0.0001163135,-0.0001061928,-9.572562e-05,-8.520098e-05,-7.449379e-05,-6.388668e-05,-5.323165e-05,-4.28138e-05,-3.246808e-05,-2.248212e-05,-1.267774e-05,-3.348237e-06,5.695547e-06,1.415678e-05,2.223775e-05,2.964164e-05,3.658457e-05,4.277009e-05,4.843014e-05,5.327351e-05,5.755204e-05,6.098299e-05,6.383965e-05,6.584889e-05,6.730708e-05,6.795311e-05,6.810727e-05,6.751973e-05,6.653358e-05,6.490876e-05,6.300908e-05,6.060125e-05,5.806569e-05,5.51708e-05,5.230897e-05,4.924514e-05,4.637798e-05,4.346222e-05,4.089672e-05,3.841952e-05,3.64242e-05,3.46257e-05,3.340726e-05,3.245411e-05,3.21329e-05,3.208867e-05,3.265729e-05,3.342008e-05,3.465035e-05,3.581512e-05,3.705982e-05,3.770726e-05,3.795964e-05,3.771665e-05,3.83551e-05,4.037897e-05,NaN,NaN,NaN,NaN,NaN,NaN,NaN,NaN,NaN,NaN,NaN,NaN,NaN,NaN
NaN,NaN,NaN,NaN,NaN,NaN,NaN,NaN,NaN,NaN,NaN,NaN,NaN,NaN,NaN,-0.0002053023,-0.0002021796,-0.0002009074,-0.0002007804,-0.0002003191,-0.0001974205,-0.0001926793,-0.0001855643,-0.0001772366,-0.0001672761,-0.0001567389,-0.0001450979,-0.0001332783,-0.0001206839,-0.0001081644,-9.510126e-05,-8.230303e-05,-6.914626e-05,-5.641523e-05,-4.349208e-05,-3.114461e-05,-1.876206e-05,-7.096241e-06,4.459592e-06,1.516819e-05,2.563056e-05,3.512444e-05,4.425014e-05,5.230493e-05,5.989343e-05,6.633472e-05,7.223943e-05,7.695144e-05,8.109285e-05,8.403615e-05,8.641717e-05,8.763817e-05,8.834935e-05,8.798295e-05,8.720363e-05,8.547172e-05,8.346269e-05,8.06617e-05,7.775139e-05,7.423679e-05,7.080151e-05,6.696358e-05,6.339964e-05,5.963385e-05,5.632835e-05,5.300607e-05,5.030632e-05,4.774404e-05,4.592717e-05,4.435411e-05,4.358877e-05,4.30994e-05,4.338067e-05,4.383315e-05,4.481618e-05,4.556813e-05,4.61846e-05,4.56956e-05,4.427029e-05,4.209107e-05,4.138207e-05,4.31425e-05,NaN,NaN,NaN,NaN,NaN,NaN,NaN,NaN,NaN,NaN,NaN,NaN,NaN,NaN
NaN,NaN,NaN,NaN,NaN,NaN,NaN,NaN,NaN,NaN,NaN,NaN,NaN,NaN,NaN,-0.0002269529,-0.0002249587,-0.0002273296,-0.0002331075,-0.0002378067,-0.0002389688,-0.0002364983,-0.0002306954,-0.0002224543,-0.0002121092,-0.0002003871,-0.000187356,-0.0001735667,-0.0001589179,-0.0001438767,-0.0001282622,-0.0001125183,-9.642821e-05,-8.04373e-05,-6.430713e-05,-4.848617e-05,-3.272073e-05,-1.746737e-05,-2.458927e-06,1.184278e-05,2.572073e-05,3.871329e-05,5.11205e-05,6.248118e-05,7.311594e-05,8.257164e-05,9.119578e-05,9.854874e-05,0.0001050086,0.0001101521,0.0001143911,0.0001173234,0.0001193975,0.0001202318,0.0001203111,0.0001192736,0.0001176381,0.0001150593,0.0001120852,0.0001083801,0.0001045152,0.0001001574,9.589275e-05,9.138109e-05,8.721422e-05,8.303465e-05,7.943095e-05,7.601736e-05,7.336896e-05,7.105704e-05,6.962554e-05,6.857374e-05,6.836802e-05,6.835873e-05,6.881704e-05,6.875947e-05,6.801328e-05,6.514096e-05,6.016903e-05,5.384746e-05,5.033714e-05,5.143147e-05,NaN,NaN,NaN,NaN,NaN,NaN,NaN,NaN,NaN,NaN,NaN,NaN,NaN,NaN
NaN,NaN,NaN,NaN,NaN,NaN,NaN,NaN,NaN,NaN,NaN,NaN,NaN,NaN,-0.0002327665,-0.0002340324,-0.0002353338,-0.0002485465,-0.0002686924,-0.0002868883,-0.0002978666,-0.0003025629,-0.0003009338,-0.0002953185,-0.0002856597,-0.0002738508,-0.0002593882,-0.0002437602,-0.0002262105,-0.0002080249,-0.0001883637,-0.0001684293,-0.0001473638,-0.000126335,-0.000104496,-8.299269e-05,-6.099308e-05,-3.962382e-05,-1.806088e-05,2.586581e-06,2.3131e-05,4.248262e-05,6.144955e-05,7.896686e-05,9.584682e-05,0.0001110547,0.000125411,0.0001379177,0.0001494142,0.000158947,0.0001673802,0.0001738098,0.0001791286,0.0001824841,0.0001848012,0.0001852789,0.0001848703,0.0001828237,0.0001801178,0.0001760435,0.0001715975,0.0001661046,0.0001605675,0.0001543346,0.0001484032,0.0001421319,0.0001364982,0.000130857,0.0001261469,0.0001216949,0.0001183629,0.0001153985,0.0001134927,0.0001116621,0.0001101719,0.0001074165,0.0001026857,9.344825e-05,7.923457e-05,6.219479e-05,5.081613e-05,4.922029e-05,5.412597e-05,NaN,NaN,NaN,NaN,NaN,NaN,NaN,NaN,NaN,NaN,NaN,NaN,NaN
NaN,NaN,NaN,NaN,NaN,NaN,NaN,NaN,NaN,NaN,NaN,NaN,NaN,NaN,-0.0002427544,-0.0002443235,-0.0002549227,-0.0002943224,-0.0003476515,-0.0003935726,-0.0004255713,-0.0004449806,-0.0004534402,-0.0004537653,-0.000447144,-0.0004356435,-0.0004195938,-0.0004004131,-0.0003779097,-0.0003531865,-0.0003258455,-0.0002968966,-0.0002658759,-0.0002337892,-0.000200156,-0.0001659843,-0.000130789,-9.559086e-05,-5.989491e-05,-2.473083e-05,1.040599e-05,4.448755e-05,7.803159e-05,0.0001100111,0.0001409669,0.0001698881,0.0001973514,0.0002223757,0.0002455871,0.0002660451,0.0002844363,0.000299875,0.0003131194,0.0003233429,0.000331382,0.0003364738,0.0003395329,0.0003398599,0.0003384458,0.0003346455,0.0003295196,0.0003224682,0.0003146066,0.0003053634,0.0002958929,0.0002856306,0.0002757483,0.0002656621,0.0002565304,0.0002477006,0.000240247,0.0002333359,0.0002277621,0.0002221872,0.0002166052,0.0002083314,0.0001953117,0.0001725015,0.0001376547,9.511215e-05,6.434239e-05,5.629603e-05,6.093938e-05,NaN,NaN,NaN,NaN,NaN,NaN,NaN,NaN,NaN,NaN,NaN,NaN,NaN
NaN,NaN,NaN,NaN,NaN,NaN,NaN,NaN,NaN,NaN,NaN,NaN,NaN,NaN,-0.0002403774,-0.0002453559,-0.0002820564,-0.0003863215,-0.0005044945,-0.0005991459,-0.0006668858,-0.0007143185,-0.0007428862,-0.0007577367,-0.0007593567,-0.0007520107,-0.0007352089,-0.0007122313,-0.0006818616,-0.0006468116,-0.0006056065,-0.0005607553,-0.0005107373,-0.000458019,-0.0004011236,-0.0003424912,-0.0002806986,-0.0002181696,-0.0001535071,-8.911939e-05,-2.364772e-05,4.052632e-05,0.0001047367,0.0001666323,0.0002275454,0.0002851753,0.0003408678,0.0003923953,0.0004411519,0.000485009,0.0005254309,0.0005604137,0.0005915154,0.0006168691,0.0006381468,0.000653633,0.0006651145,0.0006710339,0.0006733006,0.0006705057,0.000664674,0.0006545348,0.0006422039,0.0006265265,0.0006096861,0.0005906087,0.0005715066,0.0005513433,0.000532299,0.0005132825,0.000496301,0.0004800003,0.00046584,0.0004515973,0.0004371874,0.0004178641,0.0003892893,0.0003409631,0.0002643764,0.0001629277,8.024662e-05,5.30802e-05,5.520791e-05,NaN,NaN,NaN,NaN,NaN,NaN,NaN,NaN,NaN,NaN,NaN,NaN,NaN
NaN,NaN,NaN,NaN,NaN,NaN,NaN,NaN,NaN,NaN,NaN,NaN,NaN,NaN,-0.0002475644,-0.0002602135,-0.0003698132,-0.0005995636,-0.0007976629,-0.0009401637,-0.001048583,-0.001133447,-0.00119433,-0.00123469,-0.001254547,-0.001258333,-0.001245971,-0.00122123,-0.001183225,-0.001135077,-0.001075545,-0.001007554,-0.0009297926,-0.0008452161,-0.0007525681,-0.0006548211,-0.0005507846,-0.0004434682,-0.000331703,-0.0002185261,-0.0001028043,1.242691e-05,0.0001282767,0.0002417032,0.0003538252,0.0004616368,0.0005663013,0.000664892,0.0007586725,0.0008448382,0.0009247942,0.0009959129,0.00105979,0.001114,0.001160368,0.001196703,0.001225076,0.001243552,0.001254465,0.001256127,0.001251137,0.001238044,0.001219682,0.001194805,0.001166445,0.001133507,0.001099164,0.001062394,0.001026416,0.0009901294,0.0009565708,0.0009242229,0.0008953577,0.0008671105,0.0008395356,0.0008059078,0.0007595376,0.0006824718,0.000552493,0.0003518782,0.0001475535,6.558938e-05,6.205529e-05,NaN,NaN,NaN,NaN,NaN,NaN,NaN,NaN,NaN,NaN,NaN,NaN,NaN
NaN,NaN,NaN,NaN,NaN,NaN,NaN,NaN,NaN,NaN,NaN,NaN,NaN,NaN,-0.0002434705,-0.0002847296,-0.0005675661,-0.0009276192,-0.001136599,-0.001289372,-0.001428517,-0.001557088,-0.001661753,-0.001742391,-0.001794166,-0.001822831,-0.001826142,-0.001810125,-0.00177218,-0.001717668,-0.00164377,-0.001555607,-0.001450408,-0.001333334,-0.001201812,-0.001061007,-0.0009085322,-0.0007495697,-0.0005818242,-0.000410488,-0.0002333929,-5.57064e-05,0.0001246375,0.0003024866,0.0004798624,0.0006516813,0.0008199631,0.0009797562,0.001133174,0.001275472,0.001408923,0.001529072,0.001638432,0.001732883,0.001815253,0.001881817,0.001935743,0.001973747,0.001999387,0.002009817,0.002008996,0.00199452,0.00197071,0.001935566,0.001893732,0.00184354,0.001789871,0.00173129,0.001672782,0.001612923,0.001556489,0.001501638,0.001452182,0.001404746,0.001360541,0.001311882,0.001252128,0.001159336,0.0009999123,0.0007139804,0.0003125746,7.92151e-05,5.514507e-05,NaN,NaN,NaN,NaN,NaN,NaN,NaN,NaN,NaN,NaN,NaN,NaN,NaN
NaN,NaN,NaN,NaN,NaN,NaN,NaN,NaN,NaN,NaN,NaN,NaN,NaN,NaN,-0.0002533675,-0.0003824144,-0.000924678,-0.001235984,-0.001354643,-0.001490514,-0.001660738,-0.001841482,-0.002003385,-0.002138018,-0.002237138,-0.002304891,-0.002338909,-0.002345029,-0.002321009,-0.002272196,-0.002196199,-0.002098238,-0.001976022,-0.001834957,-0.001673017,-0.001495684,-0.001301168,-0.001095056,-0.0008756564,-0.0006486371,-0.0004124538,-0.0001727949,7.175789e-05,0.0003154592,0.0005596716,0.0007986705,0.001033825,0.00125952,0.001477255,0.001681618,0.001874331,0.00205031,0.002211619,0.002353565,0.00247866,0.002582704,0.002668705,0.00273303,0.002779273,0.002804372,0.002812542,0.002801324,0.002775516,0.002733224,0.0026798,0.002613821,0.002541098,0.002460555,0.002378297,0.002293316,0.002211624,0.002131763,0.002058777,0.001989538,0.001926552,0.001862487,0.001792528,0.001695681,0.001538643,0.001241694,0.0006952334,0.0001535221,6.404328e-05,NaN,NaN,NaN,NaN,NaN,NaN,NaN,NaN,NaN,NaN,NaN,NaN,NaN
NaN,NaN,NaN,NaN,NaN,NaN,NaN,NaN,NaN,NaN,NaN,NaN,NaN,-0.0002357421,-0.0002568309,-0.0006218176,-0.001241024,-0.001304441,-0.001308552,-0.001436713,-0.001651462,-0.001899612,-0.002133433,-0.002337941,-0.002499632,-0.002622827,-0.002703141,-0.002747889,-0.002753329,-0.002726408,-0.002663397,-0.002571153,-0.002446185,-0.002295611,-0.00211637,-0.001915686,-0.001690869,-0.001449256,-0.001188331,-0.0009155227,-0.0006285661,-0.0003349146,-3.252779e-05,0.0002710711,0.0005777874,0.0008801104,0.00117987,0.001469673,0.001751435,0.002018004,0.002271498,0.002505162,0.002721468,0.002914143,0.003086168,0.003231893,0.003354877,0.003450206,0.003522156,0.00356658,0.003588539,0.003584711,0.003560922,0.003514654,0.003452481,0.003372594,0.00328221,0.00318009,0.003073909,0.002962652,0.002853993,0.002746554,0.00264703,0.002552378,0.002466878,0.002383644,0.002300578,0.002199022,0.00205139,0.001781589,0.001234484,0.000353748,6.192708e-05,6.215169e-05,NaN,NaN,NaN,NaN,NaN,NaN,NaN,NaN,NaN,NaN,NaN,NaN
NaN,NaN,NaN,NaN,NaN,NaN,NaN,NaN,NaN,NaN,NaN,NaN,NaN,-0.0002441135,-0.0002939657,-0.001030635,-0.001311786,-0.001083825,-0.0009951696,-0.001131789,-0.001407658,-0.001735745,-0.002055706,-0.002342466,-0.002581202,-0.00277308,-0.002914845,-0.003012237,-0.003062754,-0.003072114,-0.003037738,-0.002965501,-0.002853046,-0.002706765,-0.002524754,-0.002313666,-0.002071989,-0.001806631,-0.001516244,-0.001207941,-0.0008806352,-0.0005415488,-0.0001898502,0.0001670524,0.0005298249,0.0008909728,0.001251062,0.001602639,0.001946348,0.002274913,0.002589192,0.002882282,0.003155449,0.003402268,0.003624602,0.003816695,0.003981112,0.004112929,0.004215602,0.0042851,0.004325887,0.004334928,0.004317709,0.004272192,0.004204896,0.004114687,0.00400902,0.003887505,0.003758347,0.003621487,0.003485363,0.003349567,0.003221725,0.003099668,0.002989024,0.00288403,0.002785415,0.002677244,0.002539177,0.002301822,0.001818618,0.0008178184,9.169077e-05,6.945228e-05,NaN,NaN,NaN,NaN,NaN,NaN,NaN,NaN,NaN,NaN,NaN,NaN
NaN,NaN,NaN,NaN,NaN,NaN,NaN,NaN,NaN,NaN,NaN,NaN,NaN,-0.0002409022,-0.0003883264,-0.001298475,-0.001028249,-0.0005403085,-0.0003868571,-0.0005535364,-0.0009057653,-0.001328306,-0.001746308,-0.002128786,-0.002456822,-0.002731666,-0.002948279,-0.003113582,-0.003223518,-0.003285076,-0.003294204,-0.003258109,-0.003173117,-0.003047047,-0.002876874,-0.002670702,-0.002426066,-0.002151333,-0.001844309,-0.001513566,-0.001157315,-0.0007842261,-0.0003929154,7.746509e-06,0.00041884,0.0008313911,0.00124622,0.001654386,0.002056651,0.002444265,0.00281809,0.003169788,0.003500536,0.003802543,0.004077544,0.004318536,0.004527948,0.004699781,0.004837411,0.004935961,0.004999929,0.005025723,0.005019006,0.004977513,0.004908118,0.004809823,0.004690633,0.00455065,0.004398795,0.004235805,0.004070924,0.003904793,0.003745882,0.003593265,0.003453686,0.003323189,0.003205027,0.003086983,0.002955938,0.002749789,0.002339891,0.001413362,0.0001602224,5.959835e-05,NaN,NaN,NaN,NaN,NaN,NaN,NaN,NaN,NaN,NaN,NaN,NaN
NaN,NaN,NaN,NaN,NaN,NaN,NaN,NaN,NaN,NaN,NaN,NaN,NaN,-0.0002565043,-0.0006770164,-0.00122523,-0.0004156512,0.0002858987,0.0004755707,0.0002581608,-0.0001838309,-0.0007113368,-0.001236723,-0.001723798,-0.002150958,-0.002518665,-0.00282146,-0.00306599,-0.003248058,-0.003374275,-0.003440596,-0.003453842,-0.003410524,-0.003318156,-0.003174091,-0.002986178,-0.002752485,-0.002481163,-0.00217064,-0.001829302,-0.001456091,-0.001059516,-0.0006390425,-0.0002034549,0.0002473532,0.0007044147,0.001167445,0.00162744,0.002083937,0.002528048,0.0029593,0.003369175,0.003757446,0.004116125,0.004445508,0.004738433,0.004995903,0.005211876,0.00538839,0.00552069,0.005612079,0.005659332,0.005667125,0.005633881,0.005565737,0.005462723,0.005332342,0.005176089,0.005002617,0.004814405,0.004620566,0.004423779,0.004232395,0.004047869,0.003877092,0.003719439,0.003579545,0.003451013,0.0033259,0.003152763,0.002818477,0.002012336,0.0004289,7.160375e-05,NaN,NaN,NaN,NaN,NaN,NaN,NaN,NaN,NaN,NaN,NaN,NaN
NaN,NaN,NaN,NaN,NaN,NaN,NaN,NaN,NaN,NaN,NaN,NaN,NaN,-0.0002625524,-0.00106344,-0.0007500487,0.0005467927,0.001402458,0.001598402,0.001306014,0.0007624842,0.0001185135,-0.0005209002,-0.001121621,-0.001654891,-0.002125392,-0.00252308,-0.002858305,-0.00312294,-0.003326667,-0.003461977,-0.003538406,-0.003549461,-0.003505203,-0.003400399,-0.003245302,-0.00303572,-0.002782087,-0.002480794,-0.002142418,-0.001764106,-0.001356479,-0.0009174462,-0.0004578782,2.366276e-05,0.0005161167,0.001020275,0.001525022,0.002030733,0.002526391,0.003012144,0.003477336,0.003922166,0.004336537,0.004721024,0.005066446,0.005373994,0.00563576,0.005853964,0.006022227,0.006144108,0.006215098,0.006240252,0.006217121,0.006152395,0.006045723,0.005905334,0.005732859,0.005537802,0.005323287,0.005099257,0.0048696,0.004643349,0.004423898,0.004218769,0.004030829,0.00386593,0.003724819,0.003602723,0.003463253,0.003200431,0.002528392,0.0009741141,7.162683e-05,NaN,NaN,NaN,NaN,NaN,NaN,NaN,NaN,NaN,NaN,NaN,NaN
NaN,NaN,NaN,NaN,NaN,NaN,NaN,NaN,NaN,NaN,NaN,NaN,-0.0002345619,-0.0002935112,-0.00117194,8.140014e-05,0.001793043,0.002747729,0.002914916,0.002529035,0.001872061,0.001106629,0.0003480501,-0.0003689754,-0.001013384,-0.001590576,-0.002089811,-0.002521612,-0.002877336,-0.003166343,-0.00338073,-0.003529563,-0.003606219,-0.003620361,-0.003566813,-0.003455439,-0.003282222,-0.003057283,-0.002777287,-0.002452571,-0.002080621,-0.001671869,-0.001224658,-0.0007498271,-0.0002464862,0.0002741701,0.0008122597,0.001356358,0.001906024,0.002449734,0.002986698,0.003505582,0.004005544,0.004475659,0.004915418,0.005314739,0.005673757,0.005983655,0.006245704,0.006452715,0.006607528,0.006705037,0.006749876,0.006739252,0.006679785,0.006571147,0.006421904,0.006234081,0.006017847,0.005777023,0.00552244,0.005259078,0.004997002,0.004741284,0.004500731,0.004281354,0.004091077,0.003937413,0.003819005,0.003714966,0.003523535,0.002999407,0.001644582,0.0001028783,7.801658e-05,NaN,NaN,NaN,NaN,NaN,NaN,NaN,NaN,NaN,NaN,NaN
NaN,NaN,NaN,NaN,NaN,NaN,NaN,NaN,NaN,NaN,NaN,NaN,-0.0002328444,-0.0003654094,-0.0007789257,0.001291704,0.003321273,0.004317555,0.004417253,0.0039182,0.003136344,0.002244086,0.001362968,0.0005270219,-0.0002312311,-0.0009188549,-0.00152392,-0.002058015,-0.002510898,-0.002892717,-0.003193937,-0.003424375,-0.003575822,-0.003658732,-0.003666484,-0.003609889,-0.003483619,-0.003298797,-0.003050772,-0.002750934,-0.002395564,-0.001996266,-0.001550293,-0.00106978,-0.0005528505,-1.218545e-05,0.0005531255,0.00112997,0.001718526,0.002305365,0.002890139,0.003459399,0.004012602,0.00453655,0.005030945,0.005483312,0.005893988,0.00625178,0.0065583,0.006804075,0.006992476,0.007116296,0.007181065,0.007182239,0.007127769,0.0070159,0.006856904,0.006651714,0.006412678,0.00614289,0.005855687,0.005555562,0.005255319,0.004960019,0.004681848,0.004428132,0.0042114,0.004043355,0.00392883,0.00385837,0.003738239,0.003362393,0.002204237,0.000164829,6.531612e-05,NaN,NaN,NaN,NaN,NaN,NaN,NaN,NaN,NaN,NaN,NaN
NaN,NaN,NaN,NaN,NaN,NaN,NaN,NaN,NaN,NaN,NaN,NaN,-0.0002534142,-0.0005994283,2.657589e-05,0.00281186,0.005049351,0.006034011,0.006025892,0.005399046,0.004481351,0.003462457,0.00245686,0.001504972,0.0006318529,-0.0001644194,-0.0008776138,-0.001514251,-0.002068387,-0.002545377,-0.002939197,-0.003255296,-0.003488621,-0.003645773,-0.003723021,-0.003727707,-0.003657149,-0.003519378,-0.003312197,-0.003044246,-0.002714089,-0.002330872,-0.001894032,-0.001413632,-0.0008899492,-0.0003339906,0.0002529887,0.0008591493,0.001482449,0.0021103,0.002740087,0.003358798,0.003963605,0.004541385,0.005089599,0.005595581,0.006057582,0.006464039,0.006814752,0.007099829,0.007321268,0.007471518,0.007555289,0.007567811,0.007516873,0.007400682,0.007230081,0.007006077,0.006742312,0.006441916,0.006120225,0.005781672,0.005441896,0.005105839,0.004789889,0.004501687,0.00426032,0.004078935,0.003972235,0.003935403,0.003891907,0.00365839,0.002702653,0.0004513281,7.803988e-05,NaN,NaN,NaN,NaN,NaN,NaN,NaN,NaN,NaN,NaN,NaN
NaN,NaN,NaN,NaN,NaN,NaN,NaN,NaN,NaN,NaN,NaN,NaN,-0.0002572418,-0.0007999547,0.001250003,0.004639014,0.00697582,0.007887412,0.007733598,0.006959725,0.00589738,0.004748631,0.003618692,0.002551264,0.001564431,0.0006593178,-0.000162035,-0.0009028977,-0.001559894,-0.00213534,-0.00262493,-0.003031402,-0.003351088,-0.003588332,-0.003740564,-0.003813165,-0.003804408,-0.003720659,-0.003560567,-0.003331389,-0.003032449,-0.002671737,-0.002249439,-0.001774797,-0.001248902,-0.0006822887,-7.716078e-05,0.0005547435,0.001210258,0.001876509,0.002549608,0.003215899,0.003871129,0.00450123,0.0051022,0.005660254,0.006172256,0.00662542,0.007018348,0.007340015,0.007591655,0.007764803,0.007863909,0.007883483,0.007831651,0.007706246,0.007519209,0.007271395,0.006978176,0.006642451,0.006281952,0.005900833,0.005518141,0.005138431,0.004783038,0.004459178,0.004193633,0.003999034,0.003902244,0.003897669,0.003933311,0.003830414,0.003101885,0.001064074,7.635048e-05,NaN,NaN,NaN,NaN,NaN,NaN,NaN,NaN,NaN,NaN,NaN
NaN,NaN,NaN,NaN,NaN,NaN,NaN,NaN,NaN,NaN,NaN,NaN,-0.0002736965,-0.0005294906,0.002828782,0.006680804,0.009017412,0.009794014,0.009459921,0.008522665,0.007309021,0.006030257,0.0047771,0.00359749,0.002499202,0.00148858,0.0005604866,-0.0002824914,-0.001042219,-0.001715245,-0.002301681,-0.002798903,-0.003207193,-0.003525861,-0.003755978,-0.003898325,-0.003954662,-0.003927062,-0.003817413,-0.003628944,-0.003364145,-0.003027335,-0.002621869,-0.00215368,-0.001627059,-0.001049673,-0.0004270811,0.0002313976,0.0009190829,0.001625047,0.00234172,0.003056953,0.003762725,0.004446137,0.005099403,0.005709634,0.006270068,0.006768782,0.007201115,0.007556953,0.007834678,0.008026894,0.008135913,0.008157697,0.008099005,0.00795933,0.007749871,0.007473277,0.007145034,0.006769916,0.006366517,0.00594055,0.005512796,0.005089146,0.004694527,0.004337426,0.00405108,0.003848216,0.003766404,0.003797563,0.003915401,0.003937533,0.003456982,0.001790752,0.0001001159,NaN,NaN,NaN,NaN,NaN,NaN,NaN,NaN,NaN,NaN,NaN
NaN,NaN,NaN,NaN,NaN,NaN,NaN,NaN,NaN,NaN,NaN,-0.0002194556,-0.000271248,0.0003663136,0.004792645,0.008933734,0.01117894,0.01175215,0.01120747,0.0100845,0.008714057,0.007299249,0.005924864,0.004631522,0.003424744,0.002307567,0.001275107,0.0003287838,-0.000532017,-0.001304277,-0.001986683,-0.00257671,-0.00307329,-0.003475681,-0.003783748,-0.003998172,-0.004119673,-0.00415018,-0.004090675,-0.00394425,-0.003712716,-0.003400337,-0.00301008,-0.002547989,-0.002018294,-0.001429024,-0.0007861041,-9.949807e-05,0.0006233164,0.001370478,0.00213323,0.002898238,0.003655966,0.004392207,0.00509748,0.005757605,0.006364112,0.006903979,0.007371016,0.007754407,0.008051351,0.008254266,0.008364773,0.008379254,0.008304318,0.008140492,0.007899284,0.007584833,0.007213356,0.006791433,0.006338704,0.005862875,0.005386219,0.004916928,0.004482474,0.004094062,0.003789115,0.003582504,0.003518301,0.003588784,0.003786379,0.003930504,0.003692383,0.002333887,0.0001082988,7.667195e-05,NaN,NaN,NaN,NaN,NaN,NaN,NaN,NaN,NaN,NaN
NaN,NaN,NaN,NaN,NaN,NaN,NaN,NaN,NaN,NaN,NaN,-0.0002413515,-0.0003197825,0.001729261,0.007052056,0.01131058,0.01337634,0.01368542,0.01290145,0.0115744,0.01004077,0.008486317,0.006991389,0.005584814,0.004271287,0.003048706,0.001913697,0.0008656058,-9.439344e-05,-0.0009641667,-0.001740694,-0.00242156,-0.003004365,-0.003488201,-0.003871923,-0.004155689,-0.004339395,-0.004424335,-0.004411056,-0.004302043,-0.004098938,-0.003805344,-0.003424424,-0.002961806,-0.002422418,-0.00181414,-0.001144052,-0.0004222518,0.0003421058,0.001136708,0.001950692,0.002770066,0.003582838,0.004374049,0.005131626,0.00584081,0.006490597,0.007067646,0.007563416,0.007967338,0.008274792,0.008479198,0.008580828,0.008577637,0.008475354,0.008276916,0.007993529,0.007632338,0.007209373,0.006734418,0.006226998,0.005698527,0.005171481,0.004658315,0.004187034,0.003773651,0.003456525,0.00325527,0.003215129,0.003333029,0.003610658,0.003879355,0.003867797,0.002775839,0.000185939,8.519964e-05,NaN,NaN,NaN,NaN,NaN,NaN,NaN,NaN,NaN,NaN
NaN,NaN,NaN,NaN,NaN,NaN,NaN,NaN,NaN,NaN,NaN,-0.000246107,-0.0003555194,0.003555104,0.009614384,0.01382396,0.01562256,0.01560548,0.01455334,0.01300084,0.01129692,0.009593676,0.007975908,0.00645004,0.005029322,0.003697346,0.002460538,0.001307914,0.0002503664,-0.00071834,-0.001586253,-0.002358199,-0.003023568,-0.003587746,-0.004042051,-0.004392377,-0.004631826,-0.004766938,-0.004792002,-0.004714383,-0.00453019,-0.00424779,-0.003865569,-0.003393854,-0.002833525,-0.00219727,-0.001488962,-0.0007236213,9.205357e-05,0.0009407406,0.001813367,0.002690931,0.003562758,0.004409101,0.005218916,0.005973049,0.006661518,0.007267319,0.007783164,0.008195681,0.008501737,0.008692942,0.008771546,0.008734864,0.008590921,0.008342952,0.008004417,0.007583625,0.007098774,0.006561621,0.005993349,0.005408061,0.004829276,0.004273319,0.003768616,0.003336407,0.003013885,0.00282675,0.002816152,0.002987958,0.003341941,0.003735219,0.003922544,0.00310744,0.0004664799,7.608012e-05,NaN,NaN,NaN,NaN,NaN,NaN,NaN,NaN,NaN,NaN
NaN,NaN,NaN,NaN,NaN,NaN,NaN,NaN,NaN,NaN,NaN,-0.0002649959,4.202064e-06,0.005788748,0.01237225,0.01639211,0.01783269,0.01744145,0.01609046,0.0142978,0.01241199,0.01055408,0.008806861,0.007158288,0.005626082,0.004183151,0.002842462,0.001585759,0.0004308144,-0.0006343091,-0.001591206,-0.002449583,-0.003192833,-0.003830527,-0.004348407,-0.004756165,-0.005041897,-0.005215687,-0.005267273,-0.005207422,-0.005028311,-0.004741778,-0.004342991,-0.003845927,-0.003248954,-0.002568692,-0.001807268,-0.0009839038,-0.0001042169,0.0008100722,0.001750442,0.002693448,0.003628683,0.004532193,0.005393163,0.006188702,0.006909318,0.007535062,0.008059656,0.008467729,0.008757653,0.008920052,0.00895935,0.008873019,0.008671729,0.008359713,0.007953016,0.007461615,0.006906184,0.006300845,0.00566872,0.005026793,0.004399601,0.003807335,0.00327836,0.002839023,0.002523779,0.002364262,0.002393936,0.002629133,0.003059991,0.003578906,0.003940851,0.003441521,0.001204924,9.797657e-05,NaN,NaN,NaN,NaN,NaN,NaN,NaN,NaN,NaN,NaN
NaN,NaN,NaN,NaN,NaN,NaN,NaN,NaN,NaN,NaN,NaN,-0.0002511538,0.001244343,0.008487428,0.01533104,0.01902839,0.02002062,0.01921083,0.01753035,0.01547852,0.01339476,0.01137002,0.0094831,0.007702855,0.006051492,0.004490606,0.003041393,0.001677139,0.0004240404,-0.0007374583,-0.001780636,-0.002721966,-0.003536757,-0.004240957,-0.004812637,-0.005267468,-0.005586253,-0.005784961,-0.005846658,-0.005788083,-0.005595329,-0.005286295,-0.004850838,-0.004309366,-0.00365576,-0.002913398,-0.002080677,-0.001183885,-0.000225625,0.0007651917,0.001782629,0.002796152,0.003797698,0.004756629,0.005664683,0.006493129,0.007235446,0.007866713,0.008384173,0.008768784,0.00902333,0.009136057,0.009116304,0.008960018,0.008683126,0.008289413,0.007800346,0.007226028,0.006591963,0.005912621,0.005215231,0.004517753,0.003847929,0.003227563,0.002686379,0.002252765,0.001959011,0.001839312,0.001919592,0.002223969,0.002731599,0.003369685,0.003883366,0.003709022,0.002001206,0.0001007147,NaN,NaN,NaN,NaN,NaN,NaN,NaN,NaN,NaN,NaN
NaN,NaN,NaN,NaN,NaN,NaN,NaN,NaN,NaN,NaN,NaN,-0.0002468321,0.003118334,0.01154416,0.01838268,0.02163773,0.02209365,0.02082952,0.01878767,0.01646485,0.01416523,0.01196544,0.009923705,0.008004805,0.006223017,0.004540914,0.002976834,0.001505917,0.0001531798,-0.001099332,-0.002225217,-0.003239592,-0.004117488,-0.004873795,-0.005486042,-0.005969176,-0.006303408,-0.006504457,-0.006554983,-0.006472138,-0.006241945,-0.005883319,-0.005386484,-0.004773648,-0.004039674,-0.003210541,-0.002286077,-0.001295696,-0.0002437219,0.0008374255,0.001940029,0.003030043,0.004097986,0.005110078,0.006057282,0.006908441,0.007657322,0.008277614,0.008767986,0.009109039,0.009306059,0.009347992,0.00924774,0.009002679,0.008632846,0.00814382,0.007561333,0.006897348,0.006181401,0.005429476,0.004672279,0.003928993,0.003230151,0.002598353,0.002064544,0.001656763,0.00140537,0.00134282,0.001489243,0.00187031,0.00245911,0.003207171,0.003860277,0.003983033,0.002651822,0.00012657,NaN,NaN,NaN,NaN,NaN,NaN,NaN,NaN,NaN,NaN
NaN,NaN,NaN,NaN,NaN,NaN,NaN,NaN,NaN,NaN,-0.0002260209,-0.000223082,0.005515306,0.0149423,0.02152904,0.0242168,0.024054,0.02229663,0.0198634,0.01725349,0.01471911,0.01232997,0.01011607,0.008046096,0.006121315,0.004310835,0.002625485,0.001046473,-0.0004059724,-0.001744737,-0.002946938,-0.004023664,-0.00495227,-0.005744169,-0.006378591,-0.00686799,-0.007194261,-0.007371455,-0.007383735,-0.007247442,-0.006950467,-0.006512027,-0.005924687,-0.00521185,-0.004371122,-0.003430606,-0.00239327,-0.00129127,-0.0001320928,0.001048856,0.002240935,0.003407249,0.00453614,0.005591619,0.006563516,0.007419365,0.008153202,0.008738694,0.009176325,0.009447774,0.009561215,0.009507552,0.009303745,0.008949882,0.008470594,0.00787404,0.007190241,0.006433371,0.00563704,0.004818916,0.004013055,0.003239293,0.002530462,0.001908673,0.001405488,0.001046249,0.0008587773,0.0008702549,0.001095926,0.00155801,0.002227543,0.003070181,0.003845074,0.004210601,0.003129752,0.0001491886,8.807241e-05,NaN,NaN,NaN,NaN,NaN,NaN,NaN,NaN,NaN
NaN,NaN,NaN,NaN,NaN,NaN,NaN,NaN,NaN,NaN,-0.0002528644,-0.0001347827,0.008355431,0.0185318,0.02462998,0.02662637,0.02577322,0.02349544,0.02064623,0.01773663,0.01494711,0.01235808,0.009955667,0.007728003,0.005648721,0.003708414,0.001897336,0.0002162509,-0.001332413,-0.002744156,-0.004011645,-0.005130205,-0.006091053,-0.006891445,-0.007523298,-0.007986344,-0.008274547,-0.008390937,-0.008331441,-0.008102909,-0.007704782,-0.007148362,-0.006437999,-0.005590711,-0.004615886,-0.003536336,-0.002366668,-0.001134651,0.0001410128,0.00142908,0.00270867,0.003947228,0.005124108,0.006208386,0.007182785,0.008021069,0.008712023,0.009236439,0.00959139,0.009766853,0.009769379,0.009598723,0.009271144,0.008795329,0.008195822,0.0074889,0.006704533,0.005863701,0.004999494,0.004134816,0.003302795,0.002526668,0.001837567,0.001258417,0.0008176286,0.0005376073,0.0004409386,0.0005478036,0.0008684309,0.001417622,0.002168937,0.00309105,0.003970828,0.004517369,0.003648998,0.0003552255,0.0001004583,NaN,NaN,NaN,NaN,NaN,NaN,NaN,NaN,NaN
NaN,NaN,NaN,NaN,NaN,NaN,NaN,NaN,NaN,NaN,-0.0002490106,0.0007904579,0.01177514,0.02226066,0.0276528,0.02881801,0.02721762,0.02438358,0.02110258,0.01787489,0.0148167,0.01201165,0.009409056,0.007012882,0.004773548,0.002700617,0.0007665047,-0.001010247,-0.002643491,-0.004112706,-0.005425353,-0.006561831,-0.007526909,-0.008304359,-0.008899118,-0.009298742,-0.009509855,-0.009524815,-0.009352394,-0.008990508,-0.008451596,-0.007739347,-0.00687125,-0.005858106,-0.0047227,-0.003482651,-0.002165606,-0.0007944969,0.0005997029,0.001990699,0.003346596,0.004640547,0.005842673,0.006928921,0.007874814,0.008662472,0.009275701,0.009704978,0.009944216,0.00999404,0.009859251,0.009550742,0.009083742,0.008477512,0.007755491,0.006943483,0.006069934,0.005163762,0.004255568,0.003374029,0.002548911,0.001806968,0.001175044,0.0006763403,0.0003332702,0.0001639702,0.0001837131,0.0004041124,0.0008306766,0.001467963,0.002296192,0.003276551,0.004236104,0.00489024,0.004249386,0.001121299,9.881562e-05,NaN,NaN,NaN,NaN,NaN,NaN,NaN,NaN,NaN
NaN,NaN,NaN,NaN,NaN,NaN,NaN,NaN,NaN,NaN,-0.0002423218,0.003317587,0.01569272,0.02591911,0.03040118,0.03059935,0.02820936,0.02478821,0.02106982,0.01751353,0.01418331,0.01115356,0.008347405,0.00577981,0.003384707,0.001186777,-0.0008563934,-0.002710954,-0.004405275,-0.005904045,-0.007229196,-0.008346913,-0.009275963,-0.009986612,-0.01049804,-0.01078558,-0.01087058,-0.01073431,-0.01040075,-0.009858206,-0.009134967,-0.008226327,-0.007165893,-0.005957019,-0.004638846,-0.003222222,-0.001750577,-0.0002398136,0.001264532,0.002743853,0.004153341,0.005475215,0.006669052,0.007721514,0.008599765,0.009298251,0.009794885,0.01009411,0.01018581,0.01008508,0.009793391,0.00933606,0.00872548,0.007994538,0.007163174,0.006268776,0.005335034,0.004400303,0.003489335,0.002637744,0.001868208,0.001211356,0.000685752,0.0003147065,0.0001110614,8.832871e-05,0.0002521545,0.000605322,0.001148495,0.001874527,0.002772872,0.003789493,0.004801082,0.00549578,0.005093288,0.002507671,0.000132716,NaN,NaN,NaN,NaN,NaN,NaN,NaN,NaN,NaN
NaN,NaN,NaN,NaN,NaN,NaN,NaN,NaN,NaN,NaN,-0.0002002663,0.00669468,0.01997079,0.0294073,0.03276101,0.03185955,0.02865443,0.02462409,0.02047561,0.01657941,0.01298235,0.009720867,0.006720765,0.003983914,0.001451019,-0.0008585677,-0.002982386,-0.004889581,-0.006606202,-0.008098593,-0.009388347,-0.01044263,-0.01128108,-0.01187433,-0.0122438,-0.0123658,-0.01226608,-0.01192755,-0.01137962,-0.01061224,-0.009660405,-0.008522078,-0.007238949,-0.005816935,-0.004303152,-0.002710195,-0.001089268,0.0005429583,0.002134414,0.003667963,0.005094125,0.006398732,0.007538684,0.008506997,0.009270712,0.009832982,0.01017307,0.01030535,0.0102222,0.00994972,0.009492147,0.008885194,0.00814285,0.00730687,0.006397347,0.005458498,0.004512004,0.003600446,0.002744438,0.001981356,0.001327848,0.0008134433,0.0004488005,0.0002529749,0.0002293551,0.0003838079,0.0007128411,0.001209798,0.001871169,0.002679306,0.003631063,0.004658124,0.0056781,0.006352414,0.006110053,0.003772876,0.0001431303,NaN,NaN,NaN,NaN,NaN,NaN,NaN,NaN,NaN
NaN,NaN,NaN,NaN,NaN,NaN,NaN,NaN,NaN,-0.0002053315,-0.0001646387,0.01030938,0.02423885,0.03243592,0.03444227,0.03234179,0.0283118,0.02367397,0.01911618,0.01488808,0.01104318,0.007561778,0.00439291,0.00150873,-0.00112681,-0.003514181,-0.005671981,-0.007585934,-0.009268279,-0.01069924,-0.01188925,-0.01281726,-0.01349501,-0.01390478,-0.01406287,-0.01395625,-0.01360728,-0.01300955,-0.01219195,-0.01115562,-0.009936351,-0.00854247,-0.00701705,-0.005375893,-0.00366805,-0.001914579,-0.000167392,0.0015508,0.003188879,0.004726298,0.006116845,0.00734618,0.008376983,0.009204825,0.009804451,0.01018395,0.01033189,0.01026887,0.009996721,0.009547603,0.008934382,0.008197811,0.007358592,0.006461126,0.00552953,0.004607879,0.003719311,0.002903325,0.002179341,0.001578686,0.001114826,0.000808472,0.0006655441,0.0006934157,0.0008901185,0.001247797,0.001759591,0.002404808,0.003182082,0.004059672,0.005046083,0.006053883,0.007036196,0.007628443,0.007422433,0.004975552,0.0001920981,0.0001225715,NaN,NaN,NaN,NaN,NaN,NaN,NaN,NaN
NaN,NaN,NaN,NaN,NaN,NaN,NaN,NaN,NaN,-0.0002068563,0.0001156007,0.01427722,0.0282669,0.03479854,0.03526121,0.03189807,0.02705293,0.02182435,0.01689359,0.01235753,0.008303184,0.004628566,0.00133517,-0.001659101,-0.004340757,-0.006755953,-0.008880249,-0.01074028,-0.01231114,-0.01361108,-0.01461842,-0.01534757,-0.01578175,-0.01593684,-0.01580464,-0.01540508,-0.01473942,-0.01383304,-0.0126962,-0.01136079,-0.009846102,-0.008189875,-0.00641953,-0.004578079,-0.002698884,-0.0008273757,0.00100146,0.002744237,0.004368817,0.005837857,0.007126436,0.008207334,0.009066848,0.0096909,0.01007916,0.01023217,0.01016393,0.009888388,0.009431886,0.008818984,0.008084604,0.007259922,0.006384626,0.005490736,0.004617611,0.003793538,0.003053376,0.002417891,0.001915287,0.001555563,0.001358721,0.001321991,0.001456582,0.001745072,0.002191095,0.002762113,0.003460059,0.004241631,0.005119287,0.006039461,0.007029745,0.007976454,0.008865672,0.009306294,0.008996953,0.006289179,0.0004497798,0.000110895,NaN,NaN,NaN,NaN,NaN,NaN,NaN,NaN
NaN,NaN,NaN,NaN,NaN,NaN,NaN,NaN,NaN,-0.0002150902,0.002086458,0.01862163,0.03161183,0.03611988,0.03484936,0.03023355,0.02460655,0.01885918,0.01360611,0.008824539,0.004612835,0.0008101972,-0.002544797,-0.005574731,-0.008227024,-0.01058502,-0.01258915,-0.01430269,-0.01566898,-0.01674208,-0.01747177,-0.0179082,-0.01800878,-0.01782457,-0.01732393,-0.01656249,-0.01552088,-0.01425989,-0.0127701,-0.01111725,-0.009301712,-0.007394153,-0.005403066,-0.003401528,-0.001402019,0.0005236302,0.002363497,0.004051719,0.005582391,0.006900163,0.008009167,0.008867471,0.009492609,0.009858718,0.009998152,0.009900657,0.009612063,0.009134501,0.008524357,0.007792423,0.00700052,0.006162367,0.005340279,0.00454483,0.003834068,0.003210969,0.002725472,0.002369711,0.002184295,0.002148359,0.002292785,0.002582646,0.00303969,0.003614711,0.004323662,0.005104996,0.005977166,0.006872104,0.007821372,0.008748916,0.009700267,0.01053972,0.01127058,0.01149829,0.01095216,0.00805669,0.001945491,0.0001469834,NaN,NaN,NaN,NaN,NaN,NaN,NaN,NaN
NaN,NaN,NaN,NaN,NaN,NaN,NaN,NaN,NaN,-0.0001669416,0.006827751,0.02318487,0.03392755,0.03612435,0.03298813,0.02720415,0.02085812,0.01470509,0.009200676,0.004271081,-2.550251e-05,-0.003858153,-0.007190304,-0.01014978,-0.01267655,-0.01486396,-0.01664326,-0.01809358,-0.0191492,-0.01988298,-0.02023419,-0.02027426,-0.01995169,-0.01934244,-0.01840647,-0.01722477,-0.01576835,-0.01412422,-0.01227398,-0.01031,-0.008221691,-0.00610405,-0.003951584,-0.001859564,0.0001765789,0.002066489,0.003819943,0.005356621,0.006696161,0.007772232,0.00861825,0.009184425,0.009519736,0.009591275,0.009462825,0.009116674,0.008628867,0.007991822,0.00728855,0.00651604,0.005758262,0.005010807,0.004353202,0.00377335,0.003341662,0.003034776,0.002911335,0.00293489,0.003151965,0.003512328,0.004051248,0.004705792,0.005502086,0.006367238,0.007322903,0.008290508,0.00929557,0.01026216,0.0112264,0.0121139,0.01296048,0.01364237,0.0141268,0.01408615,0.01317219,0.01024889,0.004680161,0.0001708773,NaN,NaN,NaN,NaN,NaN,NaN,NaN,NaN
NaN,NaN,NaN,NaN,NaN,NaN,NaN,NaN,NaN,-0.0001192745,0.01172872,0.0271066,0.03468391,0.03435108,0.02934515,0.02255401,0.01561291,0.009212214,0.003564851,-0.001372776,-0.005647306,-0.009370814,-0.01256541,-0.01530961,-0.01758804,-0.01945842,-0.02088998,-0.02193549,-0.02256229,-0.02282522,-0.02269419,-0.02222885,-0.0214051,-0.02029073,-0.01887102,-0.017223,-0.01534093,-0.01330917,-0.01112845,-0.008888016,-0.006592754,-0.004333759,-0.002116076,-2.797893e-05,0.001930433,0.003679196,0.005228892,0.006513141,0.007557555,0.00831247,0.00882058,0.009049689,0.009059725,0.008834872,0.008449264,0.007899289,0.007268267,0.006558226,0.005855157,0.00516024,0.004555105,0.004033788,0.003668137,0.003439817,0.003407136,0.003537205,0.003873335,0.004368257,0.00505134,0.005862592,0.006819916,0.007854206,0.008974891,0.01010953,0.01126503,0.01237329,0.01344601,0.01442797,0.01533319,0.01611815,0.0167773,0.01723723,0.01739187,0.01703201,0.01568478,0.01273918,0.007076427,0.0002141451,NaN,NaN,NaN,NaN,NaN,NaN,NaN,NaN
NaN,NaN,NaN,NaN,NaN,NaN,NaN,NaN,-6.36626e-05,0.0003440578,0.0161476,0.02960982,0.03348614,0.03052274,0.0238089,0.01622747,0.008895668,0.002434975,-0.003194837,-0.007977288,-0.01208053,-0.01553162,-0.01843772,-0.02080221,-0.02268292,-0.02407566,-0.02501791,-0.02551112,-0.02558662,-0.02525519,-0.02454671,-0.02348307,-0.02209778,-0.02042538,-0.01850529,-0.01638352,-0.0141041,-0.01172121,-0.009280717,-0.006840681,-0.004445244,-0.002151893,1.502127e-06,0.001963725,0.003708544,0.005196865,0.006419135,0.007352849,0.008007921,0.008380252,0.008499238,0.008377796,0.008062304,0.007579406,0.006987037,0.006319496,0.005639077,0.004979793,0.004400525,0.003928248,0.003611295,0.003463993,0.003519186,0.003774966,0.004246317,0.004915189,0.005778961,0.006806272,0.007979464,0.009257964,0.01061303,0.01200154,0.01338781,0.01473523,0.01600684,0.0171813,0.01822464,0.01913974,0.01988494,0.02048668,0.02086139,0.02102575,0.02076608,0.02003652,0.01823469,0.01521145,0.009137977,0.0005596629,0.0001531498,NaN,NaN,NaN,NaN,NaN,NaN,NaN
NaN,NaN,NaN,NaN,NaN,NaN,NaN,NaN,-3.020794e-05,0.003543399,0.01998806,0.02977391,0.02979037,0.02427202,0.01622267,0.008132301,0.000709612,-0.005597805,-0.01098251,-0.01542189,-0.01914863,-0.02214339,-0.0245665,-0.026373,-0.02767583,-0.02842679,-0.02872276,-0.02852491,-0.02792567,-0.02689697,-0.02552943,-0.02380801,-0.02182781,-0.01958745,-0.0171859,-0.01463112,-0.01202259,-0.009374142,-0.006783189,-0.004263763,-0.001905631,0.0002830578,0.002225002,0.003923231,0.005317801,0.006428602,0.007217102,0.007722688,0.007928294,0.00789238,0.007617241,0.007176876,0.006587529,0.005932579,0.005234281,0.004577797,0.003983037,0.003528386,0.003223021,0.003131918,0.003247204,0.003616335,0.004211044,0.005059819,0.006113779,0.007385032,0.008806637,0.01037971,0.01202382,0.01373516,0.01542578,0.01709587,0.01865542,0.02011891,0.02139961,0.02253314,0.02343828,0.02417783,0.0246612,0.02497387,0.02497891,0.02475249,0.02403914,0.02287996,0.02070675,0.01753762,0.01163673,0.0031392,0.0002327225,NaN,NaN,NaN,NaN,NaN,NaN,NaN
NaN,NaN,NaN,NaN,NaN,NaN,NaN,0.0001984089,1.480998e-05,0.009520662,0.02244031,0.02696669,0.02332426,0.01558028,0.006734956,-0.001517215,-0.008660762,-0.0145763,-0.01943686,-0.02333138,-0.02643665,-0.02878675,-0.03050262,-0.03157878,-0.03210888,-0.03207727,-0.03157354,-0.03058356,-0.02920173,-0.0274214,-0.02534245,-0.02296619,-0.02039883,-0.01764864,-0.01482706,-0.01194641,-0.009117598,-0.006350835,-0.003751106,-0.001320827,0.0008462676,0.002761173,0.00434719,0.005633883,0.006565499,0.007193216,0.007484275,0.007511994,0.007264633,0.006833953,0.006223875,0.005537906,0.00478822,0.004081969,0.003430134,0.002934254,0.002595122,0.00250015,0.002632526,0.003059865,0.003743383,0.004728694,0.005954442,0.007445042,0.009119319,0.01098507,0.01294685,0.01500316,0.01705191,0.01908914,0.0210146,0.02282997,0.02444389,0.02587247,0.02704103,0.02798207,0.02864013,0.0290593,0.02919,0.0290745,0.02864943,0.02791442,0.02676414,0.02511029,0.02273838,0.01938605,0.01440729,0.007115572,0.0001957135,0.0002059029,NaN,NaN,NaN,NaN,NaN,NaN
NaN,NaN,NaN,NaN,NaN,NaN,NaN,0.0002760401,0.001042117,0.01380756,0.02168288,0.02062649,0.01378976,0.004540688,-0.004503356,-0.012438,-0.01893142,-0.02414426,-0.02820047,-0.03129769,-0.03353658,-0.03502472,-0.03582298,-0.03599263,-0.03558253,-0.03464041,-0.03322113,-0.03136943,-0.02915109,-0.0266141,-0.02383284,-0.02085856,-0.01777248,-0.01462673,-0.01150576,-0.008458424,-0.005564652,-0.002863389,-0.0004237154,0.001730869,0.003547876,0.005024308,0.006129339,0.006883802,0.007280658,0.007364864,0.007152664,0.006710368,0.006072529,0.005319875,0.00449745,0.003691122,0.002947166,0.002346614,0.001926955,0.001754718,0.001850435,0.002258511,0.00297705,0.004024402,0.005374885,0.007021028,0.008916073,0.01102976,0.01330036,0.01568133,0.01810439,0.02051527,0.02284913,0.02505038,0.02706816,0.02885255,0.03037484,0.03159647,0.03251847,0.03310867,0.03340156,0.03335984,0.03304363,0.03238961,0.03147889,0.03017432,0.02859368,0.02647303,0.02400711,0.02064923,0.01670517,0.01008447,0.00107689,0.0003036275,NaN,NaN,NaN,NaN,NaN,NaN
NaN,NaN,NaN,NaN,NaN,0.0006785425,0.0005467898,0.0004028587,0.006418179,0.01511614,0.01645028,0.01065402,0.001457683,-0.008296011,-0.01691564,-0.02398614,-0.02947649,-0.03364056,-0.03663117,-0.03866243,-0.03981849,-0.04023257,-0.03994593,-0.03905887,-0.0375994,-0.03566355,-0.03328478,-0.03056042,-0.02753147,-0.02429804,-0.02090525,-0.01745537,-0.0139958,-0.01062572,-0.007388416,-0.004373356,-0.001611937,0.0008223446,0.002915881,0.004616769,0.005934318,0.006841957,0.00737448,0.007531663,0.007373312,0.006922893,0.00626112,0.005428913,0.004519747,0.00358265,0.002713868,0.0019596,0.001408266,0.001092877,0.001084364,0.001393972,0.002068404,0.003091862,0.004483952,0.006201051,0.008237158,0.01052431,0.01303629,0.01568686,0.01843798,0.0211941,0.02391453,0.02650475,0.02893133,0.03110789,0.0330178,0.03459024,0.03583008,0.03668713,0.03719018,0.03730443,0.03708148,0.03649388,0.03560301,0.03437752,0.03288055,0.0310555,0.02898177,0.02657689,0.02395864,0.02096947,0.01768821,0.01294034,0.00586947,0.0003097765,0.0003381406,0.0003935271,NaN,NaN,NaN,NaN
0.0007775065,0.0007934265,0.0008427939,0.0008165031,0.0008003177,0.0006849321,0.0007484794,0.002185452,0.009664902,0.01133091,0.006285603,-0.002844518,-0.01304931,-0.0222869,-0.02978876,-0.0354999,-0.0396192,-0.0424215,-0.04408975,-0.04482226,-0.04471,-0.04388554,-0.04239891,-0.04036352,-0.03781727,-0.03487556,-0.03157907,-0.02804514,-0.02431838,-0.02051723,-0.01668601,-0.01294088,-0.009321985,-0.00593569,-0.002810907,-3.698506e-05,0.002375604,0.004360708,0.005931271,0.007048671,0.007752262,0.008032467,0.007954566,0.007536133,0.00686443,0.005978209,0.004979113,0.003918029,0.002900206,0.001977577,0.001247498,0.0007516834,0.0005689349,0.0007215072,0.001261356,0.0021851,0.003513415,0.005215419,0.007280637,0.009653629,0.01229695,0.01513757,0.01811855,0.02115809,0.02418938,0.02713271,0.02992002,0.03248519,0.03476737,0.03672156,0.0383009,0.0394886,0.04025159,0.04060649,0.04053116,0.04007226,0.03921156,0.0380233,0.0364747,0.0346709,0.03255125,0.03026053,0.02771044,0.02513636,0.02240362,0.01990363,0.01725695,0.01470288,0.01001308,0.002157018,0.0004394642,0.0003520942,0.0005118381,0.0005608801,0.0006638819,0.0006986423
0.0008043909,0.0008876498,0.0009510515,0.00105887,0.001209975,0.00157546,0.002772936,0.006653915,0.006707741,0.001219594,-0.008202744,-0.01878521,-0.02847742,-0.03625982,-0.04202632,-0.04596602,-0.04841123,-0.0496003,-0.04975912,-0.04902623,-0.0475437,-0.04539522,-0.04269285,-0.03950832,-0.03594459,-0.03207719,-0.02800872,-0.02381568,-0.01959898,-0.01543329,-0.01141202,-0.007602958,-0.004086148,-0.0009142731,0.001853225,0.004185559,0.006049898,0.007442161,0.008359355,0.008825915,0.008868876,0.008539584,0.007891273,0.00699691,0.005928658,0.004771879,0.003607375,0.002521673,0.001592139,0.0008945465,0.0004914375,0.0004372802,0.0007708093,0.001517925,0.00268816,0.00427554,0.006259558,0.0086037,0.01126136,0.01417126,0.017268,0.02047451,0.0237165,0.02691052,0.02998453,0.0328589,0.03547267,0.03775967,0.03967824,0.04117991,0.04224867,0.04285662,0.04301271,0.04270995,0.04198061,0.04083044,0.03931239,0.03743805,0.03527265,0.03283258,0.03020002,0.02739851,0.0245533,0.02172376,0.0191088,0.01682135,0.01509676,0.01383871,0.012368,0.008661875,0.002702678,0.001169182,0.0007601515,0.0007091413,0.0007067826,0.000766241
0.003210451,0.003364189,0.003582968,0.00404358,0.005293153,0.007411707,0.006365914,0.00314618,-0.004256046,-0.0145209,-0.0256113,-0.03555215,-0.04341936,-0.04899097,-0.05257061,-0.05445746,-0.05501978,-0.05445782,-0.05300155,-0.05075857,-0.04788965,-0.04446241,-0.04061669,-0.03641335,-0.0319849,-0.02739433,-0.02276996,-0.01817184,-0.01372105,-0.009470077,-0.005525915,-0.001926912,0.001240802,0.003960733,0.006173873,0.007890952,0.009083943,0.009793354,0.01002265,0.009840735,0.009279449,0.008431134,0.007348766,0.006139664,0.004867856,0.003644201,0.002531862,0.001633129,0.0009981613,0.0007094867,0.0007943425,0.001307164,0.002245955,0.0036329,0.00543479,0.007641918,0.01019257,0.01304979,0.01613035,0.01937837,0.02269834,0.02602599,0.02926422,0.03234984,0.03519496,0.03774673,0.03993373,0.04172131,0.04306056,0.04393686,0.04432783,0.04423929,0.04367266,0.04265271,0.04120193,0.03935551,0.03715499,0.03464051,0.03186841,0.02888505,0.0257713,0.0225846,0.0194595,0.01649006,0.01390494,0.01185477,0.01068516,0.0104578,0.01119198,0.01156241,0.01034906,0.007953323,0.004976528,0.003778182,0.003368164,0.003251264
0.01379633,0.01328845,0.01229545,0.01075133,0.008837025,0.005704589,-0.0009805862,-0.01042447,-0.02178401,-0.03329434,-0.04332567,-0.05094581,-0.05609572,-0.05903184,-0.0602047,-0.05994256,-0.05856869,-0.05626621,-0.05323131,-0.04957427,-0.04544007,-0.04091245,-0.03612243,-0.03114861,-0.02611468,-0.021097,-0.01621084,-0.01152396,-0.007138538,-0.003107619,0.0004868885,0.003613449,0.006216718,0.008292752,0.009817204,0.01081678,0.01129909,0.01132101,0.0109194,0.01017647,0.00915192,0.007945286,0.006629088,0.005309435,0.004059891,0.002980756,0.00213452,0.001604204,0.001430514,0.001670147,0.002334765,0.0034496,0.004994427,0.00696252,0.009303333,0.01198213,0.01492383,0.01807301,0.02133923,0.0246563,0.02792828,0.03108924,0.03404795,0.03674735,0.03911021,0.04109586,0.04264589,0.0437418,0.04434735,0.04446598,0.0440849,0.04322834,0.04190221,0.04014947,0.03799092,0.03548128,0.03265384,0.0295724,0.02627939,0.02285247,0.01935185,0.01587872,0.01253291,0.009467233,0.006853069,0.004929131,0.003973355,0.004274959,0.005975211,0.008697704,0.01132636,0.01259339,0.01285982,0.01332799,0.01375006,0.01393522
0.01394591,0.01216524,0.009234806,0.005002754,-0.0007237045,-0.008591041,-0.01884512,-0.03045629,-0.04193508,-0.05158554,-0.05863788,-0.06300721,-0.06508721,-0.06531113,-0.06411702,-0.06179961,-0.05861988,-0.05473899,-0.05032256,-0.04548025,-0.04034328,-0.03500422,-0.02958384,-0.02416842,-0.01886958,-0.01376566,-0.008954874,-0.004500845,-0.0004827308,0.003056982,0.006064673,0.008524898,0.01041432,0.01174807,0.01253489,0.01282047,0.01264339,0.01207615,0.01118125,0.01005015,0.008760255,0.007411667,0.006085028,0.004877318,0.003860438,0.003116458,0.002697767,0.002662035,0.003034097,0.003841326,0.005077254,0.006737438,0.008784954,0.01118652,0.0138795,0.01680859,0.0198935,0.02306575,0.02623759,0.0293376,0.03228009,0.03500086,0.03742506,0.03950241,0.04117613,0.04241505,0.04318279,0.04347061,0.04326349,0.04257292,0.04140458,0.03978759,0.03774296,0.03531482,0.03253566,0.02945862,0.02612579,0.02259796,0.01892511,0.01518045,0.0114296,0.00776729,0.004291487,0.001142654,-0.001521957,-0.003481524,-0.004482653,-0.00422579,-0.002478615,0.0007167474,0.004716139,0.008482145,0.01144383,0.01346837,0.0145464,0.01471172
0.001147239,-0.001985375,-0.006629738,-0.01286079,-0.0207574,-0.03028315,-0.04088956,-0.05121172,-0.05978512,-0.06578608,-0.06910014,-0.07008783,-0.06925128,-0.06702056,-0.06374472,-0.05967051,-0.05499369,-0.04986067,-0.0444053,-0.03873873,-0.03297301,-0.02720663,-0.02154195,-0.01606766,-0.0108739,-0.006035328,-0.001624102,0.002305611,0.005705424,0.008547276,0.01081144,0.01249975,0.01362341,0.01421464,0.01431438,0.01398209,0.01328312,0.01229744,0.0111064,0.009800493,0.008466443,0.007193979,0.006063415,0.005152429,0.00452419,0.00423448,0.004321116,0.00481153,0.005713605,0.007024148,0.008720976,0.01077219,0.01312966,0.01573857,0.01853186,0.02144031,0.02438707,0.0272977,0.03009556,0.0327104,0.03507386,0.03712824,0.0388202,0.04010895,0.04096089,0.04135492,0.04127729,0.0407276,0.03971107,0.03824436,0.03634967,0.03405735,0.03140117,0.02842223,0.02516244,0.02166879,0.01798988,0.0141777,0.01028663,0.006377168,0.002515847,-0.001221221,-0.004743219,-0.007940774,-0.01067793,-0.01278568,-0.01404951,-0.01423552,-0.01311509,-0.01064492,-0.007131473,-0.003292778,-4.128293e-06,0.002248186,0.003218652,0.00286594
-0.01898186,-0.02309326,-0.02864141,-0.03554509,-0.04355693,-0.05214936,-0.06037625,-0.06717557,-0.07172357,-0.07375743,-0.07356384,-0.0716189,-0.06837452,-0.0641758,-0.05928748,-0.0539017,-0.04817105,-0.04222091,-0.03616509,-0.03010497,-0.02413864,-0.01835596,-0.01284308,-0.007676437,-0.002925983,0.001350797,0.005105992,0.008306508,0.01093111,0.01297489,0.01444583,0.01536838,0.01577915,0.01572946,0.01528039,0.01450419,0.01347872,0.01228839,0.01101797,0.009753237,0.008575023,0.007559662,0.006773482,0.006273895,0.006104435,0.006296718,0.006866579,0.007816839,0.009134564,0.01079496,0.01275938,0.01498009,0.01739915,0.01995335,0.02257354,0.02519009,0.02773161,0.0301304,0.03232159,0.03424713,0.03585466,0.03710185,0.03795317,0.03838402,0.03837806,0.03792904,0.03703815,0.03571678,0.03398144,0.03185685,0.02937204,0.02656147,0.02346169,0.02011402,0.01655954,0.01284269,0.009007628,0.005101297,0.001170458,-0.002733356,-0.006556644,-0.01023837,-0.01371103,-0.0168921,-0.01968684,-0.02197205,-0.02360619,-0.02442547,-0.02427794,-0.02311708,-0.02109841,-0.01871273,-0.01654955,-0.01522506,-0.01509501,-0.0163251
-0.0401151,-0.04445513,-0.04975763,-0.05576066,-0.06201337,-0.06786866,-0.07258453,-0.07544266,-0.076129,-0.07482714,-0.07190075,-0.06778099,-0.06281707,-0.05727343,-0.05134467,-0.04518465,-0.03891134,-0.03263436,-0.02644624,-0.02043751,-0.01468692,-0.009271829,-0.004256192,0.0002997602,0.004351565,0.007861218,0.01080845,0.01318125,0.0149863,0.01623898,0.01697287,0.01722915,0.01706494,0.01654215,0.0157351,0.0147186,0.01357514,0.0123829,0.01122245,0.01016506,0.009279691,0.008621561,0.008239802,0.008166905,0.008426953,0.009026111,0.009961891,0.01121443,0.01275666,0.01454659,0.01653786,0.01867266,0.02089291,0.02313296,0.02533091,0.02742167,0.02934735,0.03105018,0.0324831,0.03360116,0.03437189,0.03476679,0.03477003,0.03436963,0.03356671,0.0323648,0.03077925,0.02882717,0.02653527,0.0239299,0.02104605,0.01791584,0.01457823,0.01106843,0.007426985,0.003689344,-0.0001036923,-0.003917081,-0.007710245,-0.01144793,-0.01508738,-0.01859044,-0.02190859,-0.02499476,-0.02778779,-0.03022123,-0.03220869,-0.03366765,-0.0345049,-0.0347193,-0.03442013,-0.03386281,-0.03348934,-0.03367176,-0.0347405,-0.03686549
-0.05629894,-0.06012593,-0.06428658,-0.06846067,-0.07218672,-0.07493854,-0.07620454,-0.07574634,-0.07358736,-0.06995907,-0.06523034,-0.05974699,-0.0537779,-0.0475216,-0.04113086,-0.03472587,-0.02840442,-0.02225496,-0.01635453,-0.01077435,-0.005576397,-0.0008165515,0.003460813,0.007219193,0.01043571,0.01309701,0.01520454,0.01676983,0.01781902,0.01838743,0.01852342,0.01828221,0.01772894,0.01693203,0.01596574,0.01490312,0.01381845,0.0127803,0.01185391,0.01109479,0.01055157,0.01026008,0.010247,0.01052488,0.01109636,0.01195022,0.01306645,0.0144129,0.01595102,0.0176333,0.01940904,0.02122217,0.02301735,0.02473735,0.02632904,0.02774092,0.02892809,0.02984958,0.0304733,0.03077212,0.03072842,0.03033042,0.02957517,0.02846486,0.02701011,0.02522507,0.02313072,0.02075064,0.01811316,0.01524739,0.01218596,0.008960476,0.005604466,0.002149706,-0.001371339,-0.004928717,-0.008492361,-0.01203473,-0.01552861,-0.01894922,-0.0222716,-0.02547283,-0.0285296,-0.03141853,-0.03411621,-0.0365919,-0.03881788,-0.04076042,-0.04238952,-0.04370899,-0.04477858,-0.04578077,-0.04688917,-0.04835819,-0.05036959,-0.05301782
-0.06501295,-0.0677757,-0.07033497,-0.07239702,-0.07362497,-0.07370187,-0.07242871,-0.06972077,-0.06571891,-0.06073256,-0.05504637,-0.04893239,-0.04259527,-0.03619513,-0.02985024,-0.02366055,-0.01770179,-0.01204667,-0.00675138,-0.00187062,0.002555882,0.006490909,0.009913503,0.01280674,0.01517101,0.01701135,0.01835015,0.0192141,0.0196458,0.01969043,0.01940655,0.0188523,0.01809566,0.0172004,0.01623609,0.01526401,0.01434721,0.01353682,0.01288225,0.01241821,0.01217549,0.0121686,0.01240726,0.01288499,0.01359105,0.01449983,0.01558351,0.01680176,0.01811486,0.01947389,0.02083361,0.02214276,0.02335716,0.0244293,0.02532123,0.02599418,0.02642048,0.02657289,0.02643654,0.0259971,0.0252525,0.02420122,0.02285298,0.02121683,0.01931234,0.01715671,0.01477616,0.01219341,0.00943859,0.006536677,0.003519047,0.0004104872,-0.0027589,-0.005966494,-0.009184867,-0.01239486,-0.0155729,-0.01870399,-0.02176887,-0.0247578,-0.0276562,-0.03046002,-0.03316018,-0.03575896,-0.03825329,-0.04064799,-0.04294068,-0.04513879,-0.04722871,-0.04923341,-0.05118055,-0.05310466,-0.05512127,-0.05728671,-0.05966967,-0.06226559
-0.06613613,-0.06767561,-0.06868378,-0.06896026,-0.06829735,-0.06653814,-0.06360117,-0.05959809,-0.05471079,-0.0491518,-0.04317695,-0.03700295,-0.03079723,-0.0246869,-0.01877013,-0.0131243,-0.007810422,-0.002880415,0.001625266,0.005673067,0.009240317,0.01231145,0.01488244,0.01695679,0.01854991,0.01968413,0.02039303,0.02071567,0.02070025,0.02039811,0.01986687,0.01916399,0.01834982,0.01748103,0.0166137,0.01579686,0.01507592,0.01448665,0.01405904,0.0138119,0.01375734,0.01389596,0.01422198,0.01471915,0.0153662,0.01613338,0.01698835,0.01789277,0.01880847,0.0196942,0.0205115,0.02122141,0.02179019,0.02218547,0.02238172,0.02235626,0.02209392,0.02158282,0.02081897,0.01980127,0.01853585,0.01703126,0.01530202,0.01336386,0.01123746,0.008943302,0.006505421,0.003946661,0.001292126,-0.001435446,-0.004212027,-0.007016784,-0.009828475,-0.01262966,-0.01540288,-0.01813483,-0.02081294,-0.0234286,-0.02597454,-0.02844818,-0.03084869,-0.03318056,-0.03545101,-0.03767281,-0.03986267,-0.04203664,-0.04421699,-0.04641877,-0.04864753,-0.05089847,-0.05315815,-0.05544306,-0.05770608,-0.05995566,-0.06215817,-0.06425339
-0.06153241,-0.06193639,-0.06167483,-0.06062369,-0.05868887,-0.05582953,-0.05209081,-0.04754393,-0.04236075,-0.03678052,-0.03098931,-0.02516291,-0.01943333,-0.01390791,-0.008661727,-0.003757826,0.0007620998,0.004860323,0.008515772,0.0117094,0.01443754,0.01669847,0.01850522,0.01987276,0.02083002,0.02140664,0.02164476,0.02158542,0.02127957,0.02077466,0.02012515,0.01937897,0.01858811,0.01779519,0.01704419,0.01636738,0.01579638,0.01534969,0.01504409,0.01488281,0.01486745,0.01498666,0.01522852,0.01556976,0.01598829,0.01645275,0.01693534,0.01740127,0.0178216,0.01816275,0.01839889,0.01850132,0.01845071,0.0182259,0.01781591,0.01720857,0.01640195,0.01539278,0.01418784,0.01279184,0.01121869,0.009479443,0.007593254,0.005575182,0.003447477,0.001227114,-0.001062788,-0.003405305,-0.005778161,-0.008166184,-0.0105495,-0.0129159,-0.01524891,-0.01754038,-0.01977782,-0.02195748,-0.02407167,-0.02612163,-0.0281049,-0.03002905,-0.03189803,-0.03372702,-0.03552755,-0.03732389,-0.03913581,-0.04099151,-0.04291052,-0.04491567,-0.04699922,-0.04915833,-0.05135557,-0.05351636,-0.0556041,-0.05752897,-0.05922142,-0.06058928
-0.05315217,-0.05270611,-0.05159147,-0.04975482,-0.04716045,-0.04381637,-0.03976591,-0.03516893,-0.03018057,-0.0249453,-0.01963762,-0.01440048,-0.009344659,-0.004553949,-8.943893e-05,0.004004477,0.007697857,0.01097038,0.01381252,0.01622131,0.01820351,0.01977123,0.02094525,0.02175074,0.02222037,0.02238935,0.02229878,0.02199014,0.02150838,0.02089644,0.02019834,0.01945355,0.01870041,0.01797065,0.0172931,0.01668858,0.01617401,0.01575776,0.01544423,0.01522958,0.01510676,0.01506157,0.015078,0.01513458,0.01520982,0.01527866,0.01531802,0.01530302,0.01521244,0.01502493,0.01472402,0.0142941,0.01372531,0.01300909,0.01214275,0.01112501,0.009960135,0.008653305,0.007214715,0.005654713,0.003987752,0.002227644,0.0003913523,-0.00150577,-0.003446065,-0.005414251,-0.007393558,-0.009370239,-0.01132957,-0.01326035,-0.01515096,-0.01699341,-0.01877965,-0.02050559,-0.02216706,-0.02376395,-0.02529663,-0.02676939,-0.02818747,-0.02956059,-0.03090011,-0.03222218,-0.03354498,-0.03489154,-0.03628664,-0.03775299,-0.03931414,-0.04098116,-0.04274841,-0.04458303,-0.04642896,-0.04823374,-0.0498763,-0.05128308,-0.05235692,-0.05301075
-0.04301877,-0.04199505,-0.04036685,-0.0381129,-0.03524256,-0.03180173,-0.0278821,-0.02355809,-0.01896409,-0.01427422,-0.009608262,-0.005082123,-0.0007806084,0.003226483,0.006896435,0.01019501,0.01310735,0.01562191,0.01774234,0.01947288,0.02083096,0.02183328,0.02250787,0.02288092,0.02298825,0.02286201,0.02254212,0.02206299,0.02146461,0.02077957,0.02004409,0.01928525,0.01853219,0.01780371,0.0171197,0.01648914,0.01592183,0.01541688,0.01497462,0.01458544,0.01424203,0.01392841,0.01363225,0.01333412,0.01301973,0.01266915,0.01226905,0.01180176,0.01125725,0.01062209,0.00989119,0.009056422,0.008118292,0.007074289,0.005930282,0.004688859,0.003360515,0.001951813,0.0004766371,-0.001055777,-0.002629653,-0.004234591,-0.005854306,-0.007478647,-0.009092189,-0.01068615,-0.01224693,-0.01376811,-0.01523858,-0.01665473,-0.01800856,-0.01929959,-0.02052301,-0.02168184,-0.02277454,-0.02380758,-0.02478305,-0.02571127,-0.02659824,-0.02745887,-0.0283039,-0.02915355,-0.0300231,-0.03093799,-0.03191655,-0.03298245,-0.03414622,-0.03541719,-0.0367735,-0.0381901,-0.03960485,-0.04091864,-0.04206208,-0.04292535,-0.04342421,-0.0434772
-0.03236911,-0.03104559,-0.02921067,-0.02687227,-0.02404937,-0.02078819,-0.01714645,-0.01326497,-0.009255053,-0.005206957,-0.00123884,0.002556267,0.00610772,0.009364184,0.01229191,0.01487035,0.0170908,0.01895263,0.02046376,0.02163664,0.02249053,0.02304725,0.02333366,0.02337757,0.02321033,0.02286235,0.02236611,0.02175143,0.02104857,0.0202837,0.01948215,0.01866402,0.01784774,0.01704588,0.0162691,0.01552213,0.01480802,0.01412443,0.01346808,0.01283117,0.01220608,0.01158174,0.01094844,0.01029423,0.009609642,0.008883947,0.008109844,0.007279527,0.006389133,0.005434748,0.004416616,0.003334925,0.002193948,0.0009976596,-0.0002462897,-0.001530966,-0.002846254,-0.00418336,-0.00553088,-0.006879258,-0.00821694,-0.009534773,-0.01082204,-0.01207089,-0.01327236,-0.01442056,-0.01550875,-0.01653357,-0.01749081,-0.01837969,-0.01919884,-0.01995012,-0.02063482,-0.02125758,-0.02182235,-0.02233636,-0.0228065,-0.02324282,-0.02365526,-0.02405706,-0.02446187,-0.0248864,-0.02534729,-0.02586359,-0.02645293,-0.02712892,-0.02790175,-0.02876834,-0.0297104,-0.03068363,-0.03162703,-0.03248398,-0.03314134,-0.03353138,-0.03357178,-0.03320226
-0.02225181,-0.02079945,-0.01893142,-0.01665988,-0.01401909,-0.01106723,-0.007887986,-0.004530738,-0.0010905,0.002307744,0.005591076,0.008685289,0.01153919,0.01410996,0.01637681,0.01832375,0.01995118,0.02126061,0.02226619,0.0229803,0.02342567,0.02362158,0.02359556,0.02337043,0.02297565,0.02243451,0.0217756,0.02102019,0.02019361,0.01931302,0.01839882,0.01746267,0.01651911,0.01557385,0.01463552,0.01370427,0.01278358,0.01186915,0.01096074,0.01005111,0.009138004,0.008213076,0.007273745,0.006312208,0.005327103,0.004312411,0.003269054,0.002193645,0.001089893,-4.271945e-05,-0.001197672,-0.002372891,-0.003559522,-0.004753471,-0.005944309,-0.007126804,-0.00828978,-0.009427753,-0.01052974,-0.0115908,-0.0126009,-0.01355644,-0.01444892,-0.01527656,-0.01603288,-0.01671823,-0.01732831,-0.01786581,-0.01832863,-0.01872167,-0.01904508,-0.01930589,-0.01950622,-0.01965523,-0.01975693,-0.01982241,-0.01985763,-0.01987579,-0.01988486,-0.01990032,-0.01993236,-0.01999866,-0.02011042,-0.02028625,-0.02053569,-0.02087183,-0.02129297,-0.02179656,-0.02235437,-0.02293797,-0.02349045,-0.02392913,-0.02420141,-0.02422409,-0.02393778,-0.02329145
-0.01304124,-0.01161391,-0.009861385,-0.007806694,-0.005476534,-0.002914682,-0.0001655213,0.002658689,0.005484424,0.0082613,0.01091046,0.01337294,0.01560536,0.01757783,0.01927309,0.0206835,0.02181005,0.02265946,0.02324436,0.02357984,0.02368518,0.02358011,0.02328696,0.02282713,0.02222344,0.0214965,0.02066753,0.01975457,0.0187756,0.01774485,0.01667614,0.01557933,0.01446388,0.01333535,0.01219925,0.01105754,0.009912645,0.008764029,0.007612259,0.006455541,0.005293861,0.004125409,0.002950658,0.001768749,0.0005814925,-0.0006104122,-0.001803411,-0.002994999,-0.004179887,-0.005353964,-0.006510491,-0.007644213,-0.008747559,-0.009814734,-0.01083799,-0.01181173,-0.01272867,-0.01358401,-0.01437156,-0.01508781,-0.01572809,-0.01629062,-0.01677249,-0.01717379,-0.01749364,-0.01773402,-0.01789594,-0.01798334,-0.01799901,-0.01794854,-0.01783645,-0.01766984,-0.01745465,-0.01719938,-0.01691131,-0.01660016,-0.01627453,-0.01594541,-0.0156227,-0.01531854,-0.0150442,-0.01481261,-0.01463517,-0.01452376,-0.01448728,-0.01453043,-0.01465332,-0.01484556,-0.01508648,-0.01533599,-0.01554635,-0.01567893,-0.01564987,-0.0154172,-0.01492625,-0.01414373
-0.005113279,-0.003770791,-0.002179795,-0.0003577855,0.001662403,0.003831408,0.006084724,0.008398757,0.01070973,0.01292724,0.01500987,0.01691065,0.01859977,0.02005068,0.02125433,0.022203,0.02290247,0.02335726,0.02358234,0.02358909,0.02339729,0.02302174,0.02248396,0.02179955,0.02098973,0.02006904,0.01905686,0.01796544,0.01681142,0.01560408,0.01435694,0.01307621,0.01177238,0.01044892,0.00911388,0.007768662,0.006419628,0.005066991,0.003716326,0.002367456,0.001025944,-0.0003080462,-0.00162839,-0.002934151,-0.004218314,-0.005479038,-0.006708436,-0.007903842,-0.009056731,-0.010164,-0.01121688,-0.0122123,-0.01314181,-0.01400283,-0.01478769,-0.01549489,-0.01611789,-0.01665655,-0.01710588,-0.01746731,-0.01773753,-0.01791971,-0.01801222,-0.01801996,-0.017943,-0.0177878,-0.01755595,-0.0172554,-0.01688902,-0.016466,-0.01599034,-0.01547229,-0.01491675,-0.01433489,-0.0137324,-0.01312121,-0.01250768,-0.01190456,-0.0113188,-0.01076374,-0.01024671,-0.009781183,-0.00937343,-0.009035444,-0.00876978,-0.008582431,-0.008465393,-0.008412103,-0.008396644,-0.00839733,-0.008371754,-0.008260773,-0.008034683,-0.007638527,-0.007036556,-0.00620001
0.00161196,0.002802238,0.004174897,0.005707615,0.007379501,0.009158577,0.01101718,0.01286729,0.01466269,0.01637975,0.01796493,0.01938053,0.02059945,0.02160382,0.02238433,0.0229383,0.02326906,0.02338378,0.02329364,0.02301108,0.02255128,0.02192906,0.02116091,0.02026194,0.01924831,0.0181341,0.01693405,0.01566043,0.01432603,0.01294098,0.011516,0.01005921,0.008579466,0.007083222,0.005577971,0.004069011,0.002562979,0.001064573,-0.000419892,-0.001885873,-0.003327002,-0.004738575,-0.006114006,-0.007448375,-0.008734855,-0.009968399,-0.01114216,-0.01225121,-0.01328899,-0.01425106,-0.0151315,-0.01592674,-0.0166319,-0.01724455,-0.01776114,-0.01818068,-0.0185011,-0.01872297,-0.01884581,-0.01887177,-0.01880193,-0.01864,-0.01838849,-0.01805252,-0.01763593,-0.01714503,-0.0165848,-0.01596258,-0.01528425,-0.01455797,-0.01379037,-0.01299025,-0.01216482,-0.01132336,-0.01047357,-0.009625117,-0.008786074,-0.007966396,-0.007174422,-0.006420061,-0.005711665,-0.005058507,-0.004467721,-0.003946131,-0.003497369,-0.00312173,-0.002815527,-0.002567787,-0.002361554,-0.002166247,-0.001949337,-0.001690017,-0.00132951,-0.0008462957,-0.0002058972,0.0006083253
0.007052848,0.008093109,0.009263532,0.0105496,0.01192597,0.01335494,0.01478905,0.01622406,0.01761756,0.01890143,0.02005377,0.02104399,0.02185462,0.02246781,0.02287992,0.023086,0.02309259,0.02290337,0.02253117,0.02198435,0.02127888,0.02042527,0.01944048,0.01833547,0.01712692,0.01582518,0.01444591,0.01299832,0.01149676,0.009949128,0.008368433,0.006761388,0.005139853,0.003509557,0.001881512,0.0002607864,-0.001342183,-0.002922744,-0.004470793,-0.005981962,-0.007446422,-0.008860037,-0.01021328,-0.01150238,-0.01271826,-0.01385771,-0.01491239,-0.01587988,-0.01675279,-0.01752985,-0.01820484,-0.0187778,-0.01924396,-0.01960478,-0.01985701,-0.02000367,-0.02004299,-0.01997948,-0.01981284,-0.01954897,-0.01918887,-0.0187397,-0.0182036,-0.01758881,-0.01689841,-0.01614153,-0.01532202,-0.0144497,-0.01352903,-0.01257035,-0.01157857,-0.01056445,-0.009533206,-0.008495916,-0.007458031,-0.006430832,-0.005419848,-0.004436522,-0.003486306,-0.002580489,-0.001724032,-0.0009274368,-0.000193984,0.0004680249,0.001059204,0.001576134,0.002027842,0.002419804,0.002772207,0.003098226,0.003427034,0.003799356,0.004228601,0.004750484,0.005385825,0.006150793
0.01145081,0.01231584,0.01326619,0.01428401,0.01535596,0.01646105,0.01758474,0.01865604,0.01964645,0.02054905,0.02132577,0.02195156,0.02240863,0.02268569,0.02277716,0.02268216,0.02240407,0.02194907,0.02132631,0.02054582,0.01961979,0.01856007,0.01738003,0.01609199,0.01470941,0.0132443,0.01170967,0.01011679,0.008477923,0.006803516,0.005105033,0.003392104,0.001675488,-3.591241e-05,-0.001731961,-0.003404364,-0.005043558,-0.006641841,-0.008190193,-0.009681535,-0.01110749,-0.0124617,-0.01373659,-0.01492672,-0.01602548,-0.01702853,-0.01793045,-0.01872817,-0.01941762,-0.01999719,-0.02046423,-0.02081863,-0.02105929,-0.02118756,-0.02120378,-0.02111079,-0.02091024,-0.02060626,-0.02020173,-0.01970189,-0.01911064,-0.01843417,-0.01767722,-0.01684674,-0.01594816,-0.01498902,-0.01397525,-0.01291486,-0.0118142,-0.01068159,-0.0095237,-0.008349112,-0.007164711,-0.005979245,-0.004799788,-0.003635179,-0.002492559,-0.001380731,-0.0003067215,0.0007210608,0.001696057,0.002610927,0.003460502,0.004240003,0.004947495,0.005583236,0.006150578,0.006657701,0.007116145,0.007547324,0.007971996,0.008398572,0.008869056,0.009392656,0.009991872,0.01067465
0.01480819,0.01552822,0.01629902,0.01711044,0.01794427,0.01877223,0.01955913,0.02031362,0.02100706,0.02158525,0.02203821,0.02234529,0.02249638,0.02247877,0.02229176,0.02193179,0.02140553,0.02071595,0.01987452,0.01888799,0.01777048,0.01653073,0.01518396,0.01373971,0.01221346,0.0106148,0.008958963,0.007255194,0.005518245,0.003756868,0.001985184,0.0002113533,-0.001551162,-0.003294863,-0.005007007,-0.006680799,-0.008304284,-0.009871488,-0.01137134,-0.01279881,-0.0141439,-0.01540267,-0.01656632,-0.0176322,-0.01859282,-0.01944693,-0.02018853,-0.02081782,-0.02133032,-0.02172776,-0.02200713,-0.02217161,-0.02221964,-0.02215576,-0.02197966,-0.02169712,-0.02130896,-0.02082196,-0.02023787,-0.01956434,-0.01880386,-0.01796474,-0.01705008,-0.01606872,-0.01502419,-0.01392576,-0.01277732,-0.01158845,-0.01036333,-0.009111801,-0.007838266,-0.006552811,-0.005260027,-0.003970184,-0.002688029,-0.001423968,-0.00018276,0.001025135,0.002195126,0.003316982,0.004386731,0.005395028,0.00633937,0.007212396,0.008014866,0.008742866,0.009403463,0.00999889,0.01054318,0.01104222,0.01151537,0.01199092,0.0124725,0.01298416,0.01353844,0.01414505
0.01739096,0.01796,0.01854877,0.01914393,0.01973843,0.02031951,0.0208819,0.0213661,0.02175487,0.02205197,0.02222914,0.02226936,0.02216085,0.02189674,0.02147396,0.02089311,0.02015795,0.01927452,0.01825124,0.01709744,0.01582428,0.01444286,0.01296571,0.01140465,0.009772751,0.008081971,0.006345365,0.004574636,0.002782519,0.0009802185,-0.000820071,-0.002607812,-0.004371494,-0.0061014,-0.00778687,-0.009419138,-0.01098854,-0.01248746,-0.01390737,-0.01524191,-0.01648386,-0.01762823,-0.01866924,-0.01960342,-0.02042644,-0.02113638,-0.02173042,-0.02220815,-0.02256822,-0.02281167,-0.02293851,-0.02295107,-0.0228506,-0.02264058,-0.02232329,-0.02190316,-0.02138332,-0.02076899,-0.02006396,-0.01927404,-0.01840357,-0.0174588,-0.01644447,-0.01536721,-0.01423205,-0.01304595,-0.0118142,-0.01054398,-0.009240878,-0.007912327,-0.006564122,-0.005203973,-0.003837931,-0.002473906,-0.001118208,0.0002210653,0.001537432,0.00282274,0.004070528,0.005272869,0.006423664,0.007515862,0.008544337,0.00950408,0.01039243,0.01120793,0.01195149,0.01262722,0.01324131,0.01380753,0.0143383,0.01483398,0.01532584,0.01581618,0.01632072,0.01684316
0.01919743,0.01965957,0.02011781,0.02056593,0.02099139,0.02137299,0.02168405,0.02194191,0.02212728,0.02219512,0.02214339,0.02195816,0.02163457,0.02116374,0.02054746,0.01978372,0.01887996,0.0178394,0.01667341,0.01538855,0.01399856,0.0125119,0.01094353,0.009302829,0.007605196,0.005860266,0.00408336,0.002283923,0.0004768688,-0.001328845,-0.003118993,-0.004885361,-0.00661461,-0.008299481,-0.009927731,-0.01149323,-0.01298497,-0.01439814,-0.0157231,-0.01695645,-0.01809006,-0.01912203,-0.02004574,-0.02086083,-0.02156219,-0.02215094,-0.02262345,-0.02298221,-0.02322493,-0.02335535,-0.02337235,-0.02328075,-0.0230804,-0.022777,-0.02237122,-0.02186945,-0.02127296,-0.02058867,-0.01981832,-0.01896923,-0.0180435,-0.01704874,-0.01598732,-0.01486713,-0.01369076,-0.01246636,-0.01119676,-0.009890349,-0.008550246,-0.007185143,-0.005798419,-0.004399115,-0.002990949,-0.001583291,-0.0001801971,0.001208628,0.002578883,0.003920598,0.005229387,0.006495207,0.007713972,0.008876161,0.009978555,0.01101296,0.01197851,0.01286915,0.0136886,0.0144351,0.01511693,0.01573405,0.01629847,0.01683001,0.01732636,0.01780433,0.01827178,0.01873513
0.02046406,0.02082429,0.02115811,0.02145598,0.02171572,0.02193071,0.02210245,0.02217967,0.02215269,0.02203279,0.02179863,0.02143905,0.02094679,0.0203186,0.01955375,0.01865455,0.0176257,0.01647384,0.01520753,0.01383625,0.01237099,0.01082282,0.009204034,0.007526401,0.005802719,0.004044853,0.002265558,0.0004763342,-0.001310517,-0.003084185,-0.004833133,-0.00654751,-0.008216779,-0.009832251,-0.01138461,-0.01286649,-0.01426993,-0.01558905,-0.01681733,-0.01795039,-0.01898324,-0.01991303,-0.02073621,-0.02145146,-0.02205663,-0.02255174,-0.02293593,-0.02321045,-0.02337553,-0.02343347,-0.02338541,-0.02323448,-0.02298255,-0.02263341,-0.02218947,-0.02165498,-0.02103275,-0.02032741,-0.01954201,-0.01868145,-0.01774902,-0.01674978,-0.01568724,-0.0145667,-0.01339182,-0.01216816,-0.01089966,-0.009592129,-0.008249836,-0.006878967,-0.005484149,-0.004071993,-0.002647589,-0.001217969,0.0002112858,0.001632685,0.003040184,0.004425928,0.005783554,0.007105013,0.008383882,0.009612463,0.01078463,0.01189393,0.01293575,0.01390588,0.01480189,0.01562349,0.01637188,0.01705438,0.01767713,0.01823481,0.01875117,0.01922432,0.01966572,0.02007682
0.02115043,0.02146105,0.02172874,0.02195049,0.02211818,0.02221606,0.0222236,0.02216437,0.02202611,0.02177032,0.0214008,0.02090874,0.02029342,0.01954919,0.01868016,0.01768592,0.01657499,0.01535119,0.01402621,0.01260668,0.01110628,0.009533263,0.007902301,0.006222402,0.004508473,0.002769605,0.001020424,-0.000730388,-0.002468865,-0.004187088,-0.005872057,-0.007516903,-0.009109817,-0.01064517,-0.01211253,-0.01350766,-0.01482156,-0.01605148,-0.01718991,-0.01823557,-0.01918246,-0.02003069,-0.02077566,-0.02141882,-0.02195679,-0.02239218,-0.02272274,-0.02295203,-0.02307867,-0.02310701,-0.02303637,-0.02287168,-0.02261274,-0.0222649,-0.02182832,-0.0213086,-0.02070615,-0.02002675,-0.01927094,-0.01844468,-0.01754862,-0.01658885,-0.0155662,-0.01448693,-0.01335206,-0.01216813,-0.01093646,-0.009663877,-0.008352119,-0.007008476,-0.005635105,-0.00423984,-0.002825414,-0.001400225,3.239105e-05,0.001463407,0.002888909,0.004299269,0.005690081,0.00705119,0.008377972,0.009660204,0.01089338,0.01206777,0.01318018,0.01422189,0.01519283,0.01608719,0.01690795,0.01765006,0.01831946,0.01892953,0.01947371,0.01996355,0.02040372,0.0207985
0.02144268,0.02171446,0.02192694,0.02207352,0.02215568,0.0221714,0.02212741,0.02197862,0.02172071,0.0213707,0.02091246,0.02033936,0.01964774,0.01883737,0.01790953,0.01686814,0.01571877,0.01446865,0.01312652,0.01170186,0.01020536,0.008647732,0.007040639,0.005395213,0.003723348,0.002036007,0.0003447681,-0.001340046,-0.003007581,-0.004648483,-0.006252918,-0.007812748,-0.009319367,-0.01076599,-0.0121454,-0.01345226,-0.01468074,-0.01582703,-0.01688669,-0.01785731,-0.01873582,-0.01952108,-0.02021124,-0.02080634,-0.02130555,-0.02170986,-0.02201928,-0.02223559,-0.02235939,-0.02239302,-0.02233755,-0.02219568,-0.02196873,-0.02165965,-0.02126991,-0.02080257,-0.02025916,-0.01964284,-0.01895514,-0.0181993,-0.01737696,-0.0164914,-0.0155444,-0.01453947,-0.01347853,-0.01236542,-0.01120242,-0.009993707,-0.008742038,-0.007452138,-0.006127281,-0.004772829,-0.003392753,-0.001993069,-0.0005785017,0.0008441688,0.002269441,0.003689809,0.00509904,0.006488963,0.007852747,0.009181925,0.01046924,0.01170655,0.01288711,0.01400389,0.01505107,0.01602417,0.0169199,0.01773992,0.01848519,0.01914568,0.01973911,0.02026026,0.02071714,0.02110941
0.02125257,0.02153938,0.0217562,0.02190232,0.02197282,0.02195602,0.0218358,0.02164023,0.02136256,0.02096907,0.02046796,0.01985433,0.01913071,0.018294,0.01735016,0.01630006,0.01515301,0.01391317,0.01259223,0.01119661,0.00973945,0.008228349,0.006677098,0.005093692,0.003491852,0.001879366,0.0002693877,-0.001330964,-0.002909448,-0.004459938,-0.005971359,-0.007438808,-0.008852541,-0.01020898,-0.01149982,-0.01272286,-0.01387118,-0.01494395,-0.0159356,-0.01684653,-0.01767242,-0.01841479,-0.01907033,-0.01964151,-0.02012584,-0.02052653,-0.02084173,-0.02107515,-0.02122536,-0.02129637,-0.021287,-0.02120144,-0.02103856,-0.02080261,-0.02049248,-0.02011232,-0.01966101,-0.01914269,-0.01855614,-0.0179055,-0.01718963,-0.01641265,-0.01557358,-0.01467675,-0.01372136,-0.01271208,-0.01164852,-0.01053575,-0.009373923,-0.008168739,-0.00692094,-0.005636963,-0.004318353,-0.002972317,-0.001601263,-0.0002133079,0.001188271,0.002594416,0.004000947,0.005397857,0.0067802,0.008137273,0.009463535,0.01074791,0.01198515,0.01316415,0.01428147,0.01532769,0.0163012,0.01719262,0.01800261,0.01873908,0.01939178,0.01996764,0.02046837,0.02089611
0.0207198,0.02103,0.02125971,0.02140405,0.02146685,0.02144914,0.02136156,0.02116361,0.02085449,0.02045555,0.01995454,0.01934818,0.01863552,0.01781855,0.01690003,0.01588495,0.01477936,0.0135907,0.0123274,0.01099855,0.009614009,0.008183625,0.006717877,0.00522667,0.003720398,0.002208519,0.000700857,-0.0007940025,-0.002267155,-0.003711159,-0.005118258,-0.006482323,-0.007796879,-0.00905716,-0.01025803,-0.01139608,-0.01246745,-0.01347005,-0.01440118,-0.01525988,-0.01604449,-0.01675501,-0.01739059,-0.01795201,-0.01843901,-0.01885289,-0.01919378,-0.01946332,-0.0196618,-0.01979098,-0.0198512,-0.0198442,-0.01977018,-0.0196308,-0.0194261,-0.01915754,-0.01882501,-0.01842986,-0.01797179,-0.01745212,-0.01687053,-0.01622831,-0.01552529,-0.01476299,-0.01394138,-0.01306237,-0.01212641,-0.01113582,-0.01009167,-0.008997002,-0.007853513,-0.006665096,-0.005434348,-0.004165998,-0.002863632,-0.001533011,-0.000178737,0.001192379,0.002574636,0.003960178,0.005342214,0.006711989,0.008061663,0.009381966,0.01066463,0.01190049,0.01308105,0.01419844,0.01524571,0.01621972,0.01711714,0.01792373,0.01865189,0.01929317,0.01985213,0.02032629
0.0197245,0.02010383,0.02039804,0.02060742,0.0207288,0.0207532,0.02066714,0.02050155,0.02025382,0.01989348,0.01943179,0.01886661,0.01820278,0.01743895,0.01658228,0.01563438,0.01460485,0.01349775,0.01232434,0.01109035,0.009807962,0.008483647,0.007129867,0.005753153,0.004365601,0.002973294,0.001587538,0.0002135601,-0.001138389,-0.002464192,-0.00375484,-0.005007464,-0.006214384,-0.007374006,-0.008479977,-0.009531949,-0.01052477,-0.01145925,-0.0123313,-0.01314267,-0.01389021,-0.01457642,-0.01519878,-0.01576033,-0.01625898,-0.01669808,-0.01707575,-0.01739542,-0.01765521,-0.01785847,-0.01800317,-0.01809244,-0.01812399,-0.01810066,-0.01801988,-0.01788414,-0.01769062,-0.01744157,-0.01713389,-0.01676973,-0.01634595,-0.01586459,-0.01532263,-0.01472232,-0.01406082,-0.01334077,-0.01255984,-0.01172112,-0.01082296,-0.00986923,-0.008858987,-0.007797015,-0.006683385,-0.0055238,-0.004319421,-0.003077103,-0.001799084,-0.000493441,0.0008363486,0.00218096,0.003535701,0.004890036,0.006238134,0.007568363,0.008874296,0.01014343,0.01136994,0.01254191,0.01365423,0.01469422,0.01565808,0.01654919,0.01735391,0.01807479,0.0187104,0.01926027
0.01838766,0.01883206,0.0191873,0.01944881,0.01962125,0.01970715,0.01971951,0.01962094,0.01941241,0.01911823,0.01872869,0.0182428,0.01766128,0.0169876,0.01622531,0.01537995,0.01445755,0.01346532,0.01241101,0.01130292,0.01014975,0.008960136,0.007743053,0.006506873,0.005260233,0.004010845,0.002766587,0.001534152,0.000320401,-0.0008691993,-0.002028967,-0.003154737,-0.004242068,-0.005288081,-0.006289532,-0.007244757,-0.008151578,-0.00900941,-0.009816989,-0.01057457,-0.01128159,-0.01193894,-0.01254648,-0.01310551,-0.01361612,-0.01407972,-0.01449638,-0.01486745,-0.01519277,-0.01547345,-0.01570898,-0.01590008,-0.01604579,-0.0161464,-0.01620049,-0.01620787,-0.01616673,-0.01607654,-0.01593508,-0.01574166,-0.0154939,-0.01519096,-0.01483053,-0.01441198,-0.01393312,-0.01339374,-0.01279216,-0.01212866,-0.01140227,-0.01061412,-0.009764009,-0.008854073,-0.007885204,-0.00686052,-0.005782118,-0.004654385,-0.003480609,-0.002266493,-0.001016719,0.0002617179,0.00156268,0.002877818,0.00419954,0.005518337,0.006825457,0.00811072,0.009364232,0.01057597,0.01173664,0.01283957,0.01387831,0.01483522,0.0157181,0.0165155,0.01722842,0.01785181
0.0165941,0.0171319,0.01758246,0.01794574,0.01821895,0.01839428,0.01845924,0.01844595,0.01835466,0.01815666,0.01786496,0.01747913,0.01700535,0.01644327,0.01580063,0.01507925,0.0142886,0.01343228,0.01252081,0.01155896,0.01055772,0.009522215,0.008463391,0.007386158,0.006300859,0.005211773,0.004128291,0.003053715,0.001996304,0.0009581941,-5.361902e-05,-0.001038215,-0.001989879,-0.002908879,-0.003790696,-0.004636689,-0.005443365,-0.006213,-0.00694294,-0.007636145,-0.008290567,-0.008909613,-0.009491547,-0.01003996,-0.0105532,-0.01103478,-0.01148288,-0.01190073,-0.01228614,-0.01264186,-0.01296519,-0.01325832,-0.01351791,-0.01374553,-0.01393724,-0.01409395,-0.0142112,-0.01428939,-0.01432356,-0.0143138,-0.01425489,-0.0141467,-0.01398401,-0.0137668,-0.01348998,-0.0131539,-0.01275401,-0.01229111,-0.01176143,-0.01116667,-0.01050385,-0.009775766,-0.008980642,-0.008122321,-0.007200358,-0.006219978,-0.005181994,-0.004093098,-0.002955632,-0.001777729,-0.000563275,0.0006780181,0.001940803,0.003213785,0.004490387,0.005757883,0.007009398,0.008231882,0.009418204,0.01055381,0.01163174,0.01265204,0.01359845,0.01446975,0.01526145,0.01597028
0.01448454,0.01509248,0.01561572,0.01604889,0.01639618,0.01666011,0.01685479,0.01694448,0.0169304,0.01683852,0.01666052,0.01639663,0.01604842,0.01562011,0.01511548,0.01454016,0.01389984,0.01320122,0.01245117,0.01165703,0.01082624,0.009966094,0.009084018,0.008186806,0.007281315,0.006373511,0.005469352,0.004573661,0.003691315,0.002825855,0.001980956,0.001158879,0.0003620989,-0.0004083466,-0.001151062,-0.001866101,-0.00255298,-0.003212644,-0.003845315,-0.00445255,-0.005035,-0.00559458,-0.00613209,-0.006649525,-0.007147579,-0.007628036,-0.008091204,-0.008538447,-0.008969488,-0.009385064,-0.009784185,-0.01016685,-0.01053122,-0.01087652,-0.01120008,-0.01150033,-0.01177388,-0.0120185,-0.01223012,-0.01240608,-0.01254189,-0.01263455,-0.01267947,-0.01267369,-0.01261263,-0.01249369,-0.01231275,-0.01206769,-0.01175516,-0.01137394,-0.01092156,-0.01039795,-0.009801896,-0.009134504,-0.008395976,-0.00758895,-0.006715008,-0.005778378,-0.004782324,-0.003732566,-0.002634118,-0.001494395,-0.0003200882,0.0008798116,0.002096979,0.003321302,0.004542712,0.005750407,0.006934214,0.008085473,0.009196107,0.01024631,0.01124053,0.012165,0.01301768,0.01379101
0.01198312,0.01266878,0.0132776,0.01380843,0.01425782,0.01461812,0.01487652,0.01506489,0.01518532,0.01520965,0.0151516,0.01501149,0.01479611,0.01450548,0.01414747,0.01372375,0.01324342,0.01270946,0.01213155,0.01151344,0.01086492,0.01018978,0.00949751,0.008791438,0.008080227,0.007366429,0.006657599,0.005955192,0.005265549,0.004588895,0.003930256,0.003288643,0.002667809,0.002065609,0.00148468,0.0009218658,0.0003788831,-0.0001481878,-0.0006583133,-0.001155911,-0.001640332,-0.002116214,-0.00258297,-0.003045141,-0.003501934,-0.003957502,-0.004410555,-0.004864623,-0.005317683,-0.005772429,-0.006225971,-0.006680038,-0.007130726,-0.007578764,-0.008019244,-0.008451876,-0.008870854,-0.009275013,-0.009657708,-0.01001711,-0.01034604,-0.01064213,-0.01089797,-0.01111109,-0.01127398,-0.01138442,-0.01143533,-0.01142485,-0.01134668,-0.01119987,-0.01097899,-0.01068429,-0.0103117,-0.009862705,-0.009334794,-0.008731115,-0.00805064,-0.007298289,-0.006474898,-0.005587046,-0.004637443,-0.003634572,-0.002582826,-0.001492593,-0.0003699109,0.0007731281,0.001929615,0.003086573,0.004236179,0.005363466,0.006459753,0.007523251,0.008536296,0.009494995,0.01039256,0.01122337
0.009274255,0.009996503,0.01064956,0.01122682,0.01173136,0.01216486,0.01254159,0.01282671,0.01302047,0.01314959,0.01320632,0.01319135,0.01310648,0.0129562,0.0127442,0.01247595,0.01215666,0.01179248,0.01138942,0.01095394,0.01049227,0.01001053,0.009514723,0.009010221,0.008502255,0.00799519,0.007493211,0.006999386,0.006516724,0.006046911,0.005591674,0.005151378,0.00472652,0.00431622,0.003919926,0.003535697,0.003162121,0.002796462,0.002436708,0.002079633,0.00172297,0.001363305,0.0009984272,0.0006250721,0.000241389,-0.0001554012,-0.0005664678,-0.0009938576,-0.001437813,-0.001899416,-0.00237782,-0.002872973,-0.003382791,-0.003906047,-0.004439404,-0.004980439,-0.005524661,-0.006068577,-0.006606623,-0.007134449,-0.007645696,-0.008135336,-0.00859654,-0.009024003,-0.009410647,-0.009751266,-0.01003904,-0.01026909,-0.01043525,-0.01053351,-0.01055855,-0.01050759,-0.0103767,-0.01016441,-0.009868437,-0.009489129,-0.00902585,-0.008480895,-0.007855688,-0.007154317,-0.006380325,-0.005539895,-0.004638483,-0.003684203,-0.002684502,-0.001648873,-0.0005868227,0.0004909349,0.001574423,0.002654197,0.003721911,0.004756914,0.005761669,0.006721285,0.007631658,0.008483456
0.006330713,0.007082234,0.007775931,0.008409538,0.00897868,0.009475499,0.0098863,0.01024186,0.01054556,0.01076915,0.01092635,0.01101773,0.01105027,0.01102399,0.01094674,0.01081993,0.01065229,0.01044625,0.01021078,0.009948811,0.009669151,0.009374501,0.009073117,0.008767033,0.008463467,0.008163487,0.007873031,0.007591902,0.007324684,0.00706982,0.006830451,0.006603721,0.006391414,0.006189444,0.005998444,0.005813292,0.005633688,0.005453778,0.005272623,0.005083931,0.00488648,0.004673881,0.004444986,0.00419368,0.003919225,0.003616121,0.003284375,0.002919391,0.002522217,0.002089407,0.001623238,0.00112162,0.0005882148,2.235599e-05,-0.0005708511,-0.001190643,-0.001830551,-0.002488455,-0.003156619,-0.003831784,-0.004505194,-0.005172659,-0.005824734,-0.006456676,-0.007058621,-0.007625682,-0.008148079,-0.008621071,-0.009035408,-0.009387084,-0.009667636,-0.009874209,-0.00999975,-0.01004273,-0.009997849,-0.009865492,-0.009642142,-0.009330323,-0.008928828,-0.008442213,-0.007871618,-0.007223982,-0.006502488,-0.005716375,-0.004870911,-0.003977264,-0.003041988,-0.002077466,-0.001091535,-9.871329e-05,0.0008915743,0.001876867,0.002839244,0.003773322,0.004671086,0.005525474
0.003371923,0.004103759,0.004787484,0.005415519,0.005989897,0.006511305,0.006993967,0.007403736,0.00773947,0.008028157,0.008262243,0.008442629,0.008571108,0.008652272,0.008689684,0.008688729,0.008654259,0.008592085,0.00850763,0.008406744,0.008294864,0.008177262,0.008058912,0.007944124,0.00783689,0.007740313,0.007657146,0.007588996,0.007537269,0.007502017,0.007483195,0.007479385,0.007489182,0.007509782,0.007538636,0.007571785,0.007605741,0.007635708,0.007657577,0.007666044,0.007656777,0.007624332,0.007564507,0.007472113,0.007343451,0.007173978,0.00696087,0.006700542,0.00639136,0.006030971,0.005619163,0.005155078,0.004640084,0.004074906,0.00346261,0.002805519,0.002108343,0.001374988,0.0006116878,-0.0001762682,-0.0009812965,-0.001796965,-0.002614679,-0.003427183,-0.004225185,-0.005001038,-0.005745222,-0.006450052,-0.00710628,-0.007706769,-0.00824289,-0.008708552,-0.009096418,-0.009401706,-0.009618825,-0.009745002,-0.009776541,-0.00971299,-0.009553171,-0.009298891,-0.008951638,-0.00851592,-0.007995628,-0.007397762,-0.006728732,-0.00599732,-0.005212328,-0.004384221,-0.00352249,-0.002636939,-0.00173559,-0.0008392276,5.353482e-05,0.000927573,0.001777687,0.00259367
0.0003951218,0.001097699,0.001763681,0.00239009,0.0029719,0.00350126,0.00396367,0.004388528,0.004780498,0.005111162,0.005394036,0.005629875,0.005825772,0.005981808,0.006105885,0.006199381,0.006270892,0.00632266,0.006363358,0.006395515,0.006427435,0.00646124,0.00650446,0.006558357,0.006629211,0.006717103,0.006826828,0.006956983,0.007110796,0.007285303,0.007482071,0.007696638,0.007929023,0.008173341,0.00842829,0.008686797,0.008946468,0.009199384,0.00944241,0.009667099,0.009869982,0.01004248,0.01018119,0.01027784,0.01032949,0.01032858,0.01027302,0.0101563,0.009977595,0.009731734,0.009419381,0.009037044,0.008587054,0.008067714,0.007483214,0.006833661,0.006125086,0.005359474,0.004544567,0.003684052,0.002787286,0.001859394,0.0009110401,-5.144953e-05,-0.001016461,-0.001976901,-0.002920609,-0.003840138,-0.004723315,-0.005562895,-0.006347121,-0.007069526,-0.007719471,-0.008291665,-0.008777154,-0.009172596,-0.009471005,-0.009671465,-0.009769725,-0.009767393,-0.009663183,-0.009461771,-0.009164591,-0.008779316,-0.008310213,-0.007767425,-0.007157139,-0.006491183,-0.005777454,-0.00502998,-0.004258793,-0.003466748,-0.002671616,-0.001879702,-0.001099606,-0.0003391455
-0.00238169,-0.001751618,-0.001149455,-0.0005833556,-5.204407e-05,0.0004443873,0.0009201929,0.001342247,0.001707968,0.002044575,0.002344777,0.002609723,0.002841333,0.003044423,0.003222702,0.003381752,0.003526445,0.003662702,0.003795876,0.003931747,0.004075559,0.004232363,0.004406746,0.004602621,0.004823412,0.005071593,0.00534915,0.005656833,0.005995038,0.006362728,0.006758604,0.007179907,0.007623742,0.008085712,0.00856155,0.009045477,0.009532072,0.01001452,0.01048659,0.0109408,0.01137055,0.01176809,0.01212686,0.0124393,0.01269933,0.01290002,0.01303617,0.01310189,0.01309328,0.01300577,0.01283711,0.01258443,0.01224724,0.01182458,0.01131803,0.01072851,0.01005967,0.009314529,0.00849867,0.007617028,0.006677166,0.005685672,0.00465179,0.003583652,0.002491793,0.001385478,0.0002762415,-0.0008259925,-0.001909225,-0.002963354,-0.003976441,-0.004938832,-0.00583934,-0.006669283,-0.00741891,-0.008081368,-0.008648825,-0.009116883,-0.009480524,-0.009738075,-0.00988777,-0.009931386,-0.009870346,-0.009709804,-0.009454613,-0.009112561,-0.008691627,-0.008202098,-0.007653152,-0.007055161,-0.006416051,-0.00575687,-0.005077332,-0.004392729,-0.003709141,-0.003037331
-0.004977517,-0.004419839,-0.00388068,-0.003363595,-0.002874101,-0.002419866,-0.002015956,-0.001634504,-0.001269416,-0.000949077,-0.0006601624,-0.0004016072,-0.0001660388,4.688787e-05,0.000245432,0.000431309,0.0006133828,0.0007942417,0.0009828059,0.001181835,0.001399816,0.00163902,0.00190699,0.002205017,0.002539242,0.002909561,0.00332044,0.003770081,0.00426112,0.004789958,0.005357309,0.00595779,0.00659029,0.007247717,0.007927348,0.008620623,0.009323448,0.01002614,0.01072361,0.01140538,0.01206581,0.01269407,0.0132844,0.0138261,0.01431374,0.01473723,0.01509188,0.01536864,0.01556403,0.01567037,0.01568575,0.01560427,0.01542579,0.01514639,0.01476807,0.01428892,0.01371313,0.01304108,0.012279,0.0114295,0.01050102,0.009498064,0.008431065,0.007306506,0.006136375,0.004928754,0.003697064,0.002450472,0.001203317,-3.45015e-05,-0.001248327,-0.002428183,-0.003559724,-0.004633567,-0.005636464,-0.006560505,-0.00739421,-0.008131967,-0.008765119,-0.009290894,-0.009704095,-0.0100057,-0.01019409,-0.01027419,-0.01024833,-0.01012496,-0.009909458,-0.009612943,-0.009243448,-0.00881476,-0.008337866,-0.007816452,-0.007268538,-0.006701685,-0.006125314,-0.005548133
-0.0072148,-0.006758316,-0.006313737,-0.005889986,-0.005486696,-0.005104863,-0.004730408,-0.004395269,-0.004103507,-0.003827823,-0.003575172,-0.003344095,-0.003132401,-0.002934906,-0.002747476,-0.002564009,-0.002379213,-0.00218657,-0.001980219,-0.001753843,-0.001501664,-0.001218096,-0.0008981254,-0.0005373718,-0.0001320645,0.0003205503,0.00082266,0.001375113,0.001978262,0.002630933,0.003331533,0.004076857,0.004863432,0.005686101,0.006539687,0.007417331,0.008312368,0.009216556,0.01012211,0.01101977,0.01190108,0.01275619,0.01357642,0.01435182,0.01507393,0.01573324,0.01632193,0.01683137,0.01725492,0.01758512,0.01781693,0.01794457,0.01796473,0.0178736,0.01767006,0.01735228,0.01692145,0.01637812,0.01572562,0.01496687,0.0141077,0.01315307,0.01211113,0.01098914,0.009797147,0.008544406,0.007242937,0.005903449,0.004539469,0.003162997,0.001788408,0.0004283403,-0.0009024873,-0.002191577,-0.003424733,-0.00459048,-0.005676033,-0.006671929,-0.007567957,-0.008357475,-0.009033773,-0.009594189,-0.01003598,-0.01036085,-0.01057062,-0.01067093,-0.01066799,-0.01057132,-0.01038949,-0.01013346,-0.009811332,-0.009444831,-0.009035338,-0.008598933,-0.00814317,-0.007679908
-0.009157636,-0.008788569,-0.008423773,-0.008068004,-0.007727791,-0.007411085,-0.007133753,-0.006870021,-0.006612684,-0.006390147,-0.00618953,-0.006009558,-0.005842637,-0.005688125,-0.005537305,-0.005387905,-0.005230539,-0.005061871,-0.004872276,-0.004658211,-0.004410367,-0.004125581,-0.003795524,-0.003417983,-0.002986033,-0.002498975,-0.00195164,-0.001345138,-0.0006763433,5.164366e-05,0.0008398051,0.00168296,0.00257999,0.003523696,0.004510992,0.005532872,0.006584512,0.007655391,0.008739305,0.009824558,0.01090398,0.01196516,0.01300041,0.01399708,0.01494747,0.01583916,0.01666489,0.01741296,0.01807708,0.01864663,0.01911667,0.01947821,0.01972787,0.01985858,0.01986906,0.01975417,0.01951488,0.01914853,0.0186582,0.01804372,0.0173108,0.01646144,0.0155039,0.01444283,0.01328859,0.01204829,0.0107347,0.009356827,0.007929489,0.006463685,0.004975575,0.003477537,0.001986761,0.000516123,-0.0009170618,-0.002300217,-0.003616965,-0.00485619,-0.006003718,-0.007051025,-0.007987327,-0.008808061,-0.009506643,-0.01008326,-0.01053641,-0.01087111,-0.01109044,-0.01120362,-0.01121798,-0.01114662,-0.01100131,-0.01078681,-0.01052184,-0.01021582,-0.009879752,-0.009524028
-0.01068483,-0.0104184,-0.01015003,-0.009890326,-0.009640736,-0.009403984,-0.009167106,-0.008961329,-0.008792748,-0.008634717,-0.008494263,-0.008370019,-0.008259804,-0.008158321,-0.008061118,-0.007961627,-0.007854062,-0.007731156,-0.007586238,-0.007412108,-0.007201946,-0.006949055,-0.006647302,-0.006291064,-0.005875332,-0.005396143,-0.004850053,-0.004235029,-0.003549602,-0.002793885,-0.001968504,-0.001075862,-0.0001187021,0.0008983452,0.001970489,0.003091052,0.004253391,0.005449023,0.006669776,0.007905712,0.009147522,0.01038426,0.0116059,0.01280094,0.01395914,0.01506893,0.01612031,0.01710215,0.01800522,0.01881916,0.01953594,0.02014657,0.02064441,0.02102218,0.02127522,0.02139798,0.02138802,0.02124212,0.02095991,0.02054066,0.0199867,0.01929948,0.01848408,0.01754478,0.01648902,0.01532381,0.0140595,0.01270537,0.0112744,0.00977847,0.008232522,0.006650521,0.005049298,0.003443974,0.001852372,0.0002901026,-0.001225251,-0.002678865,-0.004054665,-0.00534002,-0.006521851,-0.007591332,-0.008539622,-0.0093628,-0.0100575,-0.01062503,-0.0110678,-0.01139274,-0.01160639,-0.0117191,-0.01173853,-0.01168669,-0.01156672,-0.01139584,-0.01118372,-0.0109441
-0.01190557,-0.01171963,-0.01152327,-0.01132359,-0.01112926,-0.01094965,-0.01080233,-0.01066483,-0.0105299,-0.01042664,-0.0103435,-0.01027971,-0.01022812,-0.01018832,-0.01015161,-0.01011547,-0.01007028,-0.01001204,-0.009930461,-0.009821087,-0.009673573,-0.009483487,-0.009241262,-0.008943155,-0.008580746,-0.008151717,-0.007649274,-0.007072801,-0.006417587,-0.00568503,-0.004872617,-0.003984004,-0.00301895,-0.001983337,-0.000879194,0.0002854778,0.001506568,0.002774147,0.004082308,0.005419499,0.006778355,0.008146112,0.009514381,0.0108696,0.01220285,0.01350025,0.01475274,0.01594666,0.01707335,0.01811966,0.01907782,0.0199358,0.02068687,0.02132051,0.0218317,0.0222114,0.02245657,0.02256043,0.02252176,0.02233618,0.02200513,0.02152639,0.02090412,0.02013916,0.01923806,0.0182047,0.01704889,0.01577711,0.01440228,0.01293418,0.01138819,0.009776963,0.008118592,0.006427681,0.004724167,0.003024161,0.001348129,-0.0002876694,-0.001863491,-0.003364601,-0.004773691,-0.006079319,-0.007268242,-0.008333873,-0.009268625,-0.01007171,-0.01074152,-0.01128305,-0.01170087,-0.0120056,-0.01220833,-0.01231399,-0.01234136,-0.01230162,-0.01220753,-0.01207172
-0.01274261,-0.01264683,-0.01253193,-0.01241124,-0.0122892,-0.01217149,-0.0120477,-0.01194944,-0.01188593,-0.01183259,-0.01179757,-0.01178066,-0.01178065,-0.01179303,-0.01181382,-0.0118367,-0.01185596,-0.01186408,-0.01185392,-0.01181763,-0.01174744,-0.01163552,-0.01147442,-0.01125699,-0.0109765,-0.01062721,-0.01020371,-0.009701936,-0.009118338,-0.00845091,-0.007698121,-0.006860322,-0.005938167,-0.004934353,-0.003851802,-0.002695508,-0.001470531,-0.000184041,0.001156981,0.002543469,0.003966822,0.005416445,0.006882487,0.008353198,0.009817919,0.01126423,0.01268107,0.01405579,0.01537746,0.01663356,0.0178137,0.0189061,0.0199011,0.02078803,0.02155867,0.02220347,0.02271593,0.02308845,0.02331611,0.02339348,0.0233182,0.02308676,0.02269954,0.02215606,0.02145912,0.02061142,0.01961933,0.01848833,0.01722839,0.01584877,0.01436248,0.01278233,0.01112492,0.009405736,0.007644219,0.005858351,0.004069034,0.002295376,0.0005586389,-0.001122816,-0.002729284,-0.004245048,-0.005654007,-0.006944981,-0.0081074,-0.009135954,-0.01002676,-0.0107816,-0.01140244,-0.01189667,-0.0122695,-0.01254142,-0.01271604,-0.01281094,-0.01283744,-0.0128112
-0.01332781,-0.01330075,-0.01324269,-0.01316386,-0.013076,-0.01299109,-0.01292946,-0.01287337,-0.0128171,-0.01279155,-0.0127879,-0.01280719,-0.012844,-0.01289931,-0.01296559,-0.01304111,-0.01311691,-0.01318922,-0.01324776,-0.01328778,-0.01329838,-0.01327416,-0.01320451,-0.0130842,-0.0129032,-0.0126573,-0.01233769,-0.01194144,-0.01146157,-0.01089694,-0.01024251,-0.009499333,-0.008664603,-0.00774158,-0.006729839,-0.00563491,-0.004458656,-0.003208823,-0.001889409,-0.0005101774,0.0009229687,0.002398546,0.003909079,0.005441707,0.006987775,0.008533459,0.01006928,0.01158089,0.0130585,0.01448752,0.01585828,0.01715657,0.01837299,0.01949408,0.02051144,0.02141237,0.02218976,0.02283255,0.02333485,0.02368749,0.02388681,0.02392539,0.02380208,0.02351243,0.02305757,0.02243632,0.02165347,0.0207108,0.01961697,0.01837805,0.0170061,0.01551145,0.01391046,0.01221691,0.0104509,0.008629791,0.006776049,0.00490932,0.0030535,0.001228487,-0.0005424244,-0.002240969,-0.003846818,-0.00534563,-0.006722264,-0.007968266,-0.009075023,-0.01004083,-0.01086478,-0.01155242,-0.01211148,-0.0125448,-0.01286927,-0.01309617,-0.01323888,-0.01331161
-0.01360254,-0.01365636,-0.0136664,-0.01364891,-0.01361186,-0.01356464,-0.01350062,-0.01345283,-0.0134347,-0.01342532,-0.0134353,-0.01346703,-0.01352165,-0.01359688,-0.01369052,-0.01379785,-0.01391442,-0.01403365,-0.01414897,-0.01425285,-0.01433737,-0.0143943,-0.0144154,-0.01439245,-0.01431724,-0.0141824,-0.01398045,-0.01370512,-0.0133504,-0.01291166,-0.01238451,-0.01176646,-0.01105509,-0.01025011,-0.00935135,-0.008360838,-0.007280632,-0.006115116,-0.004868524,-0.003547458,-0.002158145,-0.0007091839,0.000791428,0.002333384,0.003907249,0.005501362,0.007105186,0.008706083,0.01029285,0.01185216,0.01337253,0.01484052,0.01624455,0.01757141,0.01881009,0.01994767,0.02097405,0.02187747,0.02264864,0.02327728,0.02375605,0.02407601,0.02423208,0.02421808,0.02403106,0.02366791,0.02312946,0.02241554,0.02153104,0.0204804,0.01927223,0.01791571,0.01642452,0.01481184,0.01309601,0.01129477,0.009429791,0.00752213,0.00559616,0.003674191,0.00178119,-6.113194e-05,-0.001829853,-0.003506387,-0.005072277,-0.006514386,-0.007820829,-0.008986058,-0.01000506,-0.01087947,-0.01160939,-0.01221103,-0.01268598,-0.01304989,-0.01331389,-0.01349413
-0.01369653,-0.01381616,-0.01387645,-0.01389033,-0.01387252,-0.01383798,-0.01381012,-0.01377688,-0.01373528,-0.01371893,-0.0137231,-0.013752,-0.0138034,-0.01388109,-0.0139802,-0.01410121,-0.01423731,-0.01438627,-0.0145392,-0.01469224,-0.01483509,-0.01496244,-0.01506353,-0.01513243,-0.01515816,-0.01513509,-0.01505273,-0.01490604,-0.01468574,-0.01438802,-0.01400504,-0.01353473,-0.01297113,-0.01231411,-0.01155986,-0.01071043,-0.009764273,-0.008725674,-0.007595372,-0.006379902,-0.005082177,-0.003710842,-0.00227085,-0.0007727108,0.0007768429,0.002365666,0.003985545,0.005623026,0.007268766,0.008908292,0.01053147,0.01212329,0.01367304,0.01516547,0.01658992,0.01793103,0.01917847,0.02031761,0.02133846,0.02222744,0.02297603,0.02357164,0.02400761,0.02427384,0.02436544,0.02427526,0.02400204,0.0235415,0.02289642,0.0220674,0.02106109,0.0198832,0.01854597,0.01705969,0.01544195,0.01370858,0.01188126,0.009980286,0.00803115,0.006056514,0.004083578,0.002135713,0.0002390343,-0.001585142,-0.003314336,-0.004932103,-0.00642189,-0.007773828,-0.008979565,-0.01003726,-0.01094861,-0.01171162,-0.01233853,-0.01283804,-0.01322174,-0.01350328
-0.01355117,-0.0137535,-0.01388087,-0.01395126,-0.01397543,-0.01396604,-0.01392045,-0.01387329,-0.01384254,-0.01381199,-0.01379563,-0.01379961,-0.01382864,-0.01388403,-0.01396679,-0.01407525,-0.01420769,-0.01435998,-0.01452752,-0.01470456,-0.01488438,-0.01505963,-0.01522248,-0.01536472,-0.01547765,-0.01555306,-0.01558214,-0.015557,-0.01546949,-0.01531264,-0.0150793,-0.01476401,-0.01436108,-0.01386684,-0.01327746,-0.01259132,-0.01180667,-0.01092414,-0.009944135,-0.008869647,-0.007703227,-0.006450141,-0.005115098,-0.003705472,-0.002227947,-0.0006918761,0.0008943486,0.002519652,0.00417416,0.005845351,0.00752217,0.009191035,0.01083992,0.01245448,0.01402226,0.01552828,0.01695997,0.0183025,0.01954322,0.0206678,0.02166463,0.0225199,0.02322344,0.02376352,0.02413145,0.02431807,0.02431814,0.02412514,0.02373785,0.02315461,0.02237815,0.02141212,0.02026528,0.01894617,0.01746954,0.01585021,0.01410779,0.01226246,0.01033882,0.008360353,0.00635463,0.004346991,0.002365087,0.0004332831,-0.001423248,-0.00318414,-0.004829548,-0.006345963,-0.007720259,-0.008946572,-0.01001783,-0.01094337,-0.01172008,-0.01235895,-0.01286818,-0.01326184
-0.01328198,-0.01355729,-0.01374092,-0.01384673,-0.01389102,-0.01389072,-0.01387153,-0.01382673,-0.01375635,-0.01369681,-0.01364796,-0.01361797,-0.01360876,-0.01362795,-0.01367462,-0.01375273,-0.01385897,-0.01399411,-0.01415212,-0.01433143,-0.01452386,-0.01472557,-0.01492703,-0.01512288,-0.01530244,-0.01545973,-0.0155836,-0.01566778,-0.01570144,-0.01567868,-0.01558934,-0.01542853,-0.01518728,-0.01486208,-0.0144456,-0.01393609,-0.01332817,-0.01262208,-0.0118146,-0.0109082,-0.009901856,-0.008800335,-0.007604921,-0.006322542,-0.004956709,-0.003516539,-0.00200755,-0.0004408471,0.00117615,0.002830605,0.004513449,0.006210372,0.007910882,0.009599467,0.01126466,0.0128899,0.01446304,0.0159672,0.01738963,0.0187135,0.01992654,0.02101201,0.02195858,0.0227512,0.02337956,0.02383086,0.02409787,0.02417021,0.02404441,0.02371492,0.02318208,0.02244576,0.02151254,0.02038743,0.01908334,0.01761226,0.01599247,0.01424217,0.01238552,0.010445,0.008448754,0.006422424,0.004395247,0.002393136,0.0004439394,-0.001429447,-0.00320349,-0.00486056,-0.006384595,-0.007765594,-0.008997686,-0.01007225,-0.01099455,-0.01176812,-0.01240007,-0.01290081
-0.01282652,-0.01319256,-0.01345193,-0.01362213,-0.01371476,-0.01374413,-0.01371038,-0.01364888,-0.01358122,-0.01349587,-0.01341011,-0.01333414,-0.01327669,-0.01324335,-0.01323919,-0.01326665,-0.0133278,-0.01342225,-0.01354869,-0.01370446,-0.01388549,-0.01408672,-0.01430211,-0.01452486,-0.01474711,-0.01496111,-0.0151579,-0.01532909,-0.0154654,-0.01555844,-0.01559905,-0.01557949,-0.01549128,-0.01532779,-0.01508173,-0.01474799,-0.01432092,-0.01379725,-0.01317325,-0.01244786,-0.01161938,-0.01068908,-0.009657597,-0.008528478,-0.007304665,-0.005992151,-0.004596015,-0.003124562,-0.001585054,1.213047e-05,0.001657753,0.003339491,0.005046363,0.006764346,0.008481042,0.01018093,0.01185047,0.01347328,0.01503482,0.01651818,0.01790886,0.01918957,0.02034629,0.02136288,0.02222599,0.02292128,0.02343813,0.02376423,0.02389248,0.02381513,0.02352877,0.02303096,0.02232461,0.02141245,0.02030404,0.01900941,0.01754397,0.01592449,0.01417313,0.01231165,0.01036721,0.008365748,0.006336599,0.004307052,0.002306356,0.0003598362,-0.001506577,-0.003272696,-0.004918063,-0.006429364,-0.007791924,-0.009007076,-0.01006536,-0.0109711,-0.01172717,-0.01234301
-0.01228752,-0.01273436,-0.01306058,-0.01327855,-0.01340388,-0.01345349,-0.01345346,-0.0134009,-0.01329802,-0.0131829,-0.01305948,-0.0129396,-0.01282931,-0.01274028,-0.01267591,-0.0126443,-0.01264639,-0.01268688,-0.01276363,-0.01287853,-0.0130267,-0.01320708,-0.01341264,-0.01364,-0.01388006,-0.01412783,-0.01437281,-0.01460875,-0.0148244,-0.01501294,-0.01516287,-0.01526741,-0.01531542,-0.01530071,-0.01521301,-0.01504725,-0.01479456,-0.01445136,-0.01401054,-0.0134705,-0.01282611,-0.01207798,-0.01122333,-0.01026502,-0.009202695,-0.008041755,-0.006784188,-0.005437852,-0.004007249,-0.002502495,-0.0009304387,0.0006965259,0.002369443,0.00407387,0.005798943,0.0075284,0.009249739,0.0109454,0.01260145,0.01419938,0.01572474,0.01715829,0.01848553,0.01968795,0.02075127,0.02165837,0.02239725,0.02295251,0.02331522,0.0234743,0.02342423,0.02315906,0.02267945,0.02198463,0.02108188,0.01997805,0.01868642,0.01722105,0.01560251,0.01385048,0.0119912,0.01004957,0.008054855,0.006034426,0.00401849,0.002033547,0.0001075978,-0.001736104,-0.003475368,-0.00509315,-0.006576386,-0.007909665,-0.00909054,-0.01011603,-0.01098699,-0.01170847
-0.01160452,-0.0121447,-0.01255374,-0.01284621,-0.01303223,-0.01312547,-0.01312692,-0.01307083,-0.01298054,-0.01284809,-0.01269291,-0.01252849,-0.012367,-0.01221802,-0.01209062,-0.0119915,-0.01192686,-0.01190056,-0.01191526,-0.01197221,-0.01207087,-0.01220959,-0.01238512,-0.01259333,-0.01282838,-0.01308423,-0.01335305,-0.01362719,-0.01389749,-0.01415535,-0.01439075,-0.01459478,-0.01475723,-0.01486942,-0.01492152,-0.01490566,-0.014813,-0.01463692,-0.01437002,-0.01400755,-0.01354377,-0.01297611,-0.01230109,-0.01151836,-0.01062688,-0.009628945,-0.008525878,-0.007322659,-0.006023278,-0.004635209,-0.003165003,-0.001622771,-1.738921e-05,0.001638603,0.003334075,0.005054319,0.006786224,0.00851331,0.01022073,0.0118906,0.01350715,0.01505136,0.01650701,0.01785533,0.01907999,0.02016308,0.0210902,0.02184476,0.02241504,0.02278839,0.02295621,0.02291062,0.02264905,0.0221686,0.02147325,0.02056767,0.01946202,0.01816829,0.01670437,0.01508821,0.01334402,0.01149563,0.009571079,0.007597473,0.005604956,0.003620719,0.001673776,-0.0002116669,-0.002010181,-0.003702813,-0.005268673,-0.006701771,-0.007986424,-0.009119839,-0.01009854,-0.01092587
-0.01087375,-0.01149182,-0.01197072,-0.01231929,-0.01255019,-0.01267822,-0.01272755,-0.012697,-0.01258939,-0.01244259,-0.01226313,-0.01206535,-0.01185842,-0.01165728,-0.01146916,-0.01130594,-0.0111727,-0.01107815,-0.0110243,-0.01101687,-0.01105488,-0.01114074,-0.01127073,-0.01144433,-0.01165506,-0.01189996,-0.01217032,-0.01246104,-0.0127617,-0.01306571,-0.01336145,-0.01364143,-0.01389349,-0.01410989,-0.01427847,-0.01439187,-0.01443863,-0.01441221,-0.0143024,-0.01410421,-0.01380897,-0.01341361,-0.01291169,-0.01230223,-0.0115812,-0.01075029,-0.009807911,-0.008758459,-0.007603221,-0.006349175,-0.005000395,-0.003566709,-0.002054764,-0.0004770295,0.001157225,0.002833156,0.004539156,0.006258288,0.007976894,0.009676314,0.01134153,0.01295251,0.01449333,0.01594385,0.01728767,0.01850516,0.01958135,0.02049763,0.02124126,0.0217972,0.02215547,0.02230545,0.02224284,0.02196179,0.02146422,0.02075183,0.01983257,0.01871553,0.01741649,0.01595078,0.01434075,0.01260824,0.01077993,0.008881728,0.006943156,0.004991166,0.003055087,0.001160749,-0.0006662864,-0.002404457,-0.004035482,-0.005538695,-0.006904956,-0.008125123,-0.00919361,-0.0101094
-0.01004242,-0.01074188,-0.01129837,-0.01172198,-0.01201944,-0.01220182,-0.01226901,-0.01225217,-0.01217415,-0.01202888,-0.01183626,-0.01161147,-0.01136881,-0.01112069,-0.01087921,-0.01065462,-0.01045664,-0.01029306,-0.0101703,-0.01009354,-0.01006591,-0.01008945,-0.01016419,-0.01028925,-0.01046148,-0.0106774,-0.01093114,-0.01121686,-0.01152649,-0.01185236,-0.01218473,-0.01251469,-0.01283143,-0.0131255,-0.01338559,-0.0136023,-0.01376465,-0.01386379,-0.0138896,-0.0138346,-0.01368992,-0.01344986,-0.01310758,-0.01265939,-0.01210076,-0.01143071,-0.01064704,-0.009751571,-0.008745051,-0.007631967,-0.006415955,-0.005104567,-0.003704112,-0.002225016,-0.0006764175,0.0009286664,0.00257856,0.004257821,0.005952551,0.007645272,0.009320444,0.01095893,0.01254404,0.0140561,0.01547771,0.01678933,0.01797463,0.01901474,0.01989517,0.02060018,0.02111776,0.02143609,0.02154851,0.02144762,0.02113268,0.02060353,0.0198653,0.01892498,0.01779561,0.01649039,0.01502913,0.01343178,0.01172293,0.009927011,0.008072281,0.006184875,0.004293761,0.002424102,0.0006032466,-0.001146994,-0.002802104,-0.00435088,-0.005773073,-0.007059966,-0.008202306,-0.009197446
-0.009203009,-0.009961106,-0.0105753,-0.0110499,-0.0113933,-0.01161662,-0.01174033,-0.01176305,-0.0116866,-0.01154663,-0.01135046,-0.01111323,-0.01084574,-0.01056469,-0.01027993,-0.010006,-0.009751185,-0.009527442,-0.009340351,-0.009199063,-0.009106217,-0.00906763,-0.009082941,-0.009154727,-0.009279484,-0.009456799,-0.00968032,-0.009946886,-0.0102477,-0.01057735,-0.01092511,-0.01128385,-0.01164148,-0.01198991,-0.01231626,-0.01261207,-0.01286451,-0.0130653,-0.01320223,-0.01326806,-0.01325168,-0.01314737,-0.01294591,-0.0126434,-0.01223287,-0.011713,-0.01107919,-0.01033281,-0.009472286,-0.008501669,-0.007422334,-0.00624148,-0.004963284,-0.003597884,-0.002152496,-0.0006399314,0.0009298578,0.00254147,0.004182545,0.005835494,0.007486025,0.009114764,0.01070598,0.01223952,0.01369871,0.01506324,0.01631712,0.0174405,0.01841881,0.01923496,0.01987647,0.02032982,0.02058738,0.02063974,0.02048471,0.02011981,0.01954839,0.01877485,0.01781018,0.01666499,0.01535686,0.01390337,0.01232702,0.01065024,0.008899562,0.007099782,0.005278746,0.003461878,0.001675151,-5.835212e-05,-0.001717877,-0.003280036,-0.004731216,-0.006057852,-0.007249214,-0.008299004
-0.008310632,-0.009122166,-0.009792781,-0.0103277,-0.01072953,-0.01100563,-0.01115358,-0.01120004,-0.01116549,-0.01104422,-0.01085484,-0.01061259,-0.01033215,-0.01002727,-0.009711544,-0.009397462,-0.009097019,-0.008820884,-0.008578274,-0.008377545,-0.008224848,-0.008125518,-0.008082517,-0.008098079,-0.00817179,-0.008302875,-0.008487762,-0.008722844,-0.00900175,-0.009318453,-0.009664271,-0.01003125,-0.01040897,-0.01078825,-0.01115751,-0.01150695,-0.01182467,-0.01210085,-0.01232387,-0.01248476,-0.01257272,-0.01258009,-0.01249778,-0.01231985,-0.01203925,-0.01165255,-0.01115495,-0.01054572,-0.009822975,-0.008988692,-0.008043923,-0.00699384,-0.005842297,-0.004597483,-0.003266346,-0.001859839,-0.0003876894,0.001136393,0.00270023,0.004287776,0.005884785,0.007473293,0.009037487,0.01055837,0.01201907,0.01340017,0.01468521,0.01585498,0.01689417,0.01778589,0.01851666,0.01907268,0.01944491,0.01962327,0.01960374,0.01938263,0.01896115,0.01834203,0.01753387,0.01654528,0.01539136,0.01408748,0.01265378,0.01111053,0.009482301,0.007792066,0.0060663,0.0043285,0.002605127,0.0009180416,-0.0007074808,-0.002257709,-0.003710264,-0.005052731,-0.006271848,-0.007360377
-0.00745103,-0.008288173,-0.008989663,-0.009555522,-0.009989657,-0.01029911,-0.01049975,-0.01058883,-0.01056619,-0.01046368,-0.01028787,-0.01005318,-0.009770373,-0.00945637,-0.00912203,-0.008783098,-0.008449641,-0.008135554,-0.007848792,-0.00760088,-0.007397155,-0.007246064,-0.00714999,-0.007114147,-0.007137689,-0.007222622,-0.007364971,-0.007563677,-0.007811894,-0.008105862,-0.008436305,-0.00879723,-0.009177457,-0.00956944,-0.009960664,-0.01034265,-0.01070237,-0.01103101,-0.01131564,-0.01154801,-0.01171584,-0.01181197,-0.01182567,-0.01175128,-0.01158001,-0.01130854,-0.01093026,-0.01044439,-0.00984723,-0.009140585,-0.008323663,-0.007401412,-0.006375857,-0.005254898,-0.004043707,-0.002752908,-0.001390502,3.012202e-05,0.001498459,0.002998782,0.004518387,0.006039628,0.007548106,0.009025032,0.01045482,0.01181813,0.01309952,0.01427973,0.01534412,0.01627547,0.01706067,0.0176852,0.01813991,0.01841366,0.01850175,0.01839902,0.01810555,0.01762212,0.0169557,0.01611271,0.01510616,0.01394911,0.01265941,0.01125509,0.009758392,0.008190373,0.006575457,0.004936427,0.003297271,0.001679969,0.0001051216,-0.001403821,-0.002831349,-0.004161847,-0.005381549,-0.006480696
-0.006582877,-0.007435344,-0.008160296,-0.008758856,-0.009229801,-0.009576871,-0.009795038,-0.009905936,-0.009926596,-0.009850796,-0.009694574,-0.00947185,-0.009196249,-0.008881298,-0.008540574,-0.008187281,-0.007834169,-0.00749336,-0.007175503,-0.006890873,-0.0066475,-0.006452977,-0.006312336,-0.006230197,-0.006208288,-0.006248149,-0.006348243,-0.006507108,-0.006720162,-0.006983223,-0.007289074,-0.007631227,-0.008000328,-0.008388223,-0.008783977,-0.009178358,-0.009559667,-0.009918191,-0.01024209,-0.01052205,-0.01074665,-0.01090752,-0.01099455,-0.01100077,-0.01091782,-0.01074092,-0.01046373,-0.01008393,-0.00959791,-0.00900589,-0.008307035,-0.007504637,-0.006600581,-0.005601064,-0.004511025,-0.003339367,-0.002093767,-0.0007858981,0.0005741261,0.001972287,0.003396293,0.004830187,0.006259992,0.007668492,0.009040525,0.01035818,0.0116063,0.01276691,0.01382545,0.01476563,0.01557423,0.01623726,0.01674505,0.01708659,0.01725622,0.01724829,0.01706155,0.0166957,0.01615592,0.01544707,0.01458002,0.01356581,0.01242004,0.0111584,0.009800969,0.008366494,0.006877508,0.005354124,0.003819913,0.002294608,0.0008018552,-0.000644546,-0.002022499,-0.003318332,-0.004516998,-0.005608727
-0.005779938,-0.006619268,-0.00734046,-0.007940422,-0.008419349,-0.008780722,-0.009035937,-0.009180621,-0.009212414,-0.009158598,-0.009024027,-0.008821324,-0.008560007,-0.00825583,-0.007919244,-0.007565716,-0.007205592,-0.006853236,-0.006517541,-0.006211031,-0.005940459,-0.005715709,-0.005540867,-0.005422841,-0.005362675,-0.005364156,-0.005425235,-0.00554663,-0.00572333,-0.005953222,-0.006228696,-0.006545192,-0.006892942,-0.007265546,-0.007651611,-0.008043468,-0.008428867,-0.008799461,-0.009142741,-0.009450545,-0.009710688,-0.009915729,-0.01005467,-0.01012127,-0.01010613,-0.01000501,-0.009810457,-0.009520447,-0.009130149,-0.008639931,-0.008047611,-0.007356458,-0.006566937,-0.005685052,-0.004714236,-0.003663066,-0.002537633,-0.001349161,-0.0001061211,0.001178038,0.002492675,0.003822503,0.005155197,0.006474221,0.007766043,0.009013426,0.01020267,0.01131642,0.0123414,0.01326169,0.0140651,0.01473774,0.01527048,0.01565213,0.01587703,0.01593884,0.01583583,0.01556652,0.01513494,0.01454439,0.013804,0.01292288,0.01191451,0.01079245,0.009574355,0.008276889,0.006920144,0.005522991,0.004105945,0.002688084,0.001287915,-7.319484e-05,-0.001380078,-0.002617311,-0.003770318,-0.004827979
-0.005000091,-0.005815578,-0.006523964,-0.007123677,-0.007610781,-0.007986194,-0.008242892,-0.00839777,-0.00846416,-0.008435129,-0.008323556,-0.008141237,-0.007899751,-0.00761126,-0.007288049,-0.006942684,-0.006587261,-0.006233909,-0.005893292,-0.005576198,-0.005291202,-0.005046883,-0.004849206,-0.00470411,-0.004614569,-0.004583649,-0.004611252,-0.004697561,-0.004839512,-0.005034585,-0.005277077,-0.005562093,-0.005881697,-0.006229176,-0.006594869,-0.006970769,-0.007346218,-0.007712496,-0.008058533,-0.008375692,-0.008653064,-0.008882621,-0.009054445,-0.009161603,-0.009195576,-0.009151287,-0.009021966,-0.008804616,-0.008494874,-0.008092005,-0.007594089,-0.007003138,-0.006319697,-0.005548372,-0.004692475,-0.003759066,-0.002753931,-0.001686658,-0.0005652534,0.0005985673,0.001794767,0.003009864,0.004232248,0.005447186,0.006641948,0.007801058,0.008911573,0.009957834,0.01092722,0.01180523,0.01258021,0.01323936,0.01377371,0.0141728,0.01443076,0.01454133,0.01450219,0.01431134,0.01397164,0.01348535,0.01285998,0.01210296,0.01122587,0.01024013,0.009161333,0.008003791,0.006785574,0.005522644,0.004234604,0.002937772,0.001652603,0.0003911884,-0.0008265109,-0.001987607,-0.003077313,-0.004085354
-0.004301923,-0.005068914,-0.005740072,-0.006310715,-0.006778636,-0.007144827,-0.007417012,-0.007589657,-0.007658631,-0.007646532,-0.007556222,-0.007398021,-0.007179506,-0.006914316,-0.006611465,-0.006284926,-0.005944089,-0.005602419,-0.005268437,-0.004954282,-0.004666846,-0.004416149,-0.004206846,-0.004046404,-0.00393683,-0.003882804,-0.003883539,-0.003940902,-0.004051362,-0.004214121,-0.004423176,-0.00467537,-0.004962581,-0.0052798,-0.00561726,-0.005968593,-0.006323047,-0.006673448,-0.007008602,-0.007321278,-0.0076004,-0.007839184,-0.008027432,-0.008159283,-0.00822581,-0.008222783,-0.008142909,-0.007983816,-0.007740435,-0.007412444,-0.006997052,-0.006496429,-0.005910097,-0.005242587,-0.004496001,-0.003677116,-0.002790344,-0.00184477,-0.0008468856,0.0001922931,0.001264358,0.002356691,0.003459401,0.00455872,0.005643686,0.006699854,0.007715972,0.008677431,0.009573179,0.01038961,0.01111645,0.01174157,0.01225699,0.01265266,0.0129232,0.01306229,0.01306765,0.01293668,0.01267162,0.01227371,0.01174921,0.01110402,0.010348,0.009490719,0.008545562,0.007524888,0.006444325,0.005318433,0.004163626,0.002995183,0.001828405,0.0006812293,-0.0004330732,-0.001500937,-0.002508792,-0.003445987
-0.003641629,-0.004352824,-0.004980098,-0.005520691,-0.005969347,-0.006325304,-0.006580597,-0.006748142,-0.006837925,-0.006842624,-0.006771972,-0.00663533,-0.006441799,-0.006201464,-0.005924508,-0.005621838,-0.005303855,-0.004981471,-0.0046642,-0.004362062,-0.004083008,-0.003835352,-0.003624925,-0.003457861,-0.003337482,-0.00326746,-0.003248461,-0.003281631,-0.00336502,-0.003497351,-0.003674295,-0.00389241,-0.004145313,-0.004427842,-0.00473199,-0.005051322,-0.005376814,-0.005701268,-0.006015153,-0.006311181,-0.006579836,-0.006814208,-0.007005495,-0.007147624,-0.00723288,-0.007256662,-0.007212687,-0.007098043,-0.00690842,-0.006642793,-0.006298877,-0.00587792,-0.005379715,-0.004807666,-0.004163876,-0.003453813,-0.002681639,-0.001854936,-0.0009797233,-6.53509e-05,0.0008804545,0.001846872,0.002824865,0.003802531,0.004769897,0.005714409,0.006625827,0.00749141,0.008301087,0.009042911,0.009707524,0.01028419,0.01076552,0.01114255,0.01141017,0.01156256,0.01159734,0.01151186,0.01130768,0.01098545,0.01055028,0.01000682,0.009363411,0.008627857,0.007811732,0.00692528,0.00598223,0.004994355,0.003976978,0.002942534,0.001907534,0.000881397,-0.0001191887,-0.001083456,-0.001998388,-0.00285477
-0.003063516,-0.003701083,-0.004266161,-0.004753868,-0.005160973,-0.005487139,-0.005737491,-0.005906088,-0.005987849,-0.006000954,-0.005946522,-0.005832457,-0.005664217,-0.005452809,-0.005205246,-0.004933168,-0.004644203,-0.00434986,-0.00405732,-0.003777197,-0.003515517,-0.003281289,-0.003078799,-0.002915019,-0.002792104,-0.002714734,-0.002682754,-0.002698493,-0.002759489,-0.002865802,-0.003012856,-0.003198675,-0.003416845,-0.003663749,-0.003931519,-0.004215304,-0.004506312,-0.004798919,-0.005083867,-0.005355368,-0.005604176,-0.005824772,-0.006008534,-0.006150631,-0.006243411,-0.006283298,-0.006263936,-0.006183209,-0.006036524,-0.005823411,-0.005541098,-0.005191101,-0.004772519,-0.004288757,-0.003740979,-0.0031344,-0.002472032,-0.00176093,-0.001005778,-0.0002151625,0.0006047004,0.001443949,0.002295193,0.003147638,0.003993044,0.004820067,0.005620186,0.006381913,0.007096831,0.007754137,0.008345988,0.008862627,0.009297844,0.009643421,0.009895033,0.01004717,0.01009779,0.01004413,0.009887427,0.009627792,0.009269446,0.00881597,0.008274319,0.007650856,0.006955254,0.006196098,0.005384888,0.004532085,0.003649998,0.002749933,0.001843592,0.0009449124,6.442158e-05,-0.0007871028,-0.001598306,-0.002360248
-0.002524901,-0.003087035,-0.003588065,-0.004025223,-0.004393224,-0.004690662,-0.004909763,-0.005060299,-0.005149557,-0.005170352,-0.005129666,-0.005034448,-0.004891324,-0.004707981,-0.004492152,-0.004252452,-0.003996997,-0.003734629,-0.003472962,-0.00322029,-0.002983125,-0.002768529,-0.002581418,-0.002427194,-0.002308829,-0.002229796,-0.002190968,-0.00219381,-0.002237102,-0.002320352,-0.002440414,-0.002595031,-0.002779374,-0.002989754,-0.003219997,-0.003465335,-0.003718717,-0.003974703,-0.004225774,-0.004466343,-0.004688841,-0.004887918,-0.005056499,-0.005189844,-0.005281686,-0.005328379,-0.00532475,-0.00526844,-0.005155773,-0.004985847,-0.00475654,-0.004468688,-0.004121776,-0.003718297,-0.0032595,-0.002749469,-0.002191028,-0.001589872,-0.000950246,-0.0002791871,0.0004177639,0.001132454,0.001858358,0.002586497,0.003309641,0.004018322,0.004705084,0.005360307,0.005976649,0.006545023,0.007058597,0.00750913,0.007891171,0.008197742,0.008424999,0.008568179,0.008625383,0.00859409,0.008475197,0.008268551,0.007977583,0.007604988,0.007156563,0.006637285,0.006055335,0.005417529,0.004733709,0.004011896,0.003263311,0.002496647,0.001724323,0.0009528369,0.0001951035,-0.0005408377,-0.00124463,-0.001909034
-0.00205955,-0.002536438,-0.002962719,-0.003334254,-0.003647923,-0.003902965,-0.004102891,-0.004242089,-0.004315401,-0.004336983,-0.004306715,-0.004230222,-0.004111014,-0.003957292,-0.003773936,-0.003569803,-0.003350401,-0.003124629,-0.002897818,-0.002678292,-0.00247062,-0.002281995,-0.002115743,-0.001977564,-0.001869216,-0.001794689,-0.001754014,-0.001749399,-0.001779133,-0.001843693,-0.00193975,-0.002066216,-0.002218348,-0.002393775,-0.002586628,-0.002793561,-0.003007964,-0.003225869,-0.003440275,-0.003647038,-0.003839134,-0.00401258,-0.004160777,-0.004280225,-0.004365022,-0.004412564,-0.004417899,-0.004379488,-0.00429366,-0.004160087,-0.003976434,-0.003743819,-0.003461289,-0.00313134,-0.002754522,-0.00233466,-0.00187365,-0.001376647,-0.000846764,-0.0002902599,0.0002886486,0.0008827874,0.0014871,0.002093746,0.002697063,0.003288825,0.003863159,0.00441174,0.004928763,0.005406362,0.005839133,0.006219927,0.00654444,0.00680659,0.007003357,0.007130495,0.00718655,0.007169145,0.007079062,0.006915905,0.006682481,0.006380779,0.006015504,0.005590576,0.00511259,0.004587064,0.004021911,0.003424066,0.002802074,0.00216361,0.00151686,0.0008718082,0.0002359701,-0.0003829318,-0.0009763624,-0.001537687
-0.001630241,-0.002025935,-0.002381037,-0.002693458,-0.002958813,-0.003175762,-0.003337629,-0.003451709,-0.003523242,-0.003545703,-0.003523857,-0.003462444,-0.003365891,-0.003239462,-0.003088478,-0.002919002,-0.002736717,-0.002547964,-0.002358158,-0.00217333,-0.001998176,-0.001837914,-0.001696142,-0.001576935,-0.001482532,-0.001415653,-0.001377049,-0.001368017,-0.001387813,-0.001436336,-0.001511459,-0.001611809,-0.001734043,-0.001875752,-0.002032613,-0.002201428,-0.002377224,-0.002556303,-0.002733337,-0.002904493,-0.00306439,-0.003209341,-0.003334283,-0.003435949,-0.003509824,-0.003553391,-0.003562894,-0.003536707,-0.003472108,-0.003368485,-0.003224196,-0.003039827,-0.002814855,-0.002551015,-0.002248994,-0.001911633,-0.001540697,-0.001140132,-0.0007126792,-0.000263197,0.0002046965,0.0006853826,0.001174585,0.001666126,0.002155263,0.002635494,0.003101925,0.003547958,0.003968781,0.004358141,0.004711572,0.005023376,0.005289987,0.00550654,0.005670522,0.005778497,0.005829234,0.005820751,0.005753632,0.005627442,0.005444419,0.005205976,0.004915915,0.004577145,0.004195045,0.00377376,0.003319812,0.002838152,0.002336337,0.001819844,0.001297241,0.0007723712,0.0002543624,-0.0002514838,-0.0007378043,-0.001199632
-0.001264107,-0.001576494,-0.001857207,-0.002103298,-0.00231245,-0.002484014,-0.002620582,-0.002717397,-0.002769951,-0.002788727,-0.00277293,-0.002726163,-0.00265036,-0.002551008,-0.002431046,-0.002296465,-0.002150702,-0.001999826,-0.001847229,-0.001698639,-0.001556994,-0.001427299,-0.001311705,-0.001214239,-0.001136035,-0.001079989,-0.001046102,-0.001036087,-0.00104879,-0.001084768,-0.001141793,-0.001219372,-0.001314333,-0.001425318,-0.0015484,-0.001681561,-0.001820373,-0.00196239,-0.002102914,-0.002239368,-0.00236703,-0.002483415,-0.002584068,-0.002666814,-0.00272765,-0.002764973,-0.002775403,-0.002758029,-0.002710298,-0.00263209,-0.002521722,-0.002380006,-0.00220616,-0.002001886,-0.001767375,-0.001505185,-0.001216371,-0.0009043445,-0.0005709414,-0.0002202729,0.0001451233,0.0005205577,0.0009029652,0.001287239,0.001669938,0.002045721,0.002411015,0.002760429,0.003090438,0.003395937,0.003673657,0.003918948,0.004129213,0.004300471,0.004430919,0.004517701,0.004559981,0.004556053,0.004506445,0.004410678,0.004270516,0.004086942,0.003862894,0.003600551,0.003304014,0.002976474,0.002622863,0.002247312,0.001855146,0.001451025,0.001040009,0.0006285943,0.0002214329,-0.0001765761,-0.000559808,-0.0009239721
-0.0009326389,-0.001170751,-0.001385333,-0.001575183,-0.001737289,-0.001870711,-0.001970433,-0.002041683,-0.002088153,-0.002104403,-0.002093495,-0.002058263,-0.002001346,-0.001925813,-0.001834872,-0.00173214,-0.00162107,-0.001505502,-0.001388749,-0.001274501,-0.001165651,-0.001065423,-0.0009760503,-0.0009000787,-0.0008389196,-0.0007943041,-0.0007667387,-0.0007570912,-0.000764956,-0.0007903519,-0.0008320239,-0.0008892171,-0.0009599309,-0.001042774,-0.001135145,-0.001235168,-0.001339836,-0.001446971,-0.001553339,-0.001656675,-0.001753709,-0.001842258,-0.001919236,-0.001982715,-0.002029935,-0.002059414,-0.002068849,-0.002057292,-0.002023057,-0.001965808,-0.001884502,-0.00177952,-0.001650487,-0.001498471,-0.001323811,-0.001128237,-0.0009127256,-0.0006796574,-0.0004305844,-0.0001684235,0.0001047634,0.0003856143,0.0006716895,0.0009593036,0.001245753,0.001527167,0.001800762,0.002062618,0.002310008,0.002539211,0.002747708,0.002932102,0.003090394,0.003219665,0.003318527,0.003384872,0.00341805,0.003416778,0.003381439,0.003311634,0.003208691,0.003073251,0.002907544,0.002713061,0.00249294,0.002249382,0.001986202,0.001706047,0.001413397,0.001111225,0.0008047502,0.0004957396,0.0001898778,-0.0001098736,-0.0003990163,-0.0006746762
-0.0006583402,-0.0008265161,-0.0009780792,-0.0011113,-0.001224906,-0.001318546,-0.00139422,-0.001448342,-0.001477528,-0.001488884,-0.001481429,-0.001457097,-0.001416693,-0.001363325,-0.001298397,-0.001225302,-0.001145753,-0.001063191,-0.0009793369,-0.0008974497,-0.0008190281,-0.000746939,-0.0006822664,-0.0006273448,-0.0005827144,-0.0005500914,-0.0005294053,-0.0005217224,-0.000526348,-0.0005437136,-0.000572541,-0.0006126847,-0.0006623534,-0.0007209255,-0.0007861987,-0.0008571877,-0.0009314162,-0.001007662,-0.001083304,-0.00115704,-0.001226239,-0.001289646,-0.001344771,-0.001390527,-0.001424668,-0.001446414,-0.001453858,-0.001446589,-0.001423148,-0.00138355,-0.001326804,-0.001253424,-0.001162906,-0.001056238,-0.000933435,-0.0007959443,-0.000644242,-0.0004802239,-0.0003047831,-0.0001201829,7.231442e-05,0.0002701432,0.0004717659,0.0006744029,0.0008763215,0.001074627,0.00126752,0.001452085,0.001626553,0.001788165,0.001935286,0.002065401,0.002177224,0.002268591,0.002338631,0.00238576,0.002409609,0.002409193,0.002384836,0.002336192,0.00226422,0.002169329,0.002053077,0.001916498,0.001761745,0.001590384,0.001404996,0.001207678,0.001001182,0.0007879099,0.0005703926,0.0003523208,0.000135964,-7.60656e-05,-0.0002807261,-0.0004757209
-0.0004222736,-0.0005330099,-0.0006330474,-0.0007219384,-0.0007980762,-0.000860968,-0.0009074524,-0.0009409003,-0.000963735,-0.0009719691,-0.0009673673,-0.0009512621,-0.0009249643,-0.0008897998,-0.0008473337,-0.0007991785,-0.0007470092,-0.0006925674,-0.0006374604,-0.0005833769,-0.0005317236,-0.0004839839,-0.000441253,-0.0004047051,-0.0003750462,-0.0003530744,-0.0003390676,-0.000333423,-0.0003359875,-0.0003467631,-0.0003651944,-0.0003909232,-0.0004230411,-0.0004608931,-0.0005032858,-0.0005493392,-0.0005976667,-0.0006472476,-0.0006965882,-0.0007446274,-0.0007898513,-0.0008312397,-0.0008673628,-0.0008973201,-0.0009198331,-0.0009342105,-0.0009393847,-0.0009349161,-0.0009200203,-0.0008945453,-0.0008580043,-0.0008105778,-0.0007520881,-0.0006830348,-0.0006035683,-0.000514495,-0.0004162565,-0.000309959,-0.0001963064,-7.665106e-05,4.807355e-05,0.0001763114,0.0003069608,0.0004383194,0.0005691695,0.0006977268,0.0008227421,0.0009424096,0.001055512,0.001160333,0.001255757,0.001340214,0.001412825,0.001472238,0.001517851,0.001548675,0.001564444,0.001564537,0.001549155,0.001518067,0.001471901,0.00141089,0.00133607,0.001248048,0.001148274,0.001037671,0.0009180026,0.0007903664,0.0006568757,0.0005187744,0.0003786241,0.0002368453,9.630982e-05,-4.173564e-05,-0.0001751545,-0.000302683
-0.0002419365,-0.0003044061,-0.0003607696,-0.0004102741,-0.0004525265,-0.0004874301,-0.0005163933,-0.0005371728,-0.0005477315,-0.0005520822,-0.000549441,-0.0005405245,-0.0005254802,-0.000505592,-0.0004812594,-0.0004538636,-0.0004239402,-0.0003928775,-0.0003612313,-0.0003303139,-0.0003006084,-0.000273275,-0.0002486489,-0.000227685,-0.0002105206,-0.0001978742,-0.0001896584,-0.0001863439,-0.0001876122,-0.0001936921,-0.0002040489,-0.0002186919,-0.0002368962,-0.0002584893,-0.0002825946,-0.0003089011,-0.0003364309,-0.0003647821,-0.0003929242,-0.0004204237,-0.0004462481,-0.0004699802,-0.0004906424,-0.0005078778,-0.0005208025,-0.0005291725,-0.0005322326,-0.0005298761,-0.0005215154,-0.0005072015,-0.0004865235,-0.0004597161,-0.0004265508,-0.000387438,-0.0003423424,-0.000291843,-0.0002360766,-0.0001757862,-0.0001112635,-4.338501e-05,2.742125e-05,0.0001001697,0.000174331,0.0002488439,0.0003231074,0.0003960213,0.0004669603,0.0005348201,0.000598987,0.0006584161,0.000712543,0.0007604153,0.0008015949,0.0008352606,0.0008611224,0.0008785742,0.0008875062,0.0008875317,0.0008787903,0.0008611294,0.0008349143,0.0008002696,0.0007577749,0.0007077844,0.0006510876,0.0005882372,0.0005201739,0.0004476721,0.0003716985,0.000293152,0.0002128282,0.000132372,5.241507e-05,-2.602875e-05,-0.0001018373,-0.0001741365
-0.00010677,-0.0001352804,-0.0001610816,-0.0001841515,-0.0002039661,-0.0002203652,-0.0002319316,-0.0002402937,-0.0002466863,-0.0002489322,-0.0002478009,-0.0002436448,-0.0002369004,-0.0002278164,-0.0002168777,-0.0002044212,-0.0001909484,-0.0001768434,-0.000162581,-0.000148541,-0.0001351396,-0.0001227109,-0.0001115856,-0.0001020234,-9.42506e-05,-8.843363e-05,-8.468467e-05,-8.307023e-05,-8.358829e-05,-8.620622e-05,-9.081565e-05,-9.729338e-05,-0.0001054378,-0.0001150513,-0.0001258565,-0.0001375998,-0.0001499523,-0.000162626,-0.0001752629,-0.000187566,-0.0001991708,-0.0002097922,-0.0002190859,-0.0002267994,-0.0002326262,-0.0002363688,-0.0002377737,-0.0002367094,-0.0002329938,-0.0002265708,-0.0002173335,-0.000205312,-0.0001904776,-0.0001729431,-0.0001527625,-0.0001301282,-0.0001051671,-7.814913e-05,-4.926671e-05,-1.885325e-05,1.284192e-05,4.543285e-05,7.862919e-05,0.0001120071,0.0001452487,0.0001779087,0.0002096631,0.0002400606,0.0002687873,0.0002954139,0.0003196537,0.0003411137,0.000359569,0.00037468,0.0003862944,0.0003941616,0.0003982162,0.000398298,0.0003944609,0.0003866415,0.0003750034,0.0003595955,0.0003406874,0.0003184185,0.0002931669,0.0002651478,0.0002348231,0.0002024297,0.0001685513,0.0001334547,9.791791e-05,6.177717e-05,2.595441e-05,-9.297679e-06,-4.340777e-05,-7.608766e-05
-2.748563e-05,-3.444437e-05,-4.07131e-05,-4.614215e-05,-5.075535e-05,-5.456552e-05,-5.814958e-05,-6.071283e-05,-6.158059e-05,-6.202393e-05,-6.172087e-05,-6.074721e-05,-5.904134e-05,-5.681706e-05,-5.405513e-05,-5.097165e-05,-4.75723e-05,-4.406535e-05,-4.046632e-05,-3.696885e-05,-3.358583e-05,-3.048911e-05,-2.767866e-05,-2.529947e-05,-2.333229e-05,-2.189259e-05,-2.093823e-05,-2.055423e-05,-2.067437e-05,-2.135418e-05,-2.250478e-05,-2.415506e-05,-2.619615e-05,-2.863485e-05,-3.13466e-05,-3.432114e-05,-3.742377e-05,-4.06326e-05,-4.380797e-05,-4.692344e-05,-4.98404e-05,-5.253323e-05,-5.487054e-05,-5.683246e-05,-5.829908e-05,-5.926257e-05,-5.961853e-05,-5.937382e-05,-5.844386e-05,-5.685242e-05,-5.453574e-05,-5.15376e-05,-4.781562e-05,-4.343257e-05,-3.836866e-05,-3.270486e-05,-2.644163e-05,-1.967749e-05,-1.243107e-05,-4.815042e-06,3.135844e-06,1.129752e-05,1.962316e-05,2.798114e-05,3.631586e-05,4.449229e-05,5.24513e-05,6.005848e-05,6.725508e-05,7.39145e-05,7.998261e-05,8.534431e-05,8.995851e-05,9.372598e-05,9.662097e-05,9.856966e-05,9.956518e-05,9.955967e-05,9.857229e-05,9.658298e-05,9.36341e-05,8.973869e-05,8.496078e-05,7.934149e-05,7.296506e-05,6.58974e-05,5.823627e-05,5.008841e-05,4.153191e-05,3.269301e-05,2.357531e-05,1.454632e-05,5.547229e-06,-3.268344e-06,-1.178639e-05,-1.988833e-05
5.493917e-11,-3.424409e-12,-2.601756e-11,2.115194e-11,2.994704e-11,-1.908849e-11,1.083194e-11,2.45237e-11,-1.40902e-11,-3.219208e-11,-5.029226e-11,-1.703566e-11,-5.742606e-12,1.335509e-11,-2.14847e-11,3.172982e-11,3.808111e-11,-3.468641e-13,-2.012736e-11,-4.298227e-11,-2.185026e-12,-3.003918e-11,1.073022e-11,3.515708e-11,4.803386e-12,1.385253e-11,1.110521e-11,-6.472779e-12,5.424789e-12,1.636763e-12,-2.141515e-11,3.844542e-11,1.11796e-11,-3.399432e-11,9.027524e-12,2.111124e-12,-3.360652e-11,-1.566653e-11,4.510871e-12,2.194579e-11,8.407643e-13,9.142417e-13,-7.193096e-12,1.019778e-11,-3.172861e-12,1.023038e-11,-4.973813e-12,-3.083293e-11,-1.819504e-11,-2.508541e-13,-2.134426e-14,2.609902e-11,-5.899312e-12,3.392912e-11,1.642006e-11,3.213275e-11,-1.998979e-11,-1.727003e-11,-2.732119e-11,-8.95143e-12,3.32422e-11,4.620589e-11,2.534452e-11,1.061762e-11,-1.512247e-11,6.728848e-12,-1.832011e-11,-1.151372e-12,-4.327388e-11,5.51052e-13,-1.537065e-11,3.011014e-11,8.030802e-12,-1.728614e-11,-3.876859e-11,3.588073e-11,-4.059872e-11,1.97311e-11,2.049816e-11,1.816816e-11,1.280607e-12,-1.248947e-12,-1.131796e-11,1.212909e-11,-1.146271e-11,8.439026e-12,-3.09801e-11,-1.755503e-11,1.235981e-11,6.474857e-11,-4.009213e-12,8.092601e-13,8.807248e-12,-1.310895e-11,4.131864e-11,-1.057095e-11
