NaN,NaN,NaN,NaN,NaN,NaN,NaN,NaN,NaN,NaN,NaN,NaN,NaN,NaN,NaN,1.021525e-09,4.409356e-10,-2.256262e-10,1.334518e-10,-1.106784e-09,3.227319e-11,-8.142754e-10,-7.337768e-10,-2.047648e-10,6.251659e-10,-1.226352e-09,1.645557e-09,9.425103e-10,9.518818e-10,-7.245053e-10,-3.727861e-10,7.221569e-10,4.885694e-10,5.098045e-11,-1.315431e-09,9.827359e-10,6.691306e-10,1.126387e-09,9.639084e-10,9.959596e-11,1.259537e-10,6.458936e-10,-5.177925e-10,7.369902e-10,1.797971e-09,-1.521351e-10,-5.487754e-10,-1.021221e-09,-7.730837e-11,6.010659e-10,-4.282576e-10,-6.196569e-10,-8.509322e-10,-1.059738e-10,-2.49113e-10,-1.112127e-09,3.031621e-10,-7.80435e-10,1.424392e-09,4.363342e-10,5.196194e-10,-8.189163e-10,-2.713227e-10,1.43799e-09,9.969648e-10,2.301124e-10,-5.807874e-10,1.01004e-09,2.03479e-10,6.998673e-10,1.960188e-09,1.897203e-11,3.277169e-10,4.548322e-10,-6.380718e-10,-5.201253e-10,1.210264e-09,1.210788e-10,3.877757e-10,-2.972882e-10,1.162628e-09,1.629184e-11,NaN,NaN,NaN,NaN,NaN,NaN,NaN,NaN,NaN,NaN,NaN,NaN,NaN,NaN
NaN,NaN,NaN,NaN,NaN,NaN,NaN,NaN,NaN,NaN,NaN,NaN,NaN,NaN,NaN,1.34961e-07,5.876676e-08,8.065243e-08,1.005345e-08,3.903733e-08,-2.026776e-08,1.129242e-08,-4.622087e-08,-1.711103e-08,-7.764039e-08,-5.328576e-08,-1.165269e-07,-9.746492e-08,-1.632777e-07,-1.480364e-07,-2.151072e-07,-2.015818e-07,-2.69565e-07,-2.581245e-07,-3.253846e-07,-3.137866e-07,-3.794939e-07,-3.660768e-07,-4.285549e-07,-4.135866e-07,-4.731248e-07,-4.532951e-07,-5.067315e-07,-4.825855e-07,-5.302241e-07,-4.995388e-07,-5.402492e-07,-5.026453e-07,-5.346032e-07,-4.893086e-07,-5.122996e-07,-4.59281e-07,-4.731886e-07,-4.110899e-07,-4.154149e-07,-3.451548e-07,-3.398446e-07,-2.614473e-07,-2.47925e-07,-1.629873e-07,-1.413112e-07,-4.978912e-08,-2.312396e-08,7.323906e-08,1.039415e-07,2.021959e-07,2.348911e-07,3.322556e-07,3.639199e-07,4.576869e-07,4.861857e-07,5.735631e-07,5.944255e-07,6.697526e-07,6.756468e-07,7.267e-07,7.017047e-07,7.097342e-07,6.357296e-07,5.931394e-07,4.850212e-07,4.197788e-07,NaN,NaN,NaN,NaN,NaN,NaN,NaN,NaN,NaN,NaN,NaN,NaN,NaN,NaN
NaN,NaN,NaN,NaN,NaN,NaN,NaN,NaN,NaN,NaN,NaN,NaN,NaN,NaN,NaN,3.42612e-07,3.556423e-07,1.608765e-07,1.741905e-07,1.99126e-08,5.962463e-08,-7.640024e-08,-3.842814e-08,-1.792979e-07,-1.566295e-07,-3.110933e-07,-3.060949e-07,-4.724943e-07,-4.811433e-07,-6.567824e-07,-6.762741e-07,-8.575036e-07,-8.834313e-07,-1.065746e-06,-1.093222e-06,-1.273268e-06,-1.297753e-06,-1.470835e-06,-1.487679e-06,-1.648345e-06,-1.652375e-06,-1.796823e-06,-1.784889e-06,-1.90885e-06,-1.874898e-06,-1.973297e-06,-1.914804e-06,-1.986114e-06,-1.898821e-06,-1.938773e-06,-1.820278e-06,-1.826873e-06,-1.675803e-06,-1.647892e-06,-1.464124e-06,-1.401268e-06,-1.185471e-06,-1.090717e-06,-8.450203e-07,-7.202207e-07,-4.488808e-07,-2.989672e-07,-7.463641e-09,1.605284e-07,4.649949e-07,6.445121e-07,9.526441e-07,1.132984e-06,1.435891e-06,1.608126e-06,1.893525e-06,2.043285e-06,2.296307e-06,2.405142e-06,2.598483e-06,2.627212e-06,2.699822e-06,2.565451e-06,2.437373e-06,2.117111e-06,1.86128e-06,1.473281e-06,NaN,NaN,NaN,NaN,NaN,NaN,NaN,NaN,NaN,NaN,NaN,NaN,NaN,NaN
NaN,NaN,NaN,NaN,NaN,NaN,NaN,NaN,NaN,NaN,NaN,NaN,NaN,NaN,NaN,8.70339e-07,5.452266e-07,4.908799e-07,1.93099e-07,2.059164e-07,-2.669046e-08,1.083688e-08,-2.154985e-07,-1.994104e-07,-4.494844e-07,-4.671965e-07,-7.448737e-07,-7.948341e-07,-1.096502e-06,-1.17087e-06,-1.488493e-06,-1.579337e-06,-1.905637e-06,-2.004965e-06,-2.33176e-06,-2.429035e-06,-2.746224e-06,-2.832099e-06,-3.131308e-06,-3.198468e-06,-3.469703e-06,-3.505563e-06,-3.74007e-06,-3.737732e-06,-3.92779e-06,-3.879752e-06,-4.016234e-06,-3.912595e-06,-3.988716e-06,-3.82532e-06,-3.837523e-06,-3.609053e-06,-3.552246e-06,-3.256077e-06,-3.129314e-06,-2.766383e-06,-2.571867e-06,-2.145659e-06,-1.887064e-06,-1.402788e-06,-1.089042e-06,-5.565688e-07,-1.970443e-07,3.711193e-07,7.611348e-07,1.348603e-06,1.752595e-06,2.340783e-06,2.738105e-06,3.304428e-06,3.671555e-06,4.192796e-06,4.502599e-06,4.937291e-06,5.129484e-06,5.389165e-06,5.337839e-06,5.259778e-06,4.806102e-06,4.335628e-06,3.631692e-06,3.032229e-06,NaN,NaN,NaN,NaN,NaN,NaN,NaN,NaN,NaN,NaN,NaN,NaN,NaN,NaN
NaN,NaN,NaN,NaN,NaN,NaN,NaN,NaN,NaN,NaN,NaN,NaN,NaN,NaN,NaN,1.087526e-06,1.028708e-06,5.563535e-07,5.153848e-07,1.570501e-07,1.913716e-07,-1.202434e-07,-9.297121e-08,-4.29207e-07,-4.522297e-07,-8.354362e-07,-9.128601e-07,-1.339149e-06,-1.461848e-06,-1.920882e-06,-2.077246e-06,-2.558606e-06,-2.735069e-06,-3.224337e-06,-3.40665e-06,-3.891435e-06,-4.066937e-06,-4.532521e-06,-4.683607e-06,-5.11368e-06,-5.227309e-06,-5.610232e-06,-5.672382e-06,-5.992456e-06,-5.98732e-06,-6.230935e-06,-6.147821e-06,-6.305527e-06,-6.133596e-06,-6.193503e-06,-5.922338e-06,-5.877571e-06,-5.502527e-06,-5.349505e-06,-4.868361e-06,-4.605996e-06,-4.020085e-06,-3.653518e-06,-2.970588e-06,-2.508252e-06,-1.738619e-06,-1.194639e-06,-3.557536e-07,2.512569e-07,1.136928e-06,1.782384e-06,2.688925e-06,3.342985e-06,4.238722e-06,4.870461e-06,5.719333e-06,6.286617e-06,7.038105e-06,7.478551e-06,8.044733e-06,8.219336e-06,8.384414e-06,8.006974e-06,7.492886e-06,6.488609e-06,5.597254e-06,4.461604e-06,NaN,NaN,NaN,NaN,NaN,NaN,NaN,NaN,NaN,NaN,NaN,NaN,NaN,NaN
NaN,NaN,NaN,NaN,NaN,NaN,NaN,NaN,NaN,NaN,NaN,NaN,NaN,NaN,NaN,1.672874e-06,1.104772e-06,9.912179e-07,4.965569e-07,5.061273e-07,1.175889e-07,1.608899e-07,-2.318387e-07,-2.429023e-07,-6.971484e-07,-7.868524e-07,-1.308738e-06,-1.47123e-06,-2.051052e-06,-2.270446e-06,-2.890872e-06,-3.149059e-06,-3.794385e-06,-4.075369e-06,-4.727547e-06,-5.009335e-06,-5.647805e-06,-5.911848e-06,-6.518695e-06,-6.744952e-06,-7.298701e-06,-7.464437e-06,-7.943942e-06,-8.031961e-06,-8.421482e-06,-8.4141e-06,-8.694002e-06,-8.570777e-06,-8.724799e-06,-8.474339e-06,-8.492216e-06,-8.102617e-06,-7.972634e-06,-7.4363e-06,-7.154955e-06,-6.471823e-06,-6.041083e-06,-5.214903e-06,-4.641743e-06,-3.683737e-06,-2.98312e-06,-1.911397e-06,-1.103542e-06,5.708835e-08,9.424514e-07,2.159588e-06,3.087345e-06,4.321204e-06,5.24862e-06,6.4519e-06,7.330005e-06,8.450432e-06,9.215923e-06,1.016134e-05,1.067446e-05,1.122865e-05,1.116948e-05,1.090742e-05,9.856702e-06,8.668293e-06,7.146605e-06,5.897567e-06,NaN,NaN,NaN,NaN,NaN,NaN,NaN,NaN,NaN,NaN,NaN,NaN,NaN,NaN
NaN,NaN,NaN,NaN,NaN,NaN,NaN,NaN,NaN,NaN,NaN,NaN,NaN,NaN,NaN,1.646854e-06,1.588379e-06,9.744444e-07,9.967114e-07,5.357676e-07,6.270402e-07,1.967677e-07,2.432469e-07,-2.57613e-07,-3.20008e-07,-9.228695e-07,-1.09642e-06,-1.791015e-06,-2.056566e-06,-2.823628e-06,-3.160234e-06,-3.979501e-06,-4.362968e-06,-5.209922e-06,-5.616209e-06,-6.468999e-06,-6.874827e-06,-7.706189e-06,-8.081548e-06,-8.862995e-06,-9.182161e-06,-9.890896e-06,-1.012882e-05,-1.073634e-05,-1.086324e-05,-1.134362e-05,-1.133771e-05,-1.167132e-05,-1.151081e-05,-1.16737e-05,-1.133708e-05,-1.131261e-05,-1.078788e-05,-1.056646e-05,-9.844602e-06,-9.419537e-06,-8.499521e-06,-7.875065e-06,-6.764896e-06,-5.951312e-06,-4.665455e-06,-3.683138e-06,-2.247842e-06,-1.127156e-06,4.226807e-07,1.641968e-06,3.260041e-06,4.527559e-06,6.160707e-06,7.420259e-06,9.003406e-06,1.017774e-05,1.161599e-05,1.258145e-05,1.368546e-05,1.413061e-05,1.440303e-05,1.364297e-05,1.240708e-05,1.031806e-05,8.556139e-06,6.719396e-06,NaN,NaN,NaN,NaN,NaN,NaN,NaN,NaN,NaN,NaN,NaN,NaN,NaN,NaN
NaN,NaN,NaN,NaN,NaN,NaN,NaN,NaN,NaN,NaN,NaN,NaN,NaN,NaN,NaN,2.161345e-06,1.510629e-06,1.587263e-06,1.157321e-06,1.346431e-06,9.463007e-07,1.08567e-06,6.007122e-07,5.918994e-07,-4.952768e-08,-2.331611e-07,-1.029164e-06,-1.368117e-06,-2.295134e-06,-2.759394e-06,-3.786248e-06,-4.344441e-06,-5.44264e-06,-6.066414e-06,-7.205834e-06,-7.859472e-06,-9.004626e-06,-9.653576e-06,-1.077093e-05,-1.137992e-05,-1.243094e-05,-1.295806e-05,-1.390388e-05,-1.431528e-05,-1.512373e-05,-1.538423e-05,-1.601633e-05,-1.608649e-05,-1.65082e-05,-1.635977e-05,-1.654474e-05,-1.614973e-05,-1.60701e-05,-1.540603e-05,-1.504597e-05,-1.410217e-05,-1.345498e-05,-1.222862e-05,-1.129609e-05,-9.796112e-06,-8.593949e-06,-6.841492e-06,-5.396148e-06,-3.427034e-06,-1.782014e-06,3.542778e-07,2.142763e-06,4.381662e-06,6.241326e-06,8.501639e-06,1.034566e-05,1.252836e-05,1.423075e-05,1.614604e-05,1.739777e-05,1.853224e-05,1.851964e-05,1.773183e-05,1.530457e-05,1.2413e-05,9.467069e-06,7.561184e-06,NaN,NaN,NaN,NaN,NaN,NaN,NaN,NaN,NaN,NaN,NaN,NaN,NaN,NaN
NaN,NaN,NaN,NaN,NaN,NaN,NaN,NaN,NaN,NaN,NaN,NaN,NaN,NaN,2.48597e-06,1.920513e-06,2.116278e-06,1.876339e-06,2.462408e-06,2.283137e-06,2.682548e-06,2.318848e-06,2.477143e-06,1.847387e-06,1.69469e-06,7.71314e-07,3.254162e-07,-8.526285e-07,-1.541091e-06,-2.927347e-06,-3.813454e-06,-5.364839e-06,-6.402368e-06,-8.072065e-06,-9.214335e-06,-1.095781e-05,-1.215657e-05,-1.391977e-05,-1.51144e-05,-1.683746e-05,-1.797169e-05,-1.960143e-05,-2.061796e-05,-2.209172e-05,-2.292615e-05,-2.418308e-05,-2.477957e-05,-2.576544e-05,-2.606627e-05,-2.672117e-05,-2.666924e-05,-2.694199e-05,-2.649272e-05,-2.63434e-05,-2.545919e-05,-2.485446e-05,-2.351111e-05,-2.243623e-05,-2.062684e-05,-1.90818e-05,-1.681444e-05,-1.481803e-05,-1.212454e-05,-9.719588e-06,-6.65394e-06,-3.906532e-06,-5.492415e-07,2.449354e-06,5.996128e-06,9.131935e-06,1.273429e-05,1.584339e-05,1.928551e-05,2.205429e-05,2.481715e-05,2.633757e-05,2.689332e-05,2.494503e-05,2.098669e-05,1.520204e-05,1.074895e-05,7.823916e-06,5.996476e-06,NaN,NaN,NaN,NaN,NaN,NaN,NaN,NaN,NaN,NaN,NaN,NaN,NaN
NaN,NaN,NaN,NaN,NaN,NaN,NaN,NaN,NaN,NaN,NaN,NaN,NaN,NaN,2.246897e-06,2.479609e-06,2.317807e-06,3.745066e-06,4.54688e-06,5.705321e-06,5.837964e-06,6.415417e-06,6.022511e-06,6.009013e-06,5.013875e-06,4.392274e-06,2.839796e-06,1.689956e-06,-3.326309e-07,-1.920647e-06,-4.328265e-06,-6.273649e-06,-8.992658e-06,-1.122224e-05,-1.417558e-05,-1.66033e-05,-1.970037e-05,-2.223329e-05,-2.538013e-05,-2.791818e-05,-3.100726e-05,-3.343732e-05,-3.635795e-05,-3.857428e-05,-4.122079e-05,-4.31115e-05,-4.536613e-05,-4.681146e-05,-4.855929e-05,-4.945088e-05,-5.058589e-05,-5.081652e-05,-5.12338e-05,-5.070733e-05,-5.032242e-05,-4.896643e-05,-4.771621e-05,-4.547839e-05,-4.332503e-05,-4.018346e-05,-3.712118e-05,-3.308842e-05,-2.91483e-05,-2.427838e-05,-1.953824e-05,-1.39328e-05,-8.516169e-06,-2.323488e-06,3.594296e-06,1.016982e-05,1.635653e-05,2.303506e-05,2.911424e-05,3.530681e-05,4.026697e-05,4.418183e-05,4.497424e-05,4.200442e-05,3.346284e-05,2.208389e-05,1.257457e-05,8.475213e-06,6.093003e-06,NaN,NaN,NaN,NaN,NaN,NaN,NaN,NaN,NaN,NaN,NaN,NaN,NaN
NaN,NaN,NaN,NaN,NaN,NaN,NaN,NaN,NaN,NaN,NaN,NaN,NaN,NaN,2.678843e-06,2.2798e-06,4.197829e-06,7.378025e-06,1.113905e-05,1.278986e-05,1.448725e-05,1.481333e-05,1.54165e-05,1.459669e-05,1.396019e-05,1.192792e-05,1.012156e-05,7.022775e-06,4.22171e-06,2.24318e-07,-3.415825e-06,-8.166709e-06,-1.250182e-05,-1.786431e-05,-2.274914e-05,-2.857388e-05,-3.384635e-05,-3.995448e-05,-4.541886e-05,-5.160878e-05,-5.706316e-05,-6.313133e-05,-6.836365e-05,-7.408833e-05,-7.886885e-05,-8.402127e-05,-8.812395e-05,-9.247485e-05,-9.566334e-05,-9.897229e-05,-0.000101008,-0.000103047,-0.0001037148,-0.000104277,-0.0001033806,-0.0001022879,-9.967203e-05,-9.679427e-05,-9.23552e-05,-8.761383e-05,-8.130274e-05,-7.468672e-05,-6.653454e-05,-5.811684e-05,-4.824247e-05,-3.819019e-05,-2.681221e-05,-1.539252e-05,-2.82738e-06,9.590789e-06,2.290647e-05,3.57869e-05,4.913692e-05,6.140005e-05,7.293605e-05,8.12445e-05,8.507843e-05,8.004056e-05,6.422974e-05,3.889544e-05,1.769909e-05,8.905345e-06,6.373472e-06,NaN,NaN,NaN,NaN,NaN,NaN,NaN,NaN,NaN,NaN,NaN,NaN,NaN
NaN,NaN,NaN,NaN,NaN,NaN,NaN,NaN,NaN,NaN,NaN,NaN,NaN,NaN,2.398664e-06,3.400281e-06,8.13273e-06,1.831274e-05,2.462851e-05,2.851877e-05,3.017156e-05,3.198346e-05,3.20546e-05,3.196723e-05,2.989501e-05,2.757722e-05,2.335917e-05,1.900592e-05,1.291415e-05,6.813866e-06,-8.767196e-07,-8.462463e-06,-1.750658e-05,-2.633634e-05,-3.648151e-05,-4.627858e-05,-5.722623e-05,-6.767178e-05,-7.908403e-05,-8.981893e-05,-0.0001013181,-0.0001119481,-0.0001231354,-0.0001332617,-0.0001437289,-0.0001529259,-0.0001622313,-0.0001700457,-0.0001777365,-0.0001837216,-0.0001893501,-0.0001930578,-0.0001961857,-0.0001971957,-0.000197431,-0.000195387,-0.0001924064,-0.0001870232,-0.000180588,-0.0001716784,-0.0001616584,-0.0001491584,-0.0001355615,-0.0001195619,-0.0001025675,-8.33388e-05,-6.330815e-05,-4.130952e-05,-1.880151e-05,5.306441e-06,2.952827e-05,5.483436e-05,7.958716e-05,0.0001043291,0.0001266503,0.0001455287,0.0001560064,0.0001532744,0.0001289648,8.182965e-05,3.152405e-05,1.073736e-05,6.452281e-06,NaN,NaN,NaN,NaN,NaN,NaN,NaN,NaN,NaN,NaN,NaN,NaN,NaN
NaN,NaN,NaN,NaN,NaN,NaN,NaN,NaN,NaN,NaN,NaN,NaN,NaN,NaN,2.9571e-06,4.828127e-06,2.114202e-05,4.000786e-05,4.897649e-05,5.169737e-05,5.456309e-05,5.58678e-05,5.726215e-05,5.612163e-05,5.43235e-05,4.975377e-05,4.452e-05,3.670073e-05,2.840382e-05,1.774882e-05,6.794176e-06,-6.30876e-06,-1.954073e-05,-3.471556e-05,-4.983456e-05,-6.666775e-05,-8.322171e-05,-0.0001012131,-0.000118654,-0.0001372295,-0.000154968,-0.0001735217,-0.0001909296,-0.0002088105,-0.0002252116,-0.0002417291,-0.000256424,-0.0002708599,-0.000283109,-0.0002947139,-0.0003037638,-0.0003117943,-0.0003169254,-0.000320683,-0.0003212248,-0.000320087,-0.0003154739,-0.0003089401,-0.0002987447,-0.0002864615,-0.0002704177,-0.0002522266,-0.0002302968,-0.0002062894,-0.000178707,-0.0001492651,-0.0001165672,-8.238317e-05,-4.54183e-05,-7.496373e-06,3.256353e-05,7.283798e-05,0.0001142551,0.0001544386,0.000193265,0.0002264341,0.0002504349,0.0002559054,0.0002327762,0.0001671613,7.069553e-05,1.509383e-05,6.869149e-06,NaN,NaN,NaN,NaN,NaN,NaN,NaN,NaN,NaN,NaN,NaN,NaN,NaN
NaN,NaN,NaN,NaN,NaN,NaN,NaN,NaN,NaN,NaN,NaN,NaN,NaN,NaN,2.874975e-06,1.185144e-05,4.950385e-05,7.426655e-05,7.90486e-05,8.113914e-05,8.271271e-05,8.555708e-05,8.63801e-05,8.63312e-05,8.29773e-05,7.819582e-05,7.007638e-05,6.06833e-05,4.823506e-05,3.477024e-05,1.853493e-05,1.525411e-06,-1.799606e-05,-3.805484e-05,-6.034048e-05,-8.287658e-05,-0.0001073022,-0.0001316348,-0.0001574655,-0.0001828101,-0.0002092201,-0.0002347145,-0.0002608205,-0.0002855669,-0.0003104404,-0.0003334696,-0.000356106,-0.0003763796,-0.0003957225,-0.0004121818,-0.0004271615,-0.0004387306,-0.0004482875,-0.0004539347,-0.0004570847,-0.0004558959,-0.0004517935,-0.0004430027,-0.0004309817,-0.000414032,-0.0003936576,-0.0003682618,-0.0003394109,-0.0003056319,-0.0002685699,-0.0002268863,-0.0001823068,-0.0001336386,-8.26933e-05,-2.84193e-05,2.730016e-05,8.532946e-05,0.0001435526,0.0002022149,0.0002580529,0.0003090335,0.0003481808,0.0003678192,0.0003536362,0.0002888716,0.0001560815,3.027352e-05,7.346392e-06,NaN,NaN,NaN,NaN,NaN,NaN,NaN,NaN,NaN,NaN,NaN,NaN,NaN
NaN,NaN,NaN,NaN,NaN,NaN,NaN,NaN,NaN,NaN,NaN,NaN,NaN,2.543486e-06,4.217024e-06,3.206481e-05,9.564176e-05,0.0001132967,0.0001140644,0.000112956,0.0001156348,0.0001179953,0.0001206664,0.0001197682,0.0001171927,0.0001102754,0.0001015104,8.862884e-05,7.419127e-05,5.599807e-05,3.655066e-05,1.368922e-05,-1.013984e-05,-3.704899e-05,-6.461009e-05,-9.486884e-05,-0.0001253904,-0.0001581392,-0.0001906733,-0.000224907,-0.0002584104,-0.0002930465,-0.0003263931,-0.0003602641,-0.000392234,-0.0004240797,-0.000453383,-0.0004818675,-0.0005071209,-0.0005308363,-0.0005506118,-0.0005681317,-0.0005810305,-0.0005909823,-0.0005956737,-0.0005968055,-0.0005921294,-0.0005833877,-0.0005684164,-0.0005490046,-0.0005230965,-0.0004925656,-0.000455488,-0.0004138436,-0.0003658653,-0.0003136564,-0.0002556173,-0.0001939791,-0.0001273145,-5.797669e-05,1.529052e-05,8.99665e-05,0.000166975,0.000243173,0.0003181082,0.000386138,0.0004426329,0.0004761185,0.0004747438,0.0004186904,0.0002829685,7.564606e-05,9.112594e-06,4.704452e-06,NaN,NaN,NaN,NaN,NaN,NaN,NaN,NaN,NaN,NaN,NaN,NaN
NaN,NaN,NaN,NaN,NaN,NaN,NaN,NaN,NaN,NaN,NaN,NaN,NaN,3.566461e-06,6.694974e-06,8.130543e-05,0.0001489365,0.0001573445,0.0001516993,0.000149915,0.0001516186,0.0001559858,0.0001584237,0.0001590694,0.0001551951,0.0001484565,0.0001369769,0.000122838,0.0001043319,8.356137e-05,5.881905e-05,3.218495e-05,1.940434e-06,-2.983647e-05,-6.481899e-05,-0.0001008975,-0.000139688,-0.0001790414,-0.0002205166,-0.0002619387,-0.0003048227,-0.000346975,-0.0003898853,-0.0004313525,-0.0004728134,-0.0005120471,-0.0005504463,-0.0005857671,-0.0006193795,-0.0006490443,-0.0006760925,-0.0006983008,-0.0007169992,-0.000729996,-0.000738648,-0.0007408343,-0.0007379404,-0.0007279362,-0.0007122688,-0.0006890132,-0.0006597002,-0.0006225551,-0.0005792212,-0.0005281121,-0.0004710117,-0.0004065446,-0.0003366426,-0.000260162,-0.0001791905,-9.281179e-05,-3.238398e-06,9.016118e-05,0.0001848665,0.000280672,0.0003736001,0.000460532,0.0005331044,0.00058191,0.0005918901,0.0005464664,0.0004195651,0.0001773426,1.398272e-05,5.279089e-06,NaN,NaN,NaN,NaN,NaN,NaN,NaN,NaN,NaN,NaN,NaN,NaN
NaN,NaN,NaN,NaN,NaN,NaN,NaN,NaN,NaN,NaN,NaN,NaN,NaN,3.033803e-06,1.79122e-05,0.0001519792,0.0002089814,0.0002047692,0.0001957727,0.0001908673,0.000194391,0.0001983598,0.0002031707,0.000202965,0.0002002556,0.0001912963,0.0001794463,0.000161655,0.000141333,0.0001155847,8.769622e-05,5.486412e-05,2.026154e-05,-1.882002e-05,-5.925455e-05,-0.0001036315,-0.0001488308,-0.0001973035,-0.0002459321,-0.0002970745,-0.0003476404,-0.0003998943,-0.0004507668,-0.0005024358,-0.0005518315,-0.0006010593,-0.0006470624,-0.0006918494,-0.0007323761,-0.0007705902,-0.0008034622,-0.0008329082,-0.0008559533,-0.0008744813,-0.0008855985,-0.0008912139,-0.0008885307,-0.0008795068,-0.0008614757,-0.0008364539,-0.0008019413,-0.0007600723,-0.0007085504,-0.0006496636,-0.0005813602,-0.0005061126,-0.0004221336,-0.0003320937,-0.0002344785,-0.0001321551,-2.387297e-05,8.723773e-05,0.0002019715,0.000316341,0.0004293926,0.0005339397,0.000624149,0.0006862641,0.0007082438,0.0006705308,0.000554255,0.0003156931,3.081397e-05,5.074643e-06,NaN,NaN,NaN,NaN,NaN,NaN,NaN,NaN,NaN,NaN,NaN,NaN
NaN,NaN,NaN,NaN,NaN,NaN,NaN,NaN,NaN,NaN,NaN,NaN,NaN,4.786746e-06,5.637622e-05,0.000234623,0.0002740138,0.0002605476,0.0002453041,0.0002403786,0.0002429561,0.000249327,0.0002537521,0.0002552618,0.00025096,0.0002421893,0.0002272175,0.000208038,0.0001831273,0.0001545373,0.0001207206,8.372238e-05,4.195355e-05,-2.520752e-06,-5.124767e-05,-0.0001020968,-0.0001565523,-0.0002124038,-0.0002710719,-0.0003302884,-0.0003914298,-0.0004521773,-0.0005138867,-0.000574202,-0.0006344181,-0.0006921247,-0.0007485704,-0.0008012823,-0.0008514879,-0.0008966906,-0.000938076,-0.0009731402,-0.001003084,-0.001025413,-0.001041384,-0.001048573,-0.001048297,-0.001038231,-0.001019807,-0.0009908148,-0.000952834,-0.000903837,-0.0008455996,-0.0007763313,-0.0006980529,-0.0006092422,-0.0005121847,-0.0004056547,-0.000292228,-0.000170974,-4.473113e-05,8.705797e-05,0.0002210409,0.0003566896,0.0004886889,0.0006128873,0.0007187224,0.000795115,0.0008258243,0.0007954591,0.0006855333,0.0004583388,8.669365e-05,6.709e-06,NaN,NaN,NaN,NaN,NaN,NaN,NaN,NaN,NaN,NaN,NaN,NaN
NaN,NaN,NaN,NaN,NaN,NaN,NaN,NaN,NaN,NaN,NaN,NaN,NaN,5.73437e-06,0.0001487874,0.0003262526,0.0003490665,0.0003246251,0.000305592,0.0002982662,0.0003023749,0.0003084937,0.0003148543,0.0003152739,0.0003115481,0.0003000517,0.0002839828,0.0002604298,0.0002328407,0.0001983598,0.0001603965,0.0001161128,6.885445e-05,1.583094e-05,-3.96004e-05,-0.0001001302,-0.0001623511,-0.0002288146,-0.0002960706,-0.0003665788,-0.0004368856,-0.0005093526,-0.0005805214,-0.0006526584,-0.0007222729,-0.0007915427,-0.0008569688,-0.000920605,-0.0009789488,-0.001033976,-0.001082181,-0.001125498,-0.001160481,-0.001189018,-0.001207767,-0.001218647,-0.001218449,-0.001209154,-0.001187736,-0.001156252,-0.001111912,-0.001056929,-0.0009888153,-0.0009099861,-0.0008183232,-0.0007164842,-0.0006027606,-0.0004800641,-0.0003471383,-0.0002071438,-5.929907e-05,9.290074e-05,0.0002494459,0.0004057574,0.0005593392,0.0007017637,0.000824455,0.0009121664,0.0009507399,0.0009233055,0.0008166613,0.0005977129,0.0002106284,8.832036e-06,NaN,NaN,NaN,NaN,NaN,NaN,NaN,NaN,NaN,NaN,NaN,NaN
NaN,NaN,NaN,NaN,NaN,NaN,NaN,NaN,NaN,NaN,NaN,NaN,3.873715e-06,1.124951e-05,0.000273353,0.0004342407,0.0004348662,0.0004035608,0.0003770511,0.0003706419,0.000372744,0.0003814547,0.0003861602,0.0003879784,0.0003811793,0.0003691904,0.0003483256,0.0003224074,0.0002883739,0.0002498145,0.0002038909,0.0001539747,9.736121e-05,3.728645e-05,-2.875243e-05,-9.756239e-05,-0.0001714411,-0.0002471892,-0.0003269239,-0.0004074562,-0.0004907653,-0.0005736597,-0.0006580149,-0.0007406445,-0.0008232799,-0.0009027103,-0.0009805498,-0.001053535,-0.001123201,-0.001186285,-0.001244224,-0.001293772,-0.001336348,-0.001368742,-0.00139242,-0.001404292,-0.001405891,-0.001394274,-0.001371114,-0.001333643,-0.001283737,-0.001218888,-0.001141249,-0.001048633,-0.0009435503,-0.000824186,-0.0006934601,-0.0005499492,-0.0003970432,-0.0002337017,-6.381845e-05,0.0001131455,0.0002923593,0.0004729777,0.0006472857,0.0008101254,0.0009470781,0.001046163,0.001087671,0.001060974,0.0009502689,0.0007382263,0.0003646935,1.462224e-05,3.520839e-06,NaN,NaN,NaN,NaN,NaN,NaN,NaN,NaN,NaN,NaN,NaN
NaN,NaN,NaN,NaN,NaN,NaN,NaN,NaN,NaN,NaN,NaN,NaN,4.81311e-06,2.769113e-05,0.0004134495,0.0005582098,0.0005398949,0.0004982915,0.000467363,0.0004583877,0.0004611097,0.0004687426,0.0004739894,0.0004733601,0.0004653624,0.0004489055,0.0004248603,0.000392483,0.0003533915,0.000306543,0.0002538353,0.0001939757,0.0001290236,5.753044e-05,-1.82202e-05,-9.972292e-05,-0.0001844599,-0.0002738978,-0.0003653203,-0.0004602014,-0.0005556927,-0.0006532511,-0.0007499095,-0.0008470968,-0.0009416929,-0.00103509,-0.001124064,-0.001209921,-0.001289347,-0.001363617,-0.001429328,-0.001487765,-0.001535536,-0.001573933,-0.00159964,-0.001614057,-0.001613989,-0.001600994,-0.001572076,-0.00152896,-0.001468921,-0.001393953,-0.001301714,-0.001194545,-0.001070576,-0.0009325406,-0.0007791003,-0.0006133987,-0.0004347322,-0.0002466651,-4.921167e-05,0.0001534936,0.0003601776,0.0005651348,0.0007635833,0.0009450859,0.001097323,0.001203255,0.001245687,0.001212363,0.001093079,0.0008796644,0.0005137772,3.013613e-05,3.439663e-06,NaN,NaN,NaN,NaN,NaN,NaN,NaN,NaN,NaN,NaN,NaN
NaN,NaN,NaN,NaN,NaN,NaN,NaN,NaN,NaN,NaN,NaN,NaN,5.896901e-06,0.0001037288,0.000575729,0.0007065709,0.0006674963,0.0006174813,0.0005789087,0.0005695207,0.0005690885,0.0005775315,0.0005791437,0.0005776459,0.0005639918,0.0005443729,0.000512469,0.0004746788,0.000425657,0.0003713313,0.0003068148,0.0002376276,0.0001591857,7.672179e-05,-1.396293e-05,-0.0001077926,-0.0002085946,-0.0003113802,-0.0004196508,-0.0005285176,-0.0006412165,-0.0007529312,-0.0008666785,-0.0009777138,-0.001088778,-0.001195157,-0.001299366,-0.001396683,-0.00148945,-0.001573008,-0.001649498,-0.001714347,-0.001769617,-0.001810847,-0.001840115,-0.00185319,-0.001852196,-0.001833182,-0.001798419,-0.001744268,-0.001673224,-0.001582081,-0.001473678,-0.001345342,-0.001200352,-0.00103664,-0.000857986,-0.0006629723,-0.0004559921,-0.0002363223,-9.062164e-06,0.0002255682,0.0004610864,0.0006950737,0.0009171849,0.001119416,0.001283603,0.001394944,0.001431782,0.001386785,0.001250141,0.001027248,0.0006596468,9.255297e-05,4.832618e-06,NaN,NaN,NaN,NaN,NaN,NaN,NaN,NaN,NaN,NaN,NaN
NaN,NaN,NaN,NaN,NaN,NaN,NaN,NaN,NaN,NaN,NaN,NaN,9.167801e-06,0.000296561,0.000778204,0.0008820067,0.0008289675,0.0007641491,0.0007218972,0.0007065436,0.0007058005,0.0007095094,0.000709547,0.0007015333,0.000683709,0.0006551311,0.000616383,0.0005672439,0.0005089367,0.0004410619,0.0003650402,0.0002803202,0.0001884416,8.875639e-05,-1.696841e-05,-0.0001293844,-0.0002464534,-0.0003687582,-0.0004940263,-0.000622846,-0.0007527787,-0.0008843754,-0.001015021,-0.001145231,-0.001272173,-0.001396332,-0.001514706,-0.001627681,-0.00173211,-0.001828376,-0.001913193,-0.001986992,-0.002046462,-0.002092102,-0.002120686,-0.00213295,-0.002125803,-0.002100257,-0.002053447,-0.00198672,-0.001897553,-0.00178778,-0.001655336,-0.001502628,-0.001328167,-0.001135066,-0.0009224928,-0.0006943073,-0.0004504355,-0.0001955826,6.93894e-05,0.0003385329,0.0006092755,0.0008729675,0.001122631,0.001343193,0.001519503,0.001629713,0.00165719,0.001590257,0.001430148,0.001183788,0.0008122663,0.00023984,7.197305e-06,NaN,NaN,NaN,NaN,NaN,NaN,NaN,NaN,NaN,NaN,NaN
NaN,NaN,NaN,NaN,NaN,NaN,NaN,NaN,NaN,NaN,NaN,NaN,1.314879e-05,0.0005648492,0.001026967,0.001098767,0.00102936,0.0009502613,0.0009003203,0.0008799146,0.0008741465,0.0008736799,0.0008667659,0.0008523492,0.0008245449,0.0007868307,0.0007351185,0.0006741082,0.0006000342,0.0005177563,0.0004235129,0.0003221987,0.0002099985,9.184761e-05,-3.5893e-05,-0.0001681741,-0.0003084165,-0.0004514547,-0.0006004975,-0.0007503221,-0.0009039596,-0.001056122,-0.001209682,-0.001359307,-0.0015076,-0.00164916,-0.001786393,-0.001913814,-0.002033676,-0.002140513,-0.002236383,-0.002315897,-0.002381084,-0.002426694,-0.002454836,-0.002460581,-0.002446177,-0.00240711,-0.002345879,-0.002258437,-0.002147608,-0.00201,-0.001848944,-0.00166187,-0.001452706,-0.001219825,-0.0009677973,-0.0006960575,-0.0004099901,-0.0001102758,0.0001967385,0.0005085723,0.0008169753,0.001115821,0.001392153,0.001632364,0.001815672,0.001921573,0.001930653,0.001834585,0.001639235,0.001358476,0.0009750009,0.0004241597,1.108631e-05,NaN,NaN,NaN,NaN,NaN,NaN,NaN,NaN,NaN,NaN,NaN
NaN,NaN,NaN,NaN,NaN,NaN,NaN,NaN,NaN,NaN,NaN,6.276605e-06,2.236251e-05,0.0008544202,0.001332613,0.001364856,0.001282079,0.001181761,0.001126425,0.001094047,0.001084688,0.001072724,0.001059518,0.001031067,0.000993325,0.0009385315,0.0008733366,0.0007922512,0.0007014556,0.0005963561,0.0004825334,0.0003560196,0.0002218652,7.66108e-05,-7.490073e-05,-0.0002356264,-0.0004008059,-0.0005729362,-0.0007473076,-0.0009260952,-0.001104658,-0.001284847,-0.001462036,-0.001637788,-0.001807372,-0.001972099,-0.002127212,-0.002273746,-0.002406933,-0.002527672,-0.002631149,-0.002718228,-0.00278423,-0.002830056,-0.002851287,-0.002849098,-0.002819416,-0.002763798,-0.002678624,-0.002565905,-0.002422564,-0.002251294,-0.00204978,-0.001821578,-0.001565231,-0.001285326,-0.0009813122,-0.0006589466,-0.0003188025,3.190805e-05,0.0003912424,0.0007498107,0.001103228,0.001437849,0.001743959,0.001999796,0.002187984,0.00228066,0.002264754,0.00212737,0.001887365,0.001557536,0.001151386,0.0005938377,1.601205e-05,1.114326e-06,NaN,NaN,NaN,NaN,NaN,NaN,NaN,NaN,NaN,NaN
NaN,NaN,NaN,NaN,NaN,NaN,NaN,NaN,NaN,NaN,NaN,9.676826e-06,5.810288e-05,0.00119784,0.001702387,0.001698617,0.001594189,0.001473537,0.00140559,0.001361289,0.001340785,0.001316468,0.001289004,0.001245003,0.001188959,0.001114976,0.00102754,0.0009237786,0.0008071887,0.0006762728,0.0005335473,0.0003785452,0.0002129709,3.718086e-05,-0.0001475425,-0.0003400828,-0.0005394101,-0.0007437505,-0.0009522742,-0.001162727,-0.001374448,-0.001584685,-0.001792878,-0.001995875,-0.002193071,-0.002380956,-0.002558941,-0.002723144,-0.002873057,-0.003004642,-0.003117398,-0.003207205,-0.003273751,-0.003312988,-0.003325015,-0.003306153,-0.003256958,-0.003174184,-0.003058955,-0.00290864,-0.002725095,-0.002506537,-0.002255734,-0.00197192,-0.001658905,-0.001317233,-0.0009518475,-0.0005647409,-0.0001622033,0.0002519432,0.0006696861,0.001084434,0.001485237,0.001860497,0.002193521,0.002464124,0.002648635,0.002722129,0.00266867,0.002481376,0.002182047,0.001792571,0.001345223,0.0007593449,3.256977e-05,2.146045e-06,NaN,NaN,NaN,NaN,NaN,NaN,NaN,NaN,NaN,NaN
NaN,NaN,NaN,NaN,NaN,NaN,NaN,NaN,NaN,NaN,NaN,1.133953e-05,0.0002420387,0.001636103,0.002153165,0.002111222,0.001981179,0.001833239,0.001750812,0.00168662,0.001653032,0.001607297,0.001562982,0.001493545,0.00141614,0.001312624,0.001199487,0.001062233,0.0009159093,0.0007479763,0.0005721057,0.0003772533,0.00017589,-4.178533e-05,-0.0002640316,-0.0004995099,-0.0007370231,-0.000984243,-0.001230425,-0.001482467,-0.001730055,-0.0019793,-0.002220185,-0.002458127,-0.00268323,-0.002900338,-0.003099813,-0.003285917,-0.003449283,-0.00359381,-0.003710357,-0.003802629,-0.003861956,-0.003891988,-0.003884715,-0.003844095,-0.003762937,-0.003645643,-0.003485939,-0.003288796,-0.003048993,-0.002772368,-0.002455075,-0.002104035,-0.001716887,-0.001301899,-0.0008583101,-0.0003959299,8.404063e-05,0.0005697813,0.001057617,0.00153268,0.001987452,0.002401829,0.00276188,0.003039444,0.003214233,0.003256145,0.003155445,0.00290436,0.002534211,0.002070529,0.001564421,0.000936301,0.0001050948,2.252148e-06,NaN,NaN,NaN,NaN,NaN,NaN,NaN,NaN,NaN,NaN
NaN,NaN,NaN,NaN,NaN,NaN,NaN,NaN,NaN,NaN,NaN,1.981303e-05,0.0007656749,0.002216489,0.002696912,0.002623787,0.002450445,0.002276944,0.002166597,0.002082273,0.00202275,0.001953603,0.001879485,0.00178141,0.001669568,0.001532463,0.001380365,0.001204827,0.001015306,0.0008050316,0.0005825101,0.0003422127,9.167623e-05,-0.0001735205,-0.0004463224,-0.0007300776,-0.001018148,-0.001313002,-0.001608336,-0.001905869,-0.002199608,-0.002490496,-0.002772785,-0.003046732,-0.003306601,-0.003552058,-0.003777605,-0.003982387,-0.004161217,-0.004312927,-0.004432559,-0.004518812,-0.004567289,-0.004576777,-0.004543679,-0.004467254,-0.004344921,-0.004176604,-0.003960865,-0.0036984,-0.00338901,-0.0030345,-0.00263638,-0.00219784,-0.001722202,-0.001214271,-0.0006793018,-0.0001240074,0.0004438737,0.001015182,0.001579129,0.002123044,0.00263156,0.003086475,0.00346587,0.003744641,0.003896148,0.003896878,0.003733429,0.003408615,0.002951605,0.002403609,0.001817208,0.001144273,0.0002994457,6.273413e-06,NaN,NaN,NaN,NaN,NaN,NaN,NaN,NaN,NaN,NaN
NaN,NaN,NaN,NaN,NaN,NaN,NaN,NaN,NaN,NaN,NaN,2.743551e-05,0.001494516,0.002946654,0.003357551,0.003244858,0.003017979,0.002810023,0.002664897,0.002549998,0.002457419,0.002353007,0.00224177,0.002102434,0.001948443,0.001764232,0.001564965,0.001337116,0.001096047,0.0008291536,0.0005515184,0.000251388,-5.660459e-05,-0.0003833909,-0.0007145099,-0.001060014,-0.001405596,-0.00176055,-0.002110743,-0.00246486,-0.002808953,-0.003150905,-0.003476857,-0.003794013,-0.004088464,-0.004366877,-0.004615559,-0.004840678,-0.005028922,-0.005186254,-0.005299659,-0.005374994,-0.005399911,-0.005380519,-0.005305591,-0.005181938,-0.004999612,-0.004766166,-0.004473106,-0.004129039,-0.003727185,-0.00327747,-0.002775218,-0.002231851,-0.001645059,-0.001028179,-0.0003814643,0.0002796593,0.0009517497,0.001616647,0.002266881,0.002880605,0.003445021,0.003933328,0.004326228,0.004592153,0.004708875,0.004651326,0.004412948,0.003999606,0.003445719,0.00279968,0.002116917,0.00138713,0.0005488159,9.536383e-06,NaN,NaN,NaN,NaN,NaN,NaN,NaN,NaN,NaN,NaN
NaN,NaN,NaN,NaN,NaN,NaN,NaN,NaN,NaN,NaN,NaN,4.296399e-05,0.002265579,0.003837708,0.004151583,0.003990917,0.003689486,0.00344334,0.003245705,0.003095923,0.002952555,0.0028071,0.002640542,0.002452972,0.002238433,0.001999432,0.00173451,0.001446011,0.001134805,0.0008026065,0.0004515669,8.301727e-05,-0.000300145,-0.0006966889,-0.001102895,-0.001517397,-0.001935872,-0.002356867,-0.002775576,-0.003190479,-0.003596378,-0.003991348,-0.004369753,-0.004729357,-0.005064032,-0.005371418,-0.005645317,-0.005883252,-0.006079155,-0.006230733,-0.006332069,-0.006381214,-0.006372838,-0.006305681,-0.006175503,-0.005982288,-0.00572324,-0.005399642,-0.005010268,-0.004557974,-0.00404337,-0.003471217,-0.002844508,-0.00217006,-0.001453499,-0.0007041473,6.945663e-05,0.0008552643,0.001641104,0.002411548,0.003149906,0.003836669,0.004449735,0.004965295,0.005356095,0.005596235,0.00565879,0.005529185,0.005198905,0.004687154,0.004023739,0.003271001,0.002476354,0.001673984,0.0007872541,1.522808e-05,NaN,NaN,NaN,NaN,NaN,NaN,NaN,NaN,NaN,NaN
NaN,NaN,NaN,NaN,NaN,NaN,NaN,NaN,NaN,NaN,2.269282e-05,8.272933e-05,0.003156428,0.004896968,0.005097945,0.004864301,0.004474595,0.004173855,0.00391264,0.003712182,0.003506326,0.003302973,0.003068366,0.002814841,0.002526584,0.002214703,0.001870726,0.001503189,0.001108379,0.0006925673,0.0002550635,-0.0001996781,-0.0006702541,-0.001153331,-0.001645537,-0.002144291,-0.002644794,-0.003145143,-0.003639244,-0.00412572,-0.004597461,-0.005053198,-0.00548481,-0.00589108,-0.006262863,-0.006599314,-0.006890991,-0.007137435,-0.00732907,-0.007466028,-0.007538758,-0.007548316,-0.007485773,-0.007353379,-0.007143246,-0.00685945,-0.006495841,-0.006058516,-0.005543135,-0.004957881,-0.004300357,-0.003581292,-0.002801111,-0.001973281,-0.001101194,-0.0002013605,0.0007195331,0.001641566,0.002553898,0.003432687,0.004262283,0.005014734,0.005669286,0.006195066,0.00656856,0.006760711,0.006752584,0.006531247,0.006097838,0.005474101,0.004695433,0.003825102,0.002911084,0.002012618,0.001029155,2.369408e-05,-3.170307e-06,NaN,NaN,NaN,NaN,NaN,NaN,NaN,NaN,NaN
NaN,NaN,NaN,NaN,NaN,NaN,NaN,NaN,NaN,NaN,3.275734e-05,0.000336671,0.00430578,0.00614698,0.006202464,0.005868166,0.005367489,0.004999758,0.004654272,0.004391181,0.004100286,0.003826499,0.003500766,0.003168514,0.002782896,0.002384769,0.001937819,0.001477934,0.0009760577,0.0004638289,-8.277775e-05,-0.0006355768,-0.001214806,-0.001794764,-0.002392273,-0.002983531,-0.003582764,-0.004167994,-0.004751097,-0.005311507,-0.005859027,-0.006373964,-0.006864328,-0.007311314,-0.007721094,-0.00807587,-0.008380882,-0.008619677,-0.008797155,-0.008898364,-0.008927723,-0.008871797,-0.008735356,-0.008507285,-0.008193516,-0.007785751,-0.007291481,-0.006705182,-0.006036231,-0.005282363,-0.004455028,-0.003555427,-0.002597789,-0.001586957,-0.0005402965,0.0005332616,0.001613003,0.002685635,0.003726325,0.004716987,0.005628471,0.00643861,0.007114876,0.007633862,0.007964412,0.008088895,0.007986522,0.007659205,0.007108015,0.00636696,0.005467187,0.004477135,0.00343726,0.002424794,0.001318648,7.452485e-05,-1.490734e-06,NaN,NaN,NaN,NaN,NaN,NaN,NaN,NaN,NaN
NaN,NaN,NaN,NaN,NaN,NaN,NaN,NaN,NaN,NaN,4.637418e-05,0.001445435,0.005842032,0.007579673,0.007473043,0.006982598,0.006364119,0.00589695,0.005458698,0.005103856,0.004715804,0.00434332,0.00391227,0.003473715,0.002975357,0.002463976,0.001898139,0.001319869,0.0006953779,6.220735e-05,-0.0006080394,-0.001281474,-0.001982149,-0.002678915,-0.003392036,-0.004092565,-0.004797746,-0.005480737,-0.006156069,-0.006798748,-0.0074209,-0.007998546,-0.008541495,-0.009026898,-0.009462583,-0.009827309,-0.01012792,-0.01034494,-0.01048474,-0.01052995,-0.0104867,-0.01033984,-0.01009598,-0.00974294,-0.009288652,-0.008724684,-0.008060977,-0.007292651,-0.006431825,-0.00547768,-0.004444749,-0.003336562,-0.002170737,-0.0009551432,0.0002891501,0.001549391,0.00280091,0.004026033,0.005196091,0.006288237,0.007270149,0.008115857,0.008792429,0.00927594,0.00953979,0.009569908,0.009355381,0.008904359,0.008229143,0.007365408,0.006349464,0.005238823,0.004076512,0.00293078,0.001699248,0.0002959007,-8.828409e-07,NaN,NaN,NaN,NaN,NaN,NaN,NaN,NaN,NaN
NaN,NaN,NaN,NaN,NaN,NaN,NaN,NaN,NaN,NaN,7.029422e-05,0.003541216,0.007782502,0.009194082,0.008889476,0.008187933,0.007435831,0.006838696,0.006290094,0.00581717,0.005311143,0.004814548,0.004254681,0.003684968,0.003049497,0.002401445,0.001692521,0.0009739934,0.0002034737,-0.0005703061,-0.001385723,-0.002196544,-0.0030376,-0.003864387,-0.004708536,-0.005527159,-0.006349452,-0.007134167,-0.007908042,-0.008631337,-0.009328689,-0.009961106,-0.01055102,-0.0110603,-0.01150967,-0.0118629,-0.01214025,-0.01230745,-0.01238452,-0.01233956,-0.01219305,-0.01191608,-0.0115302,-0.01100986,-0.01037819,-0.009614117,-0.008743699,-0.007750373,-0.006662918,-0.00546935,-0.00420111,-0.002851428,-0.001455375,-1.130236e-05,0.001442137,0.002901163,0.004323459,0.005699782,0.006984436,0.008163253,0.009188789,0.01004534,0.01068857,0.01110849,0.01127353,0.01118784,0.01084132,0.01026011,0.009456764,0.008476071,0.007349783,0.0061286,0.004852223,0.003568054,0.002216883,0.0007456014,7.687343e-06,NaN,NaN,NaN,NaN,NaN,NaN,NaN,NaN,NaN
NaN,NaN,NaN,NaN,NaN,NaN,NaN,NaN,NaN,NaN,9.973012e-05,0.005717783,0.01003377,0.01096475,0.01041078,0.009437492,0.008541987,0.007774814,0.00710506,0.006474487,0.005835831,0.005176508,0.004471863,0.003733858,0.002944633,0.002124348,0.001256225,0.0003645778,-0.0005662319,-0.001510047,-0.002482201,-0.003455758,-0.004445184,-0.005422458,-0.006400988,-0.007352341,-0.008289657,-0.00918458,-0.01004913,-0.01085464,-0.0116122,-0.01229296,-0.01290751,-0.01342701,-0.01386111,-0.01418165,-0.01439911,-0.01448752,-0.014459,-0.01428979,-0.0139932,-0.01354781,-0.01296951,-0.01224086,-0.01138106,-0.01037718,-0.009252189,-0.007997531,-0.006640404,-0.005177283,-0.00363917,-0.002027662,-0.0003781441,0.001302636,0.002974917,0.00462678,0.006214566,0.007721518,0.009101154,0.01033332,0.01137222,0.01219955,0.01277673,0.01309599,0.01313758,0.0129125,0.01242647,0.01171037,0.01078852,0.009700467,0.008483563,0.007167509,0.005796569,0.004377427,0.002902864,0.001268895,1.392092e-05,NaN,NaN,NaN,NaN,NaN,NaN,NaN,NaN,NaN
NaN,NaN,NaN,NaN,NaN,NaN,NaN,NaN,NaN,8.846782e-05,0.0001814587,0.007988717,0.01251204,0.01284485,0.01196525,0.01067546,0.009612846,0.008645121,0.007830368,0.007009509,0.006211683,0.005357109,0.004481094,0.003543842,0.002574934,0.001553501,0.0005021627,-0.0005879353,-0.001699729,-0.002834547,-0.00398003,-0.005131841,-0.006280713,-0.00741766,-0.008535924,-0.009622796,-0.01067377,-0.01167343,-0.01261897,-0.0134929,-0.01429373,-0.01500144,-0.01561549,-0.01611437,-0.01649918,-0.01674844,-0.01686605,-0.01683145,-0.0166517,-0.01630813,-0.01581153,-0.01514543,-0.01432486,-0.01333675,-0.01220103,-0.01090927,-0.009487142,-0.007930432,-0.00627036,-0.004507453,-0.002678069,-0.000787683,0.001122068,0.003041118,0.004922851,0.006752819,0.008480513,0.01008842,0.01152456,0.01277046,0.01377767,0.01453427,0.01500444,0.01519276,0.01508711,0.01471283,0.0140842,0.01324305,0.01221798,0.01104876,0.009768666,0.008389344,0.006949823,0.005416535,0.003812717,0.00189572,2.992507e-05,-6.08789e-06,NaN,NaN,NaN,NaN,NaN,NaN,NaN,NaN
NaN,NaN,NaN,NaN,NaN,NaN,NaN,NaN,NaN,0.0001229261,0.000768805,0.01075804,0.01513176,0.01473911,0.01345804,0.01181576,0.01056351,0.009359785,0.008377762,0.007327608,0.006348838,0.005258988,0.004190281,0.003014691,0.001847451,0.0005892261,-0.0006599932,-0.001979698,-0.003282082,-0.004633131,-0.005955454,-0.007304265,-0.00860951,-0.009917245,-0.01116398,-0.01238867,-0.0135337,-0.01463199,-0.01563047,-0.01655721,-0.01736357,-0.01807291,-0.01864011,-0.01908491,-0.01936653,-0.01950345,-0.0194607,-0.01925654,-0.01886139,-0.01829442,-0.01753259,-0.0165969,-0.01547117,-0.01417892,-0.01271073,-0.01109426,-0.009328114,-0.007443822,-0.005447319,-0.003373884,-0.001235897,0.0009272464,0.003096792,0.005229975,0.007302753,0.009269888,0.01110365,0.01275857,0.01420739,0.01540804,0.01634046,0.01697487,0.0173082,0.01733297,0.01707292,0.01654283,0.0157905,0.01484189,0.01375063,0.01253088,0.01123168,0.009826043,0.008362553,0.006746736,0.005019434,0.002765159,0.0001280523,-1.29169e-05,NaN,NaN,NaN,NaN,NaN,NaN,NaN,NaN
NaN,NaN,NaN,NaN,NaN,NaN,NaN,NaN,NaN,0.0001697456,0.003881868,0.01433781,0.0177251,0.01655199,0.01474003,0.01276547,0.01126383,0.009825983,0.008622286,0.007330801,0.006121466,0.004780554,0.003475984,0.002046257,0.0006438804,-0.000864337,-0.002340586,-0.003898246,-0.0054121,-0.00698159,-0.008492555,-0.01003309,-0.01149692,-0.01296196,-0.01432911,-0.01566874,-0.01688903,-0.01805392,-0.01907664,-0.0200149,-0.02078717,-0.02144689,-0.02191818,-0.02225094,-0.02237417,-0.02233556,-0.02207148,-0.02163079,-0.02095774,-0.02010246,-0.0190164,-0.01775108,-0.01626667,-0.01461849,-0.01277521,-0.01079617,-0.008658519,-0.006425275,-0.004082039,-0.001695669,0.0007415124,0.003159372,0.005559601,0.00786954,0.01008667,0.01213785,0.01401895,0.01565951,0.01705942,0.01815609,0.01896228,0.01943269,0.01960115,0.01944766,0.01903466,0.01836369,0.01751719,0.0164995,0.01538826,0.01416697,0.01290033,0.01152309,0.01008878,0.00844737,0.006618463,0.004080212,0.0008013757,2.587913e-07,NaN,NaN,NaN,NaN,NaN,NaN,NaN,NaN
NaN,NaN,NaN,NaN,NaN,NaN,NaN,NaN,NaN,0.0002409427,0.009688131,0.01851215,0.02008186,0.01810768,0.0156553,0.0133903,0.01157651,0.009913233,0.008428941,0.006889967,0.005398349,0.003796341,0.002213258,0.0005205608,-0.001150279,-0.002913499,-0.004639794,-0.006433907,-0.00817137,-0.009950574,-0.01165133,-0.0133656,-0.01497642,-0.01657079,-0.01803586,-0.01945408,-0.02071573,-0.02189938,-0.02289912,-0.02379135,-0.02447414,-0.02502101,-0.02533292,-0.02548241,-0.02537618,-0.0250885,-0.02453293,-0.02378586,-0.0227672,-0.02155747,-0.02008504,-0.01843493,-0.01654351,-0.01450042,-0.01224954,-0.009886718,-0.007364227,-0.00478293,-0.002101987,0.000573489,0.003278994,0.005905902,0.008486007,0.01090891,0.01320507,0.01526523,0.01712222,0.01867315,0.01996011,0.0208917,0.02152768,0.02179848,0.02178934,0.02145821,0.02091617,0.02013705,0.01924322,0.01820586,0.01713327,0.01597271,0.01480443,0.01352554,0.01218107,0.01058967,0.008692959,0.006004715,0.002376912,1.328857e-05,NaN,NaN,NaN,NaN,NaN,NaN,NaN,NaN
NaN,NaN,NaN,NaN,NaN,NaN,NaN,NaN,NaN,0.000366391,0.01499944,0.02260722,0.0219815,0.01917561,0.01604051,0.01352724,0.01134881,0.009470884,0.007645577,0.005863068,0.004035155,0.002177215,0.0002697808,-0.001676288,-0.003650476,-0.005651268,-0.007650684,-0.009655169,-0.01162659,-0.01357871,-0.01546636,-0.01730783,-0.01905119,-0.02071783,-0.02225205,-0.02367918,-0.02494117,-0.02606617,-0.02699351,-0.02775391,-0.02828658,-0.02862637,-0.02871299,-0.0285854,-0.02818486,-0.02755594,-0.02664491,-0.02550433,-0.02408537,-0.02244844,-0.0205502,-0.01845892,-0.01613796,-0.01366411,-0.01100611,-0.008249011,-0.005367012,-0.002452323,0.0005164676,0.003441695,0.00634294,0.009118838,0.01178913,0.01425104,0.01652806,0.01852055,0.02025964,0.02165467,0.02275212,0.02347681,0.02389876,0.02396637,0.02377535,0.02329923,0.02265544,0.0218288,0.02093876,0.01996054,0.01898623,0.01796714,0.01695447,0.01585992,0.01466917,0.01323162,0.01133192,0.008615417,0.00433701,4.051257e-05,NaN,NaN,NaN,NaN,NaN,NaN,NaN,NaN
NaN,NaN,NaN,NaN,NaN,NaN,NaN,NaN,0.0003697142,0.001600006,0.02009526,0.0259733,0.0231569,0.01947757,0.01573532,0.01297098,0.01043194,0.008316381,0.006132118,0.004086141,0.001903681,-0.0002196745,-0.002462316,-0.004659089,-0.006937848,-0.009160623,-0.01142258,-0.01360824,-0.01579115,-0.01787441,-0.01991417,-0.02182707,-0.02365469,-0.02532508,-0.02686971,-0.02822731,-0.02942075,-0.03039779,-0.03117445,-0.03170719,-0.03200841,-0.03204402,-0.03182352,-0.03132233,-0.03054953,-0.02949103,-0.02815885,-0.02655088,-0.02468193,-0.02256179,-0.02020919,-0.01764491,-0.01489237,-0.01198309,-0.008943692,-0.005815545,-0.002628166,0.0005692532,0.003745831,0.006847228,0.009843935,0.01267948,0.01532845,0.01773534,0.01988275,0.02172189,0.02324763,0.02442513,0.02526852,0.02576221,0.02594491,0.02582648,0.02546787,0.02490257,0.0242028,0.02340834,0.02257936,0.02174579,0.02092729,0.02013871,0.01933992,0.01852372,0.01754595,0.01637138,0.01455181,0.011944,0.006913323,0.0003269567,-1.530284e-05,NaN,NaN,NaN,NaN,NaN,NaN,NaN
NaN,NaN,NaN,NaN,NaN,NaN,NaN,NaN,0.0005961672,0.009067415,0.02575459,0.02801027,0.02333995,0.01872542,0.01458479,0.01150788,0.008679868,0.00626093,0.003753579,0.001399782,-0.001106647,-0.003518031,-0.006062548,-0.008512536,-0.01105482,-0.01348222,-0.01595576,-0.01828725,-0.02062062,-0.0227831,-0.02490319,-0.02681978,-0.02864956,-0.03024245,-0.03170709,-0.03290322,-0.03393155,-0.03466082,-0.0351871,-0.035389,-0.03536111,-0.03499197,-0.03437435,-0.03340727,-0.03218532,-0.03061955,-0.02880917,-0.02667752,-0.02432724,-0.02169373,-0.0188847,-0.01584669,-0.01269262,-0.009378559,-0.00602023,-0.002581498,0.0008196455,0.004214044,0.007483575,0.01065768,0.01362125,0.01640636,0.01890407,0.02115278,0.02305403,0.02465913,0.02588391,0.02679957,0.02734141,0.0276039,0.02754419,0.02728289,0.02679166,0.02621081,0.02551118,0.02483422,0.0241278,0.02352239,0.02291862,0.02243547,0.02190831,0.02143879,0.02074951,0.01991301,0.0183289,0.01593009,0.01076099,0.002834579,6.670356e-05,NaN,NaN,NaN,NaN,NaN,NaN,NaN
NaN,NaN,NaN,NaN,NaN,NaN,NaN,0.0006340038,0.0007792366,0.02089054,0.03089076,0.0282235,0.0222065,0.01669898,0.01241044,0.008951663,0.00594156,0.003143036,0.0003931452,-0.002320995,-0.005071887,-0.007799571,-0.01055955,-0.01326759,-0.01597718,-0.018594,-0.02117363,-0.02361728,-0.02598397,-0.0281738,-0.03024728,-0.03210324,-0.03380245,-0.03524254,-0.03648712,-0.03743677,-0.0381583,-0.03855478,-0.03869515,-0.03848493,-0.0379995,-0.03715189,-0.03602459,-0.03453731,-0.03277881,-0.03067544,-0.02832633,-0.02566803,-0.02280903,-0.0196938,-0.01643821,-0.01299284,-0.009481801,-0.00586149,-0.002261014,0.001360986,0.004873185,0.008317246,0.01156187,0.01465272,0.0174627,0.0200464,0.02228521,0.02424564,0.0258219,0.02709763,0.02798328,0.02858515,0.02883466,0.0288603,0.02861315,0.02823962,0.02770033,0.02714967,0.02654576,0.02603056,0.02554247,0.02519541,0.02489544,0.02472507,0.02455874,0.02442436,0.02414449,0.02362869,0.02252309,0.02035177,0.01597461,0.007891947,9.425159e-06,1.462311e-05,NaN,NaN,NaN,NaN,NaN,NaN
NaN,NaN,NaN,NaN,NaN,NaN,NaN,0.0009900039,0.004153571,0.02974789,0.0333287,0.02642517,0.01936397,0.01334593,0.008974557,0.005225541,0.002035079,-0.001097176,-0.004069624,-0.007096765,-0.01004837,-0.01303422,-0.01594339,-0.01883876,-0.02162981,-0.02435225,-0.02693438,-0.02939492,-0.03167858,-0.03379256,-0.03569195,-0.03737504,-0.03880657,-0.03997868,-0.04086637,-0.04145894,-0.04173954,-0.04169706,-0.0413241,-0.04061078,-0.03956093,-0.03816873,-0.03644839,-0.03440014,-0.03204964,-0.02940316,-0.02649825,-0.0233482,-0.02000065,-0.01647579,-0.01282995,-0.009087634,-0.005311351,-0.001528099,0.002196866,0.005836534,0.009326561,0.01264312,0.01572694,0.01856083,0.02109478,0.02332255,0.02520871,0.02675957,0.02795848,0.02882724,0.02937118,0.02963008,0.02963381,0.02943324,0.02907952,0.02862626,0.02813761,0.02765537,0.02724628,0.02691594,0.02672769,0.026637,0.02670771,0.026831,0.02708629,0.02725386,0.02744948,0.02723851,0.02675707,0.02496525,0.02179606,0.01354799,0.001308908,0.0001828331,NaN,NaN,NaN,NaN,NaN,NaN
NaN,NaN,NaN,NaN,NaN,0.0009766375,0.001091201,0.001643262,0.02133742,0.03569438,0.03174751,0.02243172,0.01461913,0.008624144,0.004137337,0.0002816393,-0.003129095,-0.006466363,-0.009656372,-0.01287365,-0.01598328,-0.01910112,-0.0220882,-0.02503873,-0.02781668,-0.03050541,-0.03297749,-0.03531085,-0.03738678,-0.03927828,-0.04087055,-0.04223441,-0.0432629,-0.04402679,-0.04442682,-0.04453357,-0.04425362,-0.04366187,-0.04267556,-0.04137505,-0.03968774,-0.03769931,-0.03534666,-0.03272466,-0.02978227,-0.02662197,-0.02320234,-0.01963216,-0.01587813,-0.01205601,-0.008139118,-0.004245934,-0.0003520152,0.003424394,0.007108462,0.0105848,0.01388346,0.01689597,0.01966172,0.02208264,0.02421067,0.02596219,0.02740585,0.02847334,0.02925245,0.02969219,0.02989967,0.02984098,0.02964014,0.0292715,0.02886959,0.0284094,0.02802495,0.02767896,0.02749241,0.02739971,0.02750467,0.02771156,0.02810656,0.02856064,0.02914456,0.02967449,0.0302078,0.03045997,0.03041967,0.02947603,0.02718935,0.0210107,0.00942537,0.000179651,0.0002508758,0.0002554361,NaN,NaN,NaN,NaN
0.0006160222,0.0006360969,0.0007702892,0.0008445971,0.001002705,0.001056143,0.001819941,0.008812008,0.03517492,0.036388,0.02635281,0.01602779,0.008165414,0.002447123,-0.002032174,-0.00591299,-0.009466602,-0.01291032,-0.01622458,-0.01950867,-0.02266738,-0.02577494,-0.02871773,-0.03156575,-0.03419861,-0.03668684,-0.03891246,-0.04094666,-0.04267596,-0.04417124,-0.04532152,-0.04619967,-0.04670203,-0.04690342,-0.04670818,-0.04619307,-0.04527029,-0.04402274,-0.04237483,-0.04041503,-0.03807954,-0.03546229,-0.03251133,-0.02932866,-0.0258754,-0.02225828,-0.01844867,-0.01455611,-0.01056083,-0.006574274,-0.002582991,0.00130502,0.00510132,0.008704992,0.01212829,0.01528114,0.01818036,0.02075103,0.02301802,0.02492519,0.02650686,0.02772946,0.0286383,0.02922268,0.02953842,0.0295989,0.02946612,0.02917576,0.02878866,0.02835488,0.02792424,0.0275565,0.02727586,0.02714486,0.0271477,0.02734582,0.02767608,0.02821068,0.02882753,0.02962526,0.03040579,0.03131142,0.03203528,0.03279855,0.03306603,0.03313088,0.03172085,0.0285812,0.01927597,0.003758337,0.0004350019,0.0002091185,0.0004248269,0.0004232688,0.0005312714,0.0005193329
0.0006833491,0.0007970448,0.0009790142,0.001311794,0.002066416,0.0037387,0.009919104,0.03184007,0.03929986,0.03037217,0.01762775,0.007504373,0.0002268439,-0.005050214,-0.009403499,-0.01319393,-0.01679039,-0.02018392,-0.02350864,-0.02667742,-0.02975978,-0.03265998,-0.03542465,-0.03796564,-0.0403154,-0.04239766,-0.04423899,-0.04577339,-0.04702375,-0.04793367,-0.04852182,-0.04874379,-0.0486187,-0.048113,-0.04724753,-0.04600005,-0.04439389,-0.04242139,-0.04011156,-0.03746973,-0.03453038,-0.03131173,-0.02785354,-0.02418774,-0.0203587,-0.0164079,-0.01238134,-0.008327938,-0.004293052,-0.0003306071,0.003518497,0.007200427,0.01068328,0.01391663,0.01688062,0.01953187,0.02186664,0.02385127,0.02550128,0.02679453,0.02776664,0.02840804,0.02877516,0.02886813,0.02876315,0.02846722,0.02807127,0.02758279,0.02710131,0.02662408,0.02625291,0.02596671,0.02586119,0.02588774,0.02613265,0.02651315,0.02711105,0.0278112,0.02869533,0.02961629,0.03066608,0.03165985,0.03271555,0.03360597,0.034467,0.0349592,0.03505839,0.03371534,0.02925874,0.01877937,0.005112421,0.001827515,0.0009079993,0.0007255349,0.00063951,0.0006588587
0.00498518,0.005469047,0.00646887,0.008460275,0.01394675,0.02564093,0.03473294,0.04090061,0.03306656,0.01910148,0.006440702,-0.002473726,-0.008825879,-0.01356272,-0.01764379,-0.02124075,-0.0246923,-0.02789949,-0.03102587,-0.03392768,-0.03671758,-0.0392517,-0.04162239,-0.04369709,-0.04555505,-0.0470782,-0.04833968,-0.04923322,-0.04982854,-0.05003132,-0.04990835,-0.04937935,-0.048512,-0.04723855,-0.04562938,-0.04363016,-0.04131474,-0.03864415,-0.03569753,-0.03244921,-0.02898336,-0.02528707,-0.02144838,-0.01746604,-0.01342997,-0.009346215,-0.00530328,-0.001311716,0.0025445,0.006253896,0.009741131,0.01299834,0.01596304,0.0186342,0.02096492,0.02296419,0.02460369,0.02590362,0.02685604,0.02749268,0.02782496,0.02789522,0.02773302,0.02738658,0.02690068,0.02632458,0.02571174,0.02510508,0.02456069,0.02410534,0.02379267,0.02362671,0.02365343,0.02384809,0.02424973,0.02480115,0.0255418,0.02638409,0.0273755,0.02839859,0.02952504,0.03060365,0.03175784,0.03280291,0.033942,0.03491386,0.03595115,0.03634033,0.03558579,0.03132181,0.02376674,0.01575694,0.008898985,0.006243389,0.0052952,0.004970172
0.02747552,0.02863625,0.03047499,0.03292872,0.03720847,0.04199306,0.04120119,0.03314109,0.01894279,0.004776841,-0.005910851,-0.01317515,-0.01844274,-0.02259565,-0.02623015,-0.02951118,-0.03259362,-0.03545873,-0.03815175,-0.0406229,-0.04288809,-0.04489473,-0.04664991,-0.04810715,-0.04926936,-0.05009937,-0.05060052,-0.05074326,-0.05053373,-0.04995116,-0.04900503,-0.04768541,-0.04600764,-0.0439717,-0.04160025,-0.03890413,-0.03591336,-0.03265043,-0.02915312,-0.02545344,-0.02159591,-0.01762079,-0.013577,-0.009510517,-0.005471668,-0.001507813,0.002332975,0.006005276,0.009466863,0.01267833,0.0156072,0.01822373,0.02050867,0.02244463,0.02402737,0.02525411,0.02613705,0.02668766,0.02693446,0.026902,0.02663208,0.02615983,0.02553706,0.02480392,0.02401754,0.02321764,0.02245931,0.02177536,0.02121317,0.02079165,0.02054611,0.0204783,0.02060783,0.02091788,0.02141414,0.02206214,0.02285886,0.02375798,0.02475261,0.02579179,0.02687676,0.02796013,0.02907128,0.03018714,0.03138867,0.03268267,0.03418069,0.03575703,0.0370882,0.03721808,0.03548984,0.03190041,0.02859555,0.02710941,0.0266972,0.02678593
0.04095984,0.04180254,0.04261718,0.04291507,0.04216669,0.03814413,0.02920984,0.01600883,0.001568047,-0.01004612,-0.01814011,-0.02372733,-0.02793842,-0.03141316,-0.03447209,-0.03724378,-0.03977777,-0.04208872,-0.04416451,-0.04599904,-0.04756561,-0.04885524,-0.04983962,-0.0505136,-0.05085047,-0.05085179,-0.05049522,-0.04978856,-0.04871587,-0.04729275,-0.0455102,-0.04339329,-0.04094138,-0.03818844,-0.03514292,-0.03184813,-0.0283209,-0.02461355,-0.02075041,-0.01679042,-0.01276344,-0.008732798,-0.004730656,-0.0008213311,0.00296427,0.006564958,0.009955112,0.01308023,0.01592346,0.01844071,0.0206271,0.02245141,0.02392327,0.025026,0.02578422,0.02619651,0.02630224,0.0261132,0.02568177,0.02503018,0.02421938,0.02327817,0.02227167,0.0212292,0.02021484,0.01925314,0.01840062,0.01767179,0.01711147,0.0167195,0.01652655,0.01651701,0.01670623,0.01706401,0.01759325,0.01825172,0.01903492,0.01989524,0.02082588,0.02178203,0.02276579,0.02374653,0.02475335,0.02579511,0.02695167,0.0282922,0.02994514,0.0319698,0.03427069,0.0364459,0.03787955,0.03844773,0.0387895,0.0391268,0.03959178,0.04015876
0.03953858,0.03901474,0.03758127,0.03462578,0.02934398,0.02080914,0.009115729,-0.003889593,-0.01517377,-0.02347732,-0.02916713,-0.03327079,-0.03646624,-0.0391726,-0.04151416,-0.04360157,-0.04541229,-0.04698946,-0.04828125,-0.04931629,-0.05003838,-0.05047422,-0.05057084,-0.05035782,-0.04978773,-0.0488955,-0.04764073,-0.04606443,-0.04413468,-0.04189991,-0.03933712,-0.03650321,-0.03338455,-0.03004601,-0.02648309,-0.02276824,-0.01890457,-0.01497072,-0.01097553,-0.007001069,-0.003058993,0.0007681373,0.004469523,0.007965973,0.0112513,0.01425343,0.0169747,0.01935335,0.02140304,0.02307529,0.02439726,0.02533475,0.02592971,0.02616248,0.02608877,0.02570263,0.02507178,0.02420049,0.02316538,0.02197708,0.02071591,0.01939423,0.01809146,0.01681592,0.01564135,0.01456767,0.013658,0.01290015,0.01234441,0.01196412,0.01179607,0.01179996,0.01199981,0.01234362,0.01284645,0.01344772,0.01415816,0.01491472,0.01572914,0.01654337,0.01738099,0.01819978,0.01905103,0.01993004,0.02093808,0.0221258,0.02365286,0.02558503,0.02798038,0.03063792,0.03322949,0.03543701,0.0370775,0.0382532,0.03904223,0.03947378
0.02784472,0.0256144,0.02199593,0.01652717,0.008902639,-0.0007683929,-0.01130311,-0.02107724,-0.02881872,-0.03429043,-0.0380963,-0.04092347,-0.04314578,-0.04498818,-0.04650541,-0.04775902,-0.04872433,-0.0494278,-0.04983084,-0.0499529,-0.04975484,-0.04925789,-0.04842708,-0.04728814,-0.04581274,-0.04403266,-0.0419271,-0.03953493,-0.03684391,-0.03390075,-0.03070199,-0.02730232,-0.02370674,-0.01997697,-0.01612535,-0.01221928,-0.008276323,-0.004367227,-0.0005121643,0.003217898,0.006803695,0.01017738,0.01332422,0.01618335,0.01874798,0.02096735,0.02284602,0.02434574,0.0254841,0.02623717,0.02663634,0.02667162,0.02638809,0.02578853,0.02492933,0.02382383,0.02253674,0.02108763,0.01954565,0.01793223,0.01631571,0.01471488,0.0131931,0.01176173,0.01047542,0.009335147,0.008383735,0.007609731,0.007043555,0.006660762,0.006479979,0.006465791,0.006626833,0.006919018,0.007344689,0.00785429,0.0084479,0.009076016,0.00974133,0.01040042,0.01106749,0.0117144,0.01237892,0.01306528,0.01385106,0.01478656,0.01599118,0.01753492,0.01946581,0.02168784,0.02401046,0.02610228,0.02781826,0.02889082,0.02930914,0.02898736
0.01053945,0.00701641,0.002200034,-0.004007324,-0.01140657,-0.01942568,-0.02718371,-0.03373781,-0.03853282,-0.04190395,-0.04424158,-0.04594984,-0.04720041,-0.04812859,-0.0487398,-0.04908522,-0.0491289,-0.04890359,-0.04836918,-0.04755517,-0.04642427,-0.0450097,-0.04327953,-0.04127228,-0.03896349,-0.03639784,-0.0335588,-0.03049822,-0.02720775,-0.02374651,-0.02011405,-0.01637605,-0.01253889,-0.008673365,-0.004790674,-0.000964634,0.002791347,0.006403415,0.009858986,0.0130874,0.01608056,0.01877425,0.02116805,0.02320762,0.02490303,0.02621199,0.02715741,0.02771031,0.02790688,0.02773197,0.02723448,0.02641138,0.02532284,0.02397558,0.02243767,0.0207225,0.0189024,0.01699281,0.01506627,0.0131361,0.01127046,0.009476675,0.007815321,0.006284369,0.004934365,0.003752382,0.002777515,0.001985228,0.001403868,0.0009980208,0.0007865686,0.0007255992,0.0008267803,0.001039892,0.001372865,0.001772076,0.002244768,0.002738207,0.003263082,0.003771932,0.004285872,0.004769391,0.005262128,0.005751363,0.006305823,0.006940758,0.007753754,0.008761269,0.01001976,0.0114202,0.01283274,0.01403702,0.01476252,0.01489696,0.01432655,0.0129153
-0.006132726,-0.01013319,-0.01498019,-0.02056069,-0.02651565,-0.03234901,-0.03738688,-0.0413012,-0.04411173,-0.04597185,-0.04713896,-0.0478283,-0.04813795,-0.04813688,-0.04783456,-0.04725678,-0.04638803,-0.04524615,-0.04381495,-0.04211286,-0.04012743,-0.03788274,-0.03537161,-0.03262442,-0.02964107,-0.02645837,-0.02308331,-0.01955959,-0.01590095,-0.01215729,-0.008348293,-0.004528597,-0.0007220916,0.003013897,0.006653801,0.01014018,0.01344866,0.01652491,0.01934877,0.02187213,0.02408239,0.0259404,0.02744361,0.02856442,0.02931209,0.02967168,0.02966542,0.02929113,0.02858319,0.02755135,0.02624041,0.02466939,0.02289108,0.02093069,0.01884517,0.01666241,0.0144398,0.01220366,0.01000817,0.00787462,0.005850371,0.003948869,0.002208643,0.0006333381,-0.0007486236,-0.001943682,-0.002933635,-0.003734778,-0.004337777,-0.004767356,-0.005021566,-0.005131076,-0.005099075,-0.004960427,-0.004720752,-0.004416632,-0.004054008,-0.003667777,-0.003261152,-0.002864612,-0.002474161,-0.002111311,-0.001760566,-0.001427942,-0.00108213,-0.0007118129,-0.00027803,0.0002266743,0.0007941237,0.001355065,0.001801755,0.001927799,0.001666195,0.0008046874,-0.0007230633,-0.003020561
-0.01927769,-0.02302326,-0.02714017,-0.03143011,-0.03558333,-0.03927844,-0.04229962,-0.04450018,-0.04583109,-0.04651989,-0.04667717,-0.04643932,-0.04585142,-0.04497269,-0.0437995,-0.04236554,-0.04065331,-0.03869235,-0.03646744,-0.0340098,-0.03130928,-0.02840276,-0.02528579,-0.02200109,-0.01855086,-0.01498342,-0.01130707,-0.007575513,-0.003802164,-4.484637e-05,0.003679409,0.007310615,0.0108303,0.01417872,0.01733875,0.02025361,0.02291039,0.0252583,0.02729136,0.02896734,0.03028985,0.03122716,0.03179401,0.03197074,0.03178394,0.03122593,0.03033509,0.0291147,0.02761309,0.02584272,0.02385935,0.02168138,0.01936903,0.0169433,0.01446512,0.01195473,0.009470486,0.00702835,0.004681189,0.002438194,0.0003443648,-0.001599662,-0.003357679,-0.004938327,-0.006314512,-0.007503628,-0.008486977,-0.009290009,-0.009900741,-0.010351,-0.01063415,-0.01078629,-0.01080414,-0.0107268,-0.01055217,-0.01032046,-0.01002955,-0.00971863,-0.009383315,-0.009060416,-0.008740457,-0.008455518,-0.008189267,-0.007966913,-0.007764218,-0.007602366,-0.007455876,-0.007361858,-0.007319203,-0.007427855,-0.007759349,-0.008416385,-0.009547141,-0.01116991,-0.01332247,-0.01603049
-0.0272358,-0.03030714,-0.03342157,-0.03642875,-0.0391249,-0.04134421,-0.04288264,-0.04375163,-0.04404292,-0.04378923,-0.04308779,-0.04202291,-0.04064031,-0.038977,-0.03704777,-0.03487393,-0.03246022,-0.02982689,-0.02698082,-0.02394555,-0.02073246,-0.01737072,-0.01387665,-0.01028478,-0.006616527,-0.002911043,0.0008060917,0.004492138,0.008118745,0.01164129,0.01503062,0.01824248,0.02124924,0.02400961,0.02650016,0.02868507,0.03054763,0.03206003,0.03321435,0.03399262,0.03439748,0.0344218,0.03407932,0.03337421,0.03233093,0.03096394,0.02930734,0.02738409,0.0252354,0.02289024,0.02039411,0.01777864,0.01509056,0.01236111,0.009634928,0.006939979,0.004316286,0.001785972,-0.0006176237,-0.002879708,-0.004974904,-0.006896608,-0.008627499,-0.01016901,-0.01151163,-0.01266382,-0.01362271,-0.01440293,-0.01500671,-0.01545319,-0.0157486,-0.01591483,-0.01596043,-0.01590931,-0.01577092,-0.01556974,-0.01531562,-0.01503213,-0.01472817,-0.01442606,-0.0141326,-0.01386776,-0.01363635,-0.01345566,-0.01333034,-0.01327702,-0.01330924,-0.01345494,-0.01375469,-0.01425974,-0.01503042,-0.01616054,-0.01762124,-0.01949481,-0.02174906,-0.02435743
-0.03094061,-0.03319236,-0.03530448,-0.03715476,-0.03861478,-0.03959243,-0.04008054,-0.04003603,-0.03942481,-0.03837923,-0.03693917,-0.03517812,-0.03312397,-0.03082351,-0.02828489,-0.02554337,-0.0226015,-0.0194936,-0.01622499,-0.01283278,-0.009326633,-0.005747931,-0.002110661,0.001540066,0.00518667,0.008781285,0.01230408,0.01570601,0.01896668,0.02203778,0.02490063,0.02750985,0.02985073,0.03188322,0.03359889,0.03496507,0.03598158,0.0366249,0.03690444,0.03680677,0.03635161,0.03553579,0.03438893,0.03291759,0.03116019,0.02913122,0.02687612,0.02441501,0.02179758,0.01904697,0.01621426,0.01332251,0.01042149,0.007531596,0.004698684,0.001938328,-0.0007092655,-0.003234972,-0.00560546,-0.007818728,-0.009848738,-0.01170083,-0.01335579,-0.01482564,-0.01609742,-0.01718868,-0.01809145,-0.01882802,-0.019394,-0.01981498,-0.02008939,-0.02024481,-0.02028117,-0.02022768,-0.02008469,-0.01988208,-0.01962062,-0.01933024,-0.01901128,-0.01869392,-0.01837773,-0.01809319,-0.01783982,-0.01764995,-0.01752513,-0.01750258,-0.01758994,-0.01783808,-0.01825947,-0.01892484,-0.01985447,-0.02106857,-0.02261728,-0.02443347,-0.0264715,-0.02866905
-0.03084663,-0.03229232,-0.03351897,-0.03445687,-0.03502449,-0.03516875,-0.03478898,-0.03393115,-0.03266839,-0.03099685,-0.0289806,-0.02667377,-0.02411766,-0.0213463,-0.01838652,-0.01526429,-0.01200145,-0.0086239,-0.005154914,-0.001623224,0.001945127,0.005518208,0.009067339,0.01255832,0.01596105,0.01924028,0.02236602,0.02530397,0.02802593,0.03050048,0.03270343,0.03460822,0.0361966,0.03744889,0.0383545,0.03890205,0.03908984,0.03891578,0.03838756,0.03751248,0.03630752,0.03478875,0.0329813,0.03090876,0.0286027,0.02609212,0.02341297,0.02059721,0.01768242,0.01470106,0.01168983,0.008679098,0.005702517,0.002786423,-4.042212e-05,-0.002757141,-0.005340883,-0.00777706,-0.0100493,-0.01214939,-0.01406727,-0.0158009,-0.01734585,-0.01870532,-0.01987984,-0.02087676,-0.02170037,-0.02236147,-0.02286702,-0.02323011,-0.02345984,-0.02357059,-0.02357259,-0.02348139,-0.02330782,-0.02306786,-0.02277318,-0.02243987,-0.02208008,-0.02171059,-0.02134442,-0.02099937,-0.02069046,-0.02043786,-0.02026125,-0.02018352,-0.02023328,-0.02043835,-0.02083503,-0.02144319,-0.02228375,-0.02337732,-0.0246448,-0.02609866,-0.02766552,-0.02927991
-0.02846194,-0.0291716,-0.0296279,-0.02976765,-0.02953442,-0.02889758,-0.0278912,-0.02648535,-0.0246539,-0.02250195,-0.02005659,-0.01737427,-0.01448364,-0.0114309,-0.008234983,-0.00493542,-0.001548392,0.001887609,0.005355231,0.008814615,0.01224662,0.01561013,0.01888468,0.02202896,0.02502282,0.02782602,0.03042035,0.03276858,0.03485611,0.03665044,0.0381425,0.03930612,0.0401392,0.04062331,0.04076442,0.04055255,0.04000229,0.03911234,0.03790566,0.03638903,0.03459304,0.03253131,0.03024047,0.0277394,0.02506884,0.02225068,0.01932763,0.01632235,0.01327713,0.01021326,0.007170632,0.004167179,0.001238765,-0.001601311,-0.004322336,-0.006916485,-0.009358623,-0.01164666,-0.01376116,-0.01570547,-0.01746538,-0.01904932,-0.02044749,-0.02167241,-0.02271808,-0.02360019,-0.02431544,-0.02488215,-0.02529887,-0.02558561,-0.02574243,-0.02579041,-0.02573033,-0.02558433,-0.02535348,-0.02506053,-0.02470727,-0.02431712,-0.02389245,-0.02345795,-0.023017,-0.02259636,-0.02220121,-0.02186213,-0.02158776,-0.02141299,-0.02134952,-0.02143751,-0.02168022,-0.02211669,-0.02273428,-0.02351563,-0.02446889,-0.02550334,-0.02655884,-0.02756843
-0.02417486,-0.02424682,-0.02406712,-0.02360382,-0.02281949,-0.02169311,-0.02015892,-0.01827416,-0.01610818,-0.01364925,-0.01095302,-0.00806328,-0.005022057,-0.001863078,0.001379332,0.004676422,0.007997312,0.01131416,0.01459659,0.01781608,0.02094234,0.0239469,0.02680009,0.02947471,0.0319433,0.03418126,0.03616484,0.03787381,0.03928948,0.04039743,0.04118549,0.04164613,0.04177461,0.04157109,0.04103871,0.04018545,0.03902217,0.03756429,0.03582961,0.0338399,0.03161873,0.02919271,0.02658937,0.02383842,0.02096944,0.01801316,0.01499929,0.01195768,0.008916221,0.005902187,0.002940174,5.352394e-05,-0.002737523,-0.005414312,-0.007961551,-0.01036565,-0.01261629,-0.01470484,-0.01662583,-0.01837508,-0.01995137,-0.02135453,-0.02258681,-0.02365119,-0.02455284,-0.02529704,-0.025891,-0.02634189,-0.02665834,-0.02684865,-0.02692265,-0.02688928,-0.02675898,-0.02654142,-0.02624747,-0.02588718,-0.02547221,-0.02501308,-0.02452235,-0.02401157,-0.0234949,-0.02298548,-0.02249968,-0.02205313,-0.02166598,-0.02135452,-0.02114319,-0.02104649,-0.02108671,-0.02126047,-0.02156971,-0.02200465,-0.022482,-0.02300012,-0.02349369,-0.02390818
-0.01921601,-0.01875248,-0.01804664,-0.01706379,-0.0157786,-0.01418636,-0.01233867,-0.01021274,-0.007790679,-0.005166145,-0.002361837,0.0005744467,0.003614294,0.006713501,0.009848994,0.01298123,0.01608932,0.01913585,0.02210089,0.02494802,0.02765836,0.03019728,0.03254769,0.03467788,0.03657413,0.03820874,0.03957267,0.04064365,0.04141836,0.04188092,0.04203472,0.04187087,0.04139982,0.04061986,0.03954846,0.0381907,0.03657041,0.03469865,0.03260456,0.03030377,0.02782929,0.02519979,0.0224504,0.01960113,0.01668754,0.01372917,0.01076041,0.007798839,0.004876185,0.00200689,-0.0007809732,-0.003477005,-0.006057404,-0.008516165,-0.01083395,-0.01300921,-0.01502687,-0.01688955,-0.01858614,-0.0201229,-0.02149206,-0.02270306,-0.02375082,-0.02464717,-0.02538924,-0.02599061,-0.02644984,-0.02678198,-0.02698649,-0.02707927,-0.02706059,-0.02694688,-0.02673874,-0.02645319,-0.02609098,-0.02566951,-0.02519005,-0.02467067,-0.02411317,-0.02353672,-0.02294418,-0.02235645,-0.02177755,-0.0212311,-0.02072285,-0.02027799,-0.01990144,-0.01961832,-0.01942143,-0.01933013,-0.01931965,-0.01936669,-0.01947304,-0.01955779,-0.01957491,-0.01947593
-0.01370714,-0.01282323,-0.01172666,-0.01040697,-0.00885075,-0.007053391,-0.004968766,-0.002659921,-0.0001938448,0.002445168,0.005207214,0.008056245,0.01095267,0.01386657,0.01676321,0.01961647,0.02239497,0.02507474,0.02762684,0.0300289,0.03225452,0.034284,0.0360941,0.03766883,0.03898941,0.04004445,0.04082057,0.04131207,0.04151162,0.04141976,0.04103562,0.04036616,0.03941693,0.03820103,0.03672995,0.03502224,0.03309431,0.0309691,0.02866676,0.02621316,0.02363075,0.02094688,0.01818468,0.01537149,0.01252972,0.009685272,0.006858595,0.004073055,0.001346094,-0.001302281,-0.003858247,-0.006305634,-0.008634539,-0.01083271,-0.01289412,-0.01481032,-0.01657886,-0.01819469,-0.01965859,-0.02096841,-0.02212757,-0.02313638,-0.02400035,-0.0247216,-0.0253073,-0.02576084,-0.02609045,-0.02630051,-0.02639994,-0.02639362,-0.02629105,-0.02609733,-0.02582218,-0.02547098,-0.02505367,-0.02457569,-0.0240474,-0.02347448,-0.02286786,-0.02223377,-0.02158424,-0.02092638,-0.02027327,-0.01963305,-0.01902045,-0.01844211,-0.0179137,-0.01743737,-0.01702492,-0.01666215,-0.01634705,-0.01606286,-0.01574088,-0.0153863,-0.01495405,-0.01440877
-0.008612825,-0.007418174,-0.006036119,-0.004450929,-0.002656246,-0.0006625276,0.001469977,0.003761277,0.00622569,0.00877829,0.01140138,0.01405554,0.0167166,0.01934622,0.02192392,0.02441534,0.02680242,0.02905401,0.03115465,0.03307604,0.0348057,0.03631904,0.03760722,0.03865013,0.03944361,0.03997268,0.04023851,0.04023181,0.03995943,0.03941794,0.03861992,0.03756759,0.03627887,0.03476103,0.03303662,0.03111703,0.02902833,0.02678492,0.02441516,0.02193506,0.01937397,0.01674822,0.01408679,0.01140515,0.008730802,0.006077233,0.003469581,0.0009185871,-0.001553662,-0.003939663,-0.006220702,-0.008392743,-0.01044055,-0.01236346,-0.01414952,-0.01580125,-0.01730962,-0.01867991,-0.01990569,-0.02099452,-0.02194202,-0.02275769,-0.02343872,-0.02399598,-0.02442787,-0.02474619,-0.02495005,-0.02505196,-0.02505139,-0.02496115,-0.02478099,-0.02452389,-0.02418957,-0.02379111,-0.02332814,-0.02281379,-0.02224772,-0.02164334,-0.02100043,-0.02033279,-0.01964055,-0.01893832,-0.01822624,-0.01752002,-0.01681977,-0.01614098,-0.01548108,-0.01485402,-0.01424687,-0.01366988,-0.01309755,-0.01251321,-0.01192415,-0.01126712,-0.01051436,-0.009637327
-0.003801503,-0.002408696,-0.0008673642,0.0008183372,0.00264692,0.0046141,0.006755571,0.009007202,0.01130622,0.0136731,0.01606481,0.01845372,0.02080629,0.02309993,0.02530492,0.02740214,0.02936552,0.03117896,0.03281993,0.0342753,0.03552638,0.03656385,0.03737326,0.03794972,0.03828369,0.03837512,0.03821967,0.03782242,0.03718423,0.03631521,0.03522112,0.03391666,0.03241192,0.03072539,0.02887065,0.02686903,0.02473643,0.02249598,0.02016474,0.0177664,0.01531812,0.01284308,0.01035743,0.0078829,0.005433789,0.003029611,0.0006822195,-0.001591585,-0.00378283,-0.005877718,-0.007870289,-0.009749777,-0.01151319,-0.01315263,-0.01466784,-0.01605352,-0.0173118,-0.01843959,-0.01944108,-0.02031498,-0.02106708,-0.02169753,-0.02221333,-0.02261562,-0.02291228,-0.02310509,-0.02320237,-0.02320629,-0.02312541,-0.02296199,-0.02272466,-0.02241557,-0.02204326,-0.02160972,-0.0211234,-0.02058605,-0.02000601,-0.01938487,-0.01873103,-0.0180459,-0.01733826,-0.01660946,-0.01586822,-0.01511565,-0.01436063,-0.01360187,-0.01284799,-0.0120934,-0.01134455,-0.01058451,-0.009813705,-0.009017009,-0.008143002,-0.007207531,-0.006184853,-0.005057106
2.215564e-05,0.001518035,0.003135676,0.004878338,0.006741335,0.008706319,0.01071045,0.0127745,0.01491333,0.0170505,0.01917475,0.02125563,0.02327598,0.02520582,0.02703118,0.02872577,0.03027832,0.03166628,0.0328816,0.03390536,0.03473317,0.03535024,0.03575617,0.03594068,0.03590778,0.03565184,0.03518137,0.03449532,0.03360656,0.03251826,0.03124716,0.02980011,0.02819704,0.02644758,0.02457398,0.02258776,0.02051244,0.01836045,0.01615564,0.01391026,0.01164761,0.009378931,0.007126112,0.004898733,0.002716695,0.0005873464,-0.001471814,-0.003455958,-0.005350202,-0.00715236,-0.008850177,-0.01044405,-0.01192425,-0.01329355,-0.01454445,-0.01568185,-0.01670019,-0.01760609,-0.01839561,-0.0190768,-0.0196469,-0.02011507,-0.02047942,-0.02074983,-0.02092498,-0.02101517,-0.02101933,-0.02094794,-0.02079995,-0.02058578,-0.02030426,-0.01996564,-0.01956847,-0.01912275,-0.01862661,-0.01808978,-0.01751001,-0.01689688,-0.01624777,-0.01557198,-0.01486659,-0.01414086,-0.01339108,-0.01262656,-0.01184265,-0.01104792,-0.01023494,-0.009411276,-0.008562433,-0.007695588,-0.006788777,-0.005834533,-0.004847205,-0.003779669,-0.002619493,-0.001354479
0.003229526,0.004740135,0.006336113,0.008004758,0.009736681,0.01152423,0.01339898,0.01529911,0.01716743,0.01903013,0.02085176,0.02261336,0.02428898,0.02586466,0.02731793,0.0286381,0.0298064,0.03081532,0.03164987,0.03230572,0.03277182,0.03304753,0.03312578,0.03300987,0.03269682,0.03219384,0.03150194,0.03063202,0.02958876,0.02838629,0.02703232,0.02554365,0.0239303,0.0222109,0.02039699,0.01850817,0.01655657,0.01456198,0.0125363,0.01049866,0.008460035,0.006438294,0.004442864,0.002489821,0.000586652,-0.001252689,-0.003022899,-0.004712299,-0.006317882,-0.00783028,-0.009248719,-0.010566,-0.01178344,-0.0128958,-0.01390619,-0.01481111,-0.01561519,-0.0163163,-0.01692033,-0.01742621,-0.01784075,-0.01816368,-0.01840242,-0.01855717,-0.01863575,-0.01863856,-0.0185735,-0.01844097,-0.0182488,-0.01799718,-0.01769371,-0.01733823,-0.01693797,-0.01649235,-0.01600823,-0.01548452,-0.0149276,-0.01433585,-0.01371529,-0.01306361,-0.01238659,-0.01168126,-0.01095274,-0.01019714,-0.009419143,-0.008612582,-0.007781955,-0.00691812,-0.006025701,-0.005088918,-0.004112243,-0.003084029,-0.001967282,-0.0007865368,0.0004693115,0.001805245
0.005331428,0.006793065,0.008320236,0.009909605,0.01155156,0.01322517,0.01486889,0.01650641,0.01815565,0.01974822,0.02127963,0.02272792,0.02408343,0.0253246,0.02644471,0.02742557,0.02826308,0.02894264,0.0294632,0.0298136,0.02999607,0.03000306,0.02984015,0.0295034,0.02900171,0.0283346,0.0275141,0.02654275,0.02543535,0.02419699,0.02284458,0.02138518,0.01983716,0.01820872,0.01651902,0.01477669,0.01300089,0.01120002,0.009392641,0.007586236,0.00579822,0.00403472,0.002311568,0.0006332043,-0.0009863768,-0.00254465,-0.004029607,-0.0054407,-0.006767905,-0.008012612,-0.009166683,-0.01023331,-0.01120606,-0.01208973,-0.01287935,-0.01358106,-0.01419112,-0.01471671,-0.01515505,-0.01551415,-0.01579187,-0.01599678,-0.01612719,-0.01619195,-0.01618956,-0.01612896,-0.01600859,-0.0158373,-0.01561332,-0.0153452,-0.01503081,-0.01467836,-0.01428523,-0.01385912,-0.01339685,-0.0129056,-0.01238152,-0.01183133,-0.01125048,-0.01064502,-0.01000968,-0.009349987,-0.008659552,-0.007943511,-0.007194338,-0.006416684,-0.005600907,-0.004751742,-0.003855417,-0.002918685,-0.001923777,-0.0008711518,0.0002197149,0.001384152,0.002624248,0.003941218
0.006867037,0.008225529,0.009621387,0.01103844,0.01246451,0.01389225,0.01535304,0.01678923,0.01814946,0.01946562,0.0207094,0.02186946,0.02292696,0.02387566,0.02469988,0.02539625,0.02595252,0.02636809,0.026634,0.0267524,0.02671759,0.0265346,0.02620082,0.02572413,0.02510484,0.02435345,0.02347285,0.02247578,0.02136728,0.02016186,0.01886608,0.01749566,0.01605811,0.01456967,0.01303822,0.01147994,0.009902415,0.008321267,0.006743291,0.005183057,0.0036462,0.002145914,0.0006863502,-0.0007209015,-0.002073328,-0.003361049,-0.004583247,-0.005731753,-0.006807419,-0.007803729,-0.008723082,-0.009560443,-0.01031959,-0.01099677,-0.01159693,-0.0121174,-0.01256404,-0.01293502,-0.01323691,-0.01346846,-0.01363674,-0.01374087,-0.01378818,-0.01377797,-0.01371763,-0.01360642,-0.01345162,-0.01325226,-0.01301539,-0.01273969,-0.01243178,-0.01208987,-0.01172008,-0.01132004,-0.01089533,-0.01044292,-0.009967693,-0.009465881,-0.008941742,-0.008390573,-0.007816058,-0.00721256,-0.006582917,-0.005920404,-0.005227376,-0.004495352,-0.003727026,-0.002912258,-0.002055555,-0.001143524,-0.0001840435,0.0008318266,0.001930964,0.003083718,0.00429198,0.005553154
0.007471513,0.008696928,0.009949554,0.01122391,0.01250956,0.01378637,0.014996,0.01616577,0.01731768,0.01839021,0.01938479,0.02028641,0.02109176,0.02178603,0.02236851,0.02282725,0.02316374,0.02336906,0.02344706,0.02339164,0.0232091,0.02289602,0.02246104,0.02190324,0.0212334,0.0204528,0.01957408,0.01860023,0.01754536,0.01641374,0.0152204,0.01397041,0.01267921,0.01135206,0.01000435,0.0086411,0.007277118,0.005916767,0.004573956,0.003252004,0.001963629,0.0007108877,-0.0004948832,-0.001653024,-0.002753658,-0.00379759,-0.004776429,-0.005692409,-0.006538545,-0.007318405,-0.008026291,-0.008666958,-0.009235837,-0.0097387,-0.01017191,-0.01054204,-0.01084621,-0.01109161,-0.01127585,-0.01140659,-0.01148178,-0.01150929,-0.01148725,-0.0114236,-0.01131642,-0.01117358,-0.01099297,-0.01078221,-0.01053889,-0.01027023,-0.009973362,-0.009655069,-0.009311924,-0.008950093,-0.008565494,-0.008163657,-0.0077397,-0.007298527,-0.006834409,-0.0063514,-0.005842851,-0.005312124,-0.004751448,-0.0041637,-0.003540118,-0.002883536,-0.002183818,-0.001444744,-0.0006540411,0.000181333,0.001075874,0.002023708,0.003002929,0.004041607,0.005136364,0.006282568
0.007754651,0.008823355,0.009900137,0.01096877,0.01201741,0.01304087,0.01407232,0.01505884,0.01595405,0.01679474,0.01755838,0.01823946,0.0188246,0.01931326,0.01969478,0.01997091,0.02013387,0.02018756,0.02012673,0.01995727,0.01967632,0.01929169,0.01880263,0.01821875,0.0175411,0.01678081,0.01594039,0.01503209,0.01405954,0.01303571,0.01196482,0.01086019,0.00972621,0.008576069,0.00741396,0.006252586,0.005095532,0.003954716,0.002832852,0.001740825,0.0006802875,-0.0003390502,-0.001316737,-0.002244331,-0.003122618,-0.003944416,-0.004711723,-0.005418572,-0.006068103,-0.006655472,-0.00718484,-0.00765233,-0.00806298,-0.008413737,-0.00871035,-0.008950413,-0.009140225,-0.009277851,-0.009369962,-0.009414951,-0.009419711,-0.009382778,-0.009311128,-0.00920331,-0.00906621,-0.008898255,-0.008706124,-0.00848795,-0.008250119,-0.007990375,-0.007714631,-0.00742013,-0.007112248,-0.006787584,-0.006450944,-0.006098198,-0.005733375,-0.005351515,-0.004955899,-0.004540581,-0.004108121,-0.003651567,-0.003172666,-0.002663428,-0.002125237,-0.001548861,-0.0009364429,-0.000277979,0.0004217483,0.00117395,0.001968747,0.002813897,0.003730188,0.004686168,0.005679099,0.006703217
0.007387261,0.00829503,0.009209285,0.0101251,0.01103345,0.01191662,0.01271998,0.01347409,0.01420495,0.01485637,0.01543416,0.01592833,0.01634007,0.01665919,0.01688896,0.01702149,0.01706165,0.01700385,0.01685461,0.01661038,0.01627927,0.01585952,0.01536067,0.01478251,0.01413576,0.01342145,0.01265124,0.011827,0.01096099,0.01005561,0.009123323,0.008166688,0.007198058,0.006219773,0.005243774,0.004271899,0.003315402,0.002375399,0.001462272,0.0005762224,-0.0002733781,-0.001087335,-0.001857346,-0.002585257,-0.003263838,-0.003895972,-0.004475478,-0.00500621,-0.005482938,-0.005910389,-0.006284172,-0.006609772,-0.006883516,-0.007111516,-0.007290666,-0.007427555,-0.007519514,-0.007573474,-0.007587047,-0.007567387,-0.00751227,-0.007428926,-0.007315183,-0.007178229,-0.007015785,-0.00683491,-0.006633126,-0.006417203,-0.006184351,-0.005940967,-0.005683799,-0.005418811,-0.005142205,-0.004859319,-0.004565688,-0.004265985,-0.003954938,-0.003636521,-0.003304561,-0.002962154,-0.002602146,-0.002226892,-0.001828216,-0.001408008,-0.000957276,-0.0004781836,3.915101e-05,0.0005912122,0.001188925,0.001825455,0.002513388,0.003243893,0.003994909,0.004790846,0.005626544,0.006495347
0.006974576,0.00771815,0.008456162,0.009174122,0.009861984,0.0105172,0.01117537,0.011788,0.01231238,0.01278896,0.01319939,0.01354208,0.01380725,0.01399798,0.01410665,0.01413804,0.01408683,0.01395923,0.01375173,0.01347184,0.01311765,0.01269777,0.01221163,0.01166882,0.01106976,0.01042478,0.009735046,0.009011314,0.008255208,0.007477642,0.006680342,0.005874123,0.005060545,0.004250042,0.003443778,0.002651605,0.001874064,0.001120261,0.0003899842,-0.0003085125,-0.0009762731,-0.001605948,-0.002199465,-0.002750398,-0.003261542,-0.00372735,-0.004151432,-0.004529057,-0.00486458,-0.005154003,-0.005402325,-0.005606165,-0.005771055,-0.005894127,-0.005981337,-0.006030201,-0.006046989,-0.00602949,-0.005984169,-0.005909004,-0.005810558,-0.005686862,-0.005544494,-0.005381456,-0.005204217,-0.005010658,-0.004807055,-0.004591031,-0.004368597,-0.004137036,-0.003901934,-0.003660117,-0.00341667,-0.003167825,-0.002918103,-0.002663024,-0.002406347,-0.002142738,-0.001875174,-0.001597358,-0.001311489,-0.001010259,-0.0006951174,-0.0003577757,6.135979e-07,0.0003892801,0.000806183,0.001260925,0.001748706,0.002279287,0.00284218,0.003445328,0.004106486,0.004794766,0.005505947,0.006234027
0.00616892,0.006758934,0.007347556,0.00793168,0.008504543,0.009051411,0.009520933,0.009945953,0.01035599,0.01069856,0.01098232,0.01120055,0.01135719,0.01144477,0.0114688,0.0114235,0.01131543,0.01114048,0.0109062,0.01060988,0.01025998,0.009854875,0.00940379,0.008906002,0.008371258,0.007799484,0.007200769,0.006575379,0.005933534,0.00527561,0.004611698,0.003942064,0.003276478,0.002614856,0.001966477,0.001330754,0.0007163339,0.0001220184,-0.0004442592,-0.0009844018,-0.001491248,-0.00196743,-0.002406554,-0.002811968,-0.003178023,-0.003508755,-0.003799218,-0.004054076,-0.004268994,-0.004449176,-0.004590821,-0.004699597,-0.004772148,-0.004814516,-0.00482369,-0.004805983,-0.004758651,-0.004688202,-0.004592061,-0.004476858,-0.004340122,-0.004188512,-0.004019585,-0.003839965,-0.003647132,-0.003447614,-0.003238749,-0.003026848,-0.002809009,-0.002591243,-0.002370286,-0.002151781,-0.001931993,-0.001716019,-0.001499505,-0.001286914,-0.001073142,-0.0008619438,-0.0006473171,-0.0004321582,-0.0002094656,1.863699e-05,0.0002601021,0.0005132901,0.0007869186,0.001078998,0.001398965,0.001743495,0.002122636,0.002530241,0.002978179,0.003456548,0.0039446,0.004465466,0.005014498,0.005585349
0.005533778,0.005977458,0.006412032,0.006825384,0.00720969,0.007564728,0.007928427,0.008256184,0.008507522,0.008725396,0.008894234,0.009014791,0.009079366,0.009093023,0.009049692,0.008955589,0.008806407,0.008609227,0.008360994,0.008069519,0.007732768,0.007359101,0.006947276,0.006506078,0.00603478,0.005542432,0.005028627,0.004502465,0.003963661,0.003421201,0.002874691,0.002332847,0.001795007,0.00126946,0.0007551498,0.0002598361,-0.000218052,-0.0006713627,-0.001102235,-0.001504158,-0.001879862,-0.002223479,-0.00253834,-0.002819213,-0.003069993,-0.003286029,-0.003471726,-0.003622956,-0.003744582,-0.003832932,-0.003893256,-0.003922262,-0.003925509,-0.003900023,-0.003851607,-0.00377752,-0.003683751,-0.003567738,-0.003435589,-0.003284876,-0.003121777,-0.002943916,-0.002757495,-0.002560156,-0.002358052,-0.002148777,-0.001938373,-0.001724289,-0.001512398,-0.001299923,-0.001092438,-0.0008868131,-0.0006882214,-0.0004930575,-0.0003059974,-0.0001227912,5.257258e-05,0.0002251694,0.0003917919,0.0005584274,0.0007226848,0.0008915798,0.001063465,0.00124636,0.001438984,0.001650249,0.001878134,0.002131915,0.002407162,0.002712896,0.003039029,0.00339455,0.003796201,0.004215005,0.004647088,0.005087788
0.004684875,0.004999264,0.005311565,0.005620855,0.005922718,0.006205358,0.006420041,0.006600815,0.006780137,0.006907976,0.006994598,0.007035206,0.007035268,0.006988643,0.006901888,0.006770094,0.006600367,0.006388986,0.006143552,0.005861285,0.005550215,0.005208215,0.004843634,0.004454824,0.004050286,0.003628671,0.00319851,0.002758536,0.002317179,0.001873109,0.001434503,0.0009998337,0.0005769207,0.0001639053,-0.0002318438,-0.0006125919,-0.0009714757,-0.001311216,-0.00162548,-0.001917479,-0.002181429,-0.002421026,-0.002631002,-0.002815506,-0.002969752,-0.003098314,-0.00319685,-0.003270305,-0.00331471,-0.003335314,-0.003328473,-0.003299703,-0.003245625,-0.003171965,-0.003075557,-0.002962278,-0.002829143,-0.002682158,-0.002518462,-0.002344159,-0.002156495,-0.001961626,-0.001756874,-0.001548422,-0.00133361,-0.001118615,-0.0009007544,-0.0006861237,-0.0004719307,-0.0002641081,-5.966571e-05,0.0001357062,0.0003253317,0.0005039214,0.0006753142,0.0008347679,0.000986758,0.001127217,0.001261483,0.001386305,0.001508036,0.001624249,0.001742247,0.001860197,0.001986259,0.002118388,0.00226556,0.00242471,0.002605409,0.002802601,0.003028212,0.003272489,0.003516682,0.003783978,0.004071411,0.004374113
0.004135559,0.004331947,0.004520431,0.00469129,0.004838839,0.004964585,0.005108407,0.005229142,0.005287363,0.005327607,0.005336104,0.005314882,0.00525731,0.005169369,0.005045604,0.004892721,0.004706603,0.004494392,0.004252839,0.003989415,0.003701516,0.003396811,0.003073147,0.002738298,0.002390357,0.002037097,0.001676718,0.001316865,0.0009557094,0.0006006802,0.0002497826,-8.986495e-05,-0.0004205075,-0.0007354087,-0.001037134,-0.001319369,-0.001585051,-0.001828321,-0.002052504,-0.002252186,-0.002431073,-0.002584177,-0.002715574,-0.002820684,-0.002903916,-0.002961043,-0.002996755,-0.003007134,-0.002997118,-0.002963054,-0.002910085,-0.002834774,-0.002742423,-0.00262978,-0.002502282,-0.002356828,-0.002198965,-0.002025733,-0.001842774,-0.001647257,-0.001444913,-0.001233014,-0.001017374,-0.0007953686,-0.0005728735,-0.0003473325,-0.0001246443,9.772716e-05,0.0003139031,0.0005264754,0.0007296794,0.0009262948,0.001110799,0.001286261,0.001447531,0.001598193,0.001733654,0.001858249,0.001968121,0.002068449,0.002156222,0.002237682,0.002310614,0.002382372,0.002451298,0.002525775,0.002603758,0.002694237,0.002793381,0.002909892,0.003034618,0.003177911,0.00335665,0.00354434,0.003738314,0.003935897
0.003468343,0.003565536,0.003662405,0.003760133,0.003856422,0.003942212,0.003970787,0.003976428,0.003994139,0.00397548,0.003931513,0.003858542,0.003762763,0.0036386,0.003492944,0.003321097,0.003130115,0.002916143,0.002686407,0.002437676,0.0021773,0.001902436,0.001620483,0.00132885,0.001034881,0.0007360984,0.0004397265,0.0001432633,-0.0001462715,-0.0004314891,-0.0007056459,-0.0009715476,-0.001222771,-0.001462383,-0.001684331,-0.001891968,-0.002079614,-0.002250928,-0.002400592,-0.002532576,-0.002641925,-0.002732893,-0.002800843,-0.002850277,-0.002876841,-0.002885258,-0.002871424,-0.002840242,-0.002787806,-0.002719153,-0.002630547,-0.002527147,-0.002405358,-0.002270433,-0.002118902,-0.001956095,-0.001778669,-0.00159205,-0.001393014,-0.001187083,-0.0009711746,-0.0007509209,-0.0005233858,-0.0002943238,-6.094301e-05,0.0001708832,0.0004038136,0.0006318814,0.0008576774,0.00107521,0.001287051,0.001487267,0.001678564,0.001855203,0.002020232,0.002168304,0.002302933,0.00241935,0.002521847,0.002606396,0.002678297,0.002734402,0.002781,0.002815702,0.002845838,0.002869086,0.002893851,0.002917286,0.002948608,0.002983946,0.003035594,0.00309456,0.003144196,0.003208309,0.00328603,0.003374387
0.003151938,0.003162389,0.003166887,0.003157883,0.003131596,0.003090673,0.003076535,0.003051243,0.002975576,0.002895045,0.002797121,0.002684478,0.002550997,0.002403012,0.002235219,0.002054343,0.001856098,0.001647351,0.001424428,0.001194253,0.0009535735,0.0007092969,0.0004584226,0.0002077892,-4.549942e-05,-0.0002947447,-0.0005428293,-0.0007832558,-0.001018988,-0.001243771,-0.001460722,-0.00166388,-0.001856558,-0.002033106,-0.002197067,-0.002343102,-0.002474996,-0.002587732,-0.002685326,-0.002763047,-0.002825124,-0.002867081,-0.002893336,-0.002899644,-0.002890576,-0.002862065,-0.00281879,-0.002756829,-0.00268095,-0.002587349,-0.002480854,-0.002357756,-0.002222922,-0.002072732,-0.001912104,-0.001737502,-0.001553907,-0.001357896,-0.001154533,-0.0009405351,-0.0007210866,-0.0004930689,-0.0002618189,-2.442481e-05,0.0002135927,0.0004549391,0.0006939102,0.0009330005,0.001166339,0.001396264,0.001616789,0.001830218,0.002030587,0.002220246,0.002393399,0.002552711,0.002692746,0.002816766,0.002919964,0.003006331,0.003071885,0.003121692,0.003152633,0.00317101,0.003174501,0.003170673,0.003157268,0.003142829,0.003124072,0.003109436,0.00309079,0.003079714,0.003093706,0.003108803,0.003123778,0.00313802
0.002746807,0.002689344,0.002632584,0.002579593,0.002529886,0.002476946,0.002375704,0.002259907,0.002166891,0.002049363,0.001918705,0.001771901,0.001615476,0.001444066,0.001264584,0.001072269,0.0008739165,0.0006653758,0.0004533882,0.0002342209,1.455214e-05,-0.0002091147,-0.0004302178,-0.0006521218,-0.0008684252,-0.001082472,-0.001288052,-0.001488566,-0.001678047,-0.001860004,-0.002028727,-0.002187887,-0.002332044,-0.002465051,-0.002581755,-0.002686195,-0.002773475,-0.002847811,-0.002904542,-0.002948048,-0.002973885,-0.002986562,-0.0029818,-0.002964195,-0.002929596,-0.002882662,-0.002819343,-0.002744324,-0.002653613,-0.002551892,-0.002435214,-0.002308262,-0.002167122,-0.002016474,-0.001852453,-0.001679748,-0.001494572,-0.001301675,-0.001097374,-0.0008865201,-0.0006656018,-0.0004396252,-0.0002052976,3.216058e-05,0.0002757766,0.0005200788,0.0007677943,0.001013172,0.001258668,0.001498286,0.001734219,0.001960291,0.002178572,0.002382817,0.00257519,0.002749605,0.002908447,0.00304602,0.003165318,0.00326125,0.003337737,0.003390563,0.003424652,0.003436695,0.003432849,0.003410188,0.003376257,0.003328167,0.003274591,0.0032126,0.003154743,0.00309293,0.003012296,0.0029373,0.002869104,0.002806597
0.002685793,0.002573204,0.002454934,0.002325323,0.00218225,0.002029033,0.001908258,0.001785222,0.001620407,0.001459916,0.001292229,0.001120362,0.0009384885,0.0007530654,0.000558787,0.000362244,0.0001589168,-4.467697e-05,-0.0002526142,-0.0004584992,-0.0006661269,-0.0008692489,-0.001071523,-0.001266871,-0.001458913,-0.001641786,-0.001819137,-0.001985331,-0.002144111,-0.002290078,-0.002427101,-0.002550049,-0.002662928,-0.002760852,-0.002847979,-0.002919647,-0.002980151,-0.003025045,-0.003058736,-0.003076944,-0.003084157,-0.003076217,-0.003057663,-0.003024433,-0.002981074,-0.002923569,-0.002856432,-0.002775656,-0.002685714,-0.00258259,-0.002470695,-0.002346,-0.002212844,-0.002067194,-0.001913357,-0.001747314,-0.001573376,-0.001387599,-0.001194346,-0.0009898073,-0.0007784813,-0.0005567574,-0.0003293391,-9.290749e-05,0.0001475495,0.0003950162,0.0006441658,0.0008975888,0.001149597,0.001402393,0.001649928,0.001894115,0.002128652,0.002355207,0.002567377,0.002766858,0.002947332,0.003110846,0.003251499,0.003371868,0.00346676,0.00353975,0.003586505,0.0036119,0.003612596,0.003594953,0.003556136,0.003503867,0.003435065,0.003357639,0.003264196,0.003167038,0.003084275,0.002994171,0.002896765,0.00279325
0.002519266,0.002369967,0.002220008,0.00207404,0.001933096,0.001793034,0.001610298,0.001417494,0.001254195,0.001074119,0.000888731,0.0006955399,0.0005012618,0.0003006534,0.0001005743,-0.0001038211,-0.0003060094,-0.0005103904,-0.0007106502,-0.0009109096,-0.001105041,-0.001297022,-0.001480943,-0.001660715,-0.001830653,-0.001994696,-0.002147381,-0.002292717,-0.002425499,-0.002549828,-0.002660739,-0.002762461,-0.002850254,-0.002928467,-0.002992587,-0.003047066,-0.003087564,-0.003118619,-0.003136027,-0.00314438,-0.003139585,-0.003126245,-0.003100313,-0.003066357,-0.003020339,-0.002966762,-0.002901565,-0.002829154,-0.00274541,-0.002654613,-0.002552574,-0.002443465,-0.002323027,-0.00219533,-0.002056078,-0.001909267,-0.001750617,-0.001584128,-0.001405583,-0.001219056,-0.001020504,-0.0008141624,-0.0005962425,-0.0003712569,-0.0001357618,0.0001053744,0.0003551512,0.0006082627,0.0008672484,0.001126337,0.001387563,0.001644718,0.00189942,0.002145099,0.002383157,0.00260687,0.002817545,0.003008562,0.003181558,0.003330277,0.003457084,0.003556475,0.003631733,0.003678299,0.003700789,0.003695277,0.003668014,0.003615637,0.003545831,0.003456093,0.003358788,0.003246489,0.003105518,0.002960624,0.002814615,0.002667913
0.002652345,0.002479188,0.002297966,0.002104585,0.00189835,0.001682881,0.00150154,0.001323013,0.001107238,0.0009006498,0.0006926999,0.0004866464,0.0002769311,7.00929e-05,-0.0001391412,-0.0003443052,-0.0005500627,-0.0007501808,-0.0009490009,-0.001140541,-0.001328953,-0.001508489,-0.001683238,-0.001847684,-0.00200592,-0.002152693,-0.002292139,-0.002419252,-0.002538267,-0.00264441,-0.002742016,-0.00282656,-0.002902474,-0.002965429,-0.003019956,-0.003061887,-0.003095815,-0.003117719,-0.003132216,-0.003135363,-0.003131765,-0.003117505,-0.003097134,-0.003066726,-0.003030735,-0.002985172,-0.002934342,-0.002874162,-0.002808782,-0.002733998,-0.002653792,-0.002563841,-0.002467947,-0.002361689,-0.002248744,-0.002124618,-0.001992908,-0.001849134,-0.001696881,-0.001531761,-0.00135747,-0.001169803,-0.0009726675,-0.0007621872,-0.0005425977,-0.00031044,-7.040091e-05,0.0001804544,0.0004369149,0.0007013198,0.0009678832,0.001238397,0.001506535,0.001773545,0.002032683,0.002284874,0.002523127,0.002748376,0.002953723,0.003140325,0.003301741,0.003439904,0.003549099,0.003632482,0.003685387,0.003712551,0.003710139,0.003684536,0.00363235,0.003560459,0.003461667,0.003348252,0.003238544,0.003112492,0.002970936,0.002816379
0.002636264,0.002456814,0.002272645,0.002089627,0.001909984,0.001731748,0.001512887,0.001284368,0.001087887,0.0008782293,0.0006668323,0.0004517114,0.0002397576,2.59039e-05,-0.0001830103,-0.0003918182,-0.0005941816,-0.0007946137,-0.0009871053,-0.001175989,-0.001355532,-0.001529987,-0.001693911,-0.001851537,-0.001997686,-0.002136651,-0.002263504,-0.002382612,-0.002489317,-0.00258807,-0.002674441,-0.00275299,-0.002819486,-0.002878567,-0.00292619,-0.002967043,-0.002997202,-0.003021379,-0.003035721,-0.003044918,-0.003045156,-0.003041049,-0.00302875,-0.003012747,-0.00298911,-0.002962171,-0.002927881,-0.002890376,-0.002845452,-0.002797014,-0.002740695,-0.002680188,-0.002610954,-0.002536485,-0.002452116,-0.002361167,-0.0022589,-0.00214856,-0.002025395,-0.001892658,-0.001745724,-0.001587959,-0.001414973,-0.001230411,-0.001030235,-0.000818488,-0.0005916583,-0.0003543094,-0.000103524,0.0001554979,0.0004249822,0.0006990636,0.0009792753,0.001259108,0.001539551,0.00181359,0.002081764,0.002336798,0.002579171,0.002801634,0.003005057,0.003182658,0.003335992,0.003459085,0.003554745,0.00361772,0.003652538,0.00365488,0.003630896,0.003577854,0.003507294,0.00341197,0.003278632,0.003131674,0.002974933,0.002809813
0.002855712,0.002682179,0.002495822,0.002293719,0.002076299,0.001847174,0.001649992,0.001456982,0.001227468,0.001007947,0.0007888912,0.0005737724,0.0003573594,0.0001463058,-6.452289e-05,-0.0002687149,-0.0004709286,-0.0006651111,-0.0008556937,-0.00103697,-0.001213249,-0.001379127,-0.001538903,-0.001687452,-0.001829107,-0.001959042,-0.002081649,-0.002192364,-0.002295684,-0.002387279,-0.002471737,-0.002544965,-0.002611624,-0.002667793,-0.002718197,-0.002759044,-0.002795073,-0.002822591,-0.002846314,-0.002862569,-0.002875994,-0.002882886,-0.002887755,-0.002886822,-0.002884425,-0.002876647,-0.002867594,-0.002853176,-0.002837261,-0.00281555,-0.002791653,-0.002761065,-0.002727117,-0.002685115,-0.002638175,-0.00258143,-0.002517821,-0.00244241,-0.002358027,-0.002259745,-0.002150435,-0.002025278,-0.001887298,-0.001731976,-0.001562627,-0.001375152,-0.001173351,-0.0009536867,-0.0007205666,-0.0004711817,-0.0002106473,6.309996e-05,0.0003441634,0.0006338101,0.0009254182,0.001219577,0.001509074,0.001794105,0.002067146,0.002328224,0.002569887,0.002792556,0.002989219,0.003161245,0.003302517,0.00341589,0.003496189,0.003548,0.003567092,0.003558751,0.003515342,0.003448262,0.003375433,0.003277802,0.003156348,0.003014221
0.00287303,0.002721072,0.002558484,0.002391869,0.00222424,0.002055476,0.001845133,0.001622067,0.001429852,0.001224474,0.001017242,0.0008066918,0.0005998904,0.0003920371,0.0001900028,-1.090991e-05,-0.0002044502,-0.0003950943,-0.0005770174,-0.0007545839,-0.0009223168,-0.001084552,-0.001236152,-0.001381469,-0.001515667,-0.001643178,-0.00175944,-0.00186897,-0.001967486,-0.00205959,-0.002141227,-0.002217094,-0.002283324,-0.002344673,-0.002397438,-0.002446398,-0.002487942,-0.002526831,-0.002559493,-0.002590622,-0.002616638,-0.002642116,-0.002663392,-0.002684858,-0.00270272,-0.00272115,-0.002736175,-0.002751708,-0.002763559,-0.002775337,-0.002782615,-0.002788716,-0.00278896,-0.002786383,-0.002776097,-0.002760867,-0.002735639,-0.002703012,-0.002657811,-0.002602545,-0.002532079,-0.002448928,-0.002348109,-0.002232346,-0.002096934,-0.001944947,-0.001772193,-0.001582244,-0.001371538,-0.001144358,-0.000897908,-0.0006372777,-0.0003605665,-7.370365e-05,0.0002243879,0.0005269456,0.000834267,0.001138941,0.001440767,0.001731963,0.002012263,0.002273929,0.002516999,0.002734205,0.002926539,0.003087329,0.003219128,0.003316328,0.003383096,0.003415856,0.003424665,0.003401895,0.003333943,0.003244061,0.003136355,0.003012514
0.003059222,0.002939041,0.002800172,0.002640384,0.002460809,0.002264727,0.002095442,0.001928751,0.001723384,0.00152554,0.001326726,0.001130584,0.0009322543,0.0007385184,0.0005444753,0.0003565327,0.0001701741,-8.646934e-06,-0.0001842982,-0.000351236,-0.0005137603,-0.0006666855,-0.0008143316,-0.0009518311,-0.001083565,-0.001204984,-0.001320545,-0.001425975,-0.001525838,-0.001616103,-0.001701419,-0.001777984,-0.001850512,-0.001915364,-0.001977295,-0.00203278,-0.002086564,-0.002135199,-0.002183378,-0.002227647,-0.00227259,-0.002314693,-0.002358378,-0.002400021,-0.002443837,-0.002486026,-0.002530531,-0.00257334,-0.002618109,-0.002660571,-0.00270407,-0.002744078,-0.002783594,-0.002817835,-0.002849509,-0.002873578,-0.002892484,-0.002901029,-0.002901435,-0.002888409,-0.002864109,-0.002823227,-0.002767961,-0.002693205,-0.002601326,-0.00248755,-0.002354665,-0.002198379,-0.002022056,-0.001822151,-0.00160274,-0.001361105,-0.001102239,-0.0008243548,-0.0005333924,-0.0002285363,8.340399e-05,0.0004024716,0.0007211237,0.001038822,0.001347633,0.001646916,0.001928761,0.002193015,0.002432299,0.002647621,0.002832399,0.002989191,0.00311258,0.003205844,0.003260368,0.003285903,0.003299257,0.003281688,0.003233577,0.00315797
0.002997159,0.002920931,0.002827951,0.002724962,0.00261527,0.002500114,0.002340653,0.002163166,0.002012645,0.001846396,0.001675431,0.001498764,0.00132358,0.001145391,0.0009710934,0.0007962104,0.0006269505,0.0004589853,0.0002980241,0.0001398091,-1.034851e-05,-0.0001567189,-0.0002943582,-0.0004275762,-0.0005517583,-0.0006713017,-0.0007818798,-0.0008879851,-0.0009855692,-0.001079209,-0.001165085,-0.001247858,-0.00132389,-0.001397889,-0.001466369,-0.001534045,-0.001597511,-0.001661447,-0.001722474,-0.001785183,-0.001846173,-0.001909899,-0.001972862,-0.002039318,-0.002105622,-0.002175793,-0.002245989,-0.002319952,-0.002393604,-0.002470352,-0.002545859,-0.00262321,-0.00269777,-0.002772295,-0.002841886,-0.002908956,-0.00296837,-0.003022289,-0.003065355,-0.00309953,-0.003119389,-0.003126761,-0.003116242,-0.003089745,-0.003041988,-0.002975101,-0.002884209,-0.002771801,-0.002633542,-0.00247258,-0.002285281,-0.002075605,-0.00184088,-0.001585962,-0.001309161,-0.001016389,-0.0007069643,-0.0003877705,-5.902816e-05,0.0002716272,0.0006034275,0.0009282813,0.001245242,0.001546207,0.001830685,0.002090831,0.002327311,0.002533193,0.002710488,0.00285441,0.002973068,0.003057985,0.003094595,0.003104236,0.003090538,0.003054736
0.003049746,0.003024031,0.002974506,0.002899069,0.002799046,0.00267702,0.002575194,0.002472762,0.002327908,0.002186039,0.002039619,0.001892327,0.001739648,0.001588419,0.001433997,0.001282764,0.001130414,0.0009828131,0.0008357484,0.0006946489,0.0005553343,0.0004228374,0.0002929507,0.0001703688,5.080616e-05,-6.135945e-05,-0.0001704919,-0.0002724994,-0.0003718382,-0.0004646549,-0.0005554888,-0.0006407007,-0.000724883,-0.0008045548,-0.0008843314,-0.0009608361,-0.001038668,-0.001114515,-0.001192913,-0.001270543,-0.001351824,-0.001433376,-0.001519458,-0.00160658,-0.001698793,-0.001792442,-0.001891308,-0.001991528,-0.0020966,-0.002202409,-0.002312134,-0.002421393,-0.002533006,-0.002642312,-0.002751812,-0.00285654,-0.002958677,-0.003053033,-0.003141472,-0.003218616,-0.003286157,-0.003338557,-0.00337741,-0.00339724,-0.003399624,-0.003379256,-0.003337982,-0.003270792,-0.003179959,-0.003061109,-0.002917081,-0.002744264,-0.0025464,-0.002320781,-0.00207217,-0.001798983,-0.001506995,-0.001195666,-0.0008718469,-0.000535925,-0.0001955821,0.0001481668,0.0004871963,0.0008204156,0.001139705,0.001444628,0.001727483,0.001988935,0.00222237,0.002428956,0.002598837,0.002739628,0.002866452,0.002960345,0.003020449,0.003049014
0.002827801,0.002859809,0.00287065,0.002866581,0.002850653,0.002824857,0.002751902,0.00265503,0.002579973,0.002485406,0.002381789,0.002268469,0.002152588,0.002029925,0.001907307,0.001780473,0.001655548,0.001528384,0.001404564,0.001280002,0.001159862,0.001040021,0.0009252826,0.0008114796,0.0007030746,0.000595833,0.0004939326,0.0003930478,0.0002971006,0.0002016934,0.000110526,1.914389e-05,-6.892395e-05,-0.000158168,-0.0002451923,-0.0003344851,-0.0004227271,-0.0005143579,-0.0006060852,-0.0007022647,-0.0007995827,-0.0009022693,-0.00100693,-0.001117607,-0.001230785,-0.001350293,-0.001472442,-0.001600811,-0.001731504,-0.001867793,-0.002005544,-0.002147725,-0.002289922,-0.002434772,-0.002577599,-0.002720676,-0.002859057,-0.002994723,-0.003122433,-0.003243886,-0.003353679,-0.003453242,-0.003537054,-0.00360648,-0.003655927,-0.003686791,-0.003693703,-0.003678187,-0.003635223,-0.003566824,-0.003468461,-0.003342811,-0.003186222,-0.003002149,-0.002787913,-0.002548088,-0.002281056,-0.001992546,-0.001682125,-0.001356537,-0.00101631,-0.0006691159,-0.0003161367,3.44065e-05,0.0003811851,0.000715759,0.001037358,0.001338062,0.001617948,0.001871012,0.002103296,0.002305284,0.002461165,0.002589808,0.002693783,0.002773264
0.002689209,0.002780673,0.00284575,0.002881945,0.002890232,0.00287215,0.002867989,0.002859973,0.00280582,0.002749535,0.002684341,0.00261373,0.002533402,0.002450076,0.002359299,0.002267302,0.002169971,0.002073007,0.001972359,0.001873307,0.001771826,0.001672789,0.001572166,0.001474502,0.001375693,0.00128,0.001183259,0.001089457,0.0009943771,0.0009017878,0.0008074078,0.0007148249,0.0006197248,0.0005255505,0.0004279907,0.0003303937,0.0002284713,0.0001255175,1.730346e-05,-9.28792e-05,-0.0002091486,-0.0003281745,-0.0004539379,-0.0005830284,-0.0007192561,-0.0008590832,-0.001006095,-0.001156596,-0.001313934,-0.001474213,-0.001640509,-0.001808705,-0.00198156,-0.002154711,-0.002330618,-0.002504627,-0.002678874,-0.002848462,-0.003015169,-0.00317385,-0.00332603,-0.003466292,-0.003595933,-0.003709451,-0.003807935,-0.003885857,-0.003944371,-0.003977995,-0.003988079,-0.003969554,-0.003924075,-0.003847129,-0.003741106,-0.003602203,-0.003433722,-0.003232963,-0.003004196,-0.002745862,-0.002463489,-0.002156636,-0.00183199,-0.001490174,-0.001138726,-0.0007789041,-0.0004188105,-5.963835e-05,0.0002904001,0.0006305818,0.0009534496,0.001258354,0.001534309,0.001786713,0.002028721,0.002240922,0.002420834,0.00256943
0.002276793,0.002429263,0.002559422,0.002672493,0.002770789,0.002856416,0.002893537,0.002901981,0.00292738,0.002929769,0.002918728,0.002893703,0.002861536,0.002818136,0.002770064,0.002713187,0.002653409,0.002586707,0.002518441,0.002444685,0.002370392,0.002291603,0.002212956,0.002130469,0.002048459,0.001962928,0.001877939,0.00178943,0.00170126,0.001609329,0.001517302,0.001421065,0.001324142,0.001222406,0.001119276,0.001010644,0.0008998616,0.0007828783,0.0006630158,0.000536299,0.0004060543,0.0002684095,0.0001267396,-2.268138e-05,-0.0001764025,-0.0003379865,-0.0005038739,-0.0006774387,-0.0008549785,-0.001039634,-0.001227535,-0.001421584,-0.001617699,-0.001818511,-0.002019723,-0.002223647,-0.00242574,-0.002628029,-0.002825668,-0.00302037,-0.003207071,-0.00338713,-0.003555257,-0.003712608,-0.003853648,-0.003979373,-0.004084261,-0.004169178,-0.004228698,-0.004263919,-0.004269609,-0.004247266,-0.004192304,-0.004106733,-0.003986753,-0.003835376,-0.003649734,-0.003433976,-0.003186517,-0.002912607,-0.002611871,-0.002290828,-0.001950121,-0.001597288,-0.001233704,-0.0008676281,-0.0005005437,-0.0001407277,0.0002105337,0.000546392,0.0008710928,0.001174239,0.0014389,0.001681276,0.001902601,0.002101647
0.001942964,0.002153206,0.002338198,0.002494677,0.002622809,0.002722834,0.002832389,0.002936231,0.002991762,0.003040928,0.003077438,0.003104315,0.003117271,0.003122649,0.003116042,0.003103328,0.003080478,0.003052876,0.003016562,0.002976558,0.002928956,0.002878395,0.002821025,0.002761195,0.002695014,0.002626619,0.002552102,0.002475369,0.002392525,0.002307301,0.00221578,0.002121568,0.002020752,0.001916825,0.001805911,0.001691432,0.00156955,0.001443642,0.00130993,0.001171781,0.001025507,0.0008744878,0.0007151407,0.0005508748,0.0003782277,0.0002006772,1.491082e-05,-0.0001755103,-0.0003737374,-0.0005760989,-0.0007855605,-0.000998314,-0.001217099,-0.001437941,-0.001663354,-0.001889143,-0.002117549,-0.002344172,-0.002570917,-0.002793133,-0.003012449,-0.003223888,-0.003428768,-0.003621915,-0.003804293,-0.003970526,-0.00412144,-0.004251457,-0.004361335,-0.004445642,-0.004505122,-0.004534595,-0.00453526,-0.004502327,-0.004437645,-0.004337334,-0.004203987,-0.004034762,-0.003833498,-0.003598465,-0.003334791,-0.003042078,-0.002726562,-0.00238891,-0.002036422,-0.001670244,-0.00129833,-0.0009220481,-0.0005490733,-0.0001812576,0.0001697501,0.0005074561,0.0008431188,0.001157018,0.001445023,0.001706667
0.00136272,0.001627127,0.001872039,0.002101303,0.002316163,0.002518317,0.002673305,0.002797327,0.002935036,0.003047804,0.003144002,0.003222898,0.00329074,0.00334337,0.003386835,0.003416974,0.003439271,0.003449715,0.003453283,0.00344613,0.00343288,0.003409689,0.003380947,0.003342844,0.0032995,0.003247167,0.00318978,0.003123576,0.003052365,0.002972408,0.002887371,0.002793566,0.002694566,0.002586711,0.002473512,0.002351355,0.002223707,0.002087023,0.001944744,0.001793398,0.001636409,0.001470384,0.001298763,0.001118245,0.0009322924,0.0007377073,0.0005379776,0.0003300149,0.0001173671,-0.0001029258,-0.0003272426,-0.0005584008,-0.0007926779,-0.001032716,-0.001274669,-0.001520954,-0.001767554,-0.002016664,-0.00226402,-0.002511528,-0.00275471,-0.002995105,-0.003227953,-0.003454514,-0.00366967,-0.003874367,-0.004063322,-0.004237127,-0.00439034,-0.004523517,-0.004631089,-0.004713689,-0.004766084,-0.004789059,-0.004777858,-0.004734002,-0.004653371,-0.004538424,-0.004386224,-0.004200218,-0.003978719,-0.003726588,-0.003443332,-0.003135137,-0.002802694,-0.002453315,-0.002088406,-0.001715848,-0.001337516,-0.0009604838,-0.0005817266,-0.0002120632,0.00013096,0.0004610419,0.0007781531,0.00107967
0.0008791959,0.001190622,0.001481811,0.001748579,0.001990027,0.002204996,0.002427929,0.002645599,0.002815352,0.002976483,0.003122901,0.00325689,0.003373957,0.003479796,0.003569863,0.003649453,0.003714474,0.003769801,0.003811453,0.003844037,0.003863683,0.003874674,0.003873285,0.003863588,0.00384188,0.003812112,0.00377064,0.003721256,0.003660411,0.0035918,0.003511912,0.003424388,0.003325781,0.003219669,0.00310269,0.002978385,0.002843461,0.00270143,0.002549068,0.002389881,0.002220713,0.002045063,0.001859852,0.001668555,0.001468159,0.001262152,0.001047582,0.0008279414,0.0006003556,0.0003683156,0.0001290327,-0.0001139656,-0.0003633663,-0.0006155818,-0.0008731751,-0.001132455,-0.001395804,-0.001659406,-0.001925396,-0.002189755,-0.002454377,-0.002714938,-0.002973002,-0.003224005,-0.00346908,-0.003703344,-0.003927647,-0.004136709,-0.004331084,-0.004505387,-0.00465985,-0.004789021,-0.004893263,-0.00496714,-0.005011314,-0.005020944,-0.00499709,-0.00493568,-0.004838826,-0.004703373,-0.004532645,-0.004324876,-0.004084556,-0.003811215,-0.003510728,-0.003183507,-0.002836518,-0.002471008,-0.002094157,-0.001708249,-0.001324926,-0.0009419587,-0.0005496243,-0.0001675016,0.0001989455,0.0005479875
0.0001966041,0.0005478706,0.0008860416,0.001213512,0.001530338,0.001837498,0.002101916,0.002336175,0.00258315,0.002805575,0.00301036,0.003196357,0.003368947,0.003523716,0.003665957,0.003791324,0.003904664,0.004001852,0.004087306,0.004157151,0.004215543,0.004258673,0.004290568,0.004307535,0.004313413,0.004304667,0.004285042,0.004251071,0.004206465,0.004147857,0.004078897,0.003996342,0.003903816,0.003798163,0.003682995,0.00355525,0.003418531,0.003269861,0.003112836,0.002944561,0.002768601,0.00258212,0.002388681,0.002185487,0.001976074,0.001757697,0.001533833,0.001301768,0.001064961,0.0008207114,0.0005724519,0.0003175251,5.93362e-05,-0.0002047101,-0.0004711897,-0.0007426054,-0.001015466,-0.001292149,-0.001569022,-0.00184825,-0.002126043,-0.002404253,-0.002678823,-0.002951316,-0.003217282,-0.00347789,-0.003728414,-0.003969525,-0.004196138,-0.004408666,-0.004601626,-0.0047752,-0.004923922,-0.005047761,-0.005141364,-0.005205088,-0.00523384,-0.00522858,-0.005185141,-0.005105199,-0.004985679,-0.004829612,-0.004635086,-0.00440655,-0.004143529,-0.003851826,-0.003532115,-0.003191211,-0.002830825,-0.002457571,-0.002068955,-0.001675596,-0.001294935,-0.000915316,-0.0005376836,-0.0001657421
-0.0003570942,2.48425e-05,0.0003945765,0.0007470951,0.001080408,0.001392055,0.001713004,0.002031604,0.002305544,0.00257103,0.002821946,0.003059655,0.003279296,0.003485677,0.003673979,0.003848706,0.004005568,0.004148757,0.004274157,0.004385802,0.004479774,0.004559871,0.00462242,0.004671108,0.004702366,0.004719873,0.004720212,0.004706994,0.004676989,0.004633803,0.004574327,0.004502193,0.004414426,0.004314666,0.004200074,0.004074306,0.003934633,0.003784707,0.00362189,0.003449843,0.003265987,0.003073966,0.002871262,0.00266145,0.002442038,0.002216569,0.001982529,0.001743399,0.001496666,0.001245704,0.0009879889,0.0007268369,0.0004596951,0.0001898302,-8.52946e-05,-0.0003624433,-0.0006440883,-0.0009269672,-0.001213431,-0.001500107,-0.001789179,-0.002077054,-0.002365628,-0.002651083,-0.002934899,-0.003212892,-0.003486188,-0.003750109,-0.004005329,-0.004246873,-0.004474872,-0.004684007,-0.004874242,-0.005039937,-0.005180986,-0.005291991,-0.005372856,-0.005418591,-0.005429836,-0.005402195,-0.005337276,-0.005231939,-0.005088823,-0.004906096,-0.004687898,-0.00443348,-0.00414832,-0.003832942,-0.003493434,-0.003131797,-0.002758975,-0.002373319,-0.001966133,-0.001556241,-0.001149891,-0.0007496588
-0.001053035,-0.000649062,-0.0002494617,0.0001468719,0.0005389176,0.0009268442,0.001279094,0.001604883,0.00194467,0.002262674,0.002564231,0.002847633,0.003117214,0.003368182,0.003604904,0.003822736,0.004025724,0.004209528,0.004377865,0.004526738,0.00465971,0.004772933,0.004869956,0.004947142,0.005007953,0.005049013,0.005073791,0.005079072,0.005068393,0.005038729,0.004993646,0.004930319,0.004852367,0.004757127,0.004648262,0.004523252,0.004385807,0.004233513,0.004070105,0.003893274,0.003706715,0.003508177,0.00330135,0.003083977,0.002859691,0.002626253,0.002387163,0.00214015,0.001888636,0.001630261,0.001368335,0.001100451,0.0008297724,0.0005538459,0.0002757544,-7.001062e-06,-0.0002913829,-0.0005798689,-0.0008694127,-0.001162384,-0.001455664,-0.001751417,-0.00204632,-0.002342292,-0.002635661,-0.002927951,-0.003215174,-0.003498303,-0.003772886,-0.004039492,-0.004293091,-0.004533791,-0.004756313,-0.004960252,-0.005140105,-0.005295507,-0.005420835,-0.005515947,-0.005575808,-0.005600633,-0.005586182,-0.005533807,-0.005440238,-0.005308134,-0.005135696,-0.004926978,-0.004681539,-0.004404708,-0.004097465,-0.003765417,-0.003405983,-0.003028988,-0.002651011,-0.002261867,-0.001862928,-0.00145848
-0.001584744,-0.001167883,-0.0007537109,-0.0003477854,4.699367e-05,0.0004271285,0.0008200959,0.001215502,0.001571923,0.001922226,0.002260165,0.00258612,0.002894806,0.003190009,0.003466574,0.003728089,0.003969988,0.004195663,0.004400801,0.004588747,0.004755475,0.004904203,0.005031239,0.005139803,0.005226406,0.005294359,0.005340426,0.005367955,0.005373983,0.005361951,0.005329108,0.005278997,0.005209078,0.005122986,0.005018361,0.004898915,0.004762458,0.004612722,0.004447637,0.004270981,0.004080734,0.003880663,0.003668815,0.003448854,0.003218824,0.00298234,0.002737356,0.00248737,0.002230291,0.001969422,0.001702576,0.00143293,0.001158153,0.0008812752,0.0005998882,0.0003168643,2.974759e-05,-0.0002586626,-0.0005508348,-0.0008439653,-0.001140452,-0.001437385,-0.001736962,-0.002036106,-0.002336671,-0.002635243,-0.00293332,-0.003226983,-0.003517215,-0.003799699,-0.004074748,-0.004337518,-0.004587939,-0.004820587,-0.005035022,-0.005225746,-0.005391972,-0.005528238,-0.005634147,-0.005704468,-0.005739422,-0.005734774,-0.00569152,-0.005606563,-0.005482322,-0.005316786,-0.005113762,-0.004872726,-0.004598332,-0.004291791,-0.003962817,-0.003609745,-0.003224422,-0.002824319,-0.002415851,-0.002001926
-0.00220327,-0.001781675,-0.001355115,-0.0009234425,-0.0004884977,-5.081027e-05,0.0003598166,0.0007496846,0.001156392,0.001545871,0.001921931,0.00228228,0.002630158,0.002960374,0.0032763,0.003572977,0.003853559,0.004113468,0.004355646,0.00457593,0.004777221,0.0049556,0.005114049,0.005248956,0.005363332,0.005453903,0.005523795,0.005569996,0.005595783,0.005598423,0.00558132,0.005542005,0.005484018,0.005405129,0.005308972,0.005193514,0.005062503,0.004914035,0.004751913,0.004574378,0.004385199,0.004182675,0.003970587,0.003747199,0.003516218,0.003275912,0.003029805,0.002776086,0.002518167,0.002254068,0.001987023,0.001714944,0.001440821,0.001162429,0.0008825992,0.0005989432,0.0003141456,2.574423e-05,-0.0002636914,-0.0005566268,-0.0008505097,-0.001147724,-0.001445608,-0.001746374,-0.002047101,-0.002349662,-0.002650844,-0.002951998,-0.003249418,-0.003543998,-0.003831381,-0.00411186,-0.004380661,-0.004637369,-0.004876724,-0.005098075,-0.005295733,-0.005468913,-0.005612182,-0.005724754,-0.005801635,-0.005842874,-0.00584416,-0.005806598,-0.00572721,-0.00560837,-0.005448464,-0.005251205,-0.005016573,-0.004748864,-0.004445006,-0.004113602,-0.00376976,-0.003404241,-0.003018379,-0.002616511
-0.002628982,-0.002210229,-0.001784902,-0.001358737,-0.0009352283,-0.0005185477,-8.453006e-05,0.0003575025,0.0007676519,0.001175391,0.001574356,0.001964022,0.002338741,0.002701268,0.003046148,0.003376037,0.003686103,0.003978912,0.004249963,0.004501865,0.004730487,0.004938421,0.005121942,0.005283749,0.005420413,0.005534813,0.005623856,0.005690566,0.005732192,0.005751938,0.005747354,0.005721813,0.005673144,0.005604893,0.005515114,0.005407483,0.005280282,0.005137239,0.004976784,0.004802738,0.004613579,0.004413127,0.004199948,0.003977743,0.003745056,0.00350554,0.003257605,0.003004754,0.002745324,0.002482563,0.002214654,0.001944673,0.001670576,0.001395215,0.001116401,0.0008367327,0.0005538755,0.0002702763,-1.652867e-05,-0.0003041886,-0.0005951869,-0.0008871853,-0.001182565,-0.001478899,-0.001778332,-0.002078166,-0.00238024,-0.002681408,-0.002983001,-0.003281453,-0.003577403,-0.00386667,-0.00414939,-0.00442066,-0.004680037,-0.004922312,-0.00514644,-0.005346937,-0.005522833,-0.005668544,-0.005783364,-0.005862396,-0.005905398,-0.005908337,-0.005872182,-0.005793849,-0.005675572,-0.005515764,-0.005317579,-0.005081228,-0.0048149,-0.00451654,-0.004178221,-0.003815601,-0.00343474,-0.003038408
-0.003096246,-0.002686781,-0.002264062,-0.00182852,-0.001382481,-0.0009269539,-0.0004896892,-6.671868e-05,0.0003764146,0.0008076765,0.001229539,0.001639219,0.002038939,0.002423206,0.002794443,0.003147448,0.003484507,0.003800861,0.004098689,0.004373696,0.004628121,0.004857993,0.005065715,0.0052477,0.00540648,0.005538872,0.00564761,0.005729858,0.005788573,0.005821266,0.005831112,0.005815938,0.00577912,0.005718791,0.005638471,0.005536533,0.00541667,0.005277409,0.005122529,0.004950739,0.004765795,0.004566473,0.004356565,0.004134798,0.003904884,0.003665553,0.003420311,0.003167775,0.002911326,0.002649366,0.002385051,0.002116641,0.001846984,0.001574136,0.001300739,0.0010246,0.0007481354,0.0004690087,0.0001894247,-9.305229e-05,-0.0003763123,-0.0006628219,-0.0009504546,-0.001241588,-0.001533944,-0.001829642,-0.002126168,-0.002425203,-0.002723777,-0.00302312,-0.003319628,-0.003613889,-0.003901801,-0.004183162,-0.004453235,-0.004711397,-0.004952279,-0.005174862,-0.005373753,-0.005547642,-0.005691249,-0.005803783,-0.005880345,-0.005920888,-0.005921606,-0.005883494,-0.005803962,-0.005685247,-0.005526343,-0.005330194,-0.005093108,-0.004822265,-0.004530938,-0.004210469,-0.003861827,-0.003488975
-0.003355847,-0.002960975,-0.002552009,-0.0021345,-0.001712183,-0.001289524,-0.0008453791,-0.000388083,4.467038e-05,0.0004790423,0.0009086765,0.001332327,0.001744152,0.002145981,0.002532199,0.002904615,0.003258236,0.003594871,0.003909916,0.004205288,0.004476814,0.004726491,0.004950599,0.005151324,0.005325316,0.005475007,0.005597449,0.005695303,0.00576601,0.005812481,0.005832526,0.005829277,0.005800871,0.005750681,0.0056771,0.005583676,0.005469076,0.00533693,0.005186074,0.005020268,0.004838406,0.00464426,0.004436829,0.004219766,0.003992041,0.003757265,0.003514258,0.003266461,0.003012609,0.002755861,0.002494758,0.002232269,0.001966658,0.001700623,0.001432242,0.001163897,0.0008934527,0.0006230894,0.0003504597,7.756838e-05,-0.000198022,-0.0004744129,-0.0007540321,-0.001034966,-0.00131951,-0.001605566,-0.001895192,-0.00218593,-0.002479392,-0.002772729,-0.003066912,-0.003358471,-0.003647837,-0.00393079,-0.004207078,-0.004472036,-0.004724677,-0.00495985,-0.005176404,-0.005368852,-0.005536005,-0.00567277,-0.005778139,-0.00584758,-0.005881021,-0.005874669,-0.005829493,-0.005743055,-0.005617183,-0.00545114,-0.005251552,-0.00501585,-0.004736226,-0.004426291,-0.004091389,-0.003733851
-0.003627172,-0.003251279,-0.002856147,-0.002442439,-0.002012642,-0.001568004,-0.001133912,-0.0007081126,-0.0002594466,0.000182451,0.0006190049,0.001047122,0.001468186,0.001876592,0.002273955,0.002654999,0.003021257,0.003367922,0.00369651,0.004002703,0.004288149,0.004548909,0.004786855,0.004998481,0.005185865,0.005345943,0.005481056,0.005588548,0.00567103,0.005726235,0.00575706,0.005761584,0.005742947,0.005699586,0.005634817,0.005547343,0.005440699,0.005313758,0.005170165,0.005009,0.004833902,0.004644023,0.004443058,0.004230113,0.004008798,0.003778229,0.003541809,0.003298519,0.003051642,0.002799923,0.002546394,0.002289644,0.002032375,0.00177293,0.00151378,0.001252976,0.0009927147,0.00073086,0.0004693398,0.0002058516,-5.78262e-05,-0.0003241078,-0.0005912759,-0.0008617254,-0.00113368,-0.001409365,-0.001686833,-0.001967971,-0.002250448,-0.002535748,-0.002820977,-0.003107006,-0.00339044,-0.003671375,-0.003945726,-0.004213077,-0.004468637,-0.004711432,-0.004936454,-0.00514226,-0.005323699,-0.005479576,-0.00560487,-0.00569883,-0.00575725,-0.005780167,-0.005764361,-0.005710908,-0.005618037,-0.005487517,-0.005315138,-0.005106674,-0.004873452,-0.004607243,-0.004308495,-0.003980554
-0.003692974,-0.003339207,-0.002966528,-0.002580021,-0.002183338,-0.001780895,-0.001354272,-0.0009108225,-0.0004853836,-5.494227e-05,0.0003743497,0.0008007811,0.00121856,0.001628784,0.002025888,0.002411007,0.002779168,0.003131565,0.003463648,0.003776759,0.004066808,0.004335287,0.004578575,0.004798408,0.00499158,0.005160111,0.005301226,0.005417233,0.00550577,0.005569429,0.005606257,0.005619102,0.005606355,0.005571146,0.005512145,0.005432675,0.005331708,0.005212671,0.005074709,0.004921408,0.004751981,0.004570031,0.004374885,0.004170045,0.0039548,0.003732619,0.003502643,0.003268163,0.003028236,0.002785872,0.002539915,0.00229318,0.002044221,0.001795563,0.001545555,0.001296387,0.001046159,0.0007968308,0.0005462501,0.0002961542,4.425662e-05,-0.0002078712,-0.0004625741,-0.0007183213,-0.0009774099,-0.001238202,-0.001502826,-0.001769381,-0.002039628,-0.002311333,-0.002585708,-0.002859952,-0.00313476,-0.003406629,-0.003675563,-0.003937565,-0.004191879,-0.004433917,-0.004662616,-0.004872925,-0.005063534,-0.005229549,-0.005369635,-0.00547919,-0.005557536,-0.005600595,-0.00560847,-0.005578212,-0.005510641,-0.005404309,-0.005264434,-0.005088015,-0.00486745,-0.004614284,-0.004332977,-0.004025287
-0.00375761,-0.003428608,-0.003077333,-0.002704436,-0.002312297,-0.001902185,-0.001496855,-0.001095176,-0.0006693742,-0.0002463096,0.0001747293,0.0005905693,0.001001994,0.001403539,0.001796218,0.002174903,0.002540559,0.002888529,0.003219821,0.003530255,0.003821017,0.004088338,0.004333649,0.00455363,0.004749969,0.004919789,0.005065071,0.005183372,0.005276964,0.005343804,0.005386479,0.005403303,0.005397124,0.005366627,0.005314857,0.005240766,0.005147638,0.005034606,0.00490507,0.004758376,0.004597936,0.004423167,0.004237546,0.004040452,0.003835281,0.003621423,0.003402082,0.003176511,0.002947794,0.002714955,0.00248083,0.002244283,0.002007825,0.001770063,0.001533275,0.001295768,0.001059531,0.000822667,0.0005868768,0.0003500636,0.0001137507,-0.000124314,-0.0003627173,-0.0006037414,-0.0008459805,-0.001091618,-0.00133914,-0.001590484,-0.001843832,-0.002100786,-0.002359064,-0.002619729,-0.002880038,-0.003140359,-0.003397291,-0.003650678,-0.003896426,-0.004133772,-0.004358298,-0.004568703,-0.004760273,-0.004931753,-0.00507839,-0.005199131,-0.005289782,-0.005349841,-0.005375857,-0.005368126,-0.005324436,-0.00524568,-0.005127391,-0.004974104,-0.004795283,-0.004583159,-0.00433767,-0.004061467
-0.00363561,-0.00333293,-0.003009558,-0.002669933,-0.002317369,-0.001955969,-0.001569768,-0.001165115,-0.0007734002,-0.0003745763,2.564002e-05,0.0004253563,0.0008190981,0.001207479,0.001585228,0.001953023,0.002306142,0.002645347,0.002966339,0.003270048,0.003552627,0.003815193,0.004054355,0.004271494,0.004463644,0.004632476,0.004775451,0.004894549,0.004987637,0.005056986,0.005100872,0.005121829,0.005118473,0.005093626,0.00504618,0.004979155,0.004891737,0.004787065,0.004664492,0.004527315,0.004374965,0.004210756,0.004034231,0.003848622,0.003653429,0.003451858,0.003243278,0.003030719,0.00281347,0.002594302,0.002372295,0.002150032,0.00192632,0.001703457,0.001480046,0.001258066,0.001035865,0.0008151902,0.000594134,0.0003742083,0.0001533507,-6.711321e-05,-0.0002893434,-0.0005120883,-0.0007375135,-0.0009643207,-0.001194563,-0.00142676,-0.001662682,-0.00190058,-0.002141782,-0.002384057,-0.002628275,-0.002871602,-0.003114279,-0.00335299,-0.003587275,-0.003813224,-0.004030006,-0.004233219,-0.004421683,-0.004590991,-0.004739812,-0.004863841,-0.004962164,-0.005030814,-0.005069418,-0.005074891,-0.005047402,-0.004985114,-0.004892096,-0.004765126,-0.004597018,-0.004397384,-0.004169788,-0.003915436
-0.003514782,-0.003239873,-0.002942647,-0.002623605,-0.002284825,-0.001927433,-0.001571332,-0.00121602,-0.0008371472,-0.0004584512,-7.961073e-05,0.0002963634,0.0006699048,0.001035961,0.00139517,0.001742802,0.002079463,0.002400859,0.002707676,0.002996061,0.003266889,0.003516708,0.003746639,0.003953659,0.004139153,0.004300518,0.004439429,0.004553699,0.004645288,0.00471239,0.004757272,0.004778467,0.004778495,0.004756239,0.004714414,0.004652157,0.004572408,0.004474482,0.004361427,0.004232759,0.004091551,0.003937377,0.003773375,0.003599095,0.003417597,0.003228437,0.003034512,0.002835247,0.002633426,0.002428275,0.002222342,0.0020147,0.001807612,0.001599903,0.001393616,0.001187304,0.00098273,0.0007782506,0.0005753595,0.000372208,0.0001701097,-3.294747e-05,-0.0002357802,-0.0004404572,-0.0006458386,-0.0008539453,-0.001063575,-0.001276576,-0.001491521,-0.001709995,-0.001930203,-0.002153287,-0.002377063,-0.002602093,-0.002825617,-0.003047717,-0.003265023,-0.003477041,-0.003680054,-0.003873042,-0.004051937,-0.004215642,-0.004359962,-0.004483843,-0.004583439,-0.004658061,-0.004704388,-0.004722302,-0.004709481,-0.004666272,-0.004588272,-0.004479014,-0.004346285,-0.004182934,-0.003988502,-0.003764992
-0.003239913,-0.002993335,-0.002727087,-0.002444883,-0.002149526,-0.001844605,-0.00151642,-0.001170282,-0.0008336356,-0.000489239,-0.0001421502,0.0002058228,0.0005497842,0.0008901001,0.001222046,0.001546058,0.001857892,0.002158073,0.002442752,0.002712614,0.002964223,0.003198454,0.003412286,0.003606843,0.0037795,0.003931653,0.004061066,0.004169424,0.004254861,0.004319333,0.004361347,0.004383103,0.004383412,0.004364741,0.004326155,0.004270298,0.004196501,0.004107522,0.004002841,0.003885354,0.003754622,0.003613556,0.003461808,0.003302229,0.003134434,0.002961242,0.002782161,0.002599856,0.002413754,0.002226303,0.002036741,0.001847345,0.001657117,0.001468079,0.001279048,0.001091764,0.0009048139,0.0007197253,0.000534854,0.0003515082,0.0001678937,-1.485994e-05,-0.0001986537,-0.0003824436,-0.000568163,-0.0007547577,-0.0009440903,-0.001134986,-0.0013291,-0.001525052,-0.001724156,-0.001924649,-0.00212747,-0.00233037,-0.002533759,-0.00273497,-0.002933821,-0.003127116,-0.003314306,-0.003491749,-0.003658532,-0.003810919,-0.003947799,-0.004065426,-0.004162925,-0.004236747,-0.004286372,-0.004308898,-0.004304176,-0.004270294,-0.004210448,-0.004121455,-0.003996789,-0.003844341,-0.003666861,-0.003465103
-0.002979769,-0.002762184,-0.00252476,-0.002267787,-0.00199293,-0.00170106,-0.001409059,-0.001116681,-0.0008030329,-0.0004884295,-0.0001726738,0.0001416037,0.0004547054,0.0007622354,0.001064668,0.001357887,0.001642342,0.001914298,0.002174284,0.002418953,0.002649003,0.002861449,0.003057207,0.003233665,0.003391982,0.003529912,0.003648869,0.003746974,0.003825893,0.003884075,0.003923454,0.00394278,0.003944204,0.003926777,0.003892826,0.003841616,0.003775668,0.003694407,0.003600444,0.003493371,0.003375829,0.00324746,0.003110952,0.002965935,0.00281503,0.002657864,0.002496929,0.00233174,0.002164683,0.001995113,0.001825216,0.00165421,0.001484044,0.001313726,0.001145012,0.0009766812,0.0008102526,0.0006443302,0.0004802021,0.0003162924,0.000153727,-9.216682e-06,-0.0001715382,-0.0003350216,-0.0004987221,-0.000664406,-0.000831096,-0.001000443,-0.001171308,-0.001345143,-0.001520539,-0.001698605,-0.001877623,-0.002058251,-0.00223831,-0.002418054,-0.002594816,-0.002768363,-0.002935709,-0.003096172,-0.003246433,-0.003385679,-0.00351044,-0.003619865,-0.003710684,-0.003782275,-0.003831722,-0.003858783,-0.003861307,-0.003839379,-0.003788967,-0.003712835,-0.003617303,-0.00349603,-0.003348326,-0.003175644
-0.002607059,-0.00241833,-0.002213099,-0.001994325,-0.001764211,-0.001525698,-0.001267237,-0.0009930759,-0.0007263257,-0.000452448,-0.0001756574,0.0001025349,0.0003780214,0.0006511165,0.0009178452,0.001178581,0.001429749,0.001671797,0.001901489,0.002119402,0.002322651,0.002511978,0.002684843,0.002842201,0.002981845,0.003104952,0.003209646,0.003297343,0.003366475,0.003418683,0.003452706,0.00347039,0.003470725,0.003455772,0.003424736,0.003379822,0.003320448,0.003248918,0.003164771,0.003070419,0.00296547,0.002852348,0.002730731,0.002602997,0.002468792,0.002330464,0.002187577,0.002042352,0.001894282,0.001745416,0.001595094,0.001445219,0.001294949,0.001145977,0.0009973053,0.0008504043,0.000704087,0.0005596459,0.0004157093,0.0002733863,0.0001311781,-9.955731e-06,-0.0001516098,-0.0002929041,-0.0004354705,-0.0005784371,-0.0007233926,-0.0008693886,-0.001017868,-0.001167733,-0.00132018,-0.001473828,-0.001629584,-0.001785706,-0.001942693,-0.002098473,-0.002253086,-0.002404038,-0.002551056,-0.002691286,-0.002824139,-0.002946642,-0.003058013,-0.00315522,-0.003237602,-0.00330223,-0.003348657,-0.00337441,-0.003379266,-0.00336149,-0.003323635,-0.003262798,-0.003173335,-0.003061614,-0.002929701,-0.002778016
-0.002268514,-0.002108581,-0.001932996,-0.001741832,-0.001536295,-0.001316941,-0.001097523,-0.000877808,-0.0006403994,-0.0004019668,-0.0001622589,7.663355e-05,0.0003150389,0.0005493957,0.0007801635,0.001004009,0.001221361,0.001429193,0.001627999,0.00181506,0.001991004,0.002153408,0.002303065,0.002437854,0.002558757,0.002663946,0.002754602,0.002829185,0.002889076,0.002932994,0.002962526,0.002976628,0.002977056,0.002963,0.002936352,0.002896472,0.002845396,0.00278261,0.002710221,0.002627838,0.002537595,0.002439139,0.002334632,0.002223717,0.002108503,0.001988626,0.001866096,0.001740463,0.001613651,0.00148509,0.001356549,0.001227349,0.001099078,0.0009708967,0.0008442415,0.0007181006,0.0005937247,0.0004699655,0.0003478969,0.0002262306,0.000105911,-1.446535e-05,-0.0001340558,-0.0002543174,-0.0003744588,-0.0004959321,-0.0006179317,-0.0007418342,-0.0008667266,-0.0009938427,-0.001122083,-0.001252438,-0.001383581,-0.001516178,-0.001648566,-0.001781104,-0.001911774,-0.002040567,-0.00216521,-0.00228535,-0.002398448,-0.00250402,-0.002599393,-0.002684019,-0.002755331,-0.002812919,-0.002854445,-0.00287973,-0.002886994,-0.002876258,-0.002844095,-0.002792682,-0.002727049,-0.00264184,-0.002536295,-0.002411425
-0.00186218,-0.001730145,-0.001586007,-0.001431979,-0.001269645,-0.001101227,-0.0009172865,-0.0007210152,-0.0005309282,-0.0003351558,-0.0001369563,6.258402e-05,0.00026028,0.0004565085,0.0006481782,0.0008357038,0.001016305,0.001190442,0.001355598,0.001512325,0.001658372,0.001794411,0.001918455,0.002031326,0.002131292,0.002219338,0.002293974,0.002356363,0.002405246,0.002441945,0.002465431,0.002477174,0.002476331,0.002464525,0.002441074,0.002407703,0.002363884,0.002311415,0.002249855,0.002181076,0.00210469,0.002022576,0.001934394,0.001841986,0.001744992,0.001645227,0.001542272,0.00143785,0.001331487,0.00122478,0.001117147,0.001010076,0.0009028524,0.0007968131,0.0006911298,0.000586978,0.0004833934,0.0003814199,0.0002799609,0.0001799254,8.012346e-05,-1.864665e-05,-0.0001176455,-0.0002161376,-0.0003154148,-0.0004147545,-0.0005154219,-0.0006166487,-0.0007196041,-0.0008234222,-0.0009291044,-0.001035593,-0.001143689,-0.001252088,-0.001361309,-0.001469815,-0.001577801,-0.001683434,-0.001786675,-0.001885434,-0.00197944,-0.002066496,-0.002146177,-0.002216223,-0.002276263,-0.002324083,-0.002359431,-0.002380395,-0.002386831,-0.002377346,-0.002353989,-0.002314325,-0.002253753,-0.002177267,-0.002086373,-0.001981263
-0.001509814,-0.001404672,-0.001288803,-0.001162094,-0.001025302,-0.0008786671,-0.0007327605,-0.0005872525,-0.0004283219,-0.0002688552,-0.000108475,5.134465e-05,0.0002110249,0.0003679301,0.0005225717,0.0006724799,0.0008181274,0.0009572688,0.001090411,0.001215533,0.001333226,0.001441679,0.001541593,0.001631372,0.001711842,0.001781613,0.001841643,0.001890744,0.001930007,0.001958424,0.001977224,0.001985563,0.001984782,0.001974197,0.00195524,0.001927344,0.001892034,0.001848831,0.001799304,0.00174306,0.001681682,0.001614801,0.001544018,0.001468963,0.001391197,0.001310343,0.001227895,0.001143419,0.001058346,0.0009721635,0.0008861959,0.000799856,0.0007143468,0.0006289731,0.0005448321,0.0004611158,0.0003787951,0.0002969692,0.0002164892,0.0001363614,5.734669e-05,-2.162588e-05,-9.986659e-05,-0.0001784837,-0.000256825,-0.0003359989,-0.0004153479,-0.000495934,-0.0005770346,-0.000659619,-0.0007428485,-0.0008275357,-0.0009126959,-0.0009989311,-0.001085039,-0.001171418,-0.001256635,-0.001340846,-0.001422443,-0.001501352,-0.001575785,-0.001645564,-0.001708808,-0.001765283,-0.001813161,-0.001852285,-0.001880969,-0.001899179,-0.001905604,-0.00190031,-0.001880619,-0.001848227,-0.001806994,-0.001752675,-0.001684561,-0.001603317
-0.001132508,-0.001052344,-0.0009647213,-0.0008711489,-0.0007726279,-0.0006706633,-0.0005579607,-0.0004367051,-0.0003206842,-0.0002007481,-7.916884e-05,4.341999e-05,0.0001647944,0.0002854154,0.0004031147,0.0005183681,0.0006292256,0.0007361775,0.0008374552,0.0009335956,0.001023009,0.001106302,0.001182056,0.001250967,0.001311784,0.001365298,0.001410418,0.00144804,0.00147722,0.001498953,0.00151244,0.001518764,0.001517247,0.001509061,0.001493632,0.001472192,0.001444265,0.001411124,0.001372347,0.001329253,0.001281453,0.001230265,0.001175331,0.001117946,0.001057739,0.0009959836,0.0009322747,0.0008678262,0.0008021987,0.0007365279,0.0006703076,0.0006046025,0.0005388277,0.0004739526,0.0004093218,0.0003458049,0.0002826631,0.0002206829,0.0001590463,9.845439e-05,3.803175e-05,-2.158962e-05,-8.132868e-05,-0.0001405943,-0.0002003258,-0.0002599419,-0.0003203665,-0.0003809949,-0.0004426939,-0.0005048027,-0.0005680879,-0.0006317772,-0.0006965129,-0.0007613798,-0.0008268516,-0.0008918703,-0.0009567148,-0.001020148,-0.001082301,-0.001141783,-0.001198578,-0.001251226,-0.001299609,-0.001342221,-0.001378961,-0.001408341,-0.001430317,-0.00144358,-0.001448119,-0.001442953,-0.001429682,-0.001406455,-0.001369804,-0.001323437,-0.001268398,-0.001204733
-0.0008247214,-0.0007673058,-0.0007038647,-0.0006341641,-0.0005585749,-0.0004770874,-0.0003971037,-0.0003182074,-0.0002302793,-0.0001423886,-5.406625e-05,3.381174e-05,0.000121732,0.0002079759,0.0002930814,0.0003754357,0.0004555309,0.0005318951,0.0006050271,0.0006735933,0.000738129,0.0007974289,0.0008520819,0.0009010104,0.0009448669,0.0009826954,0.001015217,0.001041594,0.001062617,0.001077552,0.001087262,0.001091109,0.001090015,0.001083433,0.001072332,0.001056232,0.00103615,0.001011659,0.0009837974,0.000952184,0.0009178628,0.0008804703,0.0008410546,0.0007992534,0.0007560911,0.0007112024,0.0006655714,0.0006188022,0.0005718421,0.000524253,0.0004769218,0.000429369,0.0003824131,0.0003355171,0.0002894381,0.0002435784,0.0001986251,0.000153929,0.0001101101,6.646966e-05,2.35767e-05,-1.930988e-05,-6.166143e-05,-0.0001042391,-0.000146537,-0.000189316,-0.0002320694,-0.0002755323,-0.0003191659,-0.0003636541,-0.0004083971,-0.0004539952,-0.0004997716,-0.0005462107,-0.0005925196,-0.0006390699,-0.0006849472,-0.0007303904,-0.0007743894,-0.0008170549,-0.0008572783,-0.000895108,-0.0009293846,-0.0009601224,-0.0009861863,-0.001007632,-0.0010234,-0.001033597,-0.001037391,-0.001034913,-0.001024289,-0.001006772,-0.0009851143,-0.0009562512,-0.0009196122,-0.0008755932
-0.0005290572,-0.0004912679,-0.0004500113,-0.0004061661,-0.000360245,-0.0003131038,-0.000259702,-0.00020132,-0.0001470152,-9.048467e-05,-3.307976e-05,2.495011e-05,8.228274e-05,0.0001393907,0.0001949775,0.0002495119,0.0003018272,0.0003523837,0.0004001177,0.0004454995,0.0004875631,0.0005268028,0.0005623445,0.0005947176,0.0006231358,0.0006481679,0.0006691091,0.0006865738,0.0006999336,0.0007098448,0.0007157512,0.0007183491,0.0007171416,0.0007128646,0.0007050749,0.0006945331,0.0006808434,0.0006647849,0.0006459897,0.0006252527,0.0006022265,0.0005777042,0.0005513523,0.0005239504,0.0004951612,0.0004657505,0.0004353675,0.0004047483,0.0003735249,0.0003423954,0.0003109612,0.000279885,0.0002487324,0.0002181183,0.0001875776,0.0001576747,0.0001279077,9.880032e-05,6.981283e-05,4.142839e-05,1.308109e-05,-1.478025e-05,-4.27409e-05,-7.037308e-05,-9.827005e-05,-0.0001260109,-0.000154181,-0.0001823496,-0.0002110752,-0.0002399022,-0.0002693422,-0.0002988882,-0.0003289924,-0.0003590828,-0.0003895333,-0.0004197074,-0.0004498841,-0.0004793432,-0.0005082939,-0.0005359459,-0.0005624368,-0.0005869425,-0.0006095499,-0.0006294107,-0.0006466149,-0.0006603171,-0.0006706245,-0.0006767841,-0.0006788882,-0.000676361,-0.0006703376,-0.0006595998,-0.0006418454,-0.0006195393,-0.0005933269,-0.0005631783
-0.0003112796,-0.0002895946,-0.0002655467,-0.0002388868,-0.0002097147,-0.0001778926,-0.0001477448,-0.0001188777,-8.504843e-05,-5.158068e-05,-1.803985e-05,1.51874e-05,4.85362e-05,8.110639e-05,0.0001133543,0.000144431,0.0001747509,0.0002035362,0.0002311886,0.0002569948,0.0002813613,0.0003036323,0.000324227,0.0003425456,0.000359024,0.0003731175,0.0003852814,0.0003950204,0.0004028125,0.0004082069,0.0004117041,0.0004128935,0.0004122954,0.0004095364,0.0004051518,0.0003987959,0.0003910195,0.0003814996,0.0003707923,0.0003585947,0.0003454624,0.0003311002,0.0003160634,0.0003000592,0.0002836329,0.0002664904,0.0002491595,0.0002313375,0.0002135356,0.0001954359,0.0001775262,0.0001594744,0.0001417396,0.0001239693,0.0001065991,8.925379e-05,7.234148e-05,5.546758e-05,3.901491e-05,2.257207e-05,6.499173e-06,-9.628904e-06,-2.546853e-05,-4.145146e-05,-5.724392e-05,-7.327602e-05,-8.921602e-05,-0.0001054836,-0.0001217349,-0.0001383695,-0.0001550233,-0.0001720627,-0.0001890962,-0.0002064466,-0.0002236789,-0.0002410716,-0.0002581471,-0.0002751333,-0.0002915172,-0.0003074766,-0.0003224619,-0.0003366258,-0.0003494019,-0.0003609281,-0.0003706491,-0.0003787208,-0.0003846193,-0.0003885096,-0.0003899776,-0.0003891722,-0.0003850148,-0.0003782938,-0.0003706737,-0.0003603043,-0.0003468115,-0.000330384
-0.000134858,-0.0001250488,-0.0001144051,-0.00010329,-9.187184e-05,-8.048761e-05,-6.652444e-05,-5.051946e-05,-3.689319e-05,-2.239231e-05,-7.588989e-06,7.495968e-06,2.230225e-05,3.716335e-05,5.152497e-05,6.571044e-05,7.922087e-05,9.236247e-05,0.0001046763,0.0001164623,0.0001272954,0.0001374745,0.0001466062,0.0001549916,0.0001622659,0.0001687354,0.0001740621,0.000178559,0.0001819126,0.0001844433,0.0001858587,0.0001864876,0.0001860556,0.0001848989,0.0001827599,0.0001799787,0.0001763126,0.0001721032,0.0001671174,0.0001616993,0.0001556228,0.0001492301,0.0001423,0.0001351693,0.000127617,0.0001199746,0.0001120196,0.0001040745,9.591366e-05,8.784707e-05,7.964279e-05,7.160176e-05,6.348217e-05,5.557195e-05,4.762295e-05,3.990829e-05,3.217126e-05,2.467326e-05,1.714941e-05,9.849246e-06,2.501579e-06,-4.653236e-06,-1.189051e-05,-1.897658e-05,-2.618821e-05,-3.329368e-05,-4.056697e-05,-4.777578e-05,-5.518547e-05,-6.255872e-05,-7.014771e-05,-7.770238e-05,-8.54586e-05,-9.315119e-05,-0.0001009956,-0.0001087101,-0.0001164848,-0.0001240173,-0.0001314776,-0.0001385472,-0.0001453772,-0.0001516407,-0.0001574731,-0.0001625414,-0.0001669799,-0.0001704527,-0.0001730944,-0.0001746003,-0.0001750782,-0.000174291,-0.0001728471,-0.0001701573,-0.0001650849,-0.000158859,-0.000151779,-0.0001437988
-3.636009e-05,-3.389352e-05,-3.111003e-05,-2.788485e-05,-2.420355e-05,-1.996905e-05,-1.660594e-05,-1.392319e-05,-9.73261e-06,-5.794911e-06,-1.904198e-06,1.862906e-06,5.711765e-06,9.387859e-06,1.309783e-05,1.660211e-05,2.008688e-05,2.332819e-05,2.650469e-05,2.940721e-05,3.220557e-05,3.470435e-05,3.706989e-05,3.911772e-05,4.101185e-05,4.257705e-05,4.397821e-05,4.504726e-05,4.594828e-05,4.652192e-05,4.693225e-05,4.702716e-05,4.697072e-05,4.661651e-05,4.612788e-05,4.536521e-05,4.449028e-05,4.336729e-05,4.215936e-05,4.073385e-05,3.925039e-05,3.758016e-05,3.5881e-05,3.402481e-05,3.216956e-05,3.01854e-05,2.822871e-05,2.617001e-05,2.416057e-05,2.207228e-05,2.00534e-05,1.797213e-05,1.59747e-05,1.392797e-05,1.197344e-05,9.977796e-06,8.076856e-06,6.136576e-06,4.289459e-06,2.400405e-06,5.982718e-07,-1.253152e-06,-3.027277e-06,-4.861233e-06,-6.627912e-06,-8.465481e-06,-1.024824e-05,-1.21107e-05,-1.392823e-05,-1.583109e-05,-1.769331e-05,-1.964112e-05,-2.154614e-05,-2.352901e-05,-2.54567e-05,-2.744398e-05,-2.935253e-05,-3.129384e-05,-3.312621e-05,-3.495192e-05,-3.662588e-05,-3.824872e-05,-3.967447e-05,-4.100017e-05,-4.208421e-05,-4.302707e-05,-4.369401e-05,-4.418088e-05,-4.437953e-05,-4.437004e-05,-4.38042e-05,-4.296636e-05,-4.243025e-05,-4.156338e-05,-4.022783e-05,-3.847173e-05
1.913845e-09,-1.192917e-10,-9.063404e-10,7.368431e-10,1.043227e-09,-6.649611e-10,3.773385e-10,8.543008e-10,-4.908421e-10,-1.121434e-09,-1.751967e-09,-5.934493e-10,-2.000478e-10,4.65234e-10,-7.484349e-10,1.105331e-09,1.326583e-09,-1.208326e-11,-7.011511e-10,-1.497318e-09,-7.611695e-11,-1.046436e-09,3.737951e-10,1.224722e-09,1.673294e-10,4.825629e-10,3.86858e-10,-2.254839e-10,1.889764e-10,5.701781e-11,-7.46012e-10,1.339274e-09,3.894493e-10,-1.184216e-09,3.144803e-10,7.354253e-11,-1.170707e-09,-5.457547e-10,1.571394e-10,7.644972e-10,2.928862e-11,3.184826e-11,-2.505767e-10,3.552469e-10,-1.105289e-10,3.563827e-10,-1.732663e-10,-1.074087e-09,-6.338371e-10,-8.738681e-12,-7.435428e-13,9.091781e-10,-2.055068e-10,1.181945e-09,5.720047e-10,1.119367e-09,-6.963587e-10,-6.016139e-10,-9.517531e-10,-3.118295e-10,1.158016e-09,1.609615e-09,8.828945e-10,3.698724e-10,-5.268021e-10,2.344042e-10,-6.38194e-10,-4.010886e-11,-1.507477e-09,1.919629e-11,-5.354476e-10,1.048908e-09,2.797587e-10,-6.021753e-10,-1.350532e-09,1.249931e-09,-1.414286e-09,6.873468e-10,7.14068e-10,6.329011e-10,4.461087e-11,-4.350795e-11,-3.942694e-10,4.225256e-10,-3.993118e-10,2.939795e-10,-1.079214e-09,-6.115421e-10,4.305628e-10,2.255563e-09,-1.396638e-10,2.819115e-11,3.068068e-10,-4.566598e-10,1.439364e-09,-3.682464e-10
