NaN,NaN,NaN,NaN,NaN,NaN,NaN,NaN,NaN,NaN,NaN,NaN,NaN,NaN,NaN,0,0,0,0,0,0,0,0,0,0,0,0,0,0,0,0,0,0,0,0,0,0,0,0,0,0,0,0,0,0,0,0,0,0,0,0,0,0,0,0,0,0,0,0,0,0,0,0,0,0,0,0,0,0,0,0,0,0,0,0,0,0,0,0,0,0,0,NaN,NaN,NaN,NaN,NaN,NaN,NaN,NaN,NaN,NaN,NaN,NaN,NaN,NaN
NaN,NaN,NaN,NaN,NaN,NaN,NaN,NaN,NaN,NaN,NaN,NaN,NaN,NaN,NaN,-2.051541e-06,-1.887675e-06,-2.224196e-06,-2.589974e-06,-3.075067e-06,-3.454046e-06,-3.90069e-06,-4.239833e-06,-4.64623e-06,-4.952034e-06,-5.324333e-06,-5.595569e-06,-5.926361e-06,-6.149844e-06,-6.422269e-06,-6.579028e-06,-6.773827e-06,-6.845261e-06,-6.944955e-06,-6.914894e-06,-6.905067e-06,-6.76166e-06,-6.633618e-06,-6.371457e-06,-6.122625e-06,-5.741594e-06,-5.374226e-06,-4.87935e-06,-4.401337e-06,-3.80323e-06,-3.227335e-06,-2.54058e-06,-1.882914e-06,-1.125182e-06,-4.045374e-07,4.045861e-07,1.168379e-06,2.008794e-06,2.795622e-06,3.64712e-06,4.437301e-06,5.280805e-06,6.056393e-06,6.874781e-06,7.620084e-06,8.398873e-06,9.101313e-06,9.828977e-06,1.047827e-05,1.114435e-05,1.17306e-05,1.232459e-05,1.28385e-05,1.335253e-05,1.379435e-05,1.424404e-05,1.466364e-05,1.51493e-05,1.571826e-05,1.64694e-05,1.742009e-05,1.848048e-05,1.935301e-05,1.935155e-05,1.797271e-05,1.527272e-05,1.303144e-05,NaN,NaN,NaN,NaN,NaN,NaN,NaN,NaN,NaN,NaN,NaN,NaN,NaN,NaN
NaN,NaN,NaN,NaN,NaN,NaN,NaN,NaN,NaN,NaN,NaN,NaN,NaN,NaN,NaN,-7.54518e-06,-6.984783e-06,-8.197924e-06,-9.63784e-06,-1.141118e-05,-1.293063e-05,-1.454189e-05,-1.590566e-05,-1.734924e-05,-1.858734e-05,-1.989156e-05,-2.100057e-05,-2.21393e-05,-2.307077e-05,-2.398374e-05,-2.466795e-05,-2.52837e-05,-2.564959e-05,-2.590239e-05,-2.588999e-05,-2.572828e-05,-2.529463e-05,-2.468621e-05,-2.380987e-05,-2.274483e-05,-2.142618e-05,-1.991496e-05,-1.817394e-05,-1.624616e-05,-1.41217e-05,-1.182504e-05,-9.37236e-06,-6.76816e-06,-4.053827e-06,-1.212274e-06,1.690682e-06,4.695319e-06,7.711508e-06,1.080408e-05,1.385817e-05,1.696529e-05,1.998571e-05,2.304025e-05,2.59633e-05,2.890755e-05,3.16796e-05,3.446685e-05,3.704449e-05,3.963676e-05,4.198146e-05,4.434288e-05,4.641553e-05,4.851196e-05,5.028322e-05,5.211672e-05,5.364439e-05,5.540019e-05,5.705457e-05,5.936692e-05,6.198935e-05,6.569409e-05,6.938319e-05,7.266095e-05,7.221264e-05,6.719706e-05,5.677552e-05,4.877456e-05,NaN,NaN,NaN,NaN,NaN,NaN,NaN,NaN,NaN,NaN,NaN,NaN,NaN,NaN
NaN,NaN,NaN,NaN,NaN,NaN,NaN,NaN,NaN,NaN,NaN,NaN,NaN,NaN,NaN,-1.501136e-05,-1.391887e-05,-1.641347e-05,-1.94143e-05,-2.310509e-05,-2.626589e-05,-2.960016e-05,-3.240634e-05,-3.536652e-05,-3.789079e-05,-4.054848e-05,-4.27945e-05,-4.510219e-05,-4.697385e-05,-4.881108e-05,-5.017017e-05,-5.139604e-05,-5.210124e-05,-5.258313e-05,-5.251258e-05,-5.214704e-05,-5.121684e-05,-4.994256e-05,-4.811207e-05,-4.591002e-05,-4.318045e-05,-4.007337e-05,-3.648801e-05,-3.253889e-05,-2.817855e-05,-2.348491e-05,-1.846229e-05,-1.314983e-05,-7.601321e-06,-1.813189e-06,4.11295e-06,1.02259e-05,1.637618e-05,2.266108e-05,2.888323e-05,3.519256e-05,4.134273e-05,4.754077e-05,5.348983e-05,5.946031e-05,6.510152e-05,7.075195e-05,7.599898e-05,8.125333e-05,8.602953e-05,9.081729e-05,9.504577e-05,9.929888e-05,0.0001029206,0.0001066441,0.0001097777,0.0001133446,0.0001167278,0.0001213901,0.0001266634,0.0001339984,0.0001411681,0.000147219,0.0001455308,0.0001345135,0.0001131421,9.69527e-05,NaN,NaN,NaN,NaN,NaN,NaN,NaN,NaN,NaN,NaN,NaN,NaN,NaN,NaN
NaN,NaN,NaN,NaN,NaN,NaN,NaN,NaN,NaN,NaN,NaN,NaN,NaN,NaN,NaN,-2.267022e-05,-2.108563e-05,-2.508204e-05,-3.001194e-05,-3.6051e-05,-4.125471e-05,-4.66509e-05,-5.118482e-05,-5.589948e-05,-5.991308e-05,-6.409257e-05,-6.761853e-05,-7.120853e-05,-7.411213e-05,-7.693381e-05,-7.900294e-05,-8.083707e-05,-8.185376e-05,-8.24997e-05,-8.228225e-05,-8.158507e-05,-8.00058e-05,-7.787204e-05,-7.48722e-05,-7.127994e-05,-6.687018e-05,-6.186147e-05,-5.61133e-05,-4.978994e-05,-4.283447e-05,-3.535477e-05,-2.737342e-05,-1.893732e-05,-1.014567e-05,-9.795039e-07,8.387897e-06,1.804664e-05,2.774989e-05,3.766298e-05,4.746409e-05,5.740036e-05,6.707495e-05,7.682509e-05,8.617567e-05,9.556168e-05,0.0001044238,0.0001133035,0.0001215465,0.0001298067,0.0001373159,0.0001448504,0.00015151,0.0001582183,0.0001639428,0.0001698357,0.0001748057,0.00018045,0.0001857839,0.0001930593,0.0002011523,0.0002121821,0.0002224519,0.0002302177,0.0002252158,0.0002058027,0.0001715112,0.0001465241,NaN,NaN,NaN,NaN,NaN,NaN,NaN,NaN,NaN,NaN,NaN,NaN,NaN,NaN
NaN,NaN,NaN,NaN,NaN,NaN,NaN,NaN,NaN,NaN,NaN,NaN,NaN,NaN,NaN,-2.916938e-05,-2.729757e-05,-3.302643e-05,-4.039631e-05,-4.933299e-05,-5.710743e-05,-6.495148e-05,-7.153477e-05,-7.820084e-05,-8.388444e-05,-8.966833e-05,-9.456668e-05,-9.943527e-05,-0.0001033856,-0.0001071101,-0.0001098383,-0.0001121358,-0.0001133557,-0.0001139586,-0.0001134268,-0.0001121334,-0.0001096919,-0.0001063935,-0.0001019769,-9.665438e-05,-9.028699e-05,-8.301128e-05,-7.480785e-05,-6.573468e-05,-5.588698e-05,-4.524251e-05,-3.400803e-05,-2.207641e-05,-9.760086e-06,3.14173e-06,1.621442e-05,2.975728e-05,4.32536e-05,5.710835e-05,7.070322e-05,8.455736e-05,9.794801e-05,0.0001115177,0.0001244365,0.0001374839,0.0001497157,0.0001620573,0.0001734327,0.0001849221,0.0001952948,0.0002057998,0.0002150244,0.0002244171,0.0002323834,0.000240685,0.0002476424,0.0002556071,0.0002630038,0.0002730005,0.0002836961,0.000297835,0.0003096622,0.0003163824,0.0003038679,0.0002717146,0.0002224768,0.0001887303,NaN,NaN,NaN,NaN,NaN,NaN,NaN,NaN,NaN,NaN,NaN,NaN,NaN,NaN
NaN,NaN,NaN,NaN,NaN,NaN,NaN,NaN,NaN,NaN,NaN,NaN,NaN,NaN,NaN,-3.396408e-05,-3.212034e-05,-4.025418e-05,-5.119673e-05,-6.447017e-05,-7.60113e-05,-8.737887e-05,-9.672969e-05,-0.0001060266,-0.0001137668,-0.0001215765,-0.0001280067,-0.0001343886,-0.0001393674,-0.0001440659,-0.0001472595,-0.0001499201,-0.0001509755,-0.0001512779,-0.0001499115,-0.0001476223,-0.0001436513,-0.000138651,-0.0001320202,-0.0001243209,-0.0001151006,-0.0001048275,-9.319391e-05,-8.057558e-05,-6.680757e-05,-5.216899e-05,-3.662933e-05,-2.036218e-05,-3.466082e-06,1.399942e-05,3.181185e-05,5.003553e-05,6.832542e-05,8.687643e-05,0.0001052184,0.0001236882,0.000141691,0.0001597203,0.0001770511,0.0001943456,0.0002107383,0.0002270751,0.0002423309,0.0002575449,0.0002714989,0.0002854404,0.0002979275,0.0003104582,0.0003213634,0.0003325254,0.0003421597,0.0003528664,0.0003629414,0.0003758663,0.0003892103,0.0004053036,0.0004159391,0.0004155986,0.0003865738,0.0003319256,0.0002625726,0.0002195234,NaN,NaN,NaN,NaN,NaN,NaN,NaN,NaN,NaN,NaN,NaN,NaN,NaN,NaN
NaN,NaN,NaN,NaN,NaN,NaN,NaN,NaN,NaN,NaN,NaN,NaN,NaN,NaN,NaN,-3.700058e-05,-3.588166e-05,-4.819831e-05,-6.596557e-05,-8.718512e-05,-0.0001058397,-0.0001234171,-0.0001377829,-0.0001514113,-0.0001627091,-0.0001736197,-0.0001825773,-0.0001910488,-0.0001975912,-0.0002033582,-0.0002071021,-0.0002097498,-0.0002102703,-0.0002094095,-0.0002063655,-0.0002017365,-0.0001949513,-0.0001864694,-0.0001759375,-0.00016368,-0.0001495555,-0.0001337583,-0.0001163515,-9.739312e-05,-7.714007e-05,-5.551073e-05,-3.294965e-05,-9.226669e-06,1.503826e-05,4.023959e-05,6.558916e-05,9.165399e-05,0.0001174786,0.0001438149,0.0001695416,0.0001956097,0.000220727,0.0002460585,0.0002701377,0.0002943658,0.0003170896,0.0003399604,0.000361107,0.000382444,0.0004018428,0.0004215029,0.0004389904,0.0004568385,0.0004723032,0.0004884287,0.0005022892,0.0005178118,0.000532,0.0005496079,0.0005660097,0.0005832388,0.0005872613,0.0005681919,0.0005018585,0.0004009521,0.000295782,0.0002398942,NaN,NaN,NaN,NaN,NaN,NaN,NaN,NaN,NaN,NaN,NaN,NaN,NaN,NaN
NaN,NaN,NaN,NaN,NaN,NaN,NaN,NaN,NaN,NaN,NaN,NaN,NaN,NaN,-4.579304e-05,-3.89397e-05,-3.987745e-05,-6.14682e-05,-9.434704e-05,-0.0001331932,-0.0001671585,-0.0001982035,-0.0002230258,-0.0002459474,-0.000264406,-0.0002818754,-0.00029565,-0.0003084609,-0.0003176842,-0.0003255893,-0.0003297831,-0.0003322331,-0.0003308447,-0.0003273617,-0.0003200005,-0.0003103126,-0.0002968249,-0.0002809188,-0.0002614283,-0.0002395682,-0.0002144579,-0.0001871374,-0.0001569993,-0.0001249088,-9.052372e-05,-5.452412e-05,-1.681373e-05,2.213138e-05,6.217615e-05,0.0001030668,0.0001444497,0.0001863128,0.0002280887,0.0002700195,0.0003113205,0.0003525089,0.0003925849,0.0004323671,0.0004706309,0.000508519,0.000544562,0.0005802503,0.0006138324,0.0006471598,0.0006781335,0.000708989,0.0007372193,0.0007655173,0.0007909548,0.0008169066,0.0008401676,0.0008652364,0.0008885787,0.0009152041,0.0009379577,0.0009553615,0.0009429462,0.0008780484,0.0007250217,0.0005166286,0.0003334451,0.0002523192,0.0002340637,NaN,NaN,NaN,NaN,NaN,NaN,NaN,NaN,NaN,NaN,NaN,NaN,NaN
NaN,NaN,NaN,NaN,NaN,NaN,NaN,NaN,NaN,NaN,NaN,NaN,NaN,NaN,-4.668697e-05,-4.02041e-05,-4.703584e-05,-9.155636e-05,-0.0001613935,-0.0002407425,-0.0003094994,-0.0003702373,-0.0004186846,-0.0004619837,-0.0004968292,-0.0005285622,-0.0005534501,-0.0005753943,-0.000590777,-0.0006026608,-0.0006078553,-0.0006088816,-0.0006030773,-0.000592563,-0.0005752401,-0.00055291,-0.0005240353,-0.0004901212,-0.0004501557,-0.0004053508,-0.0003551932,-0.0003006038,-0.0002415396,-0.000178615,-0.0001122262,-4.266686e-05,2.92533e-05,0.0001035888,0.0001791534,0.0002563897,0.0003337597,0.0004121179,0.0004895821,0.0005674457,0.0006434879,0.0007194724,0.0007928338,0.0008658415,0.0009355788,0.001004867,0.00107041,0.001135606,0.001196703,0.001257697,0.001314284,0.00137109,0.001423152,0.001475831,0.001523493,0.001572612,0.001617092,0.00166509,0.00170959,0.001758613,0.001797223,0.001818715,0.001772852,0.001608558,0.001255057,0.0007849075,0.0004052028,0.0002631975,0.0002401871,NaN,NaN,NaN,NaN,NaN,NaN,NaN,NaN,NaN,NaN,NaN,NaN,NaN
NaN,NaN,NaN,NaN,NaN,NaN,NaN,NaN,NaN,NaN,NaN,NaN,NaN,NaN,-4.701439e-05,-4.219332e-05,-6.568558e-05,-0.000170302,-0.0003262672,-0.0004911041,-0.0006290291,-0.0007489221,-0.0008443501,-0.0009294709,-0.0009976894,-0.001059354,-0.00110685,-0.001148027,-0.001175416,-0.001195472,-0.001201437,-0.001198919,-0.001182079,-0.001155933,-0.001115603,-0.001065621,-0.001002054,-0.000929005,-0.0008434428,-0.0007490395,-0.0006435899,-0.0005303087,-0.0004077602,-0.0002786879,-0.0001423783,-1.067219e-06,0.000145306,0.0002950749,0.0004477128,0.0006021871,0.0007574376,0.0009131212,0.001067668,0.001221461,0.001372425,0.001521724,0.001666786,0.001809624,0.001947157,0.002082309,0.002211435,0.002338413,0.002458925,0.002577815,0.002689905,0.00280105,0.00290505,0.003008968,0.003105607,0.003203905,0.00329611,0.003394045,0.003488518,0.003590435,0.003675395,0.003724286,0.003641911,0.00331006,0.002560145,0.001484558,0.0005908158,0.0002800839,0.0002424131,NaN,NaN,NaN,NaN,NaN,NaN,NaN,NaN,NaN,NaN,NaN,NaN,NaN
NaN,NaN,NaN,NaN,NaN,NaN,NaN,NaN,NaN,NaN,NaN,NaN,NaN,NaN,-4.700191e-05,-4.684477e-05,-0.0001200502,-0.0003690925,-0.0006830114,-0.0009794186,-0.001218832,-0.001426695,-0.001595056,-0.001746349,-0.001869481,-0.001979896,-0.002065358,-0.002137446,-0.002184615,-0.002216307,-0.002222407,-0.002211022,-0.002173682,-0.002117542,-0.002035828,-0.001934954,-0.001809795,-0.001666084,-0.001500217,-0.001317236,-0.001114931,-0.0008976333,-0.000664412,-0.000418835,-0.0001611362,0.000105937,0.0003811019,0.0006625307,0.0009480327,0.001236825,0.001525915,0.001815643,0.002102259,0.0023873,0.00266629,0.002942042,0.003209364,0.003472443,0.003725372,0.003973817,0.004211087,0.004444369,0.004665981,0.004884632,0.005091376,0.005296499,0.005489544,0.005682712,0.005864216,0.006049485,0.0062265,0.006415989,0.006604848,0.006813543,0.007006092,0.007155095,0.007106118,0.006644626,0.005393237,0.003264075,0.001132456,0.0003279396,0.000245937,NaN,NaN,NaN,NaN,NaN,NaN,NaN,NaN,NaN,NaN,NaN,NaN,NaN
NaN,NaN,NaN,NaN,NaN,NaN,NaN,NaN,NaN,NaN,NaN,NaN,NaN,NaN,-4.681931e-05,-6.238661e-05,-0.0002739987,-0.0007732907,-0.001262971,-0.001687657,-0.002028962,-0.002332798,-0.002585113,-0.002815923,-0.003006069,-0.003176881,-0.003308743,-0.003418674,-0.003488465,-0.003532753,-0.003535399,-0.003509595,-0.003441488,-0.003343305,-0.003203472,-0.003033478,-0.002823925,-0.002585657,-0.002311287,-0.002010982,-0.001679129,-0.001325141,-0.0009449926,-0.000547287,-0.00012942,0.0003009164,0.0007451194,0.001196568,0.001655675,0.002117061,0.002580334,0.003041487,0.003499423,0.003951579,0.004396208,0.004832292,0.005257497,0.005672481,0.006074346,0.006465528,0.006842487,0.00720946,0.007562027,0.007906156,0.008236177,0.008559801,0.008869867,0.009176346,0.009471109,0.009768461,0.01006155,0.01037278,0.01069687,0.01105826,0.01142558,0.01176303,0.01188511,0.01149518,0.01001311,0.006895642,0.002666518,0.000481612,0.0002481217,NaN,NaN,NaN,NaN,NaN,NaN,NaN,NaN,NaN,NaN,NaN,NaN,NaN
NaN,NaN,NaN,NaN,NaN,NaN,NaN,NaN,NaN,NaN,NaN,NaN,NaN,NaN,-4.689807e-05,-0.0001129747,-0.0006172185,-0.001349439,-0.00195503,-0.002473058,-0.002906908,-0.003299456,-0.003638181,-0.003946776,-0.004207733,-0.004437354,-0.004617899,-0.004762514,-0.004854784,-0.004906469,-0.004903034,-0.004855696,-0.004751941,-0.004602899,-0.004398093,-0.004148819,-0.003846521,-0.003502694,-0.003110436,-0.00268136,-0.002209929,-0.00170779,-0.001170497,-0.0006096211,-2.153697e-05,0.0005823786,0.001205225,0.001836003,0.002477644,0.003119737,0.003765342,0.004404745,0.005041321,0.0056661,0.006282943,0.006883662,0.007472761,0.008042887,0.008599349,0.009135654,0.009657969,0.01016049,0.01065008,0.01112132,0.01158155,0.01202548,0.01246095,0.01288316,0.01330174,0.01371489,0.01413806,0.01457733,0.0150563,0.01558218,0.01615623,0.01671353,0.01708696,0.01690814,0.015546,0.01212552,0.00610475,0.001004129,0.000257266,NaN,NaN,NaN,NaN,NaN,NaN,NaN,NaN,NaN,NaN,NaN,NaN,NaN
NaN,NaN,NaN,NaN,NaN,NaN,NaN,NaN,NaN,NaN,NaN,NaN,NaN,-6.044794e-05,-5.126175e-05,-0.0002649115,-0.00113437,-0.001963258,-0.002655111,-0.003242129,-0.003772161,-0.004241036,-0.004671038,-0.005047306,-0.005382558,-0.005661425,-0.005892397,-0.006062351,-0.006177389,-0.006227469,-0.006217147,-0.006139838,-0.005999003,-0.005791674,-0.005520401,-0.005185838,-0.00478961,-0.004335901,-0.003825216,-0.003265057,-0.002654471,-0.002004068,-0.001311111,-0.0005891974,0.0001665228,0.0009396113,0.001737469,0.002541006,0.003360683,0.004174917,0.004997716,0.005805028,0.006614808,0.007400404,0.008184097,0.008936454,0.009684562,0.01039599,0.01110315,0.01177022,0.01243542,0.01305887,0.01368496,0.0142687,0.01486113,0.01541098,0.01597699,0.01650096,0.01705239,0.01756775,0.01813437,0.01868735,0.01933839,0.02001065,0.02081104,0.02156332,0.02221849,0.02224435,0.02114504,0.01777994,0.01129862,0.002627161,0.0002942029,0.000249401,NaN,NaN,NaN,NaN,NaN,NaN,NaN,NaN,NaN,NaN,NaN,NaN
NaN,NaN,NaN,NaN,NaN,NaN,NaN,NaN,NaN,NaN,NaN,NaN,NaN,-5.632609e-05,-7.142023e-05,-0.00059114,-0.001699189,-0.002543911,-0.003329067,-0.003964782,-0.004600518,-0.005128682,-0.005657899,-0.00608576,-0.006501784,-0.006814321,-0.00710104,-0.007281213,-0.007423515,-0.007457589,-0.007444656,-0.00732422,-0.007150949,-0.006873815,-0.006541503,-0.006112159,-0.005628712,-0.005058067,-0.004437266,-0.003741558,-0.003001836,-0.002201379,-0.001364598,-0.0004825573,0.0004272256,0.001366059,0.002323841,0.00329442,0.004275802,0.005254491,0.006237296,0.007203248,0.008168595,0.009104548,0.0100375,0.01093033,0.01182042,0.01266171,0.01350356,0.01429007,0.01508372,0.01581727,0.01656748,0.01725374,0.01796855,0.01861549,0.01930537,0.01992366,0.02060492,0.02121627,0.02192706,0.02258733,0.02341318,0.02422049,0.02524804,0.02617323,0.02711186,0.02731777,0.02652393,0.02326531,0.01700152,0.006270352,0.000470242,0.0002511184,NaN,NaN,NaN,NaN,NaN,NaN,NaN,NaN,NaN,NaN,NaN,NaN
NaN,NaN,NaN,NaN,NaN,NaN,NaN,NaN,NaN,NaN,NaN,NaN,NaN,-4.905195e-05,-0.0001329646,-0.001035914,-0.002234463,-0.00308486,-0.003953278,-0.004634843,-0.005368289,-0.00595211,-0.006573512,-0.007048357,-0.007538646,-0.007879365,-0.00821585,-0.008400388,-0.00856499,-0.008577444,-0.00855834,-0.00838985,-0.008182467,-0.007831941,-0.007439429,-0.006913554,-0.006346518,-0.005659211,-0.004934951,-0.004106244,-0.003247279,-0.002301619,-0.001334045,-0.000298831,0.0007489877,0.001844733,0.002943659,0.004070977,0.005192914,0.006324761,0.007444442,0.00855728,0.009653564,0.01072829,0.01178483,0.01280732,0.01381313,0.01477488,0.01572504,0.01662365,0.01751954,0.01835855,0.01920713,0.01999461,0.02080672,0.02155345,0.02234289,0.02306303,0.02385052,0.0245707,0.0254014,0.02618619,0.02715812,0.02811914,0.02933395,0.03044987,0.031619,0.03203959,0.0315129,0.02847218,0.02250985,0.01139868,0.001056835,0.0002157468,NaN,NaN,NaN,NaN,NaN,NaN,NaN,NaN,NaN,NaN,NaN,NaN
NaN,NaN,NaN,NaN,NaN,NaN,NaN,NaN,NaN,NaN,NaN,NaN,NaN,-4.680681e-05,-0.0003030498,-0.001504867,-0.002702102,-0.003589203,-0.004500041,-0.00524979,-0.006048031,-0.006704466,-0.007389399,-0.00792435,-0.008463532,-0.008843015,-0.009207041,-0.009404768,-0.00957251,-0.009571161,-0.009530313,-0.009321606,-0.009068645,-0.008653106,-0.008193217,-0.007580177,-0.006927104,-0.006133987,-0.005308731,-0.004359366,-0.003388421,-0.002311325,-0.001225,-5.165358e-05,0.001117645,0.002354439,0.003573827,0.00484169,0.006079772,0.007348877,0.0085778,0.009822611,0.01101942,0.01221973,0.01336716,0.01450866,0.01559567,0.01667057,0.01769297,0.01870055,0.01966133,0.02060767,0.02151603,0.02241249,0.02328206,0.02414346,0.02499105,0.02583602,0.02668575,0.02754698,0.02844902,0.02939998,0.03045896,0.03162242,0.032945,0.03430949,0.0356052,0.03633647,0.0359659,0.0333598,0.02758523,0.01690492,0.002878958,0.0001989722,NaN,NaN,NaN,NaN,NaN,NaN,NaN,NaN,NaN,NaN,NaN,NaN
NaN,NaN,NaN,NaN,NaN,NaN,NaN,NaN,NaN,NaN,NaN,NaN,NaN,-6.066302e-05,-0.0006240365,-0.001972617,-0.003086247,-0.004051715,-0.004952426,-0.005802372,-0.006620028,-0.007376199,-0.008083379,-0.008702456,-0.009252544,-0.009692653,-0.01004943,-0.01028117,-0.01042104,-0.01042667,-0.01033711,-0.01010947,-0.009788405,-0.009330454,-0.008785719,-0.008109961,-0.007358533,-0.006485966,-0.005552603,-0.00451103,-0.003426255,-0.002248125,-0.00104614,0.0002333645,0.001516451,0.002861161,0.004189179,0.005563938,0.006902776,0.008275625,0.009595376,0.01093952,0.01221608,0.01351102,0.01472677,0.01595881,0.01710313,0.01826599,0.01933595,0.02043137,0.02143184,0.02246923,0.0234119,0.02440673,0.02530802,0.02627987,0.02715953,0.02813268,0.02901778,0.03003144,0.03097465,0.03210998,0.0332172,0.03460566,0.0359804,0.03762116,0.03896932,0.04007106,0.03978969,0.03779078,0.03215336,0.02240771,0.006708323,0.0003008319,NaN,NaN,NaN,NaN,NaN,NaN,NaN,NaN,NaN,NaN,NaN,NaN
NaN,NaN,NaN,NaN,NaN,NaN,NaN,NaN,NaN,NaN,NaN,NaN,-6.515634e-05,-9.21609e-05,-0.0009708301,-0.002401785,-0.003392866,-0.004446801,-0.005308758,-0.006268946,-0.007078325,-0.007943439,-0.008645996,-0.009358085,-0.009893598,-0.01040364,-0.01072971,-0.01100592,-0.01109709,-0.01112207,-0.01096631,-0.01073472,-0.01033193,-0.009849692,-0.009210725,-0.008493886,-0.007639213,-0.006712561,-0.005670693,-0.004565912,-0.003371176,-0.002124451,-0.0008146478,0.0005354864,0.001921074,0.003335641,0.00475819,0.006199836,0.007623212,0.009058565,0.01045162,0.01185333,0.01319151,0.01453944,0.01580559,0.01708743,0.01827222,0.01948381,0.02058608,0.02173209,0.02275935,0.02385308,0.02482015,0.0258815,0.026808,0.02786159,0.02877085,0.02984677,0.03076908,0.03191228,0.0329018,0.03419826,0.03535867,0.0369426,0.03836981,0.04024769,0.04165163,0.0430924,0.04294991,0.04158211,0.03625459,0.02760533,0.01146054,0.0005932463,0.0002644347,NaN,NaN,NaN,NaN,NaN,NaN,NaN,NaN,NaN,NaN,NaN
NaN,NaN,NaN,NaN,NaN,NaN,NaN,NaN,NaN,NaN,NaN,NaN,-4.752733e-05,-0.0001576683,-0.001288202,-0.002747752,-0.003636567,-0.004745463,-0.005575965,-0.006622821,-0.007425126,-0.008380279,-0.009075657,-0.009865504,-0.01038213,-0.01095102,-0.01124193,-0.01155599,-0.01159462,-0.01163706,-0.01141291,-0.01118102,-0.0106968,-0.0101997,-0.009469518,-0.00872693,-0.007775025,-0.006815671,-0.0056743,-0.004533561,-0.003240559,-0.00195804,-0.0005543411,0.0008285281,0.002301089,0.003743052,0.005243739,0.006705895,0.008197443,0.009645667,0.01109657,0.0125036,0.01388986,0.01523661,0.0165425,0.01781843,0.01903673,0.02024037,0.02137298,0.02251234,0.02357013,0.02466216,0.02566385,0.02673302,0.02770302,0.02877892,0.02974501,0.03086222,0.03185878,0.03306639,0.03415005,0.03553452,0.03680491,0.03849386,0.04003819,0.04203822,0.04358672,0.04523597,0.04540179,0.04453943,0.03989362,0.03216345,0.01637626,0.001258363,0.0001397047,NaN,NaN,NaN,NaN,NaN,NaN,NaN,NaN,NaN,NaN,NaN
NaN,NaN,NaN,NaN,NaN,NaN,NaN,NaN,NaN,NaN,NaN,NaN,-3.760075e-05,-0.0003322873,-0.001615429,-0.002975409,-0.003825877,-0.004918396,-0.005759534,-0.006835306,-0.00766282,-0.008657259,-0.009372222,-0.01019522,-0.0107167,-0.01130579,-0.01158386,-0.01190349,-0.01191206,-0.01194663,-0.01167757,-0.01142713,-0.01088657,-0.0103638,-0.009569637,-0.008798092,-0.00777844,-0.006790655,-0.005581375,-0.00441614,-0.003058145,-0.001758073,-0.0002949654,0.001096007,0.002620517,0.00405956,0.005603814,0.007051178,0.00857766,0.009999064,0.01147691,0.01284584,0.01425265,0.01555163,0.01687417,0.01809505,0.01932942,0.02047362,0.02162556,0.02270453,0.02378955,0.02482417,0.02586617,0.02688494,0.02791395,0.02895068,0.03000073,0.03109387,0.03220508,0.03340509,0.03463687,0.03602518,0.03747307,0.03916209,0.0409063,0.04289359,0.04470132,0.04639706,0.0470752,0.04654185,0.04300633,0.03592256,0.02166733,0.003271931,1.465118e-05,NaN,NaN,NaN,NaN,NaN,NaN,NaN,NaN,NaN,NaN,NaN
NaN,NaN,NaN,NaN,NaN,NaN,NaN,NaN,NaN,NaN,NaN,NaN,-5.001862e-05,-0.0006406888,-0.001940457,-0.003083948,-0.003949676,-0.004958797,-0.005851183,-0.006896391,-0.007782828,-0.0087619,-0.009526601,-0.01033336,-0.01088828,-0.01145352,-0.01174715,-0.01203458,-0.01204308,-0.01203903,-0.01175716,-0.01146425,-0.01090193,-0.01033696,-0.009516738,-0.008707269,-0.007660814,-0.006642563,-0.005408987,-0.00422409,-0.002847328,-0.001540985,-6.647537e-05,0.001315755,0.002843206,0.004257434,0.005795907,0.007202298,0.008715096,0.01008011,0.01153796,0.01283649,0.01421946,0.0154363,0.01673466,0.01786475,0.01907884,0.02012698,0.0212672,0.02224852,0.02333586,0.02427557,0.02534008,0.02627067,0.02734851,0.02830763,0.02944011,0.0304701,0.0317042,0.03285517,0.03425216,0.0355962,0.03724621,0.03887526,0.04085162,0.04274918,0.04486483,0.04652014,0.04781409,0.04754613,0.04536943,0.03891409,0.02702673,0.00736579,8.945705e-05,NaN,NaN,NaN,NaN,NaN,NaN,NaN,NaN,NaN,NaN,NaN
NaN,NaN,NaN,NaN,NaN,NaN,NaN,NaN,NaN,NaN,NaN,NaN,-7.645835e-05,-0.0008950733,-0.002201789,-0.003086317,-0.003982127,-0.004868545,-0.005830027,-0.006803321,-0.007766705,-0.008688629,-0.009521226,-0.01027092,-0.01087957,-0.01138399,-0.01171744,-0.01193996,-0.01197611,-0.0119051,-0.01164293,-0.01128536,-0.01073941,-0.01011577,-0.009312283,-0.008453795,-0.007428465,-0.006374551,-0.00516956,-0.003964827,-0.002626142,-0.00131776,0.0001076658,0.001472954,0.002939994,0.004318217,0.005785602,0.007137626,0.008570221,0.00986412,0.01123516,0.01244818,0.01374105,0.01486106,0.01607016,0.01709581,0.01822634,0.01916673,0.02023468,0.02110946,0.02214147,0.0229801,0.02401232,0.02485225,0.0259282,0.02681198,0.02797972,0.0289526,0.03026486,0.03137734,0.03289773,0.03421241,0.03602122,0.03760434,0.03976222,0.04158531,0.04395639,0.04560554,0.04747308,0.04756366,0.04674478,0.04121798,0.03180678,0.01177986,0.0003827629,NaN,NaN,NaN,NaN,NaN,NaN,NaN,NaN,NaN,NaN,NaN
NaN,NaN,NaN,NaN,NaN,NaN,NaN,NaN,NaN,NaN,NaN,-6.755203e-05,-0.0001105305,-0.001039673,-0.002356943,-0.002991541,-0.003903538,-0.004653563,-0.005679029,-0.006559297,-0.007596753,-0.008437649,-0.009338322,-0.0100077,-0.01067423,-0.01109656,-0.01147859,-0.0116186,-0.01169719,-0.01154648,-0.01132481,-0.01089444,-0.01039166,-0.009706367,-0.008952945,-0.008047673,-0.007082789,-0.005999974,-0.004868458,-0.003654834,-0.002404281,-0.001108249,0.000213581,0.001544818,0.002893019,0.004216262,0.005551108,0.006829037,0.008117696,0.009320765,0.01053954,0.01164834,0.01278474,0.01379123,0.01484433,0.01575167,0.01673195,0.01755439,0.01848372,0.01924621,0.02015714,0.02089435,0.02182932,0.02258428,0.02359359,0.02441434,0.0255527,0.02648898,0.0278144,0.02891757,0.03049325,0.03181617,0.0337093,0.03529378,0.0375477,0.03935599,0.04188001,0.04360881,0.04592847,0.0465375,0.04694398,0.04276095,0.03557386,0.01579938,0.0008062786,0.0002654713,NaN,NaN,NaN,NaN,NaN,NaN,NaN,NaN,NaN,NaN
NaN,NaN,NaN,NaN,NaN,NaN,NaN,NaN,NaN,NaN,NaN,-3.480319e-05,-0.0001731526,-0.001159319,-0.002375521,-0.002805364,-0.003690376,-0.004318601,-0.005376853,-0.006166568,-0.00725213,-0.008008463,-0.008957493,-0.009541349,-0.01025294,-0.01058801,-0.01101299,-0.01106727,-0.01119101,-0.01096059,-0.01079038,-0.01029024,-0.009849519,-0.009109037,-0.008432834,-0.007490762,-0.006621233,-0.00552226,-0.004506231,-0.003298725,-0.002185109,-0.0009181044,0.0002452047,0.001525059,0.002694103,0.003945217,0.005082255,0.006269997,0.007345251,0.008443751,0.009437303,0.01043131,0.01133487,0.01222128,0.01303922,0.01382715,0.01457565,0.01528513,0.0159914,0.01665342,0.01735629,0.01801248,0.01876052,0.01946004,0.02030891,0.0211063,0.02211706,0.02306908,0.02430395,0.02546399,0.02698223,0.02839526,0.03024762,0.03193575,0.03414252,0.036064,0.03856647,0.04053938,0.04308618,0.04445852,0.04580726,0.04348021,0.03808714,0.02038859,0.001648622,-3.456066e-05,NaN,NaN,NaN,NaN,NaN,NaN,NaN,NaN,NaN,NaN
NaN,NaN,NaN,NaN,NaN,NaN,NaN,NaN,NaN,NaN,NaN,-1.649459e-05,-0.0003431237,-0.001303197,-0.00223909,-0.002540125,-0.003320304,-0.00387775,-0.004900265,-0.005637899,-0.006709408,-0.007413153,-0.00835484,-0.008882091,-0.009590966,-0.009868124,-0.01029759,-0.01029696,-0.01043612,-0.01015854,-0.01001925,-0.009484722,-0.009094985,-0.008337288,-0.007735986,-0.006797214,-0.006029188,-0.004955991,-0.004069656,-0.002911415,-0.001956459,-0.0007620843,0.000214169,0.001399554,0.002354686,0.003491838,0.004390533,0.005448436,0.006264594,0.007222041,0.007939968,0.008786887,0.009403045,0.01014225,0.01066631,0.0113134,0.01176718,0.01234921,0.01276589,0.01332112,0.013745,0.01432214,0.01480721,0.01546323,0.01607077,0.01686837,0.01766402,0.01866756,0.01971595,0.02098394,0.02233955,0.02391293,0.02560621,0.027491,0.02951264,0.03167033,0.03398165,0.03635895,0.03890187,0.04125446,0.04322812,0.04318877,0.03923746,0.02576267,0.004177677,-0.0003577273,NaN,NaN,NaN,NaN,NaN,NaN,NaN,NaN,NaN,NaN
NaN,NaN,NaN,NaN,NaN,NaN,NaN,NaN,NaN,NaN,NaN,-3.018935e-05,-0.0006101077,-0.001414499,-0.001955376,-0.002180923,-0.002789392,-0.003322648,-0.00424175,-0.004966609,-0.005957999,-0.006645132,-0.007517472,-0.008023852,-0.00867435,-0.00893168,-0.009317577,-0.009303205,-0.009417208,-0.009137019,-0.008996019,-0.008475819,-0.00811245,-0.007389813,-0.006845783,-0.005965606,-0.005288518,-0.004299658,-0.003539161,-0.002490886,-0.001696097,-0.0006363001,0.0001461876,0.001173966,0.001903754,0.002863717,0.003509024,0.004374568,0.004913254,0.005668207,0.006089369,0.006729714,0.007035248,0.007570251,0.007775337,0.008227441,0.008359928,0.008763827,0.008863138,0.009264683,0.009380695,0.009835936,0.01002809,0.01060226,0.01093763,0.01170202,0.01225066,0.0132773,0.01410597,0.01545973,0.01661945,0.01833977,0.01984136,0.02191967,0.02372348,0.02612559,0.02820848,0.03100007,0.03347516,0.03679197,0.03929945,0.04156371,0.03919992,0.030738,0.009068155,-0.0003092856,NaN,NaN,NaN,NaN,NaN,NaN,NaN,NaN,NaN,NaN
NaN,NaN,NaN,NaN,NaN,NaN,NaN,NaN,NaN,NaN,NaN,-5.996044e-05,-0.0007470732,-0.001400095,-0.00154827,-0.001703974,-0.002112427,-0.00263759,-0.003411543,-0.004139259,-0.005002813,-0.005691361,-0.006447003,-0.006955921,-0.007503249,-0.007769191,-0.008069969,-0.008076754,-0.008129651,-0.007889042,-0.007715313,-0.007257184,-0.00689333,-0.006259467,-0.005750983,-0.004989089,-0.00438529,-0.003544974,-0.002895899,-0.002026207,-0.001380428,-0.000527752,6.992058e-05,0.0008646404,0.001376508,0.002081114,0.00247923,0.003072011,0.003339099,0.003809576,0.003940118,0.004290438,0.004292096,0.004538191,0.004432375,0.00460386,0.004424921,0.004563865,0.004357635,0.004517292,0.004339963,0.004583932,0.004501077,0.004902117,0.004986508,0.005623627,0.005950956,0.006904238,0.007545369,0.008885195,0.00988884,0.01165284,0.01301605,0.01518454,0.0168449,0.01938267,0.0213283,0.0243918,0.026892,0.03094728,0.03409852,0.03832942,0.03800873,0.03392365,0.01326947,7.210807e-05,NaN,NaN,NaN,NaN,NaN,NaN,NaN,NaN,NaN,NaN
NaN,NaN,NaN,NaN,NaN,NaN,NaN,NaN,NaN,NaN,NaN,-9.009884e-05,-0.0007035367,-0.001226519,-0.001011575,-0.001099527,-0.001288168,-0.001812568,-0.002407435,-0.003144659,-0.003841253,-0.004540135,-0.005139867,-0.005664417,-0.006072287,-0.006365867,-0.006549895,-0.006602982,-0.006567735,-0.00639768,-0.006169025,-0.005809915,-0.005428064,-0.004925281,-0.004438843,-0.003842455,-0.003302066,-0.002662033,-0.002117467,-0.001482098,-0.0009808246,-0.0003946379,2.106499e-05,0.0005204096,0.0008163333,0.001200547,0.001352855,0.001605196,0.001602145,0.001718353,0.001560525,0.00154893,0.001249933,0.001132986,0.0007209541,0.0005355693,5.179065e-05,-0.0001529419,-0.0006561052,-0.0008198199,-0.001279317,-0.001331082,-0.001674919,-0.00153521,-0.001684559,-0.001267068,-0.00113969,-0.0003569119,0.0001231153,0.001346719,0.002229013,0.003931144,0.00520516,0.007357381,0.008945151,0.01150867,0.01340918,0.01660474,0.01921909,0.02377721,0.02764074,0.03346146,0.03545781,0.03497284,0.01597783,0.0005736252,NaN,NaN,NaN,NaN,NaN,NaN,NaN,NaN,NaN,NaN
NaN,NaN,NaN,NaN,NaN,NaN,NaN,NaN,NaN,NaN,-2.711533e-05,-0.0001302039,-0.0005793677,-0.0008954703,-0.0003421073,-0.000365462,-0.0003194147,-0.0008453039,-0.001230914,-0.001979333,-0.002472873,-0.003187232,-0.003593933,-0.004144688,-0.004377809,-0.004716604,-0.004751985,-0.00487601,-0.004723918,-0.004655637,-0.004346613,-0.004124449,-0.003702284,-0.003374548,-0.002889956,-0.002508373,-0.002012906,-0.00162784,-0.001170702,-0.0008292467,-0.0004557328,-0.0001998728,5.088461e-05,0.0001866981,0.0002843169,0.0002759168,0.000201575,3.746674e-05,-0.0002147217,-0.0005330329,-0.0009561728,-0.001414074,-0.001987739,-0.002556308,-0.003245637,-0.003881581,-0.004638313,-0.005285705,-0.00605015,-0.006641911,-0.007344159,-0.007803154,-0.008364552,-0.008605085,-0.008939954,-0.008869378,-0.008888349,-0.008412868,-0.00803333,-0.007072685,-0.006240579,-0.004755965,-0.003481977,-0.001507305,0.0001255594,0.002545859,0.004549791,0.007673319,0.01055665,0.01530303,0.01999603,0.02689813,0.03142474,0.03386675,0.01890725,0.001258136,-0.0001743905,NaN,NaN,NaN,NaN,NaN,NaN,NaN,NaN,NaN
NaN,NaN,NaN,NaN,NaN,NaN,NaN,NaN,NaN,NaN,1.06736e-05,-0.0002219474,-0.0004340539,-0.0003852864,0.0004405497,0.0005296652,0.0007710314,0.0002954169,9.687714e-05,-0.0006119345,-0.0009165258,-0.001600927,-0.001825968,-0.002365445,-0.002435036,-0.002790284,-0.002688797,-0.002863654,-0.002607241,-0.002629239,-0.002253084,-0.00216465,-0.00171543,-0.001566894,-0.001096465,-0.0009408477,-0.0005015488,-0.0003897335,-2.959852e-05,-6.730286e-06,0.0002321833,0.0001268911,0.0002088323,-5.601414e-05,-0.0001569685,-0.0006010637,-0.0008980714,-0.001527922,-0.002020925,-0.002829636,-0.003504986,-0.004471815,-0.005301922,-0.00639207,-0.007335332,-0.008499929,-0.009500974,-0.01067789,-0.01166927,-0.01278553,-0.01369038,-0.01466411,-0.01539692,-0.01613721,-0.01660426,-0.01701337,-0.01711756,-0.0170979,-0.01674829,-0.01621566,-0.01534833,-0.01426226,-0.01287968,-0.01127853,-0.009455483,-0.007390577,-0.005092237,-0.002296897,0.001071191,0.005619539,0.01133345,0.01867377,0.02597231,0.03062334,0.02287072,0.003047041,-0.0008144664,NaN,NaN,NaN,NaN,NaN,NaN,NaN,NaN,NaN
NaN,NaN,NaN,NaN,NaN,NaN,NaN,NaN,NaN,NaN,1.709369e-06,-0.0003807833,-0.0002427232,0.0003185229,0.001314917,0.001607001,0.00195846,0.001631572,0.001552198,0.0009809565,0.0008057331,0.0002427894,0.0001426153,-0.0003030875,-0.0002646989,-0.0005624348,-0.0003787057,-0.0005394868,-0.0002337554,-0.0002901772,9.876216e-05,0.0001022172,0.0005258181,0.0005367212,0.0009412334,0.0009054455,0.001239012,0.001106821,0.001323306,0.001051101,0.001110913,0.0006623331,0.000534158,-0.0001178733,-0.0004550108,-0.001326104,-0.001880393,-0.002972296,-0.003737429,-0.005037438,-0.005992995,-0.007474723,-0.008586666,-0.01021001,-0.01143021,-0.01314082,-0.01440699,-0.01613725,-0.01737511,-0.01904715,-0.02017322,-0.02170063,-0.02262247,-0.02391003,-0.02452675,-0.0254731,-0.02567999,-0.02618404,-0.0258807,-0.02585449,-0.02496533,-0.02436548,-0.02287841,-0.02174155,-0.01971189,-0.01809126,-0.01545867,-0.01309378,-0.009206126,-0.005029574,0.001650307,0.009070246,0.01891722,0.02551588,0.02614264,0.007476778,-0.001087694,NaN,NaN,NaN,NaN,NaN,NaN,NaN,NaN,NaN
NaN,NaN,NaN,NaN,NaN,NaN,NaN,NaN,NaN,NaN,-3.354975e-05,-0.0003952253,0.0001146018,0.001193956,0.002307515,0.002853006,0.003261519,0.003156423,0.003149994,0.002796998,0.002704816,0.002344196,0.002319485,0.002046169,0.002138909,0.001973539,0.002181314,0.002106131,0.002399657,0.002377762,0.002714586,0.002699052,0.003029032,0.002966674,0.003235731,0.003072338,0.003228941,0.002915651,0.002915481,0.002411154,0.002217862,0.001489648,0.001076029,0.0001011433,-0.0005489854,-0.001781483,-0.002671394,-0.00415833,-0.005276106,-0.006999006,-0.008318138,-0.01024515,-0.01172619,-0.01381204,-0.01540095,-0.0175856,-0.01921435,-0.02142566,-0.02301517,-0.02517056,-0.02663113,-0.02863881,-0.02987256,-0.03163419,-0.03253597,-0.03394639,-0.03440435,-0.0353571,-0.03526325,-0.03566621,-0.03493557,-0.03473762,-0.03334067,-0.03256521,-0.03053405,-0.02922291,-0.02647639,-0.02437006,-0.0202364,-0.01625128,-0.009053196,-0.001443172,0.01009795,0.01896914,0.02618943,0.01176316,-0.0007275752,NaN,NaN,NaN,NaN,NaN,NaN,NaN,NaN,NaN
NaN,NaN,NaN,NaN,NaN,NaN,NaN,NaN,NaN,NaN,-6.902126e-05,-0.0001650046,0.0006965391,0.002226948,0.003437022,0.004246027,0.004698094,0.004850877,0.004908022,0.004818019,0.004796461,0.004684642,0.004718018,0.004662855,0.004787038,0.004798464,0.005002238,0.005056045,0.005304687,0.005360084,0.005608016,0.005616397,0.005812499,0.005720673,0.005811011,0.00556549,0.00549937,0.005052915,0.004787935,0.004102159,0.003605082,0.002651138,0.001898905,0.0006586211,-0.0003605257,-0.00189317,-0.003177554,-0.004994018,-0.006526974,-0.008604083,-0.01035454,-0.01265487,-0.01457748,-0.01704994,-0.01908652,-0.0216678,-0.0237471,-0.02636031,-0.02839765,-0.03095472,-0.0328566,-0.03526305,-0.03692892,-0.03908272,-0.04040301,-0.04219455,-0.04305311,-0.0443716,-0.04465514,-0.04540256,-0.04501802,-0.04513212,-0.0440323,-0.04351338,-0.04170283,-0.04056758,-0.03794693,-0.03592906,-0.0318331,-0.02785191,-0.02056933,-0.01266109,-0.0002671685,0.01089063,0.02239544,0.01276348,-0.0001708163,NaN,NaN,NaN,NaN,NaN,NaN,NaN,NaN,NaN
NaN,NaN,NaN,NaN,NaN,NaN,NaN,NaN,NaN,4.847841e-07,-9.547357e-05,0.0002290231,0.001516253,0.003421484,0.004717933,0.00578289,0.006283473,0.006712907,0.006839964,0.007040643,0.0070904,0.007258492,0.00734377,0.007539521,0.007681725,0.007903747,0.008083528,0.008302051,0.008480417,0.008651357,0.008779757,0.008852964,0.00887978,0.008803352,0.008675992,0.008398088,0.008066647,0.007541708,0.006965817,0.006159157,0.005309104,0.004195997,0.003052217,0.001619138,0.0001745158,-0.001579031,-0.003318399,-0.005379425,-0.00739312,-0.009733493,-0.01198564,-0.01456274,-0.01700425,-0.01976337,-0.02233301,-0.0252067,-0.02782957,-0.03073714,-0.03332613,-0.03617693,-0.03863645,-0.04133262,-0.04355925,-0.04599516,-0.04787711,-0.04994063,-0.05136094,-0.05293842,-0.05378031,-0.0547649,-0.05492558,-0.05524046,-0.05465916,-0.05428123,-0.05293548,-0.0518399,-0.04960059,-0.0474989,-0.04372796,-0.03957025,-0.03260497,-0.02430418,-0.01181411,0.00137169,0.01542278,0.01228686,0.0003956103,-0.0007937392,NaN,NaN,NaN,NaN,NaN,NaN,NaN,NaN
NaN,NaN,NaN,NaN,NaN,NaN,NaN,NaN,NaN,3.030307e-05,-0.0001269173,0.0007784882,0.002580333,0.004763729,0.006172333,0.007443272,0.008041321,0.00871917,0.008966364,0.0094382,0.009603287,0.01003494,0.01020706,0.01063963,0.01082723,0.01124996,0.01142674,0.01180399,0.01192604,0.01221079,0.01222821,0.01237078,0.01223236,0.01218183,0.01183564,0.01154232,0.01094087,0.01036272,0.009468191,0.008573506,0.007358625,0.006126754,0.004576321,0.002999289,0.001110673,-0.0008074314,-0.003024664,-0.005266521,-0.007787947,-0.01032071,-0.013107,-0.01588448,-0.01888404,-0.02184811,-0.02499689,-0.02807677,-0.03129831,-0.03441164,-0.03761844,-0.04067241,-0.04376723,-0.0466608,-0.04953954,-0.05216574,-0.054718,-0.05696297,-0.0590714,-0.06081649,-0.06236278,-0.06349446,-0.06437278,-0.06479954,-0.06493473,-0.06459974,-0.06394029,-0.0627712,-0.06116532,-0.05884295,-0.05568276,-0.05117745,-0.0449031,-0.03609383,-0.02423341,-0.009291638,0.005944747,0.01151176,0.001339154,-0.001571941,NaN,NaN,NaN,NaN,NaN,NaN,NaN,NaN
NaN,NaN,NaN,NaN,NaN,NaN,NaN,NaN,NaN,1.200915e-05,-6.355556e-05,0.001584695,0.003903119,0.006253812,0.007819837,0.00922216,0.009993322,0.01086198,0.01130594,0.01199428,0.01234488,0.01298714,0.01331069,0.01392938,0.01422132,0.01479579,0.01502391,0.01551427,0.01563183,0.01598868,0.01594463,0.01611837,0.01586281,0.0158045,0.01528766,0.01495006,0.01412723,0.01347162,0.01230841,0.01130656,0.009779037,0.008414002,0.006510934,0.004779152,0.0025024,0.0004126464,-0.002223746,-0.004650082,-0.007618694,-0.01034646,-0.01360587,-0.01658581,-0.02008094,-0.02325166,-0.02691724,-0.03020802,-0.03396849,-0.03729618,-0.04106274,-0.04433259,-0.04800833,-0.05111979,-0.05460266,-0.05744858,-0.06062922,-0.06309457,-0.06585684,-0.06782074,-0.07004689,-0.07139134,-0.07297384,-0.07359432,-0.0744432,-0.07424908,-0.07428176,-0.0731543,-0.07219261,-0.06977995,-0.06723459,-0.0625347,-0.05696309,-0.04791368,-0.03686465,-0.02095102,-0.005008292,0.008576983,0.003182585,-0.001955434,NaN,NaN,NaN,NaN,NaN,NaN,NaN,NaN
NaN,NaN,NaN,NaN,NaN,NaN,NaN,NaN,NaN,-1.511849e-05,0.0003497326,0.002763173,0.005450041,0.007928601,0.009632464,0.01114837,0.01211488,0.0131572,0.01383053,0.01470935,0.01528124,0.01609959,0.01661407,0.0173782,0.0178183,0.01849816,0.01882581,0.01937869,0.01954661,0.01992268,0.01987906,0.02002773,0.01972342,0.01959854,0.01898845,0.01854695,0.01758955,0.01679468,0.01545858,0.01428609,0.0125525,0.01098959,0.008850902,0.00689709,0.004359501,0.00202794,-0.0008901327,-0.003575271,-0.006843827,-0.009845106,-0.01341981,-0.01668635,-0.0205114,-0.02398214,-0.02799159,-0.03159475,-0.03571194,-0.03936549,-0.04350421,-0.04711655,-0.05118154,-0.05465276,-0.05854198,-0.06176602,-0.06537214,-0.06823729,-0.07144801,-0.07383681,-0.07653478,-0.07832503,-0.08039436,-0.08147165,-0.08281147,-0.08306895,-0.08356696,-0.08284094,-0.08226777,-0.08017454,-0.07794757,-0.07354839,-0.06833199,-0.0597016,-0.0491154,-0.03349313,-0.01661954,0.001406949,0.003188821,-0.001729053,NaN,NaN,NaN,NaN,NaN,NaN,NaN,NaN
NaN,NaN,NaN,NaN,NaN,NaN,NaN,NaN,NaN,-1.423443e-05,0.001110421,0.004336619,0.007219878,0.009810037,0.0115995,0.01324607,0.01438777,0.01561683,0.01650657,0.0175807,0.01836591,0.01935717,0.02005692,0.02095572,0.02154338,0.02231566,0.02275051,0.0233503,0.02358117,0.0239566,0.02393358,0.02403833,0.02371636,0.02350551,0.02283989,0.02227221,0.02122732,0.02027319,0.01882363,0.01746106,0.0155893,0.01380763,0.01151138,0.009315874,0.00660625,0.004012518,0.0009102086,-0.002055183,-0.005516997,-0.00881489,-0.01259116,-0.01617076,-0.02020472,-0.02400416,-0.02822987,-0.03217974,-0.0365235,-0.04054449,-0.04492127,-0.04892355,-0.05324068,-0.05712876,-0.06128807,-0.06495988,-0.06885692,-0.07220481,-0.07572985,-0.07863921,-0.08167553,-0.08402713,-0.08645895,-0.08813624,-0.08984674,-0.09071936,-0.09156094,-0.09143718,-0.09114886,-0.08962999,-0.08761435,-0.08380108,-0.07880007,-0.07095945,-0.06075583,-0.04618686,-0.02877897,-0.009206962,-0.0004932221,-0.00147423,NaN,NaN,NaN,NaN,NaN,NaN,NaN,NaN
NaN,NaN,NaN,NaN,NaN,NaN,NaN,NaN,3.073455e-05,7.850245e-05,0.002375895,0.006247539,0.009236691,0.01186258,0.0137306,0.01547985,0.01680444,0.01819764,0.01930815,0.02055087,0.02154832,0.02268455,0.02356979,0.02457883,0.02531564,0.02615575,0.02669874,0.02732361,0.02762446,0.02798473,0.02799395,0.02804202,0.02771538,0.02741049,0.02671041,0.02601729,0.02491177,0.02380229,0.02226906,0.02072652,0.01875481,0.01677325,0.01436325,0.01194904,0.009114618,0.00628754,0.003053932,-0.0001570291,-0.003755839,-0.007311567,-0.01122997,-0.01507953,-0.0192614,-0.02334481,-0.0277258,-0.03197512,-0.03648322,-0.0408229,-0.04537812,-0.0497239,-0.0542374,-0.05849719,-0.06287428,-0.06695157,-0.07109325,-0.07488628,-0.0786872,-0.0820871,-0.08543462,-0.08832578,-0.09110191,-0.09336402,-0.09544248,-0.09693549,-0.09814754,-0.09865339,-0.09869966,-0.09779718,-0.09607533,-0.09291688,-0.08825845,-0.08128938,-0.07167192,-0.05840664,-0.04131301,-0.02173057,-0.007544967,-0.002180004,-0.002117306,NaN,NaN,NaN,NaN,NaN,NaN,NaN
NaN,NaN,NaN,NaN,NaN,NaN,NaN,NaN,7.055316e-05,0.0006791166,0.004519151,0.008334081,0.01159373,0.01396184,0.01608677,0.01774311,0.01939191,0.02078521,0.02222372,0.02349592,0.02479207,0.02595478,0.02709183,0.02810744,0.02904667,0.02987195,0.03057115,0.03115554,0.03156336,0.0318545,0.03192753,0.03188515,0.03158636,0.03116926,0.03045993,0.02963371,0.02849075,0.02723753,0.02564654,0.02395021,0.02189959,0.01975544,0.01725205,0.01467341,0.01173546,0.008741939,0.00539416,0.002015779,-0.001704915,-0.005427528,-0.009476137,-0.01349405,-0.01781594,-0.02207054,-0.02660405,-0.03103174,-0.03570942,-0.04023767,-0.04498239,-0.04953152,-0.05426228,-0.05874821,-0.06337651,-0.06770586,-0.07213735,-0.0762153,-0.08035408,-0.08407784,-0.08781528,-0.0910713,-0.09429528,-0.09696615,-0.09954747,-0.1014759,-0.1032258,-0.1041738,-0.1047861,-0.1043236,-0.1031991,-0.1004948,-0.0965509,-0.09020931,-0.08169775,-0.06949485,-0.05391974,-0.03466072,-0.01835857,-0.007556942,-0.002732532,NaN,NaN,NaN,NaN,NaN,NaN,NaN
NaN,NaN,NaN,NaN,NaN,NaN,NaN,4.585998e-05,0.0001550846,0.002132272,0.007361685,0.01059864,0.01415106,0.01609185,0.01854169,0.01998808,0.0220149,0.02330751,0.0251157,0.02631777,0.02794119,0.02903488,0.03045804,0.03139883,0.0325789,0.03330648,0.03419548,0.03466095,0.03522287,0.03538195,0.03557355,0.03537593,0.0351577,0.03456957,0.03391925,0.03291626,0.03181176,0.03037045,0.02879787,0.02691051,0.02487075,0.0225391,0.02003848,0.01727241,0.01432987,0.01115366,0.007798805,0.004243539,0.0005118917,-0.00338281,-0.007446162,-0.01163254,-0.01597698,-0.02040113,-0.02496768,-0.02956628,-0.0342899,-0.03899726,-0.04381085,-0.04855442,-0.05338049,-0.05807858,-0.06283649,-0.0674068,-0.07201245,-0.07636321,-0.08072319,-0.08475833,-0.08877975,-0.09239741,-0.09597001,-0.09904075,-0.1020292,-0.1043985,-0.1066274,-0.1080507,-0.1091911,-0.1092044,-0.1086696,-0.1064984,-0.1033372,-0.09772351,-0.09041642,-0.07938215,-0.06577466,-0.04756336,-0.03162521,-0.01758468,-0.003269714,-0.002330129,NaN,NaN,NaN,NaN,NaN,NaN
NaN,NaN,NaN,NaN,NaN,NaN,NaN,7.859951e-05,0.000602035,0.004793285,0.01016366,0.01325285,0.01644934,0.01838683,0.02071555,0.02229332,0.0243257,0.02577854,0.02764291,0.02898478,0.03067936,0.03187162,0.03336583,0.03435991,0.03560707,0.03634276,0.03729107,0.03772002,0.03833452,0.0384191,0.03866038,0.03835413,0.03818252,0.03745512,0.03685323,0.0356891,0.03464008,0.03301943,0.03150991,0.02942899,0.02746534,0.02493302,0.02252437,0.01955082,0.01671438,0.01332513,0.01009308,0.006322126,0.002729489,-0.001385842,-0.005297071,-0.009710825,-0.01389198,-0.0185534,-0.02294995,-0.02780028,-0.03235098,-0.03732929,-0.04197349,-0.04701612,-0.05168368,-0.05671502,-0.06132932,-0.06627494,-0.07076158,-0.07554222,-0.07981467,-0.08433995,-0.08830763,-0.09248573,-0.09604733,-0.09976061,-0.1027789,-0.105871,-0.1081593,-0.1103907,-0.1116208,-0.1125489,-0.1121446,-0.1110483,-0.1081199,-0.1039087,-0.09714174,-0.08822455,-0.07581043,-0.06054662,-0.04438914,-0.03117009,-0.007501874,-0.002266935,NaN,NaN,NaN,NaN,NaN,NaN
NaN,NaN,NaN,NaN,NaN,0.000317194,0.0001268632,0.0003519937,0.002844539,0.008772163,0.01246364,0.01608215,0.01816347,0.02065395,0.02231334,0.02445146,0.02603391,0.02798668,0.02951404,0.03128264,0.03270745,0.03425241,0.0355132,0.03678809,0.03782647,0.03878551,0.0395466,0.04014751,0.04058601,0.04079546,0.04087336,0.04065976,0.0403415,0.0396794,0.03894256,0.03782037,0.0366528,0.03506297,0.03345596,0.03139777,0.02935491,0.02684012,0.02437407,0.02141916,0.01854782,0.0151776,0.01193026,0.008179216,0.004591142,0.0004965808,-0.003393303,-0.00778856,-0.01193454,-0.01658236,-0.02093432,-0.02578236,-0.03028495,-0.03527687,-0.03987256,-0.04495115,-0.04957864,-0.05467957,-0.05926896,-0.0643235,-0.0688044,-0.07374447,-0.07804135,-0.08278891,-0.08681395,-0.0912829,-0.09493919,-0.0990282,-0.1021858,-0.1057452,-0.1082061,-0.1110016,-0.1124445,-0.1140756,-0.1139514,-0.1137605,-0.1112293,-0.1082916,-0.1022147,-0.09535224,-0.0842298,-0.07234319,-0.05654327,-0.04709325,-0.02865027,-0.003839825,-0.00196853,-0.0006233937,NaN,NaN,NaN,NaN
5.441098e-05,0.0002414101,8.080185e-05,0.0002828696,0.0001122167,0.000357722,0.0001832865,0.001575037,0.006489335,0.01192207,0.014743,0.01782754,0.01960759,0.02190816,0.02352714,0.0256215,0.02724131,0.0291994,0.03077193,0.03256334,0.03401699,0.03559193,0.03685422,0.03816093,0.03917011,0.04016443,0.04086883,0.04151107,0.04186632,0.0421238,0.04209536,0.04194231,0.0415018,0.04091718,0.04004464,0.03901805,0.03770531,0.03623477,0.03447951,0.03256758,0.03037474,0.02803339,0.02541785,0.02266631,0.01964832,0.01651097,0.01311799,0.009627251,0.005893714,0.002086191,-0.001950721,-0.006035424,-0.01033399,-0.01465142,-0.01916576,-0.02366825,-0.02834917,-0.0329856,-0.03778092,-0.04249854,-0.04735471,-0.05209764,-0.05695521,-0.06166101,-0.06645621,-0.07106138,-0.07572978,-0.08016623,-0.08463308,-0.08881888,-0.0929947,-0.09683094,-0.1006004,-0.1039445,-0.1071252,-0.1097429,-0.1120336,-0.1135399,-0.1144518,-0.114244,-0.1130513,-0.1103077,-0.1060963,-0.0998757,-0.09164672,-0.08118971,-0.0691118,-0.05982225,-0.05180195,-0.01539178,-0.001964294,-0.0007332076,-0.000420987,-0.000113554,-4.469683e-05,0.0001764751
0.0002855828,0.0001881572,0.0002709833,0.0001832384,0.0002849412,0.000345245,0.001280157,0.005149955,0.009986411,0.01330436,0.01610087,0.01803218,0.02009652,0.02177386,0.02376395,0.02545437,0.02742317,0.02907917,0.03095344,0.03249751,0.03420548,0.03556602,0.03704053,0.03815329,0.03933921,0.04015467,0.04100915,0.04148566,0.04197121,0.04207425,0.04216314,0.04186869,0.0415412,0.04083061,0.04007231,0.03893533,0.03774278,0.03617977,0.03455669,0.03257225,0.03052663,0.02813233,0.02568097,0.02289654,0.02006173,0.01691077,0.01371921,0.01023147,0.006716214,0.002926132,-0.0008772432,-0.004933206,-0.008986246,-0.01326778,-0.01752865,-0.02199297,-0.02641768,-0.03101913,-0.03556069,-0.0402516,-0.04486258,-0.04959438,-0.05422399,-0.05894211,-0.06353389,-0.06818083,-0.07267804,-0.07719418,-0.08153264,-0.08584475,-0.08994365,-0.09395916,-0.09771235,-0.1012981,-0.1045376,-0.1074734,-0.1099216,-0.1118517,-0.1130715,-0.1134575,-0.1128301,-0.1109728,-0.1077849,-0.1029684,-0.09662207,-0.08844145,-0.07938062,-0.07124777,-0.06827768,-0.05194349,-0.01411587,-0.002746888,-0.0009249627,-0.0001443508,0.0002046031,0.0001865421
-0.001446633,-0.001245824,-0.0009453358,-0.0008749577,-0.0004057671,0.0004096829,0.003129463,0.006713273,0.01041855,0.01276855,0.01499066,0.01659672,0.01850013,0.02013067,0.02209554,0.02381507,0.02579121,0.02748985,0.02937639,0.03095625,0.03267387,0.03405797,0.03553986,0.03666395,0.03785654,0.03867226,0.03953556,0.04000511,0.04050617,0.0405991,0.04071354,0.04040939,0.04012157,0.03940675,0.0387067,0.03757462,0.03646102,0.03491426,0.03339321,0.03143961,0.02952145,0.02717411,0.02487573,0.02215449,0.01949807,0.01642659,0.01343788,0.01004422,0.006753821,0.003070222,-0.0004886073,-0.004428247,-0.0082204,-0.01237961,-0.01636727,-0.0207074,-0.02485099,-0.02933148,-0.03358924,-0.03816788,-0.04249742,-0.04713165,-0.05148881,-0.05613203,-0.06046743,-0.06506931,-0.06933209,-0.07384091,-0.07797489,-0.08232759,-0.0862596,-0.0903725,-0.09400351,-0.09775634,-0.1009318,-0.104126,-0.1065901,-0.1089075,-0.1102702,-0.1112517,-0.1109865,-0.1100702,-0.1076184,-0.1043245,-0.09937262,-0.09370395,-0.08685928,-0.08131669,-0.07938646,-0.07862664,-0.05662451,-0.0292651,-0.01246189,-0.00520813,-0.002891478,-0.001994874
-0.01546476,-0.01288268,-0.01050892,-0.008507561,-0.006113396,-0.003393687,0.0003247076,0.003794002,0.006949317,0.009042798,0.01097283,0.01260971,0.01446946,0.01623595,0.01821923,0.02008011,0.02207914,0.0239047,0.025805,0.02749486,0.02921424,0.0306944,0.03216814,0.03337952,0.03455737,0.03545655,0.03630209,0.03685631,0.03734069,0.03752455,0.03762741,0.03742504,0.03713459,0.03653681,0.03584665,0.03485035,0.03376165,0.03237184,0.03089257,0.02911914,0.02726111,0.02511834,0.02289877,0.02040651,0.01784715,0.01502855,0.01215404,0.00903563,0.005874397,0.002486098,-0.0009311035,-0.004557832,-0.008198786,-0.01203071,-0.01586138,-0.0198637,-0.02384866,-0.02798499,-0.03208712,-0.03631985,-0.04050174,-0.04479327,-0.04901652,-0.05332642,-0.05754876,-0.06183321,-0.0660102,-0.07022312,-0.07430562,-0.07839168,-0.0823163,-0.08620064,-0.0898779,-0.09344935,-0.09673931,-0.09981886,-0.1024962,-0.1048034,-0.1065309,-0.1076725,-0.108019,-0.107553,-0.1061192,-0.1037552,-0.100461,-0.09647677,-0.09217849,-0.08852407,-0.08761673,-0.08996461,-0.08605102,-0.06672587,-0.04664594,-0.03302349,-0.02429491,-0.01919823
-0.03490316,-0.02951139,-0.02479497,-0.02061943,-0.01637203,-0.0121082,-0.007658939,-0.003757022,-0.0006444895,0.001681402,0.003743753,0.005681651,0.007712183,0.009752638,0.01187669,0.01396603,0.01607154,0.01808779,0.02006685,0.02191797,0.0236945,0.02531467,0.02683139,0.02816982,0.02938303,0.03040238,0.03128087,0.03195427,0.03247501,0.03278277,0.03293003,0.03286025,0.03262592,0.03217348,0.03155525,0.03072055,0.02972198,0.02851159,0.02714203,0.02556741,0.02384023,0.02191666,0.01984928,0.01759614,0.0152097,0.01264947,0.009967737,0.007125524,0.004175043,0.001078555,-0.002112105,-0.005433765,-0.008834958,-0.01235153,-0.01593231,-0.01961226,-0.02334055,-0.02715128,-0.03099397,-0.03490208,-0.03882579,-0.04279791,-0.04676879,-0.05076994,-0.0547515,-0.05874376,-0.06269702,-0.06663999,-0.07052173,-0.07436704,-0.07812122,-0.08180232,-0.08534849,-0.08876581,-0.09197848,-0.09497296,-0.09765314,-0.09998185,-0.101843,-0.1031823,-0.1038798,-0.1038969,-0.1031623,-0.101726,-0.09967175,-0.09725601,-0.09486067,-0.09316924,-0.09333898,-0.09656161,-0.09799112,-0.0905384,-0.07715646,-0.06307977,-0.05085897,-0.04185183
-0.0549528,-0.04764906,-0.04119356,-0.03538939,-0.02985225,-0.02456103,-0.01954628,-0.01528389,-0.01177074,-0.008957602,-0.006436898,-0.004053116,-0.001649063,0.0007384896,0.003148317,0.005508203,0.007837807,0.01007288,0.01223326,0.0142671,0.01619467,0.01797265,0.01962037,0.02110134,0.02243431,0.02358885,0.02458277,0.02539023,0.02602779,0.02647398,0.0267446,0.0268223,0.02672194,0.02642952,0.02595891,0.02529961,0.02446483,0.02344727,0.02225916,0.0208958,0.01936843,0.01767509,0.01582616,0.01382217,0.01167233,0.009379385,0.00695137,0.004393328,0.001712136,-0.001085092,-0.003992907,-0.007002251,-0.01010917,-0.01330268,-0.01658043,-0.01992946,-0.02334901,-0.02682398,-0.03035539,-0.03392623,-0.03753968,-0.04117667,-0.04484226,-0.04851463,-0.05220061,-0.05587541,-0.05954779,-0.06318922,-0.06680967,-0.07037497,-0.07389443,-0.07732487,-0.08067168,-0.08387747,-0.08693943,-0.08978032,-0.09238581,-0.09465522,-0.09656543,-0.09799938,-0.09894828,-0.09931028,-0.09914577,-0.09843396,-0.09739449,-0.09620063,-0.0953403,-0.09517136,-0.096356,-0.09916826,-0.1029344,-0.1020505,-0.09514868,-0.08502376,-0.07376515,-0.06364036
-0.07290173,-0.06501405,-0.05778121,-0.05109557,-0.04483419,-0.03897846,-0.03363167,-0.02895541,-0.02505247,-0.02170461,-0.01868255,-0.01580041,-0.01298676,-0.0102062,-0.007475716,-0.004800213,-0.002210223,0.0002877119,0.002667775,0.004927483,0.00704647,0.009024783,0.01084582,0.01251125,0.01400767,0.01533814,0.01649204,0.01747319,0.01827318,0.01889631,0.0193363,0.019598,0.01967724,0.01957923,0.01930161,0.01884983,0.01822329,0.01742767,0.01646404,0.01533808,0.01405234,0.01261242,0.01102224,0.009287301,0.007412823,0.005404004,0.00326723,0.001007373,-0.00136803,-0.003854521,-0.006443563,-0.009131318,-0.01190835,-0.01477146,-0.01771029,-0.02072231,-0.02379621,-0.02693022,-0.0301121,-0.03334093,-0.03660369,-0.03990049,-0.04321732,-0.04655496,-0.04989793,-0.05324751,-0.05658652,-0.05991647,-0.06321749,-0.06648988,-0.06970888,-0.07287131,-0.07594432,-0.07891759,-0.08174558,-0.08440711,-0.08684119,-0.08901655,-0.09086096,-0.09234444,-0.09340164,-0.09403838,-0.0942454,-0.09413056,-0.09382505,-0.09361386,-0.09381672,-0.09486047,-0.09699181,-0.1002509,-0.1033839,-0.1051574,-0.1036222,-0.09824109,-0.09026377,-0.081444
-0.08568762,-0.07869741,-0.07183795,-0.06525954,-0.05898654,-0.05309905,-0.04768749,-0.04291866,-0.03871654,-0.03500816,-0.03159026,-0.0283452,-0.02518117,-0.02209354,-0.01906576,-0.01612756,-0.01327774,-0.01054689,-0.007933083,-0.005461126,-0.003126862,-0.0009504006,0.001073755,0.002929182,0.004622461,0.006140319,0.007489872,0.008660195,0.009658614,0.01047644,0.01112131,0.01158662,0.01188009,0.01199683,0.01194459,0.01172033,0.01133194,0.01077802,0.01006627,0.009196666,0.008176747,0.007007926,0.005697597,0.004248446,0.002667475,0.0009584836,-0.0008719224,-0.002818787,-0.004875965,-0.007037486,-0.00929781,-0.01165002,-0.01408928,-0.01660781,-0.01920157,-0.02186193,-0.02458559,-0.02736294,-0.03019153,-0.03306093,-0.03596983,-0.03890695,-0.04187196,-0.04485238,-0.04784867,-0.05084679,-0.05384772,-0.05683518,-0.05981005,-0.06275266,-0.06566236,-0.06851353,-0.07130107,-0.07398981,-0.07656758,-0.07898728,-0.08122922,-0.0832352,-0.08498368,-0.08641627,-0.08753255,-0.08830515,-0.08880142,-0.08908118,-0.08934088,-0.08979716,-0.09079968,-0.09259429,-0.09532323,-0.09866194,-0.1023501,-0.1047557,-0.105103,-0.1031034,-0.09863888,-0.09254933
-0.09285238,-0.087485,-0.08182248,-0.07607147,-0.07040779,-0.06495413,-0.05986127,-0.05518829,-0.05101471,-0.04720658,-0.04365363,-0.04023827,-0.03691881,-0.03365884,-0.03047454,-0.02736286,-0.02435297,-0.02144606,-0.01866798,-0.0160175,-0.01351524,-0.01115762,-0.00896118,-0.006920757,-0.005049703,-0.003341724,-0.001807507,-0.0004400828,0.0007519521,0.001775863,0.00262484,0.003306433,0.003815602,0.00416012,0.004336503,0.004352571,0.004206236,0.003905374,0.003449279,0.002845794,0.002095413,0.001205807,0.0001785731,-0.0009787998,-0.002263651,-0.003668786,-0.005190615,-0.006822324,-0.008559425,-0.01039553,-0.01232534,-0.01434306,-0.01644268,-0.01861907,-0.02086551,-0.02317754,-0.02554777,-0.02797249,-0.03044359,-0.03295816,-0.03550741,-0.03808941,-0.04069467,-0.04332211,-0.0459611,-0.04861104,-0.05125973,-0.05390675,-0.05653748,-0.05915065,-0.06172767,-0.06426479,-0.06673706,-0.06913582,-0.07142688,-0.07359514,-0.07559713,-0.07741512,-0.07900335,-0.08035483,-0.08143941,-0.08229138,-0.08293664,-0.08350168,-0.08412568,-0.08505805,-0.08653674,-0.08883411,-0.09198891,-0.09574915,-0.09906697,-0.1018246,-0.1034161,-0.1032098,-0.1011818,-0.09755952
-0.09478502,-0.09116052,-0.08698707,-0.08249678,-0.07784793,-0.07321647,-0.06873283,-0.06455375,-0.06065052,-0.05702247,-0.0535736,-0.05024022,-0.04696121,-0.04373374,-0.04054661,-0.03742541,-0.03437339,-0.03141892,-0.02856511,-0.02583549,-0.02323033,-0.02076816,-0.0184468,-0.01628078,-0.01426602,-0.01241379,-0.01071893,-0.009190315,-0.007822112,-0.006621088,-0.005580862,-0.004706392,-0.003991076,-0.003438381,-0.003041534,-0.002802459,-0.002714176,-0.002777267,-0.002984814,-0.003336282,-0.003824827,-0.004448737,-0.005201256,-0.006079669,-0.007077507,-0.008191182,-0.00941453,-0.01074309,-0.01217107,-0.01369328,-0.01530442,-0.0169986,-0.01877111,-0.02061545,-0.02252765,-0.02450064,-0.02653113,-0.02861137,-0.03073881,-0.03290513,-0.03510868,-0.03734055,-0.03959997,-0.04187725,-0.04417234,-0.04647436,-0.04878356,-0.05108717,-0.05338517,-0.05566207,-0.05791664,-0.06012891,-0.06229441,-0.06438625,-0.06639546,-0.06828769,-0.07005098,-0.07164673,-0.07306755,-0.07428258,-0.0753104,-0.07615446,-0.07689529,-0.07761054,-0.07847709,-0.07967809,-0.08146452,-0.08397453,-0.08722624,-0.09089878,-0.09476709,-0.09768453,-0.0994269,-0.1000864,-0.09946579,-0.0976465
-0.09322358,-0.09091099,-0.08805425,-0.08476934,-0.0812179,-0.07752831,-0.07385969,-0.07027767,-0.06689677,-0.06366646,-0.06054949,-0.05748229,-0.05444627,-0.0514144,-0.04840411,-0.04541454,-0.04247618,-0.03959394,-0.03679674,-0.03408771,-0.03149071,-0.02900578,-0.02665206,-0.02442702,-0.02234594,-0.02040437,-0.01861445,-0.01697033,-0.01548169,-0.01414188,-0.01295864,-0.01192473,-0.01104605,-0.01031489,-0.009735607,-0.009300253,-0.009011869,-0.008862331,-0.008853363,-0.008976731,-0.009233051,-0.009614177,-0.01011976,-0.01074175,-0.01147888,-0.0123233,-0.01327294,-0.01432033,-0.01546264,-0.01669278,-0.01800729,-0.01939961,-0.02086573,-0.0223997,-0.023997,-0.02565233,-0.02736071,-0.02911761,-0.03091748,-0.03275651,-0.03462864,-0.03653087,-0.03845664,-0.04040378,-0.04236484,-0.04433816,-0.04631494,-0.04829357,-0.05026317,-0.05222137,-0.05415406,-0.05605718,-0.05791195,-0.05971129,-0.06143017,-0.06305826,-0.06456577,-0.06594433,-0.06716771,-0.06824286,-0.069163,-0.06997519,-0.07072206,-0.07152446,-0.07250763,-0.07386534,-0.07576137,-0.0783598,-0.0816463,-0.08540749,-0.0888571,-0.09197908,-0.0943054,-0.0954827,-0.09563471,-0.09483091
-0.08913218,-0.08775315,-0.0858716,-0.08359788,-0.08101059,-0.07823294,-0.07535806,-0.07252324,-0.06972373,-0.06700031,-0.06431917,-0.06165641,-0.05897461,-0.05627683,-0.05355502,-0.05083345,-0.04811757,-0.04543655,-0.04279784,-0.04022759,-0.03773107,-0.03532979,-0.03302615,-0.03083725,-0.02876287,-0.02681641,-0.02499576,-0.02331142,-0.02175993,-0.02034928,-0.01907493,-0.0179428,-0.0169477,-0.0160939,-0.0153757,-0.01479573,-0.01434785,-0.01403331,-0.0138458,-0.01378543,-0.0138458,-0.01402588,-0.01431921,-0.01472386,-0.01523353,-0.01584549,-0.01655366,-0.01735454,-0.0182424,-0.01921312,-0.02026141,-0.0213826,-0.02257191,-0.02382421,-0.02513543,-0.02650004,-0.02791462,-0.02937317,-0.03087298,-0.03240762,-0.03397518,-0.03556876,-0.03718719,-0.03882296,-0.04047563,-0.04213674,-0.04380611,-0.04547365,-0.04713887,-0.04878937,-0.05042379,-0.05202625,-0.05359332,-0.05510434,-0.05655361,-0.05791627,-0.05918685,-0.0603404,-0.0613796,-0.06229082,-0.06310352,-0.06383626,-0.06457053,-0.06538147,-0.0664155,-0.06781109,-0.06973971,-0.0722683,-0.07537235,-0.07882184,-0.08254047,-0.08563022,-0.08789659,-0.08940791,-0.09005965,-0.08994335
-0.08365896,-0.0828478,-0.08162662,-0.08004217,-0.07818606,-0.07612246,-0.07395589,-0.07171657,-0.06950733,-0.0673063,-0.06510749,-0.06287848,-0.06061583,-0.05829955,-0.05594584,-0.05355301,-0.05114898,-0.04873929,-0.04635291,-0.0439958,-0.0416937,-0.03945041,-0.03728757,-0.03520642,-0.03322478,-0.03134163,-0.02957133,-0.02791098,-0.02637211,-0.02495049,-0.02365537,-0.02248147,-0.02143596,-0.02051267,-0.01971702,-0.01904229,-0.01849245,-0.01806035,-0.01774854,-0.01754953,-0.01746469,-0.01748648,-0.0176153,-0.01784358,-0.0181708,-0.0185895,-0.01909843,-0.01969041,-0.02036353,-0.02111095,-0.02193022,-0.022815,-0.02376238,-0.02476661,-0.02582437,-0.02693055,-0.0280815,-0.02927288,-0.03050066,-0.03176116,-0.03304991,-0.034364,-0.0356985,-0.03705124,-0.03841661,-0.03979291,-0.04117342,-0.04255653,-0.04393369,-0.04530269,-0.04665228,-0.04797915,-0.04926874,-0.05051625,-0.05170325,-0.05282411,-0.0538587,-0.05480608,-0.05565254,-0.05641386,-0.05709579,-0.05774953,-0.05842055,-0.05921496,-0.06023341,-0.06161811,-0.06347324,-0.06589557,-0.06885532,-0.07219783,-0.07534395,-0.07840032,-0.08097085,-0.08270672,-0.08368474,-0.08395912
-0.07707267,-0.07668595,-0.07591282,-0.07483873,-0.07350729,-0.07199726,-0.07035432,-0.0686757,-0.06694316,-0.06519733,-0.06342483,-0.06161816,-0.05975129,-0.05782924,-0.05584292,-0.05381212,-0.05173917,-0.04964978,-0.04755041,-0.04546627,-0.04340366,-0.04138491,-0.03941449,-0.03751121,-0.0356773,-0.03392816,-0.03226411,-0.03069761,-0.0292274,-0.02786326,-0.02660251,-0.0254527,-0.02441015,-0.02348053,-0.02265939,-0.0219506,-0.02134898,-0.02085693,-0.02046886,-0.02018595,-0.02000232,-0.01991797,-0.01992686,-0.02002802,-0.02021549,-0.02048754,-0.02083833,-0.02126541,-0.02176325,-0.02232885,-0.02295709,-0.0236445,-0.02438645,-0.02517912,-0.02601852,-0.02690055,-0.02782189,-0.02877808,-0.02976652,-0.03078244,-0.03182399,-0.03288599,-0.03396728,-0.03506215,-0.03617007,-0.03728458,-0.03840547,-0.03952487,-0.04064238,-0.04174819,-0.04284132,-0.04390923,-0.04494979,-0.04594731,-0.04689912,-0.04778772,-0.04861282,-0.04935924,-0.05003626,-0.05064073,-0.05120674,-0.05175843,-0.05237098,-0.05310829,-0.05408525,-0.05539972,-0.05716499,-0.05940477,-0.06207959,-0.06502804,-0.06827472,-0.07111049,-0.07341602,-0.07523289,-0.07642182,-0.07702071
-0.07001797,-0.06988749,-0.06942686,-0.06867609,-0.06771232,-0.06657657,-0.06534296,-0.06401505,-0.062675,-0.06130368,-0.05990082,-0.05844495,-0.0569375,-0.05536027,-0.05372554,-0.05202767,-0.05028861,-0.04851015,-0.046717,-0.04491333,-0.04312275,-0.04134899,-0.03961313,-0.03791741,-0.03628001,-0.03470146,-0.03319697,-0.03176536,-0.03041917,-0.02915585,-0.02798569,-0.02690498,-0.02592183,-0.02503147,-0.02424017,-0.02354242,-0.02294297,-0.0224357,-0.02202388,-0.0217009,-0.0214688,-0.0213208,-0.02125795,-0.02127335,-0.02136717,-0.02153254,-0.02176891,-0.02206966,-0.02243366,-0.0228546,-0.02333087,-0.02385664,-0.02442996,-0.02504556,-0.02570116,-0.02639213,-0.02711597,-0.02786881,-0.02864788,-0.02945001,-0.03027206,-0.0311116,-0.0319651,-0.0328308,-0.03370459,-0.03458516,-0.03546749,-0.03635046,-0.03722753,-0.03809719,-0.0389507,-0.03978595,-0.04059187,-0.04136601,-0.04209517,-0.04277778,-0.04340097,-0.04396928,-0.04447731,-0.04494567,-0.04538608,-0.04584849,-0.04637426,-0.04705196,-0.04795726,-0.0491908,-0.05081429,-0.05288389,-0.05536778,-0.05815306,-0.06078896,-0.06346534,-0.06587168,-0.06769907,-0.06898385,-0.06972995
-0.06253367,-0.06261837,-0.06238092,-0.06189661,-0.06120101,-0.06036006,-0.05940201,-0.05840528,-0.05734406,-0.05625381,-0.05512804,-0.05396498,-0.05274318,-0.05146712,-0.05012528,-0.04873213,-0.04728507,-0.04580423,-0.0442919,-0.04276928,-0.04124005,-0.03972419,-0.03822494,-0.03676002,-0.03533138,-0.03395418,-0.03262904,-0.0313687,-0.03017244,-0.02905066,-0.02800133,-0.02703271,-0.02614179,-0.02533504,-0.02460858,-0.02396711,-0.02340597,-0.02292835,-0.02252914,-0.02221029,-0.02196633,-0.02179805,-0.02169977,-0.02167135,-0.02170713,-0.02180625,-0.02196316,-0.02217638,-0.02244061,-0.02275391,-0.0231114,-0.02351076,-0.02394762,-0.02441937,-0.02492231,-0.02545363,-0.02601032,-0.02658932,-0.02718833,-0.0278041,-0.02843511,-0.02907779,-0.02973127,-0.0303915,-0.03105824,-0.03172682,-0.03239733,-0.03306395,-0.03372677,-0.03437842,-0.03501873,-0.03563826,-0.0362364,-0.03680169,-0.0373342,-0.03782227,-0.03826971,-0.03866841,-0.03903188,-0.03936314,-0.03969716,-0.0400584,-0.0405127,-0.04111048,-0.04193915,-0.0430648,-0.0445608,-0.04642609,-0.04861709,-0.05101847,-0.05371169,-0.05610857,-0.05815524,-0.05990501,-0.0612167,-0.06209152
-0.05509573,-0.05528807,-0.05520963,-0.05488805,-0.05438974,-0.05374572,-0.05301797,-0.05220081,-0.05136695,-0.05050056,-0.0496042,-0.04866283,-0.04768074,-0.04664114,-0.04555354,-0.04440904,-0.04322426,-0.04199667,-0.04074587,-0.03947246,-0.03819609,-0.03691807,-0.03565669,-0.03441279,-0.03320276,-0.03202644,-0.03089798,-0.02981602,-0.02879252,-0.02782505,-0.02692363,-0.02608485,-0.02531677,-0.02461501,-0.02398591,-0.0234244,-0.02293538,-0.02251319,-0.02216133,-0.02187365,-0.02165249,-0.02149152,-0.02139216,-0.02134797,-0.02135956,-0.02142052,-0.02153084,-0.02168438,-0.02188064,-0.0221138,-0.02238299,-0.02268291,-0.02301242,-0.02336684,-0.0237448,-0.02414226,-0.02455776,-0.02498803,-0.02543145,-0.0258855,-0.02634828,-0.02681801,-0.02729253,-0.02777071,-0.02824989,-0.02872942,-0.02920586,-0.0296789,-0.03014389,-0.03060039,-0.03104204,-0.03146827,-0.03187116,-0.03225062,-0.03259775,-0.03291444,-0.03319333,-0.03344296,-0.03366341,-0.03387764,-0.03409965,-0.03437544,-0.03473973,-0.0352644,-0.03600394,-0.03702822,-0.03837075,-0.04006393,-0.04207882,-0.0443301,-0.04644759,-0.04866816,-0.05074219,-0.05240496,-0.05368494,-0.05456578
-0.04763107,-0.04792794,-0.04796208,-0.04779395,-0.04744804,-0.04697963,-0.04640712,-0.04579956,-0.04512966,-0.04443108,-0.04370286,-0.04294794,-0.04214922,-0.04131223,-0.04042491,-0.03949882,-0.03852802,-0.03752835,-0.03649831,-0.03545508,-0.03439908,-0.03334709,-0.0322998,-0.03127258,-0.03026552,-0.02929213,-0.02835173,-0.02745594,-0.02660317,-0.02580308,-0.02505304,-0.0243609,-0.02372325,-0.02314636,-0.02262609,-0.02216711,-0.02176461,-0.02142189,-0.02113374,-0.02090238,-0.02072228,-0.02059462,-0.02051369,-0.02047987,-0.02048752,-0.02053641,-0.02062107,-0.02074072,-0.02089024,-0.0210685,-0.02127084,-0.02149586,-0.02173945,-0.02200008,-0.02227435,-0.02256062,-0.02285622,-0.02315938,-0.02346821,-0.02378084,-0.02409619,-0.0244122,-0.02472846,-0.02504255,-0.0253547,-0.02566198,-0.02596504,-0.02626001,-0.02654773,-0.02682316,-0.02708727,-0.02733351,-0.02756296,-0.02776791,-0.0279509,-0.028105,-0.02823715,-0.02834439,-0.02844281,-0.02853896,-0.02866666,-0.02884834,-0.0291401,-0.02957989,-0.03023324,-0.03114344,-0.03235766,-0.03386169,-0.03561241,-0.03752589,-0.03971503,-0.04166974,-0.04338092,-0.04491558,-0.04614365,-0.04705373
-0.04048952,-0.04082014,-0.04093605,-0.04085276,-0.04062483,-0.04027331,-0.03985045,-0.03934483,-0.03882298,-0.03827205,-0.03769693,-0.03708774,-0.0364519,-0.03577523,-0.03506677,-0.03431668,-0.03353858,-0.03272738,-0.03189897,-0.03105116,-0.03020015,-0.02934478,-0.02850042,-0.02766591,-0.02685526,-0.02606679,-0.02531274,-0.0245906,-0.02391083,-0.02327016,-0.02267744,-0.02212863,-0.02163091,-0.02117943,-0.02077988,-0.02042689,-0.0201249,-0.01986805,-0.01965955,-0.01949316,-0.01937109,-0.01928701,-0.01924235,-0.01923076,-0.01925298,-0.01930279,-0.01938045,-0.01948007,-0.01960156,-0.01973945,-0.01989338,-0.02005849,-0.02023429,-0.02041659,-0.0206048,-0.02079545,-0.02098797,-0.02117972,-0.02137011,-0.02155728,-0.02174049,-0.02191869,-0.02209097,-0.02225699,-0.02241546,-0.02256658,-0.02270846,-0.02284174,-0.02296362,-0.02307488,-0.02317147,-0.02325447,-0.02331889,-0.02336686,-0.02339322,-0.02340266,-0.02339209,-0.02337281,-0.02334855,-0.02334302,-0.02337055,-0.02347236,-0.02367624,-0.02403998,-0.02460172,-0.02540961,-0.02647959,-0.02783052,-0.02943833,-0.03123605,-0.03290703,-0.03471411,-0.03644725,-0.03787723,-0.03903338,-0.03989337
-0.03351767,-0.0339043,-0.03408128,-0.03409744,-0.03396751,-0.03373718,-0.03341661,-0.03306719,-0.03266035,-0.0322277,-0.03177157,-0.03129814,-0.03079393,-0.0302662,-0.02970375,-0.02911718,-0.02849913,-0.02786304,-0.02720505,-0.02653963,-0.02586473,-0.02519459,-0.02452767,-0.02387712,-0.0232411,-0.02263129,-0.02204533,-0.02149336,-0.02097237,-0.02049081,-0.02004488,-0.01964146,-0.01927614,-0.01895446,-0.01867144,-0.01843124,-0.01822832,-0.01806568,-0.01793753,-0.01784592,-0.01778489,-0.0177556,-0.01775202,-0.01777466,-0.01781769,-0.01788115,-0.01795945,-0.01805228,-0.01815446,-0.01826549,-0.01838075,-0.0184996,-0.01861808,-0.01873551,-0.01884876,-0.0189572,-0.01905846,-0.01915192,-0.01923607,-0.01931033,-0.01937405,-0.01942659,-0.01946804,-0.01949752,-0.01951584,-0.01952175,-0.01951659,-0.01949839,-0.01946886,-0.0194252,-0.01936959,-0.01929822,-0.01921384,-0.01911208,-0.01899765,-0.0188675,-0.01873089,-0.01858867,-0.01845823,-0.01834809,-0.01828995,-0.01830343,-0.01843581,-0.01871479,-0.01918949,-0.0198877,-0.02083983,-0.02202564,-0.02340442,-0.02491471,-0.02668666,-0.02826286,-0.02966515,-0.03096959,-0.03205805,-0.03291519
-0.02698642,-0.02738042,-0.02760786,-0.02767547,-0.02762832,-0.02747953,-0.02727341,-0.02699403,-0.02670241,-0.02638689,-0.02605304,-0.0256941,-0.02531954,-0.02491746,-0.02449714,-0.02404885,-0.02358469,-0.0230983,-0.02260328,-0.02209565,-0.02158922,-0.02108102,-0.02058416,-0.02009582,-0.01962799,-0.01917752,-0.01875489,-0.01835627,-0.01799063,-0.01765354,-0.01735256,-0.01708267,-0.01684993,-0.01664869,-0.01648371,-0.01634893,-0.01624804,-0.01617465,-0.01613139,-0.01611162,-0.01611712,-0.01614128,-0.01618528,-0.01624259,-0.01631388,-0.01639285,-0.01647983,-0.01656898,-0.01666044,-0.01674888,-0.01683432,-0.01691215,-0.01698241,-0.01704125,-0.01708876,-0.01712191,-0.01714091,-0.01714367,-0.01713052,-0.01710022,-0.01705311,-0.01698881,-0.01690762,-0.01680997,-0.01669592,-0.01656653,-0.01642144,-0.01626231,-0.01608813,-0.01590095,-0.01569889,-0.01548465,-0.01525594,-0.01501691,-0.01476557,-0.01450889,-0.01424709,-0.01399332,-0.01375367,-0.01355164,-0.01340094,-0.01333802,-0.01338462,-0.01358728,-0.01397226,-0.01457286,-0.0153946,-0.01644896,-0.01771734,-0.01914532,-0.02045417,-0.02192105,-0.02336118,-0.02457335,-0.02558943,-0.02638601
-0.0207067,-0.02114142,-0.02141167,-0.02155742,-0.02158595,-0.02153538,-0.0214097,-0.02126409,-0.02106861,-0.02085252,-0.02061944,-0.02037711,-0.02011423,-0.01983921,-0.01954167,-0.01923183,-0.01890168,-0.01856317,-0.01821101,-0.0178578,-0.01749982,-0.01714945,-0.01680347,-0.01647332,-0.0161556,-0.01586044,-0.01558405,-0.01533523,-0.01510964,-0.01491457,-0.014745,-0.01460684,-0.01449457,-0.0144129,-0.01435589,-0.01432701,-0.0143199,-0.01433702,-0.01437186,-0.01442613,-0.01449323,-0.01457416,-0.01466237,-0.01475836,-0.01485588,-0.01495512,-0.01505022,-0.01514112,-0.01522251,-0.01529429,-0.01535181,-0.01539501,-0.01541997,-0.01542677,-0.0154124,-0.0153771,-0.01531878,-0.01523781,-0.01513302,-0.01500498,-0.01485348,-0.01467916,-0.01448263,-0.01426444,-0.01402602,-0.01376773,-0.01349163,-0.01319757,-0.01288822,-0.01256289,-0.01222495,-0.01187315,-0.01151177,-0.01113941,-0.01076261,-0.0103815,-0.01000705,-0.009642856,-0.009306854,-0.009008525,-0.008777087,-0.00862933,-0.008605096,-0.008724243,-0.009023909,-0.009521769,-0.01023774,-0.01114962,-0.0122198,-0.01340373,-0.01484057,-0.01611034,-0.01725749,-0.0183628,-0.01931872,-0.02010913
-0.01490787,-0.01534445,-0.01565561,-0.01584153,-0.01593964,-0.01595701,-0.01593165,-0.01584435,-0.01575137,-0.01564129,-0.0155194,-0.01538054,-0.01523509,-0.01507256,-0.01490233,-0.01471481,-0.01452107,-0.01431392,-0.01410531,-0.01389004,-0.01368009,-0.01347116,-0.01327461,-0.01308632,-0.01291668,-0.01276132,-0.01262926,-0.0125156,-0.01242793,-0.01236087,-0.01232077,-0.0123017,-0.01230868,-0.01233524,-0.01238523,-0.01245188,-0.01253812,-0.01263695,-0.01275036,-0.01287122,-0.01300085,-0.01313222,-0.0132662,-0.01339597,-0.013522,-0.01363784,-0.01374378,-0.01383392,-0.0139085,-0.01396225,-0.01399545,-0.01400364,-0.01398728,-0.01394278,-0.01387077,-0.01376859,-0.01363715,-0.01347482,-0.01328278,-0.01306033,-0.01280879,-0.01252843,-0.01222069,-0.01188675,-0.01152795,-0.01114623,-0.0107427,-0.01032006,-0.009879015,-0.00942286,-0.00895179,-0.008470011,-0.007977669,-0.007480695,-0.0069798,-0.006483762,-0.005995399,-0.005529009,-0.005092208,-0.004707749,-0.004388324,-0.004166076,-0.004057781,-0.004101325,-0.004314666,-0.00472109,-0.005320288,-0.006119886,-0.007106679,-0.008234861,-0.009254316,-0.01044987,-0.01165255,-0.01268404,-0.01357879,-0.01431414
-0.009389653,-0.009863909,-0.01021283,-0.01046933,-0.01063487,-0.0107414,-0.01078821,-0.01082533,-0.01082164,-0.01080417,-0.01077676,-0.01074763,-0.01070664,-0.01066271,-0.01060593,-0.01054613,-0.01047475,-0.01040264,-0.01032335,-0.01024806,-0.01017169,-0.01010513,-0.0100438,-0.009997782,-0.009962342,-0.009946385,-0.009944887,-0.009965538,-0.01000285,-0.01006314,-0.01014032,-0.01023943,-0.01035398,-0.01048793,-0.01063444,-0.01079637,-0.01096654,-0.01114693,-0.0113303,-0.01151802,-0.01170286,-0.01188559,-0.01205914,-0.01222394,-0.01237331,-0.01250748,-0.01262029,-0.01271187,-0.01277669,-0.01281499,-0.01282202,-0.01279819,-0.0127396,-0.01264693,-0.01251728,-0.01235167,-0.01214818,-0.01190813,-0.01163064,-0.01131733,-0.0109684,-0.01058568,-0.01017031,-0.009724201,-0.0092494,-0.008747797,-0.008222235,-0.007674319,-0.007107641,-0.006523554,-0.00592659,-0.005317843,-0.004702989,-0.004083266,-0.003466691,-0.002856074,-0.002263533,-0.001694767,-0.001167688,-0.000692223,-0.0002950652,9.490685e-06,0.0001876918,0.0002254353,9.420729e-05,-0.0002172962,-0.0007223666,-0.001399108,-0.002212964,-0.003132637,-0.004301145,-0.005326328,-0.006270425,-0.007215437,-0.008062896,-0.008797255
-0.004355361,-0.004832504,-0.005220091,-0.005513353,-0.005743441,-0.005912635,-0.006053693,-0.00614493,-0.006238499,-0.006322622,-0.006401965,-0.006472057,-0.006543458,-0.006606495,-0.00667033,-0.006725415,-0.006781877,-0.006831868,-0.006885942,-0.006937855,-0.006998071,-0.007061146,-0.007136971,-0.007220316,-0.007320194,-0.007431203,-0.007561126,-0.007704081,-0.007866575,-0.008042314,-0.008236652,-0.008442855,-0.008665053,-0.008896033,-0.00913887,-0.009386134,-0.009640086,-0.009893146,-0.01014678,-0.01039334,-0.01063372,-0.01086051,-0.01107426,-0.01126784,-0.01144156,-0.01158873,-0.01170961,-0.01179818,-0.01185476,-0.01187407,-0.01185662,-0.01179803,-0.01169912,-0.01155649,-0.01137129,-0.01114113,-0.01086759,-0.01054942,-0.01018859,-0.009784918,-0.009340669,-0.008856709,-0.008335602,-0.007779229,-0.007190234,-0.006571386,-0.005925295,-0.005255636,-0.004564852,-0.003857417,-0.003135509,-0.002404735,-0.001667474,-0.0009311822,-0.0001989255,0.0005191228,0.001218063,0.001882934,0.002505087,0.003062819,0.003544479,0.003921704,0.004181548,0.004292721,0.004242946,0.004015704,0.003614265,0.003033025,0.002280233,0.001395906,0.0006074137,-0.0003736368,-0.00138761,-0.002275792,-0.00307467,-0.00376319
0.0003982169,-0.0001169451,-0.0005411897,-0.0009017261,-0.001195449,-0.001449184,-0.001658505,-0.001868993,-0.002048457,-0.002221879,-0.002392724,-0.002569052,-0.002741272,-0.00291839,-0.003090629,-0.003267378,-0.003439559,-0.003617044,-0.003792383,-0.00397552,-0.004160164,-0.004355952,-0.00455707,-0.004772392,-0.004996023,-0.005235784,-0.005485552,-0.005752057,-0.006028788,-0.006321213,-0.006622297,-0.006936342,-0.007255979,-0.007584545,-0.007914376,-0.008247822,-0.008576949,-0.008903342,-0.00921909,-0.009525249,-0.009814021,-0.01008598,-0.01033356,-0.0105571,-0.0107495,-0.01091106,-0.01103526,-0.01112243,-0.01116677,-0.01116884,-0.01112375,-0.01103234,-0.01089066,-0.01069998,-0.01045745,-0.01016481,-0.009820324,-0.009426149,-0.008981693,-0.0084896,-0.007950454,-0.007367268,-0.006741686,-0.006076969,-0.005375811,-0.004641625,-0.003878037,-0.003088393,-0.002277236,-0.001447892,-0.0006060157,0.0002450917,0.001098492,0.001950583,0.002792116,0.003618024,0.004415394,0.005176902,0.005884971,0.006529476,0.007086114,0.007542623,0.007870174,0.00805877,0.008086135,0.007944866,0.007625971,0.00714991,0.006548632,0.005842753,0.00488897,0.004057823,0.003272287,0.002451967,0.00168746,0.0009932483
0.004689177,0.004168285,0.003705555,0.003309371,0.002953812,0.00264033,0.002340681,0.002078435,0.001805087,0.001533129,0.00125872,0.0009861217,0.0007050579,0.0004248166,0.0001366326,-0.0001498611,-0.0004439204,-0.0007370803,-0.001038682,-0.001341555,-0.001654822,-0.001972013,-0.002301701,-0.002637644,-0.00298763,-0.003345302,-0.003717337,-0.004096971,-0.004489721,-0.004888484,-0.005297732,-0.005709989,-0.006128611,-0.00654571,-0.00696369,-0.007374513,-0.007779867,-0.008171634,-0.008550808,-0.008909273,-0.009247569,-0.009557865,-0.009840466,-0.01008792,-0.01030038,-0.01047092,-0.01059976,-0.01068072,-0.01071421,-0.01069487,-0.01062344,-0.01049557,-0.01031243,-0.01007074,-0.009772153,-0.009414517,-0.009000065,-0.008527888,-0.008000768,-0.007418973,-0.006785748,-0.006102557,-0.005373099,-0.004599984,-0.003787169,-0.002938289,-0.002057466,-0.001149393,-0.0002182354,0.0007303561,0.001692268,0.002660588,0.003630839,0.004594238,0.005545625,0.006473736,0.007371935,0.008224926,0.009023308,0.009746537,0.01038387,0.01091019,0.01131541,0.0115733,0.0116754,0.01160987,0.01138127,0.01098515,0.01042542,0.009738513,0.009132829,0.008319319,0.007452828,0.006674604,0.005946887,0.005288829
0.008720536,0.008160116,0.007660426,0.007198907,0.006782081,0.006387477,0.006022354,0.005645116,0.005288878,0.004930486,0.004567229,0.004191575,0.003812936,0.003422542,0.003030194,0.002627041,0.002222642,0.001808031,0.001391527,0.0009642957,0.000533689,9.122527e-05,-0.0003561793,-0.0008163013,-0.001282178,-0.001760637,-0.002244547,-0.002739756,-0.003238809,-0.003746408,-0.004254643,-0.004767152,-0.005275762,-0.005783241,-0.006281178,-0.006771455,-0.007245456,-0.007704395,-0.008139741,-0.008552274,-0.008933635,-0.009284223,-0.009595972,-0.009869149,-0.01009624,-0.01027756,-0.01040625,-0.01048277,-0.01050109,-0.01046201,-0.01036049,-0.01019775,-0.009969799,-0.009678432,-0.009320858,-0.008899503,-0.008412801,-0.007863764,-0.007252094,-0.006581455,-0.005852862,-0.005070524,-0.004236649,-0.003355877,-0.002431604,-0.00146881,-0.0004719705,0.0005538039,0.001602976,0.002670259,0.003748888,0.004833441,0.005915814,0.006990223,0.008046387,0.009077257,0.01006939,0.01101412,0.01189439,0.01269996,0.0134087,0.01400992,0.01447879,0.01480819,0.01498045,0.0149905,0.01483232,0.01452447,0.01409692,0.0135615,0.01277734,0.0120974,0.01143191,0.01070447,0.009998759,0.009328127
0.01232911,0.01175902,0.0112199,0.01072262,0.01024562,0.009793154,0.009340907,0.008913787,0.008466572,0.008012659,0.00754907,0.007080134,0.006596155,0.006106292,0.005602319,0.005094023,0.004572986,0.004048223,0.003511484,0.002970756,0.002418119,0.001860964,0.001291913,0.0007181375,0.0001329698,-0.0004563439,-0.001055463,-0.001656797,-0.002264953,-0.002872064,-0.003481797,-0.004085972,-0.004687235,-0.005277057,-0.005857227,-0.006419119,-0.006963899,-0.007482913,-0.007976724,-0.008436739,-0.008863153,-0.009247713,-0.009590474,-0.009883625,-0.01012717,-0.01031388,-0.01044395,-0.01051098,-0.01051545,-0.0104519,-0.01032126,-0.01011916,-0.009847146,-0.009502014,-0.009085935,-0.008596984,-0.008038062,-0.007408625,-0.006712301,-0.005949861,-0.005125585,-0.004241586,-0.003302776,-0.002312556,-0.001276285,-0.0001985353,0.0009149752,0.002058486,0.00322605,0.004410836,0.005606793,0.006805762,0.008001252,0.009183304,0.01034483,0.01147371,0.0125618,0.01359367,0.01455933,0.01543941,0.01622388,0.01689041,0.01743099,0.01782336,0.01806162,0.01813735,0.01805539,0.01781222,0.01740807,0.01687754,0.01641253,0.0157257,0.01497034,0.0142716,0.01359139,0.01294689
0.01571429,0.015102,0.01452425,0.01396232,0.01342517,0.01289401,0.01237817,0.01183967,0.01131231,0.01077454,0.01022459,0.009655675,0.009077217,0.008480893,0.007876622,0.007256157,0.006629498,0.005988526,0.005342313,0.004683035,0.004018971,0.003342695,0.002662109,0.001970455,0.001275665,0.0005718456,-0.0001329454,-0.0008437185,-0.001552149,-0.002262199,-0.002965149,-0.003663997,-0.004349807,-0.005024795,-0.005679837,-0.006316348,-0.006925051,-0.00750678,-0.008052387,-0.008562353,-0.009027747,-0.009448752,-0.009816793,-0.01013201,-0.01038645,-0.0105804,-0.01070662,-0.01076567,-0.01075124,-0.01066437,-0.01049981,-0.01025919,-0.009938441,-0.009539899,-0.009060854,-0.00850444,-0.007869312,-0.007159379,-0.006374719,-0.005520086,-0.004597019,-0.003611011,-0.002564943,-0.001464928,-0.0003151789,0.0008776621,0.002108169,0.003369391,0.004654733,0.005956926,0.007268084,0.008580707,0.0098856,0.01117492,0.01243751,0.01366453,0.0148422,0.01596071,0.01700362,0.01796055,0.0188114,0.0195466,0.02014468,0.02060049,0.02089991,0.02103922,0.02101471,0.02084292,0.02055255,0.02014804,0.01949323,0.01892599,0.01834536,0.01768109,0.01701051,0.0163461
0.01872767,0.01810031,0.01748073,0.01688135,0.01628425,0.01569571,0.01509484,0.01450736,0.01389101,0.01326017,0.01261264,0.01195296,0.01127218,0.01057948,0.009867256,0.00914548,0.008406551,0.007659962,0.006898465,0.00613075,0.00534999,0.004564394,0.003767675,0.00296785,0.00215929,0.001350064,0.0005354676,-0.0002761299,-0.001088476,-0.001892973,-0.002692514,-0.003478232,-0.004252085,-0.005004898,-0.005737856,-0.006441726,-0.007117144,-0.00775489,-0.008355072,-0.008908569,-0.009415203,-0.00986624,-0.01026144,-0.01059259,-0.01085947,-0.01105454,-0.01117789,-0.01122287,-0.01119004,-0.01107376,-0.0108752,-0.01058996,-0.01021996,-0.009762129,-0.009219201,-0.008589537,-0.007876799,-0.007080887,-0.006206391,-0.005254698,-0.004231249,-0.003138924,-0.001983994,-0.0007707684,0.0004938427,0.001804228,0.003152946,0.004533098,0.005936878,0.00735625,0.008783206,0.01020839,0.01162336,0.01301709,0.01438073,0.01570147,0.0169698,0.0181704,0.01929269,0.02031852,0.02123839,0.02203241,0.02269405,0.0232043,0.023559,0.02375237,0.02378905,0.02366652,0.02338194,0.02296953,0.02260622,0.02200855,0.02133047,0.02068188,0.02002539,0.01937629
0.02155981,0.02088609,0.02022444,0.01955939,0.01890146,0.01823508,0.01757092,0.01687433,0.01617951,0.01546626,0.01473386,0.01397635,0.01320324,0.0124068,0.01159709,0.01076652,0.009925473,0.009066645,0.00819974,0.007317878,0.006430129,0.005530056,0.004626425,0.003713442,0.002799912,0.001880837,0.000965127,4.858992e-05,-0.000859631,-0.001762763,-0.002651307,-0.003527603,-0.004381965,-0.005216021,-0.006019927,-0.006794579,-0.007530019,-0.008226629,-0.00887461,-0.00947406,-0.01001543,-0.01049862,-0.01091449,-0.01126298,-0.01153564,-0.01173269,-0.0118465,-0.01187768,-0.01181963,-0.01167363,-0.01143428,-0.01110361,-0.01067756,-0.01015908,-0.009545631,-0.008841158,-0.008044672,-0.007161107,-0.006191074,-0.00514056,-0.004011797,-0.002811711,-0.001544023,-0.0002164668,0.001165772,0.002594266,0.004062521,0.005561668,0.007083989,0.008620203,0.01016131,0.01169777,0.01321938,0.01471636,0.01617682,0.01759031,0.01894289,0.02022374,0.02141713,0.02251256,0.02349177,0.02434607,0.02505682,0.02562026,0.02602515,0.02626857,0.02634881,0.02628045,0.02609156,0.02578032,0.02521721,0.02472628,0.02419691,0.02356672,0.02290708,0.02222994
0.02407184,0.02337597,0.02266835,0.02196215,0.02124264,0.02051737,0.01976853,0.0190221,0.01823862,0.01743333,0.01660476,0.01575764,0.01488391,0.01399279,0.0130774,0.01214787,0.01119741,0.01023591,0.009257073,0.008270173,0.007269406,0.006263689,0.005247765,0.004230404,0.00320697,0.002186294,0.001164599,0.0001509927,-0.0008574158,-0.001851309,-0.002832789,-0.003792287,-0.004731033,-0.005639174,-0.006517231,-0.007355315,-0.008153458,-0.008901806,-0.00959993,-0.01023811,-0.01081571,-0.01132346,-0.01176076,-0.0121189,-0.01239746,-0.0125885,-0.01269203,-0.01270115,-0.0126165,-0.01243235,-0.01215014,-0.01176553,-0.01128093,-0.01069353,-0.01000678,-0.00921946,-0.008336186,-0.007357475,-0.006289078,-0.005133167,-0.003896551,-0.002583043,-0.001200466,0.0002458083,0.001747162,0.003296827,0.004885532,0.006505177,0.008146044,0.009798899,0.01145379,0.01310024,0.01472793,0.01632497,0.01788083,0.01938226,0.02081854,0.02217459,0.02343938,0.02459598,0.02563526,0.02653957,0.02730346,0.02791069,0.0283583,0.02864274,0.02876823,0.02873341,0.02853299,0.02820188,0.02790296,0.02735882,0.02672534,0.0260977,0.02544031,0.02476664
0.02643946,0.02569157,0.02493654,0.02416178,0.02337869,0.02257449,0.0217606,0.02090551,0.02004345,0.01915544,0.01824175,0.01729735,0.01633178,0.01533803,0.01432627,0.01328964,0.01223881,0.01116729,0.01008532,0.00898691,0.007881805,0.006764525,0.005644587,0.004517144,0.003391786,0.00226442,0.001144745,2.942364e-05,-0.001071614,-0.002160799,-0.003227853,-0.004274375,-0.005289905,-0.00627538,-0.007220193,-0.008124612,-0.008977936,-0.00977998,-0.01052023,-0.0111983,-0.01180398,-0.01233676,-0.01278695,-0.01315422,-0.01342965,-0.01361335,-0.01369734,-0.01368235,-0.01356159,-0.01333662,-0.01300207,-0.01256048,-0.01200799,-0.01134832,-0.01057934,-0.009705975,-0.008727843,-0.007651102,-0.006477132,-0.005213351,-0.003862908,-0.002434336,-0.000932394,0.0006334195,0.002256803,0.003927452,0.005637724,0.0073768,0.009135821,0.01090354,0.01266988,0.0144234,0.016153,0.01784714,0.01949339,0.0210799,0.02259275,0.02402029,0.0253476,0.02656407,0.02765325,0.02860706,0.02940944,0.03005758,0.03054274,0.03086244,0.03101685,0.03101877,0.03089617,0.03064181,0.03013449,0.02968482,0.02917399,0.02854894,0.02787519,0.02716458
0.02852795,0.02774937,0.02694268,0.02612121,0.02527304,0.0244064,0.0235063,0.0225985,0.02164619,0.02066538,0.01965519,0.01862055,0.01755435,0.01646585,0.01534897,0.01421393,0.01305479,0.01188176,0.01068945,0.009487652,0.008271538,0.007050645,0.005820727,0.00459124,0.003358546,0.002132198,0.0009093792,-0.0003000647,-0.00149811,-0.002674689,-0.003831027,-0.004956795,-0.006052393,-0.007107215,-0.008121007,-0.009083143,-0.009992938,-0.01083982,-0.01162274,-0.0123313,-0.01296437,-0.01351208,-0.01397347,-0.01433938,-0.01460915,-0.01477457,-0.01483562,-0.0147853,-0.01462445,-0.01434743,-0.01395613,-0.01344651,-0.01282169,-0.01207934,-0.01122389,-0.01025481,-0.009177906,-0.007994568,-0.006711941,-0.005333211,-0.003866757,-0.002317515,-0.0006950154,0.0009941789,0.002739642,0.004533395,0.006364304,0.008223085,0.01009814,0.01197914,0.01385428,0.01571215,0.01754071,0.01932742,0.0210603,0.0227259,0.0243125,0.02580545,0.02719335,0.02846059,0.02959831,0.03059098,0.03143391,0.03211339,0.03262724,0.03297396,0.03315717,0.03317697,0.03302604,0.03274078,0.03247046,0.03194597,0.03132541,0.03068978,0.03000626,0.02928655
0.03049306,0.02965588,0.0287951,0.02790078,0.02698458,0.02603628,0.02506753,0.02404989,0.02301718,0.02195161,0.02085437,0.01972139,0.0185622,0.01737059,0.0161568,0.01491477,0.01365539,0.01237303,0.01107832,0.009766215,0.008447023,0.007116247,0.005784075,0.004446652,0.003114304,0.001783913,0.0004659587,-0.0008419422,-0.002129049,-0.003396868,-0.004634291,-0.005842034,-0.007008801,-0.00813469,-0.009208269,-0.01022903,-0.0111855,-0.01207678,-0.01289165,-0.01362915,-0.01427843,-0.01483859,-0.01529941,-0.01566038,-0.01591222,-0.01605506,-0.01608078,-0.01599035,-0.01577707,-0.01544301,-0.01498309,-0.01440062,-0.01369228,-0.01286279,-0.01191075,-0.01084235,-0.009658094,-0.008365601,-0.006967277,-0.005472163,-0.003884522,-0.002214634,-0.0004684275,0.001342774,0.003211497,0.00512558,0.007076252,0.009050836,0.01103943,0.01302898,0.01500852,0.0169649,0.01888638,0.02075992,0.0225728,0.02431203,0.02596396,0.0275163,0.02895509,0.03026964,0.03144528,0.03247442,0.03334334,0.03404992,0.03458759,0.03495416,0.03515161,0.03519105,0.03510072,0.03486871,0.03438344,0.03394169,0.03341821,0.03277019,0.03205726,0.03129155
0.03220082,0.03132388,0.03040509,0.02945743,0.02847159,0.02745598,0.0263983,0.02532359,0.02419774,0.02303733,0.02184199,0.02061682,0.01935577,0.01806806,0.01674852,0.0154074,0.01403969,0.01265583,0.01125141,0.009836636,0.008407716,0.006974748,0.005534557,0.004097262,0.00266031,0.001233987,-0.0001834457,-0.001581361,-0.002960677,-0.00431051,-0.00563105,-0.006911136,-0.008150187,-0.009336781,-0.01046976,-0.01153771,-0.01253914,-0.01346277,-0.01430686,-0.01506044,-0.01572186,-0.01628082,-0.01673607,-0.01707818,-0.01730646,-0.01741264,-0.01739694,-0.01725253,-0.01698075,-0.01657636,-0.01604204,-0.01537436,-0.01457749,-0.01364993,-0.01259736,-0.01142026,-0.01012588,-0.008716732,-0.007201547,-0.005584709,-0.00387629,-0.002082455,-0.0002144815,0.001719864,0.003708396,0.005741997,0.007807794,0.009895472,0.01199176,0.01408542,0.01616308,0.01821266,0.02022071,0.02217433,0.02406042,0.02586559,0.02757735,0.02918175,0.03066712,0.03201926,0.03322953,0.03428442,0.03517976,0.03590412,0.03645591,0.03683539,0.03704558,0.03708814,0.03695408,0.03668175,0.0364069,0.03587099,0.03523391,0.03456289,0.03382881,0.03304159
0.03378481,0.03284299,0.03186331,0.03083831,0.02977947,0.02867898,0.02754828,0.02636198,0.02515316,0.02390518,0.02262014,0.02129492,0.01993902,0.01854714,0.01712952,0.01568105,0.01421273,0.01271992,0.01121358,0.0096897,0.008159102,0.006618378,0.005078366,0.003536341,0.00200337,0.0004774766,-0.001030045,-0.002520437,-0.003982093,-0.005415407,-0.006808389,-0.008160698,-0.009460172,-0.01070593,-0.01188571,-0.01299817,-0.01403107,-0.01498284,-0.01584163,-0.01660598,-0.01726462,-0.01781637,-0.0182508,-0.01856737,-0.01875683,-0.01881957,-0.01874773,-0.01854284,-0.01819868,-0.01771816,-0.01709692,-0.01633936,-0.01544307,-0.01441409,-0.01325207,-0.0119647,-0.01055364,-0.009028127,-0.007391776,-0.005655319,-0.003824236,-0.001910522,7.872623e-05,0.002130481,0.004236194,0.00638205,0.008558329,0.01075077,0.01294868,0.0151375,0.01730572,0.01943883,0.02152476,0.02354935,0.02549991,0.02736264,0.02912441,0.0307725,0.03229405,0.03367837,0.03491252,0.03598927,0.03689708,0.03763422,0.03819608,0.03858056,0.03879131,0.03883783,0.03874879,0.03850817,0.03801509,0.03755138,0.03698741,0.03629105,0.03551583,0.03467456
0.03511193,0.03412229,0.03307909,0.03199462,0.03086201,0.02968953,0.02846741,0.02721965,0.02591494,0.0245702,0.02318558,0.02176633,0.02030754,0.0188184,0.01729473,0.01574685,0.01417076,0.01257713,0.01096264,0.009337911,0.007700324,0.006060554,0.004416647,0.002779429,0.001147604,-0.0004677391,-0.002067078,-0.00363893,-0.005182977,-0.006687456,-0.008151377,-0.009562717,-0.01091982,-0.01221047,-0.01343257,-0.01457402,-0.01563256,-0.01659637,-0.01746318,-0.01822167,-0.01886993,-0.01939755,-0.01980325,-0.02007777,-0.0202207,-0.02022417,-0.020089,-0.01980898,-0.01938633,-0.01881666,-0.01810376,-0.01724527,-0.01624665,-0.0151076,-0.01383526,-0.01243137,-0.01090476,-0.009259218,-0.007505093,-0.005648017,-0.003699685,-0.001667428,0.0004358969,0.002601482,0.004815636,0.007068347,0.009345332,0.01163555,0.01392444,0.01620023,0.01844837,0.0206565,0.02281017,0.02489649,0.02690159,0.02881247,0.03061616,0.03229958,0.03385096,0.03525751,0.03651081,0.03759921,0.03851885,0.03926038,0.03982245,0.04020692,0.04041605,0.04045306,0.04030758,0.04001992,0.03971231,0.039139,0.03846037,0.03773056,0.03692485,0.03605133
0.03629545,0.03523667,0.03412741,0.03296265,0.03175335,0.03049399,0.02919551,0.02783564,0.02644636,0.02501229,0.02353638,0.02201657,0.02046225,0.01886921,0.01724771,0.01559372,0.0139184,0.01221826,0.0105046,0.00877463,0.007039722,0.005297764,0.003560288,0.001825913,0.0001065058,-0.001598552,-0.0032771,-0.004929046,-0.006541893,-0.008114773,-0.009634845,-0.01110063,-0.01249919,-0.01382866,-0.01507615,-0.01623953,-0.01730611,-0.01827378,-0.01913047,-0.01987446,-0.02049449,-0.02098944,-0.02134915,-0.02157344,-0.0216536,-0.02159067,-0.02137758,-0.02101677,-0.02050303,-0.01984043,-0.01902574,-0.01806474,-0.01695628,-0.01570789,-0.01432052,-0.01280342,-0.01115955,-0.009399722,-0.007528789,-0.00555902,-0.003497015,-0.001356235,0.0008552539,0.003123064,0.005437853,0.007784564,0.01015287,0.01252739,0.01489701,0.01724622,0.01956327,0.02183283,0.0240429,0.02617859,0.02822762,0.0301757,0.03201048,0.033719,0.03528962,0.03671167,0.03797388,0.03906921,0.03998809,0.04072889,0.04128867,0.04166519,0.04186359,0.04189169,0.04177849,0.04150443,0.04097991,0.04047038,0.03984414,0.0390795,0.0382238,0.03729075
0.03720704,0.03609518,0.03491958,0.03369161,0.03240676,0.03107288,0.02968273,0.02825897,0.02677325,0.02524267,0.02366795,0.02205453,0.02039876,0.01870986,0.01698483,0.01523407,0.01345486,0.01165812,0.009841854,0.008017177,0.006182855,0.004350225,0.002518777,0.0007001191,-0.001105579,-0.002886374,-0.004641315,-0.006358056,-0.008034937,-0.009659381,-0.01122919,-0.01273164,-0.01416406,-0.01551368,-0.01677765,-0.01794352,-0.01900851,-0.0199607,-0.02079763,-0.02150815,-0.02209046,-0.02253459,-0.02283971,-0.02299721,-0.02300747,-0.02286351,-0.02256717,-0.02211335,-0.02150548,-0.02074044,-0.01982341,-0.01875336,-0.01753725,-0.01617613,-0.01467866,-0.01304791,-0.01129421,-0.009422547,-0.007444722,-0.005367436,-0.003203702,-0.0009617505,0.001344381,0.003705188,0.006105941,0.008536138,0.01098059,0.01342799,0.01586298,0.01827374,0.02064505,0.02296469,0.0252177,0.02739158,0.02947208,0.03144685,0.03330275,0.03502767,0.03660987,0.03803797,0.03930364,0.04039692,0.04131403,0.04204736,0.04259555,0.04296168,0.04314714,0.04315649,0.04297819,0.04265415,0.04229304,0.04166401,0.04092596,0.04012091,0.03922892,0.03825622
0.03794493,0.03676335,0.03552001,0.03421222,0.03285022,0.03143073,0.02996399,0.02843097,0.02686222,0.02524387,0.02357971,0.02186884,0.02012063,0.01833216,0.01651378,0.01466281,0.01279065,0.01089521,0.008988242,0.007068456,0.005147834,0.003225816,0.00131469,-0.0005853677,-0.00246167,-0.004313326,-0.006127352,-0.007902249,-0.009624765,-0.0112928,-0.01289289,-0.01442255,-0.01586841,-0.01722787,-0.01848781,-0.01964566,-0.02068879,-0.02161498,-0.02241248,-0.02307978,-0.02360623,-0.02399124,-0.0242255,-0.02430966,-0.02423608,-0.02400688,-0.02361623,-0.02306784,-0.02235786,-0.02149176,-0.02046773,-0.01929303,-0.01796789,-0.01650132,-0.01489559,-0.01316137,-0.0113028,-0.009332,-0.00725485,-0.00508477,-0.002829174,-0.000502511,0.001886562,0.004322835,0.006796605,0.00929215,0.011799,0.01430123,0.0167878,0.01924276,0.02165464,0.02400779,0.02629062,0.02848805,0.03058841,0.03257732,0.03444334,0.0361735,0.03775733,0.03918422,0.04044437,0.04153081,0.04243556,0.04315686,0.04369302,0.04404147,0.0442084,0.04419992,0.04404503,0.04372115,0.04315017,0.04257947,0.04187782,0.04103319,0.04008671,0.03905306
0.03839174,0.03715624,0.03584806,0.03447754,0.03304241,0.03155003,0.02999565,0.02840041,0.02673921,0.02502917,0.02327171,0.0214726,0.01962965,0.01775222,0.01583876,0.01389991,0.01193445,0.009953747,0.00795737,0.005957037,0.003953142,0.001957748,-2.803e-05,-0.001991798,-0.00393182,-0.005835386,-0.007700108,-0.009512975,-0.01127109,-0.01296137,-0.01458064,-0.01611586,-0.01756369,-0.01891132,-0.02015553,-0.0212841,-0.02229422,-0.02317449,-0.02392276,-0.02452868,-0.02499107,-0.02530097,-0.02545847,-0.0254562,-0.02529564,-0.02497122,-0.02448604,-0.02383649,-0.02302738,-0.0220571,-0.02093222,-0.01965318,-0.01822831,-0.01665999,-0.01495818,-0.01312712,-0.01117827,-0.00911761,-0.00695789,-0.004706542,-0.002377374,2.091465e-05,0.002473685,0.004971211,0.007498331,0.01004454,0.01259438,0.01513674,0.01765609,0.02014098,0.02257612,0.02494981,0.02724705,0.02945603,0.03156252,0.03355503,0.03542043,0.03714768,0.03872512,0.04014264,0.04139189,0.04246433,0.04335601,0.04406066,0.04457662,0.04490777,0.04505443,0.04502219,0.04479842,0.04442602,0.04400019,0.04330675,0.04250075,0.04161339,0.04062945,0.03955346
0.03863734,0.03733648,0.03596383,0.03451889,0.03301113,0.03143945,0.02981338,0.02811721,0.0263799,0.0245894,0.02275039,0.02086333,0.01893769,0.01697214,0.01497726,0.01295205,0.01090826,0.008845513,0.006776111,0.00470048,0.002631274,0.0005696329,-0.001471446,-0.003490171,-0.005473193,-0.007418167,-0.009311566,-0.01115066,-0.01292185,-0.01462207,-0.01623778,-0.01776585,-0.01919308,-0.02051658,-0.02172368,-0.02281185,-0.02376921,-0.02459393,-0.02527526,-0.02581238,-0.02619587,-0.02642608,-0.02649511,-0.02640476,-0.02614891,-0.02573096,-0.02514665,-0.02440105,-0.02349185,-0.02242588,-0.02120282,-0.01983117,-0.01831254,-0.01665704,-0.01486812,-0.01295739,-0.01092992,-0.008798602,-0.006569954,-0.004257966,-0.001870421,0.0005778747,0.003078152,0.005615032,0.008178938,0.01075414,0.01333048,0.01589216,0.01842862,0.02092408,0.0233677,0.02574403,0.02804222,0.03024736,0.03234865,0.03433188,0.03618655,0.03789986,0.03946238,0.04086355,0.0420948,0.04314899,0.04401942,0.04470384,0.04520142,0.04550898,0.04563332,0.04557876,0.04537376,0.04499337,0.04437067,0.04373344,0.04295347,0.0420271,0.04098943,0.03985604
0.03858131,0.03723107,0.03580046,0.03429878,0.03272595,0.03108887,0.02938521,0.02763465,0.02581558,0.02394508,0.02202553,0.02006319,0.01805761,0.01601845,0.0139459,0.011851,0.009734302,0.007607711,0.005472577,0.00334124,0.001215815,-0.0008909916,-0.00297646,-0.005027624,-0.007041329,-0.009004439,-0.01091341,-0.01275503,-0.01452556,-0.01621196,-0.01781056,-0.01930867,-0.02070277,-0.0219807,-0.02313943,-0.02416764,-0.02506305,-0.02581542,-0.02642338,-0.02687796,-0.02717901,-0.02731909,-0.02729947,-0.02711441,-0.02676665,-0.02625228,-0.02557569,-0.02473488,-0.02373592,-0.02257867,-0.0212709,-0.01981432,-0.01821828,-0.01648625,-0.014629,-0.01265158,-0.01056607,-0.008378959,-0.006103384,-0.003747016,-0.001323813,0.001157554,0.0036825,0.006241577,0.008819836,0.01140726,0.01398872,0.01655374,0.0190872,0.02157843,0.02401251,0.02637859,0.02866206,0.03085201,0.03293451,0.034899,0.03673258,0.0384252,0.03996529,0.04134381,0.0425523,0.04358326,0.0444323,0.04509412,0.04556647,0.04585351,0.04595439,0.04587524,0.04560257,0.04517928,0.04468749,0.04393109,0.04305875,0.04209233,0.04102112,0.03984806
0.03831067,0.03690491,0.03541884,0.03385405,0.03221931,0.03051561,0.02875193,0.02691595,0.02503503,0.02309927,0.02111437,0.01908232,0.01701293,0.01490671,0.01277464,0.01061758,0.008447786,0.006266707,0.004087185,0.001911405,-0.0002474561,-0.002386648,-0.004492751,-0.006562588,-0.008582572,-0.01054926,-0.01244913,-0.01427867,-0.01602456,-0.01768335,-0.01924204,-0.02069747,-0.02203729,-0.02325888,-0.0243507,-0.02531082,-0.02612871,-0.02680339,-0.02732565,-0.0276957,-0.02790579,-0.02795745,-0.02784448,-0.02756994,-0.0271294,-0.02652749,-0.02576157,-0.02483788,-0.0237556,-0.02252256,-0.02113975,-0.01961651,-0.01795546,-0.01616738,-0.01425643,-0.01223465,-0.01010754,-0.007888148,-0.005583161,-0.003206473,-0.0007657464,0.001724515,0.004255912,0.006813541,0.009388403,0.01196536,0.01453502,0.0170822,0.01959721,0.02206494,0.02447546,0.02681392,0.0290704,0.03123051,0.03328435,0.03521812,0.03702223,0.03868411,0.04019522,0.04154499,0.04272571,0.04373,0.04455194,0.04518862,0.04563954,0.0459008,0.04597924,0.0458774,0.04562255,0.04518818,0.04451783,0.04381846,0.04296736,0.04196764,0.04084877,0.03962696
0.03774563,0.03630073,0.03476939,0.0331601,0.03147483,0.02972018,0.02789622,0.02602132,0.02407762,0.02208215,0.02003849,0.0179536,0.01582894,0.01367466,0.01149283,0.009294958,0.007083468,0.004870736,0.00265984,0.0004635569,-0.001714467,-0.003861227,-0.005972727,-0.008035908,-0.01004665,-0.01199198,-0.01386773,-0.01566117,-0.01736828,-0.01897681,-0.02048314,-0.02187564,-0.0231512,-0.02429895,-0.02531654,-0.02619416,-0.02693043,-0.02751676,-0.02795288,-0.02823155,-0.02835379,-0.02831393,-0.02811444,-0.02775129,-0.02722841,-0.02654346,-0.02570195,-0.02470325,-0.0235544,-0.02225645,-0.02081789,-0.01924135,-0.0175367,-0.01570802,-0.01376634,-0.01171704,-0.009572189,-0.007338304,-0.005028259,-0.002649481,-0.0002154422,0.002265684,0.004779978,0.007318697,0.009867687,0.01241779,0.01495473,0.01746902,0.01994639,0.02237717,0.02474727,0.02704682,0.02926192,0.03138264,0.03339557,0.03529107,0.03705657,0.03868285,0.04015849,0.0414752,0.04262432,0.04359902,0.04439433,0.04500543,0.04542931,0.04566994,0.04572523,0.04560138,0.04528429,0.04481582,0.04426567,0.04345674,0.04252895,0.04149651,0.0403527,0.0390992
0.03697316,0.03548796,0.03391617,0.03226127,0.03053156,0.02873008,0.02686542,0.02492875,0.02294585,0.02090929,0.01882585,0.0166992,0.01453962,0.0123495,0.01014031,0.007914766,0.005685477,0.003455627,0.001238326,-0.0009627499,-0.003134316,-0.005272418,-0.007363761,-0.009404295,-0.01138084,-0.01328944,-0.01511728,-0.01686068,-0.01850731,-0.0200539,-0.02148872,-0.02280908,-0.02400412,-0.02507194,-0.02600266,-0.02679527,-0.02744103,-0.02794001,-0.02828484,-0.02847686,-0.02851011,-0.02838724,-0.02810382,-0.02766395,-0.02706481,-0.02631195,-0.02540416,-0.02434841,-0.02314507,-0.02180253,-0.02032263,-0.01871502,-0.01698293,-0.01513716,-0.01318217,-0.01112974,-0.008985378,-0.00676165,-0.004464942,-0.002108444,0.0003007324,0.00274897,0.005228627,0.007725813,0.01023245,0.01273448,0.01522353,0.01768552,0.0201118,0.0224883,0.02480614,0.02705139,0.02921511,0.03128365,0.03324799,0.03509489,0.03681553,0.03839765,0.03983331,0.04111194,0.0422264,0.04316889,0.04393391,0.04451772,0.04491975,0.04513527,0.04517072,0.04502689,0.04472935,0.04425079,0.04354433,0.04279536,0.0418889,0.04083313,0.03965249,0.03836354
0.0359345,0.03442586,0.03282714,0.0311463,0.02938722,0.02755646,0.02565642,0.02370432,0.0216862,0.01961902,0.01750767,0.01535993,0.01317913,0.01097589,0.008754068,0.006525493,0.004294214,0.002072779,-0.0001343752,-0.002314499,-0.004462904,-0.006566872,-0.008621712,-0.01061494,-0.01254208,-0.01439105,-0.01615769,-0.0178304,-0.01940551,-0.02087216,-0.02222732,-0.02346094,-0.02457075,-0.0255476,-0.02639012,-0.02709032,-0.0276479,-0.0280561,-0.02831576,-0.02842142,-0.02837521,-0.02817313,-0.02781864,-0.02730923,-0.02664969,-0.025839,-0.02488331,-0.02378309,-0.02254577,-0.02117322,-0.01967407,-0.01805147,-0.01631517,-0.01446944,-0.01252495,-0.01048697,-0.008366949,-0.006171007,-0.003911186,-0.001594268,0.0007672894,0.003166165,0.005589588,0.008029824,0.01047394,0.01291389,0.01533663,0.01773382,0.02009239,0.02240377,0.02465496,0.02683714,0.02893732,0.03094652,0.03285201,0.03464494,0.03631317,0.03784812,0.03923851,0.04047656,0.04155332,0.04246233,0.04319789,0.04375536,0.04413082,0.04432768,0.04434269,0.04418169,0.0438303,0.04332833,0.04273404,0.04188986,0.04092496,0.03984763,0.03865458,0.03734662
0.03471641,0.03318756,0.03156897,0.02986587,0.02808632,0.02623525,0.02432115,0.02233854,0.02031168,0.01823569,0.01611838,0.01396499,0.01178621,0.009586138,0.00737646,0.005161451,0.002953721,0.0007577256,-0.001413663,-0.003555832,-0.005656004,-0.007709647,-0.009704266,-0.01163558,-0.01349152,-0.01526822,-0.01695422,-0.01854626,-0.02003355,-0.02141348,-0.02267604,-0.02381939,-0.0248345,-0.02572041,-0.02646914,-0.0270807,-0.02754822,-0.0278728,-0.02804888,-0.02807875,-0.02795814,-0.02769054,-0.02727306,-0.02671045,-0.02600121,-0.02515136,-0.02416073,-0.02303655,-0.02177994,-0.02039926,-0.01889684,-0.01728204,-0.01555824,-0.01373571,-0.01181877,-0.009818422,-0.007739764,-0.005594351,-0.003387923,-0.001132483,0.001165712,0.003494367,0.005846843,0.008210653,0.01057882,0.01293871,0.0152831,0.01759928,0.01987974,0.02211168,0.02428729,0.02639375,0.02842305,0.03036245,0.03220371,0.03393423,0.03554583,0.03702655,0.03836891,0.03956228,0.04059979,0.04147323,0.04217719,0.04270705,0.04306184,0.04323606,0.04323535,0.043059,0.04273034,0.04222224,0.04149635,0.04071629,0.03977668,0.03868923,0.03747411,0.03614792
0.03327859,0.03174669,0.03012443,0.02841946,0.02663742,0.02478504,0.02286679,0.02089891,0.01887122,0.01680045,0.01469268,0.01255636,0.01039637,0.008223567,0.006043134,0.003866837,0.001699815,-0.0004457473,-0.002564669,-0.004644848,-0.006681218,-0.008662002,-0.01058247,-0.01243137,-0.01420449,-0.01589119,-0.01748786,-0.01898456,-0.02037836,-0.02166015,-0.02282783,-0.02387317,-0.02479489,-0.02558572,-0.02624529,-0.02676745,-0.02715288,-0.02739655,-0.02750021,-0.02746002,-0.02727885,-0.02695413,-0.02648993,-0.02588492,-0.02514427,-0.02426792,-0.02326215,-0.0221281,-0.02087311,-0.01949938,-0.01801521,-0.01642381,-0.0147343,-0.01295075,-0.01108297,-0.009135753,-0.00711947,-0.005039533,-0.002906733,-0.0007269398,0.001488768,0.00373413,0.005997845,0.008273337,0.01054917,0.0128185,0.01506975,0.01729577,0.01948487,0.02162963,0.02371825,0.02574294,0.02769172,0.02955651,0.03132534,0.03299004,0.03453894,0.03596394,0.03725393,0.0384014,0.03939717,0.04023485,0.04090803,0.041412,0.04174196,0.04190051,0.04188339,0.04169579,0.04132349,0.04080341,0.04018357,0.03932605,0.03834781,0.03725292,0.03604095,0.03471231
0.03170513,0.03017692,0.02855976,0.02686038,0.02508681,0.02324557,0.02134518,0.0193832,0.01738222,0.01533977,0.01326437,0.01116248,0.009044831,0.006916749,0.004789702,0.002668918,0.0005664532,-0.001512616,-0.003556274,-0.005559645,-0.007511094,-0.009406153,-0.01123373,-0.0129899,-0.01466419,-0.01625335,-0.01774768,-0.01914465,-0.02043538,-0.02161808,-0.02268471,-0.0236343,-0.02445974,-0.02516099,-0.02573191,-0.02617336,-0.02648023,-0.02665438,-0.02669181,-0.02659545,-0.0263624,-0.02599662,-0.02549635,-0.02486661,-0.02410678,-0.02322289,-0.02221541,-0.02109131,-0.01985207,-0.01850557,-0.01705417,-0.01550651,-0.01386577,-0.01214123,-0.01033676,-0.008462168,-0.006521879,-0.00452609,-0.002479671,-0.0003931317,0.001728286,0.003873865,0.006038083,0.008210065,0.010384,0.01254886,0.01469857,0.01682196,0.01891262,0.02095916,0.02295476,0.02488784,0.02675125,0.02853321,0.0302262,0.03181832,0.03330186,0.03466531,0.03590138,0.0369995,0.03795287,0.03875292,0.03939412,0.03987104,0.04018215,0.04032132,0.04029318,0.04009581,0.03975001,0.03922977,0.03850425,0.03771562,0.03676961,0.03568012,0.03446383,0.03313712
0.02996991,0.02846234,0.02686798,0.02519446,0.02344876,0.02163789,0.01976795,0.01785417,0.01588976,0.01389082,0.01186427,0.009818811,0.007760332,0.005699405,0.003641932,0.001599042,-0.0004237114,-0.002415106,-0.004369891,-0.006277202,-0.008132218,-0.009924643,-0.01165025,-0.01329944,-0.01486871,-0.0163492,-0.01773815,-0.01902745,-0.0202151,-0.02129386,-0.02226255,-0.02311477,-0.02385014,-0.02446314,-0.02495424,-0.02531892,-0.02555856,-0.0256696,-0.02565436,-0.02551025,-0.02524056,-0.02484374,-0.02432404,-0.02368092,-0.02291953,-0.02204031,-0.0210493,-0.01994786,-0.01874281,-0.01743637,-0.01603605,-0.0145448,-0.01297077,-0.01131751,-0.009593648,-0.00780327,-0.005955388,-0.004054522,-0.002109971,-0.000126576,0.001886163,0.003923116,0.005974604,0.00803524,0.0100952,0.01214884,0.01418614,0.01620111,0.01818351,0.02012701,0.02202107,0.02385889,0.02562958,0.02732582,0.02893653,0.03045408,0.03186738,0.03316868,0.03434715,0.03539542,0.03630413,0.03706686,0.03767662,0.03812847,0.03841693,0.03854362,0.03850359,0.03830124,0.03792297,0.0374022,0.036778,0.03593197,0.03496787,0.03388714,0.03269162,0.03138186
0.02815084,0.02667281,0.02511082,0.02347272,0.02176651,0.0199999,0.01818132,0.01631079,0.01440897,0.01247534,0.01051864,0.008545919,0.006567474,0.004589183,0.002621741,0.0006706445,-0.001253176,-0.003144679,-0.004993248,-0.006794331,-0.008537903,-0.01022005,-0.01183145,-0.01336889,-0.01482377,-0.01619366,-0.01747075,-0.01865338,-0.01973455,-0.02071332,-0.02158348,-0.02234486,-0.02299208,-0.02352581,-0.0239415,-0.0242406,-0.02441943,-0.02448028,-0.0244204,-0.02424293,-0.02394603,-0.02353369,-0.02300495,-0.02236463,-0.02161267,-0.02075469,-0.01979144,-0.01872927,-0.01756969,-0.01631969,-0.01498147,-0.01356256,-0.01206573,-0.01049899,-0.008865573,-0.00717388,-0.005427516,-0.003635138,-0.001800672,6.700708e-05,0.001963704,0.003880384,0.005812627,0.007751248,0.009691558,0.01162418,0.01354414,0.01544183,0.01731189,0.01914435,0.02093335,0.02266856,0.02434363,0.02594783,0.02747425,0.0289118,0.03025321,0.03148744,0.03260738,0.03360266,0.03446646,0.03518999,0.03576756,0.03619311,0.03646451,0.03657525,0.03652889,0.03632269,0.03597477,0.03546115,0.03475751,0.03398534,0.03306253,0.03200402,0.03082381,0.02953777
0.02623116,0.0247985,0.02328645,0.02170254,0.02005469,0.01834999,0.01659558,0.01480546,0.01297559,0.01112093,0.009248664,0.007367224,0.005482821,0.00360521,0.001740324,-0.0001018713,-0.001916044,-0.003692413,-0.005426203,-0.007108188,-0.008734224,-0.01029578,-0.01178944,-0.01320744,-0.01454715,-0.01580156,-0.01696877,-0.0180425,-0.0190216,-0.01990056,-0.02067896,-0.02135204,-0.02192007,-0.02237902,-0.02272992,-0.02296954,-0.02309966,-0.02311784,-0.0230266,-0.02282429,-0.02251418,-0.02209545,-0.02157213,-0.02094415,-0.02021625,-0.0193891,-0.0184681,-0.01745461,-0.01635462,-0.01517008,-0.0139075,-0.01256936,-0.0111626,-0.009690139,-0.008159243,-0.006573187,-0.004939506,-0.003261781,-0.00154774,0.00019881,0.001969991,0.00376177,0.005566111,0.007378747,0.009191478,0.01099976,0.01279515,0.01457273,0.01632373,0.01804277,0.01972068,0.0213515,0.02292553,0.02443616,0.02587325,0.02722972,0.02849516,0.02966216,0.0307203,0.03166235,0.032479,0.03316374,0.03370925,0.03411038,0.03436121,0.03446243,0.03440875,0.03420373,0.0338349,0.03333173,0.03272572,0.03191741,0.03099699,0.02996444,0.02882343,0.02757494
0.02427942,0.02290156,0.02144841,0.01992841,0.01834941,0.01671964,0.01504722,0.01333388,0.01159798,0.009840305,0.008069267,0.006291825,0.004517346,0.002751595,0.001004009,-0.0007202428,-0.002411776,-0.004066079,-0.005674265,-0.007232478,-0.008732525,-0.01017129,-0.01154131,-0.01284022,-0.01406129,-0.01520288,-0.016259,-0.01722875,-0.01810682,-0.01889297,-0.01958255,-0.02017597,-0.0206693,-0.0210636,-0.02135562,-0.02154709,-0.02163541,-0.02162298,-0.02150794,-0.02129337,-0.0209781,-0.02056583,-0.02005609,-0.01945323,-0.01875743,-0.01797362,-0.0171026,-0.01614984,-0.01511666,-0.01400901,-0.0128287,-0.01158205,-0.01027127,-0.008903002,-0.007479786,-0.006008525,-0.004492006,-0.00293731,-0.001347445,0.0002703481,0.001912856,0.003572706,0.00524649,0.006926675,0.008609591,0.01028748,0.01195636,0.01360816,0.01523845,0.01683873,0.01840398,0.0199252,0.02139673,0.02280902,0.02415573,0.02542673,0.02661514,0.02771065,0.02870634,0.02959222,0.03036153,0.03100552,0.03151838,0.03189375,0.03212897,0.03221747,0.0321618,0.03195881,0.03162392,0.03113595,0.03047615,0.02974642,0.02887732,0.02788392,0.0267781,0.02557496
0.02228414,0.02097464,0.01959607,0.01815575,0.01666187,0.01512135,0.01354163,0.0119352,0.01029997,0.008649307,0.006990039,0.005329835,0.003674594,0.002032824,0.0004099353,-0.001185625,-0.002749192,-0.004272687,-0.005752129,-0.007180079,-0.008553263,-0.009864953,-0.01111262,-0.01229025,-0.01339607,-0.01442474,-0.01537515,-0.01624261,-0.01702661,-0.01772312,-0.01833225,-0.01885056,-0.01927873,-0.0196139,-0.01985733,-0.02000679,-0.02006414,-0.02002776,-0.01990007,-0.01968003,-0.01937067,-0.01897154,-0.01848625,-0.01791493,-0.01726168,-0.01652718,-0.015716,-0.01482932,-0.01387214,-0.01284605,-0.01175641,-0.01060518,-0.009398012,-0.008137158,-0.006828494,-0.00547451,-0.004081263,-0.002651454,-0.001191277,0.0002964045,0.001805276,0.003332289,0.004870978,0.006418074,0.007966927,0.009513983,0.0110523,0.01257791,0.01408349,0.01556457,0.01701329,0.01842453,0.01978979,0.02110321,0.02235568,0.02354071,0.02464874,0.02567278,0.02660305,0.02743255,0.0281523,0.02875585,0.02923583,0.02958704,0.02980343,0.02988491,0.02982621,0.02963012,0.02928569,0.02881822,0.02825282,0.02750819,0.02666075,0.02571003,0.02466091,0.023515
0.02030259,0.01906968,0.01777268,0.01642001,0.01501905,0.01357791,0.01210408,0.0106002,0.009082003,0.007550984,0.006014676,0.004479426,0.00295327,0.001441368,-4.84e-05,-0.001511585,-0.00294054,-0.004331559,-0.005677561,-0.006975537,-0.008219101,-0.009405965,-0.01053043,-0.0115909,-0.0125823,-0.0135037,-0.01435065,-0.0151228,-0.0158163,-0.01643132,-0.01696451,-0.01741658,-0.01778473,-0.01807019,-0.01827066,-0.01838788,-0.01842006,-0.01836945,-0.01823479,-0.01801884,-0.01772086,-0.01734409,-0.01688827,-0.01635711,-0.01575085,-0.01507361,-0.01432606,-0.01351269,-0.01263454,-0.01169646,-0.0106998,-0.009649654,-0.00854766,-0.007399119,-0.006205896,-0.004973455,-0.003703831,-0.002402609,-0.001071981,0.0002823493,0.001658027,0.00304923,0.004453427,0.005864631,0.007280057,0.008693468,0.01010174,0.0114983,0.01287954,0.01423838,0.01557061,0.01686855,0.01812728,0.01933846,0.0204964,0.02159206,0.0226191,0.02356809,0.02443247,0.02520293,0.02587292,0.02643407,0.02688064,0.0272063,0.02740804,0.0274796,0.02742265,0.027234,0.02692646,0.02648211,0.02588696,0.02522453,0.02443802,0.02354178,0.02254602,0.02146465
0.01832603,0.01717991,0.0159767,0.0147232,0.01342727,0.01209529,0.01073436,0.009355112,0.007956785,0.00655069,0.005142876,0.003739885,0.002346866,0.0009708291,-0.0003836664,-0.001709836,-0.003003898,-0.004259507,-0.00547358,-0.006640395,-0.007757545,-0.008819956,-0.009825887,-0.01077089,-0.01165385,-0.0124709,-0.01322145,-0.01390215,-0.01451292,-0.01505088,-0.01551645,-0.0159072,-0.01622398,-0.01646479,-0.01663093,-0.01672086,-0.01673633,-0.01667623,-0.01654273,-0.01633516,-0.01605611,-0.01570536,-0.01528591,-0.01479794,-0.01424481,-0.01362709,-0.01294847,-0.01220987,-0.01141526,-0.01056584,-0.00966583,-0.008716677,-0.007722804,-0.006685838,-0.005610346,-0.004498118,-0.003353841,-0.002179449,-0.0009797296,0.000243263,0.001484642,0.002742194,0.004010889,0.005288308,0.006569224,0.007850936,0.009127906,0.01039702,0.01165231,0.01289013,0.01410398,0.0152895,0.0164395,0.01754883,0.01860961,0.01961599,0.02055948,0.02143367,0.02222969,0.02294098,0.02355919,0.02407816,0.02449087,0.02479224,0.02497646,0.02504289,0.02498658,0.02480967,0.02450301,0.02408762,0.02358324,0.02292551,0.02217728,0.02133815,0.02041366,0.01940594
0.01640012,0.01534647,0.01424103,0.01309159,0.01190478,0.01068799,0.009447747,0.00818695,0.00691852,0.00564415,0.00437017,0.003101958,0.001846027,0.0006066492,-0.0006099363,-0.001800174,-0.00295814,-0.004080995,-0.00516336,-0.006203043,-0.007195282,-0.008138516,-0.009028562,-0.00986444,-0.01064248,-0.01136223,-0.01202051,-0.01261733,-0.01314994,-0.01361876,-0.01402144,-0.01435877,-0.01462879,-0.01483271,-0.01496893,-0.01503901,-0.01504173,-0.014979,-0.01485001,-0.01465703,-0.01439961,-0.01408037,-0.01369918,-0.01325902,-0.01276008,-0.01220564,-0.01159618,-0.01093524,-0.01022355,-0.009464873,-0.008660163,-0.007813335,-0.006925532,-0.006000801,-0.005040435,-0.004048588,-0.003026665,-0.001978902,-0.0009068151,0.0001852672,0.001295696,0.002420036,0.003556484,0.00470044,0.005849858,0.006999892,0.008148161,0.009289464,0.01042096,0.01153693,0.01263391,0.01370558,0.01474776,0.01575341,0.01671758,0.01763248,0.01849244,0.01928918,0.02001671,0.02066669,0.02123304,0.02170813,0.02208653,0.02236229,0.02253236,0.02259104,0.02253932,0.02237428,0.02210622,0.02172071,0.02120767,0.02063361,0.01995377,0.01918111,0.01832434,0.01739577
0.01451793,0.01356286,0.01256297,0.01152425,0.01045371,0.009356854,0.008239934,0.007111597,0.0059718,0.004829638,0.0036901,0.002558435,0.001438822,0.0003367226,-0.0007442773,-0.001799006,-0.002824592,-0.003816292,-0.004771859,-0.005687095,-0.006560335,-0.007387914,-0.008168714,-0.00889957,-0.00957986,-0.01020685,-0.01078035,-0.01129798,-0.01175994,-0.01216422,-0.01251135,-0.01279965,-0.01302997,-0.01320094,-0.01331371,-0.01336725,-0.01336304,-0.01330034,-0.01318093,-0.01300438,-0.01277276,-0.01248595,-0.01214631,-0.01175399,-0.01131161,-0.01081957,-0.01028072,-0.009695694,-0.00906752,-0.008397026,-0.0076874,-0.006939629,-0.006157022,-0.005340693,-0.004494039,-0.003618276,-0.002716883,-0.001791175,-0.0008447014,0.0001211298,0.001102684,0.002098422,0.003104578,0.004119426,0.005139009,0.006161339,0.007182154,0.008199079,0.009207437,0.01020434,0.01118458,0.01214459,0.01307848,0.01398194,0.01484834,0.01567268,0.01644769,0.01716775,0.01782515,0.01841404,0.01892703,0.01935853,0.01970219,0.01995335,0.02010678,0.02016146,0.0201131,0.01996326,0.01970467,0.01935413,0.01892684,0.01837377,0.01774469,0.01703951,0.01626382,0.01542006
0.01271464,0.01186045,0.01096658,0.01003974,0.009085526,0.008110185,0.007119071,0.006114894,0.005107727,0.004099143,0.003094138,0.002096965,0.001112609,0.0001443727,-0.0008030661,-0.001727044,-0.002623201,-0.00348949,-0.004322018,-0.005119283,-0.005877888,-0.006596837,-0.007273189,-0.007906395,-0.008493901,-0.009035555,-0.009529158,-0.009974906,-0.01037091,-0.01071765,-0.0110135,-0.01125923,-0.0114535,-0.01159733,-0.01168965,-0.01173174,-0.01172276,-0.01166425,-0.01155566,-0.01139877,-0.01119327,-0.01094119,-0.01064243,-0.01029926,-0.009911801,-0.009482517,-0.009011735,-0.008502071,-0.007954025,-0.007370355,-0.006751698,-0.006100919,-0.005418766,-0.004708189,-0.00397003,-0.003207306,-0.002420934,-0.001613986,-0.0007874582,5.550586e-05,0.0009138051,0.001784203,0.002665465,0.003554202,0.004448969,0.005346146,0.006243983,0.007138532,0.008027619,0.008906818,0.009773393,0.01062234,0.01145025,0.01225146,0.01302182,0.01375493,0.01444597,0.01508802,0.01567587,0.01620244,0.0166624,0.01704916,0.0173579,0.01758339,0.01772275,0.01777112,0.017729,0.01759391,0.0173738,0.01705769,0.01663863,0.01616753,0.01561064,0.01497907,0.01428,0.01352376
0.01098526,0.01023377,0.009448974,0.008635811,0.007800045,0.006946158,0.006079216,0.005205858,0.00432639,0.003447696,0.002573623,0.001708128,0.0008543776,1.638552e-05,-0.0008032016,-0.001600653,-0.002373915,-0.003119621,-0.003836227,-0.004520799,-0.005172246,-0.005788046,-0.006367524,-0.006908522,-0.007410735,-0.007872318,-0.008293265,-0.008671991,-0.009008758,-0.009302228,-0.009552907,-0.009759679,-0.009923261,-0.01004274,-0.01011906,-0.01015152,-0.01014129,-0.01008787,-0.009992625,-0.009855268,-0.009677352,-0.009458807,-0.009201374,-0.008905161,-0.008572077,-0.008202395,-0.007798172,-0.007359829,-0.006889544,-0.006387856,-0.00585704,-0.005297736,-0.004712294,-0.004101431,-0.00346755,-0.002811433,-0.002135536,-0.001440707,-0.000729455,-2.695524e-06,0.000736993,0.001488589,0.002249401,0.003018249,0.003792273,0.004570065,0.005348497,0.006125823,0.006898546,0.007664473,0.00841962,0.009161215,0.009884652,0.01058649,0.01126147,0.01190549,0.0125127,0.01307841,0.01359634,0.01406154,0.01446787,0.01481057,0.01508426,0.01528497,0.01540826,0.01545302,0.01541573,0.0152975,0.01509288,0.01481464,0.01447404,0.01403558,0.01353667,0.01297761,0.01236348,0.0116967
0.009356404,0.00870633,0.008027568,0.007325501,0.006604488,0.005869446,0.005124463,0.004371801,0.003618832,0.002866848,0.002119541,0.001380051,0.0006519565,-6.234933e-05,-0.0007595682,-0.001437822,-0.002094083,-0.002726957,-0.003333779,-0.003913571,-0.004464038,-0.004984579,-0.005473226,-0.005929702,-0.006352313,-0.006741059,-0.00709449,-0.007412846,-0.007694883,-0.007941036,-0.008150239,-0.008323113,-0.008458775,-0.008558027,-0.008620159,-0.008646136,-0.008635411,-0.008589122,-0.008506893,-0.008390032,-0.008238324,-0.008053225,-0.007834675,-0.007584271,-0.007302099,-0.006989885,-0.006647832,-0.006277771,-0.005880009,-0.005456465,-0.005007531,-0.004535188,-0.004039895,-0.003523684,-0.002987073,-0.002432135,-0.001859433,-0.001271077,-0.0006676857,-5.142397e-05,0.00057701,0.001215377,0.00186287,0.002517123,0.003177156,0.003840408,0.004505645,0.005170027,0.005831969,0.006488224,0.007136735,0.007773762,0.008396685,0.009001184,0.009584004,0.01014019,0.01066591,0.01115571,0.01160539,0.01200931,0.01236311,0.01266149,0.01290047,0.01307578,0.01318494,0.0132241,0.01319342,0.01309095,0.0129225,0.01268026,0.01235974,0.01199774,0.01157027,0.01108625,0.01055129,0.009973487
0.007825535,0.007274641,0.006700515,0.00610693,0.005498255,0.004877847,0.004249495,0.003617951,0.002983625,0.002351371,0.001723953,0.001104146,0.000494184,-0.0001031732,-0.0006861002,-0.001252073,-0.001799712,-0.002326773,-0.00283225,-0.003314216,-0.003771994,-0.004203944,-0.004609682,-0.004987819,-0.005338224,-0.005659718,-0.005952371,-0.006215175,-0.006448375,-0.006651123,-0.006823823,-0.006965768,-0.0070775,-0.007158442,-0.007209276,-0.007229567,-0.007220136,-0.007180681,-0.007112149,-0.007014363,-0.0068884,-0.006734215,-0.006553004,-0.006344835,-0.006111008,-0.005851693,-0.005568281,-0.005261031,-0.004931409,-0.004579743,-0.004207557,-0.003815239,-0.003404355,-0.00297534,-0.002529791,-0.002068179,-0.001592135,-0.001102176,-0.0005999673,-8.60743e-05,0.0004377839,0.000970963,0.001511654,0.002059089,0.002611325,0.003167412,0.003725193,0.00428345,0.004839728,0.005392453,0.005938776,0.006476658,0.007002745,0.007514459,0.008007908,0.008479972,0.008926251,0.009343143,0.009725858,0.01007054,0.01037248,0.01062792,0.01083268,0.01098361,0.01107726,0.01111261,0.011087,0.01100113,0.01085124,0.01064639,0.01039447,0.01007136,0.009703366,0.009291069,0.008838597,0.008348057
0.006412636,0.005956296,0.005480666,0.004989681,0.004486457,0.003974528,0.003456758,0.002934871,0.002413806,0.001894547,0.001379609,0.0008711402,0.000371508,-0.0001176695,-0.0005942426,-0.001056967,-0.001503897,-0.001934131,-0.002345979,-0.00273883,-0.003111248,-0.003462877,-0.003792498,-0.004099974,-0.004384262,-0.004645405,-0.004882517,-0.005095795,-0.00528448,-0.005448893,-0.005588385,-0.005703393,-0.005793381,-0.005858898,-0.005899513,-0.005915879,-0.005907663,-0.005875625,-0.00581954,-0.00574027,-0.005637689,-0.005512749,-0.005365417,-0.005196736,-0.005006757,-0.004796599,-0.004566386,-0.004317297,-0.004049517,-0.003764276,-0.003461807,-0.003143377,-0.002809255,-0.002460737,-0.002098127,-0.001722744,-0.001334918,-0.0009359942,-0.0005263388,-0.0001073331,0.0003205985,0.0007560201,0.001198427,0.001646287,0.002098966,0.002554785,0.00301292,0.003471476,0.003929366,0.004384386,0.004835092,0.005278899,0.005713935,0.006137166,0.00654623,0.006937604,0.007308463,0.007654895,0.007973762,0.008260966,0.008513243,0.008726695,0.008898325,0.009024956,0.009104663,0.009134658,0.009114902,0.009044005,0.008925835,0.008755369,0.008530043,0.008274155,0.007972102,0.007630531,0.007253402,0.006846544
0.005117865,0.004750378,0.004367999,0.00397333,0.003569357,0.003158357,0.002742892,0.002326062,0.001908244,0.001492555,0.001080811,0.0006747905,0.0002759352,-0.0001140163,-0.000493906,-0.0008621662,-0.001217939,-0.001559848,-0.001887284,-0.00219908,-0.002494842,-0.002773586,-0.003035106,-0.003278578,-0.003503951,-0.003710532,-0.003898396,-0.00406695,-0.004216375,-0.004346176,-0.004456628,-0.004547319,-0.004618607,-0.004670156,-0.004702406,-0.004715107,-0.004708783,-0.004683258,-0.004639133,-0.004576307,-0.004495455,-0.004396554,-0.004280349,-0.004146885,-0.003996965,-0.003830691,-0.003648921,-0.003451808,-0.003240249,-0.003014437,-0.002775301,-0.002523066,-0.002258687,-0.00198241,-0.001695208,-0.00139735,-0.001089826,-0.0007729334,-0.0004476856,-0.0001144106,0.0002258398,0.0005726846,0.0009250084,0.001282343,0.001643477,0.002007816,0.002373993,0.002741225,0.003107932,0.003473076,0.003834794,0.004191717,0.004541618,0.004882738,0.005212463,0.005528632,0.005828253,0.006108815,0.006367026,0.006600177,0.006804989,0.006978813,0.007118718,0.007222457,0.00728763,0.007313408,0.007297996,0.007241788,0.007142402,0.007005731,0.006836824,0.006620696,0.006374185,0.006097978,0.005795024,0.005466931
0.003956075,0.00367001,0.003372237,0.003065318,0.002751214,0.002432192,0.002110025,0.001785923,0.001462759,0.001141248,0.0008229163,0.0005090992,0.0002011809,-9.982906e-05,-0.0003926915,-0.000676634,-0.0009505524,-0.00121389,-0.001465702,-0.001705613,-0.001932831,-0.002147136,-0.002347869,-0.002534939,-0.002707789,-0.002866437,-0.003010414,-0.003139828,-0.003254282,-0.003353955,-0.003438511,-0.003508196,-0.003562736,-0.003602441,-0.003627097,-0.003637071,-0.003632203,-0.003612922,-0.003579129,-0.003531309,-0.003469417,-0.003393991,-0.003305038,-0.003203143,-0.003088361,-0.002961322,-0.002822116,-0.002671406,-0.002509316,-0.002336536,-0.002153215,-0.001960061,-0.001757243,-0.001545485,-0.001324972,-0.001096441,-0.0008600912,-0.0006166761,-0.0003664155,-0.0001100866,0.0001520548,0.0004191953,0.0006910276,0.0009666727,0.001245741,0.001527254,0.001810696,0.002094948,0.002379318,0.002662479,0.002943507,0.003220818,0.0034932,0.003758766,0.004015976,0.004262613,0.004496821,0.00471611,0.004918405,0.005101071,0.005261943,0.005398493,0.005508726,0.005590562,0.005642676,0.005663306,0.005652317,0.005608842,0.005535088,0.005428344,0.005287537,0.005126293,0.004936002,0.004721107,0.004484013,0.004228412
0.002929753,0.002716673,0.002495204,0.002266898,0.002033514,0.001796392,0.001557031,0.001317195,0.001077153,0.000838651,0.0006027342,0.0003703994,0.0001424621,-8.011698e-05,-0.0002966898,-0.0005064009,-0.0007087764,-0.0009030738,-0.001088963,-0.001265821,-0.00143344,-0.001591299,-0.001739297,-0.001877,-0.002004393,-0.002121115,-0.002227216,-0.002322388,-0.002406741,-0.002480019,-0.002542379,-0.00259361,-0.002633912,-0.002663114,-0.00268146,-0.002688824,-0.002685494,-0.002671383,-0.002646819,-0.002611754,-0.002566555,-0.002511215,-0.00244614,-0.002371354,-0.002287294,-0.002194016,-0.002091982,-0.001981274,-0.001862375,-0.001735386,-0.001600807,-0.001458754,-0.001309737,-0.001153886,-0.0009917195,-0.0008233757,-0.0006493847,-0.0004699,-0.0002854637,-9.624803e-05,9.718206e-05,0.0002946236,0.0004954729,0.0006994743,0.0009059664,0.001114616,0.001324668,0.001535675,0.001746751,0.001957294,0.002166244,0.002372799,0.002575673,0.002773826,0.002965732,0.003150102,0.003325175,0.003489439,0.003640944,0.003778049,0.003898795,0.004001571,0.004084613,0.004146548,0.004185937,0.004202229,0.004194372,0.004162554,0.004105459,0.004026434,0.003928293,0.003802889,0.003659609,0.00349903,0.003322935,0.003132357
0.002049503,0.001899835,0.001744162,0.001583891,0.001420022,0.001253783,0.001086058,0.0009176432,0.0007497739,0.000582978,0.0004180105,0.000255593,9.636732e-05,-5.909543e-05,-0.0002102346,-0.0003565999,-0.0004977078,-0.0006332194,-0.0007627335,-0.0008860062,-0.001002714,-0.001112692,-0.001215683,-0.00131159,-0.001400204,-0.001481484,-0.001555264,-0.001621544,-0.001680196,-0.001731255,-0.001774619,-0.001810358,-0.0018384,-0.001858845,-0.001871647,-0.001876938,-0.001874695,-0.001865081,-0.001848102,-0.001823947,-0.001792649,-0.001754422,-0.001709323,-0.00165759,-0.001599301,-0.001534715,-0.001463927,-0.001387213,-0.001304681,-0.001216621,-0.001123151,-0.00102457,-0.0009210043,-0.0008127606,-0.000699972,-0.0005829515,-0.0004618386,-0.0003369554,-0.0002084507,-7.666009e-05,5.824978e-05,0.000195923,0.0003361656,0.000478585,0.0006229442,0.0007687956,0.0009158345,0.001063535,0.001211497,0.001359082,0.001505765,0.001650763,0.001793394,0.001932707,0.002067843,0.002197665,0.002321144,0.002436985,0.002544031,0.002640901,0.002726393,0.002799168,0.002858123,0.00290214,0.002930451,0.002942181,0.002937157,0.002914962,0.00287648,0.002820775,0.002747927,0.002663023,0.002562971,0.002450274,0.002326022,0.002192112
0.001319176,0.0012225,0.001122089,0.001018663,0.0009130263,0.0008057955,0.000697655,0.0005893923,0.000481149,0.0003736953,0.0002675045,0.0001630169,6.059722e-05,-3.933461e-05,-0.0001364908,-0.0002305012,-0.0003211567,-0.0004081392,-0.0004913047,-0.0005703882,-0.0006453004,-0.0007158224,-0.000781911,-0.0008433861,-0.0009002421,-0.0009523293,-0.0009996712,-0.001042141,-0.001079788,-0.001112505,-0.001140363,-0.001163275,-0.001181329,-0.001194454,-0.001202757,-0.001206187,-0.001204869,-0.001198767,-0.001188025,-0.001172623,-0.001152719,-0.001128314,-0.00109958,-0.001066531,-0.001029353,-0.0009880717,-0.0009428845,-0.0008938276,-0.0008411072,-0.0007847665,-0.0007250182,-0.0006619122,-0.0005956653,-0.0005263323,-0.0004541334,-0.0003791272,-0.0003015385,-0.0002214325,-0.0001390394,-5.443294e-05,3.214613e-05,0.0001206101,0.0002106999,0.0003023035,0.0003951347,0.0004890453,0.0005837048,0.0006789122,0.0007742754,0.0008695202,0.0009641736,0.001057867,0.00115002,0.001240152,0.00132757,0.001411675,0.00149166,0.001566821,0.001636257,0.001699202,0.001754748,0.001802138,0.00184055,0.001869338,0.001887831,0.001895758,0.001892636,0.001878535,0.001852881,0.00181717,0.001772632,0.001715766,0.001650686,0.001577727,0.001497716,0.001411157
0.0007455351,0.0006908101,0.0006338943,0.0005753628,0.0005155267,0.0004548831,0.0003936863,0.0003324486,0.0002712676,0.0002105594,0.0001505476,9.154929e-05,3.370602e-05,-2.268931e-05,-7.75288e-05,-0.0001305568,-0.0001817011,-0.0002307439,-0.0002776427,-0.0003222154,-0.0003644456,-0.0004041816,-0.0004414287,-0.0004760604,-0.0005080996,-0.00053744,-0.0005641179,-0.0005880427,-0.0006092615,-0.000627698,-0.0006434084,-0.0006563292,-0.0006665248,-0.0006739426,-0.0006786555,-0.0006806229,-0.0006799258,-0.0006765351,-0.0006705397,-0.0006619205,-0.0006507743,-0.0006370928,-0.0006209796,-0.000602436,-0.0005815714,-0.0005583948,-0.0005330204,-0.0005054644,-0.0004758442,-0.0004441814,-0.0004105957,-0.0003751132,-0.0003378548,-0.0002988504,-0.0002582217,-0.0002160017,-0.0001723133,-0.0001271946,-8.077028e-05,-3.308436e-05,1.573343e-05,6.562992e-05,0.0001164665,0.0001681745,0.0002206012,0.0002736557,0.0003271616,0.0003809961,0.0004349495,0.0004888548,0.0005424576,0.0005955347,0.0006477737,0.0006988843,0.0007484905,0.000796231,0.0008416682,0.0008843759,0.0009238687,0.0009596782,0.0009913164,0.001018317,0.001040243,0.001056692,0.001067322,0.001071907,0.00107027,0.001062329,0.00104804,0.001027666,0.001002115,0.0009704471,0.0009334459,0.0008921481,0.0008467063,0.0007977135
0.0003324549,0.0003079957,0.0002826012,0.0002564557,0.0002297646,0.0002026844,0.0001753895,0.0001480768,0.0001207855,9.370685e-05,6.696074e-05,4.065665e-05,1.488621e-05,-1.024683e-05,-3.467041e-05,-5.829367e-05,-8.106447e-05,-0.0001029052,-0.0001237801,-0.0001436249,-0.0001624177,-0.0001801055,-0.000196678,-0.000212092,-0.000226346,-0.0002394046,-0.0002512736,-0.0002619229,-0.0002713644,-0.0002795734,-0.0002865666,-0.000292324,-0.0002968667,-0.0003001786,-0.0003022855,-0.0003031757,-0.0003028795,-0.0003013893,-0.0002987395,-0.0002949263,-0.000289988,-0.0002839252,-0.00027678,-0.0002685561,-0.0002592988,-0.0002490147,-0.0002377518,-0.0002255192,-0.0002123669,-0.0001983058,-0.0001833872,-0.0001676236,-0.0001510675,-0.0001337322,-0.0001156711,-9.689855e-05,-7.746885e-05,-5.739809e-05,-3.674191e-05,-1.551848e-05,6.21375e-06,2.843308e-05,5.107641e-05,7.411572e-05,9.748094e-05,0.0001211348,0.0001449957,0.0001690129,0.0001930888,0.0002171538,0.0002410894,0.0002648015,0.0002881441,0.0003109941,0.0003331759,0.0003545357,0.0003748683,0.0003939923,0.0004116783,0.0004277284,0.0004419099,0.0004540274,0.0004638696,0.0004712692,0.0004760543,0.0004781518,0.0004774398,0.0004739328,0.0004674892,0.0004584847,0.0004472212,0.0004328455,0.0004163738,0.0003979038,0.0003776461,0.0003557345
8.310192e-05,7.702075e-05,7.06612e-05,6.416393e-05,5.748165e-05,5.073323e-05,4.384663e-05,3.719286e-05,3.028303e-05,2.348458e-05,1.674834e-05,1.019193e-05,3.704455e-06,-2.554895e-06,-8.705685e-06,-1.458211e-05,-2.031814e-05,-2.57478e-05,-3.100794e-05,-3.593856e-05,-4.067666e-05,-4.506747e-05,-4.924856e-05,-5.306985e-05,-5.667023e-05,-5.990337e-05,-6.290743e-05,-6.553838e-05,-6.793402e-05,-6.995427e-05,-7.173732e-05,-7.314598e-05,-7.431683e-05,-7.511459e-05,-7.567521e-05,-7.586728e-05,-7.582687e-05,-7.54252e-05,-7.479669e-05,-7.381469e-05,-7.261302e-05,-7.106862e-05,-6.931486e-05,-6.723101e-05,-6.49489e-05,-6.235013e-05,-5.956563e-05,-5.64798e-05,-5.322215e-05,-4.967905e-05,-4.597847e-05,-4.200935e-05,-3.789818e-05,-3.353592e-05,-2.904688e-05,-2.432411e-05,-1.949052e-05,-1.444216e-05,-9.300056e-06,-3.962544e-06,1.451276e-06,7.039654e-06,1.268429e-05,1.847922e-05,2.43074e-05,3.025811e-05,3.621386e-05,4.225703e-05,4.826928e-05,5.43259e-05,6.03074e-05,6.627876e-05,7.211576e-05,7.787113e-05,8.341872e-05,8.880136e-05,9.389147e-05,9.87176e-05,0.0001031477,0.0001071958,0.0001107509,0.0001138104,0.0001162908,0.0001181712,0.0001193382,0.0001199142,0.0001197214,0.000118858,0.0001168047,0.0001144251,0.0001130704,0.0001086663,0.0001040131,9.935153e-05,9.434963e-05,8.891579e-05
0,0,0,0,0,0,0,0,0,0,0,0,0,0,0,0,0,0,0,0,0,0,0,0,0,0,0,0,0,0,0,0,0,0,0,0,0,0,0,0,0,0,0,0,0,0,0,0,0,0,0,0,0,0,0,0,0,0,0,0,0,0,0,0,0,0,0,0,0,0,0,0,0,0,0,0,0,0,0,0,0,0,0,0,0,0,0,0,0,0,0,0,0,0,0,0
