NaN,NaN,NaN,NaN,NaN,NaN,NaN,NaN,NaN,NaN,NaN,NaN,NaN,NaN,NaN,0,0,0,0,0,0,0,0,0,0,0,0,0,0,0,0,0,0,0,0,0,0,0,0,0,0,0,0,0,0,0,0,0,0,0,0,0,0,0,0,0,0,0,0,0,0,0,0,0,0,0,0,0,0,0,0,0,0,0,0,0,0,0,0,0,0,0,NaN,NaN,NaN,NaN,NaN,NaN,NaN,NaN,NaN,NaN,NaN,NaN,NaN,NaN
NaN,NaN,NaN,NaN,NaN,NaN,NaN,NaN,NaN,NaN,NaN,NaN,NaN,NaN,NaN,-2.243822e-09,5.15867e-10,1.541749e-09,1.701854e-09,1.411174e-09,1.151635e-09,8.141321e-10,5.765353e-10,2.786149e-10,5.681025e-11,-2.366444e-10,-4.687773e-10,-7.758519e-10,-1.024616e-09,-1.344654e-09,-1.602452e-09,-1.924847e-09,-2.1781e-09,-2.488587e-09,-2.722545e-09,-3.006352e-09,-3.20644e-09,-3.450019e-09,-3.603318e-09,-3.794717e-09,-3.890678e-09,-4.020831e-09,-4.051939e-09,-4.114725e-09,-4.0757e-09,-4.066764e-09,-3.955296e-09,-3.875396e-09,-3.695496e-09,-3.550958e-09,-3.309969e-09,-3.10817e-09,-2.813955e-09,-2.564238e-09,-2.227775e-09,-1.942133e-09,-1.575883e-09,-1.266754e-09,-8.837039e-10,-5.656361e-10,-1.819428e-10,1.27437e-10,4.920115e-10,7.700885e-10,1.089471e-09,1.30807e-09,1.55768e-09,1.705844e-09,1.902952e-09,2.045135e-09,2.319039e-09,2.658797e-09,3.275366e-09,4.088832e-09,5.217752e-09,6.360819e-09,7.24634e-09,7.102519e-09,5.525853e-09,3.187755e-09,4.278215e-09,1.449217e-08,NaN,NaN,NaN,NaN,NaN,NaN,NaN,NaN,NaN,NaN,NaN,NaN,NaN,NaN
NaN,NaN,NaN,NaN,NaN,NaN,NaN,NaN,NaN,NaN,NaN,NaN,NaN,NaN,NaN,-3.458777e-08,8.474279e-09,2.310938e-08,2.662409e-08,2.102279e-08,1.805244e-08,1.187406e-08,9.152574e-09,3.666278e-09,1.119935e-09,-4.210304e-09,-6.968066e-09,-1.242284e-08,-1.550335e-08,-2.109418e-08,-2.438169e-08,-2.993301e-08,-3.320221e-08,-3.849759e-08,-4.15362e-08,-4.636609e-08,-4.894788e-08,-5.309334e-08,-5.501042e-08,-5.829389e-08,-5.939458e-08,-6.168452e-08,-6.184903e-08,-6.304656e-08,-6.219507e-08,-6.223996e-08,-6.033948e-08,-5.92394e-08,-5.634734e-08,-5.420184e-08,-5.044106e-08,-4.736669e-08,-4.285222e-08,-3.898032e-08,-3.388045e-08,-2.940265e-08,-2.392199e-08,-1.902581e-08,-1.335469e-08,-8.250586e-09,-2.643884e-09,2.391516e-09,7.621457e-09,1.225473e-08,1.671353e-08,2.052196e-08,2.381844e-08,2.664097e-08,2.904062e-08,3.189162e-08,3.536341e-08,4.135735e-08,4.992666e-08,6.329246e-08,7.950896e-08,9.802447e-08,1.101833e-07,1.091153e-07,8.315732e-08,4.900129e-08,6.423915e-08,2.208622e-07,NaN,NaN,NaN,NaN,NaN,NaN,NaN,NaN,NaN,NaN,NaN,NaN,NaN,NaN
NaN,NaN,NaN,NaN,NaN,NaN,NaN,NaN,NaN,NaN,NaN,NaN,NaN,NaN,NaN,-1.575089e-07,3.641259e-08,1.12738e-07,1.222396e-07,1.032886e-07,8.144669e-08,5.851062e-08,3.882771e-08,1.894935e-08,8.459294e-10,-1.869911e-08,-3.729147e-08,-5.786863e-08,-7.743196e-08,-9.899718e-08,-1.190244e-07,-1.408433e-07,-1.603706e-07,-1.813889e-07,-1.993317e-07,-2.184778e-07,-2.338169e-07,-2.501382e-07,-2.619496e-07,-2.745686e-07,-2.820886e-07,-2.903633e-07,-2.930786e-07,-2.965823e-07,-2.941148e-07,-2.925354e-07,-2.847358e-07,-2.781512e-07,-2.65323e-07,-2.541886e-07,-2.36858e-07,-2.217239e-07,-2.004867e-07,-1.820499e-07,-1.576923e-07,-1.368066e-07,-1.102218e-07,-8.781193e-08,-5.996096e-08,-3.709135e-08,-9.119194e-09,1.294554e-08,3.961918e-08,5.922453e-08,8.273037e-08,9.786076e-08,1.164883e-07,1.263869e-07,1.414511e-07,1.508082e-07,1.71727e-07,1.952182e-07,2.411076e-07,2.983107e-07,3.808706e-07,4.603139e-07,5.236736e-07,5.073032e-07,3.932376e-07,2.217951e-07,3.022818e-07,1.025317e-06,NaN,NaN,NaN,NaN,NaN,NaN,NaN,NaN,NaN,NaN,NaN,NaN,NaN,NaN
NaN,NaN,NaN,NaN,NaN,NaN,NaN,NaN,NaN,NaN,NaN,NaN,NaN,NaN,NaN,-4.490303e-07,1.109934e-07,3.236961e-07,3.595759e-07,2.948831e-07,2.371336e-07,1.615333e-07,1.1009e-07,4.488051e-08,-1.778384e-09,-6.491152e-08,-1.130611e-07,-1.783592e-07,-2.296276e-07,-2.971555e-07,-3.500764e-07,-4.176253e-07,-4.693216e-07,-5.338925e-07,-5.813333e-07,-6.39932e-07,-6.801352e-07,-7.299391e-07,-7.601997e-07,-7.98748e-07,-8.169459e-07,-8.424433e-07,-8.470784e-07,-8.582902e-07,-8.483171e-07,-8.444185e-07,-8.194455e-07,-8.006616e-07,-7.615751e-07,-7.292811e-07,-6.777025e-07,-6.335288e-07,-5.711626e-07,-5.17076e-07,-4.462366e-07,-3.847892e-07,-3.081626e-07,-2.420071e-07,-1.623265e-07,-9.448287e-08,-1.513908e-08,5.068253e-08,1.255262e-07,1.846496e-07,2.496414e-07,2.963496e-07,3.46533e-07,3.788305e-07,4.181747e-07,4.499746e-07,5.057449e-07,5.795014e-07,7.064355e-07,8.781047e-07,1.108167e-06,1.341856e-06,1.508711e-06,1.460228e-06,1.108653e-06,6.243284e-07,8.451306e-07,2.906228e-06,NaN,NaN,NaN,NaN,NaN,NaN,NaN,NaN,NaN,NaN,NaN,NaN,NaN,NaN
NaN,NaN,NaN,NaN,NaN,NaN,NaN,NaN,NaN,NaN,NaN,NaN,NaN,NaN,NaN,-9.517593e-07,2.441007e-07,7.297334e-07,7.969115e-07,6.639434e-07,5.119429e-07,3.50276e-07,2.173792e-07,8.178227e-08,-3.628891e-08,-1.66358e-07,-2.854689e-07,-4.203483e-07,-5.445105e-07,-6.84382e-07,-8.105586e-07,-9.507575e-07,-1.072795e-06,-1.20662e-06,-1.317675e-06,-1.438378e-06,-1.531999e-06,-1.633531e-06,-1.703893e-06,-1.780794e-06,-1.8232e-06,-1.871556e-06,-1.882896e-06,-1.900155e-06,-1.878221e-06,-1.86262e-06,-1.806684e-06,-1.758924e-06,-1.671126e-06,-1.594331e-06,-1.478271e-06,-1.376169e-06,-1.235837e-06,-1.113027e-06,-9.536095e-07,-8.157177e-07,-6.431014e-07,-4.961578e-07,-3.165866e-07,-1.674678e-07,1.162152e-08,1.54746e-07,3.242236e-07,4.508729e-07,5.989802e-07,6.96672e-07,8.130377e-07,8.778467e-07,9.719953e-07,1.035216e-06,1.168294e-06,1.32397e-06,1.6165e-06,1.985168e-06,2.501681e-06,2.99209e-06,3.348549e-06,3.183588e-06,2.388547e-06,1.294025e-06,1.790457e-06,6.208845e-06,NaN,NaN,NaN,NaN,NaN,NaN,NaN,NaN,NaN,NaN,NaN,NaN,NaN,NaN
NaN,NaN,NaN,NaN,NaN,NaN,NaN,NaN,NaN,NaN,NaN,NaN,NaN,NaN,NaN,-1.705066e-06,4.914903e-07,1.394948e-06,1.544681e-06,1.257807e-06,9.578933e-07,6.131837e-07,3.581972e-07,7.59581e-08,-1.429284e-07,-4.074985e-07,-6.25093e-07,-8.947097e-07,-1.120449e-06,-1.396453e-06,-1.624853e-06,-1.898337e-06,-2.117666e-06,-2.376125e-06,-2.573714e-06,-2.804636e-06,-2.96828e-06,-3.160193e-06,-3.278983e-06,-3.421921e-06,-3.487379e-06,-3.574303e-06,-3.580784e-06,-3.607158e-06,-3.550905e-06,-3.51388e-06,-3.393929e-06,-3.295163e-06,-3.115917e-06,-2.961772e-06,-2.730572e-06,-2.52849e-06,-2.253149e-06,-2.012024e-06,-1.70272e-06,-1.433608e-06,-1.101898e-06,-8.163561e-07,-4.741656e-07,-1.852814e-07,1.529777e-07,4.295226e-07,7.464131e-07,9.910888e-07,1.264714e-06,1.454679e-06,1.666307e-06,1.795909e-06,1.965619e-06,2.096713e-06,2.341829e-06,2.652938e-06,3.198258e-06,3.909311e-06,4.85767e-06,5.762987e-06,6.336551e-06,5.92414e-06,4.278756e-06,2.220822e-06,3.108303e-06,1.110436e-05,NaN,NaN,NaN,NaN,NaN,NaN,NaN,NaN,NaN,NaN,NaN,NaN,NaN,NaN
NaN,NaN,NaN,NaN,NaN,NaN,NaN,NaN,NaN,NaN,NaN,NaN,NaN,NaN,NaN,-2.671329e-06,9.002957e-07,2.506506e-06,2.758304e-06,2.236613e-06,1.604854e-06,9.626837e-07,4.437919e-07,-5.719955e-08,-4.851465e-07,-9.407736e-07,-1.35322e-06,-1.811332e-06,-2.229051e-06,-2.693695e-06,-3.108334e-06,-3.564632e-06,-3.956288e-06,-4.382397e-06,-4.728946e-06,-5.103077e-06,-5.383833e-06,-5.686646e-06,-5.883293e-06,-6.097895e-06,-6.196306e-06,-6.311268e-06,-6.302759e-06,-6.311263e-06,-6.190314e-06,-6.088395e-06,-5.854505e-06,-5.646319e-06,-5.30836e-06,-5.005986e-06,-4.577652e-06,-4.195158e-06,-3.691302e-06,-3.245361e-06,-2.6845e-06,-2.194953e-06,-1.597743e-06,-1.085597e-06,-4.737087e-07,3.744005e-08,6.386054e-07,1.121195e-06,1.681242e-06,2.101214e-06,2.582854e-06,2.902248e-06,3.276366e-06,3.489861e-06,3.797374e-06,4.018824e-06,4.46975e-06,5.011497e-06,5.990174e-06,7.210675e-06,8.84364e-06,1.028996e-05,1.108375e-05,9.998075e-06,6.843116e-06,3.191151e-06,4.67535e-06,1.753107e-05,NaN,NaN,NaN,NaN,NaN,NaN,NaN,NaN,NaN,NaN,NaN,NaN,NaN,NaN
NaN,NaN,NaN,NaN,NaN,NaN,NaN,NaN,NaN,NaN,NaN,NaN,NaN,NaN,-7.060778e-06,-3.846792e-06,1.711781e-06,4.456738e-06,4.944672e-06,3.877592e-06,2.608003e-06,1.31621e-06,3.233988e-07,-6.372513e-07,-1.411201e-06,-2.251047e-06,-2.970799e-06,-3.792772e-06,-4.505272e-06,-5.321504e-06,-6.01453e-06,-6.799908e-06,-7.439749e-06,-8.157504e-06,-8.707234e-06,-9.320932e-06,-9.745814e-06,-1.022309e-05,-1.049316e-05,-1.080711e-05,-1.09005e-05,-1.103392e-05,-1.093811e-05,-1.088184e-05,-1.059028e-05,-1.034062e-05,-9.855451e-06,-9.422337e-06,-8.761643e-06,-8.168736e-06,-7.359047e-06,-6.63322e-06,-5.702506e-06,-4.87457e-06,-3.856932e-06,-2.963121e-06,-1.896078e-06,-9.739574e-07,1.038397e-07,1.012515e-06,2.055912e-06,2.902844e-06,3.859243e-06,4.587211e-06,5.395153e-06,5.944356e-06,6.561797e-06,6.935434e-06,7.447426e-06,7.85753e-06,8.636115e-06,9.620341e-06,1.130094e-05,1.341012e-05,1.607073e-05,1.829061e-05,1.901879e-05,1.632863e-05,1.003987e-05,3.749037e-06,6.044882e-06,2.535292e-05,4.561769e-05,NaN,NaN,NaN,NaN,NaN,NaN,NaN,NaN,NaN,NaN,NaN,NaN,NaN
NaN,NaN,NaN,NaN,NaN,NaN,NaN,NaN,NaN,NaN,NaN,NaN,NaN,NaN,-9.663794e-06,-5.087689e-06,3.438789e-06,8.493675e-06,9.292578e-06,7.01656e-06,4.165378e-06,1.526783e-06,-5.812984e-07,-2.428534e-06,-3.998559e-06,-5.54632e-06,-6.952551e-06,-8.426477e-06,-9.774021e-06,-1.120382e-05,-1.247538e-05,-1.381752e-05,-1.495443e-05,-1.614345e-05,-1.708067e-05,-1.805264e-05,-1.873093e-05,-1.943098e-05,-1.980061e-05,-2.018456e-05,-2.021141e-05,-2.025417e-05,-1.992245e-05,-1.961415e-05,-1.891895e-05,-1.825991e-05,-1.721253e-05,-1.622801e-05,-1.486803e-05,-1.360704e-05,-1.198854e-05,-1.050606e-05,-8.686079e-06,-7.043601e-06,-5.0884e-06,-3.355235e-06,-1.336181e-06,4.157771e-07,2.424903e-06,4.11697e-06,6.032607e-06,7.576351e-06,9.303722e-06,1.059811e-05,1.203308e-05,1.298339e-05,1.407129e-05,1.471204e-05,1.564101e-05,1.638944e-05,1.785411e-05,1.967329e-05,2.275134e-05,2.646415e-05,3.096237e-05,3.419365e-05,3.410241e-05,2.71781e-05,1.3935e-05,2.406407e-06,6.205348e-06,3.42456e-05,6.230579e-05,NaN,NaN,NaN,NaN,NaN,NaN,NaN,NaN,NaN,NaN,NaN,NaN,NaN
NaN,NaN,NaN,NaN,NaN,NaN,NaN,NaN,NaN,NaN,NaN,NaN,NaN,NaN,-1.263102e-05,-6.214076e-06,7.881295e-06,1.787181e-05,1.870443e-05,1.303984e-05,6.502522e-06,7.650507e-07,-3.748911e-06,-7.610952e-06,-1.087483e-05,-1.403425e-05,-1.688282e-05,-1.98211e-05,-2.247725e-05,-2.525538e-05,-2.768661e-05,-3.021803e-05,-3.231193e-05,-3.447169e-05,-3.610658e-05,-3.777512e-05,-3.884162e-05,-3.991828e-05,-4.032862e-05,-4.07382e-05,-4.043834e-05,-4.014483e-05,-3.911752e-05,-3.811553e-05,-3.636644e-05,-3.467226e-05,-3.223902e-05,-2.991665e-05,-2.689075e-05,-2.404968e-05,-2.055056e-05,-1.731134e-05,-1.346285e-05,-9.95655e-06,-5.898317e-06,-2.269362e-06,1.850992e-06,5.45512e-06,9.486702e-06,1.290667e-05,1.668107e-05,1.97413e-05,2.307381e-05,2.558403e-05,2.828641e-05,3.00902e-05,3.209837e-05,3.332284e-05,3.507257e-05,3.659817e-05,3.947723e-05,4.314654e-05,4.908376e-05,5.612898e-05,6.407487e-05,6.887275e-05,6.582717e-05,4.846637e-05,1.825999e-05,-5.17826e-06,1.96873e-06,4.372244e-05,8.134156e-05,NaN,NaN,NaN,NaN,NaN,NaN,NaN,NaN,NaN,NaN,NaN,NaN,NaN
NaN,NaN,NaN,NaN,NaN,NaN,NaN,NaN,NaN,NaN,NaN,NaN,NaN,NaN,-1.593191e-05,-6.320914e-06,2.011481e-05,4.010006e-05,3.718198e-05,2.312838e-05,8.456585e-06,-3.259167e-06,-1.284346e-05,-2.062411e-05,-2.76216e-05,-3.40052e-05,-4.008355e-05,-4.596351e-05,-5.152348e-05,-5.697897e-05,-6.193856e-05,-6.678101e-05,-7.091429e-05,-7.489098e-05,-7.795932e-05,-8.083553e-05,-8.263109e-05,-8.421573e-05,-8.457818e-05,-8.47367e-05,-8.357809e-05,-8.226024e-05,-7.957101e-05,-7.67906e-05,-7.260845e-05,-6.842518e-05,-6.285385e-05,-5.742378e-05,-5.067349e-05,-4.424162e-05,-3.657698e-05,-2.941097e-05,-2.110558e-05,-1.349144e-05,-4.844567e-06,2.910551e-06,1.15873e-05,1.917064e-05,2.755918e-05,3.463671e-05,4.238947e-05,4.860047e-05,5.534576e-05,6.03135e-05,6.569715e-05,6.915072e-05,7.311832e-05,7.540881e-05,7.895406e-05,8.195236e-05,8.791681e-05,9.523728e-05,0.0001071912,0.0001206662,0.0001355129,0.0001425949,0.0001329944,9.24362e-05,2.378603e-05,-3.127545e-05,-1.669369e-05,5.229623e-05,0.0001023386,NaN,NaN,NaN,NaN,NaN,NaN,NaN,NaN,NaN,NaN,NaN,NaN,NaN
NaN,NaN,NaN,NaN,NaN,NaN,NaN,NaN,NaN,NaN,NaN,NaN,NaN,NaN,-1.972722e-05,-2.141086e-06,5.293222e-05,8.407423e-05,6.465014e-05,3.4894e-05,6.154821e-06,-1.502773e-05,-3.344433e-05,-4.793656e-05,-6.18248e-05,-7.404942e-05,-8.618974e-05,-9.747393e-05,-0.0001084472,-0.0001187984,-0.0001283941,-0.0001374035,-0.0001451837,-0.0001523586,-0.0001578769,-0.0001627728,-0.000165647,-0.00016791,-0.0001678563,-0.0001672532,-0.0001641346,-0.000160601,-0.000154435,-0.0001480332,-0.0001389317,-0.0001298171,-0.0001180201,-0.0001065324,-9.248227e-05,-7.913103e-05,-6.337317e-05,-4.871096e-05,-3.18055e-05,-1.641568e-05,1.034713e-06,1.653339e-05,3.390821e-05,4.888965e-05,6.555925e-05,7.935858e-05,9.464232e-05,0.0001065491,0.0001197348,0.0001290283,0.0001394746,0.0001456864,0.0001533981,0.0001573212,0.000164377,0.000169711,0.0001816292,0.0001951104,0.0002183123,0.0002425365,0.0002701,0.0002801456,0.0002603155,0.000177729,3.847464e-05,-9.628831e-05,-7.900661e-05,5.387445e-05,0.0001252844,NaN,NaN,NaN,NaN,NaN,NaN,NaN,NaN,NaN,NaN,NaN,NaN,NaN
NaN,NaN,NaN,NaN,NaN,NaN,NaN,NaN,NaN,NaN,NaN,NaN,NaN,NaN,-2.580101e-05,1.919065e-05,0.0001233558,0.0001458116,9.4395e-05,4.205236e-05,-5.073867e-06,-4.007255e-05,-7.077331e-05,-9.608681e-05,-0.0001201706,-0.0001421504,-0.000163466,-0.0001837525,-0.0002029301,-0.0002213205,-0.0002378776,-0.0002536037,-0.0002667482,-0.0002789458,-0.0002878982,-0.0002958056,-0.0002999138,-0.0003029373,-0.0003017308,-0.0002994986,-0.0002927756,-0.0002852225,-0.0002730611,-0.0002603483,-0.0002429955,-0.0002254513,-0.0002033829,-0.0001816589,-0.0001557019,-0.0001307434,-0.0001019043,-7.473295e-05,-4.404375e-05,-1.572845e-05,1.571581e-05,4.405468e-05,7.513454e-05,0.0001023658,0.0001319468,0.0001568763,0.0001837446,0.0002051086,0.0002280116,0.0002445545,0.0002624108,0.0002733862,0.000286338,0.0002932955,0.000305188,0.000314747,0.0003352962,0.0003589791,0.0003988458,0.0004400765,0.0004862106,0.0005012198,0.0004663845,0.000322771,7.828879e-05,-0.0002040784,-0.000237447,1.910534e-05,0.0001543235,NaN,NaN,NaN,NaN,NaN,NaN,NaN,NaN,NaN,NaN,NaN,NaN,NaN
NaN,NaN,NaN,NaN,NaN,NaN,NaN,NaN,NaN,NaN,NaN,NaN,NaN,-2.1549e-05,-3.40794e-05,8.14875e-05,0.0002345181,0.0002056005,0.0001225579,3.671107e-05,-2.735679e-05,-8.478017e-05,-0.0001279958,-0.0001717151,-0.0002071032,-0.0002455389,-0.0002775044,-0.0003125964,-0.0003414813,-0.0003727498,-0.0003975397,-0.0004237626,-0.0004431007,-0.0004629476,-0.000475556,-0.0004878655,-0.0004926962,-0.0004965755,-0.000492895,-0.0004878179,-0.0004753449,-0.0004612813,-0.0004401967,-0.0004174815,-0.0003882475,-0.0003574851,-0.0003209352,-0.0002832421,-0.0002407724,-0.0001977291,-0.0001510256,-0.0001043306,-5.51197e-05,-6.534409e-06,4.336433e-05,9.201245e-05,0.0001407467,0.0001876258,0.0002333169,0.0002765063,0.0003171499,0.0003546395,0.0003881835,0.0004180286,0.0004427421,0.0004639183,0.0004801195,0.0004954166,0.0005093981,0.0005297281,0.000556899,0.0006005648,0.0006569222,0.000728405,0.0007914618,0.0008217202,0.0007561027,0.0005444383,0.0001467366,-0.0003232123,-0.0005337033,-0.0001245317,0.0001966159,0.0001999529,NaN,NaN,NaN,NaN,NaN,NaN,NaN,NaN,NaN,NaN,NaN,NaN
NaN,NaN,NaN,NaN,NaN,NaN,NaN,NaN,NaN,NaN,NaN,NaN,NaN,-2.479603e-05,-2.71822e-05,0.0002024488,0.0003612347,0.0002556916,0.0001426552,1.63143e-05,-6.633213e-05,-0.0001522017,-0.0002110204,-0.000278672,-0.0003290118,-0.0003888016,-0.0004351313,-0.0004891374,-0.0005311939,-0.0005785159,-0.0006145228,-0.0006533521,-0.0006811989,-0.0007096163,-0.0007273768,-0.0007437298,-0.0007498588,-0.0007528965,-0.0007463369,-0.000735362,-0.0007157582,-0.0006908283,-0.0006585356,-0.0006202522,-0.0005760496,-0.0005254142,-0.0004706426,-0.0004094138,-0.0003462483,-0.0002768624,-0.00020791,-0.0001329766,-6.090951e-05,1.688666e-05,8.927587e-05,0.0001671793,0.000237055,0.0003123154,0.0003767977,0.0004465549,0.000502585,0.0005638787,0.0006083401,0.0006583753,0.0006886913,0.0007261915,0.000742947,0.0007724831,0.0007851778,0.0008234058,0.0008547022,0.0009287025,0.001000906,0.001116183,0.001193571,0.001248972,0.001134894,0.0008479037,0.0002465671,-0.0004385437,-0.0009503196,-0.0004634653,0.000217126,0.0002238225,NaN,NaN,NaN,NaN,NaN,NaN,NaN,NaN,NaN,NaN,NaN,NaN
NaN,NaN,NaN,NaN,NaN,NaN,NaN,NaN,NaN,NaN,NaN,NaN,NaN,-4.064077e-05,2.457101e-05,0.000380428,0.0004700513,0.0003018309,0.0001423424,-1.740381e-05,-0.0001314372,-0.0002426225,-0.0003283592,-0.000418621,-0.0004940476,-0.0005745839,-0.0006442403,-0.0007166585,-0.0007796312,-0.0008422211,-0.0008958937,-0.0009459828,-0.0009874173,-0.001022307,-0.001048865,-0.001066266,-0.001075853,-0.001074067,-0.001065295,-0.00104344,-0.001015926,-0.0009741971,-0.0009285672,-0.0008679408,-0.0008054301,-0.0007274548,-0.0006500782,-0.0005573509,-0.0004682829,-0.0003643517,-0.0002673729,-0.0001560286,-5.500191e-05,5.987569e-05,0.0001609439,0.0002753996,0.0003724702,0.0004825736,0.0005715537,0.0006732222,0.000749785,0.0008388242,0.0008986223,0.0009711451,0.0010107,0.001065086,0.00108554,0.001128538,0.001143651,0.001198851,0.00124044,0.00134514,0.001443193,0.001602821,0.001705316,0.001778058,0.00161633,0.001221694,0.00039705,-0.0005732531,-0.001427135,-0.001057722,0.0001212258,0.0002797034,NaN,NaN,NaN,NaN,NaN,NaN,NaN,NaN,NaN,NaN,NaN,NaN
NaN,NaN,NaN,NaN,NaN,NaN,NaN,NaN,NaN,NaN,NaN,NaN,NaN,-6.434616e-05,0.0001393952,0.0005932015,0.0005489859,0.0003408596,0.0001153344,-6.796113e-05,-0.0002283792,-0.0003598224,-0.0004855893,-0.0005956785,-0.0007077389,-0.000807251,-0.0009102032,-0.0009995691,-0.001091796,-0.001168072,-0.00124607,-0.00130544,-0.001365385,-0.001404166,-0.001442664,-0.001457807,-0.001472198,-0.001461489,-0.001450059,-0.00141242,-0.001374825,-0.001310672,-0.001247941,-0.001158766,-0.001072738,-0.0009608041,-0.0008543531,-0.0007233255,-0.0006008553,-0.0004556709,-0.0003223875,-0.0001683196,-2.952652e-05,0.0001280496,0.0002669092,0.0004225457,0.000556025,0.000704309,0.0008269173,0.0009622358,0.001068221,0.001184824,0.001268495,0.001361111,0.001418131,0.001484671,0.001517169,0.001566866,0.001594049,0.001658414,0.001723259,0.001850831,0.001992451,0.002186787,0.002334199,0.0024037,0.002207463,0.001657298,0.000609678,-0.0007404622,-0.00193298,-0.001922081,-0.0001978711,0.0003764692,NaN,NaN,NaN,NaN,NaN,NaN,NaN,NaN,NaN,NaN,NaN,NaN
NaN,NaN,NaN,NaN,NaN,NaN,NaN,NaN,NaN,NaN,NaN,NaN,NaN,-6.908998e-05,0.0003237558,0.0007943581,0.0006071548,0.0003572573,6.377315e-05,-0.0001461868,-0.0003567967,-0.0005128824,-0.0006832498,-0.0008180077,-0.0009710709,-0.001094248,-0.001234087,-0.001344564,-0.00146852,-0.00156189,-0.001665366,-0.001736516,-0.001814667,-0.00185883,-0.001907423,-0.001920749,-0.001936526,-0.001916268,-0.001897183,-0.001842099,-0.001787916,-0.00169878,-0.001611082,-0.001490069,-0.00137146,-0.001221739,-0.001076152,-0.0009027054,-0.0007360207,-0.0005454538,-0.000364566,-0.0001639327,2.414401e-05,0.0002276775,0.00041582,0.0006150417,0.0007961753,0.0009839201,0.001150947,0.00131981,0.001465372,0.001607792,0.001724706,0.001833817,0.001916888,0.001990141,0.00204285,0.002092402,0.002140377,0.00220671,0.002305666,0.002449636,0.002648597,0.002870407,0.003076136,0.003126903,0.002900447,0.002159187,0.0008758588,-0.0009224304,-0.002489299,-0.002988594,-0.0008453782,0.0004496825,NaN,NaN,NaN,NaN,NaN,NaN,NaN,NaN,NaN,NaN,NaN,NaN
NaN,NaN,NaN,NaN,NaN,NaN,NaN,NaN,NaN,NaN,NaN,NaN,-2.249806e-05,-2.854507e-05,0.0005728701,0.0009459429,0.0006503784,0.0003367405,-1.103679e-05,-0.0002624706,-0.0005165286,-0.0007104432,-0.000921583,-0.001093137,-0.001284335,-0.001442123,-0.001615908,-0.001757152,-0.00190928,-0.002028022,-0.002152459,-0.002242243,-0.002332961,-0.002387967,-0.002439811,-0.002455368,-0.002464393,-0.002437251,-0.002401127,-0.002330011,-0.002248702,-0.002134845,-0.002010605,-0.001857064,-0.001693499,-0.001504599,-0.001306921,-0.001089168,-0.0008649693,-0.000626908,-0.0003850758,-0.0001358281,0.0001146224,0.0003658347,0.0006158195,0.0008597904,0.001100376,0.001328008,0.001550247,0.001752126,0.001946783,0.002113388,0.002271629,0.002394486,0.002510166,0.002586392,0.002664496,0.002709792,0.002783057,0.002848095,0.002985896,0.00314499,0.003406103,0.003655318,0.003920312,0.003948645,0.003680295,0.002734938,0.001180629,-0.001091631,-0.00312339,-0.00416575,-0.001921918,0.0003974992,0.0003130309,NaN,NaN,NaN,NaN,NaN,NaN,NaN,NaN,NaN,NaN,NaN
NaN,NaN,NaN,NaN,NaN,NaN,NaN,NaN,NaN,NaN,NaN,NaN,-4.717798e-05,6.619603e-05,0.0008652261,0.001041089,0.0006710849,0.0002734189,-0.0001139227,-0.0004220689,-0.0007110914,-0.0009571719,-0.001203249,-0.001425046,-0.001649352,-0.001854003,-0.002056542,-0.002239399,-0.002413818,-0.002567289,-0.002705871,-0.002822126,-0.002917506,-0.002989657,-0.003035702,-0.003058322,-0.003050444,-0.003019843,-0.002955439,-0.002870357,-0.002749703,-0.002612028,-0.002438282,-0.002252166,-0.002030143,-0.001801254,-0.001537685,-0.001274295,-0.0009787753,-0.0006916168,-0.0003753162,-7.582496e-05,0.0002499373,0.0005502539,0.0008741505,0.001163898,0.001474868,0.001742859,0.002029866,0.002264573,0.002516274,0.002706137,0.002911811,0.00304677,0.00319923,0.003276365,0.003382213,0.003421398,0.003520837,0.003583963,0.003760445,0.003936286,0.00425768,0.00453769,0.004854633,0.004863056,0.00453332,0.003384375,0.001517658,-0.001231919,-0.003833402,-0.005422133,-0.00348581,0.0001264414,0.0004074652,NaN,NaN,NaN,NaN,NaN,NaN,NaN,NaN,NaN,NaN,NaN
NaN,NaN,NaN,NaN,NaN,NaN,NaN,NaN,NaN,NaN,NaN,NaN,-7.839604e-05,0.0002261695,0.001156547,0.001084031,0.0006569082,0.0001650884,-0.0002521475,-0.0006272711,-0.0009458442,-0.001254738,-0.001532289,-0.001814473,-0.002068955,-0.002329476,-0.002557567,-0.002789527,-0.002982348,-0.00317639,-0.003324403,-0.003471302,-0.003565703,-0.003657457,-0.003691135,-0.003721677,-0.003689531,-0.003654809,-0.003553985,-0.003452785,-0.003284017,-0.003119109,-0.002886744,-0.002663589,-0.002373858,-0.002099645,-0.001761074,-0.001446091,-0.001070565,-0.00072793,-0.0003291769,2.712697e-05,0.0004351596,0.0007911404,0.001194628,0.001536569,0.001922051,0.00223653,0.002590639,0.002863999,0.00317311,0.003391747,0.003642997,0.003795335,0.003980401,0.004063871,0.004191047,0.004230258,0.004347255,0.004416056,0.004620342,0.004822644,0.005190125,0.005512543,0.005861014,0.005862721,0.005441448,0.004106433,0.001880632,-0.001327816,-0.004604026,-0.006749173,-0.005503575,-0.0005112149,0.0005585125,NaN,NaN,NaN,NaN,NaN,NaN,NaN,NaN,NaN,NaN,NaN
NaN,NaN,NaN,NaN,NaN,NaN,NaN,NaN,NaN,NaN,NaN,NaN,-8.634657e-05,0.0004609363,0.001379655,0.001085361,0.0005903569,1.512982e-05,-0.0004370228,-0.0008754809,-0.001229166,-0.001600252,-0.001915074,-0.002257734,-0.002547681,-0.002863595,-0.00312166,-0.003401194,-0.003615873,-0.003847533,-0.004007271,-0.004180265,-0.004275009,-0.00438042,-0.004402246,-0.004433262,-0.004376471,-0.004328716,-0.004190515,-0.004063122,-0.003844892,-0.003641515,-0.00334887,-0.0030765,-0.002717497,-0.002385203,-0.001970418,-0.001590625,-0.001134409,-0.0007228308,-0.0002417467,0.0001848652,0.0006739793,0.001098903,0.001579444,0.001986497,0.00244252,0.002816041,0.003231673,0.003555677,0.003914772,0.004173631,0.004461265,0.004642086,0.004848771,0.00494941,0.005085143,0.005135287,0.005255443,0.00534111,0.005556788,0.005796727,0.006191012,0.006566636,0.006923675,0.006930045,0.006392143,0.004887439,0.002276049,-0.001379503,-0.00539204,-0.008163409,-0.007788096,-0.001722035,0.0006643542,NaN,NaN,NaN,NaN,NaN,NaN,NaN,NaN,NaN,NaN,NaN
NaN,NaN,NaN,NaN,NaN,NaN,NaN,NaN,NaN,NaN,NaN,NaN,-5.1084e-05,0.0007594937,0.001498008,0.001045613,0.000459834,-0.0001756243,-0.0006765763,-0.001165008,-0.001567082,-0.001990828,-0.002355752,-0.002750433,-0.003087844,-0.003450393,-0.003749314,-0.004066634,-0.004312865,-0.004571091,-0.004751196,-0.004937883,-0.005040593,-0.005145838,-0.005162567,-0.005178992,-0.005103727,-0.005026749,-0.004856826,-0.004685942,-0.004423556,-0.004163551,-0.003815905,-0.003475552,-0.003052752,-0.002643196,-0.002158109,-0.001694147,-0.001163814,-0.0006639495,-0.0001079656,0.0004080724,0.00096978,0.001482364,0.002030265,0.002520581,0.003036096,0.003486108,0.003950825,0.004342209,0.004737483,0.00505253,0.00536138,0.005585898,0.005797863,0.005930263,0.006057222,0.006132185,0.006237077,0.006352275,0.006559304,0.006847263,0.007246049,0.007682356,0.008024836,0.00804315,0.007371726,0.005710662,0.002710234,-0.001387227,-0.006152311,-0.009659437,-0.01018411,-0.003671037,0.0006050462,NaN,NaN,NaN,NaN,NaN,NaN,NaN,NaN,NaN,NaN,NaN
NaN,NaN,NaN,NaN,NaN,NaN,NaN,NaN,NaN,NaN,NaN,-1.393513e-05,2.14005e-05,0.001089719,0.00152442,0.0009489988,0.0002662354,-0.0004141557,-0.0009704859,-0.001499364,-0.001958692,-0.002427444,-0.002852305,-0.003291108,-0.003685937,-0.004086026,-0.00443538,-0.004779674,-0.005066451,-0.0053387,-0.005547733,-0.00573391,-0.005852649,-0.005941778,-0.005961084,-0.00594558,-0.005859521,-0.005734808,-0.005540814,-0.00530669,-0.005007891,-0.004670629,-0.00427621,-0.003846652,-0.003368904,-0.002860407,-0.002314687,-0.001744694,-0.001150965,-0.0005409569,7.801667e-05,0.0007051748,0.001326255,0.00194791,0.00254855,0.00314309,0.003701903,0.004248776,0.004744872,0.005223549,0.005635936,0.006026587,0.006336168,0.006623277,0.00681887,0.007001658,0.007097195,0.007215018,0.007280435,0.007441588,0.007613156,0.007962545,0.008335601,0.008842807,0.009139933,0.009182798,0.008357559,0.00656555,0.003176526,-0.001336292,-0.006862535,-0.01117747,-0.01269103,-0.006451502,0.0003346259,0.0003293779,NaN,NaN,NaN,NaN,NaN,NaN,NaN,NaN,NaN,NaN
NaN,NaN,NaN,NaN,NaN,NaN,NaN,NaN,NaN,NaN,NaN,-3.742183e-05,0.0001373576,0.001406636,0.001467097,0.0007869272,7.611281e-06,-0.0007028698,-0.001319837,-0.001878535,-0.002403672,-0.002908053,-0.003402604,-0.003875708,-0.004337617,-0.004764147,-0.005173119,-0.005532012,-0.00586799,-0.006140424,-0.006386205,-0.006556563,-0.006698624,-0.006755375,-0.006784265,-0.006719593,-0.006629313,-0.006438816,-0.006227293,-0.00591157,-0.005583035,-0.005149833,-0.00471537,-0.00417783,-0.003652282,-0.003026434,-0.002427877,-0.001733984,-0.001085313,-0.000347933,0.0003249102,0.001079619,0.001750152,0.002496208,0.003138751,0.003851685,0.004442266,0.00509906,0.005614333,0.006192013,0.006608685,0.007085404,0.007382722,0.007741794,0.007908057,0.008149264,0.00820049,0.00836737,0.008380043,0.008589924,0.008710897,0.009118737,0.009448476,0.01001788,0.01025461,0.01031487,0.009338727,0.007423311,0.00368232,-0.001233208,-0.007476708,-0.01268118,-0.01527414,-0.0100585,-0.0003150308,0.0004555401,NaN,NaN,NaN,NaN,NaN,NaN,NaN,NaN,NaN,NaN
NaN,NaN,NaN,NaN,NaN,NaN,NaN,NaN,NaN,NaN,NaN,-6.832658e-05,0.0003202998,0.00164563,0.001324862,0.0005557257,-0.0003176905,-0.001042264,-0.001724253,-0.002301697,-0.002899372,-0.003430439,-0.004001329,-0.004500341,-0.005034738,-0.005479189,-0.005951601,-0.006316405,-0.006703834,-0.006967601,-0.007250734,-0.00739631,-0.007560805,-0.007576412,-0.007612742,-0.00749054,-0.007392743,-0.007128746,-0.006895481,-0.006491392,-0.006128114,-0.005593274,-0.005113004,-0.004463099,-0.003883469,-0.003137567,-0.00247954,-0.001660912,-0.0009503136,-8.672154e-05,0.0006473535,0.001526312,0.002254041,0.003118868,0.00381147,0.004634721,0.00526582,0.006021951,0.006565943,0.007229417,0.007660995,0.008207954,0.008505213,0.008917768,0.009068893,0.009347021,0.009370325,0.009560808,0.009538826,0.009765614,0.00985419,0.01027905,0.01058374,0.01116407,0.01136602,0.01139076,0.01031652,0.008237784,0.004247191,-0.00110612,-0.007932068,-0.01415817,-0.01782122,-0.01428857,-0.001731818,0.0007082167,NaN,NaN,NaN,NaN,NaN,NaN,NaN,NaN,NaN,NaN
NaN,NaN,NaN,NaN,NaN,NaN,NaN,NaN,NaN,NaN,NaN,-7.271214e-05,0.0005809601,0.001725736,0.001107655,0.0002414321,-0.0006986738,-0.001441189,-0.002172615,-0.002775307,-0.003433763,-0.00399864,-0.004634362,-0.005166402,-0.005760989,-0.006230416,-0.006752423,-0.007129847,-0.007553157,-0.007815228,-0.008118927,-0.008247239,-0.008415779,-0.008398014,-0.008421872,-0.008250926,-0.00812492,-0.007797612,-0.007520929,-0.007039843,-0.006619185,-0.005995688,-0.005446435,-0.00469903,-0.004041637,-0.003192484,-0.002450888,-0.001526429,-0.0007294931,0.0002391576,0.001059061,0.002038788,0.002848642,0.003806661,0.00457475,0.005480467,0.00617774,0.007002949,0.007601887,0.008318979,0.008792711,0.009375787,0.009701217,0.01013117,0.01029683,0.010574,0.01060047,0.0107738,0.01074837,0.01094616,0.01103148,0.01141926,0.01172477,0.01225441,0.0124514,0.01238366,0.01126556,0.008991453,0.004849778,-0.0009450839,-0.008228952,-0.01552288,-0.02028969,-0.01863648,-0.004341677,0.0008654504,NaN,NaN,NaN,NaN,NaN,NaN,NaN,NaN,NaN,NaN
NaN,NaN,NaN,NaN,NaN,NaN,NaN,NaN,NaN,NaN,NaN,-3.473896e-05,0.0008885072,0.001625331,0.0008178302,-0.0001623158,-0.001126515,-0.001903782,-0.002655274,-0.00330176,-0.003995668,-0.004613031,-0.005288768,-0.005872003,-0.006501038,-0.007013087,-0.007557813,-0.007965536,-0.008396802,-0.008675029,-0.008970092,-0.009099307,-0.00924167,-0.009209508,-0.009189865,-0.008990083,-0.008804063,-0.008434579,-0.008082269,-0.007546914,-0.007036396,-0.006348584,-0.005697611,-0.00487876,-0.004110761,-0.003186268,-0.002328358,-0.001328033,-0.00041231,0.0006294484,0.001567511,0.002614358,0.003538532,0.004554294,0.005429702,0.006380795,0.007175925,0.008031875,0.008717339,0.0094486,0.009995959,0.01057501,0.01096025,0.0113672,0.0115792,0.01181487,0.01187597,0.01199087,0.01199138,0.01211597,0.01222211,0.01252315,0.01284623,0.01327203,0.01347946,0.01327737,0.01214876,0.009675073,0.005452209,-0.0007341685,-0.00838825,-0.01668432,-0.02263138,-0.02280121,-0.00833157,0.0006970775,NaN,NaN,NaN,NaN,NaN,NaN,NaN,NaN,NaN,NaN
NaN,NaN,NaN,NaN,NaN,NaN,NaN,NaN,NaN,NaN,NaN,2.85042e-05,0.001182673,0.001393475,0.0004362364,-0.0006403861,-0.001606898,-0.002418239,-0.003174215,-0.003870433,-0.004583987,-0.005262476,-0.005960179,-0.006604711,-0.00724728,-0.007813196,-0.008357224,-0.0088081,-0.009221881,-0.009530705,-0.009789576,-0.009935681,-0.0100226,-0.009994037,-0.009900288,-0.009691671,-0.009413679,-0.009024137,-0.008563393,-0.007998501,-0.007364795,-0.006639907,-0.005853188,-0.00499247,-0.004079331,-0.00311169,-0.002102801,-0.001061499,7.82249e-06,0.001085398,0.002176738,0.003251166,0.004324931,0.005356643,0.006374792,0.007327581,0.008256409,0.009097819,0.009906011,0.01060466,0.01126236,0.01178966,0.01227236,0.01260801,0.01290487,0.01305005,0.01318481,0.01319091,0.01325526,0.01325243,0.01341287,0.01356604,0.01393398,0.01418954,0.01443486,0.01404068,0.01294917,0.01025379,0.006041278,-0.0005021495,-0.008392344,-0.01763135,-0.02470157,-0.0269046,-0.01368662,0.0002295083,NaN,NaN,NaN,NaN,NaN,NaN,NaN,NaN,NaN,NaN
NaN,NaN,NaN,NaN,NaN,NaN,NaN,NaN,NaN,NaN,5.938194e-06,0.0001210188,0.001399992,0.001055302,-3.758968e-05,-0.001185156,-0.002135862,-0.002978181,-0.003724334,-0.004475321,-0.005191913,-0.005939538,-0.006639048,-0.007354827,-0.007987876,-0.008619368,-0.009137011,-0.009644174,-0.01001269,-0.01036716,-0.01056084,-0.01074085,-0.01074204,-0.01073565,-0.01053648,-0.01033949,-0.009937875,-0.009550883,-0.008949996,-0.008380259,-0.007591787,-0.006856522,-0.005902756,-0.005028845,-0.003939856,-0.00295976,-0.001769867,-0.0007199582,0.0005323614,0.001611758,0.00288477,0.003951199,0.005202156,0.006213367,0.007401343,0.008318608,0.009407327,0.0101963,0.01115276,0.01178097,0.01257426,0.01301241,0.01361746,0.01384517,0.01425146,0.01427055,0.01450267,0.01436476,0.01451396,0.01434679,0.01457628,0.01454013,0.01495863,0.01499983,0.01528489,0.01466663,0.01362826,0.01071972,0.006570356,-0.0002517136,-0.008280936,-0.01831394,-0.02646127,-0.03088584,-0.02028275,-0.0007621187,0.0001219956,NaN,NaN,NaN,NaN,NaN,NaN,NaN,NaN,NaN
NaN,NaN,NaN,NaN,NaN,NaN,NaN,NaN,NaN,NaN,-2.445503e-05,0.0002718723,0.001474534,0.0006055601,-0.0005893814,-0.001795636,-0.002701304,-0.003581761,-0.004295516,-0.005112797,-0.005809758,-0.006637443,-0.007315178,-0.008111988,-0.008711894,-0.009417694,-0.009885767,-0.0104568,-0.01075791,-0.0111649,-0.01127312,-0.01149333,-0.01139039,-0.01141145,-0.01109051,-0.01090974,-0.01037095,-0.009990657,-0.009239,-0.008667875,-0.007717129,-0.00697448,-0.005849733,-0.004965063,-0.003699675,-0.00270854,-0.001340554,-0.0002825519,0.001145999,0.002227735,0.003671943,0.004732499,0.00614662,0.007141398,0.008481501,0.00936954,0.0105967,0.01134227,0.0124219,0.01299213,0.01389224,0.01425776,0.01495251,0.0150936,0.0155725,0.0154923,0.01577966,0.01552995,0.0157141,0.01541936,0.01565597,0.01547025,0.01586048,0.01573298,0.01596399,0.01519024,0.01410933,0.01111092,0.006942183,6.191349e-05,-0.008168684,-0.01862764,-0.02799174,-0.03437863,-0.02772597,-0.003048341,0.0004976276,NaN,NaN,NaN,NaN,NaN,NaN,NaN,NaN,NaN
NaN,NaN,NaN,NaN,NaN,NaN,NaN,NaN,NaN,NaN,-4.373835e-05,0.0004955925,0.001324031,5.074142e-05,-0.001218171,-0.00245354,-0.003305756,-0.004211292,-0.004892907,-0.005763071,-0.006443055,-0.00733341,-0.007994256,-0.008850139,-0.009424314,-0.01017826,-0.01060792,-0.01121346,-0.01146273,-0.01188951,-0.01193206,-0.01215652,-0.01197412,-0.011984,-0.01157097,-0.01136489,-0.01072344,-0.01030558,-0.009442917,-0.008823926,-0.007756202,-0.006957583,-0.005712518,-0.004766203,-0.003380102,-0.002324649,-0.0008393537,0.0002820553,0.001820867,0.002962516,0.004507404,0.005622386,0.007124716,0.008165873,0.009578667,0.01050322,0.01178552,0.01255688,0.01367249,0.01425749,0.01517336,0.01554328,0.01623311,0.01636951,0.01682244,0.01673012,0.01696939,0.01670046,0.01680929,0.01648374,0.0166063,0.01637081,0.01659701,0.0164057,0.01643267,0.01562565,0.01434936,0.01142923,0.00710552,0.0004237827,-0.008106486,-0.01858457,-0.02926668,-0.03715541,-0.03493887,-0.007612575,0.0009752523,NaN,NaN,NaN,NaN,NaN,NaN,NaN,NaN,NaN
NaN,NaN,NaN,NaN,NaN,NaN,NaN,NaN,NaN,NaN,-2.21734e-05,0.0007516371,0.000904222,-0.0005794116,-0.001939831,-0.003123238,-0.003966346,-0.004834509,-0.005534766,-0.006394717,-0.007109198,-0.007994549,-0.00869108,-0.00953442,-0.01013804,-0.01086541,-0.01131501,-0.01187752,-0.01213688,-0.01250372,-0.01254659,-0.01269378,-0.012502,-0.01241758,-0.01198653,-0.01167052,-0.01100422,-0.01046307,-0.009571274,-0.008818364,-0.007719552,-0.006778564,-0.005502312,-0.004407743,-0.002993314,-0.001787456,-0.0002800765,0.0009905996,0.002542627,0.003829605,0.005376307,0.006629997,0.008120527,0.00929164,0.01067711,0.01172088,0.01295851,0.01383703,0.01488971,0.01556962,0.01640419,0.01685736,0.01744768,0.01765671,0.01799212,0.017963,0.01806591,0.01784993,0.01779807,0.01750855,0.01743325,0.01720608,0.01718502,0.01697693,0.01672107,0.01592038,0.01439006,0.01159486,0.007109704,0.0007045051,-0.008024541,-0.01837472,-0.03008435,-0.03932046,-0.04083318,-0.01477877,0.0008066192,NaN,NaN,NaN,NaN,NaN,NaN,NaN,NaN,NaN
NaN,NaN,NaN,NaN,NaN,NaN,NaN,NaN,NaN,NaN,3.645615e-05,0.0009375736,0.0002865896,-0.001293718,-0.002729558,-0.003803481,-0.004668628,-0.005449831,-0.006211326,-0.007003957,-0.00779925,-0.008614048,-0.009396188,-0.01015524,-0.01084292,-0.01146748,-0.01199638,-0.01243587,-0.01276928,-0.01299352,-0.01310565,-0.01309112,-0.01296344,-0.01269858,-0.0123269,-0.01181383,-0.0112041,-0.01045225,-0.009616247,-0.008641931,-0.007600024,-0.006429913,-0.005213526,-0.003885188,-0.00253565,-0.001094941,0.0003399494,0.001842778,0.00331233,0.004825536,0.006278002,0.007749357,0.009132531,0.01051046,0.01177417,0.01301175,0.01411206,0.01516982,0.01606937,0.01691371,0.01758006,0.01818333,0.01859127,0.01893682,0.01907646,0.01917079,0.01906408,0.01895664,0.01867613,0.01847173,0.0181354,0.01795555,0.01762812,0.01742872,0.01683887,0.01605719,0.01424285,0.0115799,0.006952992,0.0008467198,-0.00794987,-0.01808168,-0.03045097,-0.0408217,-0.04558801,-0.02414119,-0.0001343641,NaN,NaN,NaN,NaN,NaN,NaN,NaN,NaN,NaN
NaN,NaN,NaN,NaN,NaN,NaN,NaN,NaN,NaN,5.77663e-05,0.0001333806,0.0009429501,-0.0004587402,-0.002094543,-0.003559163,-0.00449762,-0.005394846,-0.006061735,-0.006908204,-0.007593194,-0.008498717,-0.009192196,-0.01009439,-0.01071114,-0.01152236,-0.01198149,-0.0126343,-0.01288516,-0.01334181,-0.01335584,-0.01359056,-0.01334581,-0.01333937,-0.01282531,-0.01257339,-0.01179487,-0.01130499,-0.01027496,-0.009560307,-0.008298365,-0.007380992,-0.005917682,-0.004830802,-0.003206916,-0.001992909,-0.0002576009,0.001033625,0.002825768,0.004141289,0.005935334,0.007222509,0.008963861,0.01016957,0.01180415,0.01287733,0.01435621,0.01525248,0.01653478,0.01721691,0.01826865,0.01870537,0.01949948,0.01966715,0.02018764,0.02007766,0.02033117,0.01996523,0.0199984,0.019444,0.01935195,0.01871399,0.01860154,0.01793147,0.01775007,0.01679588,0.01602993,0.01391559,0.01137318,0.006626036,0.0008187875,-0.007928752,-0.01776884,-0.03044431,-0.04167952,-0.04954936,-0.03506463,-0.001958762,-0.0006124998,NaN,NaN,NaN,NaN,NaN,NaN,NaN,NaN
NaN,NaN,NaN,NaN,NaN,NaN,NaN,NaN,NaN,2.137654e-05,0.0002902592,0.0006796159,-0.001328619,-0.002950814,-0.004425033,-0.005190585,-0.006144376,-0.006663532,-0.007621048,-0.008159959,-0.009197111,-0.009729681,-0.01076915,-0.01120604,-0.01215419,-0.01241457,-0.01320161,-0.01323646,-0.01382348,-0.01360584,-0.01396632,-0.01347637,-0.01359129,-0.01282082,-0.01268563,-0.01164133,-0.011264,-0.009962399,-0.009358545,-0.007823564,-0.007017031,-0.005282192,-0.004307147,-0.002416382,-0.001316958,0.0006769185,0.00184904,0.003888135,0.005078517,0.007104826,0.008259651,0.0102162,0.01128186,0.01311262,0.01403771,0.01569189,0.01643192,0.01786729,0.01838569,0.0195677,0.01983486,0.02073679,0.02073156,0.02133772,0.02105369,0.02136985,0.02082959,0.02089815,0.02016518,0.02006897,0.01923711,0.01906176,0.01817284,0.01786001,0.01668337,0.01575487,0.01350874,0.01087554,0.006230928,0.0004836036,-0.00787132,-0.01765423,-0.029979,-0.04223979,-0.05224095,-0.04651791,-0.006130352,3.004013e-05,NaN,NaN,NaN,NaN,NaN,NaN,NaN,NaN
NaN,NaN,NaN,NaN,NaN,NaN,NaN,NaN,NaN,5.523028e-06,0.000466843,6.754143e-05,-0.002303815,-0.003859079,-0.005294872,-0.005903685,-0.006881399,-0.007288641,-0.008305806,-0.008744892,-0.009842061,-0.01027172,-0.01136,-0.01168905,-0.0126725,-0.01282087,-0.01362832,-0.01354723,-0.01413956,-0.01380388,-0.01415603,-0.01354767,-0.01364096,-0.01275227,-0.01258285,-0.01142248,-0.01100058,-0.00958766,-0.008931178,-0.007292243,-0.006427817,-0.004599391,-0.003563653,-0.001591752,-0.0004305436,0.001629828,0.002862441,0.004950749,0.006198362,0.008254643,0.009462039,0.01142751,0.0125401,0.01435769,0.01532417,0.01694214,0.01771774,0.01909233,0.01964089,0.02073747,0.02103182,0.02182418,0.0218459,0.02231825,0.02206364,0.02222026,0.02171328,0.0215912,0.02089287,0.02056224,0.01975739,0.01928227,0.0184037,0.01771213,0.01655286,0.01519956,0.01307394,0.01006457,0.00579786,-0.0001919378,-0.007801136,-0.01779929,-0.02917256,-0.04257894,-0.05349474,-0.0561289,-0.01449527,0.0009269615,NaN,NaN,NaN,NaN,NaN,NaN,NaN,NaN
NaN,NaN,NaN,NaN,NaN,NaN,NaN,NaN,NaN,4.692025e-05,0.0005323371,-0.0009253442,-0.003310334,-0.004868427,-0.006090341,-0.0067061,-0.007530198,-0.00801113,-0.00888374,-0.009420108,-0.01035259,-0.01088874,-0.01178718,-0.01222873,-0.01299849,-0.013265,-0.01383767,-0.01387983,-0.01421816,-0.01401002,-0.01409142,-0.01361519,-0.01342422,-0.01267227,-0.01220733,-0.01118799,-0.01046224,-0.009195818,-0.008231398,-0.006746114,-0.00557352,-0.003907185,-0.00256651,-0.0007661454,0.0006938479,0.002572501,0.004094954,0.005990095,0.007515654,0.009366347,0.01083796,0.01258523,0.01394701,0.01553343,0.01673303,0.01810697,0.01909941,0.02021727,0.02096625,0.02179353,0.02227289,0.02278502,0.02297875,0.02316142,0.02306742,0.02292448,0.02256642,0.02213127,0.02156577,0.02089841,0.02019904,0.01934686,0.01853457,0.01741707,0.01629895,0.01450668,0.01247707,0.009120824,0.005144732,-0.0009819752,-0.007998788,-0.01793447,-0.02852462,-0.04230276,-0.05395205,-0.06166109,-0.02719107,0.000208551,NaN,NaN,NaN,NaN,NaN,NaN,NaN,NaN
NaN,NaN,NaN,NaN,NaN,NaN,NaN,NaN,NaN,0.0001739976,0.0002422611,-0.002176193,-0.004349116,-0.005951371,-0.006815234,-0.007592001,-0.008093119,-0.008826461,-0.009355132,-0.01017884,-0.01072933,-0.01157,-0.0120522,-0.01281051,-0.01313724,-0.01373025,-0.01383893,-0.01421411,-0.01407167,-0.01420089,-0.01378962,-0.01365392,-0.01296274,-0.01255307,-0.01158418,-0.01090786,-0.009678513,-0.008755692,-0.007292652,-0.00615238,-0.00449087,-0.003171596,-0.001355463,9.574111e-05,0.002014341,0.003541316,0.005502362,0.007043207,0.008984978,0.01047874,0.01234171,0.01372904,0.01545567,0.0166801,0.01821772,0.01922867,0.02053127,0.02128523,0.02231584,0.02277985,0.02351324,0.02366508,0.02408615,0.02391372,0.02402101,0.02352981,0.02334521,0.02256667,0.0221397,0.02112705,0.02051824,0.01930816,0.01852254,0.0170319,0.01588122,0.01374201,0.01168292,0.008118439,0.004232333,-0.001818779,-0.008531776,-0.01802883,-0.02818468,-0.04146967,-0.05384319,-0.06390094,-0.04251097,-0.002802976,NaN,NaN,NaN,NaN,NaN,NaN,NaN,NaN
NaN,NaN,NaN,NaN,NaN,NaN,NaN,NaN,9.986694e-05,0.0003020601,-0.0005610107,-0.003614068,-0.005400288,-0.007084014,-0.007489335,-0.008531475,-0.008607879,-0.009687085,-0.009769337,-0.01095691,-0.01103254,-0.01223879,-0.01222666,-0.01334788,-0.01316999,-0.01412151,-0.01372191,-0.01444863,-0.01379815,-0.01427009,-0.01335527,-0.01355322,-0.0123669,-0.01228122,-0.01082864,-0.01046657,-0.008768335,-0.008150776,-0.006237075,-0.005394182,-0.003303793,-0.002275553,-5.552341e-05,0.001110095,0.003405442,0.004651919,0.006960431,0.008225217,0.01048333,0.01170526,0.01385208,0.01497174,0.01694834,0.0179097,0.01966324,0.02041735,0.02190158,0.02240572,0.0235824,0.02380486,0.02464895,0.02457096,0.02506805,0.02468088,0.02482848,0.02414003,0.0239565,0.02299883,0.02252519,0.02134829,0.02062948,0.01926413,0.01828627,0.01665369,0.0152263,0.01300444,0.01062929,0.007156305,0.003007564,-0.002613942,-0.009458407,-0.01803782,-0.02826297,-0.04017371,-0.05348898,-0.06391269,-0.05818875,-0.009328092,-0.0007621711,NaN,NaN,NaN,NaN,NaN,NaN,NaN
NaN,NaN,NaN,NaN,NaN,NaN,NaN,NaN,0.0001584164,0.0001512485,-0.001938223,-0.00513732,-0.006514811,-0.008160222,-0.00822871,-0.009394164,-0.009213556,-0.01043751,-0.01027946,-0.01158303,-0.01142649,-0.01271392,-0.01248256,-0.01365397,-0.01327504,-0.01424986,-0.01366914,-0.01439376,-0.01358214,-0.01402918,-0.01297431,-0.01312744,-0.01182249,-0.0116744,-0.01012519,-0.00968622,-0.007914242,-0.007207893,-0.005244122,-0.004303593,-0.002188392,-0.00105683,0.001161702,0.00243428,0.004700988,0.006056126,0.008308244,0.009682463,0.01185648,0.01318791,0.01522191,0.01644992,0.01828457,0.01935397,0.02093738,0.02180052,0.02308598,0.02370063,0.02464932,0.02498566,0.02557272,0.02561481,0.0258256,0.02556829,0.02539975,0.02485419,0.0243205,0.02351905,0.02265225,0.02164354,0.02047466,0.01928585,0.0177828,0.01634033,0.01431017,0.01233636,0.009319979,0.006257927,0.001510631,-0.003379355,-0.01069996,-0.01805344,-0.02865632,-0.03873039,-0.05292656,-0.06254578,-0.06940581,-0.02224567,0.0003211268,NaN,NaN,NaN,NaN,NaN,NaN,NaN
NaN,NaN,NaN,NaN,NaN,NaN,NaN,0.0001276677,0.0003160624,-0.0007110132,-0.003809858,-0.006566312,-0.007822075,-0.0090074,-0.009202899,-0.01000388,-0.01007432,-0.01090515,-0.01103584,-0.01189544,-0.01204679,-0.01285008,-0.01294224,-0.01360169,-0.01356026,-0.01400544,-0.01377407,-0.01395783,-0.013504,-0.01340408,-0.01271363,-0.01231903,-0.01138363,-0.01069124,-0.009515687,-0.008540362,-0.007146107,-0.00591501,-0.004332364,-0.002881768,-0.001151613,0.0004714776,0.002300208,0.004043402,0.005915824,0.007718955,0.009572235,0.01137053,0.01314171,0.01487279,0.01649982,0.01810154,0.01952476,0.02094238,0.02211198,0.02329926,0.02416893,0.02508273,0.02561343,0.02622513,0.02639441,0.02668999,0.02648405,0.0264584,0.02587485,0.02554019,0.02459389,0.02398044,0.02269884,0.02184759,0.02025394,0.01918306,0.01723981,0.0158734,0.01339877,0.01148358,0.008069716,0.00512014,0.0001245754,-0.004487779,-0.01177851,-0.01857886,-0.02876502,-0.03796893,-0.05145301,-0.06133781,-0.0727835,-0.04015724,-0.002567133,-0.003122445,NaN,NaN,NaN,NaN,NaN,NaN
NaN,NaN,NaN,NaN,NaN,NaN,NaN,0.0002724925,7.920128e-05,-0.002535081,-0.005968567,-0.00784701,-0.009282885,-0.009647553,-0.01035813,-0.0104145,-0.01109915,-0.01117214,-0.01191742,-0.01200217,-0.01274886,-0.01277975,-0.01344517,-0.01334566,-0.0138512,-0.01355896,-0.01385029,-0.01332675,-0.01337084,-0.01259419,-0.01237359,-0.01133552,-0.01084518,-0.009547715,-0.008793558,-0.007251624,-0.006254703,-0.004497526,-0.003290982,-0.001357145,1.704652e-05,0.002079866,0.003570968,0.005708392,0.007260278,0.00941265,0.01096296,0.01306504,0.01454905,0.01653745,0.01789399,0.01970833,0.02087853,0.02246265,0.02339566,0.02470354,0.0253567,0.02634733,0.02668299,0.0273249,0.02732098,0.02760029,0.02724857,0.02716019,0.02646067,0.02601189,0.02498243,0.02419899,0.02287018,0.02178018,0.02017295,0.01877779,0.01686253,0.0150779,0.01269853,0.01027415,0.007085026,0.003575277,-0.0009384727,-0.0060953,-0.012476,-0.01977379,-0.02840095,-0.03812092,-0.04907328,-0.06069085,-0.07027351,-0.05887402,-0.01232157,-0.001288982,NaN,NaN,NaN,NaN,NaN,NaN
NaN,NaN,NaN,NaN,NaN,0.0003777336,6.856004e-05,0.000419269,-0.001317095,-0.005045371,-0.008039934,-0.009203324,-0.010535,-0.01043242,-0.01129667,-0.01100446,-0.01186772,-0.01162224,-0.01250358,-0.0122897,-0.01312376,-0.01288326,-0.01359407,-0.01325544,-0.01376955,-0.01327218,-0.01354071,-0.01284795,-0.0128423,-0.01193103,-0.01163553,-0.01049628,-0.009910138,-0.008546292,-0.00767962,-0.006105459,-0.004981397,-0.003225586,-0.0018805,1.791702e-05,0.001539446,0.003533101,0.005178001,0.007212073,0.008922274,0.01093804,0.01265114,0.01458422,0.01623403,0.01802046,0.01954561,0.02112684,0.02246988,0.02378972,0.02489852,0.02591018,0.02674443,0.02740986,0.02793493,0.02822123,0.02841401,0.02830535,0.02816167,0.02765499,0.027179,0.02627766,0.02548689,0.0242106,0.02313818,0.02150784,0.02017461,0.01817784,0.0165569,0.01410324,0.01206245,0.008914057,0.006162366,0.001912519,-0.00196289,-0.007808808,-0.01320341,-0.0210833,-0.02818712,-0.03837424,-0.04696172,-0.05944271,-0.06653278,-0.06970426,-0.02964067,-0.00190166,-0.00352048,-0.0008902132,NaN,NaN,NaN,NaN
-0.0003237755,-0.0002703835,-9.965059e-05,-4.659782e-05,0.0001200848,0.0001000323,0.0003981723,-0.0005272069,-0.004275961,-0.007627644,-0.009758992,-0.01073004,-0.01137205,-0.0115127,-0.01182948,-0.0119001,-0.01222428,-0.0123477,-0.01267931,-0.01281627,-0.01309879,-0.01318834,-0.01335709,-0.01332996,-0.01331972,-0.01311689,-0.01288347,-0.01246958,-0.01198765,-0.01134034,-0.01059576,-0.00970608,-0.008699943,-0.007573365,-0.00631814,-0.004970438,-0.003490151,-0.001950829,-0.0002829119,0.001407465,0.003217311,0.005010435,0.006908558,0.008748601,0.01067617,0.01250398,0.01439902,0.01615088,0.01794744,0.0195591,0.02119549,0.02260908,0.02402876,0.02518926,0.02633983,0.02720062,0.02804186,0.02856751,0.02906637,0.0292261,0.02935792,0.02913618,0.02889561,0.02829297,0.02768445,0.02670716,0.02574386,0.0244115,0.02311973,0.02145438,0.01984691,0.01783826,0.0158792,0.0134474,0.01100697,0.007949717,0.004761514,0.0007430029,-0.003556883,-0.008920365,-0.01466646,-0.02166463,-0.0290002,-0.03768634,-0.0463863,-0.05641773,-0.06462982,-0.06941438,-0.04922175,-0.01216501,-0.001980357,-0.002180152,-0.001200408,-0.001074733,-0.0006469691,-0.0005569726
-0.0002054115,-0.0003712526,-9.360971e-06,-0.0001097789,0.0002585366,7.375859e-05,-0.0004690863,-0.00355361,-0.007378514,-0.00990571,-0.01124748,-0.01201383,-0.01217077,-0.0124174,-0.01238396,-0.01260963,-0.01260936,-0.01286395,-0.01288235,-0.01311667,-0.01310032,-0.01325559,-0.01314493,-0.01315838,-0.01289338,-0.01271147,-0.01224946,-0.01183975,-0.01115595,-0.0104995,-0.009580503,-0.008671009,-0.00751768,-0.006363056,-0.004988547,-0.003607617,-0.002036364,-0.0004604133,0.001270581,0.002999316,0.004844138,0.006675624,0.008580785,0.01045815,0.012365,0.01422808,0.01607514,0.01786042,0.01958305,0.02122646,0.02276317,0.0242064,0.02550123,0.02669031,0.02769201,0.02858089,0.0292492,0.02980327,0.03010639,0.03029724,0.03021107,0.03002352,0.02954119,0.02897689,0.02810302,0.02717092,0.02591691,0.02463594,0.02302232,0.02141364,0.01944785,0.0175031,0.0151453,0.01279326,0.009919782,0.006988087,0.003360843,-0.0004264037,-0.005121372,-0.01005771,-0.01609166,-0.02234493,-0.0297993,-0.03724397,-0.04584382,-0.05381506,-0.06223065,-0.06628355,-0.05996459,-0.02995104,-0.005591797,-0.002289381,-0.001064949,-0.001263826,-0.0005082974,-0.0006836455
-0.0004338646,-0.0001866875,-0.0002970043,-0.0001492652,-0.0006338571,-0.00106075,-0.003254556,-0.006812196,-0.00965383,-0.0116511,-0.01250225,-0.01294014,-0.01297895,-0.01304768,-0.01299536,-0.01305822,-0.01304388,-0.01312487,-0.01311879,-0.01317146,-0.01311981,-0.0130906,-0.01293668,-0.01276934,-0.01245781,-0.01210406,-0.01159478,-0.01102459,-0.01029419,-0.009490753,-0.008527533,-0.007486351,-0.006292381,-0.005022728,-0.003612519,-0.002134745,-0.0005339474,0.001119758,0.002873521,0.004660267,0.006520394,0.008389556,0.01030221,0.01219667,0.01410294,0.01596221,0.01780063,0.01956168,0.0212686,0.02286809,0.02438242,0.02576191,0.02702801,0.02813416,0.02910207,0.02988944,0.03051954,0.03095364,0.03121545,0.0312691,0.03114038,0.03079835,0.03027228,0.02953503,0.02861724,0.02749385,0.02619712,0.02470418,0.02304727,0.02120096,0.01919061,0.01698043,0.01458136,0.01193932,0.00904295,0.005814426,0.002220655,-0.001829343,-0.006370425,-0.01147714,-0.01715252,-0.02341583,-0.0301993,-0.03741297,-0.0448709,-0.05225641,-0.05899934,-0.06343932,-0.06104599,-0.04419512,-0.01846026,-0.004887272,-0.002562564,-0.0009326917,-0.0007963692,-0.0003757383
-0.0008640145,-0.000749954,-0.0008370107,-0.001101139,-0.002165662,-0.003666202,-0.00577,-0.008918991,-0.01137708,-0.01282803,-0.0134386,-0.01365248,-0.01362133,-0.01357082,-0.01346916,-0.01341957,-0.01334126,-0.01330206,-0.01321783,-0.01314457,-0.0130046,-0.01284659,-0.01259872,-0.01230436,-0.0118989,-0.01142412,-0.01082423,-0.01014072,-0.009325003,-0.008417763,-0.007376829,-0.006242908,-0.004980206,-0.003629716,-0.002161125,-0.0006156847,0.001031721,0.002739247,0.004527279,0.006353752,0.008235171,0.01012956,0.01205012,0.01395536,0.015856,0.01771156,0.01953071,0.02127407,0.02294885,0.02451767,0.02598743,0.02732348,0.02853272,0.02958338,0.03048305,0.03120383,0.03175471,0.0321115,0.03228385,0.03225095,0.0320239,0.03158681,0.03095322,0.03011189,0.02907722,0.02784127,0.02641853,0.02480377,0.0230096,0.02102981,0.01886922,0.01651418,0.01395474,0.01116348,0.008109477,0.004748767,0.001031388,-0.003091874,-0.00767129,-0.01273296,-0.01829566,-0.02432418,-0.03076647,-0.03747039,-0.04425593,-0.05074459,-0.05643263,-0.06016622,-0.05963981,-0.04983851,-0.03063027,-0.01412719,-0.006452026,-0.002781995,-0.001595626,-0.001043351
-0.002514288,-0.002216312,-0.002285056,-0.002698998,-0.003907473,-0.00566702,-0.007919501,-0.01053584,-0.01249583,-0.0136584,-0.01410547,-0.01421489,-0.01412489,-0.0139967,-0.01383302,-0.01369128,-0.01353465,-0.01339052,-0.01321631,-0.01303071,-0.01279351,-0.01251967,-0.01217138,-0.01176211,-0.01125768,-0.01067294,-0.009978845,-0.009192572,-0.008289302,-0.007288174,-0.006168171,-0.00495085,-0.00361907,-0.002196814,-0.0006702421,0.0009343849,0.002627714,0.004381117,0.006202406,0.008061063,0.009962733,0.01187541,0.01380305,0.01571264,0.01760717,0.01945318,0.02125314,0.02297345,0.02461661,0.02614964,0.02757603,0.02886404,0.03001856,0.03100943,0.0318437,0.03249364,0.03296908,0.03324455,0.03333218,0.03320852,0.03288864,0.03235209,0.03161773,0.03066789,0.02952428,0.02817074,0.02663101,0.02488909,0.02296869,0.0208504,0.01855339,0.01604927,0.01334721,0.01040393,0.007214477,0.003718947,-9.729453e-05,-0.00430011,-0.008894712,-0.0139282,-0.01936409,-0.02519667,-0.03130449,-0.03757896,-0.04374781,-0.04950416,-0.05427193,-0.05726222,-0.05701515,-0.05129374,-0.03836009,-0.02352213,-0.01342598,-0.007416714,-0.004556518,-0.003141808
-0.005350715,-0.004698487,-0.004530768,-0.0049406,-0.006035416,-0.007761851,-0.009720417,-0.01180701,-0.01342575,-0.01431773,-0.01467177,-0.01470288,-0.01456686,-0.01436806,-0.01413771,-0.0139079,-0.01366615,-0.01342196,-0.01315207,-0.01286011,-0.01252181,-0.01213889,-0.01168813,-0.01117094,-0.01056694,-0.009878985,-0.009091117,-0.008208359,-0.007218973,-0.006129841,-0.004933201,-0.003637867,-0.002240147,-0.0007508122,0.0008300216,0.002489804,0.004224808,0.006020832,0.007870833,0.009759334,0.01167649,0.01360602,0.01553581,0.01744931,0.01933276,0.02116986,0.02294567,0.02464462,0.02625117,0.02775112,0.02912906,0.03037283,0.03146756,0.03240364,0.03316748,0.03375274,0.03414756,0.03434898,0.03434653,0.03414053,0.03372221,0.03309581,0.03225479,0.03120748,0.02994878,0.02849014,0.02682674,0.02497176,0.0229183,0.02067836,0.01823878,0.01560595,0.0127557,0.00968484,0.006354856,0.002753173,-0.001168738,-0.005421234,-0.01004557,-0.01502501,-0.02036472,-0.02598632,-0.03182053,-0.03767578,-0.04334881,-0.04844952,-0.05252734,-0.05485737,-0.05463778,-0.05051466,-0.04196311,-0.03081693,-0.02074663,-0.01359863,-0.009185862,-0.006730718
-0.009226376,-0.008022202,-0.0075335,-0.007667478,-0.008490151,-0.009834633,-0.01150333,-0.0131235,-0.01432581,-0.01502898,-0.01526937,-0.0152311,-0.01503062,-0.01475775,-0.01444879,-0.01412693,-0.01379274,-0.01344587,-0.01307624,-0.01267697,-0.012236,-0.01174495,-0.01119195,-0.01056922,-0.009866596,-0.009078731,-0.008198424,-0.007223445,-0.006149455,-0.004977229,-0.003705185,-0.002337202,-0.0008745051,0.0006759996,0.002310538,0.004019332,0.005796165,0.007628516,0.009508031,0.01141989,0.0133541,0.01529398,0.01722839,0.0191393,0.02101502,0.02283678,0.0245928,0.02626403,0.02783923,0.02929972,0.03063545,0.03182865,0.03287095,0.033746,0.03444778,0.0349621,0.03528583,0.03540698,0.03532516,0.03503044,0.0345254,0.03380261,0.03286798,0.0317166,0.03035729,0.02878674,0.02701568,0.02504075,0.02287237,0.02050418,0.01794298,0.01517569,0.01220201,0.008998746,0.005556711,0.001843388,-0.002153605,-0.006465201,-0.01108985,-0.01603476,-0.02125625,-0.02670682,-0.03226244,-0.037776,-0.04298693,-0.04757947,-0.05108058,-0.05294121,-0.05252093,-0.04941113,-0.04325594,-0.03503089,-0.02675579,-0.01972292,-0.01465962,-0.01129708
-0.01351205,-0.01187361,-0.0109722,-0.01078077,-0.01121733,-0.01217628,-0.01334209,-0.01451462,-0.01542218,-0.01589356,-0.01601387,-0.01587897,-0.01559658,-0.01523443,-0.01483224,-0.01441022,-0.01397246,-0.0135189,-0.01304129,-0.01253351,-0.0119842,-0.01138584,-0.0107271,-0.01000101,-0.009198055,-0.008313179,-0.007339933,-0.006275817,-0.005117659,-0.003865487,-0.002519323,-0.00108167,0.0004442238,0.002053398,0.003739503,0.005495271,0.007311445,0.009178684,0.0110851,0.01301963,0.01496819,0.01691847,0.01885471,0.0207639,0.02262916,0.02443731,0.02617086,0.02781702,0.02935828,0.03078286,0.03207382,0.03322091,0.03420829,0.03502777,0.0356652,0.03611515,0.03636559,0.0364141,0.03625074,0.035876,0.03528212,0.03447273,0.0334424,0.03219803,0.03073615,0.02906623,0.02718562,0.02510487,0.02281997,0.02034002,0.01765658,0.01477433,0.01167754,0.008364497,0.004811258,0.001011648,-0.003061063,-0.007406492,-0.01203842,-0.01692834,-0.02205172,-0.02732208,-0.03264339,-0.03782946,-0.04266621,-0.04681524,-0.04989607,-0.05141906,-0.05098277,-0.04822162,-0.04347671,-0.0373666,-0.03075561,-0.02471562,-0.01975198,-0.01608635
-0.01766538,-0.01574512,-0.01455489,-0.01400392,-0.01405941,-0.01455565,-0.01534255,-0.01612394,-0.01668264,-0.01695874,-0.01693105,-0.01668822,-0.01630388,-0.01584035,-0.01533307,-0.01480134,-0.01425218,-0.01368446,-0.0130937,-0.01247188,-0.01181117,-0.01110197,-0.01033613,-0.009504806,-0.00860113,-0.007618591,-0.006552689,-0.005399889,-0.004158258,-0.002827313,-0.0014077,9.796848e-05,0.001686464,0.003352178,0.005089475,0.00688989,0.008745505,0.01064519,0.01257905,0.01453369,0.01649768,0.01845583,0.02039563,0.02230063,0.0241578,0.02594998,0.0276642,0.02928308,0.03079429,0.03218089,0.03343175,0.03453089,0.03546888,0.03623118,0.03681067,0.03719486,0.03737946,0.03735427,0.03711784,0.0366622,0.03598886,0.03509218,0.03397666,0.03263893,0.03108624,0.02931686,0.02733991,0.02515373,0.02276732,0.02017673,0.01738835,0.0143934,0.01119375,0.00777434,0.004132665,0.0002497073,-0.003875233,-0.008254834,-0.01287285,-0.01771642,-0.0227283,-0.02784375,-0.03293331,-0.03784601,-0.04234124,-0.04614426,-0.04888455,-0.05018748,-0.04970431,-0.0474237,-0.04346073,-0.03848985,-0.03329301,-0.02827172,-0.0239095,-0.0203509
-0.02119468,-0.01925091,-0.01788925,-0.01711692,-0.01685486,-0.01701741,-0.01738177,-0.0178057,-0.01811533,-0.01817258,-0.01800163,-0.01763857,-0.01714786,-0.01657705,-0.01595975,-0.01531488,-0.01464956,-0.01396513,-0.01325677,-0.01251909,-0.01174332,-0.01092218,-0.01004656,-0.009109572,-0.00810358,-0.007023441,-0.005864119,-0.004622877,-0.003297681,-0.001888349,-0.0003958546,0.001177461,0.002827618,0.004549787,0.006337077,0.008182311,0.0100759,0.01200857,0.01396832,0.01594412,0.01792195,0.01988951,0.02183128,0.02373419,0.02558179,0.02736077,0.02905428,0.03064937,0.03212935,0.03348221,0.034692,0.03574819,0.03663605,0.03734703,0.03786818,0.03819346,0.03831214,0.03822105,0.0379118,0.0373841,0.03663186,0.03565773,0.03445786,0.03303775,0.03139554,0.02953906,0.0274675,0.02518975,0.02270425,0.02001888,0.01712906,0.01403972,0.01074173,0.007236633,0.003511489,-0.0004324644,-0.004606138,-0.008998538,-0.01360473,-0.01838569,-0.02329934,-0.02825412,-0.03314472,-0.03779727,-0.04201409,-0.04551641,-0.0480112,-0.04917274,-0.04878445,-0.0467202,-0.04338942,-0.03928275,-0.03487951,-0.03070928,-0.02694554,-0.02377237
-0.02402225,-0.02215663,-0.02078788,-0.01987756,-0.01941108,-0.01927726,-0.01938584,-0.01953313,-0.01957504,-0.0194622,-0.01914995,-0.0186764,-0.01808194,-0.01740884,-0.016686,-0.01593117,-0.01515329,-0.01435349,-0.01352989,-0.01267645,-0.01178714,-0.01085377,-0.009869488,-0.008826534,-0.007719009,-0.006541122,-0.005289016,-0.003959577,-0.002551369,-0.001064177,0.0005009046,0.002141118,0.00385283,0.005630409,0.007467833,0.009356732,0.01128884,0.01325328,0.01523983,0.01723549,0.01922852,0.02120423,0.02314986,0.02504952,0.02688997,0.02865474,0.03033064,0.03190114,0.03335366,0.03467223,0.0358455,0.0368585,0.03770161,0.03836137,0.03883037,0.03909721,0.03915716,0.03900114,0.03862727,0.03802886,0.03720689,0.03615703,0.03488304,0.03338276,0.03166246,0.0297216,0.0275683,0.02520243,0.02263235,0.01985651,0.01688171,0.01370336,0.01032584,0.006741382,0.002953355,-0.001045901,-0.005247759,-0.00965043,-0.01422702,-0.01895021,-0.02375523,-0.02856814,-0.03326286,-0.03769591,-0.04165839,-0.04492532,-0.04722095,-0.04829678,-0.04795987,-0.04628413,-0.04339603,-0.03979989,-0.03606181,-0.03243324,-0.02918201,-0.02635523
-0.02619904,-0.02448113,-0.02314831,-0.0222153,-0.02162847,-0.0213387,-0.02119837,-0.02112344,-0.0210013,-0.02072594,-0.02029848,-0.01972527,-0.01904145,-0.01827812,-0.01746112,-0.01660761,-0.01572603,-0.01481995,-0.01388734,-0.01292494,-0.01192628,-0.0108856,-0.009795522,-0.008650205,-0.007443307,-0.006170353,-0.004827174,-0.003411436,-0.001921688,-0.000358034,0.001278144,0.002984266,0.004756091,0.006588588,0.008474738,0.01040719,0.01237637,0.01437287,0.01638483,0.01840114,0.02040807,0.02239321,0.02434148,0.02623974,0.02807205,0.02982507,0.03148258,0.03303161,0.03445625,0.03574443,0.03688107,0.03785557,0.03865418,0.03926826,0.03968586,0.03990075,0.03990318,0.03968968,0.03925292,0.03859227,0.0377028,0.03658671,0.03524131,0.03367142,0.03187632,0.02986299,0.02763189,0.02519124,0.02254136,0.01969016,0.01663621,0.01338594,0.009935568,0.006290569,0.002446551,-0.00158826,-0.005812998,-0.01020772,-0.01475455,-0.01940684,-0.02411271,-0.02877986,-0.03330373,-0.03752781,-0.04128119,-0.04434196,-0.04649447,-0.04752596,-0.04732259,-0.04583643,-0.04339259,-0.04032372,-0.03697688,-0.03377651,-0.03085507,-0.0283335
-0.02794384,-0.02632551,-0.02506296,-0.02411595,-0.02346952,-0.02304416,-0.02278816,-0.02256349,-0.02227624,-0.02189315,-0.02136899,-0.02071825,-0.01996077,-0.01912366,-0.01822863,-0.01729103,-0.01632047,-0.01532022,-0.01429085,-0.01322895,-0.01213068,-0.01098999,-0.009801689,-0.008559628,-0.007259111,-0.00589546,-0.004465624,-0.002967213,-0.00139935,0.000237713,0.001942456,0.003711835,0.005541884,0.007426831,0.009360378,0.01133415,0.01333967,0.0153662,0.01740338,0.01943846,0.02145962,0.02345255,0.02540442,0.02729987,0.02912561,0.03086579,0.03250721,0.03403407,0.03543384,0.03669131,0.03779517,0.03873134,0.0394902,0.04005926,0.04043106,0.04059516,0.04054667,0.04027749,0.03978547,0.03906494,0.03811662,0.03693721,0.03553011,0.03389414,0.0320351,0.02995347,0.02765683,0.02514643,0.02243054,0.01950989,0.01639224,0.01307688,0.009570917,0.005872841,0.00199123,-0.002072509,-0.006302299,-0.01068555,-0.01518779,-0.01977227,-0.0243709,-0.02890699,-0.03326277,-0.03730875,-0.04086962,-0.04376776,-0.04580256,-0.04681158,-0.04668927,-0.04552697,-0.04341099,-0.04069326,-0.03778159,-0.03488202,-0.0322373,-0.02990498
-0.02937124,-0.02784371,-0.02661319,-0.02567891,-0.02498793,-0.02450125,-0.0241112,-0.02376732,-0.02339439,-0.02291292,-0.02231835,-0.02160509,-0.0207914,-0.01989658,-0.01893935,-0.01793417,-0.01688955,-0.01581059,-0.01469763,-0.01354971,-0.01236286,-0.01113336,-0.009855904,-0.008526241,-0.007139594,-0.005692651,-0.004182337,-0.002607131,-0.0009663182,0.0007394206,0.002508208,0.004337035,0.006221361,0.008155828,0.01013328,0.01214614,0.01418483,0.01623981,0.01829937,0.02035233,0.02238526,0.02438572,0.02633906,0.02823216,0.03004961,0.03177813,0.03340218,0.03490884,0.03628296,0.03751257,0.0385834,0.03948495,0.04020435,0.04073303,0.04105996,0.04117891,0.04108104,0.04076278,0.04021769,0.03944499,0.03844067,0.03720671,0.03574139,0.03404921,0.0321304,0.0299916,0.02763436,0.02506671,0.02229065,0.01931463,0.01614008,0.0127753,0.009221139,0.005486846,0.001574949,-0.002500509,-0.006729772,-0.01108618,-0.01554304,-0.02004917,-0.02454804,-0.02895037,-0.03315774,-0.03703329,-0.04043433,-0.04318772,-0.04513773,-0.04614622,-0.04615561,-0.04514878,-0.04337683,-0.04105813,-0.0384311,-0.03583002,-0.03338549,-0.03122846
-0.03060506,-0.02912255,-0.02792448,-0.02697142,-0.02624354,-0.02567376,-0.02522562,-0.02479708,-0.02432233,-0.02377823,-0.02312435,-0.02236427,-0.02150622,-0.0205668,-0.01956143,-0.01850236,-0.01739864,-0.01625458,-0.0150725,-0.01385118,-0.01258892,-0.01128189,-0.009926791,-0.008519326,-0.007056327,-0.005534513,-0.003951976,-0.002307326,-0.0006005206,0.001167494,0.002994578,0.004877236,0.006811042,0.008789968,0.01080737,0.01285481,0.01492357,0.01700298,0.01908258,0.02114984,0.0231929,0.02519781,0.02715177,0.02903991,0.03084902,0.03256383,0.03417129,0.03565627,0.03700639,0.03820723,0.03924761,0.0401143,0.04079781,0.04128654,0.04157312,0.04164801,0.04150633,0.04114082,0.0405493,0.03972695,0.03867436,0.03738909,0.03587438,0.03412995,0.03216138,0.0299701,0.02756356,0.02494427,0.02212077,0.01909585,0.01587853,0.01247153,0.008884671,0.005121687,0.001195604,-0.002885109,-0.007098695,-0.01142483,-0.01582416,-0.02025441,-0.02464733,-0.02892783,-0.03298903,-0.03671775,-0.03996981,-0.04260758,-0.04448604,-0.04549905,-0.04558972,-0.04484635,-0.04332359,-0.04127446,-0.03899122,-0.03662653,-0.03439096,-0.03235874
-0.03165853,-0.03023135,-0.02903816,-0.02807909,-0.02730785,-0.02669181,-0.0261461,-0.02563646,-0.02510718,-0.02449556,-0.02379455,-0.02299309,-0.02209926,-0.02112399,-0.02007991,-0.01897824,-0.01782641,-0.01662987,-0.01539026,-0.01410828,-0.01278195,-0.01140941,-0.009987259,-0.008512954,-0.006983323,-0.005396422,-0.003750424,-0.002044856,-0.0002799109,0.001542936,0.003421175,0.005351195,0.00732805,0.009345944,0.01139751,0.01347487,0.01556842,0.01766843,0.01976336,0.02184192,0.02389098,0.02589814,0.02784915,0.02973098,0.03152878,0.03322941,0.03481794,0.03628167,0.03760614,0.03877963,0.03978861,0.04062283,0.04127021,0.04172239,0.04196917,0.04200447,0.04182025,0.04141301,0.0407771,0.03991174,0.0388137,0.03748489,0.03592439,0.0341366,0.03212263,0.029889,0.02743834,0.02477881,0.02191391,0.01885289,0.01559971,0.01216456,0.008552266,0.004775402,0.0008420313,-0.003229227,-0.007422076,-0.01170523,-0.01604635,-0.02039239,-0.0246857,-0.02884245,-0.03277312,-0.03636024,-0.03948703,-0.04201945,-0.04384557,-0.04487532,-0.04508134,-0.04445901,-0.0432054,-0.04146687,-0.03941023,-0.03729346,-0.0352272,-0.03333802
-0.03257555,-0.03118331,-0.0300089,-0.0290242,-0.02821473,-0.02752686,-0.02693451,-0.02635838,-0.02574925,-0.0250889,-0.02434125,-0.02350369,-0.02257724,-0.02157083,-0.02049449,-0.01935703,-0.018166,-0.01692557,-0.01563876,-0.01430567,-0.01292608,-0.01149785,-0.01001932,-0.008487782,-0.006901545,-0.005258681,-0.003558483,-0.001800613,1.402414e-05,0.001883708,0.003805566,0.005775574,0.007788757,0.009838766,0.01191857,0.01401959,0.01613288,0.01824781,0.02035381,0.02243854,0.02449017,0.02649508,0.02844058,0.03031226,0.03209708,0.03378034,0.03534922,0.03678926,0.03808832,0.03923273,0.04021157,0.04101238,0.04162594,0.04204144,0.04225175,0.0422481,0.04202578,0.0415783,0.04090356,0.03999748,0.03886066,0.0374914,0.03589292,0.0340657,0.0320153,0.02974405,0.02725947,0.02456528,0.02167048,0.01857974,0.01530335,0.01184699,0.008222925,0.004439176,0.0005123644,-0.003543681,-0.00770314,-0.01194046,-0.0162136,-0.02047772,-0.02466667,-0.02870957,-0.03251127,-0.03597487,-0.03898292,-0.04142954,-0.04320948,-0.04425272,-0.04452957,-0.04411875,-0.04305339,-0.04152343,-0.03974316,-0.03782383,-0.03593998,-0.03416413
-0.03333876,-0.03199963,-0.03083162,-0.02984113,-0.02899349,-0.02826556,-0.02759136,-0.02694794,-0.02629221,-0.02557362,-0.024784,-0.02390979,-0.02295259,-0.02191738,-0.0208117,-0.01964346,-0.01841834,-0.01714122,-0.01581408,-0.01443844,-0.01301351,-0.01153878,-0.01001227,-0.008432794,-0.006798539,-0.005108791,-0.003362841,-0.001561241,0.0002949526,0.00220345,0.004161107,0.006163689,0.008205831,0.01028128,0.01238245,0.01450116,0.01662777,0.0187524,0.02086362,0.02295014,0.02499909,0.02699818,0.02893355,0.03079237,0.03256029,0.03422442,0.03577046,0.03718598,0.03845723,0.03957276,0.04051983,0.04128847,0.0418674,0.04224852,0.04242241,0.04238323,0.04212369,0.04164044,0.04092858,0.0399874,0.03881438,0.03741144,0.03577838,0.03391962,0.03183703,0.02953723,0.02702379,0.02430518,0.02138633,0.0182773,0.01498426,0.01151912,0.007889993,0.004112186,0.0001980645,-0.003830362,-0.007952183,-0.01213328,-0.01633811,-0.02051378,-0.02460389,-0.0285314,-0.03221661,-0.0355598,-0.0384663,-0.04083231,-0.04257697,-0.04364096,-0.04401278,-0.04369288,-0.04283883,-0.04155043,-0.03994914,-0.03823606,-0.03650037,-0.03485498
-0.03397522,-0.03267495,-0.03153025,-0.03052348,-0.02964759,-0.02886232,-0.02815097,-0.02745185,-0.02672835,-0.02596597,-0.0251333,-0.02422471,-0.02323702,-0.02217397,-0.02104132,-0.01984475,-0.01859001,-0.01728047,-0.01591917,-0.01450672,-0.01304381,-0.01152936,-0.009962867,-0.008342848,-0.006668766,-0.004939785,-0.003156232,-0.001318667,0.0005711511,0.002510816,0.004496777,0.006524533,0.008588606,0.01068236,0.01279841,0.01492809,0.01706224,0.01919031,0.02130166,0.02338422,0.02542616,0.02741429,0.02933604,0.03117752,0.03292591,0.03456714,0.03608865,0.03747665,0.03871935,0.03980379,0.0407194,0.04145448,0.04200014,0.04234634,0.04248624,0.04241181,0.04211858,0.04160076,0.04085642,0.03988217,0.03867869,0.03724495,0.03558421,0.03369765,0.03159088,0.02926706,0.02673391,0.02399624,0.02106361,0.01794231,0.01464383,0.0111763,0.007554032,0.003788408,-0.0001012186,-0.004097118,-0.00817081,-0.01229348,-0.01642217,-0.02051158,-0.02449912,-0.02831944,-0.03188892,-0.03512549,-0.03793378,-0.04023223,-0.04194364,-0.04302101,-0.04344998,-0.04329827,-0.04258477,-0.0414576,-0.04007706,-0.03852552,-0.03694654,-0.0354047
-0.03446919,-0.03322279,-0.03209204,-0.03108822,-0.0301869,-0.02937359,-0.02859781,-0.02784545,-0.02708298,-0.02627016,-0.02539917,-0.02445622,-0.02343935,-0.02234976,-0.02119132,-0.01996924,-0.01868743,-0.0173499,-0.01595845,-0.01451494,-0.01301924,-0.01147169,-0.009871283,-0.008217877,-0.006510645,-0.004749862,-0.002935704,-0.001069576,0.0008467585,0.00281032,0.004817447,0.006863372,0.008942399,0.0110479,0.01317213,0.0153067,0.01744199,0.01956802,0.02167356,0.02374735,0.02577688,0.02774997,0.02965327,0.03147415,0.03319886,0.0348148,0.03630832,0.03766735,0.03887884,0.03993171,0.04081399,0.04151605,0.0420274,0.04234026,0.04244599,0.042339,0.04201274,0.04146408,0.0406888,0.03968633,0.03845479,0.0369962,0.035311,0.03340367,0.03127679,0.02893711,0.02638909,0.02364155,0.02070066,0.01757728,0.01427942,0.01082043,0.007211058,0.003468678,-0.0003911354,-0.004344065,-0.008366158,-0.0124219,-0.01647442,-0.02047236,-0.02436204,-0.02807373,-0.03153733,-0.03466866,-0.03739113,-0.03962385,-0.04130774,-0.04240319,-0.04290674,-0.04282083,-0.0422735,-0.04133323,-0.0400923,-0.03870949,-0.03725593,-0.03582958
-0.03484458,-0.03363844,-0.03253551,-0.03152593,-0.0306087,-0.02975434,-0.02895349,-0.028158,-0.02734131,-0.02649204,-0.02558369,-0.02460974,-0.02356513,-0.02245042,-0.02126854,-0.0200228,-0.01871739,-0.01735482,-0.01593787,-0.01446735,-0.01294446,-0.01136882,-0.009740774,-0.008059696,-0.006325952,-0.004539541,-0.002701616,-0.0008134374,0.001122538,0.003103368,0.005124957,0.007182446,0.009269962,0.01138069,0.01350699,0.01564019,0.01777101,0.01988908,0.02198377,0.02404329,0.02605599,0.02800908,0.02989025,0.03168615,0.0333843,0.03497123,0.03643476,0.03776181,0.03894099,0.03996006,0.04080888,0.0414765,0.04195442,0.04223337,0.04230682,0.04216749,0.04181118,0.0412328,0.04043061,0.03940186,0.03814736,0.0366667,0.03496322,0.03303873,0.03089896,0.02854778,0.02599315,0.02324083,0.0203009,0.01718106,0.01389378,0.01044917,0.006863086,0.003149467,-0.0006704445,-0.004576247,-0.008537982,-0.01252511,-0.01649505,-0.0204035,-0.02419222,-0.02780189,-0.03115958,-0.03419607,-0.03683373,-0.03900935,-0.04066541,-0.04176968,-0.04231641,-0.04236278,-0.04191845,-0.0411027,-0.04003699,-0.03878377,-0.03746144,-0.03612559
-0.0350895,-0.03393498,-0.0328507,-0.03185116,-0.03091992,-0.03004916,-0.02920047,-0.02836625,-0.0275201,-0.02663045,-0.02569049,-0.02468743,-0.02361766,-0.02248033,-0.02127691,-0.02001069,-0.01868421,-0.0173007,-0.01586168,-0.01436913,-0.01282333,-0.01122521,-0.009574499,-0.007871816,-0.006117105,-0.004311421,-0.002455629,-0.0005518206,0.001397697,0.003389392,0.005419219,0.007482006,0.00957184,0.01168183,0.0138042,0.01593041,0.01805099,0.02015596,0.02223436,0.02427506,0.02626595,0.02819511,0.0300497,0.03181743,0.03348514,0.03504065,0.03647099,0.03776451,0.0389089,0.03989353,0.04070717,0.04134065,0.04178422,0.04203051,0.04207159,0.04190223,0.04151659,0.04091178,0.04008423,0.03903355,0.03775847,0.03626113,0.03454255,0.03260731,0.0304586,0.02810334,0.02554675,0.02279799,0.01986427,0.0167571,0.01348601,0.01006544,0.006508104,0.002832851,-0.000942507,-0.004792296,-0.008690779,-0.01260219,-0.01648964,-0.02030423,-0.02399586,-0.02750195,-0.03076132,-0.03370296,-0.0362647,-0.03838286,-0.04001363,-0.04113004,-0.04173246,-0.04182415,-0.04151043,-0.04083804,-0.03988015,-0.03876341,-0.03754467,-0.03630797
-0.0352251,-0.03410935,-0.03305468,-0.03205687,-0.03111941,-0.03022122,-0.02935821,-0.02849263,-0.02760578,-0.02668864,-0.02571928,-0.02469137,-0.02359927,-0.02244179,-0.02122012,-0.01993594,-0.01859228,-0.01719095,-0.01573447,-0.01422372,-0.01266024,-0.01104417,-0.009376493,-0.007657252,-0.005887532,-0.004067988,-0.002200441,-0.0002867025,0.001670212,0.003666956,0.005699012,0.00776128,0.009847607,0.0119511,0.014064,0.01617768,0.0182829,0.02036951,0.02242699,0.02444396,0.02640898,0.02830978,0.03013438,0.03187002,0.03350462,0.03502541,0.03642065,0.037678,0.03878653,0.03973479,0.04051308,0.04111125,0.04152121,0.04173446,0.04174487,0.04154588,0.04113358,0.04050357,0.03965434,0.03858376,0.03729277,0.03578155,0.03405354,0.03211112,0.02996011,0.02760504,0.02505405,0.02231374,0.01939459,0.01630542,0.01305944,0.009668294,0.006148879,0.002516951,-0.00120511,-0.004995257,-0.008823017,-0.01265729,-0.01645679,-0.02017915,-0.02377084,-0.02717853,-0.03033881,-0.03319331,-0.03567849,-0.03774481,-0.03934864,-0.04046729,-0.04109991,-0.04129411,-0.04105373,-0.04047748,-0.03965787,-0.03864373,-0.03753313,-0.0363733
-0.03524199,-0.03417395,-0.03314015,-0.03215696,-0.03121405,-0.03030859,-0.02941154,-0.02851998,-0.02761281,-0.02666562,-0.02567273,-0.02462284,-0.02351173,-0.02233754,-0.02110027,-0.01980197,-0.01844412,-0.0170294,-0.01555905,-0.0140351,-0.01245813,-0.01082953,-0.009149561,-0.007419485,-0.005639849,-0.003812345,-0.001938387,-2.062359e-05,0.001938212,0.003934155,0.005962887,0.008018937,0.01009628,0.01218786,0.01428597,0.01638204,0.01846679,0.02053038,0.02256218,0.02455129,0.02648608,0.02835497,0.03014568,0.03184635,0.03344449,0.03492839,0.0362858,0.03750557,0.03857617,0.03948748,0.04022906,0.0407922,0.04116793,0.04134933,0.04132921,0.04110271,0.04066467,0.04001253,0.03914331,0.03805685,0.03675243,0.03523233,0.0334981,0.03155443,0.02940505,0.02705702,0.02451619,0.02179197,0.01889243,0.01582956,0.01261398,0.009260914,0.005784459,0.002204336,-0.001460227,-0.005183004,-0.008937467,-0.01268847,-0.01640001,-0.02002624,-0.02352097,-0.0268284,-0.02989529,-0.03266157,-0.03507647,-0.03708921,-0.0386667,-0.03979022,-0.04046161,-0.04068469,-0.04054672,-0.04007903,-0.0393421,-0.03843762,-0.03741139,-0.03633525
-0.03515848,-0.03412656,-0.03312258,-0.03214635,-0.03120449,-0.0302824,-0.02937971,-0.02846678,-0.02753105,-0.02656519,-0.02555139,-0.02448391,-0.02335726,-0.02216936,-0.02092036,-0.01961087,-0.01824313,-0.01681839,-0.01533894,-0.0138057,-0.01222045,-0.01058374,-0.008897031,-0.007160917,-0.005377062,-0.003546648,-0.001672044,0.000244503,0.002199529,0.004189385,0.006209233,0.008253826,0.01031683,0.01239137,0.01446963,0.01654316,0.01860282,0.02063875,0.02264068,0.02459764,0.02649855,0.02833167,0.03008545,0.03174778,0.03330708,0.03475127,0.03606917,0.03724919,0.03828093,0.03915377,0.03985852,0.0403858,0.04072804,0.04087748,0.04082844,0.04057506,0.04011381,0.03944093,0.03855517,0.03745497,0.03614148,0.03461538,0.03288024,0.03093892,0.02879736,0.0264606,0.02393693,0.0212336,0.01836136,0.01532988,0.01215284,0.008842934,0.005417668,0.001893947,-0.001705377,-0.005357444,-0.009032042,-0.01269837,-0.01631709,-0.01984833,-0.02324327,-0.02645431,-0.02942635,-0.03211,-0.03445286,-0.03641558,-0.03796442,-0.03908293,-0.03977302,-0.04007382,-0.03998581,-0.03959242,-0.03896396,-0.03814003,-0.03720221,-0.03619051
-0.03496703,-0.0339786,-0.03299652,-0.03203798,-0.03109723,-0.03017503,-0.02924971,-0.02832166,-0.02737375,-0.02638754,-0.02535838,-0.02427657,-0.0231379,-0.0219401,-0.02068234,-0.01936583,-0.01799138,-0.0165612,-0.01507631,-0.01353879,-0.0119494,-0.0103099,-0.008620963,-0.006884352,-0.005101099,-0.003273415,-0.001403152,0.0005065901,0.002452755,0.00443104,0.006436942,0.008464783,0.01050851,0.012561,0.01461466,0.01666101,0.01869103,0.02069507,0.02266293,0.02458401,0.02644723,0.02824139,0.02995487,0.03157628,0.03309387,0.03449644,0.03577253,0.03691156,0.03790278,0.03873667,0.03940356,0.0398953,0.0402037,0.04032233,0.04024474,0.03996649,0.03948313,0.03879239,0.03789191,0.03678177,0.03546178,0.03393438,0.03220159,0.03026819,0.02813839,0.02581931,0.02331732,0.02064197,0.01780196,0.01480953,0.01167611,0.008417252,0.005047963,0.001588284,-0.001941838,-0.005516295,-0.009108545,-0.0126847,-0.01621031,-0.01964285,-0.02294012,-0.02605257,-0.02893387,-0.03153303,-0.0338082,-0.03571835,-0.03723797,-0.03835376,-0.03906783,-0.03938453,-0.0393764,-0.03906367,-0.03849837,-0.03776225,-0.03689278,-0.03595126
-0.03468332,-0.03372832,-0.0327757,-0.03182808,-0.03089412,-0.02996415,-0.02904031,-0.02809941,-0.02713372,-0.02613708,-0.02509528,-0.02400337,-0.02285637,-0.02165182,-0.02038935,-0.01906889,-0.01769211,-0.01625989,-0.01477433,-0.01323636,-0.01164794,-0.01000989,-0.00832408,-0.006591513,-0.004814319,-0.002994097,-0.001133654,0.0007644264,0.002696328,0.004658188,0.006644937,0.00865126,0.01067073,0.01269654,0.01472093,0.01673569,0.01873182,0.02069986,0.02262982,0.02451125,0.02633344,0.02808528,0.0297557,0.03133329,0.032807,0.03416556,0.03539832,0.03649453,0.03744442,0.03823812,0.03886707,0.0393227,0.03959796,0.03968587,0.03958124,0.03927893,0.03877581,0.03806875,0.0371568,0.03603896,0.03471658,0.03319084,0.0314654,0.02954358,0.02743135,0.02513419,0.02266045,0.02001783,0.01721723,0.01426884,0.01118654,0.007983664,0.004677875,0.001286652,-0.002167251,-0.005660846,-0.009164796,-0.01264924,-0.01607722,-0.01941163,-0.02260831,-0.02562486,-0.02841344,-0.03093202,-0.03313703,-0.03499678,-0.03648461,-0.03758822,-0.03831108,-0.03868482,-0.03870834,-0.03845323,-0.0379724,-0.03729929,-0.03650194,-0.03561435
-0.03430147,-0.03338616,-0.0324561,-0.03152849,-0.03060097,-0.02967677,-0.02874004,-0.02779343,-0.0268228,-0.02581477,-0.02476548,-0.02366687,-0.02251501,-0.02130764,-0.02004347,-0.01872326,-0.01734734,-0.0159176,-0.01443492,-0.01290136,-0.01131783,-0.009686343,-0.008007903,-0.006284658,-0.004518013,-0.002710591,-0.0008645782,0.001016573,0.002929572,0.004869865,0.006832847,0.008812713,0.01080345,0.01279794,0.01478879,0.01676764,0.01872583,0.02065396,0.0225423,0.02438062,0.02615842,0.02786499,0.02948938,0.03102075,0.0324481,0.03376083,0.03494829,0.03600053,0.03690765,0.03766071,0.03825091,0.03867067,0.03891261,0.03897085,0.03883969,0.03851519,0.03799353,0.03727284,0.03635134,0.03522938,0.03390728,0.03238763,0.03067289,0.02876791,0.02667725,0.02440808,0.02196711,0.01936392,0.01660762,0.01371044,0.01068427,0.007544675,0.004307066,0.0009913269,-0.002382468,-0.005788886,-0.009201984,-0.01258962,-0.01591929,-0.01915197,-0.02224933,-0.02516753,-0.02786618,-0.03030184,-0.03243964,-0.03424599,-0.03570084,-0.03679443,-0.03752854,-0.03790813,-0.03799344,-0.03779667,-0.03736411,-0.0367613,-0.03601941,-0.03519076
-0.03383488,-0.03295077,-0.03204975,-0.03113638,-0.03022042,-0.02929601,-0.02836681,-0.02741482,-0.02643609,-0.02542521,-0.02437117,-0.0232698,-0.02211682,-0.02090971,-0.01964791,-0.01833096,-0.0169602,-0.01553622,-0.014061,-0.01253546,-0.01096169,-0.009340711,-0.007674702,-0.005964968,-0.004214008,-0.002423732,-0.0005972861,0.0012625,0.003151548,0.005065862,0.00700022,0.008949311,0.01090668,0.01286568,0.01481863,0.01675763,0.01867391,0.02055844,0.02240157,0.02419341,0.02592369,0.02758197,0.02915771,0.03064026,0.03201916,0.03328393,0.0344246,0.03543125,0.03629475,0.03700611,0.03755739,0.03794085,0.03815005,0.03817883,0.03802251,0.0376767,0.03713869,0.03640599,0.035478,0.03435425,0.03303633,0.03152585,0.02982657,0.02794217,0.02587864,0.02364177,0.02123985,0.01868087,0.01597565,0.01313467,0.01017168,0.007100265,0.003937839,0.0007019505,-0.002585244,-0.005901191,-0.009217913,-0.01250696,-0.01573404,-0.01886497,-0.02186004,-0.02468158,-0.02728799,-0.02964335,-0.03171111,-0.03346537,-0.03488465,-0.03595944,-0.03669402,-0.03711343,-0.0372162,-0.03706443,-0.03669709,-0.03614363,-0.03546077,-0.03467764
-0.03327916,-0.03243163,-0.03155385,-0.03066245,-0.02975755,-0.0288439,-0.02791035,-0.02696088,-0.02598374,-0.02496975,-0.02391566,-0.02281496,-0.02166415,-0.0204612,-0.01920469,-0.01789512,-0.01653254,-0.01511867,-0.01365422,-0.01214131,-0.01058091,-0.008975243,-0.007325543,-0.005634254,-0.003903062,-0.002134901,-0.0003322031,0.001501317,0.003362213,0.005245764,0.00714733,0.009061051,0.01098101,0.01290017,0.01481137,0.01670647,0.01857717,0.02041441,0.02220895,0.02395101,0.02563071,0.02723786,0.02876224,0.0301936,0.03152176,0.03273675,0.0338288,0.03478863,0.03560722,0.03627629,0.03678793,0.03713521,0.03731158,0.03731179,0.03713091,0.0367655,0.03621245,0.03547028,0.03453784,0.03341573,0.03210478,0.03060772,0.0289274,0.02706867,0.0250364,0.02283766,0.02047942,0.01797107,0.0153219,0.01254393,0.009649144,0.006652786,0.003570226,0.0004207587,-0.002775916,-0.005995512,-0.009213164,-0.01239884,-0.01552226,-0.01854792,-0.02144125,-0.02416353,-0.02667949,-0.028952,-0.03095169,-0.03265075,-0.03403302,-0.03509115,-0.03582623,-0.03624398,-0.03639399,-0.03628278,-0.03595264,-0.03545558,-0.03481817,-0.03408492
-0.03264569,-0.03182781,-0.03097886,-0.03010469,-0.02921549,-0.02830825,-0.02738743,-0.02643927,-0.02546273,-0.02445286,-0.02340141,-0.02230497,-0.02115999,-0.01996415,-0.01871688,-0.01741754,-0.01606728,-0.01466654,-0.01321722,-0.01172023,-0.01017775,-0.008590974,-0.006962282,-0.005293219,-0.003586552,-0.001844424,-7.023156e-05,0.001733027,0.003561093,0.005409902,0.007274154,0.009148596,0.01102681,0.01290234,0.0147677,0.01661528,0.01843663,0.02022317,0.02196567,0.02365481,0.02528085,0.02683404,0.02830442,0.02968215,0.03095741,0.0321206,0.03316244,0.03407391,0.03484659,0.03547239,0.03594408,0.0362548,0.0363988,0.03637074,0.03616653,0.03578253,0.03521652,0.03446666,0.03353271,0.03241476,0.0311146,0.02963424,0.02797752,0.02614839,0.0241528,0.0219967,0.01968821,0.01723542,0.01464883,0.01193894,0.009119081,0.006202712,0.003206616,0.0001479607,-0.002952125,-0.006071987,-0.0091854,-0.01226567,-0.01528138,-0.01820129,-0.02098992,-0.02361386,-0.02603696,-0.02822832,-0.03015707,-0.0318017,-0.03314461,-0.03417815,-0.03490694,-0.0353502,-0.035507,-0.0354314,-0.0351511,-0.03469307,-0.03410437,-0.03341023
-0.03193151,-0.03114786,-0.03032304,-0.02947265,-0.0285986,-0.0277065,-0.02678892,-0.02585052,-0.02488146,-0.02387604,-0.02283147,-0.02174263,-0.02060656,-0.01942157,-0.01818627,-0.01690109,-0.01556595,-0.01418246,-0.01275127,-0.0112745,-0.009753218,-0.008189769,-0.006585567,-0.00494328,-0.003264799,-0.001553288,0.0001886455,0.001957104,0.003748549,0.005558162,0.007381319,0.00921217,0.01104494,0.01287273,0.01468866,0.01648484,0.0182534,0.01998565,0.0216729,0.02330585,0.02487529,0.02637162,0.02778539,0.02910702,0.03032716,0.0314366,0.03242644,0.03328818,0.03401371,0.03459553,0.03502662,0.03530081,0.03541245,0.03535693,0.03513015,0.03472921,0.03415175,0.03339672,0.03246356,0.03135318,0.03006686,0.02860745,0.0269781,0.02518363,0.0232291,0.02112138,0.01886749,0.0164765,0.0139576,0.01132234,0.008582501,0.005752648,0.00284773,-0.0001139413,-0.00311348,-0.006128134,-0.009134497,-0.01210492,-0.01501153,-0.01782234,-0.0205063,-0.02302936,-0.02536067,-0.02746838,-0.02932754,-0.03091481,-0.03221691,-0.03322805,-0.03394852,-0.03438482,-0.03457716,-0.03452816,-0.03427713,-0.03386462,-0.03331384,-0.0326625
-0.03114619,-0.03039133,-0.0295954,-0.02876507,-0.02791039,-0.02703055,-0.0261302,-0.02519915,-0.02423848,-0.0232435,-0.02220838,-0.02113036,-0.02000668,-0.01883527,-0.01761569,-0.0163473,-0.01503117,-0.01366768,-0.01225868,-0.0108051,-0.0093092,-0.00777228,-0.006196897,-0.004584768,-0.00293886,-0.001261486,0.0004437795,0.002173827,0.003924284,0.005691069,0.007468861,0.009252507,0.01103569,0.01281218,0.0145747,0.01631605,0.01802808,0.01970275,0.02133127,0.02290497,0.02441466,0.02585135,0.02720574,0.02846885,0.02963159,0.03068528,0.03162141,0.03243194,0.03310923,0.03364617,0.03403631,0.03427375,0.03435347,0.03427101,0.03402293,0.03360636,0.0330196,0.0322615,0.03133218,0.03023225,0.02896368,0.02752884,0.02593157,0.02417603,0.02226798,0.02021343,0.01802011,0.01569603,0.01325115,0.0106957,0.008042284,0.005303909,0.00249637,-0.0003639432,-0.003257307,-0.006163349,-0.009057906,-0.01191631,-0.0147101,-0.01741102,-0.01998756,-0.02241015,-0.0246474,-0.02667258,-0.02845947,-0.02998992,-0.03124923,-0.03223103,-0.03293996,-0.03339004,-0.03358149,-0.03356126,-0.03334791,-0.03296689,-0.03245689,-0.03183999
-0.03028815,-0.0295659,-0.02879521,-0.02799035,-0.02715455,-0.02629367,-0.02540335,-0.02448836,-0.02354044,-0.02255679,-0.02153486,-0.02047087,-0.01936234,-0.01820802,-0.01700667,-0.01575875,-0.01446418,-0.0131245,-0.01174039,-0.01031397,-0.008846375,-0.007340081,-0.005796637,-0.00421887,-0.002608835,-0.0009698591,0.0006953223,0.002382692,0.004088664,0.005808377,0.007537263,0.009269535,0.0109996,0.01272075,0.0144264,0.01610902,0.01776117,0.01937459,0.0209412,0.02245225,0.02389926,0.02527327,0.0265657,0.0277677,0.02887085,0.02986674,0.03074748,0.03150538,0.03213335,0.03262473,0.03297352,0.03317432,0.03322246,0.03311403,0.03284578,0.03241543,0.03182133,0.0310629,0.03014018,0.02905431,0.027807,0.02640114,0.02484013,0.02312865,0.02127179,0.0192761,0.01714845,0.01489736,0.01253172,0.01006232,0.007500438,0.004859657,0.002154143,-0.0005991275,-0.003382446,-0.006174915,-0.008954889,-0.01169729,-0.01437678,-0.0169648,-0.01943365,-0.0217535,-0.02389733,-0.02583778,-0.02755341,-0.02902447,-0.03023976,-0.0311945,-0.0318881,-0.03232783,-0.03254547,-0.03254111,-0.03235161,-0.03200772,-0.0315302,-0.03095073
-0.02936542,-0.02867169,-0.02793017,-0.02714805,-0.02633487,-0.02549145,-0.0246222,-0.02371999,-0.02278735,-0.02181976,-0.02081348,-0.0197663,-0.01867619,-0.01754142,-0.01636178,-0.0151367,-0.01386729,-0.01255391,-0.01119843,-0.009801832,-0.008366434,-0.006893648,-0.005386158,-0.00384583,-0.002275777,-0.0006784447,0.00094247,0.002583785,0.004241064,0.005910245,0.007586038,0.009263428,0.01093624,0.01259854,0.01424331,0.01586376,0.01745218,0.01900106,0.02050216,0.02194749,0.02332854,0.02463713,0.02586474,0.02700328,0.02804454,0.0289808,0.02980447,0.03050852,0.03108622,0.03153151,0.03183879,0.0320032,0.03202048,0.03188711,0.03160031,0.03115804,0.03055911,0.02980304,0.02889028,0.02782191,0.02660001,0.02522724,0.02370736,0.02204458,0.02024436,0.01831256,0.01625641,0.01408352,0.01180314,0.00942495,0.006960562,0.004422189,0.001824336,-0.0008177269,-0.003485991,-0.006161672,-0.008822903,-0.01144723,-0.01400921,-0.01648349,-0.01884232,-0.02105959,-0.02310811,-0.02496461,-0.02660674,-0.02801891,-0.02918866,-0.03011043,-0.03078862,-0.03123264,-0.03144423,-0.03146377,-0.03130245,-0.03098476,-0.03054201,-0.02999377
-0.02837788,-0.02771566,-0.02700064,-0.02624557,-0.02545459,-0.02463344,-0.02378026,-0.02289947,-0.02198425,-0.02103411,-0.02004667,-0.0190193,-0.01795003,-0.01683806,-0.01568238,-0.01448356,-0.01324159,-0.01195805,-0.01063365,-0.009270556,-0.007870011,-0.006434566,-0.004965913,-0.003467003,-0.001940025,-0.0003884272,0.001184959,0.002776047,0.00438123,0.005995659,0.007614858,0.009233155,0.01084519,0.01244449,0.01402487,0.01557915,0.01710045,0.018581,0.0200134,0.02138955,0.02270176,0.02394188,0.02510222,0.0261748,0.02715222,0.02802699,0.02879227,0.02944134,0.02996818,0.03036706,0.03063304,0.03076161,0.03074905,0.0305922,0.0302887,0.02983685,0.02923575,0.02848523,0.02758583,0.02653893,0.0253465,0.02401147,0.02253729,0.02092841,0.01918977,0.01732744,0.01534792,0.013259,0.011069,0.008787747,0.006425702,0.003995197,0.00150931,-0.001016603,-0.003566306,-0.006121002,-0.008661022,-0.01116398,-0.01360713,-0.01596526,-0.01821377,-0.02032671,-0.02228038,-0.02405124,-0.02562072,-0.02697193,-0.0280952,-0.02898632,-0.02964383,-0.03007568,-0.03030594,-0.0303333,-0.03019233,-0.02990532,-0.02949127,-0.02897643
-0.02733236,-0.02669876,-0.02601328,-0.0252834,-0.02451782,-0.02371864,-0.02288972,-0.02202654,-0.02113258,-0.02020339,-0.0192371,-0.01823191,-0.0171865,-0.01609951,-0.01497099,-0.01380056,-0.01258939,-0.01133794,-0.01004812,-0.008721007,-0.007358988,-0.005963601,-0.004537635,-0.003083094,-0.001603201,-0.000100514,0.001421194,0.002958694,0.004507542,0.006063727,0.007622053,0.009177688,0.01072468,0.01225743,0.01376928,0.01525393,0.01670417,0.01811313,0.01947322,0.02077723,0.02201743,0.02318657,0.024277,0.02528165,0.02619327,0.02700524,0.02771093,0.02830445,0.02878004,0.02913276,0.02935793,0.02945173,0.02941071,0.02923228,0.02891433,0.02845561,0.02785542,0.02711385,0.02623164,0.02521021,0.02405172,0.02275893,0.02133541,0.01978528,0.01811352,0.01632568,0.01442824,0.01242829,0.0103341,0.008154543,0.005900031,0.003581703,0.00121252,-0.001193638,-0.00362071,-0.006051726,-0.008467268,-0.0108472,-0.0131691,-0.01541044,-0.01754697,-0.01955575,-0.02141324,-0.02309913,-0.02459428,-0.02588511,-0.02696081,-0.02781639,-0.02845578,-0.02888427,-0.02910535,-0.0291531,-0.02903288,-0.02876847,-0.02838463,-0.02789888
-0.0262304,-0.02562749,-0.02496971,-0.02426817,-0.02352767,-0.0227535,-0.02194587,-0.02110856,-0.02023604,-0.01932967,-0.01838715,-0.01740692,-0.01638746,-0.01532843,-0.0142291,-0.01309024,-0.01191198,-0.01069598,-0.009443059,-0.00815545,-0.006834531,-0.005482939,-0.004102505,-0.00269628,-0.001266578,0.0001830777,0.001649785,0.003129438,0.004618452,0.006112054,0.007605911,0.009094553,0.01057291,0.01203487,0.01347469,0.01488568,0.01626158,0.01759525,0.01888007,0.02010871,0.02127441,0.0223699,0.02338852,0.02432328,0.02516787,0.02591583,0.02656147,0.0270991,0.02752381,0.02783089,0.02801646,0.02807689,0.02800943,0.02781167,0.02748207,0.0270195,0.02642367,0.02569478,0.02483378,0.02384213,0.02272202,0.02147619,0.02010807,0.01862168,0.01702166,0.0153134,0.01350286,0.01159692,0.009603115,0.007530082,0.005387258,0.003185502,0.0009365624,-0.001346027,-0.003647718,-0.005951967,-0.008241219,-0.01049583,-0.01269563,-0.01481861,-0.01684311,-0.01874666,-0.02050848,-0.02210835,-0.02352999,-0.02475888,-0.02578641,-0.02660868,-0.02722341,-0.02763901,-0.02787254,-0.02792219,-0.02782006,-0.02758129,-0.02722348,-0.026768
-0.02507808,-0.02450395,-0.02387594,-0.02320164,-0.02248874,-0.02174031,-0.02095944,-0.02014393,-0.0192977,-0.01841648,-0.01749992,-0.0165466,-0.01555588,-0.01452676,-0.01345963,-0.01235433,-0.01121219,-0.01003381,-0.008821201,-0.007575568,-0.006299393,-0.004994357,-0.003663338,-0.002308473,-0.0009330592,0.0004602621,0.001867696,0.003286009,0.004710823,0.006138241,0.007563254,0.008981291,0.01038674,0.01177441,0.01313815,0.01447224,0.01577009,0.0170256,0.01823194,0.01938283,0.02047144,0.02149153,0.02243646,0.02330027,0.02407677,0.02476048,0.02534586,0.02582816,0.02620266,0.02646551,0.026613,0.02664227,0.0265507,0.02633654,0.02599832,0.02553545,0.02494767,0.0242355,0.02339985,0.02244238,0.02136513,0.02017088,0.01886283,0.01744483,0.01592127,0.01429715,0.01257812,0.01077048,0.008881408,0.006918775,0.004891587,0.002809724,0.0006844319,-0.001471987,-0.003645554,-0.005821251,-0.007982173,-0.01011053,-0.01218688,-0.01419137,-0.01610303,-0.01790176,-0.0195673,-0.02108181,-0.0224289,-0.02359652,-0.02457517,-0.02536017,-0.02595484,-0.02636086,-0.02658348,-0.02665071,-0.02656342,-0.02634469,-0.02601344,-0.02558547
-0.02387888,-0.02333456,-0.02273516,-0.02209005,-0.02140449,-0.02068318,-0.01992798,-0.01914183,-0.01832049,-0.01746668,-0.01657819,-0.0156544,-0.01469424,-0.01369785,-0.01266484,-0.01159617,-0.01049224,-0.009354805,-0.008184881,-0.006984781,-0.005756044,-0.00450139,-0.003222791,-0.001923359,-0.0006055062,0.0007272263,0.002071915,0.003424522,0.004781551,0.006138413,0.007491009,0.008834197,0.01016331,0.0114727,0.01275722,0.01401079,0.01522788,0.01640215,0.01752784,0.01859857,0.01960856,0.02055159,0.02142207,0.02221411,0.02292256,0.02354205,0.02406804,0.02449592,0.0248219,0.02504224,0.02515409,0.02515467,0.02504211,0.02481467,0.02447152,0.024012,0.02343633,0.02274492,0.02193897,0.02101994,0.01999002,0.01885169,0.01760814,0.01626284,0.01481997,0.0132841,0.0116605,0.009954974,0.008174127,0.006325282,0.004416677,0.002457569,0.0004582263,-0.001569747,-0.00361361,-0.005659128,-0.007690911,-0.009692024,-0.0116448,-0.01353029,-0.01532953,-0.01702322,-0.01859316,-0.020022,-0.02129535,-0.02240066,-0.02333008,-0.02407979,-0.02464681,-0.02503978,-0.02526943,-0.02533411,-0.02526322,-0.02506587,-0.02475853,-0.02435814
-0.02263867,-0.02212303,-0.02155321,-0.0209368,-0.02028039,-0.01958773,-0.01886111,-0.01810034,-0.01730941,-0.01648434,-0.01562604,-0.01473344,-0.01380652,-0.01284472,-0.01184873,-0.01081874,-0.009756224,-0.008662043,-0.007538292,-0.006386372,-0.005208841,-0.00400753,-0.00278537,-0.001544602,-0.0002885274,0.000980183,0.002257807,0.003541192,0.004826141,0.006108976,0.007385013,0.008650063,0.009898993,0.01112716,0.01232905,0.01349964,0.01463313,0.01572429,0.0167672,0.01775659,0.01868664,0.01955222,0.02034776,0.02106845,0.02170921,0.02226574,0.02273356,0.02310904,0.02338849,0.02356908,0.02364797,0.02362321,0.02349289,0.02325599,0.02291157,0.02245954,0.02189993,0.02123355,0.02046136,0.01958506,0.0186065,0.01752825,0.01635306,0.01508433,0.01372574,0.01228162,0.01075665,0.009156259,0.007486388,0.005753799,0.003966008,0.002131515,0.0002597827,-0.001638554,-0.003551638,-0.005466443,-0.00736855,-0.00924249,-0.01107163,-0.01283869,-0.01452572,-0.01611516,-0.01758969,-0.0189336,-0.02013282,-0.02117654,-0.02205631,-0.02276759,-0.02331301,-0.02369116,-0.02390893,-0.02398849,-0.02392746,-0.023748,-0.02346392,-0.02308955
-0.02136314,-0.0208761,-0.02033523,-0.01974829,-0.01912078,-0.0184567,-0.0177593,-0.01703054,-0.01626748,-0.01547379,-0.01464739,-0.01378853,-0.01289658,-0.01197213,-0.01101518,-0.01002696,-0.009008128,-0.007960605,-0.006885622,-0.005785572,-0.004662158,-0.003518137,-0.002355592,-0.00117762,1.333535e-05,0.001213823,0.002420992,0.003631002,0.004840565,0.006045422,0.007241841,0.008425162,0.009591252,0.0107351,0.01185222,0.01293736,0.01398579,0.0149921,0.01595151,0.01685865,0.01770883,0.01849688,0.01921838,0.01986852,0.0204433,0.02093845,0.02135053,0.02167595,0.02191195,0.0220557,0.02210524,0.02205854,0.02191445,0.0216718,0.02133029,0.02088961,0.02035028,0.0197128,0.01897848,0.01814862,0.01722527,0.01621052,0.01510718,0.01391806,0.01264676,0.01129697,0.009873112,0.008379917,0.006822926,0.005208108,0.003542424,0.001833499,9.006408e-05,-0.001678211,-0.003460414,-0.005244582,-0.007017455,-0.008764695,-0.01047103,-0.01212035,-0.01369619,-0.0151821,-0.01656218,-0.01782158,-0.01894753,-0.0199291,-0.02075903,-0.02143348,-0.02194888,-0.02231389,-0.02253362,-0.02260709,-0.02256072,-0.02239869,-0.02213642,-0.02178693
-0.02005843,-0.01959943,-0.01908746,-0.01852999,-0.01793247,-0.01729921,-0.01663163,-0.01593134,-0.0152021,-0.01444036,-0.01364805,-0.01282447,-0.01197016,-0.011085,-0.01017004,-0.009225805,-0.008253971,-0.007255645,-0.006233025,-0.005187687,-0.00412222,-0.003038564,-0.001939612,-0.0008276362,0.0002941786,0.001423237,0.002556035,0.003689623,0.004820149,0.005944291,0.007057854,0.008157165,0.009237727,0.01029557,0.01132594,0.01232464,0.01328677,0.01420804,0.01508354,0.01590905,0.0166798,0.01739177,0.01804049,0.01862227,0.01913309,0.01956975,0.01992879,0.02020759,0.02040336,0.02051416,0.02053792,0.02047341,0.02031931,0.02007515,0.01974036,0.01931519,0.01879981,0.01819515,0.01750209,0.01672222,0.01585708,0.01490891,0.01387989,0.0127729,0.01159082,0.01033726,0.009015873,0.007631154,0.006187802,0.004691419,0.003148041,0.001564763,-5.07029e-05,-0.001689387,-0.003341489,-0.004995935,-0.006640675,-0.008262459,-0.009847291,-0.01138028,-0.01284621,-0.01422987,-0.0155165,-0.0166923,-0.01774519,-0.01866537,-0.01944527,-0.02008047,-0.02057283,-0.02091841,-0.02112556,-0.02121092,-0.02116991,-0.02102352,-0.02078123,-0.02045598
-0.0187326,-0.01830055,-0.01781729,-0.017289,-0.01672134,-0.01611761,-0.01548212,-0.01481591,-0.01411728,-0.01339053,-0.0126338,-0.01184809,-0.01103321,-0.01019017,-0.009319382,-0.008422307,-0.007499922,-0.006554251,-0.005586721,-0.004599755,-0.003595158,-0.002575634,-0.00154328,-0.0005010515,0.000548694,0.001602747,0.002658468,0.003712375,0.004761534,0.005802183,0.006831093,0.007844237,0.00883813,0.009808523,0.01075173,0.01166335,0.01253958,0.01337599,0.01416881,0.0149137,0.01560703,0.01624471,0.01682339,0.01733931,0.01778953,0.01817078,0.0184806,0.01871629,0.01887598,0.01895759,0.01895988,0.01888142,0.0187216,0.01847968,0.01815568,0.0177495,0.01726181,0.01669305,0.0160445,0.01531718,0.0145129,0.01363325,0.01268058,0.01165702,0.0105655,0.009408803,0.008190528,0.006914288,0.005584575,0.004206033,0.002784362,0.001325613,-0.0001629836,-0.001673605,-0.003197108,-0.004723669,-0.006242062,-0.007740366,-0.009205552,-0.0106241,-0.01198184,-0.01326489,-0.0144594,-0.01555272,-0.01653348,-0.01739218,-0.01812203,-0.01871915,-0.01917952,-0.01951163,-0.01971582,-0.01979205,-0.01976356,-0.01963071,-0.01940783,-0.01910455
-0.01739245,-0.01698732,-0.01653183,-0.01603324,-0.01549595,-0.01492461,-0.01431993,-0.01368499,-0.01302318,-0.01233151,-0.01161271,-0.01086641,-0.01009368,-0.009294816,-0.008471172,-0.007623606,-0.006753941,-0.005863495,-0.004954491,-0.004028609,-0.003088363,-0.00213569,-0.001173319,-0.0002034135,0.0007711085,0.001747875,0.00272376,0.003696168,0.004661751,0.005617677,0.006560382,0.007486821,0.008393247,0.009276435,0.01013249,0.01095808,0.01174925,0.01250266,0.01321442,0.0138813,0.01449959,0.01506626,0.01557788,0.01603176,0.01642485,0.0167549,0.01701931,0.01721632,0.01734388,0.01740077,0.0173855,0.0172974,0.01713556,0.01689988,0.01659,0.01620636,0.01574913,0.01521923,0.01461734,0.01394484,0.01320287,0.01239327,0.01151764,0.01057828,0.009577268,0.008517466,0.00740157,0.006233136,0.005015692,0.003753715,0.002451852,0.001115857,-0.0002481967,-0.001632919,-0.003030426,-0.004431478,-0.005826218,-0.00720346,-0.008551621,-0.009857999,-0.01110988,-0.01229413,-0.01339831,-0.01441028,-0.01531975,-0.01611781,-0.01679763,-0.01735494,-0.01779085,-0.01809952,-0.0182904,-0.01837512,-0.01834785,-0.01822812,-0.01802181,-0.01774059
-0.01604837,-0.01566831,-0.01524088,-0.0147709,-0.01426405,-0.013723,-0.01315286,-0.01255383,-0.01192541,-0.01127221,-0.0105927,-0.00988845,-0.009159693,-0.008407789,-0.007633495,-0.006838451,-0.006023861,-0.005191776,-0.004343725,-0.003482037,-0.002608502,-0.001725627,-0.0008353844,5.956693e-05,0.0009571074,0.001854427,0.002749241,0.003638582,0.00451999,0.005390331,0.006246977,0.007086634,0.007906524,0.008703228,0.009473861,0.01021494,0.01092356,0.01159624,0.01223016,0.01282197,0.01336901,0.01386815,0.01431698,0.0147127,0.01505323,0.01533616,0.01555984,0.0157223,0.01582235,0.01585849,0.01583002,0.01573594,0.01557601,0.01534973,0.01505732,0.01469874,0.01427465,0.01378539,0.01323205,0.01261535,0.01193675,0.01119737,0.01039902,0.009543185,0.008632124,0.007667799,0.006652978,0.00559026,0.004483147,0.003335074,0.002150559,0.0009342228,-0.0003081062,-0.001570287,-0.002844818,-0.004123828,-0.005397967,-0.006657512,-0.007891488,-0.009088724,-0.01023713,-0.01132512,-0.01234068,-0.01327315,-0.0141124,-0.0148502,-0.01548022,-0.01599853,-0.01640095,-0.01669553,-0.01687881,-0.01695183,-0.01693454,-0.01682454,-0.016635,-0.01637276
-0.01470794,-0.01435348,-0.01395261,-0.0135123,-0.01303606,-0.01252873,-0.01199042,-0.0114254,-0.01083661,-0.01022168,-0.009583866,-0.00892314,-0.008240956,-0.007537955,-0.006815691,-0.006075256,-0.005318507,-0.00454686,-0.003762432,-0.00296687,-0.002162469,-0.001351018,-0.000534925,0.0002839004,0.00110296,0.001920239,0.002733131,0.003539507,0.004336631,0.005122248,0.005893499,0.006648011,0.007382824,0.008095467,0.008782905,0.009442627,0.0100716,0.01066735,0.01122693,0.01174799,0.01222774,0.01266403,0.01305433,0.01339676,0.0136891,0.01392982,0.01411706,0.0142497,0.01432626,0.01434604,0.01430797,0.01421175,0.01405675,0.01384305,0.01357041,0.0132393,0.01284981,0.01240275,0.01189854,0.01133831,0.01072277,0.01005335,0.009331079,0.008557684,0.007734557,0.00686383,0.00594734,0.004987785,0.003987652,0.002950396,0.001879429,0.0007792859,-0.0003454192,-0.00148874,-0.002644502,-0.003805144,-0.004962775,-0.006108097,-0.007231685,-0.008322837,-0.009371052,-0.01036512,-0.01129464,-0.01214902,-0.01291952,-0.01359809,-0.01417862,-0.014657,-0.01503371,-0.01530161,-0.01547091,-0.0155489,-0.01552921,-0.01542971,-0.01525346,-0.01501096
-0.01338344,-0.01305233,-0.01267884,-0.01226667,-0.01182142,-0.01134521,-0.01084369,-0.01031635,-0.009763766,-0.009190598,-0.008595628,-0.007980845,-0.007346793,-0.006695041,-0.006026573,-0.005343068,-0.004645824,-0.003936772,-0.003217398,-0.002489789,-0.001755572,-0.001016908,-0.0002755019,0.000466423,0.001207109,0.001944265,0.002676059,0.003400126,0.004114547,0.00481687,0.005505089,0.006176654,0.006829488,0.007460971,0.008068976,0.00865087,0.009204539,0.009727393,0.01021741,0.01067211,0.01108963,0.01146768,0.0118046,0.01209836,0.01234759,0.01255055,0.01270618,0.01281309,0.01287055,0.01287752,0.01283364,0.01273818,0.01259113,0.01239211,0.01214142,0.01183897,0.01148535,0.01108073,0.01062597,0.01012149,0.009568362,0.008967264,0.008319526,0.007626051,0.006888482,0.006108059,0.005286817,0.004426484,0.00352968,0.002598801,0.001637317,0.0006486041,-0.0003627556,-0.001392096,-0.002433391,-0.00348049,-0.00452574,-0.005561369,-0.006578263,-0.007567337,-0.008518396,-0.009421892,-0.01026752,-0.01104634,-0.01174943,-0.01236971,-0.01290132,-0.01334043,-0.01368281,-0.01393605,-0.01409377,-0.01415812,-0.01414587,-0.01405275,-0.01389077,-0.01366451
-0.01208297,-0.01177632,-0.01142848,-0.01104605,-0.01063175,-0.01019052,-0.009721993,-0.00923128,-0.008720812,-0.008188822,-0.007638835,-0.00707106,-0.006487163,-0.005887987,-0.005275127,-0.004649755,-0.004013604,-0.003368035,-0.002714907,-0.002055689,-0.001392314,-0.0007262919,-5.958794e-05,0.0006062534,0.00126925,0.001927826,0.002579956,0.003224022,0.003857933,0.004480009,0.005088092,0.005680442,0.006254844,0.006809511,0.007342188,0.007851087,0.008333974,0.008789117,0.009214364,0.009608093,0.009968281,0.01029348,0.01058185,0.01083218,0.01104287,0.01121295,0.0113411,0.01142665,0.01146855,0.01146643,0.01141952,0.01132772,0.01119057,0.01100823,0.01078047,0.01050772,0.01018996,0.009827813,0.00942148,0.00897178,0.008479076,0.007944392,0.007368274,0.006751947,0.006096207,0.00540257,0.004672152,0.003906913,0.003108475,0.002279407,0.001422087,0.0005399827,-0.0003635326,-0.001283785,-0.002216081,-0.003154354,-0.00409243,-0.005022708,-0.005937667,-0.006828416,-0.007686422,-0.008502221,-0.009267234,-0.009972306,-0.01061011,-0.01117345,-0.01165692,-0.0120567,-0.01237271,-0.01259715,-0.01274064,-0.01280682,-0.01278945,-0.01270458,-0.0125532,-0.01234467
-0.01081973,-0.01053522,-0.01021435,-0.00985988,-0.00947722,-0.009068032,-0.008638199,-0.008186675,-0.007714848,-0.007227188,-0.006722745,-0.006203694,-0.005670731,-0.005125458,-0.004568916,-0.00400266,-0.003427916,-0.002846353,-0.002259265,-0.001668374,-0.001075017,-0.000480908,0.0001126069,0.0007038137,0.001291376,0.001873561,0.002449015,0.003015975,0.003573052,0.00411844,0.004650705,0.005167983,0.005668802,0.006151257,0.006613861,0.00705471,0.007472349,0.007864914,0.008231033,0.008568934,0.008877369,0.009154711,0.009399881,0.009611441,0.009788523,0.009929899,0.01003494,0.01010265,0.01013263,0.01012413,0.01007699,0.009990677,0.009865277,0.009700456,0.009496493,0.009253249,0.008971177,0.008650281,0.008291189,0.007894037,0.007459589,0.006988131,0.006480576,0.005937355,0.005359601,0.004747972,0.004103893,0.003428391,0.002723349,0.001990319,0.001231881,0.0004503849,-0.0003506625,-0.001167838,-0.001996409,-0.002831697,-0.003667561,-0.004497923,-0.005315344,-0.006112573,-0.00688114,-0.007613306,-0.008300335,-0.008934866,-0.009509122,-0.01001711,-0.01045352,-0.0108147,-0.01109662,-0.01130626,-0.01143537,-0.01148702,-0.01147506,-0.01139415,-0.01125512,-0.01106082
-0.00960148,-0.009340752,-0.009045049,-0.008720511,-0.008369235,-0.007996016,-0.007600166,-0.007187242,-0.006759117,-0.006314533,-0.005856996,-0.00538682,-0.004905677,-0.004414442,-0.003914578,-0.003407171,-0.002893693,-0.002375303,-0.001853495,-0.001329449,-0.000804655,-0.0002802708,0.0002422312,0.0007617104,0.001276714,0.001786107,0.00228843,0.002782539,0.003266934,0.003740449,0.004201544,0.004649017,0.005081293,0.005497148,0.00589498,0.00627358,0.006631368,0.006967189,0.007279526,0.007567309,0.007829119,0.008064017,0.008270721,0.008448467,0.008596136,0.008713148,0.008798572,0.008852026,0.008872766,0.008860613,0.008815003,0.008735941,0.008623046,0.008476492,0.008296035,0.00808201,0.007834285,0.007553314,0.00723909,0.006892174,0.006512641,0.00610118,0.005657962,0.005183802,0.004679042,0.004144697,0.003581334,0.002990311,0.002372575,0.001729972,0.001064049,0.0003773843,-0.0003276665,-0.001047516,-0.001778717,-0.002516501,-0.00325617,-0.003991628,-0.004717011,-0.005425059,-0.006108979,-0.006760908,-0.007373904,-0.007940173,-0.008453689,-0.008908134,-0.009298832,-0.009622333,-0.009878205,-0.01005848,-0.01017383,-0.01022514,-0.01020664,-0.01013253,-0.01000238,-0.009824476
-0.008440923,-0.008201708,-0.007932799,-0.007636216,-0.007317018,-0.006976468,-0.006620374,-0.006247259,-0.005859048,-0.005459785,-0.005048689,-0.004627886,-0.004198064,-0.003760678,-0.003316669,-0.002867328,-0.002413683,-0.00195704,-0.001498409,-0.001039083,-0.0005800581,-0.0001225764,0.0003323944,0.0007836408,0.00123023,0.001670947,0.002104867,0.002530764,0.002947696,0.003354413,0.003749951,0.004133012,0.004502614,0.004857431,0.005196477,0.00551843,0.005822334,0.006106897,0.006371229,0.006614102,0.006834722,0.007031959,0.007205145,0.00735328,0.007475846,0.007571982,0.007641336,0.007683196,0.007697365,0.007683287,0.00764092,0.007569838,0.007470155,0.007341556,0.00718427,0.006998095,0.006783354,0.006539914,0.006268202,0.005968143,0.005640237,0.005284491,0.004901489,0.004491316,0.004054712,0.003591906,0.003103848,0.002591044,0.002054793,0.001496001,0.0009165283,0.0003179108,-0.0002972359,-0.0009265044,-0.001566263,-0.002213072,-0.002862107,-0.003508747,-0.00414704,-0.004771343,-0.005374752,-0.005951134,-0.006493227,-0.006995095,-0.007450099,-0.007853281,-0.00819997,-0.008486805,-0.008710132,-0.008876318,-0.008976069,-0.009013245,-0.008999009,-0.008927659,-0.008808803,-0.008644069
-0.007344285,-0.007128471,-0.006884445,-0.006617773,-0.006330002,-0.00602561,-0.005703642,-0.005369707,-0.005025098,-0.004668913,-0.004304387,-0.003931802,-0.003552661,-0.00316772,-0.002778184,-0.002384936,-0.001989099,-0.001591557,-0.001193394,-0.0007954701,-0.0003988263,-4.268803e-06,0.0003871911,0.0007747843,0.001157528,0.001534667,0.001905222,0.002268442,0.002623315,0.002969081,0.003304696,0.003629379,0.003942058,0.00424194,0.004527931,0.004799254,0.00505483,0.005293924,0.005515501,0.005718887,0.005903112,0.006067599,0.006211466,0.00633426,0.006435207,0.006513976,0.006569916,0.006602826,0.006612165,0.006597871,0.006559505,0.006497114,0.006410374,0.006299425,0.00616401,0.006004368,0.005820286,0.005612068,0.005379566,0.00512313,0.004842642,0.004538533,0.00421072,0.003859713,0.003485539,0.003088839,0.002669792,0.002229302,0.001767824,0.001286638,0.0007866665,0.0002697683,-0.0002625003,-0.0008074568,-0.001362668,-0.00192448,-0.00248943,-0.003052749,-0.003609992,-0.004155371,-0.004683618,-0.005188346,-0.005664081,-0.006104345,-0.006504308,-0.006858577,-0.007163229,-0.007415284,-0.007614122,-0.007752068,-0.007839521,-0.007875368,-0.007854599,-0.007789542,-0.007678903,-0.007529927
-0.006322132,-0.006127426,-0.005909833,-0.00567075,-0.005414735,-0.005142671,-0.004859988,-0.004564881,-0.004259512,-0.003947323,-0.003627604,-0.003302244,-0.0029718,-0.002637458,-0.002299953,-0.001960253,-0.00161912,-0.001277474,-0.0009360263,-0.0005956558,-0.0002570316,7.90242e-05,0.0004118765,0.0007407377,0.001065009,0.001383898,0.001696821,0.002002975,0.002301767,0.002592374,0.002874187,0.003146344,0.003408226,0.003658944,0.00389788,0.004124146,0.004337146,0.004536013,0.004720196,0.004888866,0.005041544,0.005177462,0.005296227,0.005397156,0.005479956,0.005544028,0.005589193,0.005614935,0.005621174,0.005607491,0.005573895,0.005520038,0.005446027,0.005351562,0.005236812,0.005101538,0.004945951,0.004769833,0.004573459,0.004356619,0.00411962,0.003862295,0.003584989,0.003287571,0.002970496,0.002633716,0.002277833,0.001903001,0.001510079,0.001099514,0.0006726083,0.0002302841,-0.0002255611,-0.0006933186,-0.001170278,-0.001654009,-0.002140822,-0.002627324,-0.003108879,-0.003581232,-0.004038903,-0.004477181,-0.004890185,-0.005273279,-0.005620954,-0.00592925,-0.006194199,-0.006412865,-0.006582086,-0.006707588,-0.006779843,-0.006803196,-0.006786497,-0.006724133,-0.006624487,-0.006488331
-0.005377941,-0.005206071,-0.005012714,-0.004802737,-0.004577185,-0.004340038,-0.004090121,-0.003832742,-0.00356863,-0.003297089,-0.003020907,-0.002740242,-0.002456317,-0.002169692,-0.001881254,-0.00159164,-0.001301619,-0.001011793,-0.0007228733,-0.0004354238,-0.0001501036,0.0001325756,0.0004119794,0.0006876325,0.0009589212,0.00122538,0.001486396,0.001741509,0.001990073,0.002231624,0.002465489,0.002691186,0.002908019,0.003115498,0.003312905,0.003499765,0.003675366,0.003839263,0.003990769,0.004129483,0.004254756,0.004366251,0.004463374,0.004545874,0.004613217,0.004665232,0.004701462,0.004721812,0.004725887,0.004713681,0.004684846,0.004639443,0.004577187,0.004498183,0.00440217,0.004289315,0.004159359,0.004012497,0.003848501,0.003667577,0.003469498,0.003254519,0.003022412,0.002773477,0.002507556,0.002225033,0.001925844,0.00161057,0.001279337,0.0009330093,0.0005720607,0.0001977947,-0.0001888339,-0.0005858754,-0.0009916984,-0.001403583,-0.001819084,-0.002234577,-0.002646822,-0.00305134,-0.003444191,-0.003820346,-0.004175643,-0.004504862,-0.004804288,-0.005069472,-0.005297266,-0.00548523,-0.005632705,-0.005732653,-0.005794893,-0.005817053,-0.005794952,-0.005739092,-0.005647708,-0.005527013
-0.004518854,-0.004367324,-0.004199277,-0.00401557,-0.003820122,-0.003613443,-0.00340034,-0.003178799,-0.002950955,-0.002719563,-0.002483921,-0.002245576,-0.002004896,-0.00176276,-0.00151967,-0.001276271,-0.001033074,-0.0007906541,-0.0005494655,-0.0003100469,-7.28052e-05,0.0001617661,0.0003932841,0.0006212826,0.0008454048,0.001065172,0.001280241,0.001490118,0.001694451,0.00189273,0.002084589,0.002269482,0.002447038,0.002616688,0.002778062,0.002930586,0.003073908,0.003207461,0.003330925,0.003443755,0.003545678,0.003636183,0.003715053,0.00378183,0.00383636,0.003878229,0.00390736,0.003923379,0.003926268,0.003915709,0.003891731,0.003854049,0.003802752,0.003737564,0.003658606,0.003565629,0.003458767,0.003337769,0.003202802,0.003053598,0.002890336,0.002712766,0.002521081,0.002315038,0.002094907,0.001860484,0.001612144,0.001349823,0.001074074,0.0007850411,0.0004836119,0.0001702732,-0.0001536376,-0.000487116,-0.000828202,-0.001175266,-0.001525577,-0.001876755,-0.00222531,-0.002568168,-0.002901128,-0.003220722,-0.003522356,-0.003802565,-0.004056949,-0.004282491,-0.004475975,-0.004634971,-0.00475689,-0.004846786,-0.004895545,-0.004907696,-0.004890085,-0.004837511,-0.004757119,-0.004649085
-0.003744872,-0.003614877,-0.003469504,-0.003312824,-0.003145423,-0.002970652,-0.002787173,-0.002599725,-0.002408546,-0.00221304,-0.002015466,-0.001815835,-0.001615059,-0.001413488,-0.001211711,-0.001010137,-0.0008092361,-0.0006093768,-0.0004109756,-0.0002143696,-1.993104e-05,0.0001720414,0.0003611866,0.0005472344,0.0007298318,0.0009087116,0.001083517,0.001253983,0.001419722,0.001580465,0.0017358,0.001885448,0.002028973,0.002166092,0.002296349,0.00241947,0.002535001,0.002642689,0.00274209,0.002832981,0.002914938,0.002987778,0.003051108,0.003104802,0.003148497,0.003182115,0.003205338,0.003218131,0.003220204,0.00321158,0.003191984,0.003161475,0.003119808,0.003067062,0.003002993,0.002927714,0.002840963,0.002742864,0.002633167,0.002511989,0.002379063,0.002234539,0.002078131,0.001910014,0.001729943,0.001538142,0.001334421,0.001119149,0.0008922566,0.0006543139,0.0004055032,0.000146711,-0.0001215367,-0.000397866,-0.0006812564,-0.0009697525,-0.001261721,-0.001554506,-0.001845868,-0.002132469,-0.002411508,-0.002679177,-0.002932468,-0.003167348,-0.003381109,-0.003570249,-0.003732376,-0.003865617,-0.003969395,-0.004037524,-0.004078986,-0.004090759,-0.004069446,-0.004023787,-0.003951825,-0.00385873
-0.003059132,-0.002947848,-0.002825497,-0.00269247,-0.002551965,-0.00240415,-0.002253047,-0.002096578,-0.00193667,-0.001775389,-0.001612036,-0.001447793,-0.001282849,-0.001117798,-0.0009529376,-0.0007886543,-0.0006252542,-0.0004630563,-0.0003023233,-0.0001433487,1.364181e-05,0.0001683826,0.0003206599,0.0004702253,0.0006168799,0.000760357,0.000900467,0.001036928,0.001169541,0.001298007,0.00142212,0.001541551,0.001656089,0.001765385,0.001869231,0.001967269,0.002059305,0.002144981,0.002224122,0.00229638,0.002361614,0.002419489,0.0024699,0.002512542,0.002547346,0.002574029,0.002592571,0.002602703,0.002604439,0.002597539,0.00258204,0.002557713,0.00252463,0.002482552,0.002431565,0.002371443,0.002302266,0.002223794,0.002136132,0.002039005,0.001932524,0.00181642,0.001690799,0.00155539,0.001410354,0.001255427,0.001090842,0.0009164299,0.0007325396,0.0005391402,0.0003368233,0.0001257891,-9.304813e-05,-0.0003191181,-0.0005510553,-0.000787841,-0.001027533,-0.001268561,-0.001508407,-0.001744977,-0.001975189,-0.002196634,-0.002405887,-0.002600508,-0.002777151,-0.00293366,-0.003067568,-0.003176996,-0.003259934,-0.003320735,-0.003351194,-0.003355709,-0.003339397,-0.003297678,-0.003236445,-0.003155461
-0.002458173,-0.002366069,-0.002263669,-0.002154207,-0.002037879,-0.001917349,-0.001791188,-0.001663423,-0.001533921,-0.001402126,-0.00126978,-0.001136772,-0.001003733,-0.0008708448,-0.0007384574,-0.0006068081,-0.0004761491,-0.0003466831,-0.0002186256,-9.216093e-05,3.252792e-05,0.0001552787,0.0002759081,0.0003942741,0.0005101915,0.0006235164,0.0007340582,0.0008416722,0.0009461396,0.001047316,0.001144961,0.001238922,0.001328941,0.001414863,0.001496412,0.00157344,0.001645668,0.001712964,0.001775049,0.001831812,0.001882982,0.001928471,0.001968025,0.00200159,0.002028924,0.002050006,0.002064612,0.002072743,0.002074189,0.002068986,0.002056919,0.002038046,0.002012165,0.001979336,0.00193935,0.001892288,0.001837914,0.001776312,0.00170725,0.001630798,0.001546701,0.001455054,0.001355575,0.001248372,0.001133188,0.001010154,0.0008790435,0.0007400907,0.000593135,0.0004385505,0.0002763458,0.0001071094,-6.891938e-05,-0.0002508045,-0.0004379685,-0.0006290617,-0.0008230729,-0.001018145,-0.001212833,-0.001404767,-0.001592086,-0.001772049,-0.001942629,-0.002100863,-0.002244925,-0.002372206,-0.002481013,-0.002570026,-0.002638804,-0.002682127,-0.002707941,-0.002713039,-0.002694689,-0.002659976,-0.00260693,-0.002539682
-0.001941343,-0.001865315,-0.001782473,-0.001692847,-0.001598893,-0.001500505,-0.001400865,-0.001297991,-0.001193498,-0.00108883,-0.0009833296,-0.0008778486,-0.000772444,-0.0006674848,-0.000563124,-0.0004595648,-0.0003569752,-0.0002555045,-0.0001552946,-5.648245e-05,4.081665e-05,0.0001364779,0.0002303895,0.000322436,0.0004125119,0.0005004826,0.00058625,0.0006696639,0.0007506193,0.0008289526,0.0009045544,0.0009772354,0.001046886,0.001113301,0.001176372,0.001235886,0.001291745,0.00134373,0.001391757,0.001435612,0.001475228,0.001510395,0.001541071,0.001567059,0.001588335,0.001604715,0.001616203,0.001622613,0.001623973,0.001620107,0.001611052,0.001596634,0.001576911,0.00155169,0.001521038,0.001484763,0.001442922,0.001395308,0.001341993,0.001282738,0.001217614,0.001146384,0.00106911,0.0009855445,0.0008957891,0.0007995898,0.0006970942,0.0005881069,0.0004728482,0.0003512066,0.000223569,8.996707e-05,-4.899449e-05,-0.0001930372,-0.0003412507,-0.0004930577,-0.0006471433,-0.0008025541,-0.0009575697,-0.001110867,-0.001260313,-0.001404359,-0.001540595,-0.001667438,-0.001782492,-0.001884342,-0.001971219,-0.002041778,-0.002094551,-0.002133145,-0.002150618,-0.002150937,-0.002137746,-0.002107214,-0.00206399,-0.00200757
-0.001502403,-0.001442227,-0.001375634,-0.001305058,-0.001230394,-0.001153643,-0.001073385,-0.0009928865,-0.0009117863,-0.0008295506,-0.0007474788,-0.0006653845,-0.0005836824,-0.0005024376,-0.0004218391,-0.0003420119,-0.0002630702,-0.0001851159,-0.0001082433,-3.254609e-05,4.190261e-05,0.000115019,0.0001867237,0.0002569466,0.0003256013,0.0003926149,0.0004578952,0.0005213681,0.0005829185,0.0006424743,0.0006999036,0.0007551298,0.0008080077,0.0008584605,0.0009063273,0.0009515375,0.0009939255,0.001033432,0.001069887,0.001103246,0.00113334,0.001160137,0.001183475,0.001203345,0.001219585,0.001232204,0.001241049,0.001246142,0.001247331,0.001244657,0.001237961,0.001227295,0.001212503,0.001193635,0.001170524,0.001143235,0.001111574,0.001075609,0.001035141,0.0009902259,0.0009406494,0.00088648,0.0008274768,0.0007637193,0.0006949778,0.0006213426,0.0005425974,0.0004589006,0.0003700691,0.0002763511,0.0001776688,7.440561e-05,-3.337394e-05,-0.0001450548,-0.0002603604,-0.0003784017,-0.00049862,-0.0006197843,-0.0007410523,-0.000860837,-0.0009780125,-0.001090725,-0.001197735,-0.001296997,-0.001387406,-0.001467143,-0.001535114,-0.001590484,-0.001632968,-0.00165832,-0.001673329,-0.001674923,-0.001660908,-0.001636865,-0.001600919,-0.001556221
-0.001137723,-0.001090228,-0.001038939,-0.0009836537,-0.0009261346,-0.0008661069,-0.0008059275,-0.000743872,-0.0006811986,-0.0006188392,-0.000556233,-0.0004939582,-0.000431997,-0.0003705618,-0.0003097182,-0.0002495585,-0.000190168,-0.0001316002,-7.392854e-05,-1.72025e-05,3.852187e-05,9.319746e-05,0.0001467677,0.0001991902,0.0002504102,0.0003003687,0.0003490172,0.0003962835,0.0004421151,0.0004864298,0.0005291732,0.0005702445,0.0006095906,0.0006470988,0.0006827181,0.0007163286,0.0007478863,0.0007772657,0.0008044309,0.0008292563,0.0008517186,0.0008716899,0.0008891622,0.0009040115,0.0009162404,0.0009257286,0.0009324957,0.0009364151,0.0009375194,0.000935686,0.0009309498,0.000923185,0.0009124396,0.0008985699,0.0008816287,0.0008614699,0.0008381379,0.0008114738,0.0007815313,0.0007481247,0.0007113092,0.0006708965,0.0006269332,0.0005792215,0.0005278335,0.0004725598,0.0004135013,0.0003504821,0.0002836444,0.0002128586,0.0001383731,6.013853e-05,-2.14608e-05,-0.0001063241,-0.000193876,-0.0002838345,-0.0003753633,-0.0004679465,-0.0005604855,-0.0006522296,-0.0007418011,-0.0008283082,-0.0009101737,-0.0009864781,-0.00105563,-0.0011168,-0.001168819,-0.001210812,-0.001241775,-0.001264537,-0.001273624,-0.001272327,-0.001263077,-0.001242867,-0.001215145,-0.001179284
-0.0008393339,-0.0008038132,-0.0007645948,-0.0007234123,-0.0006799701,-0.0006356921,-0.0005892622,-0.0005432222,-0.0004971062,-0.0004504226,-0.0004041163,-0.0003579743,-0.000312259,-0.0002669723,-0.0002222062,-0.000178022,-0.0001344588,-9.156473e-05,-4.937074e-05,-7.922589e-06,3.276161e-05,7.263899e-05,0.0001116841,0.0001498631,0.0001871426,0.000223487,0.0002588579,0.0002932196,0.0003265166,0.0003587165,0.0003897515,0.000419588,0.0004481488,0.0004754014,0.0005012566,0.0005256871,0.0005485991,0.0005699727,0.0005897094,0.0006077987,0.0006241393,0.0006387288,0.0006514674,0.0006623664,0.0006713215,0.0006783565,0.0006833686,0.0006863867,0.0006873072,0.0006861712,0.0006828639,0.0006774345,0.0006697671,0.0006599081,0.0006477329,0.0006332962,0.0006164526,0.0005972598,0.0005755681,0.000551426,0.0005246705,0.0004953612,0.0004633125,0.0004285919,0.0003910184,0.0003506638,0.0003073507,0.0002611942,0.0002120285,0.0001600233,0.0001050713,4.742056e-05,-1.295791e-05,-7.567419e-05,-0.0001406382,-0.0002072939,-0.000275387,-0.0003441511,-0.0004131669,-0.0004814428,-0.000548388,-0.0006128364,-0.0006741338,-0.0007309667,-0.0007827731,-0.0008283756,-0.000867151,-0.0008986449,-0.0009227123,-0.000936032,-0.0009441698,-0.0009443982,-0.0009349696,-0.0009201408,-0.0008982084,-0.0008714562
-0.0006016989,-0.0005752041,-0.0005468535,-0.0005163455,-0.0004848445,-0.0004520215,-0.0004194902,-0.0003859006,-0.0003521495,-0.0003187883,-0.0002853899,-0.0002523211,-0.0002195361,-0.0001871484,-0.0001551802,-0.0001236651,-9.264448e-05,-6.212704e-05,-3.21507e-05,-2.72393e-06,2.612588e-05,5.438842e-05,8.203503e-05,0.0001090573,0.0001354269,0.0001611236,0.0001861239,0.0002103979,0.0002339206,0.0002566556,0.0002785777,0.000299638,0.0003198136,0.0003390475,0.000357319,0.0003745655,0.0003907713,0.0004058686,0.0004198471,0.0004326371,0.0004442361,0.0004545707,0.0004636474,0.000471393,0.0004778193,0.0004828536,0.0004865173,0.0004887308,0.0004895236,0.0004888159,0.0004866377,0.0004829056,0.0004776573,0.0004707956,0.000462362,0.0004522561,0.0004405135,0.000427025,0.0004118327,0.0003948083,0.000375996,0.0003552645,0.0003326521,0.00030802,0.0002814224,0.0002527093,0.0002219521,0.0001890173,0.0001539979,0.0001167826,7.752607e-05,3.615596e-05,-7.096019e-06,-5.222124e-05,-9.888026e-05,-0.0001469674,-0.0001959916,-0.0002457184,-0.0002955047,-0.0003449846,-0.0003933468,-0.0004401494,-0.0004844526,-0.0005258012,-0.0005632331,-0.0005963341,-0.0006244057,-0.0006469421,-0.0006633102,-0.000675567,-0.0006797503,-0.0006783275,-0.0006727963,-0.0006609776,-0.0006452263,-0.0006249277
-0.0004162185,-0.0003978436,-0.0003775184,-0.0003564123,-0.0003341475,-0.0003116862,-0.0002879027,-0.0002646835,-0.0002415557,-0.0002181045,-0.000194997,-0.0001720321,-0.0001493724,-0.0001269938,-0.0001049375,-8.32322e-05,-6.188305e-05,-4.091354e-05,-2.03263e-05,-1.446176e-07,1.963564e-05,3.899146e-05,5.792105e-05,7.640728e-05,9.444161e-05,0.000112007,0.0001290912,0.0001456779,0.0001617434,0.0001772749,0.0001922406,0.0002066288,0.0002204009,0.0002335477,0.0002460219,0.0002578183,0.0002688859,0.0002792247,0.0002887792,0.0002975557,0.0003054949,0.0003126081,0.0003188352,0.0003241955,0.0003286241,0.0003321479,0.0003347005,0.0003363118,0.0003369131,0.0003365419,0.0003351201,0.000332691,0.000329174,0.0003246109,0.0003189148,0.0003121333,0.0003041649,0.0002950607,0.0002847151,0.0002731748,0.000260325,0.00024622,0.0002307294,0.0002139139,0.0001956432,0.0001759803,0.0001547939,0.000132172,0.0001079846,8.235038e-05,5.516634e-05,2.659273e-05,-3.43715e-06,-3.468488e-05,-6.716002e-05,-0.0001005338,-0.0001347342,-0.0001693169,-0.0002041281,-0.0002385964,-0.0002724804,-0.0003051061,-0.0003362076,-0.0003650099,-0.0003913094,-0.000414408,-0.0004340111,-0.0004499243,-0.0004621084,-0.0004680858,-0.0004721835,-0.0004721428,-0.0004666275,-0.0004587434,-0.0004470295,-0.0004330574
-0.0002765037,-0.0002637886,-0.0002503173,-0.0002358041,-0.0002209383,-0.0002054319,-0.0001902806,-0.0001745537,-0.0001588202,-0.0001433766,-0.0001279369,-0.0001127133,-9.766174e-05,-8.283806e-05,-6.824709e-05,-5.389663e-05,-3.980669e-05,-2.597086e-05,-1.24089e-05,8.846342e-07,1.389567e-05,2.66272e-05,3.906441e-05,5.121083e-05,6.30518e-05,7.458362e-05,8.579511e-05,9.667654e-05,0.0001072168,0.0001174023,0.0001272226,0.0001366567,0.0001456964,0.0001543159,0.0001625087,0.0001702453,0.0001775228,0.0001843077,0.0001906001,0.0001963651,0.0002016072,0.0002062879,0.000210417,0.0002139548,0.0002169139,0.0002192539,0.0002209925,0.0002220842,0.0002225513,0.000222347,0.000221494,0.0002199426,0.0002177199,0.0002147677,0.0002111156,0.0002067029,0.0002015566,0.0001956106,0.0001888958,0.0001813348,0.0001729608,0.0001636939,0.0001535645,0.0001424875,0.0001305024,0.0001175162,0.0001035779,8.860062e-05,7.264388e-05,5.562955e-05,3.764832e-05,1.86376e-05,-1.273504e-06,-2.211078e-05,-4.369205e-05,-6.599924e-05,-8.877368e-05,-0.0001119373,-0.000135155,-0.000158287,-0.0001809103,-0.0002028525,-0.0002236188,-0.0002430349,-0.0002605864,-0.0002761135,-0.0002892505,-0.0002997452,-0.0003072408,-0.0003130843,-0.0003147052,-0.0003137361,-0.0003110165,-0.0003051219,-0.0002974921,-0.0002876328
-0.0001742795,-0.0001663674,-0.0001575289,-0.0001485026,-0.0001389266,-0.0001294139,-0.0001190957,-0.0001092774,-9.955333e-05,-8.961506e-05,-7.990736e-05,-7.02676e-05,-6.079383e-05,-5.145836e-05,-4.227848e-05,-3.3268e-05,-2.442051e-05,-1.574927e-05,-7.247542e-06,1.071234e-06,9.216769e-06,1.717556e-05,2.495345e-05,3.254049e-05,3.993802e-05,4.713737e-05,5.413711e-05,6.092999e-05,6.750773e-05,7.38661e-05,7.999177e-05,8.588261e-05,9.152107e-05,9.690732e-05,0.0001020182,0.0001068571,0.0001113978,0.0001156475,0.0001195764,0.0001231958,0.0001264725,0.0001294209,0.0001320063,0.000134248,0.0001361072,0.0001376077,0.0001387086,0.0001394359,0.0001397462,0.0001396702,0.0001391583,0.0001382449,0.0001368782,0.0001350928,0.0001328324,0.0001301356,0.0001269375,0.0001232801,0.0001190951,0.0001144234,0.0001091912,0.0001034444,9.709977e-05,9.020802e-05,8.268409e-05,7.458094e-05,6.581059e-05,5.643929e-05,4.637651e-05,3.570422e-05,2.434076e-05,1.238797e-05,-2.233486e-07,-1.335372e-05,-2.705109e-05,-4.113311e-05,-5.561619e-05,-7.026308e-05,-8.505888e-05,-9.970429e-05,-0.00011415,-0.0001280435,-0.0001413344,-0.0001536086,-0.0001648566,-0.0001747039,-0.0001830528,-0.000189854,-0.0001951327,-0.0001971676,-0.0001990615,-0.0001991077,-0.000196368,-0.0001929518,-0.0001877165,-0.0001816758
-0.0001032033,-9.82871e-05,-9.314431e-05,-8.757108e-05,-8.191806e-05,-7.598947e-05,-7.031688e-05,-6.435454e-05,-5.840995e-05,-5.262599e-05,-4.683852e-05,-4.115508e-05,-3.55458e-05,-3.003543e-05,-2.462382e-05,-1.931046e-05,-1.410475e-05,-8.999411e-06,-4.004292e-06,8.871144e-07,5.667504e-06,1.034179e-05,1.490254e-05,1.935459e-05,2.369083e-05,2.79125e-05,3.201449e-05,3.599496e-05,3.984949e-05,4.357415e-05,4.716537e-05,5.061557e-05,5.392265e-05,5.707658e-05,6.007663e-05,6.291067e-05,6.557982e-05,6.806976e-05,7.038334e-05,7.250501e-05,7.443988e-05,7.617032e-05,7.770401e-05,7.902212e-05,8.013384e-05,8.10194e-05,8.169052e-05,8.212458e-05,8.233561e-05,8.229988e-05,8.203185e-05,8.150608e-05,8.073929e-05,7.970169e-05,7.841171e-05,7.6838e-05,7.499824e-05,7.28583e-05,7.043817e-05,6.769819e-05,6.465999e-05,6.128234e-05,5.75861e-05,5.352724e-05,4.913104e-05,4.434902e-05,3.921103e-05,3.367012e-05,2.776061e-05,2.143767e-05,1.474889e-05,7.65385e-06,2.160848e-07,-7.592045e-06,-1.568536e-05,-2.407625e-05,-3.264788e-05,-4.139094e-05,-5.015699e-05,-5.891463e-05,-6.74779e-05,-7.580579e-05,-8.367909e-05,-9.106035e-05,-9.771743e-05,-0.0001036156,-0.0001085956,-0.0001125537,-0.0001153204,-0.0001176577,-0.0001181247,-0.0001176412,-0.0001166262,-0.0001142685,-0.0001113257,-0.0001074741
-5.60579e-05,-5.349113e-05,-5.053953e-05,-4.762274e-05,-4.446862e-05,-4.143031e-05,-3.793341e-05,-3.47762e-05,-3.167073e-05,-2.842463e-05,-2.530156e-05,-2.219195e-05,-1.915064e-05,-1.6157e-05,-1.32179e-05,-1.034024e-05,-7.516783e-06,-4.755785e-06,-2.050014e-06,5.922275e-07,3.179071e-06,5.702382e-06,8.168259e-06,1.057044e-05,1.291255e-05,1.518985e-05,1.740409e-05,1.955202e-05,2.163172e-05,2.364204e-05,2.557833e-05,2.744142e-05,2.922418e-05,3.092926e-05,3.254633e-05,3.408013e-05,3.551835e-05,3.686823e-05,3.811513e-05,3.926857e-05,4.031161e-05,4.125586e-05,4.208285e-05,4.280685e-05,4.340684e-05,4.389958e-05,4.426224e-05,4.451334e-05,4.46282e-05,4.462782e-05,4.448416e-05,4.422064e-05,4.380733e-05,4.326881e-05,4.257251e-05,4.174538e-05,4.075058e-05,3.961743e-05,3.83069e-05,3.68491e-05,3.520172e-05,3.339786e-05,3.139049e-05,2.921587e-05,2.682492e-05,2.42559e-05,2.145703e-05,1.847278e-05,1.524854e-05,1.183592e-05,8.181139e-06,4.344126e-06,2.727878e-07,-3.95771e-06,-8.394986e-06,-1.294688e-05,-1.765388e-05,-2.240235e-05,-2.722583e-05,-3.19856e-05,-3.670769e-05,-4.122944e-05,-4.558496e-05,-4.957903e-05,-5.326968e-05,-5.648016e-05,-5.920363e-05,-6.144818e-05,-6.326089e-05,-6.358663e-05,-6.436672e-05,-6.448792e-05,-6.338039e-05,-6.230751e-05,-6.050303e-05,-5.855375e-05
-2.726521e-05,-2.592485e-05,-2.455303e-05,-2.304161e-05,-2.153263e-05,-1.992614e-05,-1.845055e-05,-1.685101e-05,-1.525915e-05,-1.3734e-05,-1.21993e-05,-1.069956e-05,-9.219836e-06,-7.769382e-06,-6.347533e-06,-4.952766e-06,-3.588976e-06,-2.252196e-06,-9.465889e-07,3.314869e-07,1.578689e-06,2.798009e-06,3.986227e-06,5.146142e-06,6.274846e-06,7.373755e-06,8.440855e-06,9.476364e-06,1.047884e-05,1.14476e-05,1.238178e-05,1.327927e-05,1.413995e-05,1.496073e-05,1.574223e-05,1.648045e-05,1.717684e-05,1.78264e-05,1.843137e-05,1.898611e-05,1.949381e-05,1.994789e-05,2.035257e-05,2.070055e-05,2.099677e-05,2.123338e-05,2.141628e-05,2.153646e-05,2.160079e-05,2.15996e-05,2.154018e-05,2.141205e-05,2.122344e-05,2.096226e-05,2.063756e-05,2.023649e-05,1.976821e-05,1.921874e-05,1.859824e-05,1.789074e-05,1.710729e-05,1.623109e-05,1.527333e-05,1.421601e-05,1.307196e-05,1.182141e-05,1.047898e-05,9.024756e-06,7.474986e-06,5.80971e-06,4.04944e-06,2.174676e-06,2.109419e-07,-1.858618e-06,-4.001904e-06,-6.23255e-06,-8.508788e-06,-1.083928e-05,-1.317262e-05,-1.551266e-05,-1.77962e-05,-2.002634e-05,-2.212806e-05,-2.410843e-05,-2.588587e-05,-2.746665e-05,-2.879846e-05,-2.984843e-05,-3.055504e-05,-3.126497e-05,-3.132652e-05,-3.115259e-05,-3.09193e-05,-3.025116e-05,-2.946773e-05,-2.840602e-05
-1.118906e-05,-1.069479e-05,-1.007063e-05,-9.508245e-06,-8.859275e-06,-8.287554e-06,-7.503239e-06,-6.889e-06,-6.292596e-06,-5.623103e-06,-5.003569e-06,-4.3785e-06,-3.772874e-06,-3.175987e-06,-2.590236e-06,-2.018781e-06,-1.45729e-06,-9.102025e-07,-3.731618e-07,1.494665e-07,6.621153e-07,1.160665e-06,1.648723e-06,2.122953e-06,2.585909e-06,3.035271e-06,3.472612e-06,3.896551e-06,4.307099e-06,4.70397e-06,5.085953e-06,5.453981e-06,5.805671e-06,6.14296e-06,6.462023e-06,6.76588e-06,7.04969e-06,7.317728e-06,7.564011e-06,7.793882e-06,8.000172e-06,8.189297e-06,8.35318e-06,8.499449e-06,8.618814e-06,8.720031e-06,8.792783e-06,8.846852e-06,8.87091e-06,8.875871e-06,8.848991e-06,8.802351e-06,8.722194e-06,8.621542e-06,8.485381e-06,8.327868e-06,8.13233e-06,7.914196e-06,7.655652e-06,7.373053e-06,7.047059e-06,6.695435e-06,6.296994e-06,5.871091e-06,5.395222e-06,4.890033e-06,4.331416e-06,3.742366e-06,3.097121e-06,2.421339e-06,1.688104e-06,9.259547e-07,1.068924e-07,-7.357971e-07,-1.630706e-06,-2.539359e-06,-3.49096e-06,-4.440725e-06,-5.41856e-06,-6.371944e-06,-7.331871e-06,-8.237204e-06,-9.125843e-06,-9.923048e-06,-1.067786e-05,-1.132257e-05,-1.187199e-05,-1.234127e-05,-1.276602e-05,-1.263944e-05,-1.290385e-05,-1.300246e-05,-1.26677e-05,-1.249341e-05,-1.208892e-05,-1.172593e-05
-3.571085e-06,-3.387769e-06,-3.211072e-06,-3.005446e-06,-2.808435e-06,-2.588255e-06,-2.409405e-06,-2.194563e-06,-1.980359e-06,-1.783834e-06,-1.581633e-06,-1.386048e-06,-1.192398e-06,-1.003073e-06,-8.178092e-07,-6.359493e-07,-4.586132e-07,-2.845995e-07,-1.15087e-07,5.10538e-08,2.127882e-07,3.710996e-07,5.250469e-07,6.755109e-07,8.216955e-07,9.641478e-07,1.10232e-06,1.236465e-06,1.36627e-06,1.491738e-06,1.612763e-06,1.728993e-06,1.840561e-06,1.94685e-06,2.048253e-06,2.143893e-06,2.2344e-06,2.318614e-06,2.3974e-06,2.469388e-06,2.535716e-06,2.594751e-06,2.647886e-06,2.69326e-06,2.73249e-06,2.763515e-06,2.788217e-06,2.804233e-06,2.8137e-06,2.814041e-06,2.807589e-06,2.791519e-06,2.768418e-06,2.735093e-06,2.694387e-06,2.642875e-06,2.583561e-06,2.512711e-06,2.433606e-06,2.342079e-06,2.241703e-06,2.128046e-06,2.00486e-06,1.867362e-06,1.719712e-06,1.556692e-06,1.382913e-06,1.192923e-06,9.917486e-07,7.736865e-07,5.44597e-07,2.985809e-07,4.244976e-08,-2.296737e-07,-5.098046e-07,-8.037447e-07,-1.1018e-06,-1.409491e-06,-1.71541e-06,-2.024951e-06,-2.324567e-06,-2.620294e-06,-2.895936e-06,-3.159387e-06,-3.392338e-06,-3.601952e-06,-3.777836e-06,-3.91325e-06,-3.994563e-06,-4.124854e-06,-4.110398e-06,-4.07231e-06,-4.061203e-06,-3.962599e-06,-3.865144e-06,-3.716947e-06
-6.981893e-07,-6.764741e-07,-6.281537e-07,-6.024847e-07,-5.575166e-07,-5.358658e-07,-4.589056e-07,-4.274997e-07,-3.99241e-07,-3.506954e-07,-3.136836e-07,-2.731794e-07,-2.356042e-07,-1.980538e-07,-1.610557e-07,-1.254538e-07,-8.999672e-08,-5.597079e-08,-2.210104e-08,1.036563e-08,4.266511e-08,7.365016e-08,1.043651e-07,1.338494e-07,1.628942e-07,1.908549e-07,2.182459e-07,2.447092e-07,2.703769e-07,2.951926e-07,3.189804e-07,3.420462e-07,3.639053e-07,3.851514e-07,4.049319e-07,4.241405e-07,4.416451e-07,4.586823e-07,4.738156e-07,4.885601e-07,5.011554e-07,5.134152e-07,5.233118e-07,5.329729e-07,5.400566e-07,5.469769e-07,5.511006e-07,5.551461e-07,5.561931e-07,5.572531e-07,5.550664e-07,5.529556e-07,5.473756e-07,5.419633e-07,5.328408e-07,5.239466e-07,5.110293e-07,4.983831e-07,4.814383e-07,4.648248e-07,4.435778e-07,4.226918e-07,3.967863e-07,3.712867e-07,3.404121e-07,3.099908e-07,2.737717e-07,2.381102e-07,1.96284e-07,1.55241e-07,1.077252e-07,6.129218e-08,8.119461e-09,-4.336106e-08,-1.015334e-07,-1.570286e-07,-2.189982e-07,-2.770042e-07,-3.409838e-07,-3.991051e-07,-4.623191e-07,-5.169429e-07,-5.762223e-07,-6.232194e-07,-6.740672e-07,-7.134131e-07,-7.479663e-07,-7.831873e-07,-8.307936e-07,-7.570055e-07,-8.11578e-07,-8.442918e-07,-7.860393e-07,-7.911758e-07,-7.531098e-07,-7.42237e-07
-4.411994e-08,-4.211224e-08,-3.965723e-08,-3.738225e-08,-3.481961e-08,-3.250348e-08,-2.948641e-08,-2.700761e-08,-2.46375e-08,-2.200748e-08,-1.95583e-08,-1.709627e-08,-1.471281e-08,-1.236371e-08,-1.006537e-08,-7.819449e-09,-5.620596e-09,-3.47371e-09,-1.373636e-09,6.745721e-10,2.676991e-09,4.628768e-09,6.533498e-09,8.388628e-09,1.019449e-08,1.195133e-08,1.365674e-08,1.531354e-08,1.691435e-08,1.846521e-08,1.9955e-08,2.13933e-08,2.27655e-08,2.408405e-08,2.532986e-08,2.651853e-08,2.762799e-08,2.867762e-08,2.964191e-08,3.054346e-08,3.135317e-08,3.209674e-08,3.274251e-08,3.331989e-08,3.379344e-08,3.419603e-08,3.44892e-08,3.470869e-08,3.48131e-08,3.484165e-08,3.474833e-08,3.457589e-08,3.427537e-08,3.389203e-08,3.337307e-08,3.276719e-08,3.20161e-08,3.117228e-08,3.017415e-08,2.90765e-08,2.781302e-08,2.644284e-08,2.489356e-08,2.322915e-08,2.137349e-08,1.939408e-08,1.721004e-08,1.489655e-08,1.236772e-08,9.707429e-09,6.827303e-09,3.820571e-09,5.967744e-10,-2.734433e-09,-6.263424e-09,-9.862598e-09,-1.362148e-08,-1.739035e-08,-2.125807e-08,-2.504791e-08,-2.884851e-08,-3.2454e-08,-3.597325e-08,-3.915483e-08,-4.214276e-08,-4.47139e-08,-4.689712e-08,-4.873572e-08,-5.037591e-08,-5.00797e-08,-5.093823e-08,-5.130707e-08,-5.006243e-08,-4.930143e-08,-4.772382e-08,-4.62285e-08
0,0,0,0,0,0,0,0,0,0,0,0,0,0,0,0,0,0,0,0,0,0,0,0,0,0,0,0,0,0,0,0,0,0,0,0,0,0,0,0,0,0,0,0,0,0,0,0,0,0,0,0,0,0,0,0,0,0,0,0,0,0,0,0,0,0,0,0,0,0,0,0,0,0,0,0,0,0,0,0,0,0,0,0,0,0,0,0,0,0,0,0,0,0,0,0
