NaN,NaN,NaN,NaN,NaN,NaN,NaN,NaN,NaN,NaN,NaN,NaN,NaN,NaN,NaN,0,0,0,0,0,0,0,0,0,0,0,0,0,0,0,0,0,0,0,0,0,0,0,0,0,0,0,0,0,0,0,0,0,0,0,0,0,0,0,0,0,0,0,0,0,0,0,0,0,0,0,0,0,0,0,0,0,0,0,0,0,0,0,0,0,0,0,NaN,NaN,NaN,NaN,NaN,NaN,NaN,NaN,NaN,NaN,NaN,NaN,NaN,NaN
NaN,NaN,NaN,NaN,NaN,NaN,NaN,NaN,NaN,NaN,NaN,NaN,NaN,NaN,NaN,-6.538072e-10,5.805824e-10,1.349537e-09,1.342233e-09,1.426526e-09,1.195684e-09,1.222641e-09,1.003111e-09,1.047001e-09,8.355699e-10,8.788362e-10,6.501319e-10,6.749359e-10,4.154958e-10,4.145797e-10,1.215623e-10,9.524318e-11,-2.281526e-10,-2.753288e-10,-6.221118e-10,-6.821999e-10,-1.042523e-09,-1.105987e-09,-1.469624e-09,-1.527252e-09,-1.884457e-09,-1.927115e-09,-2.268219e-09,-2.287392e-09,-2.603829e-09,-2.592307e-09,-2.877133e-09,-2.829443e-09,-3.077786e-09,-2.990872e-09,-3.200066e-09,-3.072511e-09,-3.241234e-09,-3.072964e-09,-3.201444e-09,-2.994182e-09,-3.084317e-09,-2.841343e-09,-2.896544e-09,-2.622827e-09,-2.647593e-09,-2.348303e-09,-2.345926e-09,-2.024435e-09,-1.995839e-09,-1.654063e-09,-1.599241e-09,-1.242351e-09,-1.172786e-09,-8.351886e-10,-8.163006e-10,-6.209015e-10,-8.248354e-10,-9.793865e-10,-1.524266e-09,-1.859263e-09,-1.829665e-09,-3.747352e-10,3.031317e-09,7.154166e-09,9.594348e-09,4.786094e-09,NaN,NaN,NaN,NaN,NaN,NaN,NaN,NaN,NaN,NaN,NaN,NaN,NaN,NaN
NaN,NaN,NaN,NaN,NaN,NaN,NaN,NaN,NaN,NaN,NaN,NaN,NaN,NaN,NaN,-1.114532e-08,1.013699e-08,1.950951e-08,2.187214e-08,2.066705e-08,1.944132e-08,1.758081e-08,1.636501e-08,1.490469e-08,1.368882e-08,1.23524e-08,1.077024e-08,9.275132e-09,7.113721e-09,5.324339e-09,2.5417e-09,4.710464e-10,-2.862768e-09,-5.146618e-09,-8.935267e-09,-1.13304e-08,-1.542047e-08,-1.776863e-08,-2.19872e-08,-2.415099e-08,-2.836135e-08,-3.021442e-08,-3.426399e-08,-3.566477e-08,-3.941499e-08,-4.025905e-08,-4.361352e-08,-4.38208e-08,-4.669942e-08,-4.621654e-08,-4.858152e-08,-4.739238e-08,-4.922801e-08,-4.732543e-08,-4.863211e-08,-4.604137e-08,-4.685896e-08,-4.363087e-08,-4.401141e-08,-4.02106e-08,-4.022732e-08,-3.593419e-08,-3.564986e-08,-3.0906e-08,-3.033518e-08,-2.51601e-08,-2.432005e-08,-1.878942e-08,-1.786212e-08,-1.247539e-08,-1.246554e-08,-9.092482e-09,-1.264315e-08,-1.441484e-08,-2.324867e-08,-2.746839e-08,-2.745624e-08,-4.21819e-09,4.778496e-08,1.11477e-07,1.455235e-07,7.446104e-08,NaN,NaN,NaN,NaN,NaN,NaN,NaN,NaN,NaN,NaN,NaN,NaN,NaN,NaN
NaN,NaN,NaN,NaN,NaN,NaN,NaN,NaN,NaN,NaN,NaN,NaN,NaN,NaN,NaN,-4.406418e-08,4.00478e-08,1.000724e-07,9.620599e-08,1.062749e-07,8.500228e-08,9.00765e-08,6.999766e-08,7.641206e-08,5.731725e-08,6.367642e-08,4.358455e-08,4.852791e-08,2.643302e-08,2.942205e-08,5.082848e-09,6.110023e-09,-2.025782e-08,-2.083991e-08,-4.87028e-08,-5.030447e-08,-7.897395e-08,-8.093104e-08,-1.096782e-07,-1.113033e-07,-1.39403e-07,-1.400321e-07,-1.668109e-07,-1.658516e-07,-1.906973e-07,-1.876174e-07,-2.100211e-07,-2.044328e-07,-2.240612e-07,-2.157574e-07,-2.324189e-07,-2.212993e-07,-2.349042e-07,-2.209779e-07,-2.315479e-07,-2.149427e-07,-2.226121e-07,-2.035801e-07,-2.086055e-07,-1.87519e-07,-1.902161e-07,-1.6745e-07,-1.680526e-07,-1.438726e-07,-1.424491e-07,-1.170017e-07,-1.135359e-07,-8.720487e-08,-8.251516e-08,-5.777234e-08,-5.649688e-08,-4.205877e-08,-5.632445e-08,-6.660783e-08,-1.039379e-07,-1.248861e-07,-1.172363e-07,-5.446916e-09,2.406426e-07,5.288305e-07,6.910877e-07,3.385414e-07,NaN,NaN,NaN,NaN,NaN,NaN,NaN,NaN,NaN,NaN,NaN,NaN,NaN,NaN
NaN,NaN,NaN,NaN,NaN,NaN,NaN,NaN,NaN,NaN,NaN,NaN,NaN,NaN,NaN,-1.328498e-07,1.25632e-07,2.83146e-07,2.919733e-07,3.017078e-07,2.5585e-07,2.518952e-07,2.085085e-07,2.101548e-07,1.692958e-07,1.721527e-07,1.279559e-07,1.277422e-07,7.711431e-08,7.203221e-08,1.428252e-08,4.357786e-09,-5.976094e-08,-7.354178e-08,-1.425595e-07,-1.586009e-07,-2.304763e-07,-2.467632e-07,-3.192922e-07,-3.33883e-07,-4.050608e-07,-4.161172e-07,-4.839555e-07,-4.896953e-07,-5.523959e-07,-5.513426e-07,-6.075137e-07,-5.985789e-07,-6.472316e-07,-6.297917e-07,-6.70413e-07,-6.442306e-07,-6.766047e-07,-6.416853e-07,-6.658802e-07,-6.226094e-07,-6.390964e-07,-5.882119e-07,-5.977442e-07,-5.402704e-07,-5.438138e-07,-4.808563e-07,-4.79171e-07,-4.114367e-07,-4.047359e-07,-3.326013e-07,-3.209535e-07,-2.45497e-07,-2.312829e-07,-1.59434e-07,-1.559279e-07,-1.124522e-07,-1.5393e-07,-1.78715e-07,-2.836275e-07,-3.31262e-07,-2.967445e-07,4.639355e-08,7.669595e-07,1.580221e-06,1.985395e-06,9.746807e-07,NaN,NaN,NaN,NaN,NaN,NaN,NaN,NaN,NaN,NaN,NaN,NaN,NaN,NaN
NaN,NaN,NaN,NaN,NaN,NaN,NaN,NaN,NaN,NaN,NaN,NaN,NaN,NaN,NaN,-2.682965e-07,2.669659e-07,6.501762e-07,6.495308e-07,6.96882e-07,5.609201e-07,5.706374e-07,4.432399e-07,4.673279e-07,3.493967e-07,3.767215e-07,2.536617e-07,2.737138e-07,1.381851e-07,1.468223e-07,-2.914062e-09,-5.850361e-09,-1.683223e-07,-1.805637e-07,-3.523149e-07,-3.701063e-07,-5.466658e-07,-5.656955e-07,-7.423267e-07,-7.582099e-07,-9.3032e-07,-9.388821e-07,-1.10219e-06,-1.099665e-06,-1.2503e-06,-1.23338e-06,-1.368207e-06,-1.334523e-06,-1.451499e-06,-1.399817e-06,-1.497845e-06,-1.427661e-06,-1.506307e-06,-1.417782e-06,-1.477298e-06,-1.371363e-06,-1.412761e-06,-1.291142e-06,-1.316176e-06,-1.181319e-06,-1.19212e-06,-1.046509e-06,-1.044696e-06,-8.90069e-07,-8.761526e-07,-7.134695e-07,-6.874449e-07,-5.191408e-07,-4.861396e-07,-3.275238e-07,-3.161249e-07,-2.20432e-07,-3.029911e-07,-3.522525e-07,-5.58279e-07,-6.329126e-07,-4.902068e-07,3.362944e-07,1.956856e-06,3.649893e-06,4.389914e-06,2.08669e-06,NaN,NaN,NaN,NaN,NaN,NaN,NaN,NaN,NaN,NaN,NaN,NaN,NaN,NaN
NaN,NaN,NaN,NaN,NaN,NaN,NaN,NaN,NaN,NaN,NaN,NaN,NaN,NaN,NaN,-4.942112e-07,5.377962e-07,1.242031e-06,1.306324e-06,1.341672e-06,1.104614e-06,1.060977e-06,8.403564e-07,8.359299e-07,6.381014e-07,6.475818e-07,4.415028e-07,4.414613e-07,2.114706e-07,1.926119e-07,-6.484451e-08,-1.029256e-07,-3.847639e-07,-4.378422e-07,-7.375492e-07,-7.986487e-07,-1.107525e-06,-1.168238e-06,-1.477088e-06,-1.529229e-06,-1.829551e-06,-1.86541e-06,-2.149047e-06,-2.161436e-06,-2.421111e-06,-2.404029e-06,-2.634095e-06,-2.583268e-06,-2.779962e-06,-2.69318e-06,-2.854689e-06,-2.731291e-06,-2.857063e-06,-2.697511e-06,-2.788233e-06,-2.594517e-06,-2.652444e-06,-2.428018e-06,-2.456662e-06,-2.206231e-06,-2.209893e-06,-1.938348e-06,-1.920369e-06,-1.630999e-06,-1.592478e-06,-1.287117e-06,-1.228314e-06,-9.115151e-07,-8.419415e-07,-5.416898e-07,-5.134655e-07,-3.259906e-07,-4.663844e-07,-5.281797e-07,-8.579386e-07,-8.880037e-07,-4.42674e-07,1.328008e-06,4.500976e-06,7.4321e-06,8.26369e-06,3.808058e-06,NaN,NaN,NaN,NaN,NaN,NaN,NaN,NaN,NaN,NaN,NaN,NaN,NaN,NaN
NaN,NaN,NaN,NaN,NaN,NaN,NaN,NaN,NaN,NaN,NaN,NaN,NaN,NaN,NaN,-7.504644e-07,9.519263e-07,2.271453e-06,2.416076e-06,2.482636e-06,1.975513e-06,1.867097e-06,1.401452e-06,1.388522e-06,9.840393e-07,1.010006e-06,6.011968e-07,6.158924e-07,1.70922e-07,1.551823e-07,-3.333432e-07,-3.811854e-07,-9.080164e-07,-9.803385e-07,-1.5334e-06,-1.617514e-06,-2.18147e-06,-2.262864e-06,-2.821743e-06,-2.885964e-06,-3.424671e-06,-3.458253e-06,-3.96294e-06,-3.953886e-06,-4.412285e-06,-4.350389e-06,-4.752916e-06,-4.631222e-06,-4.972007e-06,-4.787374e-06,-5.063807e-06,-4.815643e-06,-5.027363e-06,-4.717246e-06,-4.866131e-06,-4.49816e-06,-4.588602e-06,-4.169466e-06,-4.208222e-06,-3.746854e-06,-3.741811e-06,-3.247173e-06,-3.204423e-06,-2.682867e-06,-2.604676e-06,-2.059843e-06,-1.946571e-06,-1.386501e-06,-1.25396e-06,-7.257019e-07,-6.588316e-07,-3.174416e-07,-5.106662e-07,-5.4231e-07,-9.360204e-07,-6.951161e-07,5.905133e-07,4.265638e-06,1.006625e-05,1.437011e-05,1.433519e-05,6.155629e-06,NaN,NaN,NaN,NaN,NaN,NaN,NaN,NaN,NaN,NaN,NaN,NaN,NaN,NaN
NaN,NaN,NaN,NaN,NaN,NaN,NaN,NaN,NaN,NaN,NaN,NaN,NaN,NaN,-1.760205e-06,-1.094366e-06,1.773808e-06,4.087109e-06,4.606762e-06,4.515493e-06,3.594522e-06,3.142314e-06,2.316497e-06,2.108138e-06,1.431482e-06,1.335722e-06,6.690133e-07,5.754708e-07,-1.474706e-07,-2.802832e-07,-1.074238e-06,-1.250633e-06,-2.105649e-06,-2.312528e-06,-3.20707e-06,-3.422404e-06,-4.329017e-06,-4.527215e-06,-5.417839e-06,-5.5744e-06,-6.423515e-06,-6.51597e-06,-7.300081e-06,-7.308365e-06,-8.007222e-06,-7.915156e-06,-8.513715e-06,-8.31077e-06,-8.800231e-06,-8.482439e-06,-8.860006e-06,-8.428135e-06,-8.694934e-06,-8.153286e-06,-8.3142e-06,-7.671471e-06,-7.73583e-06,-7.005009e-06,-6.985876e-06,-6.18355e-06,-6.095938e-06,-5.238745e-06,-5.09438e-06,-4.194024e-06,-3.997715e-06,-3.061169e-06,-2.814349e-06,-1.855423e-06,-1.583522e-06,-6.774729e-07,-5.116998e-07,1.074312e-07,-9.71077e-08,4.70247e-08,-1.807289e-07,9.846538e-07,4.470403e-06,1.227495e-05,2.306462e-05,2.849166e-05,2.438514e-05,9.39899e-06,6.255284e-06,NaN,NaN,NaN,NaN,NaN,NaN,NaN,NaN,NaN,NaN,NaN,NaN,NaN
NaN,NaN,NaN,NaN,NaN,NaN,NaN,NaN,NaN,NaN,NaN,NaN,NaN,NaN,-2.378817e-06,-1.385527e-06,3.445409e-06,7.974234e-06,9.275386e-06,8.775717e-06,6.754308e-06,5.525001e-06,3.79041e-06,3.183756e-06,1.826506e-06,1.512281e-06,2.175716e-07,-5.447242e-08,-1.428473e-06,-1.749059e-06,-3.233214e-06,-3.613605e-06,-5.188549e-06,-5.60392e-06,-7.227618e-06,-7.636542e-06,-9.257993e-06,-9.614228e-06,-1.118248e-05,-1.144183e-05,-1.291083e-05,-1.303386e-05,-1.436316e-05,-1.431623e-05,-1.547184e-05,-1.522837e-05,-1.618596e-05,-1.573042e-05,-1.647801e-05,-1.580722e-05,-1.634364e-05,-1.546291e-05,-1.57943e-05,-1.471568e-05,-1.485496e-05,-1.359795e-05,-1.35656e-05,-1.21574e-05,-1.19807e-05,-1.04547e-05,-1.016361e-05,-8.552432e-06,-8.170576e-06,-6.498005e-06,-6.036427e-06,-4.317139e-06,-3.779726e-06,-2.039182e-06,-1.46853e-06,1.689291e-07,5.694164e-07,1.756012e-06,1.667132e-06,2.360022e-06,2.948856e-06,6.721577e-06,1.590677e-05,3.360372e-05,5.539216e-05,6.100927e-05,4.373547e-05,1.407622e-05,8.773993e-06,NaN,NaN,NaN,NaN,NaN,NaN,NaN,NaN,NaN,NaN,NaN,NaN,NaN
NaN,NaN,NaN,NaN,NaN,NaN,NaN,NaN,NaN,NaN,NaN,NaN,NaN,NaN,-2.939087e-06,-1.606339e-06,7.759211e-06,1.719273e-05,2.019618e-05,1.780149e-05,1.334341e-05,9.935282e-06,6.424373e-06,4.595798e-06,1.973352e-06,8.526892e-07,-1.599133e-06,-2.573208e-06,-5.154874e-06,-6.176906e-06,-8.947117e-06,-1.00386e-05,-1.295252e-05,-1.406161e-05,-1.70318e-05,-1.807481e-05,-2.099767e-05,-2.188245e-05,-2.465736e-05,-2.529898e-05,-2.783818e-05,-2.816291e-05,-3.039076e-05,-3.033718e-05,-3.219292e-05,-3.171578e-05,-3.315927e-05,-3.223562e-05,-3.325124e-05,-3.18826e-05,-3.24769e-05,-3.068228e-05,-3.087635e-05,-2.868749e-05,-2.851541e-05,-2.597828e-05,-2.548868e-05,-2.26635e-05,-2.191741e-05,-1.887533e-05,-1.793842e-05,-1.474823e-05,-1.367298e-05,-1.038503e-05,-9.199118e-06,-5.845746e-06,-4.563292e-06,-1.196185e-06,9.991587e-08,3.256067e-06,4.217746e-06,6.608308e-06,6.869678e-06,8.901052e-06,1.161664e-05,2.169979e-05,4.45011e-05,8.620443e-05,0.0001364225,0.0001441165,8.880675e-05,2.229639e-05,1.158149e-05,NaN,NaN,NaN,NaN,NaN,NaN,NaN,NaN,NaN,NaN,NaN,NaN,NaN
NaN,NaN,NaN,NaN,NaN,NaN,NaN,NaN,NaN,NaN,NaN,NaN,NaN,NaN,-3.294776e-06,-1.112552e-06,1.966185e-05,3.982882e-05,4.333223e-05,3.526792e-05,2.515074e-05,1.747043e-05,1.027738e-05,6.128283e-06,7.573133e-07,-1.973892e-06,-7.023438e-06,-9.45469e-06,-1.474912e-05,-1.723986e-05,-2.286847e-05,-2.543999e-05,-3.129372e-05,-3.382522e-05,-3.971466e-05,-4.202698e-05,-4.773765e-05,-4.964098e-05,-5.496938e-05,-5.629156e-05,-6.106307e-05,-6.165875e-05,-6.57288e-05,-6.548165e-05,-6.873842e-05,-6.756633e-05,-6.994152e-05,-6.780991e-05,-6.928761e-05,-6.621252e-05,-6.682239e-05,-6.285555e-05,-6.265764e-05,-5.787668e-05,-5.695733e-05,-5.146694e-05,-4.994115e-05,-4.387363e-05,-4.188166e-05,-3.538918e-05,-3.307925e-05,-2.63056e-05,-2.379947e-05,-1.684974e-05,-1.422181e-05,-7.162897e-06,-4.465618e-06,2.596131e-06,5.164327e-06,1.178753e-05,1.352053e-05,1.869761e-05,1.900881e-05,2.395955e-05,2.973668e-05,5.249519e-05,0.0001013317,0.0001956229,0.0003167503,0.0003551783,0.0002104508,4.107309e-05,1.630199e-05,NaN,NaN,NaN,NaN,NaN,NaN,NaN,NaN,NaN,NaN,NaN,NaN,NaN
NaN,NaN,NaN,NaN,NaN,NaN,NaN,NaN,NaN,NaN,NaN,NaN,NaN,NaN,-3.128033e-06,2.488986e-06,5.216745e-05,8.652211e-05,8.152716e-05,6.157115e-05,4.173298e-05,2.746149e-05,1.435565e-05,6.33678e-06,-3.738486e-06,-9.548189e-06,-1.922564e-05,-2.464539e-05,-3.482296e-05,-4.037451e-05,-5.113944e-05,-5.678242e-05,-6.78881e-05,-7.334835e-05,-8.441434e-05,-8.932305e-05,-9.992952e-05,-0.0001039072,-0.0001136637,-0.0001163746,-0.0001249533,-0.0001261194,-0.0001332548,-0.0001326578,-0.000138153,-0.0001356465,-0.0001393925,-0.0001349233,-0.0001369149,-0.0001305287,-0.0001308515,-0.0001226639,-0.000121464,-0.0001116392,-0.0001091146,-9.786618e-05,-9.427084e-05,-8.18617e-05,-7.749959e-05,-6.42254e-05,-5.941786e-05,-4.555099e-05,-4.057267e-05,-2.630261e-05,-2.134774e-05,-6.783818e-06,-2.029203e-06,1.264448e-05,1.669198e-05,3.064571e-05,3.242112e-05,4.37493e-05,4.173558e-05,5.264485e-05,5.874621e-05,0.0001025098,0.00018589,0.0003716946,0.000624901,0.0008067759,0.0005410479,0.0001011892,2.173834e-05,NaN,NaN,NaN,NaN,NaN,NaN,NaN,NaN,NaN,NaN,NaN,NaN,NaN
NaN,NaN,NaN,NaN,NaN,NaN,NaN,NaN,NaN,NaN,NaN,NaN,NaN,NaN,-4.912012e-06,2.171571e-05,0.0001223109,0.0001571722,0.0001288094,9.334021e-05,6.000803e-05,3.811438e-05,1.637449e-05,3.292205e-06,-1.420804e-05,-2.465518e-05,-4.178474e-05,-5.207451e-05,-7.002396e-05,-8.075577e-05,-9.952801e-05,-0.0001104946,-0.0001295969,-0.0001402487,-0.0001589862,-0.0001686395,-0.0001862664,-0.0001942374,-0.0002100687,-0.0002157612,-0.0002292282,-0.0002321584,-0.0002428108,-0.000242609,-0.0002501213,-0.0002465489,-0.0002507536,-0.0002437426,-0.000244658,-0.0002343177,-0.000232123,-0.0002186887,-0.0002136704,-0.0001974644,-0.0001899978,-0.000171428,-0.0001619847,-0.0001415458,-0.0001306827,-0.000108925,-9.722453e-05,-7.465457e-05,-6.26153e-05,-3.959511e-05,-2.757807e-05,-4.335065e-06,7.309842e-06,3.038949e-05,4.067481e-05,6.20095e-05,6.795618e-05,8.392108e-05,8.21695e-05,9.548885e-05,0.0001037754,0.0001672836,0.0002956974,0.0005950007,0.00103682,0.001512207,0.001284159,0.000329385,1.036835e-05,NaN,NaN,NaN,NaN,NaN,NaN,NaN,NaN,NaN,NaN,NaN,NaN,NaN
NaN,NaN,NaN,NaN,NaN,NaN,NaN,NaN,NaN,NaN,NaN,NaN,NaN,-1.742414e-06,-1.211142e-05,8.238568e-05,0.0002331794,0.000236033,0.0001806517,0.0001256598,7.870352e-05,4.624087e-05,1.516955e-05,-6.340778e-06,-3.227756e-05,-5.13074e-05,-7.695044e-05,-9.661874e-05,-0.0001232596,-0.0001441731,-0.0001715628,-0.0001932441,-0.0002204831,-0.0002419884,-0.0002679092,-0.0002881128,-0.0003114895,-0.0003292866,-0.0003490067,-0.0003634515,-0.0003785999,-0.0003889406,-0.0003987972,-0.0004044779,-0.000408528,-0.0004092173,-0.0004072008,-0.0004028514,-0.0003948034,-0.0003856634,-0.0003718738,-0.0003584061,-0.0003393284,-0.0003221468,-0.0002983636,-0.0002782315,-0.0002504608,-0.0002282963,-0.0001973691,-0.0001742011,-0.0001409576,-0.0001177746,-8.287691e-05,-6.048251e-05,-2.432029e-05,-3.381974e-06,3.373515e-05,5.215122e-05,8.89619e-05,0.0001016126,0.0001337393,0.0001335794,0.0001558839,0.0001441764,0.0001828181,0.0002328734,0.0004505549,0.0008321257,0.001552771,0.002333372,0.002540836,0.0009912169,-3.182796e-05,9.842288e-05,NaN,NaN,NaN,NaN,NaN,NaN,NaN,NaN,NaN,NaN,NaN,NaN
NaN,NaN,NaN,NaN,NaN,NaN,NaN,NaN,NaN,NaN,NaN,NaN,NaN,4.344591e-06,-9.792463e-06,0.000202526,0.0003646386,0.0003142291,0.000234542,0.0001553999,9.655195e-05,4.858912e-05,9.458936e-06,-2.637962e-05,-5.96204e-05,-9.399775e-05,-0.0001269454,-0.0001634437,-0.0001973356,-0.0002363962,-0.000270597,-0.0003113027,-0.0003443686,-0.0003852079,-0.0004153546,-0.0004545932,-0.0004799812,-0.0005159485,-0.0005349232,-0.0005662073,-0.0005774178,-0.0006029175,-0.0006053158,-0.0006242412,-0.0006170888,-0.0006289985,-0.0006119374,-0.0006168283,-0.0005899398,-0.0005882614,-0.0005520015,-0.0005445381,-0.0004995992,-0.0004873719,-0.0004346228,-0.0004188852,-0.0003593756,-0.0003416302,-0.0002765537,-0.0002584869,-0.0001890127,-0.0001722807,-9.927041e-05,-8.530609e-05,-9.159235e-06,7.244394e-07,7.97977e-05,8.353504e-05,0.000163992,0.0001560011,0.0002318024,0.0002003032,0.0002642422,0.0002077042,0.0002964021,0.0003102561,0.0006490602,0.001093356,0.002160071,0.003224004,0.004148516,0.002331304,6.023393e-05,0.0001425289,NaN,NaN,NaN,NaN,NaN,NaN,NaN,NaN,NaN,NaN,NaN,NaN
NaN,NaN,NaN,NaN,NaN,NaN,NaN,NaN,NaN,NaN,NaN,NaN,NaN,-2.92465e-06,3.416439e-05,0.000377843,0.0004920517,0.0003931763,0.0002853697,0.0001810508,0.0001107706,4.241415e-05,-3.18587e-06,-6.032357e-05,-9.898851e-05,-0.000156774,-0.0001951106,-0.0002569858,-0.0002962643,-0.0003620966,-0.0004012982,-0.0004694067,-0.0005064947,-0.000574526,-0.0006070306,-0.0006724004,-0.0006977913,-0.0007580522,-0.0007740746,-0.0008271813,-0.0008320234,-0.000876393,-0.0008686811,-0.000903187,-0.0008819979,-0.0009060192,-0.0008709742,-0.0008845103,-0.0008358577,-0.0008395472,-0.000778075,-0.0007730268,-0.0006998663,-0.0006875124,-0.0006040516,-0.0005861312,-0.0004940206,-0.0004725969,-0.0003737062,-0.0003510717,-0.0002472633,-0.0002256241,-0.0001183623,-9.95544e-05,1.027671e-05,2.464447e-05,0.0001363074,0.0001436484,0.0002543538,0.0002472811,0.000347646,0.0003102829,0.0003885001,0.0003185554,0.0004195602,0.0004421701,0.0008540445,0.001437838,0.002787305,0.004277918,0.005830662,0.004434303,0.0006185705,6.189643e-05,NaN,NaN,NaN,NaN,NaN,NaN,NaN,NaN,NaN,NaN,NaN,NaN
NaN,NaN,NaN,NaN,NaN,NaN,NaN,NaN,NaN,NaN,NaN,NaN,NaN,-2.209202e-05,0.0001399711,0.0005896859,0.0006052499,0.0004716064,0.0003282623,0.0002014337,0.0001164962,2.668588e-05,-2.812366e-05,-0.0001092644,-0.0001564114,-0.0002408743,-0.0002881654,-0.0003786121,-0.0004273798,-0.0005226781,-0.0005714878,-0.0006688706,-0.000715024,-0.0008110199,-0.0008512751,-0.000942211,-0.0009732727,-0.001055724,-0.001074684,-0.001145804,-0.00115037,-0.001207969,-0.001196467,-0.001238985,-0.001210366,-0.001236931,-0.001190897,-0.001201469,-0.001138592,-0.001133978,-0.001055577,-0.001037203,-0.0009450926,-0.0009147852,-0.0008111544,-0.000771101,-0.0006585281,-0.0006112893,-0.0004927057,-0.0004410656,-0.0003194704,-0.000265984,-0.0001439627,-9.054079e-05,2.991937e-05,8.188079e-05,0.0001987053,0.0002468009,0.0003547355,0.0003906734,0.0004750149,0.0004801295,0.0005215201,0.0004958458,0.0005442849,0.0006514023,0.001054046,0.001890463,0.003408479,0.005523107,0.007485657,0.00719577,0.001910638,-0.000137502,NaN,NaN,NaN,NaN,NaN,NaN,NaN,NaN,NaN,NaN,NaN,NaN
NaN,NaN,NaN,NaN,NaN,NaN,NaN,NaN,NaN,NaN,NaN,NaN,NaN,-2.706458e-05,0.0003125235,0.0008020947,0.0007081496,0.000542488,0.0003600827,0.0002142202,0.0001083805,6.730921e-07,-7.20505e-05,-0.0001733703,-0.0002395107,-0.0003462906,-0.0004143643,-0.0005282867,-0.0005993341,-0.000718081,-0.0007899611,-0.0009095207,-0.0009786581,-0.001094308,-0.001156495,-0.001263328,-0.001314333,-0.001407832,-0.001443984,-0.001520431,-0.001538882,-0.001595424,-0.001594165,-0.001628797,-0.001606663,-0.00161828,-0.001575102,-0.001563668,-0.001500422,-0.001466991,-0.001385656,-0.001332072,-0.001235301,-0.001163893,-0.001054843,-0.0009683545,-0.000850717,-0.0007523142,-0.000630291,-0.0005233457,-0.0004012876,-0.0002887698,-0.0001706074,-5.453068e-05,5.641752e-05,0.0001749095,0.0002749878,0.0003937381,0.000474831,0.0005846399,0.000626071,0.0007055308,0.0006796651,0.0007319571,0.0006939465,0.0009243182,0.001281758,0.002419898,0.004067211,0.006877194,0.009209796,0.01026541,0.004112406,-0.0001927494,NaN,NaN,NaN,NaN,NaN,NaN,NaN,NaN,NaN,NaN,NaN,NaN
NaN,NaN,NaN,NaN,NaN,NaN,NaN,NaN,NaN,NaN,NaN,NaN,1.124483e-05,7.53823e-06,0.0005479932,0.0009841673,0.0008028561,0.0005988182,0.0003774237,0.0002164678,8.10623e-05,-3.715893e-05,-0.0001413406,-0.0002536767,-0.0003552965,-0.0004739527,-0.0005810497,-0.000706883,-0.0008194739,-0.0009490902,-0.001063854,-0.001192013,-0.00130408,-0.001424769,-0.001528666,-0.001635746,-0.001726086,-0.001813939,-0.001886076,-0.001950111,-0.002000511,-0.002037275,-0.002063503,-0.002070628,-0.002071344,-0.002047605,-0.00202274,-0.001968264,-0.001919198,-0.001835481,-0.001764877,-0.001654414,-0.001565795,-0.001431684,-0.0013292,-0.001175025,-0.001063478,-0.0008933241,-0.0007781582,-0.0005963541,-0.0004832137,-0.0002935527,-0.0001875419,7.426988e-06,0.0001019383,0.0003007498,0.0003789181,0.0005789323,0.000630453,0.0008205796,0.0008197907,0.0009743483,0.0008870886,0.001010443,0.0009009899,0.001236944,0.001580304,0.002981228,0.004818622,0.00823929,0.01110408,0.0132983,0.007315509,0.0002288295,0.0003727967,NaN,NaN,NaN,NaN,NaN,NaN,NaN,NaN,NaN,NaN,NaN
NaN,NaN,NaN,NaN,NaN,NaN,NaN,NaN,NaN,NaN,NaN,NaN,-4.610416e-06,8.871024e-05,0.0008340172,0.001127125,0.0008849999,0.0006347977,0.0003771768,0.000203009,3.182629e-05,-9.200595e-05,-0.0002386884,-0.000355569,-0.0005063765,-0.0006293427,-0.0007906062,-0.0009199199,-0.001089848,-0.001221115,-0.001394632,-0.001521428,-0.001691984,-0.001807047,-0.001967586,-0.002063558,-0.002207268,-0.002277464,-0.002398546,-0.00243757,-0.00253165,-0.002535542,-0.002599658,-0.002565822,-0.002598384,-0.002525647,-0.002526641,-0.002415496,-0.002386684,-0.002239318,-0.002184032,-0.00200388,-0.001926503,-0.00171776,-0.001623405,-0.001390852,-0.001285365,-0.001034399,-0.0009243525,-0.0006607124,-0.0005528596,-0.0002816812,-0.0001820191,9.299261e-05,0.000179485,0.0004558158,0.0005237965,0.0007973786,0.0008353475,0.001091911,0.001070846,0.001278767,0.001160841,0.001323099,0.001186393,0.001579414,0.001972513,0.003554341,0.005677201,0.009561311,0.0131648,0.01619467,0.01145003,0.001342556,0.0002073326,NaN,NaN,NaN,NaN,NaN,NaN,NaN,NaN,NaN,NaN,NaN
NaN,NaN,NaN,NaN,NaN,NaN,NaN,NaN,NaN,NaN,NaN,NaN,-2.757542e-05,0.0002281906,0.001135963,0.001232321,0.0009469193,0.000644995,0.0003568823,0.0001668039,-3.997389e-05,-0.0001719914,-0.0003636992,-0.000487941,-0.0006914978,-0.0008218266,-0.001040918,-0.001176989,-0.00140739,-0.00154372,-0.001778129,-0.001907077,-0.002136974,-0.002250035,-0.002466526,-0.002555092,-0.002749737,-0.002806099,-0.002971813,-0.002989842,-0.003121294,-0.003096611,-0.00319024,-0.003120171,-0.003174109,-0.003057712,-0.003071968,-0.002910313,-0.002887017,-0.002683232,-0.002626388,-0.002385152,-0.002300008,-0.002026938,-0.001919526,-0.00162095,-0.001498098,-0.001181143,-0.001050438,-0.0007226826,-0.0005917637,-0.0002602022,-0.0001356928,0.0001941575,0.0003071151,0.0006309953,0.0007273016,0.001038822,0.001106819,0.001387384,0.001396522,0.001607323,0.001519267,0.001659643,0.001570282,0.001942336,0.00247622,0.004124149,0.006644108,0.01081229,0.01534281,0.01895017,0.01622856,0.003408825,-0.0001162756,NaN,NaN,NaN,NaN,NaN,NaN,NaN,NaN,NaN,NaN,NaN
NaN,NaN,NaN,NaN,NaN,NaN,NaN,NaN,NaN,NaN,NaN,NaN,-2.899926e-05,0.0004328359,0.001397942,0.00130382,0.0009799148,0.000623835,0.0003147487,9.929178e-05,-0.0001333099,-0.000287311,-0.0005137057,-0.0006618607,-0.0009068521,-0.001062926,-0.001327125,-0.001489535,-0.001766048,-0.001927958,-0.002207154,-0.002359447,-0.002630628,-0.002763356,-0.00301572,-0.003119,-0.003342455,-0.00340749,-0.003593594,-0.003613514,-0.003755994,-0.003726058,-0.003820781,-0.003738311,-0.003783187,-0.003647599,-0.003642745,-0.003455817,-0.003403809,-0.00316977,-0.003075391,-0.002800356,-0.002669831,-0.002361056,-0.002201463,-0.001867034,-0.001686235,-0.001335184,-0.001141841,-0.0007838599,-0.0005865955,-0.000230782,-3.677876e-05,0.0003093563,0.0004948502,0.0008249445,0.0009971415,0.001302267,0.001449899,0.001707254,0.001799244,0.001963093,0.001962116,0.00202823,0.00204883,0.002341017,0.003077605,0.004710929,0.00767407,0.01201355,0.01751607,0.0216409,0.02108671,0.006704325,-0.0002944016,NaN,NaN,NaN,NaN,NaN,NaN,NaN,NaN,NaN,NaN,NaN
NaN,NaN,NaN,NaN,NaN,NaN,NaN,NaN,NaN,NaN,NaN,NaN,8.572498e-06,0.0006950005,0.001583923,0.001340989,0.000975517,0.0005670706,0.0002468303,-5.297021e-06,-0.0002503497,-0.0004445686,-0.0006898352,-0.00088421,-0.001152599,-0.001359262,-0.001648391,-0.001863643,-0.00216399,-0.002379081,-0.002678705,-0.002882681,-0.003168724,-0.003349943,-0.003609737,-0.003756908,-0.003978785,-0.004081941,-0.00425616,-0.004307606,-0.00442704,-0.004421687,-0.004481788,-0.004416982,-0.004415572,-0.00429111,-0.004228592,-0.004047037,-0.003926646,-0.00369338,-0.003520875,-0.003243509,-0.003026344,-0.002713853,-0.002460407,-0.002122668,-0.00184209,-0.001490046,-0.001192337,-0.0008377581,-0.000532807,-0.0001868354,0.0001172734,0.0004452501,0.0007428063,0.001044578,0.001330738,0.001595319,0.001858937,0.002060408,0.002270031,0.002357823,0.002477395,0.002446043,0.002606124,0.002799512,0.00375029,0.005343225,0.008712531,0.01319274,0.01956064,0.02430559,0.02562605,0.01129826,1.134258e-05,NaN,NaN,NaN,NaN,NaN,NaN,NaN,NaN,NaN,NaN,NaN
NaN,NaN,NaN,NaN,NaN,NaN,NaN,NaN,NaN,NaN,NaN,1.587032e-05,7.161729e-05,0.001000242,0.001692522,0.001336205,0.0009273206,0.0004710955,0.0001473108,-0.0001499498,-0.0003963285,-0.0006466656,-0.0008968401,-0.001157604,-0.001432645,-0.001712714,-0.002007551,-0.002300336,-0.002602962,-0.002897054,-0.003193177,-0.003475393,-0.003750239,-0.004007106,-0.00424625,-0.004464798,-0.004655054,-0.004824063,-0.004954619,-0.005065559,-0.005128572,-0.005175905,-0.005166563,-0.005147683,-0.005063978,-0.004979103,-0.004821943,-0.004674414,-0.004447913,-0.004244292,-0.003955463,-0.003704886,-0.003362694,-0.003075844,-0.002690243,-0.002378773,-0.001960529,-0.001637261,-0.001198023,-0.0008766348,-0.000427841,-0.0001213631,0.000327518,0.000607952,0.001050286,0.001295101,0.001725652,0.0019225,0.00232976,0.00245082,0.002803062,0.002795766,0.003058707,0.002919307,0.00323567,0.003325648,0.00448393,0.006025259,0.009735147,0.01433596,0.02142002,0.02686437,0.02982727,0.01704656,0.0009034892,0.0007084057,NaN,NaN,NaN,NaN,NaN,NaN,NaN,NaN,NaN,NaN
NaN,NaN,NaN,NaN,NaN,NaN,NaN,NaN,NaN,NaN,NaN,3.149616e-06,0.0001633762,0.001316881,0.00172511,0.001282654,0.0008287393,0.0003335643,9.2209e-06,-0.0003358091,-0.0005787576,-0.0008936321,-0.001142132,-0.001480721,-0.001754188,-0.002120639,-0.002411329,-0.002795151,-0.003088726,-0.003475436,-0.003755526,-0.004129325,-0.004379267,-0.00472451,-0.004928335,-0.005230319,-0.005373592,-0.005619728,-0.005690714,-0.005871521,-0.005861888,-0.00597135,-0.00587626,-0.005911785,-0.005729671,-0.005691907,-0.005424472,-0.00531751,-0.004970012,-0.004801549,-0.004382557,-0.00416322,-0.003683546,-0.003425678,-0.002897211,-0.002614132,-0.002049585,-0.001755795,-0.00116885,-0.0008797532,-0.0002838857,-1.409374e-05,0.0005793877,0.0008174772,0.001400381,0.001596323,0.002162211,0.002303293,0.00283983,0.002898393,0.003373423,0.003298155,0.003678693,0.003471371,0.003907576,0.003946084,0.005244296,0.006784366,0.01069448,0.01545804,0.02300968,0.02927872,0.03362063,0.02362381,0.002662516,0.000535347,NaN,NaN,NaN,NaN,NaN,NaN,NaN,NaN,NaN,NaN
NaN,NaN,NaN,NaN,NaN,NaN,NaN,NaN,NaN,NaN,NaN,-1.697017e-05,0.000307876,0.001585871,0.001680265,0.001174257,0.0006733834,0.0001533077,-0.0001758042,-0.0005616262,-0.0008073701,-0.001182204,-0.001436278,-0.001848146,-0.002128034,-0.002575185,-0.002870368,-0.003337731,-0.003631616,-0.00410131,-0.004375588,-0.004828918,-0.005065105,-0.005484057,-0.005664838,-0.006032959,-0.006142912,-0.006446179,-0.006472817,-0.006700715,-0.006635442,-0.006781478,-0.006619712,-0.006681287,-0.006422144,-0.006400302,-0.006046585,-0.005946181,-0.005504624,-0.005334415,-0.004815398,-0.004587386,-0.004003916,-0.003732054,-0.003098377,-0.002797479,-0.002128585,-0.001814532,-0.001126568,-0.0008162215,-0.0001252738,0.0001656222,0.0008458516,0.001104268,0.001763216,0.001978558,0.002607577,0.002768112,0.003353247,0.003433963,0.003942022,0.003896906,0.004295193,0.004136382,0.004576518,0.004698019,0.005981583,0.007660238,0.01153088,0.01659205,0.02423913,0.03153713,0.03684005,0.03042495,0.00583507,9.573432e-05,NaN,NaN,NaN,NaN,NaN,NaN,NaN,NaN,NaN,NaN
NaN,NaN,NaN,NaN,NaN,NaN,NaN,NaN,NaN,NaN,NaN,-1.080539e-05,0.0005066129,0.001737447,0.00155669,0.001005417,0.0004541368,-6.83929e-05,-0.0004183699,-0.000822999,-0.001094595,-0.00150581,-0.001792421,-0.002251254,-0.002567003,-0.003065425,-0.003396652,-0.003915066,-0.004242682,-0.004759618,-0.005063139,-0.00555701,-0.00581624,-0.006266796,-0.006463122,-0.006852167,-0.006969268,-0.007281468,-0.007306285,-0.007530192,-0.007453966,-0.007582669,-0.007401214,-0.007432218,-0.007145505,-0.007080381,-0.006692486,-0.006536953,-0.006056217,-0.005820172,-0.005258933,-0.004955851,-0.004329447,-0.003974919,-0.003300048,-0.00291044,-0.00220457,-0.001797215,-0.001079057,-0.0006721215,3.959231e-05,0.0004292817,0.001118132,0.001476912,0.002129743,0.002447243,0.003053094,0.003319069,0.003862217,0.004055471,0.004502432,0.004585042,0.004904721,0.004901579,0.005244101,0.005560316,0.00670607,0.008618858,0.01227136,0.01767712,0.02515098,0.03348227,0.03949396,0.03653846,0.01079085,-0.0001640977,NaN,NaN,NaN,NaN,NaN,NaN,NaN,NaN,NaN,NaN
NaN,NaN,NaN,NaN,NaN,NaN,NaN,NaN,NaN,NaN,NaN,3.930047e-05,0.0007267713,0.001745329,0.001350378,0.0007706346,0.0001674536,-0.0003338754,-0.0007236945,-0.001121201,-0.001446014,-0.001864696,-0.002215413,-0.002688991,-0.00307465,-0.003588957,-0.003992049,-0.004523221,-0.004921817,-0.00544494,-0.005816132,-0.006306879,-0.006628723,-0.007064853,-0.007317454,-0.007679165,-0.007845287,-0.008116173,-0.008182342,-0.008350306,-0.008307619,-0.008365424,-0.008210026,-0.00815553,-0.007888377,-0.007724,-0.007350446,-0.007082963,-0.006612888,-0.006253605,-0.005701272,-0.005265393,-0.004648347,-0.004153355,-0.003490627,-0.002954756,-0.002266129,-0.001708431,-0.001014915,-0.0004551427,0.0002221664,0.0007657515,0.001408023,0.0019207,0.002512565,0.002983754,0.00351254,0.003933109,0.004382315,0.004734818,0.005072756,0.005328171,0.005528757,0.005724428,0.005937257,0.006480328,0.007455516,0.009595689,0.01297459,0.01862744,0.02582927,0.0349457,0.04162261,0.04153924,0.01732006,0.0002035373,NaN,NaN,NaN,NaN,NaN,NaN,NaN,NaN,NaN,NaN
NaN,NaN,NaN,NaN,NaN,NaN,NaN,NaN,NaN,NaN,NaN,9.9903e-05,0.0009370288,0.0016223,0.00105802,0.0004619231,-0.0001837699,-0.0006517984,-0.001089049,-0.001465051,-0.001858974,-0.002266645,-0.00270171,-0.003167496,-0.003646286,-0.004150232,-0.004650468,-0.005164605,-0.005661163,-0.006157701,-0.006625245,-0.0070774,-0.007491885,-0.007875512,-0.008215727,-0.008509921,-0.008757893,-0.008945487,-0.009087201,-0.009155615,-0.009182016,-0.009124063,-0.009031667,-0.008845809,-0.00863644,-0.008326188,-0.008006477,-0.007580043,-0.007161375,-0.006631714,-0.006130078,-0.00551434,-0.004949346,-0.004267237,-0.003660111,-0.002932003,-0.002304585,-0.001551485,-0.0009268241,-0.0001703825,0.0004283479,0.001168139,0.001720081,0.002427121,0.00291506,0.003578055,0.003988042,0.004598598,0.004914386,0.005458927,0.00565252,0.006111308,0.006164365,0.006586798,0.006650004,0.007437975,0.0082242,0.01057435,0.01364124,0.01943664,0.0262724,0.03591008,0.04311571,0.04565777,0.02487486,0.001143244,NaN,NaN,NaN,NaN,NaN,NaN,NaN,NaN,NaN,NaN
NaN,NaN,NaN,NaN,NaN,NaN,NaN,NaN,NaN,NaN,2.824082e-05,0.000159044,0.001097146,0.001374017,0.0006807377,7.368199e-05,-0.0005976335,-0.001028556,-0.001513107,-0.001861271,-0.002331486,-0.002717983,-0.003248069,-0.003692184,-0.004276616,-0.004753166,-0.00536426,-0.005841897,-0.006450982,-0.006899497,-0.007478457,-0.007869022,-0.008391568,-0.008698584,-0.009142075,-0.009343913,-0.00968957,-0.009768726,-0.01000198,-0.009945774,-0.01005735,-0.009858958,-0.009845642,-0.009504436,-0.00936881,-0.008889705,-0.008639612,-0.008032613,-0.007680855,-0.006960843,-0.006524913,-0.005711189,-0.005212548,-0.004327342,-0.003789238,-0.002855351,-0.002301375,-0.001341987,-0.0007969083,0.0001640975,0.0006753757,0.001615971,0.002071079,0.002973378,0.003353682,0.004205029,0.004495963,0.005288183,0.005474955,0.006197812,0.00625798,0.006900648,0.006826894,0.007449688,0.007396524,0.00838845,0.009028238,0.01150963,0.01430099,0.02006995,0.02653315,0.03632797,0.0439992,0.04884836,0.03280838,0.002870294,0.001176522,NaN,NaN,NaN,NaN,NaN,NaN,NaN,NaN,NaN
NaN,NaN,NaN,NaN,NaN,NaN,NaN,NaN,NaN,NaN,1.63658e-05,0.0002319392,0.001147361,0.0009991665,0.0002181928,-0.0003951256,-0.0010739,-0.001468278,-0.001994738,-0.002316286,-0.002860362,-0.003226141,-0.003848244,-0.004270751,-0.004955938,-0.005405485,-0.006120199,-0.006562788,-0.007274528,-0.007678028,-0.008355681,-0.008689707,-0.009304659,-0.009542592,-0.01007064,-0.01019047,-0.01061197,-0.01059629,-0.01089619,-0.01073266,-0.0109014,-0.0105838,-0.01061829,-0.01014717,-0.01005072,-0.009432747,-0.009214339,-0.008461541,-0.00813522,-0.007264639,-0.006849291,-0.00588267,-0.005401364,-0.004363577,-0.003841226,-0.002757782,-0.002219531,-0.00111621,-0.0005881173,0.0005087532,0.001000726,0.002066614,0.002499129,0.003513579,0.003867416,0.004815573,0.005076733,0.005949401,0.006106189,0.006894928,0.006933158,0.007634081,0.007561588,0.008242489,0.008222788,0.009250978,0.009918857,0.01231526,0.01502596,0.02044812,0.0267257,0.03611271,0.04441066,0.05074467,0.04026693,0.00612929,0.0007882765,NaN,NaN,NaN,NaN,NaN,NaN,NaN,NaN,NaN
NaN,NaN,NaN,NaN,NaN,NaN,NaN,NaN,NaN,NaN,1.803609e-05,0.0003206975,0.001009642,0.0005004209,-0.0003292268,-0.0009463634,-0.00160688,-0.001980613,-0.002525124,-0.002843925,-0.003433224,-0.003806852,-0.004486036,-0.004919614,-0.005664316,-0.00612377,-0.00689482,-0.007343719,-0.008105045,-0.00850957,-0.009227308,-0.009555714,-0.01019914,-0.01042394,-0.01096741,-0.01106629,-0.01148949,-0.01144542,-0.0117331,-0.01153426,-0.01167673,-0.01131754,-0.01131196,-0.01079419,-0.01064474,-0.009976843,-0.009693751,-0.008889773,-0.008488456,-0.007567637,-0.007068437,-0.006054855,-0.005482373,-0.004403443,-0.003784237,-0.0026682,-0.002028956,-0.0009042213,-0.0002720827,0.0008326267,0.001430975,0.002488488,0.003028998,0.004015873,0.00447921,0.005378018,0.005751595,0.006551346,0.006827374,0.007520073,0.007694183,0.008281618,0.008379485,0.008934626,0.009131436,0.00999462,0.01088935,0.01296985,0.01580896,0.02058464,0.02685754,0.0353385,0.04432766,0.0512311,0.04599315,0.01152114,0.0002724272,NaN,NaN,NaN,NaN,NaN,NaN,NaN,NaN,NaN
NaN,NaN,NaN,NaN,NaN,NaN,NaN,NaN,NaN,NaN,6.698111e-05,0.0003667707,0.0006570734,-0.0001244812,-0.0009526073,-0.00158685,-0.002184849,-0.002578164,-0.003092276,-0.003458481,-0.004037288,-0.004473438,-0.005147295,-0.00565006,-0.006386491,-0.006917065,-0.007671966,-0.008191114,-0.008925548,-0.009397961,-0.01007615,-0.01046871,-0.01105807,-0.01134205,-0.01181589,-0.01196883,-0.01230681,-0.01231196,-0.01249893,-0.01234475,-0.01237139,-0.01205294,-0.01191719,-0.01143717,-0.01114433,-0.01051253,-0.01007446,-0.009306779,-0.008740803,-0.007858307,-0.007186487,-0.006215009,-0.005463786,-0.004432864,-0.003630899,-0.002571029,-0.001746836,-0.0006884083,0.0001294414,0.00115578,0.001939355,0.002904431,0.003628696,0.004506916,0.005151892,0.005923746,0.00647734,0.007130777,0.007588354,0.008116927,0.008482593,0.008894683,0.009209516,0.009585025,0.0100328,0.01068908,0.01182745,0.0135667,0.01651653,0.02062945,0.02678119,0.03427478,0.04353034,0.05061412,0.04917649,0.01855297,0.0004615104,NaN,NaN,NaN,NaN,NaN,NaN,NaN,NaN,NaN
NaN,NaN,NaN,NaN,NaN,NaN,NaN,NaN,NaN,NaN,0.0001255753,0.0003114297,0.0001110498,-0.0008668954,-0.001652257,-0.002306665,-0.002812667,-0.003254032,-0.003702955,-0.004153013,-0.004678983,-0.005217567,-0.005837686,-0.006451759,-0.007126913,-0.007772497,-0.008455011,-0.009089959,-0.009738994,-0.01032617,-0.01090467,-0.01140945,-0.01188382,-0.01227617,-0.0126192,-0.01287605,-0.01306776,-0.01317251,-0.01319863,-0.01313995,-0.01299204,-0.01276527,-0.01244243,-0.0120509,-0.01156002,-0.01101454,-0.01036952,-0.009687383,-0.008907802,-0.008111491,-0.007221518,-0.00633819,-0.005366438,-0.0044272,-0.003404647,-0.002441631,-0.001398947,-0.0004440571,0.0005882417,0.001502961,0.002495405,0.003339687,0.004265966,0.005012821,0.005851447,0.006479828,0.007218266,0.00771625,0.008352052,0.008715968,0.009259324,0.009504864,0.01000848,0.01022469,0.01087666,0.01136349,0.01267471,0.01413723,0.01709027,0.02063669,0.02646927,0.03304227,0.04204403,0.04904411,0.05029804,0.02597887,0.001405285,NaN,NaN,NaN,NaN,NaN,NaN,NaN,NaN,NaN
NaN,NaN,NaN,NaN,NaN,NaN,NaN,NaN,NaN,5.769069e-05,0.0001582193,9.475297e-05,-0.0006068983,-0.001707798,-0.002430249,-0.00309025,-0.00349907,-0.003994713,-0.004368491,-0.004913115,-0.005370112,-0.006022707,-0.006568471,-0.007305529,-0.007896225,-0.008668484,-0.009254215,-0.01001628,-0.01055518,-0.01126794,-0.01172269,-0.01235,-0.01268662,-0.01319684,-0.01338803,-0.01375728,-0.01378402,-0.01399578,-0.01384507,-0.01388808,-0.01355276,-0.01342258,-0.01290332,-0.01260374,-0.01190921,-0.01145183,-0.01059808,-0.01000136,-0.009010264,-0.008297903,-0.007195968,-0.00639639,-0.005214415,-0.004359726,-0.003130694,-0.002254367,-0.001011468,-0.0001469991,0.00107724,0.001897145,0.003072022,0.003816373,0.004913772,0.00555437,0.006551119,0.007066304,0.007949086,0.008327393,0.009094587,0.009335566,0.01000183,0.01012899,0.01075518,0.01086667,0.01164083,0.01202295,0.01340751,0.01467873,0.01751542,0.0206097,0.02594827,0.03169191,0.03999988,0.04668859,0.04990739,0.03253761,0.002939366,0.001460538,NaN,NaN,NaN,NaN,NaN,NaN,NaN,NaN
NaN,NaN,NaN,NaN,NaN,NaN,NaN,NaN,NaN,5.577965e-05,0.0001488815,-0.000355298,-0.001476687,-0.002633255,-0.003277429,-0.003927582,-0.004245604,-0.004789609,-0.005095468,-0.005724747,-0.006119441,-0.006870641,-0.007349871,-0.008189089,-0.008705736,-0.009578764,-0.0100819,-0.0109404,-0.01138782,-0.01219066,-0.01254512,-0.01325484,-0.01348271,-0.01406641,-0.01414049,-0.01457331,-0.01447548,-0.01474111,-0.01446004,-0.01454766,-0.01407751,-0.01398293,-0.01332585,-0.01305363,-0.01222008,-0.01178262,-0.01079039,-0.0102073,-0.009080556,-0.008377058,-0.007144328,-0.006349783,-0.005043532,-0.004191187,-0.002846571,-0.001971303,-0.0006234969,0.0002402407,0.001556959,0.00237563,0.003628852,0.004370999,0.005531081,0.006168167,0.007210065,0.007720295,0.008629156,0.009002161,0.009775755,0.01001458,0.0106697,0.01080658,0.01140896,0.01155133,0.01228264,0.01270496,0.013977,0.01522566,0.01774224,0.02059429,0.02519209,0.03032998,0.0374677,0.04385712,0.0479824,0.0371033,0.005513176,0.00121506,NaN,NaN,NaN,NaN,NaN,NaN,NaN,NaN
NaN,NaN,NaN,NaN,NaN,NaN,NaN,NaN,NaN,7.711537e-05,3.928478e-05,-0.001099881,-0.002463453,-0.003631465,-0.004180663,-0.004806927,-0.005053308,-0.005623721,-0.005890938,-0.006568701,-0.006936758,-0.007737728,-0.008192579,-0.009074997,-0.009567076,-0.01047344,-0.01095048,-0.01182998,-0.01224925,-0.01306005,-0.01338493,-0.01408908,-0.01428569,-0.01484913,-0.01489013,-0.01528811,-0.01515649,-0.01537341,-0.0150587,-0.01508425,-0.0145817,-0.01441298,-0.01372627,-0.01336894,-0.01250952,-0.01197698,-0.01096403,-0.0102775,-0.009136873,-0.008323081,-0.007084862,-0.006174621,-0.004872746,-0.003900416,-0.002571246,-0.001572766,-0.0002532345,0.0007354367,0.002009275,0.002953965,0.004148639,0.00501782,0.006102306,0.006867202,0.007814568,0.008453344,0.009246666,0.009750145,0.01038648,0.01076199,0.01125898,0.0115454,0.01196896,0.01228045,0.01280422,0.01340597,0.01439312,0.01576548,0.01778777,0.02056585,0.02424885,0.02896174,0.0346269,0.04068943,0.04468883,0.03865162,0.009251107,0.0008206251,NaN,NaN,NaN,NaN,NaN,NaN,NaN,NaN
NaN,NaN,NaN,NaN,NaN,NaN,NaN,NaN,NaN,0.000135482,-0.0003072712,-0.002093934,-0.003552843,-0.004668003,-0.005137883,-0.005705146,-0.005926431,-0.006478276,-0.00675718,-0.007427277,-0.007820335,-0.008608206,-0.009091644,-0.0099497,-0.01047103,-0.01134034,-0.01184666,-0.01267577,-0.01312357,-0.01387006,-0.0142225,-0.01484886,-0.01507243,-0.01554487,-0.01561184,-0.01590557,-0.01579902,-0.01589974,-0.0156104,-0.01550938,-0.01503316,-0.01472866,-0.01407003,-0.01356948,-0.01274103,-0.01205936,-0.01108089,-0.0102407,-0.009139136,-0.0081691,-0.006975838,-0.005908335,-0.004658074,-0.003528598,-0.002258503,-0.00110429,0.0001475678,0.001289181,0.002485563,0.003579437,0.004686123,0.005700376,0.006685629,0.007591056,0.008426776,0.009201222,0.009869379,0.01050407,0.01100104,0.01150518,0.01184954,0.01226648,0.01252518,0.01297082,0.01330796,0.01403094,0.01476703,0.01618516,0.01778209,0.02039648,0.02329064,0.02745485,0.03178535,0.03712713,0.04052499,0.0371924,0.0129546,0.0009342725,NaN,NaN,NaN,NaN,NaN,NaN,NaN,NaN
NaN,NaN,NaN,NaN,NaN,NaN,NaN,NaN,NaN,0.0001607637,-0.001011576,-0.003260492,-0.004714577,-0.005719535,-0.006127151,-0.006617608,-0.006842396,-0.007354539,-0.007667876,-0.008305199,-0.008740098,-0.009488431,-0.01001252,-0.01082112,-0.01138042,-0.01219039,-0.01273111,-0.0134904,-0.01396827,-0.01463514,-0.01501397,-0.01555193,-0.01579797,-0.01617327,-0.01625849,-0.01644741,-0.01635567,-0.01634529,-0.01606769,-0.01585035,-0.01538355,-0.01495949,-0.01430928,-0.01368765,-0.01286717,-0.012064,-0.01109369,-0.0101331,-0.009040894,-0.007953163,-0.006771384,-0.005590227,-0.004354308,-0.003116242,-0.001863832,-0.0006070397,0.0006229391,0.001859833,0.003029241,0.004210292,0.005284515,0.00637727,0.007324033,0.008298785,0.009089749,0.009924077,0.01054058,0.01122482,0.01166266,0.01220675,0.01248629,0.01293533,0.01312339,0.01358932,0.01383996,0.0145511,0.01514803,0.0164609,0.01777242,0.02006351,0.02236558,0.0258156,0.02905618,0.03332061,0.03585256,0.03379676,0.01500589,0.001357479,NaN,NaN,NaN,NaN,NaN,NaN,NaN,NaN
NaN,NaN,NaN,NaN,NaN,NaN,NaN,NaN,0.0001031993,5.352628e-05,-0.002161218,-0.004531281,-0.005908258,-0.006763657,-0.007120396,-0.007538198,-0.007774035,-0.008250318,-0.008593207,-0.009200563,-0.009663822,-0.01037726,-0.01092244,-0.0116891,-0.01226159,-0.01302335,-0.01356963,-0.01427472,-0.01475014,-0.01535734,-0.01572634,-0.01620044,-0.0164298,-0.01673768,-0.01679942,-0.01691814,-0.01679684,-0.01671486,-0.0164025,-0.01611326,-0.0156073,-0.0151125,-0.01442015,-0.01373059,-0.01286608,-0.0119987,-0.01098303,-0.009962776,-0.008824827,-0.007683112,-0.006456305,-0.005227842,-0.003948422,-0.002670295,-0.00137634,-8.706821e-05,0.001181845,0.002442786,0.00364746,0.004843401,0.005948789,0.007047252,0.00802093,0.008991983,0.009805145,0.01062591,0.01125931,0.01191964,0.01236881,0.01287876,0.01316443,0.01356877,0.01375565,0.01416032,0.01439073,0.01500217,0.01552322,0.01664091,0.01773769,0.01963116,0.02144297,0.02414193,0.02642945,0.02951533,0.0309204,0.0294414,0.01438439,0.001373988,0.001022494,NaN,NaN,NaN,NaN,NaN,NaN,NaN
NaN,NaN,NaN,NaN,NaN,NaN,NaN,NaN,0.0001750487,-0.00046649,-0.00367498,-0.005815309,-0.007108776,-0.007749647,-0.008117765,-0.00842323,-0.008725563,-0.009119671,-0.009538699,-0.01006591,-0.01059869,-0.01122576,-0.01182939,-0.01250374,-0.01312444,-0.01378998,-0.01437418,-0.01497931,-0.01548215,-0.01598746,-0.01637486,-0.01674666,-0.01698533,-0.01719075,-0.01725318,-0.01727117,-0.01714351,-0.0169636,-0.01663794,-0.01625403,-0.01572898,-0.01514474,-0.01442938,-0.01365685,-0.0127661,-0.01182273,-0.0107784,-0.0096899,-0.008521728,-0.007320072,-0.006062385,-0.004783006,-0.003472857,-0.002153004,-0.0008286865,0.0004930274,0.001791186,0.003074711,0.004306932,0.005515558,0.006646458,0.007747296,0.00874382,0.009706983,0.01054079,0.01134371,0.01199483,0.01262589,0.01308886,0.01355826,0.0138546,0.01420574,0.01439549,0.01472488,0.01493683,0.01542909,0.01587607,0.01677687,0.01766898,0.01915396,0.02051881,0.02249349,0.02393383,0.02585394,0.02606931,0.02454713,0.01171508,-0.0001981745,0.0009077488,NaN,NaN,NaN,NaN,NaN,NaN,NaN
NaN,NaN,NaN,NaN,NaN,NaN,NaN,5.131956e-05,0.0002047357,-0.001672932,-0.005295544,-0.007031563,-0.008289142,-0.008615499,-0.009131168,-0.009206059,-0.009717476,-0.009891935,-0.01052673,-0.01082828,-0.01156755,-0.01196193,-0.01275805,-0.01319536,-0.0139941,-0.0144217,-0.01516997,-0.01553848,-0.01619133,-0.01646297,-0.01698702,-0.01712992,-0.01749254,-0.017475,-0.01764943,-0.01745204,-0.01742582,-0.01703925,-0.01680487,-0.01622346,-0.01578054,-0.01500969,-0.01436924,-0.01342223,-0.0125998,-0.01149428,-0.01051224,-0.009274691,-0.008163688,-0.006826477,-0.005621159,-0.004219994,-0.002957919,-0.001530462,-0.0002500611,0.001165076,0.002423494,0.003785849,0.004982275,0.006254675,0.007353941,0.008503117,0.009472427,0.01046781,0.01127942,0.01209778,0.01273253,0.01336082,0.01381383,0.01425981,0.01455276,0.01485475,0.01504505,0.0152881,0.01549409,0.01583478,0.01623802,0.01686418,0.0176186,0.01861869,0.01967908,0.02083448,0.02170788,0.02229275,0.02172904,0.0191976,0.008827885,-0.004327374,-0.0004385907,-0.0006884803,NaN,NaN,NaN,NaN,NaN,NaN
NaN,NaN,NaN,NaN,NaN,NaN,NaN,0.000169354,-0.0002100118,-0.003585489,-0.006810331,-0.008140289,-0.009364637,-0.009371657,-0.01008972,-0.009905132,-0.01067332,-0.0105908,-0.01147603,-0.01151546,-0.01248553,-0.01261847,-0.01362366,-0.01380212,-0.01478553,-0.01495905,-0.01587148,-0.01599646,-0.0167952,-0.0168324,-0.01748176,-0.01739951,-0.01787126,-0.01764251,-0.0179123,-0.01751599,-0.01756976,-0.01699675,-0.01683062,-0.01607834,-0.01569341,-0.01476607,-0.01417295,-0.0130848,-0.01230178,-0.01107205,-0.01012173,-0.008776085,-0.007689118,-0.006260666,-0.005072348,-0.003596726,-0.002344162,-0.0008595751,0.0004180662,0.001872335,0.003136114,0.004520535,0.005731197,0.00700646,0.008128117,0.00926021,0.01026289,0.01122116,0.01207781,0.01283551,0.01352856,0.01407179,0.01460014,0.01493134,0.01531537,0.0154634,0.0157624,0.01580061,0.01612601,0.01617327,0.01667757,0.01686145,0.01766714,0.01799465,0.01901498,0.01913542,0.01984712,0.01883624,0.01812776,0.01367522,0.006460327,-0.01079351,-0.005017568,0.000250517,NaN,NaN,NaN,NaN,NaN,NaN
NaN,NaN,NaN,NaN,NaN,0.0001081408,-8.903017e-05,0.000221949,-0.001566506,-0.005597591,-0.008078294,-0.009184226,-0.01014871,-0.01016255,-0.01078419,-0.01068398,-0.01136968,-0.01138162,-0.01216347,-0.01229434,-0.01313713,-0.01335796,-0.01421628,-0.01447984,-0.01530001,-0.01555601,-0.01629299,-0.01650029,-0.01711557,-0.01723495,-0.01769342,-0.01769243,-0.01796874,-0.01782314,-0.01789651,-0.0175855,-0.01744175,-0.01695553,-0.01659267,-0.01593093,-0.01535232,-0.01451932,-0.01373531,-0.01274527,-0.01177565,-0.01064948,-0.009517821,-0.008280816,-0.007017101,-0.00570222,-0.004342126,-0.002985466,-0.001565888,-0.0002055392,0.001234446,0.002558794,0.003980763,0.005230265,0.006596125,0.007730976,0.009004135,0.009989138,0.01114076,0.01194628,0.01295083,0.01354871,0.0143878,0.01476244,0.01543649,0.01558934,0.01611765,0.01607026,0.01650595,0.01631985,0.01676338,0.01653235,0.01710646,0.01690913,0.01769205,0.01747425,0.01833775,0.01767765,0.01806817,0.01594126,0.01479064,0.009080984,0.003425517,-0.01497039,-0.01390325,-0.001145463,-0.002304512,-0.0007446054,NaN,NaN,NaN,NaN
-0.0003107087,-0.0004399822,-0.0001543257,-0.0002650553,-4.346253e-05,-0.0001220647,0.0001512455,-0.0005982745,-0.003654313,-0.00724076,-0.008941326,-0.01019078,-0.01054731,-0.01103317,-0.0111373,-0.01156587,-0.01174866,-0.01226396,-0.0125522,-0.01314352,-0.01350722,-0.01414259,-0.01454176,-0.01517634,-0.0155613,-0.01614755,-0.01647529,-0.01697528,-0.01720918,-0.01758676,-0.01769199,-0.01791664,-0.01786806,-0.01791877,-0.017697,-0.01755587,-0.01714646,-0.01680492,-0.01620552,-0.01566555,-0.01488024,-0.01414797,-0.01318661,-0.01227699,-0.0111592,-0.01009465,-0.008844396,-0.007650848,-0.006297391,-0.005007583,-0.003586231,-0.002236409,-0.0007840857,0.0005880086,0.00203223,0.003387434,0.004784844,0.006085525,0.007397998,0.008605918,0.009795535,0.01087637,0.01191236,0.01283904,0.0136946,0.0144423,0.01509552,0.01565109,0.01609688,0.0164656,0.01671578,0.01692211,0.01701451,0.01711805,0.01712617,0.01721283,0.01721446,0.01734623,0.01735136,0.01746007,0.01725621,0.01694172,0.01587405,0.01421364,0.0110575,0.00644407,-0.001155941,-0.01415924,-0.02463741,-0.009842663,-0.001156218,-0.002154913,-0.0009781655,-0.001264091,-0.0005982413,-0.0007328653
-0.0002985828,-0.0004776199,-0.0001420321,-0.0003002931,-4.55823e-05,-0.0001695592,-0.0002195267,-0.002285864,-0.00547616,-0.00835886,-0.0096255,-0.01079515,-0.01095317,-0.01156831,-0.01155492,-0.01212758,-0.01220162,-0.01282949,-0.01301041,-0.01367897,-0.01393798,-0.01461728,-0.01491637,-0.01556701,-0.01585974,-0.01643921,-0.0166835,-0.0171571,-0.01731717,-0.01765276,-0.01769506,-0.01786497,-0.01776415,-0.0177495,-0.01748701,-0.01727315,-0.0168355,-0.01641552,-0.01579969,-0.0151766,-0.01438706,-0.01356901,-0.01261597,-0.0116186,-0.01052104,-0.009367396,-0.00814954,-0.006866419,-0.005557133,-0.004176975,-0.002810791,-0.001369833,1.647686e-05,0.00148062,0.00284853,0.004297166,0.005608147,0.007003929,0.00822026,0.009526054,0.01061022,0.01179201,0.01271227,0.01374326,0.01447288,0.01533008,0.01584674,0.01651715,0.01681284,0.0173012,0.01738415,0.01771341,0.01761245,0.01783365,0.01760351,0.01778643,0.01747509,0.01765635,0.01722988,0.0173139,0.01651624,0.01610372,0.01425495,0.0124874,0.00835894,0.003942232,-0.004319992,-0.01396473,-0.02861995,-0.02364996,-0.006562192,-0.002243028,-0.00102594,-0.001386152,-0.0006378629,-0.0007845109
-0.0005725343,-0.000244109,-0.0003328677,-0.0001109393,-0.0002686511,-0.0002974523,-0.001443514,-0.003838253,-0.006642397,-0.008961372,-0.01017269,-0.01103249,-0.01138049,-0.01180621,-0.01201608,-0.0124159,-0.01268297,-0.01313671,-0.0134747,-0.01397021,-0.01435281,-0.01486231,-0.01525499,-0.01574231,-0.01610372,-0.01652946,-0.01682114,-0.01715185,-0.01734086,-0.017546,-0.01760198,-0.01765519,-0.01755485,-0.01743776,-0.01716462,-0.01686375,-0.01640657,-0.01591564,-0.0152724,-0.0145943,-0.01377048,-0.01291386,-0.01192081,-0.01090137,-0.00975835,-0.008598851,-0.007330464,-0.00605785,-0.004693132,-0.00333939,-0.001912314,-0.0005132149,0.0009397552,0.002346709,0.003787603,0.005163994,0.006555011,0.007863468,0.009167776,0.01037136,0.01155285,0.0126172,0.01364478,0.01454178,0.01538997,0.01609614,0.01674494,0.0172454,0.01768725,0.01798195,0.01822491,0.01833026,0.01840114,0.01835418,0.018298,0.01814325,0.0179923,0.01773178,0.01743506,0.01693251,0.01623033,0.01505895,0.01332047,0.01063352,0.006794488,0.001399115,-0.005744456,-0.01506823,-0.02632739,-0.03158612,-0.01931446,-0.006361405,-0.003952068,-0.001589768,-0.001181798,-0.0005277316
-0.001012456,-0.0006938635,-0.0005809042,-0.0005082382,-0.0006518065,-0.001199688,-0.002599023,-0.004971053,-0.007417551,-0.009350779,-0.01046218,-0.01122584,-0.0116316,-0.01203762,-0.01231206,-0.01268927,-0.01299575,-0.01341371,-0.01376755,-0.01421702,-0.01459615,-0.01505122,-0.01542475,-0.01585209,-0.0161834,-0.0165467,-0.0168006,-0.01706783,-0.01721377,-0.01735626,-0.01736678,-0.01735986,-0.0172134,-0.01703935,-0.01672093,-0.01636764,-0.01586795,-0.01533005,-0.01464778,-0.01392813,-0.0130694,-0.01217722,-0.01115427,-0.0101054,-0.008937538,-0.007754441,-0.006466449,-0.005176115,-0.003797139,-0.002431084,-0.0009946626,0.0004119186,0.001869566,0.003279615,0.004720914,0.006096615,0.007484081,0.008788437,0.01008561,0.01128249,0.01245402,0.01350967,0.01452439,0.0154105,0.01624293,0.01693661,0.01756725,0.01805364,0.01847373,0.01875077,0.01896548,0.0190458,0.01907595,0.01898768,0.01886546,0.01863687,0.01837489,0.01798611,0.01751076,0.01680643,0.01584878,0.01440933,0.01237311,0.009420183,0.005366914,-8.778094e-05,-0.006977004,-0.01523458,-0.02444866,-0.03100533,-0.02669521,-0.01602468,-0.009575933,-0.004529397,-0.002436726,-0.001405774
-0.002561076,-0.001940589,-0.001632387,-0.001543324,-0.001756953,-0.002455269,-0.003890343,-0.005979335,-0.008012953,-0.009660679,-0.01069188,-0.01140685,-0.01185228,-0.01225189,-0.01256501,-0.01292394,-0.01324852,-0.01363259,-0.01398707,-0.01439095,-0.01475727,-0.01515752,-0.01550767,-0.01587358,-0.01617431,-0.01647254,-0.01669148,-0.01689187,-0.01700041,-0.01707604,-0.01704877,-0.01697676,-0.01679376,-0.01655751,-0.01620494,-0.01579344,-0.01526323,-0.01467209,-0.01396368,-0.01319614,-0.01231598,-0.0113816,-0.01034236,-0.009257227,-0.008078265,-0.0068647,-0.005570707,-0.004255636,-0.002875675,-0.001490343,-5.751007e-05,0.00136342,0.002813363,0.004233226,0.005663093,0.007044526,0.0084173,0.009723756,0.01100344,0.01219938,0.01335131,0.01440353,0.01539682,0.016277,0.01708615,0.01777165,0.01837756,0.01885351,0.01924657,0.01950898,0.01969151,0.01974913,0.01973657,0.01960949,0.01942284,0.01912481,0.01876016,0.01825382,0.01762171,0.01673996,0.01557006,0.01390959,0.01165031,0.00851445,0.004366374,-0.00103606,-0.007582078,-0.01503231,-0.02249006,-0.02844413,-0.028366,-0.02183603,-0.0152666,-0.009279827,-0.005588934,-0.003593692
-0.004913416,-0.003913312,-0.003312645,-0.003127761,-0.003284646,-0.003991898,-0.005242157,-0.006965479,-0.008664243,-0.01004719,-0.01099207,-0.01166504,-0.01212118,-0.01251253,-0.01283413,-0.01317369,-0.01349101,-0.01384221,-0.0141768,-0.01453792,-0.0148751,-0.01522489,-0.01553894,-0.01584894,-0.0161093,-0.0163486,-0.01652501,-0.01666504,-0.01673046,-0.01674595,-0.01667679,-0.01654644,-0.01632399,-0.01603213,-0.01564354,-0.01518024,-0.01461852,-0.01398019,-0.01324526,-0.01243541,-0.01153403,-0.01056258,-0.009507748,-0.008390905,-0.007201894,-0.005961799,-0.004663208,-0.00332669,-0.00194743,-0.000545401,0.000881828,0.002315161,0.003755005,0.005183451,0.006599185,0.007985871,0.009340835,0.0106496,0.01190823,0.01310421,0.01423247,0.01528306,0.0162503,0.01712733,0.0179081,0.01858919,0.01916441,0.01963459,0.01999382,0.02024774,0.0203907,0.02043349,0.02036993,0.02021442,0.01995552,0.01960422,0.01913254,0.01853493,0.01774869,0.01673267,0.01536702,0.01355516,0.01110881,0.007892919,0.003697996,-0.001514372,-0.007728378,-0.01443027,-0.02088643,-0.02554316,-0.02685793,-0.02407228,-0.01908167,-0.01369408,-0.009370345,-0.006630966
-0.007623311,-0.006253835,-0.005429509,-0.00504121,-0.005103323,-0.005637944,-0.006678332,-0.00804679,-0.009416964,-0.01058059,-0.0114348,-0.01204997,-0.01249777,-0.0128605,-0.01317478,-0.01347865,-0.01377649,-0.01408272,-0.01438787,-0.01469775,-0.01499843,-0.01529279,-0.01556519,-0.01581726,-0.01603273,-0.01621342,-0.01634349,-0.01642564,-0.01644462,-0.01640411,-0.01628967,-0.0161064,-0.01584106,-0.01550031,-0.01507203,-0.01456456,-0.01396709,-0.01328991,-0.01252371,-0.01168065,-0.01075272,-0.009753849,-0.008677322,-0.007538895,-0.00633304,-0.005077063,-0.003766299,-0.002419403,-0.001032441,0.00037473,0.001805556,0.003239244,0.004679046,0.006103487,0.007515957,0.008894688,0.01024361,0.0115409,0.01279118,0.01397263,0.01509084,0.01612438,0.0170803,0.01793796,0.01870626,0.01936565,0.01992737,0.02037329,0.02071736,0.0209429,0.02106675,0.0210735,0.02098223,0.02077637,0.02047294,0.02004682,0.01950353,0.01879676,0.01790578,0.01674573,0.01525355,0.01329144,0.01075277,0.00746828,0.003347817,-0.001686176,-0.007460683,-0.0135828,-0.01914975,-0.02323432,-0.02473083,-0.02349084,-0.02051003,-0.01647131,-0.01264102,-0.009671438
-0.009987616,-0.00853211,-0.007547454,-0.007034044,-0.006939567,-0.007319398,-0.008098473,-0.009170812,-0.01029077,-0.0112648,-0.0120135,-0.01257395,-0.01298547,-0.01332017,-0.0136016,-0.01387151,-0.01412812,-0.01439197,-0.01464925,-0.01491117,-0.01515997,-0.01540284,-0.01562113,-0.01581984,-0.01598064,-0.01610765,-0.01618379,-0.016213,-0.01617979,-0.01608818,-0.01592439,-0.01569286,-0.01538178,-0.01499625,-0.01452651,-0.01397844,-0.01334443,-0.01263133,-0.01183379,-0.01095966,-0.01000575,-0.008980861,-0.007883858,-0.006724456,-0.005503491,-0.004231403,-0.002910739,-0.00155243,-0.0001605515,0.001253648,0.002684762,0.004121478,0.005557335,0.006981258,0.008386021,0.009761142,0.01109896,0.01238991,0.01362608,0.01479901,0.01590069,0.01692407,0.0178614,0.01870753,0.01945529,0.02010189,0.02064101,0.02107259,0.02139124,0.02159971,0.02169325,0.02167713,0.021546,0.02130563,0.02094568,0.02046593,0.01984157,0.01905568,0.01805562,0.01679507,0.01518122,0.01313071,0.01051381,0.007238521,0.003199049,-0.001577243,-0.006968095,-0.01251252,-0.01755464,-0.02104992,-0.02257121,-0.02222385,-0.02033427,-0.01759212,-0.01461082,-0.0120287
-0.01168948,-0.01033693,-0.00938819,-0.008815166,-0.008647402,-0.008866936,-0.009463743,-0.01030235,-0.01120137,-0.01202394,-0.01268482,-0.01318639,-0.01356498,-0.01386283,-0.01411379,-0.01434145,-0.01455854,-0.01477233,-0.01498279,-0.01518979,-0.0153875,-0.01557315,-0.01573822,-0.01587916,-0.01598623,-0.01605639,-0.01607964,-0.01605403,-0.01596975,-0.01582615,-0.0156139,-0.015334,-0.01497786,-0.01454823,-0.01403741,-0.01344997,-0.01277927,-0.01203188,-0.01120238,-0.01029929,-0.00931828,-0.00826979,-0.007150569,-0.005972918,-0.004734562,-0.003449435,-0.002116004,-0.0007496419,0.0006506136,0.002068143,0.003503573,0.004939285,0.006375825,0.007794822,0.009197049,0.01056372,0.01189622,0.01317562,0.01440411,0.01556279,0.01665492,0.01766185,0.01858825,0.01941601,0.02015163,0.02077791,0.02130359,0.02171253,0.02201579,0.02219802,0.02227233,0.02222348,0.02206559,0.02178099,0.02138087,0.02083878,0.02015525,0.01928519,0.01820788,0.0168485,0.01515751,0.01302707,0.01038868,0.007132022,0.003233993,-0.001308572,-0.006286593,-0.01135901,-0.01585021,-0.01917659,-0.02071926,-0.02060621,-0.01946891,-0.01758624,-0.01545374,-0.0134056
-0.01263951,-0.01154802,-0.01072389,-0.01022362,-0.01003512,-0.01019881,-0.01065154,-0.01132792,-0.0120825,-0.01278734,-0.01337046,-0.01383067,-0.01417648,-0.01445098,-0.01467049,-0.01486724,-0.01504324,-0.01521592,-0.01537722,-0.01553612,-0.01567995,-0.01581357,-0.01592267,-0.01601,-0.01606106,-0.0160778,-0.01604638,-0.01596869,-0.0158321,-0.01563876,-0.01537746,-0.01505093,-0.01464958,-0.01417698,-0.01362531,-0.01299908,-0.01229236,-0.01151073,-0.01065022,-0.009717562,-0.008710691,-0.007637446,-0.00649758,-0.005299958,-0.004046042,-0.002745564,-0.0014015,-2.423292e-05,0.001381962,0.002806244,0.00424324,0.005681895,0.007115996,0.008534555,0.009930791,0.0112941,0.01261743,0.01389089,0.01510742,0.01625806,0.01733591,0.01833319,0.01924337,0.02006019,0.02077783,0.02139195,0.02189767,0.02229283,0.02257338,0.02273916,0.02278634,0.02271594,0.02252292,0.02220741,0.02175929,0.02117243,0.02042419,0.01949412,0.0183378,0.01691308,0.0151489,0.01298266,0.01032905,0.007138507,0.003371529,-0.0009028133,-0.005534266,-0.0101518,-0.01429598,-0.01729771,-0.01892228,-0.01922567,-0.01843619,-0.01710739,-0.01552633,-0.01400315
-0.01308262,-0.01222643,-0.01159954,-0.01120579,-0.01108441,-0.01122657,-0.01162817,-0.01220486,-0.01284895,-0.0134739,-0.0140098,-0.01443846,-0.01477033,-0.01502746,-0.01523252,-0.01540403,-0.01555374,-0.01568981,-0.01581395,-0.01592775,-0.01602712,-0.0161106,-0.01617109,-0.01620596,-0.01620666,-0.01617067,-0.01608898,-0.01595985,-0.01577436,-0.01553189,-0.01522397,-0.01485146,-0.0144066,-0.01389184,-0.01330035,-0.01263625,-0.01189377,-0.01107892,-0.01018709,-0.0092261,-0.008192485,-0.007095859,-0.005933857,-0.004717811,-0.003446338,-0.002132294,-0.0007750823,0.0006111023,0.002026255,0.003455047,0.004897109,0.00633622,0.007771888,0.009187239,0.01058195,0.01193879,0.01325794,0.0145221,0.0157322,0.01687107,0.01794066,0.01892414,0.01982468,0.02062598,0.02133281,0.02192968,0.02242326,0.022799,0.02306541,0.02320843,0.0232379,0.02313925,0.02292228,0.02256948,0.02208731,0.02145031,0.0206557,0.01966299,0.01845322,0.01696475,0.01516086,0.01296271,0.01033186,0.007205397,0.003601368,-0.0004416289,-0.004723278,-0.008974389,-0.01272601,-0.01564182,-0.01731061,-0.01776141,-0.01739225,-0.01644595,-0.01528813,-0.01411365
-0.01320526,-0.0125698,-0.01210078,-0.01184632,-0.01179664,-0.01198251,-0.01235624,-0.01288369,-0.01347602,-0.01405207,-0.01455497,-0.01497315,-0.01529855,-0.01555653,-0.0157547,-0.01591849,-0.01604984,-0.01616516,-0.01625922,-0.01634138,-0.016402,-0.0164463,-0.01646258,-0.01645378,-0.01640756,-0.01632584,-0.01619654,-0.01602134,-0.01578905,-0.01550157,-0.01514889,-0.01473347,-0.0142467,-0.01369186,-0.01306197,-0.01236127,-0.01158449,-0.01073698,-0.00981523,-0.008825754,-0.007766829,-0.006646098,-0.005463519,-0.004227777,-0.002940402,-0.001610978,-0.0002424296,0.001154962,0.002577089,0.004013175,0.005458139,0.006900943,0.008335779,0.009751626,0.01114221,0.01249679,0.01380892,0.01506845,0.01626901,0.01740132,0.01845928,0.01943466,0.02032181,0.02111383,0.02180572,0.0223922,0.02286908,0.02323288,0.02348009,0.02360868,0.02361506,0.02349765,0.02325117,0.02287247,0.02235141,0.02167916,0.02083529,0.01979976,0.01853611,0.01700984,0.01516852,0.01296978,0.01036186,0.007327514,0.00386734,6.807207e-05,-0.003926529,-0.007831188,-0.01133685,-0.01401102,-0.01573157,-0.01649041,-0.01636424,-0.01575428,-0.01488656,-0.01400896
-0.01319735,-0.01271557,-0.01239726,-0.0122454,-0.01228506,-0.01250252,-0.01289252,-0.01339861,-0.01395348,-0.01450369,-0.01499671,-0.01541136,-0.01574573,-0.01600965,-0.01621632,-0.0163793,-0.01650785,-0.01661024,-0.01668883,-0.01674684,-0.01678161,-0.01679339,-0.01677644,-0.01672958,-0.01664546,-0.01652261,-0.016353,-0.01613563,-0.01586239,-0.01553315,-0.01514018,-0.01468457,-0.01415928,-0.01356682,-0.01290099,-0.01216588,-0.01135635,-0.01047817,-0.009527342,-0.008511352,-0.007427328,-0.006284412,-0.005080837,-0.00382734,-0.002523127,-0.001180352,0.0002009751,0.001607466,0.003038494,0.004479637,0.005929888,0.007374027,0.008810902,0.01022473,0.01161449,0.01296412,0.01427301,0.01552508,0.01672042,0.01784313,0.01889423,0.01985824,0.02073732,0.02151652,0.02219933,0.02277154,0.02323822,0.02358591,0.02382115,0.02393076,0.02392215,0.02378128,0.02351496,0.02310614,0.02255831,0.02184759,0.0209701,0.01989057,0.01859385,0.01703086,0.01517741,0.01297847,0.01041877,0.007468194,0.004167989,0.0005738352,-0.003138607,-0.006766755,-0.009983944,-0.0125977,-0.01432538,-0.01516593,-0.01535557,-0.01502706,-0.01445084,-0.01379079
-0.01309688,-0.01276983,-0.01255898,-0.01250938,-0.01260901,-0.01287714,-0.01327143,-0.01377113,-0.01431623,-0.01485351,-0.01533952,-0.01576197,-0.01610605,-0.01638644,-0.01660397,-0.01677789,-0.01690853,-0.01701054,-0.01707992,-0.01712611,-0.01714157,-0.01713209,-0.01708809,-0.0170131,-0.01689669,-0.01674123,-0.01653625,-0.01628373,-0.0159738,-0.01560857,-0.0151791,-0.01468798,-0.01412749,-0.01350098,-0.01280218,-0.01203537,-0.01119585,-0.01028898,-0.009311654,-0.008270372,-0.007163704,-0.005999238,-0.004777113,-0.00350594,-0.002187309,-0.0008307279,0.0005609257,0.001977443,0.003414865,0.004862479,0.006315449,0.00776279,0.009199031,0.01061318,0.01199937,0.01334686,0.01464966,0.01589755,0.01708467,0.01820159,0.01924276,0.02019974,0.02106746,0.02183868,0.02250893,0.02307234,0.02352511,0.02386279,0.02408214,0.02417976,0.02415215,0.02399598,0.02370591,0.02327684,0.02269908,0.02196276,0.02105011,0.01994322,0.01861333,0.01703419,0.01516916,0.01299265,0.01047734,0.007627334,0.004465307,0.001079899,-0.002403987,-0.005770918,-0.00881211,-0.0112351,-0.01298102,-0.01402725,-0.01438036,-0.01430868,-0.01395861,-0.01352663
-0.01296219,-0.0127579,-0.01266203,-0.0126862,-0.01285201,-0.013146,-0.01356217,-0.0140589,-0.01458975,-0.01511949,-0.01560809,-0.01603588,-0.01639555,-0.01668983,-0.01692497,-0.01710999,-0.01725111,-0.01735546,-0.01742505,-0.01746368,-0.01746946,-0.01744373,-0.0173819,-0.01728391,-0.01714358,-0.01696041,-0.01672745,-0.01644443,-0.01610423,-0.01570726,-0.01524666,-0.01472388,-0.01413267,-0.01347574,-0.01274765,-0.01195251,-0.01108589,-0.01015346,-0.009151874,-0.008088373,-0.006960704,-0.005777652,-0.004538029,-0.003252094,-0.001919605,-0.0005521341,0.0008497736,0.002273411,0.003717626,0.00516877,0.006625314,0.008072898,0.00950984,0.0109213,0.01230571,0.01364799,0.01494697,0.01618759,0.01736929,0.01847725,0.01951178,0.02045848,0.0213187,0.0220786,0.0227407,0.02329179,0.02373572,0.02405983,0.02426913,0.02435109,0.02431126,0.0241362,0.02383066,0.02337836,0.02278113,0.02201713,0.02108267,0.0199478,0.01860184,0.01700689,0.01514964,0.01299355,0.01053981,0.007779318,0.00476388,0.001552227,-0.001708065,-0.00486724,-0.007692843,-0.01007365,-0.01180429,-0.01287997,-0.01345347,-0.01358718,-0.01346829,-0.0132169
-0.01277903,-0.01270954,-0.01270527,-0.01281279,-0.01302515,-0.01335974,-0.01378185,-0.01427934,-0.01480877,-0.01533352,-0.0158195,-0.01625584,-0.0166254,-0.01693641,-0.01718499,-0.01738526,-0.01753543,-0.01764784,-0.01771857,-0.01775644,-0.01775503,-0.01772026,-0.01764399,-0.01753016,-0.01736979,-0.01716571,-0.01690881,-0.01660146,-0.01623497,-0.01581178,-0.015324,-0.01477445,-0.01415632,-0.01347314,-0.01271939,-0.01189949,-0.01100933,-0.01005437,-0.009031974,-0.007948678,-0.006803389,-0.005603693,-0.004349946,-0.003050717,-0.001707701,-0.0003303321,0.001078508,0.002508707,0.003956393,0.005410968,0.006867771,0.008315936,0.009750245,0.01115982,0.01253911,0.01387748,0.0151693,0.01640441,0.01757733,0.01867862,0.01970316,0.02064242,0.02149175,0.02224371,0.02289423,0.02343704,0.02386862,0.02418387,0.02437962,0.02445156,0.02439619,0.02420908,0.023885,0.02341791,0.02279891,0.02201821,0.02106093,0.019912,0.01854969,0.0169553,0.01510496,0.01298592,0.01058778,0.00792728,0.005037453,0.002000702,-0.001079288,-0.004039976,-0.006737817,-0.008965762,-0.01069917,-0.01191237,-0.01258436,-0.01290218,-0.0129556,-0.01289201
-0.01258259,-0.01262134,-0.01271917,-0.01289224,-0.01316222,-0.01352034,-0.01396382,-0.01446262,-0.01498407,-0.01550435,-0.01599255,-0.01643173,-0.01681263,-0.017134,-0.01739747,-0.01760843,-0.01777026,-0.01788848,-0.01796421,-0.01800102,-0.01799723,-0.01795458,-0.0178692,-0.01774167,-0.01756671,-0.01734448,-0.01706896,-0.01674047,-0.01635279,-0.01590678,-0.01539648,-0.01482365,-0.01418288,-0.01347705,-0.01270151,-0.01186045,-0.01095016,-0.00997625,-0.008936044,-0.007836597,-0.006676279,-0.005463567,-0.004197845,-0.002888952,-0.001537173,-0.0001535556,0.00126086,0.002693983,0.004144197,0.005598557,0.007055087,0.008500211,0.009931805,0.01133588,0.01271042,0.01404127,0.01532676,0.01655279,0.01771828,0.01880936,0.01982577,0.02075407,0.02159494,0.02233548,0.02297744,0.02350846,0.0239314,0.02423435,0.02442108,0.02447967,0.02441426,0.02421204,0.0238764,0.02339212,0.02276021,0.0219612,0.02099231,0.01982869,0.01846394,0.01686963,0.01504109,0.01295555,0.01062499,0.008052841,0.005293581,0.002402109,-0.0005000483,-0.00330248,-0.005835335,-0.008034157,-0.009742037,-0.01095629,-0.01178126,-0.01224124,-0.01246845,-0.01254785
-0.01235876,-0.01251231,-0.01269095,-0.01293858,-0.01325181,-0.01364829,-0.01410115,-0.01460526,-0.01512872,-0.01564641,-0.01613155,-0.01657564,-0.01696157,-0.01729405,-0.01756641,-0.01778893,-0.01795805,-0.01808386,-0.01816207,-0.01820057,-0.01819346,-0.01814641,-0.01805222,-0.01791494,-0.01772668,-0.0174905,-0.01719837,-0.01685295,-0.01644654,-0.01598188,-0.01545196,-0.01485987,-0.01419959,-0.01347487,-0.01268086,-0.01182217,-0.01089525,-0.009905664,-0.008851246,-0.007738576,-0.006566902,-0.005343811,-0.004069884,-0.002753641,-0.001396899,-8.994405e-06,0.001407164,0.002841593,0.004290486,0.005743398,0.007195815,0.008637046,0.01006209,0.01146024,0.01282623,0.01414958,0.01542499,0.01664243,0.01779675,0.01887863,0.01988325,0.02080213,0.02163095,0.02236218,0.02299204,0.02351404,0.02392487,0.024219,0.02439335,0.024443,0.02436451,0.02415279,0.02380293,0.02330853,0.02266179,0.02185367,0.0208722,0.01970532,0.01833737,0.01675606,0.01494732,0.01290764,0.01063771,0.008160851,0.005513426,0.002768339,9.868678e-06,-0.002638415,-0.005075566,-0.007149036,-0.008852971,-0.01016087,-0.01104177,-0.01163133,-0.01198333,-0.01220895
-0.0121357,-0.01237796,-0.01264346,-0.01294861,-0.01331387,-0.01373422,-0.01420987,-0.01471942,-0.01523998,-0.01575555,-0.01624237,-0.01668667,-0.01707918,-0.01741687,-0.01769872,-0.01792759,-0.01810478,-0.0182343,-0.01831641,-0.01835415,-0.01834583,-0.01829323,-0.01819293,-0.01804583,-0.01784734,-0.01759799,-0.01729257,-0.01693173,-0.0165101,-0.01602883,-0.01548278,-0.01487391,-0.0141976,-0.01345687,-0.0126478,-0.01177462,-0.0108343,-0.009832383,-0.008766828,-0.0076445,-0.006464354,-0.005234569,-0.00395506,-0.002635257,-0.001275927,0.000112384,0.001528199,0.002960017,0.004405819,0.005853334,0.007300206,0.008733602,0.01015104,0.01153935,0.01289613,0.0142081,0.0154732,0.01667822,0.01782165,0.01889055,0.01988415,0.02078993,0.021608,0.02232633,0.022946,0.02345547,0.02385679,0.02413874,0.02430413,0.0243417,0.02425451,0.02403051,0.02367218,0.02316554,0.02251136,0.02169263,0.02070783,0.01953675,0.01817678,0.01660714,0.01482964,0.01283132,0.01063062,0.008237851,0.005705747,0.00308269,0.0004680483,-0.00205635,-0.004363077,-0.006415146,-0.00808775,-0.00938164,-0.01036986,-0.01105591,-0.01153545,-0.01186833
-0.01189919,-0.01223365,-0.01256522,-0.0129334,-0.0133365,-0.01379195,-0.01427885,-0.01479687,-0.01532199,-0.0158372,-0.01632137,-0.01676839,-0.01716245,-0.01750651,-0.0177926,-0.01802843,-0.01820924,-0.01834333,-0.01842604,-0.01846436,-0.01845269,-0.01839636,-0.01828884,-0.01813417,-0.01792528,-0.01766536,-0.01734725,-0.01697382,-0.0165382,-0.01604331,-0.01548296,-0.01486042,-0.01417037,-0.01341672,-0.01259524,-0.01171066,-0.01075996,-0.009748764,-0.008675329,-0.007546255,-0.006361094,-0.0051274,-0.003845959,-0.0025252,-0.001167049,0.0002192938,0.001630906,0.003057979,0.00449677,0.005937048,0.007374434,0.008798471,0.01020436,0.01158164,0.01292531,0.01422512,0.01547605,0.01666829,0.01779702,0.01885306,0.01983193,0.02072523,0.02152893,0.02223554,0.02284152,0.02334028,0.0237287,0.02400101,0.02415426,0.02418317,0.02408445,0.02385272,0.0234835,0.02297049,0.02230709,0.02148538,0.02049611,0.01933012,0.01797679,0.01642896,0.01467983,0.01273215,0.01059344,0.008289681,0.005856743,0.003357435,0.0008597843,-0.001541167,-0.003772678,-0.005718625,-0.007383485,-0.008740281,-0.009756264,-0.01053276,-0.01110028,-0.01154356
-0.01167051,-0.01207347,-0.01247475,-0.01288942,-0.01333618,-0.01381256,-0.01432075,-0.0148454,-0.01537037,-0.01588482,-0.01637038,-0.01681613,-0.01721361,-0.01755919,-0.01785048,-0.01808875,-0.01827393,-0.01840887,-0.01849317,-0.01852933,-0.01851565,-0.01845384,-0.01834086,-0.01817774,-0.0179605,-0.01768991,-0.01736145,-0.01697603,-0.01652899,-0.0160217,-0.01544974,-0.01481523,-0.01411426,-0.01334989,-0.01251891,-0.01162551,-0.0106673,-0.009649702,-0.008571261,-0.007438616,-0.006251253,-0.005017029,-0.003736332,-0.002418171,-0.001063735,0.0003169419,0.001722008,0.003140553,0.004570223,0.005999414,0.007425465,0.008836275,0.01022908,0.01159148,0.01292083,0.01420464,0.01544058,0.01661628,0.01772992,0.01876939,0.01973359,0.02061081,0.02140074,0.02209214,0.02268558,0.02317028,0.02354762,0.02380713,0.02395083,0.02396817,0.02386144,0.02361945,0.02324408,0.02272274,0.02205628,0.02123006,0.02024391,0.01908172,0.01774396,0.01621594,0.01450398,0.01260193,0.01053158,0.008306535,0.005975634,0.003580257,0.001201686,-0.001098833,-0.003223358,-0.005151235,-0.006780103,-0.008114271,-0.009204981,-0.01004467,-0.01070397,-0.01122478
-0.01143532,-0.01190921,-0.01236114,-0.0128259,-0.01330261,-0.01380809,-0.01432589,-0.0148588,-0.01538816,-0.01590263,-0.01638525,-0.01683193,-0.01722842,-0.01757687,-0.01786887,-0.01811043,-0.01829609,-0.01843275,-0.01851556,-0.0185507,-0.01853283,-0.01846697,-0.01834715,-0.01817733,-0.01795116,-0.01767194,-0.01733322,-0.01693804,-0.01648027,-0.015963,-0.0153807,-0.01473682,-0.01402664,-0.01325423,-0.01241587,-0.01151638,-0.0105532,-0.009531983,-0.008451345,-0.007317869,-0.006131363,-0.004899305,-0.003622643,-0.002309676,-0.0009624015,0.0004101627,0.001805107,0.003212849,0.004629732,0.006045787,0.00745679,0.008852574,0.01022855,0.01157458,0.01288588,0.01415254,0.01536981,0.01652816,0.01762308,0.01864564,0.01959163,0.02045287,0.02122559,0.02190241,0.02248003,0.02295187,0.02331501,0.0235636,0.02369485,0.02370335,0.02358606,0.02333754,0.02295387,0.0224291,0.02175788,0.02093349,0.01994918,0.0187983,0.01747436,0.01597411,0.01429594,0.0124466,0.01043753,0.008294955,0.006052412,0.003763287,0.001482579,-0.00071563,-0.002777576,-0.004612572,-0.006230632,-0.007604281,-0.008703049,-0.009604199,-0.0103231,-0.01092491
-0.01120997,-0.01173389,-0.01223909,-0.0127387,-0.01324947,-0.01377063,-0.01430564,-0.01484336,-0.01537249,-0.01588555,-0.0163682,-0.01681182,-0.01720896,-0.01755594,-0.01784972,-0.01809057,-0.01827756,-0.01841263,-0.01849495,-0.01852656,-0.01850577,-0.01843416,-0.01830906,-0.01813158,-0.01789829,-0.0176101,-0.01726317,-0.01685855,-0.0163923,-0.0158659,-0.01527563,-0.01462369,-0.01390684,-0.01312815,-0.01228504,-0.01138161,-0.01041609,-0.009393714,-0.008313559,-0.007182011,-0.005999024,-0.004772109,-0.003502063,-0.002197458,-0.0008598386,0.0005012857,0.001883755,0.003277262,0.004679184,0.006078588,0.007472579,0.00884979,0.01020724,0.01153333,0.01282517,0.01407113,0.01526864,0.01640617,0.01748167,0.01848387,0.01941137,0.0202533,0.021009,0.02166804,0.02223054,0.02268649,0.02303675,0.02327159,0.02339245,0.02338954,0.02326458,0.02300732,0.02261932,0.02208937,0.02141855,0.02059451,0.01961828,0.01847725,0.01717429,0.0156994,0.01406188,0.01226016,0.0103173,0.008248016,0.006096461,0.003897523,0.001717993,-0.000395675,-0.002366601,-0.0041838,-0.005761446,-0.007107171,-0.008256086,-0.00919531,-0.009977952,-0.01063305
-0.01098081,-0.0115568,-0.01209826,-0.01263536,-0.01316751,-0.0137106,-0.01425154,-0.01479508,-0.01532632,-0.01583797,-0.01631621,-0.01675848,-0.01715209,-0.01749882,-0.01779031,-0.01803134,-0.01821616,-0.01835057,-0.01842963,-0.01845884,-0.01843312,-0.01835716,-0.01822548,-0.018042,-0.01780096,-0.01750574,-0.01715056,-0.01673859,-0.01626435,-0.01573108,-0.01513386,-0.01447627,-0.01375417,-0.01297168,-0.01212561,-0.01122081,-0.01025511,-0.009234181,-0.008156937,-0.007029903,-0.005853103,-0.004633898,-0.003373359,-0.002079614,-0.0007546941,0.0005926075,0.001959425,0.003336448,0.004720134,0.006100823,0.007474473,0.008831254,0.01016681,0.01147135,0.01274039,0.01396433,0.01513876,0.01625448,0.01730728,0.01828853,0.01919436,0.0200168,0.0207524,0.02139395,0.02193841,0.02237931,0.02271396,0.02293653,0.02304448,0.02303242,0.02289761,0.02263477,0.02224059,0.02170961,0.0210377,0.02021931,0.01924985,0.01812481,0.0168409,0.01539775,0.01379737,0.01204883,0.01016558,0.008172716,0.006100733,0.003994731,0.001899499,-0.0001264295,-0.002042242,-0.00377577,-0.005339704,-0.006706049,-0.007848683,-0.008827221,-0.009647229,-0.01035928
-0.01076072,-0.0113706,-0.01195043,-0.01251133,-0.013068,-0.01362075,-0.01417368,-0.01471869,-0.01524794,-0.01575621,-0.0162322,-0.01666916,-0.0170606,-0.01740305,-0.01769324,-0.01793083,-0.01811435,-0.01824508,-0.0183219,-0.01834642,-0.01831702,-0.01823514,-0.01809843,-0.01790802,-0.01766101,-0.01735841,-0.01699697,-0.01657787,-0.0160978,-0.01555836,-0.01495647,-0.01429435,-0.01356939,-0.01278463,-0.01193809,-0.01103376,-0.01007039,-0.009053034,-0.007981242,-0.00686112,-0.005693038,-0.004484138,-0.003235572,-0.001955457,-0.000645634,0.0006849245,0.002033809,0.003391326,0.004754644,0.006113513,0.007464866,0.008798075,0.01011001,0.01138985,0.01263458,0.01383336,0.01498351,0.01607432,0.01710357,0.01806083,0.0189445,0.01974452,0.02045998,0.02108124,0.0216081,0.02203132,0.02235138,0.02255928,0.02265603,0.02263265,0.02249047,0.02222023,0.02182328,0.02128982,0.0206212,0.01980716,0.0188497,0.01773917,0.01648017,0.01506627,0.01350853,0.01180836,0.009988752,0.008064361,0.006074504,0.004048486,0.002041538,8.94597e-05,-0.001746326,-0.003460388,-0.004979685,-0.006314793,-0.007488304,-0.008485541,-0.009347007,-0.01009263
-0.01053721,-0.01118284,-0.01178612,-0.01237295,-0.0129427,-0.01351007,-0.0140645,-0.01461187,-0.01513999,-0.0156445,-0.01611397,-0.01654699,-0.01693233,-0.01727162,-0.01755679,-0.01779183,-0.01797086,-0.01809886,-0.01817089,-0.01819186,-0.01815693,-0.01807051,-0.01792755,-0.01773186,-0.01747827,-0.01717017,-0.0168024,-0.01637821,-0.01589274,-0.01534932,-0.01474361,-0.01407928,-0.01335269,-0.01256805,-0.01172259,-0.01082118,-0.009862015,-0.008850721,-0.007786487,-0.006675745,-0.005518697,-0.004322552,-0.003088473,-0.001824377,-0.0005323034,0.000779219,0.002107396,0.003443226,0.00478331,0.006118335,0.007444468,0.008752258,0.01003761,0.01129111,0.01250859,0.01368085,0.01480378,0.0158686,0.01687141,0.01780396,0.01866268,0.01943994,0.02013258,0.02073366,0.02124043,0.02164661,0.02194976,0.0221442,0.02222769,0.02219495,0.02204365,0.02176875,0.02136758,0.02083524,0.02016871,0.01936353,0.01841691,0.01732605,0.0160901,0.01471068,0.01319226,0.01154502,0.009783204,0.007930095,0.006013005,0.004069963,0.002137841,0.0002634705,-0.001521276,-0.003158248,-0.004661004,-0.006001099,-0.007157751,-0.008177045,-0.009058372,-0.009841291
-0.01032049,-0.01098626,-0.01161486,-0.01221552,-0.0128009,-0.01337192,-0.0139329,-0.01447786,-0.01500151,-0.0155001,-0.01596471,-0.01639002,-0.01677047,-0.0171029,-0.01738405,-0.01761322,-0.01778868,-0.01791119,-0.01797946,-0.01799476,-0.01795557,-0.01786313,-0.01771543,-0.0175136,-0.01725516,-0.0169412,-0.01656904,-0.01613992,-0.01565113,-0.01510432,-0.014497,-0.01383141,-0.01310551,-0.0123223,-0.0114803,-0.01058341,-0.009630849,-0.008627454,-0.007573206,-0.006473915,-0.005330317,-0.004149173,-0.002931941,-0.001686268,-0.0004142447,0.0008757034,0.002180968,0.003492476,0.004807244,0.006115712,0.007414696,0.008694311,0.009951336,0.01117573,0.01236442,0.01350739,0.01460185,0.01563796,0.01661339,0.01751856,0.01835174,0.01910369,0.01977335,0.02035186,0.02083881,0.02122574,0.02151283,0.02169188,0.02176357,0.02171978,0.02156154,0.0212806,0.02087822,0.02034592,0.01968531,0.01888797,0.01795667,0.01688418,0.0156762,0.01432899,0.01285446,0.01125589,0.009555377,0.007766868,0.005925086,0.00405469,0.002201652,0.0003940715,-0.001318297,-0.002932945,-0.004387196,-0.005694091,-0.006866135,-0.007889065,-0.00879406,-0.009594666
-0.01009942,-0.01078713,-0.01142815,-0.01204448,-0.01263535,-0.0132141,-0.01377208,-0.01431568,-0.01483469,-0.01532689,-0.01578268,-0.01620151,-0.01657346,-0.01690012,-0.01717388,-0.01739814,-0.01756712,-0.01768513,-0.01774732,-0.01775811,-0.01771291,-0.01761583,-0.01746225,-0.01725586,-0.01699197,-0.01667399,-0.01629731,-0.01586523,-0.01537344,-0.01482535,-0.01421713,-0.01355252,-0.01282834,-0.01204884,-0.01121164,-0.01032161,-0.009377246,-0.008384126,-0.007341669,-0.00625619,-0.005128035,-0.003964239,-0.002766023,-0.00154107,-0.0002913985,0.0009747535,0.002254689,0.003539744,0.00482669,0.006106598,0.007375865,0.008625452,0.009851547,0.01104518,0.01220248,0.01331472,0.01437814,0.01538437,0.0163299,0.01720687,0.01801209,0.01873829,0.01938268,0.01993861,0.02040367,0.02077184,0.02104101,0.02120572,0.02126403,0.02121093,0.02104447,0.02075997,0.02035536,0.0198263,0.01917079,0.01838526,0.0174684,0.01641868,0.01523711,0.01392655,0.01249303,0.01094706,0.009302877,0.00758165,0.005807663,0.004012986,0.002228354,0.0004916388,-0.001171515,-0.002713959,-0.004148912,-0.005447646,-0.006595091,-0.007626506,-0.008537616,-0.009359538
-0.009882081,-0.01057851,-0.01123369,-0.0118552,-0.01245374,-0.0130306,-0.0135899,-0.01412723,-0.01463913,-0.0151228,-0.01557113,-0.01597998,-0.01634458,-0.01666213,-0.01692953,-0.01714589,-0.01730937,-0.01742037,-0.01747754,-0.01748187,-0.01743194,-0.01732884,-0.01717084,-0.01695904,-0.01669138,-0.01636899,-0.01598965,-0.01555468,-0.01506189,-0.01451297,-0.01390595,-0.01324309,-0.01252285,-0.01174815,-0.01091801,-0.01003618,-0.009102308,-0.008121021,-0.007092676,-0.006022776,-0.00491238,-0.003767863,-0.002590943,-0.001388794,-0.0001637128,0.001076428,0.002328865,0.003585152,0.004842204,0.006091155,0.007328755,0.008545873,0.00973925,0.01089965,0.01202397,0.01310304,0.01413406,0.01510804,0.01602262,0.01686908,0.01764564,0.01834393,0.01896276,0.01949414,0.01993748,0.02028514,0.02053711,0.020686,0.02073228,0.02066866,0.020496,0.02020702,0.01980293,0.01927647,0.01862947,0.01785511,0.01695663,0.01592877,0.01477784,0.01350207,0.01211352,0.01061659,0.009031949,0.007372556,0.005668893,0.00394183,0.00222984,0.0005554314,-0.0010407,-0.00255726,-0.003940328,-0.005204874,-0.006355057,-0.007378427,-0.00829902,-0.009125991
-0.009658777,-0.01036568,-0.01102404,-0.01165239,-0.01224983,-0.01282818,-0.01338032,-0.0139127,-0.01441656,-0.01489125,-0.0153286,-0.01572863,-0.01608263,-0.01639216,-0.01665019,-0.01685965,-0.01701501,-0.01712004,-0.01717009,-0.01716912,-0.01711284,-0.01700506,-0.01684156,-0.01662588,-0.01635383,-0.01602876,-0.01564657,-0.01521059,-0.01471699,-0.01416924,-0.01356398,-0.01290498,-0.01218949,-0.01142176,-0.01059978,-0.009728374,-0.008806333,-0.007839147,-0.006826441,-0.00577439,-0.004683467,-0.003560503,-0.002406763,-0.001229669,-3.119856e-05,0.001180724,0.002403521,0.003628895,0.004853816,0.006069764,0.007273397,0.008456124,0.009614447,0.01073987,0.01182889,0.01287325,0.0138696,0.01481005,0.01569149,0.01650652,0.01725237,0.0179222,0.0185136,0.01902031,0.01944029,0.01976786,0.02000125,0.02013531,0.02016846,0.02009595,0.01991631,0.01962516,0.01922105,0.01870015,0.01806129,0.01730166,0.01642109,0.01541896,0.01429756,0.01306047,0.01171459,0.0102702,0.008741062,0.007146124,0.005506911,0.00385046,0.002202743,0.0005946231,-0.000952622,-0.002400774,-0.003761853,-0.005007118,-0.006127187,-0.007148315,-0.008064323,-0.008899725
-0.009435884,-0.01014224,-0.01080543,-0.0114317,-0.01202991,-0.01260152,-0.01315023,-0.0136728,-0.01416703,-0.01463073,-0.0150582,-0.01544625,-0.01579076,-0.0160893,-0.016339,-0.01653891,-0.01668718,-0.01678398,-0.01682798,-0.01681993,-0.01675854,-0.01664478,-0.01647719,-0.0162568,-0.01598195,-0.01565376,-0.01527047,-0.01483343,-0.01434091,-0.01379463,-0.0131931,-0.01253855,-0.0118299,-0.01107002,-0.01025834,-0.009398468,-0.00849045,-0.007538677,-0.00654385,-0.005511169,-0.004441977,-0.003342259,-0.002213956,-0.001063768,0.0001058422,0.001287555,0.0024785,0.003670863,0.004861507,0.00604227,0.007209891,0.008356004,0.009477374,0.01056559,0.01161759,0.01262507,0.01358528,0.01449011,0.01533725,0.0161189,0.01683325,0.01747285,0.01803646,0.01851698,0.01891373,0.01921993,0.01943543,0.01955369,0.019575,0.01949294,0.01930823,0.01901453,0.01861298,0.01809748,0.01746991,0.01672483,0.01586574,0.01488887,0.01380075,0.012601,0.01130132,0.009906684,0.008436056,0.006901276,0.005328966,0.003736927,0.00215746,0.0006089944,-0.0008750048,-0.002293322,-0.003599729,-0.004810515,-0.005922853,-0.006926962,-0.007841191,-0.008671747
-0.009205225,-0.00991268,-0.01057154,-0.01119723,-0.01178877,-0.01235643,-0.01289436,-0.01340868,-0.0138918,-0.01434414,-0.0147587,-0.01513586,-0.01546799,-0.01575661,-0.01599531,-0.01618669,-0.01632553,-0.01641515,-0.01645118,-0.0164372,-0.01636921,-0.01625076,-0.01607802,-0.01585438,-0.01557607,-0.01524639,-0.01486173,-0.01442538,-0.013934,-0.01339107,-0.01279365,-0.01214553,-0.01144437,-0.01069439,-0.009893903,-0.009047702,-0.00815483,-0.007220673,-0.006245052,-0.005233982,-0.004188045,-0.003113853,-0.002012693,-0.0008917067,0.0002471875,0.001396405,0.002553512,0.003710614,0.004864901,0.006008308,0.007137782,0.008245227,0.009327499,0.01037663,0.01138952,0.01235846,0.01328053,0.01414838,0.01495936,0.01570661,0.0163878,0.01699658,0.01753098,0.01798519,0.01835756,0.01864282,0.01883958,0.01894302,0.01895196,0.01886196,0.01867196,0.01837792,0.01797895,0.01747162,0.01685548,0.01612823,0.01529059,0.01434248,0.01328704,0.01212811,0.01087297,0.009531266,0.008116013,0.006643933,0.005134083,0.003609216,0.002091574,0.0006064155,-0.0008280535,-0.002181083,-0.003462851,-0.004644973,-0.005723441,-0.006716799,-0.007618207,-0.008446882
-0.008971752,-0.009671315,-0.01032732,-0.01094501,-0.01153147,-0.01208832,-0.01261863,-0.01312004,-0.01359127,-0.01403042,-0.01443296,-0.01479641,-0.0151172,-0.01539329,-0.01562202,-0.0158025,-0.01593292,-0.01601335,-0.01604247,-0.01602092,-0.01594751,-0.01582314,-0.01564658,-0.01541883,-0.01513856,-0.0148069,-0.0144225,-0.01398669,-0.01349822,-0.01295878,-0.01236735,-0.0117261,-0.01103441,-0.01029503,-0.009507828,-0.008676238,-0.007800672,-0.0068853,-0.005931127,-0.004943056,-0.003922677,-0.002875589,-0.001803915,-0.0007138822,0.0003919271,0.001506751,0.002627667,0.003747506,0.004863137,0.005967122,0.007056251,0.008122953,0.009164089,0.0101721,0.01114406,0.01207253,0.01295491,0.01378402,0.01455765,0.01526894,0.01591618,0.01649283,0.01699769,0.01742456,0.01777275,0.01803634,0.01821511,0.01830336,0.01830124,0.01820322,0.01800983,0.01771566,0.01732174,0.01682296,0.01622118,0.01551209,0.01469916,0.01377982,0.01276042,0.01164152,0.01043409,0.009143294,0.007786217,0.006373565,0.004928445,0.003466168,0.002013869,0.0005869864,-0.0007869385,-0.002106017,-0.003330992,-0.00447881,-0.005540808,-0.006510352,-0.007401068,-0.00821727
-0.008728886,-0.009421958,-0.01006765,-0.0106786,-0.01125384,-0.01180209,-0.01231854,-0.01280881,-0.0132662,-0.01369191,-0.01407984,-0.01443059,-0.01473751,-0.01500206,-0.01521848,-0.01538904,-0.01550897,-0.01558121,-0.01560168,-0.01557364,-0.01549342,-0.01536434,-0.01518293,-0.01495244,-0.01466952,-0.0143374,-0.0139529,-0.01351929,-0.01303368,-0.01249953,-0.01191434,-0.01128187,-0.01060017,-0.00987343,-0.009100287,-0.008285453,-0.00742823,-0.006533888,-0.005602429,-0.004639691,-0.003646352,-0.00262878,-0.001588266,-0.0005316434,0.0005392534,0.00161722,0.002699999,0.003780146,0.004855111,0.005917335,0.006964101,0.00798787,0.008985902,0.009950821,0.01087999,0.0117663,0.01260732,0.01339632,0.01413115,0.01480553,0.01541764,0.01596165,0.01643609,0.01683563,0.01715907,0.01740153,0.01756207,0.0176362,0.01762313,0.01751873,0.01732233,0.0170302,0.0166419,0.01615432,0.01556755,0.01487963,0.01409187,0.01320445,0.01222099,0.01114521,0.009984439,0.008747397,0.007446177,0.006095326,0.004711703,0.003314381,0.001922646,0.0005571744,-0.000765997,-0.002022512,-0.003220211,-0.004331517,-0.005357265,-0.006309264,-0.007180897,-0.007987
-0.00848037,-0.0091598,-0.009796368,-0.01039455,-0.01095982,-0.01149389,-0.0119991,-0.01247381,-0.0129173,-0.01332788,-0.01370188,-0.01403745,-0.01433143,-0.01458216,-0.0147872,-0.01494576,-0.01505615,-0.01511836,-0.01513118,-0.01509515,-0.01500923,-0.01487427,-0.01468924,-0.01445516,-0.01417099,-0.01383787,-0.01345483,-0.01302321,-0.01254216,-0.01201339,-0.01143628,-0.01081298,-0.01014326,-0.009429822,-0.00867287,-0.007875719,-0.007039099,-0.006166972,-0.005260612,-0.004324629,-0.003360811,-0.002374374,-0.001367569,-0.0003461444,0.0006872611,0.001726463,0.002768555,0.003807042,0.004838874,0.005857366,0.00685945,0.007838381,0.00879121,0.009711262,0.01059582,0.01143839,0.01223657,0.01298413,0.01367909,0.01431551,0.01489185,0.0154025,0.01584638,0.01621818,0.01651724,0.01673852,0.01688173,0.016942,0.01691939,0.01680914,0.01661166,0.01632235,0.01594206,0.01546655,0.01489752,0.01423156,0.01347191,0.01261685,0.01167228,0.01063935,0.009528004,0.008343355,0.007100495,0.005809029,0.004488863,0.003153266,0.001824979,0.0005172346,-0.0007473868,-0.00196584,-0.003105327,-0.004182753,-0.005184684,-0.006107811,-0.006961696,-0.007749515
-0.008221266,-0.00888806,-0.009509575,-0.01009593,-0.01064626,-0.01116776,-0.01165656,-0.01211755,-0.01254485,-0.01294013,-0.01329804,-0.01361929,-0.01389812,-0.01413589,-0.01432749,-0.01447495,-0.01457393,-0.01462705,-0.01463063,-0.01458761,-0.0144947,-0.01435497,-0.01416536,-0.01392897,-0.01364288,-0.01331022,-0.01292828,-0.01250027,-0.01202375,-0.01150214,-0.01093338,-0.01032121,-0.009664053,-0.008966042,-0.008226143,-0.007448974,-0.006634091,-0.005786622,-0.00490674,-0.004000073,-0.003067373,-0.002114724,-0.001143393,-0.0001598546,0.000834181,0.00183195,0.002831422,0.003825666,0.004812448,0.005784782,0.00674035,0.007672243,0.008578186,0.009451466,0.01028995,0.01108722,0.01184137,0.01254635,0.01320054,0.01379829,0.01433831,0.01481537,0.01522847,0.01557279,0.0158476,0.01604844,0.01617475,0.01622241,0.01619098,0.0160766,0.01587897,0.01559459,0.01522338,0.01476242,0.01421221,0.0135709,0.01284018,0.01202023,0.01111487,0.01012742,0.00906496,0.007935113,0.006748963,0.005518952,0.004259984,0.002987931,0.001719701,0.0004721528,-0.0007402158,-0.00189861,-0.003008169,-0.004042624,-0.005006949,-0.005907042,-0.006737099,-0.007508253
-0.007954281,-0.008602927,-0.009210157,-0.009779901,-0.01031613,-0.01082067,-0.01129503,-0.01173822,-0.01214979,-0.0125282,-0.01287047,-0.01317523,-0.01343968,-0.0136625,-0.01384147,-0.01397596,-0.01406438,-0.01410678,-0.01410203,-0.01405065,-0.01395178,-0.01380622,-0.0136132,-0.01337373,-0.01308708,-0.01275444,-0.01237514,-0.01195062,-0.01148036,-0.01096613,-0.01040767,-0.009807157,-0.009164701,-0.008482952,-0.007762443,-0.00700637,-0.006215733,-0.005394298,-0.004543548,-0.003667793,-0.002768958,-0.001851854,-0.0009187867,2.499987e-05,0.0009768981,0.001931336,0.002885518,0.00383366,0.004772889,0.005697316,0.006604111,0.007487399,0.008344509,0.00916969,0.009960525,0.01071146,0.01142041,0.01208209,0.01269479,0.01325351,0.01375695,0.01420039,0.01458292,0.01490008,0.01515129,0.01533232,0.01544285,0.01547877,0.01544004,0.01532263,0.01512677,0.01484857,0.01448866,0.01404351,0.01351452,0.01289898,0.01219972,0.01141563,0.01055191,0.009610005,0.008598682,0.007522788,0.006395407,0.005225095,0.004028824,0.002818181,0.001612115,0.0004222142,-0.0007331602,-0.001849525,-0.00290015,-0.003901189,-0.004835484,-0.005702979,-0.006509655,-0.007258091
-0.00767613,-0.008307092,-0.008895468,-0.0094491,-0.009967323,-0.01045583,-0.01091162,-0.01133872,-0.01173202,-0.01209344,-0.01241826,-0.01270719,-0.01295533,-0.0131639,-0.01332844,-0.01345073,-0.01352696,-0.01355947,-0.01354498,-0.01348619,-0.01338021,-0.01322991,-0.01303265,-0.01279139,-0.01250368,-0.01217253,-0.01179572,-0.0113764,-0.01091259,-0.01040768,-0.009860033,-0.009273351,-0.008646432,-0.00798334,-0.007283355,-0.006550967,-0.005785973,-0.004993312,-0.004173299,-0.003331298,-0.002468091,-0.001589412,-0.000696456,0.0002047387,0.001112645,0.002021024,0.002928131,0.003827634,0.004717672,0.00559192,0.006448516,0.007281257,0.008088383,0.00886391,0.009606256,0.01030973,0.01097298,0.01159067,0.01216174,0.01268119,0.01314824,0.01355827,0.01391075,0.01420138,0.01442982,0.01459204,0.01468785,0.01471343,0.01466867,0.01454994,0.01435721,0.01408716,0.01373995,0.01331277,0.01280633,0.0122188,0.01155203,0.01080597,0.009984429,0.009090123,0.008129712,0.007109595,0.006039809,0.004930794,0.003795703,0.002647604,0.00150146,0.0003709008,-0.0007306881,-0.001789383,-0.002807388,-0.003760262,-0.004656279,-0.005496209,-0.006275431,-0.007001874
-0.007388633,-0.00799783,-0.008567574,-0.009101424,-0.00960196,-0.01007112,-0.01050957,-0.0109169,-0.01129275,-0.01163567,-0.01194324,-0.01221448,-0.01244688,-0.01263947,-0.01279023,-0.01289873,-0.01296352,-0.01298473,-0.01296137,-0.01289401,-0.01278195,-0.01262607,-0.01242579,-0.01218222,-0.01189489,-0.01156508,-0.01119246,-0.01077853,-0.01032313,-0.009828075,-0.00929347,-0.008721495,-0.008112576,-0.007469316,-0.006792516,-0.006085247,-0.005348716,-0.004586468,-0.003800113,-0.002993635,-0.002168993,-0.001330562,-0.0004805988,0.0003762037,0.001237377,0.002098008,0.00295552,0.003804879,0.004643497,0.005466314,0.006270836,0.007052086,0.007807754,0.008533022,0.009225835,0.009881594,0.01049855,0.01107237,0.01160163,0.01208227,0.01251319,0.01289058,0.01321365,0.01347876,0.01368541,0.01383008,0.01391246,0.01392909,0.01387983,0.01376127,0.01357344,0.01331305,0.01298044,0.01257265,0.01209071,0.0115324,0.01090003,0.01019286,0.009415238,0.008568748,0.007660818,0.006695933,0.005685191,0.004636161,0.003563143,0.002476306,0.001391305,0.0003184791,-0.0007274323,-0.0017404,-0.002699398,-0.003619172,-0.004479888,-0.005284464,-0.006035717,-0.006735985
-0.007090125,-0.007677366,-0.008225098,-0.008739112,-0.009218998,-0.009669016,-0.01008697,-0.01047599,-0.01083165,-0.01115596,-0.01144479,-0.01169878,-0.01191382,-0.01209097,-0.01222645,-0.01232181,-0.0123738,-0.01238451,-0.01235116,-0.01227621,-0.01215725,-0.01199696,-0.01179318,-0.01154874,-0.01126167,-0.01093491,-0.01056671,-0.01016017,-0.009713779,-0.009230871,-0.008710241,-0.008155501,-0.007565817,-0.006945129,-0.006293003,-0.005613743,-0.004907342,-0.004178474,-0.003427543,-0.002659554,-0.001875265,-0.001079964,-0.0002747086,0.0005349963,0.001347876,0.002158306,0.00296489,0.003761976,0.004548133,0.005317769,0.006069518,0.006797944,0.007501821,0.008175936,0.008819258,0.009426845,0.00999791,0.01052781,0.01101601,0.01145817,0.01185399,0.01219941,0.01249433,0.01273492,0.01292121,0.01304956,0.01312004,0.01312915,0.01307699,0.01296016,0.01277881,0.01252971,0.01221319,0.01182646,0.01137033,0.01084284,0.01024586,0.009578998,0.008845857,0.008048453,0.007192889,0.006284311,0.005331704,0.004343632,0.003331674,0.002306441,0.001281265,0.0002670218,-0.0007237436,-0.001681363,-0.002605024,-0.003472602,-0.004294752,-0.005067928,-0.005788862,-0.006462708
-0.006781662,-0.007344114,-0.00786943,-0.008360921,-0.008819902,-0.009248435,-0.009646369,-0.01001381,-0.01035033,-0.01065463,-0.01092468,-0.01115987,-0.01135794,-0.01151826,-0.01163899,-0.01171997,-0.0117599,-0.01175908,-0.01171667,-0.01163338,-0.01150868,-0.01134357,-0.01113773,-0.01089237,-0.01060729,-0.01028391,-0.00992218,-0.009523725,-0.009088682,-0.008618943,-0.008114883,-0.007578697,-0.007011048,-0.006414471,-0.005789945,-0.005140384,-0.004467099,-0.003773368,-0.003060813,-0.002333038,-0.001591925,-0.000841358,-8.342598e-05,0.000677779,0.00144004,0.002199145,0.002952835,0.003696856,0.004428988,0.005145024,0.00584287,0.006518442,0.007169839,0.007793154,0.008386725,0.008946856,0.009472164,0.009959185,0.01040681,0.0108118,0.0111733,0.01148826,0.01175605,0.01197375,0.01214088,0.01225459,0.01231451,0.01231779,0.01226412,0.01215066,0.01197718,0.01174091,0.01144186,0.01107751,0.01064845,0.01015286,0.009592391,0.008966545,0.008278776,0.007530613,0.006728147,0.005875423,0.00498164,0.004053449,0.003102726,0.002138431,0.001173346,0.0002168293,-0.0007194936,-0.001628094,-0.002493258,-0.003327776,-0.004110184,-0.00484592,-0.00553506,-0.006179922
-0.00646311,-0.006999895,-0.007500467,-0.007968803,-0.008404775,-0.008811323,-0.009186999,-0.00953399,-0.009848603,-0.01013277,-0.01038292,-0.0105996,-0.01077944,-0.01092337,-0.01102828,-0.01109554,-0.01112249,-0.01111104,-0.01105894,-0.01096847,-0.01083774,-0.01066928,-0.01046144,-0.01021694,-0.009934305,-0.009616397,-0.009261948,-0.008873971,-0.00845141,-0.007997487,-0.007511391,-0.006996588,-0.006452558,-0.005883035,-0.005287811,-0.004670913,-0.004032454,-0.003376744,-0.002704194,-0.002019354,-0.001322876,-0.0006195101,8.989903e-05,0.0008004692,0.001511235,0.002217267,0.002917556,0.003607191,0.004285195,0.004946755,0.005591001,0.006213287,0.0068129,0.0073854,0.007930268,0.008443301,0.008924202,0.009369016,0.009777653,0.01014639,0.01047532,0.01076093,0.01100343,0.01119944,0.01134927,0.01144961,0.01150076,0.01149946,0.01144598,0.01133708,0.01117302,0.01095067,0.0106704,0.01032941,0.009928495,0.009465557,0.008942327,0.008358041,0.007715982,0.007017425,0.006267848,0.005471184,0.004635389,0.003767306,0.002877098,0.001973228,0.001067619,0.0001688051,-0.0007113719,-0.001566912,-0.002394078,-0.003173458,-0.003917173,-0.00461822,-0.005274691,-0.00588937
-0.006134892,-0.006644282,-0.007119103,-0.007562493,-0.007974659,-0.008357789,-0.008710971,-0.009034803,-0.009328703,-0.009591529,-0.0098216,-0.01001865,-0.01018061,-0.01030723,-0.01039689,-0.01044971,-0.01046457,-0.01044203,-0.01038141,-0.01028363,-0.01014836,-0.009976774,-0.009768761,-0.009525713,-0.009247666,-0.008936178,-0.008591442,-0.008215185,-0.007807772,-0.007371136,-0.006905841,-0.006414048,-0.005896549,-0.005355759,-0.004792719,-0.004210123,-0.00360926,-0.002993078,-0.002363088,-0.001722453,-0.001072864,-0.0004176632,0.0002413326,0.0009006686,0.001558469,0.002211238,0.002857103,0.003492587,0.004115894,0.004723634,0.005314152,0.005884199,0.006432298,0.006955373,0.007452155,0.007919764,0.008357153,0.008761638,0.009132382,0.009466873,0.009764453,0.01002274,0.01024121,0.01041755,0.01055131,0.01064018,0.01068372,0.01067959,0.01062732,0.01052452,0.01037074,0.0101636,0.009902781,0.009586146,0.009213822,0.00878425,0.008298482,0.007756115,0.007159711,0.006510671,0.005813789,0.005072649,0.00429468,0.003485692,0.002655389,0.001811675,0.0009648396,0.0001234245,-0.0007036062,-0.001507406,-0.002277116,-0.003023186,-0.003723526,-0.004385529,-0.005006998,-0.005590335
-0.005798281,-0.006278805,-0.006726517,-0.007143834,-0.007530923,-0.007889555,-0.008218961,-0.008520451,-0.008791047,-0.009032533,-0.009241885,-0.009419562,-0.009562932,-0.009672778,-0.009746706,-0.009785939,-0.009788463,-0.009756014,-0.009686945,-0.009583376,-0.009443976,-0.009271126,-0.009063706,-0.008824292,-0.008551914,-0.008249297,-0.007915622,-0.007553756,-0.007163031,-0.006746483,-0.006303619,-0.005837661,-0.005348323,-0.00483903,-0.004309712,-0.003764014,-0.00320208,-0.002627754,-0.002041372,-0.001446938,-0.0008449353,-0.0002394912,0.0003688067,0.0009757638,0.00158075,0.002179569,0.002771605,0.003352711,0.003922343,0.004476466,0.005014664,0.005533057,0.006031382,0.006505934,0.006956625,0.007379945,0.007775992,0.008141438,0.008476544,0.008778144,0.009046623,0.009278933,0.00947554,0.009633453,0.009753151,0.009831646,0.009869372,0.009863297,0.009813786,0.009717744,0.009575495,0.009383972,0.009143569,0.008851446,0.008508353,0.008112017,0.007663995,0.007163143,0.006612375,0.00601226,0.005367632,0.004681304,0.003960255,0.00320979,0.002438784,0.001653852,0.000865661,8.075965e-05,-0.0006896697,-0.001442716,-0.002171992,-0.002861061,-0.003522657,-0.004147216,-0.004734078,-0.00528407
-0.00545325,-0.005904207,-0.006323352,-0.006713692,-0.007074529,-0.007408156,-0.007713027,-0.007990191,-0.008238887,-0.008458191,-0.008646717,-0.008804523,-0.008929778,-0.009022612,-0.009081625,-0.009107277,-0.009098662,-0.009056608,-0.008980643,-0.008871914,-0.008730276,-0.008557105,-0.00835247,-0.008117915,-0.007853659,-0.007561362,-0.007241378,-0.006895479,-0.006524152,-0.006129307,-0.005711576,-0.005273012,-0.004814418,-0.004338011,-0.003844774,-0.003337107,-0.002816161,-0.002284494,-0.0017434,-0.001195561,-0.0006423867,-8.665492e-05,0.0004701608,0.001025241,0.001577101,0.002122932,0.002661281,0.003189396,0.003705911,0.004208185,0.004694981,0.005163797,0.005613545,0.00604188,0.00644788,0.006829361,0.007185569,0.007514471,0.007815453,0.008086611,0.008327431,0.008536085,0.008712119,0.008853721,0.008960434,0.009030412,0.009063131,0.009056671,0.009010424,0.008922375,0.008791863,0.008616855,0.008396745,0.00812968,0.007815388,0.007452516,0.007041543,0.006582122,0.006075986,0.005524367,0.004930874,0.004298632,0.003633479,0.002940458,0.002227358,0.001501143,0.0007699557,4.160939e-05,-0.000677179,-0.001376542,-0.002049925,-0.002705267,-0.00332075,-0.003905116,-0.004454406,-0.004971134
-0.005102369,-0.005521919,-0.005912104,-0.006274065,-0.006608258,-0.006915477,-0.007195567,-0.00744908,-0.007673742,-0.007871167,-0.008038878,-0.008177285,-0.008284452,-0.008361087,-0.008405481,-0.008418767,-0.00839956,-0.008349484,-0.008267461,-0.008155482,-0.008012729,-0.007841433,-0.007640944,-0.007413667,-0.00715905,-0.00687962,-0.006574919,-0.006247579,-0.005897223,-0.005526603,-0.00513544,-0.004726617,-0.004299978,-0.003858546,-0.003402297,-0.002934401,-0.002454959,-0.001967271,-0.001471543,-0.0009711732,-0.0004664433,3.918077e-05,0.0005453799,0.001048663,0.00154872,0.002042084,0.002528491,0.003004536,0.003470046,0.003921721,0.004359516,0.004780256,0.005184034,0.005567813,0.005931831,0.006273194,0.006592285,0.006886332,0.007155835,0.007398114,0.007613746,0.007800102,0.007957791,0.00808417,0.008179824,0.008242048,0.008271348,0.008264917,0.008223156,0.008143144,0.008025209,0.007866395,0.007667063,0.007424396,0.007139049,0.006808637,0.006434515,0.006015222,0.005553288,0.005048673,0.004505577,0.003925839,0.00331552,0.002678593,0.002022764,0.001353076,0.0006790393,5.545214e-06,-0.0006569156,-0.001307947,-0.001938952,-0.002536556,-0.003113401,-0.003658247,-0.004171487,-0.004652419
-0.00474542,-0.005133886,-0.005493483,-0.005827104,-0.006133377,-0.006414683,-0.006669013,-0.00689782,-0.007100196,-0.007275486,-0.00742259,-0.007541876,-0.007631775,-0.007692789,-0.007723767,-0.007725499,-0.007697299,-0.007640262,-0.007554104,-0.007440169,-0.007298471,-0.007130525,-0.006936525,-0.006718098,-0.006475556,-0.00621058,-0.00592358,-0.005616284,-0.005289188,-0.004944088,-0.004581572,-0.004203506,-0.003810589,-0.003404779,-0.002986894,-0.002558993,-0.002122001,-0.001678055,-0.001228168,-0.000774535,-0.0003182391,0.00013849,0.0005945439,0.001047698,0.001496857,0.001939837,0.002375582,0.002801986,0.003218074,0.003621847,0.004012439,0.004387975,0.0047477,0.005089871,0.005413851,0.005718027,0.00600187,0.006263874,0.006503595,0.006719606,0.006911504,0.007077897,0.007218377,0.007331532,0.007416897,0.007472994,0.007499241,0.007494061,0.007456739,0.007385584,0.007279779,0.007137588,0.006958181,0.006739962,0.006482338,0.006184127,0.005845332,0.005465635,0.005046059,0.004587659,0.004093015,0.003564816,0.003007517,0.002425463,0.001824786,0.001211594,0.0005922063,-2.626296e-05,-0.0006389634,-0.001235381,-0.001812636,-0.002376197,-0.002905272,-0.003409367,-0.003883296,-0.00432966
-0.004386188,-0.004741693,-0.00507132,-0.005375239,-0.005654173,-0.005908178,-0.006137634,-0.006342496,-0.00652118,-0.00667513,-0.006802422,-0.006903453,-0.006976939,-0.007023547,-0.00704221,-0.007033986,-0.006998072,-0.006935978,-0.006847131,-0.006733361,-0.006594288,-0.00643194,-0.006246036,-0.006038741,-0.00580981,-0.005561492,-0.005293571,-0.005008357,-0.004705653,-0.00438784,-0.004054755,-0.003708859,-0.003350046,-0.002980866,-0.002601277,-0.002213922,-0.001818813,-0.001418676,-0.001013569,-0.000606271,-0.0001968682,0.000211825,0.00061973,0.001024028,0.001424678,0.001818893,0.002206694,0.002585349,0.002954974,0.003312921,0.003659418,0.003991913,0.004310747,0.004613462,0.004900516,0.005169543,0.005421108,0.005652912,0.005865596,0.0060569,0.006227501,0.006375141,0.006500492,0.006601232,0.006677985,0.006728325,0.006752773,0.006748768,0.00671671,0.006653881,0.006560601,0.006434066,0.006274603,0.006079477,0.005849248,0.0055815,0.005277387,0.004935235,0.004557202,0.00414277,0.003695541,0.003216553,0.002711016,0.002181784,0.001635496,0.001075884,0.0005113648,-5.453486e-05,-0.0006120918,-0.001162865,-0.001696616,-0.00220295,-0.002693882,-0.003157325,-0.0035945,-0.004003611
-0.004024565,-0.004348482,-0.00464668,-0.004921954,-0.005172502,-0.005400766,-0.005604472,-0.005785413,-0.005942605,-0.006075694,-0.00618385,-0.006267728,-0.006326036,-0.006359593,-0.006367499,-0.006350814,-0.006309049,-0.006243495,-0.006154006,-0.006042047,-0.005907717,-0.005752576,-0.005576857,-0.005382171,-0.005168824,-0.00493842,-0.004691325,-0.00442913,-0.004152247,-0.003862277,-0.00355968,-0.003246075,-0.002921988,-0.00258907,-0.002247926,-0.001900248,-0.001546704,-0.001189015,-0.0008278979,-0.0004650894,-0.0001013505,0.0002615864,0.0006229542,0.000981051,0.001335129,0.001683542,0.002025576,0.002359663,0.002685156,0.003000583,0.003305375,0.00359816,0.003878448,0.00414497,0.004397309,0.004634294,0.004855565,0.005060023,0.005247347,0.00541648,0.005567094,0.005698142,0.005809244,0.005899311,0.005967875,0.006013759,0.006036351,0.006034366,0.006007032,0.005952943,0.005871193,0.00576032,0.005619354,0.005446938,0.005242259,0.005004298,0.0047327,0.004427176,0.004088182,0.00371661,0.003314187,0.002883204,0.002426947,0.001949131,0.001454477,0.0009483016,0.0004353903,-7.784415e-05,-0.0005880753,-0.001084555,-0.001567397,-0.00203983,-0.002482667,-0.002905661,-0.003302924,-0.003677104
-0.00366542,-0.003956184,-0.004224624,-0.004470246,-0.004694013,-0.004895472,-0.005075456,-0.005233504,-0.00536867,-0.005482248,-0.005572836,-0.005640843,-0.005685553,-0.005707603,-0.005706465,-0.005683116,-0.005637226,-0.005570154,-0.005481719,-0.005373539,-0.005245544,-0.005099499,-0.004935366,-0.004754999,-0.004558342,-0.00434729,-0.004121767,-0.003883692,-0.00363296,-0.003371526,-0.003099269,-0.002818195,-0.002528191,-0.002231317,-0.001927477,-0.001618787,-0.001305163,-0.0009887738,-0.0006695419,-0.0003496677,-2.907211e-05,0.0002900283,0.0006077411,0.0009218524,0.001232519,0.001537555,0.001837179,0.002129251,0.002414074,0.002689564,0.002956118,0.003211716,0.003456844,0.003689537,0.00391037,0.00411743,0.004311361,0.004490276,0.004654869,0.004803247,0.004936116,0.005051549,0.005150223,0.005230122,0.005291864,0.0053333,0.005354944,0.005354495,0.005332344,0.005286014,0.005215813,0.005119151,0.004996323,0.004844754,0.004664924,0.004454481,0.004214401,0.003942908,0.003641826,0.003310299,0.002951381,0.002565488,0.002157048,0.001728006,0.001284017,0.0008277434,0.0003665455,-9.715446e-05,-0.0005544977,-0.001008471,-0.001447834,-0.001864948,-0.002270842,-0.002653313,-0.00301419,-0.003350995
-0.003308953,-0.003568976,-0.003806665,-0.004024716,-0.004221127,-0.004398366,-0.004554084,-0.004690324,-0.004806101,-0.004901347,-0.004975486,-0.00502939,-0.005062029,-0.005074452,-0.005065964,-0.005037799,-0.004989601,-0.004922753,-0.004837173,-0.004734336,-0.004614345,-0.004478699,-0.004327589,-0.004162508,-0.003983678,-0.003792546,-0.003589357,-0.003375506,-0.003151259,-0.002917979,-0.002675955,-0.002426533,-0.002170041,-0.001907819,-0.00164025,-0.001368675,-0.001093515,-0.0008161116,-0.0005369147,-0.0002572562,2.23837e-05,0.0003006964,0.0005772027,0.0008506341,0.001120528,0.001385671,0.001645625,0.00189925,0.002146152,0.002385268,0.002616256,0.002838132,0.003050598,0.003252749,0.003444327,0.003624493,0.003793007,0.00394908,0.004092474,0.004222419,0.004338639,0.004440356,0.00452722,0.004598399,0.004653438,0.004691417,0.004711724,0.004713336,0.004695471,0.004656991,0.004596969,0.0045142,0.004407669,0.00427625,0.004119014,0.003935112,0.003723951,0.003485285,0.003219156,0.002926311,0.002607804,0.002265572,0.001901941,0.001520051,0.001123447,0.0007166935,0.0003033066,-0.0001110275,-0.0005242038,-0.0009256532,-0.001317787,-0.001701964,-0.002061003,-0.002404481,-0.002726288,-0.003029066
-0.00296082,-0.003189107,-0.003398711,-0.003588738,-0.00376035,-0.003912795,-0.004047255,-0.004163012,-0.00425967,-0.004338377,-0.004398192,-0.004439524,-0.004462107,-0.004466522,-0.00445265,-0.004421344,-0.004372609,-0.004307604,-0.004226401,-0.004130353,-0.004019574,-0.003895509,-0.003758252,-0.003609298,-0.00344868,-0.003277909,-0.003096964,-0.002907357,-0.002709011,-0.002503453,-0.002290565,-0.002071906,-0.001847338,-0.001618453,-0.001385104,-0.001148919,-0.0009097376,-0.0006692248,-0.0004272068,-0.0001853696,5.647824e-05,0.0002966407,0.0005353463,0.0007708998,0.00100358,0.00123171,0.001455626,0.001673681,0.001886279,0.002091806,0.002290742,0.002481509,0.002664652,0.002838621,0.003004024,0.003159328,0.003305191,0.003440076,0.003564668,0.003677398,0.003778949,0.0038677,0.003944295,0.004007011,0.004056434,0.004090701,0.004110302,0.004113221,0.004099831,0.004067944,0.004017858,0.003947251,0.003856405,0.003742977,0.003607388,0.003447441,0.003263964,0.003055193,0.002822655,0.002565302,0.002285689,0.001983779,0.001663286,0.001325436,0.0009749765,0.0006137087,0.0002479622,-0.0001207241,-0.000484451,-0.0008471531,-0.001197245,-0.001529513,-0.001853802,-0.002158391,-0.002445519,-0.002712392
-0.002621483,-0.00282136,-0.003002497,-0.003167465,-0.003314259,-0.003445309,-0.003558342,-0.003655543,-0.003735972,-0.003799797,-0.003846645,-0.003877514,-0.003891589,-0.003890028,-0.003872285,-0.003839638,-0.003791801,-0.003730127,-0.003654533,-0.003566396,-0.003465759,-0.003353973,-0.003231133,-0.00309854,-0.002956298,-0.002805637,-0.002646665,-0.002480539,-0.002307377,-0.002128285,-0.001943389,-0.001753764,-0.001559558,-0.001361823,-0.001160747,-0.0009573627,-0.0007518837,-0.0005453272,-0.0003379286,-0.0001306834,7.614933e-05,0.000281605,0.0004854242,0.000686683,0.0008851313,0.001079896,0.00127074,0.00145685,0.001638013,0.00181348,0.001983062,0.00214607,0.002302338,0.002451232,0.002592599,0.00272585,0.002850828,0.002966974,0.00307411,0.003171683,0.003259463,0.003336881,0.003403623,0.003459068,0.003502795,0.003534101,0.003552414,0.003556943,0.003546949,0.003521541,0.003479837,0.003420883,0.003343693,0.003247374,0.003130976,0.002993823,0.002835206,0.002654935,0.002452773,0.002229354,0.001985227,0.001722006,0.001441258,0.001145594,0.0008375864,0.0005210854,0.0001985628,-0.0001250504,-0.0004486099,-0.0007621051,-0.001069574,-0.001370954,-0.001651299,-0.001919686,-0.002170182,-0.002405379
-0.002296861,-0.002467988,-0.002624107,-0.002764138,-0.002889372,-0.002998918,-0.003094184,-0.003174314,-0.00323934,-0.003290253,-0.003326474,-0.003348384,-0.003356022,-0.00334988,-0.003330097,-0.003297364,-0.003251879,-0.003194561,-0.003125615,-0.003046094,-0.00295619,-0.002857013,-0.002748702,-0.002632387,-0.002508128,-0.002377061,-0.002239172,-0.002095591,-0.001946243,-0.001792262,-0.001633521,-0.001471178,-0.001305075,-0.001136393,-0.0009649531,-0.0007919606,-0.0006172126,-0.0004419453,-0.0002659318,-9.042577e-05,8.482353e-05,0.000258553,0.0004310507,0.0006010492,0.0007688822,0.0009332915,0.001094659,0.00125174,0.001404971,0.001553123,0.001696689,0.001834452,0.001966958,0.002092995,0.00221315,0.002326214,0.002432801,0.002531681,0.002623488,0.002706944,0.002782675,0.002849343,0.002907538,0.00295582,0.002994729,0.003022693,0.003040169,0.003045445,0.00303888,0.003018599,0.0029849,0.002935776,0.002871505,0.002790038,0.002691758,0.002574699,0.002439571,0.002284718,0.002111415,0.001918539,0.0017082,0.001480062,0.001237182,0.0009802387,0.000713136,0.0004369934,0.0001571342,-0.0001255995,-0.0004043466,-0.0006835649,-0.0009519432,-0.001206301,-0.001455211,-0.001687894,-0.001906824,-0.002109191
-0.001987362,-0.00213371,-0.002265004,-0.002383645,-0.002487755,-0.002579652,-0.002657238,-0.002722702,-0.00277518,-0.002814992,-0.002841905,-0.002856934,-0.002859429,-0.002850531,-0.002829785,-0.002798399,-0.002756106,-0.002704128,-0.002642341,-0.002571946,-0.0024929,-0.002406347,-0.002312273,-0.002211755,-0.002104776,-0.001992335,-0.001874413,-0.001751934,-0.001624885,-0.001494134,-0.001359675,-0.001222339,-0.001082137,-0.0009398674,-0.0007955749,-0.0006500327,-0.0005033041,-0.0003561412,-0.0002086253,-6.148295e-05,8.518256e-05,0.0002306764,0.0003748915,0.0005171697,0.0006574053,0.0007949835,0.0009298011,0.00106129,0.001189358,0.001313485,0.001433585,0.001549184,0.001660201,0.001766201,0.001867097,0.001962489,0.00205227,0.002136056,0.002213713,0.002284855,0.002349291,0.002406621,0.002456571,0.002498698,0.002532629,0.002557853,0.002573862,0.002580075,0.002575835,0.002560481,0.002533224,0.002493349,0.002439963,0.002372399,0.002289763,0.002191556,0.002077045,0.001946112,0.00179836,0.001634333,0.00145422,0.00125935,0.001050698,0.0008303891,0.0006002064,0.0003633155,0.00012134,-0.0001215639,-0.0003649908,-0.0005998045,-0.00083105,-0.001057715,-0.001267161,-0.001467719,-0.001653946,-0.001828328
-0.001698471,-0.001820268,-0.001930626,-0.002028428,-0.002115009,-0.002189446,-0.002253231,-0.00230546,-0.00234645,-0.002377012,-0.002396825,-0.0024062,-0.002405356,-0.002394658,-0.002374377,-0.002345016,-0.002306857,-0.002260564,-0.002206385,-0.002145077,-0.002076844,-0.002002475,-0.001922107,-0.001836539,-0.001745826,-0.00165077,-0.001551353,-0.001448371,-0.001341748,-0.001232283,-0.00111985,-0.00100527,-0.0008883817,-0.0007700258,-0.0006500162,-0.0005292131,-0.000407404,-0.0002854764,-0.0001631906,-4.14508e-05,8.000698e-05,0.000200268,0.0003196298,0.0004371685,0.0005532203,0.0006668622,0.0007784698,0.0008871209,0.0009932342,0.00109589,0.001195547,0.001291286,0.001383606,0.001471577,0.001555728,0.00163512,0.001710299,0.001780296,0.001845672,0.001905407,0.001960055,0.002008539,0.00205138,0.002087411,0.002117116,0.002139213,0.002154122,0.002160439,0.002158508,0.002146784,0.002125567,0.002093188,0.002049932,0.001994079,0.001925989,0.001843982,0.001748673,0.001638588,0.001514783,0.001376165,0.001224447,0.001059115,0.0008826309,0.0006952701,0.0005001572,0.0002978841,9.279973e-05,-0.0001147909,-0.000319112,-0.0005247732,-0.0007212801,-0.0009070646,-0.001089404,-0.00125878,-0.001417751,-0.001563698
-0.001430104,-0.001531588,-0.0016216,-0.001702309,-0.001772044,-0.001832917,-0.001883064,-0.001924549,-0.001956592,-0.001979572,-0.001993336,-0.00199883,-0.001995509,-0.001984411,-0.001965129,-0.001938719,-0.001904907,-0.001864724,-0.001817995,-0.001765707,-0.001707735,-0.001644999,-0.001577394,-0.001505769,-0.001430015,-0.001350912,-0.001268347,-0.001183032,-0.001094866,-0.001004508,-0.000911864,-0.0008175578,-0.0007215114,-0.0006243172,-0.0005259261,-0.0004269024,-0.0003272154,-0.0002274068,-0.000127462,-2.789807e-05,7.127832e-05,0.0001695793,0.0002669909,0.0003630561,0.0004577561,0.0005506694,0.000641772,0.0007306785,0.0008173651,0.0009014829,0.0009830028,0.001061611,0.001137272,0.001209699,0.001278845,0.001344448,0.001406431,0.001464546,0.001518686,0.0015686,0.001614129,0.001655011,0.001691012,0.00172184,0.00174718,0.001766684,0.001779927,0.001786514,0.001785889,0.001777602,0.001760986,0.001735546,0.001700522,0.001655458,0.001599568,0.001532526,0.001453644,0.001362882,0.001259776,0.001144797,0.001017899,0.0008801555,0.0007320955,0.0005754046,0.0004112306,0.000242096,6.894849e-05,-0.0001048302,-0.0002793796,-0.000446667,-0.0006122004,-0.0007744532,-0.0009230257,-0.001065338,-0.001196646,-0.001319259
-0.001186647,-0.001268412,-0.001342012,-0.001406386,-0.001462814,-0.00151041,-0.001550617,-0.001582542,-0.001606654,-0.001623568,-0.001633125,-0.001635546,-0.001631119,-0.001620074,-0.00160272,-0.001579376,-0.001550331,-0.001516017,-0.00147667,-0.001432785,-0.001384543,-0.001332459,-0.001276652,-0.001217641,-0.001155471,-0.001090669,-0.001023215,-0.0009536372,-0.0008818648,-0.00080843,-0.0007332203,-0.0006567898,-0.0005789917,-0.0005003983,-0.0004208396,-0.0003409047,-0.0002603986,-0.0001799349,-9.929296e-05,-1.910224e-05,6.088017e-05,0.0001400128,0.000218567,0.0002958888,0.0003722811,0.0004470851,0.0005206342,0.0005922635,0.0006623392,0.0007301901,0.0007962127,0.0008597284,0.0009211624,0.0009798198,0.001036149,0.001089439,0.001140151,0.001187544,0.001232089,0.001272998,0.001310742,0.001344481,0.001374661,0.001400371,0.001422034,0.00143864,0.001450569,0.001456718,0.00145741,0.001451426,0.001439062,0.001418993,0.001391508,0.001355229,0.001310498,0.001255947,0.00119211,0.001117745,0.001033716,0.0009390333,0.0008350554,0.0007211981,0.0005993822,0.0004696043,0.0003342794,0.000193609,5.101667e-05,-9.358487e-05,-0.0002355112,-0.000379201,-0.0005154117,-0.0006437595,-0.0007702312,-0.0008867732,-0.0009958803,-0.001095256
-0.0009671468,-0.001033316,-0.001091266,-0.001142876,-0.001186714,-0.001224614,-0.001254968,-0.001279604,-0.001297838,-0.001310026,-0.001316056,-0.001316737,-0.001311608,-0.001301536,-0.001286152,-0.001266317,-0.00124175,-0.00121327,-0.001180666,-0.001144703,-0.001105206,-0.001062877,-0.001017555,-0.0009698815,-0.0009196961,-0.0008675804,-0.0008133763,-0.0007576109,-0.00070014,-0.0006414452,-0.0005813936,-0.0005204362,-0.0004584542,-0.0003958718,-0.0003325955,-0.0002690235,-0.0002050794,-0.0001411408,-7.714602e-05,-1.345073e-05,4.998673e-05,0.0001128357,0.0001751281,0.0002365582,0.0002971497,0.0003566245,0.0004149967,0.0004720157,0.0005276898,0.0005817955,0.00063433,0.0006850961,0.0007340802,0.0007811049,0.0008261405,0.0008690282,0.00090971,0.0009480386,0.000983928,0.001017229,0.001047811,0.001075523,0.00110017,0.001121584,0.001139507,0.001153732,0.001163916,0.001169823,0.001171008,0.001167198,0.00115786,0.001142693,0.001121082,0.001092761,0.001057079,0.001013863,0.0009625157,0.0009030693,0.000835063,0.000758908,0.0006744146,0.000582436,0.0004831791,0.0003779363,0.0002673633,0.0001533952,3.645915e-05,-8.08028e-05,-0.0001989039,-0.0003110418,-0.0004227343,-0.0005322958,-0.0006313832,-0.0007264178,-0.0008134554,-0.0008945589
-0.0007744528,-0.000825764,-0.000871698,-0.000911306,-0.0009457307,-0.0009741642,-0.0009978922,-0.001016084,-0.001029247,-0.001037802,-0.001041687,-0.001041023,-0.001036102,-0.001027029,-0.001014096,-0.0009974628,-0.0009773889,-0.0009541127,-0.0009278371,-0.0008988465,-0.0008672899,-0.0008334688,-0.0007974784,-0.0007596251,-0.0007199472,-0.0006787613,-0.0006360532,-0.0005921457,-0.000546985,-0.0005009014,-0.0004538069,-0.0004060529,-0.0003575218,-0.0003085819,-0.0002590956,-0.0002094459,-0.0001594735,-0.0001095831,-5.959313e-05,-9.922877e-06,3.962816e-05,8.862845e-05,0.0001373013,0.0001852017,0.0002325776,0.0002789761,0.0003246684,0.0003691916,0.0004128419,0.0004551464,0.000496423,0.0005361887,0.0005747826,0.0006117036,0.0006473094,0.0006810811,0.0007133865,0.0007436807,0.0007723411,0.0007987838,0.0008233875,0.0008455282,0.0008655709,0.0008828356,0.0008976752,0.0009093356,0.0009181459,0.0009232795,0.0009250288,0.0009224819,0.0009159179,0.0009043396,0.0008880254,0.0008659305,0.000838372,0.0008042962,0.0007641588,0.0007169735,0.0006634298,0.0006026941,0.0005358073,0.0004621962,0.0003833006,0.0002989478,0.0002109208,0.0001191586,2.62328e-05,-6.819728e-05,-0.0001605007,-0.0002546693,-0.0003430193,-0.0004259321,-0.0005081291,-0.0005831245,-0.0006532066,-0.0007164641
-0.000606608,-0.0006467527,-0.000681415,-0.0007121461,-0.0007377582,-0.0007597618,-0.0007768109,-0.0007904341,-0.0008000432,-0.0008059252,-0.0008079896,-0.0008068778,-0.0008021997,-0.0007946334,-0.0007838463,-0.0007705,-0.0007543221,-0.0007359268,-0.0007150935,-0.0006923853,-0.0006676089,-0.0006412755,-0.0006132075,-0.0005838643,-0.0005530756,-0.0005212562,-0.0004882405,-0.0004544023,-0.0004195919,-0.0003841471,-0.0003479313,-0.0003112572,-0.0002740016,-0.0002364549,-0.0001985159,-0.0001604531,-0.0001221803,-8.394843e-05,-4.56847e-05,-7.621545e-06,3.029584e-05,6.785535e-05,0.0001051014,0.0001418414,0.0001781098,0.0002137354,0.0002487412,0.0002829767,0.0003164565,0.00034905,0.000380759,0.0004114726,0.0004411804,0.0004697866,0.0004972651,0.0005235345,0.000548544,0.0005722231,0.0005944973,0.0006152971,0.0006345141,0.0006520803,0.0006678394,0.0006817165,0.0006935078,0.0007031172,0.000710278,0.0007148809,0.0007165835,0.0007152585,0.0007104978,0.0007021567,0.0006897649,0.0006732068,0.000651974,0.0006260199,0.0005948545,0.0005585726,0.0005167557,0.0004697633,0.0004173366,0.000360138,0.0002981588,0.0002323536,0.0001630156,9.156782e-05,1.806142e-05,-5.55281e-05,-0.0001299369,-0.0001996173,-0.0002697423,-0.0003387097,-0.0003999913,-0.0004589886,-0.0005125574,-0.0005624596
-0.0004648124,-0.0004945018,-0.00052099,-0.0005434797,-0.0005629116,-0.0005785925,-0.0005915752,-0.0006011377,-0.0006077472,-0.0006116517,-0.0006128409,-0.0006113561,-0.0006074489,-0.0006011325,-0.0005926504,-0.0005820498,-0.0005695408,-0.0005552239,-0.0005392607,-0.0005217856,-0.0005029155,-0.0004828004,-0.000461516,-0.0004392193,-0.0004159448,-0.0003918614,-0.0003669648,-0.0003414332,-0.0003152331,-0.0002885514,-0.0002613294,-0.0002337721,-0.0002057973,-0.0001776253,-0.0001491572,-0.0001206258,-9.191526e-05,-6.327595e-05,-3.457419e-05,-6.072917e-06,2.237651e-05,5.050005e-05,7.846375e-05,0.000105981,0.0001332362,0.0001599341,0.0001862763,0.000211957,0.0002371959,0.0002616768,0.0002856351,0.000308744,0.0003312547,0.0003528243,0.0003737181,0.0003935779,0.0004126772,0.0004306374,0.000447741,0.0004635796,0.0004784402,0.0004918849,0.0005041948,0.0005148925,0.0005242556,0.0005317541,0.0005376557,0.0005413796,0.0005431732,0.0005423967,0.0005392942,0.000533163,0.0005242525,0.000511821,0.0004961453,0.0004764673,0.0004531583,0.0004254876,0.0003939829,0.0003579928,0.0003182781,0.0002743374,0.0002271931,0.0001765973,0.0001237912,6.856909e-05,1.274976e-05,-4.412521e-05,-9.939946e-05,-0.0001564,-0.0002091632,-0.0002584456,-0.0003077669,-0.0003522193,-0.0003937471,-0.0004308484
-0.0003462356,-0.0003685322,-0.0003874629,-0.0004042432,-0.0004179211,-0.0004296738,-0.0004384136,-0.000445347,-0.0004499872,-0.0004525332,-0.0004529119,-0.0004515961,-0.000448265,-0.0004434148,-0.0004367619,-0.0004287827,-0.0004192358,-0.0004085545,-0.0003965366,-0.000383573,-0.0003694841,-0.0003546212,-0.0003388206,-0.0003223952,-0.0003051921,-0.0002874912,-0.0002691478,-0.0002504126,-0.0002311562,-0.0002116026,-0.0001916354,-0.0001714589,-0.000150969,-0.0001303526,-0.0001095234,-8.865092e-05,-6.766189e-05,-4.671116e-05,-2.573722e-05,-4.88024e-06,1.590626e-05,3.649787e-05,5.693121e-05,7.709685e-05,9.702154e-05,0.0001166117,0.0001358831,0.0001547573,0.0001732414,0.0001912716,0.0002088427,0.000225906,0.0002424447,0.0002584218,0.000273807,0.000288575,0.0003026758,0.0003160943,0.000328762,0.0003406676,0.0003517181,0.0003619068,0.000371107,0.0003793127,0.000386364,0.0003922459,0.000396756,0.0003998769,0.0004013538,0.0004011648,0.0003990089,0.000394858,0.0003883656,0.0003795284,0.0003679661,0.000353724,0.0003364201,0.0003161918,0.0002926836,0.0002662079,0.0002364872,0.0002040268,0.0001686884,0.0001311523,9.1466e-05,5.063141e-05,8.458422e-06,-3.363967e-05,-7.649061e-05,-0.0001157447,-0.0001559656,-0.0001957637,-0.0002301839,-0.0002636229,-0.0002936651,-0.0003217443
-0.0002506266,-0.0002661179,-0.0002799391,-0.0002914727,-0.0003014225,-0.000309241,-0.0003157115,-0.0003202614,-0.000323264,-0.0003248398,-0.0003250025,-0.0003237399,-0.0003212455,-0.0003174802,-0.0003126278,-0.0003066697,-0.0002997628,-0.0002919235,-0.0002832724,-0.0002738507,-0.0002637463,-0.000253014,-0.0002417133,-0.0002299069,-0.0002176267,-0.000204947,-0.0001918734,-0.0001784897,-0.0001647816,-0.0001508412,-0.0001366367,-0.0001222744,-0.0001077059,-9.304923e-05,-7.824353e-05,-6.341674e-05,-4.849561e-05,-3.362124e-05,-1.870723e-05,-3.904621e-06,1.088402e-05,2.549868e-05,4.00491e-05,5.43651e-05,6.856924e-05,8.248373e-05,9.624295e-05,0.0001096602,0.0001228825,0.0001357139,0.0001483124,0.0001604735,0.0001723661,0.000183773,0.0001948739,0.0002054399,0.0002156571,0.0002252824,0.0002345097,0.0002430752,0.0002511785,0.0002585363,0.000265347,0.0002713019,0.0002766015,0.0002809026,0.0002844041,0.0002867306,0.0002880727,0.0002880169,0.0002867567,0.0002838371,0.0002794591,0.0002731392,0.0002650978,0.000254834,0.000242628,0.0002279843,0.000211279,0.0001920484,0.0001708104,0.0001471749,0.0001218153,9.448471e-05,6.59815e-05,3.605783e-05,5.901954e-06,-2.494116e-05,-5.467297e-05,-8.58218e-05,-0.0001141394,-0.0001404354,-0.0001671519,-0.0001908618,-0.0002130622,-0.0002326586
-0.0001746193,-0.0001856586,-0.0001948231,-0.0002030128,-0.0002094965,-0.0002151399,-0.0002191035,-0.0002222842,-0.0002242976,-0.0002252645,-0.0002251287,-0.0002242133,-0.0002222687,-0.0002196345,-0.0002160852,-0.0002119427,-0.0002070115,-0.0002015785,-0.0001954783,-0.0001889656,-0.000181894,-0.0001744902,-0.0001666223,-0.0001584907,-0.0001499751,-0.0001412529,-0.0001322133,-0.0001230134,-0.0001135561,-0.0001039796,-9.419846e-05,-8.433602e-05,-7.431715e-05,-6.425221e-05,-5.408001e-05,-4.389769e-05,-3.365464e-05,-2.34365e-05,-1.320229e-05,-3.026546e-06,7.119902e-06,1.717422e-05,2.715711e-05,3.701686e-05,4.676548e-05,5.636273e-05,6.581112e-05,7.508155e-05,8.416856e-05,9.305371e-05,0.0001017214,0.0001101643,0.000118357,0.0001263013,0.0001339616,0.0001413486,0.0001484123,0.0001551725,0.0001615658,0.0001676173,0.0001732469,0.0001784859,0.000183232,0.0001875214,0.0001912301,0.0001943935,0.0001968604,0.0001986703,0.0001996386,0.0001998082,0.000198964,0.0001971506,0.0001941217,0.0001899424,0.0001843397,0.0001774123,0.0001688749,0.0001588836,0.000147153,0.000133947,0.0001190062,0.000102707,8.485387e-05,6.591425e-05,4.579419e-05,2.51686e-05,3.729107e-06,-1.755669e-05,-3.949396e-05,-5.883053e-05,-7.932492e-05,-9.985304e-05,-0.0001168215,-0.0001336428,-0.0001485318,-0.0001625938
-0.0001169128,-0.0001239313,-0.0001302275,-0.0001353737,-0.0001398372,-0.0001432323,-0.0001460771,-0.0001479686,-0.0001491649,-0.0001497085,-0.0001496197,-0.0001488628,-0.0001475697,-0.0001456851,-0.0001433333,-0.000140471,-0.0001372039,-0.0001335106,-0.0001294732,-0.0001250868,-0.0001204127,-0.0001154565,-0.0001102622,-0.0001048422,-9.922397e-05,-9.342903e-05,-8.746891e-05,-8.137289e-05,-7.514014e-05,-6.880657e-05,-6.236043e-05,-5.584727e-05,-4.924477e-05,-4.260655e-05,-3.590199e-05,-2.919167e-05,-2.243681e-05,-1.570671e-05,-8.954073e-06,-2.255042e-06,4.445019e-06,1.10636e-05,1.766321e-05,2.415424e-05,3.060729e-05,3.692714e-05,4.319187e-05,4.929986e-05,5.533707e-05,6.119534e-05,6.696775e-05,7.253991e-05,7.801192e-05,8.326111e-05,8.839468e-05,9.328208e-05,9.803562e-05,0.0001025157,0.0001068403,0.0001108575,0.0001146903,0.0001181749,0.0001214362,0.0001242956,0.0001268812,0.0001289951,0.0001307677,0.0001319825,0.0001327682,0.0001328869,0.0001324722,0.0001312617,0.0001293965,0.0001265958,0.0001230135,0.0001183551,0.0001128086,0.0001060751,9.839591e-05,8.947816e-05,7.963958e-05,6.861561e-05,5.680495e-05,4.401237e-05,3.069828e-05,1.664772e-05,2.557142e-06,-1.193707e-05,-2.574152e-05,-4.056459e-05,-5.369676e-05,-6.578965e-05,-7.839001e-05,-8.934229e-05,-9.966255e-05,-0.0001086337
-7.403585e-05,-7.86919e-05,-8.241961e-05,-8.583721e-05,-8.842105e-05,-9.076123e-05,-9.225641e-05,-9.352338e-05,-9.427958e-05,-9.459069e-05,-9.441668e-05,-9.39598e-05,-9.30417e-05,-9.187714e-05,-9.030301e-05,-8.852091e-05,-8.63883e-05,-8.408145e-05,-8.147987e-05,-7.87375e-05,-7.574879e-05,-7.264916e-05,-6.93453e-05,-6.595558e-05,-6.239704e-05,-5.877295e-05,-5.500903e-05,-5.119531e-05,-4.726822e-05,-4.330536e-05,-3.925227e-05,-3.517604e-05,-3.103035e-05,-2.687307e-05,-2.266786e-05,-1.846333e-05,-1.423105e-05,-1.001118e-05,-5.782616e-06,-1.577641e-06,2.616329e-06,6.775171e-06,1.090487e-05,1.498917e-05,1.902724e-05,2.301064e-05,2.693134e-05,3.07886e-05,3.456807e-05,3.827647e-05,4.189189e-05,4.542874e-05,4.885791e-05,5.220071e-05,5.542045e-05,5.854528e-05,6.152887e-05,6.440657e-05,6.712303e-05,6.971909e-05,7.212867e-05,7.439877e-05,7.644969e-05,7.833457e-05,7.996041e-05,8.138371e-05,8.249537e-05,8.335813e-05,8.384349e-05,8.402074e-05,8.374259e-05,8.308399e-05,8.187778e-05,8.021465e-05,7.790843e-05,7.507204e-05,7.150471e-05,6.735291e-05,6.240413e-05,5.686625e-05,5.052544e-05,4.364916e-05,3.604309e-05,2.801378e-05,1.941429e-05,1.067519e-05,1.47671e-06,-7.553649e-06,-1.70995e-05,-2.489564e-05,-3.375898e-05,-4.285028e-05,-4.975266e-05,-5.691458e-05,-6.309374e-05,-6.908127e-05
-4.412251e-05,-4.669874e-05,-4.904577e-05,-5.09098e-05,-5.255575e-05,-5.375177e-05,-5.479133e-05,-5.54325e-05,-5.582509e-05,-5.597578e-05,-5.590084e-05,-5.556515e-05,-5.504581e-05,-5.42964e-05,-5.338942e-05,-5.228471e-05,-5.104424e-05,-4.963998e-05,-4.812079e-05,-4.646831e-05,-4.47203e-05,-4.286505e-05,-4.09311e-05,-3.891163e-05,-3.682662e-05,-3.4675e-05,-3.246856e-05,-3.021118e-05,-2.790802e-05,-2.556725e-05,-2.318814e-05,-2.078441e-05,-1.834958e-05,-1.590205e-05,-1.34306e-05,-1.095773e-05,-8.467664e-06,-5.987821e-06,-3.497695e-06,-1.028699e-06,1.443875e-06,3.884827e-06,6.323175e-06,8.719596e-06,1.11075e-05,1.344415e-05,1.576709e-05,1.802976e-05,2.0274e-05,2.24494e-05,2.460175e-05,2.667699e-05,2.872485e-05,3.068662e-05,3.261612e-05,3.445027e-05,3.62461e-05,3.79357e-05,3.957962e-05,4.110361e-05,4.257172e-05,4.390367e-05,4.516559e-05,4.626989e-05,4.728571e-05,4.811607e-05,4.883285e-05,4.933e-05,4.968057e-05,4.976802e-05,4.966961e-05,4.925675e-05,4.861216e-05,4.759718e-05,4.630202e-05,4.45793e-05,4.253618e-05,4.001935e-05,3.716118e-05,3.380486e-05,3.011771e-05,2.594917e-05,2.150178e-05,1.665187e-05,1.162643e-05,6.28096e-06,9.656036e-07,-4.553331e-06,-9.70583e-06,-1.547993e-05,-2.038482e-05,-2.48333e-05,-2.96917e-05,-3.378217e-05,-3.768959e-05,-4.101013e-05
-2.401322e-05,-2.555229e-05,-2.669599e-05,-2.782004e-05,-2.859377e-05,-2.937341e-05,-2.97806e-05,-3.018947e-05,-3.041782e-05,-3.049784e-05,-3.040413e-05,-3.024867e-05,-2.992032e-05,-2.953998e-05,-2.900521e-05,-2.842863e-05,-2.772063e-05,-2.697792e-05,-2.612521e-05,-2.524554e-05,-2.427389e-05,-2.328234e-05,-2.221441e-05,-2.113241e-05,-1.998729e-05,-1.883238e-05,-1.762508e-05,-1.641091e-05,-1.51544e-05,-1.389372e-05,-1.259953e-05,-1.130334e-05,-9.981348e-06,-8.659262e-06,-7.319533e-06,-5.982163e-06,-4.63474e-06,-3.29178e-06,-1.945755e-06,-6.062186e-07,7.28988e-07,2.055364e-06,3.370642e-06,4.675305e-06,5.96251e-06,7.237521e-06,8.488782e-06,9.72637e-06,1.093445e-05,1.212778e-05,1.328569e-05,1.442772e-05,1.552854e-05,1.661232e-05,1.764887e-05,1.86669e-05,1.963053e-05,2.057335e-05,2.145406e-05,2.231061e-05,2.309547e-05,2.385127e-05,2.45231e-05,2.515864e-05,2.569562e-05,2.618581e-05,2.655825e-05,2.687028e-05,2.704091e-05,2.713357e-05,2.705683e-05,2.688e-05,2.650032e-05,2.599758e-05,2.525739e-05,2.437284e-05,2.321764e-05,2.190292e-05,2.028961e-05,1.852028e-05,1.644566e-05,1.423617e-05,1.174257e-05,9.147597e-06,6.319414e-06,3.507333e-06,4.614455e-07,-2.449313e-06,-5.710905e-06,-7.930322e-06,-1.092774e-05,-1.415549e-05,-1.618504e-05,-1.854936e-05,-2.04791e-05,-2.24731e-05
-1.174837e-05,-1.241122e-05,-1.303928e-05,-1.351293e-05,-1.395157e-05,-1.424465e-05,-1.452494e-05,-1.467704e-05,-1.476924e-05,-1.479852e-05,-1.477379e-05,-1.467267e-05,-1.453128e-05,-1.432243e-05,-1.407998e-05,-1.377953e-05,-1.345021e-05,-1.307307e-05,-1.267155e-05,-1.223117e-05,-1.177069e-05,-1.127891e-05,-1.077072e-05,-1.023747e-05,-9.69052e-06,-9.124035e-06,-8.546011e-06,-7.953048e-06,-7.350265e-06,-6.736407e-06,-6.114051e-06,-5.484443e-06,-4.847701e-06,-4.207206e-06,-3.560895e-06,-2.914077e-06,-2.262665e-06,-1.614141e-06,-9.623709e-07,-3.166506e-07,3.310659e-07,9.697211e-07,1.609232e-06,2.23667e-06,2.863856e-06,3.476249e-06,4.087495e-06,4.681297e-06,5.273145e-06,5.84499e-06,6.414103e-06,6.960734e-06,7.503917e-06,8.021899e-06,8.535541e-06,9.021183e-06,9.501312e-06,9.95017e-06,1.039197e-05,1.079839e-05,1.119545e-05,1.155238e-05,1.189659e-05,1.219441e-05,1.2475e-05,1.270118e-05,1.290389e-05,1.304241e-05,1.314905e-05,1.317904e-05,1.316714e-05,1.306395e-05,1.290716e-05,1.264302e-05,1.231278e-05,1.185845e-05,1.132801e-05,1.065961e-05,9.910719e-06,9.015214e-06,8.043058e-06,6.927246e-06,5.749399e-06,4.449826e-06,3.116815e-06,1.677432e-06,2.714577e-07,-1.215609e-06,-2.547922e-06,-4.181626e-06,-5.455886e-06,-6.569753e-06,-7.923746e-06,-8.995632e-06,-1.005197e-05,-1.09116e-05
-4.810964e-06,-5.146321e-06,-5.347354e-06,-5.593788e-06,-5.722845e-06,-5.904039e-06,-5.952138e-06,-6.045375e-06,-6.09266e-06,-6.107403e-06,-6.076845e-06,-6.050523e-06,-5.974608e-06,-5.90354e-06,-5.787453e-06,-5.676766e-06,-5.527917e-06,-5.383595e-06,-5.207441e-06,-5.035562e-06,-4.836966e-06,-4.642603e-06,-4.425945e-06,-4.213451e-06,-3.982537e-06,-3.755411e-06,-3.513001e-06,-3.273796e-06,-3.02235e-06,-2.77371e-06,-2.515551e-06,-2.25962e-06,-1.996469e-06,-1.734975e-06,-1.468751e-06,-1.203905e-06,-9.366357e-07,-6.702891e-07,-4.03562e-07,-1.373511e-07,1.270086e-07,3.91086e-07,6.512756e-07,9.116195e-07,1.166172e-06,1.42129e-06,1.66866e-06,1.917011e-06,2.15582e-06,2.39614e-06,2.625043e-06,2.855928e-06,3.073547e-06,3.293677e-06,3.498655e-06,3.706585e-06,3.897131e-06,4.090912e-06,4.265014e-06,4.442516e-06,4.597592e-06,4.755886e-06,4.888357e-06,5.023497e-06,5.128948e-06,5.235905e-06,5.308186e-06,5.380242e-06,5.411697e-06,5.440632e-06,5.421975e-06,5.397515e-06,5.31699e-06,5.227549e-06,5.073371e-06,4.907959e-06,4.668796e-06,4.41733e-06,4.083096e-06,3.74065e-06,3.31149e-06,2.880813e-06,2.366166e-06,1.854877e-06,1.268797e-06,7.242683e-07,8.221006e-08,-4.831251e-07,-1.22997e-06,-1.487421e-06,-2.157964e-06,-2.965879e-06,-3.24879e-06,-3.75066e-06,-4.09733e-06,-4.534225e-06
-1.547765e-06,-1.628558e-06,-1.715499e-06,-1.772174e-06,-1.83351e-06,-1.865545e-06,-1.907407e-06,-1.92352e-06,-1.933951e-06,-1.936582e-06,-1.934301e-06,-1.91883e-06,-1.901184e-06,-1.871793e-06,-1.840956e-06,-1.799924e-06,-1.757635e-06,-1.706946e-06,-1.65518e-06,-1.596544e-06,-1.53708e-06,-1.472016e-06,-1.406331e-06,-1.336097e-06,-1.265335e-06,-1.190976e-06,-1.116152e-06,-1.038547e-06,-9.604763e-07,-8.803009e-07,-7.996211e-07,-7.175227e-07,-6.349246e-07,-5.515378e-07,-4.67634e-07,-3.835034e-07,-2.988379e-07,-2.145494e-07,-1.297518e-07,-4.589004e-08,3.848607e-08,1.214067e-07,2.048484e-07,2.862969e-07,3.68266e-07,4.477549e-07,5.278032e-07,6.048938e-07,6.825822e-07,7.568401e-07,8.317437e-07,9.027612e-07,9.744798e-07,1.041808e-06,1.109865e-06,1.173021e-06,1.236914e-06,1.295327e-06,1.354427e-06,1.407337e-06,1.460794e-06,1.507269e-06,1.554026e-06,1.592788e-06,1.631419e-06,1.660787e-06,1.689412e-06,1.707265e-06,1.723474e-06,1.726991e-06,1.727786e-06,1.713679e-06,1.695608e-06,1.660165e-06,1.619394e-06,1.558585e-06,1.491535e-06,1.402146e-06,1.30655e-06,1.186738e-06,1.061709e-06,9.123239e-07,7.59956e-07,5.864669e-07,4.140492e-07,2.197503e-07,3.988561e-08,-1.608095e-07,-3.189345e-07,-5.715207e-07,-7.257595e-07,-8.426097e-07,-1.045172e-06,-1.180407e-06,-1.327003e-06,-1.432187e-06
-2.976031e-07,-3.285761e-07,-3.322072e-07,-3.558935e-07,-3.559721e-07,-3.770037e-07,-3.69528e-07,-3.803682e-07,-3.848581e-07,-3.863379e-07,-3.813016e-07,-3.821699e-07,-3.746801e-07,-3.726563e-07,-3.628463e-07,-3.580115e-07,-3.465919e-07,-3.392944e-07,-3.265174e-07,-3.172248e-07,-3.03304e-07,-2.923683e-07,-2.775423e-07,-2.652807e-07,-2.498089e-07,-2.364611e-07,-2.204568e-07,-2.061508e-07,-1.897493e-07,-1.747079e-07,-1.580876e-07,-1.424526e-07,-1.256594e-07,-1.094993e-07,-9.264672e-08,-7.615536e-08,-5.940286e-08,-4.269124e-08,-2.608419e-08,-9.223733e-09,7.119169e-09,2.396219e-08,3.991053e-08,5.665019e-08,7.214501e-08,8.869816e-08,1.036314e-07,1.198863e-07,1.341762e-07,1.500706e-07,1.636354e-07,1.790695e-07,1.918115e-07,2.067163e-07,2.185693e-07,2.328647e-07,2.436914e-07,2.572361e-07,2.669057e-07,2.795969e-07,2.879559e-07,2.996072e-07,3.063955e-07,3.167626e-07,3.217065e-07,3.304969e-07,3.331705e-07,3.399463e-07,3.398465e-07,3.441555e-07,3.406993e-07,3.418841e-07,3.341982e-07,3.315166e-07,3.188669e-07,3.118045e-07,2.934395e-07,2.813347e-07,2.562269e-07,2.388512e-07,2.073503e-07,1.848735e-07,1.4792e-07,1.196513e-07,7.706504e-08,5.056176e-08,3.96277e-10,-2.755802e-08,-1.05563e-07,-5.621655e-08,-1.215677e-07,-2.267489e-07,-2.013488e-07,-2.424468e-07,-2.503347e-07,-2.908608e-07
-1.906001e-08,-2.034451e-08,-2.116437e-08,-2.209962e-08,-2.262992e-08,-2.33016e-08,-2.352034e-08,-2.385347e-08,-2.403449e-08,-2.407813e-08,-2.396082e-08,-2.38371e-08,-2.35422e-08,-2.32438e-08,-2.279169e-08,-2.233982e-08,-2.175919e-08,-2.117787e-08,-2.049036e-08,-1.980335e-08,-1.902831e-08,-1.825536e-08,-1.741001e-08,-1.656794e-08,-1.566703e-08,-1.476937e-08,-1.382369e-08,-1.28803e-08,-1.189934e-08,-1.092022e-08,-9.912816e-09,-8.90617e-09,-7.879029e-09,-6.851481e-09,-5.811923e-09,-4.771793e-09,-3.727499e-09,-2.681875e-09,-1.639012e-09,-5.941534e-10,4.403507e-10,1.476908e-09,2.496203e-09,3.518328e-09,4.516762e-09,5.518773e-09,6.490503e-09,7.466548e-09,8.406293e-09,9.351519e-09,1.025413e-08,1.116316e-08,1.202336e-08,1.289105e-08,1.370352e-08,1.452421e-08,1.5282e-08,1.604806e-08,1.674324e-08,1.744613e-08,1.806844e-08,1.869653e-08,1.923183e-08,1.976932e-08,2.02e-08,2.062673e-08,2.092832e-08,2.121743e-08,2.135935e-08,2.147764e-08,2.14227e-08,2.132894e-08,2.103031e-08,2.067782e-08,2.008806e-08,1.943186e-08,1.850542e-08,1.75046e-08,1.620169e-08,1.483525e-08,1.31552e-08,1.143334e-08,9.412548e-09,7.368816e-09,5.064845e-09,2.876426e-09,3.621431e-10,-1.912035e-09,-4.77563e-09,-6.034097e-09,-8.5377e-09,-1.164511e-08,-1.289576e-08,-1.48376e-08,-1.625149e-08,-1.793271e-08
0,0,0,0,0,0,0,0,0,0,0,0,0,0,0,0,0,0,0,0,0,0,0,0,0,0,0,0,0,0,0,0,0,0,0,0,0,0,0,0,0,0,0,0,0,0,0,0,0,0,0,0,0,0,0,0,0,0,0,0,0,0,0,0,0,0,0,0,0,0,0,0,0,0,0,0,0,0,0,0,0,0,0,0,0,0,0,0,0,0,0,0,0,0,0,0
