NaN,NaN,NaN,NaN,NaN,NaN,NaN,NaN,NaN,NaN,NaN,NaN,NaN,NaN,NaN,0,0,0,0,0,0,0,0,0,0,0,0,0,0,0,0,0,0,0,0,0,0,0,0,0,0,0,0,0,0,0,0,0,0,0,0,0,0,0,0,0,0,0,0,0,0,0,0,0,0,0,0,0,0,0,0,0,0,0,0,0,0,0,0,0,0,0,NaN,NaN,NaN,NaN,NaN,NaN,NaN,NaN,NaN,NaN,NaN,NaN,NaN,NaN
NaN,NaN,NaN,NaN,NaN,NaN,NaN,NaN,NaN,NaN,NaN,NaN,NaN,NaN,NaN,2.742163e-06,2.814627e-06,2.879841e-06,2.882396e-06,2.840236e-06,2.694727e-06,2.484133e-06,2.160708e-06,1.765758e-06,1.255179e-06,6.728044e-07,-1.963086e-08,-7.738164e-07,-1.620999e-06,-2.508079e-06,-3.459495e-06,-4.418121e-06,-5.40271e-06,-6.35368e-06,-7.285932e-06,-8.139545e-06,-8.92782e-06,-9.592923e-06,-1.014905e-05,-1.054301e-05,-1.079233e-05,-1.085069e-05,-1.074089e-05,-1.042518e-05,-9.933054e-06,-9.236384e-06,-8.371914e-06,-7.321295e-06,-6.128187e-06,-4.78331e-06,-3.336165e-06,-1.785102e-06,-1.835896e-07,1.46452e-06,3.104137e-06,4.728326e-06,6.282969e-06,7.76068e-06,9.111053e-06,1.032877e-05,1.13695e-05,1.223205e-05,1.288016e-05,1.331832e-05,1.351978e-05,1.349565e-05,1.322936e-05,1.273883e-05,1.201791e-05,1.109118e-05,9.963034e-06,8.664884e-06,7.213201e-06,5.649102e-06,4.007437e-06,2.348551e-06,7.387605e-07,-7.350413e-07,-1.997619e-06,-3.025123e-06,-3.966758e-06,-4.861893e-06,NaN,NaN,NaN,NaN,NaN,NaN,NaN,NaN,NaN,NaN,NaN,NaN,NaN,NaN
NaN,NaN,NaN,NaN,NaN,NaN,NaN,NaN,NaN,NaN,NaN,NaN,NaN,NaN,NaN,1.004324e-05,1.038001e-05,1.055868e-05,1.064652e-05,1.042399e-05,9.951565e-06,9.089293e-06,7.945565e-06,6.393778e-06,4.550674e-06,2.30196e-06,-2.182249e-07,-3.103614e-06,-6.198182e-06,-9.573618e-06,-1.305295e-05,-1.668858e-05,-2.028693e-05,-2.388679e-05,-2.728486e-05,-3.051421e-05,-3.337041e-05,-3.588991e-05,-3.787651e-05,-3.937936e-05,-4.021943e-05,-4.046685e-05,-3.996724e-05,-3.881808e-05,-3.689475e-05,-3.432573e-05,-3.10183e-05,-2.71325e-05,-2.260638e-05,-1.762879e-05,-1.216431e-05,-6.425e-06,-3.951934e-07,5.697654e-06,1.185813e-05,1.785276e-05,2.368482e-05,2.912474e-05,3.418426e-05,3.864709e-05,4.254226e-05,4.567481e-05,4.809812e-05,4.964459e-05,5.039682e-05,5.021826e-05,4.922314e-05,4.730716e-05,4.461631e-05,4.107822e-05,3.687065e-05,3.19549e-05,2.654587e-05,2.065085e-05,1.454549e-05,8.322392e-06,2.369867e-06,-3.099723e-06,-7.685473e-06,-1.150305e-05,-1.486668e-05,-1.826422e-05,NaN,NaN,NaN,NaN,NaN,NaN,NaN,NaN,NaN,NaN,NaN,NaN,NaN,NaN
NaN,NaN,NaN,NaN,NaN,NaN,NaN,NaN,NaN,NaN,NaN,NaN,NaN,NaN,NaN,1.997715e-05,2.065215e-05,2.104006e-05,2.123007e-05,2.078989e-05,1.981049e-05,1.804608e-05,1.569284e-05,1.252963e-05,8.766831e-06,4.204239e-06,-9.132745e-07,-6.746377e-06,-1.300543e-05,-1.98081e-05,-2.682172e-05,-3.412656e-05,-4.135579e-05,-4.856398e-05,-5.536404e-05,-6.180078e-05,-6.748434e-05,-7.246817e-05,-7.637838e-05,-7.929581e-05,-8.088053e-05,-8.125738e-05,-8.013529e-05,-7.769574e-05,-7.370656e-05,-6.841316e-05,-6.164639e-05,-5.371637e-05,-4.451446e-05,-3.440977e-05,-2.334542e-05,-1.173814e-05,4.310459e-07,1.271375e-05,2.510872e-05,3.715479e-05,4.885016e-05,5.974085e-05,6.984426e-05,7.87325e-05,8.64599e-05,9.26406e-05,9.737996e-05,0.0001003462,0.0001017054,0.0001011869,9.902242e-05,9.50045e-05,8.943061e-05,8.215586e-05,7.354385e-05,6.351586e-05,5.251362e-05,4.055154e-05,2.820179e-05,1.565891e-05,3.742288e-06,-7.095688e-06,-1.600992e-05,-2.327445e-05,-2.971653e-05,-3.636319e-05,NaN,NaN,NaN,NaN,NaN,NaN,NaN,NaN,NaN,NaN,NaN,NaN,NaN,NaN
NaN,NaN,NaN,NaN,NaN,NaN,NaN,NaN,NaN,NaN,NaN,NaN,NaN,NaN,NaN,3.015293e-05,3.120343e-05,3.185719e-05,3.221681e-05,3.154061e-05,2.997645e-05,2.714543e-05,2.339105e-05,1.836809e-05,1.242938e-05,5.254966e-06,-2.755039e-06,-1.18602e-05,-2.159394e-05,-3.214845e-05,-4.299312e-05,-5.426155e-05,-6.537316e-05,-7.642144e-05,-8.679787e-05,-9.658069e-05,-0.0001051607,-0.0001126294,-0.000118406,-0.0001226243,-0.0001247595,-0.0001250129,-0.0001229384,-0.0001188241,-0.0001123175,-0.0001038043,-9.30312e-05,-8.048194e-05,-6.599837e-05,-5.015263e-05,-3.286748e-05,-1.478525e-05,4.112256e-06,2.313748e-05,4.227721e-05,6.082822e-05,7.877657e-05,9.543439e-05,0.0001108174,0.0001242821,0.0001359009,0.0001450995,0.0001520283,0.0001562,0.0001578578,0.0001566119,0.0001528049,0.0001461476,0.0001370818,0.0001254178,0.0001116971,9.583717e-05,7.850054e-05,5.976023e-05,4.049357e-05,2.108828e-05,2.853175e-06,-1.335755e-05,-2.621482e-05,-3.628896e-05,-4.527699e-05,-5.507271e-05,NaN,NaN,NaN,NaN,NaN,NaN,NaN,NaN,NaN,NaN,NaN,NaN,NaN,NaN
NaN,NaN,NaN,NaN,NaN,NaN,NaN,NaN,NaN,NaN,NaN,NaN,NaN,NaN,NaN,3.876713e-05,4.021562e-05,4.12363e-05,4.188947e-05,4.098889e-05,3.876596e-05,3.470684e-05,2.937738e-05,2.229604e-05,1.401566e-05,4.06695e-06,-6.943687e-06,-1.941094e-05,-3.264068e-05,-4.693986e-05,-6.152898e-05,-7.663955e-05,-9.142653e-05,-0.0001060718,-0.0001196953,-0.0001324637,-0.000143499,-0.0001529914,-0.0001601043,-0.0001650901,-0.0001671903,-0.0001667529,-0.0001631271,-0.0001567813,-0.0001471916,-0.0001349596,-0.0001196943,-0.00010213,-8.200116e-05,-6.01606e-05,-3.644769e-05,-1.180778e-05,1.384529e-05,3.950839e-05,6.523143e-05,8.999385e-05,0.0001138509,0.0001358064,0.0001559618,0.0001733844,0.0001882577,0.0001997445,0.0002081387,0.0002127217,0.0002139159,0.0002111343,0.0002049357,0.0001948675,0.0001816237,0.0001648845,0.0001454812,0.0001232394,9.916428e-05,7.330824e-05,4.700821e-05,2.081547e-05,-3.222355e-06,-2.378102e-05,-3.880878e-05,-4.949279e-05,-5.919837e-05,-7.114137e-05,NaN,NaN,NaN,NaN,NaN,NaN,NaN,NaN,NaN,NaN,NaN,NaN,NaN,NaN
NaN,NaN,NaN,NaN,NaN,NaN,NaN,NaN,NaN,NaN,NaN,NaN,NaN,NaN,NaN,4.513388e-05,4.696798e-05,4.865128e-05,4.980538e-05,4.876244e-05,4.560921e-05,3.996386e-05,3.250896e-05,2.28704e-05,1.165023e-05,-1.557152e-06,-1.610792e-05,-3.232489e-05,-4.946036e-05,-6.77291e-05,-8.62806e-05,-0.0001052379,-0.0001236749,-0.0001416581,-0.0001582268,-0.000173436,-0.0001863387,-0.0001970284,-0.0002046215,-0.0002092984,-0.0002102849,-0.0002078894,-0.0002014821,-0.0001915285,-0.0001775646,-0.0001602259,-0.0001392193,-0.0001153461,-8.847073e-05,-5.953906e-05,-2.854413e-05,3.459816e-06,3.639267e-05,6.9138e-05,0.0001015788,0.0001325891,0.0001620689,0.0001889361,0.0002131591,0.0002337486,0.0002507859,0.0002634135,0.0002718589,0.0002754236,0.0002745017,0.0002685673,0.0002581877,0.0002430106,0.0002237738,0.0002002956,0.0001734887,0.0001433658,0.0001110781,7.697247e-05,4.271054e-05,9.452883e-06,-1.99458e-05,-4.29907e-05,-5.687618e-05,-6.379385e-05,-7.068219e-05,-8.297899e-05,NaN,NaN,NaN,NaN,NaN,NaN,NaN,NaN,NaN,NaN,NaN,NaN,NaN,NaN
NaN,NaN,NaN,NaN,NaN,NaN,NaN,NaN,NaN,NaN,NaN,NaN,NaN,NaN,NaN,4.910146e-05,5.161158e-05,5.455383e-05,5.689024e-05,5.562452e-05,5.093334e-05,4.244418e-05,3.144283e-05,1.747739e-05,1.589534e-06,-1.681783e-05,-3.670149e-05,-5.858001e-05,-8.128829e-05,-0.0001052161,-0.0001290741,-0.0001531463,-0.0001760592,-0.0001980415,-0.0002176921,-0.0002352464,-0.000249341,-0.0002602835,-0.0002668124,-0.0002693692,-0.0002668506,-0.0002598813,-0.000247558,-0.0002307204,-0.0002086859,-0.0001825196,-0.0001517588,-0.0001176809,-8.001905e-05,-4.022803e-05,1.807903e-06,4.450917e-05,8.789959e-05,0.0001303396,0.0001718301,0.0002107425,0.0002471255,0.000279431,0.000307822,0.0003308919,0.0003489727,0.0003608461,0.0003670512,0.0003665875,0.0003602219,0.0003471824,0.0003284659,0.0003035249,0.0002735785,0.0002382988,0.0001991375,0.0001560327,0.0001107873,6.38635e-05,1.79221e-05,-2.514687e-05,-6.050806e-05,-8.378969e-05,-9.028008e-05,-8.467811e-05,-8.146364e-05,-9.109596e-05,NaN,NaN,NaN,NaN,NaN,NaN,NaN,NaN,NaN,NaN,NaN,NaN,NaN,NaN
NaN,NaN,NaN,NaN,NaN,NaN,NaN,NaN,NaN,NaN,NaN,NaN,NaN,NaN,4.906127e-05,5.162835e-05,5.53295e-05,6.135616e-05,6.618623e-05,6.452609e-05,5.615969e-05,4.16376e-05,2.287154e-05,1.147921e-08,-2.568704e-05,-5.447998e-05,-8.520755e-05,-0.0001180613,-0.0001517321,-0.0001862458,-0.0002201367,-0.0002533034,-0.0002841908,-0.0003126528,-0.0003371354,-0.0003575429,-0.0003724195,-0.0003818157,-0.0003844654,-0.0003806505,-0.0003693698,-0.0003511996,-0.0003254529,-0.0002930338,-0.0002535865,-0.0002083434,-0.0001572638,-0.0001018743,-4.239945e-05,1.940393e-05,8.312425e-05,0.0001468631,0.0002101175,0.0002709498,0.0003288717,0.0003820126,0.0004300037,0.0004711418,0.0005052702,0.0005309365,0.0005482679,0.0005561214,0.0005549528,0.0005439589,0.0005239402,0.0004944359,0.0004565817,0.0004102411,0.0003568653,0.0002966332,0.0002313358,0.0001615641,8.968937e-05,1.723282e-05,-5.183314e-05,-0.0001132075,-0.0001585457,-0.0001783417,-0.0001641789,-0.0001256114,-9.570369e-05,-9.634265e-05,-0.0001108747,NaN,NaN,NaN,NaN,NaN,NaN,NaN,NaN,NaN,NaN,NaN,NaN,NaN
NaN,NaN,NaN,NaN,NaN,NaN,NaN,NaN,NaN,NaN,NaN,NaN,NaN,NaN,5.010969e-05,5.297685e-05,5.995129e-05,7.347779e-05,8.389632e-05,7.986451e-05,6.215028e-05,3.283401e-05,-3.835708e-06,-4.734698e-05,-9.508877e-05,-0.0001474877,-0.0002021987,-0.0002595919,-0.000317101,-0.0003748508,-0.0004300504,-0.0004826628,-0.000529805,-0.0005714346,-0.0006047423,-0.0006298496,-0.0006441899,-0.0006482103,-0.0006397365,-0.0006196752,-0.0005863586,-0.0005412424,-0.0004832272,-0.0004143519,-0.0003340887,-0.0002450325,-0.0001471729,-4.357639e-05,6.536145e-05,0.0001762358,0.0002883999,0.000398281,0.0005051601,0.0006054837,0.0006986504,0.0007813107,0.0008531589,0.0009112165,0.0009556231,0.0009839004,0.0009967405,0.0009922471,0.0009717189,0.0009338692,0.0008806065,0.0008112334,0.0007282281,0.0006314305,0.0005238408,0.0004058164,0.0002809314,0.0001502638,1.84597e-05,-0.0001116164,-0.0002321339,-0.0003345447,-0.0004017028,-0.0004130369,-0.0003484763,-0.0002265481,-0.0001257709,-0.0001016601,-0.0001138324,NaN,NaN,NaN,NaN,NaN,NaN,NaN,NaN,NaN,NaN,NaN,NaN,NaN
NaN,NaN,NaN,NaN,NaN,NaN,NaN,NaN,NaN,NaN,NaN,NaN,NaN,NaN,5.074429e-05,5.479598e-05,7.045112e-05,0.0001026401,0.0001217261,0.0001074275,6.515622e-05,2.093991e-06,-7.435192e-05,-0.0001620926,-0.0002572049,-0.0003592695,-0.0004647607,-0.0005730994,-0.0006803482,-0.0007855078,-0.0008842878,-0.0009754715,-0.001054698,-0.00112085,-0.001169822,-0.001200923,-0.001210619,-0.001198939,-0.001163188,-0.001104351,-0.001020761,-0.0009144922,-0.0007849886,-0.0006354415,-0.0004663691,-0.0002819871,-8.374618e-05,0.0001233126,0.0003370541,0.0005518965,0.0007653415,0.0009716142,0.00116821,0.001349528,0.001513424,0.001654817,0.001772254,0.001861483,0.001922003,0.001950609,0.00194793,0.001911929,0.001844431,0.001744584,0.001615379,0.001457068,0.001273695,0.001066493,0.0008404445,0.0005977044,0.000344284,8.363542e-05,-0.0001762827,-0.0004287605,-0.0006599637,-0.000852449,-0.0009737164,-0.0009784776,-0.0008140997,-0.0004953988,-0.0002051028,-0.0001104581,-0.0001148216,NaN,NaN,NaN,NaN,NaN,NaN,NaN,NaN,NaN,NaN,NaN,NaN,NaN
NaN,NaN,NaN,NaN,NaN,NaN,NaN,NaN,NaN,NaN,NaN,NaN,NaN,NaN,5.10038e-05,5.797851e-05,9.888453e-05,0.0001684998,0.0001889165,0.0001411213,4.758028e-05,-7.843126e-05,-0.0002248895,-0.0003895129,-0.0005654033,-0.0007521333,-0.0009429072,-0.001136739,-0.001326032,-0.001509088,-0.001677773,-0.001830134,-0.001958052,-0.002059911,-0.002128207,-0.002162243,-0.00215569,-0.002109287,-0.002018336,-0.001885402,-0.001707716,-0.001489867,-0.001231117,-0.0009380752,-0.0006119136,-0.0002610397,0.0001117707,0.0004967208,0.000889925,0.001280749,0.001664813,0.0020313,0.002375997,0.002688579,0.002965666,0.003198047,0.003383759,0.00351523,0.00359236,0.003609584,0.003568939,0.003467039,0.003308133,0.003090992,0.002821968,0.002501799,0.002138697,0.001735092,0.00130081,0.0008398272,0.0003636686,-0.0001216378,-0.0006015678,-0.00106528,-0.001489637,-0.001847915,-0.002087502,-0.002130079,-0.00185478,-0.001193602,-0.0004388125,-0.000135077,-0.0001165207,NaN,NaN,NaN,NaN,NaN,NaN,NaN,NaN,NaN,NaN,NaN,NaN,NaN
NaN,NaN,NaN,NaN,NaN,NaN,NaN,NaN,NaN,NaN,NaN,NaN,NaN,NaN,5.155438e-05,6.879074e-05,0.0001736113,0.0002838402,0.0002685359,0.0001544837,-1.653502e-05,-0.000227975,-0.0004668942,-0.0007303346,-0.001009795,-0.001303141,-0.001601089,-0.001900266,-0.002190072,-0.002466102,-0.002717062,-0.002938329,-0.003118825,-0.003254657,-0.003335898,-0.00336029,-0.003319913,-0.003214924,-0.003040084,-0.002798524,-0.00248811,-0.002115196,-0.001680837,-0.001194542,-0.0006603033,-9.036811e-05,0.0005088788,0.001123151,0.001744499,0.002357505,0.002953654,0.003517455,0.004040886,0.004509442,0.004916636,0.005249914,0.005505211,0.005672719,0.005751458,0.005734883,0.005625479,0.005420177,0.005124982,0.004740201,0.004275129,0.003733086,0.003126223,0.002460383,0.001750136,0.00100353,0.0002375585,-0.0005370603,-0.00129953,-0.00203359,-0.00270867,-0.003291025,-0.00371599,-0.003883956,-0.003611432,-0.00265493,-0.001107489,-0.0002121752,-0.0001180285,NaN,NaN,NaN,NaN,NaN,NaN,NaN,NaN,NaN,NaN,NaN,NaN,NaN
NaN,NaN,NaN,NaN,NaN,NaN,NaN,NaN,NaN,NaN,NaN,NaN,NaN,NaN,5.25563e-05,0.0001024978,0.0003204166,0.0004119216,0.000316573,0.0001166688,-0.000141696,-0.0004459453,-0.0007825205,-0.001149592,-0.001535561,-0.001937834,-0.002342947,-0.002746386,-0.003132881,-0.003496666,-0.003821713,-0.004102199,-0.004322624,-0.004478424,-0.004555902,-0.004552972,-0.004458887,-0.004275068,-0.003994588,-0.003623076,-0.003157933,-0.002609261,-0.001978828,-0.001281029,-0.0005215613,0.0002815336,0.001119451,0.001971537,0.002827073,0.003664088,0.004471367,0.005227095,0.005921032,0.006532982,0.007055094,0.007470093,0.007773709,0.007952618,0.008006988,0.007928098,0.007721002,0.007381795,0.00692042,0.00633756,0.005647664,0.004855417,0.003979115,0.003026695,0.002019645,0.0009686028,-0.0001018732,-0.001178176,-0.002231389,-0.003242502,-0.004172806,-0.00498737,-0.005614527,-0.005955033,-0.005804608,-0.004829055,-0.002628861,-0.0004730874,-0.0001257715,NaN,NaN,NaN,NaN,NaN,NaN,NaN,NaN,NaN,NaN,NaN,NaN,NaN
NaN,NaN,NaN,NaN,NaN,NaN,NaN,NaN,NaN,NaN,NaN,NaN,NaN,4.762585e-05,5.621853e-05,0.0002022138,0.0005027271,0.0004997255,0.0003073004,1.86989e-05,-0.0003280693,-0.0007236764,-0.001156167,-0.001622487,-0.002109964,-0.002613213,-0.003116746,-0.003612669,-0.004083358,-0.004519546,-0.004902939,-0.005224467,-0.005466818,-0.005622775,-0.005677606,-0.005627446,-0.005461547,-0.005180629,-0.00477895,-0.00426261,-0.003631427,-0.002897111,-0.002064983,-0.001152033,-0.0001684387,0.0008644505,0.001932723,0.003012048,0.004086353,0.005130015,0.006126618,0.007051137,0.007888676,0.008616641,0.009223417,0.009690451,0.01001085,0.01017133,0.01017074,0.0100018,0.009669549,0.009172915,0.008523007,0.007724584,0.006794241,0.005741742,0.004588241,0.003347487,0.002044273,0.000695556,-0.0006705679,-0.002033843,-0.003361852,-0.004629093,-0.005794327,-0.006818125,-0.007629952,-0.00813214,-0.008126709,-0.007276994,-0.004962645,-0.001297845,-0.0001493906,-0.0001313884,NaN,NaN,NaN,NaN,NaN,NaN,NaN,NaN,NaN,NaN,NaN,NaN
NaN,NaN,NaN,NaN,NaN,NaN,NaN,NaN,NaN,NaN,NaN,NaN,NaN,4.72868e-05,6.759886e-05,0.000399646,0.0006479994,0.0005243197,0.0002358806,-0.0001403996,-0.0005723116,-0.001056253,-0.00157898,-0.00213834,-0.002718132,-0.00331233,-0.003901267,-0.004475865,-0.005014242,-0.005505854,-0.005928474,-0.006272011,-0.006515894,-0.006652441,-0.006664633,-0.006548926,-0.006293477,-0.005900261,-0.005363747,-0.004692256,-0.003887126,-0.002963164,-0.001928397,-0.0008035907,0.000397426,0.001649147,0.002933368,0.004221587,0.005493165,0.006718685,0.007877273,0.008940883,0.009890615,0.01070198,0.01136012,0.01184598,0.01215035,0.01226104,0.01217557,0.01188942,0.01140724,0.0107323,0.009876104,0.00884922,0.007669078,0.00635254,0.004921658,0.003398391,0.001808065,0.0001768779,-0.001467374,-0.003094097,-0.004672726,-0.006166332,-0.007538853,-0.008739211,-0.009709904,-0.01034377,-0.01047164,-0.009751156,-0.00757961,-0.003177816,-0.0002349303,-0.0001312635,NaN,NaN,NaN,NaN,NaN,NaN,NaN,NaN,NaN,NaN,NaN,NaN
NaN,NaN,NaN,NaN,NaN,NaN,NaN,NaN,NaN,NaN,NaN,NaN,NaN,4.85096e-05,0.0001083638,0.0006271515,0.0007305442,0.0004868289,0.0001058483,-0.0003537753,-0.0008669397,-0.001433064,-0.002039612,-0.002682589,-0.003344706,-0.004016667,-0.004677354,-0.005313955,-0.005903288,-0.006431038,-0.006874206,-0.007219203,-0.007445534,-0.007542554,-0.007494428,-0.007295365,-0.006935988,-0.006416833,-0.005736185,-0.004901715,-0.003919881,-0.002805497,-0.001572849,-0.0002431377,0.001162664,0.002618504,0.004098466,0.005573757,0.007015813,0.008395554,0.009684323,0.01085541,0.01188259,0.01274402,0.01341819,0.01389027,0.01414521,0.01417673,0.01397733,0.01355013,0.01289545,0.01202588,0.01094905,0.009686349,0.00825143,0.006673336,0.004969966,0.003176687,0.00131376,-0.0005779695,-0.002477341,-0.004337665,-0.006137615,-0.007822375,-0.009370072,-0.01070998,-0.0118096,-0.01254104,-0.01278422,-0.01217195,-0.01019724,-0.005808083,-0.0005370629,-0.0001315915,NaN,NaN,NaN,NaN,NaN,NaN,NaN,NaN,NaN,NaN,NaN,NaN
NaN,NaN,NaN,NaN,NaN,NaN,NaN,NaN,NaN,NaN,NaN,NaN,NaN,5.058613e-05,0.0002388406,0.0007998095,0.0007471174,0.0003893364,-7.792128e-05,-0.0006156628,-0.001203277,-0.001844942,-0.002525893,-0.003242728,-0.003974275,-0.004710781,-0.005426997,-0.006109433,-0.006730992,-0.007276859,-0.007720645,-0.008048741,-0.008238049,-0.008278623,-0.008152994,-0.007856959,-0.007380577,-0.006726926,-0.005894783,-0.004895269,-0.003736292,-0.002436872,-0.001013485,0.0005079299,0.002103766,0.003743017,0.005397012,0.007032121,0.008617268,0.01011899,0.01150669,0.01275006,0.01382178,0.01469745,0.01535557,0.01577988,0.01595656,0.01587916,0.01554258,0.01495094,0.01410807,0.01302859,0.01172448,0.01021997,0.00853361,0.006697812,0.00473555,0.002685796,0.0005736951,-0.001556333,-0.003678848,-0.005743813,-0.00772683,-0.00957026,-0.01125179,-0.01269949,-0.01388722,-0.01469068,-0.01501431,-0.01450348,-0.0127228,-0.008542336,-0.001594521,-0.0001492226,NaN,NaN,NaN,NaN,NaN,NaN,NaN,NaN,NaN,NaN,NaN,NaN
NaN,NaN,NaN,NaN,NaN,NaN,NaN,NaN,NaN,NaN,NaN,NaN,NaN,5.653203e-05,0.0004966429,0.0009085193,0.0007019055,0.0002417541,-0.0003059866,-0.0009132277,-0.001568915,-0.002276431,-0.003022894,-0.003801055,-0.004589953,-0.00537548,-0.006132327,-0.006842817,-0.007479895,-0.008025098,-0.008452405,-0.008745417,-0.008881885,-0.008850188,-0.00863428,-0.008229556,-0.007628071,-0.006833845,-0.005848128,-0.004684286,-0.003352993,-0.001876675,-0.0002746035,0.001422932,0.003189835,0.004990074,0.006793144,0.008560019,0.0102588,0.01185053,0.01330515,0.01458699,0.01567092,0.01652748,0.01713921,0.0174852,0.01755761,0.01734568,0.0168523,0.01607744,0.01503487,0.01373494,0.01220138,0.01045366,0.008523731,0.006438218,0.004235078,0.001945829,-0.0003878636,-0.002731447,-0.00504128,-0.007280668,-0.00940491,-0.01137491,-0.01314523,-0.01467137,-0.01590114,-0.01675574,-0.01711434,-0.01670818,-0.01508318,-0.01121311,-0.003955831,-0.0001894566,NaN,NaN,NaN,NaN,NaN,NaN,NaN,NaN,NaN,NaN,NaN,NaN
NaN,NaN,NaN,NaN,NaN,NaN,NaN,NaN,NaN,NaN,NaN,NaN,4.24074e-05,6.700328e-05,0.0007593366,0.0009541347,0.0006011747,4.99773e-05,-0.0005687838,-0.001237514,-0.00195198,-0.002716442,-0.003516973,-0.004345072,-0.005177217,-0.005998001,-0.006779287,-0.007502588,-0.008138029,-0.008667179,-0.00906135,-0.009305323,-0.009374396,-0.009259529,-0.008942453,-0.008422703,-0.007690268,-0.006754919,-0.005615835,-0.004293697,-0.002796881,-0.001156552,0.000610851,0.002465071,0.004383716,0.006319809,0.008247779,0.01011694,0.0119019,0.01355156,0.01504428,0.01633191,0.01739992,0.01820619,0.01874621,0.01898623,0.01893384,0.01856513,0.01790092,0.01692752,0.01567907,0.01415137,0.01239098,0.01040135,0.008239695,0.005914532,0.003491482,0.000981063,-0.001544775,-0.004076535,-0.006537164,-0.008920751,-0.01114491,-0.01320975,-0.01502562,-0.01660094,-0.01782955,-0.01871253,-0.01906335,-0.01875654,-0.01724914,-0.0137833,-0.006885832,-0.0002809412,-0.0001400883,NaN,NaN,NaN,NaN,NaN,NaN,NaN,NaN,NaN,NaN,NaN
NaN,NaN,NaN,NaN,NaN,NaN,NaN,NaN,NaN,NaN,NaN,NaN,4.392106e-05,0.0001063589,0.0009427305,0.0009430327,0.0004567112,-0.000172296,-0.0008529791,-0.00157292,-0.002338075,-0.003148475,-0.00399335,-0.004858382,-0.005722058,-0.006563415,-0.007356164,-0.008076922,-0.008697695,-0.009196093,-0.009545447,-0.009727756,-0.009720532,-0.009513324,-0.009090265,-0.008450941,-0.007587851,-0.006512289,-0.005225881,-0.003752207,-0.002101814,-0.0003099807,0.001605229,0.003598443,0.005646518,0.007696617,0.009723606,0.01167043,0.01351365,0.01519548,0.016698,0.0179663,0.01899152,0.01972478,0.02016934,0.02028469,0.0200884,0.01954966,0.01870145,0.0175228,0.01606219,0.0143074,0.01232134,0.01009829,0.007713731,0.005165219,0.002538577,-0.0001692452,-0.002864102,-0.005553744,-0.008136625,-0.01062932,-0.01292178,-0.01504418,-0.01687401,-0.0184618,-0.01966012,-0.02053637,-0.02085403,-0.02061582,-0.01921301,-0.01616678,-0.009630651,-0.0005762202,-0.0001404622,NaN,NaN,NaN,NaN,NaN,NaN,NaN,NaN,NaN,NaN,NaN
NaN,NaN,NaN,NaN,NaN,NaN,NaN,NaN,NaN,NaN,NaN,NaN,4.674863e-05,0.000250737,0.001055285,0.0008770956,0.0002784886,-0.0004174538,-0.001147512,-0.00191063,-0.0027157,-0.003563595,-0.00444101,-0.005333168,-0.006215381,-0.007066628,-0.007857502,-0.008565194,-0.009158818,-0.009617299,-0.009911459,-0.01002547,-0.00993485,-0.00963223,-0.009100306,-0.008342649,-0.007350859,-0.006141024,-0.004714306,-0.003099721,-0.001307633,0.0006208136,0.002667669,0.004781515,0.006939502,0.009082849,0.01118714,0.01318975,0.0150686,0.01676099,0.0182512,0.01948017,0.02044228,0.02108542,0.02141718,0.02139477,0.02104118,0.02032422,0.01928331,0.01789687,0.01622059,0.01424223,0.01203251,0.009585892,0.006986017,0.004230474,0.001413204,-0.001469401,-0.00431547,-0.007134518,-0.009818109,-0.0123866,-0.01472424,-0.01686784,-0.01869014,-0.02025229,-0.02140341,-0.02223147,-0.02250556,-0.02228519,-0.02099553,-0.01830955,-0.01219713,-0.001769641,-0.000160471,NaN,NaN,NaN,NaN,NaN,NaN,NaN,NaN,NaN,NaN,NaN
NaN,NaN,NaN,NaN,NaN,NaN,NaN,NaN,NaN,NaN,NaN,NaN,5.308573e-05,0.0005605402,0.001119172,0.0007700411,8.008972e-05,-0.0006697348,-0.001438816,-0.002235427,-0.003072269,-0.003948031,-0.004849405,-0.005758403,-0.006650217,-0.007501047,-0.008281673,-0.008966926,-0.00952665,-0.00993776,-0.01017262,-0.01021366,-0.01003898,-0.009639643,-0.009002139,-0.008128511,-0.007015422,-0.005677264,-0.004121539,-0.002375175,-0.000456095,0.001597337,0.003758523,0.005979797,0.008228718,0.01045153,0.01261347,0.01465853,0.0165537,0.01824473,0.01970451,0.02088451,0.02176733,0.02231361,0.02251884,0.02235534,0.02183353,0.02093874,0.01969723,0.01810728,0.01621058,0.014017,0.011582,0.008924407,0.006110796,0.003165221,0.0001620979,-0.00287363,-0.005863072,-0.008785065,-0.01155906,-0.01417233,-0.01654391,-0.01867391,-0.0204792,-0.0219777,-0.02307681,-0.0238124,-0.02404407,-0.02377944,-0.02261871,-0.02018823,-0.01469201,-0.004607669,-0.0002078839,NaN,NaN,NaN,NaN,NaN,NaN,NaN,NaN,NaN,NaN,NaN
NaN,NaN,NaN,NaN,NaN,NaN,NaN,NaN,NaN,NaN,NaN,NaN,5.895902e-05,0.0008707289,0.001138982,0.0006296909,-0.0001293535,-0.0009221474,-0.00171802,-0.002541634,-0.003400437,-0.004298232,-0.005213989,-0.006134167,-0.007026535,-0.007872127,-0.008634843,-0.009294528,-0.009814933,-0.01017796,-0.01035098,-0.01032121,-0.01006315,-0.009572274,-0.008833107,-0.007851494,-0.00662391,-0.005167732,-0.0034921,-0.001625823,0.0004097059,0.00257561,0.004840032,0.007156451,0.009485506,0.01177658,0.01398644,0.01606449,0.01796784,0.0196502,0.02107329,0.02219932,0.02299851,0.02344522,0.02352133,0.02321599,0.02252479,0.02145308,0.02001083,0.01821962,0.01610309,0.01369769,0.01103866,0.00817468,0.005149289,0.002019787,-0.001166128,-0.004346708,-0.007474804,-0.01048857,-0.01334621,-0.01598967,-0.01838667,-0.02048516,-0.02226464,-0.02367873,-0.02471841,-0.02533555,-0.02551685,-0.02516441,-0.02412032,-0.02185993,-0.01710219,-0.007989838,-0.0002719885,NaN,NaN,NaN,NaN,NaN,NaN,NaN,NaN,NaN,NaN,NaN
NaN,NaN,NaN,NaN,NaN,NaN,NaN,NaN,NaN,NaN,NaN,3.726757e-05,6.880835e-05,0.001076608,0.001119314,0.0004743016,-0.000337341,-0.001159539,-0.001974575,-0.002816975,-0.003692626,-0.004605504,-0.005531467,-0.006456858,-0.007346957,-0.008182995,-0.008927057,-0.009559191,-0.01004216,-0.01035784,-0.01047373,-0.01037663,-0.01004256,-0.009466047,-0.008634712,-0.007552737,-0.006221454,-0.004655678,-0.002871212,-0.0008931961,0.001248485,0.003519942,0.005879037,0.008285798,0.0106889,0.01304609,0.01530062,0.01741235,0.01932348,0.0210005,0.02238895,0.02346641,0.02418575,0.02453945,0.02449097,0.0240505,0.02319414,0.02195129,0.02031128,0.01832279,0.01598745,0.01337188,0.01048758,0.00741648,0.00417608,0.0008600717,-0.002513016,-0.005841845,-0.009112794,-0.01222103,-0.01516466,-0.01783881,-0.02026042,-0.02232514,-0.02407466,-0.02539982,-0.02637253,-0.02686346,-0.02697811,-0.02651626,-0.02554484,-0.02340231,-0.0193501,-0.01087897,-0.0003618047,-0.0001514314,NaN,NaN,NaN,NaN,NaN,NaN,NaN,NaN,NaN,NaN
NaN,NaN,NaN,NaN,NaN,NaN,NaN,NaN,NaN,NaN,NaN,3.792154e-05,0.0001047835,0.001196169,0.001063667,0.0003099999,-0.0005368544,-0.001378661,-0.002204048,-0.003061222,-0.003947765,-0.004873523,-0.005805414,-0.006735578,-0.007621332,-0.008449799,-0.009175865,-0.009785257,-0.01023433,-0.0105103,-0.01057521,-0.01042084,-0.01001884,-0.009368298,-0.008453731,-0.007283433,-0.005856944,-0.004192683,-0.002306043,-0.000225192,0.002019029,0.004390419,0.006844609,0.00934015,0.01182229,0.0142483,0.01655699,0.01870901,0.02064133,0.02232266,0.02369272,0.02473291,0.0253899,0.02566184,0.02550573,0.02493944,0.02393249,0.02252408,0.02069684,0.01851146,0.01596267,0.01313122,0.01002131,0.006731136,0.003270072,-0.0002499337,-0.003819904,-0.007318432,-0.0107438,-0.01396955,-0.01700965,-0.01973647,-0.02218918,-0.02423918,-0.02595922,-0.02721152,-0.02811047,-0.02848817,-0.02851485,-0.02794333,-0.02697935,-0.02492404,-0.02143151,-0.01340199,-0.0006672852,-0.0001576063,NaN,NaN,NaN,NaN,NaN,NaN,NaN,NaN,NaN,NaN
NaN,NaN,NaN,NaN,NaN,NaN,NaN,NaN,NaN,NaN,NaN,4.319939e-05,0.0002656176,0.001277034,0.0009839683,0.0001531668,-0.0007175945,-0.001567397,-0.002400291,-0.003266528,-0.004164184,-0.005099454,-0.006039857,-0.006973978,-0.007860867,-0.00868404,-0.009400742,-0.009992895,-0.01041963,-0.01066424,-0.01069191,-0.01049055,-0.01003533,-0.009321677,-0.008337992,-0.00708929,-0.005579371,-0.003823882,-0.001842834,0.0003377968,0.002682252,0.005155909,0.007709261,0.01030185,0.01287374,0.01538271,0.01776253,0.01997405,0.02194956,0.02365787,0.02503465,0.02606159,0.02668216,0.02689513,0.02665544,0.02598216,0.02484408,0.02328239,0.02128046,0.01890181,0.01614342,0.01308974,0.009748641,0.006222699,0.002526239,-0.001223999,-0.005013092,-0.008714939,-0.01232147,-0.01570251,-0.01886624,-0.02168374,-0.02419027,-0.02626016,-0.02796503,-0.02917459,-0.03000317,-0.0302935,-0.03021637,-0.02954762,-0.02851991,-0.02652894,-0.02339004,-0.01590247,-0.002090859,-0.0001837106,NaN,NaN,NaN,NaN,NaN,NaN,NaN,NaN,NaN,NaN
NaN,NaN,NaN,NaN,NaN,NaN,NaN,NaN,NaN,NaN,NaN,4.940579e-05,0.0006392922,0.001338024,0.000887593,6.061265e-06,-0.0008763899,-0.001727527,-0.002564151,-0.003438543,-0.004346841,-0.005293624,-0.00624512,-0.007188547,-0.008082671,-0.008909631,-0.009626577,-0.01021415,-0.01063106,-0.01085976,-0.01086442,-0.01063297,-0.0101388,-0.009378607,-0.008338118,-0.007025211,-0.005440074,-0.003603154,-0.001529844,0.0007469408,0.003197129,0.005776853,0.008443427,0.01114481,0.01382917,0.01644047,0.01892203,0.02121875,0.02327416,0.02503934,0.02646316,0.02750806,0.0281329,0.02831605,0.02803031,0.02727357,0.02603519,0.02433469,0.02217894,0.01960957,0.01665011,0.01336292,0.009785504,0.005998005,0.002047447,-0.001972541,-0.006011278,-0.00996728,-0.0137938,-0.01738822,-0.02071742,-0.02368545,-0.02628414,-0.02843007,-0.03014857,-0.03136453,-0.03213783,-0.03238238,-0.03219473,-0.03145437,-0.03029674,-0.0283509,-0.02534156,-0.01862991,-0.005793981,-0.0002537651,NaN,NaN,NaN,NaN,NaN,NaN,NaN,NaN,NaN,NaN
NaN,NaN,NaN,NaN,NaN,NaN,NaN,NaN,NaN,NaN,NaN,5.788398e-05,0.001030121,0.001387788,0.0007899269,-0.0001181792,-0.001005652,-0.001850763,-0.00269304,-0.003573539,-0.004497876,-0.005457576,-0.006429138,-0.007387307,-0.008301681,-0.009142128,-0.009876194,-0.01047264,-0.01089956,-0.01112839,-0.01113131,-0.01088663,-0.01037418,-0.00958292,-0.008503339,-0.007137907,-0.005489855,-0.003576939,-0.00141595,0.0009598235,0.003520548,0.006218794,0.009013793,0.01184669,0.01466921,0.0174153,0.02003364,0.0224562,0.02463384,0.02650215,0.02801949,0.02913069,0.02980652,0.0300062,0.02971703,0.02891673,0.02761204,0.02580188,0.02351359,0.02076817,0.01761286,0.01408961,0.01026293,0.006192848,0.001956708,-0.002372002,-0.006708973,-0.0109736,-0.01508218,-0.01895515,-0.02251931,-0.02570681,-0.02846671,-0.03075329,-0.03254595,-0.033822,-0.03458654,-0.03482471,-0.03455302,-0.0337559,-0.03244387,-0.03048935,-0.02745072,-0.02155523,-0.01021853,-0.0003364355,NaN,NaN,NaN,NaN,NaN,NaN,NaN,NaN,NaN,NaN
NaN,NaN,NaN,NaN,NaN,NaN,NaN,NaN,NaN,NaN,NaN,6.306956e-05,0.001285428,0.001413059,0.0006982263,-0.0002223668,-0.001105338,-0.001943879,-0.00279076,-0.003681639,-0.004624635,-0.005605454,-0.006603846,-0.007589644,-0.008535668,-0.009407208,-0.01017409,-0.01080098,-0.01125681,-0.01150979,-0.01153132,-0.0112978,-0.01078657,-0.009986457,-0.008883772,-0.007483035,-0.005781767,-0.003802371,-0.00155459,0.0009207367,0.003601982,0.006431088,0.009376517,0.01236569,0.01536051,0.01827823,0.0210786,0.02367428,0.0260282,0.02805444,0.02972463,0.03096055,0.0317476,0.03202105,0.03178448,0.03099146,0.02966692,0.02778625,0.02539715,0.02249834,0.01915975,0.01540282,0.01131719,0.006944433,0.002389374,-0.002290904,-0.006982324,-0.01161903,-0.01608543,-0.02031605,-0.02420425,-0.027698,-0.03071242,-0.03322347,-0.03517739,-0.03658392,-0.03741295,-0.03769483,-0.0373937,-0.03655731,-0.03510483,-0.03307139,-0.02991156,-0.02461296,-0.01391823,-0.0004251453,NaN,NaN,NaN,NaN,NaN,NaN,NaN,NaN,NaN,NaN
NaN,NaN,NaN,NaN,NaN,NaN,NaN,NaN,NaN,NaN,3.061878e-05,8.008843e-05,0.001446609,0.001425106,0.0006244183,-0.0002946505,-0.001170029,-0.001999964,-0.002855769,-0.003759328,-0.004728936,-0.005737524,-0.006775316,-0.007800651,-0.008796027,-0.009715733,-0.01053785,-0.01121652,-0.01172726,-0.01202838,-0.01209615,-0.01189808,-0.01141487,-0.01062774,-0.009525042,-0.008105312,-0.006367147,-0.004328985,-0.002001075,0.0005774356,0.003384618,0.006361632,0.009476513,0.01265345,0.01585364,0.01898882,0.02201763,0.02484516,0.02743287,0.0296858,0.0315739,0.03300914,0.03397528,0.03439774,0.03427883,0.03356304,0.03227477,0.03038198,0.0279329,0.02492144,0.0214195,0.01744694,0.01309691,0.008413165,0.003505545,-0.001562611,-0.006670678,-0.01174257,-0.01665504,-0.02132892,-0.0256496,-0.02954937,-0.0329369,-0.03577392,-0.03800494,-0.03963114,-0.04062612,-0.04101767,-0.04076799,-0.03992363,-0.0383757,-0.03620637,-0.03286892,-0.02784519,-0.01720496,-0.0005998319,-0.0001722859,NaN,NaN,NaN,NaN,NaN,NaN,NaN,NaN,NaN
NaN,NaN,NaN,NaN,NaN,NaN,NaN,NaN,NaN,NaN,3.302893e-05,0.0001713273,0.001570825,0.001424639,0.0005717381,-0.0003396874,-0.001201099,-0.002026661,-0.002891159,-0.003815379,-0.004815119,-0.005864083,-0.006949974,-0.008033116,-0.009092348,-0.01008413,-0.01098145,-0.01174054,-0.01233045,-0.0127114,-0.01285209,-0.01272189,-0.0122932,-0.01154931,-0.01046991,-0.009056048,-0.007297808,-0.005216912,-0.00281584,-0.0001382151,0.002800625,0.005935951,0.009240892,0.0126322,0.01607439,0.0194702,0.02277983,0.02589796,0.02878595,0.03133741,0.03352083,0.03523623,0.03646506,0.03712094,0.03720352,0.03664646,0.0354717,0.03363816,0.03119254,0.02812233,0.0244995,0.02034096,0.01574184,0.01074701,0.005470447,-1.886309e-05,-0.005593917,-0.01116821,-0.01661022,-0.02182557,-0.02669038,-0.03111772,-0.03500821,-0.0383029,-0.04094394,-0.0429143,-0.04419493,-0.04479781,-0.04469645,-0.04391158,-0.04233275,-0.04001481,-0.03646744,-0.03141816,-0.02075073,-0.001580598,-0.0001961673,NaN,NaN,NaN,NaN,NaN,NaN,NaN,NaN,NaN
NaN,NaN,NaN,NaN,NaN,NaN,NaN,NaN,NaN,NaN,4.121442e-05,0.0005272108,0.001710388,0.001432189,0.0005529536,-0.0003446715,-0.001190577,-0.002013633,-0.00289011,-0.003839747,-0.004876714,-0.005975428,-0.007122242,-0.00827847,-0.009420941,-0.01050608,-0.01150439,-0.01237046,-0.01307074,-0.01356191,-0.01381038,-0.01378005,-0.01344191,-0.01277203,-0.01175001,-0.01036826,-0.008618531,-0.006513007,-0.004058121,-0.001287726,0.00177625,0.005078488,0.008582761,0.01221435,0.01592566,0.01962659,0.02326276,0.02673441,0.02998629,0.03291581,0.03547355,0.03756167,0.03914336,0.04013298,0.0405126,0.04021549,0.03924789,0.03756784,0.03520936,0.03215912,0.02848055,0.0241904,0.01938058,0.01409711,0.008456618,0.002530795,-0.003544393,-0.009677771,-0.01572229,-0.02157659,-0.02709532,-0.03218276,-0.03671389,-0.04062114,-0.04382144,-0.0462935,-0.04799991,-0.04895398,-0.0491176,-0.04850044,-0.04697856,-0.04455125,-0.04080369,-0.03548514,-0.02505924,-0.005637922,-0.0002739611,NaN,NaN,NaN,NaN,NaN,NaN,NaN,NaN,NaN
NaN,NaN,NaN,NaN,NaN,NaN,NaN,NaN,NaN,NaN,5.070914e-05,0.001089984,0.001875685,0.001453338,0.0005729268,-0.0003112704,-0.001135452,-0.001961919,-0.002847678,-0.003830548,-0.004905992,-0.006066699,-0.007281964,-0.008529675,-0.009770242,-0.01097375,-0.01209528,-0.01309966,-0.01393925,-0.01457724,-0.01496766,-0.01507728,-0.01486675,-0.01431184,-0.01338406,-0.01207295,-0.01036472,-0.008267011,-0.00578333,-0.002942423,0.0002340484,0.003695141,0.007402371,0.0112836,0.01528704,0.01932234,0.02332963,0.02720501,0.0308874,0.03426553,0.037285,0.03983418,0.0418736,0.04329842,0.04409201,0.044163,0.0435245,0.04210441,0.03995105,0.0370158,0.03338571,0.02903738,0.02409726,0.01856672,0.01260931,0.006247727,-0.0003215669,-0.007060639,-0.01374745,-0.02033785,-0.02659649,-0.03248936,-0.03778683,-0.04248961,-0.04639854,-0.04957288,-0.05185408,-0.05335318,-0.05390921,-0.0536302,-0.05226456,-0.04985303,-0.0459354,-0.04024909,-0.03024875,-0.01279462,-0.0004139224,NaN,NaN,NaN,NaN,NaN,NaN,NaN,NaN,NaN
NaN,NaN,NaN,NaN,NaN,NaN,NaN,NaN,NaN,NaN,6.019714e-05,0.0015541,0.002063903,0.001518801,0.0006483829,-0.0002160647,-0.001019397,-0.00184666,-0.002744169,-0.003758719,-0.004878672,-0.006104171,-0.007400174,-0.008748711,-0.01010728,-0.01144611,-0.01271883,-0.01388634,-0.01490106,-0.01571821,-0.01629322,-0.01658131,-0.01654591,-0.01614848,-0.01536458,-0.01416766,-0.01254899,-0.01049967,-0.008029202,-0.005150977,-0.001893248,0.001705608,0.005600326,0.009726917,0.01402726,0.01841322,0.02282003,0.02713877,0.0313059,0.03519674,0.03875826,0.04185617,0.04445778,0.04642581,0.04775762,0.04831932,0.04814713,0.04711629,0.04530925,0.0426148,0.03916739,0.03487153,0.02991633,0.02422183,0.01803141,0.01127751,0.004255563,-0.00309562,-0.01043446,-0.01782483,-0.02488936,-0.0317113,-0.03789494,-0.04357012,-0.0483485,-0.05243714,-0.05546976,-0.0577336,-0.05884655,-0.0591143,-0.05804518,-0.05584287,-0.05182939,-0.0458459,-0.03608547,-0.01954353,-0.0005563701,NaN,NaN,NaN,NaN,NaN,NaN,NaN,NaN,NaN
NaN,NaN,NaN,NaN,NaN,NaN,NaN,NaN,NaN,1.709036e-05,7.276695e-05,0.001898573,0.002274456,0.001641241,0.000793287,-4.779935e-05,-0.0008253627,-0.001651264,-0.002555418,-0.003599781,-0.004762005,-0.006054639,-0.007435167,-0.008893817,-0.010382,-0.01187401,-0.01331835,-0.01467638,-0.01589592,-0.01692946,-0.01772778,-0.01824087,-0.01842709,-0.01824125,-0.01765314,-0.01662938,-0.01515426,-0.01321336,-0.01080779,-0.007948474,-0.00465359,-0.000963856,0.00308761,0.007427897,0.01201354,0.01673919,0.02155805,0.02633445,0.03102702,0.0354735,0.03964823,0.04336762,0.04663298,0.04924556,0.05124482,0.05242298,0.05286828,0.05236984,0.05107391,0.04877106,0.04567341,0.04157573,0.03676108,0.03102906,0.02473549,0.01768175,0.01029634,0.002376749,-0.005579219,-0.01378679,-0.02168645,-0.02952344,-0.03669082,-0.04349306,-0.04929978,-0.05451215,-0.05849405,-0.0617595,-0.06363501,-0.06468962,-0.06411163,-0.06236503,-0.05841298,-0.05232591,-0.04252401,-0.02571539,-0.0007737328,-0.0001804021,NaN,NaN,NaN,NaN,NaN,NaN,NaN,NaN
NaN,NaN,NaN,NaN,NaN,NaN,NaN,NaN,NaN,2.064548e-05,0.0001711935,0.002249247,0.002540402,0.001861525,0.001041649,0.0002357609,-0.0005147039,-0.001327086,-0.002234146,-0.003295973,-0.004498209,-0.005849648,-0.007317554,-0.008885122,-0.0105134,-0.01216671,-0.01380261,-0.01537019,-0.01682532,-0.01810624,-0.01917024,-0.0199515,-0.0204131,-0.02049321,-0.02016447,-0.01937696,-0.01811613,-0.01635207,-0.01408537,-0.01131362,-0.008053175,-0.004335111,-0.0001898608,0.004314398,0.009137705,0.01417346,0.01937907,0.02461046,0.02983126,0.03486305,0.03968642,0.04409325,0.04809294,0.05145353,0.05422544,0.05615928,0.0573584,0.05756204,0.05693734,0.05521739,0.05264283,0.04894415,0.04444278,0.03886811,0.03262674,0.02544475,0.01781618,0.009458538,0.0009527461,-0.008000384,-0.01673712,-0.02559053,-0.03382439,-0.04183538,-0.04883556,-0.05532742,-0.06049129,-0.06496475,-0.06787301,-0.06994296,-0.07013987,-0.06910175,-0.06550048,-0.05956603,-0.04964303,-0.03240618,-0.002035365,-0.0002001557,NaN,NaN,NaN,NaN,NaN,NaN,NaN,NaN
NaN,NaN,NaN,NaN,NaN,NaN,NaN,NaN,NaN,2.86235e-05,0.0006899813,0.002696231,0.002892757,0.002208774,0.00142785,0.0006686428,-4.351202e-05,-0.0008305107,-0.001724042,-0.002791327,-0.00401664,-0.00541863,-0.006960753,-0.008635905,-0.01039838,-0.01222117,-0.0140529,-0.01584979,-0.01755747,-0.01911887,-0.0204803,-0.02157713,-0.02236168,-0.02276912,-0.02276299,-0.02228551,-0.02131612,-0.01981166,-0.01777144,-0.01517424,-0.01204162,-0.008380003,-0.00423341,0.0003604255,0.00533772,0.01062801,0.01615324,0.02181147,0.02751796,0.03314256,0.03860357,0.04374754,0.0485071,0.05271199,0.05632117,0.05915478,0.06121033,0.06230551,0.06248791,0.0615792,0.05968778,0.05664453,0.05262736,0.04747966,0.04145495,0.03440896,0.02667496,0.01811785,0.00915152,-0.0003559578,-0.009911874,-0.01965868,-0.02903253,-0.03821237,-0.04658359,-0.05440207,-0.06102734,-0.06682698,-0.07112642,-0.07437212,-0.07575696,-0.07562755,-0.07284578,-0.06732501,-0.05752786,-0.04036717,-0.008634567,-0.0003308116,NaN,NaN,NaN,NaN,NaN,NaN,NaN,NaN
NaN,NaN,NaN,NaN,NaN,NaN,NaN,NaN,NaN,4.785605e-05,0.001682642,0.00331048,0.003387844,0.002743508,0.002011691,0.00131874,0.0006584161,-8.352561e-05,-0.0009426659,-0.00199482,-0.003219998,-0.004654236,-0.006250104,-0.008019956,-0.009903229,-0.01189078,-0.01391594,-0.01594829,-0.0179209,-0.01978233,-0.0214717,-0.02291895,-0.0240775,-0.02486326,-0.0252523,-0.02515127,-0.02456686,-0.02340161,-0.02170006,-0.01936599,-0.01648751,-0.01297372,-0.008959837,-0.004362624,0.0006350035,0.006108316,0.0118293,0.01786766,0.0239554,0.03016093,0.03618388,0.04209726,0.04757782,0.05271094,0.05716116,0.06103478,0.06399568,0.06617997,0.0672621,0.06741642,0.06633847,0.06424853,0.06087229,0.05648249,0.05084149,0.04427787,0.0365948,0.02817783,0.01887161,0.009118212,-0.001198915,-0.01158754,-0.02213464,-0.0323133,-0.04220505,-0.0512769,-0.05964125,-0.06678744,-0.07287522,-0.07738733,-0.08045688,-0.08138499,-0.08003525,-0.07517473,-0.06611884,-0.04956706,-0.02136501,-0.0005928535,NaN,NaN,NaN,NaN,NaN,NaN,NaN,NaN
NaN,NaN,NaN,NaN,NaN,NaN,NaN,NaN,NaN,6.438124e-05,0.002621096,0.004075112,0.004076703,0.003504288,0.00285172,0.002239654,0.001661872,0.0009819918,0.0001940922,-0.0008222993,-0.00200811,-0.003453008,-0.005065569,-0.006910945,-0.008884762,-0.01102395,-0.01322355,-0.01548794,-0.017722,-0.01989342,-0.02192682,-0.02375134,-0.02532298,-0.0265332,-0.02738146,-0.02772332,-0.02761321,-0.02687338,-0.02562372,-0.02365612,-0.02116502,-0.01791448,-0.01418052,-0.009700454,-0.004835453,0.000704642,0.006473048,0.01279041,0.01912676,0.02583837,0.03231774,0.0389634,0.04509776,0.05117006,0.05644169,0.06142245,0.06532336,0.06872507,0.0707987,0.07220622,0.0720889,0.07120039,0.06866071,0.06532504,0.06029844,0.05454559,0.04716016,0.03922283,0.0298149,0.0201396,0.00926091,-0.001491771,-0.01308449,-0.02406331,-0.03545409,-0.04568973,-0.05590455,-0.0644325,-0.07256015,-0.07848955,-0.08362543,-0.08586214,-0.08648415,-0.0826711,-0.07512513,-0.05945452,-0.03391768,-0.0009087925,NaN,NaN,NaN,NaN,NaN,NaN,NaN,NaN
NaN,NaN,NaN,NaN,NaN,NaN,NaN,NaN,8.361377e-07,0.0001865581,0.003524745,0.005002699,0.005011704,0.004551951,0.004013231,0.003511018,0.003044045,0.002460121,0.00177505,0.0008349328,-0.0002770105,-0.001688316,-0.003283036,-0.005160124,-0.007193681,-0.009445956,-0.01179708,-0.01426525,-0.01675002,-0.01921869,-0.02160188,-0.02381148,-0.02582236,-0.02748979,-0.02884679,-0.02969237,-0.03013092,-0.02990659,-0.02920741,-0.02772497,-0.02574186,-0.02289899,-0.01958244,-0.01538346,-0.0107976,-0.005365943,0.0003038848,0.006724158,0.01317559,0.02022886,0.02705655,0.0342944,0.04101262,0.04792108,0.05399501,0.06002891,0.06491213,0.06953532,0.07271156,0.07544011,0.07646678,0.07691221,0.07546283,0.07337376,0.06927767,0.06457659,0.05785207,0.0506652,0.04154408,0.03222194,0.02116636,0.0102958,-0.001997634,-0.01359869,-0.02622399,-0.03755664,-0.04947788,-0.05946777,-0.06963686,-0.07722349,-0.08457775,-0.08851703,-0.09144139,-0.08926365,-0.0839006,-0.06959422,-0.04601759,-0.002626062,-0.000141426,NaN,NaN,NaN,NaN,NaN,NaN,NaN
NaN,NaN,NaN,NaN,NaN,NaN,NaN,NaN,1.433667e-05,0.0009938612,0.004538637,0.006067328,0.006194877,0.005900092,0.005518813,0.005172924,0.004843242,0.00440847,0.003852173,0.003049278,0.002041843,0.0007293354,-0.0008118987,-0.002656608,-0.004711139,-0.007019523,-0.009483454,-0.0121121,-0.01481286,-0.01755568,-0.02026213,-0.02286034,-0.02529647,-0.02745743,-0.02932555,-0.03074888,-0.03175747,-0.03216382,-0.03205686,-0.03121726,-0.02980308,-0.02756685,-0.02474473,-0.02106368,-0.01684435,-0.01178888,-0.006306128,-7.175291e-05,0.00641617,0.01351263,0.02063277,0.02816837,0.03545207,0.04292087,0.04983078,0.05667461,0.06264,0.06828736,0.07274465,0.07665312,0.07908977,0.0807906,0.08078982,0.07993247,0.07721634,0.07360989,0.06807876,0.06172904,0.05349411,0.04463278,0.03404244,0.02315019,0.01080767,-0.001374904,-0.01461646,-0.0271143,-0.04020366,-0.05188811,-0.06368055,-0.07336405,-0.08265715,-0.08896559,-0.09407012,-0.09448543,-0.09151074,-0.07975543,-0.05861937,-0.01345386,-0.0004041922,NaN,NaN,NaN,NaN,NaN,NaN,NaN
NaN,NaN,NaN,NaN,NaN,NaN,NaN,-1.174238e-05,3.69254e-05,0.002417423,0.005639951,0.007228231,0.007574602,0.007532969,0.007345756,0.007236012,0.007058457,0.006853633,0.00644002,0.005859079,0.00497838,0.003851802,0.002397312,0.0006704304,-0.001361866,-0.00364829,-0.006175109,-0.008899805,-0.01176404,-0.01473659,-0.01771602,-0.02068516,-0.0235039,-0.02617403,-0.02852354,-0.03057958,-0.03214604,-0.03328216,-0.03377599,-0.03372549,-0.03291118,-0.03147612,-0.02920107,-0.02627913,-0.02249707,-0.01810114,-0.012888,-0.00715762,-0.0007178959,0.006079763,0.01341799,0.02089822,0.02869731,0.03637661,0.04411301,0.05143659,0.05853231,0.064909,0.07076915,0.07561243,0.07966931,0.08244222,0.08420025,0.08446033,0.08354086,0.08098504,0.07717077,0.07167748,0.06495102,0.05661646,0.04719573,0.03636662,0.02473367,0.0120311,-0.001053838,-0.01473569,-0.02825701,-0.04180405,-0.05457272,-0.06673801,-0.07744475,-0.08677824,-0.09366934,-0.09770087,-0.09696236,-0.08941393,-0.07099324,-0.03386557,-0.0008550998,-9.680384e-05,NaN,NaN,NaN,NaN,NaN,NaN
NaN,NaN,NaN,NaN,NaN,NaN,NaN,-1.809511e-05,0.0001495577,0.003472237,0.0065896,0.008321584,0.008990631,0.009292888,0.009380904,0.009567624,0.009610514,0.00968239,0.009479752,0.009166518,0.008487529,0.007598112,0.00631353,0.004762681,0.002841235,0.0006397119,-0.001860826,-0.004617399,-0.007560845,-0.01070205,-0.01388145,-0.01716891,-0.02031541,-0.02345644,-0.0262578,-0.02892873,-0.03105561,-0.03292957,-0.03406446,-0.0348415,-0.03470947,-0.03414753,-0.03254636,-0.03048965,-0.02731571,-0.02371787,-0.01898607,-0.01392582,-0.007780057,-0.001466589,0.005819899,0.01305126,0.02108493,0.02878725,0.037074,0.04471207,0.05268424,0.05966512,0.06671552,0.07242703,0.07795117,0.08180511,0.08524506,0.0867217,0.0876115,0.08630572,0.08431773,0.0799839,0.0749721,0.06756568,0.0596071,0.04932407,0.03875691,0.02606919,0.01352292,-0.0008036555,-0.0144061,-0.02933713,-0.04283083,-0.05713156,-0.06916151,-0.08137116,-0.0901548,-0.09794139,-0.09982625,-0.09729525,-0.08241504,-0.0539334,-0.004458935,-0.0001577215,NaN,NaN,NaN,NaN,NaN,NaN
NaN,NaN,NaN,NaN,NaN,-2.931661e-05,-2.647893e-05,-1.858138e-05,0.0006534234,0.00394676,0.007092369,0.009060508,0.01020026,0.01088883,0.01141944,0.01190454,0.01232645,0.01265771,0.0128153,0.01275532,0.01242131,0.01177156,0.01079432,0.009445664,0.007763909,0.00569894,0.00334016,0.0006275414,-0.002298938,-0.005511667,-0.008820373,-0.01231176,-0.0157479,-0.01923382,-0.02248932,-0.02564386,-0.02838166,-0.03086337,-0.03274547,-0.03422729,-0.03494576,-0.03514653,-0.03445459,-0.03316867,-0.03090845,-0.0280315,-0.02415697,-0.01970493,-0.01429646,-0.008415615,-0.001685179,0.005347444,0.01306072,0.02084731,0.02909209,0.03713257,0.04536781,0.05308644,0.0607117,0.06749176,0.0738856,0.07910945,0.08367117,0.08676344,0.08895728,0.08943021,0.08883149,0.08633047,0.08267075,0.07701904,0.07023089,0.06147353,0.05173446,0.04018183,0.02795552,0.01421691,0.0002755582,-0.01474052,-0.02933856,-0.04446745,-0.0584178,-0.07223545,-0.08382013,-0.09415801,-0.1000438,-0.1015931,-0.09252612,-0.07101566,-0.02577472,-0.0007658103,-0.0001188605,-0.0001028403,NaN,NaN,NaN,NaN
-4.047257e-05,-4.809955e-05,-3.854842e-05,-4.288851e-05,-3.061195e-05,-2.208761e-05,-4.851474e-05,-0.0002843283,0.0005634572,0.003581641,0.006776575,0.009055362,0.01077191,0.01193076,0.01302797,0.01388738,0.01479485,0.01544913,0.01605615,0.01631236,0.01640501,0.01606788,0.01547941,0.0144213,0.0130634,0.01123977,0.009109455,0.006560195,0.003737732,0.0005840415,-0.002770055,-0.00632842,-0.009978343,-0.01367208,-0.01732026,-0.02082859,-0.02413747,-0.02711238,-0.02973121,-0.0318266,-0.03342209,-0.03432522,-0.03461289,-0.03407476,-0.03284819,-0.0307111,-0.02786684,-0.02408599,-0.01964156,-0.014299,-0.008402272,-0.00171155,0.005359407,0.01305871,0.02090583,0.02916203,0.03728532,0.0455571,0.05338085,0.0610676,0.06797422,0.07445203,0.07982042,0.08448268,0.08772983,0.09003023,0.09065518,0.09015183,0.08778016,0.0841809,0.07861016,0.07181835,0.0630644,0.05322675,0.04157093,0.02912181,0.01514762,0.000830727,-0.01457485,-0.02972272,-0.04539506,-0.06004244,-0.07442933,-0.08658735,-0.09682492,-0.1018188,-0.09990472,-0.08468092,-0.05246956,-0.007476569,-0.0002729827,-4.948641e-05,-3.428993e-05,-6.556762e-05,-4.15617e-05,-5.367628e-05
-2.527692e-05,-2.742558e-05,-4.358067e-05,-6.457623e-05,-0.0001329522,-0.0002872044,-0.0007742024,-0.001888056,-0.0007898736,0.002103323,0.005234836,0.007972101,0.01017799,0.01202543,0.01363749,0.01511057,0.0164544,0.01765365,0.01866104,0.01943315,0.01991586,0.02007413,0.01986195,0.01926479,0.01824944,0.01682697,0.01497805,0.01274092,0.01010999,0.007150898,0.003871725,0.0003649995,-0.003349281,-0.007154389,-0.01102217,-0.01481677,-0.01850715,-0.02194473,-0.02510248,-0.02782668,-0.03010187,-0.03177728,-0.03285652,-0.03319939,-0.03283564,-0.03164239,-0.02968133,-0.02685206,-0.02325239,-0.01880768,-0.01365391,-0.007743104,-0.00124911,0.005851041,0.01334788,0.02124297,0.02929574,0.03749197,0.0455662,0.05349625,0.0609991,0.06805357,0.07436795,0.07993204,0.08445463,0.08794759,0.09012938,0.09104545,0.09043359,0.08838513,0.08466678,0.07942901,0.07247743,0.06403659,0.05396033,0.04256259,0.02975075,0.0159378,0.001080203,-0.01430536,-0.03022708,-0.04603675,-0.06167442,-0.07619246,-0.08914823,-0.09849352,-0.1021297,-0.09498706,-0.07328907,-0.03549302,-0.006058527,-0.001202243,-0.000370613,-9.310791e-05,-4.8425e-05,-2.382396e-05
-0.001482246,-0.001376377,-0.001393729,-0.001525009,-0.002099082,-0.003433378,-0.004546512,-0.004793549,-0.003535545,-0.0008127291,0.002274649,0.005376151,0.008092298,0.01060783,0.01282929,0.0149451,0.01684606,0.01862377,0.02015248,0.02146751,0.02246063,0.02313999,0.02343012,0.02332567,0.02279011,0.02181211,0.02039627,0.01852915,0.01625668,0.01356545,0.0105422,0.007174531,0.003587894,-0.0002301929,-0.004119603,-0.008096306,-0.01197111,-0.0157685,-0.01927751,-0.02253747,-0.02532373,-0.02769763,-0.02942888,-0.03060789,-0.03100649,-0.03075044,-0.02962027,-0.02778228,-0.02503065,-0.02157574,-0.0172284,-0.01224454,-0.006452393,-0.0001526428,0.006810479,0.01409408,0.02184167,0.02967248,0.03772323,0.04558149,0.05338399,0.0606937,0.06765595,0.07381697,0.07933997,0.08376306,0.08727711,0.08942065,0.09042311,0.08983218,0.08792756,0.08427537,0.07921875,0.07235207,0.0640965,0.05408441,0.04282914,0.03000534,0.01622807,0.001210708,-0.01432584,-0.03062524,-0.04681798,-0.06301457,-0.07792464,-0.09097375,-0.09933135,-0.1001106,-0.08812568,-0.06301491,-0.03228634,-0.01546054,-0.006406231,-0.00310216,-0.002180162,-0.001704131
-0.01178745,-0.01063287,-0.009808828,-0.009206483,-0.009021913,-0.009347275,-0.009646869,-0.009195549,-0.007770217,-0.005254204,-0.002173954,0.001117636,0.004315711,0.007376513,0.01025338,0.01297182,0.01551824,0.01787332,0.02001659,0.02189043,0.02348102,0.02471188,0.02558728,0.02602474,0.02605322,0.02559265,0.02470021,0.02330336,0.02148877,0.01919443,0.01653666,0.01346542,0.01012521,0.006477389,0.002691399,-0.001262895,-0.005196032,-0.009134182,-0.01287451,-0.01644521,-0.01963758,-0.02248885,-0.02479216,-0.02660075,-0.02771719,-0.02821713,-0.02791911,-0.02692667,-0.0250794,-0.02251268,-0.0190906,-0.01498243,-0.01007808,-0.004580778,0.001594406,0.008212065,0.01533476,0.02269842,0.03034767,0.03799497,0.04567262,0.05307573,0.06023145,0.06682444,0.0728845,0.07809369,0.08249257,0.08576839,0.08798162,0.08883279,0.08841191,0.08644188,0.08305313,0.07800081,0.07146804,0.06325287,0.05360359,0.04236878,0.02987136,0.01601192,0.001191586,-0.01463247,-0.03095235,-0.04769253,-0.06404494,-0.07941349,-0.09183565,-0.09881894,-0.09606301,-0.08146243,-0.05901695,-0.03929052,-0.02635369,-0.01919462,-0.01560218,-0.01332706
-0.02471128,-0.02226569,-0.02033,-0.01877636,-0.01761265,-0.01682059,-0.01617066,-0.01520595,-0.01356539,-0.01113602,-0.008087504,-0.004697326,-0.001177573,0.002318643,0.00574042,0.009024642,0.01216968,0.01511451,0.01785765,0.02032492,0.0225132,0.02434245,0.02581495,0.02685346,0.02747227,0.02760406,0.02728017,0.02644796,0.02515884,0.02337769,0.02117741,0.01854163,0.01556451,0.0122477,0.00870458,0.004952011,0.001118752,-0.002767608,-0.006568507,-0.01025154,-0.01367493,-0.01680838,-0.01951392,-0.0217704,-0.02345069,-0.0245493,-0.02495616,-0.02468715,-0.02365419,-0.02189885,-0.01935849,-0.01610298,-0.01209675,-0.007438698,-0.002120177,0.003731897,0.01010138,0.01683599,0.02389841,0.03111525,0.03843267,0.04566125,0.05273663,0.05945918,0.06576057,0.0714377,0.07642508,0.08052285,0.0836759,0.08569458,0.08654208,0.08604696,0.08419962,0.08085561,0.07604288,0.06965369,0.06176442,0.05231228,0.04143106,0.02910676,0.01553411,0.0007518919,-0.01496557,-0.03148529,-0.0483189,-0.06495415,-0.08007948,-0.09173293,-0.09657639,-0.09190802,-0.07794245,-0.06145095,-0.04801358,-0.03842625,-0.0321583,-0.02785847
-0.03836508,-0.0347645,-0.03180454,-0.02935275,-0.02733473,-0.02569534,-0.02425579,-0.02271025,-0.0207653,-0.01826678,-0.0152258,-0.01178814,-0.008104241,-0.004317916,-0.0005159122,0.003223273,0.006856764,0.01032892,0.01360605,0.01663543,0.01938351,0.02179924,0.02385162,0.02549553,0.02670764,0.02745416,0.0277245,0.02750063,0.02678838,0.02558833,0.02392485,0.02181842,0.0193124,0.01644668,0.01328223,0.00987592,0.00630317,0.002633788,-0.00104723,-0.0046626,-0.008123707,-0.01135226,-0.01426254,-0.01678191,-0.01883418,-0.02035868,-0.02129471,-0.02159911,-0.02123157,-0.02017074,-0.01840022,-0.01592324,-0.01274926,-0.008907151,-0.004432534,0.0006205885,0.006191849,0.01220421,0.01857538,0.0252088,0.03200402,0.03884927,0.04563077,0.05222648,0.05851464,0.06436872,0.06966449,0.07427666,0.07808458,0.0809701,0.08282231,0.08353705,0.08302004,0.08118869,0.07797338,0.0733216,0.06719694,0.05958501,0.05048968,0.03993987,0.02798192,0.01469242,0.0001699945,-0.01543154,-0.03187446,-0.04872479,-0.06518065,-0.0797405,-0.09000035,-0.09315643,-0.08835763,-0.0778113,-0.06619793,-0.0563035,-0.04864613,-0.04286183
-0.05203501,-0.04764679,-0.04391896,-0.04072493,-0.03798001,-0.03559948,-0.03345473,-0.03134017,-0.0290177,-0.02633263,-0.023235,-0.01976885,-0.01602169,-0.01209527,-0.008078376,-0.004050261,-7.448391e-05,0.003789253,0.007490801,0.01097859,0.01420793,0.01713182,0.01971055,0.02190324,0.02367825,0.02500473,0.02586328,0.02623704,0.02612237,0.02551931,0.02444228,0.02290969,0.02095471,0.01861399,0.01593841,0.01298096,0.009807528,0.006483901,0.003086676,-0.00031046,-0.003625603,-0.006783033,-0.009701564,-0.01230961,-0.01453291,-0.01630993,-0.01757897,-0.01829389,-0.01841022,-0.01790138,-0.0167437,-0.0149329,-0.01246816,-0.009368889,-0.005657694,-0.001377502,0.00342656,0.00868959,0.01434618,0.02031226,0.02650528,0.03282556,0.03917743,0.04544964,0.05153785,0.05732401,0.06269971,0.06754477,0.0717517,0.07520287,0.0777967,0.07942341,0.07999281,0.07940884,0.07759914,0.07448783,0.07002723,0.06416797,0.05689289,0.04818314,0.03805427,0.02652008,0.01363483,-0.0005374165,-0.01584457,-0.03203535,-0.04856964,-0.06445614,-0.0779667,-0.08685935,-0.08925367,-0.08574151,-0.07873753,-0.07081675,-0.06349999,-0.05725383
-0.06360886,-0.05916628,-0.05518914,-0.05163434,-0.04845691,-0.04559056,-0.04293892,-0.04035028,-0.03767256,-0.03477135,-0.03158309,-0.02809622,-0.02435162,-0.02040277,-0.01632297,-0.01217433,-0.008027887,-0.003938431,3.090783e-05,0.003832822,0.007410305,0.0107223,0.01371774,0.01636262,0.01861391,0.0204475,0.02183166,0.02275555,0.0232019,0.02317588,0.02267691,0.02172771,0.02034523,0.01856978,0.01643513,0.01399767,0.01130565,0.008428471,0.005425135,0.002373702,-0.0006609582,-0.003597396,-0.006370356,-0.008900634,-0.01112828,-0.01298184,-0.01441193,-0.01535983,-0.01579121,-0.015664,-0.01496235,-0.01366361,-0.0117725,-0.009287247,-0.006233933,-0.002631768,0.001472326,0.006039307,0.01100314,0.01630726,0.02186907,0.02761745,0.03345659,0.03930422,0.04505499,0.05061946,0.05588651,0.06076346,0.06513745,0.06891637,0.07198947,0.07426947,0.07565185,0.07605864,0.07539638,0.07360139,0.07059613,0.06633608,0.06076361,0.05385643,0.04557783,0.03592877,0.02489558,0.01251342,-0.001171932,-0.01599772,-0.03165767,-0.0474831,-0.06232445,-0.07445671,-0.08229595,-0.08491962,-0.08321656,-0.07899445,-0.0737856,-0.06852046
-0.07125783,-0.06761745,-0.06406485,-0.06067733,-0.05748323,-0.05446678,-0.05158293,-0.04874863,-0.04586013,-0.04282632,-0.03959062,-0.03612838,-0.03244804,-0.02857712,-0.02455962,-0.02044567,-0.01629122,-0.01215174,-0.008083246,-0.004139123,-0.0003714251,0.003171225,0.006442635,0.009400734,0.01200739,0.01422969,0.01604038,0.01741866,0.018351,0.01883122,0.01886156,0.01845202,0.0176215,0.01639636,0.01481164,0.01290887,0.01073725,0.008350821,0.005809691,0.003176554,0.0005181057,-0.002098997,-0.004606431,-0.006938686,-0.009030967,-0.01082396,-0.01226126,-0.01329434,-0.01387936,-0.01398234,-0.01357525,-0.01264129,-0.01117033,-0.009164292,-0.006631834,-0.003593904,-7.765734e-05,0.003877733,0.008227966,0.01291749,0.017887,0.02306705,0.02838619,0.03376393,0.03911977,0.04436552,0.04941486,0.05417513,0.05855761,0.06246822,0.06581899,0.06851771,0.07048032,0.07161986,0.07185988,0.07112206,0.06934119,0.06645084,0.06239973,0.05713491,0.05061945,0.0428131,0.03369366,0.02323851,0.01146392,-0.00157475,-0.01569,-0.03049101,-0.04521498,-0.05869962,-0.06945619,-0.07656437,-0.07981374,-0.07988075,-0.0778911,-0.07480095
-0.07342902,-0.07136792,-0.06893563,-0.06631463,-0.06361997,-0.06090103,-0.05817256,-0.05540128,-0.0525514,-0.04956935,-0.04642433,-0.04309168,-0.03957649,-0.03588606,-0.03205351,-0.02810808,-0.0240998,-0.02006913,-0.01607285,-0.01215409,-0.008369749,-0.004760528,-0.001379488,0.001738288,0.004546569,0.007018771,0.009118377,0.0108301,0.01212981,0.0130159,0.01347858,0.0135314,0.01317987,0.01245298,0.01137119,0.009977959,0.00830704,0.006414094,0.004343354,0.002159286,-8.722648e-05,-0.002327068,-0.004507137,-0.006558257,-0.008429749,-0.01005697,-0.01139613,-0.01239131,-0.01300947,-0.01320694,-0.0129645,-0.01225326,-0.01106983,-0.009401641,-0.007262134,-0.004655453,-0.001611799,0.00184854,0.005679656,0.009846626,0.01428962,0.01896119,0.02379,0.0287186,0.03366677,0.03856995,0.04334181,0.04791345,0.05219532,0.05611683,0.05958775,0.06253854,0.06488072,0.06654841,0.06745762,0.06754864,0.06674436,0.06499362,0.06222751,0.05840413,0.05346226,0.04736786,0.04006582,0.03153212,0.02173026,0.01068576,-0.001528253,-0.01466688,-0.02827163,-0.04154184,-0.05353923,-0.06314541,-0.06982385,-0.07364359,-0.07508839,-0.07481688
-0.06991465,-0.06983267,-0.06899031,-0.06761623,-0.06587602,-0.06387613,-0.06168351,-0.05932866,-0.05681467,-0.05413288,-0.05127602,-0.04823852,-0.0450246,-0.04164485,-0.03811967,-0.03447586,-0.03074807,-0.02697522,-0.02320054,-0.01946874,-0.01582568,-0.01231639,-0.00898468,-0.005871868,-0.00301615,-0.0004518286,0.001791587,0.003689677,0.005224242,0.006383101,0.007161276,0.007560296,0.0075894,0.007264213,0.006607999,0.005649755,0.004425384,0.002975311,0.001345653,-0.0004146931,-0.002252762,-0.004114846,-0.005945085,-0.00768907,-0.009292202,-0.01070353,-0.01187375,-0.01275923,-0.01331954,-0.01352158,-0.01333669,-0.01274475,-0.01173079,-0.01028918,-0.008419674,-0.006131647,-0.003439607,-0.0003675736,0.003056012,0.006793725,0.01080471,0.01503992,0.01944822,0.02397113,0.02854954,0.03311806,0.03761207,0.04196173,0.04609947,0.04995323,0.05345478,0.05653216,0.05911852,0.061144,0.06254535,0.06325666,0.06322002,0.06237493,0.06066962,0.05804887,0.05446622,0.04986952,0.04421548,0.03745443,0.02955368,0.02048969,0.0102965,-0.0009101881,-0.0128473,-0.02503307,-0.03671076,-0.04719438,-0.05581481,-0.06222488,-0.06649528,-0.06892595
-0.06142655,-0.06328676,-0.06417219,-0.06428295,-0.06379515,-0.06283572,-0.06150751,-0.05986889,-0.0579718,-0.05583618,-0.05348472,-0.05092419,-0.04817452,-0.04524483,-0.04216207,-0.03894403,-0.03562751,-0.03223939,-0.02882446,-0.02541534,-0.02206073,-0.01879468,-0.0156655,-0.01270479,-0.009956812,-0.007447315,-0.005213358,-0.003271966,-0.001650367,-0.0003545354,0.0006000464,0.00121994,0.001502472,0.00146722,0.001124286,0.0005057364,-0.000366677,-0.001450028,-0.00271298,-0.004104326,-0.005586098,-0.007102026,-0.008611015,-0.0100554,-0.01139467,-0.01257352,-0.0135557,-0.01429175,-0.01475299,-0.01489881,-0.01471077,-0.01415941,-0.0132384,-0.0119309,-0.01024375,-0.0081733,-0.005739694,-0.002952259,0.0001561926,0.00356441,0.007228174,0.01111588,0.01517374,0.01936175,0.02361862,0.02789823,0.03213397,0.03627582,0.04025416,0.04401716,0.04749422,0.05063379,0.05336605,0.05564153,0.05739298,0.05857452,0.05912275,0.05899658,0.0581367,0.05650646,0.0540495,0.05073145,0.04649606,0.04130997,0.03511924,0.02790586,0.01965616,0.01043774,0.0003962961,-0.01015328,-0.02082168,-0.03096564,-0.04007346,-0.04776929,-0.05385898,-0.05835691
-0.04962889,-0.05301309,-0.05540365,-0.0569342,-0.05773859,-0.05793494,-0.05762637,-0.05689705,-0.05580935,-0.05440974,-0.05273539,-0.0508134,-0.04866821,-0.04632203,-0.04379874,-0.04112376,-0.03832586,-0.03543653,-0.03249,-0.0295226,-0.02657183,-0.02367585,-0.02087221,-0.01819765,-0.01568651,-0.01337092,-0.01127906,-0.009435706,-0.007860338,-0.006568106,-0.005567918,-0.004863799,-0.004452988,-0.004327806,-0.004473722,-0.004871684,-0.005496291,-0.006318478,-0.007303731,-0.008415199,-0.009611825,-0.0108518,-0.01209064,-0.01328484,-0.01438983,-0.01536379,-0.01616536,-0.01675761,-0.01710543,-0.01717956,-0.01695361,-0.01640815,-0.01552733,-0.01430298,-0.01273081,-0.01081453,-0.008561633,-0.005987619,-0.003111268,4.101545e-05,0.003440254,0.007050486,0.0108342,0.01474757,0.01874645,0.02278123,0.02680309,0.03075867,0.03459663,0.0382618,0.04170225,0.04486288,0.04769288,0.0501388,0.05215263,0.05368389,0.05468849,0.05511981,0.05493795,0.0540997,0.05256834,0.05030174,0.04726386,0.04341142,0.03870991,0.03312211,0.02663538,0.01926421,0.01109304,0.00228754,-0.006830196,-0.01595906,-0.02467389,-0.03258486,-0.03944638,-0.04513014
-0.0362457,-0.04056476,-0.04402243,-0.04666946,-0.04858857,-0.04985732,-0.05056383,-0.0507752,-0.0505661,-0.04998523,-0.04908369,-0.04789165,-0.04644681,-0.04477025,-0.04289591,-0.04084408,-0.03865071,-0.03633911,-0.03394885,-0.03150636,-0.02905375,-0.02661873,-0.02424363,-0.02195489,-0.01979236,-0.01777851,-0.01594808,-0.01431707,-0.01291274,-0.01174252,-0.01082441,-0.01015579,-0.009744281,-0.009576595,-0.009649743,-0.00993997,-0.01043438,-0.01109985,-0.01191507,-0.01283949,-0.01384561,-0.01488794,-0.01593559,-0.01694103,-0.01787292,-0.01868478,-0.01934785,-0.01981956,-0.02007653,-0.02008268,-0.0198223,-0.01926786,-0.01841304,-0.01724017,-0.01575336,-0.01394551,-0.01183142,-0.009414498,-0.00671987,-0.003760728,-0.0005716013,0.00282574,0.006388824,0.01008885,0.0138771,0.01771964,0.02156332,0.02537096,0.02908697,0.03267278,0.03607216,0.03924701,0.04214203,0.04472116,0.04693162,0.04874066,0.05009902,0.05097824,0.05133282,0.0511383,0.05035202,0.04895174,0.04689514,0.04416022,0.04070364,0.03650736,0.03154106,0.02581611,0.01936169,0.01228778,0.004714516,-0.003055742,-0.01076869,-0.0181587,-0.02497645,-0.03103752
-0.02290692,-0.02757306,-0.03157961,-0.03492085,-0.03761933,-0.03971409,-0.04125639,-0.04230316,-0.04290738,-0.04311776,-0.04297921,-0.04252913,-0.04180082,-0.04082403,-0.03962711,-0.03823797,-0.03668507,-0.03499807,-0.03320743,-0.03134504,-0.02944294,-0.02753398,-0.02565011,-0.02382313,-0.02208269,-0.02045729,-0.01897199,-0.01764976,-0.01650899,-0.01556518,-0.01482838,-0.0143052,-0.01399633,-0.01389882,-0.01400366,-0.01429843,-0.01476498,-0.01538236,-0.01612451,-0.0169636,-0.01786766,-0.01880417,-0.01973769,-0.02063363,-0.02145577,-0.02217021,-0.02274267,-0.02314257,-0.02334016,-0.02331056,-0.02303064,-0.02248315,-0.02165323,-0.02053255,-0.0191155,-0.01740334,-0.01540005,-0.0131165,-0.01056597,-0.00776836,-0.004745431,-0.001525063,0.001863824,0.005386749,0.009009171,0.01269173,0.01639596,0.02007936,0.02370144,0.02721827,0.03058906,0.03377026,0.03672232,0.03940358,0.04177735,0.04380503,0.04545391,0.04668941,0.04748321,0.0478046,0.04762911,0.04692836,0.0456798,0.04385524,0.04143301,0.03838598,0.03469866,0.03036153,0.02539318,0.01983963,0.01383027,0.007457435,0.000920216,-0.005559411,-0.01179549,-0.01761976
-0.01063975,-0.01519546,-0.01930446,-0.02291989,-0.02603255,-0.02864059,-0.03076976,-0.03244123,-0.0336987,-0.03457257,-0.03510479,-0.03532164,-0.03525992,-0.0349407,-0.03439783,-0.03365066,-0.03273327,-0.03166605,-0.03048475,-0.02921133,-0.0278829,-0.026522,-0.02516571,-0.02383549,-0.02256652,-0.02137722,-0.02029885,-0.01934487,-0.0185407,-0.01789309,-0.01742013,-0.01712054,-0.01700404,-0.01706067,-0.01729143,-0.01767771,-0.01821221,-0.0188684,-0.01963177,-0.02046932,-0.02136107,-0.0222695,-0.02317134,-0.02402689,-0.02481201,-0.02548734,-0.02603033,-0.02640439,-0.02659091,-0.02655824,-0.02629372,-0.02577239,-0.02498907,-0.02392675,-0.02258869,-0.02096648,-0.01907217,-0.01690605,-0.01448874,-0.01182871,-0.008954485,-0.00588176,-0.00264579,0.0007317296,0.004210216,0.007763567,0.01134741,0.01493289,0.01847357,0.02193948,0.02528379,0.02847712,0.03147377,0.03424647,0.03675215,0.03896694,0.0408515,0.04238643,0.04353658,0.04428717,0.04460696,0.04448474,0.04389152,0.04281811,0.04123576,0.03913733,0.03649884,0.03332249,0.029605,0.02538508,0.02068105,0.01563356,0.01033813,0.004920172,-0.0004738947,-0.005698891
-8.379904e-05,-0.004232381,-0.00811205,-0.01166761,-0.0148628,-0.01767776,-0.02010844,-0.02216486,-0.02386247,-0.02522198,-0.02626801,-0.02702462,-0.02751553,-0.0277641,-0.02779314,-0.02762597,-0.02728613,-0.0267985,-0.02618822,-0.0254819,-0.02470589,-0.02388761,-0.02305335,-0.0222298,-0.02144153,-0.02071271,-0.0200644,-0.01951647,-0.01908476,-0.01878322,-0.01862109,-0.0186052,-0.01873718,-0.01901611,-0.01943567,-0.01998713,-0.02065656,-0.02142802,-0.02228093,-0.02319343,-0.02413976,-0.02509392,-0.02602695,-0.02691079,-0.02771549,-0.02841318,-0.02897519,-0.02937606,-0.02959054,-0.02959762,-0.02937728,-0.02891461,-0.02819628,-0.02721462,-0.02596391,-0.02444442,-0.02265836,-0.02061405,-0.0183215,-0.01579664,-0.01305669,-0.01012438,-0.007023071,-0.003781166,-0.0004269144,0.003007056,0.006489058,0.009983726,0.01345758,0.01687406,0.02019946,0.02339764,0.02643621,0.02928089,0.03190208,0.03426865,0.03635498,0.03813413,0.03958512,0.04068548,0.0414189,0.04176661,0.04171583,0.04124997,0.04035867,0.03902655,0.03724555,0.03500687,0.03231389,0.02917656,0.02565202,0.02175106,0.01755973,0.0131841,0.008717256,0.004262286
0.008631754,0.005037975,0.001574873,-0.001696309,-0.004739638,-0.007518704,-0.01002201,-0.01223384,-0.014164,-0.01581447,-0.0172042,-0.01834153,-0.01924943,-0.01993807,-0.02043229,-0.02074361,-0.02089883,-0.02091151,-0.0208106,-0.02061149,-0.02034477,-0.02002671,-0.01968823,-0.0193451,-0.01902698,-0.01874745,-0.01853323,-0.01839411,-0.01835226,-0.01841216,-0.01859017,-0.01888434,-0.01930425,-0.01984089,-0.02049674,-0.02125565,-0.02211322,-0.02304671,-0.02404566,-0.02508186,-0.02614016,-0.02718844,-0.02820862,-0.02916657,-0.03004327,-0.03080468,-0.0314329,-0.03189596,-0.03217907,-0.03225422,-0.0321114,-0.03172808,-0.0311004,-0.03021239,-0.0290672,-0.02765606,-0.02598951,-0.0240661,-0.02190366,-0.01950771,-0.01690283,-0.0141008,-0.011132,-0.008013442,-0.004780173,-0.001453093,0.001929387,0.00534388,0.00875013,0.01212372,0.01542402,0.01862716,0.02169356,0.0246013,0.02731333,0.02981099,0.03206084,0.03404863,0.0357453,0.03714143,0.03821249,0.03895355,0.03934371,0.03938156,0.03904815,0.0383447,0.03725548,0.03578524,0.03392588,0.03169578,0.02908352,0.02616487,0.02296705,0.01954151,0.01595766,0.01229768
0.01554779,0.0125496,0.00959052,0.006719049,0.003976569,0.001396391,-0.0009972734,-0.003191165,-0.005176721,-0.006952032,-0.008521137,-0.009891003,-0.01107073,-0.01207166,-0.01290603,-0.01358799,-0.0141324,-0.01455624,-0.01487674,-0.01511319,-0.01528461,-0.01541154,-0.01551353,-0.01561106,-0.01572271,-0.01586725,-0.01606075,-0.01631877,-0.01665334,-0.01707542,-0.01759179,-0.01820772,-0.01892391,-0.01973931,-0.02064815,-0.021643,-0.02271182,-0.02384123,-0.02501365,-0.02621078,-0.02741069,-0.02859157,-0.02972876,-0.03079865,-0.03177567,-0.03263628,-0.03335592,-0.03391297,-0.03428566,-0.03445601,-0.03440661,-0.03412456,-0.03359802,-0.03282019,-0.03178565,-0.0304943,-0.02894746,-0.0271519,-0.02511564,-0.02285198,-0.02037519,-0.01770446,-0.01485943,-0.01186429,-0.008742989,-0.005523497,-0.002232853,0.00109848,0.004441785,0.007765466,0.01104053,0.01423573,0.01732316,0.02027327,0.02306071,0.02565882,0.02804598,0.03019955,0.03210244,0.03373656,0.03508972,0.03614814,0.036904,0.03734691,0.03747262,0.03727294,0.03674548,0.03588582,0.03469597,0.03317787,0.03136357,0.02923939,0.026846,0.02423467,0.02144601,0.01853214
0.02093724,0.01850884,0.01605579,0.01362435,0.01124342,0.008949865,0.006761594,0.00470544,0.002785868,0.001015879,-0.0006086414,-0.002082284,-0.003415686,-0.004608054,-0.005674278,-0.006616861,-0.007453987,-0.008191119,-0.00884922,-0.009436114,-0.009974827,-0.01047454,-0.01095914,-0.0114379,-0.01193412,-0.01245571,-0.01302394,-0.01364388,-0.01433336,-0.01509336,-0.01593709,-0.01686042,-0.01787117,-0.01895951,-0.02012749,-0.02135949,-0.02265195,-0.02398387,-0.0253467,-0.02671494,-0.02807621,-0.02940179,-0.03067687,-0.0318711,-0.03296891,-0.03394004,-0.03476989,-0.03542998,-0.03590836,-0.0361799,-0.0362367,-0.03605832,-0.03564209,-0.03497316,-0.03405487,-0.03287854,-0.03145386,-0.02977847,-0.02786835,-0.02572722,-0.02337693,-0.02082667,-0.01810342,-0.015221,-0.01221055,-0.009089384,-0.005891684,-0.002637065,0.0006385634,0.00391457,0.007154626,0.01033849,0.0134307,0.01641274,0.01925137,0.02193099,0.02442173,0.02671204,0.02877622,0.03060739,0.03218444,0.03350523,0.03455281,0.03532922,0.03582045,0.03603185,0.03595259,0.03559018,0.03493752,0.0340079,0.03278431,0.03131722,0.02960901,0.02768119,0.02556512,0.02330548
0.02504309,0.02312249,0.02114215,0.01913357,0.01712663,0.01514802,0.01322067,0.01136064,0.009582448,0.007895906,0.006306247,0.004815635,0.00342407,0.00212865,0.0009253613,-0.000192295,-0.001231534,-0.00220201,-0.003113577,-0.003978362,-0.004808187,-0.00561668,-0.006416534,-0.007221712,-0.008044468,-0.00889773,-0.009791994,-0.01073779,-0.01174257,-0.0128133,-0.01395329,-0.015165,-0.0164469,-0.01779638,-0.0192067,-0.02067011,-0.02217478,-0.02370818,-0.02525402,-0.02679575,-0.02831361,-0.02978826,-0.03119777,-0.03252142,-0.03373667,-0.03482299,-0.03575879,-0.0365253,-0.03710341,-0.03747756,-0.03763245,-0.03755691,-0.03724051,-0.03667738,-0.03586266,-0.03479628,-0.03347928,-0.03191756,-0.03011801,-0.02809227,-0.02585269,-0.02341612,-0.02079969,-0.01802467,-0.01511205,-0.01208653,-0.008971903,-0.005795155,-0.002581671,0.0006404764,0.00384556,0.007005719,0.01009614,0.01309044,0.01596601,0.01869908,0.0212704,0.02365988,0.02585251,0.02783252,0.02958962,0.03111247,0.03239533,0.03343073,0.034217,0.03474946,0.03502854,0.03505267,0.03482465,0.03434548,0.03363758,0.0326825,0.03150386,0.03012955,0.02857699,0.02687187
0.02818465,0.02669687,0.02512406,0.02349726,0.02183312,0.02015967,0.01848934,0.01684678,0.0152375,0.01367736,0.01216671,0.01071621,0.00932096,0.007987537,0.006707065,0.005482924,0.004303093,0.003168178,0.00206359,0.0009877576,-7.582853e-05,-0.001130069,-0.002192383,-0.003265967,-0.004367964,-0.005500644,-0.006679677,-0.007905181,-0.00919017,-0.01053156,-0.01193872,-0.01340451,-0.01493399,-0.01651547,-0.0181494,-0.01981945,-0.02152158,-0.02323517,-0.02495222,-0.02664856,-0.02831318,-0.02991944,-0.03145451,-0.0328906,-0.03421448,-0.03539865,-0.03643092,-0.03728553,-0.03795273,-0.03840981,-0.03865069,-0.03865681,-0.03842673,-0.03794684,-0.03722098,-0.03624101,-0.03501634,-0.03354438,-0.03184011,-0.02990629,-0.02776309,-0.02541813,-0.02289613,-0.02020884,-0.0173847,-0.01443863,-0.01140182,-0.008291281,-0.005139806,-0.001965398,0.001198737,0.004334857,0.00741051,0.01040944,0.01330114,0.016072,0.01869457,0.02115888,0.02344141,0.02553656,0.02742519,0.02910637,0.03056522,0.03180519,0.03281475,0.03360093,0.03415554,0.03448746,0.03459098,0.03447795,0.03413218,0.03359274,0.03285345,0.03192487,0.03082137,0.02956939
0.03057938,0.0294441,0.02821374,0.0269069,0.02554253,0.02413818,0.02271025,0.02127052,0.01983142,0.01840245,0.01699031,0.01559941,0.01423289,0.01289136,0.01157484,0.01028101,0.009007297,0.007748846,0.00650096,0.005256812,0.004010137,0.002752908,0.001478152,0.0001775572,-0.001155517,-0.002528576,-0.003946873,-0.005416013,-0.006938821,-0.008518056,-0.01015324,-0.01184352,-0.01358456,-0.01537145,-0.01719571,-0.01904836,-0.02091688,-0.02278854,-0.02464734,-0.02647747,-0.0282603,-0.02997795,-0.0316103,-0.03313862,-0.03454256,-0.03580387,-0.03690334,-0.03782451,-0.03855058,-0.03906811,-0.03936379,-0.03942822,-0.03925249,-0.03883195,-0.03816268,-0.0372452,-0.03608086,-0.03467545,-0.03303551,-0.03117194,-0.02909613,-0.0268236,-0.02436997,-0.02175471,-0.0189969,-0.01611904,-0.01314275,-0.01009258,-0.006991593,-0.003865321,-0.0007371702,0.002367503,0.005426108,0.0084146,0.01131237,0.01409777,0.01675325,0.01926054,0.02160602,0.02377552,0.02575987,0.02754929,0.02913912,0.03052354,0.03170217,0.03267226,0.03343568,0.03399263,0.03434668,0.03449941,0.03446844,0.03423616,0.03381936,0.03323532,0.03249152,0.03160104
0.03246994,0.03161193,0.03064876,0.02960123,0.02847669,0.02729501,0.026062,0.02479721,0.02350308,0.02219353,0.02086852,0.01953917,0.01820195,0.01686531,0.01552298,0.01418112,0.01283118,0.01147739,0.01010936,0.008729801,0.007327003,0.005902806,0.004444945,0.002955176,0.001421584,-0.0001532216,-0.001779874,-0.00345396,-0.005183919,-0.006962715,-0.008795832,-0.01067297,-0.01259615,-0.01455144,-0.01653722,-0.01853593,-0.02054244,-0.02253585,-0.02450807,-0.02643556,-0.02830801,-0.03010019,-0.03180066,-0.03338362,-0.03483767,-0.03613765,-0.03727347,-0.03822183,-0.03897508,-0.0395129,-0.0398311,-0.03991324,-0.0397594,-0.03935768,-0.03871292,-0.03781813,-0.03668316,-0.03530601,-0.03370145,-0.03187222,-0.02983773,-0.02760501,-0.02519748,-0.02262584,-0.01991678,-0.01708379,-0.01415597,-0.01114866,-0.00809236,-0.005003239,-0.001912144,0.001165017,0.004198136,0.007172671,0.01006033,0.012849,0.01551324,0.01804435,0.02042053,0.02263724,0.02467689,0.02653944,0.02821158,0.02969764,0.03098784,0.0320902,0.03299834,0.03372201,0.03425681,0.03461418,0.03478016,0.03478758,0.03462715,0.03430561,0.03382922,0.03321545
0.03398843,0.03333389,0.03257331,0.03171701,0.03077629,0.02976163,0.02868356,0.02754907,0.02636695,0.02514422,0.02388628,0.02259708,0.02128011,0.01993696,0.0185692,0.01717652,0.01575889,0.01431435,0.01284155,0.01133734,0.009799449,0.008224089,0.006608726,0.004949612,0.003244717,0.001491153,-0.0003118117,-0.002165392,-0.004068243,-0.006019202,-0.008014213,-0.01004919,-0.01211698,-0.01421028,-0.01631869,-0.01843176,-0.02053603,-0.02261822,-0.02466231,-0.02665286,-0.02857205,-0.03040315,-0.03212756,-0.03372829,-0.03518705,-0.03648774,-0.0376135,-0.03855025,-0.03928363,-0.03980253,-0.04009602,-0.04015682,-0.03997809,-0.03955695,-0.03889113,-0.03798241,-0.03683327,-0.03545022,-0.03384036,-0.03201469,-0.0299846,-0.02776513,-0.02537139,-0.02282183,-0.02013456,-0.01733065,-0.01443034,-0.01145646,-0.008430432,-0.005375846,-0.002314337,0.0007307588,0.003738648,0.00668728,0.009557731,0.01233025,0.01498878,0.01751675,0.01990185,0.02213142,0.0241974,0.02609143,0.02780989,0.02934842,0.03070766,0.03188648,0.03288786,0.03371349,0.03436776,0.03485326,0.0351848,0.03534707,0.03535383,0.03521671,0.03493873,0.03452651
0.03527851,0.03476232,0.03413503,0.03341085,0.03259092,0.03168921,0.03070642,0.02965759,0.02854197,0.02737091,0.02614286,0.02486806,0.02354297,0.02217649,0.0207635,0.01931162,0.01781446,0.01627858,0.01469657,0.01307422,0.01140352,0.009689935,0.00792537,0.00611558,0.004253039,0.002344458,0.0003835701,-0.001621281,-0.003674451,-0.005765381,-0.007895993,-0.01005309,-0.01223585,-0.01442824,-0.01662664,-0.01881227,-0.02097893,-0.02310547,-0.0251836,-0.02719044,-0.02911636,-0.03093758,-0.03264406,-0.03421209,-0.03563227,-0.03688199,-0.03795349,-0.03882632,-0.0394953,-0.039943,-0.04016767,-0.04015562,-0.0399091,-0.03941865,-0.0386909,-0.03772084,-0.03651961,-0.03508659,-0.0334373,-0.0315753,-0.02952006,-0.02727887,-0.02487467,-0.0223178,-0.01963395,-0.0168358,-0.01395097,-0.01099363,-0.007992472,-0.004962212,-0.001931672,0.001084814,0.004059266,0.006978727,0.009817001,0.01256349,0.01519472,0.01770331,0.02006932,0.02228933,0.02434745,0.02624463,0.0279692,0.0295264,0.03090815,0.03212336,0.03316729,0.03405052,0.03476996,0.03533707,0.03574049,0.03600898,0.03613229,0.03611589,0.03596184,0.0356827
0.03638085,0.0359393,0.03538833,0.03473298,0.03397946,0.03313337,0.03220098,0.03118567,0.03009318,0.0289283,0.027695,0.02639644,0.02503599,0.02361564,0.02213792,0.02060394,0.01901551,0.01737298,0.01567759,0.01392922,0.01212885,0.01027627,0.008372638,0.00641813,0.004414646,0.00236331,0.0002673077,-0.00187071,-0.004045759,-0.006253188,-0.00848581,-0.01073666,-0.01299612,-0.01525482,-0.01750075,-0.01972222,-0.02190511,-0.02403585,-0.02609868,-0.02807878,-0.02995949,-0.0317255,-0.03336013,-0.03484853,-0.03617493,-0.03732587,-0.03828743,-0.03904844,-0.03959771,-0.03992714,-0.04002893,-0.03989868,-0.03953249,-0.03893005,-0.03809161,-0.03702109,-0.03572294,-0.03420524,-0.03247645,-0.0305485,-0.02843348,-0.02614668,-0.02370329,-0.02112137,-0.01841849,-0.01561479,-0.01272946,-0.009783889,-0.006798105,-0.003793892,-0.0007912133,0.002188591,0.005126537,0.008002646,0.01079979,0.01350026,0.01608967,0.01855338,0.02088056,0.02306032,0.02508591,0.02695059,0.02865188,0.03018699,0.0315576,0.03276408,0.03381047,0.03469976,0.03543716,0.03602638,0.03648029,0.03678621,0.03695637,0.03699907,0.03691513,0.03670763
0.03734447,0.03692313,0.03638822,0.03574972,0.03500473,0.03416329,0.03322265,0.03219468,0.03107644,0.02987738,0.02859494,0.02723872,0.02580537,0.02430419,0.02273131,0.02109567,0.01939294,0.0176318,0.01580765,0.01392904,0.01199132,0.01000323,0.00796044,0.005872258,0.003735107,0.001559318,-0.0006574747,-0.002903491,-0.005179474,-0.007471835,-0.009779409,-0.01208659,-0.01439017,-0.01667251,-0.01892845,-0.02113853,-0.02329595,-0.02537982,-0.02738222,-0.02928147,-0.03106922,-0.03272375,-0.03423711,-0.03558836,-0.03677081,-0.03776519,-0.03856689,-0.03915912,-0.03954005,-0.03969603,-0.03962864,-0.03932784,-0.03879901,-0.03803598,-0.03704809,-0.03583313,-0.03440434,-0.03276331,-0.03092695,-0.0289003,-0.02670352,-0.02434462,-0.02184645,-0.01921939,-0.01648835,-0.01366541,-0.01077678,-0.007835489,-0.004868369,-0.001888584,0.001077231,0.00401653,0.006903708,0.009727676,0.01246463,0.0151058,0.01763001,0.02003154,0.02229259,0.02441114,0.02637325,0.02818106,0.02982464,0.03131023,0.03263135,0.03379772,0.03480602,0.03566743,0.03638001,0.03695525,0.03738415,0.03769245,0.03786969,0.03792116,0.03784647,0.03765534
0.03812912,0.03767462,0.03710818,0.03643152,0.03564766,0.03475912,0.0337695,0.03267998,0.03149446,0.0302165,0.0288494,0.02739624,0.02586072,0.02424577,0.02255521,0.0207919,0.0189597,0.01706144,0.01510106,0.01308148,0.01100689,0.008880524,0.00670706,0.004490346,0.002235891,-5.149245e-05,-0.002365133,-0.004698931,-0.007044767,-0.009394996,-0.01173988,-0.01407011,-0.01637429,-0.01864155,-0.02085897,-0.02301433,-0.0250936,-0.02708364,-0.0289698,-0.03073866,-0.03237559,-0.03386761,-0.0352009,-0.03636365,-0.03734362,-0.03813096,-0.03871572,-0.03909067,-0.03924877,-0.03918597,-0.03889858,-0.03838607,-0.03764839,-0.0366887,-0.03551063,-0.03412096,-0.03252689,-0.0307386,-0.02876653,-0.02662391,-0.02432394,-0.02188237,-0.01931466,-0.0166385,-0.01387094,-0.01103101,-0.008136721,-0.005207729,-0.002262335,0.0006798559,0.003600961,0.006482089,0.00930652,0.01205682,0.01471812,0.0172752,0.0197158,0.02202757,0.02420153,0.02622885,0.02810434,0.02982297,0.03138353,0.0327847,0.03402905,0.03511823,0.03605695,0.03684916,0.03750051,0.03801547,0.03840525,0.03865949,0.03878939,0.03880099,0.03869399,0.03846941
0.03870836,0.03817749,0.03752993,0.03677307,0.03590178,0.03492377,0.03383448,0.03264403,0.03134858,0.02995683,0.02846625,0.02688666,0.02521569,0.0234638,0.0216289,0.01972183,0.01774079,0.01569696,0.01358881,0.01142787,0.009212993,0.006956188,0.00465684,0.002327661,-3.120135e-05,-0.002406116,-0.004795922,-0.007185868,-0.009573603,-0.01194311,-0.01429077,-0.0165993,-0.01886385,-0.02106602,-0.02319997,-0.02524646,-0.02719905,-0.02903812,-0.03075715,-0.03233675,-0.03377092,-0.03504115,-0.0361427,-0.0370586,-0.03778601,-0.03831018,-0.03863078,-0.03873581,-0.03862792,-0.03829828,-0.03775283,-0.03698613,-0.03600753,-0.03481501,-0.03342127,-0.03182757,-0.03004974,-0.02809196,-0.02597284,-0.02369909,-0.02129157,-0.01875899,-0.01612398,-0.01339668,-0.01060086,-0.007747565,-0.004861129,-0.001952862,0.0009528593,0.003845063,0.006699944,0.009507402,0.01224483,0.01490365,0.01746302,0.01991654,0.0222458,0.02444717,0.02650531,0.02841992,0.03017912,0.03178632,0.03323326,0.03452703,0.03566242,0.0366496,0.03748614,0.03818334,0.03873982,0.03916672,0.03945675,0.03963292,0.03968469,0.03961744,0.03942922,0.03912793
0.03898811,0.03833908,0.03757418,0.03669343,0.0356982,0.03458959,0.03337003,0.03204,0.03060292,0.02906236,0.02742213,0.02568622,0.02385965,0.02194709,0.01995439,0.01788684,0.01575093,0.01355245,0.0112984,0.008995061,0.006649968,0.004269897,0.001862992,-0.0005633342,-0.003000231,-0.00543952,-0.007871502,-0.01028714,-0.01267583,-0.01502762,-0.01733103,-0.01957528,-0.02174812,-0.02383819,-0.02583277,-0.0277202,-0.02948773,-0.03112387,-0.03261631,-0.03395435,-0.03512671,-0.03612401,-0.03693662,-0.0375571,-0.03797802,-0.0381944,-0.03820148,-0.03799714,-0.03757961,-0.03694988,-0.03610937,-0.0350622,-0.03381297,-0.03236888,-0.03073745,-0.02892872,-0.02695284,-0.02482224,-0.02254928,-0.02014836,-0.01763349,-0.01502051,-0.01232463,-0.009562579,-0.006750224,-0.003904733,-0.001042109,0.001820534,0.004667469,0.007482131,0.01024955,0.01295409,0.01558206,0.01811928,0.02055377,0.02287338,0.02506841,0.0271292,0.02904892,0.03082095,0.03244167,0.03390777,0.03521905,0.03637537,0.03737977,0.03823458,0.03894459,0.03951404,0.0399483,0.040252,0.0404344,0.04048686,0.04041952,0.04023656,0.03993702,0.0395207
0.03890285,0.03810524,0.03718645,0.03615273,0.0349982,0.0337298,0.03234268,0.03084669,0.02923849,0.02752734,0.02571194,0.02380343,0.02180144,0.01971842,0.01755494,0.01532438,0.01302809,0.01068024,0.008282739,0.00585038,0.003385646,0.0009038515,-0.001591986,-0.004085972,-0.006574555,-0.009041257,-0.01148194,-0.01387957,-0.01622945,-0.01851403,-0.02072821,-0.02285407,-0.02488628,-0.02680686,-0.0286106,-0.0302798,-0.03180977,-0.03318357,-0.03439752,-0.03543596,-0.03629673,-0.03696596,-0.03744355,-0.03771789,-0.03779132,-0.03765491,-0.03731379,-0.03676191,-0.03600735,-0.03504705,-0.03389206,-0.03254218,-0.03101127,-0.02930177,-0.02742999,-0.02540065,-0.02323212,-0.02093091,-0.01851692,-0.01599801,-0.0133951,-0.01071684,-0.007984754,-0.005207804,-0.00240766,0.0004067475,0.003214017,0.006005622,0.008760688,0.01147144,0.01411788,0.01669322,0.01917868,0.02156888,0.02384658,0.02600824,0.02803863,0.02993647,0.03168902,0.03329771,0.03475264,0.03605826,0.03720763,0.03820819,0.03905546,0.03975938,0.04031766,0.04074099,0.04102777,0.04118814,0.04121571,0.04113062,0.0409221,0.04059552,0.04014778,0.03958562
0.03834732,0.03737293,0.0362779,0.03506195,0.03372618,0.0322718,0.03070151,0.02901657,0.02722128,0.02532061,0.02331997,0.02122546,0.01904433,0.01678394,0.0144529,0.01205962,0.009613713,0.00712441,0.004602037,0.002056415,-0.000501545,-0.00306158,-0.00561234,-0.008143169,-0.01064238,-0.01309901,-0.0155011,-0.01783749,-0.02009609,-0.02226569,-0.02433426,-0.02629078,-0.02812355,-0.02982208,-0.03137534,-0.03277374,-0.03400737,-0.03506797,-0.03594718,-0.03663852,-0.03713564,-0.03743427,-0.03753045,-0.03742246,-0.03710902,-0.03659118,-0.03587052,-0.03495092,-0.03383677,-0.03253473,-0.03105185,-0.02939729,-0.02758043,-0.02561255,-0.02350489,-0.02127037,-0.01892165,-0.01647271,-0.01393706,-0.0113293,-0.008663271,-0.00595371,-0.00321441,-0.0004598577,0.002296538,0.005040769,0.007760083,0.01044117,0.01307202,0.0156402,0.01813464,0.02054387,0.02285795,0.02506661,0.02716125,0.02913314,0.0309754,0.03268115,0.03424565,0.03566431,0.03693484,0.0380552,0.0390257,0.03984674,0.04052116,0.04105122,0.04144097,0.04169413,0.04181504,0.0418077,0.0416791,0.04142158,0.041044,0.04054891,0.03993487,0.03920105
0.03726403,0.03609703,0.0348045,0.03339285,0.0318568,0.03020391,0.02843051,0.02654755,0.02455351,0.02245946,0.02026648,0.01798807,0.01562679,0.01319788,0.01070526,0.008165394,0.005583211,0.002976128,0.000349717,-0.002278008,-0.004901022,-0.007500986,-0.01007164,-0.01259447,-0.01506318,-0.01745928,-0.01977659,-0.02199685,-0.02411422,-0.02611088,-0.02798163,-0.0297094,-0.03128991,-0.03270721,-0.03395831,-0.03502876,-0.03591728,-0.0366113,-0.0371116,-0.03740791,-0.03750344,-0.03739048,-0.03707492,-0.03655183,-0.03582991,-0.03490704,-0.03379472,-0.03249354,-0.03101757,-0.02936986,-0.02756673,-0.02561322,-0.02352742,-0.02131588,-0.01899786,-0.01658083,-0.01408469,-0.01151724,-0.008898445,-0.006235964,-0.003549373,-0.0008457773,0.001855906,0.004549406,0.007216677,0.00985234,0.01243932,0.01497318,0.01743772,0.01982942,0.02213299,0.02434576,0.02645335,0.02845406,0.03033452,0.03209421,0.03372104,0.03521597,0.03656857,0.03778162,0.03884667,0.03976865,0.04054123,0.04117151,0.04165493,0.04200039,0.04220495,0.04227791,0.04221672,0.04202988,0.04171125,0.0412779,0.04071869,0.04003888,0.03923452,0.03831171
0.0355826,0.03420976,0.03271293,0.0310927,0.02935122,0.02749109,0.02551662,0.02343113,0.02124106,0.01895388,0.01657768,0.01412157,0.01159582,0.009011164,0.006379487,0.003712736,0.001023887,-0.001674281,-0.004368166,-0.007044559,-0.009689537,-0.01228981,-0.01483146,-0.01730135,-0.01968588,-0.02197235,-0.0241477,-0.02619995,-0.02811691,-0.02988762,-0.03150106,-0.03294764,-0.03421789,-0.03530392,-0.03619819,-0.0368949,-0.03738873,-0.03767632,-0.03775495,-0.03762394,-0.03728335,-0.03673537,-0.03598296,-0.03503121,-0.03388594,-0.03255498,-0.03104677,-0.02937162,-0.0275402,-0.0255648,-0.02345786,-0.02123303,-0.01890384,-0.01648474,-0.01398963,-0.01143308,-0.008828835,-0.006190927,-0.003532387,-0.0008663337,0.001795339,0.004440731,0.007059209,0.00964023,0.01217446,0.01465258,0.01706647,0.01940788,0.02166959,0.02384423,0.02592533,0.02790612,0.02978077,0.03154311,0.0331879,0.0347097,0.03610412,0.03736664,0.03849407,0.03948323,0.04033243,0.04104012,0.04160636,0.04203125,0.04231661,0.04246382,0.04247546,0.042354,0.04210214,0.0417227,0.04122017,0.04058751,0.0398321,0.03895516,0.03795506,0.0368309
0.03329488,0.03171549,0.03000905,0.02818316,0.02623441,0.02417214,0.02199508,0.01971642,0.01733756,0.01487234,0.01232515,0.009712566,0.0070407,0.004328074,0.001582272,-0.001176943,-0.00394103,-0.00668944,-0.009413214,-0.01209154,-0.01471541,-0.01726421,-0.01972929,-0.02209055,-0.02434011,-0.02645873,-0.02843959,-0.03026473,-0.03192873,-0.03341522,-0.03472061,-0.03583048,-0.03674339,-0.03744725,-0.03794311,-0.03822154,-0.03828636,-0.03813105,-0.03776243,-0.03717701,-0.0363847,-0.03538509,-0.03419108,-0.03280519,-0.03124307,-0.02950982,-0.02762345,-0.02559114,-0.02343264,-0.02115658,-0.0187838,-0.01632359,-0.01379709,-0.01121356,-0.00859368,-0.005945946,-0.003289996,-0.0006329611,0.002007072,0.004624651,0.007203532,0.009740098,0.01221991,0.01464114,0.01699099,0.01926909,0.02146394,0.02357626,0.02559539,0.02752271,0.02934802,0.03107298,0.03268763,0.03419374,0.03558147,0.0368528,0.03799816,0.03902,0.03990939,0.04066961,0.04129274,0.0417833,0.04213468,0.04235279,0.04243217,0.04238,0.04219199,0.04187552,0.04142665,0.04085196,0.04014513,0.03932035,0.03836621,0.03728795,0.03608128,0.03475221
0.03039651,0.02861181,0.02670391,0.02467537,0.02253038,0.02027411,0.01791342,0.01545477,0.01290757,0.01028266,0.007591428,0.004846584,0.002061805,-0.0007485365,-0.003569197,-0.006384723,-0.009179006,-0.01193607,-0.01463957,-0.01727359,-0.01982205,-0.02226958,-0.02460088,-0.02680155,-0.02885749,-0.03075574,-0.03248378,-0.03403047,-0.03538532,-0.03653936,-0.03748452,-0.03821443,-0.03872373,-0.03900896,-0.03906783,-0.03890001,-0.03850646,-0.03789018,-0.03705544,-0.03600856,-0.03475707,-0.03331044,-0.03167922,-0.02987567,-0.02791291,-0.02580545,-0.02356834,-0.02121766,-0.01876963,-0.01624108,-0.01364853,-0.01100865,-0.008337417,-0.005650549,-0.002962654,-0.0002877768,0.00236141,0.004973086,0.007536912,0.01004348,0.01248491,0.0148542,0.01714569,0.01935448,0.02147678,0.02350921,0.02544925,0.02729448,0.02904296,0.03069263,0.0322416,0.03368761,0.0350285,0.03626158,0.03738424,0.03839343,0.03928628,0.04005961,0.04071069,0.04123671,0.04163554,0.04190516,0.04204443,0.04205235,0.04192899,0.04167426,0.04128877,0.04077341,0.04012899,0.03935705,0.03845976,0.03743064,0.03627586,0.03499587,0.03358935,0.03205598
0.02694689,0.02496944,0.02286883,0.02065485,0.01832686,0.01589693,0.01336708,0.01075352,0.008061286,0.005307566,0.002500484,-0.0003399756,-0.003203984,-0.006069761,-0.008926192,-0.01175056,-0.01453118,-0.01724503,-0.01988054,-0.02241507,-0.02483775,-0.0271269,-0.02927289,-0.03125551,-0.03306687,-0.03468871,-0.03611534,-0.03733089,-0.03833226,-0.0391064,-0.0396532,-0.03996276,-0.04003829,-0.03987331,-0.03947455,-0.03883915,-0.03797746,-0.03689023,-0.03559139,-0.03408515,-0.03238874,-0.03050952,-0.02846756,-0.02627279,-0.02394748,-0.02150338,-0.01896413,-0.0163424,-0.01366226,-0.01093632,-0.008188121,-0.005429186,-0.002681546,4.515364e-05,0.002731204,0.005369545,0.007943283,0.01044838,0.01287103,0.01521022,0.01745515,0.01960761,0.02165933,0.02361437,0.02546634,0.02722075,0.02887232,0.03042718,0.03188026,0.03323757,0.03449355,0.03565346,0.03671086,0.03766996,0.03852326,0.03927403,0.03991392,0.0404456,0.04086035,0.04116079,0.04133841,0.04139634,0.04132681,0.04113382,0.04081046,0.04036174,0.0397818,0.03907599,0.03823897,0.03727563,0.0361796,0.0349627,0.0336138,0.03213859,0.03053309,0.028804
0.0230106,0.02085317,0.01857982,0.01619595,0.01370864,0.01112635,0.008459235,0.00571743,0.002913822,6.296649e-05,-0.002820273,-0.005719523,-0.00861783,-0.01149744,-0.01434022,-0.01712779,-0.01984169,-0.02246366,-0.02497573,-0.02736046,-0.02960098,-0.03168134,-0.03358642,-0.03530227,-0.03681606,-0.03811635,-0.03919308,-0.04003781,-0.04064364,-0.04100552,-0.0411201,-0.040986,-0.04060369,-0.03997568,-0.03910638,-0.03800222,-0.03667152,-0.03512455,-0.03337331,-0.03143155,-0.0293145,-0.02703886,-0.02462244,-0.02208409,-0.01944336,-0.0167203,-0.01393515,-0.01110812,-0.008259037,-0.005407139,-0.002570754,0.0002329189,0.002988027,0.005680236,0.00829694,0.01082728,0.01326228,0.01559485,0.01781967,0.01993322,0.02193356,0.02382023,0.02559393,0.02725644,0.02881023,0.03025826,0.0316037,0.03284971,0.0339991,0.03505433,0.03601707,0.03688837,0.03766836,0.03835639,0.03895091,0.03944974,0.03984998,0.04014835,0.04034121,0.04042488,0.04039567,0.0402502,0.03998535,0.03959852,0.03908765,0.03845101,0.03768723,0.03679579,0.03577593,0.03462827,0.03335335,0.03194574,0.03041101,0.02874973,0.0269616,0.02504775
0.01870332,0.01638779,0.01396038,0.01143378,0.008810872,0.006106995,0.003327969,0.0004934,-0.002387848,-0.005295125,-0.008216634,-0.01112925,-0.01401981,-0.01686384,-0.01964745,-0.02234586,-0.02494529,-0.02742144,-0.0297615,-0.03194246,-0.03395315,-0.03577254,-0.03739174,-0.03879227,-0.03996812,-0.04090388,-0.04159686,-0.04203519,-0.0422199,-0.04214306,-0.04180972,-0.04121609,-0.04037146,-0.03927629,-0.0379441,-0.03637955,-0.03460022,-0.03261465,-0.0304441,-0.02810046,-0.025608,-0.02298125,-0.0202466,-0.01742022,-0.01452958,-0.01159135,-0.008632869,-0.005670087,-0.002728984,0.0001764359,0.003022681,0.005798789,0.00848473,0.01107334,0.01354873,0.01590801,0.01813963,0.02024504,0.02221686,0.02406044,0.02577197,0.0273599,0.02882299,0.03017173,0.03140629,0.03253789,0.03356688,0.03450403,0.03534869,0.03611019,0.03678604,0.03738344,0.03789767,0.03833357,0.03868416,0.03895222,0.03912897,0.03921573,0.03920266,0.03909045,0.0388691,0.03853953,0.03809228,0.03752914,0.03684162,0.03603271,0.03509522,0.03403294,0.03283972,0.03151946,0.03006637,0.02849087,0.02678304,0.02494973,0.02298823,0.0209068
0.01413446,0.01168076,0.009126436,0.006480401,0.003753091,0.0009567211,-0.001895051,-0.004788226,-0.007706499,-0.01063177,-0.01354607,-0.01642988,-0.01926369,-0.0220272,-0.02470044,-0.02726327,-0.02969624,-0.03198024,-0.03409724,-0.03602994,-0.03776249,-0.03928011,-0.04056977,-0.04161981,-0.04242058,-0.04296406,-0.04324443,-0.04325774,-0.04300239,-0.04247877,-0.04168977,-0.04064029,-0.03933777,-0.03779162,-0.0360137,-0.03401773,-0.03181965,-0.02943701,-0.02688926,-0.02419702,-0.02138239,-0.01846815,-0.01547794,-0.01243549,-0.009364805,-0.006289227,-0.003231731,-0.0002139831,0.002743406,0.005621734,0.008403883,0.01107519,0.01362291,0.01603707,0.01830985,0.02043622,0.02241327,0.02424075,0.02592016,0.02745531,0.02885126,0.03011476,0.03125316,0.03227481,0.03318793,0.03400102,0.03472173,0.03535737,0.03591384,0.03639621,0.03680776,0.03715074,0.03742548,0.03763128,0.03776571,0.03782555,0.03780621,0.03770277,0.03750942,0.03722057,0.03683019,0.03633298,0.03572363,0.03499781,0.03415158,0.03318195,0.03208615,0.03086295,0.02951085,0.02803047,0.02642181,0.02468136,0.02281504,0.02082465,0.01871186,0.01648017
0.009444002,0.006878853,0.004221582,0.001488238,-0.001314442,-0.004167624,-0.007061641,-0.009973638,-0.01289119,-0.01579069,-0.01865729,-0.02146558,-0.02420002,-0.02683465,-0.02935406,-0.03173288,-0.0339568,-0.03600191,-0.03785589,-0.03949719,-0.04091617,-0.04209435,-0.04302545,-0.0436946,-0.04409943,-0.04422918,-0.04408581,-0.04366307,-0.04296752,-0.04199766,-0.04076485,-0.03927236,-0.03753632,-0.03556464,-0.03337795,-0.03098843,-0.02842068,-0.02569051,-0.02282567,-0.01984466,-0.01677737,-0.01364382,-0.01047474,-0.007290325,-0.004120757,-0.0009849257,0.002088996,0.005084803,0.007977722,0.01075551,0.01339788,0.01589753,0.01823942,0.02042168,0.02243483,0.02428246,0.02596036,0.02747713,0.02883307,0.0300407,0.03110366,0.03203706,0.03284631,0.03354748,0.03414619,0.03465784,0.03508668,0.03544609,0.03573769,0.03597182,0.03614674,0.03626924,0.03633402,0.0363444,0.0362919,0.03617699,0.03598885,0.03572613,0.03537678,0.03493882,0.03440015,0.03375932,0.03300519,0.03213761,0.03114697,0.03003493,0.02879381,0.02742682,0.02592803,0.02430151,0.02254301,0.02066288,0.01865352,0.01652388,0.01427355,0.01191324
0.004750582,0.002097062,-0.0006331511,-0.003427308,-0.006271478,-0.009149709,-0.01204506,-0.01494005,-0.01781554,-0.02065064,-0.02342523,-0.02611776,-0.02870741,-0.03117279,-0.03349363,-0.03564969,-0.03762226,-0.03939317,-0.04094622,-0.0422661,-0.04333983,-0.04415565,-0.04470443,-0.04497853,-0.04497314,-0.04468517,-0.04411454,-0.04326303,-0.04213547,-0.04073866,-0.03908247,-0.03717861,-0.03504179,-0.0326884,-0.03013756,-0.02740977,-0.02452785,-0.02151555,-0.01839845,-0.01520238,-0.01195441,-0.008681158,-0.005409711,-0.002165968,0.001024483,0.004138048,0.007152154,0.01004692,0.01280417,0.01540896,0.01784847,0.02011354,0.0221973,0.02409661,0.02581062,0.02734197,0.02869524,0.02987806,0.03089934,0.03177035,0.03250288,0.03311018,0.03360511,0.03400116,0.03431047,0.03454501,0.03471465,0.03482841,0.03489272,0.03491274,0.03489079,0.03482789,0.03472226,0.03457107,0.03436906,0.03411038,0.03378736,0.0333924,0.03291674,0.03235238,0.03169081,0.03092491,0.03004744,0.029053,0.02793648,0.02669457,0.02532416,0.02382448,0.02219448,0.02043604,0.01854993,0.01653566,0.01440062,0.01214903,0.009785432,0.007316598
0.0001842764,-0.002529456,-0.005306999,-0.008128841,-0.01098446,-0.01385182,-0.01671787,-0.01955718,-0.02235463,-0.02508469,-0.02773071,-0.03026633,-0.0326752,-0.03493145,-0.03701993,-0.03891644,-0.04060796,-0.04207288,-0.04330119,-0.04427462,-0.04498688,-0.0454237,-0.04558307,-0.04545522,-0.04504287,-0.04434114,-0.04335777,-0.04209301,-0.04055974,-0.03876341,-0.036722,-0.03444594,-0.031958,-0.02927313,-0.02641833,-0.02341235,-0.0202855,-0.01705927,-0.01376611,-0.01042896,-0.007080964,-0.00374502,-0.0004533734,0.002772759,0.005903624,0.008921309,0.0118001,0.01452676,0.01708091,0.01945513,0.02163517,0.02362004,0.02540198,0.02698644,0.02837192,0.02956972,0.03058371,0.03142991,0.03211618,0.03266163,0.03307631,0.03338056,0.03358469,0.03370829,0.03376004,0.03375705,0.03370479,0.03361654,0.03349349,0.03334432,0.03316549,0.03296102,0.03272289,0.03245099,0.03213369,0.03176788,0.03133962,0.03084424,0.03026704,0.02960328,0.02883895,0.02797062,0.0269861,0.02588418,0.02465511,0.02330034,0.02181294,0.02019682,0.01844757,0.01657079,0.01456493,0.01244156,0.01019663,0.007842048,0.0053807,0.002826498
-0.004156536,-0.006906823,-0.009701747,-0.01252484,-0.01535903,-0.01818515,-0.02098374,-0.02373476,-0.0264174,-0.02900929,-0.0314896,-0.03383631,-0.03602905,-0.03804705,-0.0398716,-0.04148414,-0.0428686,-0.04400954,-0.04489433,-0.04551135,-0.04585208,-0.04590928,-0.04567907,-0.04515905,-0.04435034,-0.04325569,-0.04188145,-0.04023565,-0.03832993,-0.03617752,-0.03379514,-0.03120091,-0.02841619,-0.02546337,-0.02236767,-0.01915483,-0.01585285,-0.01248963,-0.009094589,-0.005696269,-0.002323958,0.0009947713,0.004232476,0.007364259,0.01036615,0.01321756,0.01589948,0.01839692,0.02069703,0.02279133,0.02467373,0.02634267,0.02779888,0.02904741,0.03009527,0.03095322,0.03163333,0.03215064,0.03252056,0.03276055,0.03288735,0.03291874,0.03287077,0.03275946,0.03259823,0.03239968,0.03217307,0.03192634,0.0316637,0.0313879,0.0310979,0.0307914,0.03046264,0.03010512,0.02970951,0.02926644,0.02876454,0.02819325,0.02754083,0.02679721,0.02595183,0.02499648,0.02392296,0.02272579,0.0213999,0.01994289,0.01835266,0.01663019,0.01477626,0.01279523,0.01069005,0.008464237,0.00612768,0.003688068,0.001153539,-0.001465213
-0.008173417,-0.01093261,-0.01371998,-0.01651296,-0.01929782,-0.02205016,-0.02475454,-0.02738417,-0.02992262,-0.03234393,-0.03463128,-0.03675911,-0.038712,-0.04046605,-0.04200811,-0.04331697,-0.04438264,-0.04518742,-0.04572519,-0.04598245,-0.04595751,-0.04564157,-0.04503785,-0.0441426,-0.04296426,-0.04150438,-0.03977673,-0.03778819,-0.03555783,-0.03309765,-0.03043165,-0.02757653,-0.02456061,-0.02140447,-0.01813984,-0.01479011,-0.01138913,-0.007961717,-0.004542364,-0.00115569,0.002164866,0.005396588,0.008508853,0.01148258,0.01429158,0.01692197,0.01935339,0.02157833,0.02358324,0.02536769,0.02692532,0.02826285,0.02938089,0.03029272,0.03100501,0.03153639,0.03189806,0.03211229,0.03219285,0.0321635,0.03203847,0.0318408,0.03158297,0.03128528,0.03095658,0.03061281,0.03025783,0.02990215,0.029544,0.02918814,0.02882722,0.02846076,0.02807662,0.02767017,0.0272259,0.02673661,0.02618516,0.02556366,0.02485515,0.02405275,0.02314135,0.02211652,0.02096612,0.01968905,0.0182767,0.01673166,0.01504902,0.01323471,0.01128713,0.009214628,0.007019332,0.004715284,0.002302802,-0.0002025388,-0.002793941,-0.005453857
-0.01180219,-0.01454753,-0.01729939,-0.02003823,-0.02274472,-0.02539754,-0.02797597,-0.03045884,-0.03282519,-0.03505281,-0.03712193,-0.03901181,-0.04070429,-0.04218098,-0.0434264,-0.04442534,-0.04516585,-0.04563662,-0.0458299,-0.04573885,-0.04536043,-0.0446927,-0.04373769,-0.04249871,-0.04098307,-0.03919941,-0.03716042,-0.03488,-0.032376,-0.02966729,-0.02677639,-0.02372651,-0.02054412,-0.0172558,-0.01389085,-0.01047802,-0.007047997,-0.003630189,-0.0002550764,0.003049031,0.006253611,0.009333203,0.01226302,0.01502214,0.01759107,0.0199549,0.02210066,0.02402043,0.02570855,0.02716452,0.02839008,0.02939195,0.03017872,0.03076343,0.03116028,0.03138711,0.03146197,0.03140549,0.03123739,0.03097887,0.03064901,0.03026729,0.02985001,0.0294129,0.02896773,0.028525,0.02809075,0.02766947,0.02726105,0.02686392,0.02647219,0.02607903,0.02567382,0.02524581,0.02478136,0.0242676,0.02368977,0.02303488,0.02228896,0.02144074,0.02047868,0.01939462,0.01818059,0.01683232,0.01534603,0.01372153,0.01195893,0.01006218,0.008035016,0.005885324,0.003619274,0.00124507,-0.001224197,-0.003776754,-0.006400539,-0.009080755
-0.01498244,-0.01768816,-0.02038205,-0.02303939,-0.0256444,-0.02817158,-0.03060452,-0.03291668,-0.03509189,-0.03710551,-0.03894226,-0.04057909,-0.04200314,-0.04319406,-0.04414218,-0.04483066,-0.04525375,-0.04539875,-0.04526435,-0.04484255,-0.0441369,-0.04314441,-0.04187384,-0.04032744,-0.03851927,-0.0364569,-0.03415963,-0.03164015,-0.02892268,-0.02602463,-0.02297452,-0.01979367,-0.01651402,-0.01315971,-0.009764848,-0.006355013,-0.002964964,0.0003799211,0.003645941,0.006809691,0.009840325,0.01271816,0.01541694,0.01792233,0.02021411,0.02228459,0.02412063,0.02572195,0.02708303,0.02821114,0.02910818,0.02978848,0.03026046,0.03054432,0.03065351,0.0306123,0.03043716,0.03015421,0.02978063,0.02934207,0.02885404,0.02833945,0.02781005,0.02728409,0.02676796,0.02627396,0.02580217,0.0253584,0.02493629,0.0245354,0.02414359,0.02375524,0.02335376,0.02292997,0.02246469,0.02194718,0.02135775,0.02068616,0.01991421,0.019034,0.01803047,0.01689944,0.01563003,0.01422252,0.01267061,0.01097917,0.00914643,0.007181333,0.005086015,0.002872413,0.0005469283,-0.001873223,-0.004382927,-0.00696278,-0.009601951,-0.01227937
-0.01768486,-0.02033051,-0.0229423,-0.02549874,-0.02797956,-0.03036274,-0.03262787,-0.03475421,-0.03672234,-0.03851183,-0.04010557,-0.04148563,-0.04263751,-0.0435465,-0.04420156,-0.04459181,-0.04471033,-0.04455063,-0.04411035,-0.0433878,-0.04238559,-0.0411071,-0.03956008,-0.03775315,-0.03569929,-0.03341226,-0.03091011,-0.02821149,-0.02533905,-0.02231575,-0.01916813,-0.01592254,-0.01260837,-0.009254131,-0.005890692,-0.002547257,0.0007454606,0.003959269,0.007065348,0.01003832,0.01285305,0.01548866,0.01792535,0.02014828,0.02214422,0.02390549,0.02542633,0.02670666,0.02774843,0.02855911,0.02914781,0.02952876,0.0297171,0.0297323,0.0295938,0.0293243,0.02894534,0.02848051,0.02795107,0.02737909,0.02678318,0.02618172,0.02558867,0.02501697,0.02447451,0.02396775,0.0234978,0.02306435,0.02266193,0.02228399,0.02191939,0.02155667,0.0211806,0.02077662,0.02032748,0.01981766,0.01923002,0.01855026,0.01776338,0.0168581,0.01582317,0.01465164,0.013337,0.01187725,0.01027098,0.008521131,0.006630932,0.004608037,0.002459804,0.0001981633,-0.002166983,-0.004622618,-0.007152307,-0.009740168,-0.01237049,-0.01502476
-0.01988348,-0.02244683,-0.02495844,-0.02739281,-0.02973351,-0.03195546,-0.03404289,-0.03597101,-0.03772552,-0.03928456,-0.04063578,-0.0417599,-0.0426478,-0.0432836,-0.04366201,-0.04377114,-0.04360998,-0.04317113,-0.04245823,-0.04146869,-0.04021111,-0.03868793,-0.03691282,-0.03489332,-0.03264816,-0.03018982,-0.02754181,-0.02472118,-0.02175565,-0.01866612,-0.0154837,-0.01223214,-0.00894473,-0.005646728,-0.002372194,0.000853684,0.003997773,0.007036677,0.00993994,0.01268773,0.015254,0.0176241,0.01977791,0.0217073,0.0233992,0.0248529,0.02606295,0.02703634,0.02777521,0.02829386,0.02860125,0.02871788,0.02865818,0.02844714,0.02810264,0.02765202,0.02711433,0.02651683,0.02587727,0.02522048,0.02456065,0.02391805,0.02330149,0.02272514,0.02219124,0.02170703,0.02126775,0.02087374,0.02051366,0.02018177,0.01986131,0.019542,0.01920346,0.01883286,0.0184084,0.0179169,0.01733738,0.01665851,0.01586212,0.01494051,0.01387986,0.01267734,0.01132439,0.009823557,0.008171679,0.006376632,0.004440358,0.002375307,0.0001876828,-0.002106741,-0.004497308,-0.006963533,-0.009495763,-0.0120712,-0.01467547,-0.01728472
-0.02157838,-0.02404305,-0.02643613,-0.02873564,-0.03092187,-0.03297356,-0.03487212,-0.03659867,-0.0381367,-0.03946879,-0.0405816,-0.04146096,-0.04209682,-0.04247875,-0.04260058,-0.04245603,-0.04204326,-0.04136052,-0.04041059,-0.03919649,-0.03772588,-0.03600668,-0.03405147,-0.0318731,-0.02948893,-0.02691646,-0.02417752,-0.02129375,-0.01829078,-0.01519361,-0.01203069,-0.008829234,-0.005619291,-0.0024289,0.0007118512,0.003775693,0.006734188,0.009562572,0.01223577,0.01473323,0.01703488,0.01912589,0.02099254,0.02262688,0.02402247,0.02517891,0.02609738,0.02678503,0.02725038,0.02750751,0.02757124,0.02746126,0.0271971,0.02680216,0.02629858,0.02571119,0.02506237,0.02437595,0.0236721,0.02297138,0.02228961,0.02164209,0.02103868,0.02048807,0.01999317,0.01955558,0.01917106,0.01883434,0.01853476,0.01826125,0.0179981,0.01773012,0.01743854,0.01710621,0.01671353,0.01624366,0.01567844,0.01500352,0.01420413,0.01327016,0.01219168,0.01096393,0.009582612,0.008048736,0.006363769,0.004534233,0.002566738,0.000472808,-0.001736564,-0.004045515,-0.006440577,-0.008904448,-0.01141784,-0.01396139,-0.0165166,-0.01906225
-0.02277138,-0.02512046,-0.0273831,-0.02953447,-0.03155892,-0.03343323,-0.03514353,-0.03666807,-0.03799547,-0.03910759,-0.03999579,-0.04064516,-0.0410507,-0.04120129,-0.04109598,-0.04072777,-0.04010005,-0.03921028,-0.03806641,-0.03667054,-0.03503535,-0.03316766,-0.03108486,-0.0287984,-0.02633018,-0.02369597,-0.02092172,-0.01802694,-0.01504086,-0.01198584,-0.008893367,-0.005787425,-0.002700459,0.0003433734,0.003312233,0.006183391,0.0089273,0.01152435,0.01394892,0.01618616,0.01821589,0.02002932,0.02161294,0.02296503,0.0240794,0.02496183,0.02561362,0.0260478,0.02627261,0.02630749,0.02616641,0.02587371,0.0254473,0.02491442,0.02429475,0.02361608,0.02289745,0.02216482,0.02143428,0.02072776,0.02005634,0.01943619,0.01887197,0.01837294,0.01793663,0.01756509,0.01724879,0.01698307,0.01675226,0.01654622,0.01634469,0.01613395,0.01589121,0.01560136,0.01524142,0.01479717,0.01424767,0.01358176,0.01278241,0.01184316,0.01075229,0.009509057,0.008107713,0.00655355,0.004846752,0.002998329,0.001013891,-0.001090767,-0.003305678,-0.005611662,-0.007994462,-0.01043089,-0.01290763,-0.0153995,-0.01788965,-0.02035262
-0.02348526,-0.02570799,-0.02782896,-0.02982708,-0.03168452,-0.03338199,-0.03490382,-0.03623395,-0.03735955,-0.03826681,-0.03894658,-0.03938869,-0.03958754,-0.03953688,-0.03923509,-0.03868,-0.03787425,-0.03682002,-0.03552435,-0.0339939,-0.0322402,-0.03027442,-0.02811252,-0.02577,-0.02326699,-0.02062291,-0.01786154,-0.01500556,-0.01208154,-0.00911448,-0.006132662,-0.003162128,-0.0002315269,0.002633517,0.005405547,0.008060938,0.01057506,0.0129279,0.01509921,0.0170741,0.01883807,0.02038252,0.02169973,0.02278818,0.0236474,0.02428318,0.02470222,0.02491719,0.02494119,0.02479276,0.02449005,0.02405575,0.02351123,0.02288127,0.02218818,0.02145652,0.02070719,0.01996222,0.01923889,0.01855461,0.01792121,0.01734996,0.01684598,0.0164135,0.01605045,0.01575393,0.015515,0.01532431,0.01516711,0.01502903,0.01489122,0.01473625,0.01454327,0.01429406,0.01396812,0.01354868,0.01301778,0.01236221,0.01156834,0.01062806,0.009533398,0.008282216,0.006872741,0.005309072,0.00359554,0.001742026,-0.000241819,-0.00234108,-0.004541749,-0.006824773,-0.009173905,-0.01156866,-0.01398794,-0.01641005,-0.01881501,-0.02118019
-0.02374298,-0.02582887,-0.02780318,-0.02964298,-0.03133453,-0.03285744,-0.0342006,-0.03534589,-0.03628534,-0.03700479,-0.03749936,-0.03775839,-0.03778075,-0.03755955,-0.03709763,-0.03639206,-0.03544978,-0.03427205,-0.03287,-0.03124915,-0.02942489,-0.02740694,-0.02521482,-0.02286224,-0.0203725,-0.01776287,-0.01505983,-0.01228343,-0.0094625,-0.006618873,-0.003782559,-0.0009759212,0.001771205,0.004437385,0.006994473,0.009423494,0.01169956,0.01380767,0.01572762,0.01744979,0.01895985,0.02025454,0.02132632,0.02217885,0.02281162,0.02323531,0.02345618,0.02349127,0.02335272,0.02306277,0.02263794,0.02210393,0.02147972,0.02079237,0.02006108,0.01931199,0.01856227,0.01783493,0.01714301,0.01650453,0.01592673,0.01542126,0.01498858,0.01463327,0.01434872,0.01413256,0.01397157,0.0138573,0.01377113,0.01370007,0.01362189,0.01352103,0.01337383,0.01316445,0.01287006,0.01247674,0.01196466,0.01132379,0.01053902,0.009605687,0.008514544,0.007267108,0.005860487,0.004302513,0.002596399,0.0007558003,-0.001210638,-0.003284529,-0.005453033,-0.00769456,-0.009992415,-0.01232178,-0.01466704,-0.01700196,-0.01930862,-0.02156136
-0.02358381,-0.0255282,-0.02735172,-0.02903523,-0.03056364,-0.03192039,-0.03309323,-0.03406925,-0.03483946,-0.03539358,-0.03572642,-0.03583138,-0.03570678,-0.03534976,-0.03476242,-0.03394573,-0.03290567,-0.03164718,-0.0301802,-0.02851367,-0.0266615,-0.02463652,-0.02245643,-0.0201377,-0.01770145,-0.01516724,-0.01255895,-0.009898522,-0.007211682,-0.004521677,-0.001854956,0.0007651752,0.003312888,0.005766238,0.008101478,0.01029948,0.01234004,0.01420826,0.01588879,0.01737219,0.01864902,0.01971614,0.02057071,0.02121629,0.02165677,0.0219023,0.02196303,0.02185498,0.02159357,0.02119937,0.02069153,0.02009339,0.01942589,0.01871308,0.01797549,0.01723569,0.01651168,0.01582247,0.01518157,0.01460272,0.01409352,0.01366127,0.01330677,0.01303043,0.01282618,0.01268774,0.0126028,0.01255943,0.01254034,0.01252954,0.01250663,0.01245355,0.01234893,0.01217487,0.01191126,0.01154251,0.01105184,0.01042783,0.009658617,0.008738366,0.007661195,0.006427536,0.005037879,0.003498987,0.001817465,5.808077e-06,-0.001924156,-0.003955124,-0.006071177,-0.008251277,-0.01047763,-0.01272803,-0.0149809,-0.01721364,-0.01940623,-0.02153608
-0.02304554,-0.02484412,-0.026518,-0.02804696,-0.02941983,-0.03061948,-0.03163779,-0.03246034,-0.0330824,-0.03349347,-0.03369195,-0.03367076,-0.03343182,-0.03297159,-0.03229561,-0.03140393,-0.03030577,-0.0290049,-0.02751422,-0.02584119,-0.0240024,-0.02200886,-0.01988061,-0.01763194,-0.01528589,-0.01285946,-0.01037806,-0.007860615,-0.005333966,-0.002817938,-0.000339672,0.00208133,0.004418921,0.006655284,0.008766641,0.01073822,0.01254999,0.01419149,0.01564761,0.01691331,0.01797928,0.01884661,0.01951231,0.01998384,0.02026453,0.02036797,0.02030323,0.0200892,0.01973961,0.01927728,0.01871906,0.01808992,0.0174079,0.01669814,0.01597777,0.01526999,0.01458904,0.01395427,0.01337525,0.01286595,0.01242998,0.01207497,0.01179789,0.01159968,0.01147076,0.01140576,0.01138925,0.01141064,0.01145001,0.01149313,0.01151747,0.01150716,0.01143911,0.011298,0.01106231,0.01071934,0.0102511,0.009649236,0.008900835,0.008003153,0.006949309,0.005742802,0.004383096,0.00287993,0.001238735,-0.000525118,-0.002401022,-0.004369167,-0.006415104,-0.008516179,-0.01065471,-0.01280559,-0.0149524,-0.01706933,-0.01913877,-0.0211362
-0.02217785,-0.02383112,-0.02535683,-0.02673834,-0.02796371,-0.02901929,-0.02989622,-0.03058457,-0.03107876,-0.03137155,-0.03146097,-0.03134318,-0.03101944,-0.0304893,-0.02975737,-0.02882657,-0.02770491,-0.02639875,-0.02491951,-0.02327695,-0.02148582,-0.01955912,-0.0175147,-0.01536845,-0.01314088,-0.0108502,-0.008518909,-0.006166756,-0.003817295,-0.001490825,0.0007891399,0.003002936,0.005128311,0.00714752,0.00904086,0.01079376,0.01239032,0.01382029,0.01507261,0.01614232,0.01702394,0.01771837,0.0182261,0.01855399,0.0187084,0.0187018,0.01854575,0.01825744,0.01785253,0.01735156,0.01677273,0.01613821,0.01546687,0.01478061,0.01409702,0.01343575,0.01281126,0.0122392,0.0117293,0.01129185,0.01093074,0.01065008,0.01044741,0.01032047,0.01026057,0.01025961,0.01030348,0.01037928,0.01046887,0.01055621,0.0106209,0.01064566,0.0106099,0.01049716,0.01028868,0.00997077,0.009528344,0.008952154,0.00823217,0.00736475,0.006345818,0.005177874,0.003863035,0.002409894,0.0008263902,-0.0008734679,-0.002676866,-0.004565406,-0.00652262,-0.008526907,-0.01056032,-0.01260052,-0.01462679,-0.01661703,-0.01855251,-0.02041189
-0.02102726,-0.02253562,-0.0239184,-0.02515846,-0.02624733,-0.02717109,-0.02792443,-0.02849619,-0.02888433,-0.0290813,-0.02908796,-0.02889986,-0.02852098,-0.02794998,-0.02719395,-0.02625467,-0.02514236,-0.02386193,-0.02242672,-0.02084471,-0.01913227,-0.01730029,-0.01536787,-0.01334845,-0.01126346,-0.009128299,-0.006966018,-0.004793248,-0.002633777,-0.000504488,0.001571132,0.003577061,0.005491262,0.007299763,0.008983159,0.01053068,0.01192667,0.0131646,0.01423349,0.01513184,0.01585398,0.0164039,0.0167815,0.01699628,0.01705351,0.01696776,0.01674897,0.0164159,0.01598202,0.01546891,0.01489211,0.01427435,0.01363146,0.01298556,0.01235092,0.01174724,0.01118553,0.01068148,0.01024143,0.009875854,0.009585456,0.009374816,0.009238623,0.009175472,0.00917427,0.009228172,0.009321136,0.009441988,0.009571088,0.009694497,0.009790712,0.009844876,0.009835554,0.009748924,0.009565532,0.009274427,0.008859848,0.008315245,0.007629859,0.006802608,0.005828534,0.004712502,0.00345555,0.002068399,0.0005576367,-0.001060821,-0.002775673,-0.004567029,-0.006420226,-0.008312981,-0.01022809,-0.01214149,-0.01403739,-0.01589169,-0.01768827,-0.01940483
-0.01964798,-0.02101527,-0.02225988,-0.02336787,-0.02433036,-0.0251364,-0.02578013,-0.02625407,-0.02655535,-0.026679,-0.02662536,-0.02639239,-0.02598323,-0.02539872,-0.02464484,-0.02372526,-0.02264879,-0.02142196,-0.02005639,-0.01856137,-0.0169512,-0.01523777,-0.01343781,-0.01156543,-0.00963932,-0.007675264,-0.005693296,-0.003710111,-0.001746243,0.0001815917,0.002053351,0.003853329,0.005563031,0.007168854,0.008654926,0.01001078,0.01122418,0.0122887,0.01319653,0.01394597,0.01453417,0.01496451,0.01523924,0.0153668,0.01535428,0.01521466,0.01495919,0.0146045,0.01416489,0.01365935,0.01310379,0.01251802,0.01191793,0.01132247,0.01074582,0.01020443,0.009709236,0.009272748,0.008901387,0.008602702,0.00837777,0.0082286,0.008150658,0.008140401,0.008187968,0.008284844,0.00841667,0.008571043,0.008730413,0.00887998,0.009000648,0.009076962,0.009090087,0.009025742,0.008867134,0.008602858,0.00821975,0.007710696,0.00706736,0.006287902,0.005369534,0.004316105,0.003130526,0.001822215,0.0003993732,-0.001123705,-0.002734472,-0.004414793,-0.006149004,-0.00791634,-0.009700029,-0.01147898,-0.01323456,-0.01494632,-0.01659782,-0.01816991
-0.01808942,-0.01931882,-0.02043228,-0.02141573,-0.0222632,-0.02296366,-0.02351404,-0.02390587,-0.02413903,-0.02420813,-0.02411555,-0.02385854,-0.02344209,-0.02286602,-0.0221379,-0.02126011,-0.02024276,-0.01909078,-0.01781678,-0.01642815,-0.0149399,-0.01336169,-0.01171064,-0.009998324,-0.008243557,-0.006459312,-0.004665465,-0.002875684,-0.001110142,0.0006176365,0.002288095,0.003888794,0.005401758,0.006816618,0.008117941,0.009298361,0.01034587,0.01125689,0.01202354,0.01264662,0.01312279,0.01345747,0.01365197,0.01371625,0.01365596,0.01348511,0.01321298,0.01285677,0.01242834,0.01194686,0.01142548,0.01088385,0.0103349,0.009797285,0.009282161,0.008805705,0.008375913,0.008005202,0.007697312,0.007459994,0.007292019,0.007196011,0.007165573,0.007198248,0.007282788,0.007412229,0.007571279,0.007749503,0.007928799,0.00809666,0.008233706,0.008326975,0.008357482,0.008313497,0.008178074,0.007942278,0.00759266,0.007124376,0.006528569,0.005805374,0.004951182,0.003971478,0.002868022,0.001651518,0.0003286423,-0.00108533,-0.002579622,-0.004135551,-0.005739517,-0.007370918,-0.009014281,-0.01064773,-0.01225725,-0.01382143,-0.01532649,-0.01675301
-0.01640507,-0.01750194,-0.01849016,-0.01935837,-0.0201004,-0.02070761,-0.02117654,-0.02150154,-0.02168166,-0.02171344,-0.02159861,-0.02133608,-0.02092986,-0.02038122,-0.01969644,-0.01887903,-0.01793757,-0.01687782,-0.01571055,-0.01444371,-0.01309015,-0.01165979,-0.01016734,-0.008624359,-0.007046969,-0.00544789,-0.003844103,-0.002248839,-0.0006792237,0.0008517673,0.002327686,0.003736662,0.005063789,0.006299183,0.007430339,0.008450172,0.00934935,0.01012428,0.01076939,0.01128507,0.01166986,0.01192831,0.01206312,0.01208288,0.01199413,0.01180902,0.01153727,0.01119375,0.01079039,0.01034368,0.009866533,0.009375747,0.00888385,0.008406582,0.007954713,0.007541599,0.007175031,0.006864851,0.006614902,0.006430731,0.006311628,0.006258468,0.006265849,0.006330052,0.006441306,0.006591854,0.006768319,0.006959872,0.007150672,0.007328107,0.007475276,0.007579262,0.007623635,0.007596712,0.007484024,0.007276549,0.006963104,0.006538501,0.005995838,0.005334571,0.004552662,0.003654539,0.002643129,0.001527686,0.0003157033,-0.000979378,-0.002346372,-0.003768615,-0.005232377,-0.006718917,-0.008213697,-0.00969799,-0.01115606,-0.01257,-0.01392629,-0.01520851
-0.01464225,-0.01561103,-0.0164811,-0.01724121,-0.01788751,-0.0184114,-0.01881148,-0.0190813,-0.01922194,-0.01922945,-0.01910689,-0.01885245,-0.01847125,-0.0179635,-0.01733635,-0.01659199,-0.01573956,-0.01478322,-0.01373405,-0.01259809,-0.01138823,-0.01011222,-0.008784526,-0.007414311,-0.006017219,-0.004603375,-0.003189102,-0.001784892,-0.0004071119,0.0009340639,0.002222964,0.003450484,0.004602413,0.005671496,0.006645731,0.007520421,0.008286446,0.00894226,0.009482124,0.009908049,0.01021796,0.01041756,0.01050845,0.01049989,0.01039683,0.01021162,0.009951968,0.009632562,0.009262956,0.008859168,0.008431514,0.007996164,0.007562982,0.007147073,0.006756626,0.006404518,0.006096192,0.00584131,0.005641728,0.005503221,0.005423546,0.005404282,0.005438986,0.00552514,0.005652416,0.005814717,0.005998534,0.006195069,0.00638867,0.006569007,0.006719549,0.006829767,0.00688363,0.006871788,0.006780052,0.006601537,0.006325082,0.005947322,0.005461022,0.004867058,0.004162648,0.003353204,0.002440479,0.001434281,0.0003404951,-0.0008272511,-0.00205967,-0.003340351,-0.004657729,-0.005993915,-0.007336068,-0.008665344,-0.009970224,-0.0112327,-0.01244175,-0.01358123
-0.0128494,-0.01369592,-0.01445366,-0.01511366,-0.01567194,-0.01612179,-0.01646147,-0.01668666,-0.01679764,-0.01679181,-0.01667153,-0.01643606,-0.0160895,-0.01563292,-0.01507215,-0.01440996,-0.01365392,-0.0128085,-0.01188293,-0.01088331,-0.009820417,-0.008701808,-0.007539613,-0.006342559,-0.005123773,-0.003892767,-0.002663207,-0.001444865,-0.0002513823,0.0009078091,0.002019741,0.003075983,0.004064904,0.00497975,0.00581088,0.006553825,0.007201506,0.007752248,0.008201954,0.008552076,0.008801729,0.008955599,0.009015989,0.00899067,0.008884851,0.008708957,0.008470547,0.008182027,0.007852508,0.007495483,0.007120647,0.006741547,0.006367398,0.006010732,0.005679218,0.005383365,0.005128367,0.004921855,0.004765826,0.004664457,0.004616117,0.004621276,0.004674605,0.004772971,0.004907636,0.005072335,0.005255553,0.005448682,0.005638349,0.00581464,0.005963449,0.006074734,0.006134878,0.006134932,0.006062957,0.005912234,0.005673556,0.005343374,0.004916004,0.004391715,0.003768815,0.003051645,0.002242577,0.001349895,0.000379692,-0.0006563496,-0.001749159,-0.002884483,-0.004051263,-0.005233673,-0.006420066,-0.007594827,-0.008745583,-0.009857521,-0.01092026,-0.01192042
-0.0110679,-0.01179723,-0.01244922,-0.0130152,-0.01349293,-0.01387586,-0.01416366,-0.01435146,-0.01444087,-0.01442889,-0.01431863,-0.01410869,-0.0138037,-0.0134038,-0.01291509,-0.01233916,-0.01168361,-0.01095146,-0.01015173,-0.009288807,-0.008373029,-0.007410029,-0.006411252,-0.005383326,-0.004338516,-0.003284092,-0.00223274,-0.001191916,-0.0001742446,0.0008131567,0.001758283,0.002654921,0.00349226,0.004265565,0.004965772,0.005590148,0.006131859,0.006590595,0.006962109,0.00724879,0.007449153,0.007568368,0.007607685,0.007574907,0.007473758,0.007314295,0.007102228,0.006849275,0.006562431,0.006254302,0.005932336,0.005609125,0.005291651,0.004991581,0.004714512,0.004470319,0.004262421,0.004098173,0.003978203,0.003906857,0.003881611,0.003903597,0.003967084,0.00407009,0.00420394,0.004363948,0.004539052,0.004722551,0.004901797,0.005068976,0.005210831,0.005319465,0.005382072,0.005391732,0.005337129,0.005213313,0.005011377,0.004729163,0.00436087,0.003907692,0.00336735,0.002744624,0.002040816,0.001264177,0.0004192617,-0.0004826738,-0.00143441,-0.002422547,-0.003438106,-0.004466603,-0.005498289,-0.006517857,-0.007516651,-0.008480405,-0.009400941,-0.01026556
-0.009337944,-0.009956298,-0.0105082,-0.01098683,-0.0113899,-0.01171233,-0.01195351,-0.01211012,-0.01218304,-0.01217024,-0.01207409,-0.01189389,-0.01163328,-0.01129285,-0.01087749,-0.01038899,-0.009833473,-0.009213956,-0.008537738,-0.007808979,-0.007036077,-0.006224215,-0.005382723,-0.004517597,-0.003638841,-0.002752967,-0.001870311,-0.0009975184,-0.0001448452,0.0006813761,0.001471439,0.002219801,0.002917788,0.003561131,0.004142653,0.004659793,0.005107274,0.005484595,0.005788669,0.006021279,0.006181675,0.006273982,0.006299748,0.006265312,0.006174293,0.006034915,0.005852448,0.005636489,0.005393368,0.005133399,0.004863258,0.004593217,0.004329524,0.004081635,0.003854597,0.003656319,0.003489981,0.003361335,0.003271178,0.003222699,0.003214009,0.003245566,0.003312759,0.0034134,0.003540381,0.003689225,0.0038508,0.004018927,0.004183133,0.004336305,0.004467465,0.004569438,0.004631644,0.004647757,0.004608481,0.004509187,0.004342651,0.004106648,0.003796625,0.00341325,0.002954997,0.002425628,0.001826701,0.001164971,0.0004448186,-0.00032443,-0.001136147,-0.00197908,-0.002845137,-0.003721931,-0.004600941,-0.005470064,-0.006320348,-0.007140344,-0.007922727,-0.00865722
-0.007692356,-0.008205719,-0.008663962,-0.00906078,-0.009395069,-0.009662041,-0.009861939,-0.009991183,-0.01005143,-0.0100404,-0.009960737,-0.009811305,-0.009595816,-0.009314158,-0.00897107,-0.008567447,-0.008109036,-0.00759772,-0.007040215,-0.006439345,-0.005802723,-0.005134006,-0.004441564,-0.003729714,-0.003007371,-0.002279264,-0.001554568,-0.0008381055,-0.00013897,0.0005382881,0.001185047,0.001797421,0.002367659,0.00289294,0.003366757,0.003787714,0.004150881,0.004456569,0.004701662,0.00488836,0.005015474,0.005087134,0.005104046,0.00507216,0.004993882,0.004876703,0.004724381,0.004545525,0.004344748,0.004131237,0.003909869,0.003689776,0.003475465,0.003275373,0.003092997,0.002935477,0.00280475,0.002706161,0.002639659,0.002608459,0.002610282,0.002646069,0.00271128,0.002804664,0.002919608,0.003052961,0.003196431,0.003345454,0.003490629,0.003626616,0.003743595,0.003836182,0.003894891,0.00391505,0.003888248,0.003811233,0.003677332,0.003485305,0.003230723,0.002914771,0.002535569,0.0020969,0.00159948,0.001049612,0.0004503704,-0.0001897585,-0.000865769,-0.001567646,-0.002289102,-0.003019386,-0.003751862,-0.004474943,-0.00518281,-0.005865014,-0.006516017,-0.007126512
-0.006161302,-0.006576855,-0.006947661,-0.007268913,-0.00753948,-0.007755732,-0.007917686,-0.008022905,-0.008072376,-0.008064533,-0.008001366,-0.007882172,-0.007709784,-0.007484333,-0.007209469,-0.006886128,-0.006518762,-0.006109098,-0.00566236,-0.005181029,-0.004671043,-0.004135546,-0.003581081,-0.003011313,-0.002433216,-0.001850781,-0.001271181,-0.0006984746,-0.0001397619,0.0004011267,0.0009174774,0.001406004,0.001860698,0.002279135,0.002656316,0.002990966,0.003279356,0.003521588,0.003715393,0.00386239,0.003961859,0.00401697,0.004028522,0.004001142,0.00393699,0.003841926,0.003719187,0.003575525,0.003414856,0.003244384,0.00306823,0.002893543,0.002724136,0.002566589,0.002423894,0.00230158,0.002201373,0.002127351,0.002079633,0.002060575,0.002068496,0.002103915,0.002163327,0.002245477,0.002345186,0.002459664,0.002582374,0.002709382,0.002833252,0.002949424,0.00305012,0.003130742,0.003183782,0.003205217,0.003188411,0.003130493,0.003026237,0.002874412,0.002671617,0.002418598,0.002114031,0.001760784,0.001359653,0.0009155682,0.0004312669,-8.655147e-05,-0.0006336058,-0.001201874,-0.001786085,-0.00237746,-0.002970419,-0.003556445,-0.004129712,-0.004682154,-0.005209116,-0.005703374
-0.004767903,-0.005093251,-0.00538385,-0.00563555,-0.005847925,-0.006017792,-0.006145554,-0.006228787,-0.006268861,-0.006264124,-0.006216531,-0.006125175,-0.005992656,-0.005818707,-0.005606558,-0.005356568,-0.005072588,-0.004755589,-0.004410018,-0.00403743,-0.003642824,-0.003228266,-0.002799222,-0.002358163,-0.001910884,-0.001460105,-0.001011774,-0.000568659,-0.0001366475,0.0002816744,0.0006807223,0.001058337,0.001409485,0.001732681,0.002023679,0.002281887,0.002504049,0.002690645,0.002839553,0.002952433,0.003028367,0.003070217,0.003078244,0.003056442,0.003006126,0.002932244,0.002836946,0.00272587,0.002601687,0.002470384,0.002334787,0.002200836,0.002071113,0.001951111,0.001842769,0.00175076,0.001676034,0.001622131,0.001588746,0.001578077,0.001588415,0.001620523,0.001671266,0.001740025,0.001822356,0.001916438,0.002016766,0.002120623,0.002221798,0.002317081,0.002399989,0.002467281,0.002512681,0.002533394,0.002523825,0.00248208,0.002403667,0.002287977,0.002131953,0.001936538,0.001700311,0.001425887,0.001113518,0.0007674434,0.0003894341,-1.485241e-05,-0.00044239,-0.0008865579,-0.001343469,-0.001806063,-0.002270457,-0.002728664,-0.003177345,-0.003609689,-0.004022354,-0.004409224
-0.003532132,-0.003776192,-0.00399426,-0.004183361,-0.00434305,-0.004471045,-0.004567578,-0.00463106,-0.004662284,-0.004660171,-0.004626093,-0.004559462,-0.004462137,-0.00433401,-0.004177405,-0.003992678,-0.003782612,-0.003548016,-0.003292119,-0.003016161,-0.002723779,-0.002416594,-0.002098591,-0.001771687,-0.001440113,-0.00110597,-0.0007736,-0.00044514,-0.0001248848,0.0001851652,0.0004809421,0.0007607643,0.001020976,0.001260396,0.001475956,0.001667143,0.001831623,0.001969681,0.002079829,0.002163228,0.002219286,0.002250058,0.00225583,0.002239497,0.002202128,0.002147329,0.002076786,0.001994619,0.001902902,0.001806011,0.001706134,0.001607613,0.001512451,0.001424656,0.001345753,0.001279135,0.001225591,0.001187668,0.001165219,0.001159789,0.001170182,0.001196871,0.001237597,0.001291798,0.001356235,0.001429448,0.0015074,0.001587959,0.00166656,0.001740695,0.001805594,0.001858721,0.001895456,0.001913595,0.001909025,0.001880215,0.001823875,0.001739437,0.001624689,0.001480229,0.001305073,0.001101078,0.0008685199,0.0006104815,0.0003283959,2.640105e-05,-0.0002931506,-0.0006253317,-0.0009672039,-0.001313397,-0.001660772,-0.002004142,-0.002340242,-0.002664138,-0.002973284,-0.003263257
-0.002467969,-0.002640559,-0.002794961,-0.002928904,-0.003042272,-0.003133313,-0.003202307,-0.003247892,-0.003270959,-0.003270504,-0.003247672,-0.003201893,-0.003134632,-0.003045658,-0.002936757,-0.002808023,-0.002661567,-0.0024978,-0.002319143,-0.00212631,-0.001922009,-0.00170722,-0.001484895,-0.001256223,-0.001024326,-0.000790522,-0.000558013,-0.0003281404,-0.0001040725,0.0001129448,0.0003199027,0.0005157796,0.0006978554,0.0008654612,0.001016289,0.001150137,0.001265214,0.00136188,0.001438934,0.001497353,0.001536565,0.001558174,0.001562223,0.001550906,0.001524816,0.001486644,0.001437419,0.001380191,0.00131626,0.001248858,0.001179364,0.001110987,0.001044974,0.0009843013,0.0009298797,0.0008842531,0.000847815,0.0008225146,0.0008080877,0.0008057784,0.0008145833,0.000834994,0.0008652562,0.0009051324,0.0009521771,0.001005518,0.001062147,0.001120717,0.001177841,0.001231906,0.001279379,0.001318624,0.001346208,0.001360729,0.001359108,0.001340415,0.001302153,0.001244071,0.001164431,0.001063807,0.0009413315,0.0007984708,0.0006352519,0.0004540108,0.0002555825,4.307291e-05,-0.0001819954,-0.0004160304,-0.0006569952,-0.0009010975,-0.001146597,-0.001388654,-0.001625843,-0.001854518,-0.002072962,-0.002277836
-0.001586697,-0.001698893,-0.001799322,-0.001886548,-0.001960451,-0.002019916,-0.002065133,-0.0020953,-0.002110861,-0.002111248,-0.002097166,-0.00206827,-0.002025483,-0.001968675,-0.001898983,-0.001816483,-0.001722519,-0.001617374,-0.001502591,-0.001378649,-0.001247276,-0.001109121,-0.0009660721,-0.0008189122,-0.0006696389,-0.0005191193,-0.0003694019,-0.0002213692,-7.704817e-05,6.274002e-05,0.0001960716,0.0003222697,0.0004395969,0.0005476041,0.0006448193,0.0007310951,0.0008052937,0.0008676286,0.0009173442,0.0009550517,0.0009804013,0.0009944094,0.000997123,0.0009899391,0.0009732604,0.0009488054,0.0009172573,0.0008805668,0.0008395934,0.0007964044,0.0007519114,0.000708166,0.0006659967,0.0006273041,0.0005926994,0.0005638051,0.000540898,0.0005252161,0.0005166116,0.000515866,0.000522354,0.0005363696,0.0005568015,0.0005834711,0.0006148191,0.0006502549,0.0006878534,0.0007267144,0.0007646672,0.0008006372,0.0008323559,0.0008587317,0.0008775615,0.0008879012,0.0008877759,0.0008765467,0.0008526147,0.0008157805,0.0007649379,0.0007004237,0.0006216966,0.000529674,0.0004243962,0.0003073474,0.0001791044,4.164012e-05,-0.0001040418,-0.0002556014,-0.0004117637,-0.0005699854,-0.0007288902,-0.0008860281,-0.001039969,-0.001188373,-0.001330148,-0.00146319
-0.0008952051,-0.0009591129,-0.001016364,-0.001066133,-0.001108377,-0.001142467,-0.001168447,-0.00118582,-0.001194998,-0.001195548,-0.001187906,-0.001171865,-0.001147957,-0.001116102,-0.001076944,-0.001030524,-0.0009776057,-0.0009183458,-0.0008536192,-0.0007836944,-0.0007095512,-0.0006315554,-0.0005507756,-0.0004676542,-0.0003833227,-0.0002982707,-0.0002136587,-0.0001299849,-4.839838e-05,3.063782e-05,0.0001060325,0.0001774046,0.0002437679,0.0003048705,0.0003598759,0.0004087034,0.0004507053,0.0004860054,0.000514172,0.0005355548,0.0005499509,0.0005579402,0.000559544,0.0005555584,0.0005462055,0.0005324643,0.0005147155,0.0004940701,0.0004710083,0.0004467082,0.0004216792,0.0003970912,0.0003734063,0.0003517096,0.0003323398,0.0003162253,0.0003035148,0.0002949196,0.0002903472,0.0002902509,0.0002942663,0.0003025711,0.0003145244,0.000330036,0.0003482097,0.0003687215,0.0003904667,0.0004129451,0.0004349108,0.0004557649,0.0004742041,0.0004896193,0.0005007426,0.000507049,0.000507398,0.0005014384,0.000488242,0.0004677079,0.0004391866,0.0004028829,0.0003584693,0.0003064807,0.0002469217,0.0001806513,0.0001079662,3.002521e-05,-5.260051e-05,-0.0001386137,-0.0002271797,-0.0003169716,-0.0004076664,-0.0004967855,-0.0005841596,-0.0006685217,-0.000749178,-0.000824885
-0.0003987183,-0.0004273755,-0.0004530638,-0.0004754043,-0.0004943811,-0.0005096961,-0.0005214125,-0.0005293125,-0.0005335226,-0.0005338844,-0.0005305908,-0.0005235391,-0.0005129775,-0.0004988578,-0.0004814815,-0.0004608526,-0.0004373254,-0.0004109557,-0.0003821482,-0.000351008,-0.0003179869,-0.0002832334,-0.0002472391,-0.0002101867,-0.0001725959,-0.0001346706,-9.694337e-05,-5.962224e-05,-2.32345e-05,1.202722e-05,4.566157e-05,7.751232e-05,0.0001071251,0.0001344011,0.0001589529,0.000180758,0.0001995133,0.0002152875,0.0002278741,0.0002374424,0.0002438884,0.0002474837,0.000248225,0.0002464802,0.0002423358,0.0002362412,0.0002283542,0.000219183,0.00020893,0.0001981333,0.0001870089,0.0001760909,0.0001655745,0.0001559559,0.0001473756,0.0001402595,0.0001346636,0.0001309166,0.000128967,0.0001290278,0.0001309265,0.0001347526,0.0001402099,0.0001472677,0.0001555161,0.0001648193,0.0001746739,0.0001848649,0.0001948258,0.0002042967,0.0002126854,0.0002197268,0.0002248445,0.0002278103,0.000228105,0.0002255775,0.0002198038,0.0002107442,0.0001981003,0.0001819686,0.0001621949,0.0001390241,0.0001124507,8.286465e-05,5.039794e-05,1.556603e-05,-2.138961e-05,-5.985914e-05,-9.953131e-05,-0.0001397445,-0.0001801597,-0.0002201404,-0.0002593345,-0.0002971321,-0.0003332684,-0.0003671939
-9.970788e-05,-0.0001069362,-0.0001133926,-0.0001190474,-0.0001238437,-0.0001277811,-0.0001307307,-0.0001326911,-0.0001337735,-0.0001338928,-0.0001330679,-0.0001313307,-0.0001286824,-0.000125177,-0.0001208187,-0.0001156796,-0.0001097783,-0.0001031992,-9.597292e-05,-8.819663e-05,-7.991261e-05,-7.122897e-05,-6.219804e-05,-5.293638e-05,-4.350362e-05,-3.402129e-05,-2.455265e-05,-1.521988e-05,-6.085349e-06,2.733059e-06,1.117901e-05,1.91442e-05,2.658355e-05,3.340364e-05,3.95757e-05,4.502596e-05,4.974623e-05,5.368611e-05,5.686106e-05,5.924647e-05,6.088294e-05,6.177218e-05,6.197934e-05,6.153087e-05,6.051386e-05,5.897586e-05,5.70212e-05,5.471281e-05,5.21656e-05,4.945063e-05,4.66856e-05,4.394129e-05,4.132952e-05,3.891223e-05,3.678682e-05,3.499837e-05,3.362245e-05,3.268043e-05,3.222018e-05,3.223481e-05,3.274109e-05,3.370183e-05,3.510212e-05,3.687534e-05,3.897712e-05,4.131531e-05,4.382127e-05,4.638374e-05,4.89173e-05,5.130027e-05,5.343981e-05,5.52138e-05,5.653235e-05,5.72836e-05,5.739087e-05,5.67628e-05,5.534528e-05,5.307627e-05,4.993157e-05,4.588472e-05,4.094765e-05,3.513096e-05,2.848398e-05,2.105497e-05,1.291427e-05,4.162176e-06,-5.073989e-06,-1.473944e-05,-2.457597e-05,-3.458823e-05,-4.514585e-05,-5.504309e-05,-6.472012e-05,-7.419447e-05,-8.325504e-05,-9.179549e-05
0,0,0,0,0,0,0,0,0,0,0,0,0,0,0,0,0,0,0,0,0,0,0,0,0,0,0,0,0,0,0,0,0,0,0,0,0,0,0,0,0,0,0,0,0,0,0,0,0,0,0,0,0,0,0,0,0,0,0,0,0,0,0,0,0,0,0,0,0,0,0,0,0,0,0,0,0,0,0,0,0,0,0,0,0,0,0,0,0,0,0,0,0,0,0,0
